# OBJ generated by ONSHAPE BY PTC INC, 1.217 Units = meters
mtllib ARCADA001 - Part 1 (4).mtl
g Part 1
v -0.0153378 0.0105 -0.0140088 
v -0.0151775 0.0105 -0.0140351 
v -0.015021 0.0105 -0.0140785 
v -0.0148702 0.0105 -0.0141386 
v -0.0147267 0.0105 -0.0142147 
v -0.0145922 0.0105 -0.0143059 
v -0.0144685 0.0105 -0.014411 
v -0.0143568 0.0105 -0.0145289 
v -0.0142585 0.0105 -0.0146582 
v -0.0141747 0.0105 -0.0147974 
v -0.0141065 0.0105 -0.0149448 
v -0.0140547 0.0105 -0.0150987 
v -0.0140198 0.0105 -0.0152573 
v -0.0140022 0.0105 -0.0154188 
v -0.0140022 0.0105 -0.0155812 
v -0.0140198 0.0105 -0.0157427 
v -0.0140547 0.0105 -0.0159013 
v -0.0141065 0.0105 -0.0160552 
v -0.0141747 0.0105 -0.0162026 
v -0.0142585 0.0105 -0.0163418 
v -0.0143568 0.0105 -0.0164711 
v -0.0144685 0.0105 -0.016589 
v -0.0145922 0.0105 -0.0166941 
v -0.0147267 0.0105 -0.0167853 
v -0.0148702 0.0105 -0.0168614 
v -0.015021 0.0105 -0.0169215 
v -0.0151775 0.0105 -0.0169649 
v -0.0153378 0.0105 -0.0169912 
v -0.0155 0.0105 -0.017 
v -0.0156622 0.0105 -0.0169912 
v -0.0158225 0.0105 -0.0169649 
v -0.015979 0.0105 -0.0169215 
v -0.0161298 0.0105 -0.0168614 
v -0.0162733 0.0105 -0.0167853 
v -0.0164078 0.0105 -0.0166941 
v -0.0165315 0.0105 -0.016589 
v -0.0166432 0.0105 -0.0164711 
v -0.0167415 0.0105 -0.0163418 
v -0.0168253 0.0105 -0.0162026 
v -0.0168935 0.0105 -0.0160552 
v -0.0169453 0.0105 -0.0159013 
v -0.0169802 0.0105 -0.0157427 
v -0.0169978 0.0105 -0.0155812 
v -0.0169978 0.0105 -0.0154188 
v -0.0169802 0.0105 -0.0152573 
v -0.0169453 0.0105 -0.0150987 
v -0.0168935 0.0105 -0.0149448 
v -0.0168253 0.0105 -0.0147974 
v -0.0167415 0.0105 -0.0146582 
v -0.0166432 0.0105 -0.0145289 
v -0.0165315 0.0105 -0.014411 
v -0.0164078 0.0105 -0.0143059 
v -0.0162733 0.0105 -0.0142147 
v -0.0161298 0.0105 -0.0141386 
v -0.015979 0.0105 -0.0140785 
v -0.0158225 0.0105 -0.0140351 
v -0.0156622 0.0105 -0.0140088 
v -0.0155 0.0105 -0.014 
v -0.0155 0.0105 -0.0155 
v -0.0156622 0.016 -0.0140088 
v -0.0155 0.016 -0.014 
v -0.0158225 0.016 -0.0140351 
v -0.015979 0.016 -0.0140785 
v -0.0161298 0.016 -0.0141386 
v -0.0162733 0.016 -0.0142147 
v -0.0164078 0.016 -0.0143059 
v -0.0165315 0.016 -0.014411 
v -0.0166432 0.016 -0.0145289 
v -0.0167415 0.016 -0.0146582 
v -0.0168253 0.016 -0.0147974 
v -0.0168935 0.016 -0.0149448 
v -0.0169453 0.016 -0.0150987 
v -0.0169802 0.016 -0.0152573 
v -0.0169978 0.016 -0.0154188 
v -0.0169978 0.016 -0.0155812 
v -0.0169802 0.016 -0.0157427 
v -0.0169453 0.016 -0.0159013 
v -0.0168935 0.016 -0.0160552 
v -0.0168253 0.016 -0.0162026 
v -0.0167415 0.016 -0.0163418 
v -0.0166432 0.016 -0.0164711 
v -0.0165315 0.016 -0.016589 
v -0.0164078 0.016 -0.0166941 
v -0.0162733 0.016 -0.0167853 
v -0.0161298 0.016 -0.0168614 
v -0.015979 0.016 -0.0169215 
v -0.0158225 0.016 -0.0169649 
v -0.0156622 0.016 -0.0169912 
v -0.0155 0.016 -0.017 
v -0.0153378 0.016 -0.0169912 
v -0.0151775 0.016 -0.0169649 
v -0.015021 0.016 -0.0169215 
v -0.0148702 0.016 -0.0168614 
v -0.0147267 0.016 -0.0167853 
v -0.0145922 0.016 -0.0166941 
v -0.0144685 0.016 -0.016589 
v -0.0143568 0.016 -0.0164711 
v -0.0142585 0.016 -0.0163418 
v -0.0141747 0.016 -0.0162026 
v -0.0141065 0.016 -0.0160552 
v -0.0140547 0.016 -0.0159013 
v -0.0140198 0.016 -0.0157427 
v -0.0140022 0.016 -0.0155812 
v -0.0140022 0.016 -0.0154188 
v -0.0140198 0.016 -0.0152573 
v -0.0140547 0.016 -0.0150987 
v -0.0141065 0.016 -0.0149448 
v -0.0141747 0.016 -0.0147974 
v -0.0142585 0.016 -0.0146582 
v -0.0143568 0.016 -0.0145289 
v -0.0144685 0.016 -0.014411 
v -0.0145922 0.016 -0.0143059 
v -0.0147267 0.016 -0.0142147 
v -0.0148702 0.016 -0.0141386 
v -0.015021 0.016 -0.0140785 
v -0.0151775 0.016 -0.0140351 
v -0.0153378 0.016 -0.0140088 
v 0.0185354 0.016 -0.0168508 
v 0.0168508 0.016 -0.0185354 
v 0.0165315 0.016 -0.016589 
v 0.015979 0.016 -0.0169215 
v 0.0161298 0.016 -0.0168614 
v 0.0140022 0.016 -0.0155812 
v 0.00518865 0.016 -0.0153994 
v 0.0068232 0.016 -0.0147481 
v 0.0140022 0.016 -0.0154188 
v 0.00837775 0.016 -0.0139239 
v 0.0166432 0.016 -0.0164711 
v 0.0158225 0.016 -0.0169649 
v 0.0150137 0.016 -0.0200524 
v 0.0156622 0.016 -0.0169912 
v 0.00349327 0.016 -0.0158701 
v 1.99005e-18 0.016 -0.01625 
v 0.00175693 0.016 -0.0161547 
v 0.0140547 0.016 -0.0150987 
v 0.0140198 0.016 -0.0152573 
v 0.00983408 0.016 -0.0129365 
v 0.0111751 0.016 -0.0117974 
v 0.0142585 0.016 -0.0146582 
v 0.0123851 0.016 -0.01052 
v 0.0145922 0.016 -0.0143059 
v 0.0144685 0.016 -0.014411 
v 0.0158225 0.016 -0.0140351 
v 0.0156622 0.016 -0.0140088 
v 0.0162262 0.016 -0.000879757 
v 0.021101 0.016 0 
v 0.021101 0.016 -0.0135003 
v 0.0166432 0.016 -0.0145289 
v 0.0169453 0.016 -0.0159013 
v 0.0169802 0.016 -0.0157427 
v 0.0167415 0.016 -0.0163418 
v 0.0162733 0.016 -0.0167853 
v 0.0155 0.016 -0.017 
v 0 0.016 -0.021101 
v 0.0140198 0.016 -0.0157427 
v 0.0141065 0.016 -0.0149448 
v 0.0141747 0.016 -0.0147974 
v 0.0147267 0.016 -0.0142147 
v 0.0151775 0.016 -0.0140351 
v 0.015021 0.016 -0.0140785 
v 0.0134499 0.016 -0.00911929 
v 0.0155 0.016 -0.014 
v 0.0153378 0.016 -0.0140088 
v 0.0143571 0.016 -0.00761164 
v 0.0167415 0.016 -0.0146582 
v 0.0168935 0.016 -0.0160552 
v 0.0164078 0.016 -0.0166941 
v 0.015021 0.016 -0.0169215 
v 0.0151775 0.016 -0.0169649 
v 0.0135003 0.016 -0.021101 
v 0.0147267 0.016 -0.0167853 
v 0.0148702 0.016 -0.0168614 
v 0.0144685 0.016 -0.016589 
v 0.0143568 0.016 -0.0145289 
v 0.0148702 0.016 -0.0141386 
v 0.0150959 0.016 -0.00601475 
v 0.0156577 0.016 -0.00434734 
v 0.015979 0.016 -0.0140785 
v 0.0162733 0.016 -0.0142147 
v 0.0161298 0.016 -0.0141386 
v 0.0168253 0.016 -0.0147974 
v 0.0168253 0.016 -0.0162026 
v 0.0153378 0.016 -0.0169912 
v 0.0143568 0.016 -0.0164711 
v 0.0141747 0.016 -0.0162026 
v 0.0142585 0.016 -0.0163418 
v 0.0140547 0.016 -0.0159013 
v 0.0141065 0.016 -0.0160552 
v 0.0160359 0.016 -0.00262896 
v 0.0165315 0.016 -0.014411 
v 0.0169453 0.016 -0.0150987 
v 0.0200524 0.016 -0.0150137 
v 0.0169978 0.016 -0.0155812 
v 0.0169978 0.016 -0.0154188 
v 0.0145922 0.016 -0.0166941 
v 0.0162262 0.016 2.1684e-19 
v 0.0164078 0.016 -0.0143059 
v 0.0169802 0.016 -0.0152573 
v 0.0168935 0.016 -0.0149448 
v -0.0143571 0.016 -0.00761164 
v -0.0134499 0.016 -0.00911929 
v -0.00983408 0.016 -0.0129365 
v -0.0111751 0.016 -0.0117974 
v -0.00837775 0.016 -0.0139239 
v -0.0068232 0.016 -0.0147481 
v -0.0150959 0.016 -0.00601475 
v -0.00349327 0.016 -0.0158701 
v -0.00175693 0.016 -0.0161547 
v -0.00518865 0.016 -0.0153994 
v -0.0123851 0.016 -0.01052 
v -0.0156577 0.016 -0.00434734 
v -0.021101 0.016 0 
v -0.0162262 0.016 -0.000879757 
v -0.021101 0.016 -0.0135003 
v -0.0162262 0.016 0 
v -0.0135003 0.016 -0.021101 
v -0.0150137 0.016 -0.0200524 
v -0.0160359 0.016 -0.00262896 
v -0.0168508 0.016 -0.0185354 
v -0.0185354 0.016 -0.0168508 
v -0.0200524 0.016 -0.0150137 
v -0.0155 0.016 0.014 
v -0.0153378 0.016 0.0140088 
v -0.0143571 0.016 0.00761164 
v -0.0158225 0.016 0.0140351 
v -0.0156622 0.016 0.0140088 
v -0.0160359 0.016 0.00262896 
v -0.0140022 0.016 0.0154188 
v -0.0068232 0.016 0.0147481 
v -0.00837775 0.016 0.0139239 
v -0.0140547 0.016 0.0150987 
v -0.00983408 0.016 0.0129365 
v -0.0150959 0.016 0.00601475 
v -0.0156577 0.016 0.00434734 
v -0.015979 0.016 0.0140785 
v -0.0162733 0.016 0.0142147 
v -0.0161298 0.016 0.0141386 
v -0.0140022 0.016 0.0155812 
v -0.00518865 0.016 0.0153994 
v -0.0140198 0.016 0.0152573 
v -0.0141747 0.016 0.0147974 
v -0.0141065 0.016 0.0149448 
v -0.0111751 0.016 0.0117974 
v -0.0142585 0.016 0.0146582 
v -0.00349327 0.016 0.0158701 
v -3.9801e-18 0.016 0.01625 
v -0.00175693 0.016 0.0161547 
v -0.0143568 0.016 0.0145289 
v -0.0151775 0.016 0.0140351 
v -0.015021 0.016 0.0140785 
v -0.0134499 0.016 0.00911929 
v -0.0162262 0.016 0.000879757 
v 0 0.016 0.021101 
v -0.0140198 0.016 0.0157427 
v -0.0123851 0.016 0.01052 
v -0.0145922 0.016 0.0143059 
v -0.0144685 0.016 0.014411 
v -0.0135003 0.016 0.021101 
v -0.0144685 0.016 0.016589 
v -0.0141065 0.016 0.0160552 
v -0.0141747 0.016 0.0162026 
v -0.0165315 0.016 0.014411 
v -0.0164078 0.016 0.0143059 
v -0.021101 0.016 0.0135003 
v -0.0166432 0.016 0.0145289 
v -0.0143568 0.016 0.0164711 
v -0.0142585 0.016 0.0163418 
v -0.0140547 0.016 0.0159013 
v -0.0148702 0.016 0.0141386 
v -0.0147267 0.016 0.0142147 
v -0.0168935 0.016 0.0149448 
v -0.0168253 0.016 0.0147974 
v -0.0185354 0.016 0.0168508 
v -0.0168508 0.016 0.0185354 
v -0.0165315 0.016 0.016589 
v -0.015021 0.016 0.0169215 
v -0.0151775 0.016 0.0169649 
v -0.0150137 0.016 0.0200524 
v -0.0147267 0.016 0.0167853 
v -0.0148702 0.016 0.0168614 
v -0.0167415 0.016 0.0146582 
v -0.0166432 0.016 0.0164711 
v -0.0153378 0.016 0.0169912 
v -0.0145922 0.016 0.0166941 
v -0.0169453 0.016 0.0159013 
v -0.0169802 0.016 0.0157427 
v -0.0167415 0.016 0.0163418 
v -0.0169453 0.016 0.0150987 
v -0.0200524 0.016 0.0150137 
v -0.0168935 0.016 0.0160552 
v -0.0164078 0.016 0.0166941 
v -0.0161298 0.016 0.0168614 
v -0.0162733 0.016 0.0167853 
v -0.0156622 0.016 0.0169912 
v -0.0158225 0.016 0.0169649 
v -0.0169802 0.016 0.0152573 
v -0.0169978 0.016 0.0155812 
v -0.0168253 0.016 0.0162026 
v -0.015979 0.016 0.0169215 
v -0.0155 0.016 0.017 
v -0.0169978 0.016 0.0154188 
v 0.0140547 0.016 0.0150987 
v 0.0141065 0.016 0.0149448 
v 0.00983408 0.016 0.0129365 
v 0.0158225 0.016 0.0140351 
v 0.0156577 0.016 0.00434734 
v 0.0155 0.016 0.014 
v 0.0150959 0.016 0.00601475 
v 0.0143571 0.016 0.00761164 
v 0.00837775 0.016 0.0139239 
v 0.0140022 0.016 0.0154188 
v 0.0140198 0.016 0.0152573 
v 0.0156622 0.016 0.0140088 
v 0.0153378 0.016 0.0140088 
v 0.0151775 0.016 0.0140351 
v 0.0134499 0.016 0.00911929 
v 0.0111751 0.016 0.0117974 
v 0.0142585 0.016 0.0146582 
v 0.0143568 0.016 0.0145289 
v 0.0141747 0.016 0.0147974 
v 0.0140022 0.016 0.0155812 
v 0.0068232 0.016 0.0147481 
v 0.015979 0.016 0.0140785 
v 0.015021 0.016 0.0140785 
v 0.00349327 0.016 0.0158701 
v 0.00175693 0.016 0.0161547 
v 0.00518865 0.016 0.0153994 
v 0.0140547 0.016 0.0159013 
v 0.0140198 0.016 0.0157427 
v 0.0148702 0.016 0.0141386 
v 0.0162262 0.016 0.000879757 
v 0.0160359 0.016 0.00262896 
v 0.0123851 0.016 0.01052 
v 0.0145922 0.016 0.0143059 
v 0.0147267 0.016 0.0142147 
v 0.0144685 0.016 0.014411 
v 0.0141065 0.016 0.0160552 
v 0.0142585 0.016 0.0163418 
v 0.0141747 0.016 0.0162026 
v 0.0144685 0.016 0.016589 
v 0.0143568 0.016 0.0164711 
v 0.0185354 0.016 0.0168508 
v 0.0166432 0.016 0.0164711 
v 0.0165315 0.016 0.016589 
v 0.0165315 0.016 0.014411 
v 0.0166432 0.016 0.0145289 
v 0.0135003 0.016 0.021101 
v 0.0145922 0.016 0.0166941 
v 0.0148702 0.016 0.0168614 
v 0.0147267 0.016 0.0167853 
v 0.0168508 0.016 0.0185354 
v 0.0200524 0.016 0.0150137 
v 0.0169802 0.016 0.0157427 
v 0.021101 0.016 0.0135003 
v 0.0161298 0.016 0.0141386 
v 0.0162733 0.016 0.0142147 
v 0.0162733 0.016 0.0167853 
v 0.0161298 0.016 0.0168614 
v 0.0167415 0.016 0.0163418 
v 0.0169453 0.016 0.0159013 
v 0.0169453 0.016 0.0150987 
v 0.0169802 0.016 0.0152573 
v 0.0167415 0.016 0.0146582 
v 0.0150137 0.016 0.0200524 
v 0.0158225 0.016 0.0169649 
v 0.015979 0.016 0.0169215 
v 0.0168253 0.016 0.0162026 
v 0.0168935 0.016 0.0160552 
v 0.0169978 0.016 0.0154188 
v 0.0168935 0.016 0.0149448 
v 0.0164078 0.016 0.0143059 
v 0.015021 0.016 0.0169215 
v 0.0156622 0.016 0.0169912 
v 0.0164078 0.016 0.0166941 
v 0.0169978 0.016 0.0155812 
v 0.0168253 0.016 0.0147974 
v 0.0151775 0.016 0.0169649 
v 0.0155 0.016 0.017 
v 0.0153378 0.016 0.0169912 
v 0 0.0155 0.01625 
v -0.00175693 0.0155 0.0161547 
v -0.00349327 0.0155 0.0158701 
v -0.00518865 0.0155 0.0153994 
v -0.0068232 0.0155 0.0147481 
v -0.00837775 0.0155 0.0139239 
v -0.00983408 0.0155 0.0129365 
v -0.0111751 0.0155 0.0117974 
v -0.0123851 0.0155 0.01052 
v -0.0134499 0.0155 0.00911929 
v -0.0143571 0.0155 0.00761164 
v -0.0150959 0.0155 0.00601475 
v -0.0156577 0.0155 0.00434734 
v -0.0160359 0.0155 0.00262896 
v -0.0162262 0.0155 -0.000879757 
v -0.0162262 0.0155 0.000879757 
v -0.0160359 0.0155 -0.00262896 
v -0.0156577 0.0155 -0.00434734 
v -0.0150959 0.0155 -0.00601475 
v -0.0143571 0.0155 -0.00761164 
v -0.0134499 0.0155 -0.00911929 
v -0.0123851 0.0155 -0.01052 
v -0.0111751 0.0155 -0.0117974 
v -0.00983408 0.0155 -0.0129365 
v -0.00837775 0.0155 -0.0139239 
v -0.0068232 0.0155 -0.0147481 
v -0.00518865 0.0155 -0.0153994 
v -0.00349327 0.0155 -0.0158701 
v -0.00175693 0.0155 -0.0161547 
v 1.99005e-18 0.0155 -0.01625 
v 0.00175693 0.0155 -0.0161547 
v 0.00349327 0.0155 -0.0158701 
v 0.00518865 0.0155 -0.0153994 
v 0.0068232 0.0155 -0.0147481 
v 0.00837775 0.0155 -0.0139239 
v 0.00983408 0.0155 -0.0129365 
v 0.0111751 0.0155 -0.0117974 
v 0.0123851 0.0155 -0.01052 
v 0.0134499 0.0155 -0.00911929 
v 0.0143571 0.0155 -0.00761164 
v 0.0150959 0.0155 -0.00601475 
v 0.0156577 0.0155 -0.00434734 
v 0.0160359 0.0155 -0.00262896 
v 0.0162262 0.0155 0.000879757 
v 0.0162262 0.0155 -0.000879757 
v 0.0160359 0.0155 0.00262896 
v 0.0156577 0.0155 0.00434734 
v 0.0150959 0.0155 0.00601475 
v 0.0143571 0.0155 0.00761164 
v 0.0134499 0.0155 0.00911929 
v 0.0123851 0.0155 0.01052 
v 0.0111751 0.0155 0.0117974 
v 0.00983408 0.0155 0.0129365 
v 0.00837775 0.0155 0.0139239 
v 0.0068232 0.0155 0.0147481 
v 0.00518865 0.0155 0.0153994 
v 0.00349327 0.0155 0.0158701 
v 0.00175693 0.0155 0.0161547 
v -0.0113217 0.0155 0.00314346 
v -0.0115952 0.0155 0.00190094 
v -0.0109155 0.0155 0.00434912 
v -0.0103813 0.0155 0.0055038 
v -0.00972535 0.0155 0.00659395 
v -0.00808047 0.0155 0.00853045 
v -0.0089554 0.0155 0.00760679 
v -0.0071108 0.0155 0.00935409 
v -0.0071108 0.0155 -0.00935409 
v -0.00808047 0.0155 -0.00853045 
v 0.0109155 0.0155 0.00434912 
v 0.0103813 0.0155 0.0055038 
v 0.0113217 0.0155 0.00314346 
v 0.0117328 0.0155 -0.000636132 
v 0.0117328 0.0155 0.000636132 
v 0.0115952 0.0155 -0.00190094 
v 0.0113217 0.0155 -0.00314346 
v 0.0109155 0.0155 -0.00434912 
v 0.00605776 0.0155 -0.0100681 
v 0.0071108 0.0155 -0.00935409 
v 0.0049337 0.0155 -0.010664 
v 0.0012704 0.0155 -0.0116811 
v 0.0025259 0.0155 -0.0114753 
v 1.43896e-18 0.0155 -0.01175 
v -0.0012704 0.0155 -0.0116811 
v -0.0025259 0.0155 -0.0114753 
v -0.00375179 0.0155 -0.0111349 
v -0.0049337 0.0155 -0.010664 
v -0.00605776 0.0155 -0.0100681 
v -0.0089554 0.0155 -0.00760679 
v -0.00972535 0.0155 -0.00659395 
v -0.0113217 0.0155 -0.00314346 
v -0.0109155 0.0155 -0.00434912 
v -0.0115952 0.0155 -0.00190094 
v -0.00605776 0.0155 0.0100681 
v -0.0049337 0.0155 0.010664 
v 0.0012704 0.0155 0.0116811 
v 0.0025259 0.0155 0.0114753 
v 0.00375179 0.0155 0.0111349 
v 0.0049337 0.0155 0.010664 
v 0.00605776 0.0155 0.0100681 
v 0.0071108 0.0155 0.00935409 
v 0.00808047 0.0155 0.00853045 
v 0.0089554 0.0155 0.00760679 
v 0.0115952 0.0155 0.00190094 
v 0.0103813 0.0155 -0.0055038 
v 0.00972535 0.0155 -0.00659395 
v 0.0089554 0.0155 -0.00760679 
v 0.00808047 0.0155 -0.00853045 
v -0.0103813 0.0155 -0.0055038 
v -0.0117328 0.0155 -0.000636132 
v -0.0117328 0.0155 0.000636132 
v -0.00375179 0.0155 0.0111349 
v -0.0025259 0.0155 0.0114753 
v 0.00972535 0.0155 0.00659395 
v 0.00375179 0.0155 -0.0111349 
v -0.0012704 0.0155 0.0116811 
v -2.87792e-18 0.0155 0.01175 
v 0 0.016 0.01175 
v 0.0012704 0.016 0.0116811 
v 0.0025259 0.016 0.0114753 
v 0.00375179 0.016 0.0111349 
v 0.0049337 0.016 0.010664 
v 0.00605776 0.016 0.0100681 
v 0.0071108 0.016 0.00935409 
v 0.00808047 0.016 0.00853045 
v 0.0089554 0.016 0.00760679 
v 0.00972535 0.016 0.00659395 
v 0.0103813 0.016 0.0055038 
v 0.0109155 0.016 0.00434912 
v 0.0113217 0.016 0.00314346 
v 0.0115952 0.016 0.00190094 
v 0.0117328 0.016 0.000636132 
v 0.0117328 0.016 -0.000636132 
v 0.0115952 0.016 -0.00190094 
v 0.0113217 0.016 -0.00314346 
v 0.0109155 0.016 -0.00434912 
v 0.0103813 0.016 -0.0055038 
v 0.00972535 0.016 -0.00659395 
v 0.0089554 0.016 -0.00760679 
v 0.00808047 0.016 -0.00853045 
v 0.0071108 0.016 -0.00935409 
v 0.00605776 0.016 -0.0100681 
v 0.0049337 0.016 -0.010664 
v 0.00375179 0.016 -0.0111349 
v 0.0025259 0.016 -0.0114753 
v 0.0012704 0.016 -0.0116811 
v 1.43896e-18 0.016 -0.01175 
v -0.0012704 0.016 -0.0116811 
v -0.0025259 0.016 -0.0114753 
v -0.00375179 0.016 -0.0111349 
v -0.0049337 0.016 -0.010664 
v -0.00605776 0.016 -0.0100681 
v -0.0071108 0.016 -0.00935409 
v -0.00808047 0.016 -0.00853045 
v -0.0089554 0.016 -0.00760679 
v -0.00972535 0.016 -0.00659395 
v -0.0103813 0.016 -0.0055038 
v -0.0109155 0.016 -0.00434912 
v -0.0113217 0.016 -0.00314346 
v -0.0115952 0.016 -0.00190094 
v -0.0117328 0.016 -0.000636132 
v -0.0117328 0.016 0.000636132 
v -0.0115952 0.016 0.00190094 
v -0.0113217 0.016 0.00314346 
v -0.0109155 0.016 0.00434912 
v -0.0103813 0.016 0.0055038 
v -0.00972535 0.016 0.00659395 
v -0.0089554 0.016 0.00760679 
v -0.00808047 0.016 0.00853045 
v -0.0071108 0.016 0.00935409 
v -0.00605776 0.016 0.0100681 
v -0.0049337 0.016 0.010664 
v -0.00375179 0.016 0.0111349 
v -0.0025259 0.016 0.0114753 
v -0.0012704 0.016 0.0116811 
v -0.0109839 0.016 0.000595528 
v -0.0109839 0.016 -0.000595528 
v -0.0108551 0.016 0.0017796 
v -0.010599 0.016 0.00294281 
v -0.0102187 0.016 0.00407152 
v 0.00461878 0.016 0.00998333 
v 0.00567109 0.016 0.00942543 
v 0.00665692 0.016 0.00875702 
v 0.00756469 0.016 0.00798595 
v -0.010599 0.016 -0.00294281 
v -0.0108551 0.016 -0.0017796 
v -0.00971863 0.016 0.00515249 
v 0.00118931 0.016 0.0109355 
v 0.00236467 0.016 0.0107428 
v -0.00971863 0.016 -0.00515249 
v -0.00910458 0.016 -0.00617306 
v -0.0102187 0.016 -0.00407152 
v -0.00910458 0.016 0.00617306 
v -0.00838378 0.016 0.00712125 
v -0.00756469 0.016 0.00798595 
v 0.00351232 0.016 0.0104242 
v 0.00838378 0.016 0.00712125 
v 0.00756469 0.016 -0.00798595 
v 0.00838378 0.016 -0.00712125 
v 0.00665692 0.016 -0.00875702 
v 0.00910458 0.016 0.00617306 
v 0.00971863 0.016 0.00515249 
v 0.010599 0.016 0.00294281 
v 0.0108551 0.016 0.0017796 
v 0.0109839 0.016 0.000595528 
v 0.0109839 0.016 -0.000595528 
v 0.0102187 0.016 -0.00407152 
v 0.00971863 0.016 -0.00515249 
v 0.00910458 0.016 -0.00617306 
v 0.00567109 0.016 -0.00942543 
v 0.00461878 0.016 -0.00998333 
v 0.00351232 0.016 -0.0104242 
v -0.00461878 0.016 -0.00998333 
v -0.00567109 0.016 -0.00942543 
v 0.0102187 0.016 0.00407152 
v 0.0108551 0.016 -0.0017796 
v -0.00236467 0.016 -0.0107428 
v -0.00118931 0.016 -0.0109355 
v -0.00351232 0.016 -0.0104242 
v -0.00665692 0.016 -0.00875702 
v -0.00665692 0.016 0.00875702 
v -0.00567109 0.016 0.00942543 
v -0.00461878 0.016 0.00998333 
v 0.010599 0.016 -0.00294281 
v 0.00236467 0.016 -0.0107428 
v 0.00118931 0.016 -0.0109355 
v 0 0.016 -0.011 
v -0.00838378 0.016 -0.00712125 
v -0.00756469 0.016 -0.00798595 
v -0.00351232 0.016 0.0104242 
v -0.00236467 0.016 0.0107428 
v -0.00118931 0.016 0.0109355 
v 1.34711e-18 0.016 0.011 
v 0 0.0185 -0.011 
v 0.00118931 0.0185 -0.0109355 
v 0.00236467 0.0185 -0.0107428 
v 0.00351232 0.0185 -0.0104242 
v 0.00461878 0.0185 -0.00998333 
v 0.00567109 0.0185 -0.00942543 
v 0.00665692 0.0185 -0.00875702 
v 0.00756469 0.0185 -0.00798595 
v 0.00838378 0.0185 -0.00712125 
v 0.00910458 0.0185 -0.00617306 
v 0.00971863 0.0185 -0.00515249 
v 0.0102187 0.0185 -0.00407152 
v 0.010599 0.0185 -0.00294281 
v 0.0108551 0.0185 -0.0017796 
v 0.0109839 0.0185 -0.000595528 
v 0.0109839 0.0185 0.000595528 
v 0.0108551 0.0185 0.0017796 
v 0.010599 0.0185 0.00294281 
v 0.0102187 0.0185 0.00407152 
v 0.00971863 0.0185 0.00515249 
v 0.00910458 0.0185 0.00617306 
v 0.00838378 0.0185 0.00712125 
v 0.00756469 0.0185 0.00798595 
v 0.00665692 0.0185 0.00875702 
v 0.00567109 0.0185 0.00942543 
v 0.00461878 0.0185 0.00998333 
v 0.00351232 0.0185 0.0104242 
v 0.00236467 0.0185 0.0107428 
v 0.00118931 0.0185 0.0109355 
v 4.04133e-18 0.0185 0.011 
v -0.00118931 0.0185 0.0109355 
v -0.00236467 0.0185 0.0107428 
v -0.00351232 0.0185 0.0104242 
v -0.00461878 0.0185 0.00998333 
v -0.00567109 0.0185 0.00942543 
v -0.00665692 0.0185 0.00875702 
v -0.00756469 0.0185 0.00798595 
v -0.00838378 0.0185 0.00712125 
v -0.00910458 0.0185 0.00617306 
v -0.00971863 0.0185 0.00515249 
v -0.0102187 0.0185 0.00407152 
v -0.010599 0.0185 0.00294281 
v -0.0108551 0.0185 0.0017796 
v -0.0109839 0.0185 0.000595528 
v -0.0109839 0.0185 -0.000595528 
v -0.0108551 0.0185 -0.0017796 
v -0.010599 0.0185 -0.00294281 
v -0.0102187 0.0185 -0.00407152 
v -0.00971863 0.0185 -0.00515249 
v -0.00910458 0.0185 -0.00617306 
v -0.00838378 0.0185 -0.00712125 
v -0.00756469 0.0185 -0.00798595 
v -0.00665692 0.0185 -0.00875702 
v -0.00567109 0.0185 -0.00942543 
v -0.00461878 0.0185 -0.00998333 
v -0.00351232 0.0185 -0.0104242 
v -0.00236467 0.0185 -0.0107428 
v -0.00118931 0.0185 -0.0109355 
v 0.00317716 0.0185 0.00417949 
v 0.00270666 0.0185 0.0044985 
v 0.00361042 0.0185 0.00381148 
v 0.00400135 0.0185 0.00339878 
v 0.00434537 0.0185 0.00294623 
v 0.00220442 0.0185 0.00476477 
v 0.00167633 0.0185 0.00497518 
v 0.00505864 0.0185 -0.00140452 
v 0.00518084 0.0185 -0.000849355 
v 0.00487713 0.0185 -0.00194323 
v 0.00400135 0.0185 -0.00339878 
v 0.00361042 0.0185 -0.00381148 
v 0.00317716 0.0185 -0.00417949 
v 0.00270666 0.0185 -0.0044985 
v 0.00220442 0.0185 -0.00476477 
v 0.00167633 0.0185 -0.00497518 
v 0.00463844 0.0185 -0.00245914 
v 0.00434537 0.0185 -0.00294623 
v 0.000567625 0.0185 -0.00521922 
v 0.00112859 0.0185 -0.00512726 
v 6.4294e-19 0.0185 -0.00525 
v -0.00270666 0.0185 -0.0044985 
v -0.00220442 0.0185 -0.00476477 
v -0.00317716 0.0185 -0.00417949 
v -0.00463844 0.0185 -0.00245914 
v -0.00434537 0.0185 -0.00294623 
v -0.00487713 0.0185 -0.00194323 
v 0.00112859 0.0185 0.00512726 
v 0.000567625 0.0185 0.00521922 
v 0.00463844 0.0185 0.00245914 
v 0.00487713 0.0185 0.00194323 
v 0.00505864 0.0185 0.00140452 
v 0.0052423 0.0185 0.000284229 
v 0.00518084 0.0185 0.000849355 
v 0.0052423 0.0185 -0.000284229 
v -0.000567625 0.0185 -0.00521922 
v -0.00112859 0.0185 -0.00512726 
v -0.00167633 0.0185 -0.00497518 
v -0.00361042 0.0185 -0.00381148 
v -0.00400135 0.0185 -0.00339878 
v -0.0052423 0.0185 -0.000284229 
v -0.00518084 0.0185 -0.000849355 
v -0.0052423 0.0185 0.000284229 
v -0.00434537 0.0185 0.00294623 
v -0.00400135 0.0185 0.00339878 
v -0.00317716 0.0185 0.00417949 
v -0.00361042 0.0185 0.00381148 
v -0.00270666 0.0185 0.0044985 
v -0.00220442 0.0185 0.00476477 
v -0.00167633 0.0185 0.00497518 
v -0.00518084 0.0185 0.000849355 
v -0.00505864 0.0185 0.00140452 
v -0.00487713 0.0185 0.00194323 
v -0.00463844 0.0185 0.00245914 
v -0.00112859 0.0185 0.00512726 
v -0.000567625 0.0185 0.00521922 
v -1.28588e-18 0.0185 0.00525 
v -0.00505864 0.0185 -0.00140452 
v 0.0155 0.0105 -0.014 
v 0.0153378 0.0105 -0.0140088 
v 0.0151775 0.0105 -0.0140351 
v 0.015021 0.0105 -0.0140785 
v 0.0148702 0.0105 -0.0141386 
v 0.0147267 0.0105 -0.0142147 
v 0.0145922 0.0105 -0.0143059 
v 0.0144685 0.0105 -0.014411 
v 0.0143568 0.0105 -0.0145289 
v 0.0142585 0.0105 -0.0146582 
v 0.0141747 0.0105 -0.0147974 
v 0.0141065 0.0105 -0.0149448 
v 0.0140547 0.0105 -0.0150987 
v 0.0140198 0.0105 -0.0152573 
v 0.0140022 0.0105 -0.0154188 
v 0.0140022 0.0105 -0.0155812 
v 0.0140198 0.0105 -0.0157427 
v 0.0140547 0.0105 -0.0159013 
v 0.0141065 0.0105 -0.0160552 
v 0.0141747 0.0105 -0.0162026 
v 0.0142585 0.0105 -0.0163418 
v 0.0143568 0.0105 -0.0164711 
v 0.0144685 0.0105 -0.016589 
v 0.0145922 0.0105 -0.0166941 
v 0.0147267 0.0105 -0.0167853 
v 0.0148702 0.0105 -0.0168614 
v 0.015021 0.0105 -0.0169215 
v 0.0151775 0.0105 -0.0169649 
v 0.0153378 0.0105 -0.0169912 
v 0.0155 0.0105 -0.017 
v 0.0156622 0.0105 -0.0169912 
v 0.0158225 0.0105 -0.0169649 
v 0.015979 0.0105 -0.0169215 
v 0.0161298 0.0105 -0.0168614 
v 0.0162733 0.0105 -0.0167853 
v 0.0164078 0.0105 -0.0166941 
v 0.0165315 0.0105 -0.016589 
v 0.0166432 0.0105 -0.0164711 
v 0.0167415 0.0105 -0.0163418 
v 0.0168253 0.0105 -0.0162026 
v 0.0168935 0.0105 -0.0160552 
v 0.0169453 0.0105 -0.0159013 
v 0.0169802 0.0105 -0.0157427 
v 0.0169978 0.0105 -0.0155812 
v 0.0169978 0.0105 -0.0154188 
v 0.0169802 0.0105 -0.0152573 
v 0.0169453 0.0105 -0.0150987 
v 0.0168935 0.0105 -0.0149448 
v 0.0168253 0.0105 -0.0147974 
v 0.0167415 0.0105 -0.0146582 
v 0.0166432 0.0105 -0.0145289 
v 0.0165315 0.0105 -0.014411 
v 0.0164078 0.0105 -0.0143059 
v 0.0162733 0.0105 -0.0142147 
v 0.0161298 0.0105 -0.0141386 
v 0.015979 0.0105 -0.0140785 
v 0.0158225 0.0105 -0.0140351 
v 0.0156622 0.0105 -0.0140088 
v 0.0155 0.0105 -0.0155 
v 0.0155 0.0105 0.017 
v 0.0153378 0.0105 0.0169912 
v 0.0151775 0.0105 0.0169649 
v 0.015021 0.0105 0.0169215 
v 0.0148702 0.0105 0.0168614 
v 0.0147267 0.0105 0.0167853 
v 0.0145922 0.0105 0.0166941 
v 0.0144685 0.0105 0.016589 
v 0.0143568 0.0105 0.0164711 
v 0.0142585 0.0105 0.0163418 
v 0.0141747 0.0105 0.0162026 
v 0.0141065 0.0105 0.0160552 
v 0.0140547 0.0105 0.0159013 
v 0.0140198 0.0105 0.0157427 
v 0.0140022 0.0105 0.0155812 
v 0.0140022 0.0105 0.0154188 
v 0.0140198 0.0105 0.0152573 
v 0.0140547 0.0105 0.0150987 
v 0.0141065 0.0105 0.0149448 
v 0.0141747 0.0105 0.0147974 
v 0.0142585 0.0105 0.0146582 
v 0.0143568 0.0105 0.0145289 
v 0.0144685 0.0105 0.014411 
v 0.0145922 0.0105 0.0143059 
v 0.0147267 0.0105 0.0142147 
v 0.0148702 0.0105 0.0141386 
v 0.015021 0.0105 0.0140785 
v 0.0151775 0.0105 0.0140351 
v 0.0153378 0.0105 0.0140088 
v 0.0155 0.0105 0.014 
v 0.0156622 0.0105 0.0140088 
v 0.0158225 0.0105 0.0140351 
v 0.015979 0.0105 0.0140785 
v 0.0161298 0.0105 0.0141386 
v 0.0162733 0.0105 0.0142147 
v 0.0164078 0.0105 0.0143059 
v 0.0165315 0.0105 0.014411 
v 0.0166432 0.0105 0.0145289 
v 0.0167415 0.0105 0.0146582 
v 0.0168253 0.0105 0.0147974 
v 0.0168935 0.0105 0.0149448 
v 0.0169453 0.0105 0.0150987 
v 0.0169802 0.0105 0.0152573 
v 0.0169978 0.0105 0.0154188 
v 0.0169978 0.0105 0.0155812 
v 0.0169802 0.0105 0.0157427 
v 0.0169453 0.0105 0.0159013 
v 0.0168935 0.0105 0.0160552 
v 0.0168253 0.0105 0.0162026 
v 0.0167415 0.0105 0.0163418 
v 0.0166432 0.0105 0.0164711 
v 0.0165315 0.0105 0.016589 
v 0.0164078 0.0105 0.0166941 
v 0.0162733 0.0105 0.0167853 
v 0.0161298 0.0105 0.0168614 
v 0.015979 0.0105 0.0169215 
v 0.0158225 0.0105 0.0169649 
v 0.0156622 0.0105 0.0169912 
v 0.0155 0.0105 0.0155 
v -0.0155 0.0105 0.017 
v -0.0156622 0.0105 0.0169912 
v -0.0158225 0.0105 0.0169649 
v -0.015979 0.0105 0.0169215 
v -0.0161298 0.0105 0.0168614 
v -0.0162733 0.0105 0.0167853 
v -0.0164078 0.0105 0.0166941 
v -0.0165315 0.0105 0.016589 
v -0.0166432 0.0105 0.0164711 
v -0.0167415 0.0105 0.0163418 
v -0.0168253 0.0105 0.0162026 
v -0.0168935 0.0105 0.0160552 
v -0.0169453 0.0105 0.0159013 
v -0.0169802 0.0105 0.0157427 
v -0.0169978 0.0105 0.0155812 
v -0.0169978 0.0105 0.0154188 
v -0.0169802 0.0105 0.0152573 
v -0.0169453 0.0105 0.0150987 
v -0.0168935 0.0105 0.0149448 
v -0.0168253 0.0105 0.0147974 
v -0.0167415 0.0105 0.0146582 
v -0.0166432 0.0105 0.0145289 
v -0.0165315 0.0105 0.014411 
v -0.0164078 0.0105 0.0143059 
v -0.0162733 0.0105 0.0142147 
v -0.0161298 0.0105 0.0141386 
v -0.015979 0.0105 0.0140785 
v -0.0158225 0.0105 0.0140351 
v -0.0156622 0.0105 0.0140088 
v -0.0155 0.0105 0.014 
v -0.0153378 0.0105 0.0140088 
v -0.0151775 0.0105 0.0140351 
v -0.015021 0.0105 0.0140785 
v -0.0148702 0.0105 0.0141386 
v -0.0147267 0.0105 0.0142147 
v -0.0145922 0.0105 0.0143059 
v -0.0144685 0.0105 0.014411 
v -0.0143568 0.0105 0.0145289 
v -0.0142585 0.0105 0.0146582 
v -0.0141747 0.0105 0.0147974 
v -0.0141065 0.0105 0.0149448 
v -0.0140547 0.0105 0.0150987 
v -0.0140198 0.0105 0.0152573 
v -0.0140022 0.0105 0.0154188 
v -0.0140022 0.0105 0.0155812 
v -0.0140198 0.0105 0.0157427 
v -0.0140547 0.0105 0.0159013 
v -0.0141065 0.0105 0.0160552 
v -0.0141747 0.0105 0.0162026 
v -0.0142585 0.0105 0.0163418 
v -0.0143568 0.0105 0.0164711 
v -0.0144685 0.0105 0.016589 
v -0.0145922 0.0105 0.0166941 
v -0.0147267 0.0105 0.0167853 
v -0.0148702 0.0105 0.0168614 
v -0.015021 0.0105 0.0169215 
v -0.0151775 0.0105 0.0169649 
v -0.0153378 0.0105 0.0169912 
v -0.0155 0.0105 0.0155 
v 0 0.015 0.00525 
v -0.000567625 0.015 0.00521922 
v -0.00112859 0.015 0.00512726 
v -0.00167633 0.015 0.00497518 
v -0.00220442 0.015 0.00476477 
v -0.00270666 0.015 0.0044985 
v -0.00317716 0.015 0.00417949 
v -0.00361042 0.015 0.00381148 
v -0.00400135 0.015 0.00339878 
v -0.00434537 0.015 0.00294623 
v -0.00463844 0.015 0.00245914 
v -0.00487713 0.015 0.00194323 
v -0.00505864 0.015 0.00140452 
v -0.00518084 0.015 0.000849355 
v -0.0052423 0.015 0.000284229 
v -0.0052423 0.015 -0.000284229 
v -0.00518084 0.015 -0.000849355 
v -0.00505864 0.015 -0.00140452 
v -0.00487713 0.015 -0.00194323 
v -0.00463844 0.015 -0.00245914 
v -0.00434537 0.015 -0.00294623 
v -0.00400135 0.015 -0.00339878 
v -0.00361042 0.015 -0.00381148 
v -0.00317716 0.015 -0.00417949 
v -0.00270666 0.015 -0.0044985 
v -0.00220442 0.015 -0.00476477 
v -0.00167633 0.015 -0.00497518 
v -0.00112859 0.015 -0.00512726 
v -0.000567625 0.015 -0.00521922 
v 6.4294e-19 0.015 -0.00525 
v 0.000567625 0.015 -0.00521922 
v 0.00112859 0.015 -0.00512726 
v 0.00167633 0.015 -0.00497518 
v 0.00220442 0.015 -0.00476477 
v 0.00270666 0.015 -0.0044985 
v 0.00317716 0.015 -0.00417949 
v 0.00361042 0.015 -0.00381148 
v 0.00400135 0.015 -0.00339878 
v 0.00434537 0.015 -0.00294623 
v 0.00463844 0.015 -0.00245914 
v 0.00487713 0.015 -0.00194323 
v 0.00505864 0.015 -0.00140452 
v 0.00518084 0.015 -0.000849355 
v 0.0052423 0.015 -0.000284229 
v 0.0052423 0.015 0.000284229 
v 0.00518084 0.015 0.000849355 
v 0.00505864 0.015 0.00140452 
v 0.00487713 0.015 0.00194323 
v 0.00463844 0.015 0.00245914 
v 0.00434537 0.015 0.00294623 
v 0.00400135 0.015 0.00339878 
v 0.00361042 0.015 0.00381148 
v 0.00317716 0.015 0.00417949 
v 0.00270666 0.015 0.0044985 
v 0.00220442 0.015 0.00476477 
v 0.00167633 0.015 0.00497518 
v 0.00112859 0.015 0.00512726 
v 0.000567625 0.015 0.00521922 
v 0.00306245 0.015 0.00207639 
v 0.00282 0.015 0.00239533 
v 0.00326899 0.015 0.00173311 
v -0.00365126 0.015 -0.000598593 
v -0.00369457 0.015 -0.000200314 
v -0.00326899 0.015 0.00173311 
v -0.00343721 0.015 0.00136951 
v -0.00306245 0.015 0.00207639 
v 0.00254449 0.015 0.00268618 
v 0.00223914 0.015 0.00294554 
v 0.00343721 0.015 0.00136951 
v 0.00356513 0.015 0.000989855 
v 0.00365126 0.015 0.000598593 
v 0.00343721 0.015 -0.00136951 
v 0.00356513 0.015 -0.000989855 
v 0.00326899 0.015 -0.00173311 
v 0.00306245 0.015 -0.00207639 
v 0.00282 0.015 -0.00239533 
v -0.00254449 0.015 -0.00268618 
v -0.00282 0.015 -0.00239533 
v -0.00326899 0.015 -0.00173311 
v -0.00306245 0.015 -0.00207639 
v -0.00343721 0.015 -0.00136951 
v -0.00356513 0.015 -0.000989855 
v -0.00365126 0.015 0.000598593 
v -0.00369457 0.015 0.000200314 
v -0.00356513 0.015 0.000989855 
v -0.00282 0.015 0.00239533 
v 0.00040004 0.015 0.00367831 
v 4.53119e-19 0.015 0.0037 
v 0.000795391 0.015 0.0036135 
v 0.00118142 0.015 0.00350632 
v 0.00155359 0.015 0.00335803 
v 0.00369457 0.015 0.000200314 
v 0.00365126 0.015 -0.000598593 
v 0.00369457 0.015 -0.000200314 
v 0.00254449 0.015 -0.00268618 
v 0.00223914 0.015 -0.00294554 
v 0.00118142 0.015 -0.00350632 
v 0.000795391 0.015 -0.0036135 
v 0.00040004 0.015 -0.00367831 
v 0 0.015 -0.0037 
v -0.00254449 0.015 0.00268618 
v -0.00155359 0.015 0.00335803 
v -0.00118142 0.015 0.00350632 
v 0.00190755 0.015 0.00317037 
v 0.00190755 0.015 -0.00317037 
v 0.00155359 0.015 -0.00335803 
v -0.00040004 0.015 -0.00367831 
v -0.000795391 0.015 -0.0036135 
v -0.00118142 0.015 -0.00350632 
v -0.00155359 0.015 -0.00335803 
v -0.00190755 0.015 -0.00317037 
v -0.00223914 0.015 -0.00294554 
v -0.00223914 0.015 0.00294554 
v -0.00190755 0.015 0.00317037 
v -0.00040004 0.015 0.00367831 
v -0.000795391 0.015 0.0036135 
v 0 0.01525 -0.0037 
v 0.00040004 0.01525 -0.00367831 
v 0.000795391 0.01525 -0.0036135 
v 0.00118142 0.01525 -0.00350632 
v 0.00155359 0.01525 -0.00335803 
v 0.00190755 0.01525 -0.00317037 
v 0.00223914 0.01525 -0.00294554 
v 0.00254449 0.01525 -0.00268618 
v 0.00282 0.01525 -0.00239533 
v 0.00306245 0.01525 -0.00207639 
v 0.00326899 0.01525 -0.00173311 
v 0.00343721 0.01525 -0.00136951 
v 0.00356513 0.01525 -0.000989855 
v 0.00365126 0.01525 -0.000598593 
v 0.00369457 0.01525 -0.000200314 
v 0.00369457 0.01525 0.000200314 
v 0.00365126 0.01525 0.000598593 
v 0.00356513 0.01525 0.000989855 
v 0.00343721 0.01525 0.00136951 
v 0.00326899 0.01525 0.00173311 
v 0.00306245 0.01525 0.00207639 
v 0.00282 0.01525 0.00239533 
v 0.00254449 0.01525 0.00268618 
v 0.00223914 0.01525 0.00294554 
v 0.00190755 0.01525 0.00317037 
v 0.00155359 0.01525 0.00335803 
v 0.00118142 0.01525 0.00350632 
v 0.000795391 0.01525 0.0036135 
v 0.00040004 0.01525 0.00367831 
v 1.35936e-18 0.01525 0.0037 
v -0.00040004 0.01525 0.00367831 
v -0.000795391 0.01525 0.0036135 
v -0.00118142 0.01525 0.00350632 
v -0.00155359 0.01525 0.00335803 
v -0.00190755 0.01525 0.00317037 
v -0.00223914 0.01525 0.00294554 
v -0.00254449 0.01525 0.00268618 
v -0.00282 0.01525 0.00239533 
v -0.00306245 0.01525 0.00207639 
v -0.00326899 0.01525 0.00173311 
v -0.00343721 0.01525 0.00136951 
v -0.00356513 0.01525 0.000989855 
v -0.00365126 0.01525 0.000598593 
v -0.00369457 0.01525 0.000200314 
v -0.00369457 0.01525 -0.000200314 
v -0.00365126 0.01525 -0.000598593 
v -0.00356513 0.01525 -0.000989855 
v -0.00343721 0.01525 -0.00136951 
v -0.00326899 0.01525 -0.00173311 
v -0.00306245 0.01525 -0.00207639 
v -0.00282 0.01525 -0.00239533 
v -0.00254449 0.01525 -0.00268618 
v -0.00223914 0.01525 -0.00294554 
v -0.00190755 0.01525 -0.00317037 
v -0.00155359 0.01525 -0.00335803 
v -0.00118142 0.01525 -0.00350632 
v -0.000795391 0.01525 -0.0036135 
v -0.00040004 0.01525 -0.00367831 
v 0.00249633 0.01525 0.000135347 
v 0.00246707 0.01525 0.000404455 
v 0.00249633 0.01525 -0.000135347 
v 0.00128888 0.01525 -0.00214214 
v 0.00151294 0.01525 -0.00199023 
v 0.00104972 0.01525 -0.00226894 
v 0.00246707 0.01525 -0.000404455 
v 0.00171925 0.01525 -0.00181499 
v 0.00190541 0.01525 -0.00161847 
v 0.000798254 0.01525 -0.00236913 
v -0.00104972 0.01525 -0.00226894 
v -0.00128888 0.01525 -0.00214214 
v 0.00240887 0.01525 -0.000668821 
v 0.00220878 0.01525 -0.00117102 
v 0.00232244 0.01525 -0.000925345 
v 0.00206922 0.01525 -0.00140297 
v -0.000798254 0.01525 -0.00236913 
v -0.000537426 0.01525 -0.00244155 
v -0.00171925 0.01525 -0.00181499 
v -0.00151294 0.01525 -0.00199023 
v -0.00190541 0.01525 -0.00161847 
v 0.000537426 0.01525 -0.00244155 
v 0.000270298 0.01525 -0.00248534 
v 0 0.01525 -0.0025 
v -0.00206922 0.01525 -0.00140297 
v -0.00232244 0.01525 -0.000925345 
v -0.00220878 0.01525 -0.00117102 
v -0.00240887 0.01525 -0.000668821 
v -0.00190541 0.01525 0.00161847 
v -0.00206922 0.01525 0.00140297 
v -0.00171925 0.01525 0.00181499 
v -0.00246707 0.01525 -0.000404455 
v -0.00151294 0.01525 0.00199023 
v -0.00128888 0.01525 0.00214214 
v -0.00104972 0.01525 0.00226894 
v 0.000270298 0.01525 0.00248534 
v 3.06162e-19 0.01525 0.0025 
v 0.000537426 0.01525 0.00244155 
v 0.00104972 0.01525 0.00226894 
v 0.000798254 0.01525 0.00236913 
v 0.00128888 0.01525 0.00214214 
v 0.00220878 0.01525 0.00117102 
v 0.00232244 0.01525 0.000925345 
v 0.00240887 0.01525 0.000668821 
v -0.00249633 0.01525 -0.000135347 
v -0.00249633 0.01525 0.000135347 
v -0.00246707 0.01525 0.000404455 
v -0.00240887 0.01525 0.000668821 
v -0.00232244 0.01525 0.000925345 
v -0.00220878 0.01525 0.00117102 
v 0.00151294 0.01525 0.00199023 
v 0.00171925 0.01525 0.00181499 
v 0.00190541 0.01525 0.00161847 
v 0.00206922 0.01525 0.00140297 
v -0.000270298 0.01525 -0.00248534 
v -0.000798254 0.01525 0.00236913 
v -0.000537426 0.01525 0.00244155 
v -0.000270298 0.01525 0.00248534 
v 0 0.0385 -0.0025 
v 0.000270298 0.0385 -0.00248534 
v 0.000537426 0.0385 -0.00244155 
v 0.000798254 0.0385 -0.00236913 
v 0.00104972 0.0385 -0.00226894 
v 0.00128888 0.0385 -0.00214214 
v 0.00151294 0.0385 -0.00199023 
v 0.00171925 0.0385 -0.00181499 
v 0.00190541 0.0385 -0.00161847 
v 0.00206922 0.0385 -0.00140297 
v 0.00220878 0.0385 -0.00117102 
v 0.00232244 0.0385 -0.000925345 
v 0.00240887 0.0385 -0.000668821 
v 0.00246707 0.0385 -0.000404455 
v 0.00249633 0.0385 -0.000135347 
v 0.00249633 0.0385 0.000135347 
v 0.00246707 0.0385 0.000404455 
v 0.00240887 0.0385 0.000668821 
v 0.00232244 0.0385 0.000925345 
v 0.00220878 0.0385 0.00117102 
v 0.00206922 0.0385 0.00140297 
v 0.00190541 0.0385 0.00161847 
v 0.00171925 0.0385 0.00181499 
v 0.00151294 0.0385 0.00199023 
v 0.00128888 0.0385 0.00214214 
v 0.00104972 0.0385 0.00226894 
v 0.000798254 0.0385 0.00236913 
v 0.000537426 0.0385 0.00244155 
v 0.000270298 0.0385 0.00248534 
v 9.18485e-19 0.0385 0.0025 
v -0.000270298 0.0385 0.00248534 
v -0.000537426 0.0385 0.00244155 
v -0.000798254 0.0385 0.00236913 
v -0.00104972 0.0385 0.00226894 
v -0.00128888 0.0385 0.00214214 
v -0.00151294 0.0385 0.00199023 
v -0.00171925 0.0385 0.00181499 
v -0.00190541 0.0385 0.00161847 
v -0.00206922 0.0385 0.00140297 
v -0.00220878 0.0385 0.00117102 
v -0.00232244 0.0385 0.000925345 
v -0.00240887 0.0385 0.000668821 
v -0.00246707 0.0385 0.000404455 
v -0.00249633 0.0385 0.000135347 
v -0.00249633 0.0385 -0.000135347 
v -0.00246707 0.0385 -0.000404455 
v -0.00240887 0.0385 -0.000668821 
v -0.00232244 0.0385 -0.000925345 
v -0.00220878 0.0385 -0.00117102 
v -0.00206922 0.0385 -0.00140297 
v -0.00190541 0.0385 -0.00161847 
v -0.00171925 0.0385 -0.00181499 
v -0.00151294 0.0385 -0.00199023 
v -0.00128888 0.0385 -0.00214214 
v -0.00104972 0.0385 -0.00226894 
v -0.000798254 0.0385 -0.00236913 
v -0.000537426 0.0385 -0.00244155 
v -0.000270298 0.0385 -0.00248534 
v 0 0.0385 0 
v 0.0168508 0.008 -0.0185354 
v 0.0158835 0.008 -0.0193342 
v 0.0176931 0.008 -0.0176931 
v 0.0185354 0.008 -0.0168508 
v 0.0193342 0.008 -0.0158835 
v 0.0200524 0.008 -0.0150137 
v 0.0143053 0.008 -0.0205635 
v 0.0150137 0.008 -0.0200524 
v 0.021101 0.008 -0.0135003 
v 0.0205635 0.008 -0.0143053 
v 0.0135003 0.008 -0.021101 
v 0.0210386 0.008 -0.0131955 
v 0.0209625 0.008 -0.0134896 
v 0.0211005 0.008 -0.0125919 
v 0.0210846 0.008 -0.0128953 
v 0.0208571 0.008 -0.0137745 
v 0.0207233 0.008 -0.0140473 
v 0.0131955 0.008 -0.0210386 
v 0.0128953 0.008 -0.0210846 
v 0.0137745 0.008 -0.0208571 
v 0.0134896 0.008 -0.0209625 
v 0.0140473 0.008 -0.0207233 
v 0.0125919 0.008 -0.0211005 
v 0.0177124 -0.008 -0.0177124 
v 0.0168301 -0.008 -0.0185126 
v 0.0159009 -0.008 -0.0193552 
v 0.0193552 -0.008 -0.0159009 
v 0.0185126 -0.008 -0.0168301 
v 0.0150015 -0.008 -0.0200362 
v 0.0143053 -0.008 -0.0205635 
v 0.0200362 -0.008 -0.0150015 
v 0.0205635 -0.008 -0.0143053 
v -0.0125919 0.008 -0.0211005 
v -0.0135003 0.008 -0.021101 
v 0.0125919 -0.008 -0.0211005 
v 0.0128953 -0.008 -0.0210846 
v 0.0131955 -0.008 -0.0210386 
v 0.0134896 -0.008 -0.0209625 
v 0.0137745 -0.008 -0.0208571 
v 0.0140473 -0.008 -0.0207233 
v -0.0137745 0.008 -0.0208571 
v -0.0140473 0.008 -0.0207233 
v -0.0131955 0.008 -0.0210386 
v -0.0134896 0.008 -0.0209625 
v -0.0128953 0.008 -0.0210846 
v -0.0143053 0.008 -0.0205635 
v -0.0125919 -0.008 -0.0211005 
v 0.0135003 -0.008 -0.021101 
v -0.0185354 0.008 -0.0168508 
v -0.0193342 0.008 -0.0158835 
v -0.0176931 0.008 -0.0176931 
v -0.0168508 0.008 -0.0185354 
v -0.0158835 0.008 -0.0193342 
v -0.0150137 0.008 -0.0200524 
v -0.0205635 0.008 -0.0143053 
v -0.0200524 0.008 -0.0150137 
v -0.021101 0.008 -0.0135003 
v -0.0140473 -0.008 -0.0207233 
v -0.0137745 -0.008 -0.0208571 
v -0.0134896 -0.008 -0.0209625 
v -0.0131955 -0.008 -0.0210386 
v -0.0128953 -0.008 -0.0210846 
v -0.0143053 -0.008 -0.0205635 
v -0.0208571 0.008 -0.0137745 
v -0.0209625 0.008 -0.0134896 
v -0.0207233 0.008 -0.0140473 
v -0.0210386 0.008 -0.0131955 
v -0.0210846 0.008 -0.0128953 
v -0.0211005 0.008 -0.0125919 
v -0.0177124 -0.008 -0.0177124 
v -0.0185126 -0.008 -0.0168301 
v -0.0193552 -0.008 -0.0159009 
v -0.0159009 -0.008 -0.0193552 
v -0.0168301 -0.008 -0.0185126 
v -0.0200362 -0.008 -0.0150015 
v -0.0205635 -0.008 -0.0143053 
v -0.0150015 -0.008 -0.0200362 
v -0.0135003 -0.008 -0.021101 
v -0.0211005 0.008 0.0125919 
v -0.021101 0.008 0.0135003 
v -0.0211005 -0.008 -0.0125919 
v -0.0210846 -0.008 -0.0128953 
v -0.0210386 -0.008 -0.0131955 
v -0.0209625 -0.008 -0.0134896 
v -0.0208571 -0.008 -0.0137745 
v -0.0207233 -0.008 -0.0140473 
v -0.0208571 0.008 0.0137745 
v -0.0207233 0.008 0.0140473 
v -0.0209625 0.008 0.0134896 
v -0.0210386 0.008 0.0131955 
v -0.0210846 0.008 0.0128953 
v -0.0205635 0.008 0.0143053 
v -0.0211005 -0.008 0.0125919 
v -0.021101 -0.008 -0.0135003 
v -0.0168508 -0.015 -0.0185354 
v -0.0150137 -0.015 -0.0200524 
v -0.0185354 -0.015 -0.0168508 
v -0.0200524 -0.015 -0.0150137 
v -0.0135003 -0.015 -0.021101 
v -0.021101 -0.015 -0.0135003 
v -0.0168508 0.008 0.0185354 
v -0.0158835 0.008 0.0193342 
v -0.0185354 0.008 0.0168508 
v -0.0176931 0.008 0.0176931 
v -0.0193342 0.008 0.0158835 
v -0.0200524 0.008 0.0150137 
v -0.0143053 0.008 0.0205635 
v -0.0150137 0.008 0.0200524 
v -0.0135003 0.008 0.021101 
v -0.0207233 -0.008 0.0140473 
v -0.0208571 -0.008 0.0137745 
v -0.0209625 -0.008 0.0134896 
v -0.0210386 -0.008 0.0131955 
v -0.0210846 -0.008 0.0128953 
v -0.0205635 -0.008 0.0143053 
v -0.0137745 0.008 0.0208571 
v -0.0134896 0.008 0.0209625 
v -0.0140473 0.008 0.0207233 
v -0.0131955 0.008 0.0210386 
v -0.0128953 0.008 0.0210846 
v -0.0125919 0.008 0.0211005 
v -0.0177124 -0.008 0.0177124 
v -0.0168301 -0.008 0.0185126 
v -0.0159009 -0.008 0.0193552 
v -0.0193552 -0.008 0.0159009 
v -0.0185126 -0.008 0.0168301 
v -0.0200362 -0.008 0.0150015 
v -0.0150015 -0.008 0.0200362 
v -0.0143053 -0.008 0.0205635 
v -0.021101 -0.008 0.0135003 
v 0.0125919 0.008 0.0211005 
v 0.0135003 0.008 0.021101 
v -0.0125919 -0.008 0.0211005 
v -0.0128953 -0.008 0.0210846 
v -0.0131955 -0.008 0.0210386 
v -0.0134896 -0.008 0.0209625 
v -0.0137745 -0.008 0.0208571 
v -0.0140473 -0.008 0.0207233 
v 0.0131955 0.008 0.0210386 
v 0.0134896 0.008 0.0209625 
v 0.0128953 0.008 0.0210846 
v 0.0137745 0.008 0.0208571 
v 0.0140473 0.008 0.0207233 
v 0.0143053 0.008 0.0205635 
v 0.0125919 -0.008 0.0211005 
v -0.0135003 -0.008 0.021101 
v -0.0185354 -0.015 0.0168508 
v -0.0200524 -0.015 0.0150137 
v -0.0168508 -0.015 0.0185354 
v -0.0150137 -0.015 0.0200524 
v -0.0135003 -0.015 0.021101 
v -0.021101 -0.015 0.0135003 
v 0.0185354 0.008 0.0168508 
v 0.0193342 0.008 0.0158835 
v 0.0176931 0.008 0.0176931 
v 0.0168508 0.008 0.0185354 
v 0.0158835 0.008 0.0193342 
v 0.0150137 0.008 0.0200524 
v 0.0205635 0.008 0.0143053 
v 0.0200524 0.008 0.0150137 
v 0.021101 0.008 0.0135003 
v 0.0211005 0.008 0.0125919 
v 0.0207233 -0.008 -0.0140473 
v 0.0208571 -0.008 -0.0137745 
v 0.0209625 -0.008 -0.0134896 
v 0.0210386 -0.008 -0.0131955 
v 0.0210846 -0.008 -0.0128953 
v 0.0211005 -0.008 -0.0125919 
v 0.0140473 -0.008 0.0207233 
v 0.0137745 -0.008 0.0208571 
v 0.0134896 -0.008 0.0209625 
v 0.0131955 -0.008 0.0210386 
v 0.0128953 -0.008 0.0210846 
v 0.0143053 -0.008 0.0205635 
v 0.0210386 0.008 0.0131955 
v 0.0210846 0.008 0.0128953 
v 0.0208571 0.008 0.0137745 
v 0.0209625 0.008 0.0134896 
v 0.0207233 0.008 0.0140473 
v 0.0177124 -0.008 0.0177124 
v 0.0185126 -0.008 0.0168301 
v 0.0193552 -0.008 0.0159009 
v 0.0159009 -0.008 0.0193552 
v 0.0168301 -0.008 0.0185126 
v 0.0150015 -0.008 0.0200362 
v 0.0200362 -0.008 0.0150015 
v 0.0205635 -0.008 0.0143053 
v 0.0135003 -0.008 0.021101 
v 0.0211005 -0.008 0.0125919 
v 0.021101 -0.008 -0.0135003 
v 0.0185354 -0.015 -0.0168508 
v 0.0200524 -0.015 -0.0150137 
v 0.0168508 -0.015 -0.0185354 
v 0.0150137 -0.015 -0.0200524 
v 0.0135003 -0.015 -0.021101 
v 0.021101 -0.015 -0.0135003 
v 0.0210846 -0.008 0.0128953 
v 0.0210386 -0.008 0.0131955 
v 0.0209625 -0.008 0.0134896 
v 0.0208571 -0.008 0.0137745 
v 0.0207233 -0.008 0.0140473 
v 0.021101 -0.008 0.0135003 
v 0.0168508 -0.015 0.0185354 
v 0.0150137 -0.015 0.0200524 
v 0.0185354 -0.015 0.0168508 
v 0.0200524 -0.015 0.0150137 
v 0.0135003 -0.015 0.021101 
v 0.021101 -0.015 0.0135003 
v -0.0116503 -0.015 0.021101 
v 0.0116503 -0.015 0.021101 
v 0.0116503 -0.0275 0.021101 
v -0.0116503 -0.0275 0.021101 
v -0.0116503 -0.015 0.0146503 
v -0.0116503 -0.0275 0.0146503 
v -0.0116667 -0.0275 0.0143367 
v -0.0117158 -0.0275 0.0140266 
v -0.0116667 -0.015 0.0143367 
v -0.0117971 -0.0275 0.0137232 
v -0.0117158 -0.015 0.0140266 
v -0.0119097 -0.0275 0.0134301 
v -0.0117971 -0.015 0.0137232 
v -0.0120522 -0.0275 0.0131503 
v -0.0119097 -0.015 0.0134301 
v -0.0122232 -0.0275 0.0128869 
v -0.0120522 -0.015 0.0131503 
v -0.0124209 -0.0275 0.0126429 
v -0.0122232 -0.015 0.0128869 
v -0.0126429 -0.0275 0.0124209 
v -0.0124209 -0.015 0.0126429 
v -0.0128869 -0.0275 0.0122232 
v -0.0126429 -0.015 0.0124209 
v -0.0131503 -0.0275 0.0120522 
v -0.0128869 -0.015 0.0122232 
v -0.0134301 -0.0275 0.0119097 
v -0.0131503 -0.015 0.0120522 
v -0.0137232 -0.0275 0.0117971 
v -0.0134301 -0.015 0.0119097 
v -0.0140266 -0.0275 0.0117158 
v -0.0137232 -0.015 0.0117971 
v -0.0143367 -0.0275 0.0116667 
v -0.0140266 -0.015 0.0117158 
v -0.0146503 -0.0275 0.0116503 
v -0.0143367 -0.015 0.0116667 
v -0.0146503 -0.015 0.0116503 
v -0.021101 -0.015 0.0116503 
v -0.021101 -0.0275 0.0116503 
v -0.021101 -0.015 -0.0116503 
v -0.021101 -0.0275 -0.0116503 
v -0.0141747 -0.015 0.0147974 
v -0.0142585 -0.015 0.0146582 
v -0.0141065 -0.015 0.0149448 
v -0.015021 -0.015 0.0140785 
v -0.0151775 -0.015 0.0140351 
v -0.0148702 -0.015 0.0141386 
v -0.0140547 -0.015 0.0150987 
v -0.0145922 -0.015 0.0143059 
v -0.0147267 -0.015 0.0142147 
v -0.0143568 -0.015 0.0145289 
v -0.0140022 -0.015 0.0154188 
v -0.0140198 -0.015 0.0152573 
v -0.0144685 -0.015 0.014411 
v -0.0153378 -0.015 0.0140088 
v -0.0140022 -0.015 0.0155812 
v -0.0140547 -0.015 0.0159013 
v -0.0140198 -0.015 0.0157427 
v -0.0141065 -0.015 0.0160552 
v -0.0142585 -0.015 0.0163418 
v -0.0141747 -0.015 0.0162026 
v -0.0144685 -0.015 0.016589 
v -0.0143568 -0.015 0.0164711 
v -0.0147267 -0.015 0.0167853 
v -0.0165315 -0.015 0.014411 
v -0.0166432 -0.015 0.0145289 
v -0.0158225 -0.015 0.0140351 
v -0.015979 -0.015 0.0140785 
v -0.015021 -0.015 0.0169215 
v -0.0148702 -0.015 0.0168614 
v -0.0164078 -0.015 0.0143059 
v -0.0161298 -0.015 0.0141386 
v -0.0156622 -0.015 0.0140088 
v -0.0145922 -0.015 0.0166941 
v -0.0151775 -0.015 0.0169649 
v -0.0155 -0.015 0.017 
v -0.0153378 -0.015 0.0169912 
v -0.0158225 -0.015 0.0169649 
v -0.0162733 -0.015 0.0167853 
v -0.0161298 -0.015 0.0168614 
v -0.0168935 -0.015 0.0160552 
v -0.0168253 -0.015 0.0162026 
v -0.0169802 -0.015 0.0157427 
v -0.0169453 -0.015 0.0150987 
v -0.0169802 -0.015 0.0152573 
v -0.0162733 -0.015 0.0142147 
v -0.0156622 -0.015 0.0169912 
v -0.015979 -0.015 0.0169215 
v -0.0166432 -0.015 0.0164711 
v -0.0165315 -0.015 0.016589 
v -0.0167415 -0.015 0.0163418 
v -0.0169453 -0.015 0.0159013 
v -0.0169978 -0.015 0.0154188 
v -0.0168935 -0.015 0.0149448 
v -0.0168253 -0.015 0.0147974 
v -0.0167415 -0.015 0.0146582 
v -0.0155 -0.015 0.014 
v -0.0169978 -0.015 0.0155812 
v -0.0164078 -0.015 0.0166941 
v 0.0116503 -0.015 0.0146503 
v 0.0116503 -0.0275 0.0146503 
v 0.0143367 -0.0275 0.0116667 
v 0.0146503 -0.0275 0.0116503 
v 0.0146503 -0.015 0.0116503 
v 0.0140266 -0.0275 0.0117158 
v 0.0143367 -0.015 0.0116667 
v 0.0137232 -0.0275 0.0117971 
v 0.0140266 -0.015 0.0117158 
v 0.0134301 -0.0275 0.0119097 
v 0.0137232 -0.015 0.0117971 
v 0.0131503 -0.0275 0.0120522 
v 0.0134301 -0.015 0.0119097 
v 0.0128869 -0.0275 0.0122232 
v 0.0131503 -0.015 0.0120522 
v 0.0126429 -0.0275 0.0124209 
v 0.0128869 -0.015 0.0122232 
v 0.0124209 -0.0275 0.0126429 
v 0.0126429 -0.015 0.0124209 
v 0.0122232 -0.0275 0.0128869 
v 0.0124209 -0.015 0.0126429 
v 0.0120522 -0.0275 0.0131503 
v 0.0122232 -0.015 0.0128869 
v 0.0119097 -0.0275 0.0134301 
v 0.0120522 -0.015 0.0131503 
v 0.0117971 -0.0275 0.0137232 
v 0.0119097 -0.015 0.0134301 
v 0.0117158 -0.0275 0.0140266 
v 0.0117971 -0.015 0.0137232 
v 0.0116667 -0.0275 0.0143367 
v 0.0117158 -0.015 0.0140266 
v 0.0116667 -0.015 0.0143367 
v 0.021101 -0.015 0.0116503 
v 0.021101 -0.0275 0.0116503 
v 0.0165315 -0.015 0.016589 
v 0.015979 -0.015 0.0169215 
v 0.0161298 -0.015 0.0168614 
v 0.0140547 -0.015 0.0150987 
v 0.0140198 -0.015 0.0152573 
v 0.0141747 -0.015 0.0147974 
v 0.0141065 -0.015 0.0149448 
v 0.0147267 -0.015 0.0142147 
v 0.0166432 -0.015 0.0164711 
v 0.0158225 -0.015 0.0169649 
v 0.0156622 -0.015 0.0169912 
v 0.0142585 -0.015 0.0146582 
v 0.0144685 -0.015 0.014411 
v 0.0143568 -0.015 0.0145289 
v 0.0145922 -0.015 0.0143059 
v 0.0169453 -0.015 0.0159013 
v 0.0169802 -0.015 0.0157427 
v 0.0167415 -0.015 0.0163418 
v 0.0162733 -0.015 0.0167853 
v 0.0155 -0.015 0.017 
v 0.0147267 -0.015 0.0167853 
v 0.0148702 -0.015 0.0168614 
v 0.0148702 -0.015 0.0141386 
v 0.015021 -0.015 0.0140785 
v 0.015979 -0.015 0.0140785 
v 0.0167415 -0.015 0.0146582 
v 0.0166432 -0.015 0.0145289 
v 0.0168935 -0.015 0.0160552 
v 0.0164078 -0.015 0.0166941 
v 0.015021 -0.015 0.0169215 
v 0.0151775 -0.015 0.0169649 
v 0.0140547 -0.015 0.0159013 
v 0.0140022 -0.015 0.0155812 
v 0.0140198 -0.015 0.0157427 
v 0.0140022 -0.015 0.0154188 
v 0.0153378 -0.015 0.0140088 
v 0.0151775 -0.015 0.0140351 
v 0.0158225 -0.015 0.0140351 
v 0.0162733 -0.015 0.0142147 
v 0.0161298 -0.015 0.0141386 
v 0.0168253 -0.015 0.0147974 
v 0.0168253 -0.015 0.0162026 
v 0.0153378 -0.015 0.0169912 
v 0.0143568 -0.015 0.0164711 
v 0.0144685 -0.015 0.016589 
v 0.0141747 -0.015 0.0162026 
v 0.0142585 -0.015 0.0163418 
v 0.0141065 -0.015 0.0160552 
v 0.0155 -0.015 0.014 
v 0.0165315 -0.015 0.014411 
v 0.0169453 -0.015 0.0150987 
v 0.0169978 -0.015 0.0155812 
v 0.0169978 -0.015 0.0154188 
v 0.0145922 -0.015 0.0166941 
v 0.0156622 -0.015 0.0140088 
v 0.0164078 -0.015 0.0143059 
v 0.0169802 -0.015 0.0152573 
v 0.0168935 -0.015 0.0149448 
v -0.0146503 -0.015 -0.0116503 
v -0.0146503 -0.0275 -0.0116503 
v -0.0143367 -0.0275 -0.0116667 
v -0.0140266 -0.0275 -0.0117158 
v -0.0143367 -0.015 -0.0116667 
v -0.0137232 -0.0275 -0.0117971 
v -0.0140266 -0.015 -0.0117158 
v -0.0134301 -0.0275 -0.0119097 
v -0.0137232 -0.015 -0.0117971 
v -0.0131503 -0.0275 -0.0120522 
v -0.0134301 -0.015 -0.0119097 
v -0.0128869 -0.0275 -0.0122232 
v -0.0131503 -0.015 -0.0120522 
v -0.0126429 -0.0275 -0.0124209 
v -0.0128869 -0.015 -0.0122232 
v -0.0124209 -0.0275 -0.0126429 
v -0.0126429 -0.015 -0.0124209 
v -0.0122232 -0.0275 -0.0128869 
v -0.0124209 -0.015 -0.0126429 
v -0.0120522 -0.0275 -0.0131503 
v -0.0122232 -0.015 -0.0128869 
v -0.0119097 -0.0275 -0.0134301 
v -0.0120522 -0.015 -0.0131503 
v -0.0117971 -0.0275 -0.0137232 
v -0.0119097 -0.015 -0.0134301 
v -0.0117158 -0.0275 -0.0140266 
v -0.0117971 -0.015 -0.0137232 
v -0.0116667 -0.0275 -0.0143367 
v -0.0117158 -0.015 -0.0140266 
v -0.0116503 -0.0275 -0.0146503 
v -0.0116667 -0.015 -0.0143367 
v -0.0116503 -0.015 -0.0146503 
v -0.0116503 -0.015 -0.021101 
v -0.0116503 -0.0275 -0.021101 
v 0.0116503 -0.015 -0.021101 
v 0.0116503 -0.0275 -0.021101 
v -0.0141747 -0.015 -0.0147974 
v -0.0141065 -0.015 -0.0149448 
v -0.0140547 -0.015 -0.0150987 
v -0.0140198 -0.015 -0.0152573 
v -0.015979 -0.015 -0.0140785 
v -0.0142585 -0.015 -0.0146582 
v -0.0143568 -0.015 -0.0145289 
v -0.0158225 -0.015 -0.0140351 
v -0.0162733 -0.015 -0.0142147 
v -0.0161298 -0.015 -0.0141386 
v -0.0144685 -0.015 -0.014411 
v -0.015021 -0.015 -0.0140785 
v -0.0156622 -0.015 -0.0140088 
v -0.0155 -0.015 -0.014 
v -0.0145922 -0.015 -0.0143059 
v -0.0148702 -0.015 -0.0141386 
v -0.0153378 -0.015 -0.0140088 
v -0.0151775 -0.015 -0.0140351 
v -0.0141065 -0.015 -0.0160552 
v -0.0141747 -0.015 -0.0162026 
v -0.0140547 -0.015 -0.0159013 
v -0.0140022 -0.015 -0.0155812 
v -0.0140198 -0.015 -0.0157427 
v -0.0140022 -0.015 -0.0154188 
v -0.0147267 -0.015 -0.0142147 
v -0.0165315 -0.015 -0.014411 
v -0.0164078 -0.015 -0.0143059 
v -0.0143568 -0.015 -0.0164711 
v -0.0144685 -0.015 -0.016589 
v -0.0142585 -0.015 -0.0163418 
v -0.0166432 -0.015 -0.0145289 
v -0.0168253 -0.015 -0.0147974 
v -0.0147267 -0.015 -0.0167853 
v -0.0148702 -0.015 -0.0168614 
v -0.0168935 -0.015 -0.0149448 
v -0.0165315 -0.015 -0.016589 
v -0.015021 -0.015 -0.0169215 
v -0.0151775 -0.015 -0.0169649 
v -0.0167415 -0.015 -0.0146582 
v -0.0166432 -0.015 -0.0164711 
v -0.0153378 -0.015 -0.0169912 
v -0.0145922 -0.015 -0.0166941 
v -0.0169453 -0.015 -0.0159013 
v -0.0169802 -0.015 -0.0157427 
v -0.0167415 -0.015 -0.0163418 
v -0.0169453 -0.015 -0.0150987 
v -0.0168935 -0.015 -0.0160552 
v -0.0164078 -0.015 -0.0166941 
v -0.0161298 -0.015 -0.0168614 
v -0.0162733 -0.015 -0.0167853 
v -0.0156622 -0.015 -0.0169912 
v -0.0158225 -0.015 -0.0169649 
v -0.0169802 -0.015 -0.0152573 
v -0.0169978 -0.015 -0.0155812 
v -0.0168253 -0.015 -0.0162026 
v -0.015979 -0.015 -0.0169215 
v -0.0155 -0.015 -0.017 
v -0.0169978 -0.015 -0.0154188 
v 0.0116503 -0.015 -0.0146503 
v 0.0116503 -0.0275 -0.0146503 
v 0.0116667 -0.0275 -0.0143367 
v 0.0117158 -0.0275 -0.0140266 
v 0.0116667 -0.015 -0.0143367 
v 0.0117971 -0.0275 -0.0137232 
v 0.0117158 -0.015 -0.0140266 
v 0.0119097 -0.0275 -0.0134301 
v 0.0117971 -0.015 -0.0137232 
v 0.0120522 -0.0275 -0.0131503 
v 0.0119097 -0.015 -0.0134301 
v 0.0122232 -0.0275 -0.0128869 
v 0.0120522 -0.015 -0.0131503 
v 0.0124209 -0.0275 -0.0126429 
v 0.0122232 -0.015 -0.0128869 
v 0.0126429 -0.0275 -0.0124209 
v 0.0124209 -0.015 -0.0126429 
v 0.0128869 -0.0275 -0.0122232 
v 0.0126429 -0.015 -0.0124209 
v 0.0131503 -0.0275 -0.0120522 
v 0.0128869 -0.015 -0.0122232 
v 0.0134301 -0.0275 -0.0119097 
v 0.0131503 -0.015 -0.0120522 
v 0.0137232 -0.0275 -0.0117971 
v 0.0134301 -0.015 -0.0119097 
v 0.0140266 -0.0275 -0.0117158 
v 0.0137232 -0.015 -0.0117971 
v 0.0143367 -0.0275 -0.0116667 
v 0.0140266 -0.015 -0.0117158 
v 0.0146503 -0.0275 -0.0116503 
v 0.0143367 -0.015 -0.0116667 
v 0.0146503 -0.015 -0.0116503 
v 0.021101 -0.015 -0.0116503 
v 0.021101 -0.0275 -0.0116503 
v 0.0143568 -0.015 -0.0145289 
v 0.0141747 -0.015 -0.0147974 
v 0.0144685 -0.015 -0.014411 
v 0.0142585 -0.015 -0.0146582 
v 0.0141065 -0.015 -0.0149448 
v 0.0140547 -0.015 -0.0150987 
v 0.0158225 -0.015 -0.0140351 
v 0.015979 -0.015 -0.0140785 
v 0.0140022 -0.015 -0.0154188 
v 0.0140198 -0.015 -0.0152573 
v 0.0156622 -0.015 -0.0140088 
v 0.015021 -0.015 -0.0140785 
v 0.0151775 -0.015 -0.0140351 
v 0.0148702 -0.015 -0.0141386 
v 0.0145922 -0.015 -0.0143059 
v 0.0147267 -0.015 -0.0142147 
v 0.0153378 -0.015 -0.0140088 
v 0.0155 -0.015 -0.014 
v 0.0140547 -0.015 -0.0159013 
v 0.0140198 -0.015 -0.0157427 
v 0.0141065 -0.015 -0.0160552 
v 0.0140022 -0.015 -0.0155812 
v 0.0142585 -0.015 -0.0163418 
v 0.0141747 -0.015 -0.0162026 
v 0.0144685 -0.015 -0.016589 
v 0.0143568 -0.015 -0.0164711 
v 0.0147267 -0.015 -0.0167853 
v 0.0166432 -0.015 -0.0164711 
v 0.0165315 -0.015 -0.016589 
v 0.0148702 -0.015 -0.0168614 
v 0.0169802 -0.015 -0.0157427 
v 0.0165315 -0.015 -0.014411 
v 0.0166432 -0.015 -0.0145289 
v 0.0161298 -0.015 -0.0141386 
v 0.0162733 -0.015 -0.0142147 
v 0.0145922 -0.015 -0.0166941 
v 0.0162733 -0.015 -0.0167853 
v 0.0161298 -0.015 -0.0168614 
v 0.0167415 -0.015 -0.0163418 
v 0.0169453 -0.015 -0.0159013 
v 0.0169453 -0.015 -0.0150987 
v 0.0169802 -0.015 -0.0152573 
v 0.0167415 -0.015 -0.0146582 
v 0.0158225 -0.015 -0.0169649 
v 0.015979 -0.015 -0.0169215 
v 0.0168253 -0.015 -0.0162026 
v 0.0168935 -0.015 -0.0160552 
v 0.0169978 -0.015 -0.0154188 
v 0.0168935 -0.015 -0.0149448 
v 0.0168253 -0.015 -0.0147974 
v 0.0164078 -0.015 -0.0143059 
v 0.015021 -0.015 -0.0169215 
v 0.0156622 -0.015 -0.0169912 
v 0.0164078 -0.015 -0.0166941 
v 0.0169978 -0.015 -0.0155812 
v 0.0151775 -0.015 -0.0169649 
v 0.0155 -0.015 -0.017 
v 0.0153378 -0.015 -0.0169912 
v -0.0155 -8.67362e-18 -0.017 
v -0.0156622 -8.67362e-18 -0.0169912 
v -0.0158225 -8.67362e-18 -0.0169649 
v -0.015979 -8.67362e-18 -0.0169215 
v -0.0161298 -8.67362e-18 -0.0168614 
v -0.0162733 -8.67362e-18 -0.0167853 
v -0.0164078 -8.67362e-18 -0.0166941 
v -0.0165315 -8.67362e-18 -0.016589 
v -0.0166432 -8.67362e-18 -0.0164711 
v -0.0167415 -8.67362e-18 -0.0163418 
v -0.0168253 -8.67362e-18 -0.0162026 
v -0.0168935 -8.67362e-18 -0.0160552 
v -0.0169453 -8.67362e-18 -0.0159013 
v -0.0169802 -8.67362e-18 -0.0157427 
v -0.0169978 -8.67362e-18 -0.0155812 
v -0.0169978 -8.67362e-18 -0.0154188 
v -0.0169802 -8.67362e-18 -0.0152573 
v -0.0169453 -8.67362e-18 -0.0150987 
v -0.0168935 -8.67362e-18 -0.0149448 
v -0.0168253 -8.67362e-18 -0.0147974 
v -0.0167415 -8.67362e-18 -0.0146582 
v -0.0166432 -8.67362e-18 -0.0145289 
v -0.0165315 -8.67362e-18 -0.014411 
v -0.0164078 -8.67362e-18 -0.0143059 
v -0.0162733 -8.67362e-18 -0.0142147 
v -0.0161298 -8.67362e-18 -0.0141386 
v -0.015979 -8.67362e-18 -0.0140785 
v -0.0158225 -8.67362e-18 -0.0140351 
v -0.0156622 -8.67362e-18 -0.0140088 
v -0.0155 -8.67362e-18 -0.014 
v -0.0153378 -8.67362e-18 -0.0140088 
v -0.0151775 -8.67362e-18 -0.0140351 
v -0.015021 -8.67362e-18 -0.0140785 
v -0.0148702 -8.67362e-18 -0.0141386 
v -0.0147267 -8.67362e-18 -0.0142147 
v -0.0145922 -8.67362e-18 -0.0143059 
v -0.0144685 -8.67362e-18 -0.014411 
v -0.0143568 -8.67362e-18 -0.0145289 
v -0.0142585 -8.67362e-18 -0.0146582 
v -0.0141747 -8.67362e-18 -0.0147974 
v -0.0141065 -8.67362e-18 -0.0149448 
v -0.0140547 -8.67362e-18 -0.0150987 
v -0.0140198 -8.67362e-18 -0.0152573 
v -0.0140022 -8.67362e-18 -0.0154188 
v -0.0140022 -8.67362e-18 -0.0155812 
v -0.0140198 -8.67362e-18 -0.0157427 
v -0.0140547 -8.67362e-18 -0.0159013 
v -0.0141065 -8.67362e-18 -0.0160552 
v -0.0141747 -8.67362e-18 -0.0162026 
v -0.0142585 -8.67362e-18 -0.0163418 
v -0.0143568 -8.67362e-18 -0.0164711 
v -0.0144685 -8.67362e-18 -0.016589 
v -0.0145922 -8.67362e-18 -0.0166941 
v -0.0147267 -8.67362e-18 -0.0167853 
v -0.0148702 -8.67362e-18 -0.0168614 
v -0.015021 -8.67362e-18 -0.0169215 
v -0.0151775 -8.67362e-18 -0.0169649 
v -0.0153378 -8.67362e-18 -0.0169912 
v -0.0155 -8.67362e-18 -0.0155 
v 0.0155 -8.67362e-18 0.014 
v 0.0153378 -8.67362e-18 0.0140088 
v 0.0151775 -8.67362e-18 0.0140351 
v 0.015021 -8.67362e-18 0.0140785 
v 0.0148702 -8.67362e-18 0.0141386 
v 0.0147267 -8.67362e-18 0.0142147 
v 0.0145922 -8.67362e-18 0.0143059 
v 0.0144685 -8.67362e-18 0.014411 
v 0.0143568 -8.67362e-18 0.0145289 
v 0.0142585 -8.67362e-18 0.0146582 
v 0.0141747 -8.67362e-18 0.0147974 
v 0.0141065 -8.67362e-18 0.0149448 
v 0.0140547 -8.67362e-18 0.0150987 
v 0.0140198 -8.67362e-18 0.0152573 
v 0.0140022 -8.67362e-18 0.0154188 
v 0.0140022 -8.67362e-18 0.0155812 
v 0.0140198 -8.67362e-18 0.0157427 
v 0.0140547 -8.67362e-18 0.0159013 
v 0.0141065 -8.67362e-18 0.0160552 
v 0.0141747 -8.67362e-18 0.0162026 
v 0.0142585 -8.67362e-18 0.0163418 
v 0.0143568 -8.67362e-18 0.0164711 
v 0.0144685 -8.67362e-18 0.016589 
v 0.0145922 -8.67362e-18 0.0166941 
v 0.0147267 -8.67362e-18 0.0167853 
v 0.0148702 -8.67362e-18 0.0168614 
v 0.015021 -8.67362e-18 0.0169215 
v 0.0151775 -8.67362e-18 0.0169649 
v 0.0153378 -8.67362e-18 0.0169912 
v 0.0155 -8.67362e-18 0.017 
v 0.0156622 -8.67362e-18 0.0169912 
v 0.0158225 -8.67362e-18 0.0169649 
v 0.015979 -8.67362e-18 0.0169215 
v 0.0161298 -8.67362e-18 0.0168614 
v 0.0162733 -8.67362e-18 0.0167853 
v 0.0164078 -8.67362e-18 0.0166941 
v 0.0165315 -8.67362e-18 0.016589 
v 0.0166432 -8.67362e-18 0.0164711 
v 0.0167415 -8.67362e-18 0.0163418 
v 0.0168253 -8.67362e-18 0.0162026 
v 0.0168935 -8.67362e-18 0.0160552 
v 0.0169453 -8.67362e-18 0.0159013 
v 0.0169802 -8.67362e-18 0.0157427 
v 0.0169978 -8.67362e-18 0.0155812 
v 0.0169978 -8.67362e-18 0.0154188 
v 0.0169802 -8.67362e-18 0.0152573 
v 0.0169453 -8.67362e-18 0.0150987 
v 0.0168935 -8.67362e-18 0.0149448 
v 0.0168253 -8.67362e-18 0.0147974 
v 0.0167415 -8.67362e-18 0.0146582 
v 0.0166432 -8.67362e-18 0.0145289 
v 0.0165315 -8.67362e-18 0.014411 
v 0.0164078 -8.67362e-18 0.0143059 
v 0.0162733 -8.67362e-18 0.0142147 
v 0.0161298 -8.67362e-18 0.0141386 
v 0.015979 -8.67362e-18 0.0140785 
v 0.0158225 -8.67362e-18 0.0140351 
v 0.0156622 -8.67362e-18 0.0140088 
v 0.0155 -8.67362e-18 0.0155 
v 0.0155 -8.67362e-18 -0.017 
v 0.0153378 -8.67362e-18 -0.0169912 
v 0.0151775 -8.67362e-18 -0.0169649 
v 0.015021 -8.67362e-18 -0.0169215 
v 0.0148702 -8.67362e-18 -0.0168614 
v 0.0147267 -8.67362e-18 -0.0167853 
v 0.0145922 -8.67362e-18 -0.0166941 
v 0.0144685 -8.67362e-18 -0.016589 
v 0.0143568 -8.67362e-18 -0.0164711 
v 0.0142585 -8.67362e-18 -0.0163418 
v 0.0141747 -8.67362e-18 -0.0162026 
v 0.0141065 -8.67362e-18 -0.0160552 
v 0.0140547 -8.67362e-18 -0.0159013 
v 0.0140198 -8.67362e-18 -0.0157427 
v 0.0140022 -8.67362e-18 -0.0155812 
v 0.0140022 -8.67362e-18 -0.0154188 
v 0.0140198 -8.67362e-18 -0.0152573 
v 0.0140547 -8.67362e-18 -0.0150987 
v 0.0141065 -8.67362e-18 -0.0149448 
v 0.0141747 -8.67362e-18 -0.0147974 
v 0.0142585 -8.67362e-18 -0.0146582 
v 0.0143568 -8.67362e-18 -0.0145289 
v 0.0144685 -8.67362e-18 -0.014411 
v 0.0145922 -8.67362e-18 -0.0143059 
v 0.0147267 -8.67362e-18 -0.0142147 
v 0.0148702 -8.67362e-18 -0.0141386 
v 0.015021 -8.67362e-18 -0.0140785 
v 0.0151775 -8.67362e-18 -0.0140351 
v 0.0153378 -8.67362e-18 -0.0140088 
v 0.0155 -8.67362e-18 -0.014 
v 0.0156622 -8.67362e-18 -0.0140088 
v 0.0158225 -8.67362e-18 -0.0140351 
v 0.015979 -8.67362e-18 -0.0140785 
v 0.0161298 -8.67362e-18 -0.0141386 
v 0.0162733 -8.67362e-18 -0.0142147 
v 0.0164078 -8.67362e-18 -0.0143059 
v 0.0165315 -8.67362e-18 -0.014411 
v 0.0166432 -8.67362e-18 -0.0145289 
v 0.0167415 -8.67362e-18 -0.0146582 
v 0.0168253 -8.67362e-18 -0.0147974 
v 0.0168935 -8.67362e-18 -0.0149448 
v 0.0169453 -8.67362e-18 -0.0150987 
v 0.0169802 -8.67362e-18 -0.0152573 
v 0.0169978 -8.67362e-18 -0.0154188 
v 0.0169978 -8.67362e-18 -0.0155812 
v 0.0169802 -8.67362e-18 -0.0157427 
v 0.0169453 -8.67362e-18 -0.0159013 
v 0.0168935 -8.67362e-18 -0.0160552 
v 0.0168253 -8.67362e-18 -0.0162026 
v 0.0167415 -8.67362e-18 -0.0163418 
v 0.0166432 -8.67362e-18 -0.0164711 
v 0.0165315 -8.67362e-18 -0.016589 
v 0.0164078 -8.67362e-18 -0.0166941 
v 0.0162733 -8.67362e-18 -0.0167853 
v 0.0161298 -8.67362e-18 -0.0168614 
v 0.015979 -8.67362e-18 -0.0169215 
v 0.0158225 -8.67362e-18 -0.0169649 
v 0.0156622 -8.67362e-18 -0.0169912 
v 0.0155 -8.67362e-18 -0.0155 
v -0.0155 -8.67362e-18 0.014 
v -0.0156622 -8.67362e-18 0.0140088 
v -0.0158225 -8.67362e-18 0.0140351 
v -0.015979 -8.67362e-18 0.0140785 
v -0.0161298 -8.67362e-18 0.0141386 
v -0.0162733 -8.67362e-18 0.0142147 
v -0.0164078 -8.67362e-18 0.0143059 
v -0.0165315 -8.67362e-18 0.014411 
v -0.0166432 -8.67362e-18 0.0145289 
v -0.0167415 -8.67362e-18 0.0146582 
v -0.0168253 -8.67362e-18 0.0147974 
v -0.0168935 -8.67362e-18 0.0149448 
v -0.0169453 -8.67362e-18 0.0150987 
v -0.0169802 -8.67362e-18 0.0152573 
v -0.0169978 -8.67362e-18 0.0154188 
v -0.0169978 -8.67362e-18 0.0155812 
v -0.0169802 -8.67362e-18 0.0157427 
v -0.0169453 -8.67362e-18 0.0159013 
v -0.0168935 -8.67362e-18 0.0160552 
v -0.0168253 -8.67362e-18 0.0162026 
v -0.0167415 -8.67362e-18 0.0163418 
v -0.0166432 -8.67362e-18 0.0164711 
v -0.0165315 -8.67362e-18 0.016589 
v -0.0164078 -8.67362e-18 0.0166941 
v -0.0162733 -8.67362e-18 0.0167853 
v -0.0161298 -8.67362e-18 0.0168614 
v -0.015979 -8.67362e-18 0.0169215 
v -0.0158225 -8.67362e-18 0.0169649 
v -0.0156622 -8.67362e-18 0.0169912 
v -0.0155 -8.67362e-18 0.017 
v -0.0153378 -8.67362e-18 0.0169912 
v -0.0151775 -8.67362e-18 0.0169649 
v -0.015021 -8.67362e-18 0.0169215 
v -0.0148702 -8.67362e-18 0.0168614 
v -0.0147267 -8.67362e-18 0.0167853 
v -0.0145922 -8.67362e-18 0.0166941 
v -0.0144685 -8.67362e-18 0.016589 
v -0.0143568 -8.67362e-18 0.0164711 
v -0.0142585 -8.67362e-18 0.0163418 
v -0.0141747 -8.67362e-18 0.0162026 
v -0.0141065 -8.67362e-18 0.0160552 
v -0.0140547 -8.67362e-18 0.0159013 
v -0.0140198 -8.67362e-18 0.0157427 
v -0.0140022 -8.67362e-18 0.0155812 
v -0.0140022 -8.67362e-18 0.0154188 
v -0.0140198 -8.67362e-18 0.0152573 
v -0.0140547 -8.67362e-18 0.0150987 
v -0.0141065 -8.67362e-18 0.0149448 
v -0.0141747 -8.67362e-18 0.0147974 
v -0.0142585 -8.67362e-18 0.0146582 
v -0.0143568 -8.67362e-18 0.0145289 
v -0.0144685 -8.67362e-18 0.014411 
v -0.0145922 -8.67362e-18 0.0143059 
v -0.0147267 -8.67362e-18 0.0142147 
v -0.0148702 -8.67362e-18 0.0141386 
v -0.015021 -8.67362e-18 0.0140785 
v -0.0151775 -8.67362e-18 0.0140351 
v -0.0153378 -8.67362e-18 0.0140088 
v -0.0155 -8.67362e-18 0.0155 
v 0.00254173 -0.0275 -0.00334359 
v 0.00320108 -0.0275 -0.00271902 
v 0.00288834 -0.0275 -0.00304918 
v 0.021101 -0.0275 -0.008 
v 0.00347629 -0.0275 0.00235699 
v 0.00371075 -0.0275 0.00196732 
v 0.00320108 -0.0275 0.00271902 
v -0.00254173 -0.0275 0.00334359 
v -0.00320108 -0.0275 0.00271902 
v -0.00288834 -0.0275 0.00304918 
v -0.00288834 -0.0275 -0.00304918 
v 0.00347629 -0.0275 -0.00235699 
v 0.00288834 -0.0275 0.00304918 
v 0.00254173 -0.0275 0.00334359 
v -0.00320108 -0.0275 -0.00271902 
v -0.00254173 -0.0275 -0.00334359 
v 0.00371075 -0.0275 -0.00196732 
v 0.00414467 -0.0275 -0.000679484 
v 0.00404691 -0.0275 -0.00112362 
v 0.00176353 -0.0275 0.00381182 
v 0.00216533 -0.0275 0.0035988 
v 0.000902876 -0.0275 0.00410181 
v 0.00134107 -0.0275 0.00398014 
v -0.00347629 -0.0275 0.00235699 
v -0.00347629 -0.0275 -0.00235699 
v 0.00134107 -0.0275 -0.00398014 
v 0.000902876 -0.0275 -0.00410181 
v 0.00216533 -0.0275 -0.0035988 
v 0.00419384 -0.0275 -0.000227383 
v 0.0039017 -0.0275 0.00155458 
v 0.00404691 -0.0275 0.00112362 
v 0.0004541 -0.0275 0.00417538 
v -0.00216533 -0.0275 0.0035988 
v -0.00371075 -0.0275 0.00196732 
v -0.00216533 -0.0275 -0.0035988 
v 0.00176353 -0.0275 -0.00381182 
v 0.0039017 -0.0275 -0.00155458 
v 0.00419384 -0.0275 0.000227383 
v 0.00414467 -0.0275 0.000679484 
v -0.0004541 -0.0275 0.00417538 
v 5.14352e-19 -0.0275 0.0042 
v -0.00176353 -0.0275 0.00381182 
v -0.0039017 -0.0275 0.00155458 
v -0.00414467 -0.0275 0.000679484 
v -0.00404691 -0.0275 0.00112362 
v -0.00419384 -0.0275 -0.000227383 
v -0.00371075 -0.0275 -0.00196732 
v -0.00176353 -0.0275 -0.00381182 
v -0.000902876 -0.0275 -0.00410181 
v -0.00134107 -0.0275 -0.00398014 
v 0.021101 -0.0275 0.008 
v 0.0004541 -0.0275 -0.00417538 
v -1.0287e-18 -0.0275 -0.0042 
v -0.00134107 -0.0275 0.00398014 
v -0.000902876 -0.0275 0.00410181 
v -0.00419384 -0.0275 0.000227383 
v -0.00414467 -0.0275 -0.000679484 
v -0.0039017 -0.0275 -0.00155458 
v -0.00404691 -0.0275 -0.00112362 
v -0.0004541 -0.0275 -0.00417538 
v 0.026101 -0.0275 0.008 
v 0.026101 -0.0275 -0.008 
v 0.026101 -0.015 0.008 
v 0.021101 -0.015 0.008 
v 0.021101 -0.015 -0.008 
v 0.026101 -0.015 -0.008 
v 0 -0.0145 -0.0042 
v -0.0004541 -0.0145 -0.00417538 
v -0.000902876 -0.0145 -0.00410181 
v -0.00134107 -0.0145 -0.00398014 
v -0.00176353 -0.0145 -0.00381182 
v -0.00216533 -0.0145 -0.0035988 
v -0.00254173 -0.0145 -0.00334359 
v -0.00288834 -0.0145 -0.00304918 
v -0.00320108 -0.0145 -0.00271902 
v -0.00347629 -0.0145 -0.00235699 
v -0.00371075 -0.0145 -0.00196732 
v -0.0039017 -0.0145 -0.00155458 
v -0.00404691 -0.0145 -0.00112362 
v -0.00414467 -0.0145 -0.000679484 
v -0.00419384 -0.0145 -0.000227383 
v -0.00419384 -0.0145 0.000227383 
v -0.00414467 -0.0145 0.000679484 
v -0.00404691 -0.0145 0.00112362 
v -0.0039017 -0.0145 0.00155458 
v -0.00371075 -0.0145 0.00196732 
v -0.00347629 -0.0145 0.00235699 
v -0.00320108 -0.0145 0.00271902 
v -0.00288834 -0.0145 0.00304918 
v -0.00254173 -0.0145 0.00334359 
v -0.00216533 -0.0145 0.0035988 
v -0.00176353 -0.0145 0.00381182 
v -0.00134107 -0.0145 0.00398014 
v -0.000902876 -0.0145 0.00410181 
v -0.0004541 -0.0145 0.00417538 
v 5.14352e-19 -0.0145 0.0042 
v 0.0004541 -0.0145 0.00417538 
v 0.000902876 -0.0145 0.00410181 
v 0.00134107 -0.0145 0.00398014 
v 0.00176353 -0.0145 0.00381182 
v 0.00216533 -0.0145 0.0035988 
v 0.00254173 -0.0145 0.00334359 
v 0.00288834 -0.0145 0.00304918 
v 0.00320108 -0.0145 0.00271902 
v 0.00347629 -0.0145 0.00235699 
v 0.00371075 -0.0145 0.00196732 
v 0.0039017 -0.0145 0.00155458 
v 0.00404691 -0.0145 0.00112362 
v 0.00414467 -0.0145 0.000679484 
v 0.00419384 -0.0145 0.000227383 
v 0.00419384 -0.0145 -0.000227383 
v 0.00414467 -0.0145 -0.000679484 
v 0.00404691 -0.0145 -0.00112362 
v 0.0039017 -0.0145 -0.00155458 
v 0.00371075 -0.0145 -0.00196732 
v 0.00347629 -0.0145 -0.00235699 
v 0.00320108 -0.0145 -0.00271902 
v 0.00288834 -0.0145 -0.00304918 
v 0.00254173 -0.0145 -0.00334359 
v 0.00216533 -0.0145 -0.0035988 
v 0.00176353 -0.0145 -0.00381182 
v 0.00134107 -0.0145 -0.00398014 
v 0.000902876 -0.0145 -0.00410181 
v 0.0004541 -0.0145 -0.00417538 
v 0.00306245 -0.0145 -0.00207639 
v 0.00282 -0.0145 -0.00239533 
v 0.00326899 -0.0145 -0.00173311 
v -0.00365126 -0.0145 0.000598593 
v -0.00369457 -0.0145 0.000200314 
v -0.00326899 -0.0145 -0.00173311 
v -0.00343721 -0.0145 -0.00136951 
v -0.00306245 -0.0145 -0.00207639 
v 0.00254449 -0.0145 -0.00268618 
v 0.00343721 -0.0145 -0.00136951 
v 0.00356513 -0.0145 -0.000989855 
v 0.00365126 -0.0145 -0.000598593 
v 0.00343721 -0.0145 0.00136951 
v 0.00326899 -0.0145 0.00173311 
v 0.00306245 -0.0145 0.00207639 
v 0.00282 -0.0145 0.00239533 
v -0.00254449 -0.0145 0.00268618 
v -0.00282 -0.0145 0.00239533 
v -0.00326899 -0.0145 0.00173311 
v -0.00306245 -0.0145 0.00207639 
v -0.00343721 -0.0145 0.00136951 
v -0.00356513 -0.0145 0.000989855 
v -0.00365126 -0.0145 -0.000598593 
v -0.00369457 -0.0145 -0.000200314 
v -0.00356513 -0.0145 -0.000989855 
v -0.00282 -0.0145 -0.00239533 
v 0.00040004 -0.0145 -0.00367831 
v 0.000795391 -0.0145 -0.0036135 
v 0.00118142 -0.0145 -0.00350632 
v 0.00155359 -0.0145 -0.00335803 
v 0.00369457 -0.0145 -0.000200314 
v 0.00365126 -0.0145 0.000598593 
v 0.00356513 -0.0145 0.000989855 
v 0.00254449 -0.0145 0.00268618 
v 0.00223914 -0.0145 0.00294554 
v 0.00118142 -0.0145 0.00350632 
v 0.000795391 -0.0145 0.0036135 
v 0.00040004 -0.0145 0.00367831 
v 0 -0.0145 0.0037 
v -0.00254449 -0.0145 -0.00268618 
v -0.00155359 -0.0145 -0.00335803 
v -0.00190755 -0.0145 -0.00317037 
v -0.00118142 -0.0145 -0.00350632 
v 0.00190755 -0.0145 -0.00317037 
v 0.00223914 -0.0145 -0.00294554 
v 0.00369457 -0.0145 0.000200314 
v 0.00190755 -0.0145 0.00317037 
v 0.00155359 -0.0145 0.00335803 
v -0.00040004 -0.0145 0.00367831 
v -0.000795391 -0.0145 0.0036135 
v -0.00118142 -0.0145 0.00350632 
v -0.00155359 -0.0145 0.00335803 
v -0.00190755 -0.0145 0.00317037 
v -0.00223914 -0.0145 0.00294554 
v -0.00223914 -0.0145 -0.00294554 
v -0.00040004 -0.0145 -0.00367831 
v -0.000795391 -0.0145 -0.0036135 
v 4.53119e-19 -0.0145 -0.0037 
v 0 -0.01475 0.0037 
v 0.00040004 -0.01475 0.00367831 
v 0.000795391 -0.01475 0.0036135 
v 0.00118142 -0.01475 0.00350632 
v 0.00155359 -0.01475 0.00335803 
v 0.00190755 -0.01475 0.00317037 
v 0.00223914 -0.01475 0.00294554 
v 0.00254449 -0.01475 0.00268618 
v 0.00282 -0.01475 0.00239533 
v 0.00306245 -0.01475 0.00207639 
v 0.00326899 -0.01475 0.00173311 
v 0.00343721 -0.01475 0.00136951 
v 0.00356513 -0.01475 0.000989855 
v 0.00365126 -0.01475 0.000598593 
v 0.00369457 -0.01475 0.000200314 
v 0.00369457 -0.01475 -0.000200314 
v 0.00365126 -0.01475 -0.000598593 
v 0.00356513 -0.01475 -0.000989855 
v 0.00343721 -0.01475 -0.00136951 
v 0.00326899 -0.01475 -0.00173311 
v 0.00306245 -0.01475 -0.00207639 
v 0.00282 -0.01475 -0.00239533 
v 0.00254449 -0.01475 -0.00268618 
v 0.00223914 -0.01475 -0.00294554 
v 0.00190755 -0.01475 -0.00317037 
v 0.00155359 -0.01475 -0.00335803 
v 0.00118142 -0.01475 -0.00350632 
v 0.000795391 -0.01475 -0.0036135 
v 0.00040004 -0.01475 -0.00367831 
v 1.35936e-18 -0.01475 -0.0037 
v -0.00040004 -0.01475 -0.00367831 
v -0.000795391 -0.01475 -0.0036135 
v -0.00118142 -0.01475 -0.00350632 
v -0.00155359 -0.01475 -0.00335803 
v -0.00190755 -0.01475 -0.00317037 
v -0.00223914 -0.01475 -0.00294554 
v -0.00254449 -0.01475 -0.00268618 
v -0.00282 -0.01475 -0.00239533 
v -0.00306245 -0.01475 -0.00207639 
v -0.00326899 -0.01475 -0.00173311 
v -0.00343721 -0.01475 -0.00136951 
v -0.00356513 -0.01475 -0.000989855 
v -0.00365126 -0.01475 -0.000598593 
v -0.00369457 -0.01475 -0.000200314 
v -0.00369457 -0.01475 0.000200314 
v -0.00365126 -0.01475 0.000598593 
v -0.00356513 -0.01475 0.000989855 
v -0.00343721 -0.01475 0.00136951 
v -0.00326899 -0.01475 0.00173311 
v -0.00306245 -0.01475 0.00207639 
v -0.00282 -0.01475 0.00239533 
v -0.00254449 -0.01475 0.00268618 
v -0.00223914 -0.01475 0.00294554 
v -0.00190755 -0.01475 0.00317037 
v -0.00155359 -0.01475 0.00335803 
v -0.00118142 -0.01475 0.00350632 
v -0.000795391 -0.01475 0.0036135 
v -0.00040004 -0.01475 0.00367831 
v 0.00249633 -0.01475 -0.000135347 
v 0.00246707 -0.01475 -0.000404455 
v 0.00249633 -0.01475 0.000135347 
v 0.00128888 -0.01475 0.00214214 
v 0.00151294 -0.01475 0.00199023 
v 0.00104972 -0.01475 0.00226894 
v 0.00246707 -0.01475 0.000404455 
v 0.00171925 -0.01475 0.00181499 
v 0.00190541 -0.01475 0.00161847 
v 0.000798254 -0.01475 0.00236913 
v -0.00104972 -0.01475 0.00226894 
v -0.00128888 -0.01475 0.00214214 
v 0.00240887 -0.01475 0.000668821 
v 0.00220878 -0.01475 0.00117102 
v 0.00232244 -0.01475 0.000925345 
v 0.00206922 -0.01475 0.00140297 
v -0.000798254 -0.01475 0.00236913 
v -0.000537426 -0.01475 0.00244155 
v -0.00171925 -0.01475 0.00181499 
v -0.00151294 -0.01475 0.00199023 
v -0.00190541 -0.01475 0.00161847 
v 0.000537426 -0.01475 0.00244155 
v 0.000270298 -0.01475 0.00248534 
v 0 -0.01475 0.0025 
v -0.00206922 -0.01475 0.00140297 
v -0.00232244 -0.01475 0.000925345 
v -0.00220878 -0.01475 0.00117102 
v -0.00240887 -0.01475 0.000668821 
v -0.00190541 -0.01475 -0.00161847 
v -0.00206922 -0.01475 -0.00140297 
v -0.00171925 -0.01475 -0.00181499 
v -0.00246707 -0.01475 0.000404455 
v -0.00151294 -0.01475 -0.00199023 
v -0.00128888 -0.01475 -0.00214214 
v -0.00104972 -0.01475 -0.00226894 
v 0.000270298 -0.01475 -0.00248534 
v 3.06162e-19 -0.01475 -0.0025 
v 0.000537426 -0.01475 -0.00244155 
v 0.00104972 -0.01475 -0.00226894 
v 0.000798254 -0.01475 -0.00236913 
v 0.00128888 -0.01475 -0.00214214 
v 0.00220878 -0.01475 -0.00117102 
v 0.00232244 -0.01475 -0.000925345 
v 0.00240887 -0.01475 -0.000668821 
v -0.00249633 -0.01475 0.000135347 
v -0.00249633 -0.01475 -0.000135347 
v -0.00246707 -0.01475 -0.000404455 
v -0.00240887 -0.01475 -0.000668821 
v -0.00232244 -0.01475 -0.000925345 
v -0.00220878 -0.01475 -0.00117102 
v 0.00151294 -0.01475 -0.00199023 
v 0.00171925 -0.01475 -0.00181499 
v 0.00190541 -0.01475 -0.00161847 
v 0.00206922 -0.01475 -0.00140297 
v -0.000270298 -0.01475 0.00248534 
v -0.000798254 -0.01475 -0.00236913 
v -0.000537426 -0.01475 -0.00244155 
v -0.000270298 -0.01475 -0.00248534 
v 0 -0.01575 0.0025 
v 0.000270298 -0.01575 0.00248534 
v 0.000537426 -0.01575 0.00244155 
v 0.000798254 -0.01575 0.00236913 
v 0.00104972 -0.01575 0.00226894 
v 0.00128888 -0.01575 0.00214214 
v 0.00151294 -0.01575 0.00199023 
v 0.00171925 -0.01575 0.00181499 
v 0.00190541 -0.01575 0.00161847 
v 0.00206922 -0.01575 0.00140297 
v 0.00220878 -0.01575 0.00117102 
v 0.00232244 -0.01575 0.000925345 
v 0.00240887 -0.01575 0.000668821 
v 0.00246707 -0.01575 0.000404455 
v 0.00249633 -0.01575 0.000135347 
v 0.00249633 -0.01575 -0.000135347 
v 0.00246707 -0.01575 -0.000404455 
v 0.00240887 -0.01575 -0.000668821 
v 0.00232244 -0.01575 -0.000925345 
v 0.00220878 -0.01575 -0.00117102 
v 0.00206922 -0.01575 -0.00140297 
v 0.00190541 -0.01575 -0.00161847 
v 0.00171925 -0.01575 -0.00181499 
v 0.00151294 -0.01575 -0.00199023 
v 0.00128888 -0.01575 -0.00214214 
v 0.00104972 -0.01575 -0.00226894 
v 0.000798254 -0.01575 -0.00236913 
v 0.000537426 -0.01575 -0.00244155 
v 0.000270298 -0.01575 -0.00248534 
v 9.18485e-19 -0.01575 -0.0025 
v -0.000270298 -0.01575 -0.00248534 
v -0.000537426 -0.01575 -0.00244155 
v -0.000798254 -0.01575 -0.00236913 
v -0.00104972 -0.01575 -0.00226894 
v -0.00128888 -0.01575 -0.00214214 
v -0.00151294 -0.01575 -0.00199023 
v -0.00171925 -0.01575 -0.00181499 
v -0.00190541 -0.01575 -0.00161847 
v -0.00206922 -0.01575 -0.00140297 
v -0.00220878 -0.01575 -0.00117102 
v -0.00232244 -0.01575 -0.000925345 
v -0.00240887 -0.01575 -0.000668821 
v -0.00246707 -0.01575 -0.000404455 
v -0.00249633 -0.01575 -0.000135347 
v -0.00249633 -0.01575 0.000135347 
v -0.00246707 -0.01575 0.000404455 
v -0.00240887 -0.01575 0.000668821 
v -0.00232244 -0.01575 0.000925345 
v -0.00220878 -0.01575 0.00117102 
v -0.00206922 -0.01575 0.00140297 
v -0.00190541 -0.01575 0.00161847 
v -0.00171925 -0.01575 0.00181499 
v -0.00151294 -0.01575 0.00199023 
v -0.00128888 -0.01575 0.00214214 
v -0.00104972 -0.01575 0.00226894 
v -0.000798254 -0.01575 0.00236913 
v -0.000537426 -0.01575 0.00244155 
v -0.000270298 -0.01575 0.00248534 
v 0 -0.01575 0 
v 0.021101 -0.0085 -0.0075 
v 0.021101 -0.0145 -0.0075 
v 0.021101 -0.0085 0.0075 
v 0.021101 -0.0145 0.0075 
v 0.026101 -0.0145 0.0075 
v 0.026101 -0.0145 -0.0075 
v 0.026101 -0.0085 -0.0075 
v 0.026101 -0.0085 0.0075 
v 0.026101 -0.009 -0.007 
v 0.026101 -0.014 -0.007 
v 0.026101 -0.009 0.007 
v 0.026101 -0.014 0.007 
v 0.021101 -0.009 -0.007 
v 0.021101 -0.014 -0.007 
v 0.021101 -0.014 0.007 
v 0.021101 -0.009 0.007 
vn 0 1 0 
vn 0.108119 0 -0.994138 
vn 0 0 -1 
vn 0.21497 0 -0.976621 
vn 0.108119 0 -0.994138 
vn 0.319302 0 -0.947653 
vn 0.21497 0 -0.976621 
vn 0.419889 0 -0.907575 
vn 0.319302 0 -0.947653 
vn 0.515554 0 -0.856857 
vn 0.419889 0 -0.907575 
vn 0.605174 0 -0.796093 
vn 0.515554 0 -0.856857 
vn 0.687699 0 -0.725995 
vn 0.605174 0 -0.796093 
vn 0.762162 0 -0.647386 
vn 0.687699 0 -0.725995 
vn 0.827689 0 -0.561187 
vn 0.762162 0 -0.647386 
vn 0.883512 0 -0.468408 
vn 0.827689 0 -0.561187 
vn 0.928977 0 -0.370138 
vn 0.883512 0 -0.468408 
vn 0.96355 0 -0.267528 
vn 0.928977 0 -0.370138 
vn 0.986827 0 -0.161782 
vn 0.96355 0 -0.267528 
vn 0.998533 0 -0.0541389 
vn 0.986827 0 -0.161782 
vn 0.998533 0 0.0541389 
vn 0.998533 0 -0.0541389 
vn 0.986827 0 0.161782 
vn 0.998533 0 0.0541389 
vn 0.96355 0 0.267528 
vn 0.986827 0 0.161782 
vn 0.928977 0 0.370138 
vn 0.96355 0 0.267528 
vn 0.883512 0 0.468408 
vn 0.928977 0 0.370138 
vn 0.827689 0 0.561187 
vn 0.883512 0 0.468408 
vn 0.762162 0 0.647386 
vn 0.827689 0 0.561187 
vn 0.687699 0 0.725995 
vn 0.762162 0 0.647386 
vn 0.605174 0 0.796093 
vn 0.687699 0 0.725995 
vn 0.515554 0 0.856857 
vn 0.605174 0 0.796093 
vn 0.419889 0 0.907575 
vn 0.515554 0 0.856857 
vn 0.319302 0 0.947653 
vn 0.419889 0 0.907575 
vn 0.21497 0 0.976621 
vn 0.319302 0 0.947653 
vn 0.108119 0 0.994138 
vn 0.21497 0 0.976621 
vn -1.22465e-16 0 1 
vn 0.108119 0 0.994138 
vn -0.108119 0 0.994138 
vn -1.22465e-16 0 1 
vn -0.21497 0 0.976621 
vn -0.108119 0 0.994138 
vn -0.319302 0 0.947653 
vn -0.21497 0 0.976621 
vn -0.419889 0 0.907575 
vn -0.319302 0 0.947653 
vn -0.515554 0 0.856857 
vn -0.419889 0 0.907575 
vn -0.605174 0 0.796093 
vn -0.515554 0 0.856857 
vn -0.687699 0 0.725995 
vn -0.605174 0 0.796093 
vn -0.762162 0 0.647386 
vn -0.687699 0 0.725995 
vn -0.827689 0 0.561187 
vn -0.762162 0 0.647386 
vn -0.883512 0 0.468408 
vn -0.827689 0 0.561187 
vn -0.928977 0 0.370138 
vn -0.883512 0 0.468408 
vn -0.96355 0 0.267528 
vn -0.928977 0 0.370138 
vn -0.986827 0 0.161782 
vn -0.96355 0 0.267528 
vn -0.998533 0 0.0541389 
vn -0.986827 0 0.161782 
vn -0.998533 0 -0.0541389 
vn -0.998533 0 0.0541389 
vn -0.986827 0 -0.161782 
vn -0.998533 0 -0.0541389 
vn -0.96355 0 -0.267528 
vn -0.986827 0 -0.161782 
vn -0.928977 0 -0.370138 
vn -0.96355 0 -0.267528 
vn -0.883512 0 -0.468408 
vn -0.928977 0 -0.370138 
vn -0.827689 0 -0.561187 
vn -0.883512 0 -0.468408 
vn -0.762162 0 -0.647386 
vn -0.827689 0 -0.561187 
vn -0.687699 0 -0.725995 
vn -0.762162 0 -0.647386 
vn -0.605174 0 -0.796093 
vn -0.687699 0 -0.725995 
vn -0.515554 0 -0.856857 
vn -0.605174 0 -0.796093 
vn -0.419889 0 -0.907575 
vn -0.515554 0 -0.856857 
vn -0.319302 0 -0.947653 
vn -0.419889 0 -0.907575 
vn -0.21497 0 -0.976621 
vn -0.319302 0 -0.947653 
vn -0.108119 0 -0.994138 
vn -0.21497 0 -0.976621 
vn 0 1 0 
vn 0.108119 0 -0.994138 
vn 0 0 -1 
vn 0.21497 0 -0.976621 
vn 0.108119 0 -0.994138 
vn 0.319302 0 -0.947653 
vn 0.21497 0 -0.976621 
vn 0.419889 0 -0.907575 
vn 0.319302 0 -0.947653 
vn 0.515554 0 -0.856857 
vn 0.419889 0 -0.907575 
vn 0.605174 0 -0.796093 
vn 0.515554 0 -0.856857 
vn 0.687699 0 -0.725995 
vn 0.605174 0 -0.796093 
vn 0.762162 0 -0.647386 
vn 0.687699 0 -0.725995 
vn 0.827689 0 -0.561187 
vn 0.762162 0 -0.647386 
vn 0.883512 0 -0.468408 
vn 0.827689 0 -0.561187 
vn 0.928977 0 -0.370138 
vn 0.883512 0 -0.468408 
vn 0.96355 0 -0.267528 
vn 0.928977 0 -0.370138 
vn 0.986827 0 -0.161782 
vn 0.96355 0 -0.267528 
vn 0.998533 0 -0.0541389 
vn 0.986827 0 -0.161782 
vn 0.998533 0 0.0541389 
vn 1 0 1.83697e-16 
vn 0.998533 0 -0.0541389 
vn 0.986827 0 0.161782 
vn 0.96355 0 0.267528 
vn 0.928977 0 0.370138 
vn 0.883512 0 0.468408 
vn 0.827689 0 0.561187 
vn 0.762162 0 0.647386 
vn 0.687699 0 0.725995 
vn 0.605174 0 0.796093 
vn 0.515554 0 0.856857 
vn 0.419889 0 0.907575 
vn 0.319302 0 0.947653 
vn 0.21497 0 0.976621 
vn 0.108119 0 0.994138 
vn -1.22465e-16 0 1 
vn -0.108119 0 0.994138 
vn -0.21497 0 0.976621 
vn -0.319302 0 0.947653 
vn -0.419889 0 0.907575 
vn -0.515554 0 0.856857 
vn -0.605174 0 0.796093 
vn -0.687699 0 0.725995 
vn -0.762162 0 0.647386 
vn -0.827689 0 0.561187 
vn -0.883512 0 0.468408 
vn -0.928977 0 0.370138 
vn -0.96355 0 0.267528 
vn -0.986827 0 0.161782 
vn -0.998533 0 0.0541389 
vn -0.998533 0 -0.0541389 
vn -1 0 -6.12323e-17 
vn -0.998533 0 0.0541389 
vn -0.986827 0 -0.161782 
vn -0.96355 0 -0.267528 
vn -0.928977 0 -0.370138 
vn -0.883512 0 -0.468408 
vn -0.827689 0 -0.561187 
vn -0.762162 0 -0.647386 
vn -0.687699 0 -0.725995 
vn -0.605174 0 -0.796093 
vn -0.515554 0 -0.856857 
vn -0.419889 0 -0.907575 
vn -0.319302 0 -0.947653 
vn -0.21497 0 -0.976621 
vn -0.108119 0 -0.994138 
vn 0 1 0 
vn 0 0 1 
vn 0.108119 0 0.994138 
vn 0.21497 0 0.976621 
vn 0.319302 0 0.947653 
vn 0.419889 0 0.907575 
vn 0.515554 0 0.856857 
vn 0.605174 0 0.796093 
vn 0.687699 0 0.725995 
vn 0.762162 0 0.647386 
vn 0.827689 0 0.561187 
vn 0.883512 0 0.468408 
vn 0.928977 0 0.370138 
vn 0.96355 0 0.267528 
vn 0.986827 0 0.161782 
vn 0.998533 0 0.0541389 
vn 0.998533 0 -0.0541389 
vn 0.986827 0 -0.161782 
vn 0.96355 0 -0.267528 
vn 0.928977 0 -0.370138 
vn 0.883512 0 -0.468408 
vn 0.827689 0 -0.561187 
vn 0.762162 0 -0.647386 
vn 0.687699 0 -0.725995 
vn 0.605174 0 -0.796093 
vn 0.515554 0 -0.856857 
vn 0.419889 0 -0.907575 
vn 0.319302 0 -0.947653 
vn 0.21497 0 -0.976621 
vn 0.108119 0 -0.994138 
vn 1.22465e-16 0 -1 
vn -0.108119 0 -0.994138 
vn -0.21497 0 -0.976621 
vn -0.319302 0 -0.947653 
vn -0.419889 0 -0.907575 
vn -0.515554 0 -0.856857 
vn -0.605174 0 -0.796093 
vn -0.687699 0 -0.725995 
vn -0.762162 0 -0.647386 
vn -0.827689 0 -0.561187 
vn -0.883512 0 -0.468408 
vn -0.928977 0 -0.370138 
vn -0.96355 0 -0.267528 
vn -0.986827 0 -0.161782 
vn -0.998533 0 -0.0541389 
vn -0.998533 0 0.0541389 
vn -0.986827 0 0.161782 
vn -0.96355 0 0.267528 
vn -0.928977 0 0.370138 
vn -0.883512 0 0.468408 
vn -0.827689 0 0.561187 
vn -0.762162 0 0.647386 
vn -0.687699 0 0.725995 
vn -0.605174 0 0.796093 
vn -0.515554 0 0.856857 
vn -0.419889 0 0.907575 
vn -0.319302 0 0.947653 
vn -0.21497 0 0.976621 
vn -0.108119 0 0.994138 
vn 0 1 0 
vn 0 0 -1 
vn 0.108119 0 -0.994138 
vn 0.21497 0 -0.976621 
vn 0.319302 0 -0.947653 
vn 0.419889 0 -0.907575 
vn 0.515554 0 -0.856857 
vn 0.605174 0 -0.796093 
vn 0.687699 0 -0.725995 
vn 0.762162 0 -0.647386 
vn 0.827689 0 -0.561187 
vn 0.883512 0 -0.468408 
vn 0.928977 0 -0.370138 
vn 0.96355 0 -0.267528 
vn 0.986827 0 -0.161782 
vn 0.998533 0 -0.0541389 
vn 0.998533 0 0.0541389 
vn 0.986827 0 0.161782 
vn 0.96355 0 0.267528 
vn 0.928977 0 0.370138 
vn 0.883512 0 0.468408 
vn 0.827689 0 0.561187 
vn 0.762162 0 0.647386 
vn 0.687699 0 0.725995 
vn 0.605174 0 0.796093 
vn 0.515554 0 0.856857 
vn 0.419889 0 0.907575 
vn 0.319302 0 0.947653 
vn 0.21497 0 0.976621 
vn 0.108119 0 0.994138 
vn 5.66554e-16 0 1 
vn -0.108119 0 0.994138 
vn -0.21497 0 0.976621 
vn -0.319302 0 0.947653 
vn -0.419889 0 0.907575 
vn -0.515554 0 0.856857 
vn -0.605174 0 0.796093 
vn -0.687699 0 0.725995 
vn -0.762162 0 0.647386 
vn -0.827689 0 0.561187 
vn -0.883512 0 0.468408 
vn -0.928977 0 0.370138 
vn -0.96355 0 0.267528 
vn -0.986827 0 0.161782 
vn -0.998533 0 0.0541389 
vn -0.998533 0 -0.0541389 
vn -0.986827 0 -0.161782 
vn -0.96355 0 -0.267528 
vn -0.928977 0 -0.370138 
vn -0.883512 0 -0.468408 
vn -0.827689 0 -0.561187 
vn -0.762162 0 -0.647386 
vn -0.687699 0 -0.725995 
vn -0.605174 0 -0.796093 
vn -0.515554 0 -0.856857 
vn -0.419889 0 -0.907575 
vn -0.319302 0 -0.947653 
vn -0.21497 0 -0.976621 
vn -0.108119 0 -0.994138 
vn 0 1 0 
vn 0.108119 0 -0.994138 
vn 2.44929e-16 0 -1 
vn 0.21497 0 -0.976621 
vn 0.108119 0 -0.994138 
vn 0.319302 0 -0.947653 
vn 0.21497 0 -0.976621 
vn 0.419889 0 -0.907575 
vn 0.319302 0 -0.947653 
vn 0.515554 0 -0.856857 
vn 0.419889 0 -0.907575 
vn 0.605174 0 -0.796093 
vn 0.515554 0 -0.856857 
vn 0.687699 0 -0.725995 
vn 0.605174 0 -0.796093 
vn 0.762162 0 -0.647386 
vn 0.687699 0 -0.725995 
vn 0.827689 0 -0.561187 
vn 0.762162 0 -0.647386 
vn 0.883512 0 -0.468408 
vn 0.827689 0 -0.561187 
vn 0.928977 0 -0.370138 
vn 0.883512 0 -0.468408 
vn 0.96355 0 -0.267528 
vn 0.928977 0 -0.370138 
vn 0.986827 0 -0.161782 
vn 0.96355 0 -0.267528 
vn 0.998533 0 -0.0541389 
vn 0.986827 0 -0.161782 
vn 0.998533 0 0.0541389 
vn 0.998533 0 -0.0541389 
vn 0.986827 0 0.161782 
vn 0.998533 0 0.0541389 
vn 0.96355 0 0.267528 
vn 0.986827 0 0.161782 
vn 0.928977 0 0.370138 
vn 0.96355 0 0.267528 
vn 0.883512 0 0.468408 
vn 0.928977 0 0.370138 
vn 0.827689 0 0.561187 
vn 0.883512 0 0.468408 
vn 0.762162 0 0.647386 
vn 0.827689 0 0.561187 
vn 0.687699 0 0.725995 
vn 0.762162 0 0.647386 
vn 0.605174 0 0.796093 
vn 0.687699 0 0.725995 
vn 0.515554 0 0.856857 
vn 0.605174 0 0.796093 
vn 0.419889 0 0.907575 
vn 0.515554 0 0.856857 
vn 0.319302 0 0.947653 
vn 0.419889 0 0.907575 
vn 0.21497 0 0.976621 
vn 0.319302 0 0.947653 
vn 0.108119 0 0.994138 
vn 0.21497 0 0.976621 
vn 0 0 1 
vn 0.108119 0 0.994138 
vn -0.108119 0 0.994138 
vn 0 0 1 
vn -0.21497 0 0.976621 
vn -0.108119 0 0.994138 
vn -0.319302 0 0.947653 
vn -0.21497 0 0.976621 
vn -0.419889 0 0.907575 
vn -0.319302 0 0.947653 
vn -0.515554 0 0.856857 
vn -0.419889 0 0.907575 
vn -0.605174 0 0.796093 
vn -0.515554 0 0.856857 
vn -0.687699 0 0.725995 
vn -0.605174 0 0.796093 
vn -0.762162 0 0.647386 
vn -0.687699 0 0.725995 
vn -0.827689 0 0.561187 
vn -0.762162 0 0.647386 
vn -0.883512 0 0.468408 
vn -0.827689 0 0.561187 
vn -0.928977 0 0.370138 
vn -0.883512 0 0.468408 
vn -0.96355 0 0.267528 
vn -0.928977 0 0.370138 
vn -0.986827 0 0.161782 
vn -0.96355 0 0.267528 
vn -0.998533 0 0.0541389 
vn -0.986827 0 0.161782 
vn -0.998533 0 -0.0541389 
vn -0.998533 0 0.0541389 
vn -0.986827 0 -0.161782 
vn -0.998533 0 -0.0541389 
vn -0.96355 0 -0.267528 
vn -0.986827 0 -0.161782 
vn -0.928977 0 -0.370138 
vn -0.96355 0 -0.267528 
vn -0.883512 0 -0.468408 
vn -0.928977 0 -0.370138 
vn -0.827689 0 -0.561187 
vn -0.883512 0 -0.468408 
vn -0.762162 0 -0.647386 
vn -0.827689 0 -0.561187 
vn -0.687699 0 -0.725995 
vn -0.762162 0 -0.647386 
vn -0.605174 0 -0.796093 
vn -0.687699 0 -0.725995 
vn -0.515554 0 -0.856857 
vn -0.605174 0 -0.796093 
vn -0.419889 0 -0.907575 
vn -0.515554 0 -0.856857 
vn -0.319302 0 -0.947653 
vn -0.419889 0 -0.907575 
vn -0.21497 0 -0.976621 
vn -0.319302 0 -0.947653 
vn -0.108119 0 -0.994138 
vn -0.21497 0 -0.976621 
vn 0 1 0 
vn 0.108119 0 -0.994138 
vn 0 0 -1 
vn 0.21497 0 -0.976621 
vn 0.108119 0 -0.994138 
vn 0.319302 0 -0.947653 
vn 0.21497 0 -0.976621 
vn 0.419889 0 -0.907575 
vn 0.319302 0 -0.947653 
vn 0.515554 0 -0.856857 
vn 0.419889 0 -0.907575 
vn 0.605174 0 -0.796093 
vn 0.515554 0 -0.856857 
vn 0.687699 0 -0.725995 
vn 0.605174 0 -0.796093 
vn 0.762162 0 -0.647386 
vn 0.687699 0 -0.725995 
vn 0.827689 0 -0.561187 
vn 0.762162 0 -0.647386 
vn 0.883512 0 -0.468408 
vn 0.827689 0 -0.561187 
vn 0.928977 0 -0.370138 
vn 0.883512 0 -0.468408 
vn 0.96355 0 -0.267528 
vn 0.928977 0 -0.370138 
vn 0.986827 0 -0.161782 
vn 0.96355 0 -0.267528 
vn 0.998533 0 -0.0541389 
vn 0.986827 0 -0.161782 
vn 0.998533 0 0.0541389 
vn 0.998533 0 -0.0541389 
vn 0.986827 0 0.161782 
vn 0.998533 0 0.0541389 
vn 0.96355 0 0.267528 
vn 0.986827 0 0.161782 
vn 0.928977 0 0.370138 
vn 0.96355 0 0.267528 
vn 0.883512 0 0.468408 
vn 0.928977 0 0.370138 
vn 0.827689 0 0.561187 
vn 0.883512 0 0.468408 
vn 0.762162 0 0.647386 
vn 0.827689 0 0.561187 
vn 0.687699 0 0.725995 
vn 0.762162 0 0.647386 
vn 0.605174 0 0.796093 
vn 0.687699 0 0.725995 
vn 0.515554 0 0.856857 
vn 0.605174 0 0.796093 
vn 0.419889 0 0.907575 
vn 0.515554 0 0.856857 
vn 0.319302 0 0.947653 
vn 0.419889 0 0.907575 
vn 0.21497 0 0.976621 
vn 0.319302 0 0.947653 
vn 0.108119 0 0.994138 
vn 0.21497 0 0.976621 
vn -1.22465e-16 0 1 
vn 0.108119 0 0.994138 
vn -0.108119 0 0.994138 
vn -1.22465e-16 0 1 
vn -0.21497 0 0.976621 
vn -0.108119 0 0.994138 
vn -0.319302 0 0.947653 
vn -0.21497 0 0.976621 
vn -0.419889 0 0.907575 
vn -0.319302 0 0.947653 
vn -0.515554 0 0.856857 
vn -0.419889 0 0.907575 
vn -0.605174 0 0.796093 
vn -0.515554 0 0.856857 
vn -0.687699 0 0.725995 
vn -0.605174 0 0.796093 
vn -0.762162 0 0.647386 
vn -0.687699 0 0.725995 
vn -0.827689 0 0.561187 
vn -0.762162 0 0.647386 
vn -0.883512 0 0.468408 
vn -0.827689 0 0.561187 
vn -0.928977 0 0.370138 
vn -0.883512 0 0.468408 
vn -0.96355 0 0.267528 
vn -0.928977 0 0.370138 
vn -0.986827 0 0.161782 
vn -0.96355 0 0.267528 
vn -0.998533 0 0.0541389 
vn -0.986827 0 0.161782 
vn -0.998533 0 -0.0541389 
vn -0.998533 0 0.0541389 
vn -0.986827 0 -0.161782 
vn -0.998533 0 -0.0541389 
vn -0.96355 0 -0.267528 
vn -0.986827 0 -0.161782 
vn -0.928977 0 -0.370138 
vn -0.96355 0 -0.267528 
vn -0.883512 0 -0.468408 
vn -0.928977 0 -0.370138 
vn -0.827689 0 -0.561187 
vn -0.883512 0 -0.468408 
vn -0.762162 0 -0.647386 
vn -0.827689 0 -0.561187 
vn -0.687699 0 -0.725995 
vn -0.762162 0 -0.647386 
vn -0.605174 0 -0.796093 
vn -0.687699 0 -0.725995 
vn -0.515554 0 -0.856857 
vn -0.605174 0 -0.796093 
vn -0.419889 0 -0.907575 
vn -0.515554 0 -0.856857 
vn -0.319302 0 -0.947653 
vn -0.419889 0 -0.907575 
vn -0.21497 0 -0.976621 
vn -0.319302 0 -0.947653 
vn -0.108119 0 -0.994138 
vn -0.21497 0 -0.976621 
vn 0 1 0 
vn 0.108119 0 -0.994138 
vn 2.44929e-16 0 -1 
vn 0.21497 0 -0.976621 
vn 0.108119 0 -0.994138 
vn 0.319302 0 -0.947653 
vn 0.21497 0 -0.976621 
vn 0.419889 0 -0.907575 
vn 0.319302 0 -0.947653 
vn 0.515554 0 -0.856857 
vn 0.419889 0 -0.907575 
vn 0.605174 0 -0.796093 
vn 0.515554 0 -0.856857 
vn 0.687699 0 -0.725995 
vn 0.605174 0 -0.796093 
vn 0.762162 0 -0.647386 
vn 0.687699 0 -0.725995 
vn 0.827689 0 -0.561187 
vn 0.762162 0 -0.647386 
vn 0.883512 0 -0.468408 
vn 0.827689 0 -0.561187 
vn 0.928977 0 -0.370138 
vn 0.883512 0 -0.468408 
vn 0.96355 0 -0.267528 
vn 0.928977 0 -0.370138 
vn 0.986827 0 -0.161782 
vn 0.96355 0 -0.267528 
vn 0.998533 0 -0.0541389 
vn 0.986827 0 -0.161782 
vn 0.998533 0 0.0541389 
vn 0.998533 0 -0.0541389 
vn 0.986827 0 0.161782 
vn 0.998533 0 0.0541389 
vn 0.96355 0 0.267528 
vn 0.986827 0 0.161782 
vn 0.928977 0 0.370138 
vn 0.96355 0 0.267528 
vn 0.883512 0 0.468408 
vn 0.928977 0 0.370138 
vn 0.827689 0 0.561187 
vn 0.883512 0 0.468408 
vn 0.762162 0 0.647386 
vn 0.827689 0 0.561187 
vn 0.687699 0 0.725995 
vn 0.762162 0 0.647386 
vn 0.605174 0 0.796093 
vn 0.687699 0 0.725995 
vn 0.515554 0 0.856857 
vn 0.605174 0 0.796093 
vn 0.419889 0 0.907575 
vn 0.515554 0 0.856857 
vn 0.319302 0 0.947653 
vn 0.419889 0 0.907575 
vn 0.21497 0 0.976621 
vn 0.319302 0 0.947653 
vn 0.108119 0 0.994138 
vn 0.21497 0 0.976621 
vn 0 0 1 
vn 0.108119 0 0.994138 
vn -0.108119 0 0.994138 
vn 0 0 1 
vn -0.21497 0 0.976621 
vn -0.108119 0 0.994138 
vn -0.319302 0 0.947653 
vn -0.21497 0 0.976621 
vn -0.419889 0 0.907575 
vn -0.319302 0 0.947653 
vn -0.515554 0 0.856857 
vn -0.419889 0 0.907575 
vn -0.605174 0 0.796093 
vn -0.515554 0 0.856857 
vn -0.687699 0 0.725995 
vn -0.605174 0 0.796093 
vn -0.762162 0 0.647386 
vn -0.687699 0 0.725995 
vn -0.827689 0 0.561187 
vn -0.762162 0 0.647386 
vn -0.883512 0 0.468408 
vn -0.827689 0 0.561187 
vn -0.928977 0 0.370138 
vn -0.883512 0 0.468408 
vn -0.96355 0 0.267528 
vn -0.928977 0 0.370138 
vn -0.986827 0 0.161782 
vn -0.96355 0 0.267528 
vn -0.998533 0 0.0541389 
vn -0.986827 0 0.161782 
vn -0.998533 0 -0.0541389 
vn -0.998533 0 0.0541389 
vn -0.986827 0 -0.161782 
vn -0.998533 0 -0.0541389 
vn -0.96355 0 -0.267528 
vn -0.986827 0 -0.161782 
vn -0.928977 0 -0.370138 
vn -0.96355 0 -0.267528 
vn -0.883512 0 -0.468408 
vn -0.928977 0 -0.370138 
vn -0.827689 0 -0.561187 
vn -0.883512 0 -0.468408 
vn -0.762162 0 -0.647386 
vn -0.827689 0 -0.561187 
vn -0.687699 0 -0.725995 
vn -0.762162 0 -0.647386 
vn -0.605174 0 -0.796093 
vn -0.687699 0 -0.725995 
vn -0.515554 0 -0.856857 
vn -0.605174 0 -0.796093 
vn -0.419889 0 -0.907575 
vn -0.515554 0 -0.856857 
vn -0.319302 0 -0.947653 
vn -0.419889 0 -0.907575 
vn -0.21497 0 -0.976621 
vn -0.319302 0 -0.947653 
vn -0.108119 0 -0.994138 
vn -0.21497 0 -0.976621 
vn 0 1 0 
vn 0.108119 0 -0.994138 
vn 0 0 -1 
vn 0.21497 0 -0.976621 
vn 0.108119 0 -0.994138 
vn 0.319302 0 -0.947653 
vn 0.21497 0 -0.976621 
vn 0.419889 0 -0.907575 
vn 0.319302 0 -0.947653 
vn 0.515554 0 -0.856857 
vn 0.419889 0 -0.907575 
vn 0.605174 0 -0.796093 
vn 0.515554 0 -0.856857 
vn 0.687699 0 -0.725995 
vn 0.605174 0 -0.796093 
vn 0.762162 0 -0.647386 
vn 0.687699 0 -0.725995 
vn 0.827689 0 -0.561187 
vn 0.762162 0 -0.647386 
vn 0.883512 0 -0.468408 
vn 0.827689 0 -0.561187 
vn 0.928977 0 -0.370138 
vn 0.883512 0 -0.468408 
vn 0.96355 0 -0.267528 
vn 0.928977 0 -0.370138 
vn 0.986827 0 -0.161782 
vn 0.96355 0 -0.267528 
vn 0.998533 0 -0.0541389 
vn 0.986827 0 -0.161782 
vn 0.998533 0 0.0541389 
vn 0.998533 0 -0.0541389 
vn 0.986827 0 0.161782 
vn 0.998533 0 0.0541389 
vn 0.96355 0 0.267528 
vn 0.986827 0 0.161782 
vn 0.928977 0 0.370138 
vn 0.96355 0 0.267528 
vn 0.883512 0 0.468408 
vn 0.928977 0 0.370138 
vn 0.827689 0 0.561187 
vn 0.883512 0 0.468408 
vn 0.762162 0 0.647386 
vn 0.827689 0 0.561187 
vn 0.687699 0 0.725995 
vn 0.762162 0 0.647386 
vn 0.605174 0 0.796093 
vn 0.687699 0 0.725995 
vn 0.515554 0 0.856857 
vn 0.605174 0 0.796093 
vn 0.419889 0 0.907575 
vn 0.515554 0 0.856857 
vn 0.319302 0 0.947653 
vn 0.419889 0 0.907575 
vn 0.21497 0 0.976621 
vn 0.319302 0 0.947653 
vn 0.108119 0 0.994138 
vn 0.21497 0 0.976621 
vn -1.22465e-16 0 1 
vn 0.108119 0 0.994138 
vn -0.108119 0 0.994138 
vn -1.22465e-16 0 1 
vn -0.21497 0 0.976621 
vn -0.108119 0 0.994138 
vn -0.319302 0 0.947653 
vn -0.21497 0 0.976621 
vn -0.419889 0 0.907575 
vn -0.319302 0 0.947653 
vn -0.515554 0 0.856857 
vn -0.419889 0 0.907575 
vn -0.605174 0 0.796093 
vn -0.515554 0 0.856857 
vn -0.687699 0 0.725995 
vn -0.605174 0 0.796093 
vn -0.762162 0 0.647386 
vn -0.687699 0 0.725995 
vn -0.827689 0 0.561187 
vn -0.762162 0 0.647386 
vn -0.883512 0 0.468408 
vn -0.827689 0 0.561187 
vn -0.928977 0 0.370138 
vn -0.883512 0 0.468408 
vn -0.96355 0 0.267528 
vn -0.928977 0 0.370138 
vn -0.986827 0 0.161782 
vn -0.96355 0 0.267528 
vn -0.998533 0 0.0541389 
vn -0.986827 0 0.161782 
vn -0.998533 0 -0.0541389 
vn -0.998533 0 0.0541389 
vn -0.986827 0 -0.161782 
vn -0.998533 0 -0.0541389 
vn -0.96355 0 -0.267528 
vn -0.986827 0 -0.161782 
vn -0.928977 0 -0.370138 
vn -0.96355 0 -0.267528 
vn -0.883512 0 -0.468408 
vn -0.928977 0 -0.370138 
vn -0.827689 0 -0.561187 
vn -0.883512 0 -0.468408 
vn -0.762162 0 -0.647386 
vn -0.827689 0 -0.561187 
vn -0.687699 0 -0.725995 
vn -0.762162 0 -0.647386 
vn -0.605174 0 -0.796093 
vn -0.687699 0 -0.725995 
vn -0.515554 0 -0.856857 
vn -0.605174 0 -0.796093 
vn -0.419889 0 -0.907575 
vn -0.515554 0 -0.856857 
vn -0.319302 0 -0.947653 
vn -0.419889 0 -0.907575 
vn -0.21497 0 -0.976621 
vn -0.319302 0 -0.947653 
vn -0.108119 0 -0.994138 
vn -0.21497 0 -0.976621 
vn 0 1 0 
vn 0 0 -1 
vn 0.108119 0 -0.994138 
vn 0.21497 0 -0.976621 
vn 0.319302 0 -0.947653 
vn 0.419889 0 -0.907575 
vn 0.515554 0 -0.856857 
vn 0.605174 0 -0.796093 
vn 0.687699 0 -0.725995 
vn 0.762162 0 -0.647386 
vn 0.827689 0 -0.561187 
vn 0.883512 0 -0.468408 
vn 0.928977 0 -0.370138 
vn 0.96355 0 -0.267528 
vn 0.986827 0 -0.161782 
vn 0.998533 0 -0.0541389 
vn 0.998533 0 0.0541389 
vn 0.986827 0 0.161782 
vn 0.96355 0 0.267528 
vn 0.928977 0 0.370138 
vn 0.883512 0 0.468408 
vn 0.827689 0 0.561187 
vn 0.762162 0 0.647386 
vn 0.687699 0 0.725995 
vn 0.605174 0 0.796093 
vn 0.515554 0 0.856857 
vn 0.419889 0 0.907575 
vn 0.319302 0 0.947653 
vn 0.21497 0 0.976621 
vn 0.108119 0 0.994138 
vn 5.66554e-16 0 1 
vn -0.108119 0 0.994138 
vn -0.21497 0 0.976621 
vn -0.319302 0 0.947653 
vn -0.419889 0 0.907575 
vn -0.515554 0 0.856857 
vn -0.605174 0 0.796093 
vn -0.687699 0 0.725995 
vn -0.762162 0 0.647386 
vn -0.827689 0 0.561187 
vn -0.883512 0 0.468408 
vn -0.928977 0 0.370138 
vn -0.96355 0 0.267528 
vn -0.986827 0 0.161782 
vn -0.998533 0 0.0541389 
vn -0.998533 0 -0.0541389 
vn -0.986827 0 -0.161782 
vn -0.96355 0 -0.267528 
vn -0.928977 0 -0.370138 
vn -0.883512 0 -0.468408 
vn -0.827689 0 -0.561187 
vn -0.762162 0 -0.647386 
vn -0.687699 0 -0.725995 
vn -0.605174 0 -0.796093 
vn -0.515554 0 -0.856857 
vn -0.419889 0 -0.907575 
vn -0.319302 0 -0.947653 
vn -0.21497 0 -0.976621 
vn -0.108119 0 -0.994138 
vn 0 1 0 
vn 0 0 -1 
vn 0.108119 0 -0.994138 
vn 0.21497 0 -0.976621 
vn 0.319302 0 -0.947653 
vn 0.419889 0 -0.907575 
vn 0.515554 0 -0.856857 
vn 0.605174 0 -0.796093 
vn 0.687699 0 -0.725995 
vn 0.762162 0 -0.647386 
vn 0.827689 0 -0.561187 
vn 0.883512 0 -0.468408 
vn 0.928977 0 -0.370138 
vn 0.96355 0 -0.267528 
vn 0.986827 0 -0.161782 
vn 0.998533 0 -0.0541389 
vn 0.998533 0 0.0541389 
vn 0.986827 0 0.161782 
vn 0.96355 0 0.267528 
vn 0.928977 0 0.370138 
vn 0.883512 0 0.468408 
vn 0.827689 0 0.561187 
vn 0.762162 0 0.647386 
vn 0.687699 0 0.725995 
vn 0.605174 0 0.796093 
vn 0.515554 0 0.856857 
vn 0.419889 0 0.907575 
vn 0.319302 0 0.947653 
vn 0.21497 0 0.976621 
vn 0.108119 0 0.994138 
vn 5.66554e-16 0 1 
vn -0.108119 0 0.994138 
vn -0.21497 0 0.976621 
vn -0.319302 0 0.947653 
vn -0.419889 0 0.907575 
vn -0.515554 0 0.856857 
vn -0.605174 0 0.796093 
vn -0.687699 0 0.725995 
vn -0.762162 0 0.647386 
vn -0.827689 0 0.561187 
vn -0.883512 0 0.468408 
vn -0.928977 0 0.370138 
vn -0.96355 0 0.267528 
vn -0.986827 0 0.161782 
vn -0.998533 0 0.0541389 
vn -0.998533 0 -0.0541389 
vn -0.986827 0 -0.161782 
vn -0.96355 0 -0.267528 
vn -0.928977 0 -0.370138 
vn -0.883512 0 -0.468408 
vn -0.827689 0 -0.561187 
vn -0.762162 0 -0.647386 
vn -0.687699 0 -0.725995 
vn -0.605174 0 -0.796093 
vn -0.515554 0 -0.856857 
vn -0.419889 0 -0.907575 
vn -0.319302 0 -0.947653 
vn -0.21497 0 -0.976621 
vn -0.108119 0 -0.994138 
vn 0 1 0 
vn 0.672682 0 -0.739932 
vn 0.634784 0 -0.77269 
vn 0.599347 0 -0.800489 
vn 0.739932 0 -0.672682 
vn 0.707107 0 -0.707107 
vn 0.800489 0 -0.599347 
vn 0.77269 0 -0.634784 
vn 0.538931 0 -0.84235 
vn 0.571073 0 -0.8209 
vn 0.599347 0 -0.800489 
vn 0.84235 0 -0.538931 
vn 0.8209 0 -0.571072 
vn 0.538931 0 -0.84235 
vn 0 -1 0 
vn 0.707107 0 -0.707107 
vn 0.672683 0 -0.739931 
vn 0.634784 0 -0.77269 
vn 0.672682 0 -0.739932 
vn 0.634786 0 -0.772688 
vn 0.77269 0 -0.634784 
vn 0.772688 0 -0.634786 
vn 0.739931 0 -0.672683 
vn 0.739932 0 -0.672682 
vn 0.599344 0 -0.800492 
vn 0.599347 0 -0.800489 
vn 0.571073 0 -0.8209 
vn 0.571072 0 -0.8209 
vn 0.800492 0 -0.599344 
vn 0.8209 0 -0.571072 
vn 0.8209 0 -0.571073 
vn 0.800489 0 -0.599347 
vn 0 0 -1 
vn 0.101131 0 -0.994873 
vn 0.201224 0 -0.979545 
vn 0.299255 0 -0.954173 
vn 0.394217 0 -0.919018 
vn 0.485136 0 -0.874439 
vn 0.571006 0 -0.820946 
vn 0.570999 0 -0.820951 
vn 0.485136 0 -0.874439 
vn 0 -1 0 
vn 0 0 -1 
vn 0 1 0 
vn -0.739932 0 -0.672682 
vn -0.77269 0 -0.634784 
vn -0.800489 0 -0.599347 
vn -0.672682 0 -0.739932 
vn -0.707107 0 -0.707107 
vn -0.599347 0 -0.800489 
vn -0.634784 0 -0.77269 
vn -0.84235 0 -0.538931 
vn -0.8209 0 -0.571073 
vn -0.800489 0 -0.599347 
vn -0.538931 0 -0.84235 
vn -0.571072 0 -0.8209 
vn -0.84235 0 -0.538931 
vn -0.485136 0 -0.874439 
vn -0.394217 0 -0.919018 
vn -0.299255 0 -0.954173 
vn -0.201224 0 -0.979545 
vn -0.101131 0 -0.994873 
vn 0 0 -1 
vn -0.571006 0 -0.820946 
vn -0.570999 0 -0.820951 
vn 0 0 -1 
vn 0 -1 0 
vn -0.707107 0 -0.707107 
vn -0.739931 0 -0.672683 
vn -0.77269 0 -0.634784 
vn -0.739932 0 -0.672682 
vn -0.772688 0 -0.634786 
vn -0.634784 0 -0.77269 
vn -0.634786 0 -0.772688 
vn -0.672683 0 -0.739931 
vn -0.672682 0 -0.739932 
vn -0.800492 0 -0.599344 
vn -0.800489 0 -0.599347 
vn -0.8209 0 -0.571073 
vn -0.8209 0 -0.571072 
vn -0.599344 0 -0.800492 
vn -0.571072 0 -0.8209 
vn -0.571073 0 -0.8209 
vn -0.599347 0 -0.800489 
vn 0 1 0 
vn -1 0 0 
vn -0.994873 0 -0.101131 
vn -0.979545 0 -0.201224 
vn -0.954173 0 -0.299255 
vn -0.919018 0 -0.394217 
vn -0.874439 0 -0.485136 
vn -0.820946 0 -0.571006 
vn -0.820951 0 -0.570999 
vn -0.874439 0 -0.485136 
vn 0 -1 0 
vn -1 0 0 
vn 0 1 0 
vn -0.672682 0 -0.739932 
vn -0.672683 0 -0.739931 
vn -0.634786 0 -0.772688 
vn -0.599347 0 -0.800489 
vn -0.739932 0 -0.672682 
vn -0.707107 0 -0.707107 
vn -0.739931 0 -0.672683 
vn -0.800489 0 -0.599347 
vn -0.772688 0 -0.634786 
vn -0.800492 0 -0.599344 
vn -0.538931 0 -0.84235 
vn -0.571073 0 -0.8209 
vn -0.599344 0 -0.800492 
vn -0.84235 0 -0.538931 
vn -0.8209 0 -0.571072 
vn -0.538931 0 -0.84235 
vn -0.672682 0 0.739932 
vn -0.634784 0 0.77269 
vn -0.599347 0 0.800489 
vn -0.739932 0 0.672682 
vn -0.707107 0 0.707107 
vn -0.800489 0 0.599347 
vn -0.77269 0 0.634784 
vn -0.538931 0 0.84235 
vn -0.571073 0 0.8209 
vn -0.599347 0 0.800489 
vn -0.84235 0 0.538931 
vn -0.8209 0 0.571072 
vn -0.538931 0 0.84235 
vn -0.874439 0 0.485136 
vn -0.919018 0 0.394217 
vn -0.954173 0 0.299255 
vn -0.979545 0 0.201224 
vn -0.994873 0 0.101131 
vn -1 0 0 
vn -0.820946 0 0.571006 
vn -0.820951 0 0.570999 
vn -1 0 0 
vn 0 -1 0 
vn -0.707107 0 0.707107 
vn -0.672683 0 0.739931 
vn -0.634784 0 0.77269 
vn -0.672682 0 0.739932 
vn -0.634786 0 0.772688 
vn -0.77269 0 0.634784 
vn -0.772688 0 0.634786 
vn -0.739931 0 0.672683 
vn -0.739932 0 0.672682 
vn -0.800492 0 0.599344 
vn -0.8209 0 0.571072 
vn -0.8209 0 0.571073 
vn -0.800489 0 0.599347 
vn -0.599344 0 0.800492 
vn -0.599347 0 0.800489 
vn -0.571073 0 0.8209 
vn -0.571072 0 0.8209 
vn 0 1 0 
vn -2.56991e-16 0 1 
vn -0.101131 0 0.994873 
vn -0.201224 0 0.979545 
vn -0.299255 0 0.954173 
vn -0.394217 0 0.919018 
vn -0.485136 0 0.874439 
vn -0.571006 0 0.820946 
vn -0.570999 0 0.820951 
vn -0.485136 0 0.874439 
vn 0 -1 0 
vn 0 0 1 
vn 0 1 0 
vn -0.739932 0 0.672682 
vn -0.739931 0 0.672683 
vn -0.772688 0 0.634786 
vn -0.800489 0 0.599347 
vn -0.672682 0 0.739932 
vn -0.707107 0 0.707107 
vn -0.672683 0 0.739931 
vn -0.599347 0 0.800489 
vn -0.634786 0 0.772688 
vn -0.599344 0 0.800492 
vn -0.538931 0 0.84235 
vn -0.571072 0 0.8209 
vn -0.84235 0 0.538931 
vn -0.8209 0 0.571073 
vn -0.800492 0 0.599344 
vn -0.84235 0 0.538931 
vn 0.739932 0 0.672682 
vn 0.77269 0 0.634784 
vn 0.800489 0 0.599347 
vn 0.672682 0 0.739932 
vn 0.707107 0 0.707107 
vn 0.599347 0 0.800489 
vn 0.634784 0 0.77269 
vn 0.84235 0 0.538931 
vn 0.8209 0 0.571073 
vn 0.800489 0 0.599347 
vn 0.538931 0 0.84235 
vn 0.571072 0 0.8209 
vn 0.84235 0 0.538931 
vn 1 0 0 
vn 0.874439 0 -0.485136 
vn 0.919018 0 -0.394217 
vn 0.954173 0 -0.299255 
vn 0.979545 0 -0.201224 
vn 0.994873 0 -0.101131 
vn 1 0 0 
vn 0.820946 0 -0.571006 
vn 0.820951 0 -0.570999 
vn 1 0 0 
vn 0.485136 0 0.874439 
vn 0.394217 0 0.919018 
vn 0.299255 0 0.954173 
vn 0.201224 0 0.979545 
vn 0.101131 0 0.994873 
vn 0 0 1 
vn 0.571006 0 0.820946 
vn 0.570999 0 0.820951 
vn 0 0 1 
vn 0 -1 0 
vn 0.707107 0 0.707107 
vn 0.739931 0 0.672683 
vn 0.77269 0 0.634784 
vn 0.739932 0 0.672682 
vn 0.772688 0 0.634786 
vn 0.634784 0 0.77269 
vn 0.634786 0 0.772688 
vn 0.672683 0 0.739931 
vn 0.672682 0 0.739932 
vn 0.599344 0 0.800492 
vn 0.571072 0 0.8209 
vn 0.571073 0 0.8209 
vn 0.599347 0 0.800489 
vn 0.800492 0 0.599344 
vn 0.800489 0 0.599347 
vn 0.8209 0 0.571073 
vn 0.8209 0 0.571072 
vn 0 1 0 
vn 1 0 0 
vn 0.739932 0 -0.672682 
vn 0.739931 0 -0.672683 
vn 0.772688 0 -0.634786 
vn 0.800489 0 -0.599347 
vn 0.672682 0 -0.739932 
vn 0.707107 0 -0.707107 
vn 0.672683 0 -0.739931 
vn 0.599347 0 -0.800489 
vn 0.634786 0 -0.772688 
vn 0.599344 0 -0.800492 
vn 0.538931 0 -0.84235 
vn 0.571072 0 -0.8209 
vn 0.84235 0 -0.538931 
vn 0.8209 0 -0.571073 
vn 0.800492 0 -0.599344 
vn 0.84235 0 -0.538931 
vn 1 0 0 
vn 0.994873 0 0.101131 
vn 0.979545 0 0.201224 
vn 0.954173 0 0.299255 
vn 0.919018 0 0.394217 
vn 0.874439 0 0.485136 
vn 0.820946 0 0.571006 
vn 0.820951 0 0.570999 
vn 0.874439 0 0.485136 
vn 0 1 0 
vn 0.672682 0 0.739932 
vn 0.672683 0 0.739931 
vn 0.634786 0 0.772688 
vn 0.599347 0 0.800489 
vn 0.739932 0 0.672682 
vn 0.707107 0 0.707107 
vn 0.739931 0 0.672683 
vn 0.800489 0 0.599347 
vn 0.772688 0 0.634786 
vn 0.800492 0 0.599344 
vn 0.538931 0 0.84235 
vn 0.571073 0 0.8209 
vn 0.599344 0 0.800492 
vn 0.84235 0 0.538931 
vn 0.8209 0 0.571072 
vn 0.538931 0 0.84235 
vn -2.56991e-16 0 1 
vn -1 0 1.07568e-15 
vn -0.994522 0 0.104528 
vn -0.978148 0 0.207912 
vn -0.951057 0 0.309017 
vn -0.913545 0 0.406737 
vn -0.866025 0 0.5 
vn -0.809017 0 0.587785 
vn -0.743145 0 0.669131 
vn -0.669131 0 0.743145 
vn -0.587785 0 0.809017 
vn -0.5 0 0.866025 
vn -0.406737 0 0.913545 
vn -0.309017 0 0.951057 
vn -0.207912 0 0.978148 
vn -0.104528 0 0.994522 
vn 0 0 1 
vn -1 0 -1.28495e-16 
vn 0 -1 0 
vn 1 0 1.07568e-15 
vn 0.104528 0 0.994522 
vn 0 0 1 
vn 0.207912 0 0.978148 
vn 0.104528 0 0.994522 
vn 0.309017 0 0.951057 
vn 0.207912 0 0.978148 
vn 0.406737 0 0.913545 
vn 0.309017 0 0.951057 
vn 0.5 0 0.866025 
vn 0.406737 0 0.913545 
vn 0.587785 0 0.809017 
vn 0.5 0 0.866025 
vn 0.669131 0 0.743145 
vn 0.587785 0 0.809017 
vn 0.743145 0 0.669131 
vn 0.669131 0 0.743145 
vn 0.809017 0 0.587785 
vn 0.743145 0 0.669131 
vn 0.866025 0 0.5 
vn 0.809017 0 0.587785 
vn 0.913545 0 0.406737 
vn 0.866025 0 0.5 
vn 0.951057 0 0.309017 
vn 0.913545 0 0.406737 
vn 0.978148 0 0.207912 
vn 0.951057 0 0.309017 
vn 0.994522 0 0.104528 
vn 0.978148 0 0.207912 
vn 1 0 0 
vn 0.994522 0 0.104528 
vn 0 0 1 
vn 0 -1 0 
vn 0 0 -1 
vn -0.104528 0 -0.994522 
vn -0.207912 0 -0.978148 
vn -0.309017 0 -0.951057 
vn -0.406737 0 -0.913545 
vn -0.5 0 -0.866025 
vn -0.587785 0 -0.809017 
vn -0.669131 0 -0.743145 
vn -0.743145 0 -0.669131 
vn -0.809017 0 -0.587785 
vn -0.866025 0 -0.5 
vn -0.913545 0 -0.406737 
vn -0.951057 0 -0.309017 
vn -0.978148 0 -0.207912 
vn -0.994522 0 -0.104528 
vn -1 0 0 
vn -1.28495e-16 0 -1 
vn 0 -1 0 
vn 1 0 -1.07568e-15 
vn 0.994522 0 -0.104528 
vn 0.978148 0 -0.207912 
vn 0.951057 0 -0.309017 
vn 0.913545 0 -0.406737 
vn 0.866025 0 -0.5 
vn 0.809017 0 -0.587785 
vn 0.743145 0 -0.669131 
vn 0.669131 0 -0.743145 
vn 0.587785 0 -0.809017 
vn 0.5 0 -0.866025 
vn 0.406737 0 -0.913545 
vn 0.309017 0 -0.951057 
vn 0.207912 0 -0.978148 
vn 0.104528 0 -0.994522 
vn 0 0 -1 
vn 0 -1 0 
vn 0.108119 0 0.994138 
vn 0 0 1 
vn 0.21497 0 0.976621 
vn 0.108119 0 0.994138 
vn 0.319302 0 0.947653 
vn 0.21497 0 0.976621 
vn 0.419889 0 0.907575 
vn 0.319302 0 0.947653 
vn 0.515554 0 0.856857 
vn 0.419889 0 0.907575 
vn 0.605174 0 0.796093 
vn 0.515554 0 0.856857 
vn 0.687699 0 0.725995 
vn 0.605174 0 0.796093 
vn 0.762162 0 0.647386 
vn 0.687699 0 0.725995 
vn 0.827689 0 0.561187 
vn 0.762162 0 0.647386 
vn 0.883512 0 0.468408 
vn 0.827689 0 0.561187 
vn 0.928977 0 0.370138 
vn 0.883512 0 0.468408 
vn 0.96355 0 0.267528 
vn 0.928977 0 0.370138 
vn 0.986827 0 0.161782 
vn 0.96355 0 0.267528 
vn 0.998533 0 0.0541389 
vn 0.986827 0 0.161782 
vn 0.998533 0 -0.0541389 
vn 0.998533 0 0.0541389 
vn 0.986827 0 -0.161782 
vn 0.998533 0 -0.0541389 
vn 0.96355 0 -0.267528 
vn 0.986827 0 -0.161782 
vn 0.928977 0 -0.370138 
vn 0.96355 0 -0.267528 
vn 0.883512 0 -0.468408 
vn 0.928977 0 -0.370138 
vn 0.827689 0 -0.561187 
vn 0.883512 0 -0.468408 
vn 0.762162 0 -0.647386 
vn 0.827689 0 -0.561187 
vn 0.687699 0 -0.725995 
vn 0.762162 0 -0.647386 
vn 0.605174 0 -0.796093 
vn 0.687699 0 -0.725995 
vn 0.515554 0 -0.856857 
vn 0.605174 0 -0.796093 
vn 0.419889 0 -0.907575 
vn 0.515554 0 -0.856857 
vn 0.319302 0 -0.947653 
vn 0.419889 0 -0.907575 
vn 0.21497 0 -0.976621 
vn 0.319302 0 -0.947653 
vn 0.108119 0 -0.994138 
vn 0.21497 0 -0.976621 
vn -1.22465e-16 0 -1 
vn 0.108119 0 -0.994138 
vn -0.108119 0 -0.994138 
vn -1.22465e-16 0 -1 
vn -0.21497 0 -0.976621 
vn -0.108119 0 -0.994138 
vn -0.319302 0 -0.947653 
vn -0.21497 0 -0.976621 
vn -0.419889 0 -0.907575 
vn -0.319302 0 -0.947653 
vn -0.515554 0 -0.856857 
vn -0.419889 0 -0.907575 
vn -0.605174 0 -0.796093 
vn -0.515554 0 -0.856857 
vn -0.687699 0 -0.725995 
vn -0.605174 0 -0.796093 
vn -0.762162 0 -0.647386 
vn -0.687699 0 -0.725995 
vn -0.827689 0 -0.561187 
vn -0.762162 0 -0.647386 
vn -0.883512 0 -0.468408 
vn -0.827689 0 -0.561187 
vn -0.928977 0 -0.370138 
vn -0.883512 0 -0.468408 
vn -0.96355 0 -0.267528 
vn -0.928977 0 -0.370138 
vn -0.986827 0 -0.161782 
vn -0.96355 0 -0.267528 
vn -0.998533 0 -0.0541389 
vn -0.986827 0 -0.161782 
vn -0.998533 0 0.0541389 
vn -0.998533 0 -0.0541389 
vn -0.986827 0 0.161782 
vn -0.998533 0 0.0541389 
vn -0.96355 0 0.267528 
vn -0.986827 0 0.161782 
vn -0.928977 0 0.370138 
vn -0.96355 0 0.267528 
vn -0.883512 0 0.468408 
vn -0.928977 0 0.370138 
vn -0.827689 0 0.561187 
vn -0.883512 0 0.468408 
vn -0.762162 0 0.647386 
vn -0.827689 0 0.561187 
vn -0.687699 0 0.725995 
vn -0.762162 0 0.647386 
vn -0.605174 0 0.796093 
vn -0.687699 0 0.725995 
vn -0.515554 0 0.856857 
vn -0.605174 0 0.796093 
vn -0.419889 0 0.907575 
vn -0.515554 0 0.856857 
vn -0.319302 0 0.947653 
vn -0.419889 0 0.907575 
vn -0.21497 0 0.976621 
vn -0.319302 0 0.947653 
vn -0.108119 0 0.994138 
vn -0.21497 0 0.976621 
vn 0 -1 0 
vn 0.108119 0 0.994138 
vn 0 0 1 
vn 0.21497 0 0.976621 
vn 0.108119 0 0.994138 
vn 0.319302 0 0.947653 
vn 0.21497 0 0.976621 
vn 0.419889 0 0.907575 
vn 0.319302 0 0.947653 
vn 0.515554 0 0.856857 
vn 0.419889 0 0.907575 
vn 0.605174 0 0.796093 
vn 0.515554 0 0.856857 
vn 0.687699 0 0.725995 
vn 0.605174 0 0.796093 
vn 0.762162 0 0.647386 
vn 0.687699 0 0.725995 
vn 0.827689 0 0.561187 
vn 0.762162 0 0.647386 
vn 0.883512 0 0.468408 
vn 0.827689 0 0.561187 
vn 0.928977 0 0.370138 
vn 0.883512 0 0.468408 
vn 0.96355 0 0.267528 
vn 0.928977 0 0.370138 
vn 0.986827 0 0.161782 
vn 0.96355 0 0.267528 
vn 0.998533 0 0.0541389 
vn 0.986827 0 0.161782 
vn 0.998533 0 -0.0541389 
vn 0.998533 0 0.0541389 
vn 0.986827 0 -0.161782 
vn 0.998533 0 -0.0541389 
vn 0.96355 0 -0.267528 
vn 0.986827 0 -0.161782 
vn 0.928977 0 -0.370138 
vn 0.96355 0 -0.267528 
vn 0.883512 0 -0.468408 
vn 0.928977 0 -0.370138 
vn 0.827689 0 -0.561187 
vn 0.883512 0 -0.468408 
vn 0.762162 0 -0.647386 
vn 0.827689 0 -0.561187 
vn 0.687699 0 -0.725995 
vn 0.762162 0 -0.647386 
vn 0.605174 0 -0.796093 
vn 0.687699 0 -0.725995 
vn 0.515554 0 -0.856857 
vn 0.605174 0 -0.796093 
vn 0.419889 0 -0.907575 
vn 0.515554 0 -0.856857 
vn 0.319302 0 -0.947653 
vn 0.419889 0 -0.907575 
vn 0.21497 0 -0.976621 
vn 0.319302 0 -0.947653 
vn 0.108119 0 -0.994138 
vn 0.21497 0 -0.976621 
vn -1.22465e-16 0 -1 
vn 0.108119 0 -0.994138 
vn -0.108119 0 -0.994138 
vn -1.22465e-16 0 -1 
vn -0.21497 0 -0.976621 
vn -0.108119 0 -0.994138 
vn -0.319302 0 -0.947653 
vn -0.21497 0 -0.976621 
vn -0.419889 0 -0.907575 
vn -0.319302 0 -0.947653 
vn -0.515554 0 -0.856857 
vn -0.419889 0 -0.907575 
vn -0.605174 0 -0.796093 
vn -0.515554 0 -0.856857 
vn -0.687699 0 -0.725995 
vn -0.605174 0 -0.796093 
vn -0.762162 0 -0.647386 
vn -0.687699 0 -0.725995 
vn -0.827689 0 -0.561187 
vn -0.762162 0 -0.647386 
vn -0.883512 0 -0.468408 
vn -0.827689 0 -0.561187 
vn -0.928977 0 -0.370138 
vn -0.883512 0 -0.468408 
vn -0.96355 0 -0.267528 
vn -0.928977 0 -0.370138 
vn -0.986827 0 -0.161782 
vn -0.96355 0 -0.267528 
vn -0.998533 0 -0.0541389 
vn -0.986827 0 -0.161782 
vn -0.998533 0 0.0541389 
vn -0.998533 0 -0.0541389 
vn -0.986827 0 0.161782 
vn -0.998533 0 0.0541389 
vn -0.96355 0 0.267528 
vn -0.986827 0 0.161782 
vn -0.928977 0 0.370138 
vn -0.96355 0 0.267528 
vn -0.883512 0 0.468408 
vn -0.928977 0 0.370138 
vn -0.827689 0 0.561187 
vn -0.883512 0 0.468408 
vn -0.762162 0 0.647386 
vn -0.827689 0 0.561187 
vn -0.687699 0 0.725995 
vn -0.762162 0 0.647386 
vn -0.605174 0 0.796093 
vn -0.687699 0 0.725995 
vn -0.515554 0 0.856857 
vn -0.605174 0 0.796093 
vn -0.419889 0 0.907575 
vn -0.515554 0 0.856857 
vn -0.319302 0 0.947653 
vn -0.419889 0 0.907575 
vn -0.21497 0 0.976621 
vn -0.319302 0 0.947653 
vn -0.108119 0 0.994138 
vn -0.21497 0 0.976621 
vn 0 -1 0 
vn 0.108119 0 0.994138 
vn 0 0 1 
vn 0.21497 0 0.976621 
vn 0.108119 0 0.994138 
vn 0.319302 0 0.947653 
vn 0.21497 0 0.976621 
vn 0.419889 0 0.907575 
vn 0.319302 0 0.947653 
vn 0.515554 0 0.856857 
vn 0.419889 0 0.907575 
vn 0.605174 0 0.796093 
vn 0.515554 0 0.856857 
vn 0.687699 0 0.725995 
vn 0.605174 0 0.796093 
vn 0.762162 0 0.647386 
vn 0.687699 0 0.725995 
vn 0.827689 0 0.561187 
vn 0.762162 0 0.647386 
vn 0.883512 0 0.468408 
vn 0.827689 0 0.561187 
vn 0.928977 0 0.370138 
vn 0.883512 0 0.468408 
vn 0.96355 0 0.267528 
vn 0.928977 0 0.370138 
vn 0.986827 0 0.161782 
vn 0.96355 0 0.267528 
vn 0.998533 0 0.0541389 
vn 0.986827 0 0.161782 
vn 0.998533 0 -0.0541389 
vn 0.998533 0 0.0541389 
vn 0.986827 0 -0.161782 
vn 0.998533 0 -0.0541389 
vn 0.96355 0 -0.267528 
vn 0.986827 0 -0.161782 
vn 0.928977 0 -0.370138 
vn 0.96355 0 -0.267528 
vn 0.883512 0 -0.468408 
vn 0.928977 0 -0.370138 
vn 0.827689 0 -0.561187 
vn 0.883512 0 -0.468408 
vn 0.762162 0 -0.647386 
vn 0.827689 0 -0.561187 
vn 0.687699 0 -0.725995 
vn 0.762162 0 -0.647386 
vn 0.605174 0 -0.796093 
vn 0.687699 0 -0.725995 
vn 0.515554 0 -0.856857 
vn 0.605174 0 -0.796093 
vn 0.419889 0 -0.907575 
vn 0.515554 0 -0.856857 
vn 0.319302 0 -0.947653 
vn 0.419889 0 -0.907575 
vn 0.21497 0 -0.976621 
vn 0.319302 0 -0.947653 
vn 0.108119 0 -0.994138 
vn 0.21497 0 -0.976621 
vn -1.22465e-16 0 -1 
vn 0.108119 0 -0.994138 
vn -0.108119 0 -0.994138 
vn -1.22465e-16 0 -1 
vn -0.21497 0 -0.976621 
vn -0.108119 0 -0.994138 
vn -0.319302 0 -0.947653 
vn -0.21497 0 -0.976621 
vn -0.419889 0 -0.907575 
vn -0.319302 0 -0.947653 
vn -0.515554 0 -0.856857 
vn -0.419889 0 -0.907575 
vn -0.605174 0 -0.796093 
vn -0.515554 0 -0.856857 
vn -0.687699 0 -0.725995 
vn -0.605174 0 -0.796093 
vn -0.762162 0 -0.647386 
vn -0.687699 0 -0.725995 
vn -0.827689 0 -0.561187 
vn -0.762162 0 -0.647386 
vn -0.883512 0 -0.468408 
vn -0.827689 0 -0.561187 
vn -0.928977 0 -0.370138 
vn -0.883512 0 -0.468408 
vn -0.96355 0 -0.267528 
vn -0.928977 0 -0.370138 
vn -0.986827 0 -0.161782 
vn -0.96355 0 -0.267528 
vn -0.998533 0 -0.0541389 
vn -0.986827 0 -0.161782 
vn -0.998533 0 0.0541389 
vn -0.998533 0 -0.0541389 
vn -0.986827 0 0.161782 
vn -0.998533 0 0.0541389 
vn -0.96355 0 0.267528 
vn -0.986827 0 0.161782 
vn -0.928977 0 0.370138 
vn -0.96355 0 0.267528 
vn -0.883512 0 0.468408 
vn -0.928977 0 0.370138 
vn -0.827689 0 0.561187 
vn -0.883512 0 0.468408 
vn -0.762162 0 0.647386 
vn -0.827689 0 0.561187 
vn -0.687699 0 0.725995 
vn -0.762162 0 0.647386 
vn -0.605174 0 0.796093 
vn -0.687699 0 0.725995 
vn -0.515554 0 0.856857 
vn -0.605174 0 0.796093 
vn -0.419889 0 0.907575 
vn -0.515554 0 0.856857 
vn -0.319302 0 0.947653 
vn -0.419889 0 0.907575 
vn -0.21497 0 0.976621 
vn -0.319302 0 0.947653 
vn -0.108119 0 0.994138 
vn -0.21497 0 0.976621 
vn 0 -1 0 
vn 0.108119 0 0.994138 
vn 0 0 1 
vn 0.21497 0 0.976621 
vn 0.108119 0 0.994138 
vn 0.319302 0 0.947653 
vn 0.21497 0 0.976621 
vn 0.419889 0 0.907575 
vn 0.319302 0 0.947653 
vn 0.515554 0 0.856857 
vn 0.419889 0 0.907575 
vn 0.605174 0 0.796093 
vn 0.515554 0 0.856857 
vn 0.687699 0 0.725995 
vn 0.605174 0 0.796093 
vn 0.762162 0 0.647386 
vn 0.687699 0 0.725995 
vn 0.827689 0 0.561187 
vn 0.762162 0 0.647386 
vn 0.883512 0 0.468408 
vn 0.827689 0 0.561187 
vn 0.928977 0 0.370138 
vn 0.883512 0 0.468408 
vn 0.96355 0 0.267528 
vn 0.928977 0 0.370138 
vn 0.986827 0 0.161782 
vn 0.96355 0 0.267528 
vn 0.998533 0 0.0541389 
vn 0.986827 0 0.161782 
vn 0.998533 0 -0.0541389 
vn 0.998533 0 0.0541389 
vn 0.986827 0 -0.161782 
vn 0.998533 0 -0.0541389 
vn 0.96355 0 -0.267528 
vn 0.986827 0 -0.161782 
vn 0.928977 0 -0.370138 
vn 0.96355 0 -0.267528 
vn 0.883512 0 -0.468408 
vn 0.928977 0 -0.370138 
vn 0.827689 0 -0.561187 
vn 0.883512 0 -0.468408 
vn 0.762162 0 -0.647386 
vn 0.827689 0 -0.561187 
vn 0.687699 0 -0.725995 
vn 0.762162 0 -0.647386 
vn 0.605174 0 -0.796093 
vn 0.687699 0 -0.725995 
vn 0.515554 0 -0.856857 
vn 0.605174 0 -0.796093 
vn 0.419889 0 -0.907575 
vn 0.515554 0 -0.856857 
vn 0.319302 0 -0.947653 
vn 0.419889 0 -0.907575 
vn 0.21497 0 -0.976621 
vn 0.319302 0 -0.947653 
vn 0.108119 0 -0.994138 
vn 0.21497 0 -0.976621 
vn -1.22465e-16 0 -1 
vn 0.108119 0 -0.994138 
vn -0.108119 0 -0.994138 
vn -1.22465e-16 0 -1 
vn -0.21497 0 -0.976621 
vn -0.108119 0 -0.994138 
vn -0.319302 0 -0.947653 
vn -0.21497 0 -0.976621 
vn -0.419889 0 -0.907575 
vn -0.319302 0 -0.947653 
vn -0.515554 0 -0.856857 
vn -0.419889 0 -0.907575 
vn -0.605174 0 -0.796093 
vn -0.515554 0 -0.856857 
vn -0.687699 0 -0.725995 
vn -0.605174 0 -0.796093 
vn -0.762162 0 -0.647386 
vn -0.687699 0 -0.725995 
vn -0.827689 0 -0.561187 
vn -0.762162 0 -0.647386 
vn -0.883512 0 -0.468408 
vn -0.827689 0 -0.561187 
vn -0.928977 0 -0.370138 
vn -0.883512 0 -0.468408 
vn -0.96355 0 -0.267528 
vn -0.928977 0 -0.370138 
vn -0.986827 0 -0.161782 
vn -0.96355 0 -0.267528 
vn -0.998533 0 -0.0541389 
vn -0.986827 0 -0.161782 
vn -0.998533 0 0.0541389 
vn -0.998533 0 -0.0541389 
vn -0.986827 0 0.161782 
vn -0.998533 0 0.0541389 
vn -0.96355 0 0.267528 
vn -0.986827 0 0.161782 
vn -0.928977 0 0.370138 
vn -0.96355 0 0.267528 
vn -0.883512 0 0.468408 
vn -0.928977 0 0.370138 
vn -0.827689 0 0.561187 
vn -0.883512 0 0.468408 
vn -0.762162 0 0.647386 
vn -0.827689 0 0.561187 
vn -0.687699 0 0.725995 
vn -0.762162 0 0.647386 
vn -0.605174 0 0.796093 
vn -0.687699 0 0.725995 
vn -0.515554 0 0.856857 
vn -0.605174 0 0.796093 
vn -0.419889 0 0.907575 
vn -0.515554 0 0.856857 
vn -0.319302 0 0.947653 
vn -0.419889 0 0.907575 
vn -0.21497 0 0.976621 
vn -0.319302 0 0.947653 
vn -0.108119 0 0.994138 
vn -0.21497 0 0.976621 
vn 0 -1 0 
vn 2.56991e-16 0 1 
vn -2.56991e-16 0 -1 
vn 0 1 0 
vn 1 -2.46519e-32 -3.09703e-16 
vn 0.108119 0 0.994138 
vn 0 0 1 
vn 0.21497 0 0.976621 
vn 0.108119 0 0.994138 
vn 0.319302 0 0.947653 
vn 0.21497 0 0.976621 
vn 0.419889 0 0.907575 
vn 0.319302 0 0.947653 
vn 0.515554 0 0.856857 
vn 0.419889 0 0.907575 
vn 0.605174 0 0.796093 
vn 0.515554 0 0.856857 
vn 0.687699 0 0.725995 
vn 0.605174 0 0.796093 
vn 0.762162 0 0.647386 
vn 0.687699 0 0.725995 
vn 0.827689 0 0.561187 
vn 0.762162 0 0.647386 
vn 0.883512 0 0.468408 
vn 0.827689 0 0.561187 
vn 0.928977 0 0.370138 
vn 0.883512 0 0.468408 
vn 0.96355 0 0.267528 
vn 0.928977 0 0.370138 
vn 0.986827 0 0.161782 
vn 0.96355 0 0.267528 
vn 0.998533 0 0.0541389 
vn 0.986827 0 0.161782 
vn 0.998533 0 -0.0541389 
vn 0.998533 0 0.0541389 
vn 0.986827 0 -0.161782 
vn 0.998533 0 -0.0541389 
vn 0.96355 0 -0.267528 
vn 0.986827 0 -0.161782 
vn 0.928977 0 -0.370138 
vn 0.96355 0 -0.267528 
vn 0.883512 0 -0.468408 
vn 0.928977 0 -0.370138 
vn 0.827689 0 -0.561187 
vn 0.883512 0 -0.468408 
vn 0.762162 0 -0.647386 
vn 0.827689 0 -0.561187 
vn 0.687699 0 -0.725995 
vn 0.762162 0 -0.647386 
vn 0.605174 0 -0.796093 
vn 0.687699 0 -0.725995 
vn 0.515554 0 -0.856857 
vn 0.605174 0 -0.796093 
vn 0.419889 0 -0.907575 
vn 0.515554 0 -0.856857 
vn 0.319302 0 -0.947653 
vn 0.419889 0 -0.907575 
vn 0.21497 0 -0.976621 
vn 0.319302 0 -0.947653 
vn 0.108119 0 -0.994138 
vn 0.21497 0 -0.976621 
vn -1.22465e-16 0 -1 
vn 0.108119 0 -0.994138 
vn -0.108119 0 -0.994138 
vn -1.22465e-16 0 -1 
vn -0.21497 0 -0.976621 
vn -0.108119 0 -0.994138 
vn -0.319302 0 -0.947653 
vn -0.21497 0 -0.976621 
vn -0.419889 0 -0.907575 
vn -0.319302 0 -0.947653 
vn -0.515554 0 -0.856857 
vn -0.419889 0 -0.907575 
vn -0.605174 0 -0.796093 
vn -0.515554 0 -0.856857 
vn -0.687699 0 -0.725995 
vn -0.605174 0 -0.796093 
vn -0.762162 0 -0.647386 
vn -0.687699 0 -0.725995 
vn -0.827689 0 -0.561187 
vn -0.762162 0 -0.647386 
vn -0.883512 0 -0.468408 
vn -0.827689 0 -0.561187 
vn -0.928977 0 -0.370138 
vn -0.883512 0 -0.468408 
vn -0.96355 0 -0.267528 
vn -0.928977 0 -0.370138 
vn -0.986827 0 -0.161782 
vn -0.96355 0 -0.267528 
vn -0.998533 0 -0.0541389 
vn -0.986827 0 -0.161782 
vn -0.998533 0 0.0541389 
vn -0.998533 0 -0.0541389 
vn -0.986827 0 0.161782 
vn -0.998533 0 0.0541389 
vn -0.96355 0 0.267528 
vn -0.986827 0 0.161782 
vn -0.928977 0 0.370138 
vn -0.96355 0 0.267528 
vn -0.883512 0 0.468408 
vn -0.928977 0 0.370138 
vn -0.827689 0 0.561187 
vn -0.883512 0 0.468408 
vn -0.762162 0 0.647386 
vn -0.827689 0 0.561187 
vn -0.687699 0 0.725995 
vn -0.762162 0 0.647386 
vn -0.605174 0 0.796093 
vn -0.687699 0 0.725995 
vn -0.515554 0 0.856857 
vn -0.605174 0 0.796093 
vn -0.419889 0 0.907575 
vn -0.515554 0 0.856857 
vn -0.319302 0 0.947653 
vn -0.419889 0 0.907575 
vn -0.21497 0 0.976621 
vn -0.319302 0 0.947653 
vn -0.108119 0 0.994138 
vn -0.21497 0 0.976621 
vn 0 -1 0 
vn 0 0 1 
vn 0.108119 0 0.994138 
vn 0.21497 0 0.976621 
vn 0.319302 0 0.947653 
vn 0.419889 0 0.907575 
vn 0.515554 0 0.856857 
vn 0.605174 0 0.796093 
vn 0.687699 0 0.725995 
vn 0.762162 0 0.647386 
vn 0.827689 0 0.561187 
vn 0.883512 0 0.468408 
vn 0.928977 0 0.370138 
vn 0.96355 0 0.267528 
vn 0.986827 0 0.161782 
vn 0.998533 0 0.0541389 
vn 0.998533 0 -0.0541389 
vn 0.986827 0 -0.161782 
vn 0.96355 0 -0.267528 
vn 0.928977 0 -0.370138 
vn 0.883512 0 -0.468408 
vn 0.827689 0 -0.561187 
vn 0.762162 0 -0.647386 
vn 0.687699 0 -0.725995 
vn 0.605174 0 -0.796093 
vn 0.515554 0 -0.856857 
vn 0.419889 0 -0.907575 
vn 0.319302 0 -0.947653 
vn 0.21497 0 -0.976621 
vn 0.108119 0 -0.994138 
vn 5.66554e-16 0 -1 
vn -0.108119 0 -0.994138 
vn -0.21497 0 -0.976621 
vn -0.319302 0 -0.947653 
vn -0.419889 0 -0.907575 
vn -0.515554 0 -0.856857 
vn -0.605174 0 -0.796093 
vn -0.687699 0 -0.725995 
vn -0.762162 0 -0.647386 
vn -0.827689 0 -0.561187 
vn -0.883512 0 -0.468408 
vn -0.928977 0 -0.370138 
vn -0.96355 0 -0.267528 
vn -0.986827 0 -0.161782 
vn -0.998533 0 -0.0541389 
vn -0.998533 0 0.0541389 
vn -0.986827 0 0.161782 
vn -0.96355 0 0.267528 
vn -0.928977 0 0.370138 
vn -0.883512 0 0.468408 
vn -0.827689 0 0.561187 
vn -0.762162 0 0.647386 
vn -0.687699 0 0.725995 
vn -0.605174 0 0.796093 
vn -0.515554 0 0.856857 
vn -0.419889 0 0.907575 
vn -0.319302 0 0.947653 
vn -0.21497 0 0.976621 
vn -0.108119 0 0.994138 
vn 0 -1 0 
vn 0 0 1 
vn 0.108119 0 0.994138 
vn 0.21497 0 0.976621 
vn 0.319302 0 0.947653 
vn 0.419889 0 0.907575 
vn 0.515554 0 0.856857 
vn 0.605174 0 0.796093 
vn 0.687699 0 0.725995 
vn 0.762162 0 0.647386 
vn 0.827689 0 0.561187 
vn 0.883512 0 0.468408 
vn 0.928977 0 0.370138 
vn 0.96355 0 0.267528 
vn 0.986827 0 0.161782 
vn 0.998533 0 0.0541389 
vn 0.998533 0 -0.0541389 
vn 0.986827 0 -0.161782 
vn 0.96355 0 -0.267528 
vn 0.928977 0 -0.370138 
vn 0.883512 0 -0.468408 
vn 0.827689 0 -0.561187 
vn 0.762162 0 -0.647386 
vn 0.687699 0 -0.725995 
vn 0.605174 0 -0.796093 
vn 0.515554 0 -0.856857 
vn 0.419889 0 -0.907575 
vn 0.319302 0 -0.947653 
vn 0.21497 0 -0.976621 
vn 0.108119 0 -0.994138 
vn 5.66554e-16 0 -1 
vn -0.108119 0 -0.994138 
vn -0.21497 0 -0.976621 
vn -0.319302 0 -0.947653 
vn -0.419889 0 -0.907575 
vn -0.515554 0 -0.856857 
vn -0.605174 0 -0.796093 
vn -0.687699 0 -0.725995 
vn -0.762162 0 -0.647386 
vn -0.827689 0 -0.561187 
vn -0.883512 0 -0.468408 
vn -0.928977 0 -0.370138 
vn -0.96355 0 -0.267528 
vn -0.986827 0 -0.161782 
vn -0.998533 0 -0.0541389 
vn -0.998533 0 0.0541389 
vn -0.986827 0 0.161782 
vn -0.96355 0 0.267528 
vn -0.928977 0 0.370138 
vn -0.883512 0 0.468408 
vn -0.827689 0 0.561187 
vn -0.762162 0 0.647386 
vn -0.687699 0 0.725995 
vn -0.605174 0 0.796093 
vn -0.515554 0 0.856857 
vn -0.419889 0 0.907575 
vn -0.319302 0 0.947653 
vn -0.21497 0 0.976621 
vn -0.108119 0 0.994138 
vn 0 -1 0 
vn 1 0 -2.56991e-16 
vn -2.56991e-16 0 -1 
vn 0 1 0 
vn 2.56991e-16 -2.89121e-16 1 
vn 1 -2.46519e-32 -3.09703e-16 
vn 3.18434e-32 1 1.23909e-16 
vn -2.56991e-16 0 -1 
vn -3.18434e-32 -1 -1.23909e-16 
vn 1 0 -2.56991e-16 
usemtl 1.000000_1.000000_1.000000_0.000000_0.000000
o mesh0
f 59//1 1//1 2//1 
f 2//1 3//1 59//1 
f 3//1 4//1 59//1 
f 4//1 5//1 59//1 
f 5//1 6//1 59//1 
f 6//1 7//1 59//1 
f 7//1 8//1 59//1 
f 8//1 9//1 59//1 
f 9//1 10//1 59//1 
f 10//1 11//1 59//1 
f 11//1 12//1 59//1 
f 12//1 13//1 59//1 
f 13//1 14//1 59//1 
f 14//1 15//1 59//1 
f 15//1 16//1 59//1 
f 16//1 17//1 59//1 
f 17//1 18//1 59//1 
f 18//1 19//1 59//1 
f 19//1 20//1 59//1 
f 20//1 21//1 59//1 
f 21//1 22//1 59//1 
f 22//1 23//1 59//1 
f 23//1 24//1 59//1 
f 24//1 25//1 59//1 
f 25//1 26//1 59//1 
f 26//1 27//1 59//1 
f 27//1 28//1 59//1 
f 28//1 29//1 59//1 
f 29//1 30//1 59//1 
f 30//1 31//1 59//1 
f 31//1 32//1 59//1 
f 32//1 33//1 59//1 
f 33//1 34//1 59//1 
f 34//1 35//1 59//1 
f 35//1 36//1 59//1 
f 36//1 37//1 59//1 
f 37//1 38//1 59//1 
f 38//1 39//1 59//1 
f 39//1 40//1 59//1 
f 40//1 41//1 59//1 
f 41//1 42//1 59//1 
f 42//1 43//1 59//1 
f 43//1 44//1 59//1 
f 44//1 45//1 59//1 
f 45//1 46//1 59//1 
f 46//1 47//1 59//1 
f 47//1 48//1 59//1 
f 48//1 49//1 59//1 
f 49//1 50//1 59//1 
f 50//1 51//1 59//1 
f 51//1 52//1 59//1 
f 52//1 53//1 59//1 
f 53//1 54//1 59//1 
f 54//1 55//1 59//1 
f 55//1 56//1 59//1 
f 56//1 57//1 59//1 
f 57//1 58//1 59//1 
f 58//1 1//1 59//1 
o mesh1
f 60//2 61//3 58//3 
f 62//4 60//2 57//5 
f 63//6 62//4 56//7 
f 64//8 63//6 55//9 
f 65//10 64//8 54//11 
f 66//12 65//10 53//13 
f 67//14 66//12 52//15 
f 68//16 67//14 51//17 
f 69//18 68//16 50//19 
f 70//20 69//18 49//21 
f 71//22 70//20 48//23 
f 72//24 71//22 47//25 
f 73//26 72//24 46//27 
f 74//28 73//26 45//29 
f 75//30 74//28 44//31 
f 76//32 75//30 43//33 
f 77//34 76//32 42//35 
f 78//36 77//34 41//37 
f 79//38 78//36 40//39 
f 80//40 79//38 39//41 
f 81//42 80//40 38//43 
f 82//44 81//42 37//45 
f 83//46 82//44 36//47 
f 84//48 83//46 35//49 
f 85//50 84//48 34//51 
f 86//52 85//50 33//53 
f 87//54 86//52 32//55 
f 88//56 87//54 31//57 
f 89//58 88//56 30//59 
f 90//60 89//58 29//61 
f 91//62 90//60 28//63 
f 92//64 91//62 27//65 
f 93//66 92//64 26//67 
f 94//68 93//66 25//69 
f 95//70 94//68 24//71 
f 96//72 95//70 23//73 
f 97//74 96//72 22//75 
f 98//76 97//74 21//77 
f 99//78 98//76 20//79 
f 100//80 99//78 19//81 
f 101//82 100//80 18//83 
f 102//84 101//82 17//85 
f 103//86 102//84 16//87 
f 104//88 103//86 15//89 
f 105//90 104//88 14//91 
f 106//92 105//90 13//93 
f 107//94 106//92 12//95 
f 108//96 107//94 11//97 
f 109//98 108//96 10//99 
f 110//100 109//98 9//101 
f 111//102 110//100 8//103 
f 112//104 111//102 7//105 
f 113//106 112//104 6//107 
f 114//108 113//106 5//109 
f 115//110 114//108 4//111 
f 116//112 115//110 3//113 
f 117//114 116//112 2//115 
f 61//3 117//114 1//114 
f 1//114 58//3 61//3 
f 2//115 1//114 117//114 
f 3//113 2//115 116//112 
f 4//111 3//113 115//110 
f 5//109 4//111 114//108 
f 6//107 5//109 113//106 
f 7//105 6//107 112//104 
f 8//103 7//105 111//102 
f 9//101 8//103 110//100 
f 10//99 9//101 109//98 
f 11//97 10//99 108//96 
f 12//95 11//97 107//94 
f 13//93 12//95 106//92 
f 14//91 13//93 105//90 
f 15//89 14//91 104//88 
f 16//87 15//89 103//86 
f 17//85 16//87 102//84 
f 18//83 17//85 101//82 
f 19//81 18//83 100//80 
f 20//79 19//81 99//78 
f 21//77 20//79 98//76 
f 22//75 21//77 97//74 
f 23//73 22//75 96//72 
f 24//71 23//73 95//70 
f 25//69 24//71 94//68 
f 26//67 25//69 93//66 
f 27//65 26//67 92//64 
f 28//63 27//65 91//62 
f 29//61 28//63 90//60 
f 30//59 29//61 89//58 
f 31//57 30//59 88//56 
f 32//55 31//57 87//54 
f 33//53 32//55 86//52 
f 34//51 33//53 85//50 
f 35//49 34//51 84//48 
f 36//47 35//49 83//46 
f 37//45 36//47 82//44 
f 38//43 37//45 81//42 
f 39//41 38//43 80//40 
f 40//39 39//41 79//38 
f 41//37 40//39 78//36 
f 42//35 41//37 77//34 
f 43//33 42//35 76//32 
f 44//31 43//33 75//30 
f 45//29 44//31 74//28 
f 46//27 45//29 73//26 
f 47//25 46//27 72//24 
f 48//23 47//25 71//22 
f 49//21 48//23 70//20 
f 50//19 49//21 69//18 
f 51//17 50//19 68//16 
f 52//15 51//17 67//14 
f 53//13 52//15 66//12 
f 54//11 53//13 65//10 
f 55//9 54//11 64//8 
f 56//7 55//9 63//6 
f 57//5 56//7 62//4 
f 58//3 57//5 60//2 
o mesh2
f 118//116 119//116 120//116 
f 119//116 121//116 122//116 
f 123//116 124//116 125//116 
f 126//116 125//116 127//116 
f 120//116 128//116 118//116 
f 119//116 129//116 121//116 
f 130//116 131//116 129//116 
f 123//116 132//116 124//116 
f 123//116 133//116 134//116 
f 127//116 135//116 136//116 
f 135//116 127//116 137//116 
f 137//116 138//116 139//116 
f 140//116 141//116 142//116 
f 143//116 144//116 145//116 
f 146//116 147//116 148//116 
f 118//116 149//116 150//116 
f 128//116 151//116 118//116 
f 122//116 152//116 119//116 
f 130//116 153//116 131//116 
f 154//116 133//116 155//116 
f 134//116 132//116 123//116 
f 137//116 156//116 135//116 
f 139//116 157//116 137//116 
f 140//116 158//116 141//116 
f 159//116 160//116 161//116 
f 162//116 163//116 164//116 
f 145//116 146//116 143//116 
f 147//116 165//116 148//116 
f 118//116 166//116 149//116 
f 119//116 167//116 120//116 
f 129//116 119//116 130//116 
f 168//116 169//116 130//116 
f 170//116 171//116 172//116 
f 170//116 154//116 173//116 
f 133//116 123//116 155//116 
f 127//116 136//116 126//116 
f 138//116 174//116 139//116 
f 142//116 138//116 140//116 
f 175//116 158//116 140//116 
f 164//116 163//116 159//116 
f 164//116 176//116 162//116 
f 144//116 162//116 177//116 
f 146//116 178//116 143//116 
f 146//116 179//116 180//116 
f 147//116 181//116 165//116 
f 118//116 182//116 166//116 
f 152//116 167//116 119//116 
f 130//116 169//116 183//116 
f 172//116 168//116 170//116 
f 154//116 184//116 173//116 
f 154//116 185//116 186//116 
f 154//116 187//116 188//116 
f 125//116 126//116 123//116 
f 142//116 174//116 138//116 
f 161//116 160//116 175//116 
f 176//116 177//116 162//116 
f 177//116 189//116 144//116 
f 180//116 178//116 146//116 
f 148//116 190//116 146//116 
f 191//116 147//116 192//116 
f 192//116 193//116 194//116 
f 151//116 182//116 118//116 
f 130//116 170//116 168//116 
f 173//116 195//116 170//116 
f 188//116 185//116 154//116 
f 157//116 156//116 137//116 
f 161//116 164//116 159//116 
f 145//116 196//116 146//116 
f 190//116 197//116 146//116 
f 192//116 198//116 191//116 
f 192//116 150//116 193//116 
f 183//116 153//116 130//116 
f 186//116 184//116 154//116 
f 140//116 161//116 175//116 
f 197//116 179//116 146//116 
f 191//116 199//116 147//116 
f 150//116 192//116 118//116 
f 155//116 187//116 154//116 
f 199//116 181//116 147//116 
f 195//116 171//116 170//116 
f 194//116 198//116 192//116 
f 116//116 200//116 201//116 
f 202//116 108//116 109//116 
f 106//116 107//116 202//116 
f 201//116 115//116 116//116 
f 109//116 203//116 202//116 
f 202//116 204//116 106//116 
f 104//116 105//116 204//116 
f 103//116 104//116 205//116 
f 61//116 206//116 200//116 
f 201//116 114//116 115//116 
f 107//116 108//116 202//116 
f 204//116 205//116 104//116 
f 103//116 207//116 208//116 
f 205//116 209//116 103//116 
f 116//116 117//116 200//116 
f 114//116 201//116 210//116 
f 210//116 203//116 111//116 
f 105//116 106//116 204//116 
f 209//116 207//116 103//116 
f 61//116 211//116 206//116 
f 210//116 112//116 113//116 
f 203//116 110//116 111//116 
f 208//116 133//116 103//116 
f 154//116 101//116 102//116 
f 210//116 113//116 114//116 
f 109//116 110//116 203//116 
f 102//116 133//116 154//116 
f 212//116 67//116 68//116 
f 62//116 212//116 213//116 
f 111//116 112//116 210//116 
f 154//116 100//116 101//116 
f 154//116 98//116 99//116 
f 154//116 96//116 97//116 
f 68//116 214//116 212//116 
f 212//116 215//116 213//116 
f 102//116 103//116 133//116 
f 97//116 98//116 154//116 
f 216//116 95//116 96//116 
f 216//116 92//116 93//116 
f 92//116 216//116 217//116 
f 212//116 66//116 67//116 
f 212//116 63//116 64//116 
f 213//116 60//116 62//116 
f 60//116 218//116 211//116 
f 99//116 100//116 154//116 
f 216//116 94//116 95//116 
f 217//116 91//116 92//116 
f 217//116 89//116 90//116 
f 217//116 219//116 87//116 
f 219//116 84//116 85//116 
f 220//116 78//116 79//116 
f 220//116 221//116 76//116 
f 72//116 73//116 221//116 
f 212//116 65//116 66//116 
f 62//116 63//116 212//116 
f 60//116 213//116 218//116 
f 96//116 154//116 216//116 
f 90//116 91//116 217//116 
f 87//116 88//116 217//116 
f 85//116 86//116 219//116 
f 220//116 81//116 82//116 
f 79//116 80//116 220//116 
f 76//116 77//116 220//116 
f 221//116 73//116 74//116 
f 214//116 71//116 72//116 
f 68//116 69//116 214//116 
f 211//116 61//116 60//116 
f 93//116 94//116 216//116 
f 86//116 87//116 219//116 
f 82//116 219//116 220//116 
f 77//116 78//116 220//116 
f 74//116 75//116 221//116 
f 214//116 70//116 71//116 
f 64//116 65//116 212//116 
f 88//116 89//116 217//116 
f 82//116 83//116 219//116 
f 75//116 76//116 221//116 
f 69//116 70//116 214//116 
f 83//116 84//116 219//116 
f 221//116 214//116 72//116 
f 80//116 81//116 220//116 
f 222//116 223//116 224//116 
f 225//116 226//116 227//116 
f 228//116 229//116 230//116 
f 231//116 230//116 232//116 
f 226//116 233//116 234//116 
f 233//116 226//116 222//116 
f 212//116 235//116 225//116 
f 212//116 236//116 237//116 
f 238//116 239//116 229//116 
f 230//116 231//116 240//116 
f 232//116 241//116 242//116 
f 232//116 243//116 244//116 
f 224//116 233//116 222//116 
f 237//116 235//116 212//116 
f 238//116 245//116 239//116 
f 238//116 246//116 247//116 
f 232//116 242//116 231//116 
f 243//116 248//116 244//116 
f 249//116 250//116 251//116 
f 212//116 227//116 252//116 
f 227//116 212//116 225//116 
f 253//116 246//116 254//116 
f 247//116 245//116 238//116 
f 244//116 241//116 232//116 
f 255//116 256//116 257//116 
f 224//116 223//116 249//116 
f 234//116 227//116 226//116 
f 258//116 253//116 259//116 
f 253//116 260//116 261//116 
f 246//116 238//116 254//116 
f 230//116 240//116 228//116 
f 257//116 243//116 255//116 
f 252//116 215//116 212//116 
f 212//116 262//116 263//116 
f 212//116 264//116 265//116 
f 253//116 266//116 259//116 
f 261//116 267//116 253//116 
f 254//116 268//116 253//116 
f 257//116 248//116 243//116 
f 269//116 270//116 255//116 
f 251//116 224//116 249//116 
f 265//116 262//116 212//116 
f 267//116 266//116 253//116 
f 229//116 228//116 238//116 
f 255//116 251//116 269//116 
f 263//116 236//116 212//116 
f 264//116 271//116 272//116 
f 273//116 274//116 275//116 
f 276//116 277//116 278//116 
f 258//116 279//116 280//116 
f 268//116 260//116 253//116 
f 250//116 269//116 251//116 
f 272//116 281//116 264//116 
f 275//116 282//116 273//116 
f 278//116 277//116 283//116 
f 280//116 276//116 258//116 
f 259//116 284//116 258//116 
f 281//116 265//116 264//116 
f 273//116 285//116 286//116 
f 282//116 287//116 273//116 
f 278//116 258//116 276//116 
f 270//116 256//116 255//116 
f 288//116 264//116 289//116 
f 273//116 290//116 285//116 
f 274//116 291//116 275//116 
f 274//116 292//116 293//116 
f 278//116 294//116 295//116 
f 284//116 279//116 258//116 
f 289//116 296//116 288//116 
f 289//116 286//116 297//116 
f 273//116 298//116 290//116 
f 293//116 291//116 274//116 
f 274//116 295//116 299//116 
f 278//116 300//116 294//116 
f 288//116 271//116 264//116 
f 297//116 301//116 289//116 
f 287//116 298//116 273//116 
f 295//116 274//116 278//116 
f 301//116 296//116 289//116 
f 299//116 292//116 274//116 
f 286//116 289//116 273//116 
f 302//116 303//116 304//116 
f 305//116 146//116 306//116 
f 307//116 308//116 309//116 
f 304//116 310//116 302//116 
f 310//116 311//116 312//116 
f 306//116 313//116 305//116 
f 309//116 314//116 307//116 
f 315//116 309//116 316//116 
f 317//116 318//116 319//116 
f 304//116 320//116 318//116 
f 312//116 302//116 310//116 
f 321//116 311//116 322//116 
f 305//116 323//116 146//116 
f 313//116 306//116 308//116 
f 316//116 324//116 315//116 
f 318//116 317//116 304//116 
f 303//116 320//116 304//116 
f 321//116 325//116 326//116 
f 322//116 327//116 321//116 
f 253//116 328//116 329//116 
f 307//116 313//116 308//116 
f 316//116 330//116 324//116 
f 146//116 331//116 332//116 
f 333//116 334//116 335//116 
f 333//116 317//116 336//116 
f 310//116 322//116 311//116 
f 327//116 325//116 321//116 
f 329//116 246//116 253//116 
f 315//116 314//116 309//116 
f 146//116 196//116 331//116 
f 336//116 334//116 333//116 
f 326//116 246//116 321//116 
f 253//116 337//116 328//116 
f 253//116 338//116 339//116 
f 253//116 340//116 341//116 
f 342//116 343//116 344//116 
f 146//116 345//116 346//116 
f 332//116 306//116 146//116 
f 330//116 316//116 333//116 
f 329//116 321//116 246//116 
f 341//116 338//116 253//116 
f 347//116 348//116 340//116 
f 347//116 349//116 350//116 
f 344//116 351//116 342//116 
f 342//116 352//116 353//116 
f 346//116 354//116 146//116 
f 146//116 355//116 356//116 
f 335//116 330//116 333//116 
f 339//116 337//116 253//116 
f 350//116 348//116 347//116 
f 351//116 357//116 358//116 
f 342//116 359//116 343//116 
f 353//116 360//116 342//116 
f 361//116 362//116 352//116 
f 346//116 363//116 354//116 
f 323//116 355//116 146//116 
f 340//116 253//116 347//116 
f 364//116 351//116 365//116 
f 358//116 366//116 351//116 
f 342//116 367//116 359//116 
f 360//116 368//116 342//116 
f 352//116 362//116 369//116 
f 354//116 370//116 361//116 
f 146//116 371//116 345//116 
f 319//116 336//116 317//116 
f 372//116 347//116 364//116 
f 365//116 373//116 364//116 
f 351//116 374//116 357//116 
f 368//116 367//116 342//116 
f 369//116 375//116 352//116 
f 354//116 376//116 370//116 
f 356//116 371//116 146//116 
f 364//116 377//116 372//116 
f 364//116 378//116 379//116 
f 366//116 365//116 351//116 
f 375//116 353//116 352//116 
f 363//116 376//116 354//116 
f 379//116 377//116 364//116 
f 344//116 374//116 351//116 
f 372//116 349//116 347//116 
f 352//116 354//116 361//116 
f 373//116 378//116 364//116 
f 283//116 300//116 278//116 
f 200//116 117//116 61//116 
f 189//116 145//116 144//116 
usemtl 0.250980_0.250980_0.250980_0.000000_0.000000
o mesh3
f 247//117 246//118 380//118 
f 245//119 247//117 381//120 
f 239//121 245//119 382//122 
f 229//123 239//121 383//124 
f 230//125 229//123 384//126 
f 232//127 230//125 385//128 
f 243//129 232//127 386//130 
f 255//131 243//129 387//132 
f 251//133 255//131 388//134 
f 224//135 251//133 389//136 
f 233//137 224//135 390//138 
f 234//139 233//137 391//140 
f 227//141 234//139 392//142 
f 252//143 227//141 393//144 
f 394//145 213//145 215//146 
f 215//146 395//147 394//145 
f 218//148 213//145 394//145 
f 211//149 218//148 396//148 
f 206//150 211//149 397//149 
f 200//151 206//150 398//150 
f 201//152 200//151 399//151 
f 210//153 201//152 400//152 
f 203//154 210//153 401//153 
f 202//155 203//154 402//154 
f 204//156 202//155 403//155 
f 205//157 204//156 404//156 
f 209//158 205//157 405//157 
f 207//159 209//158 406//158 
f 208//160 207//159 407//159 
f 133//161 208//160 408//160 
f 134//162 133//161 409//161 
f 132//163 134//162 410//162 
f 124//164 132//163 411//163 
f 125//165 124//164 412//164 
f 127//166 125//165 413//165 
f 137//167 127//166 414//166 
f 138//168 137//167 415//167 
f 140//169 138//168 416//168 
f 161//170 140//169 417//169 
f 164//171 161//170 418//170 
f 176//172 164//171 419//171 
f 177//173 176//172 420//172 
f 189//174 177//173 421//173 
f 145//175 189//174 422//174 
f 423//176 331//176 196//177 
f 196//177 424//178 423//176 
f 332//179 331//176 423//176 
f 306//180 332//179 425//179 
f 308//181 306//180 426//180 
f 309//182 308//181 427//181 
f 316//183 309//182 428//182 
f 333//184 316//183 429//183 
f 317//185 333//184 430//184 
f 304//186 317//185 431//185 
f 310//187 304//186 432//186 
f 322//188 310//187 433//187 
f 327//189 322//188 434//188 
f 325//190 327//189 435//189 
f 326//191 325//190 436//190 
f 246//118 326//191 437//191 
f 437//191 380//118 246//118 
f 436//190 437//191 326//191 
f 435//189 436//190 325//190 
f 434//188 435//189 327//189 
f 433//187 434//188 322//188 
f 432//186 433//187 310//187 
f 431//185 432//186 304//186 
f 430//184 431//185 317//185 
f 429//183 430//184 333//184 
f 428//182 429//183 316//183 
f 427//181 428//182 309//182 
f 426//180 427//181 308//181 
f 425//179 426//180 306//180 
f 423//176 425//179 332//179 
f 196//177 145//175 424//178 
f 422//174 424//178 145//175 
f 421//173 422//174 189//174 
f 420//172 421//173 177//173 
f 419//171 420//172 176//172 
f 418//170 419//171 164//171 
f 417//169 418//170 161//170 
f 416//168 417//169 140//169 
f 415//167 416//168 138//168 
f 414//166 415//167 137//167 
f 413//165 414//166 127//166 
f 412//164 413//165 125//165 
f 411//163 412//164 124//164 
f 410//162 411//163 132//163 
f 409//161 410//162 134//162 
f 408//160 409//161 133//161 
f 407//159 408//160 208//160 
f 406//158 407//159 207//159 
f 405//157 406//158 209//158 
f 404//156 405//157 205//157 
f 403//155 404//156 204//156 
f 402//154 403//155 202//155 
f 401//153 402//154 203//154 
f 400//152 401//153 210//153 
f 399//151 400//152 201//152 
f 398//150 399//151 200//151 
f 397//149 398//150 206//150 
f 396//148 397//149 211//149 
f 394//145 396//148 218//148 
f 215//146 252//143 395//147 
f 393//144 395//147 252//143 
f 392//142 393//144 227//141 
f 391//140 392//142 234//139 
f 390//138 391//140 233//137 
f 389//136 390//138 224//135 
f 388//134 389//136 251//133 
f 387//132 388//134 255//131 
f 386//130 387//132 243//129 
f 385//128 386//130 232//127 
f 384//126 385//128 230//125 
f 383//124 384//126 229//123 
f 382//122 383//124 239//121 
f 381//120 382//122 245//119 
f 380//118 381//120 247//117 
o mesh4
f 392//192 438//192 439//192 
f 392//192 391//192 440//192 
f 390//192 441//192 440//192 
f 390//192 389//192 442//192 
f 387//192 443//192 444//192 
f 387//192 386//192 445//192 
f 404//192 403//192 446//192 
f 403//192 402//192 447//192 
f 440//192 438//192 392//192 
f 442//192 441//192 390//192 
f 389//192 388//192 444//192 
f 445//192 443//192 387//192 
f 427//192 448//192 449//192 
f 427//192 426//192 450//192 
f 424//192 451//192 452//192 
f 424//192 422//192 453//192 
f 421//192 454//192 453//192 
f 421//192 420//192 455//192 
f 414//192 456//192 457//192 
f 414//192 413//192 458//192 
f 410//192 459//192 460//192 
f 410//192 409//192 461//192 
f 408//192 462//192 461//192 
f 408//192 407//192 463//192 
f 406//192 464//192 463//192 
f 405//192 465//192 464//192 
f 404//192 466//192 465//192 
f 447//192 446//192 403//192 
f 401//192 467//192 447//192 
f 401//192 400//192 468//192 
f 397//192 469//192 470//192 
f 397//192 396//192 471//192 
f 440//192 391//192 390//192 
f 444//192 388//192 387//192 
f 385//192 472//192 445//192 
f 385//192 384//192 473//192 
f 380//192 437//192 474//192 
f 437//192 436//192 475//192 
f 435//192 476//192 475//192 
f 435//192 434//192 477//192 
f 433//192 478//192 477//192 
f 433//192 432//192 479//192 
f 431//192 480//192 479//192 
f 431//192 430//192 481//192 
f 450//192 448//192 427//192 
f 426//192 425//192 482//192 
f 423//192 452//192 482//192 
f 453//192 451//192 424//192 
f 455//192 454//192 421//192 
f 420//192 419//192 483//192 
f 418//192 484//192 483//192 
f 418//192 417//192 485//192 
f 415//192 457//192 486//192 
f 458//192 456//192 414//192 
f 461//192 459//192 410//192 
f 463//192 462//192 408//192 
f 464//192 406//192 405//192 
f 446//192 466//192 404//192 
f 468//192 467//192 401//192 
f 399//192 487//192 468//192 
f 398//192 470//192 487//192 
f 471//192 469//192 397//192 
f 394//192 488//192 471//192 
f 395//192 489//192 488//192 
f 444//192 442//192 389//192 
f 473//192 472//192 385//192 
f 383//192 490//192 473//192 
f 383//192 382//192 491//192 
f 475//192 474//192 437//192 
f 477//192 476//192 435//192 
f 479//192 478//192 433//192 
f 481//192 480//192 431//192 
f 429//192 492//192 481//192 
f 429//192 428//192 449//192 
f 482//192 450//192 426//192 
f 452//192 423//192 424//192 
f 483//192 455//192 420//192 
f 485//192 484//192 418//192 
f 417//192 416//192 486//192 
f 457//192 415//192 414//192 
f 461//192 409//192 408//192 
f 465//192 405//192 404//192 
f 468//192 400//192 399//192 
f 470//192 398//192 397//192 
f 488//192 394//192 395//192 
f 395//192 393//192 439//192 
f 445//192 386//192 385//192 
f 491//192 490//192 383//192 
f 475//192 436//192 435//192 
f 479//192 432//192 431//192 
f 449//192 492//192 429//192 
f 482//192 425//192 423//192 
f 483//192 419//192 418//192 
f 486//192 416//192 415//192 
f 412//192 493//192 458//192 
f 412//192 411//192 460//192 
f 463//192 407//192 406//192 
f 487//192 399//192 398//192 
f 439//192 489//192 395//192 
f 473//192 384//192 383//192 
f 477//192 434//192 433//192 
f 449//192 428//192 427//192 
f 486//192 485//192 417//192 
f 460//192 493//192 412//192 
f 447//192 402//192 401//192 
f 439//192 393//192 392//192 
f 381//192 494//192 491//192 
f 381//192 380//192 495//192 
f 481//192 430//192 429//192 
f 458//192 413//192 412//192 
f 471//192 396//192 394//192 
f 495//192 494//192 381//192 
f 453//192 422//192 421//192 
f 491//192 382//192 381//192 
f 460//192 411//192 410//192 
f 474//192 495//192 380//192 
o mesh5
f 496//193 495//193 474//194 
f 497//194 474//194 475//195 
f 498//195 475//195 476//196 
f 499//196 476//196 477//197 
f 500//197 477//197 478//198 
f 501//198 478//198 479//199 
f 502//199 479//199 480//200 
f 503//200 480//200 481//201 
f 504//201 481//201 492//202 
f 505//202 492//202 449//203 
f 506//203 449//203 448//204 
f 507//204 448//204 450//205 
f 508//205 450//205 482//206 
f 509//206 482//206 452//207 
f 510//207 452//207 451//208 
f 511//208 451//208 453//209 
f 512//209 453//209 454//210 
f 513//210 454//210 455//211 
f 514//211 455//211 483//212 
f 515//212 483//212 484//213 
f 516//213 484//213 485//214 
f 517//214 485//214 486//215 
f 518//215 486//215 457//216 
f 519//216 457//216 456//217 
f 520//217 456//217 458//218 
f 521//218 458//218 493//219 
f 522//219 493//219 460//220 
f 523//220 460//220 459//221 
f 524//221 459//221 461//222 
f 525//222 461//222 462//223 
f 526//223 462//223 463//224 
f 527//224 463//224 464//225 
f 528//225 464//225 465//226 
f 529//226 465//226 466//227 
f 530//227 466//227 446//228 
f 531//228 446//228 447//229 
f 532//229 447//229 467//230 
f 533//230 467//230 468//231 
f 534//231 468//231 487//232 
f 535//232 487//232 470//233 
f 536//233 470//233 469//234 
f 537//234 469//234 471//235 
f 538//235 471//235 488//236 
f 539//236 488//236 489//237 
f 540//237 489//237 439//238 
f 541//238 439//238 438//239 
f 542//239 438//239 440//240 
f 543//240 440//240 441//241 
f 544//241 441//241 442//242 
f 545//242 442//242 444//243 
f 546//243 444//243 443//244 
f 547//244 443//244 445//245 
f 548//245 445//245 472//246 
f 549//246 472//246 473//247 
f 550//247 473//247 490//248 
f 551//248 490//248 491//249 
f 552//249 491//249 494//250 
f 553//250 494//250 495//193 
f 495//193 496//193 553//250 
f 494//250 553//250 552//249 
f 491//249 552//249 551//248 
f 490//248 551//248 550//247 
f 473//247 550//247 549//246 
f 472//246 549//246 548//245 
f 445//245 548//245 547//244 
f 443//244 547//244 546//243 
f 444//243 546//243 545//242 
f 442//242 545//242 544//241 
f 441//241 544//241 543//240 
f 440//240 543//240 542//239 
f 438//239 542//239 541//238 
f 439//238 541//238 540//237 
f 489//237 540//237 539//236 
f 488//236 539//236 538//235 
f 471//235 538//235 537//234 
f 469//234 537//234 536//233 
f 470//233 536//233 535//232 
f 487//232 535//232 534//231 
f 468//231 534//231 533//230 
f 467//230 533//230 532//229 
f 447//229 532//229 531//228 
f 446//228 531//228 530//227 
f 466//227 530//227 529//226 
f 465//226 529//226 528//225 
f 464//225 528//225 527//224 
f 463//224 527//224 526//223 
f 462//223 526//223 525//222 
f 461//222 525//222 524//221 
f 459//221 524//221 523//220 
f 460//220 523//220 522//219 
f 493//219 522//219 521//218 
f 458//218 521//218 520//217 
f 456//217 520//217 519//216 
f 457//216 519//216 518//215 
f 486//215 518//215 517//214 
f 485//214 517//214 516//213 
f 484//213 516//213 515//212 
f 483//212 515//212 514//211 
f 455//211 514//211 513//210 
f 454//210 513//210 512//209 
f 453//209 512//209 511//208 
f 451//208 511//208 510//207 
f 452//207 510//207 509//206 
f 482//206 509//206 508//205 
f 450//205 508//205 507//204 
f 448//204 507//204 506//203 
f 449//203 506//203 505//202 
f 492//202 505//202 504//201 
f 481//201 504//201 503//200 
f 480//200 503//200 502//199 
f 479//199 502//199 501//198 
f 478//198 501//198 500//197 
f 477//197 500//197 499//196 
f 476//196 499//196 498//195 
f 475//195 498//195 497//194 
f 474//194 497//194 496//193 
usemtl 1.000000_1.000000_1.000000_0.000000_0.000000
o mesh6
f 540//251 554//251 555//251 
f 540//251 541//251 556//251 
f 541//251 542//251 557//251 
f 542//251 543//251 558//251 
f 556//251 554//251 540//251 
f 558//251 557//251 542//251 
f 499//251 500//251 559//251 
f 500//251 501//251 560//251 
f 501//251 502//251 561//251 
f 502//251 503//251 562//251 
f 536//251 537//251 563//251 
f 537//251 538//251 564//251 
f 557//251 556//251 541//251 
f 544//251 565//251 558//251 
f 496//251 497//251 566//251 
f 497//251 498//251 567//251 
f 560//251 559//251 500//251 
f 562//251 561//251 502//251 
f 535//251 568//251 569//251 
f 536//251 570//251 568//251 
f 564//251 563//251 537//251 
f 538//251 539//251 555//251 
f 558//251 543//251 544//251 
f 545//251 571//251 565//251 
f 545//251 546//251 572//251 
f 546//251 547//251 573//251 
f 567//251 566//251 497//251 
f 498//251 499//251 574//251 
f 561//251 560//251 501//251 
f 504//251 575//251 562//251 
f 518//251 576//251 577//251 
f 518//251 519//251 578//251 
f 568//251 535//251 536//251 
f 555//251 564//251 538//251 
f 565//251 544//251 545//251 
f 573//251 572//251 546//251 
f 574//251 567//251 498//251 
f 562//251 503//251 504//251 
f 505//251 579//251 575//251 
f 506//251 580//251 579//251 
f 507//251 508//251 581//251 
f 508//251 509//251 582//251 
f 510//251 583//251 582//251 
f 511//251 584//251 583//251 
f 513//251 514//251 585//251 
f 514//251 515//251 586//251 
f 516//251 587//251 586//251 
f 517//251 577//251 587//251 
f 578//251 576//251 518//251 
f 519//251 520//251 588//251 
f 520//251 521//251 589//251 
f 521//251 522//251 590//251 
f 528//251 529//251 591//251 
f 529//251 530//251 592//251 
f 563//251 570//251 536//251 
f 572//251 571//251 545//251 
f 559//251 574//251 499//251 
f 579//251 505//251 506//251 
f 506//251 507//251 593//251 
f 582//251 581//251 508//251 
f 583//251 510//251 511//251 
f 511//251 512//251 594//251 
f 586//251 585//251 514//251 
f 587//251 516//251 517//251 
f 588//251 578//251 519//251 
f 590//251 589//251 521//251 
f 527//251 595//251 596//251 
f 528//251 597//251 595//251 
f 592//251 591//251 529//251 
f 530//251 531//251 598//251 
f 555//251 539//251 540//251 
f 547//251 548//251 599//251 
f 548//251 549//251 600//251 
f 549//251 550//251 601//251 
f 575//251 504//251 505//251 
f 581//251 593//251 507//251 
f 594//251 584//251 511//251 
f 512//251 513//251 602//251 
f 586//251 515//251 516//251 
f 589//251 588//251 520//251 
f 522//251 523//251 603//251 
f 523//251 524//251 604//251 
f 524//251 525//251 605//251 
f 525//251 526//251 596//251 
f 595//251 527//251 528//251 
f 598//251 592//251 530//251 
f 532//251 533//251 606//251 
f 533//251 534//251 569//251 
f 599//251 573//251 547//251 
f 601//251 600//251 549//251 
f 593//251 580//251 506//251 
f 602//251 594//251 512//251 
f 577//251 517//251 518//251 
f 604//251 603//251 523//251 
f 596//251 605//251 525//251 
f 591//251 597//251 528//251 
f 531//251 532//251 607//251 
f 569//251 606//251 533//251 
f 600//251 599//251 548//251 
f 550//251 551//251 608//251 
f 552//251 609//251 608//251 
f 553//251 610//251 609//251 
f 582//251 509//251 510//251 
f 603//251 590//251 522//251 
f 596//251 526//251 527//251 
f 606//251 607//251 532//251 
f 608//251 601//251 550//251 
f 609//251 552//251 553//251 
f 585//251 602//251 513//251 
f 607//251 598//251 531//251 
f 608//251 551//251 552//251 
f 496//251 611//251 610//251 
f 605//251 604//251 524//251 
f 610//251 553//251 496//251 
f 569//251 534//251 535//251 
f 566//251 611//251 496//251 
o mesh7
f 605//252 612//252 613//253 
f 604//253 613//253 614//254 
f 603//254 614//254 615//255 
f 590//255 615//255 616//256 
f 589//256 616//256 617//257 
f 588//257 617//257 618//258 
f 578//258 618//258 619//259 
f 576//259 619//259 620//260 
f 577//260 620//260 621//261 
f 587//261 621//261 622//262 
f 586//262 622//262 623//263 
f 585//263 623//263 624//264 
f 602//264 624//264 625//265 
f 594//265 625//265 626//266 
f 584//266 626//266 627//267 
f 583//267 627//267 628//268 
f 582//268 628//268 629//269 
f 581//269 629//269 630//270 
f 593//270 630//270 631//271 
f 580//271 631//271 632//272 
f 579//272 632//272 633//273 
f 575//273 633//273 634//274 
f 562//274 634//274 635//275 
f 561//275 635//275 636//276 
f 560//276 636//276 637//277 
f 559//277 637//277 638//278 
f 574//278 638//278 639//279 
f 567//279 639//279 640//280 
f 566//280 640//280 641//281 
f 611//281 641//281 642//282 
f 610//282 642//282 643//283 
f 609//283 643//283 644//284 
f 608//284 644//284 645//285 
f 601//285 645//285 646//286 
f 600//286 646//286 647//287 
f 599//287 647//287 648//288 
f 573//288 648//288 649//289 
f 572//289 649//289 650//290 
f 571//290 650//290 651//291 
f 565//291 651//291 652//292 
f 558//292 652//292 653//293 
f 557//293 653//293 654//294 
f 556//294 654//294 655//295 
f 554//295 655//295 656//296 
f 555//296 656//296 657//297 
f 564//297 657//297 658//298 
f 563//298 658//298 659//299 
f 570//299 659//299 660//300 
f 568//300 660//300 661//301 
f 569//301 661//301 662//302 
f 606//302 662//302 663//303 
f 607//303 663//303 664//304 
f 598//304 664//304 665//305 
f 592//305 665//305 666//306 
f 591//306 666//306 667//307 
f 597//307 667//307 668//308 
f 595//308 668//308 669//309 
f 596//309 669//309 612//252 
f 612//252 605//252 596//309 
f 669//309 596//309 595//308 
f 668//308 595//308 597//307 
f 667//307 597//307 591//306 
f 666//306 591//306 592//305 
f 665//305 592//305 598//304 
f 664//304 598//304 607//303 
f 663//303 607//303 606//302 
f 662//302 606//302 569//301 
f 661//301 569//301 568//300 
f 660//300 568//300 570//299 
f 659//299 570//299 563//298 
f 658//298 563//298 564//297 
f 657//297 564//297 555//296 
f 656//296 555//296 554//295 
f 655//295 554//295 556//294 
f 654//294 556//294 557//293 
f 653//293 557//293 558//292 
f 652//292 558//292 565//291 
f 651//291 565//291 571//290 
f 650//290 571//290 572//289 
f 649//289 572//289 573//288 
f 648//288 573//288 599//287 
f 647//287 599//287 600//286 
f 646//286 600//286 601//285 
f 645//285 601//285 608//284 
f 644//284 608//284 609//283 
f 643//283 609//283 610//282 
f 642//282 610//282 611//281 
f 641//281 611//281 566//280 
f 640//280 566//280 567//279 
f 639//279 567//279 574//278 
f 638//278 574//278 559//277 
f 637//277 559//277 560//276 
f 636//276 560//276 561//275 
f 635//275 561//275 562//274 
f 634//274 562//274 575//273 
f 633//273 575//273 579//272 
f 632//272 579//272 580//271 
f 631//271 580//271 593//270 
f 630//270 593//270 581//269 
f 629//269 581//269 582//268 
f 628//268 582//268 583//267 
f 627//267 583//267 584//266 
f 626//266 584//266 594//265 
f 625//265 594//265 602//264 
f 624//264 602//264 585//263 
f 623//263 585//263 586//262 
f 622//262 586//262 587//261 
f 621//261 587//261 577//260 
f 620//260 577//260 576//259 
f 619//259 576//259 578//258 
f 618//258 578//258 588//257 
f 617//257 588//257 589//256 
f 616//256 589//256 590//255 
f 615//255 590//255 603//254 
f 614//254 603//254 604//253 
f 613//253 604//253 605//252 
usemtl 0.250980_0.250980_0.250980_0.000000_0.000000
o mesh8
f 635//310 670//310 671//310 
f 635//310 634//310 672//310 
f 634//310 633//310 673//310 
f 633//310 632//310 674//310 
f 637//310 675//310 676//310 
f 636//310 671//310 675//310 
f 672//310 670//310 635//310 
f 674//310 673//310 633//310 
f 624//310 677//310 678//310 
f 624//310 623//310 679//310 
f 621//310 620//310 680//310 
f 620//310 619//310 681//310 
f 618//310 682//310 681//310 
f 617//310 683//310 682//310 
f 616//310 684//310 683//310 
f 616//310 615//310 685//310 
f 675//310 637//310 636//310 
f 673//310 672//310 634//310 
f 679//310 677//310 624//310 
f 623//310 622//310 686//310 
f 621//310 687//310 686//310 
f 681//310 680//310 620//310 
f 682//310 618//310 617//310 
f 685//310 684//310 616//310 
f 613//310 688//310 689//310 
f 613//310 612//310 690//310 
f 665//310 691//310 692//310 
f 664//310 693//310 691//310 
f 660//310 694//310 695//310 
f 660//310 659//310 696//310 
f 639//310 697//310 698//310 
f 639//310 638//310 676//310 
f 671//310 636//310 635//310 
f 632//310 631//310 699//310 
f 630//310 700//310 699//310 
f 630//310 629//310 701//310 
f 627//310 702//310 703//310 
f 626//310 704//310 702//310 
f 686//310 679//310 623//310 
f 680//310 687//310 621//310 
f 683//310 617//310 616//310 
f 615//310 614//310 689//310 
f 690//310 688//310 613//310 
f 669//310 705//310 690//310 
f 669//310 668//310 706//310 
f 668//310 667//310 707//310 
f 691//310 665//310 664//310 
f 664//310 663//310 708//310 
f 661//310 695//310 709//310 
f 696//310 694//310 660//310 
f 656//310 710//310 711//310 
f 656//310 655//310 712//310 
f 651//310 650//310 713//310 
f 650//310 649//310 714//310 
f 647//310 715//310 716//310 
f 646//310 717//310 715//310 
f 645//310 718//310 717//310 
f 645//310 644//310 719//310 
f 641//310 640//310 698//310 
f 676//310 697//310 639//310 
f 699//310 674//310 632//310 
f 701//310 700//310 630//310 
f 702//310 627//310 626//310 
f 626//310 625//310 678//310 
f 686//310 622//310 621//310 
f 689//310 685//310 615//310 
f 690//310 612//310 669//310 
f 707//310 706//310 668//310 
f 666//310 692//310 707//310 
f 708//310 693//310 664//310 
f 662//310 709//310 708//310 
f 695//310 661//310 660//310 
f 712//310 710//310 656//310 
f 655//310 654//310 720//310 
f 653//310 721//310 720//310 
f 653//310 652//310 722//310 
f 652//310 651//310 723//310 
f 714//310 713//310 650//310 
f 648//310 716//310 714//310 
f 715//310 647//310 646//310 
f 719//310 718//310 645//310 
f 644//310 643//310 724//310 
f 642//310 725//310 724//310 
f 642//310 641//310 726//310 
f 698//310 640//310 639//310 
f 699//310 631//310 630//310 
f 628//310 703//310 701//310 
f 678//310 704//310 626//310 
f 681//310 619//310 618//310 
f 706//310 705//310 669//310 
f 692//310 666//310 665//310 
f 709//310 662//310 661//310 
f 658//310 727//310 696//310 
f 657//310 711//310 727//310 
f 720//310 712//310 655//310 
f 722//310 721//310 653//310 
f 713//310 723//310 651//310 
f 716//310 648//310 647//310 
f 724//310 719//310 644//310 
f 726//310 725//310 642//310 
f 676//310 638//310 637//310 
f 703//310 628//310 627//310 
f 689//310 614//310 613//310 
f 708//310 663//310 662//310 
f 727//310 658//310 657//310 
f 720//310 654//310 653//310 
f 714//310 649//310 648//310 
f 724//310 643//310 642//310 
f 701//310 629//310 628//310 
f 707//310 667//310 666//310 
f 711//310 657//310 656//310 
f 717//310 646//310 645//310 
f 678//310 625//310 624//310 
f 723//310 722//310 652//310 
f 696//310 659//310 658//310 
f 698//310 726//310 641//310 
usemtl 1.000000_1.000000_1.000000_0.000000_0.000000
o mesh9
f 163//311 162//312 728//312 
f 159//313 163//311 729//314 
f 160//315 159//313 730//316 
f 175//317 160//315 731//318 
f 158//319 175//317 732//320 
f 141//321 158//319 733//322 
f 142//323 141//321 734//324 
f 174//325 142//323 735//326 
f 139//327 174//325 736//328 
f 157//329 139//327 737//330 
f 156//331 157//329 738//332 
f 135//333 156//331 739//334 
f 136//335 135//333 740//336 
f 126//337 136//335 741//338 
f 123//339 126//337 742//340 
f 155//341 123//339 743//342 
f 187//343 155//341 744//344 
f 188//345 187//343 745//346 
f 185//347 188//345 746//348 
f 186//349 185//347 747//350 
f 184//351 186//349 748//352 
f 173//353 184//351 749//354 
f 195//355 173//353 750//356 
f 171//357 195//355 751//358 
f 172//359 171//357 752//360 
f 168//361 172//359 753//362 
f 169//363 168//361 754//364 
f 183//365 169//363 755//366 
f 153//367 183//365 756//368 
f 131//369 153//367 757//370 
f 129//371 131//369 758//372 
f 121//373 129//371 759//374 
f 122//375 121//373 760//376 
f 152//377 122//375 761//378 
f 167//379 152//377 762//380 
f 120//381 167//379 763//382 
f 128//383 120//381 764//384 
f 151//385 128//383 765//386 
f 182//387 151//385 766//388 
f 166//389 182//387 767//390 
f 149//391 166//389 768//392 
f 150//393 149//391 769//394 
f 193//395 150//393 770//396 
f 194//397 193//395 771//398 
f 198//399 194//397 772//400 
f 191//401 198//399 773//402 
f 199//403 191//401 774//404 
f 181//405 199//403 775//406 
f 165//407 181//405 776//408 
f 148//409 165//407 777//410 
f 190//411 148//409 778//412 
f 197//413 190//411 779//414 
f 179//415 197//413 780//416 
f 180//417 179//415 781//418 
f 178//419 180//417 782//420 
f 143//421 178//419 783//422 
f 144//423 143//421 784//424 
f 162//312 144//423 785//423 
f 785//423 728//312 162//312 
f 784//424 785//423 144//423 
f 783//422 784//424 143//421 
f 782//420 783//422 178//419 
f 781//418 782//420 180//417 
f 780//416 781//418 179//415 
f 779//414 780//416 197//413 
f 778//412 779//414 190//411 
f 777//410 778//412 148//409 
f 776//408 777//410 165//407 
f 775//406 776//408 181//405 
f 774//404 775//406 199//403 
f 773//402 774//404 191//401 
f 772//400 773//402 198//399 
f 771//398 772//400 194//397 
f 770//396 771//398 193//395 
f 769//394 770//396 150//393 
f 768//392 769//394 149//391 
f 767//390 768//392 166//389 
f 766//388 767//390 182//387 
f 765//386 766//388 151//385 
f 764//384 765//386 128//383 
f 763//382 764//384 120//381 
f 762//380 763//382 167//379 
f 761//378 762//380 152//377 
f 760//376 761//378 122//375 
f 759//374 760//376 121//373 
f 758//372 759//374 129//371 
f 757//370 758//372 131//369 
f 756//368 757//370 153//367 
f 755//366 756//368 183//365 
f 754//364 755//366 169//363 
f 753//362 754//364 168//361 
f 752//360 753//362 172//359 
f 751//358 752//360 171//357 
f 750//356 751//358 195//355 
f 749//354 750//356 173//353 
f 748//352 749//354 184//351 
f 747//350 748//352 186//349 
f 746//348 747//350 185//347 
f 745//346 746//348 188//345 
f 744//344 745//346 187//343 
f 743//342 744//344 155//341 
f 742//340 743//342 123//339 
f 741//338 742//340 126//337 
f 740//336 741//338 136//335 
f 739//334 740//336 135//333 
f 738//332 739//334 156//331 
f 737//330 738//332 157//329 
f 736//328 737//330 139//327 
f 735//326 736//328 174//325 
f 734//324 735//326 142//323 
f 733//322 734//324 141//321 
f 732//320 733//322 158//319 
f 731//318 732//320 175//317 
f 730//316 731//318 160//315 
f 729//314 730//316 159//313 
f 728//312 729//314 163//311 
o mesh10
f 786//425 756//425 755//425 
f 755//425 754//425 786//425 
f 754//425 753//425 786//425 
f 753//425 752//425 786//425 
f 752//425 751//425 786//425 
f 751//425 750//425 786//425 
f 750//425 749//425 786//425 
f 749//425 748//425 786//425 
f 748//425 747//425 786//425 
f 747//425 746//425 786//425 
f 746//425 745//425 786//425 
f 745//425 744//425 786//425 
f 744//425 743//425 786//425 
f 743//425 742//425 786//425 
f 742//425 741//425 786//425 
f 741//425 740//425 786//425 
f 740//425 739//425 786//425 
f 739//425 738//425 786//425 
f 738//425 737//425 786//425 
f 737//425 736//425 786//425 
f 736//425 735//425 786//425 
f 735//425 734//425 786//425 
f 734//425 733//425 786//425 
f 733//425 732//425 786//425 
f 732//425 731//425 786//425 
f 731//425 730//425 786//425 
f 730//425 729//425 786//425 
f 729//425 728//425 786//425 
f 728//425 785//425 786//425 
f 785//425 784//425 786//425 
f 784//425 783//425 786//425 
f 783//425 782//425 786//425 
f 782//425 781//425 786//425 
f 781//425 780//425 786//425 
f 780//425 779//425 786//425 
f 779//425 778//425 786//425 
f 778//425 777//425 786//425 
f 777//425 776//425 786//425 
f 776//425 775//425 786//425 
f 775//425 774//425 786//425 
f 774//425 773//425 786//425 
f 773//425 772//425 786//425 
f 772//425 771//425 786//425 
f 771//425 770//425 786//425 
f 770//425 769//425 786//425 
f 769//425 768//425 786//425 
f 768//425 767//425 786//425 
f 767//425 766//425 786//425 
f 766//425 765//425 786//425 
f 765//425 764//425 786//425 
f 764//425 763//425 786//425 
f 763//425 762//425 786//425 
f 762//425 761//425 786//425 
f 761//425 760//425 786//425 
f 760//425 759//425 786//425 
f 759//425 758//425 786//425 
f 758//425 757//425 786//425 
f 757//425 756//425 786//425 
o mesh11
f 379//426 378//427 787//427 
f 377//428 379//426 788//429 
f 372//430 377//428 789//431 
f 349//432 372//430 790//433 
f 350//434 349//432 791//435 
f 348//436 350//434 792//437 
f 340//438 348//436 793//439 
f 341//440 340//438 794//441 
f 338//442 341//440 795//443 
f 339//444 338//442 796//445 
f 337//446 339//444 797//447 
f 328//448 337//446 798//449 
f 329//450 328//448 799//451 
f 321//452 329//450 800//453 
f 311//454 321//452 801//455 
f 312//456 311//454 802//457 
f 302//458 312//456 803//459 
f 303//460 302//458 804//461 
f 320//462 303//460 805//463 
f 318//464 320//462 806//465 
f 319//466 318//464 807//467 
f 336//468 319//466 808//469 
f 334//470 336//468 809//471 
f 335//472 334//470 810//473 
f 330//474 335//472 811//475 
f 324//476 330//474 812//477 
f 315//478 324//476 813//479 
f 314//480 315//478 814//481 
f 307//482 314//480 815//483 
f 313//484 307//482 816//485 
f 305//486 313//484 817//487 
f 323//488 305//486 818//489 
f 355//490 323//488 819//491 
f 356//492 355//490 820//493 
f 371//494 356//492 821//495 
f 345//496 371//494 822//497 
f 346//498 345//496 823//499 
f 363//500 346//498 824//501 
f 376//502 363//500 825//503 
f 370//504 376//502 826//505 
f 361//506 370//504 827//507 
f 362//508 361//506 828//509 
f 369//510 362//508 829//511 
f 375//512 369//510 830//513 
f 353//514 375//512 831//515 
f 360//516 353//514 832//517 
f 368//518 360//516 833//519 
f 367//520 368//518 834//521 
f 359//522 367//520 835//523 
f 343//524 359//522 836//525 
f 344//526 343//524 837//527 
f 374//528 344//526 838//529 
f 357//530 374//528 839//531 
f 358//532 357//530 840//533 
f 366//534 358//532 841//535 
f 365//536 366//534 842//537 
f 373//538 365//536 843//539 
f 378//427 373//538 844//538 
f 844//538 787//427 378//427 
f 843//539 844//538 373//538 
f 842//537 843//539 365//536 
f 841//535 842//537 366//534 
f 840//533 841//535 358//532 
f 839//531 840//533 357//530 
f 838//529 839//531 374//528 
f 837//527 838//529 344//526 
f 836//525 837//527 343//524 
f 835//523 836//525 359//522 
f 834//521 835//523 367//520 
f 833//519 834//521 368//518 
f 832//517 833//519 360//516 
f 831//515 832//517 353//514 
f 830//513 831//515 375//512 
f 829//511 830//513 369//510 
f 828//509 829//511 362//508 
f 827//507 828//509 361//506 
f 826//505 827//507 370//504 
f 825//503 826//505 376//502 
f 824//501 825//503 363//500 
f 823//499 824//501 346//498 
f 822//497 823//499 345//496 
f 821//495 822//497 371//494 
f 820//493 821//495 356//492 
f 819//491 820//493 355//490 
f 818//489 819//491 323//488 
f 817//487 818//489 305//486 
f 816//485 817//487 313//484 
f 815//483 816//485 307//482 
f 814//481 815//483 314//480 
f 813//479 814//481 315//478 
f 812//477 813//479 324//476 
f 811//475 812//477 330//474 
f 810//473 811//475 335//472 
f 809//471 810//473 334//470 
f 808//469 809//471 336//468 
f 807//467 808//469 319//466 
f 806//465 807//467 318//464 
f 805//463 806//465 320//462 
f 804//461 805//463 303//460 
f 803//459 804//461 302//458 
f 802//457 803//459 312//456 
f 801//455 802//457 311//454 
f 800//453 801//455 321//452 
f 799//451 800//453 329//450 
f 798//449 799//451 328//448 
f 797//447 798//449 337//446 
f 796//445 797//447 339//444 
f 795//443 796//445 338//442 
f 794//441 795//443 341//440 
f 793//439 794//441 340//438 
f 792//437 793//439 348//436 
f 791//435 792//437 350//434 
f 790//433 791//435 349//432 
f 789//431 790//433 372//430 
f 788//429 789//431 377//428 
f 787//427 788//429 379//426 
o mesh12
f 845//540 844//540 843//540 
f 843//540 842//540 845//540 
f 842//540 841//540 845//540 
f 841//540 840//540 845//540 
f 840//540 839//540 845//540 
f 839//540 838//540 845//540 
f 838//540 837//540 845//540 
f 837//540 836//540 845//540 
f 836//540 835//540 845//540 
f 835//540 834//540 845//540 
f 834//540 833//540 845//540 
f 833//540 832//540 845//540 
f 832//540 831//540 845//540 
f 831//540 830//540 845//540 
f 830//540 829//540 845//540 
f 829//540 828//540 845//540 
f 828//540 827//540 845//540 
f 827//540 826//540 845//540 
f 826//540 825//540 845//540 
f 825//540 824//540 845//540 
f 824//540 823//540 845//540 
f 823//540 822//540 845//540 
f 822//540 821//540 845//540 
f 821//540 820//540 845//540 
f 820//540 819//540 845//540 
f 819//540 818//540 845//540 
f 818//540 817//540 845//540 
f 817//540 816//540 845//540 
f 816//540 815//540 845//540 
f 815//540 814//540 845//540 
f 814//540 813//540 845//540 
f 813//540 812//540 845//540 
f 812//540 811//540 845//540 
f 811//540 810//540 845//540 
f 810//540 809//540 845//540 
f 809//540 808//540 845//540 
f 808//540 807//540 845//540 
f 807//540 806//540 845//540 
f 806//540 805//540 845//540 
f 805//540 804//540 845//540 
f 804//540 803//540 845//540 
f 803//540 802//540 845//540 
f 802//540 801//540 845//540 
f 801//540 800//540 845//540 
f 800//540 799//540 845//540 
f 799//540 798//540 845//540 
f 798//540 797//540 845//540 
f 797//540 796//540 845//540 
f 796//540 795//540 845//540 
f 795//540 794//540 845//540 
f 794//540 793//540 845//540 
f 793//540 792//540 845//540 
f 792//540 791//540 845//540 
f 791//540 790//540 845//540 
f 790//540 789//540 845//540 
f 789//540 788//540 845//540 
f 788//540 787//540 845//540 
f 787//540 844//540 845//540 
o mesh13
f 294//541 300//542 846//542 
f 295//543 294//541 847//544 
f 299//545 295//543 848//546 
f 292//547 299//545 849//548 
f 293//549 292//547 850//550 
f 291//551 293//549 851//552 
f 275//553 291//551 852//554 
f 282//555 275//553 853//556 
f 287//557 282//555 854//558 
f 298//559 287//557 855//560 
f 290//561 298//559 856//562 
f 285//563 290//561 857//564 
f 286//565 285//563 858//566 
f 297//567 286//565 859//568 
f 301//569 297//567 860//570 
f 296//571 301//569 861//572 
f 288//573 296//571 862//574 
f 271//575 288//573 863//576 
f 272//577 271//575 864//578 
f 281//579 272//577 865//580 
f 265//581 281//579 866//582 
f 262//583 265//581 867//584 
f 263//585 262//583 868//586 
f 236//587 263//585 869//588 
f 237//589 236//587 870//590 
f 235//591 237//589 871//592 
f 225//593 235//591 872//594 
f 226//595 225//593 873//596 
f 222//597 226//595 874//598 
f 223//599 222//597 875//600 
f 249//601 223//599 876//602 
f 250//603 249//601 877//604 
f 269//605 250//603 878//606 
f 270//607 269//605 879//608 
f 256//609 270//607 880//610 
f 257//611 256//609 881//612 
f 248//613 257//611 882//614 
f 244//615 248//613 883//616 
f 241//617 244//615 884//618 
f 242//619 241//617 885//620 
f 231//621 242//619 886//622 
f 240//623 231//621 887//624 
f 228//625 240//623 888//626 
f 238//627 228//625 889//628 
f 254//629 238//627 890//630 
f 268//631 254//629 891//632 
f 260//633 268//631 892//634 
f 261//635 260//633 893//636 
f 267//637 261//635 894//638 
f 266//639 267//637 895//640 
f 259//641 266//639 896//642 
f 284//643 259//641 897//644 
f 279//645 284//643 898//646 
f 280//647 279//645 899//648 
f 276//649 280//647 900//650 
f 277//651 276//649 901//652 
f 283//653 277//651 902//654 
f 300//542 283//653 903//653 
f 903//653 846//542 300//542 
f 902//654 903//653 283//653 
f 901//652 902//654 277//651 
f 900//650 901//652 276//649 
f 899//648 900//650 280//647 
f 898//646 899//648 279//645 
f 897//644 898//646 284//643 
f 896//642 897//644 259//641 
f 895//640 896//642 266//639 
f 894//638 895//640 267//637 
f 893//636 894//638 261//635 
f 892//634 893//636 260//633 
f 891//632 892//634 268//631 
f 890//630 891//632 254//629 
f 889//628 890//630 238//627 
f 888//626 889//628 228//625 
f 887//624 888//626 240//623 
f 886//622 887//624 231//621 
f 885//620 886//622 242//619 
f 884//618 885//620 241//617 
f 883//616 884//618 244//615 
f 882//614 883//616 248//613 
f 881//612 882//614 257//611 
f 880//610 881//612 256//609 
f 879//608 880//610 270//607 
f 878//606 879//608 269//605 
f 877//604 878//606 250//603 
f 876//602 877//604 249//601 
f 875//600 876//602 223//599 
f 874//598 875//600 222//597 
f 873//596 874//598 226//595 
f 872//594 873//596 225//593 
f 871//592 872//594 235//591 
f 870//590 871//592 237//589 
f 869//588 870//590 236//587 
f 868//586 869//588 263//585 
f 867//584 868//586 262//583 
f 866//582 867//584 265//581 
f 865//580 866//582 281//579 
f 864//578 865//580 272//577 
f 863//576 864//578 271//575 
f 862//574 863//576 288//573 
f 861//572 862//574 296//571 
f 860//570 861//572 301//569 
f 859//568 860//570 297//567 
f 858//566 859//568 286//565 
f 857//564 858//566 285//563 
f 856//562 857//564 290//561 
f 855//560 856//562 298//559 
f 854//558 855//560 287//557 
f 853//556 854//558 282//555 
f 852//554 853//556 275//553 
f 851//552 852//554 291//551 
f 850//550 851//552 293//549 
f 849//548 850//550 292//547 
f 848//546 849//548 299//545 
f 847//544 848//546 295//543 
f 846//542 847//544 294//541 
o mesh14
f 904//655 874//655 873//655 
f 873//655 872//655 904//655 
f 872//655 871//655 904//655 
f 871//655 870//655 904//655 
f 870//655 869//655 904//655 
f 869//655 868//655 904//655 
f 868//655 867//655 904//655 
f 867//655 866//655 904//655 
f 866//655 865//655 904//655 
f 865//655 864//655 904//655 
f 864//655 863//655 904//655 
f 863//655 862//655 904//655 
f 862//655 861//655 904//655 
f 861//655 860//655 904//655 
f 860//655 859//655 904//655 
f 859//655 858//655 904//655 
f 858//655 857//655 904//655 
f 857//655 856//655 904//655 
f 856//655 855//655 904//655 
f 855//655 854//655 904//655 
f 854//655 853//655 904//655 
f 853//655 852//655 904//655 
f 852//655 851//655 904//655 
f 851//655 850//655 904//655 
f 850//655 849//655 904//655 
f 849//655 848//655 904//655 
f 848//655 847//655 904//655 
f 847//655 846//655 904//655 
f 846//655 903//655 904//655 
f 903//655 902//655 904//655 
f 902//655 901//655 904//655 
f 901//655 900//655 904//655 
f 900//655 899//655 904//655 
f 899//655 898//655 904//655 
f 898//655 897//655 904//655 
f 897//655 896//655 904//655 
f 896//655 895//655 904//655 
f 895//655 894//655 904//655 
f 894//655 893//655 904//655 
f 893//655 892//655 904//655 
f 892//655 891//655 904//655 
f 891//655 890//655 904//655 
f 890//655 889//655 904//655 
f 889//655 888//655 904//655 
f 888//655 887//655 904//655 
f 887//655 886//655 904//655 
f 886//655 885//655 904//655 
f 885//655 884//655 904//655 
f 884//655 883//655 904//655 
f 883//655 882//655 904//655 
f 882//655 881//655 904//655 
f 881//655 880//655 904//655 
f 880//655 879//655 904//655 
f 879//655 878//655 904//655 
f 878//655 877//655 904//655 
f 877//655 876//655 904//655 
f 876//655 875//655 904//655 
f 875//655 874//655 904//655 
o mesh15
f 725//656 726//657 905//657 
f 724//658 725//656 906//659 
f 719//660 724//658 907//661 
f 718//662 719//660 908//663 
f 717//664 718//662 909//665 
f 715//666 717//664 910//667 
f 716//668 715//666 911//669 
f 714//670 716//668 912//671 
f 713//672 714//670 913//673 
f 723//674 713//672 914//675 
f 722//676 723//674 915//677 
f 721//678 722//676 916//679 
f 720//680 721//678 917//681 
f 712//682 720//680 918//683 
f 710//684 712//682 919//685 
f 711//686 710//684 920//687 
f 727//688 711//686 921//689 
f 696//690 727//688 922//691 
f 694//692 696//690 923//693 
f 695//694 694//692 924//695 
f 709//696 695//694 925//697 
f 708//698 709//696 926//699 
f 693//700 708//698 927//701 
f 691//702 693//700 928//703 
f 692//704 691//702 929//705 
f 707//706 692//704 930//707 
f 706//708 707//706 931//709 
f 705//710 706//708 932//711 
f 690//712 705//710 933//713 
f 688//714 690//712 934//715 
f 689//716 688//714 935//717 
f 685//718 689//716 936//719 
f 684//720 685//718 937//721 
f 683//722 684//720 938//723 
f 682//724 683//722 939//725 
f 681//726 682//724 940//727 
f 680//728 681//726 941//729 
f 687//730 680//728 942//731 
f 686//732 687//730 943//733 
f 679//734 686//732 944//735 
f 677//736 679//734 945//737 
f 678//738 677//736 946//739 
f 704//740 678//738 947//741 
f 702//742 704//740 948//743 
f 703//744 702//742 949//745 
f 701//746 703//744 950//747 
f 700//748 701//746 951//749 
f 699//750 700//748 952//751 
f 674//752 699//750 953//753 
f 673//754 674//752 954//755 
f 672//756 673//754 955//757 
f 670//758 672//756 956//759 
f 671//760 670//758 957//761 
f 675//762 671//760 958//763 
f 676//764 675//762 959//765 
f 697//766 676//764 960//767 
f 698//768 697//766 961//769 
f 726//657 698//768 962//768 
f 962//768 905//657 726//657 
f 961//769 962//768 698//768 
f 960//767 961//769 697//766 
f 959//765 960//767 676//764 
f 958//763 959//765 675//762 
f 957//761 958//763 671//760 
f 956//759 957//761 670//758 
f 955//757 956//759 672//756 
f 954//755 955//757 673//754 
f 953//753 954//755 674//752 
f 952//751 953//753 699//750 
f 951//749 952//751 700//748 
f 950//747 951//749 701//746 
f 949//745 950//747 703//744 
f 948//743 949//745 702//742 
f 947//741 948//743 704//740 
f 946//739 947//741 678//738 
f 945//737 946//739 677//736 
f 944//735 945//737 679//734 
f 943//733 944//735 686//732 
f 942//731 943//733 687//730 
f 941//729 942//731 680//728 
f 940//727 941//729 681//726 
f 939//725 940//727 682//724 
f 938//723 939//725 683//722 
f 937//721 938//723 684//720 
f 936//719 937//721 685//718 
f 935//717 936//719 689//716 
f 934//715 935//717 688//714 
f 933//713 934//715 690//712 
f 932//711 933//713 705//710 
f 931//709 932//711 706//708 
f 930//707 931//709 707//706 
f 929//705 930//707 692//704 
f 928//703 929//705 691//702 
f 927//701 928//703 693//700 
f 926//699 927//701 708//698 
f 925//697 926//699 709//696 
f 924//695 925//697 695//694 
f 923//693 924//695 694//692 
f 922//691 923//693 696//690 
f 921//689 922//691 727//688 
f 920//687 921//689 711//686 
f 919//685 920//687 710//684 
f 918//683 919//685 712//682 
f 917//681 918//683 720//680 
f 916//679 917//681 721//678 
f 915//677 916//679 722//676 
f 914//675 915//677 723//674 
f 913//673 914//675 713//672 
f 912//671 913//673 714//670 
f 911//669 912//671 716//668 
f 910//667 911//669 715//666 
f 909//665 910//667 717//664 
f 908//663 909//665 718//662 
f 907//661 908//663 719//660 
f 906//659 907//661 724//658 
f 905//657 906//659 725//656 
o mesh16
f 954//770 963//770 964//770 
f 954//770 953//770 965//770 
f 922//770 921//770 966//770 
f 921//770 920//770 967//770 
f 915//770 968//770 969//770 
f 914//770 970//770 968//770 
f 956//770 971//770 972//770 
f 955//770 964//770 971//770 
f 965//770 963//770 954//770 
f 953//770 952//770 973//770 
f 951//770 974//770 973//770 
f 951//770 950//770 975//770 
f 945//770 976//770 977//770 
f 945//770 944//770 978//770 
f 943//770 979//770 978//770 
f 942//770 980//770 979//770 
f 928//770 927//770 981//770 
f 927//770 926//770 982//770 
f 924//770 983//770 984//770 
f 923//770 985//770 983//770 
f 923//770 922//770 986//770 
f 967//770 966//770 921//770 
f 918//770 987//770 988//770 
f 918//770 917//770 989//770 
f 968//770 915//770 914//770 
f 914//770 913//770 990//770 
f 962//770 991//770 992//770 
f 962//770 961//770 993//770 
f 961//770 960//770 994//770 
f 960//770 959//770 995//770 
f 971//770 956//770 955//770 
f 973//770 965//770 953//770 
f 975//770 974//770 951//770 
f 950//770 949//770 996//770 
f 947//770 997//770 998//770 
f 947//770 946//770 977//770 
f 978//770 976//770 945//770 
f 979//770 943//770 942//770 
f 941//770 999//770 980//770 
f 941//770 940//770 1000//770 
f 938//770 937//770 1001//770 
f 937//770 936//770 1002//770 
f 936//770 935//770 1003//770 
f 935//770 934//770 1004//770 
f 982//770 981//770 927//770 
f 926//770 925//770 984//770 
f 983//770 924//770 923//770 
f 966//770 986//770 922//770 
f 989//770 987//770 918//770 
f 917//770 916//770 969//770 
f 990//770 970//770 914//770 
f 913//770 912//770 1005//770 
f 910//770 909//770 1006//770 
f 909//770 908//770 1007//770 
f 993//770 991//770 962//770 
f 995//770 994//770 960//770 
f 958//770 1008//770 995//770 
f 958//770 957//770 972//770 
f 964//770 955//770 954//770 
f 996//770 975//770 950//770 
f 949//770 948//770 998//770 
f 977//770 997//770 947//770 
f 978//770 944//770 943//770 
f 1000//770 999//770 941//770 
f 940//770 939//770 1009//770 
f 939//770 938//770 1010//770 
f 1002//770 1001//770 937//770 
f 1004//770 1003//770 935//770 
f 933//770 1011//770 1004//770 
f 933//770 932//770 1012//770 
f 931//770 1013//770 1012//770 
f 930//770 1014//770 1013//770 
f 929//770 1015//770 1014//770 
f 929//770 928//770 1016//770 
f 984//770 982//770 926//770 
f 986//770 985//770 923//770 
f 919//770 988//770 967//770 
f 969//770 989//770 917//770 
f 1005//770 990//770 913//770 
f 912//770 911//770 1017//770 
f 911//770 910//770 1018//770 
f 1007//770 1006//770 909//770 
f 906//770 1019//770 1020//770 
f 906//770 905//770 992//770 
f 994//770 993//770 961//770 
f 972//770 1008//770 958//770 
f 973//770 952//770 951//770 
f 998//770 948//770 947//770 
f 980//770 942//770 941//770 
f 1010//770 1009//770 939//770 
f 1003//770 1002//770 936//770 
f 1012//770 1011//770 933//770 
f 1013//770 931//770 930//770 
f 1016//770 1015//770 929//770 
f 984//770 925//770 924//770 
f 988//770 919//770 918//770 
f 1017//770 1005//770 912//770 
f 1006//770 1018//770 910//770 
f 907//770 1020//770 1007//770 
f 992//770 1019//770 906//770 
f 995//770 959//770 958//770 
f 998//770 996//770 949//770 
f 1009//770 1000//770 940//770 
f 1004//770 934//770 933//770 
f 1014//770 930//770 929//770 
f 967//770 920//770 919//770 
f 1018//770 1017//770 911//770 
f 1020//770 907//770 906//770 
f 972//770 957//770 956//770 
f 1001//770 1010//770 938//770 
f 981//770 1016//770 928//770 
f 1007//770 908//770 907//770 
f 977//770 946//770 945//770 
f 969//770 916//770 915//770 
f 1012//770 932//770 931//770 
f 992//770 905//770 962//770 
o mesh17
f 1004//771 1021//771 1022//772 
f 1003//772 1022//772 1023//773 
f 1002//773 1023//773 1024//774 
f 1001//774 1024//774 1025//775 
f 1010//775 1025//775 1026//776 
f 1009//776 1026//776 1027//777 
f 1000//777 1027//777 1028//778 
f 999//778 1028//778 1029//779 
f 980//779 1029//779 1030//780 
f 979//780 1030//780 1031//781 
f 978//781 1031//781 1032//782 
f 976//782 1032//782 1033//783 
f 977//783 1033//783 1034//784 
f 997//784 1034//784 1035//785 
f 998//785 1035//785 1036//786 
f 996//786 1036//786 1037//787 
f 975//787 1037//787 1038//788 
f 974//788 1038//788 1039//789 
f 973//789 1039//789 1040//790 
f 965//790 1040//790 1041//791 
f 963//791 1041//791 1042//792 
f 964//792 1042//792 1043//793 
f 971//793 1043//793 1044//794 
f 972//794 1044//794 1045//795 
f 1008//795 1045//795 1046//796 
f 995//796 1046//796 1047//797 
f 994//797 1047//797 1048//798 
f 993//798 1048//798 1049//799 
f 991//799 1049//799 1050//800 
f 992//800 1050//800 1051//801 
f 1019//801 1051//801 1052//802 
f 1020//802 1052//802 1053//803 
f 1007//803 1053//803 1054//804 
f 1006//804 1054//804 1055//805 
f 1018//805 1055//805 1056//806 
f 1017//806 1056//806 1057//807 
f 1005//807 1057//807 1058//808 
f 990//808 1058//808 1059//809 
f 970//809 1059//809 1060//810 
f 968//810 1060//810 1061//811 
f 969//811 1061//811 1062//812 
f 989//812 1062//812 1063//813 
f 987//813 1063//813 1064//814 
f 988//814 1064//814 1065//815 
f 967//815 1065//815 1066//816 
f 966//816 1066//816 1067//817 
f 986//817 1067//817 1068//818 
f 985//818 1068//818 1069//819 
f 983//819 1069//819 1070//820 
f 984//820 1070//820 1071//821 
f 982//821 1071//821 1072//822 
f 981//822 1072//822 1073//823 
f 1016//823 1073//823 1074//824 
f 1015//824 1074//824 1075//825 
f 1014//825 1075//825 1076//826 
f 1013//826 1076//826 1077//827 
f 1012//827 1077//827 1078//828 
f 1011//828 1078//828 1021//771 
f 1021//771 1004//771 1011//828 
f 1078//828 1011//828 1012//827 
f 1077//827 1012//827 1013//826 
f 1076//826 1013//826 1014//825 
f 1075//825 1014//825 1015//824 
f 1074//824 1015//824 1016//823 
f 1073//823 1016//823 981//822 
f 1072//822 981//822 982//821 
f 1071//821 982//821 984//820 
f 1070//820 984//820 983//819 
f 1069//819 983//819 985//818 
f 1068//818 985//818 986//817 
f 1067//817 986//817 966//816 
f 1066//816 966//816 967//815 
f 1065//815 967//815 988//814 
f 1064//814 988//814 987//813 
f 1063//813 987//813 989//812 
f 1062//812 989//812 969//811 
f 1061//811 969//811 968//810 
f 1060//810 968//810 970//809 
f 1059//809 970//809 990//808 
f 1058//808 990//808 1005//807 
f 1057//807 1005//807 1017//806 
f 1056//806 1017//806 1018//805 
f 1055//805 1018//805 1006//804 
f 1054//804 1006//804 1007//803 
f 1053//803 1007//803 1020//802 
f 1052//802 1020//802 1019//801 
f 1051//801 1019//801 992//800 
f 1050//800 992//800 991//799 
f 1049//799 991//799 993//798 
f 1048//798 993//798 994//797 
f 1047//797 994//797 995//796 
f 1046//796 995//796 1008//795 
f 1045//795 1008//795 972//794 
f 1044//794 972//794 971//793 
f 1043//793 971//793 964//792 
f 1042//792 964//792 963//791 
f 1041//791 963//791 965//790 
f 1040//790 965//790 973//789 
f 1039//789 973//789 974//788 
f 1038//788 974//788 975//787 
f 1037//787 975//787 996//786 
f 1036//786 996//786 998//785 
f 1035//785 998//785 997//784 
f 1034//784 997//784 977//783 
f 1033//783 977//783 976//782 
f 1032//782 976//782 978//781 
f 1031//781 978//781 979//780 
f 1030//780 979//780 980//779 
f 1029//779 980//779 999//778 
f 1028//778 999//778 1000//777 
f 1027//777 1000//777 1009//776 
f 1026//776 1009//776 1010//775 
f 1025//775 1010//775 1001//774 
f 1024//774 1001//774 1002//773 
f 1023//773 1002//773 1003//772 
f 1022//772 1003//772 1004//771 
o mesh18
f 1036//829 1079//829 1080//829 
f 1036//829 1035//829 1081//829 
f 1026//829 1082//829 1083//829 
f 1026//829 1025//829 1084//829 
f 1081//829 1079//829 1036//829 
f 1035//829 1034//829 1085//829 
f 1028//829 1086//829 1087//829 
f 1028//829 1027//829 1083//829 
f 1084//829 1082//829 1026//829 
f 1025//829 1024//829 1088//829 
f 1076//829 1075//829 1089//829 
f 1075//829 1074//829 1090//829 
f 1085//829 1081//829 1035//829 
f 1034//829 1033//829 1091//829 
f 1031//829 1092//829 1093//829 
f 1030//829 1094//829 1092//829 
f 1083//829 1086//829 1028//829 
f 1088//829 1084//829 1025//829 
f 1076//829 1095//829 1096//829 
f 1090//829 1089//829 1075//829 
f 1072//829 1097//829 1098//829 
f 1072//829 1071//829 1099//829 
f 1091//829 1085//829 1034//829 
f 1033//829 1032//829 1093//829 
f 1092//829 1031//829 1030//829 
f 1030//829 1029//829 1087//829 
f 1083//829 1027//829 1026//829 
f 1023//829 1100//829 1088//829 
f 1022//829 1101//829 1100//829 
f 1022//829 1021//829 1102//829 
f 1089//829 1095//829 1076//829 
f 1073//829 1098//829 1090//829 
f 1099//829 1097//829 1072//829 
f 1071//829 1070//829 1103//829 
f 1068//829 1104//829 1105//829 
f 1067//829 1106//829 1104//829 
f 1058//829 1107//829 1108//829 
f 1057//829 1109//829 1107//829 
f 1093//829 1091//829 1033//829 
f 1087//829 1094//829 1030//829 
f 1088//829 1024//829 1023//829 
f 1102//829 1101//829 1022//829 
f 1090//829 1074//829 1073//829 
f 1103//829 1099//829 1071//829 
f 1104//829 1068//829 1067//829 
f 1067//829 1066//829 1110//829 
f 1107//829 1058//829 1057//829 
f 1056//829 1111//829 1109//829 
f 1055//829 1112//829 1111//829 
f 1055//829 1054//829 1113//829 
f 1049//829 1114//829 1115//829 
f 1049//829 1048//829 1116//829 
f 1046//829 1117//829 1118//829 
f 1046//829 1045//829 1119//829 
f 1041//829 1040//829 1120//829 
f 1040//829 1039//829 1121//829 
f 1038//829 1122//829 1121//829 
f 1038//829 1037//829 1080//829 
f 1093//829 1032//829 1031//829 
f 1100//829 1023//829 1022//829 
f 1098//829 1073//829 1072//829 
f 1070//829 1069//829 1105//829 
f 1110//829 1106//829 1067//829 
f 1066//829 1065//829 1123//829 
f 1065//829 1064//829 1124//829 
f 1064//829 1063//829 1125//829 
f 1062//829 1126//829 1125//829 
f 1062//829 1061//829 1127//829 
f 1060//829 1128//829 1127//829 
f 1060//829 1059//829 1108//829 
f 1109//829 1057//829 1056//829 
f 1113//829 1112//829 1055//829 
f 1116//829 1114//829 1049//829 
f 1048//829 1047//829 1118//829 
f 1119//829 1117//829 1046//829 
f 1045//829 1044//829 1129//829 
f 1043//829 1130//829 1129//829 
f 1042//829 1131//829 1130//829 
f 1041//829 1132//829 1131//829 
f 1121//829 1120//829 1040//829 
f 1080//829 1122//829 1038//829 
f 1087//829 1029//829 1028//829 
f 1078//829 1133//829 1102//829 
f 1078//829 1077//829 1096//829 
f 1105//829 1103//829 1070//829 
f 1123//829 1110//829 1066//829 
f 1125//829 1124//829 1064//829 
f 1127//829 1126//829 1062//829 
f 1108//829 1128//829 1060//829 
f 1111//829 1056//829 1055//829 
f 1118//829 1116//829 1048//829 
f 1129//829 1119//829 1045//829 
f 1130//829 1043//829 1042//829 
f 1120//829 1132//829 1041//829 
f 1080//829 1037//829 1036//829 
f 1096//829 1133//829 1078//829 
f 1105//829 1069//829 1068//829 
f 1125//829 1063//829 1062//829 
f 1108//829 1059//829 1058//829 
f 1054//829 1053//829 1134//829 
f 1118//829 1047//829 1046//829 
f 1131//829 1042//829 1041//829 
f 1102//829 1021//829 1078//829 
f 1124//829 1123//829 1065//829 
f 1134//829 1113//829 1054//829 
f 1052//829 1135//829 1134//829 
f 1051//829 1136//829 1135//829 
f 1051//829 1050//829 1115//829 
f 1129//829 1044//829 1043//829 
f 1096//829 1077//829 1076//829 
f 1134//829 1053//829 1052//829 
f 1115//829 1136//829 1051//829 
f 1121//829 1039//829 1038//829 
f 1135//829 1052//829 1051//829 
f 1127//829 1061//829 1060//829 
f 1115//829 1050//829 1049//829 
o mesh19
f 1102//830 1137//830 1138//831 
f 1101//831 1138//831 1139//832 
f 1100//832 1139//832 1140//833 
f 1088//833 1140//833 1141//834 
f 1084//834 1141//834 1142//835 
f 1082//835 1142//835 1143//836 
f 1083//836 1143//836 1144//837 
f 1086//837 1144//837 1145//838 
f 1087//838 1145//838 1146//839 
f 1094//839 1146//839 1147//840 
f 1092//840 1147//840 1148//841 
f 1093//841 1148//841 1149//842 
f 1091//842 1149//842 1150//843 
f 1085//843 1150//843 1151//844 
f 1081//844 1151//844 1152//845 
f 1079//845 1152//845 1153//846 
f 1080//846 1153//846 1154//847 
f 1122//847 1154//847 1155//848 
f 1121//848 1155//848 1156//849 
f 1120//849 1156//849 1157//850 
f 1132//850 1157//850 1158//851 
f 1131//851 1158//851 1159//852 
f 1130//852 1159//852 1160//853 
f 1129//853 1160//853 1161//854 
f 1119//854 1161//854 1162//855 
f 1117//855 1162//855 1163//856 
f 1118//856 1163//856 1164//857 
f 1116//857 1164//857 1165//858 
f 1114//858 1165//858 1166//859 
f 1115//859 1166//859 1167//860 
f 1136//860 1167//860 1168//861 
f 1135//861 1168//861 1169//862 
f 1134//862 1169//862 1170//863 
f 1113//863 1170//863 1171//864 
f 1112//864 1171//864 1172//865 
f 1111//865 1172//865 1173//866 
f 1109//866 1173//866 1174//867 
f 1107//867 1174//867 1175//868 
f 1108//868 1175//868 1176//869 
f 1128//869 1176//869 1177//870 
f 1127//870 1177//870 1178//871 
f 1126//871 1178//871 1179//872 
f 1125//872 1179//872 1180//873 
f 1124//873 1180//873 1181//874 
f 1123//874 1181//874 1182//875 
f 1110//875 1182//875 1183//876 
f 1106//876 1183//876 1184//877 
f 1104//877 1184//877 1185//878 
f 1105//878 1185//878 1186//879 
f 1103//879 1186//879 1187//880 
f 1099//880 1187//880 1188//881 
f 1097//881 1188//881 1189//882 
f 1098//882 1189//882 1190//883 
f 1090//883 1190//883 1191//884 
f 1089//884 1191//884 1192//885 
f 1095//885 1192//885 1193//886 
f 1096//886 1193//886 1194//887 
f 1133//887 1194//887 1137//830 
f 1137//830 1102//830 1133//887 
f 1194//887 1133//887 1096//886 
f 1193//886 1096//886 1095//885 
f 1192//885 1095//885 1089//884 
f 1191//884 1089//884 1090//883 
f 1190//883 1090//883 1098//882 
f 1189//882 1098//882 1097//881 
f 1188//881 1097//881 1099//880 
f 1187//880 1099//880 1103//879 
f 1186//879 1103//879 1105//878 
f 1185//878 1105//878 1104//877 
f 1184//877 1104//877 1106//876 
f 1183//876 1106//876 1110//875 
f 1182//875 1110//875 1123//874 
f 1181//874 1123//874 1124//873 
f 1180//873 1124//873 1125//872 
f 1179//872 1125//872 1126//871 
f 1178//871 1126//871 1127//870 
f 1177//870 1127//870 1128//869 
f 1176//869 1128//869 1108//868 
f 1175//868 1108//868 1107//867 
f 1174//867 1107//867 1109//866 
f 1173//866 1109//866 1111//865 
f 1172//865 1111//865 1112//864 
f 1171//864 1112//864 1113//863 
f 1170//863 1113//863 1134//862 
f 1169//862 1134//862 1135//861 
f 1168//861 1135//861 1136//860 
f 1167//860 1136//860 1115//859 
f 1166//859 1115//859 1114//858 
f 1165//858 1114//858 1116//857 
f 1164//857 1116//857 1118//856 
f 1163//856 1118//856 1117//855 
f 1162//855 1117//855 1119//854 
f 1161//854 1119//854 1129//853 
f 1160//853 1129//853 1130//852 
f 1159//852 1130//852 1131//851 
f 1158//851 1131//851 1132//850 
f 1157//850 1132//850 1120//849 
f 1156//849 1120//849 1121//848 
f 1155//848 1121//848 1122//847 
f 1154//847 1122//847 1080//846 
f 1153//846 1080//846 1079//845 
f 1152//845 1079//845 1081//844 
f 1151//844 1081//844 1085//843 
f 1150//843 1085//843 1091//842 
f 1149//842 1091//842 1093//841 
f 1148//841 1093//841 1092//840 
f 1147//840 1092//840 1094//839 
f 1146//839 1094//839 1087//838 
f 1145//838 1087//838 1086//837 
f 1144//837 1086//837 1083//836 
f 1143//836 1083//836 1082//835 
f 1142//835 1082//835 1084//834 
f 1141//834 1084//834 1088//833 
f 1140//833 1088//833 1100//832 
f 1139//832 1100//832 1101//831 
f 1138//831 1101//831 1102//830 
o mesh20
f 1195//888 1165//888 1164//888 
f 1164//888 1163//888 1195//888 
f 1163//888 1162//888 1195//888 
f 1162//888 1161//888 1195//888 
f 1161//888 1160//888 1195//888 
f 1160//888 1159//888 1195//888 
f 1159//888 1158//888 1195//888 
f 1158//888 1157//888 1195//888 
f 1157//888 1156//888 1195//888 
f 1156//888 1155//888 1195//888 
f 1155//888 1154//888 1195//888 
f 1154//888 1153//888 1195//888 
f 1153//888 1152//888 1195//888 
f 1152//888 1151//888 1195//888 
f 1151//888 1150//888 1195//888 
f 1150//888 1149//888 1195//888 
f 1149//888 1148//888 1195//888 
f 1148//888 1147//888 1195//888 
f 1147//888 1146//888 1195//888 
f 1146//888 1145//888 1195//888 
f 1145//888 1144//888 1195//888 
f 1144//888 1143//888 1195//888 
f 1143//888 1142//888 1195//888 
f 1142//888 1141//888 1195//888 
f 1141//888 1140//888 1195//888 
f 1140//888 1139//888 1195//888 
f 1139//888 1138//888 1195//888 
f 1138//888 1137//888 1195//888 
f 1137//888 1194//888 1195//888 
f 1194//888 1193//888 1195//888 
f 1193//888 1192//888 1195//888 
f 1192//888 1191//888 1195//888 
f 1191//888 1190//888 1195//888 
f 1190//888 1189//888 1195//888 
f 1189//888 1188//888 1195//888 
f 1188//888 1187//888 1195//888 
f 1187//888 1186//888 1195//888 
f 1186//888 1185//888 1195//888 
f 1185//888 1184//888 1195//888 
f 1184//888 1183//888 1195//888 
f 1183//888 1182//888 1195//888 
f 1182//888 1181//888 1195//888 
f 1181//888 1180//888 1195//888 
f 1180//888 1179//888 1195//888 
f 1179//888 1178//888 1195//888 
f 1178//888 1177//888 1195//888 
f 1177//888 1176//888 1195//888 
f 1176//888 1175//888 1195//888 
f 1175//888 1174//888 1195//888 
f 1174//888 1173//888 1195//888 
f 1173//888 1172//888 1195//888 
f 1172//888 1171//888 1195//888 
f 1171//888 1170//888 1195//888 
f 1170//888 1169//888 1195//888 
f 1169//888 1168//888 1195//888 
f 1168//888 1167//888 1195//888 
f 1167//888 1166//888 1195//888 
f 1166//888 1165//888 1195//888 
usemtl 0.250980_0.250980_0.250980_0.000000_0.000000
o mesh21
f 119//889 1196//889 1197//890 
f 1197//890 130//891 119//889 
f 119//889 118//892 1198//893 
f 118//892 1199//892 1198//893 
f 118//892 192//894 1200//895 
f 192//894 1201//894 1200//895 
f 170//896 130//891 1202//897 
f 130//891 1203//898 1202//897 
f 147//899 1204//899 1205//900 
f 1205//900 192//894 147//899 
f 1205//900 1201//894 192//894 
f 1202//897 1206//901 170//896 
f 1200//895 1199//892 118//892 
f 1198//893 1196//889 119//889 
f 1197//890 1203//898 130//891 
usemtl 0.796078_0.823529_0.937255_0.000000_0.000000
o mesh22
f 1204//902 1207//902 1208//902 
f 1204//902 1209//902 1210//902 
f 1204//902 1211//902 1212//902 
f 1210//902 1207//902 1204//902 
f 1208//902 1211//902 1204//902 
f 1212//902 1205//902 1204//902 
o mesh23
f 1206//902 1213//902 1214//902 
f 1206//902 1215//902 1216//902 
f 1216//902 1213//902 1206//902 
f 1206//902 1202//902 1217//902 
f 1217//902 1215//902 1206//902 
f 1214//902 1218//902 1206//902 
usemtl 0.250980_0.250980_0.250980_0.000000_0.000000
o mesh24
f 1198//903 1219//903 1220//904 
f 1197//905 1196//906 1220//904 
f 1220//904 1221//907 1197//905 
f 1200//908 1222//909 1223//910 
f 1198//903 1199//911 1223//910 
f 1223//910 1219//903 1198//903 
f 1224//912 1203//913 1197//905 
f 1202//914 1203//913 1224//912 
f 1224//912 1225//915 1202//914 
f 1226//916 1222//909 1200//908 
f 1205//917 1227//918 1226//916 
f 1226//916 1201//919 1205//917 
f 1200//908 1201//919 1226//916 
f 1197//905 1221//907 1224//912 
f 1223//910 1199//911 1200//908 
f 1220//904 1196//906 1198//903 
o mesh25
f 1228//920 216//920 154//920 
f 154//920 1218//920 1228//920 
f 154//920 170//920 1218//920 
f 170//920 1206//920 1218//920 
f 1228//920 1229//920 216//920 
o mesh26
f 1230//920 1218//920 1214//921 
f 1231//921 1214//921 1213//922 
f 1232//922 1213//922 1216//923 
f 1233//923 1216//923 1215//924 
f 1234//924 1215//924 1217//925 
f 1217//925 1202//926 1225//927 
f 1225//927 1235//928 1217//925 
f 1217//925 1235//928 1234//924 
f 1215//924 1234//924 1233//923 
f 1216//923 1233//923 1232//922 
f 1213//922 1232//922 1231//921 
f 1214//921 1231//921 1230//920 
usemtl 0.796078_0.823529_0.937255_0.000000_0.000000
o mesh27
f 1229//929 1236//929 1237//929 
f 1229//929 1238//929 1239//929 
f 1239//929 1236//929 1229//929 
f 1229//929 1228//929 1240//929 
f 1240//929 1238//929 1229//929 
f 1237//929 1241//929 1229//929 
usemtl 0.250980_0.250980_0.250980_0.000000_0.000000
o mesh28
f 1218//930 1230//930 1242//930 
f 1242//930 1228//930 1218//930 
o mesh29
f 1243//931 1232//931 1233//931 
f 1243//931 1230//931 1231//931 
f 1243//931 1234//931 1235//931 
f 1231//931 1232//931 1243//931 
f 1233//931 1234//931 1243//931 
f 1235//931 1225//931 1243//931 
o mesh30
f 220//932 1244//932 1245//933 
f 1245//933 221//934 220//932 
f 220//932 219//935 1246//936 
f 219//935 1247//935 1246//936 
f 219//935 217//937 1248//938 
f 217//937 1249//937 1248//938 
f 214//939 221//934 1250//940 
f 221//934 1251//941 1250//940 
f 216//942 1229//942 1241//943 
f 1241//943 217//937 216//942 
f 1241//943 1249//937 217//937 
f 1250//940 1252//944 214//939 
f 1248//938 1247//935 219//935 
f 1246//936 1244//932 220//932 
f 1245//933 1251//941 221//934 
o mesh31
f 1253//945 1237//945 1236//946 
f 1254//946 1236//946 1239//947 
f 1255//947 1239//947 1238//948 
f 1256//948 1238//948 1240//949 
f 1257//949 1240//949 1228//950 
f 1253//945 1258//951 1241//952 
f 1241//952 1237//945 1253//945 
f 1228//950 1242//953 1257//949 
f 1240//949 1257//949 1256//948 
f 1238//948 1256//948 1255//947 
f 1239//947 1255//947 1254//946 
f 1236//946 1254//946 1253//945 
usemtl 0.796078_0.823529_0.937255_0.000000_0.000000
o mesh32
f 1252//954 1259//954 1260//954 
f 1252//954 1250//954 1261//954 
f 1252//954 1262//954 1263//954 
f 1261//954 1259//954 1252//954 
f 1260//954 1262//954 1252//954 
f 1263//954 1264//954 1252//954 
usemtl 0.250980_0.250980_0.250980_0.000000_0.000000
o mesh33
f 1246//955 1265//955 1266//956 
f 1245//957 1244//958 1266//956 
f 1266//956 1267//959 1245//957 
f 1248//960 1268//961 1269//962 
f 1246//955 1247//963 1269//962 
f 1269//962 1265//955 1246//955 
f 1270//964 1251//965 1245//957 
f 1250//966 1251//965 1270//964 
f 1270//964 1271//967 1250//966 
f 1272//968 1268//961 1248//960 
f 1241//969 1258//970 1272//968 
f 1272//968 1249//971 1241//969 
f 1248//960 1249//971 1272//968 
f 1245//957 1267//959 1270//964 
f 1269//962 1247//963 1248//960 
f 1266//956 1244//958 1246//955 
o mesh34
f 1273//972 1254//972 1255//972 
f 1273//972 1258//972 1253//972 
f 1273//972 1256//972 1257//972 
f 1253//972 1254//972 1273//972 
f 1255//972 1256//972 1273//972 
f 1257//972 1242//972 1273//972 
o mesh35
f 1274//973 264//973 212//973 
f 212//973 1264//973 1274//973 
f 212//973 214//973 1264//973 
f 214//973 1252//973 1264//973 
f 1274//973 1275//973 264//973 
o mesh36
f 1276//973 1264//973 1263//974 
f 1277//974 1263//974 1262//975 
f 1278//975 1262//975 1260//976 
f 1279//976 1260//976 1259//977 
f 1280//977 1259//977 1261//978 
f 1261//978 1250//979 1271//980 
f 1271//980 1281//981 1261//978 
f 1261//978 1281//981 1280//977 
f 1259//977 1280//977 1279//976 
f 1260//976 1279//976 1278//975 
f 1262//975 1278//975 1277//974 
f 1263//974 1277//974 1276//973 
usemtl 0.796078_0.823529_0.937255_0.000000_0.000000
o mesh37
f 1275//982 1282//982 1283//982 
f 1275//982 1284//982 1282//982 
f 1275//982 1285//982 1284//982 
f 1275//982 1274//982 1286//982 
f 1286//982 1285//982 1275//982 
f 1283//982 1287//982 1275//982 
usemtl 0.250980_0.250980_0.250980_0.000000_0.000000
o mesh38
f 1288//983 1274//983 1264//983 
f 1264//983 1276//983 1288//983 
o mesh39
f 1289//984 1280//984 1281//984 
f 1289//984 1278//984 1279//984 
f 1279//984 1280//984 1289//984 
f 1289//984 1276//984 1277//984 
f 1277//984 1278//984 1289//984 
f 1281//984 1271//984 1289//984 
o mesh40
f 1290//985 1269//986 1268//987 
f 1268//987 1291//988 1290//985 
f 1290//985 1292//989 1265//990 
f 1292//989 1266//991 1265//990 
f 1292//989 1293//992 1267//993 
f 1293//992 1270//994 1267//993 
f 1294//995 1291//988 1258//996 
f 1291//988 1272//997 1258//996 
f 1295//998 1289//998 1271//999 
f 1271//999 1293//992 1295//998 
f 1271//999 1270//994 1293//992 
f 1258//996 1273//1000 1294//995 
f 1267//993 1266//991 1292//989 
f 1265//990 1269//986 1290//985 
f 1268//987 1272//997 1291//988 
o mesh41
f 274//1001 1296//1001 1297//1002 
f 1297//1002 278//1003 274//1001 
f 273//1004 1298//1004 1299//1005 
f 1299//1005 274//1001 273//1004 
f 273//1004 289//1006 1300//1007 
f 289//1006 1301//1006 1300//1007 
f 258//1008 278//1003 1302//1009 
f 278//1003 1303//1010 1302//1009 
f 264//1011 1275//1011 1287//1012 
f 1287//1012 289//1006 264//1011 
f 1287//1012 1301//1006 289//1006 
f 1302//1009 1304//1013 258//1008 
f 1300//1007 1298//1004 273//1004 
f 1299//1005 1296//1001 274//1001 
f 1297//1002 1303//1010 278//1003 
o mesh42
f 1305//1014 1283//1014 1282//1015 
f 1306//1015 1282//1015 1284//1016 
f 1307//1016 1284//1016 1285//1017 
f 1308//1017 1285//1017 1286//1018 
f 1309//1018 1286//1018 1274//1019 
f 1305//1014 1310//1020 1287//1021 
f 1287//1021 1283//1014 1305//1014 
f 1274//1019 1288//1022 1309//1018 
f 1286//1018 1309//1018 1308//1017 
f 1285//1017 1308//1017 1307//1016 
f 1284//1016 1307//1016 1306//1015 
f 1282//1015 1306//1015 1305//1014 
usemtl 0.796078_0.823529_0.937255_0.000000_0.000000
o mesh43
f 1304//1023 1311//1023 1312//1023 
f 1304//1023 1302//1023 1313//1023 
f 1304//1023 1314//1023 1315//1023 
f 1313//1023 1311//1023 1304//1023 
f 1312//1023 1314//1023 1304//1023 
f 1315//1023 1316//1023 1304//1023 
usemtl 0.250980_0.250980_0.250980_0.000000_0.000000
o mesh44
f 1299//1024 1317//1024 1318//1025 
f 1297//1026 1296//1027 1318//1025 
f 1318//1025 1319//1028 1297//1026 
f 1300//1029 1320//1030 1321//1031 
f 1299//1024 1298//1032 1321//1031 
f 1321//1031 1317//1024 1299//1024 
f 1322//1033 1320//1030 1300//1029 
f 1287//1034 1310//1035 1322//1033 
f 1322//1033 1301//1036 1287//1034 
f 1323//1037 1303//1038 1297//1026 
f 1302//1039 1303//1038 1323//1037 
f 1323//1037 1324//1040 1302//1039 
f 1297//1026 1319//1028 1323//1037 
f 1300//1029 1301//1036 1322//1033 
f 1321//1031 1298//1032 1300//1029 
f 1318//1025 1296//1027 1299//1024 
o mesh45
f 1325//1041 1310//1041 1305//1041 
f 1305//1041 1306//1041 1325//1041 
f 1325//1041 1308//1041 1309//1041 
f 1306//1041 1307//1041 1325//1041 
f 1307//1041 1308//1041 1325//1041 
f 1309//1041 1288//1041 1325//1041 
o mesh46
f 1326//1042 347//1042 253//1042 
f 253//1042 1316//1042 1326//1042 
f 253//1042 258//1042 1316//1042 
f 258//1042 1304//1042 1316//1042 
f 1326//1042 1327//1042 347//1042 
o mesh47
f 1328//1042 1316//1042 1315//1043 
f 1329//1043 1315//1043 1314//1044 
f 1330//1044 1314//1044 1312//1045 
f 1331//1045 1312//1045 1311//1046 
f 1332//1046 1311//1046 1313//1047 
f 1313//1047 1302//1048 1324//1049 
f 1324//1049 1333//1050 1313//1047 
f 1313//1047 1333//1050 1332//1046 
f 1311//1046 1332//1046 1331//1045 
f 1312//1045 1331//1045 1330//1044 
f 1314//1044 1330//1044 1329//1043 
f 1315//1043 1329//1043 1328//1042 
usemtl 0.796078_0.823529_0.937255_0.000000_0.000000
o mesh48
f 1327//1051 1334//1051 1335//1051 
f 1327//1051 1326//1051 1336//1051 
f 1327//1051 1337//1051 1338//1051 
f 1336//1051 1334//1051 1327//1051 
f 1335//1051 1337//1051 1327//1051 
f 1338//1051 1339//1051 1327//1051 
usemtl 0.250980_0.250980_0.250980_0.000000_0.000000
o mesh49
f 1340//1052 1326//1052 1316//1052 
f 1316//1052 1328//1052 1340//1052 
o mesh50
f 1341//1053 1332//1053 1333//1053 
f 1341//1053 1330//1053 1331//1053 
f 1331//1053 1332//1053 1341//1053 
f 1341//1053 1328//1053 1329//1053 
f 1329//1053 1330//1053 1341//1053 
f 1333//1053 1324//1053 1341//1053 
o mesh51
f 1342//1054 1321//1055 1320//1056 
f 1320//1056 1343//1057 1342//1054 
f 1342//1054 1344//1058 1317//1059 
f 1344//1058 1318//1060 1317//1059 
f 1344//1058 1345//1061 1319//1062 
f 1345//1061 1323//1063 1319//1062 
f 1346//1064 1341//1064 1324//1065 
f 1324//1065 1345//1061 1346//1064 
f 1347//1066 1343//1057 1310//1067 
f 1343//1057 1322//1068 1310//1067 
f 1310//1067 1325//1069 1347//1066 
f 1324//1065 1323//1063 1345//1061 
f 1319//1062 1318//1060 1344//1058 
f 1317//1059 1321//1055 1342//1054 
f 1320//1056 1322//1068 1343//1057 
o mesh52
f 342//1070 1348//1070 1349//1071 
f 1349//1071 352//1072 342//1070 
f 342//1070 351//1073 1350//1074 
f 351//1073 1351//1073 1350//1074 
f 351//1073 364//1075 1352//1076 
f 364//1075 1353//1075 1352//1076 
f 354//1077 352//1072 1354//1078 
f 352//1072 1355//1079 1354//1078 
f 347//1080 1327//1080 1339//1081 
f 1339//1081 364//1075 347//1080 
f 1339//1081 1353//1075 364//1075 
f 1354//1078 1356//1082 354//1077 
f 1352//1076 1351//1073 351//1073 
f 1350//1074 1348//1070 342//1070 
f 1349//1071 1355//1079 352//1072 
o mesh53
f 1209//1083 147//1083 146//1083 
f 146//1083 1357//1083 1209//1083 
f 146//1083 354//1083 1357//1083 
f 354//1083 1356//1083 1357//1083 
f 1209//1083 1204//1083 147//1083 
o mesh54
f 1358//1084 1212//1084 1211//1085 
f 1359//1085 1211//1085 1208//1086 
f 1360//1086 1208//1086 1207//1087 
f 1361//1087 1207//1087 1210//1088 
f 1362//1088 1210//1088 1209//1089 
f 1358//1084 1227//1090 1205//1091 
f 1205//1091 1212//1084 1358//1084 
f 1209//1089 1363//1092 1362//1088 
f 1210//1088 1362//1088 1361//1087 
f 1207//1087 1361//1087 1360//1086 
f 1208//1086 1360//1086 1359//1085 
f 1211//1085 1359//1085 1358//1084 
o mesh55
f 1364//1093 1338//1093 1337//1094 
f 1365//1094 1337//1094 1335//1095 
f 1366//1095 1335//1095 1334//1096 
f 1367//1096 1334//1096 1336//1097 
f 1368//1097 1336//1097 1326//1098 
f 1364//1093 1369//1099 1339//1100 
f 1339//1100 1338//1093 1364//1093 
f 1326//1098 1340//1101 1368//1097 
f 1336//1097 1368//1097 1367//1096 
f 1334//1096 1367//1096 1366//1095 
f 1335//1095 1366//1095 1365//1094 
f 1337//1094 1365//1094 1364//1093 
usemtl 0.796078_0.823529_0.937255_0.000000_0.000000
o mesh56
f 1356//1102 1370//1102 1371//1102 
f 1356//1102 1372//1102 1373//1102 
f 1373//1102 1370//1102 1356//1102 
f 1356//1102 1354//1102 1374//1102 
f 1374//1102 1372//1102 1356//1102 
f 1371//1102 1357//1102 1356//1102 
usemtl 0.250980_0.250980_0.250980_0.000000_0.000000
o mesh57
f 1350//1103 1375//1103 1376//1104 
f 1349//1105 1348//1106 1376//1104 
f 1376//1104 1377//1107 1349//1105 
f 1352//1108 1378//1109 1379//1110 
f 1350//1103 1351//1111 1379//1110 
f 1379//1110 1375//1103 1350//1103 
f 1380//1112 1378//1109 1352//1108 
f 1339//1113 1369//1114 1380//1112 
f 1380//1112 1353//1115 1339//1113 
f 1381//1116 1355//1117 1349//1105 
f 1354//1118 1355//1117 1381//1116 
f 1381//1116 1382//1119 1354//1118 
f 1349//1105 1377//1107 1381//1116 
f 1352//1108 1353//1115 1380//1112 
f 1379//1110 1351//1111 1352//1108 
f 1376//1104 1348//1106 1350//1103 
o mesh58
f 1383//1120 1367//1120 1368//1120 
f 1383//1120 1365//1120 1366//1120 
f 1366//1120 1367//1120 1383//1120 
f 1383//1120 1369//1120 1364//1120 
f 1364//1120 1365//1120 1383//1120 
f 1368//1120 1340//1120 1383//1120 
o mesh59
f 1357//1121 1384//1121 1363//1121 
f 1363//1121 1209//1121 1357//1121 
o mesh60
f 1385//1120 1361//1120 1362//1120 
f 1385//1120 1359//1120 1360//1120 
f 1360//1120 1361//1120 1385//1120 
f 1385//1120 1227//1120 1358//1120 
f 1358//1120 1359//1120 1385//1120 
f 1362//1120 1363//1120 1385//1120 
o mesh61
f 1386//1122 1223//1123 1222//1124 
f 1222//1124 1387//1125 1386//1122 
f 1386//1122 1388//1126 1219//1127 
f 1388//1126 1220//1128 1219//1127 
f 1388//1126 1389//1129 1221//1130 
f 1389//1129 1224//1131 1221//1130 
f 1390//1132 1243//1132 1225//1133 
f 1225//1133 1389//1129 1390//1132 
f 1391//1134 1387//1125 1227//1135 
f 1387//1125 1226//1136 1227//1135 
f 1227//1135 1385//1137 1391//1134 
f 1225//1133 1224//1131 1389//1129 
f 1221//1130 1220//1128 1388//1126 
f 1219//1127 1223//1123 1386//1122 
f 1222//1124 1226//1136 1387//1125 
o mesh62
f 1384//1138 1357//1138 1371//1139 
f 1392//1139 1371//1139 1370//1140 
f 1393//1140 1370//1140 1373//1141 
f 1394//1141 1373//1141 1372//1142 
f 1395//1142 1372//1142 1374//1143 
f 1374//1143 1354//1144 1382//1145 
f 1382//1145 1396//1146 1374//1143 
f 1374//1143 1396//1146 1395//1142 
f 1372//1142 1395//1142 1394//1141 
f 1373//1141 1394//1141 1393//1140 
f 1370//1140 1393//1140 1392//1139 
f 1371//1139 1392//1139 1384//1138 
o mesh63
f 1397//1147 1393//1147 1394//1147 
f 1397//1147 1384//1147 1392//1147 
f 1397//1147 1395//1147 1396//1147 
f 1392//1147 1393//1147 1397//1147 
f 1394//1147 1395//1147 1397//1147 
f 1396//1147 1382//1147 1397//1147 
o mesh64
f 1398//1148 1379//1149 1378//1150 
f 1378//1150 1399//1151 1398//1148 
f 1398//1148 1400//1152 1375//1153 
f 1400//1152 1376//1154 1375//1153 
f 1400//1152 1401//1155 1377//1156 
f 1401//1155 1381//1157 1377//1156 
f 1402//1158 1399//1151 1369//1159 
f 1399//1151 1380//1160 1369//1159 
f 1403//1161 1397//1161 1382//1162 
f 1382//1162 1401//1155 1403//1161 
f 1382//1162 1381//1157 1401//1155 
f 1369//1159 1383//1163 1402//1158 
f 1377//1156 1376//1154 1400//1152 
f 1375//1153 1379//1149 1398//1148 
f 1378//1150 1380//1160 1399//1151 
o mesh65
f 1346//1164 1404//1164 1328//1164 
f 1340//1164 1328//1164 1405//1164 
f 1406//1164 1405//1164 1404//1164 
f 1328//1164 1341//1164 1346//1164 
f 1402//1164 1383//1164 1340//1164 
f 1404//1164 1405//1164 1328//1164 
f 1404//1164 1407//1164 1406//1164 
f 1405//1164 1402//1164 1340//1164 
o mesh66
f 1404//1165 1408//1165 1409//1165 
f 1409//1165 1407//1165 1404//1165 
o mesh67
f 1410//1166 1409//1165 1408//1165 
f 1411//1167 1410//1166 1412//1166 
f 1413//1168 1411//1167 1414//1167 
f 1415//1169 1413//1168 1416//1168 
f 1417//1170 1415//1169 1418//1169 
f 1419//1171 1417//1170 1420//1170 
f 1421//1172 1419//1171 1422//1171 
f 1423//1173 1421//1172 1424//1172 
f 1425//1174 1423//1173 1426//1173 
f 1427//1175 1425//1174 1428//1174 
f 1429//1176 1427//1175 1430//1175 
f 1431//1177 1429//1176 1432//1176 
f 1433//1178 1431//1177 1434//1177 
f 1435//1179 1433//1178 1436//1178 
f 1437//1180 1435//1179 1438//1179 
f 1438//1179 1439//1180 1437//1180 
f 1436//1178 1438//1179 1435//1179 
f 1434//1177 1436//1178 1433//1178 
f 1432//1176 1434//1177 1431//1177 
f 1430//1175 1432//1176 1429//1176 
f 1428//1174 1430//1175 1427//1175 
f 1426//1173 1428//1174 1425//1174 
f 1424//1172 1426//1173 1423//1173 
f 1422//1171 1424//1172 1421//1172 
f 1420//1170 1422//1171 1419//1171 
f 1418//1169 1420//1170 1417//1170 
f 1416//1168 1418//1169 1415//1169 
f 1414//1167 1416//1168 1413//1168 
f 1412//1166 1414//1167 1411//1167 
f 1408//1165 1412//1166 1410//1166 
o mesh68
f 1439//1180 1440//1180 1441//1180 
f 1441//1180 1437//1180 1439//1180 
o mesh69
f 1347//1181 1325//1181 1288//1181 
f 1288//1181 1442//1181 1440//1181 
f 1441//1181 1440//1181 1442//1181 
f 1276//1181 1295//1181 1442//1181 
f 1442//1181 1443//1181 1441//1181 
f 1442//1181 1288//1181 1276//1181 
f 1276//1181 1289//1181 1295//1181 
f 1288//1181 1440//1181 1347//1181 
o mesh70
f 1444//1182 1416//1182 1414//1182 
f 1422//1182 1420//1182 1445//1182 
f 1445//1182 1420//1182 1418//1182 
f 1444//1182 1418//1182 1416//1182 
f 1446//1182 1414//1182 1412//1182 
f 1447//1182 1448//1182 1439//1182 
f 1449//1182 1447//1182 1438//1182 
f 1418//1182 1444//1182 1445//1182 
f 1412//1182 1450//1182 1446//1182 
f 1450//1182 1412//1182 1408//1182 
f 1439//1182 1438//1182 1447//1182 
f 1438//1182 1436//1182 1449//1182 
f 1430//1182 1451//1182 1452//1182 
f 1424//1182 1422//1182 1453//1182 
f 1414//1182 1446//1182 1444//1182 
f 1408//1182 1454//1182 1455//1182 
f 1436//1182 1434//1182 1449//1182 
f 1452//1182 1449//1182 1434//1182 
f 1452//1182 1432//1182 1430//1182 
f 1428//1182 1426//1182 1456//1182 
f 1456//1182 1426//1182 1424//1182 
f 1408//1182 1455//1182 1450//1182 
f 1448//1182 1457//1182 1439//1182 
f 1430//1182 1428//1182 1451//1182 
f 1453//1182 1456//1182 1424//1182 
f 1408//1182 1458//1182 1454//1182 
f 1434//1182 1432//1182 1452//1182 
f 1445//1182 1453//1182 1422//1182 
f 1408//1182 1459//1182 1460//1182 
f 1404//1182 1461//1182 1459//1182 
f 1456//1182 1451//1182 1428//1182 
f 1459//1182 1408//1182 1404//1182 
f 1404//1182 1462//1182 1463//1182 
f 1404//1182 1464//1182 1465//1182 
f 1466//1182 1404//1182 1346//1182 
f 1440//1182 1467//1182 1468//1182 
f 1439//1182 1469//1182 1470//1182 
f 1460//1182 1458//1182 1408//1182 
f 1465//1182 1462//1182 1404//1182 
f 1346//1182 1471//1182 1472//1182 
f 1471//1182 1346//1182 1345//1182 
f 1440//1182 1473//1182 1467//1182 
f 1440//1182 1470//1182 1474//1182 
f 1439//1182 1475//1182 1469//1182 
f 1463//1182 1461//1182 1404//1182 
f 1404//1182 1466//1182 1476//1182 
f 1345//1182 1477//1182 1471//1182 
f 1345//1182 1478//1182 1479//1182 
f 1345//1182 1344//1182 1480//1182 
f 1344//1182 1481//1182 1482//1182 
f 1342//1182 1483//1182 1484//1182 
f 1342//1182 1343//1182 1485//1182 
f 1486//1182 1487//1182 1343//1182 
f 1440//1182 1488//1182 1473//1182 
f 1470//1182 1440//1182 1439//1182 
f 1476//1182 1464//1182 1404//1182 
f 1479//1182 1477//1182 1345//1182 
f 1480//1182 1489//1182 1345//1182 
f 1482//1182 1490//1182 1344//1182 
f 1342//1182 1491//1182 1492//1182 
f 1484//1182 1493//1182 1342//1182 
f 1485//1182 1494//1182 1342//1182 
f 1343//1182 1487//1182 1495//1182 
f 1347//1182 1496//1182 1486//1182 
f 1497//1182 1496//1182 1347//1182 
f 1468//1182 1498//1182 1440//1182 
f 1439//1182 1499//1182 1475//1182 
f 1346//1182 1472//1182 1466//1182 
f 1490//1182 1480//1182 1344//1182 
f 1492//1182 1344//1182 1342//1182 
f 1494//1182 1483//1182 1342//1182 
f 1495//1182 1500//1182 1343//1182 
f 1347//1182 1440//1182 1497//1182 
f 1474//1182 1488//1182 1440//1182 
f 1489//1182 1478//1182 1345//1182 
f 1492//1182 1501//1182 1344//1182 
f 1500//1182 1485//1182 1343//1182 
f 1498//1182 1497//1182 1440//1182 
f 1501//1182 1481//1182 1344//1182 
f 1343//1182 1347//1182 1486//1182 
f 1493//1182 1491//1182 1342//1182 
f 1457//1182 1499//1182 1439//1182 
o mesh71
f 1502//1183 1405//1183 1406//1183 
f 1406//1183 1503//1183 1502//1183 
o mesh72
f 1504//1184 1505//1185 1506//1185 
f 1507//1186 1504//1184 1508//1187 
f 1509//1188 1507//1186 1510//1189 
f 1511//1190 1509//1188 1512//1191 
f 1513//1192 1511//1190 1514//1193 
f 1515//1194 1513//1192 1516//1195 
f 1517//1196 1515//1194 1518//1197 
f 1519//1198 1517//1196 1520//1199 
f 1521//1200 1519//1198 1522//1201 
f 1523//1202 1521//1200 1524//1203 
f 1525//1204 1523//1202 1526//1205 
f 1527//1206 1525//1204 1528//1207 
f 1529//1208 1527//1206 1530//1209 
f 1531//1210 1529//1208 1532//1211 
f 1503//1212 1531//1210 1533//1213 
f 1533//1213 1502//1212 1503//1212 
f 1532//1211 1533//1213 1531//1210 
f 1530//1209 1532//1211 1529//1208 
f 1528//1207 1530//1209 1527//1206 
f 1526//1205 1528//1207 1525//1204 
f 1524//1203 1526//1205 1523//1202 
f 1522//1201 1524//1203 1521//1200 
f 1520//1199 1522//1201 1519//1198 
f 1518//1197 1520//1199 1517//1196 
f 1516//1195 1518//1197 1515//1194 
f 1514//1193 1516//1195 1513//1192 
f 1512//1191 1514//1193 1511//1190 
f 1510//1189 1512//1191 1509//1188 
f 1508//1187 1510//1189 1507//1186 
f 1506//1185 1508//1187 1504//1184 
o mesh73
f 1534//1214 1506//1214 1505//1214 
f 1505//1214 1535//1214 1534//1214 
o mesh74
f 1400//1215 1398//1215 1536//1215 
f 1398//1215 1537//1215 1538//1215 
f 1539//1215 1540//1215 1502//1215 
f 1541//1215 1542//1215 1532//1215 
f 1516//1215 1514//1215 1543//1215 
f 1536//1215 1544//1215 1400//1215 
f 1398//1215 1545//1215 1537//1215 
f 1399//1215 1546//1215 1545//1215 
f 1502//1215 1533//1215 1539//1215 
f 1542//1215 1539//1215 1533//1215 
f 1532//1215 1530//1215 1541//1215 
f 1547//1215 1541//1215 1528//1215 
f 1522//1215 1548//1215 1549//1215 
f 1518//1215 1550//1215 1548//1215 
f 1550//1215 1518//1215 1516//1215 
f 1400//1215 1551//1215 1552//1215 
f 1544//1215 1553//1215 1400//1215 
f 1538//1215 1554//1215 1398//1215 
f 1399//1215 1555//1215 1546//1215 
f 1556//1215 1557//1215 1402//1215 
f 1533//1215 1532//1215 1542//1215 
f 1528//1215 1526//1215 1547//1215 
f 1524//1215 1549//1215 1547//1215 
f 1549//1215 1524//1215 1522//1215 
f 1543//1215 1550//1215 1516//1215 
f 1558//1215 1510//1215 1508//1215 
f 1559//1215 1508//1215 1506//1215 
f 1506//1215 1534//1215 1560//1215 
f 1534//1215 1561//1215 1562//1215 
f 1400//1215 1563//1215 1551//1215 
f 1398//1215 1564//1215 1536//1215 
f 1545//1215 1398//1215 1399//1215 
f 1565//1215 1566//1215 1399//1215 
f 1402//1215 1405//1215 1556//1215 
f 1405//1215 1502//1215 1567//1215 
f 1502//1215 1568//1215 1569//1215 
f 1540//1215 1570//1215 1502//1215 
f 1547//1215 1526//1215 1524//1215 
f 1548//1215 1520//1215 1518//1215 
f 1543//1215 1514//1215 1512//1215 
f 1558//1215 1512//1215 1510//1215 
f 1506//1215 1571//1215 1572//1215 
f 1560//1215 1573//1215 1506//1215 
f 1534//1215 1574//1215 1575//1215 
f 1534//1215 1576//1215 1561//1215 
f 1400//1215 1577//1215 1563//1215 
f 1554//1215 1564//1215 1398//1215 
f 1399//1215 1566//1215 1578//1215 
f 1557//1215 1565//1215 1402//1215 
f 1405//1215 1579//1215 1580//1215 
f 1405//1215 1581//1215 1582//1215 
f 1567//1215 1583//1215 1405//1215 
f 1570//1215 1568//1215 1502//1215 
f 1522//1215 1520//1215 1548//1215 
f 1508//1215 1559//1215 1558//1215 
f 1506//1215 1584//1215 1571//1215 
f 1575//1215 1560//1215 1534//1215 
f 1562//1215 1585//1215 1534//1215 
f 1586//1215 1403//1215 1401//1215 
f 1401//1215 1587//1215 1588//1215 
f 1553//1215 1577//1215 1400//1215 
f 1399//1215 1402//1215 1565//1215 
f 1580//1215 1589//1215 1405//1215 
f 1583//1215 1581//1215 1405//1215 
f 1530//1215 1528//1215 1541//1215 
f 1506//1215 1572//1215 1559//1215 
f 1573//1215 1590//1215 1506//1215 
f 1585//1215 1591//1215 1534//1215 
f 1576//1215 1534//1215 1403//1215 
f 1401//1215 1592//1215 1586//1215 
f 1401//1215 1552//1215 1587//1215 
f 1578//1215 1555//1215 1399//1215 
f 1582//1215 1579//1215 1405//1215 
f 1512//1215 1558//1215 1543//1215 
f 1591//1215 1574//1215 1534//1215 
f 1586//1215 1593//1215 1403//1215 
f 1552//1215 1401//1215 1400//1215 
f 1569//1215 1567//1215 1502//1215 
f 1403//1215 1593//1215 1576//1215 
f 1589//1215 1556//1215 1405//1215 
f 1588//1215 1592//1215 1401//1215 
f 1590//1215 1584//1215 1506//1215 
o mesh75
f 1442//1216 1594//1216 1595//1216 
f 1595//1216 1443//1216 1442//1216 
o mesh76
f 1596//1217 1595//1216 1594//1216 
f 1597//1218 1596//1217 1598//1217 
f 1599//1219 1597//1218 1600//1218 
f 1601//1220 1599//1219 1602//1219 
f 1603//1221 1601//1220 1604//1220 
f 1605//1222 1603//1221 1606//1221 
f 1607//1223 1605//1222 1608//1222 
f 1609//1224 1607//1223 1610//1223 
f 1611//1225 1609//1224 1612//1224 
f 1613//1226 1611//1225 1614//1225 
f 1615//1227 1613//1226 1616//1226 
f 1617//1228 1615//1227 1618//1227 
f 1619//1229 1617//1228 1620//1228 
f 1621//1230 1619//1229 1622//1229 
f 1623//1231 1621//1230 1624//1230 
f 1624//1230 1625//1231 1623//1231 
f 1622//1229 1624//1230 1621//1230 
f 1620//1228 1622//1229 1619//1229 
f 1618//1227 1620//1228 1617//1228 
f 1616//1226 1618//1227 1615//1227 
f 1614//1225 1616//1226 1613//1226 
f 1612//1224 1614//1225 1611//1225 
f 1610//1223 1612//1224 1609//1224 
f 1608//1222 1610//1223 1607//1223 
f 1606//1221 1608//1222 1605//1222 
f 1604//1220 1606//1221 1603//1221 
f 1602//1219 1604//1220 1601//1220 
f 1600//1218 1602//1219 1599//1219 
f 1598//1217 1600//1218 1597//1218 
f 1594//1216 1598//1217 1596//1217 
o mesh77
f 1625//1231 1626//1231 1627//1231 
f 1627//1231 1623//1231 1625//1231 
o mesh78
f 1390//1232 1628//1232 1230//1232 
f 1242//1232 1230//1232 1626//1232 
f 1627//1232 1626//1232 1628//1232 
f 1230//1232 1243//1232 1390//1232 
f 1294//1232 1273//1232 1242//1232 
f 1628//1232 1626//1232 1230//1232 
f 1628//1232 1629//1232 1627//1232 
f 1626//1232 1294//1232 1242//1232 
o mesh79
f 1630//1233 1631//1233 1622//1233 
f 1632//1233 1633//1233 1625//1233 
f 1631//1233 1632//1233 1624//1233 
f 1622//1233 1620//1233 1630//1233 
f 1594//1233 1442//1233 1634//1233 
f 1625//1233 1624//1233 1632//1233 
f 1620//1233 1618//1233 1630//1233 
f 1635//1233 1630//1233 1618//1233 
f 1614//1233 1636//1233 1635//1233 
f 1634//1233 1637//1233 1594//1233 
f 1442//1233 1638//1233 1639//1233 
f 1624//1233 1622//1233 1631//1233 
f 1635//1233 1616//1233 1614//1233 
f 1612//1233 1640//1233 1636//1233 
f 1641//1233 1598//1233 1594//1233 
f 1594//1233 1642//1233 1643//1233 
f 1639//1233 1634//1233 1442//1233 
f 1618//1233 1616//1233 1635//1233 
f 1636//1233 1614//1233 1612//1233 
f 1608//1233 1644//1233 1640//1233 
f 1645//1233 1600//1233 1598//1233 
f 1594//1233 1646//1233 1647//1233 
f 1637//1233 1642//1233 1594//1233 
f 1626//1233 1648//1233 1649//1233 
f 1626//1233 1625//1233 1650//1233 
f 1625//1233 1651//1233 1652//1233 
f 1633//1233 1653//1233 1625//1233 
f 1640//1233 1610//1233 1608//1233 
f 1606//1233 1604//1233 1654//1233 
f 1645//1233 1602//1233 1600//1233 
f 1643//1233 1646//1233 1594//1233 
f 1442//1233 1655//1233 1656//1233 
f 1626//1233 1657//1233 1658//1233 
f 1649//1233 1659//1233 1626//1233 
f 1652//1233 1650//1233 1625//1233 
f 1612//1233 1610//1233 1640//1233 
f 1644//1233 1608//1233 1606//1233 
f 1654//1233 1604//1233 1602//1233 
f 1594//1233 1647//1233 1641//1233 
f 1442//1233 1660//1233 1655//1233 
f 1661//1233 1442//1233 1295//1233 
f 1662//1233 1663//1233 1294//1233 
f 1659//1233 1657//1233 1626//1233 
f 1653//1233 1651//1233 1625//1233 
f 1602//1233 1645//1233 1654//1233 
f 1656//1233 1638//1233 1442//1233 
f 1295//1233 1664//1233 1661//1233 
f 1292//1233 1290//1233 1665//1233 
f 1666//1233 1667//1233 1291//1233 
f 1294//1233 1626//1233 1662//1233 
f 1650//1233 1648//1233 1626//1233 
f 1598//1233 1641//1233 1645//1233 
f 1661//1233 1668//1233 1442//1233 
f 1665//1233 1669//1233 1292//1233 
f 1291//1233 1667//1233 1670//1233 
f 1663//1233 1666//1233 1294//1233 
f 1658//1233 1671//1233 1626//1233 
f 1668//1233 1660//1233 1442//1233 
f 1292//1233 1672//1233 1673//1233 
f 1669//1233 1674//1233 1292//1233 
f 1291//1233 1294//1233 1666//1233 
f 1654//1233 1644//1233 1606//1233 
f 1675//1233 1295//1233 1293//1233 
f 1292//1233 1676//1233 1672//1233 
f 1290//1233 1677//1233 1665//1233 
f 1290//1233 1678//1233 1679//1233 
f 1291//1233 1680//1233 1681//1233 
f 1671//1233 1662//1233 1626//1233 
f 1293//1233 1682//1233 1675//1233 
f 1293//1233 1673//1233 1683//1233 
f 1292//1233 1684//1233 1676//1233 
f 1679//1233 1677//1233 1290//1233 
f 1290//1233 1681//1233 1685//1233 
f 1291//1233 1686//1233 1680//1233 
f 1675//1233 1664//1233 1295//1233 
f 1683//1233 1687//1233 1293//1233 
f 1674//1233 1684//1233 1292//1233 
f 1681//1233 1290//1233 1291//1233 
f 1687//1233 1682//1233 1293//1233 
f 1685//1233 1678//1233 1290//1233 
f 1673//1233 1293//1233 1292//1233 
f 1670//1233 1686//1233 1291//1233 
o mesh80
f 1628//1234 1688//1234 1689//1234 
f 1689//1234 1629//1234 1628//1234 
o mesh81
f 1690//1235 1689//1234 1688//1234 
f 1691//1236 1690//1235 1692//1235 
f 1693//1237 1691//1236 1694//1236 
f 1695//1238 1693//1237 1696//1237 
f 1697//1239 1695//1238 1698//1238 
f 1699//1240 1697//1239 1700//1239 
f 1701//1241 1699//1240 1702//1240 
f 1703//1242 1701//1241 1704//1241 
f 1705//1243 1703//1242 1706//1242 
f 1707//1244 1705//1243 1708//1243 
f 1709//1245 1707//1244 1710//1244 
f 1711//1246 1709//1245 1712//1245 
f 1713//1247 1711//1246 1714//1246 
f 1715//1248 1713//1247 1716//1247 
f 1717//1249 1715//1248 1718//1248 
f 1718//1248 1719//1249 1717//1249 
f 1716//1247 1718//1248 1715//1248 
f 1714//1246 1716//1247 1713//1247 
f 1712//1245 1714//1246 1711//1246 
f 1710//1244 1712//1245 1709//1245 
f 1708//1243 1710//1244 1707//1244 
f 1706//1242 1708//1243 1705//1243 
f 1704//1241 1706//1242 1703//1242 
f 1702//1240 1704//1241 1701//1241 
f 1700//1239 1702//1240 1699//1240 
f 1698//1238 1700//1239 1697//1239 
f 1696//1237 1698//1238 1695//1238 
f 1694//1236 1696//1237 1693//1237 
f 1692//1235 1694//1236 1691//1236 
f 1688//1234 1692//1235 1690//1235 
o mesh82
f 1719//1249 1720//1249 1721//1249 
f 1721//1249 1717//1249 1719//1249 
o mesh83
f 1704//1250 1702//1250 1722//1250 
f 1723//1250 1696//1250 1694//1250 
f 1724//1250 1706//1250 1704//1250 
f 1702//1250 1700//1250 1725//1250 
f 1723//1250 1698//1250 1696//1250 
f 1726//1250 1694//1250 1692//1250 
f 1727//1250 1692//1250 1688//1250 
f 1719//1250 1728//1250 1729//1250 
f 1725//1250 1722//1250 1702//1250 
f 1725//1250 1700//1250 1698//1250 
f 1692//1250 1727//1250 1726//1250 
f 1688//1250 1730//1250 1731//1250 
f 1719//1250 1732//1250 1728//1250 
f 1733//1250 1734//1250 1719//1250 
f 1735//1250 1733//1250 1718//1250 
f 1710//1250 1736//1250 1737//1250 
f 1698//1250 1723//1250 1725//1250 
f 1688//1250 1731//1250 1727//1250 
f 1729//1250 1720//1250 1719//1250 
f 1719//1250 1738//1250 1739//1250 
f 1719//1250 1718//1250 1733//1250 
f 1718//1250 1716//1250 1735//1250 
f 1737//1250 1735//1250 1714//1250 
f 1737//1250 1712//1250 1710//1250 
f 1694//1250 1726//1250 1723//1250 
f 1688//1250 1740//1250 1741//1250 
f 1628//1250 1742//1250 1740//1250 
f 1739//1250 1732//1250 1719//1250 
f 1716//1250 1714//1250 1735//1250 
f 1710//1250 1708//1250 1736//1250 
f 1708//1250 1706//1250 1724//1250 
f 1688//1250 1743//1250 1730//1250 
f 1740//1250 1688//1250 1628//1250 
f 1628//1250 1744//1250 1745//1250 
f 1628//1250 1746//1250 1747//1250 
f 1748//1250 1628//1250 1390//1250 
f 1386//1250 1749//1250 1750//1250 
f 1734//1250 1738//1250 1719//1250 
f 1724//1250 1736//1250 1708//1250 
f 1741//1250 1743//1250 1688//1250 
f 1747//1250 1744//1250 1628//1250 
f 1390//1250 1751//1250 1748//1250 
f 1750//1250 1388//1250 1386//1250 
f 1386//1250 1387//1250 1752//1250 
f 1720//1250 1753//1250 1754//1250 
f 1720//1250 1755//1250 1756//1250 
f 1714//1250 1712//1250 1737//1250 
f 1745//1250 1742//1250 1628//1250 
f 1748//1250 1757//1250 1628//1250 
f 1388//1250 1758//1250 1759//1250 
f 1386//1250 1760//1250 1749//1250 
f 1752//1250 1761//1250 1386//1250 
f 1762//1250 1763//1250 1387//1250 
f 1754//1250 1764//1250 1720//1250 
f 1729//1250 1755//1250 1720//1250 
f 1757//1250 1746//1250 1628//1250 
f 1389//1250 1388//1250 1765//1250 
f 1759//1250 1766//1250 1388//1250 
f 1386//1250 1767//1250 1760//1250 
f 1761//1250 1768//1250 1386//1250 
f 1387//1250 1763//1250 1769//1250 
f 1391//1250 1770//1250 1762//1250 
f 1771//1250 1770//1250 1391//1250 
f 1720//1250 1772//1250 1753//1250 
f 1722//1250 1724//1250 1704//1250 
f 1773//1250 1390//1250 1389//1250 
f 1765//1250 1774//1250 1389//1250 
f 1388//1250 1775//1250 1758//1250 
f 1768//1250 1767//1250 1386//1250 
f 1769//1250 1776//1250 1387//1250 
f 1391//1250 1720//1250 1771//1250 
f 1756//1250 1772//1250 1720//1250 
f 1389//1250 1777//1250 1773//1250 
f 1389//1250 1778//1250 1779//1250 
f 1766//1250 1765//1250 1388//1250 
f 1776//1250 1752//1250 1387//1250 
f 1764//1250 1771//1250 1720//1250 
f 1779//1250 1777//1250 1389//1250 
f 1750//1250 1775//1250 1388//1250 
f 1773//1250 1751//1250 1390//1250 
f 1387//1250 1391//1250 1762//1250 
f 1774//1250 1778//1250 1389//1250 
usemtl 1.000000_1.000000_1.000000_0.000000_0.000000
o mesh84
f 1680//1251 1686//1252 1780//1252 
f 1681//1253 1680//1251 1781//1254 
f 1685//1255 1681//1253 1782//1256 
f 1678//1257 1685//1255 1783//1258 
f 1679//1259 1678//1257 1784//1260 
f 1677//1261 1679//1259 1785//1262 
f 1665//1263 1677//1261 1786//1264 
f 1669//1265 1665//1263 1787//1266 
f 1674//1267 1669//1265 1788//1268 
f 1684//1269 1674//1267 1789//1270 
f 1676//1271 1684//1269 1790//1272 
f 1672//1273 1676//1271 1791//1274 
f 1673//1275 1672//1273 1792//1276 
f 1683//1277 1673//1275 1793//1278 
f 1687//1279 1683//1277 1794//1280 
f 1682//1281 1687//1279 1795//1282 
f 1675//1283 1682//1281 1796//1284 
f 1664//1285 1675//1283 1797//1286 
f 1661//1287 1664//1285 1798//1288 
f 1668//1289 1661//1287 1799//1290 
f 1660//1291 1668//1289 1800//1292 
f 1655//1293 1660//1291 1801//1294 
f 1656//1295 1655//1293 1802//1296 
f 1638//1297 1656//1295 1803//1298 
f 1639//1299 1638//1297 1804//1300 
f 1634//1301 1639//1299 1805//1302 
f 1637//1303 1634//1301 1806//1304 
f 1642//1305 1637//1303 1807//1306 
f 1643//1307 1642//1305 1808//1308 
f 1646//1309 1643//1307 1809//1310 
f 1647//1311 1646//1309 1810//1312 
f 1641//1313 1647//1311 1811//1314 
f 1645//1315 1641//1313 1812//1316 
f 1654//1317 1645//1315 1813//1318 
f 1644//1319 1654//1317 1814//1320 
f 1640//1321 1644//1319 1815//1322 
f 1636//1323 1640//1321 1816//1324 
f 1635//1325 1636//1323 1817//1326 
f 1630//1327 1635//1325 1818//1328 
f 1631//1329 1630//1327 1819//1330 
f 1632//1331 1631//1329 1820//1332 
f 1633//1333 1632//1331 1821//1334 
f 1653//1335 1633//1333 1822//1336 
f 1651//1337 1653//1335 1823//1338 
f 1652//1339 1651//1337 1824//1340 
f 1650//1341 1652//1339 1825//1342 
f 1648//1343 1650//1341 1826//1344 
f 1649//1345 1648//1343 1827//1346 
f 1659//1347 1649//1345 1828//1348 
f 1657//1349 1659//1347 1829//1350 
f 1658//1351 1657//1349 1830//1352 
f 1671//1353 1658//1351 1831//1354 
f 1662//1355 1671//1353 1832//1356 
f 1663//1357 1662//1355 1833//1358 
f 1666//1359 1663//1357 1834//1360 
f 1667//1361 1666//1359 1835//1362 
f 1670//1363 1667//1361 1836//1364 
f 1686//1252 1670//1363 1837//1363 
f 1837//1363 1780//1252 1686//1252 
f 1836//1364 1837//1363 1670//1363 
f 1835//1362 1836//1364 1667//1361 
f 1834//1360 1835//1362 1666//1359 
f 1833//1358 1834//1360 1663//1357 
f 1832//1356 1833//1358 1662//1355 
f 1831//1354 1832//1356 1671//1353 
f 1830//1352 1831//1354 1658//1351 
f 1829//1350 1830//1352 1657//1349 
f 1828//1348 1829//1350 1659//1347 
f 1827//1346 1828//1348 1649//1345 
f 1826//1344 1827//1346 1648//1343 
f 1825//1342 1826//1344 1650//1341 
f 1824//1340 1825//1342 1652//1339 
f 1823//1338 1824//1340 1651//1337 
f 1822//1336 1823//1338 1653//1335 
f 1821//1334 1822//1336 1633//1333 
f 1820//1332 1821//1334 1632//1331 
f 1819//1330 1820//1332 1631//1329 
f 1818//1328 1819//1330 1630//1327 
f 1817//1326 1818//1328 1635//1325 
f 1816//1324 1817//1326 1636//1323 
f 1815//1322 1816//1324 1640//1321 
f 1814//1320 1815//1322 1644//1319 
f 1813//1318 1814//1320 1654//1317 
f 1812//1316 1813//1318 1645//1315 
f 1811//1314 1812//1316 1641//1313 
f 1810//1312 1811//1314 1647//1311 
f 1809//1310 1810//1312 1646//1309 
f 1808//1308 1809//1310 1643//1307 
f 1807//1306 1808//1308 1642//1305 
f 1806//1304 1807//1306 1637//1303 
f 1805//1302 1806//1304 1634//1301 
f 1804//1300 1805//1302 1639//1299 
f 1803//1298 1804//1300 1638//1297 
f 1802//1296 1803//1298 1656//1295 
f 1801//1294 1802//1296 1655//1293 
f 1800//1292 1801//1294 1660//1291 
f 1799//1290 1800//1292 1668//1289 
f 1798//1288 1799//1290 1661//1287 
f 1797//1286 1798//1288 1664//1285 
f 1796//1284 1797//1286 1675//1283 
f 1795//1282 1796//1284 1682//1281 
f 1794//1280 1795//1282 1687//1279 
f 1793//1278 1794//1280 1683//1277 
f 1792//1276 1793//1278 1673//1275 
f 1791//1274 1792//1276 1672//1273 
f 1790//1272 1791//1274 1676//1271 
f 1789//1270 1790//1272 1684//1269 
f 1788//1268 1789//1270 1674//1267 
f 1787//1266 1788//1268 1669//1265 
f 1786//1264 1787//1266 1665//1263 
f 1785//1262 1786//1264 1677//1261 
f 1784//1260 1785//1262 1679//1259 
f 1783//1258 1784//1260 1678//1257 
f 1782//1256 1783//1258 1685//1255 
f 1781//1254 1782//1256 1681//1253 
f 1780//1252 1781//1254 1680//1251 
o mesh85
f 1838//1365 1837//1365 1836//1365 
f 1836//1365 1835//1365 1838//1365 
f 1835//1365 1834//1365 1838//1365 
f 1834//1365 1833//1365 1838//1365 
f 1833//1365 1832//1365 1838//1365 
f 1832//1365 1831//1365 1838//1365 
f 1831//1365 1830//1365 1838//1365 
f 1830//1365 1829//1365 1838//1365 
f 1829//1365 1828//1365 1838//1365 
f 1828//1365 1827//1365 1838//1365 
f 1827//1365 1826//1365 1838//1365 
f 1826//1365 1825//1365 1838//1365 
f 1825//1365 1824//1365 1838//1365 
f 1824//1365 1823//1365 1838//1365 
f 1823//1365 1822//1365 1838//1365 
f 1822//1365 1821//1365 1838//1365 
f 1821//1365 1820//1365 1838//1365 
f 1820//1365 1819//1365 1838//1365 
f 1819//1365 1818//1365 1838//1365 
f 1818//1365 1817//1365 1838//1365 
f 1817//1365 1816//1365 1838//1365 
f 1816//1365 1815//1365 1838//1365 
f 1815//1365 1814//1365 1838//1365 
f 1814//1365 1813//1365 1838//1365 
f 1813//1365 1812//1365 1838//1365 
f 1812//1365 1811//1365 1838//1365 
f 1811//1365 1810//1365 1838//1365 
f 1810//1365 1809//1365 1838//1365 
f 1809//1365 1808//1365 1838//1365 
f 1808//1365 1807//1365 1838//1365 
f 1807//1365 1806//1365 1838//1365 
f 1806//1365 1805//1365 1838//1365 
f 1805//1365 1804//1365 1838//1365 
f 1804//1365 1803//1365 1838//1365 
f 1803//1365 1802//1365 1838//1365 
f 1802//1365 1801//1365 1838//1365 
f 1801//1365 1800//1365 1838//1365 
f 1800//1365 1799//1365 1838//1365 
f 1799//1365 1798//1365 1838//1365 
f 1798//1365 1797//1365 1838//1365 
f 1797//1365 1796//1365 1838//1365 
f 1796//1365 1795//1365 1838//1365 
f 1795//1365 1794//1365 1838//1365 
f 1794//1365 1793//1365 1838//1365 
f 1793//1365 1792//1365 1838//1365 
f 1792//1365 1791//1365 1838//1365 
f 1791//1365 1790//1365 1838//1365 
f 1790//1365 1789//1365 1838//1365 
f 1789//1365 1788//1365 1838//1365 
f 1788//1365 1787//1365 1838//1365 
f 1787//1365 1786//1365 1838//1365 
f 1786//1365 1785//1365 1838//1365 
f 1785//1365 1784//1365 1838//1365 
f 1784//1365 1783//1365 1838//1365 
f 1783//1365 1782//1365 1838//1365 
f 1782//1365 1781//1365 1838//1365 
f 1781//1365 1780//1365 1838//1365 
f 1780//1365 1837//1365 1838//1365 
o mesh86
f 1571//1366 1584//1367 1839//1367 
f 1572//1368 1571//1366 1840//1369 
f 1559//1370 1572//1368 1841//1371 
f 1558//1372 1559//1370 1842//1373 
f 1543//1374 1558//1372 1843//1375 
f 1550//1376 1543//1374 1844//1377 
f 1548//1378 1550//1376 1845//1379 
f 1549//1380 1548//1378 1846//1381 
f 1547//1382 1549//1380 1847//1383 
f 1541//1384 1547//1382 1848//1385 
f 1542//1386 1541//1384 1849//1387 
f 1539//1388 1542//1386 1850//1389 
f 1540//1390 1539//1388 1851//1391 
f 1570//1392 1540//1390 1852//1393 
f 1568//1394 1570//1392 1853//1395 
f 1569//1396 1568//1394 1854//1397 
f 1567//1398 1569//1396 1855//1399 
f 1583//1400 1567//1398 1856//1401 
f 1581//1402 1583//1400 1857//1403 
f 1582//1404 1581//1402 1858//1405 
f 1579//1406 1582//1404 1859//1407 
f 1580//1408 1579//1406 1860//1409 
f 1589//1410 1580//1408 1861//1411 
f 1556//1412 1589//1410 1862//1413 
f 1557//1414 1556//1412 1863//1415 
f 1565//1416 1557//1414 1864//1417 
f 1566//1418 1565//1416 1865//1419 
f 1578//1420 1566//1418 1866//1421 
f 1555//1422 1578//1420 1867//1423 
f 1546//1424 1555//1422 1868//1425 
f 1545//1426 1546//1424 1869//1427 
f 1537//1428 1545//1426 1870//1429 
f 1538//1430 1537//1428 1871//1431 
f 1554//1432 1538//1430 1872//1433 
f 1564//1434 1554//1432 1873//1435 
f 1536//1436 1564//1434 1874//1437 
f 1544//1438 1536//1436 1875//1439 
f 1553//1440 1544//1438 1876//1441 
f 1577//1442 1553//1440 1877//1443 
f 1563//1444 1577//1442 1878//1445 
f 1551//1446 1563//1444 1879//1447 
f 1552//1448 1551//1446 1880//1449 
f 1587//1450 1552//1448 1881//1451 
f 1588//1452 1587//1450 1882//1453 
f 1592//1454 1588//1452 1883//1455 
f 1586//1456 1592//1454 1884//1457 
f 1593//1458 1586//1456 1885//1459 
f 1576//1460 1593//1458 1886//1461 
f 1561//1462 1576//1460 1887//1463 
f 1562//1464 1561//1462 1888//1465 
f 1585//1466 1562//1464 1889//1467 
f 1591//1468 1585//1466 1890//1469 
f 1574//1470 1591//1468 1891//1471 
f 1575//1472 1574//1470 1892//1473 
f 1560//1474 1575//1472 1893//1475 
f 1573//1476 1560//1474 1894//1477 
f 1590//1478 1573//1476 1895//1479 
f 1584//1367 1590//1478 1896//1478 
f 1896//1478 1839//1367 1584//1367 
f 1895//1479 1896//1478 1590//1478 
f 1894//1477 1895//1479 1573//1476 
f 1893//1475 1894//1477 1560//1474 
f 1892//1473 1893//1475 1575//1472 
f 1891//1471 1892//1473 1574//1470 
f 1890//1469 1891//1471 1591//1468 
f 1889//1467 1890//1469 1585//1466 
f 1888//1465 1889//1467 1562//1464 
f 1887//1463 1888//1465 1561//1462 
f 1886//1461 1887//1463 1576//1460 
f 1885//1459 1886//1461 1593//1458 
f 1884//1457 1885//1459 1586//1456 
f 1883//1455 1884//1457 1592//1454 
f 1882//1453 1883//1455 1588//1452 
f 1881//1451 1882//1453 1587//1450 
f 1880//1449 1881//1451 1552//1448 
f 1879//1447 1880//1449 1551//1446 
f 1878//1445 1879//1447 1563//1444 
f 1877//1443 1878//1445 1577//1442 
f 1876//1441 1877//1443 1553//1440 
f 1875//1439 1876//1441 1544//1438 
f 1874//1437 1875//1439 1536//1436 
f 1873//1435 1874//1437 1564//1434 
f 1872//1433 1873//1435 1554//1432 
f 1871//1431 1872//1433 1538//1430 
f 1870//1429 1871//1431 1537//1428 
f 1869//1427 1870//1429 1545//1426 
f 1868//1425 1869//1427 1546//1424 
f 1867//1423 1868//1425 1555//1422 
f 1866//1421 1867//1423 1578//1420 
f 1865//1419 1866//1421 1566//1418 
f 1864//1417 1865//1419 1565//1416 
f 1863//1415 1864//1417 1557//1414 
f 1862//1413 1863//1415 1556//1412 
f 1861//1411 1862//1413 1589//1410 
f 1860//1409 1861//1411 1580//1408 
f 1859//1407 1860//1409 1579//1406 
f 1858//1405 1859//1407 1582//1404 
f 1857//1403 1858//1405 1581//1402 
f 1856//1401 1857//1403 1583//1400 
f 1855//1399 1856//1401 1567//1398 
f 1854//1397 1855//1399 1569//1396 
f 1853//1395 1854//1397 1568//1394 
f 1852//1393 1853//1395 1570//1392 
f 1851//1391 1852//1393 1540//1390 
f 1850//1389 1851//1391 1539//1388 
f 1849//1387 1850//1389 1542//1386 
f 1848//1385 1849//1387 1541//1384 
f 1847//1383 1848//1385 1547//1382 
f 1846//1381 1847//1383 1549//1380 
f 1845//1379 1846//1381 1548//1378 
f 1844//1377 1845//1379 1550//1376 
f 1843//1375 1844//1377 1543//1374 
f 1842//1373 1843//1375 1558//1372 
f 1841//1371 1842//1373 1559//1370 
f 1840//1369 1841//1371 1572//1368 
f 1839//1367 1840//1369 1571//1366 
o mesh87
f 1897//1480 1896//1480 1895//1480 
f 1895//1480 1894//1480 1897//1480 
f 1894//1480 1893//1480 1897//1480 
f 1893//1480 1892//1480 1897//1480 
f 1892//1480 1891//1480 1897//1480 
f 1891//1480 1890//1480 1897//1480 
f 1890//1480 1889//1480 1897//1480 
f 1889//1480 1888//1480 1897//1480 
f 1888//1480 1887//1480 1897//1480 
f 1887//1480 1886//1480 1897//1480 
f 1886//1480 1885//1480 1897//1480 
f 1885//1480 1884//1480 1897//1480 
f 1884//1480 1883//1480 1897//1480 
f 1883//1480 1882//1480 1897//1480 
f 1882//1480 1881//1480 1897//1480 
f 1881//1480 1880//1480 1897//1480 
f 1880//1480 1879//1480 1897//1480 
f 1879//1480 1878//1480 1897//1480 
f 1878//1480 1877//1480 1897//1480 
f 1877//1480 1876//1480 1897//1480 
f 1876//1480 1875//1480 1897//1480 
f 1875//1480 1874//1480 1897//1480 
f 1874//1480 1873//1480 1897//1480 
f 1873//1480 1872//1480 1897//1480 
f 1872//1480 1871//1480 1897//1480 
f 1871//1480 1870//1480 1897//1480 
f 1870//1480 1869//1480 1897//1480 
f 1869//1480 1868//1480 1897//1480 
f 1868//1480 1867//1480 1897//1480 
f 1867//1480 1866//1480 1897//1480 
f 1866//1480 1865//1480 1897//1480 
f 1865//1480 1864//1480 1897//1480 
f 1864//1480 1863//1480 1897//1480 
f 1863//1480 1862//1480 1897//1480 
f 1862//1480 1861//1480 1897//1480 
f 1861//1480 1860//1480 1897//1480 
f 1860//1480 1859//1480 1897//1480 
f 1859//1480 1858//1480 1897//1480 
f 1858//1480 1857//1480 1897//1480 
f 1857//1480 1856//1480 1897//1480 
f 1856//1480 1855//1480 1897//1480 
f 1855//1480 1854//1480 1897//1480 
f 1854//1480 1853//1480 1897//1480 
f 1853//1480 1852//1480 1897//1480 
f 1852//1480 1851//1480 1897//1480 
f 1851//1480 1850//1480 1897//1480 
f 1850//1480 1849//1480 1897//1480 
f 1849//1480 1848//1480 1897//1480 
f 1848//1480 1847//1480 1897//1480 
f 1847//1480 1846//1480 1897//1480 
f 1846//1480 1845//1480 1897//1480 
f 1845//1480 1844//1480 1897//1480 
f 1844//1480 1843//1480 1897//1480 
f 1843//1480 1842//1480 1897//1480 
f 1842//1480 1841//1480 1897//1480 
f 1841//1480 1840//1480 1897//1480 
f 1840//1480 1839//1480 1897//1480 
f 1839//1480 1896//1480 1897//1480 
o mesh88
f 1779//1481 1778//1482 1898//1482 
f 1777//1483 1779//1481 1899//1484 
f 1773//1485 1777//1483 1900//1486 
f 1751//1487 1773//1485 1901//1488 
f 1748//1489 1751//1487 1902//1490 
f 1757//1491 1748//1489 1903//1492 
f 1746//1493 1757//1491 1904//1494 
f 1747//1495 1746//1493 1905//1496 
f 1744//1497 1747//1495 1906//1498 
f 1745//1499 1744//1497 1907//1500 
f 1742//1501 1745//1499 1908//1502 
f 1740//1503 1742//1501 1909//1504 
f 1741//1505 1740//1503 1910//1506 
f 1743//1507 1741//1505 1911//1508 
f 1730//1509 1743//1507 1912//1510 
f 1731//1511 1730//1509 1913//1512 
f 1727//1513 1731//1511 1914//1514 
f 1726//1515 1727//1513 1915//1516 
f 1723//1517 1726//1515 1916//1518 
f 1725//1519 1723//1517 1917//1520 
f 1722//1521 1725//1519 1918//1522 
f 1724//1523 1722//1521 1919//1524 
f 1736//1525 1724//1523 1920//1526 
f 1737//1527 1736//1525 1921//1528 
f 1735//1529 1737//1527 1922//1530 
f 1733//1531 1735//1529 1923//1532 
f 1734//1533 1733//1531 1924//1534 
f 1738//1535 1734//1533 1925//1536 
f 1739//1537 1738//1535 1926//1538 
f 1732//1539 1739//1537 1927//1540 
f 1728//1541 1732//1539 1928//1542 
f 1729//1543 1728//1541 1929//1544 
f 1755//1545 1729//1543 1930//1546 
f 1756//1547 1755//1545 1931//1548 
f 1772//1549 1756//1547 1932//1550 
f 1753//1551 1772//1549 1933//1552 
f 1754//1553 1753//1551 1934//1554 
f 1764//1555 1754//1553 1935//1556 
f 1771//1557 1764//1555 1936//1558 
f 1770//1559 1771//1557 1937//1560 
f 1762//1561 1770//1559 1938//1562 
f 1763//1563 1762//1561 1939//1564 
f 1769//1565 1763//1563 1940//1566 
f 1776//1567 1769//1565 1941//1568 
f 1752//1569 1776//1567 1942//1570 
f 1761//1571 1752//1569 1943//1572 
f 1768//1573 1761//1571 1944//1574 
f 1767//1575 1768//1573 1945//1576 
f 1760//1577 1767//1575 1946//1578 
f 1749//1579 1760//1577 1947//1580 
f 1750//1581 1749//1579 1948//1582 
f 1775//1583 1750//1581 1949//1584 
f 1758//1585 1775//1583 1950//1586 
f 1759//1587 1758//1585 1951//1588 
f 1766//1589 1759//1587 1952//1590 
f 1765//1591 1766//1589 1953//1592 
f 1774//1593 1765//1591 1954//1594 
f 1778//1482 1774//1593 1955//1593 
f 1955//1593 1898//1482 1778//1482 
f 1954//1594 1955//1593 1774//1593 
f 1953//1592 1954//1594 1765//1591 
f 1952//1590 1953//1592 1766//1589 
f 1951//1588 1952//1590 1759//1587 
f 1950//1586 1951//1588 1758//1585 
f 1949//1584 1950//1586 1775//1583 
f 1948//1582 1949//1584 1750//1581 
f 1947//1580 1948//1582 1749//1579 
f 1946//1578 1947//1580 1760//1577 
f 1945//1576 1946//1578 1767//1575 
f 1944//1574 1945//1576 1768//1573 
f 1943//1572 1944//1574 1761//1571 
f 1942//1570 1943//1572 1752//1569 
f 1941//1568 1942//1570 1776//1567 
f 1940//1566 1941//1568 1769//1565 
f 1939//1564 1940//1566 1763//1563 
f 1938//1562 1939//1564 1762//1561 
f 1937//1560 1938//1562 1770//1559 
f 1936//1558 1937//1560 1771//1557 
f 1935//1556 1936//1558 1764//1555 
f 1934//1554 1935//1556 1754//1553 
f 1933//1552 1934//1554 1753//1551 
f 1932//1550 1933//1552 1772//1549 
f 1931//1548 1932//1550 1756//1547 
f 1930//1546 1931//1548 1755//1545 
f 1929//1544 1930//1546 1729//1543 
f 1928//1542 1929//1544 1728//1541 
f 1927//1540 1928//1542 1732//1539 
f 1926//1538 1927//1540 1739//1537 
f 1925//1536 1926//1538 1738//1535 
f 1924//1534 1925//1536 1734//1533 
f 1923//1532 1924//1534 1733//1531 
f 1922//1530 1923//1532 1735//1529 
f 1921//1528 1922//1530 1737//1527 
f 1920//1526 1921//1528 1736//1525 
f 1919//1524 1920//1526 1724//1523 
f 1918//1522 1919//1524 1722//1521 
f 1917//1520 1918//1522 1725//1519 
f 1916//1518 1917//1520 1723//1517 
f 1915//1516 1916//1518 1726//1515 
f 1914//1514 1915//1516 1727//1513 
f 1913//1512 1914//1514 1731//1511 
f 1912//1510 1913//1512 1730//1509 
f 1911//1508 1912//1510 1743//1507 
f 1910//1506 1911//1508 1741//1505 
f 1909//1504 1910//1506 1740//1503 
f 1908//1502 1909//1504 1742//1501 
f 1907//1500 1908//1502 1745//1499 
f 1906//1498 1907//1500 1744//1497 
f 1905//1496 1906//1498 1747//1495 
f 1904//1494 1905//1496 1746//1493 
f 1903//1492 1904//1494 1757//1491 
f 1902//1490 1903//1492 1748//1489 
f 1901//1488 1902//1490 1751//1487 
f 1900//1486 1901//1488 1773//1485 
f 1899//1484 1900//1486 1777//1483 
f 1898//1482 1899//1484 1779//1481 
o mesh89
f 1956//1595 1955//1595 1954//1595 
f 1954//1595 1953//1595 1956//1595 
f 1953//1595 1952//1595 1956//1595 
f 1952//1595 1951//1595 1956//1595 
f 1951//1595 1950//1595 1956//1595 
f 1950//1595 1949//1595 1956//1595 
f 1949//1595 1948//1595 1956//1595 
f 1948//1595 1947//1595 1956//1595 
f 1947//1595 1946//1595 1956//1595 
f 1946//1595 1945//1595 1956//1595 
f 1945//1595 1944//1595 1956//1595 
f 1944//1595 1943//1595 1956//1595 
f 1943//1595 1942//1595 1956//1595 
f 1942//1595 1941//1595 1956//1595 
f 1941//1595 1940//1595 1956//1595 
f 1940//1595 1939//1595 1956//1595 
f 1939//1595 1938//1595 1956//1595 
f 1938//1595 1937//1595 1956//1595 
f 1937//1595 1936//1595 1956//1595 
f 1936//1595 1935//1595 1956//1595 
f 1935//1595 1934//1595 1956//1595 
f 1934//1595 1933//1595 1956//1595 
f 1933//1595 1932//1595 1956//1595 
f 1932//1595 1931//1595 1956//1595 
f 1931//1595 1930//1595 1956//1595 
f 1930//1595 1929//1595 1956//1595 
f 1929//1595 1928//1595 1956//1595 
f 1928//1595 1927//1595 1956//1595 
f 1927//1595 1926//1595 1956//1595 
f 1926//1595 1925//1595 1956//1595 
f 1925//1595 1924//1595 1956//1595 
f 1924//1595 1923//1595 1956//1595 
f 1923//1595 1922//1595 1956//1595 
f 1922//1595 1921//1595 1956//1595 
f 1921//1595 1920//1595 1956//1595 
f 1920//1595 1919//1595 1956//1595 
f 1919//1595 1918//1595 1956//1595 
f 1918//1595 1917//1595 1956//1595 
f 1917//1595 1916//1595 1956//1595 
f 1916//1595 1915//1595 1956//1595 
f 1915//1595 1914//1595 1956//1595 
f 1914//1595 1913//1595 1956//1595 
f 1913//1595 1912//1595 1956//1595 
f 1912//1595 1911//1595 1956//1595 
f 1911//1595 1910//1595 1956//1595 
f 1910//1595 1909//1595 1956//1595 
f 1909//1595 1908//1595 1956//1595 
f 1908//1595 1907//1595 1956//1595 
f 1907//1595 1906//1595 1956//1595 
f 1906//1595 1905//1595 1956//1595 
f 1905//1595 1904//1595 1956//1595 
f 1904//1595 1903//1595 1956//1595 
f 1903//1595 1902//1595 1956//1595 
f 1902//1595 1901//1595 1956//1595 
f 1901//1595 1900//1595 1956//1595 
f 1900//1595 1899//1595 1956//1595 
f 1899//1595 1898//1595 1956//1595 
f 1898//1595 1955//1595 1956//1595 
o mesh90
f 1475//1596 1499//1597 1957//1597 
f 1469//1598 1475//1596 1958//1599 
f 1470//1600 1469//1598 1959//1601 
f 1474//1602 1470//1600 1960//1603 
f 1488//1604 1474//1602 1961//1605 
f 1473//1606 1488//1604 1962//1607 
f 1467//1608 1473//1606 1963//1609 
f 1468//1610 1467//1608 1964//1611 
f 1498//1612 1468//1610 1965//1613 
f 1497//1614 1498//1612 1966//1615 
f 1496//1616 1497//1614 1967//1617 
f 1486//1618 1496//1616 1968//1619 
f 1487//1620 1486//1618 1969//1621 
f 1495//1622 1487//1620 1970//1623 
f 1500//1624 1495//1622 1971//1625 
f 1485//1626 1500//1624 1972//1627 
f 1494//1628 1485//1626 1973//1629 
f 1483//1630 1494//1628 1974//1631 
f 1484//1632 1483//1630 1975//1633 
f 1493//1634 1484//1632 1976//1635 
f 1491//1636 1493//1634 1977//1637 
f 1492//1638 1491//1636 1978//1639 
f 1501//1640 1492//1638 1979//1641 
f 1481//1642 1501//1640 1980//1643 
f 1482//1644 1481//1642 1981//1645 
f 1490//1646 1482//1644 1982//1647 
f 1480//1648 1490//1646 1983//1649 
f 1489//1650 1480//1648 1984//1651 
f 1478//1652 1489//1650 1985//1653 
f 1479//1654 1478//1652 1986//1655 
f 1477//1656 1479//1654 1987//1657 
f 1471//1658 1477//1656 1988//1659 
f 1472//1660 1471//1658 1989//1661 
f 1466//1662 1472//1660 1990//1663 
f 1476//1664 1466//1662 1991//1665 
f 1464//1666 1476//1664 1992//1667 
f 1465//1668 1464//1666 1993//1669 
f 1462//1670 1465//1668 1994//1671 
f 1463//1672 1462//1670 1995//1673 
f 1461//1674 1463//1672 1996//1675 
f 1459//1676 1461//1674 1997//1677 
f 1460//1678 1459//1676 1998//1679 
f 1458//1680 1460//1678 1999//1681 
f 1454//1682 1458//1680 2000//1683 
f 1455//1684 1454//1682 2001//1685 
f 1450//1686 1455//1684 2002//1687 
f 1446//1688 1450//1686 2003//1689 
f 1444//1690 1446//1688 2004//1691 
f 1445//1692 1444//1690 2005//1693 
f 1453//1694 1445//1692 2006//1695 
f 1456//1696 1453//1694 2007//1697 
f 1451//1698 1456//1696 2008//1699 
f 1452//1700 1451//1698 2009//1701 
f 1449//1702 1452//1700 2010//1703 
f 1447//1704 1449//1702 2011//1705 
f 1448//1706 1447//1704 2012//1707 
f 1457//1708 1448//1706 2013//1709 
f 1499//1597 1457//1708 2014//1708 
f 2014//1708 1957//1597 1499//1597 
f 2013//1709 2014//1708 1457//1708 
f 2012//1707 2013//1709 1448//1706 
f 2011//1705 2012//1707 1447//1704 
f 2010//1703 2011//1705 1449//1702 
f 2009//1701 2010//1703 1452//1700 
f 2008//1699 2009//1701 1451//1698 
f 2007//1697 2008//1699 1456//1696 
f 2006//1695 2007//1697 1453//1694 
f 2005//1693 2006//1695 1445//1692 
f 2004//1691 2005//1693 1444//1690 
f 2003//1689 2004//1691 1446//1688 
f 2002//1687 2003//1689 1450//1686 
f 2001//1685 2002//1687 1455//1684 
f 2000//1683 2001//1685 1454//1682 
f 1999//1681 2000//1683 1458//1680 
f 1998//1679 1999//1681 1460//1678 
f 1997//1677 1998//1679 1459//1676 
f 1996//1675 1997//1677 1461//1674 
f 1995//1673 1996//1675 1463//1672 
f 1994//1671 1995//1673 1462//1670 
f 1993//1669 1994//1671 1465//1668 
f 1992//1667 1993//1669 1464//1666 
f 1991//1665 1992//1667 1476//1664 
f 1990//1663 1991//1665 1466//1662 
f 1989//1661 1990//1663 1472//1660 
f 1988//1659 1989//1661 1471//1658 
f 1987//1657 1988//1659 1477//1656 
f 1986//1655 1987//1657 1479//1654 
f 1985//1653 1986//1655 1478//1652 
f 1984//1651 1985//1653 1489//1650 
f 1983//1649 1984//1651 1480//1648 
f 1982//1647 1983//1649 1490//1646 
f 1981//1645 1982//1647 1482//1644 
f 1980//1643 1981//1645 1481//1642 
f 1979//1641 1980//1643 1501//1640 
f 1978//1639 1979//1641 1492//1638 
f 1977//1637 1978//1639 1491//1636 
f 1976//1635 1977//1637 1493//1634 
f 1975//1633 1976//1635 1484//1632 
f 1974//1631 1975//1633 1483//1630 
f 1973//1629 1974//1631 1494//1628 
f 1972//1627 1973//1629 1485//1626 
f 1971//1625 1972//1627 1500//1624 
f 1970//1623 1971//1625 1495//1622 
f 1969//1621 1970//1623 1487//1620 
f 1968//1619 1969//1621 1486//1618 
f 1967//1617 1968//1619 1496//1616 
f 1966//1615 1967//1617 1497//1614 
f 1965//1613 1966//1615 1498//1612 
f 1964//1611 1965//1613 1468//1610 
f 1963//1609 1964//1611 1467//1608 
f 1962//1607 1963//1609 1473//1606 
f 1961//1605 1962//1607 1488//1604 
f 1960//1603 1961//1605 1474//1602 
f 1959//1601 1960//1603 1470//1600 
f 1958//1599 1959//1601 1469//1598 
f 1957//1597 1958//1599 1475//1596 
o mesh91
f 2015//1710 2014//1710 2013//1710 
f 2013//1710 2012//1710 2015//1710 
f 2012//1710 2011//1710 2015//1710 
f 2011//1710 2010//1710 2015//1710 
f 2010//1710 2009//1710 2015//1710 
f 2009//1710 2008//1710 2015//1710 
f 2008//1710 2007//1710 2015//1710 
f 2007//1710 2006//1710 2015//1710 
f 2006//1710 2005//1710 2015//1710 
f 2005//1710 2004//1710 2015//1710 
f 2004//1710 2003//1710 2015//1710 
f 2003//1710 2002//1710 2015//1710 
f 2002//1710 2001//1710 2015//1710 
f 2001//1710 2000//1710 2015//1710 
f 2000//1710 1999//1710 2015//1710 
f 1999//1710 1998//1710 2015//1710 
f 1998//1710 1997//1710 2015//1710 
f 1997//1710 1996//1710 2015//1710 
f 1996//1710 1995//1710 2015//1710 
f 1995//1710 1994//1710 2015//1710 
f 1994//1710 1993//1710 2015//1710 
f 1993//1710 1992//1710 2015//1710 
f 1992//1710 1991//1710 2015//1710 
f 1991//1710 1990//1710 2015//1710 
f 1990//1710 1989//1710 2015//1710 
f 1989//1710 1988//1710 2015//1710 
f 1988//1710 1987//1710 2015//1710 
f 1987//1710 1986//1710 2015//1710 
f 1986//1710 1985//1710 2015//1710 
f 1985//1710 1984//1710 2015//1710 
f 1984//1710 1983//1710 2015//1710 
f 1983//1710 1982//1710 2015//1710 
f 1982//1710 1981//1710 2015//1710 
f 1981//1710 1980//1710 2015//1710 
f 1980//1710 1979//1710 2015//1710 
f 1979//1710 1978//1710 2015//1710 
f 1978//1710 1977//1710 2015//1710 
f 1977//1710 1976//1710 2015//1710 
f 1976//1710 1975//1710 2015//1710 
f 1975//1710 1974//1710 2015//1710 
f 1974//1710 1973//1710 2015//1710 
f 1973//1710 1972//1710 2015//1710 
f 1972//1710 1971//1710 2015//1710 
f 1971//1710 1970//1710 2015//1710 
f 1970//1710 1969//1710 2015//1710 
f 1969//1710 1968//1710 2015//1710 
f 1968//1710 1967//1710 2015//1710 
f 1967//1710 1966//1710 2015//1710 
f 1966//1710 1965//1710 2015//1710 
f 1965//1710 1964//1710 2015//1710 
f 1964//1710 1963//1710 2015//1710 
f 1963//1710 1962//1710 2015//1710 
f 1962//1710 1961//1710 2015//1710 
f 1961//1710 1960//1710 2015//1710 
f 1960//1710 1959//1710 2015//1710 
f 1959//1710 1958//1710 2015//1710 
f 1958//1710 1957//1710 2015//1710 
f 1957//1710 2014//1710 2015//1710 
usemtl 0.796078_0.823529_0.937255_0.000000_0.000000
o mesh92
f 2016//1710 1697//1710 1699//1710 
f 1703//1710 2017//1710 2018//1710 
f 2019//1710 2020//1710 2021//1710 
f 2016//1710 1695//1710 1697//1710 
f 2018//1710 1701//1710 1703//1710 
f 2019//1710 2022//1710 2020//1710 
f 2023//1710 1413//1710 1415//1710 
f 2024//1710 1423//1710 1425//1710 
f 1423//1710 2024//1710 2025//1710 
f 1607//1710 1609//1710 2026//1710 
f 2016//1710 1693//1710 1695//1710 
f 2017//1710 1705//1710 1707//1710 
f 2018//1710 1699//1710 1701//1710 
f 2027//1710 1713//1710 1715//1710 
f 2027//1710 2017//1710 1711//1710 
f 2019//1710 2028//1710 2022//1710 
f 1407//1710 2029//1710 2028//1710 
f 2023//1710 1411//1710 1413//1710 
f 2023//1710 1409//1710 1410//1710 
f 2025//1710 1421//1710 1423//1710 
f 2026//1710 2030//1710 1607//1710 
f 2030//1710 1603//1710 1605//1710 
f 2031//1710 1613//1710 1615//1710 
f 1407//1710 2019//1710 1517//1710 
f 2016//1710 1691//1710 1693//1710 
f 2016//1710 1689//1710 1690//1710 
f 1703//1710 1705//1710 2017//1710 
f 1711//1710 1713//1710 2027//1710 
f 2032//1710 2027//1710 1717//1710 
f 2019//1710 2033//1710 2034//1710 
f 2028//1710 2019//1710 1407//1710 
f 1407//1710 2035//1710 2036//1710 
f 1407//1710 2037//1710 2038//1710 
f 2023//1710 1417//1710 1419//1710 
f 1410//1710 1411//1710 2023//1710 
f 2024//1710 1427//1710 1429//1710 
f 2025//1710 1419//1710 1421//1710 
f 2039//1710 1433//1710 1435//1710 
f 2039//1710 2024//1710 1431//1710 
f 2040//1710 1597//1710 1599//1710 
f 2040//1710 1595//1710 1596//1710 
f 1605//1710 1607//1710 2030//1710 
f 2030//1710 1599//1710 1601//1710 
f 1615//1710 1617//1710 2031//1710 
f 2031//1710 2026//1710 1611//1710 
f 1407//1710 1519//1710 1521//1710 
f 2019//1710 1515//1710 1517//1710 
f 2019//1710 1511//1710 1513//1710 
f 1629//1710 2041//1710 2042//1710 
f 2043//1710 1629//1710 1689//1710 
f 1690//1710 1691//1710 2016//1710 
f 1707//1710 1709//1710 2017//1710 
f 1717//1710 1721//1710 2032//1710 
f 2032//1710 1721//1710 2019//1710 
f 2019//1710 2044//1710 2033//1710 
f 2019//1710 2045//1710 2046//1710 
f 2036//1710 2029//1710 1407//1710 
f 1407//1710 2047//1710 2037//1710 
f 2048//1710 1407//1710 1409//1710 
f 1415//1710 1417//1710 2023//1710 
f 1425//1710 1427//1710 2024//1710 
f 1431//1710 1433//1710 2039//1710 
f 2049//1710 2039//1710 1437//1710 
f 1596//1710 1597//1710 2040//1710 
f 1601//1710 1603//1710 2030//1710 
f 2031//1710 1619//1710 1621//1710 
f 1611//1710 1613//1710 2031//1710 
f 2050//1710 2031//1710 1623//1710 
f 1407//1710 1531//1710 1503//1710 
f 1517//1710 1519//1710 1407//1710 
f 2019//1710 1509//1710 1511//1710 
f 1629//1710 2051//1710 2041//1710 
f 1689//1710 2016//1710 2043//1710 
f 1709//1710 1711//1710 2017//1710 
f 2019//1710 2052//1710 2032//1710 
f 2019//1710 2053//1710 2044//1710 
f 2046//1710 2054//1710 2019//1710 
f 2038//1710 2035//1710 1407//1710 
f 1407//1710 2055//1710 2056//1710 
f 1407//1710 2048//1710 2057//1710 
f 1419//1710 2025//1710 2023//1710 
f 1435//1710 1437//1710 2039//1710 
f 1441//1710 2058//1710 2049//1710 
f 1441//1710 2059//1710 2060//1710 
f 1441//1710 1443//1710 2061//1710 
f 2062//1710 1443//1710 1595//1710 
f 1609//1710 1611//1710 2026//1710 
f 1617//1710 1619//1710 2031//1710 
f 1627//1710 2063//1710 2050//1710 
f 1627//1710 2064//1710 2065//1710 
f 1407//1710 1529//1710 1531//1710 
f 1407//1710 1525//1710 1527//1710 
f 1521//1710 1523//1710 1407//1710 
f 2019//1710 1507//1710 1509//1710 
f 1505//1710 2019//1710 2066//1710 
f 1629//1710 2067//1710 2068//1710 
f 2043//1710 2051//1710 1629//1710 
f 1715//1710 1717//1710 2027//1710 
f 2054//1710 2053//1710 2019//1710 
f 2056//1710 2047//1710 1407//1710 
f 1407//1710 2069//1710 2070//1710 
f 1409//1710 2023//1710 2048//1710 
f 1437//1710 1441//1710 2049//1710 
f 1441//1710 2071//1710 2059//1710 
f 1443//1710 2072//1710 2061//1710 
f 1443//1710 2073//1710 2074//1710 
f 1595//1710 2040//1710 2062//1710 
f 1621//1710 1623//1710 2031//1710 
f 2065//1710 2063//1710 1627//1710 
f 1527//1710 1529//1710 1407//1710 
f 1513//1710 1515//1710 2019//1710 
f 2066//1710 1535//1710 1505//1710 
f 2042//1710 2067//1710 1629//1710 
f 2034//1710 2052//1710 2019//1710 
f 2070//1710 2055//1710 1407//1710 
f 1429//1710 1431//1710 2024//1710 
f 2061//1710 2071//1710 1441//1710 
f 2062//1710 2073//1710 1443//1710 
f 1623//1710 1627//1710 2050//1710 
f 1627//1710 2068//1710 2075//1710 
f 1523//1710 1525//1710 1407//1710 
f 1505//1710 1504//1710 2019//1710 
f 1699//1710 2018//1710 2016//1710 
f 2057//1710 2069//1710 1407//1710 
f 2074//1710 2072//1710 1443//1710 
f 2075//1710 2064//1710 1627//1710 
f 1504//1710 1507//1710 2019//1710 
f 2076//1710 2066//1710 2019//1710 
f 2021//1710 2045//1710 2019//1710 
f 1599//1710 2030//1710 2040//1710 
f 2019//1710 2077//1710 2076//1710 
f 2060//1710 2058//1710 1441//1710 
f 2068//1710 1627//1710 1629//1710 
f 1503//1710 1406//1710 1407//1710 
usemtl 0.250980_0.250980_0.250980_0.000000_0.000000
o mesh93
f 2078//1711 2079//1711 2066//1711 
f 2066//1711 2076//1711 2078//1711 
o mesh94
f 2077//1712 2019//1712 2080//1712 
f 2080//1712 2081//1712 2077//1712 
o mesh95
f 2081//1713 2080//1713 2079//1713 
f 2079//1713 2078//1713 2081//1713 
o mesh96
f 2081//1714 2078//1714 2076//1714 
f 2076//1714 2077//1714 2081//1714 
usemtl 1.000000_1.000000_1.000000_0.000000_0.000000
o mesh97
f 2075//1715 2068//1716 2082//1716 
f 2064//1717 2075//1715 2083//1718 
f 2065//1719 2064//1717 2084//1720 
f 2063//1721 2065//1719 2085//1722 
f 2050//1723 2063//1721 2086//1724 
f 2031//1725 2050//1723 2087//1726 
f 2026//1727 2031//1725 2088//1728 
f 2030//1729 2026//1727 2089//1730 
f 2040//1731 2030//1729 2090//1732 
f 2062//1733 2040//1731 2091//1734 
f 2073//1735 2062//1733 2092//1736 
f 2074//1737 2073//1735 2093//1738 
f 2072//1739 2074//1737 2094//1740 
f 2061//1741 2072//1739 2095//1742 
f 2071//1743 2061//1741 2096//1744 
f 2059//1745 2071//1743 2097//1746 
f 2060//1747 2059//1745 2098//1748 
f 2058//1749 2060//1747 2099//1750 
f 2049//1751 2058//1749 2100//1752 
f 2039//1753 2049//1751 2101//1754 
f 2024//1755 2039//1753 2102//1756 
f 2025//1757 2024//1755 2103//1758 
f 2023//1759 2025//1757 2104//1760 
f 2048//1761 2023//1759 2105//1762 
f 2057//1763 2048//1761 2106//1764 
f 2069//1765 2057//1763 2107//1766 
f 2070//1767 2069//1765 2108//1768 
f 2055//1769 2070//1767 2109//1770 
f 2056//1771 2055//1769 2110//1772 
f 2047//1773 2056//1771 2111//1774 
f 2037//1775 2047//1773 2112//1776 
f 2038//1777 2037//1775 2113//1778 
f 2035//1779 2038//1777 2114//1780 
f 2036//1781 2035//1779 2115//1782 
f 2029//1783 2036//1781 2116//1784 
f 2028//1785 2029//1783 2117//1786 
f 2022//1787 2028//1785 2118//1788 
f 2020//1789 2022//1787 2119//1790 
f 2021//1791 2020//1789 2120//1792 
f 2045//1793 2021//1791 2121//1794 
f 2046//1795 2045//1793 2122//1796 
f 2054//1797 2046//1795 2123//1798 
f 2053//1799 2054//1797 2124//1800 
f 2044//1801 2053//1799 2125//1802 
f 2033//1803 2044//1801 2126//1804 
f 2034//1805 2033//1803 2127//1806 
f 2052//1807 2034//1805 2128//1808 
f 2032//1809 2052//1807 2129//1810 
f 2027//1811 2032//1809 2130//1812 
f 2017//1813 2027//1811 2131//1814 
f 2018//1815 2017//1813 2132//1816 
f 2016//1817 2018//1815 2133//1818 
f 2043//1819 2016//1817 2134//1820 
f 2051//1821 2043//1819 2135//1822 
f 2041//1823 2051//1821 2136//1824 
f 2042//1825 2041//1823 2137//1826 
f 2067//1827 2042//1825 2138//1828 
f 2068//1716 2067//1827 2139//1827 
f 2139//1827 2082//1716 2068//1716 
f 2138//1828 2139//1827 2067//1827 
f 2137//1826 2138//1828 2042//1825 
f 2136//1824 2137//1826 2041//1823 
f 2135//1822 2136//1824 2051//1821 
f 2134//1820 2135//1822 2043//1819 
f 2133//1818 2134//1820 2016//1817 
f 2132//1816 2133//1818 2018//1815 
f 2131//1814 2132//1816 2017//1813 
f 2130//1812 2131//1814 2027//1811 
f 2129//1810 2130//1812 2032//1809 
f 2128//1808 2129//1810 2052//1807 
f 2127//1806 2128//1808 2034//1805 
f 2126//1804 2127//1806 2033//1803 
f 2125//1802 2126//1804 2044//1801 
f 2124//1800 2125//1802 2053//1799 
f 2123//1798 2124//1800 2054//1797 
f 2122//1796 2123//1798 2046//1795 
f 2121//1794 2122//1796 2045//1793 
f 2120//1792 2121//1794 2021//1791 
f 2119//1790 2120//1792 2020//1789 
f 2118//1788 2119//1790 2022//1787 
f 2117//1786 2118//1788 2028//1785 
f 2116//1784 2117//1786 2029//1783 
f 2115//1782 2116//1784 2036//1781 
f 2114//1780 2115//1782 2035//1779 
f 2113//1778 2114//1780 2038//1777 
f 2112//1776 2113//1778 2037//1775 
f 2111//1774 2112//1776 2047//1773 
f 2110//1772 2111//1774 2056//1771 
f 2109//1770 2110//1772 2055//1769 
f 2108//1768 2109//1770 2070//1767 
f 2107//1766 2108//1768 2069//1765 
f 2106//1764 2107//1766 2057//1763 
f 2105//1762 2106//1764 2048//1761 
f 2104//1760 2105//1762 2023//1759 
f 2103//1758 2104//1760 2025//1757 
f 2102//1756 2103//1758 2024//1755 
f 2101//1754 2102//1756 2039//1753 
f 2100//1752 2101//1754 2049//1751 
f 2099//1750 2100//1752 2058//1749 
f 2098//1748 2099//1750 2060//1747 
f 2097//1746 2098//1748 2059//1745 
f 2096//1744 2097//1746 2071//1743 
f 2095//1742 2096//1744 2061//1741 
f 2094//1740 2095//1742 2072//1739 
f 2093//1738 2094//1740 2074//1737 
f 2092//1736 2093//1738 2073//1735 
f 2091//1734 2092//1736 2062//1733 
f 2090//1732 2091//1734 2040//1731 
f 2089//1730 2090//1732 2030//1729 
f 2088//1728 2089//1730 2026//1727 
f 2087//1726 2088//1728 2031//1725 
f 2086//1724 2087//1726 2050//1723 
f 2085//1722 2086//1724 2063//1721 
f 2084//1720 2085//1722 2065//1719 
f 2083//1718 2084//1720 2064//1717 
f 2082//1716 2083//1718 2075//1715 
o mesh98
f 2131//1829 2140//1829 2141//1829 
f 2130//1829 2142//1829 2140//1829 
f 2099//1829 2098//1829 2143//1829 
f 2098//1829 2097//1829 2144//1829 
f 2092//1829 2145//1829 2146//1829 
f 2091//1829 2147//1829 2145//1829 
f 2134//1829 2133//1829 2148//1829 
f 2132//1829 2141//1829 2148//1829 
f 2140//1829 2131//1829 2130//1829 
f 2130//1829 2129//1829 2149//1829 
f 2129//1829 2128//1829 2150//1829 
f 2128//1829 2127//1829 2151//1829 
f 2123//1829 2122//1829 2152//1829 
f 2122//1829 2121//1829 2153//1829 
f 2120//1829 2154//1829 2153//1829 
f 2119//1829 2155//1829 2154//1829 
f 2105//1829 2104//1829 2156//1829 
f 2104//1829 2103//1829 2157//1829 
f 2101//1829 2158//1829 2159//1829 
f 2100//1829 2160//1829 2158//1829 
f 2100//1829 2099//1829 2161//1829 
f 2144//1829 2143//1829 2098//1829 
f 2095//1829 2162//1829 2163//1829 
f 2095//1829 2094//1829 2164//1829 
f 2145//1829 2092//1829 2091//1829 
f 2091//1829 2090//1829 2165//1829 
f 2082//1829 2139//1829 2166//1829 
f 2139//1829 2138//1829 2167//1829 
f 2138//1829 2137//1829 2168//1829 
f 2137//1829 2136//1829 2169//1829 
f 2148//1829 2133//1829 2132//1829 
f 2149//1829 2142//1829 2130//1829 
f 2151//1829 2150//1829 2128//1829 
f 2127//1829 2126//1829 2170//1829 
f 2125//1829 2124//1829 2171//1829 
f 2124//1829 2123//1829 2172//1829 
f 2153//1829 2152//1829 2122//1829 
f 2154//1829 2120//1829 2119//1829 
f 2118//1829 2173//1829 2155//1829 
f 2118//1829 2117//1829 2174//1829 
f 2115//1829 2114//1829 2175//1829 
f 2114//1829 2113//1829 2176//1829 
f 2113//1829 2112//1829 2177//1829 
f 2112//1829 2111//1829 2178//1829 
f 2157//1829 2156//1829 2104//1829 
f 2103//1829 2102//1829 2159//1829 
f 2158//1829 2101//1829 2100//1829 
f 2143//1829 2161//1829 2099//1829 
f 2164//1829 2162//1829 2095//1829 
f 2094//1829 2093//1829 2146//1829 
f 2165//1829 2147//1829 2091//1829 
f 2090//1829 2089//1829 2179//1829 
f 2086//1829 2180//1829 2181//1829 
f 2085//1829 2182//1829 2180//1829 
f 2167//1829 2166//1829 2139//1829 
f 2169//1829 2168//1829 2137//1829 
f 2136//1829 2135//1829 2183//1829 
f 2135//1829 2134//1829 2184//1829 
f 2141//1829 2132//1829 2131//1829 
f 2170//1829 2151//1829 2127//1829 
f 2126//1829 2125//1829 2185//1829 
f 2172//1829 2171//1829 2124//1829 
f 2153//1829 2121//1829 2120//1829 
f 2174//1829 2173//1829 2118//1829 
f 2117//1829 2116//1829 2186//1829 
f 2116//1829 2115//1829 2187//1829 
f 2176//1829 2175//1829 2114//1829 
f 2178//1829 2177//1829 2112//1829 
f 2110//1829 2188//1829 2178//1829 
f 2110//1829 2109//1829 2189//1829 
f 2108//1829 2190//1829 2189//1829 
f 2107//1829 2191//1829 2190//1829 
f 2106//1829 2192//1829 2191//1829 
f 2106//1829 2105//1829 2193//1829 
f 2159//1829 2157//1829 2103//1829 
f 2161//1829 2160//1829 2100//1829 
f 2096//1829 2163//1829 2144//1829 
f 2146//1829 2164//1829 2094//1829 
f 2179//1829 2165//1829 2090//1829 
f 2089//1829 2088//1829 2194//1829 
f 2088//1829 2087//1829 2181//1829 
f 2180//1829 2086//1829 2085//1829 
f 2083//1829 2195//1829 2196//1829 
f 2083//1829 2082//1829 2197//1829 
f 2168//1829 2167//1829 2138//1829 
f 2184//1829 2183//1829 2135//1829 
f 2150//1829 2149//1829 2129//1829 
f 2171//1829 2185//1829 2125//1829 
f 2155//1829 2119//1829 2118//1829 
f 2187//1829 2186//1829 2116//1829 
f 2177//1829 2176//1829 2113//1829 
f 2189//1829 2188//1829 2110//1829 
f 2190//1829 2108//1829 2107//1829 
f 2193//1829 2192//1829 2106//1829 
f 2159//1829 2102//1829 2101//1829 
f 2163//1829 2096//1829 2095//1829 
f 2194//1829 2179//1829 2089//1829 
f 2181//1829 2087//1829 2086//1829 
f 2084//1829 2196//1829 2182//1829 
f 2197//1829 2195//1829 2083//1829 
f 2183//1829 2169//1829 2136//1829 
f 2185//1829 2170//1829 2126//1829 
f 2186//1829 2174//1829 2117//1829 
f 2178//1829 2111//1829 2110//1829 
f 2191//1829 2107//1829 2106//1829 
f 2144//1829 2097//1829 2096//1829 
f 2181//1829 2194//1829 2088//1829 
f 2196//1829 2084//1829 2083//1829 
f 2148//1829 2184//1829 2134//1829 
f 2175//1829 2187//1829 2115//1829 
f 2156//1829 2193//1829 2105//1829 
f 2182//1829 2085//1829 2084//1829 
f 2152//1829 2172//1829 2123//1829 
f 2146//1829 2093//1829 2092//1829 
f 2189//1829 2109//1829 2108//1829 
f 2166//1829 2197//1829 2082//1829 
o mesh99
f 2178//1830 2198//1830 2199//1831 
f 2177//1831 2199//1831 2200//1832 
f 2176//1832 2200//1832 2201//1833 
f 2175//1833 2201//1833 2202//1834 
f 2187//1834 2202//1834 2203//1835 
f 2186//1835 2203//1835 2204//1836 
f 2174//1836 2204//1836 2205//1837 
f 2173//1837 2205//1837 2206//1838 
f 2155//1838 2206//1838 2207//1839 
f 2154//1839 2207//1839 2208//1840 
f 2153//1840 2208//1840 2209//1841 
f 2152//1841 2209//1841 2210//1842 
f 2172//1842 2210//1842 2211//1843 
f 2171//1843 2211//1843 2212//1844 
f 2185//1844 2212//1844 2213//1845 
f 2170//1845 2213//1845 2214//1846 
f 2151//1846 2214//1846 2215//1847 
f 2150//1847 2215//1847 2216//1848 
f 2149//1848 2216//1848 2217//1849 
f 2142//1849 2217//1849 2218//1850 
f 2140//1850 2218//1850 2219//1851 
f 2141//1851 2219//1851 2220//1852 
f 2148//1852 2220//1852 2221//1853 
f 2184//1853 2221//1853 2222//1854 
f 2183//1854 2222//1854 2223//1855 
f 2169//1855 2223//1855 2224//1856 
f 2168//1856 2224//1856 2225//1857 
f 2167//1857 2225//1857 2226//1858 
f 2166//1858 2226//1858 2227//1859 
f 2197//1859 2227//1859 2228//1860 
f 2195//1860 2228//1860 2229//1861 
f 2196//1861 2229//1861 2230//1862 
f 2182//1862 2230//1862 2231//1863 
f 2180//1863 2231//1863 2232//1864 
f 2181//1864 2232//1864 2233//1865 
f 2194//1865 2233//1865 2234//1866 
f 2179//1866 2234//1866 2235//1867 
f 2165//1867 2235//1867 2236//1868 
f 2147//1868 2236//1868 2237//1869 
f 2145//1869 2237//1869 2238//1870 
f 2146//1870 2238//1870 2239//1871 
f 2164//1871 2239//1871 2240//1872 
f 2162//1872 2240//1872 2241//1873 
f 2163//1873 2241//1873 2242//1874 
f 2144//1874 2242//1874 2243//1875 
f 2143//1875 2243//1875 2244//1876 
f 2161//1876 2244//1876 2245//1877 
f 2160//1877 2245//1877 2246//1878 
f 2158//1878 2246//1878 2247//1879 
f 2159//1879 2247//1879 2248//1880 
f 2157//1880 2248//1880 2249//1881 
f 2156//1881 2249//1881 2250//1882 
f 2193//1882 2250//1882 2251//1883 
f 2192//1883 2251//1883 2252//1884 
f 2191//1884 2252//1884 2253//1885 
f 2190//1885 2253//1885 2254//1886 
f 2189//1886 2254//1886 2255//1887 
f 2188//1887 2255//1887 2198//1830 
f 2198//1830 2178//1830 2188//1887 
f 2255//1887 2188//1887 2189//1886 
f 2254//1886 2189//1886 2190//1885 
f 2253//1885 2190//1885 2191//1884 
f 2252//1884 2191//1884 2192//1883 
f 2251//1883 2192//1883 2193//1882 
f 2250//1882 2193//1882 2156//1881 
f 2249//1881 2156//1881 2157//1880 
f 2248//1880 2157//1880 2159//1879 
f 2247//1879 2159//1879 2158//1878 
f 2246//1878 2158//1878 2160//1877 
f 2245//1877 2160//1877 2161//1876 
f 2244//1876 2161//1876 2143//1875 
f 2243//1875 2143//1875 2144//1874 
f 2242//1874 2144//1874 2163//1873 
f 2241//1873 2163//1873 2162//1872 
f 2240//1872 2162//1872 2164//1871 
f 2239//1871 2164//1871 2146//1870 
f 2238//1870 2146//1870 2145//1869 
f 2237//1869 2145//1869 2147//1868 
f 2236//1868 2147//1868 2165//1867 
f 2235//1867 2165//1867 2179//1866 
f 2234//1866 2179//1866 2194//1865 
f 2233//1865 2194//1865 2181//1864 
f 2232//1864 2181//1864 2180//1863 
f 2231//1863 2180//1863 2182//1862 
f 2230//1862 2182//1862 2196//1861 
f 2229//1861 2196//1861 2195//1860 
f 2228//1860 2195//1860 2197//1859 
f 2227//1859 2197//1859 2166//1858 
f 2226//1858 2166//1858 2167//1857 
f 2225//1857 2167//1857 2168//1856 
f 2224//1856 2168//1856 2169//1855 
f 2223//1855 2169//1855 2183//1854 
f 2222//1854 2183//1854 2184//1853 
f 2221//1853 2184//1853 2148//1852 
f 2220//1852 2148//1852 2141//1851 
f 2219//1851 2141//1851 2140//1850 
f 2218//1850 2140//1850 2142//1849 
f 2217//1849 2142//1849 2149//1848 
f 2216//1848 2149//1848 2150//1847 
f 2215//1847 2150//1847 2151//1846 
f 2214//1846 2151//1846 2170//1845 
f 2213//1845 2170//1845 2185//1844 
f 2212//1844 2185//1844 2171//1843 
f 2211//1843 2171//1843 2172//1842 
f 2210//1842 2172//1842 2152//1841 
f 2209//1841 2152//1841 2153//1840 
f 2208//1840 2153//1840 2154//1839 
f 2207//1839 2154//1839 2155//1838 
f 2206//1838 2155//1838 2173//1837 
f 2205//1837 2173//1837 2174//1836 
f 2204//1836 2174//1836 2186//1835 
f 2203//1835 2186//1835 2187//1834 
f 2202//1834 2187//1834 2175//1833 
f 2201//1833 2175//1833 2176//1832 
f 2200//1832 2176//1832 2177//1831 
f 2199//1831 2177//1831 2178//1830 
o mesh100
f 2213//1888 2256//1888 2257//1888 
f 2213//1888 2212//1888 2258//1888 
f 2203//1888 2259//1888 2260//1888 
f 2203//1888 2202//1888 2261//1888 
f 2258//1888 2256//1888 2213//1888 
f 2212//1888 2211//1888 2262//1888 
f 2205//1888 2263//1888 2264//1888 
f 2205//1888 2204//1888 2260//1888 
f 2261//1888 2259//1888 2203//1888 
f 2202//1888 2201//1888 2265//1888 
f 2253//1888 2252//1888 2266//1888 
f 2252//1888 2251//1888 2267//1888 
f 2262//1888 2258//1888 2212//1888 
f 2211//1888 2210//1888 2268//1888 
f 2208//1888 2269//1888 2270//1888 
f 2207//1888 2271//1888 2269//1888 
f 2260//1888 2263//1888 2205//1888 
f 2265//1888 2261//1888 2202//1888 
f 2253//1888 2272//1888 2273//1888 
f 2267//1888 2266//1888 2252//1888 
f 2249//1888 2274//1888 2275//1888 
f 2249//1888 2248//1888 2276//1888 
f 2268//1888 2262//1888 2211//1888 
f 2210//1888 2209//1888 2270//1888 
f 2269//1888 2208//1888 2207//1888 
f 2207//1888 2206//1888 2264//1888 
f 2260//1888 2204//1888 2203//1888 
f 2200//1888 2277//1888 2265//1888 
f 2199//1888 2278//1888 2277//1888 
f 2199//1888 2198//1888 2279//1888 
f 2266//1888 2272//1888 2253//1888 
f 2250//1888 2275//1888 2267//1888 
f 2276//1888 2274//1888 2249//1888 
f 2248//1888 2247//1888 2280//1888 
f 2245//1888 2281//1888 2282//1888 
f 2244//1888 2283//1888 2281//1888 
f 2235//1888 2284//1888 2285//1888 
f 2234//1888 2286//1888 2284//1888 
f 2270//1888 2268//1888 2210//1888 
f 2264//1888 2271//1888 2207//1888 
f 2265//1888 2201//1888 2200//1888 
f 2279//1888 2278//1888 2199//1888 
f 2267//1888 2251//1888 2250//1888 
f 2280//1888 2276//1888 2248//1888 
f 2281//1888 2245//1888 2244//1888 
f 2244//1888 2243//1888 2287//1888 
f 2284//1888 2235//1888 2234//1888 
f 2233//1888 2288//1888 2286//1888 
f 2232//1888 2289//1888 2288//1888 
f 2232//1888 2231//1888 2290//1888 
f 2226//1888 2291//1888 2292//1888 
f 2226//1888 2225//1888 2293//1888 
f 2223//1888 2294//1888 2295//1888 
f 2223//1888 2222//1888 2296//1888 
f 2218//1888 2217//1888 2297//1888 
f 2217//1888 2216//1888 2298//1888 
f 2215//1888 2299//1888 2298//1888 
f 2215//1888 2214//1888 2257//1888 
f 2270//1888 2209//1888 2208//1888 
f 2277//1888 2200//1888 2199//1888 
f 2275//1888 2250//1888 2249//1888 
f 2247//1888 2246//1888 2282//1888 
f 2287//1888 2283//1888 2244//1888 
f 2243//1888 2242//1888 2300//1888 
f 2242//1888 2241//1888 2301//1888 
f 2241//1888 2240//1888 2302//1888 
f 2239//1888 2303//1888 2302//1888 
f 2239//1888 2238//1888 2304//1888 
f 2237//1888 2305//1888 2304//1888 
f 2237//1888 2236//1888 2285//1888 
f 2286//1888 2234//1888 2233//1888 
f 2290//1888 2289//1888 2232//1888 
f 2293//1888 2291//1888 2226//1888 
f 2225//1888 2224//1888 2295//1888 
f 2296//1888 2294//1888 2223//1888 
f 2222//1888 2221//1888 2306//1888 
f 2220//1888 2307//1888 2306//1888 
f 2219//1888 2308//1888 2307//1888 
f 2218//1888 2309//1888 2308//1888 
f 2298//1888 2297//1888 2217//1888 
f 2257//1888 2299//1888 2215//1888 
f 2264//1888 2206//1888 2205//1888 
f 2255//1888 2310//1888 2279//1888 
f 2255//1888 2254//1888 2273//1888 
f 2282//1888 2280//1888 2247//1888 
f 2300//1888 2287//1888 2243//1888 
f 2302//1888 2301//1888 2241//1888 
f 2304//1888 2303//1888 2239//1888 
f 2285//1888 2305//1888 2237//1888 
f 2288//1888 2233//1888 2232//1888 
f 2295//1888 2293//1888 2225//1888 
f 2306//1888 2296//1888 2222//1888 
f 2307//1888 2220//1888 2219//1888 
f 2297//1888 2309//1888 2218//1888 
f 2257//1888 2214//1888 2213//1888 
f 2273//1888 2310//1888 2255//1888 
f 2282//1888 2246//1888 2245//1888 
f 2302//1888 2240//1888 2239//1888 
f 2285//1888 2236//1888 2235//1888 
f 2231//1888 2230//1888 2311//1888 
f 2295//1888 2224//1888 2223//1888 
f 2308//1888 2219//1888 2218//1888 
f 2279//1888 2198//1888 2255//1888 
f 2301//1888 2300//1888 2242//1888 
f 2311//1888 2290//1888 2231//1888 
f 2229//1888 2312//1888 2311//1888 
f 2228//1888 2313//1888 2312//1888 
f 2228//1888 2227//1888 2292//1888 
f 2306//1888 2221//1888 2220//1888 
f 2273//1888 2254//1888 2253//1888 
f 2311//1888 2230//1888 2229//1888 
f 2292//1888 2313//1888 2228//1888 
f 2298//1888 2216//1888 2215//1888 
f 2312//1888 2229//1888 2228//1888 
f 2304//1888 2238//1888 2237//1888 
f 2292//1888 2227//1888 2226//1888 
o mesh101
f 2279//1889 2314//1889 2315//1890 
f 2278//1890 2315//1890 2316//1891 
f 2277//1891 2316//1891 2317//1892 
f 2265//1892 2317//1892 2318//1893 
f 2261//1893 2318//1893 2319//1894 
f 2259//1894 2319//1894 2320//1895 
f 2260//1895 2320//1895 2321//1896 
f 2263//1896 2321//1896 2322//1897 
f 2264//1897 2322//1897 2323//1898 
f 2271//1898 2323//1898 2324//1899 
f 2269//1899 2324//1899 2325//1900 
f 2270//1900 2325//1900 2326//1901 
f 2268//1901 2326//1901 2327//1902 
f 2262//1902 2327//1902 2328//1903 
f 2258//1903 2328//1903 2329//1904 
f 2256//1904 2329//1904 2330//1905 
f 2257//1905 2330//1905 2331//1906 
f 2299//1906 2331//1906 2332//1907 
f 2298//1907 2332//1907 2333//1908 
f 2297//1908 2333//1908 2334//1909 
f 2309//1909 2334//1909 2335//1910 
f 2308//1910 2335//1910 2336//1911 
f 2307//1911 2336//1911 2337//1912 
f 2306//1912 2337//1912 2338//1913 
f 2296//1913 2338//1913 2339//1914 
f 2294//1914 2339//1914 2340//1915 
f 2295//1915 2340//1915 2341//1916 
f 2293//1916 2341//1916 2342//1917 
f 2291//1917 2342//1917 2343//1918 
f 2292//1918 2343//1918 2344//1919 
f 2313//1919 2344//1919 2345//1920 
f 2312//1920 2345//1920 2346//1921 
f 2311//1921 2346//1921 2347//1922 
f 2290//1922 2347//1922 2348//1923 
f 2289//1923 2348//1923 2349//1924 
f 2288//1924 2349//1924 2350//1925 
f 2286//1925 2350//1925 2351//1926 
f 2284//1926 2351//1926 2352//1927 
f 2285//1927 2352//1927 2353//1928 
f 2305//1928 2353//1928 2354//1929 
f 2304//1929 2354//1929 2355//1930 
f 2303//1930 2355//1930 2356//1931 
f 2302//1931 2356//1931 2357//1932 
f 2301//1932 2357//1932 2358//1933 
f 2300//1933 2358//1933 2359//1934 
f 2287//1934 2359//1934 2360//1935 
f 2283//1935 2360//1935 2361//1936 
f 2281//1936 2361//1936 2362//1937 
f 2282//1937 2362//1937 2363//1938 
f 2280//1938 2363//1938 2364//1939 
f 2276//1939 2364//1939 2365//1940 
f 2274//1940 2365//1940 2366//1941 
f 2275//1941 2366//1941 2367//1942 
f 2267//1942 2367//1942 2368//1943 
f 2266//1943 2368//1943 2369//1944 
f 2272//1944 2369//1944 2370//1945 
f 2273//1945 2370//1945 2371//1946 
f 2310//1946 2371//1946 2314//1889 
f 2314//1889 2279//1889 2310//1946 
f 2371//1946 2310//1946 2273//1945 
f 2370//1945 2273//1945 2272//1944 
f 2369//1944 2272//1944 2266//1943 
f 2368//1943 2266//1943 2267//1942 
f 2367//1942 2267//1942 2275//1941 
f 2366//1941 2275//1941 2274//1940 
f 2365//1940 2274//1940 2276//1939 
f 2364//1939 2276//1939 2280//1938 
f 2363//1938 2280//1938 2282//1937 
f 2362//1937 2282//1937 2281//1936 
f 2361//1936 2281//1936 2283//1935 
f 2360//1935 2283//1935 2287//1934 
f 2359//1934 2287//1934 2300//1933 
f 2358//1933 2300//1933 2301//1932 
f 2357//1932 2301//1932 2302//1931 
f 2356//1931 2302//1931 2303//1930 
f 2355//1930 2303//1930 2304//1929 
f 2354//1929 2304//1929 2305//1928 
f 2353//1928 2305//1928 2285//1927 
f 2352//1927 2285//1927 2284//1926 
f 2351//1926 2284//1926 2286//1925 
f 2350//1925 2286//1925 2288//1924 
f 2349//1924 2288//1924 2289//1923 
f 2348//1923 2289//1923 2290//1922 
f 2347//1922 2290//1922 2311//1921 
f 2346//1921 2311//1921 2312//1920 
f 2345//1920 2312//1920 2313//1919 
f 2344//1919 2313//1919 2292//1918 
f 2343//1918 2292//1918 2291//1917 
f 2342//1917 2291//1917 2293//1916 
f 2341//1916 2293//1916 2295//1915 
f 2340//1915 2295//1915 2294//1914 
f 2339//1914 2294//1914 2296//1913 
f 2338//1913 2296//1913 2306//1912 
f 2337//1912 2306//1912 2307//1911 
f 2336//1911 2307//1911 2308//1910 
f 2335//1910 2308//1910 2309//1909 
f 2334//1909 2309//1909 2297//1908 
f 2333//1908 2297//1908 2298//1907 
f 2332//1907 2298//1907 2299//1906 
f 2331//1906 2299//1906 2257//1905 
f 2330//1905 2257//1905 2256//1904 
f 2329//1904 2256//1904 2258//1903 
f 2328//1903 2258//1903 2262//1902 
f 2327//1902 2262//1902 2268//1901 
f 2326//1901 2268//1901 2270//1900 
f 2325//1900 2270//1900 2269//1899 
f 2324//1899 2269//1899 2271//1898 
f 2323//1898 2271//1898 2264//1897 
f 2322//1897 2264//1897 2263//1896 
f 2321//1896 2263//1896 2260//1895 
f 2320//1895 2260//1895 2259//1894 
f 2319//1894 2259//1894 2261//1893 
f 2318//1893 2261//1893 2265//1892 
f 2317//1892 2265//1892 2277//1891 
f 2316//1891 2277//1891 2278//1890 
f 2315//1890 2278//1890 2279//1889 
o mesh102
f 2372//1947 2342//1947 2341//1947 
f 2341//1947 2340//1947 2372//1947 
f 2340//1947 2339//1947 2372//1947 
f 2339//1947 2338//1947 2372//1947 
f 2338//1947 2337//1947 2372//1947 
f 2337//1947 2336//1947 2372//1947 
f 2336//1947 2335//1947 2372//1947 
f 2335//1947 2334//1947 2372//1947 
f 2334//1947 2333//1947 2372//1947 
f 2333//1947 2332//1947 2372//1947 
f 2332//1947 2331//1947 2372//1947 
f 2331//1947 2330//1947 2372//1947 
f 2330//1947 2329//1947 2372//1947 
f 2329//1947 2328//1947 2372//1947 
f 2328//1947 2327//1947 2372//1947 
f 2327//1947 2326//1947 2372//1947 
f 2326//1947 2325//1947 2372//1947 
f 2325//1947 2324//1947 2372//1947 
f 2324//1947 2323//1947 2372//1947 
f 2323//1947 2322//1947 2372//1947 
f 2322//1947 2321//1947 2372//1947 
f 2321//1947 2320//1947 2372//1947 
f 2320//1947 2319//1947 2372//1947 
f 2319//1947 2318//1947 2372//1947 
f 2318//1947 2317//1947 2372//1947 
f 2317//1947 2316//1947 2372//1947 
f 2316//1947 2315//1947 2372//1947 
f 2315//1947 2314//1947 2372//1947 
f 2314//1947 2371//1947 2372//1947 
f 2371//1947 2370//1947 2372//1947 
f 2370//1947 2369//1947 2372//1947 
f 2369//1947 2368//1947 2372//1947 
f 2368//1947 2367//1947 2372//1947 
f 2367//1947 2366//1947 2372//1947 
f 2366//1947 2365//1947 2372//1947 
f 2365//1947 2364//1947 2372//1947 
f 2364//1947 2363//1947 2372//1947 
f 2363//1947 2362//1947 2372//1947 
f 2362//1947 2361//1947 2372//1947 
f 2361//1947 2360//1947 2372//1947 
f 2360//1947 2359//1947 2372//1947 
f 2359//1947 2358//1947 2372//1947 
f 2358//1947 2357//1947 2372//1947 
f 2357//1947 2356//1947 2372//1947 
f 2356//1947 2355//1947 2372//1947 
f 2355//1947 2354//1947 2372//1947 
f 2354//1947 2353//1947 2372//1947 
f 2353//1947 2352//1947 2372//1947 
f 2352//1947 2351//1947 2372//1947 
f 2351//1947 2350//1947 2372//1947 
f 2350//1947 2349//1947 2372//1947 
f 2349//1947 2348//1947 2372//1947 
f 2348//1947 2347//1947 2372//1947 
f 2347//1947 2346//1947 2372//1947 
f 2346//1947 2345//1947 2372//1947 
f 2345//1947 2344//1947 2372//1947 
f 2344//1947 2343//1947 2372//1947 
f 2343//1947 2342//1947 2372//1947 
usemtl 0.250980_0.250980_0.250980_0.000000_0.000000
o mesh103
f 1363//1948 2373//1948 1720//1948 
f 1721//1948 1720//1948 2080//1948 
f 2373//1948 2374//1948 2080//1948 
f 1391//1948 1385//1948 1363//1948 
f 2080//1948 1720//1948 2373//1948 
f 2080//1948 2019//1948 1721//1948 
f 1363//1948 1384//1948 2375//1948 
f 1384//1948 2079//1948 2376//1948 
f 2375//1948 2373//1948 1363//1948 
f 2376//1948 2375//1948 1384//1948 
f 1384//1948 1397//1948 2079//1948 
f 2079//1948 2080//1948 2374//1948 
f 2066//1948 2079//1948 1534//1948 
f 1397//1948 1403//1948 1534//1948 
f 2374//1948 2376//1948 2079//1948 
f 1534//1948 2079//1948 1397//1948 
f 1534//1948 1535//1948 2066//1948 
f 1720//1948 1391//1948 1363//1948 
o mesh104
f 2377//1947 2376//1947 2374//1947 
f 2374//1947 2378//1947 2377//1947 
o mesh105
f 2378//1949 2374//1949 2373//1949 
f 2373//1949 2379//1949 2378//1949 
o mesh106
f 2379//1950 2373//1950 2375//1950 
f 2375//1950 2380//1950 2379//1950 
o mesh107
f 2380//1951 2375//1951 2376//1951 
f 2376//1951 2377//1951 2380//1951 
o mesh108
f 2379//1952 2381//1952 2382//1952 
f 2379//1952 2380//1952 2383//1952 
f 2383//1952 2381//1952 2379//1952 
f 2380//1952 2377//1952 2384//1952 
f 2384//1952 2383//1952 2380//1952 
f 2377//1952 2378//1952 2382//1952 
f 2382//1952 2384//1952 2377//1952 
f 2382//1952 2378//1952 2379//1952 
o mesh109
f 2381//1951 2385//1951 2386//1951 
f 2386//1951 2382//1951 2381//1951 
o mesh110
f 2382//1953 2386//1953 2387//1953 
f 2387//1953 2384//1953 2382//1953 
o mesh111
f 2384//1954 2387//1954 2388//1954 
f 2388//1954 2383//1954 2384//1954 
o mesh112
f 2383//1955 2388//1955 2385//1955 
f 2385//1955 2381//1955 2383//1955 
o mesh113
f 2388//1956 2387//1956 2386//1956 
f 2386//1956 2385//1956 2388//1956 
