# OBJ generated by ONSHAPE BY PTC INC, 1.217 Units = meters
mtllib ARCADA001 - Part 1 (6).mtl
g Part 1
v -0.00379967 0.0105 -9.30651e-19 
v -0.0037774 0.0105 0.000410817 
v -0.00371084 0.0105 0.000816817 
v -0.00360077 0.0105 0.00121324 
v -0.00344849 0.0105 0.00159544 
v -0.00325578 0.0105 0.00195894 
v -0.00302489 0.0105 0.00229946 
v -0.00275854 0.0105 0.00261303 
v -0.00245985 0.0105 0.00289597 
v -0.00213233 0.0105 0.00314495 
v -0.0017798 0.0105 0.00335706 
v -0.0014064 0.0105 0.00352981 
v -0.00101652 0.0105 0.00366117 
v -0.000614718 0.0105 0.00374962 
v -0.00020571 0.0105 0.0037941 
v 0.00020571 0.0105 0.0037941 
v 0.000614718 0.0105 0.00374962 
v 0.00101652 0.0105 0.00366117 
v 0.0014064 0.0105 0.00352981 
v 0.0017798 0.0105 0.00335706 
v 0.00213233 0.0105 0.00314495 
v 0.00245985 0.0105 0.00289597 
v 0.00275854 0.0105 0.00261303 
v 0.00302489 0.0105 0.00229946 
v 0.00325578 0.0105 0.00195894 
v 0.00344849 0.0105 0.00159544 
v 0.00360077 0.0105 0.00121324 
v 0.00371084 0.0105 0.000816817 
v 0.0037774 0.0105 0.000410817 
v 0.00379967 0.0105 1.39598e-18 
v 0.0037774 0.0105 -0.000410817 
v 0.00371084 0.0105 -0.000816817 
v 0.00360077 0.0105 -0.00121324 
v 0.00344849 0.0105 -0.00159544 
v 0.00325578 0.0105 -0.00195894 
v 0.00302489 0.0105 -0.00229946 
v 0.00275854 0.0105 -0.00261303 
v 0.00245985 0.0105 -0.00289597 
v 0.00213233 0.0105 -0.00314495 
v 0.0017798 0.0105 -0.00335706 
v 0.0014064 0.0105 -0.00352981 
v 0.00101652 0.0105 -0.00366117 
v 0.000614718 0.0105 -0.00374962 
v 0.00020571 0.0105 -0.0037941 
v -0.00020571 0.0105 -0.0037941 
v -0.000614718 0.0105 -0.00374962 
v -0.00101652 0.0105 -0.00366117 
v -0.0014064 0.0105 -0.00352981 
v -0.0017798 0.0105 -0.00335706 
v -0.00213233 0.0105 -0.00314495 
v -0.00245985 0.0105 -0.00289597 
v -0.00275854 0.0105 -0.00261303 
v -0.00302489 0.0105 -0.00229946 
v -0.00325578 0.0105 -0.00195894 
v -0.00344849 0.0105 -0.00159544 
v -0.00360077 0.0105 -0.00121324 
v -0.00371084 0.0105 -0.000816817 
v -0.0037774 0.0105 -0.000410817 
v -0.00342757 0.0108903 0 
v -0.00340748 0.0108903 0.000370586 
v -0.00334744 0.0108903 0.000736827 
v -0.00324815 0.0108903 0.00109443 
v -0.00311078 0.0108903 0.0014392 
v -0.00293694 0.0108903 0.0017671 
v -0.00272867 0.0108903 0.00207428 
v -0.0024884 0.0108903 0.00235714 
v -0.00221896 0.0108903 0.00261237 
v -0.00192351 0.0108903 0.00283696 
v -0.0016055 0.0108903 0.0030283 
v -0.00126868 0.0108903 0.00318414 
v -0.000916973 0.0108903 0.00330264 
v -0.00055452 0.0108903 0.00338242 
v -0.000185565 0.0108903 0.00342255 
v 0.000185565 0.0108903 0.00342255 
v 0.00055452 0.0108903 0.00338242 
v 0.000916973 0.0108903 0.00330264 
v 0.00126868 0.0108903 0.00318414 
v 0.0016055 0.0108903 0.0030283 
v 0.00192351 0.0108903 0.00283696 
v 0.00221896 0.0108903 0.00261237 
v 0.0024884 0.0108903 0.00235714 
v 0.00272867 0.0108903 0.00207428 
v 0.00293694 0.0108903 0.0017671 
v 0.00311078 0.0108903 0.0014392 
v 0.00324815 0.0108903 0.00109443 
v 0.00334744 0.0108903 0.000736827 
v 0.00340748 0.0108903 0.000370586 
v 0.00342757 0.0108903 -7.13507e-19 
v 0.00340748 0.0108903 -0.000370586 
v 0.00334744 0.0108903 -0.000736827 
v 0.00324815 0.0108903 -0.00109443 
v 0.00311078 0.0108903 -0.0014392 
v 0.00293694 0.0108903 -0.0017671 
v 0.00272867 0.0108903 -0.00207428 
v 0.0024884 0.0108903 -0.00235714 
v 0.00221896 0.0108903 -0.00261237 
v 0.00192351 0.0108903 -0.00283696 
v 0.0016055 0.0108903 -0.0030283 
v 0.00126868 0.0108903 -0.00318414 
v 0.000916973 0.0108903 -0.00330264 
v 0.00055452 0.0108903 -0.00338242 
v 0.000185565 0.0108903 -0.00342255 
v -0.000185565 0.0108903 -0.00342255 
v -0.00055452 0.0108903 -0.00338242 
v -0.000916973 0.0108903 -0.00330264 
v -0.00126868 0.0108903 -0.00318414 
v -0.0016055 0.0108903 -0.0030283 
v -0.00192351 0.0108903 -0.00283696 
v -0.00221896 0.0108903 -0.00261237 
v -0.0024884 0.0108903 -0.00235714 
v -0.00272867 0.0108903 -0.00207428 
v -0.00293694 0.0108903 -0.0017671 
v -0.00311078 0.0108903 -0.0014392 
v -0.00324815 0.0108903 -0.00109443 
v -0.00334744 0.0108903 -0.000736827 
v -0.00340748 0.0108903 -0.000370586 
v -0.00301561 0.0112382 0 
v -0.00299793 0.0112382 0.000326045 
v -0.00294511 0.0112382 0.000648267 
v -0.00285775 0.0112382 0.000962888 
v -0.00273689 0.0112382 0.00126622 
v -0.00258395 0.0112382 0.00155471 
v -0.0024007 0.0112382 0.00182497 
v -0.00218932 0.0112382 0.00207383 
v -0.00195226 0.0112382 0.00229838 
v -0.00169232 0.0112382 0.00249599 
v -0.00141254 0.0112382 0.00266433 
v -0.00111619 0.0112382 0.00280143 
v -0.000806761 0.0112382 0.00290569 
v -0.000487871 0.0112382 0.00297588 
v -0.000163262 0.0112382 0.00301119 
v 0.000163262 0.0112382 0.00301119 
v 0.000487871 0.0112382 0.00297588 
v 0.000806761 0.0112382 0.00290569 
v 0.00111619 0.0112382 0.00280143 
v 0.00141254 0.0112382 0.00266433 
v 0.00169232 0.0112382 0.00249599 
v 0.00195226 0.0112382 0.00229838 
v 0.00218932 0.0112382 0.00207383 
v 0.0024007 0.0112382 0.00182497 
v 0.00258395 0.0112382 0.00155471 
v 0.00273689 0.0112382 0.00126622 
v 0.00285775 0.0112382 0.000962888 
v 0.00294511 0.0112382 0.000648267 
v 0.00299793 0.0112382 0.000326045 
v 0.00301561 0.0112382 -6.2775e-19 
v 0.00299793 0.0112382 -0.000326045 
v 0.00294511 0.0112382 -0.000648267 
v 0.00285775 0.0112382 -0.000962888 
v 0.00273689 0.0112382 -0.00126622 
v 0.00258395 0.0112382 -0.00155471 
v 0.0024007 0.0112382 -0.00182497 
v 0.00218932 0.0112382 -0.00207383 
v 0.00195226 0.0112382 -0.00229838 
v 0.00169232 0.0112382 -0.00249599 
v 0.00141254 0.0112382 -0.00266433 
v 0.00111619 0.0112382 -0.00280143 
v 0.000806761 0.0112382 -0.00290569 
v 0.000487871 0.0112382 -0.00297588 
v 0.000163262 0.0112382 -0.00301119 
v -0.000163262 0.0112382 -0.00301119 
v -0.000487871 0.0112382 -0.00297588 
v -0.000806761 0.0112382 -0.00290569 
v -0.00111619 0.0112382 -0.00280143 
v -0.00141254 0.0112382 -0.00266433 
v -0.00169232 0.0112382 -0.00249599 
v -0.00195226 0.0112382 -0.00229838 
v -0.00218932 0.0112382 -0.00207383 
v -0.0024007 0.0112382 -0.00182497 
v -0.00258395 0.0112382 -0.00155471 
v -0.00273689 0.0112382 -0.00126622 
v -0.00285775 0.0112382 -0.000962888 
v -0.00294511 0.0112382 -0.000648267 
v -0.00299793 0.0112382 -0.000326045 
v -0.00256857 0.0115398 0 
v -0.00255351 0.0115398 0.000277711 
v -0.00250852 0.0115398 0.000552166 
v -0.00243411 0.0115398 0.000820147 
v -0.00233117 0.0115398 0.00107851 
v -0.0022009 0.0115398 0.00132423 
v -0.00204482 0.0115398 0.00155443 
v -0.00186477 0.0115398 0.0017664 
v -0.00166286 0.0115398 0.00195766 
v -0.00144145 0.0115398 0.00212597 
v -0.00120314 0.0115398 0.00226936 
v -0.000950725 0.0115398 0.00238614 
v -0.000687165 0.0115398 0.00247494 
v -0.000415548 0.0115398 0.00253473 
v -0.000139059 0.0115398 0.0025648 
v 0.000139059 0.0115398 0.0025648 
v 0.000415548 0.0115398 0.00253473 
v 0.000687165 0.0115398 0.00247494 
v 0.000950725 0.0115398 0.00238614 
v 0.00120314 0.0115398 0.00226936 
v 0.00144145 0.0115398 0.00212597 
v 0.00166286 0.0115398 0.00195766 
v 0.00186477 0.0115398 0.0017664 
v 0.00204482 0.0115398 0.00155443 
v 0.0022009 0.0115398 0.00132423 
v 0.00233117 0.0115398 0.00107851 
v 0.00243411 0.0115398 0.000820147 
v 0.00250852 0.0115398 0.000552166 
v 0.00255351 0.0115398 0.000277711 
v 0.00256857 0.0115398 -5.3469e-19 
v 0.00255351 0.0115398 -0.000277711 
v 0.00250852 0.0115398 -0.000552166 
v 0.00243411 0.0115398 -0.000820147 
v 0.00233117 0.0115398 -0.00107851 
v 0.0022009 0.0115398 -0.00132423 
v 0.00204482 0.0115398 -0.00155443 
v 0.00186477 0.0115398 -0.0017664 
v 0.00166286 0.0115398 -0.00195766 
v 0.00144145 0.0115398 -0.00212597 
v 0.00120314 0.0115398 -0.00226936 
v 0.000950725 0.0115398 -0.00238614 
v 0.000687165 0.0115398 -0.00247494 
v 0.000415548 0.0115398 -0.00253473 
v 0.000139059 0.0115398 -0.0025648 
v -0.000139059 0.0115398 -0.0025648 
v -0.000415548 0.0115398 -0.00253473 
v -0.000687165 0.0115398 -0.00247494 
v -0.000950725 0.0115398 -0.00238614 
v -0.00120314 0.0115398 -0.00226936 
v -0.00144145 0.0115398 -0.00212597 
v -0.00166286 0.0115398 -0.00195766 
v -0.00186477 0.0115398 -0.0017664 
v -0.00204482 0.0115398 -0.00155443 
v -0.0022009 0.0115398 -0.00132423 
v -0.00233117 0.0115398 -0.00107851 
v -0.00243411 0.0115398 -0.000820147 
v -0.00250852 0.0115398 -0.000552166 
v -0.00255351 0.0115398 -0.000277711 
v -0.00209165 0.0117915 0 
v -0.00207939 0.0117915 0.000226147 
v -0.00204275 0.0117915 0.000449643 
v -0.00198216 0.0117915 0.000667867 
v -0.00189833 0.0117915 0.000878261 
v -0.00179225 0.0117915 0.00107836 
v -0.00166515 0.0117915 0.00126581 
v -0.00151853 0.0117915 0.00143843 
v -0.00135411 0.0117915 0.00159418 
v -0.00117381 0.0117915 0.00173124 
v -0.000979747 0.0117915 0.001848 
v -0.000774199 0.0117915 0.00194309 
v -0.000559576 0.0117915 0.00201541 
v -0.000338391 0.0117915 0.0020641 
v -0.00011324 0.0117915 0.00208858 
v 0.00011324 0.0117915 0.00208858 
v 0.000338391 0.0117915 0.0020641 
v 0.000559576 0.0117915 0.00201541 
v 0.000774199 0.0117915 0.00194309 
v 0.000979747 0.0117915 0.001848 
v 0.00117381 0.0117915 0.00173124 
v 0.00135411 0.0117915 0.00159418 
v 0.00151853 0.0117915 0.00143843 
v 0.00166515 0.0117915 0.00126581 
v 0.00179225 0.0117915 0.00107836 
v 0.00189833 0.0117915 0.000878261 
v 0.00198216 0.0117915 0.000667867 
v 0.00204275 0.0117915 0.000449643 
v 0.00207939 0.0117915 0.000226147 
v 0.00209165 0.0117915 -4.35412e-19 
v 0.00207939 0.0117915 -0.000226147 
v 0.00204275 0.0117915 -0.000449643 
v 0.00198216 0.0117915 -0.000667867 
v 0.00189833 0.0117915 -0.000878261 
v 0.00179225 0.0117915 -0.00107836 
v 0.00166515 0.0117915 -0.00126581 
v 0.00151853 0.0117915 -0.00143843 
v 0.00135411 0.0117915 -0.00159418 
v 0.00117381 0.0117915 -0.00173124 
v 0.000979747 0.0117915 -0.001848 
v 0.000774199 0.0117915 -0.00194309 
v 0.000559576 0.0117915 -0.00201541 
v 0.000338391 0.0117915 -0.0020641 
v 0.00011324 0.0117915 -0.00208858 
v -0.00011324 0.0117915 -0.00208858 
v -0.000338391 0.0117915 -0.0020641 
v -0.000559576 0.0117915 -0.00201541 
v -0.000774199 0.0117915 -0.00194309 
v -0.000979747 0.0117915 -0.001848 
v -0.00117381 0.0117915 -0.00173124 
v -0.00135411 0.0117915 -0.00159418 
v -0.00151853 0.0117915 -0.00143843 
v -0.00166515 0.0117915 -0.00126581 
v -0.00179225 0.0117915 -0.00107836 
v -0.00189833 0.0117915 -0.000878261 
v -0.00198216 0.0117915 -0.000667867 
v -0.00204275 0.0117915 -0.000449643 
v -0.00207939 0.0117915 -0.000226147 
v -0.0015904 0.0119903 0 
v -0.00158108 0.0119903 0.000171953 
v -0.00155322 0.0119903 0.00034189 
v -0.00150715 0.0119903 0.000507818 
v -0.00144341 0.0119903 0.000667793 
v -0.00136275 0.0119903 0.000819939 
v -0.00126611 0.0119903 0.000962471 
v -0.00115463 0.0119903 0.00109372 
v -0.00102961 0.0119903 0.00121215 
v -0.000892514 0.0119903 0.00131636 
v -0.000744959 0.0119903 0.00140514 
v -0.000588669 0.0119903 0.00147745 
v -0.000425478 0.0119903 0.00153243 
v -0.000257299 0.0119903 0.00156945 
v -8.61027e-05 0.0119903 0.00158807 
v 8.61027e-05 0.0119903 0.00158807 
v 0.000257299 0.0119903 0.00156945 
v 0.000425478 0.0119903 0.00153243 
v 0.000588669 0.0119903 0.00147745 
v 0.000744959 0.0119903 0.00140514 
v 0.000892514 0.0119903 0.00131636 
v 0.00102961 0.0119903 0.00121215 
v 0.00115463 0.0119903 0.00109372 
v 0.00126611 0.0119903 0.000962471 
v 0.00136275 0.0119903 0.000819939 
v 0.00144341 0.0119903 0.000667793 
v 0.00150715 0.0119903 0.000507818 
v 0.00155322 0.0119903 0.00034189 
v 0.00158108 0.0119903 0.000171953 
v 0.0015904 0.0119903 -3.31069e-19 
v 0.00158108 0.0119903 -0.000171953 
v 0.00155322 0.0119903 -0.00034189 
v 0.00150715 0.0119903 -0.000507818 
v 0.00144341 0.0119903 -0.000667793 
v 0.00136275 0.0119903 -0.000819939 
v 0.00126611 0.0119903 -0.000962471 
v 0.00115463 0.0119903 -0.00109372 
v 0.00102961 0.0119903 -0.00121215 
v 0.000892514 0.0119903 -0.00131636 
v 0.000744959 0.0119903 -0.00140514 
v 0.000588669 0.0119903 -0.00147745 
v 0.000425478 0.0119903 -0.00153243 
v 0.000257299 0.0119903 -0.00156945 
v 8.61027e-05 0.0119903 -0.00158807 
v -8.61027e-05 0.0119903 -0.00158807 
v -0.000257299 0.0119903 -0.00156945 
v -0.000425478 0.0119903 -0.00153243 
v -0.000588669 0.0119903 -0.00147745 
v -0.000744959 0.0119903 -0.00140514 
v -0.000892514 0.0119903 -0.00131636 
v -0.00102961 0.0119903 -0.00121215 
v -0.00115463 0.0119903 -0.00109372 
v -0.00126611 0.0119903 -0.000962471 
v -0.00136275 0.0119903 -0.000819939 
v -0.00144341 0.0119903 -0.000667793 
v -0.00150715 0.0119903 -0.000507818 
v -0.00155322 0.0119903 -0.00034189 
v -0.00158108 0.0119903 -0.000171953 
v -0.00107066 0.012134 0 
v -0.00106438 0.012134 0.000115759 
v -0.00104563 0.012134 0.00023016 
v -0.00101461 0.012134 0.000341863 
v -0.000971704 0.012134 0.000449558 
v -0.000917402 0.012134 0.000551982 
v -0.000852344 0.012134 0.000647935 
v -0.000777294 0.012134 0.000736292 
v -0.00069313 0.012134 0.000816016 
v -0.00060084 0.012134 0.000886173 
v -0.000501506 0.012134 0.00094594 
v -0.000396292 0.012134 0.000994617 
v -0.000286432 0.012134 0.00103163 
v -0.000173213 0.012134 0.00105655 
v -5.79643e-05 0.012134 0.00106909 
v 5.79643e-05 0.012134 0.00106909 
v 0.000173213 0.012134 0.00105655 
v 0.000286432 0.012134 0.00103163 
v 0.000396292 0.012134 0.000994617 
v 0.000501506 0.012134 0.00094594 
v 0.00060084 0.012134 0.000886173 
v 0.00069313 0.012134 0.000816016 
v 0.000777294 0.012134 0.000736292 
v 0.000852344 0.012134 0.000647935 
v 0.000917402 0.012134 0.000551982 
v 0.000971704 0.012134 0.000449558 
v 0.00101461 0.012134 0.000341863 
v 0.00104563 0.012134 0.00023016 
v 0.00106438 0.012134 0.000115759 
v 0.00107066 0.012134 -2.22876e-19 
v 0.00106438 0.012134 -0.000115759 
v 0.00104563 0.012134 -0.00023016 
v 0.00101461 0.012134 -0.000341863 
v 0.000971704 0.012134 -0.000449558 
v 0.000917402 0.012134 -0.000551982 
v 0.000852344 0.012134 -0.000647935 
v 0.000777294 0.012134 -0.000736292 
v 0.00069313 0.012134 -0.000816016 
v 0.00060084 0.012134 -0.000886173 
v 0.000501506 0.012134 -0.00094594 
v 0.000396292 0.012134 -0.000994617 
v 0.000286432 0.012134 -0.00103163 
v 0.000173213 0.012134 -0.00105655 
v 5.79643e-05 0.012134 -0.00106909 
v -5.79643e-05 0.012134 -0.00106909 
v -0.000173213 0.012134 -0.00105655 
v -0.000286432 0.012134 -0.00103163 
v -0.000396292 0.012134 -0.000994617 
v -0.000501506 0.012134 -0.00094594 
v -0.00060084 0.012134 -0.000886173 
v -0.00069313 0.012134 -0.000816016 
v -0.000777294 0.012134 -0.000736292 
v -0.000852344 0.012134 -0.000647935 
v -0.000917402 0.012134 -0.000551982 
v -0.000971704 0.012134 -0.000449558 
v -0.00101461 0.012134 -0.000341863 
v -0.00104563 0.012134 -0.00023016 
v -0.00106438 0.012134 -0.000115759 
v -0.000538461 0.0122209 0 
v -0.000535305 0.0122209 5.82179e-05 
v -0.000525872 0.0122209 0.000115753 
v -0.000510274 0.0122209 0.000171931 
v -0.000488694 0.0122209 0.000226094 
v -0.000461384 0.0122209 0.000277606 
v -0.000428665 0.0122209 0.000325863 
v -0.00039092 0.0122209 0.000370299 
v -0.000348592 0.0122209 0.000410395 
v -0.000302177 0.0122209 0.000445678 
v -0.00025222 0.0122209 0.000475737 
v -0.000199305 0.0122209 0.000500218 
v -0.000144054 0.0122209 0.000518834 
v -8.71133e-05 0.0122209 0.000531368 
v -2.91517e-05 0.0122209 0.000537671 
v 2.91517e-05 0.0122209 0.000537671 
v 8.71133e-05 0.0122209 0.000531368 
v 0.000144054 0.0122209 0.000518834 
v 0.000199305 0.0122209 0.000500218 
v 0.00025222 0.0122209 0.000475737 
v 0.000302177 0.0122209 0.000445678 
v 0.000348592 0.0122209 0.000410395 
v 0.00039092 0.0122209 0.000370299 
v 0.000428665 0.0122209 0.000325863 
v 0.000461384 0.0122209 0.000277606 
v 0.000488694 0.0122209 0.000226094 
v 0.000510274 0.0122209 0.000171931 
v 0.000525872 0.0122209 0.000115753 
v 0.000535305 0.0122209 5.82179e-05 
v 0.000538461 0.0122209 -1.1209e-19 
v 0.000535305 0.0122209 -5.82179e-05 
v 0.000525872 0.0122209 -0.000115753 
v 0.000510274 0.0122209 -0.000171931 
v 0.000488694 0.0122209 -0.000226094 
v 0.000461384 0.0122209 -0.000277606 
v 0.000428665 0.0122209 -0.000325863 
v 0.00039092 0.0122209 -0.000370299 
v 0.000348592 0.0122209 -0.000410395 
v 0.000302177 0.0122209 -0.000445678 
v 0.00025222 0.0122209 -0.000475737 
v 0.000199305 0.0122209 -0.000500218 
v 0.000144054 0.0122209 -0.000518834 
v 8.71133e-05 0.0122209 -0.000531368 
v 2.91517e-05 0.0122209 -0.000537671 
v -2.91517e-05 0.0122209 -0.000537671 
v -8.71133e-05 0.0122209 -0.000531368 
v -0.000144054 0.0122209 -0.000518834 
v -0.000199305 0.0122209 -0.000500218 
v -0.00025222 0.0122209 -0.000475737 
v -0.000302177 0.0122209 -0.000445678 
v -0.000348592 0.0122209 -0.000410395 
v -0.00039092 0.0122209 -0.000370299 
v -0.000428665 0.0122209 -0.000325863 
v -0.000461384 0.0122209 -0.000277606 
v -0.000488694 0.0122209 -0.000226094 
v -0.000510274 0.0122209 -0.000171931 
v -0.000525872 0.0122209 -0.000115753 
v -0.000535305 0.0122209 -5.82179e-05 
v 5.51178e-18 0.01225 0 
v 0.00360813 0.0105 -0.00424781 
v 0.00312771 0.0105 -0.00461302 
v 0.00261062 0.0105 -0.00492414 
v -0.00477559 0.0105 -0.00287337 
v -0.00505826 0.0105 -0.0023402 
v -0.00528163 0.0105 -0.00177959 
v 0.00404624 0.0105 -0.00383281 
v -0.00544307 0.0105 -0.00119811 
v 0.00477559 0.0105 -0.00287337 
v 0.00443692 0.0105 -0.00337286 
v 0.00206292 0.0105 -0.00517753 
v 0.00149104 0.0105 -0.00537022 
v 0.000901672 0.0105 -0.00549995 
v 0.000301736 0.0105 -0.0055652 
v -0.000301736 0.0105 -0.0055652 
v -0.00312771 0.0105 -0.00461302 
v -0.00360813 0.0105 -0.00424781 
v -0.00404624 0.0105 -0.00383281 
v -0.0055407 0.0105 -0.000602588 
v -0.000901672 0.0105 -0.00549995 
v -0.00149104 0.0105 -0.00537022 
v -0.00206292 0.0105 -0.00517753 
v -0.00443692 0.0105 -0.00337286 
v -0.00443692 0.0105 0.00337286 
v -0.00404624 0.0105 0.00383281 
v -0.00149104 0.0105 0.00537022 
v -0.000901672 0.0105 0.00549995 
v 0.00206292 0.0105 0.00517753 
v 0.00261062 0.0105 0.00492414 
v 0.00477559 0.0105 0.00287337 
v 0.00505826 0.0105 0.0023402 
v -0.00261062 0.0105 -0.00492414 
v -0.00360813 0.0105 0.00424781 
v -0.00312771 0.0105 0.00461302 
v -0.00261062 0.0105 0.00492414 
v -0.00206292 0.0105 0.00517753 
v 0.00312771 0.0105 0.00461302 
v 0.00360813 0.0105 0.00424781 
v 0.00404624 0.0105 0.00383281 
v 0.00528163 0.0105 0.00177959 
v 0.00544307 0.0105 0.00119811 
v 0.0055407 0.0105 0.000602588 
v -0.00505826 0.0105 0.0023402 
v -0.00477559 0.0105 0.00287337 
v -0.000301736 0.0105 0.0055652 
v 0.00149104 0.0105 0.00537022 
v 0.00443692 0.0105 0.00337286 
v -0.00544307 0.0105 0.00119811 
v -0.00528163 0.0105 0.00177959 
v 0.000301736 0.0105 0.0055652 
v 0.000901672 0.0105 0.00549995 
v 0.0055407 0.0105 -0.000602588 
v 0.00544307 0.0105 -0.00119811 
v 0.00528163 0.0105 -0.00177959 
v 0.00505826 0.0105 -0.0023402 
v -0.00557337 0.0105 -1.36508e-18 
v -0.0055407 0.0105 0.000602588 
v 0.00557337 0.0105 6.82541e-19 
v -0.00975 0.0025 -2.38806e-18 
v -0.00969285 0.0025 0.00105416 
v -0.00952205 0.0025 0.00209596 
v -0.00923962 0.0025 0.00311319 
v -0.00884886 0.0025 0.00409392 
v -0.00835436 0.0025 0.00502665 
v -0.00776191 0.0025 0.00590045 
v -0.00707846 0.0025 0.00670507 
v -0.00631202 0.0025 0.00743108 
v -0.00547157 0.0025 0.00806997 
v -0.00456698 0.0025 0.00861424 
v -0.00360885 0.0025 0.00905752 
v -0.0026084 0.0025 0.00939461 
v -0.00157737 0.0025 0.00962156 
v -0.000527854 0.0025 0.0097357 
v 0.000527854 0.0025 0.0097357 
v 0.00157737 0.0025 0.00962156 
v 0.0026084 0.0025 0.00939461 
v 0.00360885 0.0025 0.00905752 
v 0.00456698 0.0025 0.00861424 
v 0.00547157 0.0025 0.00806997 
v 0.00631202 0.0025 0.00743108 
v 0.00707846 0.0025 0.00670507 
v 0.00776191 0.0025 0.00590045 
v 0.00835436 0.0025 0.00502665 
v 0.00884886 0.0025 0.00409392 
v 0.00923962 0.0025 0.00311319 
v 0.00952205 0.0025 0.00209596 
v 0.00969285 0.0025 0.00105416 
v 0.00975 0.0025 3.58209e-18 
v 0.00969285 0.0025 -0.00105416 
v 0.00952205 0.0025 -0.00209596 
v 0.00923962 0.0025 -0.00311319 
v 0.00884886 0.0025 -0.00409392 
v 0.00835436 0.0025 -0.00502665 
v 0.00776191 0.0025 -0.00590045 
v 0.00707846 0.0025 -0.00670507 
v 0.00631202 0.0025 -0.00743108 
v 0.00547157 0.0025 -0.00806997 
v 0.00456698 0.0025 -0.00861424 
v 0.00360885 0.0025 -0.00905752 
v 0.0026084 0.0025 -0.00939461 
v 0.00157737 0.0025 -0.00962156 
v 0.000527854 0.0025 -0.0097357 
v -0.000527854 0.0025 -0.0097357 
v -0.00157737 0.0025 -0.00962156 
v -0.0026084 0.0025 -0.00939461 
v -0.00360885 0.0025 -0.00905752 
v -0.00456698 0.0025 -0.00861424 
v -0.00547157 0.0025 -0.00806997 
v -0.00631202 0.0025 -0.00743108 
v -0.00707846 0.0025 -0.00670507 
v -0.00776191 0.0025 -0.00590045 
v -0.00835436 0.0025 -0.00502665 
v -0.00884886 0.0025 -0.00409392 
v -0.00923962 0.0025 -0.00311319 
v -0.00952205 0.0025 -0.00209596 
v -0.00969285 0.0025 -0.00105416 
v -0.00969432 0.00354051 0 
v -0.00963749 0.00354051 0.00104814 
v -0.00946767 0.00354051 0.00208399 
v -0.00918685 0.00354051 0.00309541 
v -0.00879833 0.00354051 0.00407054 
v -0.00830665 0.00354051 0.00499794 
v -0.00771758 0.00354051 0.00586675 
v -0.00703803 0.00354051 0.00666678 
v -0.00627597 0.00354051 0.00738864 
v -0.00544033 0.00354051 0.00802388 
v -0.0045409 0.00354051 0.00856505 
v -0.00358824 0.00354051 0.0090058 
v -0.00259351 0.00354051 0.00934096 
v -0.00156837 0.00354051 0.00956661 
v -0.00052484 0.00354051 0.0096801 
v 0.00052484 0.00354051 0.0096801 
v 0.00156837 0.00354051 0.00956661 
v 0.00259351 0.00354051 0.00934096 
v 0.00358824 0.00354051 0.0090058 
v 0.0045409 0.00354051 0.00856505 
v 0.00544033 0.00354051 0.00802388 
v 0.00627597 0.00354051 0.00738864 
v 0.00703803 0.00354051 0.00666678 
v 0.00771758 0.00354051 0.00586675 
v 0.00830665 0.00354051 0.00499794 
v 0.00879833 0.00354051 0.00407054 
v 0.00918685 0.00354051 0.00309541 
v 0.00946767 0.00354051 0.00208399 
v 0.00963749 0.00354051 0.00104814 
v 0.00969432 0.00354051 -2.01804e-18 
v 0.00963749 0.00354051 -0.00104814 
v 0.00946767 0.00354051 -0.00208399 
v 0.00918685 0.00354051 -0.00309541 
v 0.00879833 0.00354051 -0.00407054 
v 0.00830665 0.00354051 -0.00499794 
v 0.00771758 0.00354051 -0.00586675 
v 0.00703803 0.00354051 -0.00666678 
v 0.00627597 0.00354051 -0.00738864 
v 0.00544033 0.00354051 -0.00802388 
v 0.0045409 0.00354051 -0.00856505 
v 0.00358824 0.00354051 -0.0090058 
v 0.00259351 0.00354051 -0.00934096 
v 0.00156837 0.00354051 -0.00956661 
v 0.00052484 0.00354051 -0.0096801 
v -0.00052484 0.00354051 -0.0096801 
v -0.00156837 0.00354051 -0.00956661 
v -0.00259351 0.00354051 -0.00934096 
v -0.00358824 0.00354051 -0.0090058 
v -0.0045409 0.00354051 -0.00856505 
v -0.00544033 0.00354051 -0.00802388 
v -0.00627597 0.00354051 -0.00738864 
v -0.00703803 0.00354051 -0.00666678 
v -0.00771758 0.00354051 -0.00586675 
v -0.00830665 0.00354051 -0.00499794 
v -0.00879833 0.00354051 -0.00407054 
v -0.00918685 0.00354051 -0.00309541 
v -0.00946767 0.00354051 -0.00208399 
v -0.00963749 0.00354051 -0.00104814 
v -0.00952791 0.00456914 0 
v -0.00947206 0.00456914 0.00103015 
v -0.00930516 0.00456914 0.00204822 
v -0.00902916 0.00456914 0.00304228 
v -0.0086473 0.00456914 0.00400067 
v -0.00816406 0.00456914 0.00491215 
v -0.00758511 0.00456914 0.00576605 
v -0.00691722 0.00456914 0.00655234 
v -0.00616824 0.00456914 0.00726181 
v -0.00534694 0.00456914 0.00788615 
v -0.00446296 0.00456914 0.00841803 
v -0.00352664 0.00456914 0.00885121 
v -0.00254899 0.00456914 0.00918062 
v -0.00154144 0.00456914 0.0094024 
v -0.000515831 0.00456914 0.00951394 
v 0.000515831 0.00456914 0.00951394 
v 0.00154144 0.00456914 0.0094024 
v 0.00254899 0.00456914 0.00918062 
v 0.00352664 0.00456914 0.00885121 
v 0.00446296 0.00456914 0.00841803 
v 0.00534694 0.00456914 0.00788615 
v 0.00616824 0.00456914 0.00726181 
v 0.00691722 0.00456914 0.00655234 
v 0.00758511 0.00456914 0.00576605 
v 0.00816406 0.00456914 0.00491215 
v 0.0086473 0.00456914 0.00400067 
v 0.00902916 0.00456914 0.00304228 
v 0.00930516 0.00456914 0.00204822 
v 0.00947206 0.00456914 0.00103015 
v 0.00952791 0.00456914 -1.9834e-18 
v 0.00947206 0.00456914 -0.00103015 
v 0.00930516 0.00456914 -0.00204822 
v 0.00902916 0.00456914 -0.00304228 
v 0.0086473 0.00456914 -0.00400067 
v 0.00816406 0.00456914 -0.00491215 
v 0.00758511 0.00456914 -0.00576605 
v 0.00691722 0.00456914 -0.00655234 
v 0.00616824 0.00456914 -0.00726181 
v 0.00534694 0.00456914 -0.00788615 
v 0.00446296 0.00456914 -0.00841803 
v 0.00352664 0.00456914 -0.00885121 
v 0.00254899 0.00456914 -0.00918062 
v 0.00154144 0.00456914 -0.0094024 
v 0.000515831 0.00456914 -0.00951394 
v -0.000515831 0.00456914 -0.00951394 
v -0.00154144 0.00456914 -0.0094024 
v -0.00254899 0.00456914 -0.00918062 
v -0.00352664 0.00456914 -0.00885121 
v -0.00446296 0.00456914 -0.00841803 
v -0.00534694 0.00456914 -0.00788615 
v -0.00616824 0.00456914 -0.00726181 
v -0.00691722 0.00456914 -0.00655234 
v -0.00758511 0.00456914 -0.00576605 
v -0.00816406 0.00456914 -0.00491215 
v -0.0086473 0.00456914 -0.00400067 
v -0.00902916 0.00456914 -0.00304228 
v -0.00930516 0.00456914 -0.00204822 
v -0.00947206 0.00456914 -0.00103015 
v -0.00925268 0.00557414 0 
v -0.00919844 0.00557414 0.00100039 
v -0.00903636 0.00557414 0.00198905 
v -0.00876833 0.00557414 0.0029544 
v -0.00839751 0.00557414 0.0038851 
v -0.00792823 0.00557414 0.00477026 
v -0.007366 0.00557414 0.00559949 
v -0.00671741 0.00557414 0.00636307 
v -0.00599006 0.00557414 0.00705204 
v -0.00519249 0.00557414 0.00765834 
v -0.00433404 0.00557414 0.00817486 
v -0.00342477 0.00557414 0.00859553 
v -0.00247536 0.00557414 0.00891542 
v -0.00149692 0.00557414 0.00913079 
v -0.00050093 0.00557414 0.00923911 
v 0.00050093 0.00557414 0.00923911 
v 0.00149692 0.00557414 0.00913079 
v 0.00247536 0.00557414 0.00891542 
v 0.00342477 0.00557414 0.00859553 
v 0.00433404 0.00557414 0.00817486 
v 0.00519249 0.00557414 0.00765834 
v 0.00599006 0.00557414 0.00705204 
v 0.00671741 0.00557414 0.00636307 
v 0.007366 0.00557414 0.00559949 
v 0.00792823 0.00557414 0.00477026 
v 0.00839751 0.00557414 0.0038851 
v 0.00876833 0.00557414 0.0029544 
v 0.00903636 0.00557414 0.00198905 
v 0.00919844 0.00557414 0.00100039 
v 0.00925268 0.00557414 -1.9261e-18 
v 0.00919844 0.00557414 -0.00100039 
v 0.00903636 0.00557414 -0.00198905 
v 0.00876833 0.00557414 -0.0029544 
v 0.00839751 0.00557414 -0.0038851 
v 0.00792823 0.00557414 -0.00477026 
v 0.007366 0.00557414 -0.00559949 
v 0.00671741 0.00557414 -0.00636307 
v 0.00599006 0.00557414 -0.00705204 
v 0.00519249 0.00557414 -0.00765834 
v 0.00433404 0.00557414 -0.00817486 
v 0.00342477 0.00557414 -0.00859553 
v 0.00247536 0.00557414 -0.00891542 
v 0.00149692 0.00557414 -0.00913079 
v 0.00050093 0.00557414 -0.00923911 
v -0.00050093 0.00557414 -0.00923911 
v -0.00149692 0.00557414 -0.00913079 
v -0.00247536 0.00557414 -0.00891542 
v -0.00342477 0.00557414 -0.00859553 
v -0.00433404 0.00557414 -0.00817486 
v -0.00519249 0.00557414 -0.00765834 
v -0.00599006 0.00557414 -0.00705204 
v -0.00671741 0.00557414 -0.00636307 
v -0.007366 0.00557414 -0.00559949 
v -0.00792823 0.00557414 -0.00477026 
v -0.00839751 0.00557414 -0.0038851 
v -0.00876833 0.00557414 -0.0029544 
v -0.00903636 0.00557414 -0.00198905 
v -0.00919844 0.00557414 -0.00100039 
v -0.00887177 0.00654403 0 
v -0.00881977 0.00654403 0.000959207 
v -0.00866436 0.00654403 0.00190717 
v -0.00840736 0.00654403 0.00283277 
v -0.0080518 0.00654403 0.00372516 
v -0.00760184 0.00654403 0.00457388 
v -0.00706276 0.00654403 0.00536897 
v -0.00644087 0.00654403 0.00610111 
v -0.00574346 0.00654403 0.00676173 
v -0.00497872 0.00654403 0.00734307 
v -0.00415561 0.00654403 0.00783832 
v -0.00328378 0.00654403 0.00824167 
v -0.00237345 0.00654403 0.0085484 
v -0.00143529 0.00654403 0.0087549 
v -0.000480308 0.00654403 0.00885876 
v 0.000480308 0.00654403 0.00885876 
v 0.00143529 0.00654403 0.0087549 
v 0.00237345 0.00654403 0.0085484 
v 0.00328378 0.00654403 0.00824167 
v 0.00415561 0.00654403 0.00783832 
v 0.00497872 0.00654403 0.00734307 
v 0.00574346 0.00654403 0.00676173 
v 0.00644087 0.00654403 0.00610111 
v 0.00706276 0.00654403 0.00536897 
v 0.00760184 0.00654403 0.00457388 
v 0.0080518 0.00654403 0.00372516 
v 0.00840736 0.00654403 0.00283277 
v 0.00866436 0.00654403 0.00190717 
v 0.00881977 0.00654403 0.000959207 
v 0.00887177 0.00654403 -1.84681e-18 
v 0.00881977 0.00654403 -0.000959207 
v 0.00866436 0.00654403 -0.00190717 
v 0.00840736 0.00654403 -0.00283277 
v 0.0080518 0.00654403 -0.00372516 
v 0.00760184 0.00654403 -0.00457388 
v 0.00706276 0.00654403 -0.00536897 
v 0.00644087 0.00654403 -0.00610111 
v 0.00574346 0.00654403 -0.00676173 
v 0.00497872 0.00654403 -0.00734307 
v 0.00415561 0.00654403 -0.00783832 
v 0.00328378 0.00654403 -0.00824167 
v 0.00237345 0.00654403 -0.0085484 
v 0.00143529 0.00654403 -0.0087549 
v 0.000480308 0.00654403 -0.00885876 
v -0.000480308 0.00654403 -0.00885876 
v -0.00143529 0.00654403 -0.0087549 
v -0.00237345 0.00654403 -0.0085484 
v -0.00328378 0.00654403 -0.00824167 
v -0.00415561 0.00654403 -0.00783832 
v -0.00497872 0.00654403 -0.00734307 
v -0.00574346 0.00654403 -0.00676173 
v -0.00644087 0.00654403 -0.00610111 
v -0.00706276 0.00654403 -0.00536897 
v -0.00760184 0.00654403 -0.00457388 
v -0.0080518 0.00654403 -0.00372516 
v -0.00840736 0.00654403 -0.00283277 
v -0.00866436 0.00654403 -0.00190717 
v -0.00881977 0.00654403 -0.000959207 
v -0.00838953 0.00746772 0 
v -0.00834035 0.00746772 0.000907068 
v -0.00819339 0.00746772 0.0018035 
v -0.00795037 0.00746772 0.00267879 
v -0.00761413 0.00746772 0.00352267 
v -0.00718863 0.00746772 0.00432525 
v -0.00667885 0.00746772 0.00507713 
v -0.00609076 0.00746772 0.00576948 
v -0.00543127 0.00746772 0.00639418 
v -0.0047081 0.00746772 0.00694392 
v -0.00392973 0.00746772 0.00741225 
v -0.00310529 0.00746772 0.00779368 
v -0.00224444 0.00746772 0.00808373 
v -0.00135728 0.00746772 0.00827901 
v -0.0004542 0.00746772 0.00837723 
v 0.0004542 0.00746772 0.00837723 
v 0.00135728 0.00746772 0.00827901 
v 0.00224444 0.00746772 0.00808373 
v 0.00310529 0.00746772 0.00779368 
v 0.00392973 0.00746772 0.00741225 
v 0.0047081 0.00746772 0.00694392 
v 0.00543127 0.00746772 0.00639418 
v 0.00609076 0.00746772 0.00576948 
v 0.00667885 0.00746772 0.00507713 
v 0.00718863 0.00746772 0.00432525 
v 0.00761413 0.00746772 0.00352267 
v 0.00795037 0.00746772 0.00267879 
v 0.00819339 0.00746772 0.0018035 
v 0.00834035 0.00746772 0.000907068 
v 0.00838953 0.00746772 -1.74642e-18 
v 0.00834035 0.00746772 -0.000907068 
v 0.00819339 0.00746772 -0.0018035 
v 0.00795037 0.00746772 -0.00267879 
v 0.00761413 0.00746772 -0.00352267 
v 0.00718863 0.00746772 -0.00432525 
v 0.00667885 0.00746772 -0.00507713 
v 0.00609076 0.00746772 -0.00576948 
v 0.00543127 0.00746772 -0.00639418 
v 0.0047081 0.00746772 -0.00694392 
v 0.00392973 0.00746772 -0.00741225 
v 0.00310529 0.00746772 -0.00779368 
v 0.00224444 0.00746772 -0.00808373 
v 0.00135728 0.00746772 -0.00827901 
v 0.0004542 0.00746772 -0.00837723 
v -0.0004542 0.00746772 -0.00837723 
v -0.00135728 0.00746772 -0.00827901 
v -0.00224444 0.00746772 -0.00808373 
v -0.00310529 0.00746772 -0.00779368 
v -0.00392973 0.00746772 -0.00741225 
v -0.0047081 0.00746772 -0.00694392 
v -0.00543127 0.00746772 -0.00639418 
v -0.00609076 0.00746772 -0.00576948 
v -0.00667885 0.00746772 -0.00507713 
v -0.00718863 0.00746772 -0.00432525 
v -0.00761413 0.00746772 -0.00352267 
v -0.00795037 0.00746772 -0.00267879 
v -0.00819339 0.00746772 -0.0018035 
v -0.00834035 0.00746772 -0.000907068 
v -0.00781147 0.00833468 0 
v -0.00776568 0.00833468 0.000844568 
v -0.00762884 0.00833468 0.00167923 
v -0.00740256 0.00833468 0.00249421 
v -0.0070895 0.00833468 0.00327995 
v -0.00669331 0.00833468 0.00402723 
v -0.00621865 0.00833468 0.0047273 
v -0.00567109 0.00833468 0.00537194 
v -0.00505704 0.00833468 0.0059536 
v -0.00438369 0.00833468 0.00646547 
v -0.00365896 0.00833468 0.00690153 
v -0.00289132 0.00833468 0.00725667 
v -0.00208979 0.00833468 0.00752674 
v -0.00126375 0.00833468 0.00770856 
v -0.000422904 0.00833468 0.00780001 
v 0.000422904 0.00833468 0.00780001 
v 0.00126375 0.00833468 0.00770856 
v 0.00208979 0.00833468 0.00752674 
v 0.00289132 0.00833468 0.00725667 
v 0.00365896 0.00833468 0.00690153 
v 0.00438369 0.00833468 0.00646547 
v 0.00505704 0.00833468 0.0059536 
v 0.00567109 0.00833468 0.00537194 
v 0.00621865 0.00833468 0.0047273 
v 0.00669331 0.00833468 0.00402723 
v 0.0070895 0.00833468 0.00327995 
v 0.00740256 0.00833468 0.00249421 
v 0.00762884 0.00833468 0.00167923 
v 0.00776568 0.00833468 0.000844568 
v 0.00781147 0.00833468 -1.62609e-18 
v 0.00776568 0.00833468 -0.000844568 
v 0.00762884 0.00833468 -0.00167923 
v 0.00740256 0.00833468 -0.00249421 
v 0.0070895 0.00833468 -0.00327995 
v 0.00669331 0.00833468 -0.00402723 
v 0.00621865 0.00833468 -0.0047273 
v 0.00567109 0.00833468 -0.00537194 
v 0.00505704 0.00833468 -0.0059536 
v 0.00438369 0.00833468 -0.00646547 
v 0.00365896 0.00833468 -0.00690153 
v 0.00289132 0.00833468 -0.00725667 
v 0.00208979 0.00833468 -0.00752674 
v 0.00126375 0.00833468 -0.00770856 
v 0.000422904 0.00833468 -0.00780001 
v -0.000422904 0.00833468 -0.00780001 
v -0.00126375 0.00833468 -0.00770856 
v -0.00208979 0.00833468 -0.00752674 
v -0.00289132 0.00833468 -0.00725667 
v -0.00365896 0.00833468 -0.00690153 
v -0.00438369 0.00833468 -0.00646547 
v -0.00505704 0.00833468 -0.0059536 
v -0.00567109 0.00833468 -0.00537194 
v -0.00621865 0.00833468 -0.0047273 
v -0.00669331 0.00833468 -0.00402723 
v -0.0070895 0.00833468 -0.00327995 
v -0.00740256 0.00833468 -0.00249421 
v -0.00762884 0.00833468 -0.00167923 
v -0.00776568 0.00833468 -0.000844568 
v -0.00714418 0.00913499 0 
v -0.0071023 0.00913499 0.000772422 
v -0.00697716 0.00913499 0.00153579 
v -0.00677021 0.00913499 0.00228115 
v -0.00648389 0.00913499 0.00299976 
v -0.00612154 0.00913499 0.00368321 
v -0.00568743 0.00913499 0.00432348 
v -0.00518664 0.00913499 0.00491305 
v -0.00462505 0.00913499 0.00544503 
v -0.00400922 0.00913499 0.00591316 
v -0.0033464 0.00913499 0.00631197 
v -0.00264433 0.00913499 0.00663678 
v -0.00191127 0.00913499 0.00688378 
v -0.0011558 0.00913499 0.00705007 
v -0.000386778 0.00913499 0.00713371 
v 0.000386778 0.00913499 0.00713371 
v 0.0011558 0.00913499 0.00705007 
v 0.00191127 0.00913499 0.00688378 
v 0.00264433 0.00913499 0.00663678 
v 0.0033464 0.00913499 0.00631197 
v 0.00400922 0.00913499 0.00591316 
v 0.00462505 0.00913499 0.00544503 
v 0.00518664 0.00913499 0.00491305 
v 0.00568743 0.00913499 0.00432348 
v 0.00612154 0.00913499 0.00368321 
v 0.00648389 0.00913499 0.00299976 
v 0.00677021 0.00913499 0.00228115 
v 0.00697716 0.00913499 0.00153579 
v 0.0071023 0.00913499 0.000772422 
v 0.00714418 0.00913499 -1.48718e-18 
v 0.0071023 0.00913499 -0.000772422 
v 0.00697716 0.00913499 -0.00153579 
v 0.00677021 0.00913499 -0.00228115 
v 0.00648389 0.00913499 -0.00299976 
v 0.00612154 0.00913499 -0.00368321 
v 0.00568743 0.00913499 -0.00432348 
v 0.00518664 0.00913499 -0.00491305 
v 0.00462505 0.00913499 -0.00544503 
v 0.00400922 0.00913499 -0.00591316 
v 0.0033464 0.00913499 -0.00631197 
v 0.00264433 0.00913499 -0.00663678 
v 0.00191127 0.00913499 -0.00688378 
v 0.0011558 0.00913499 -0.00705007 
v 0.000386778 0.00913499 -0.00713371 
v -0.000386778 0.00913499 -0.00713371 
v -0.0011558 0.00913499 -0.00705007 
v -0.00191127 0.00913499 -0.00688378 
v -0.00264433 0.00913499 -0.00663678 
v -0.0033464 0.00913499 -0.00631197 
v -0.00400922 0.00913499 -0.00591316 
v -0.00462505 0.00913499 -0.00544503 
v -0.00518664 0.00913499 -0.00491305 
v -0.00568743 0.00913499 -0.00432348 
v -0.00612154 0.00913499 -0.00368321 
v -0.00648389 0.00913499 -0.00299976 
v -0.00677021 0.00913499 -0.00228115 
v -0.00697716 0.00913499 -0.00153579 
v -0.0071023 0.00913499 -0.000772422 
v -0.0063953 0.00985953 0 
v -0.00635781 0.00985953 0.000691454 
v -0.00624578 0.00985953 0.0013748 
v -0.00606053 0.00985953 0.00204203 
v -0.00580422 0.00985953 0.00268532 
v -0.00547986 0.00985953 0.00329712 
v -0.00509125 0.00985953 0.00387027 
v -0.00464296 0.00985953 0.00439805 
v -0.00414023 0.00985953 0.00487426 
v -0.00358896 0.00985953 0.00529332 
v -0.00299561 0.00985953 0.00565033 
v -0.00236714 0.00985953 0.00594109 
v -0.00171092 0.00985953 0.00616219 
v -0.00103464 0.00985953 0.00631105 
v -0.000346235 0.00985953 0.00638592 
v 0.000346235 0.00985953 0.00638592 
v 0.00103464 0.00985953 0.00631105 
v 0.00171092 0.00985953 0.00616219 
v 0.00236714 0.00985953 0.00594109 
v 0.00299561 0.00985953 0.00565033 
v 0.00358896 0.00985953 0.00529332 
v 0.00414023 0.00985953 0.00487426 
v 0.00464296 0.00985953 0.00439805 
v 0.00509125 0.00985953 0.00387027 
v 0.00547986 0.00985953 0.00329712 
v 0.00580422 0.00985953 0.00268532 
v 0.00606053 0.00985953 0.00204203 
v 0.00624578 0.00985953 0.0013748 
v 0.00635781 0.00985953 0.000691454 
v 0.0063953 0.00985953 -1.33129e-18 
v 0.00635781 0.00985953 -0.000691454 
v 0.00624578 0.00985953 -0.0013748 
v 0.00606053 0.00985953 -0.00204203 
v 0.00580422 0.00985953 -0.00268532 
v 0.00547986 0.00985953 -0.00329712 
v 0.00509125 0.00985953 -0.00387027 
v 0.00464296 0.00985953 -0.00439805 
v 0.00414023 0.00985953 -0.00487426 
v 0.00358896 0.00985953 -0.00529332 
v 0.00299561 0.00985953 -0.00565033 
v 0.00236714 0.00985953 -0.00594109 
v 0.00171092 0.00985953 -0.00616219 
v 0.00103464 0.00985953 -0.00631105 
v 0.000346235 0.00985953 -0.00638592 
v -0.000346235 0.00985953 -0.00638592 
v -0.00103464 0.00985953 -0.00631105 
v -0.00171092 0.00985953 -0.00616219 
v -0.00236714 0.00985953 -0.00594109 
v -0.00299561 0.00985953 -0.00565033 
v -0.00358896 0.00985953 -0.00529332 
v -0.00414023 0.00985953 -0.00487426 
v -0.00464296 0.00985953 -0.00439805 
v -0.00509125 0.00985953 -0.00387027 
v -0.00547986 0.00985953 -0.00329712 
v -0.00580422 0.00985953 -0.00268532 
v -0.00606053 0.00985953 -0.00204203 
v -0.00624578 0.00985953 -0.0013748 
v -0.00635781 0.00985953 -0.000691454 
v 0.0093 0.0025 -0.0138 
v -0.0093 0.0025 -0.0138 
v -0.0157052 0.0025 -0.00152432 
v -0.015548 0.0025 -0.0013754 
v 0.015548 0.0025 -0.0013754 
v 0.0157052 0.0025 -0.00152432 
v -0.0154078 0.0025 -0.00121035 
v -0.0152863 0.0025 -0.00103111 
v 0.0152863 0.0025 -0.00103111 
v 0.0154078 0.0025 -0.00121035 
v 0.0150468 0.0025 -0.000429941 
v 0.0151047 0.0025 -0.000638603 
v 0.0150117 0.0025 -0.000216238 
v -0.0160632 0.0025 -0.00176702 
v -0.0106589 0.0025 -0.0137288 
v -0.0120029 0.0025 -0.0135159 
v -0.0168917 0.0025 -0.00199707 
v -0.0169412 0.0025 -0.0113172 
v -0.0179987 0.0025 -0.0104609 
v 0.0168917 0.0025 -0.00199707 
v 0.0171083 0.0025 -0.00199707 
v 0.0179987 0.0025 -0.0104609 
v -0.0151848 0.0025 -0.000839778 
v -0.0151047 0.0025 -0.000638603 
v 0.0151848 0.0025 -0.000839778 
v -0.0162597 0.0025 -0.00185795 
v -0.0133172 0.0025 -0.0131637 
v -0.0166764 0.0025 -0.00197365 
v -0.0145876 0.0025 -0.0126761 
v -0.0158 0.0025 -0.0120583 
v -0.015548 0.0025 0.0013754 
v -0.0157052 0.0025 0.00152432 
v 0.0177403 0.0025 -0.00185795 
v 0.0179368 0.0025 -0.00176702 
v 0.0205583 0.0025 -0.0073 
v 0.0173236 0.0025 -0.00197365 
v 0.0189609 0.0025 -0.0094987 
v 0.0169412 0.0025 -0.0113172 
v 0.0160632 0.0025 -0.00176702 
v 0.0162597 0.0025 -0.00185795 
v 0.0120029 0.0025 -0.0135159 
v -0.0150468 0.0025 -0.000429941 
v 0.0158776 0.0025 -0.00165538 
v -0.0164649 0.0025 -0.0019271 
v -0.0171083 0.0025 -0.00199707 
v -0.0189609 0.0025 -0.0094987 
v -0.0177403 0.0025 -0.00185795 
v -0.0198172 0.0025 -0.00844121 
v -0.0205583 0.0025 -0.0073 
v 0.0093 0.0025 0.0138 
v 0.0157052 0.0025 0.00152432 
v -0.0093 0.0025 0.0138 
v 0.018452 0.0025 -0.0013754 
v 0.0185922 0.0025 -0.00121035 
v 0.0220159 0.0025 -0.00350285 
v 0.0198172 0.0025 -0.00844121 
v 0.0175351 0.0025 -0.0019271 
v 0.0158 0.0025 -0.0120583 
v 0.0166764 0.0025 -0.00197365 
v 0.0164649 0.0025 -0.0019271 
v 0.0133172 0.0025 -0.0131637 
v 0.0106589 0.0025 -0.0137288 
v -0.0173236 0.0025 -0.00197365 
v -0.0179368 0.0025 -0.00176702 
v -0.018452 0.0025 -0.0013754 
v -0.0216637 0.0025 -0.00481722 
v -0.0220159 0.0025 -0.00350285 
v 0.015548 0.0025 0.0013754 
v -0.0164649 0.0025 0.0019271 
v -0.0166764 0.0025 0.00197365 
v -0.0145876 0.0025 0.0126761 
v -0.0162597 0.0025 0.00185795 
v -0.0133172 0.0025 0.0131637 
v -0.0154078 0.0025 0.00121035 
v -0.0150468 0.0025 0.000429941 
v -0.0151047 0.0025 0.000638603 
v 0.0216637 0.0025 -0.00481722 
v 0.0181224 0.0025 -0.00165538 
v 0.0182948 0.0025 -0.00152432 
v 0.0211761 0.0025 -0.00608758 
v 0.0145876 0.0025 -0.0126761 
v -0.0158776 0.0025 -0.00165538 
v -0.0175351 0.0025 -0.0019271 
v -0.0211761 0.0025 -0.00608758 
v -0.0181224 0.0025 -0.00165538 
v -0.0187137 0.0025 -0.00103111 
v -0.0185922 0.0025 -0.00121035 
v 0.0154078 0.0025 0.00121035 
v -0.0168917 0.0025 0.00199707 
v -0.0158 0.0025 0.0120583 
v -0.0120029 0.0025 0.0135159 
v -0.0160632 0.0025 0.00176702 
v -0.0152863 0.0025 0.00103111 
v -0.0150117 0.0025 0.000216238 
v -0.0182948 0.0025 -0.00152432 
v 0.0173236 0.0025 0.00197365 
v 0.0189609 0.0025 0.0094987 
v 0.0198172 0.0025 0.00844121 
v -0.0106589 0.0025 0.0137288 
v -0.0151848 0.0025 0.000839778 
v -0.0150117 0.0025 -0.000216238 
v 0.0158776 0.0025 0.00165538 
v 0.0160632 0.0025 0.00176702 
v 0.0106589 0.0025 0.0137288 
v 0.0120029 0.0025 0.0135159 
v 0.0171083 0.0025 0.00199707 
v 0.0179987 0.0025 0.0104609 
v 0.0177403 0.0025 0.00185795 
v 0.0175351 0.0025 0.0019271 
v -0.0158776 0.0025 0.00165538 
v -0.015 0.0025 -2.44929e-19 
v 0.0151848 0.0025 0.000839778 
v 0.0151047 0.0025 0.000638603 
v 0.0162597 0.0025 0.00185795 
v 0.0133172 0.0025 0.0131637 
v 0.0164649 0.0025 0.0019271 
v 0.0145876 0.0025 0.0126761 
v 0.0166764 0.0025 0.00197365 
v 0.0158 0.0025 0.0120583 
v 0.0168917 0.0025 0.00199707 
v 0.0169412 0.0025 0.0113172 
v -0.0222288 0.0025 -0.00215887 
v -0.0222288 0.0025 0.00215887 
v -0.0188953 0.0025 0.000638603 
v -0.0189532 0.0025 0.000429941 
v -0.018452 0.0025 0.0013754 
v -0.0185922 0.0025 0.00121035 
v -0.0220159 0.0025 0.00350285 
v 0.0205583 0.0025 0.0073 
v 0.0179368 0.0025 0.00176702 
v 0.0211761 0.0025 0.00608758 
v 0.0181224 0.0025 0.00165538 
v 0.0216637 0.0025 0.00481722 
v 0.0150117 0.0025 0.000216238 
v 0.015 0.0025 -1.92593e-34 
v 0.0150468 0.0025 0.000429941 
v 0.0152863 0.0025 0.00103111 
v -0.0188953 0.0025 -0.000638603 
v -0.0188152 0.0025 -0.000839778 
v -0.0223 0.0025 -0.0008 
v -0.0189532 0.0025 -0.000429941 
v -0.0188152 0.0025 0.000839778 
v -0.0187137 0.0025 0.00103111 
v -0.0216637 0.0025 0.00481722 
v 0.0182948 0.0025 0.00152432 
v 0.018452 0.0025 0.0013754 
v 0.0220159 0.0025 0.00350285 
v 0.0222288 0.0025 0.00215887 
v 0.0223 0.0025 0.0008 
v 0.0189532 0.0025 0.000429941 
v 0.0187137 0.0025 -0.00103111 
v 0.0188152 0.0025 -0.000839778 
v 0.0222288 0.0025 -0.00215887 
v -0.0182948 0.0025 0.00152432 
v -0.0181224 0.0025 0.00165538 
v 0.0185922 0.0025 0.00121035 
v 0.0187137 0.0025 0.00103111 
v 0.0188953 0.0025 0.000638603 
v 0.0188953 0.0025 -0.000638603 
v 0.0189532 0.0025 -0.000429941 
v -0.0189883 0.0025 -0.000216238 
v -0.0223 0.0025 0.0008 
v -0.0189883 0.0025 0.000216238 
v -0.019 0.0025 6.25927e-34 
v -0.0211761 0.0025 0.00608758 
v -0.0179368 0.0025 0.00176702 
v -0.0177403 0.0025 0.00185795 
v -0.0205583 0.0025 0.0073 
v -0.0173236 0.0025 0.00197365 
v -0.0175351 0.0025 0.0019271 
v -0.0198172 0.0025 0.00844121 
v -0.0171083 0.0025 0.00199707 
v -0.0189609 0.0025 0.0094987 
v -0.0179987 0.0025 0.0104609 
v 0.0188152 0.0025 0.000839778 
v 0.0189883 0.0025 0.000216238 
v 0.0223 0.0025 -0.0008 
v 0.019 0.0025 -2.44929e-19 
v -0.0169412 0.0025 0.0113172 
v 0.0189883 0.0025 -0.000216238 
v 0.0093 0 0.0138 
v -0.0093 0 0.0138 
v 0.0168917 0 0.00199707 
v 0.0171083 0 0.00199707 
v 0.0179987 0 0.0104609 
v 0.0173236 0 0.00197365 
v 0.0189609 0 0.0094987 
v 0.0169412 0 0.0113172 
v 0.0166764 0 0.00197365 
v 0.0158 0 0.0120583 
v 0.0164649 0 0.0019271 
v 0.0145876 0 0.0126761 
v 0.0175351 0 0.0019271 
v 0.0198172 0 0.00844121 
v 0.0133172 0 0.0131637 
v -0.0151047 0 -0.000638603 
v -0.0151848 0 -0.000839778 
v 0.0120029 0 -0.0135159 
v -0.0168917 0 0.00199707 
v -0.0169412 0 0.0113172 
v -0.0179987 0 0.0104609 
v 0.0133172 0 -0.0131637 
v -0.0166764 0 0.00197365 
v -0.0145876 0 0.0126761 
v -0.0158 0 0.0120583 
v -0.0171083 0 0.00199707 
v -0.0189609 0 0.0094987 
v -0.0173236 0 0.00197365 
v -0.0198172 0 0.00844121 
v 0.0181224 0 0.00165538 
v 0.0182948 0 0.00152432 
v 0.0216637 0 0.00481722 
v 0.0179368 0 0.00176702 
v 0.0211761 0 0.00608758 
v 0.0177403 0 0.00185795 
v 0.0205583 0 0.0073 
v 0.0160632 0 0.00176702 
v 0.0162597 0 0.00185795 
v 0.0120029 0 0.0135159 
v 0.015548 0 0.0013754 
v 0.0157052 0 0.00152432 
v 0.0145876 0 -0.0126761 
v -0.0162597 0 0.00185795 
v -0.0120029 0 0.0135159 
v -0.0133172 0 0.0131637 
v -0.0164649 0 0.0019271 
v -0.0175351 0 0.0019271 
v 0.0106589 0 0.0137288 
v 0.0154078 0 0.00121035 
v 0.0158 0 -0.0120583 
v -0.0150468 0 -0.000429941 
v 0.0169412 0 -0.0113172 
v 0.0179987 0 -0.0104609 
v 0.0168917 0 -0.00199707 
v -0.0150117 0 -0.000216238 
v 0.0151848 0 -0.000839778 
v 0.0151047 0 -0.000638603 
v -0.018452 0 0.0013754 
v -0.0216637 0 0.00481722 
v -0.0220159 0 0.00350285 
v -0.0160632 0 -0.00176702 
v -0.0162597 0 -0.00185795 
v -0.0120029 0 -0.0135159 
v -0.0152863 0 -0.00103111 
v 0.0093 0 -0.0138 
v 0.0171083 0 -0.00199707 
v 0.0150468 0 -0.000429941 
v 0.0157052 0 -0.00152432 
v 0.015548 0 -0.0013754 
v -0.0187137 0 0.00103111 
v -0.0185922 0 0.00121035 
v 0.0187137 0 -0.00103111 
v 0.0220159 0 -0.00350285 
v 0.0222288 0 -0.00215887 
v 0.0222288 0 0.00215887 
v 0.0188953 0 0.000638603 
v 0.0189532 0 0.000429941 
v 0.018452 0 0.0013754 
v 0.0185922 0 0.00121035 
v 0.0220159 0 0.00350285 
v 0.0158776 0 0.00165538 
v -0.0164649 0 -0.0019271 
v -0.0133172 0 -0.0131637 
v -0.0106589 0 -0.0137288 
v -0.015548 0 -0.0013754 
v -0.0157052 0 -0.00152432 
v -0.0093 0 -0.0138 
v -0.0154078 0 -0.00121035 
v 0.0106589 0 -0.0137288 
v 0.0152863 0 -0.00103111 
v 0.0154078 0 -0.00121035 
v 0.0164649 0 -0.0019271 
v 0.0162597 0 -0.00185795 
v -0.0160632 0 0.00176702 
v -0.0158776 0 0.00165538 
v -0.0177403 0 0.00185795 
v -0.0205583 0 0.0073 
v -0.0181224 0 0.00165538 
v -0.0211761 0 0.00608758 
v 0.0188953 0 -0.000638603 
v 0.0188152 0 -0.000839778 
v 0.0223 0 -0.0008 
v 0.0189532 0 -0.000429941 
v 0.0188152 0 0.000839778 
v 0.0187137 0 0.00103111 
v -0.0166764 0 -0.00197365 
v -0.0145876 0 -0.0126761 
v -0.0150117 0 0.000216238 
v 0.0150468 0 0.000429941 
v 0.0151047 0 0.000638603 
v 0.0150117 0 -0.000216238 
v 0.015 0 4.89859e-19 
v -0.015 0 -7.34788e-19 
v 0.0160632 0 -0.00176702 
v 0.0158776 0 -0.00165538 
v 0.0166764 0 -0.00197365 
v -0.0179368 0 0.00176702 
v -0.0182948 0 0.00152432 
v 0.0223 0 0.0008 
v 0.0189883 0 0.000216238 
v 0.019 0 -7.34788e-19 
v -0.0168917 0 -0.00199707 
v -0.0158 0 -0.0120583 
v -0.0158776 0 -0.00165538 
v 0.0150117 0 0.000216238 
v 0.0151848 0 0.000839778 
v -0.0151848 0 0.000839778 
v -0.0151047 0 0.000638603 
v -0.0154078 0 0.00121035 
v -0.0157052 0 0.00152432 
v -0.015548 0 0.0013754 
v -0.0222288 0 0.00215887 
v -0.0223 0 0.0008 
v -0.0189532 0 0.000429941 
v -0.0187137 0 -0.00103111 
v -0.0188152 0 -0.000839778 
v -0.0222288 0 -0.00215887 
v 0.0189883 0 -0.000216238 
v 0.0152863 0 0.00103111 
v -0.0150468 0 0.000429941 
v -0.0188953 0 0.000638603 
v -0.0188953 0 -0.000638603 
v -0.0189532 0 -0.000429941 
v -0.0220159 0 -0.00350285 
v -0.0106589 0 0.0137288 
v -0.0152863 0 0.00103111 
v -0.0188152 0 0.000839778 
v -0.018452 0 -0.0013754 
v -0.0185922 0 -0.00121035 
v -0.0177403 0 -0.00185795 
v -0.0179368 0 -0.00176702 
v -0.0205583 0 -0.0073 
v -0.0171083 0 -0.00199707 
v -0.0179987 0 -0.0104609 
v 0.0177403 0 -0.00185795 
v 0.0198172 0 -0.00844121 
v 0.0205583 0 -0.0073 
v 0.018452 0 -0.0013754 
v 0.0216637 0 -0.00481722 
v -0.0189883 0 0.000216238 
v -0.0223 0 -0.0008 
v -0.019 0 4.89859e-19 
v -0.0216637 0 -0.00481722 
v -0.0181224 0 -0.00165538 
v -0.0182948 0 -0.00152432 
v -0.0211761 0 -0.00608758 
v -0.0198172 0 -0.00844121 
v -0.0175351 0 -0.0019271 
v -0.0173236 0 -0.00197365 
v -0.0189609 0 -0.0094987 
v -0.0169412 0 -0.0113172 
v 0.0173236 0 -0.00197365 
v 0.0189609 0 -0.0094987 
v 0.0179368 0 -0.00176702 
v 0.0211761 0 -0.00608758 
v 0.0181224 0 -0.00165538 
v 0.0185922 0 -0.00121035 
v -0.0189883 0 -0.000216238 
v 0.0175351 0 -0.0019271 
v 0.0182948 0 -0.00152432 
vn -0.685515 0.728059 0 
vn -0.759934 0.65 0 
vn -0.755479 0.65 0.0821633 
vn -0.681496 0.728059 0.0741172 
vn -0.742167 0.65 0.163363 
vn -0.669488 0.728059 0.147365 
vn -0.720154 0.65 0.242648 
vn -0.64963 0.728059 0.218886 
vn -0.689698 0.65 0.319088 
vn -0.622156 0.728059 0.28784 
vn -0.651155 0.65 0.391787 
vn -0.587388 0.728059 0.35342 
vn -0.604978 0.65 0.459893 
vn -0.545733 0.728059 0.414856 
vn -0.551709 0.65 0.522606 
vn -0.497681 0.728059 0.471428 
vn -0.491971 0.65 0.579193 
vn -0.443793 0.728059 0.522473 
vn -0.426465 0.65 0.628989 
vn -0.384702 0.728059 0.567393 
vn -0.35596 0.65 0.671411 
vn -0.321101 0.728059 0.60566 
vn -0.281281 0.65 0.705961 
vn -0.253735 0.728059 0.636827 
vn -0.203304 0.65 0.732235 
vn -0.183395 0.728059 0.660528 
vn -0.122944 0.65 0.749923 
vn -0.110904 0.728059 0.676484 
vn -0.041142 0.65 0.75882 
vn -0.037113 0.728059 0.684509 
vn 0.041142 0.65 0.75882 
vn 0.037113 0.728059 0.684509 
vn 0.122944 0.65 0.749923 
vn 0.110904 0.728059 0.676484 
vn 0.203304 0.65 0.732235 
vn 0.183395 0.728059 0.660528 
vn 0.281281 0.65 0.705961 
vn 0.253735 0.728059 0.636827 
vn 0.35596 0.65 0.671411 
vn 0.321101 0.728059 0.60566 
vn 0.426465 0.65 0.628989 
vn 0.384702 0.728059 0.567393 
vn 0.491971 0.65 0.579193 
vn 0.443793 0.728059 0.522473 
vn 0.551709 0.65 0.522606 
vn 0.497681 0.728059 0.471428 
vn 0.604978 0.65 0.459893 
vn 0.545733 0.728059 0.414856 
vn 0.651155 0.65 0.391787 
vn 0.587388 0.728059 0.35342 
vn 0.689698 0.65 0.319088 
vn 0.622156 0.728059 0.28784 
vn 0.720154 0.65 0.242648 
vn 0.64963 0.728059 0.218886 
vn 0.742167 0.65 0.163363 
vn 0.669488 0.728059 0.147365 
vn 0.755479 0.65 0.0821633 
vn 0.681496 0.728059 0.0741172 
vn 0.759934 0.65 -1.58193e-16 
vn 0.685515 0.728059 -1.42701e-16 
vn 0.755479 0.65 -0.0821633 
vn 0.681496 0.728059 -0.0741172 
vn 0.742167 0.65 -0.163363 
vn 0.669488 0.728059 -0.147365 
vn 0.720154 0.65 -0.242648 
vn 0.64963 0.728059 -0.218886 
vn 0.689698 0.65 -0.319088 
vn 0.622156 0.728059 -0.28784 
vn 0.651155 0.65 -0.391787 
vn 0.587388 0.728059 -0.35342 
vn 0.604978 0.65 -0.459893 
vn 0.545733 0.728059 -0.414856 
vn 0.551709 0.65 -0.522606 
vn 0.497681 0.728059 -0.471428 
vn 0.491971 0.65 -0.579193 
vn 0.443793 0.728059 -0.522473 
vn 0.426465 0.65 -0.628989 
vn 0.384702 0.728059 -0.567393 
vn 0.35596 0.65 -0.671411 
vn 0.321101 0.728059 -0.60566 
vn 0.281281 0.65 -0.705961 
vn 0.253735 0.728059 -0.636827 
vn 0.203304 0.65 -0.732235 
vn 0.183395 0.728059 -0.660528 
vn 0.122944 0.65 -0.749923 
vn 0.110904 0.728059 -0.676484 
vn 0.041142 0.65 -0.75882 
vn 0.037113 0.728059 -0.684509 
vn -0.041142 0.65 -0.75882 
vn -0.037113 0.728059 -0.684509 
vn -0.122944 0.65 -0.749923 
vn -0.110904 0.728059 -0.676484 
vn -0.203304 0.65 -0.732235 
vn -0.183395 0.728059 -0.660528 
vn -0.281281 0.65 -0.705961 
vn -0.253735 0.728059 -0.636827 
vn -0.35596 0.65 -0.671411 
vn -0.321101 0.728059 -0.60566 
vn -0.426465 0.65 -0.628989 
vn -0.384702 0.728059 -0.567393 
vn -0.491971 0.65 -0.579193 
vn -0.443793 0.728059 -0.522473 
vn -0.551709 0.65 -0.522606 
vn -0.497681 0.728059 -0.471428 
vn -0.604978 0.65 -0.459893 
vn -0.545733 0.728059 -0.414856 
vn -0.651155 0.65 -0.391787 
vn -0.587388 0.728059 -0.35342 
vn -0.689698 0.65 -0.319088 
vn -0.622156 0.728059 -0.28784 
vn -0.720154 0.65 -0.242648 
vn -0.64963 0.728059 -0.218886 
vn -0.742167 0.65 -0.163363 
vn -0.669488 0.728059 -0.147365 
vn -0.755479 0.65 -0.0821633 
vn -0.681496 0.728059 -0.0741172 
vn -0.603122 0.797649 0 
vn -0.599586 0.797649 0.0652089 
vn -0.589021 0.797649 0.129653 
vn -0.57155 0.797649 0.192578 
vn -0.547378 0.797649 0.253244 
vn -0.516789 0.797649 0.310942 
vn -0.480141 0.797649 0.364994 
vn -0.437864 0.797649 0.414766 
vn -0.390453 0.797649 0.459676 
vn -0.338464 0.797649 0.499197 
vn -0.282507 0.797649 0.532865 
vn -0.223238 0.797649 0.560286 
vn -0.161352 0.797649 0.581138 
vn -0.0975742 0.797649 0.595176 
vn -0.0326523 0.797649 0.602237 
vn 0.0326523 0.797649 0.602237 
vn 0.0975742 0.797649 0.595176 
vn 0.161352 0.797649 0.581138 
vn 0.223238 0.797649 0.560286 
vn 0.282507 0.797649 0.532865 
vn 0.338464 0.797649 0.499197 
vn 0.390453 0.797649 0.459676 
vn 0.437864 0.797649 0.414766 
vn 0.480141 0.797649 0.364994 
vn 0.516789 0.797649 0.310942 
vn 0.547378 0.797649 0.253244 
vn 0.57155 0.797649 0.192578 
vn 0.589021 0.797649 0.129653 
vn 0.599586 0.797649 0.0652089 
vn 0.603122 0.797649 -1.2555e-16 
vn 0.599586 0.797649 -0.0652089 
vn 0.589021 0.797649 -0.129653 
vn 0.57155 0.797649 -0.192578 
vn 0.547378 0.797649 -0.253244 
vn 0.516789 0.797649 -0.310942 
vn 0.480141 0.797649 -0.364994 
vn 0.437864 0.797649 -0.414766 
vn 0.390453 0.797649 -0.459676 
vn 0.338464 0.797649 -0.499197 
vn 0.282507 0.797649 -0.532865 
vn 0.223238 0.797649 -0.560286 
vn 0.161352 0.797649 -0.581138 
vn 0.0975742 0.797649 -0.595176 
vn 0.0326523 0.797649 -0.602237 
vn -0.0326523 0.797649 -0.602237 
vn -0.0975742 0.797649 -0.595176 
vn -0.161352 0.797649 -0.581138 
vn -0.223238 0.797649 -0.560286 
vn -0.282507 0.797649 -0.532865 
vn -0.338464 0.797649 -0.499197 
vn -0.390453 0.797649 -0.459676 
vn -0.437864 0.797649 -0.414766 
vn -0.480141 0.797649 -0.364994 
vn -0.516789 0.797649 -0.310942 
vn -0.547378 0.797649 -0.253244 
vn -0.57155 0.797649 -0.192578 
vn -0.589021 0.797649 -0.129653 
vn -0.599586 0.797649 -0.0652089 
vn -0.513713 0.857962 0 
vn -0.510702 0.857962 0.0555422 
vn -0.501703 0.857962 0.110433 
vn -0.486822 0.857962 0.164029 
vn -0.466234 0.857962 0.215703 
vn -0.440179 0.857962 0.264847 
vn -0.408964 0.857962 0.310886 
vn -0.372954 0.857962 0.35328 
vn -0.332571 0.857962 0.391533 
vn -0.288289 0.857962 0.425195 
vn -0.240628 0.857962 0.453872 
vn -0.190145 0.857962 0.477228 
vn -0.137433 0.857962 0.494989 
vn -0.0831096 0.857962 0.506946 
vn -0.0278119 0.857962 0.51296 
vn 0.0278119 0.857962 0.51296 
vn 0.0831096 0.857962 0.506946 
vn 0.137433 0.857962 0.494989 
vn 0.190145 0.857962 0.477228 
vn 0.240628 0.857962 0.453872 
vn 0.288289 0.857962 0.425195 
vn 0.332571 0.857962 0.391533 
vn 0.372954 0.857962 0.35328 
vn 0.408964 0.857962 0.310886 
vn 0.440179 0.857962 0.264847 
vn 0.466234 0.857962 0.215703 
vn 0.486822 0.857962 0.164029 
vn 0.501703 0.857962 0.110433 
vn 0.510702 0.857962 0.0555422 
vn 0.513713 0.857962 -1.06938e-16 
vn 0.510702 0.857962 -0.0555422 
vn 0.501703 0.857962 -0.110433 
vn 0.486822 0.857962 -0.164029 
vn 0.466234 0.857962 -0.215703 
vn 0.440179 0.857962 -0.264847 
vn 0.408964 0.857962 -0.310886 
vn 0.372954 0.857962 -0.35328 
vn 0.332571 0.857962 -0.391533 
vn 0.288289 0.857962 -0.425195 
vn 0.240628 0.857962 -0.453872 
vn 0.190145 0.857962 -0.477228 
vn 0.137433 0.857962 -0.494989 
vn 0.0831096 0.857962 -0.506946 
vn 0.0278119 0.857962 -0.51296 
vn -0.0278119 0.857962 -0.51296 
vn -0.0831096 0.857962 -0.506946 
vn -0.137433 0.857962 -0.494989 
vn -0.190145 0.857962 -0.477228 
vn -0.240628 0.857962 -0.453872 
vn -0.288289 0.857962 -0.425195 
vn -0.332571 0.857962 -0.391533 
vn -0.372954 0.857962 -0.35328 
vn -0.408964 0.857962 -0.310886 
vn -0.440179 0.857962 -0.264847 
vn -0.466234 0.857962 -0.215703 
vn -0.486822 0.857962 -0.164029 
vn -0.501703 0.857962 -0.110433 
vn -0.510702 0.857962 -0.0555422 
vn -0.41833 0.908295 0 
vn -0.415878 0.908295 0.0452294 
vn -0.40855 0.908295 0.0899286 
vn -0.396432 0.908295 0.133573 
vn -0.379666 0.908295 0.175652 
vn -0.358449 0.908295 0.215672 
vn -0.33303 0.908295 0.253163 
vn -0.303706 0.908295 0.287685 
vn -0.270821 0.908295 0.318835 
vn -0.234761 0.908295 0.346247 
vn -0.195949 0.908295 0.3696 
vn -0.15484 0.908295 0.388619 
vn -0.111915 0.908295 0.403082 
vn -0.0676783 0.908295 0.412819 
vn -0.0226479 0.908295 0.417716 
vn 0.0226479 0.908295 0.417716 
vn 0.0676783 0.908295 0.412819 
vn 0.111915 0.908295 0.403082 
vn 0.15484 0.908295 0.388619 
vn 0.195949 0.908295 0.3696 
vn 0.234761 0.908295 0.346247 
vn 0.270821 0.908295 0.318835 
vn 0.303706 0.908295 0.287685 
vn 0.33303 0.908295 0.253163 
vn 0.358449 0.908295 0.215672 
vn 0.379666 0.908295 0.175652 
vn 0.396432 0.908295 0.133573 
vn 0.40855 0.908295 0.0899286 
vn 0.415878 0.908295 0.0452294 
vn 0.41833 0.908295 -8.70824e-17 
vn 0.415878 0.908295 -0.0452294 
vn 0.40855 0.908295 -0.0899286 
vn 0.396432 0.908295 -0.133573 
vn 0.379666 0.908295 -0.175652 
vn 0.358449 0.908295 -0.215672 
vn 0.33303 0.908295 -0.253163 
vn 0.303706 0.908295 -0.287685 
vn 0.270821 0.908295 -0.318835 
vn 0.234761 0.908295 -0.346247 
vn 0.195949 0.908295 -0.3696 
vn 0.15484 0.908295 -0.388619 
vn 0.111915 0.908295 -0.403082 
vn 0.0676783 0.908295 -0.412819 
vn 0.0226479 0.908295 -0.417716 
vn -0.0226479 0.908295 -0.417716 
vn -0.0676783 0.908295 -0.412819 
vn -0.111915 0.908295 -0.403082 
vn -0.15484 0.908295 -0.388619 
vn -0.195949 0.908295 -0.3696 
vn -0.234761 0.908295 -0.346247 
vn -0.270821 0.908295 -0.318835 
vn -0.303706 0.908295 -0.287685 
vn -0.33303 0.908295 -0.253163 
vn -0.358449 0.908295 -0.215672 
vn -0.379666 0.908295 -0.175652 
vn -0.396432 0.908295 -0.133573 
vn -0.40855 0.908295 -0.0899286 
vn -0.415878 0.908295 -0.0452294 
vn -0.318081 0.948064 0 
vn -0.316216 0.948064 0.0343906 
vn -0.310644 0.948064 0.068378 
vn -0.30143 0.948064 0.101564 
vn -0.288682 0.948064 0.133559 
vn -0.27255 0.948064 0.163988 
vn -0.253222 0.948064 0.192494 
vn -0.230925 0.948064 0.218744 
vn -0.205921 0.948064 0.242429 
vn -0.178503 0.948064 0.263272 
vn -0.148992 0.948064 0.281028 
vn -0.117734 0.948064 0.29549 
vn -0.0850956 0.948064 0.306487 
vn -0.0514597 0.948064 0.313891 
vn -0.0172205 0.948064 0.317614 
vn 0.0172205 0.948064 0.317614 
vn 0.0514597 0.948064 0.313891 
vn 0.0850956 0.948064 0.306487 
vn 0.117734 0.948064 0.29549 
vn 0.148992 0.948064 0.281028 
vn 0.178503 0.948064 0.263272 
vn 0.205921 0.948064 0.242429 
vn 0.230925 0.948064 0.218744 
vn 0.253222 0.948064 0.192494 
vn 0.27255 0.948064 0.163988 
vn 0.288682 0.948064 0.133559 
vn 0.30143 0.948064 0.101564 
vn 0.310644 0.948064 0.068378 
vn 0.316216 0.948064 0.0343906 
vn 0.318081 0.948064 -6.62139e-17 
vn 0.316216 0.948064 -0.0343906 
vn 0.310644 0.948064 -0.068378 
vn 0.30143 0.948064 -0.101564 
vn 0.288682 0.948064 -0.133559 
vn 0.27255 0.948064 -0.163988 
vn 0.253222 0.948064 -0.192494 
vn 0.230925 0.948064 -0.218744 
vn 0.205921 0.948064 -0.242429 
vn 0.178503 0.948064 -0.263272 
vn 0.148992 0.948064 -0.281028 
vn 0.117734 0.948064 -0.29549 
vn 0.0850956 0.948064 -0.306487 
vn 0.0514597 0.948064 -0.313891 
vn 0.0172205 0.948064 -0.317614 
vn -0.0172205 0.948064 -0.317614 
vn -0.0514597 0.948064 -0.313891 
vn -0.0850956 0.948064 -0.306487 
vn -0.117734 0.948064 -0.29549 
vn -0.148992 0.948064 -0.281028 
vn -0.178503 0.948064 -0.263272 
vn -0.205921 0.948064 -0.242429 
vn -0.230925 0.948064 -0.218744 
vn -0.253222 0.948064 -0.192494 
vn -0.27255 0.948064 -0.163988 
vn -0.288682 0.948064 -0.133559 
vn -0.30143 0.948064 -0.101564 
vn -0.310644 0.948064 -0.068378 
vn -0.316216 0.948064 -0.0343906 
vn -0.214132 0.976805 0 
vn -0.212877 0.976805 0.0231517 
vn -0.209126 0.976805 0.046032 
vn -0.202923 0.976805 0.0683726 
vn -0.194341 0.976805 0.0899116 
vn -0.18348 0.976805 0.110396 
vn -0.170469 0.976805 0.129587 
vn -0.155459 0.976805 0.147258 
vn -0.138626 0.976805 0.163203 
vn -0.120168 0.976805 0.177235 
vn -0.100301 0.976805 0.189188 
vn -0.0792584 0.976805 0.198923 
vn -0.0572863 0.976805 0.206327 
vn -0.0346427 0.976805 0.211311 
vn -0.0115929 0.976805 0.213818 
vn 0.0115929 0.976805 0.213818 
vn 0.0346427 0.976805 0.211311 
vn 0.0572863 0.976805 0.206327 
vn 0.0792584 0.976805 0.198923 
vn 0.100301 0.976805 0.189188 
vn 0.120168 0.976805 0.177235 
vn 0.138626 0.976805 0.163203 
vn 0.155459 0.976805 0.147258 
vn 0.170469 0.976805 0.129587 
vn 0.18348 0.976805 0.110396 
vn 0.194341 0.976805 0.0899116 
vn 0.202923 0.976805 0.0683726 
vn 0.209126 0.976805 0.046032 
vn 0.212877 0.976805 0.0231517 
vn 0.214132 0.976805 -4.45751e-17 
vn 0.212877 0.976805 -0.0231517 
vn 0.209126 0.976805 -0.046032 
vn 0.202923 0.976805 -0.0683726 
vn 0.194341 0.976805 -0.0899116 
vn 0.18348 0.976805 -0.110396 
vn 0.170469 0.976805 -0.129587 
vn 0.155459 0.976805 -0.147258 
vn 0.138626 0.976805 -0.163203 
vn 0.120168 0.976805 -0.177235 
vn 0.100301 0.976805 -0.189188 
vn 0.0792584 0.976805 -0.198923 
vn 0.0572863 0.976805 -0.206327 
vn 0.0346427 0.976805 -0.211311 
vn 0.0115929 0.976805 -0.213818 
vn -0.0115929 0.976805 -0.213818 
vn -0.0346427 0.976805 -0.211311 
vn -0.0572863 0.976805 -0.206327 
vn -0.0792584 0.976805 -0.198923 
vn -0.100301 0.976805 -0.189188 
vn -0.120168 0.976805 -0.177235 
vn -0.138626 0.976805 -0.163203 
vn -0.155459 0.976805 -0.147258 
vn -0.170469 0.976805 -0.129587 
vn -0.18348 0.976805 -0.110396 
vn -0.194341 0.976805 -0.0899116 
vn -0.202923 0.976805 -0.0683726 
vn -0.209126 0.976805 -0.046032 
vn -0.212877 0.976805 -0.0231517 
vn -0.107692 0.994184 0 
vn -0.107061 0.994184 0.0116436 
vn -0.105174 0.994184 0.0231506 
vn -0.102055 0.994184 0.0343863 
vn -0.0977388 0.994184 0.0452188 
vn -0.0922769 0.994184 0.0555211 
vn -0.085733 0.994184 0.0651726 
vn -0.0781841 0.994184 0.0740599 
vn -0.0697185 0.994184 0.0820789 
vn -0.0604355 0.994184 0.0891357 
vn -0.0504439 0.994184 0.0951474 
vn -0.039861 0.994184 0.100044 
vn -0.0288107 0.994184 0.103767 
vn -0.0174227 0.994184 0.106274 
vn -0.00583034 0.994184 0.107534 
vn 0.00583034 0.994184 0.107534 
vn 0.0174227 0.994184 0.106274 
vn 0.0288107 0.994184 0.103767 
vn 0.039861 0.994184 0.100044 
vn 0.0504439 0.994184 0.0951474 
vn 0.0604355 0.994184 0.0891357 
vn 0.0697185 0.994184 0.0820789 
vn 0.0781841 0.994184 0.0740599 
vn 0.085733 0.994184 0.0651726 
vn 0.0922769 0.994184 0.0555211 
vn 0.0977388 0.994184 0.0452188 
vn 0.102055 0.994184 0.0343863 
vn 0.105174 0.994184 0.0231506 
vn 0.107061 0.994184 0.0116436 
vn 0.107692 0.994184 -2.24179e-17 
vn 0.107061 0.994184 -0.0116436 
vn 0.105174 0.994184 -0.0231506 
vn 0.102055 0.994184 -0.0343863 
vn 0.0977388 0.994184 -0.0452188 
vn 0.0922769 0.994184 -0.0555211 
vn 0.085733 0.994184 -0.0651726 
vn 0.0781841 0.994184 -0.0740599 
vn 0.0697185 0.994184 -0.0820789 
vn 0.0604355 0.994184 -0.0891357 
vn 0.0504439 0.994184 -0.0951474 
vn 0.039861 0.994184 -0.100044 
vn 0.0288107 0.994184 -0.103767 
vn 0.0174227 0.994184 -0.106274 
vn 0.00583034 0.994184 -0.107534 
vn -0.00583034 0.994184 -0.107534 
vn -0.0174227 0.994184 -0.106274 
vn -0.0288107 0.994184 -0.103767 
vn -0.039861 0.994184 -0.100044 
vn -0.0504439 0.994184 -0.0951474 
vn -0.0604355 0.994184 -0.0891357 
vn -0.0697185 0.994184 -0.0820789 
vn -0.0781841 0.994184 -0.0740599 
vn -0.085733 0.994184 -0.0651726 
vn -0.0922769 0.994184 -0.0555211 
vn -0.0977388 0.994184 -0.0452188 
vn -0.102055 0.994184 -0.0343863 
vn -0.105174 0.994184 -0.0231506 
vn -0.107061 0.994184 -0.0116436 
vn -6.11425e-17 1 -3.31505e-18 
vn -0.994289 0.106719 0 
vn -1 0 0 
vn -0.994138 0 0.108119 
vn -0.988461 0.106719 0.107502 
vn -0.976621 0 0.21497 
vn -0.971043 0.106719 0.213743 
vn -0.947653 0 0.319302 
vn -0.942241 0.106719 0.317478 
vn -0.907575 0 0.419889 
vn -0.902392 0.106719 0.417491 
vn -0.856857 0 0.515554 
vn -0.851964 0.106719 0.51261 
vn -0.796093 0 0.605174 
vn -0.791547 0.106719 0.601718 
vn -0.725995 0 0.687699 
vn -0.721849 0.106719 0.683772 
vn -0.647386 0 0.762162 
vn -0.643689 0.106719 0.757809 
vn -0.561187 0 0.827689 
vn -0.557982 0.106719 0.822962 
vn -0.468408 0 0.883512 
vn -0.465733 0.106719 0.878466 
vn -0.370138 0 0.928977 
vn -0.368024 0.106719 0.923671 
vn -0.267528 0 0.96355 
vn -0.266001 0.106719 0.958047 
vn -0.161782 0 0.986827 
vn -0.160858 0.106719 0.981191 
vn -0.0541389 0 0.998533 
vn -0.0538297 0.106719 0.992831 
vn 0.0541389 0 0.998533 
vn 0.0538297 0.106719 0.992831 
vn 0.161782 0 0.986827 
vn 0.160858 0.106719 0.981191 
vn 0.267528 0 0.96355 
vn 0.266001 0.106719 0.958047 
vn 0.370138 0 0.928977 
vn 0.368024 0.106719 0.923671 
vn 0.468408 0 0.883512 
vn 0.465733 0.106719 0.878466 
vn 0.561187 0 0.827689 
vn 0.557982 0.106719 0.822962 
vn 0.647386 0 0.762162 
vn 0.643689 0.106719 0.757809 
vn 0.725995 0 0.687699 
vn 0.721849 0.106719 0.683772 
vn 0.796093 0 0.605174 
vn 0.791547 0.106719 0.601718 
vn 0.856857 0 0.515554 
vn 0.851964 0.106719 0.51261 
vn 0.907575 0 0.419889 
vn 0.902392 0.106719 0.417491 
vn 0.947653 0 0.319302 
vn 0.942241 0.106719 0.317478 
vn 0.976621 0 0.21497 
vn 0.971043 0.106719 0.213743 
vn 0.994138 0 0.108119 
vn 0.988461 0.106719 0.107502 
vn 1 0 -2.08167e-16 
vn 0.994289 0.106719 -2.06978e-16 
vn 0.994138 0 -0.108119 
vn 0.988461 0.106719 -0.107502 
vn 0.976621 0 -0.21497 
vn 0.971043 0.106719 -0.213743 
vn 0.947653 0 -0.319302 
vn 0.942241 0.106719 -0.317478 
vn 0.907575 0 -0.419889 
vn 0.902392 0.106719 -0.417491 
vn 0.856857 0 -0.515554 
vn 0.851964 0.106719 -0.51261 
vn 0.796093 0 -0.605174 
vn 0.791547 0.106719 -0.601718 
vn 0.725995 0 -0.687699 
vn 0.721849 0.106719 -0.683772 
vn 0.647386 0 -0.762162 
vn 0.643689 0.106719 -0.757809 
vn 0.561187 0 -0.827689 
vn 0.557982 0.106719 -0.822962 
vn 0.468408 0 -0.883512 
vn 0.465733 0.106719 -0.878466 
vn 0.370138 0 -0.928977 
vn 0.368024 0.106719 -0.923671 
vn 0.267528 0 -0.96355 
vn 0.266001 0.106719 -0.958047 
vn 0.161782 0 -0.986827 
vn 0.160858 0.106719 -0.981191 
vn 0.0541389 0 -0.998533 
vn 0.0538297 0.106719 -0.992831 
vn -0.0541389 0 -0.998533 
vn -0.0538297 0.106719 -0.992831 
vn -0.161782 0 -0.986827 
vn -0.160858 0.106719 -0.981191 
vn -0.267528 0 -0.96355 
vn -0.266001 0.106719 -0.958047 
vn -0.370138 0 -0.928977 
vn -0.368024 0.106719 -0.923671 
vn -0.468408 0 -0.883512 
vn -0.465733 0.106719 -0.878466 
vn -0.561187 0 -0.827689 
vn -0.557982 0.106719 -0.822962 
vn -0.647386 0 -0.762162 
vn -0.643689 0.106719 -0.757809 
vn -0.725995 0 -0.687699 
vn -0.721849 0.106719 -0.683772 
vn -0.796093 0 -0.605174 
vn -0.791547 0.106719 -0.601718 
vn -0.856857 0 -0.515554 
vn -0.851964 0.106719 -0.51261 
vn -0.907575 0 -0.419889 
vn -0.902392 0.106719 -0.417491 
vn -0.947653 0 -0.319302 
vn -0.942241 0.106719 -0.317478 
vn -0.976621 0 -0.21497 
vn -0.971043 0.106719 -0.213743 
vn -0.994138 0 -0.108119 
vn -0.988461 0.106719 -0.107502 
vn -0.977222 0.21222 0 
vn -0.971493 0.21222 0.105656 
vn -0.954375 0.21222 0.210074 
vn -0.926067 0.21222 0.312028 
vn -0.886903 0.21222 0.410325 
vn -0.83734 0.21222 0.503811 
vn -0.77796 0.21222 0.59139 
vn -0.709459 0.21222 0.672035 
vn -0.63264 0.21222 0.744801 
vn -0.548404 0.21222 0.808836 
vn -0.457739 0.21222 0.863387 
vn -0.361707 0.21222 0.907816 
vn -0.261435 0.21222 0.941602 
vn -0.158097 0.21222 0.964349 
vn -0.0529057 0.21222 0.975789 
vn 0.0529057 0.21222 0.975789 
vn 0.158097 0.21222 0.964349 
vn 0.261435 0.21222 0.941602 
vn 0.361707 0.21222 0.907816 
vn 0.457739 0.21222 0.863387 
vn 0.548404 0.21222 0.808836 
vn 0.63264 0.21222 0.744801 
vn 0.709459 0.21222 0.672035 
vn 0.77796 0.21222 0.59139 
vn 0.83734 0.21222 0.503811 
vn 0.886903 0.21222 0.410325 
vn 0.926067 0.21222 0.312028 
vn 0.954375 0.21222 0.210074 
vn 0.971493 0.21222 0.105656 
vn 0.977222 0.21222 -2.03425e-16 
vn 0.971493 0.21222 -0.105656 
vn 0.954375 0.21222 -0.210074 
vn 0.926067 0.21222 -0.312028 
vn 0.886903 0.21222 -0.410325 
vn 0.83734 0.21222 -0.503811 
vn 0.77796 0.21222 -0.59139 
vn 0.709459 0.21222 -0.672035 
vn 0.63264 0.21222 -0.744801 
vn 0.548404 0.21222 -0.808836 
vn 0.457739 0.21222 -0.863387 
vn 0.361707 0.21222 -0.907816 
vn 0.261435 0.21222 -0.941602 
vn 0.158097 0.21222 -0.964349 
vn 0.0529057 0.21222 -0.975789 
vn -0.0529057 0.21222 -0.975789 
vn -0.158097 0.21222 -0.964349 
vn -0.261435 0.21222 -0.941602 
vn -0.361707 0.21222 -0.907816 
vn -0.457739 0.21222 -0.863387 
vn -0.548404 0.21222 -0.808836 
vn -0.63264 0.21222 -0.744801 
vn -0.709459 0.21222 -0.672035 
vn -0.77796 0.21222 -0.59139 
vn -0.83734 0.21222 -0.503811 
vn -0.886903 0.21222 -0.410325 
vn -0.926067 0.21222 -0.312028 
vn -0.954375 0.21222 -0.210074 
vn -0.971493 0.21222 -0.105656 
vn -0.948993 0.315297 0 
vn -0.94343 0.315297 0.102604 
vn -0.926806 0.315297 0.204005 
vn -0.899316 0.315297 0.303015 
vn -0.861283 0.315297 0.398472 
vn -0.813152 0.315297 0.489257 
vn -0.755487 0.315297 0.574306 
vn -0.688965 0.315297 0.652622 
vn -0.614365 0.315297 0.723287 
vn -0.532563 0.315297 0.785471 
vn -0.444516 0.315297 0.838447 
vn -0.351259 0.315297 0.881593 
vn -0.253883 0.315297 0.914402 
vn -0.15353 0.315297 0.936492 
vn -0.0513775 0.315297 0.947601 
vn 0.0513775 0.315297 0.947601 
vn 0.15353 0.315297 0.936492 
vn 0.253883 0.315297 0.914402 
vn 0.351259 0.315297 0.881593 
vn 0.444516 0.315297 0.838447 
vn 0.532563 0.315297 0.785471 
vn 0.614365 0.315297 0.723287 
vn 0.688965 0.315297 0.652622 
vn 0.755487 0.315297 0.574306 
vn 0.813152 0.315297 0.489257 
vn 0.861283 0.315297 0.398472 
vn 0.899316 0.315297 0.303015 
vn 0.926806 0.315297 0.204005 
vn 0.94343 0.315297 0.102604 
vn 0.948993 0.315297 -1.97549e-16 
vn 0.94343 0.315297 -0.102604 
vn 0.926806 0.315297 -0.204005 
vn 0.899316 0.315297 -0.303015 
vn 0.861283 0.315297 -0.398472 
vn 0.813152 0.315297 -0.489257 
vn 0.755487 0.315297 -0.574306 
vn 0.688965 0.315297 -0.652622 
vn 0.614365 0.315297 -0.723287 
vn 0.532563 0.315297 -0.785471 
vn 0.444516 0.315297 -0.838447 
vn 0.351259 0.315297 -0.881593 
vn 0.253883 0.315297 -0.914402 
vn 0.15353 0.315297 -0.936492 
vn 0.0513775 0.315297 -0.947601 
vn -0.0513775 0.315297 -0.947601 
vn -0.15353 0.315297 -0.936492 
vn -0.253883 0.315297 -0.914402 
vn -0.351259 0.315297 -0.881593 
vn -0.444516 0.315297 -0.838447 
vn -0.532563 0.315297 -0.785471 
vn -0.614365 0.315297 -0.723287 
vn -0.688965 0.315297 -0.652622 
vn -0.755487 0.315297 -0.574306 
vn -0.813152 0.315297 -0.489257 
vn -0.861283 0.315297 -0.398472 
vn -0.899316 0.315297 -0.303015 
vn -0.926806 0.315297 -0.204005 
vn -0.94343 0.315297 -0.102604 
vn -0.909925 0.414772 0 
vn -0.904591 0.414772 0.0983802 
vn -0.888652 0.414772 0.195607 
vn -0.862294 0.414772 0.290541 
vn -0.825826 0.414772 0.382068 
vn -0.779676 0.414772 0.469116 
vn -0.724385 0.414772 0.550663 
vn -0.660602 0.414772 0.625755 
vn -0.589073 0.414772 0.693511 
vn -0.510638 0.414772 0.753135 
vn -0.426217 0.414772 0.80393 
vn -0.336798 0.414772 0.845299 
vn -0.243431 0.414772 0.876759 
vn -0.14721 0.414772 0.897938 
vn -0.0492624 0.414772 0.908591 
vn 0.0492624 0.414772 0.908591 
vn 0.14721 0.414772 0.897938 
vn 0.243431 0.414772 0.876759 
vn 0.336798 0.414772 0.845299 
vn 0.426217 0.414772 0.80393 
vn 0.510638 0.414772 0.753135 
vn 0.589073 0.414772 0.693511 
vn 0.660602 0.414772 0.625755 
vn 0.724385 0.414772 0.550663 
vn 0.779676 0.414772 0.469116 
vn 0.825826 0.414772 0.382068 
vn 0.862294 0.414772 0.290541 
vn 0.888652 0.414772 0.195607 
vn 0.904591 0.414772 0.0983802 
vn 0.909925 0.414772 -1.89416e-16 
vn 0.904591 0.414772 -0.0983802 
vn 0.888652 0.414772 -0.195607 
vn 0.862294 0.414772 -0.290541 
vn 0.825826 0.414772 -0.382068 
vn 0.779676 0.414772 -0.469116 
vn 0.724385 0.414772 -0.550663 
vn 0.660602 0.414772 -0.625755 
vn 0.589073 0.414772 -0.693511 
vn 0.510638 0.414772 -0.753135 
vn 0.426217 0.414772 -0.80393 
vn 0.336798 0.414772 -0.845299 
vn 0.243431 0.414772 -0.876759 
vn 0.14721 0.414772 -0.897938 
vn 0.0492624 0.414772 -0.908591 
vn -0.0492624 0.414772 -0.908591 
vn -0.14721 0.414772 -0.897938 
vn -0.243431 0.414772 -0.876759 
vn -0.336798 0.414772 -0.845299 
vn -0.426217 0.414772 -0.80393 
vn -0.510638 0.414772 -0.753135 
vn -0.589073 0.414772 -0.693511 
vn -0.660602 0.414772 -0.625755 
vn -0.724385 0.414772 -0.550663 
vn -0.779676 0.414772 -0.469116 
vn -0.825826 0.414772 -0.382068 
vn -0.862294 0.414772 -0.290541 
vn -0.888652 0.414772 -0.195607 
vn -0.904591 0.414772 -0.0983802 
vn -0.860465 0.50951 0 
vn -0.855421 0.50951 0.0930326 
vn -0.840348 0.50951 0.184974 
vn -0.815422 0.50951 0.274748 
vn -0.780937 0.50951 0.3613 
vn -0.737295 0.50951 0.443616 
vn -0.68501 0.50951 0.520731 
vn -0.624693 0.50951 0.591741 
vn -0.557053 0.50951 0.655814 
vn -0.482882 0.50951 0.712197 
vn -0.403049 0.50951 0.760231 
vn -0.318491 0.50951 0.799352 
vn -0.230199 0.50951 0.829101 
vn -0.139208 0.50951 0.849129 
vn -0.0465846 0.50951 0.859203 
vn 0.0465846 0.50951 0.859203 
vn 0.139208 0.50951 0.849129 
vn 0.230199 0.50951 0.829101 
vn 0.318491 0.50951 0.799352 
vn 0.403049 0.50951 0.760231 
vn 0.482882 0.50951 0.712197 
vn 0.557053 0.50951 0.655814 
vn 0.624693 0.50951 0.591741 
vn 0.68501 0.50951 0.520731 
vn 0.737295 0.50951 0.443616 
vn 0.780937 0.50951 0.3613 
vn 0.815422 0.50951 0.274748 
vn 0.840348 0.50951 0.184974 
vn 0.855421 0.50951 0.0930326 
vn 0.860465 0.50951 -1.7912e-16 
vn 0.855421 0.50951 -0.0930326 
vn 0.840348 0.50951 -0.184974 
vn 0.815422 0.50951 -0.274748 
vn 0.780937 0.50951 -0.3613 
vn 0.737295 0.50951 -0.443616 
vn 0.68501 0.50951 -0.520731 
vn 0.624693 0.50951 -0.591741 
vn 0.557053 0.50951 -0.655814 
vn 0.482882 0.50951 -0.712197 
vn 0.403049 0.50951 -0.760231 
vn 0.318491 0.50951 -0.799352 
vn 0.230199 0.50951 -0.829101 
vn 0.139208 0.50951 -0.849129 
vn 0.0465846 0.50951 -0.859203 
vn -0.0465846 0.50951 -0.859203 
vn -0.139208 0.50951 -0.849129 
vn -0.230199 0.50951 -0.829101 
vn -0.318491 0.50951 -0.799352 
vn -0.403049 0.50951 -0.760231 
vn -0.482882 0.50951 -0.712197 
vn -0.557053 0.50951 -0.655814 
vn -0.624693 0.50951 -0.591741 
vn -0.68501 0.50951 -0.520731 
vn -0.737295 0.50951 -0.443616 
vn -0.780937 0.50951 -0.3613 
vn -0.815422 0.50951 -0.274748 
vn -0.840348 0.50951 -0.184974 
vn -0.855421 0.50951 -0.0930326 
vn -0.801176 0.598429 0 
vn -0.79648 0.598429 0.0866224 
vn -0.782445 0.598429 0.172229 
vn -0.759237 0.598429 0.255817 
vn -0.727128 0.598429 0.336405 
vn -0.686493 0.598429 0.413049 
vn -0.637811 0.598429 0.484851 
vn -0.58165 0.598429 0.550968 
vn -0.51867 0.598429 0.610626 
vn -0.44961 0.598429 0.663125 
vn -0.375278 0.598429 0.707849 
vn -0.296546 0.598429 0.744274 
vn -0.214337 0.598429 0.771973 
vn -0.129616 0.598429 0.790622 
vn -0.0433748 0.598429 0.800001 
vn 0.0433748 0.598429 0.800001 
vn 0.129616 0.598429 0.790622 
vn 0.214337 0.598429 0.771973 
vn 0.296546 0.598429 0.744274 
vn 0.375278 0.598429 0.707849 
vn 0.44961 0.598429 0.663125 
vn 0.51867 0.598429 0.610626 
vn 0.58165 0.598429 0.550968 
vn 0.637811 0.598429 0.484851 
vn 0.686493 0.598429 0.413049 
vn 0.727128 0.598429 0.336405 
vn 0.759237 0.598429 0.255817 
vn 0.782445 0.598429 0.172229 
vn 0.79648 0.598429 0.0866224 
vn 0.801176 0.598429 -1.66778e-16 
vn 0.79648 0.598429 -0.0866224 
vn 0.782445 0.598429 -0.172229 
vn 0.759237 0.598429 -0.255817 
vn 0.727128 0.598429 -0.336405 
vn 0.686493 0.598429 -0.413049 
vn 0.637811 0.598429 -0.484851 
vn 0.58165 0.598429 -0.550968 
vn 0.51867 0.598429 -0.610626 
vn 0.44961 0.598429 -0.663125 
vn 0.375278 0.598429 -0.707849 
vn 0.296546 0.598429 -0.744274 
vn 0.214337 0.598429 -0.771973 
vn 0.129616 0.598429 -0.790622 
vn 0.0433748 0.598429 -0.800001 
vn -0.0433748 0.598429 -0.800001 
vn -0.129616 0.598429 -0.790622 
vn -0.214337 0.598429 -0.771973 
vn -0.296546 0.598429 -0.744274 
vn -0.375278 0.598429 -0.707849 
vn -0.44961 0.598429 -0.663125 
vn -0.51867 0.598429 -0.610626 
vn -0.58165 0.598429 -0.550968 
vn -0.637811 0.598429 -0.484851 
vn -0.686493 0.598429 -0.413049 
vn -0.727128 0.598429 -0.336405 
vn -0.759237 0.598429 -0.255817 
vn -0.782445 0.598429 -0.172229 
vn -0.79648 0.598429 -0.0866224 
vn -0.732737 0.680512 0 
vn -0.728441 0.680512 0.0792228 
vn -0.715606 0.680512 0.157517 
vn -0.69438 0.680512 0.233964 
vn -0.665014 0.680512 0.307668 
vn -0.627851 0.680512 0.377765 
vn -0.583327 0.680512 0.443433 
vn -0.531964 0.680512 0.503903 
vn -0.474364 0.680512 0.558464 
vn -0.411202 0.680512 0.606478 
vn -0.34322 0.680512 0.647382 
vn -0.271214 0.680512 0.680695 
vn -0.196028 0.680512 0.706028 
vn -0.118544 0.680512 0.723084 
vn -0.0396696 0.680512 0.731662 
vn 0.0396696 0.680512 0.731662 
vn 0.118544 0.680512 0.723084 
vn 0.196028 0.680512 0.706028 
vn 0.271214 0.680512 0.680695 
vn 0.34322 0.680512 0.647382 
vn 0.411202 0.680512 0.606478 
vn 0.474364 0.680512 0.558464 
vn 0.531964 0.680512 0.503903 
vn 0.583327 0.680512 0.443433 
vn 0.627851 0.680512 0.377765 
vn 0.665014 0.680512 0.307668 
vn 0.69438 0.680512 0.233964 
vn 0.715606 0.680512 0.157517 
vn 0.728441 0.680512 0.0792228 
vn 0.732737 0.680512 -1.52531e-16 
vn 0.728441 0.680512 -0.0792228 
vn 0.715606 0.680512 -0.157517 
vn 0.69438 0.680512 -0.233964 
vn 0.665014 0.680512 -0.307668 
vn 0.627851 0.680512 -0.377765 
vn 0.583327 0.680512 -0.443433 
vn 0.531964 0.680512 -0.503903 
vn 0.474364 0.680512 -0.558464 
vn 0.411202 0.680512 -0.606478 
vn 0.34322 0.680512 -0.647382 
vn 0.271214 0.680512 -0.680695 
vn 0.196028 0.680512 -0.706028 
vn 0.118544 0.680512 -0.723084 
vn 0.0396696 0.680512 -0.731662 
vn -0.0396696 0.680512 -0.731662 
vn -0.118544 0.680512 -0.723084 
vn -0.196028 0.680512 -0.706028 
vn -0.271214 0.680512 -0.680695 
vn -0.34322 0.680512 -0.647382 
vn -0.411202 0.680512 -0.606478 
vn -0.474364 0.680512 -0.558464 
vn -0.531964 0.680512 -0.503903 
vn -0.583327 0.680512 -0.443433 
vn -0.627851 0.680512 -0.377765 
vn -0.665014 0.680512 -0.307668 
vn -0.69438 0.680512 -0.233964 
vn -0.715606 0.680512 -0.157517 
vn -0.728441 0.680512 -0.0792228 
vn -0.655928 0.754823 0 
vn -0.652083 0.754823 0.0709183 
vn -0.640593 0.754823 0.141005 
vn -0.621593 0.754823 0.209439 
vn -0.595304 0.754823 0.275417 
vn -0.562037 0.754823 0.338166 
vn -0.52218 0.754823 0.396951 
vn -0.476201 0.754823 0.451082 
vn -0.424639 0.754823 0.499924 
vn -0.368098 0.754823 0.542905 
vn -0.307242 0.754823 0.579521 
vn -0.242784 0.754823 0.609342 
vn -0.175479 0.754823 0.63202 
vn -0.106117 0.754823 0.647287 
vn -0.0355112 0.754823 0.654966 
vn 0.0355112 0.754823 0.654966 
vn 0.106117 0.754823 0.647287 
vn 0.175479 0.754823 0.63202 
vn 0.242784 0.754823 0.609342 
vn 0.307242 0.754823 0.579521 
vn 0.368098 0.754823 0.542905 
vn 0.424639 0.754823 0.499924 
vn 0.476201 0.754823 0.451082 
vn 0.52218 0.754823 0.396951 
vn 0.562037 0.754823 0.338166 
vn 0.595304 0.754823 0.275417 
vn 0.621593 0.754823 0.209439 
vn 0.640593 0.754823 0.141005 
vn 0.652083 0.754823 0.0709183 
vn 0.655928 0.754823 -1.36543e-16 
vn 0.652083 0.754823 -0.0709183 
vn 0.640593 0.754823 -0.141005 
vn 0.621593 0.754823 -0.209439 
vn 0.595304 0.754823 -0.275417 
vn 0.562037 0.754823 -0.338166 
vn 0.52218 0.754823 -0.396951 
vn 0.476201 0.754823 -0.451082 
vn 0.424639 0.754823 -0.499924 
vn 0.368098 0.754823 -0.542905 
vn 0.307242 0.754823 -0.579521 
vn 0.242784 0.754823 -0.609342 
vn 0.175479 0.754823 -0.63202 
vn 0.106117 0.754823 -0.647287 
vn 0.0355112 0.754823 -0.654966 
vn -0.0355112 0.754823 -0.654966 
vn -0.106117 0.754823 -0.647287 
vn -0.175479 0.754823 -0.63202 
vn -0.242784 0.754823 -0.609342 
vn -0.307242 0.754823 -0.579521 
vn -0.368098 0.754823 -0.542905 
vn -0.424639 0.754823 -0.499924 
vn -0.476201 0.754823 -0.451082 
vn -0.52218 0.754823 -0.396951 
vn -0.562037 0.754823 -0.338166 
vn -0.595304 0.754823 -0.275417 
vn -0.621593 0.754823 -0.209439 
vn -0.640593 0.754823 -0.141005 
vn -0.652083 0.754823 -0.0709183 
vn -0.571628 0.820513 0 
vn -0.568277 0.820513 0.0618039 
vn -0.558264 0.820513 0.122883 
vn -0.541705 0.820513 0.182522 
vn -0.518796 0.820513 0.24002 
vn -0.489804 0.820513 0.294705 
vn -0.455069 0.820513 0.345935 
vn -0.414999 0.820513 0.393108 
vn -0.370064 0.820513 0.435673 
vn -0.32079 0.820513 0.47313 
vn -0.267755 0.820513 0.50504 
vn -0.211581 0.820513 0.531029 
vn -0.152927 0.820513 0.550792 
vn -0.0924791 0.820513 0.564098 
vn -0.0309473 0.820513 0.57079 
vn 0.0309473 0.820513 0.57079 
vn 0.0924791 0.820513 0.564098 
vn 0.152927 0.820513 0.550792 
vn 0.211581 0.820513 0.531029 
vn 0.267755 0.820513 0.50504 
vn 0.32079 0.820513 0.47313 
vn 0.370064 0.820513 0.435673 
vn 0.414999 0.820513 0.393108 
vn 0.455069 0.820513 0.345935 
vn 0.489804 0.820513 0.294705 
vn 0.518796 0.820513 0.24002 
vn 0.541705 0.820513 0.182522 
vn 0.558264 0.820513 0.122883 
vn 0.568277 0.820513 0.0618039 
vn 0.571628 0.820513 -1.18994e-16 
vn 0.568277 0.820513 -0.0618039 
vn 0.558264 0.820513 -0.122883 
vn 0.541705 0.820513 -0.182522 
vn 0.518796 0.820513 -0.24002 
vn 0.489804 0.820513 -0.294705 
vn 0.455069 0.820513 -0.345935 
vn 0.414999 0.820513 -0.393108 
vn 0.370064 0.820513 -0.435673 
vn 0.32079 0.820513 -0.47313 
vn 0.267755 0.820513 -0.50504 
vn 0.211581 0.820513 -0.531029 
vn 0.152927 0.820513 -0.550792 
vn 0.0924791 0.820513 -0.564098 
vn 0.0309473 0.820513 -0.57079 
vn -0.0309473 0.820513 -0.57079 
vn -0.0924791 0.820513 -0.564098 
vn -0.152927 0.820513 -0.550792 
vn -0.211581 0.820513 -0.531029 
vn -0.267755 0.820513 -0.50504 
vn -0.32079 0.820513 -0.47313 
vn -0.370064 0.820513 -0.435673 
vn -0.414999 0.820513 -0.393108 
vn -0.455069 0.820513 -0.345935 
vn -0.489804 0.820513 -0.294705 
vn -0.518796 0.820513 -0.24002 
vn -0.541705 0.820513 -0.182522 
vn -0.558264 0.820513 -0.122883 
vn -0.568277 0.820513 -0.0618039 
vn 0 1 0 
vn 1.16685e-16 0 1 
vn 0 -1 0 
vn 1 0 0 
vn 0 0 -1 
vn -1 0 0 
vn -0.104528 0 -0.994522 
vn -0.207912 0 -0.978148 
vn -0.309017 0 -0.951057 
vn -0.406737 0 -0.913545 
vn -0.5 0 -0.866025 
vn -0.587785 0 -0.809017 
vn -0.669131 0 -0.743145 
vn -0.743145 0 -0.669131 
vn -0.809017 0 -0.587785 
vn -0.866025 0 -0.5 
vn -0.913545 0 -0.406737 
vn -0.951057 0 -0.309017 
vn -0.978148 0 -0.207912 
vn -0.994522 0 -0.104528 
vn -1 0 -1.22465e-16 
vn 1.83697e-16 0 1 
vn -0.104528 0 0.994522 
vn -0.207912 0 0.978148 
vn -0.309017 0 0.951057 
vn -0.406737 0 0.913545 
vn -0.5 0 0.866025 
vn -0.587785 0 0.809017 
vn -0.669131 0 0.743145 
vn -0.743145 0 0.669131 
vn -0.809017 0 0.587785 
vn -0.866025 0 0.5 
vn -0.913545 0 0.406737 
vn -0.951057 0 0.309017 
vn -0.978148 0 0.207912 
vn -0.994522 0 0.104528 
vn -1 0 2.44929e-16 
vn -1.83697e-16 0 1 
vn 0.104528 0 0.994522 
vn 0.207912 0 0.978148 
vn 0.309017 0 0.951057 
vn 0.406737 0 0.913545 
vn 0.5 0 0.866025 
vn 0.587785 0 0.809017 
vn 0.669131 0 0.743145 
vn 0.743145 0 0.669131 
vn 0.809017 0 0.587785 
vn 0.866025 0 0.5 
vn 0.913545 0 0.406737 
vn 0.951057 0 0.309017 
vn 0.978148 0 0.207912 
vn 0.994522 0 0.104528 
vn 1 0 2.44929e-16 
vn -6.12323e-17 0 -1 
vn 0.104528 0 -0.994522 
vn 0.207912 0 -0.978148 
vn 0.309017 0 -0.951057 
vn 0.406737 0 -0.913545 
vn 0.5 0 -0.866025 
vn 0.587785 0 -0.809017 
vn 0.669131 0 -0.743145 
vn 0.743145 0 -0.669131 
vn 0.809017 0 -0.587785 
vn 0.866025 0 -0.5 
vn 0.913545 0 -0.406737 
vn 0.951057 0 -0.309017 
vn 0.978148 0 -0.207912 
vn 0.994522 0 -0.104528 
vn 1 0 -1.22465e-16 
vn 0.994138 0 -0.108119 
vn 0.976621 0 -0.21497 
vn 0.947653 0 -0.319302 
vn 0.907575 0 -0.419889 
vn 0.856857 0 -0.515554 
vn 0.796093 0 -0.605174 
vn 0.725995 0 -0.687699 
vn 0.647386 0 -0.762162 
vn 0.561187 0 -0.827689 
vn 0.468408 0 -0.883512 
vn 0.370138 0 -0.928977 
vn 0.267528 0 -0.96355 
vn 0.161782 0 -0.986827 
vn 0.0541389 0 -0.998533 
vn -0.0541389 0 -0.998533 
vn -0.161782 0 -0.986827 
vn -0.267528 0 -0.96355 
vn -0.370138 0 -0.928977 
vn -0.468408 0 -0.883512 
vn -0.561187 0 -0.827689 
vn -0.647386 0 -0.762162 
vn -0.725995 0 -0.687699 
vn -0.796093 0 -0.605174 
vn -0.856857 0 -0.515554 
vn -0.907575 0 -0.419889 
vn -0.947653 0 -0.319302 
vn -0.976621 0 -0.21497 
vn -0.994138 0 -0.108119 
vn -1 0 1.22465e-16 
vn -0.994138 0 0.108119 
vn -0.976621 0 0.21497 
vn -0.947653 0 0.319302 
vn -0.907575 0 0.419889 
vn -0.856857 0 0.515554 
vn -0.796093 0 0.605174 
vn -0.725995 0 0.687699 
vn -0.647386 0 0.762162 
vn -0.561187 0 0.827689 
vn -0.468408 0 0.883512 
vn -0.370138 0 0.928977 
vn -0.267528 0 0.96355 
vn -0.161782 0 0.986827 
vn -0.0541389 0 0.998533 
vn 0.0541389 0 0.998533 
vn 0.161782 0 0.986827 
vn 0.267528 0 0.96355 
vn 0.370138 0 0.928977 
vn 0.468408 0 0.883512 
vn 0.561187 0 0.827689 
vn 0.647386 0 0.762162 
vn 0.725995 0 0.687699 
vn 0.796093 0 0.605174 
vn 0.856857 0 0.515554 
vn 0.907575 0 0.419889 
vn 0.947653 0 0.319302 
vn 0.976621 0 0.21497 
vn 0.994138 0 0.108119 
vn 0.994138 0 -0.108119 
vn 1 0 -2.44929e-16 
vn 0.976621 0 -0.21497 
vn 0.994138 0 -0.108119 
vn 0.947653 0 -0.319302 
vn 0.976621 0 -0.21497 
vn 0.907575 0 -0.419889 
vn 0.947653 0 -0.319302 
vn 0.856857 0 -0.515554 
vn 0.907575 0 -0.419889 
vn 0.796093 0 -0.605174 
vn 0.856857 0 -0.515554 
vn 0.725995 0 -0.687699 
vn 0.796093 0 -0.605174 
vn 0.647386 0 -0.762162 
vn 0.725995 0 -0.687699 
vn 0.561187 0 -0.827689 
vn 0.647386 0 -0.762162 
vn 0.468408 0 -0.883512 
vn 0.561187 0 -0.827689 
vn 0.370138 0 -0.928977 
vn 0.468408 0 -0.883512 
vn 0.267528 0 -0.96355 
vn 0.370138 0 -0.928977 
vn 0.161782 0 -0.986827 
vn 0.267528 0 -0.96355 
vn 0.0541389 0 -0.998533 
vn 0.161782 0 -0.986827 
vn -0.0541389 0 -0.998533 
vn 0.0541389 0 -0.998533 
vn -0.161782 0 -0.986827 
vn -0.0541389 0 -0.998533 
vn -0.267528 0 -0.96355 
vn -0.161782 0 -0.986827 
vn -0.370138 0 -0.928977 
vn -0.267528 0 -0.96355 
vn -0.468408 0 -0.883512 
vn -0.370138 0 -0.928977 
vn -0.561187 0 -0.827689 
vn -0.468408 0 -0.883512 
vn -0.647386 0 -0.762162 
vn -0.561187 0 -0.827689 
vn -0.725995 0 -0.687699 
vn -0.647386 0 -0.762162 
vn -0.796093 0 -0.605174 
vn -0.725995 0 -0.687699 
vn -0.856857 0 -0.515554 
vn -0.796093 0 -0.605174 
vn -0.907575 0 -0.419889 
vn -0.856857 0 -0.515554 
vn -0.947653 0 -0.319302 
vn -0.907575 0 -0.419889 
vn -0.976621 0 -0.21497 
vn -0.947653 0 -0.319302 
vn -0.994138 0 -0.108119 
vn -0.976621 0 -0.21497 
vn -1 0 1.22465e-16 
vn -0.994138 0 -0.108119 
vn -0.994138 0 0.108119 
vn -1 0 1.22465e-16 
vn -0.976621 0 0.21497 
vn -0.994138 0 0.108119 
vn -0.947653 0 0.319302 
vn -0.976621 0 0.21497 
vn -0.907575 0 0.419889 
vn -0.947653 0 0.319302 
vn -0.856857 0 0.515554 
vn -0.907575 0 0.419889 
vn -0.796093 0 0.605174 
vn -0.856857 0 0.515554 
vn -0.725995 0 0.687699 
vn -0.796093 0 0.605174 
vn -0.647386 0 0.762162 
vn -0.725995 0 0.687699 
vn -0.561187 0 0.827689 
vn -0.647386 0 0.762162 
vn -0.468408 0 0.883512 
vn -0.561187 0 0.827689 
vn -0.370138 0 0.928977 
vn -0.468408 0 0.883512 
vn -0.267528 0 0.96355 
vn -0.370138 0 0.928977 
vn -0.161782 0 0.986827 
vn -0.267528 0 0.96355 
vn -0.0541389 0 0.998533 
vn -0.161782 0 0.986827 
vn 0.0541389 0 0.998533 
vn -0.0541389 0 0.998533 
vn 0.161782 0 0.986827 
vn 0.0541389 0 0.998533 
vn 0.267528 0 0.96355 
vn 0.161782 0 0.986827 
vn 0.370138 0 0.928977 
vn 0.267528 0 0.96355 
vn 0.468408 0 0.883512 
vn 0.370138 0 0.928977 
vn 0.561187 0 0.827689 
vn 0.468408 0 0.883512 
vn 0.647386 0 0.762162 
vn 0.561187 0 0.827689 
vn 0.725995 0 0.687699 
vn 0.647386 0 0.762162 
vn 0.796093 0 0.605174 
vn 0.725995 0 0.687699 
vn 0.856857 0 0.515554 
vn 0.796093 0 0.605174 
vn 0.907575 0 0.419889 
vn 0.856857 0 0.515554 
vn 0.947653 0 0.319302 
vn 0.907575 0 0.419889 
vn 0.976621 0 0.21497 
vn 0.947653 0 0.319302 
vn 0.994138 0 0.108119 
vn 0.976621 0 0.21497 
usemtl 0.615686_0.811765_0.929412_0.000000_0.000000
o mesh0
f 59//1 1//2 2//3 
f 60//4 2//3 3//5 
f 61//6 3//5 4//7 
f 62//8 4//7 5//9 
f 63//10 5//9 6//11 
f 64//12 6//11 7//13 
f 65//14 7//13 8//15 
f 66//16 8//15 9//17 
f 67//18 9//17 10//19 
f 68//20 10//19 11//21 
f 69//22 11//21 12//23 
f 70//24 12//23 13//25 
f 71//26 13//25 14//27 
f 72//28 14//27 15//29 
f 73//30 15//29 16//31 
f 74//32 16//31 17//33 
f 75//34 17//33 18//35 
f 76//36 18//35 19//37 
f 77//38 19//37 20//39 
f 78//40 20//39 21//41 
f 79//42 21//41 22//43 
f 80//44 22//43 23//45 
f 81//46 23//45 24//47 
f 82//48 24//47 25//49 
f 83//50 25//49 26//51 
f 84//52 26//51 27//53 
f 85//54 27//53 28//55 
f 86//56 28//55 29//57 
f 87//58 29//57 30//59 
f 88//60 30//59 31//61 
f 89//62 31//61 32//63 
f 90//64 32//63 33//65 
f 91//66 33//65 34//67 
f 92//68 34//67 35//69 
f 93//70 35//69 36//71 
f 94//72 36//71 37//73 
f 95//74 37//73 38//75 
f 96//76 38//75 39//77 
f 97//78 39//77 40//79 
f 98//80 40//79 41//81 
f 99//82 41//81 42//83 
f 100//84 42//83 43//85 
f 101//86 43//85 44//87 
f 102//88 44//87 45//89 
f 103//90 45//89 46//91 
f 104//92 46//91 47//93 
f 105//94 47//93 48//95 
f 106//96 48//95 49//97 
f 107//98 49//97 50//99 
f 108//100 50//99 51//101 
f 109//102 51//101 52//103 
f 110//104 52//103 53//105 
f 111//106 53//105 54//107 
f 112//108 54//107 55//109 
f 113//110 55//109 56//111 
f 114//112 56//111 57//113 
f 115//114 57//113 58//115 
f 116//116 58//115 1//2 
f 117//117 59//1 60//4 
f 118//118 60//4 61//6 
f 119//119 61//6 62//8 
f 120//120 62//8 63//10 
f 121//121 63//10 64//12 
f 122//122 64//12 65//14 
f 123//123 65//14 66//16 
f 124//124 66//16 67//18 
f 125//125 67//18 68//20 
f 126//126 68//20 69//22 
f 127//127 69//22 70//24 
f 128//128 70//24 71//26 
f 129//129 71//26 72//28 
f 130//130 72//28 73//30 
f 131//131 73//30 74//32 
f 132//132 74//32 75//34 
f 133//133 75//34 76//36 
f 134//134 76//36 77//38 
f 135//135 77//38 78//40 
f 136//136 78//40 79//42 
f 137//137 79//42 80//44 
f 138//138 80//44 81//46 
f 139//139 81//46 82//48 
f 140//140 82//48 83//50 
f 141//141 83//50 84//52 
f 142//142 84//52 85//54 
f 143//143 85//54 86//56 
f 144//144 86//56 87//58 
f 145//145 87//58 88//60 
f 146//146 88//60 89//62 
f 147//147 89//62 90//64 
f 148//148 90//64 91//66 
f 149//149 91//66 92//68 
f 150//150 92//68 93//70 
f 151//151 93//70 94//72 
f 152//152 94//72 95//74 
f 153//153 95//74 96//76 
f 154//154 96//76 97//78 
f 155//155 97//78 98//80 
f 156//156 98//80 99//82 
f 157//157 99//82 100//84 
f 158//158 100//84 101//86 
f 159//159 101//86 102//88 
f 160//160 102//88 103//90 
f 161//161 103//90 104//92 
f 162//162 104//92 105//94 
f 163//163 105//94 106//96 
f 164//164 106//96 107//98 
f 165//165 107//98 108//100 
f 166//166 108//100 109//102 
f 167//167 109//102 110//104 
f 168//168 110//104 111//106 
f 169//169 111//106 112//108 
f 170//170 112//108 113//110 
f 171//171 113//110 114//112 
f 172//172 114//112 115//114 
f 173//173 115//114 116//116 
f 174//174 116//116 59//1 
f 175//175 117//117 118//118 
f 176//176 118//118 119//119 
f 177//177 119//119 120//120 
f 178//178 120//120 121//121 
f 179//179 121//121 122//122 
f 180//180 122//122 123//123 
f 181//181 123//123 124//124 
f 182//182 124//124 125//125 
f 183//183 125//125 126//126 
f 184//184 126//126 127//127 
f 185//185 127//127 128//128 
f 186//186 128//128 129//129 
f 187//187 129//129 130//130 
f 188//188 130//130 131//131 
f 189//189 131//131 132//132 
f 190//190 132//132 133//133 
f 191//191 133//133 134//134 
f 192//192 134//134 135//135 
f 193//193 135//135 136//136 
f 194//194 136//136 137//137 
f 195//195 137//137 138//138 
f 196//196 138//138 139//139 
f 197//197 139//139 140//140 
f 198//198 140//140 141//141 
f 199//199 141//141 142//142 
f 200//200 142//142 143//143 
f 201//201 143//143 144//144 
f 202//202 144//144 145//145 
f 203//203 145//145 146//146 
f 204//204 146//146 147//147 
f 205//205 147//147 148//148 
f 206//206 148//148 149//149 
f 207//207 149//149 150//150 
f 208//208 150//150 151//151 
f 209//209 151//151 152//152 
f 210//210 152//152 153//153 
f 211//211 153//153 154//154 
f 212//212 154//154 155//155 
f 213//213 155//155 156//156 
f 214//214 156//156 157//157 
f 215//215 157//157 158//158 
f 216//216 158//158 159//159 
f 217//217 159//159 160//160 
f 218//218 160//160 161//161 
f 219//219 161//161 162//162 
f 220//220 162//162 163//163 
f 221//221 163//163 164//164 
f 222//222 164//164 165//165 
f 223//223 165//165 166//166 
f 224//224 166//166 167//167 
f 225//225 167//167 168//168 
f 226//226 168//168 169//169 
f 227//227 169//169 170//170 
f 228//228 170//170 171//171 
f 229//229 171//171 172//172 
f 230//230 172//172 173//173 
f 231//231 173//173 174//174 
f 232//232 174//174 117//117 
f 233//233 175//175 176//176 
f 234//234 176//176 177//177 
f 235//235 177//177 178//178 
f 236//236 178//178 179//179 
f 237//237 179//179 180//180 
f 238//238 180//180 181//181 
f 239//239 181//181 182//182 
f 240//240 182//182 183//183 
f 241//241 183//183 184//184 
f 242//242 184//184 185//185 
f 243//243 185//185 186//186 
f 244//244 186//186 187//187 
f 245//245 187//187 188//188 
f 246//246 188//188 189//189 
f 247//247 189//189 190//190 
f 248//248 190//190 191//191 
f 249//249 191//191 192//192 
f 250//250 192//192 193//193 
f 251//251 193//193 194//194 
f 252//252 194//194 195//195 
f 253//253 195//195 196//196 
f 254//254 196//196 197//197 
f 255//255 197//197 198//198 
f 256//256 198//198 199//199 
f 257//257 199//199 200//200 
f 258//258 200//200 201//201 
f 259//259 201//201 202//202 
f 260//260 202//202 203//203 
f 261//261 203//203 204//204 
f 262//262 204//204 205//205 
f 263//263 205//205 206//206 
f 264//264 206//206 207//207 
f 265//265 207//207 208//208 
f 266//266 208//208 209//209 
f 267//267 209//209 210//210 
f 268//268 210//210 211//211 
f 269//269 211//211 212//212 
f 270//270 212//212 213//213 
f 271//271 213//213 214//214 
f 272//272 214//214 215//215 
f 273//273 215//215 216//216 
f 274//274 216//216 217//217 
f 275//275 217//217 218//218 
f 276//276 218//218 219//219 
f 277//277 219//219 220//220 
f 278//278 220//220 221//221 
f 279//279 221//221 222//222 
f 280//280 222//222 223//223 
f 281//281 223//223 224//224 
f 282//282 224//224 225//225 
f 283//283 225//225 226//226 
f 284//284 226//226 227//227 
f 285//285 227//227 228//228 
f 286//286 228//228 229//229 
f 287//287 229//229 230//230 
f 288//288 230//230 231//231 
f 289//289 231//231 232//232 
f 290//290 232//232 175//175 
f 291//291 233//233 234//234 
f 292//292 234//234 235//235 
f 293//293 235//235 236//236 
f 294//294 236//236 237//237 
f 295//295 237//237 238//238 
f 296//296 238//238 239//239 
f 297//297 239//239 240//240 
f 298//298 240//240 241//241 
f 299//299 241//241 242//242 
f 300//300 242//242 243//243 
f 301//301 243//243 244//244 
f 302//302 244//244 245//245 
f 303//303 245//245 246//246 
f 304//304 246//246 247//247 
f 305//305 247//247 248//248 
f 306//306 248//248 249//249 
f 307//307 249//249 250//250 
f 308//308 250//250 251//251 
f 309//309 251//251 252//252 
f 310//310 252//252 253//253 
f 311//311 253//253 254//254 
f 312//312 254//254 255//255 
f 313//313 255//255 256//256 
f 314//314 256//256 257//257 
f 315//315 257//257 258//258 
f 316//316 258//258 259//259 
f 317//317 259//259 260//260 
f 318//318 260//260 261//261 
f 319//319 261//261 262//262 
f 320//320 262//262 263//263 
f 321//321 263//263 264//264 
f 322//322 264//264 265//265 
f 323//323 265//265 266//266 
f 324//324 266//266 267//267 
f 325//325 267//267 268//268 
f 326//326 268//268 269//269 
f 327//327 269//269 270//270 
f 328//328 270//270 271//271 
f 329//329 271//271 272//272 
f 330//330 272//272 273//273 
f 331//331 273//273 274//274 
f 332//332 274//274 275//275 
f 333//333 275//275 276//276 
f 334//334 276//276 277//277 
f 335//335 277//277 278//278 
f 336//336 278//278 279//279 
f 337//337 279//279 280//280 
f 338//338 280//280 281//281 
f 339//339 281//281 282//282 
f 340//340 282//282 283//283 
f 341//341 283//283 284//284 
f 342//342 284//284 285//285 
f 343//343 285//285 286//286 
f 344//344 286//286 287//287 
f 345//345 287//287 288//288 
f 346//346 288//288 289//289 
f 347//347 289//289 290//290 
f 348//348 290//290 233//233 
f 349//349 291//291 292//292 
f 350//350 292//292 293//293 
f 351//351 293//293 294//294 
f 352//352 294//294 295//295 
f 353//353 295//295 296//296 
f 354//354 296//296 297//297 
f 355//355 297//297 298//298 
f 356//356 298//298 299//299 
f 357//357 299//299 300//300 
f 358//358 300//300 301//301 
f 359//359 301//301 302//302 
f 360//360 302//302 303//303 
f 361//361 303//303 304//304 
f 362//362 304//304 305//305 
f 363//363 305//305 306//306 
f 364//364 306//306 307//307 
f 365//365 307//307 308//308 
f 366//366 308//308 309//309 
f 367//367 309//309 310//310 
f 368//368 310//310 311//311 
f 369//369 311//311 312//312 
f 370//370 312//312 313//313 
f 371//371 313//313 314//314 
f 372//372 314//314 315//315 
f 373//373 315//315 316//316 
f 374//374 316//316 317//317 
f 375//375 317//317 318//318 
f 376//376 318//318 319//319 
f 377//377 319//319 320//320 
f 378//378 320//320 321//321 
f 379//379 321//321 322//322 
f 380//380 322//322 323//323 
f 381//381 323//323 324//324 
f 382//382 324//324 325//325 
f 383//383 325//325 326//326 
f 384//384 326//326 327//327 
f 385//385 327//327 328//328 
f 386//386 328//328 329//329 
f 387//387 329//329 330//330 
f 388//388 330//330 331//331 
f 389//389 331//331 332//332 
f 390//390 332//332 333//333 
f 391//391 333//333 334//334 
f 392//392 334//334 335//335 
f 393//393 335//335 336//336 
f 394//394 336//336 337//337 
f 395//395 337//337 338//338 
f 396//396 338//338 339//339 
f 397//397 339//339 340//340 
f 398//398 340//340 341//341 
f 399//399 341//341 342//342 
f 400//400 342//342 343//343 
f 401//401 343//343 344//344 
f 402//402 344//344 345//345 
f 403//403 345//345 346//346 
f 404//404 346//346 347//347 
f 405//405 347//347 348//348 
f 406//406 348//348 291//291 
f 407//407 349//349 350//350 
f 408//408 350//350 351//351 
f 409//409 351//351 352//352 
f 410//410 352//352 353//353 
f 411//411 353//353 354//354 
f 412//412 354//354 355//355 
f 413//413 355//355 356//356 
f 414//414 356//356 357//357 
f 415//415 357//357 358//358 
f 416//416 358//358 359//359 
f 417//417 359//359 360//360 
f 418//418 360//360 361//361 
f 419//419 361//361 362//362 
f 420//420 362//362 363//363 
f 421//421 363//363 364//364 
f 422//422 364//364 365//365 
f 423//423 365//365 366//366 
f 424//424 366//366 367//367 
f 425//425 367//367 368//368 
f 426//426 368//368 369//369 
f 427//427 369//369 370//370 
f 428//428 370//370 371//371 
f 429//429 371//371 372//372 
f 430//430 372//372 373//373 
f 431//431 373//373 374//374 
f 432//432 374//374 375//375 
f 433//433 375//375 376//376 
f 434//434 376//376 377//377 
f 435//435 377//377 378//378 
f 436//436 378//378 379//379 
f 437//437 379//379 380//380 
f 438//438 380//380 381//381 
f 439//439 381//381 382//382 
f 440//440 382//382 383//383 
f 441//441 383//383 384//384 
f 442//442 384//384 385//385 
f 443//443 385//385 386//386 
f 444//444 386//386 387//387 
f 445//445 387//387 388//388 
f 446//446 388//388 389//389 
f 447//447 389//389 390//390 
f 448//448 390//390 391//391 
f 449//449 391//391 392//392 
f 450//450 392//392 393//393 
f 451//451 393//393 394//394 
f 452//452 394//394 395//395 
f 453//453 395//395 396//396 
f 454//454 396//396 397//397 
f 455//455 397//397 398//398 
f 456//456 398//398 399//399 
f 457//457 399//399 400//400 
f 458//458 400//400 401//401 
f 459//459 401//401 402//402 
f 460//460 402//402 403//403 
f 461//461 403//403 404//404 
f 462//462 404//404 405//405 
f 463//463 405//405 406//406 
f 464//464 406//406 349//349 
f 465//465 464//464 407//407 
f 465//465 463//463 464//464 
f 465//465 462//462 463//463 
f 465//465 461//461 462//462 
f 465//465 460//460 461//461 
f 465//465 459//459 460//460 
f 465//465 458//458 459//459 
f 465//465 457//457 458//458 
f 465//465 456//456 457//457 
f 465//465 455//455 456//456 
f 465//465 454//454 455//455 
f 465//465 453//453 454//454 
f 465//465 452//452 453//453 
f 465//465 451//451 452//452 
f 465//465 450//450 451//451 
f 465//465 449//449 450//450 
f 465//465 448//448 449//449 
f 465//465 447//447 448//448 
f 465//465 446//446 447//447 
f 465//465 445//445 446//446 
f 465//465 444//444 445//445 
f 465//465 443//443 444//444 
f 465//465 442//442 443//443 
f 465//465 441//441 442//442 
f 465//465 440//440 441//441 
f 465//465 439//439 440//440 
f 465//465 438//438 439//439 
f 465//465 437//437 438//438 
f 465//465 436//436 437//437 
f 465//465 435//435 436//436 
f 465//465 434//434 435//435 
f 465//465 433//433 434//434 
f 465//465 432//432 433//433 
f 465//465 431//431 432//432 
f 465//465 430//430 431//431 
f 465//465 429//429 430//430 
f 465//465 428//428 429//429 
f 465//465 427//427 428//428 
f 465//465 426//426 427//427 
f 465//465 425//425 426//426 
f 465//465 424//424 425//425 
f 465//465 423//423 424//424 
f 465//465 422//422 423//423 
f 465//465 421//421 422//422 
f 465//465 420//420 421//421 
f 465//465 419//419 420//420 
f 465//465 418//418 419//419 
f 465//465 417//417 418//418 
f 465//465 416//416 417//417 
f 465//465 415//415 416//416 
f 465//465 414//414 415//415 
f 465//465 413//413 414//414 
f 465//465 412//412 413//413 
f 465//465 411//411 412//412 
f 465//465 410//410 411//411 
f 465//465 409//409 410//410 
f 465//465 408//408 409//409 
f 465//465 407//407 408//408 
f 349//349 407//407 464//464 
f 406//406 464//464 463//463 
f 405//405 463//463 462//462 
f 404//404 462//462 461//461 
f 403//403 461//461 460//460 
f 402//402 460//460 459//459 
f 401//401 459//459 458//458 
f 400//400 458//458 457//457 
f 399//399 457//457 456//456 
f 398//398 456//456 455//455 
f 397//397 455//455 454//454 
f 396//396 454//454 453//453 
f 395//395 453//453 452//452 
f 394//394 452//452 451//451 
f 393//393 451//451 450//450 
f 392//392 450//450 449//449 
f 391//391 449//449 448//448 
f 390//390 448//448 447//447 
f 389//389 447//447 446//446 
f 388//388 446//446 445//445 
f 387//387 445//445 444//444 
f 386//386 444//444 443//443 
f 385//385 443//443 442//442 
f 384//384 442//442 441//441 
f 383//383 441//441 440//440 
f 382//382 440//440 439//439 
f 381//381 439//439 438//438 
f 380//380 438//438 437//437 
f 379//379 437//437 436//436 
f 378//378 436//436 435//435 
f 377//377 435//435 434//434 
f 376//376 434//434 433//433 
f 375//375 433//433 432//432 
f 374//374 432//432 431//431 
f 373//373 431//431 430//430 
f 372//372 430//430 429//429 
f 371//371 429//429 428//428 
f 370//370 428//428 427//427 
f 369//369 427//427 426//426 
f 368//368 426//426 425//425 
f 367//367 425//425 424//424 
f 366//366 424//424 423//423 
f 365//365 423//423 422//422 
f 364//364 422//422 421//421 
f 363//363 421//421 420//420 
f 362//362 420//420 419//419 
f 361//361 419//419 418//418 
f 360//360 418//418 417//417 
f 359//359 417//417 416//416 
f 358//358 416//416 415//415 
f 357//357 415//415 414//414 
f 356//356 414//414 413//413 
f 355//355 413//413 412//412 
f 354//354 412//412 411//411 
f 353//353 411//411 410//410 
f 352//352 410//410 409//409 
f 351//351 409//409 408//408 
f 350//350 408//408 407//407 
f 291//291 349//349 406//406 
f 348//348 406//406 405//405 
f 347//347 405//405 404//404 
f 346//346 404//404 403//403 
f 345//345 403//403 402//402 
f 344//344 402//402 401//401 
f 343//343 401//401 400//400 
f 342//342 400//400 399//399 
f 341//341 399//399 398//398 
f 340//340 398//398 397//397 
f 339//339 397//397 396//396 
f 338//338 396//396 395//395 
f 337//337 395//395 394//394 
f 336//336 394//394 393//393 
f 335//335 393//393 392//392 
f 334//334 392//392 391//391 
f 333//333 391//391 390//390 
f 332//332 390//390 389//389 
f 331//331 389//389 388//388 
f 330//330 388//388 387//387 
f 329//329 387//387 386//386 
f 328//328 386//386 385//385 
f 327//327 385//385 384//384 
f 326//326 384//384 383//383 
f 325//325 383//383 382//382 
f 324//324 382//382 381//381 
f 323//323 381//381 380//380 
f 322//322 380//380 379//379 
f 321//321 379//379 378//378 
f 320//320 378//378 377//377 
f 319//319 377//377 376//376 
f 318//318 376//376 375//375 
f 317//317 375//375 374//374 
f 316//316 374//374 373//373 
f 315//315 373//373 372//372 
f 314//314 372//372 371//371 
f 313//313 371//371 370//370 
f 312//312 370//370 369//369 
f 311//311 369//369 368//368 
f 310//310 368//368 367//367 
f 309//309 367//367 366//366 
f 308//308 366//366 365//365 
f 307//307 365//365 364//364 
f 306//306 364//364 363//363 
f 305//305 363//363 362//362 
f 304//304 362//362 361//361 
f 303//303 361//361 360//360 
f 302//302 360//360 359//359 
f 301//301 359//359 358//358 
f 300//300 358//358 357//357 
f 299//299 357//357 356//356 
f 298//298 356//356 355//355 
f 297//297 355//355 354//354 
f 296//296 354//354 353//353 
f 295//295 353//353 352//352 
f 294//294 352//352 351//351 
f 293//293 351//351 350//350 
f 292//292 350//350 349//349 
f 233//233 291//291 348//348 
f 290//290 348//348 347//347 
f 289//289 347//347 346//346 
f 288//288 346//346 345//345 
f 287//287 345//345 344//344 
f 286//286 344//344 343//343 
f 285//285 343//343 342//342 
f 284//284 342//342 341//341 
f 283//283 341//341 340//340 
f 282//282 340//340 339//339 
f 281//281 339//339 338//338 
f 280//280 338//338 337//337 
f 279//279 337//337 336//336 
f 278//278 336//336 335//335 
f 277//277 335//335 334//334 
f 276//276 334//334 333//333 
f 275//275 333//333 332//332 
f 274//274 332//332 331//331 
f 273//273 331//331 330//330 
f 272//272 330//330 329//329 
f 271//271 329//329 328//328 
f 270//270 328//328 327//327 
f 269//269 327//327 326//326 
f 268//268 326//326 325//325 
f 267//267 325//325 324//324 
f 266//266 324//324 323//323 
f 265//265 323//323 322//322 
f 264//264 322//322 321//321 
f 263//263 321//321 320//320 
f 262//262 320//320 319//319 
f 261//261 319//319 318//318 
f 260//260 318//318 317//317 
f 259//259 317//317 316//316 
f 258//258 316//316 315//315 
f 257//257 315//315 314//314 
f 256//256 314//314 313//313 
f 255//255 313//313 312//312 
f 254//254 312//312 311//311 
f 253//253 311//311 310//310 
f 252//252 310//310 309//309 
f 251//251 309//309 308//308 
f 250//250 308//308 307//307 
f 249//249 307//307 306//306 
f 248//248 306//306 305//305 
f 247//247 305//305 304//304 
f 246//246 304//304 303//303 
f 245//245 303//303 302//302 
f 244//244 302//302 301//301 
f 243//243 301//301 300//300 
f 242//242 300//300 299//299 
f 241//241 299//299 298//298 
f 240//240 298//298 297//297 
f 239//239 297//297 296//296 
f 238//238 296//296 295//295 
f 237//237 295//295 294//294 
f 236//236 294//294 293//293 
f 235//235 293//293 292//292 
f 234//234 292//292 291//291 
f 175//175 233//233 290//290 
f 232//232 290//290 289//289 
f 231//231 289//289 288//288 
f 230//230 288//288 287//287 
f 229//229 287//287 286//286 
f 228//228 286//286 285//285 
f 227//227 285//285 284//284 
f 226//226 284//284 283//283 
f 225//225 283//283 282//282 
f 224//224 282//282 281//281 
f 223//223 281//281 280//280 
f 222//222 280//280 279//279 
f 221//221 279//279 278//278 
f 220//220 278//278 277//277 
f 219//219 277//277 276//276 
f 218//218 276//276 275//275 
f 217//217 275//275 274//274 
f 216//216 274//274 273//273 
f 215//215 273//273 272//272 
f 214//214 272//272 271//271 
f 213//213 271//271 270//270 
f 212//212 270//270 269//269 
f 211//211 269//269 268//268 
f 210//210 268//268 267//267 
f 209//209 267//267 266//266 
f 208//208 266//266 265//265 
f 207//207 265//265 264//264 
f 206//206 264//264 263//263 
f 205//205 263//263 262//262 
f 204//204 262//262 261//261 
f 203//203 261//261 260//260 
f 202//202 260//260 259//259 
f 201//201 259//259 258//258 
f 200//200 258//258 257//257 
f 199//199 257//257 256//256 
f 198//198 256//256 255//255 
f 197//197 255//255 254//254 
f 196//196 254//254 253//253 
f 195//195 253//253 252//252 
f 194//194 252//252 251//251 
f 193//193 251//251 250//250 
f 192//192 250//250 249//249 
f 191//191 249//249 248//248 
f 190//190 248//248 247//247 
f 189//189 247//247 246//246 
f 188//188 246//246 245//245 
f 187//187 245//245 244//244 
f 186//186 244//244 243//243 
f 185//185 243//243 242//242 
f 184//184 242//242 241//241 
f 183//183 241//241 240//240 
f 182//182 240//240 239//239 
f 181//181 239//239 238//238 
f 180//180 238//238 237//237 
f 179//179 237//237 236//236 
f 178//178 236//236 235//235 
f 177//177 235//235 234//234 
f 176//176 234//234 233//233 
f 117//117 175//175 232//232 
f 174//174 232//232 231//231 
f 173//173 231//231 230//230 
f 172//172 230//230 229//229 
f 171//171 229//229 228//228 
f 170//170 228//228 227//227 
f 169//169 227//227 226//226 
f 168//168 226//226 225//225 
f 167//167 225//225 224//224 
f 166//166 224//224 223//223 
f 165//165 223//223 222//222 
f 164//164 222//222 221//221 
f 163//163 221//221 220//220 
f 162//162 220//220 219//219 
f 161//161 219//219 218//218 
f 160//160 218//218 217//217 
f 159//159 217//217 216//216 
f 158//158 216//216 215//215 
f 157//157 215//215 214//214 
f 156//156 214//214 213//213 
f 155//155 213//213 212//212 
f 154//154 212//212 211//211 
f 153//153 211//211 210//210 
f 152//152 210//210 209//209 
f 151//151 209//209 208//208 
f 150//150 208//208 207//207 
f 149//149 207//207 206//206 
f 148//148 206//206 205//205 
f 147//147 205//205 204//204 
f 146//146 204//204 203//203 
f 145//145 203//203 202//202 
f 144//144 202//202 201//201 
f 143//143 201//201 200//200 
f 142//142 200//200 199//199 
f 141//141 199//199 198//198 
f 140//140 198//198 197//197 
f 139//139 197//197 196//196 
f 138//138 196//196 195//195 
f 137//137 195//195 194//194 
f 136//136 194//194 193//193 
f 135//135 193//193 192//192 
f 134//134 192//192 191//191 
f 133//133 191//191 190//190 
f 132//132 190//190 189//189 
f 131//131 189//189 188//188 
f 130//130 188//188 187//187 
f 129//129 187//187 186//186 
f 128//128 186//186 185//185 
f 127//127 185//185 184//184 
f 126//126 184//184 183//183 
f 125//125 183//183 182//182 
f 124//124 182//182 181//181 
f 123//123 181//181 180//180 
f 122//122 180//180 179//179 
f 121//121 179//179 178//178 
f 120//120 178//178 177//177 
f 119//119 177//177 176//176 
f 118//118 176//176 175//175 
f 59//1 117//117 174//174 
f 116//116 174//174 173//173 
f 115//114 173//173 172//172 
f 114//112 172//172 171//171 
f 113//110 171//171 170//170 
f 112//108 170//170 169//169 
f 111//106 169//169 168//168 
f 110//104 168//168 167//167 
f 109//102 167//167 166//166 
f 108//100 166//166 165//165 
f 107//98 165//165 164//164 
f 106//96 164//164 163//163 
f 105//94 163//163 162//162 
f 104//92 162//162 161//161 
f 103//90 161//161 160//160 
f 102//88 160//160 159//159 
f 101//86 159//159 158//158 
f 100//84 158//158 157//157 
f 99//82 157//157 156//156 
f 98//80 156//156 155//155 
f 97//78 155//155 154//154 
f 96//76 154//154 153//153 
f 95//74 153//153 152//152 
f 94//72 152//152 151//151 
f 93//70 151//151 150//150 
f 92//68 150//150 149//149 
f 91//66 149//149 148//148 
f 90//64 148//148 147//147 
f 89//62 147//147 146//146 
f 88//60 146//146 145//145 
f 87//58 145//145 144//144 
f 86//56 144//144 143//143 
f 85//54 143//143 142//142 
f 84//52 142//142 141//141 
f 83//50 141//141 140//140 
f 82//48 140//140 139//139 
f 81//46 139//139 138//138 
f 80//44 138//138 137//137 
f 79//42 137//137 136//136 
f 78//40 136//136 135//135 
f 77//38 135//135 134//134 
f 76//36 134//134 133//133 
f 75//34 133//133 132//132 
f 74//32 132//132 131//131 
f 73//30 131//131 130//130 
f 72//28 130//130 129//129 
f 71//26 129//129 128//128 
f 70//24 128//128 127//127 
f 69//22 127//127 126//126 
f 68//20 126//126 125//125 
f 67//18 125//125 124//124 
f 66//16 124//124 123//123 
f 65//14 123//123 122//122 
f 64//12 122//122 121//121 
f 63//10 121//121 120//120 
f 62//8 120//120 119//119 
f 61//6 119//119 118//118 
f 60//4 118//118 117//117 
f 1//2 59//1 116//116 
f 58//115 116//116 115//114 
f 57//113 115//114 114//112 
f 56//111 114//112 113//110 
f 55//109 113//110 112//108 
f 54//107 112//108 111//106 
f 53//105 111//106 110//104 
f 52//103 110//104 109//102 
f 51//101 109//102 108//100 
f 50//99 108//100 107//98 
f 49//97 107//98 106//96 
f 48//95 106//96 105//94 
f 47//93 105//94 104//92 
f 46//91 104//92 103//90 
f 45//89 103//90 102//88 
f 44//87 102//88 101//86 
f 43//85 101//86 100//84 
f 42//83 100//84 99//82 
f 41//81 99//82 98//80 
f 40//79 98//80 97//78 
f 39//77 97//78 96//76 
f 38//75 96//76 95//74 
f 37//73 95//74 94//72 
f 36//71 94//72 93//70 
f 35//69 93//70 92//68 
f 34//67 92//68 91//66 
f 33//65 91//66 90//64 
f 32//63 90//64 89//62 
f 31//61 89//62 88//60 
f 30//59 88//60 87//58 
f 29//57 87//58 86//56 
f 28//55 86//56 85//54 
f 27//53 85//54 84//52 
f 26//51 84//52 83//50 
f 25//49 83//50 82//48 
f 24//47 82//48 81//46 
f 23//45 81//46 80//44 
f 22//43 80//44 79//42 
f 21//41 79//42 78//40 
f 20//39 78//40 77//38 
f 19//37 77//38 76//36 
f 18//35 76//36 75//34 
f 17//33 75//34 74//32 
f 16//31 74//32 73//30 
f 15//29 73//30 72//28 
f 14//27 72//28 71//26 
f 13//25 71//26 70//24 
f 12//23 70//24 69//22 
f 11//21 69//22 68//20 
f 10//19 68//20 67//18 
f 9//17 67//18 66//16 
f 8//15 66//16 65//14 
f 7//13 65//14 64//12 
f 6//11 64//12 63//10 
f 5//9 63//10 62//8 
f 4//7 62//8 61//6 
f 3//5 61//6 60//4 
f 2//3 60//4 59//1 
o mesh1
f 466//465 467//465 39//465 
f 467//465 468//465 40//465 
f 469//465 470//465 55//465 
f 470//465 471//465 56//465 
f 472//465 466//465 38//465 
f 40//465 39//465 467//465 
f 56//465 55//465 470//465 
f 471//465 473//465 57//465 
f 474//465 35//465 34//465 
f 474//465 475//465 36//465 
f 39//465 38//465 466//465 
f 468//465 476//465 41//465 
f 476//465 477//465 42//465 
f 477//465 478//465 43//465 
f 478//465 479//465 44//465 
f 479//465 480//465 45//465 
f 481//465 482//465 51//465 
f 482//465 483//465 52//465 
f 57//465 56//465 471//465 
f 473//465 484//465 58//465 
f 36//465 35//465 474//465 
f 475//465 472//465 37//465 
f 41//465 40//465 468//465 
f 43//465 42//465 477//465 
f 45//465 44//465 479//465 
f 480//465 485//465 46//465 
f 485//465 486//465 47//465 
f 486//465 487//465 48//465 
f 52//465 51//465 482//465 
f 483//465 488//465 53//465 
f 488//465 469//465 54//465 
f 58//465 57//465 473//465 
f 489//465 7//465 6//465 
f 490//465 8//465 7//465 
f 491//465 13//465 12//465 
f 492//465 14//465 13//465 
f 493//465 19//465 18//465 
f 494//465 20//465 19//465 
f 495//465 25//465 24//465 
f 496//465 26//465 25//465 
f 37//465 36//465 475//465 
f 42//465 41//465 476//465 
f 46//465 45//465 480//465 
f 48//465 47//465 486//465 
f 487//465 497//465 49//465 
f 497//465 481//465 50//465 
f 53//465 52//465 483//465 
f 55//465 54//465 469//465 
f 7//465 489//465 490//465 
f 498//465 9//465 8//465 
f 499//465 10//465 9//465 
f 500//465 11//465 10//465 
f 501//465 12//465 11//465 
f 13//465 491//465 492//465 
f 19//465 493//465 494//465 
f 502//465 21//465 20//465 
f 503//465 22//465 21//465 
f 504//465 23//465 22//465 
f 25//465 495//465 496//465 
f 505//465 27//465 26//465 
f 506//465 28//465 27//465 
f 506//465 507//465 29//465 
f 38//465 37//465 472//465 
f 47//465 46//465 485//465 
f 50//465 49//465 497//465 
f 54//465 53//465 488//465 
f 508//465 5//465 4//465 
f 509//465 6//465 5//465 
f 8//465 490//465 498//465 
f 10//465 499//465 500//465 
f 12//465 501//465 491//465 
f 510//465 15//465 14//465 
f 511//465 18//465 17//465 
f 20//465 494//465 502//465 
f 22//465 503//465 504//465 
f 512//465 24//465 23//465 
f 26//465 496//465 505//465 
f 29//465 28//465 506//465 
f 44//465 43//465 478//465 
f 51//465 50//465 481//465 
f 513//465 3//465 2//465 
f 513//465 514//465 4//465 
f 5//465 508//465 509//465 
f 9//465 498//465 499//465 
f 14//465 492//465 510//465 
f 515//465 16//465 15//465 
f 516//465 17//465 16//465 
f 18//465 511//465 493//465 
f 23//465 504//465 512//465 
f 27//465 505//465 506//465 
f 517//465 31//465 30//465 
f 517//465 518//465 32//465 
f 519//465 33//465 32//465 
f 519//465 520//465 34//465 
f 49//465 48//465 487//465 
f 484//465 521//465 1//465 
f 522//465 2//465 1//465 
f 4//465 3//465 513//465 
f 6//465 509//465 489//465 
f 15//465 510//465 515//465 
f 17//465 516//465 511//465 
f 24//465 512//465 495//465 
f 523//465 30//465 29//465 
f 32//465 31//465 517//465 
f 34//465 33//465 519//465 
f 1//465 58//465 484//465 
f 2//465 522//465 513//465 
f 11//465 500//465 501//465 
f 21//465 502//465 503//465 
f 30//465 523//465 517//465 
f 34//465 520//465 474//465 
f 4//465 514//465 508//465 
f 29//465 507//465 523//465 
f 1//465 521//465 522//465 
f 32//465 518//465 519//465 
f 16//465 515//465 516//465 
o mesh2
f 582//466 524//467 525//468 
f 583//469 525//468 526//470 
f 584//471 526//470 527//472 
f 585//473 527//472 528//474 
f 586//475 528//474 529//476 
f 587//477 529//476 530//478 
f 588//479 530//478 531//480 
f 589//481 531//480 532//482 
f 590//483 532//482 533//484 
f 591//485 533//484 534//486 
f 592//487 534//486 535//488 
f 593//489 535//488 536//490 
f 594//491 536//490 537//492 
f 595//493 537//492 538//494 
f 596//495 538//494 539//496 
f 597//497 539//496 540//498 
f 598//499 540//498 541//500 
f 599//501 541//500 542//502 
f 600//503 542//502 543//504 
f 601//505 543//504 544//506 
f 602//507 544//506 545//508 
f 603//509 545//508 546//510 
f 604//511 546//510 547//512 
f 605//513 547//512 548//514 
f 606//515 548//514 549//516 
f 607//517 549//516 550//518 
f 608//519 550//518 551//520 
f 609//521 551//520 552//522 
f 610//523 552//522 553//524 
f 611//525 553//524 554//526 
f 612//527 554//526 555//528 
f 613//529 555//528 556//530 
f 614//531 556//530 557//532 
f 615//533 557//532 558//534 
f 616//535 558//534 559//536 
f 617//537 559//536 560//538 
f 618//539 560//538 561//540 
f 619//541 561//540 562//542 
f 620//543 562//542 563//544 
f 621//545 563//544 564//546 
f 622//547 564//546 565//548 
f 623//549 565//548 566//550 
f 624//551 566//550 567//552 
f 625//553 567//552 568//554 
f 626//555 568//554 569//556 
f 627//557 569//556 570//558 
f 628//559 570//558 571//560 
f 629//561 571//560 572//562 
f 630//563 572//562 573//564 
f 631//565 573//564 574//566 
f 632//567 574//566 575//568 
f 633//569 575//568 576//570 
f 634//571 576//570 577//572 
f 635//573 577//572 578//574 
f 636//575 578//574 579//576 
f 637//577 579//576 580//578 
f 638//579 580//578 581//580 
f 639//581 581//580 524//467 
f 640//582 582//466 583//469 
f 641//583 583//469 584//471 
f 642//584 584//471 585//473 
f 643//585 585//473 586//475 
f 644//586 586//475 587//477 
f 645//587 587//477 588//479 
f 646//588 588//479 589//481 
f 647//589 589//481 590//483 
f 648//590 590//483 591//485 
f 649//591 591//485 592//487 
f 650//592 592//487 593//489 
f 651//593 593//489 594//491 
f 652//594 594//491 595//493 
f 653//595 595//493 596//495 
f 654//596 596//495 597//497 
f 655//597 597//497 598//499 
f 656//598 598//499 599//501 
f 657//599 599//501 600//503 
f 658//600 600//503 601//505 
f 659//601 601//505 602//507 
f 660//602 602//507 603//509 
f 661//603 603//509 604//511 
f 662//604 604//511 605//513 
f 663//605 605//513 606//515 
f 664//606 606//515 607//517 
f 665//607 607//517 608//519 
f 666//608 608//519 609//521 
f 667//609 609//521 610//523 
f 668//610 610//523 611//525 
f 669//611 611//525 612//527 
f 670//612 612//527 613//529 
f 671//613 613//529 614//531 
f 672//614 614//531 615//533 
f 673//615 615//533 616//535 
f 674//616 616//535 617//537 
f 675//617 617//537 618//539 
f 676//618 618//539 619//541 
f 677//619 619//541 620//543 
f 678//620 620//543 621//545 
f 679//621 621//545 622//547 
f 680//622 622//547 623//549 
f 681//623 623//549 624//551 
f 682//624 624//551 625//553 
f 683//625 625//553 626//555 
f 684//626 626//555 627//557 
f 685//627 627//557 628//559 
f 686//628 628//559 629//561 
f 687//629 629//561 630//563 
f 688//630 630//563 631//565 
f 689//631 631//565 632//567 
f 690//632 632//567 633//569 
f 691//633 633//569 634//571 
f 692//634 634//571 635//573 
f 693//635 635//573 636//575 
f 694//636 636//575 637//577 
f 695//637 637//577 638//579 
f 696//638 638//579 639//581 
f 697//639 639//581 582//466 
f 698//640 640//582 641//583 
f 699//641 641//583 642//584 
f 700//642 642//584 643//585 
f 701//643 643//585 644//586 
f 702//644 644//586 645//587 
f 703//645 645//587 646//588 
f 704//646 646//588 647//589 
f 705//647 647//589 648//590 
f 706//648 648//590 649//591 
f 707//649 649//591 650//592 
f 708//650 650//592 651//593 
f 709//651 651//593 652//594 
f 710//652 652//594 653//595 
f 711//653 653//595 654//596 
f 712//654 654//596 655//597 
f 713//655 655//597 656//598 
f 714//656 656//598 657//599 
f 715//657 657//599 658//600 
f 716//658 658//600 659//601 
f 717//659 659//601 660//602 
f 718//660 660//602 661//603 
f 719//661 661//603 662//604 
f 720//662 662//604 663//605 
f 721//663 663//605 664//606 
f 722//664 664//606 665//607 
f 723//665 665//607 666//608 
f 724//666 666//608 667//609 
f 725//667 667//609 668//610 
f 726//668 668//610 669//611 
f 727//669 669//611 670//612 
f 728//670 670//612 671//613 
f 729//671 671//613 672//614 
f 730//672 672//614 673//615 
f 731//673 673//615 674//616 
f 732//674 674//616 675//617 
f 733//675 675//617 676//618 
f 734//676 676//618 677//619 
f 735//677 677//619 678//620 
f 736//678 678//620 679//621 
f 737//679 679//621 680//622 
f 738//680 680//622 681//623 
f 739//681 681//623 682//624 
f 740//682 682//624 683//625 
f 741//683 683//625 684//626 
f 742//684 684//626 685//627 
f 743//685 685//627 686//628 
f 744//686 686//628 687//629 
f 745//687 687//629 688//630 
f 746//688 688//630 689//631 
f 747//689 689//631 690//632 
f 748//690 690//632 691//633 
f 749//691 691//633 692//634 
f 750//692 692//634 693//635 
f 751//693 693//635 694//636 
f 752//694 694//636 695//637 
f 753//695 695//637 696//638 
f 754//696 696//638 697//639 
f 755//697 697//639 640//582 
f 756//698 698//640 699//641 
f 757//699 699//641 700//642 
f 758//700 700//642 701//643 
f 759//701 701//643 702//644 
f 760//702 702//644 703//645 
f 761//703 703//645 704//646 
f 762//704 704//646 705//647 
f 763//705 705//647 706//648 
f 764//706 706//648 707//649 
f 765//707 707//649 708//650 
f 766//708 708//650 709//651 
f 767//709 709//651 710//652 
f 768//710 710//652 711//653 
f 769//711 711//653 712//654 
f 770//712 712//654 713//655 
f 771//713 713//655 714//656 
f 772//714 714//656 715//657 
f 773//715 715//657 716//658 
f 774//716 716//658 717//659 
f 775//717 717//659 718//660 
f 776//718 718//660 719//661 
f 777//719 719//661 720//662 
f 778//720 720//662 721//663 
f 779//721 721//663 722//664 
f 780//722 722//664 723//665 
f 781//723 723//665 724//666 
f 782//724 724//666 725//667 
f 783//725 725//667 726//668 
f 784//726 726//668 727//669 
f 785//727 727//669 728//670 
f 786//728 728//670 729//671 
f 787//729 729//671 730//672 
f 788//730 730//672 731//673 
f 789//731 731//673 732//674 
f 790//732 732//674 733//675 
f 791//733 733//675 734//676 
f 792//734 734//676 735//677 
f 793//735 735//677 736//678 
f 794//736 736//678 737//679 
f 795//737 737//679 738//680 
f 796//738 738//680 739//681 
f 797//739 739//681 740//682 
f 798//740 740//682 741//683 
f 799//741 741//683 742//684 
f 800//742 742//684 743//685 
f 801//743 743//685 744//686 
f 802//744 744//686 745//687 
f 803//745 745//687 746//688 
f 804//746 746//688 747//689 
f 805//747 747//689 748//690 
f 806//748 748//690 749//691 
f 807//749 749//691 750//692 
f 808//750 750//692 751//693 
f 809//751 751//693 752//694 
f 810//752 752//694 753//695 
f 811//753 753//695 754//696 
f 812//754 754//696 755//697 
f 813//755 755//697 698//640 
f 814//756 756//698 757//699 
f 815//757 757//699 758//700 
f 816//758 758//700 759//701 
f 817//759 759//701 760//702 
f 818//760 760//702 761//703 
f 819//761 761//703 762//704 
f 820//762 762//704 763//705 
f 821//763 763//705 764//706 
f 822//764 764//706 765//707 
f 823//765 765//707 766//708 
f 824//766 766//708 767//709 
f 825//767 767//709 768//710 
f 826//768 768//710 769//711 
f 827//769 769//711 770//712 
f 828//770 770//712 771//713 
f 829//771 771//713 772//714 
f 830//772 772//714 773//715 
f 831//773 773//715 774//716 
f 832//774 774//716 775//717 
f 833//775 775//717 776//718 
f 834//776 776//718 777//719 
f 835//777 777//719 778//720 
f 836//778 778//720 779//721 
f 837//779 779//721 780//722 
f 838//780 780//722 781//723 
f 839//781 781//723 782//724 
f 840//782 782//724 783//725 
f 841//783 783//725 784//726 
f 842//784 784//726 785//727 
f 843//785 785//727 786//728 
f 844//786 786//728 787//729 
f 845//787 787//729 788//730 
f 846//788 788//730 789//731 
f 847//789 789//731 790//732 
f 848//790 790//732 791//733 
f 849//791 791//733 792//734 
f 850//792 792//734 793//735 
f 851//793 793//735 794//736 
f 852//794 794//736 795//737 
f 853//795 795//737 796//738 
f 854//796 796//738 797//739 
f 855//797 797//739 798//740 
f 856//798 798//740 799//741 
f 857//799 799//741 800//742 
f 858//800 800//742 801//743 
f 859//801 801//743 802//744 
f 860//802 802//744 803//745 
f 861//803 803//745 804//746 
f 862//804 804//746 805//747 
f 863//805 805//747 806//748 
f 864//806 806//748 807//749 
f 865//807 807//749 808//750 
f 866//808 808//750 809//751 
f 867//809 809//751 810//752 
f 868//810 810//752 811//753 
f 869//811 811//753 812//754 
f 870//812 812//754 813//755 
f 871//813 813//755 756//698 
f 872//814 814//756 815//757 
f 873//815 815//757 816//758 
f 874//816 816//758 817//759 
f 875//817 817//759 818//760 
f 876//818 818//760 819//761 
f 877//819 819//761 820//762 
f 878//820 820//762 821//763 
f 879//821 821//763 822//764 
f 880//822 822//764 823//765 
f 881//823 823//765 824//766 
f 882//824 824//766 825//767 
f 883//825 825//767 826//768 
f 884//826 826//768 827//769 
f 885//827 827//769 828//770 
f 886//828 828//770 829//771 
f 887//829 829//771 830//772 
f 888//830 830//772 831//773 
f 889//831 831//773 832//774 
f 890//832 832//774 833//775 
f 891//833 833//775 834//776 
f 892//834 834//776 835//777 
f 893//835 835//777 836//778 
f 894//836 836//778 837//779 
f 895//837 837//779 838//780 
f 896//838 838//780 839//781 
f 897//839 839//781 840//782 
f 898//840 840//782 841//783 
f 899//841 841//783 842//784 
f 900//842 842//784 843//785 
f 901//843 843//785 844//786 
f 902//844 844//786 845//787 
f 903//845 845//787 846//788 
f 904//846 846//788 847//789 
f 905//847 847//789 848//790 
f 906//848 848//790 849//791 
f 907//849 849//791 850//792 
f 908//850 850//792 851//793 
f 909//851 851//793 852//794 
f 910//852 852//794 853//795 
f 911//853 853//795 854//796 
f 912//854 854//796 855//797 
f 913//855 855//797 856//798 
f 914//856 856//798 857//799 
f 915//857 857//799 858//800 
f 916//858 858//800 859//801 
f 917//859 859//801 860//802 
f 918//860 860//802 861//803 
f 919//861 861//803 862//804 
f 920//862 862//804 863//805 
f 921//863 863//805 864//806 
f 922//864 864//806 865//807 
f 923//865 865//807 866//808 
f 924//866 866//808 867//809 
f 925//867 867//809 868//810 
f 926//868 868//810 869//811 
f 927//869 869//811 870//812 
f 928//870 870//812 871//813 
f 929//871 871//813 814//756 
f 930//872 872//814 873//815 
f 931//873 873//815 874//816 
f 932//874 874//816 875//817 
f 933//875 875//817 876//818 
f 934//876 876//818 877//819 
f 935//877 877//819 878//820 
f 936//878 878//820 879//821 
f 937//879 879//821 880//822 
f 938//880 880//822 881//823 
f 939//881 881//823 882//824 
f 940//882 882//824 883//825 
f 941//883 883//825 884//826 
f 942//884 884//826 885//827 
f 943//885 885//827 886//828 
f 944//886 886//828 887//829 
f 945//887 887//829 888//830 
f 946//888 888//830 889//831 
f 947//889 889//831 890//832 
f 948//890 890//832 891//833 
f 949//891 891//833 892//834 
f 950//892 892//834 893//835 
f 951//893 893//835 894//836 
f 952//894 894//836 895//837 
f 953//895 895//837 896//838 
f 954//896 896//838 897//839 
f 955//897 897//839 898//840 
f 956//898 898//840 899//841 
f 957//899 899//841 900//842 
f 958//900 900//842 901//843 
f 959//901 901//843 902//844 
f 960//902 902//844 903//845 
f 961//903 903//845 904//846 
f 962//904 904//846 905//847 
f 963//905 905//847 906//848 
f 964//906 906//848 907//849 
f 965//907 907//849 908//850 
f 966//908 908//850 909//851 
f 967//909 909//851 910//852 
f 968//910 910//852 911//853 
f 969//911 911//853 912//854 
f 970//912 912//854 913//855 
f 971//913 913//855 914//856 
f 972//914 914//856 915//857 
f 973//915 915//857 916//858 
f 974//916 916//858 917//859 
f 975//917 917//859 918//860 
f 976//918 918//860 919//861 
f 977//919 919//861 920//862 
f 978//920 920//862 921//863 
f 979//921 921//863 922//864 
f 980//922 922//864 923//865 
f 981//923 923//865 924//866 
f 982//924 924//866 925//867 
f 983//925 925//867 926//868 
f 984//926 926//868 927//869 
f 985//927 927//869 928//870 
f 986//928 928//870 929//871 
f 987//929 929//871 872//814 
f 988//930 930//872 931//873 
f 989//931 931//873 932//874 
f 990//932 932//874 933//875 
f 991//933 933//875 934//876 
f 992//934 934//876 935//877 
f 993//935 935//877 936//878 
f 994//936 936//878 937//879 
f 995//937 937//879 938//880 
f 996//938 938//880 939//881 
f 997//939 939//881 940//882 
f 998//940 940//882 941//883 
f 999//941 941//883 942//884 
f 1000//942 942//884 943//885 
f 1001//943 943//885 944//886 
f 1002//944 944//886 945//887 
f 1003//945 945//887 946//888 
f 1004//946 946//888 947//889 
f 1005//947 947//889 948//890 
f 1006//948 948//890 949//891 
f 1007//949 949//891 950//892 
f 1008//950 950//892 951//893 
f 1009//951 951//893 952//894 
f 1010//952 952//894 953//895 
f 1011//953 953//895 954//896 
f 1012//954 954//896 955//897 
f 1013//955 955//897 956//898 
f 1014//956 956//898 957//899 
f 1015//957 957//899 958//900 
f 1016//958 958//900 959//901 
f 1017//959 959//901 960//902 
f 1018//960 960//902 961//903 
f 1019//961 961//903 962//904 
f 1020//962 962//904 963//905 
f 1021//963 963//905 964//906 
f 1022//964 964//906 965//907 
f 1023//965 965//907 966//908 
f 1024//966 966//908 967//909 
f 1025//967 967//909 968//910 
f 1026//968 968//910 969//911 
f 1027//969 969//911 970//912 
f 1028//970 970//912 971//913 
f 1029//971 971//913 972//914 
f 1030//972 972//914 973//915 
f 1031//973 973//915 974//916 
f 1032//974 974//916 975//917 
f 1033//975 975//917 976//918 
f 1034//976 976//918 977//919 
f 1035//977 977//919 978//920 
f 1036//978 978//920 979//921 
f 1037//979 979//921 980//922 
f 1038//980 980//922 981//923 
f 1039//981 981//923 982//924 
f 1040//982 982//924 983//925 
f 1041//983 983//925 984//926 
f 1042//984 984//926 985//927 
f 1043//985 985//927 986//928 
f 1044//986 986//928 987//929 
f 1045//987 987//929 930//872 
f 521//988 988//930 989//931 
f 522//989 989//931 990//932 
f 513//990 990//932 991//933 
f 514//991 991//933 992//934 
f 508//992 992//934 993//935 
f 509//993 993//935 994//936 
f 489//994 994//936 995//937 
f 490//995 995//937 996//938 
f 498//996 996//938 997//939 
f 499//997 997//939 998//940 
f 500//998 998//940 999//941 
f 501//999 999//941 1000//942 
f 491//1000 1000//942 1001//943 
f 492//1001 1001//943 1002//944 
f 510//1002 1002//944 1003//945 
f 515//1003 1003//945 1004//946 
f 516//1004 1004//946 1005//947 
f 511//1005 1005//947 1006//948 
f 493//1006 1006//948 1007//949 
f 494//1007 1007//949 1008//950 
f 502//1008 1008//950 1009//951 
f 503//1009 1009//951 1010//952 
f 504//1010 1010//952 1011//953 
f 512//1011 1011//953 1012//954 
f 495//1012 1012//954 1013//955 
f 496//1013 1013//955 1014//956 
f 505//1014 1014//956 1015//957 
f 506//1015 1015//957 1016//958 
f 507//1016 1016//958 1017//959 
f 523//1017 1017//959 1018//960 
f 517//1018 1018//960 1019//961 
f 518//1019 1019//961 1020//962 
f 519//1020 1020//962 1021//963 
f 520//1021 1021//963 1022//964 
f 474//1022 1022//964 1023//965 
f 475//1023 1023//965 1024//966 
f 472//1024 1024//966 1025//967 
f 466//1025 1025//967 1026//968 
f 467//1026 1026//968 1027//969 
f 468//1027 1027//969 1028//970 
f 476//1028 1028//970 1029//971 
f 477//1029 1029//971 1030//972 
f 478//1030 1030//972 1031//973 
f 479//1031 1031//973 1032//974 
f 480//1032 1032//974 1033//975 
f 485//1033 1033//975 1034//976 
f 486//1034 1034//976 1035//977 
f 487//1035 1035//977 1036//978 
f 497//1036 1036//978 1037//979 
f 481//1037 1037//979 1038//980 
f 482//1038 1038//980 1039//981 
f 483//1039 1039//981 1040//982 
f 488//1040 1040//982 1041//983 
f 469//1041 1041//983 1042//984 
f 470//1042 1042//984 1043//985 
f 471//1043 1043//985 1044//986 
f 473//1044 1044//986 1045//987 
f 484//1045 1045//987 988//930 
f 988//930 521//988 484//1045 
f 1045//987 484//1045 473//1044 
f 1044//986 473//1044 471//1043 
f 1043//985 471//1043 470//1042 
f 1042//984 470//1042 469//1041 
f 1041//983 469//1041 488//1040 
f 1040//982 488//1040 483//1039 
f 1039//981 483//1039 482//1038 
f 1038//980 482//1038 481//1037 
f 1037//979 481//1037 497//1036 
f 1036//978 497//1036 487//1035 
f 1035//977 487//1035 486//1034 
f 1034//976 486//1034 485//1033 
f 1033//975 485//1033 480//1032 
f 1032//974 480//1032 479//1031 
f 1031//973 479//1031 478//1030 
f 1030//972 478//1030 477//1029 
f 1029//971 477//1029 476//1028 
f 1028//970 476//1028 468//1027 
f 1027//969 468//1027 467//1026 
f 1026//968 467//1026 466//1025 
f 1025//967 466//1025 472//1024 
f 1024//966 472//1024 475//1023 
f 1023//965 475//1023 474//1022 
f 1022//964 474//1022 520//1021 
f 1021//963 520//1021 519//1020 
f 1020//962 519//1020 518//1019 
f 1019//961 518//1019 517//1018 
f 1018//960 517//1018 523//1017 
f 1017//959 523//1017 507//1016 
f 1016//958 507//1016 506//1015 
f 1015//957 506//1015 505//1014 
f 1014//956 505//1014 496//1013 
f 1013//955 496//1013 495//1012 
f 1012//954 495//1012 512//1011 
f 1011//953 512//1011 504//1010 
f 1010//952 504//1010 503//1009 
f 1009//951 503//1009 502//1008 
f 1008//950 502//1008 494//1007 
f 1007//949 494//1007 493//1006 
f 1006//948 493//1006 511//1005 
f 1005//947 511//1005 516//1004 
f 1004//946 516//1004 515//1003 
f 1003//945 515//1003 510//1002 
f 1002//944 510//1002 492//1001 
f 1001//943 492//1001 491//1000 
f 1000//942 491//1000 501//999 
f 999//941 501//999 500//998 
f 998//940 500//998 499//997 
f 997//939 499//997 498//996 
f 996//938 498//996 490//995 
f 995//937 490//995 489//994 
f 994//936 489//994 509//993 
f 993//935 509//993 508//992 
f 992//934 508//992 514//991 
f 991//933 514//991 513//990 
f 990//932 513//990 522//989 
f 989//931 522//989 521//988 
f 930//872 988//930 1045//987 
f 987//929 1045//987 1044//986 
f 986//928 1044//986 1043//985 
f 985//927 1043//985 1042//984 
f 984//926 1042//984 1041//983 
f 983//925 1041//983 1040//982 
f 982//924 1040//982 1039//981 
f 981//923 1039//981 1038//980 
f 980//922 1038//980 1037//979 
f 979//921 1037//979 1036//978 
f 978//920 1036//978 1035//977 
f 977//919 1035//977 1034//976 
f 976//918 1034//976 1033//975 
f 975//917 1033//975 1032//974 
f 974//916 1032//974 1031//973 
f 973//915 1031//973 1030//972 
f 972//914 1030//972 1029//971 
f 971//913 1029//971 1028//970 
f 970//912 1028//970 1027//969 
f 969//911 1027//969 1026//968 
f 968//910 1026//968 1025//967 
f 967//909 1025//967 1024//966 
f 966//908 1024//966 1023//965 
f 965//907 1023//965 1022//964 
f 964//906 1022//964 1021//963 
f 963//905 1021//963 1020//962 
f 962//904 1020//962 1019//961 
f 961//903 1019//961 1018//960 
f 960//902 1018//960 1017//959 
f 959//901 1017//959 1016//958 
f 958//900 1016//958 1015//957 
f 957//899 1015//957 1014//956 
f 956//898 1014//956 1013//955 
f 955//897 1013//955 1012//954 
f 954//896 1012//954 1011//953 
f 953//895 1011//953 1010//952 
f 952//894 1010//952 1009//951 
f 951//893 1009//951 1008//950 
f 950//892 1008//950 1007//949 
f 949//891 1007//949 1006//948 
f 948//890 1006//948 1005//947 
f 947//889 1005//947 1004//946 
f 946//888 1004//946 1003//945 
f 945//887 1003//945 1002//944 
f 944//886 1002//944 1001//943 
f 943//885 1001//943 1000//942 
f 942//884 1000//942 999//941 
f 941//883 999//941 998//940 
f 940//882 998//940 997//939 
f 939//881 997//939 996//938 
f 938//880 996//938 995//937 
f 937//879 995//937 994//936 
f 936//878 994//936 993//935 
f 935//877 993//935 992//934 
f 934//876 992//934 991//933 
f 933//875 991//933 990//932 
f 932//874 990//932 989//931 
f 931//873 989//931 988//930 
f 872//814 930//872 987//929 
f 929//871 987//929 986//928 
f 928//870 986//928 985//927 
f 927//869 985//927 984//926 
f 926//868 984//926 983//925 
f 925//867 983//925 982//924 
f 924//866 982//924 981//923 
f 923//865 981//923 980//922 
f 922//864 980//922 979//921 
f 921//863 979//921 978//920 
f 920//862 978//920 977//919 
f 919//861 977//919 976//918 
f 918//860 976//918 975//917 
f 917//859 975//917 974//916 
f 916//858 974//916 973//915 
f 915//857 973//915 972//914 
f 914//856 972//914 971//913 
f 913//855 971//913 970//912 
f 912//854 970//912 969//911 
f 911//853 969//911 968//910 
f 910//852 968//910 967//909 
f 909//851 967//909 966//908 
f 908//850 966//908 965//907 
f 907//849 965//907 964//906 
f 906//848 964//906 963//905 
f 905//847 963//905 962//904 
f 904//846 962//904 961//903 
f 903//845 961//903 960//902 
f 902//844 960//902 959//901 
f 901//843 959//901 958//900 
f 900//842 958//900 957//899 
f 899//841 957//899 956//898 
f 898//840 956//898 955//897 
f 897//839 955//897 954//896 
f 896//838 954//896 953//895 
f 895//837 953//895 952//894 
f 894//836 952//894 951//893 
f 893//835 951//893 950//892 
f 892//834 950//892 949//891 
f 891//833 949//891 948//890 
f 890//832 948//890 947//889 
f 889//831 947//889 946//888 
f 888//830 946//888 945//887 
f 887//829 945//887 944//886 
f 886//828 944//886 943//885 
f 885//827 943//885 942//884 
f 884//826 942//884 941//883 
f 883//825 941//883 940//882 
f 882//824 940//882 939//881 
f 881//823 939//881 938//880 
f 880//822 938//880 937//879 
f 879//821 937//879 936//878 
f 878//820 936//878 935//877 
f 877//819 935//877 934//876 
f 876//818 934//876 933//875 
f 875//817 933//875 932//874 
f 874//816 932//874 931//873 
f 873//815 931//873 930//872 
f 814//756 872//814 929//871 
f 871//813 929//871 928//870 
f 870//812 928//870 927//869 
f 869//811 927//869 926//868 
f 868//810 926//868 925//867 
f 867//809 925//867 924//866 
f 866//808 924//866 923//865 
f 865//807 923//865 922//864 
f 864//806 922//864 921//863 
f 863//805 921//863 920//862 
f 862//804 920//862 919//861 
f 861//803 919//861 918//860 
f 860//802 918//860 917//859 
f 859//801 917//859 916//858 
f 858//800 916//858 915//857 
f 857//799 915//857 914//856 
f 856//798 914//856 913//855 
f 855//797 913//855 912//854 
f 854//796 912//854 911//853 
f 853//795 911//853 910//852 
f 852//794 910//852 909//851 
f 851//793 909//851 908//850 
f 850//792 908//850 907//849 
f 849//791 907//849 906//848 
f 848//790 906//848 905//847 
f 847//789 905//847 904//846 
f 846//788 904//846 903//845 
f 845//787 903//845 902//844 
f 844//786 902//844 901//843 
f 843//785 901//843 900//842 
f 842//784 900//842 899//841 
f 841//783 899//841 898//840 
f 840//782 898//840 897//839 
f 839//781 897//839 896//838 
f 838//780 896//838 895//837 
f 837//779 895//837 894//836 
f 836//778 894//836 893//835 
f 835//777 893//835 892//834 
f 834//776 892//834 891//833 
f 833//775 891//833 890//832 
f 832//774 890//832 889//831 
f 831//773 889//831 888//830 
f 830//772 888//830 887//829 
f 829//771 887//829 886//828 
f 828//770 886//828 885//827 
f 827//769 885//827 884//826 
f 826//768 884//826 883//825 
f 825//767 883//825 882//824 
f 824//766 882//824 881//823 
f 823//765 881//823 880//822 
f 822//764 880//822 879//821 
f 821//763 879//821 878//820 
f 820//762 878//820 877//819 
f 819//761 877//819 876//818 
f 818//760 876//818 875//817 
f 817//759 875//817 874//816 
f 816//758 874//816 873//815 
f 815//757 873//815 872//814 
f 756//698 814//756 871//813 
f 813//755 871//813 870//812 
f 812//754 870//812 869//811 
f 811//753 869//811 868//810 
f 810//752 868//810 867//809 
f 809//751 867//809 866//808 
f 808//750 866//808 865//807 
f 807//749 865//807 864//806 
f 806//748 864//806 863//805 
f 805//747 863//805 862//804 
f 804//746 862//804 861//803 
f 803//745 861//803 860//802 
f 802//744 860//802 859//801 
f 801//743 859//801 858//800 
f 800//742 858//800 857//799 
f 799//741 857//799 856//798 
f 798//740 856//798 855//797 
f 797//739 855//797 854//796 
f 796//738 854//796 853//795 
f 795//737 853//795 852//794 
f 794//736 852//794 851//793 
f 793//735 851//793 850//792 
f 792//734 850//792 849//791 
f 791//733 849//791 848//790 
f 790//732 848//790 847//789 
f 789//731 847//789 846//788 
f 788//730 846//788 845//787 
f 787//729 845//787 844//786 
f 786//728 844//786 843//785 
f 785//727 843//785 842//784 
f 784//726 842//784 841//783 
f 783//725 841//783 840//782 
f 782//724 840//782 839//781 
f 781//723 839//781 838//780 
f 780//722 838//780 837//779 
f 779//721 837//779 836//778 
f 778//720 836//778 835//777 
f 777//719 835//777 834//776 
f 776//718 834//776 833//775 
f 775//717 833//775 832//774 
f 774//716 832//774 831//773 
f 773//715 831//773 830//772 
f 772//714 830//772 829//771 
f 771//713 829//771 828//770 
f 770//712 828//770 827//769 
f 769//711 827//769 826//768 
f 768//710 826//768 825//767 
f 767//709 825//767 824//766 
f 766//708 824//766 823//765 
f 765//707 823//765 822//764 
f 764//706 822//764 821//763 
f 763//705 821//763 820//762 
f 762//704 820//762 819//761 
f 761//703 819//761 818//760 
f 760//702 818//760 817//759 
f 759//701 817//759 816//758 
f 758//700 816//758 815//757 
f 757//699 815//757 814//756 
f 698//640 756//698 813//755 
f 755//697 813//755 812//754 
f 754//696 812//754 811//753 
f 753//695 811//753 810//752 
f 752//694 810//752 809//751 
f 751//693 809//751 808//750 
f 750//692 808//750 807//749 
f 749//691 807//749 806//748 
f 748//690 806//748 805//747 
f 747//689 805//747 804//746 
f 746//688 804//746 803//745 
f 745//687 803//745 802//744 
f 744//686 802//744 801//743 
f 743//685 801//743 800//742 
f 742//684 800//742 799//741 
f 741//683 799//741 798//740 
f 740//682 798//740 797//739 
f 739//681 797//739 796//738 
f 738//680 796//738 795//737 
f 737//679 795//737 794//736 
f 736//678 794//736 793//735 
f 735//677 793//735 792//734 
f 734//676 792//734 791//733 
f 733//675 791//733 790//732 
f 732//674 790//732 789//731 
f 731//673 789//731 788//730 
f 730//672 788//730 787//729 
f 729//671 787//729 786//728 
f 728//670 786//728 785//727 
f 727//669 785//727 784//726 
f 726//668 784//726 783//725 
f 725//667 783//725 782//724 
f 724//666 782//724 781//723 
f 723//665 781//723 780//722 
f 722//664 780//722 779//721 
f 721//663 779//721 778//720 
f 720//662 778//720 777//719 
f 719//661 777//719 776//718 
f 718//660 776//718 775//717 
f 717//659 775//717 774//716 
f 716//658 774//716 773//715 
f 715//657 773//715 772//714 
f 714//656 772//714 771//713 
f 713//655 771//713 770//712 
f 712//654 770//712 769//711 
f 711//653 769//711 768//710 
f 710//652 768//710 767//709 
f 709//651 767//709 766//708 
f 708//650 766//708 765//707 
f 707//649 765//707 764//706 
f 706//648 764//706 763//705 
f 705//647 763//705 762//704 
f 704//646 762//704 761//703 
f 703//645 761//703 760//702 
f 702//644 760//702 759//701 
f 701//643 759//701 758//700 
f 700//642 758//700 757//699 
f 699//641 757//699 756//698 
f 640//582 698//640 755//697 
f 697//639 755//697 754//696 
f 696//638 754//696 753//695 
f 695//637 753//695 752//694 
f 694//636 752//694 751//693 
f 693//635 751//693 750//692 
f 692//634 750//692 749//691 
f 691//633 749//691 748//690 
f 690//632 748//690 747//689 
f 689//631 747//689 746//688 
f 688//630 746//688 745//687 
f 687//629 745//687 744//686 
f 686//628 744//686 743//685 
f 685//627 743//685 742//684 
f 684//626 742//684 741//683 
f 683//625 741//683 740//682 
f 682//624 740//682 739//681 
f 681//623 739//681 738//680 
f 680//622 738//680 737//679 
f 679//621 737//679 736//678 
f 678//620 736//678 735//677 
f 677//619 735//677 734//676 
f 676//618 734//676 733//675 
f 675//617 733//675 732//674 
f 674//616 732//674 731//673 
f 673//615 731//673 730//672 
f 672//614 730//672 729//671 
f 671//613 729//671 728//670 
f 670//612 728//670 727//669 
f 669//611 727//669 726//668 
f 668//610 726//668 725//667 
f 667//609 725//667 724//666 
f 666//608 724//666 723//665 
f 665//607 723//665 722//664 
f 664//606 722//664 721//663 
f 663//605 721//663 720//662 
f 662//604 720//662 719//661 
f 661//603 719//661 718//660 
f 660//602 718//660 717//659 
f 659//601 717//659 716//658 
f 658//600 716//658 715//657 
f 657//599 715//657 714//656 
f 656//598 714//656 713//655 
f 655//597 713//655 712//654 
f 654//596 712//654 711//653 
f 653//595 711//653 710//652 
f 652//594 710//652 709//651 
f 651//593 709//651 708//650 
f 650//592 708//650 707//649 
f 649//591 707//649 706//648 
f 648//590 706//648 705//647 
f 647//589 705//647 704//646 
f 646//588 704//646 703//645 
f 645//587 703//645 702//644 
f 644//586 702//644 701//643 
f 643//585 701//643 700//642 
f 642//584 700//642 699//641 
f 641//583 699//641 698//640 
f 582//466 640//582 697//639 
f 639//581 697//639 696//638 
f 638//579 696//638 695//637 
f 637//577 695//637 694//636 
f 636//575 694//636 693//635 
f 635//573 693//635 692//634 
f 634//571 692//634 691//633 
f 633//569 691//633 690//632 
f 632//567 690//632 689//631 
f 631//565 689//631 688//630 
f 630//563 688//630 687//629 
f 629//561 687//629 686//628 
f 628//559 686//628 685//627 
f 627//557 685//627 684//626 
f 626//555 684//626 683//625 
f 625//553 683//625 682//624 
f 624//551 682//624 681//623 
f 623//549 681//623 680//622 
f 622//547 680//622 679//621 
f 621//545 679//621 678//620 
f 620//543 678//620 677//619 
f 619//541 677//619 676//618 
f 618//539 676//618 675//617 
f 617//537 675//617 674//616 
f 616//535 674//616 673//615 
f 615//533 673//615 672//614 
f 614//531 672//614 671//613 
f 613//529 671//613 670//612 
f 612//527 670//612 669//611 
f 611//525 669//611 668//610 
f 610//523 668//610 667//609 
f 609//521 667//609 666//608 
f 608//519 666//608 665//607 
f 607//517 665//607 664//606 
f 606//515 664//606 663//605 
f 605//513 663//605 662//604 
f 604//511 662//604 661//603 
f 603//509 661//603 660//602 
f 602//507 660//602 659//601 
f 601//505 659//601 658//600 
f 600//503 658//600 657//599 
f 599//501 657//599 656//598 
f 598//499 656//598 655//597 
f 597//497 655//597 654//596 
f 596//495 654//596 653//595 
f 595//493 653//595 652//594 
f 594//491 652//594 651//593 
f 593//489 651//593 650//592 
f 592//487 650//592 649//591 
f 591//485 649//591 648//590 
f 590//483 648//590 647//589 
f 589//481 647//589 646//588 
f 588//479 646//588 645//587 
f 587//477 645//587 644//586 
f 586//475 644//586 643//585 
f 585//473 643//585 642//584 
f 584//471 642//584 641//583 
f 583//469 641//583 640//582 
f 524//467 582//466 639//581 
f 581//580 639//581 638//579 
f 580//578 638//579 637//577 
f 579//576 637//577 636//575 
f 578//574 636//575 635//573 
f 577//572 635//573 634//571 
f 576//570 634//571 633//569 
f 575//568 633//569 632//567 
f 574//566 632//567 631//565 
f 573//564 631//565 630//563 
f 572//562 630//563 629//561 
f 571//560 629//561 628//559 
f 570//558 628//559 627//557 
f 569//556 627//557 626//555 
f 568//554 626//555 625//553 
f 567//552 625//553 624//551 
f 566//550 624//551 623//549 
f 565//548 623//549 622//547 
f 564//546 622//547 621//545 
f 563//544 621//545 620//543 
f 562//542 620//543 619//541 
f 561//540 619//541 618//539 
f 560//538 618//539 617//537 
f 559//536 617//537 616//535 
f 558//534 616//535 615//533 
f 557//532 615//533 614//531 
f 556//530 614//531 613//529 
f 555//528 613//529 612//527 
f 554//526 612//527 611//525 
f 553//524 611//525 610//523 
f 552//522 610//523 609//521 
f 551//520 609//521 608//519 
f 550//518 608//519 607//517 
f 549//516 607//517 606//515 
f 548//514 606//515 605//513 
f 547//512 605//513 604//511 
f 546//510 604//511 603//509 
f 545//508 603//509 602//507 
f 544//506 602//507 601//505 
f 543//504 601//505 600//503 
f 542//502 600//503 599//501 
f 541//500 599//501 598//499 
f 540//498 598//499 597//497 
f 539//496 597//497 596//495 
f 538//494 596//495 595//493 
f 537//492 595//493 594//491 
f 536//490 594//491 593//489 
f 535//488 593//489 592//487 
f 534//486 592//487 591//485 
f 533//484 591//485 590//483 
f 532//482 590//483 589//481 
f 531//480 589//481 588//479 
f 530//478 588//479 587//477 
f 529//476 587//477 586//475 
f 528//474 586//475 585//473 
f 527//472 585//473 584//471 
f 526//470 584//471 583//469 
f 525//468 583//469 582//466 
o mesh3
f 1046//1046 1047//1046 568//1046 
f 573//1046 1047//1046 1048//1046 
f 1049//1046 575//1046 574//1046 
f 568//1046 567//1046 1046//1046 
f 1048//1046 1049//1046 573//1046 
f 562//1046 1050//1046 1051//1046 
f 1049//1046 576//1046 575//1046 
f 1049//1046 578//1046 577//1046 
f 1052//1046 1053//1046 579//1046 
f 1046//1046 566//1046 565//1046 
f 1047//1046 569//1046 568//1046 
f 1047//1046 571//1046 570//1046 
f 573//1046 572//1046 1047//1046 
f 1046//1046 563//1046 562//1046 
f 577//1046 576//1046 1049//1046 
f 578//1046 1049//1046 1052//1046 
f 567//1046 566//1046 1046//1046 
f 572//1046 571//1046 1047//1046 
f 1046//1046 564//1046 563//1046 
f 562//1046 1054//1046 1055//1046 
f 579//1046 578//1046 1052//1046 
f 570//1046 569//1046 1047//1046 
f 561//1046 1056//1046 1057//1046 
f 1055//1046 1050//1046 562//1046 
f 565//1046 564//1046 1046//1046 
f 1054//1046 562//1046 561//1046 
f 561//1046 1058//1046 1056//1046 
f 1059//1046 1060//1046 1061//1046 
f 1062//1046 1063//1046 1064//1046 
f 1065//1046 1066//1046 1067//1046 
f 579//1046 1068//1046 1069//1046 
f 574//1046 573//1046 1049//1046 
f 1057//1046 1070//1046 561//1046 
f 1059//1046 1047//1046 1060//1046 
f 1071//1046 1061//1046 1072//1046 
f 1073//1046 1074//1046 1075//1046 
f 1062//1046 1075//1046 1063//1046 
f 533//1046 1076//1046 1077//1046 
f 1078//1046 1079//1046 1080//1046 
f 1066//1046 1081//1046 1082//1046 
f 1067//1046 1083//1046 1065//1046 
f 1084//1046 1085//1046 1086//1046 
f 1069//1046 1087//1046 579//1046 
f 1046//1046 1051//1046 1088//1046 
f 561//1046 1070//1046 1054//1046 
f 1072//1046 1089//1046 1071//1046 
f 1089//1046 1072//1046 1074//1046 
f 1064//1046 1090//1046 1062//1046 
f 1090//1046 1064//1046 1091//1046 
f 1092//1046 1093//1046 1094//1046 
f 544//1046 1095//1046 1096//1046 
f 1097//1046 534//1046 533//1046 
f 1098//1046 1099//1046 1100//1046 
f 1101//1046 1102//1046 1078//1046 
f 1081//1046 1102//1046 1101//1046 
f 1083//1046 1103//1046 1065//1046 
f 1104//1046 1065//1046 1103//1046 
f 1085//1046 1105//1046 1106//1046 
f 1086//1046 1107//1046 1084//1046 
f 579//1046 1053//1046 1068//1046 
f 1051//1046 1046//1046 562//1046 
f 1074//1046 1073//1046 1089//1046 
f 1091//1046 1108//1046 1090//1046 
f 1108//1046 1091//1046 1093//1046 
f 1094//1046 1109//1046 1092//1046 
f 1110//1046 1111//1046 1112//1046 
f 1096//1046 1113//1046 544//1046 
f 1114//1046 1115//1046 1116//1046 
f 1117//1046 1114//1046 1118//1046 
f 533//1046 1119//1046 1076//1046 
f 1097//1046 536//1046 535//1046 
f 526//1046 1120//1046 1121//1046 
f 1120//1046 526//1046 525//1046 
f 1100//1046 1122//1046 1098//1046 
f 1123//1046 1124//1046 1122//1046 
f 1079//1046 1123//1046 1125//1046 
f 1101//1046 1082//1046 1081//1046 
f 1103//1046 1126//1046 1104//1046 
f 1105//1046 1104//1046 1126//1046 
f 1107//1046 1046//1046 1084//1046 
f 1088//1046 1084//1046 1046//1046 
f 1047//1046 1059//1046 1127//1046 
f 1075//1046 1062//1046 1073//1046 
f 1092//1046 1128//1046 1093//1046 
f 1109//1046 1094//1046 1129//1046 
f 1130//1046 1129//1046 1111//1046 
f 1112//1046 1131//1046 1132//1046 
f 1133//1046 553//1046 552//1046 
f 1133//1046 555//1046 554//1046 
f 1133//1046 557//1046 556//1046 
f 544//1046 543//1046 1095//1046 
f 1115//1046 1134//1046 1135//1046 
f 1118//1046 1136//1046 1117//1046 
f 1137//1046 1117//1046 1136//1046 
f 533//1046 1138//1046 1119//1046 
f 1097//1046 537//1046 536//1046 
f 525//1046 1139//1046 1120//1046 
f 1122//1046 1124//1046 1098//1046 
f 1125//1046 1080//1046 1079//1046 
f 1082//1046 1067//1046 1066//1046 
f 1106//1046 1086//1046 1085//1046 
f 1127//1046 1048//1046 1047//1046 
f 1093//1046 1128//1046 1108//1046 
f 1111//1046 1140//1046 1130//1046 
f 1112//1046 1132//1046 1110//1046 
f 1133//1046 551//1046 550//1046 
f 554//1046 553//1046 1133//1046 
f 1133//1046 558//1046 557//1046 
f 1133//1046 560//1046 559//1046 
f 1113//1046 1133//1046 544//1046 
f 1141//1046 1142//1046 1143//1046 
f 1116//1046 1118//1046 1114//1046 
f 1136//1046 1144//1046 1137//1046 
f 535//1046 534//1046 1097//1046 
f 1121//1046 1145//1046 526//1046 
f 1146//1046 581//1046 580//1046 
f 524//1046 581//1046 1146//1046 
f 1122//1046 1125//1046 1123//1046 
f 1126//1046 1106//1046 1105//1046 
f 1061//1046 1071//1046 1059//1046 
f 1110//1046 1140//1046 1111//1046 
f 552//1046 551//1046 1133//1046 
f 559//1046 558//1046 1133//1046 
f 1095//1046 542//1046 541//1046 
f 1095//1046 1147//1046 1096//1046 
f 1148//1046 1149//1046 1150//1046 
f 1151//1046 1152//1046 1142//1046 
f 1143//1046 1153//1046 1154//1046 
f 1144//1046 1097//1046 1137//1046 
f 1097//1046 1077//1046 1155//1046 
f 1097//1046 538//1046 537//1046 
f 1095//1046 539//1046 538//1046 
f 1138//1046 527//1046 526//1046 
f 1138//1046 529//1046 528//1046 
f 1138//1046 531//1046 530//1046 
f 1138//1046 533//1046 532//1046 
f 1146//1046 1156//1046 524//1046 
f 524//1046 1156//1046 1139//1046 
f 1080//1046 1101//1046 1078//1046 
f 1129//1046 1130//1046 1109//1046 
f 561//1046 1157//1046 1158//1046 
f 1133//1046 549//1046 548//1046 
f 556//1046 555//1046 1133//1046 
f 1157//1046 561//1046 560//1046 
f 541//1046 540//1046 1095//1046 
f 1095//1046 1148//1046 1147//1046 
f 1148//1046 1095//1046 1149//1046 
f 1159//1046 1150//1046 1160//1046 
f 1161//1046 1160//1046 1162//1046 
f 1163//1046 1162//1046 1164//1046 
f 1165//1046 1166//1046 1152//1046 
f 1131//1046 1112//1046 1167//1046 
f 1168//1046 1169//1046 1170//1046 
f 1171//1046 1172//1046 1173//1046 
f 1143//1046 1154//1046 1141//1046 
f 1153//1046 1143//1046 1174//1046 
f 1175//1046 1174//1046 1176//1046 
f 1177//1046 1176//1046 1178//1046 
f 1155//1046 1137//1046 1097//1046 
f 538//1046 1097//1046 1095//1046 
f 528//1046 527//1046 1138//1046 
f 532//1046 531//1046 1138//1046 
f 1139//1046 525//1046 524//1046 
f 1087//1046 1146//1046 579//1046 
f 561//1046 1179//1046 1180//1046 
f 1158//1046 1181//1046 561//1046 
f 1133//1046 546//1046 545//1046 
f 550//1046 549//1046 1133//1046 
f 560//1046 1133//1046 1182//1046 
f 543//1046 542//1046 1095//1046 
f 1160//1046 1161//1046 1159//1046 
f 1164//1046 1165//1046 1163//1046 
f 1165//1046 1164//1046 1166//1046 
f 1167//1046 1183//1046 1184//1046 
f 1167//1046 1185//1046 1186//1046 
f 1168//1046 1187//1046 1169//1046 
f 1188//1046 1187//1046 1168//1046 
f 1173//1046 1189//1046 1171//1046 
f 1174//1046 1175//1046 1153//1046 
f 1178//1046 1190//1046 1177//1046 
f 1191//1046 1178//1046 1192//1046 
f 1193//1046 1194//1046 1195//1046 
f 1196//1046 1197//1046 1198//1046 
f 1077//1046 1097//1046 533//1046 
f 530//1046 529//1046 1138//1046 
f 1099//1046 1196//1046 1100//1046 
f 1181//1046 1179//1046 561//1046 
f 1133//1046 547//1046 546//1046 
f 560//1046 1182//1046 1157//1046 
f 1150//1046 1159//1046 1148//1046 
f 1152//1046 1151//1046 1165//1046 
f 1186//1046 1183//1046 1167//1046 
f 1168//1046 1173//1046 1188//1046 
f 1189//1046 1199//1046 1171//1046 
f 1200//1046 1199//1046 1189//1046 
f 1176//1046 1177//1046 1175//1046 
f 1192//1046 1201//1046 1191//1046 
f 1202//1046 1192//1046 1193//1046 
f 1195//1046 1203//1046 1193//1046 
f 1198//1046 1204//1046 1205//1046 
f 1198//1046 1100//1046 1196//1046 
f 1145//1046 1138//1046 526//1046 
f 1180//1046 1058//1046 561//1046 
f 548//1046 547//1046 1133//1046 
f 1162//1046 1163//1046 1161//1046 
f 1185//1046 1206//1046 1186//1046 
f 1207//1046 1208//1046 1209//1046 
f 1170//1046 1207//1046 1168//1046 
f 1189//1046 1210//1046 1200//1046 
f 1211//1046 1200//1046 1210//1046 
f 1212//1046 1211//1046 1213//1046 
f 1214//1046 1215//1046 1216//1046 
f 1217//1046 1214//1046 1218//1046 
f 1134//1046 1217//1046 1219//1046 
f 1191//1046 1190//1046 1178//1046 
f 1193//1046 1220//1046 1202//1046 
f 1194//1046 1221//1046 1195//1046 
f 1194//1046 1222//1046 1223//1046 
f 1197//1046 1204//1046 1198//1046 
f 580//1046 579//1046 1146//1046 
f 540//1046 539//1046 1095//1046 
f 1185//1046 1209//1046 1206//1046 
f 1170//1046 1208//1046 1207//1046 
f 1210//1046 1213//1046 1211//1046 
f 1216//1046 1215//1046 1212//1046 
f 1218//1046 1219//1046 1217//1046 
f 1219//1046 1224//1046 1134//1046 
f 1202//1046 1201//1046 1192//1046 
f 1223//1046 1221//1046 1194//1046 
f 1205//1046 1222//1046 1198//1046 
f 545//1046 544//1046 1133//1046 
f 1209//1046 1185//1046 1207//1046 
f 1213//1046 1216//1046 1212//1046 
f 1224//1046 1135//1046 1134//1046 
f 1203//1046 1220//1046 1193//1046 
f 1205//1046 1225//1046 1222//1046 
f 1167//1046 1184//1046 1131//1046 
f 1216//1046 1218//1046 1214//1046 
f 1225//1046 1223//1046 1222//1046 
f 1172//1046 1188//1046 1173//1046 
f 1135//1046 1116//1046 1115//1046 
f 1142//1046 1141//1046 1151//1046 
o mesh4
f 1226//1047 1095//1047 1097//1047 
f 1097//1047 1227//1047 1226//1047 
o mesh5
f 1228//1048 1229//1048 1230//1048 
f 1229//1048 1231//1048 1232//1048 
f 1230//1048 1233//1048 1228//1048 
f 1234//1048 1228//1048 1235//1048 
f 1236//1048 1234//1048 1237//1048 
f 1231//1048 1238//1048 1239//1048 
f 1233//1048 1235//1048 1228//1048 
f 1237//1048 1240//1048 1236//1048 
f 1241//1048 1242//1048 1243//1048 
f 1244//1048 1245//1048 1246//1048 
f 1239//1048 1232//1048 1231//1048 
f 1235//1048 1237//1048 1234//1048 
f 1243//1048 1247//1048 1241//1048 
f 1248//1048 1249//1048 1250//1048 
f 1244//1048 1250//1048 1245//1048 
f 1251//1048 1246//1048 1252//1048 
f 1253//1048 1252//1048 1254//1048 
f 1255//1048 1256//1048 1257//1048 
f 1258//1048 1255//1048 1259//1048 
f 1260//1048 1258//1048 1261//1048 
f 1232//1048 1230//1048 1229//1048 
f 1262//1048 1263//1048 1264//1048 
f 1265//1048 1266//1048 1226//1048 
f 1247//1048 1267//1048 1241//1048 
f 1268//1048 1269//1048 1270//1048 
f 1271//1048 1270//1048 1249//1048 
f 1246//1048 1251//1048 1244//1048 
f 1254//1048 1272//1048 1253//1048 
f 1259//1048 1261//1048 1258//1048 
f 1238//1048 1260//1048 1239//1048 
f 1263//1048 1236//1048 1240//1048 
f 1264//1048 1273//1048 1262//1048 
f 1227//1048 1274//1048 1265//1048 
f 1267//1048 1275//1048 1241//1048 
f 1276//1048 1241//1048 1277//1048 
f 1276//1048 1278//1048 1279//1048 
f 1280//1048 1281//1048 1282//1048 
f 1249//1048 1248//1048 1271//1048 
f 1252//1048 1253//1048 1251//1048 
f 1283//1048 1284//1048 1285//1048 
f 1261//1048 1239//1048 1260//1048 
f 1273//1048 1226//1048 1262//1048 
f 1226//1048 1227//1048 1265//1048 
f 1286//1048 1287//1048 1288//1048 
f 1242//1048 1289//1048 1290//1048 
f 1277//1048 1278//1048 1276//1048 
f 1278//1048 1291//1048 1279//1048 
f 1282//1048 1292//1048 1280//1048 
f 1280//1048 1293//1048 1294//1048 
f 1250//1048 1244//1048 1248//1048 
f 1285//1048 1295//1048 1296//1048 
f 1297//1048 1298//1048 1299//1048 
f 1300//1048 1301//1048 1302//1048 
f 1303//1048 1304//1048 1305//1048 
f 1240//1048 1264//1048 1263//1048 
f 1266//1048 1306//1048 1226//1048 
f 1287//1048 1307//1048 1308//1048 
f 1288//1048 1309//1048 1286//1048 
f 1310//1048 1311//1048 1312//1048 
f 1290//1048 1289//1048 1313//1048 
f 1290//1048 1314//1048 1242//1048 
f 1279//1048 1280//1048 1276//1048 
f 1280//1048 1315//1048 1281//1048 
f 1294//1048 1316//1048 1280//1048 
f 1280//1048 1317//1048 1318//1048 
f 1269//1048 1319//1048 1320//1048 
f 1270//1048 1271//1048 1268//1048 
f 1321//1048 1254//1048 1322//1048 
f 1323//1048 1324//1048 1284//1048 
f 1285//1048 1296//1048 1283//1048 
f 1299//1048 1325//1048 1326//1048 
f 1299//1048 1327//1048 1328//1048 
f 1300//1048 1329//1048 1301//1048 
f 1330//1048 1329//1048 1300//1048 
f 1257//1048 1256//1048 1303//1048 
f 1306//1048 1262//1048 1226//1048 
f 1307//1048 1331//1048 1332//1048 
f 1309//1048 1312//1048 1286//1048 
f 1313//1048 1310//1048 1290//1048 
f 1275//1048 1277//1048 1241//1048 
f 1333//1048 1334//1048 1335//1048 
f 1336//1048 1337//1048 1338//1048 
f 1333//1048 1338//1048 1337//1048 
f 1316//1048 1315//1048 1280//1048 
f 1280//1048 1339//1048 1340//1048 
f 1280//1048 1341//1048 1317//1048 
f 1268//1048 1319//1048 1269//1048 
f 1322//1048 1342//1048 1321//1048 
f 1342//1048 1322//1048 1324//1048 
f 1283//1048 1343//1048 1284//1048 
f 1328//1048 1325//1048 1299//1048 
f 1344//1048 1345//1048 1346//1048 
f 1302//1048 1344//1048 1300//1048 
f 1305//1048 1304//1048 1330//1048 
f 1257//1048 1259//1048 1255//1048 
f 1331//1048 1347//1048 1348//1048 
f 1308//1048 1288//1048 1287//1048 
f 1312//1048 1311//1048 1349//1048 
f 1314//1048 1243//1048 1242//1048 
f 1333//1048 1350//1048 1334//1048 
f 1337//1048 1350//1048 1333//1048 
f 1340//1048 1293//1048 1280//1048 
f 1280//1048 1279//1048 1341//1048 
f 1351//1048 1352//1048 1353//1048 
f 1351//1048 1269//1048 1354//1048 
f 1269//1048 1355//1048 1356//1048 
f 1321//1048 1272//1048 1254//1048 
f 1284//1048 1343//1048 1323//1048 
f 1357//1048 1358//1048 1359//1048 
f 1360//1048 1361//1048 1362//1048 
f 1327//1048 1363//1048 1328//1048 
f 1302//1048 1345//1048 1344//1048 
f 1305//1048 1257//1048 1303//1048 
f 1351//1048 1364//1048 1227//1048 
f 1332//1048 1308//1048 1307//1048 
f 1312//1048 1290//1048 1310//1048 
f 1338//1048 1280//1048 1336//1048 
f 1318//1048 1339//1048 1280//1048 
f 1353//1048 1365//1048 1351//1048 
f 1356//1048 1354//1048 1269//1048 
f 1324//1048 1323//1048 1342//1048 
f 1295//1048 1285//1048 1357//1048 
f 1359//1048 1366//1048 1357//1048 
f 1362//1048 1367//1048 1368//1048 
f 1362//1048 1369//1048 1360//1048 
f 1327//1048 1346//1048 1363//1048 
f 1300//1048 1305//1048 1330//1048 
f 1227//1048 1370//1048 1351//1048 
f 1349//1048 1286//1048 1312//1048 
f 1292//1048 1336//1048 1280//1048 
f 1351//1048 1371//1048 1352//1048 
f 1320//1048 1355//1048 1269//1048 
f 1366//1048 1372//1048 1357//1048 
f 1361//1048 1367//1048 1362//1048 
f 1373//1048 1374//1048 1369//1048 
f 1375//1048 1376//1048 1377//1048 
f 1347//1048 1378//1048 1379//1048 
f 1380//1048 1381//1048 1382//1048 
f 1383//1048 1384//1048 1298//1048 
f 1346//1048 1327//1048 1344//1048 
f 1370//1048 1269//1048 1351//1048 
f 1335//1048 1351//1048 1333//1048 
f 1354//1048 1371//1048 1351//1048 
f 1358//1048 1385//1048 1359//1048 
f 1358//1048 1386//1048 1387//1048 
f 1368//1048 1386//1048 1362//1048 
f 1369//1048 1388//1048 1373//1048 
f 1389//1048 1390//1048 1388//1048 
f 1376//1048 1389//1048 1391//1048 
f 1392//1048 1393//1048 1375//1048 
f 1394//1048 1393//1048 1392//1048 
f 1378//1048 1394//1048 1395//1048 
f 1379//1048 1396//1048 1347//1048 
f 1397//1048 1398//1048 1381//1048 
f 1382//1048 1399//1048 1380//1048 
f 1399//1048 1382//1048 1400//1048 
f 1401//1048 1400//1048 1384//1048 
f 1298//1048 1297//1048 1402//1048 
f 1364//1048 1274//1048 1227//1048 
f 1365//1048 1333//1048 1351//1048 
f 1387//1048 1385//1048 1358//1048 
f 1368//1048 1403//1048 1386//1048 
f 1388//1048 1390//1048 1373//1048 
f 1391//1048 1377//1048 1376//1048 
f 1392//1048 1395//1048 1394//1048 
f 1396//1048 1348//1048 1347//1048 
f 1291//1048 1278//1048 1398//1048 
f 1380//1048 1404//1048 1381//1048 
f 1384//1048 1405//1048 1401//1048 
f 1298//1048 1402//1048 1383//1048 
f 1348//1048 1332//1048 1331//1048 
f 1403//1048 1387//1048 1386//1048 
f 1388//1048 1391//1048 1389//1048 
f 1395//1048 1379//1048 1378//1048 
f 1381//1048 1404//1048 1397//1048 
f 1383//1048 1405//1048 1384//1048 
f 1357//1048 1372//1048 1295//1048 
f 1377//1048 1392//1048 1375//1048 
f 1400//1048 1401//1048 1399//1048 
f 1374//1048 1360//1048 1369//1048 
f 1299//1048 1326//1048 1297//1048 
f 1398//1048 1397//1048 1291//1048 
o mesh6
f 1327//1049 1222//1049 1194//1049 
f 1194//1049 1344//1049 1327//1049 
o mesh7
f 1046//1050 1290//1050 1312//1050 
f 1312//1050 1047//1050 1046//1050 
o mesh8
f 1207//1051 1185//1051 1386//1051 
f 1386//1051 1358//1051 1207//1051 
o mesh9
f 1047//1050 1312//1050 1309//1052 
f 1060//1052 1309//1052 1288//1053 
f 1061//1053 1288//1053 1308//1054 
f 1072//1054 1308//1054 1332//1055 
f 1074//1055 1332//1055 1348//1056 
f 1075//1056 1348//1056 1396//1057 
f 1063//1057 1396//1057 1379//1058 
f 1064//1058 1379//1058 1395//1059 
f 1091//1059 1395//1059 1392//1060 
f 1093//1060 1392//1060 1377//1061 
f 1094//1061 1377//1061 1391//1062 
f 1129//1062 1391//1062 1388//1063 
f 1111//1063 1388//1063 1369//1064 
f 1112//1064 1369//1064 1362//1065 
f 1167//1065 1362//1065 1386//1066 
f 1386//1066 1185//1066 1167//1065 
f 1362//1065 1167//1065 1112//1064 
f 1369//1064 1112//1064 1111//1063 
f 1388//1063 1111//1063 1129//1062 
f 1391//1062 1129//1062 1094//1061 
f 1377//1061 1094//1061 1093//1060 
f 1392//1060 1093//1060 1091//1059 
f 1395//1059 1091//1059 1064//1058 
f 1379//1058 1064//1058 1063//1057 
f 1396//1057 1063//1057 1075//1056 
f 1348//1056 1075//1056 1074//1055 
f 1332//1055 1074//1055 1072//1054 
f 1308//1054 1072//1054 1061//1053 
f 1288//1053 1061//1053 1060//1052 
f 1309//1052 1060//1052 1047//1050 
o mesh10
f 1227//1067 1097//1067 1144//1068 
f 1370//1068 1144//1068 1136//1069 
f 1269//1069 1136//1069 1118//1070 
f 1270//1070 1118//1070 1116//1071 
f 1249//1071 1116//1071 1135//1072 
f 1250//1072 1135//1072 1224//1073 
f 1245//1073 1224//1073 1219//1074 
f 1246//1074 1219//1074 1218//1075 
f 1252//1075 1218//1075 1216//1076 
f 1254//1076 1216//1076 1213//1077 
f 1322//1077 1213//1077 1210//1078 
f 1324//1078 1210//1078 1189//1079 
f 1284//1079 1189//1079 1173//1080 
f 1285//1080 1173//1080 1168//1081 
f 1357//1081 1168//1081 1207//1082 
f 1207//1082 1358//1082 1357//1081 
f 1168//1081 1357//1081 1285//1080 
f 1173//1080 1285//1080 1284//1079 
f 1189//1079 1284//1079 1324//1078 
f 1210//1078 1324//1078 1322//1077 
f 1213//1077 1322//1077 1254//1076 
f 1216//1076 1254//1076 1252//1075 
f 1218//1075 1252//1075 1246//1074 
f 1219//1074 1246//1074 1245//1073 
f 1224//1073 1245//1073 1250//1072 
f 1135//1072 1250//1072 1249//1071 
f 1116//1071 1249//1071 1270//1070 
f 1118//1070 1270//1070 1269//1069 
f 1136//1069 1269//1069 1370//1068 
f 1144//1068 1370//1068 1227//1067 
o mesh11
f 1095//1083 1226//1083 1273//1084 
f 1149//1084 1273//1084 1264//1085 
f 1150//1085 1264//1085 1240//1086 
f 1160//1086 1240//1086 1237//1087 
f 1162//1087 1237//1087 1235//1088 
f 1164//1088 1235//1088 1233//1089 
f 1166//1089 1233//1089 1230//1090 
f 1152//1090 1230//1090 1232//1091 
f 1142//1091 1232//1091 1239//1092 
f 1143//1092 1239//1092 1261//1093 
f 1174//1093 1261//1093 1259//1094 
f 1176//1094 1259//1094 1257//1095 
f 1178//1095 1257//1095 1305//1096 
f 1192//1096 1305//1096 1300//1097 
f 1193//1097 1300//1097 1344//1098 
f 1344//1098 1194//1098 1193//1097 
f 1300//1097 1193//1097 1192//1096 
f 1305//1096 1192//1096 1178//1095 
f 1257//1095 1178//1095 1176//1094 
f 1259//1094 1176//1094 1174//1093 
f 1261//1093 1174//1093 1143//1092 
f 1239//1092 1143//1092 1142//1091 
f 1232//1091 1142//1091 1152//1090 
f 1230//1090 1152//1090 1166//1089 
f 1233//1089 1166//1089 1164//1088 
f 1235//1088 1164//1088 1162//1087 
f 1237//1087 1162//1087 1160//1086 
f 1240//1086 1160//1086 1150//1085 
f 1264//1085 1150//1085 1149//1084 
f 1273//1084 1149//1084 1095//1083 
o mesh12
f 1290//1099 1046//1099 1107//1100 
f 1314//1100 1107//1100 1086//1101 
f 1243//1101 1086//1101 1106//1102 
f 1247//1102 1106//1102 1126//1103 
f 1267//1103 1126//1103 1103//1104 
f 1275//1104 1103//1104 1083//1105 
f 1277//1105 1083//1105 1067//1106 
f 1278//1106 1067//1106 1082//1107 
f 1398//1107 1082//1107 1101//1108 
f 1381//1108 1101//1108 1080//1109 
f 1382//1109 1080//1109 1125//1110 
f 1400//1110 1125//1110 1122//1111 
f 1384//1111 1122//1111 1100//1112 
f 1298//1112 1100//1112 1198//1113 
f 1299//1113 1198//1113 1222//1114 
f 1222//1114 1327//1114 1299//1113 
f 1198//1113 1299//1113 1298//1112 
f 1100//1112 1298//1112 1384//1111 
f 1122//1111 1384//1111 1400//1110 
f 1125//1110 1400//1110 1382//1109 
f 1080//1109 1382//1109 1381//1108 
f 1101//1108 1381//1108 1398//1107 
f 1082//1107 1398//1107 1278//1106 
f 1067//1106 1278//1106 1277//1105 
f 1083//1105 1277//1105 1275//1104 
f 1103//1104 1275//1104 1267//1103 
f 1126//1103 1267//1103 1247//1102 
f 1106//1102 1247//1102 1243//1101 
f 1086//1101 1243//1101 1314//1100 
f 1107//1100 1314//1100 1290//1099 
o mesh13
f 1350//1115 1337//1114 1180//1114 
f 1334//1116 1350//1115 1179//1115 
f 1335//1117 1334//1116 1181//1116 
f 1351//1118 1335//1117 1158//1117 
f 1364//1119 1351//1118 1157//1118 
f 1274//1120 1364//1119 1182//1119 
f 1265//1121 1274//1120 1133//1120 
f 1266//1122 1265//1121 1113//1121 
f 1306//1123 1266//1122 1096//1122 
f 1262//1124 1306//1123 1147//1123 
f 1263//1125 1262//1124 1148//1124 
f 1236//1126 1263//1125 1159//1125 
f 1234//1127 1236//1126 1161//1126 
f 1228//1128 1234//1127 1163//1127 
f 1229//1129 1228//1128 1165//1128 
f 1231//1130 1229//1129 1151//1129 
f 1238//1131 1231//1130 1141//1130 
f 1260//1132 1238//1131 1154//1131 
f 1258//1133 1260//1132 1153//1132 
f 1255//1134 1258//1133 1175//1133 
f 1256//1135 1255//1134 1177//1134 
f 1303//1136 1256//1135 1190//1135 
f 1304//1137 1303//1136 1191//1136 
f 1330//1138 1304//1137 1201//1137 
f 1329//1139 1330//1138 1202//1138 
f 1301//1140 1329//1139 1220//1139 
f 1302//1141 1301//1140 1203//1140 
f 1345//1142 1302//1141 1195//1141 
f 1346//1143 1345//1142 1221//1142 
f 1363//1144 1346//1143 1223//1143 
f 1328//1145 1363//1144 1225//1144 
f 1325//1146 1328//1145 1205//1145 
f 1326//1147 1325//1146 1204//1146 
f 1297//1148 1326//1147 1197//1147 
f 1402//1149 1297//1148 1196//1148 
f 1383//1150 1402//1149 1099//1149 
f 1405//1151 1383//1150 1098//1150 
f 1401//1152 1405//1151 1124//1151 
f 1399//1153 1401//1152 1123//1152 
f 1380//1154 1399//1153 1079//1153 
f 1404//1155 1380//1154 1078//1154 
f 1397//1156 1404//1155 1102//1155 
f 1291//1157 1397//1156 1081//1156 
f 1279//1158 1291//1157 1066//1157 
f 1341//1159 1279//1158 1065//1158 
f 1317//1160 1341//1159 1104//1159 
f 1318//1161 1317//1160 1105//1160 
f 1339//1162 1318//1161 1085//1161 
f 1340//1163 1339//1162 1084//1162 
f 1293//1164 1340//1163 1088//1163 
f 1294//1165 1293//1164 1051//1164 
f 1316//1166 1294//1165 1050//1165 
f 1315//1167 1316//1166 1055//1166 
f 1281//1168 1315//1167 1054//1167 
f 1282//1169 1281//1168 1070//1168 
f 1292//1170 1282//1169 1057//1169 
f 1336//1171 1292//1170 1056//1170 
f 1337//1114 1336//1171 1058//1171 
f 1058//1171 1180//1114 1337//1114 
f 1056//1170 1058//1171 1336//1171 
f 1057//1169 1056//1170 1292//1170 
f 1070//1168 1057//1169 1282//1169 
f 1054//1167 1070//1168 1281//1168 
f 1055//1166 1054//1167 1315//1167 
f 1050//1165 1055//1166 1316//1166 
f 1051//1164 1050//1165 1294//1165 
f 1088//1163 1051//1164 1293//1164 
f 1084//1162 1088//1163 1340//1163 
f 1085//1161 1084//1162 1339//1162 
f 1105//1160 1085//1161 1318//1161 
f 1104//1159 1105//1160 1317//1160 
f 1065//1158 1104//1159 1341//1159 
f 1066//1157 1065//1158 1279//1158 
f 1081//1156 1066//1157 1291//1157 
f 1102//1155 1081//1156 1397//1156 
f 1078//1154 1102//1155 1404//1155 
f 1079//1153 1078//1154 1380//1154 
f 1123//1152 1079//1153 1399//1153 
f 1124//1151 1123//1152 1401//1152 
f 1098//1150 1124//1151 1405//1151 
f 1099//1149 1098//1150 1383//1150 
f 1196//1148 1099//1149 1402//1149 
f 1197//1147 1196//1148 1297//1148 
f 1204//1146 1197//1147 1326//1147 
f 1205//1145 1204//1146 1325//1146 
f 1225//1144 1205//1145 1328//1145 
f 1223//1143 1225//1144 1363//1144 
f 1221//1142 1223//1143 1346//1143 
f 1195//1141 1221//1142 1345//1142 
f 1203//1140 1195//1141 1302//1141 
f 1220//1139 1203//1140 1301//1140 
f 1202//1138 1220//1139 1329//1139 
f 1201//1137 1202//1138 1330//1138 
f 1191//1136 1201//1137 1304//1137 
f 1190//1135 1191//1136 1303//1136 
f 1177//1134 1190//1135 1256//1135 
f 1175//1133 1177//1134 1255//1134 
f 1153//1132 1175//1133 1258//1133 
f 1154//1131 1153//1132 1260//1132 
f 1141//1130 1154//1131 1238//1131 
f 1151//1129 1141//1130 1231//1130 
f 1165//1128 1151//1129 1229//1129 
f 1163//1127 1165//1128 1228//1128 
f 1161//1126 1163//1127 1234//1127 
f 1159//1125 1161//1126 1236//1126 
f 1148//1124 1159//1125 1263//1125 
f 1147//1123 1148//1124 1262//1124 
f 1096//1122 1147//1123 1306//1123 
f 1113//1121 1096//1122 1266//1122 
f 1133//1120 1113//1121 1265//1121 
f 1182//1119 1133//1120 1274//1120 
f 1157//1118 1182//1119 1364//1119 
f 1158//1117 1157//1118 1351//1118 
f 1181//1116 1158//1117 1335//1117 
f 1179//1115 1181//1116 1334//1116 
f 1180//1114 1179//1115 1350//1115 
o mesh14
f 1385//1172 1387//1173 1209//1173 
f 1359//1174 1385//1172 1208//1175 
f 1366//1176 1359//1174 1170//1177 
f 1372//1178 1366//1176 1169//1179 
f 1295//1180 1372//1178 1187//1181 
f 1296//1182 1295//1180 1188//1183 
f 1283//1184 1296//1182 1172//1185 
f 1343//1186 1283//1184 1171//1187 
f 1323//1188 1343//1186 1199//1189 
f 1342//1190 1323//1188 1200//1191 
f 1321//1192 1342//1190 1211//1193 
f 1272//1194 1321//1192 1212//1195 
f 1253//1196 1272//1194 1215//1197 
f 1251//1198 1253//1196 1214//1199 
f 1244//1200 1251//1198 1217//1201 
f 1248//1202 1244//1200 1134//1203 
f 1271//1204 1248//1202 1115//1205 
f 1268//1206 1271//1204 1114//1207 
f 1319//1208 1268//1206 1117//1209 
f 1320//1210 1319//1208 1137//1211 
f 1355//1212 1320//1210 1155//1213 
f 1356//1214 1355//1212 1077//1215 
f 1354//1216 1356//1214 1076//1217 
f 1371//1218 1354//1216 1119//1219 
f 1352//1220 1371//1218 1138//1221 
f 1353//1222 1352//1220 1145//1223 
f 1365//1224 1353//1222 1121//1225 
f 1333//1226 1365//1224 1120//1227 
f 1338//1228 1333//1226 1139//1229 
f 1280//1230 1338//1228 1156//1231 
f 1276//1232 1280//1230 1146//1233 
f 1241//1234 1276//1232 1087//1235 
f 1242//1236 1241//1234 1069//1237 
f 1289//1238 1242//1236 1068//1239 
f 1313//1240 1289//1238 1053//1241 
f 1310//1242 1313//1240 1052//1243 
f 1311//1244 1310//1242 1049//1245 
f 1349//1246 1311//1244 1048//1247 
f 1286//1248 1349//1246 1127//1249 
f 1287//1250 1286//1248 1059//1251 
f 1307//1252 1287//1250 1071//1253 
f 1331//1254 1307//1252 1089//1255 
f 1347//1256 1331//1254 1073//1257 
f 1378//1258 1347//1256 1062//1259 
f 1394//1260 1378//1258 1090//1261 
f 1393//1262 1394//1260 1108//1263 
f 1375//1264 1393//1262 1128//1265 
f 1376//1266 1375//1264 1092//1267 
f 1389//1268 1376//1266 1109//1269 
f 1390//1270 1389//1268 1130//1271 
f 1373//1272 1390//1270 1140//1273 
f 1374//1274 1373//1272 1110//1275 
f 1360//1276 1374//1274 1132//1277 
f 1361//1278 1360//1276 1131//1279 
f 1367//1280 1361//1278 1184//1281 
f 1368//1282 1367//1280 1183//1283 
f 1403//1284 1368//1282 1186//1285 
f 1387//1173 1403//1284 1206//1284 
f 1206//1284 1209//1173 1387//1173 
f 1186//1285 1206//1284 1403//1284 
f 1183//1283 1186//1285 1368//1282 
f 1184//1281 1183//1283 1367//1280 
f 1131//1279 1184//1281 1361//1278 
f 1132//1277 1131//1279 1360//1276 
f 1110//1275 1132//1277 1374//1274 
f 1140//1273 1110//1275 1373//1272 
f 1130//1271 1140//1273 1390//1270 
f 1109//1269 1130//1271 1389//1268 
f 1092//1267 1109//1269 1376//1266 
f 1128//1265 1092//1267 1375//1264 
f 1108//1263 1128//1265 1393//1262 
f 1090//1261 1108//1263 1394//1260 
f 1062//1259 1090//1261 1378//1258 
f 1073//1257 1062//1259 1347//1256 
f 1089//1255 1073//1257 1331//1254 
f 1071//1253 1089//1255 1307//1252 
f 1059//1251 1071//1253 1287//1250 
f 1127//1249 1059//1251 1286//1248 
f 1048//1247 1127//1249 1349//1246 
f 1049//1245 1048//1247 1311//1244 
f 1052//1243 1049//1245 1310//1242 
f 1053//1241 1052//1243 1313//1240 
f 1068//1239 1053//1241 1289//1238 
f 1069//1237 1068//1239 1242//1236 
f 1087//1235 1069//1237 1241//1234 
f 1146//1233 1087//1235 1276//1232 
f 1156//1231 1146//1233 1280//1230 
f 1139//1229 1156//1231 1338//1228 
f 1120//1227 1139//1229 1333//1226 
f 1121//1225 1120//1227 1365//1224 
f 1145//1223 1121//1225 1353//1222 
f 1138//1221 1145//1223 1352//1220 
f 1119//1219 1138//1221 1371//1218 
f 1076//1217 1119//1219 1354//1216 
f 1077//1215 1076//1217 1356//1214 
f 1155//1213 1077//1215 1355//1212 
f 1137//1211 1155//1213 1320//1210 
f 1117//1209 1137//1211 1319//1208 
f 1114//1207 1117//1209 1268//1206 
f 1115//1205 1114//1207 1271//1204 
f 1134//1203 1115//1205 1248//1202 
f 1217//1201 1134//1203 1244//1200 
f 1214//1199 1217//1201 1251//1198 
f 1215//1197 1214//1199 1253//1196 
f 1212//1195 1215//1197 1272//1194 
f 1211//1193 1212//1195 1321//1192 
f 1200//1191 1211//1193 1342//1190 
f 1199//1189 1200//1191 1323//1188 
f 1171//1187 1199//1189 1343//1186 
f 1172//1185 1171//1187 1283//1184 
f 1188//1183 1172//1185 1296//1182 
f 1187//1181 1188//1183 1295//1180 
f 1169//1179 1187//1181 1372//1178 
f 1170//1177 1169//1179 1366//1176 
f 1208//1175 1170//1177 1359//1174 
f 1209//1173 1208//1175 1385//1172 
