# OBJ generated by ONSHAPE BY PTC INC, 1.217 Units = meters
mtllib ARCADA001 - Part 1 (16).mtl
g Part 1
v -0.02419 -0.0015 0.0051838 
v -0.0242 -0.0015 0.005 
v -0.0242 0.0015 0.005 
v -0.0241603 -0.0015 0.00536545 
v -0.02419 0.0015 0.0051838 
v -0.024111 -0.0015 0.00554281 
v -0.0241603 0.0015 0.00536545 
v -0.0240429 -0.0015 0.00571381 
v -0.024111 0.0015 0.00554281 
v -0.0239567 -0.0015 0.00587644 
v -0.0240429 0.0015 0.00571381 
v -0.0238534 -0.0015 0.0060288 
v -0.0239567 0.0015 0.00587644 
v -0.0237342 -0.0015 0.00616909 
v -0.0238534 0.0015 0.0060288 
v -0.0236006 -0.0015 0.00629568 
v -0.0237342 0.0015 0.00616909 
v -0.023454 -0.0015 0.00640707 
v -0.0236006 0.0015 0.00629568 
v -0.0232963 -0.0015 0.00650197 
v -0.023454 0.0015 0.00640707 
v -0.0231292 -0.0015 0.00657926 
v -0.0232963 0.0015 0.00650197 
v -0.0229548 -0.0015 0.00663803 
v -0.0231292 0.0015 0.00657926 
v -0.022775 -0.0015 0.00667761 
v -0.0229548 0.0015 0.00663803 
v -0.022592 -0.0015 0.00669751 
v -0.022775 0.0015 0.00667761 
v -0.022408 -0.0015 0.00669751 
v -0.022592 0.0015 0.00669751 
v -0.022225 -0.0015 0.00667761 
v -0.022408 0.0015 0.00669751 
v -0.0220452 -0.0015 0.00663803 
v -0.022225 0.0015 0.00667761 
v -0.0218708 -0.0015 0.00657926 
v -0.0220452 0.0015 0.00663803 
v -0.0217037 -0.0015 0.00650197 
v -0.0218708 0.0015 0.00657926 
v -0.021546 -0.0015 0.00640707 
v -0.0217037 0.0015 0.00650197 
v -0.0213994 -0.0015 0.00629568 
v -0.021546 0.0015 0.00640707 
v -0.0212658 -0.0015 0.00616909 
v -0.0213994 0.0015 0.00629568 
v -0.0211466 -0.0015 0.0060288 
v -0.0212658 0.0015 0.00616909 
v -0.0210433 -0.0015 0.00587644 
v -0.0211466 0.0015 0.0060288 
v -0.0209571 -0.0015 0.00571381 
v -0.0210433 0.0015 0.00587644 
v -0.020889 -0.0015 0.00554281 
v -0.0209571 0.0015 0.00571381 
v -0.0208397 -0.0015 0.00536545 
v -0.020889 0.0015 0.00554281 
v -0.02081 -0.0015 0.0051838 
v -0.0208397 0.0015 0.00536545 
v -0.0208 -0.0015 0.005 
v -0.02081 0.0015 0.0051838 
v -0.02081 -0.0015 0.0048162 
v -0.0208 0.0015 0.005 
v -0.0208397 -0.0015 0.00463455 
v -0.02081 0.0015 0.0048162 
v -0.020889 -0.0015 0.00445719 
v -0.0208397 0.0015 0.00463455 
v -0.0209571 -0.0015 0.00428619 
v -0.020889 0.0015 0.00445719 
v -0.0210433 -0.0015 0.00412356 
v -0.0209571 0.0015 0.00428619 
v -0.0211466 -0.0015 0.0039712 
v -0.0210433 0.0015 0.00412356 
v -0.0212658 -0.0015 0.00383091 
v -0.0211466 0.0015 0.0039712 
v -0.0213994 -0.0015 0.00370432 
v -0.0212658 0.0015 0.00383091 
v -0.021546 -0.0015 0.00359293 
v -0.0213994 0.0015 0.00370432 
v -0.0217037 -0.0015 0.00349803 
v -0.021546 0.0015 0.00359293 
v -0.0218708 -0.0015 0.00342074 
v -0.0217037 0.0015 0.00349803 
v -0.0220452 -0.0015 0.00336197 
v -0.0218708 0.0015 0.00342074 
v -0.022225 -0.0015 0.00332239 
v -0.0220452 0.0015 0.00336197 
v -0.022408 -0.0015 0.00330249 
v -0.022225 0.0015 0.00332239 
v -0.022592 -0.0015 0.00330249 
v -0.022408 0.0015 0.00330249 
v -0.022775 -0.0015 0.00332239 
v -0.022592 0.0015 0.00330249 
v -0.0229548 -0.0015 0.00336197 
v -0.022775 0.0015 0.00332239 
v -0.0231292 -0.0015 0.00342074 
v -0.0229548 0.0015 0.00336197 
v -0.0232963 -0.0015 0.00349803 
v -0.0231292 0.0015 0.00342074 
v -0.023454 -0.0015 0.00359293 
v -0.0232963 0.0015 0.00349803 
v -0.0236006 -0.0015 0.00370432 
v -0.023454 0.0015 0.00359293 
v -0.0237342 -0.0015 0.00383091 
v -0.0236006 0.0015 0.00370432 
v -0.0238534 -0.0015 0.0039712 
v -0.0237342 0.0015 0.00383091 
v -0.0239567 -0.0015 0.00412356 
v -0.0238534 0.0015 0.0039712 
v -0.0240429 -0.0015 0.00428619 
v -0.0239567 0.0015 0.00412356 
v -0.024111 -0.0015 0.00445719 
v -0.0240429 0.0015 0.00428619 
v -0.0241603 -0.0015 0.00463455 
v -0.024111 0.0015 0.00445719 
v -0.02419 -0.0015 0.0048162 
v -0.0241603 0.0015 0.00463455 
v -0.02419 0.0015 0.0048162 
v -0.0208164 0.0015 0.00251693 
v -0.0210948 0.0015 0.00234946 
v -0.0229853 0.0015 0.00796048 
v -0.0226624 0.0015 0.0079956 
v -0.0223376 0.0015 0.0079956 
v -0.0201117 0.0015 0.00318448 
v -0.020322 0.0015 0.0029369 
v -0.0213896 0.0015 0.00221307 
v -0.0241836 0.0015 0.00748307 
v -0.0239052 0.0015 0.00765054 
v -0.0233026 0.0015 0.00789065 
v -0.0220147 0.0015 0.00796048 
v -0.0216974 0.0015 0.00789065 
v -0.0213896 0.0015 0.00778693 
v -0.0210948 0.0015 0.00765054 
v -0.0195701 0.0015 0.00564491 
v -0.0195176 0.0015 0.00532436 
v -0.0195701 0.0015 0.00435509 
v -0.019657 0.0015 0.0040421 
v -0.0199294 0.0015 0.00345334 
v -0.0205578 0.0015 0.00271351 
v -0.0216974 0.0015 0.00210935 
v -0.0220147 0.0015 0.00203952 
v -0.0241836 0.0015 0.00251693 
v -0.0244422 0.0015 0.00271351 
v -0.0236104 0.0015 0.00778693 
v -0.0195 0.0015 0.005 
v -0.0195176 0.0015 0.00467564 
v -0.0197773 0.0015 0.00374033 
v -0.0239052 0.0015 0.00234946 
v -0.0248883 0.0015 0.00318448 
v -0.0250706 0.0015 0.00345334 
v -0.024678 0.0015 0.0070631 
v -0.0244422 0.0015 0.00728649 
v -0.0208164 0.0015 0.00748307 
v -0.0205578 0.0015 0.00728649 
v -0.020322 0.0015 0.0070631 
v -0.0223376 0.0015 0.0020044 
v -0.0226624 0.0015 0.0020044 
v -0.0233026 0.0015 0.00210935 
v -0.0236104 0.0015 0.00221307 
v -0.024678 0.0015 0.0029369 
v -0.0252227 0.0015 0.00374033 
v -0.0252227 0.0015 0.00625967 
v -0.0250706 0.0015 0.00654666 
v -0.0248883 0.0015 0.00681552 
v -0.0199294 0.0015 0.00654666 
v -0.0197773 0.0015 0.00625967 
v -0.0229853 0.0015 0.00203952 
v -0.025343 0.0015 0.0040421 
v -0.0201117 0.0015 0.00681552 
v -0.0254299 0.0015 0.00435509 
v -0.0254824 0.0015 0.00467564 
v -0.019657 0.0015 0.0059579 
v -0.0255 0.0015 0.005 
v -0.0254299 0.0015 0.00564491 
v -0.025343 0.0015 0.0059579 
v -0.0254824 0.0015 0.00532436 
v -0.0254824 0.00150002 0.00532436 
v -0.0254299 0.00150025 0.00564491 
v -0.025343 0.00150123 0.0059579 
v -0.0252227 0.00150384 0.00625967 
v -0.0249833 0.00151336 0.00668324 
v -0.0250706 0.00150922 0.00654666 
v -0.0248883 0.00151873 0.00681552 
v -0.0247862 0.00152551 0.00694255 
v -0.024678 0.00153384 0.0070631 
v -0.0244547 0.00155478 0.00727576 
v -0.0244422 0.00155611 0.00728649 
v -0.0243157 0.00157037 0.00738812 
v -0.0241836 0.00158703 0.00748307 
v -0.0240462 0.00160624 0.00757085 
v -0.0239052 0.00162798 0.00765054 
v -0.0237593 0.00165267 0.00772289 
v -0.0236104 0.00168015 0.00778693 
v -0.0234209 0.00171852 0.00785517 
v -0.0233026 0.00174442 0.00789065 
v -0.0231442 0.00178144 0.00793001 
v -0.0229853 0.00182134 0.00796048 
v -0.0228238 0.00186475 0.00798247 
v -0.0226624 0.00191104 0.0079956 
v -0.0224101 0.00199039 0.0079956 
v -0.0223376 0.00201321 0.0079956 
v -0.0220147 0.00212704 0.00796048 
v -0.0216974 0.0022512 0.00789065 
v -0.0214329 0.00236517 0.00780153 
v -0.0213896 0.00238383 0.00778693 
v -0.0210948 0.00252258 0.00765054 
v -0.0208164 0.0026646 0.00748307 
v -0.0205578 0.00280661 0.00728649 
v -0.0205003 0.00284034 0.00723203 
v -0.020322 0.00294497 0.0070631 
v -0.0201117 0.00307584 0.00681552 
v -0.0199294 0.00319526 0.00654666 
v -0.0198501 0.00324906 0.00640633 
v -0.0197773 0.00329937 0.00625967 
v -0.0197131 0.00334449 0.00611061 
v -0.01966 0.00338264 0.00595688 
v -0.0196221 0.00340983 0.00584733 
v -0.0195701 0.00344787 0.00564491 
v -0.0195396 0.00347046 0.00548573 
v -0.0195176 0.00348684 0.00532436 
v -0.0195044 0.00349671 0.00516226 
v -0.0195044 0.00349672 0.00483791 
v -0.0195176 0.00348684 0.00467564 
v -0.0195 0.0035 0.005 
v -0.0195397 0.00347041 0.00451384 
v -0.0195701 0.00344787 0.00435509 
v -0.0196221 0.00340983 0.00415267 
v -0.019657 0.00338459 0.0040421 
v -0.0197132 0.00334448 0.00388935 
v -0.0197773 0.00329937 0.00374033 
v -0.0198499 0.00324918 0.003594 
v -0.0199294 0.00319526 0.00345334 
v -0.0201117 0.00307584 0.00318448 
v -0.020322 0.00294497 0.0029369 
v -0.0205003 0.00284034 0.00276797 
v -0.0205578 0.00280661 0.00271351 
v -0.0208164 0.0026646 0.00251693 
v -0.0210948 0.00252258 0.00234946 
v -0.0213896 0.00238383 0.00221307 
v -0.0214329 0.00236517 0.00219847 
v -0.0216974 0.0022512 0.00210935 
v -0.0220147 0.00212704 0.00203952 
v -0.0223376 0.00201321 0.0020044 
v -0.0224101 0.00199039 0.0020044 
v -0.0226624 0.00191104 0.0020044 
v -0.0228234 0.00186488 0.00201748 
v -0.0229853 0.00182134 0.00203952 
v -0.0231451 0.00178123 0.00207018 
v -0.0234209 0.00171852 0.00214483 
v -0.0233017 0.00174562 0.00211257 
v -0.023759 0.00165271 0.00227699 
v -0.0236104 0.00168015 0.00221307 
v -0.0240469 0.00160614 0.00242958 
v -0.0239052 0.00162798 0.00234946 
v -0.0243155 0.00157039 0.00261173 
v -0.0241836 0.00158703 0.00251693 
v -0.0244547 0.00155478 0.00272424 
v -0.0244419 0.00155622 0.00271386 
v -0.0247867 0.00152547 0.00305811 
v -0.024678 0.00153384 0.0029369 
v -0.0248883 0.00151873 0.00318448 
v -0.0249831 0.00151337 0.00331655 
v -0.0250706 0.00150922 0.00345334 
v -0.0252227 0.00150384 0.00374033 
v -0.025343 0.00150123 0.0040421 
v -0.0254299 0.00150025 0.00435509 
v -0.0254824 0.00150002 0.00467564 
v -0.0180686 0.00480869 0 
v -0.0188087 0.00406855 0 
v -0.0188087 0.00406855 0.025 
v -0.0174098 0.00562215 0 
v -0.0180686 0.00480869 0.025 
v -0.0168397 0.0065 0 
v -0.0174098 0.00562215 0.025 
v -0.0163645 0.00743263 0 
v -0.0168397 0.0065 0.025 
v -0.0159894 0.00840983 0 
v -0.0163645 0.00743263 0.025 
v -0.0157185 0.00942088 0 
v -0.0159894 0.00840983 0.025 
v -0.0155548 0.0104547 0 
v -0.0157185 0.00942088 0.025 
v -0.0155 0.0115 0 
v -0.0155548 0.0104547 0.025 
v -0.0196221 0.00340983 0.025 
v -0.020322 0.00294497 0.0220631 
v -0.0205003 0.00284034 0.022232 
v -0.0201117 0.00307584 0.0218155 
v -0.0197773 0.00329937 0.0212597 
v -0.0198501 0.00324906 0.0214063 
v -0.0197131 0.00334449 0.0211106 
v -0.0199294 0.00319526 0.0215467 
v -0.0196221 0.00340983 0.0208473 
v -0.01966 0.00338264 0.0209569 
v -0.0205 0.00283975 0.025 
v -0.0213896 0.00238383 0.0227869 
v -0.0214329 0.00236517 0.0228015 
v -0.0208164 0.0026646 0.0224831 
v -0.0210948 0.00252258 0.0226505 
v -0.0205578 0.00280661 0.0222865 
v -0.0224098 0.00198943 0.025 
v -0.0214326 0.00236455 0.025 
v -0.0220147 0.00212704 0.0229605 
v -0.0216974 0.0022512 0.0228906 
v -0.0223376 0.00201321 0.0229956 
v -0.0234209 0.00171852 0.025 
v -0.0231442 0.00178144 0.02293 
v -0.0233026 0.00174442 0.0228906 
v -0.0226624 0.00191104 0.0229956 
v -0.0228238 0.00186475 0.0229825 
v -0.0229853 0.00182134 0.0229605 
v -0.0224101 0.00199039 0.0229956 
v -0.0244547 0.00155478 0.025 
v -0.0243157 0.00157037 0.0223881 
v -0.0244422 0.00155611 0.0222865 
v -0.0241836 0.00158703 0.0224831 
v -0.0236104 0.00168015 0.0227869 
v -0.0237593 0.00165267 0.0227229 
v -0.0239052 0.00162798 0.0226505 
v -0.0240462 0.00160624 0.0225709 
v -0.0234209 0.00171852 0.0228552 
v -0.0255 0.0015 0.025 
v -0.0254299 0.00150025 0.0206449 
v -0.0254824 0.00150002 0.0203244 
v -0.025343 0.00150123 0.0209579 
v -0.0252227 0.00150384 0.0212597 
v -0.0248883 0.00151873 0.0218155 
v -0.0249833 0.00151336 0.0216832 
v -0.024678 0.00153384 0.0220631 
v -0.0247862 0.00152551 0.0219426 
v -0.0244547 0.00155478 0.0222758 
v -0.0250706 0.00150922 0.0215467 
v -0.0255 0.0015 0 
v -0.0244547 0.00155478 0 
v -0.0224098 0.00198943 0 
v -0.0234209 0.00171852 0 
v -0.0214326 0.00236455 0 
v -0.0205 0.00283975 0 
v -0.0196221 0.00340983 0 
v -0.0195701 0.00344787 0.0206449 
v -0.0195176 0.00348684 0.0203244 
v -0.0195396 0.00347046 0.0204857 
v -0.0195044 0.00349671 0.0201623 
v -0.0195 0.0035 0.02 
v -0.0195397 0.00347041 0.0195138 
v -0.0195176 0.00348684 0.0196756 
v -0.0195701 0.00344787 0.0193551 
v -0.0195044 0.00349672 0.0198379 
v -0.0196221 0.00340983 0.0191527 
v -0.0197132 0.00334448 0.0188894 
v -0.019657 0.00338459 0.0190421 
v -0.0199294 0.00319526 0.0184533 
v -0.0198499 0.00324918 0.018594 
v -0.0197773 0.00329937 0.0187403 
v -0.0201117 0.00307584 0.0181845 
v -0.020322 0.00294497 0.0179369 
v -0.0205003 0.00284034 0.017768 
v -0.0213896 0.00238383 0.0172131 
v -0.0210948 0.00252258 0.0173495 
v -0.0214329 0.00236517 0.0171985 
v -0.0208164 0.0026646 0.0175169 
v -0.0205578 0.00280661 0.0177135 
v -0.0220147 0.00212704 0.0170395 
v -0.0216974 0.0022512 0.0171094 
v -0.0223376 0.00201321 0.0170044 
v -0.0224101 0.00199039 0.0170044 
v -0.0231451 0.00178123 0.0170702 
v -0.0229853 0.00182134 0.0170395 
v -0.0234209 0.00171852 0.0171448 
v -0.0233017 0.00174562 0.0171126 
v -0.0228234 0.00186488 0.0170175 
v -0.0226624 0.00191104 0.0170044 
v -0.0244547 0.00155478 0.0177242 
v -0.0236104 0.00168015 0.0172131 
v -0.0239052 0.00162798 0.0173495 
v -0.023759 0.00165271 0.017277 
v -0.0241836 0.00158703 0.0175169 
v -0.0240469 0.00160614 0.0174296 
v -0.0243155 0.00157039 0.0176117 
v -0.0244419 0.00155622 0.0177139 
v -0.0252227 0.00150384 0.0187403 
v -0.024678 0.00153384 0.0179369 
v -0.0249831 0.00151337 0.0183165 
v -0.0248883 0.00151873 0.0181845 
v -0.0250706 0.00150922 0.0184533 
v -0.0247867 0.00152547 0.0180581 
v -0.0255 0.0015 0.02 
v -0.0254824 0.00150002 0.0196756 
v -0.0254299 0.00150025 0.0193551 
v -0.025343 0.00150123 0.0190421 
v -0.0155 0.0115 0.025 
v -0.0155 0.048 0.025 
v -0.0155 0.048 0 
v -0.0154918 0.0481568 0.025 
v -0.0154918 0.0481568 0 
v -0.0154672 0.0483119 0.025 
v -0.0154672 0.0483119 0 
v -0.0154266 0.0484635 0.025 
v -0.0154266 0.0484635 0 
v -0.0153703 0.0486101 0.025 
v -0.0153703 0.0486101 0 
v -0.015299 0.04875 0.025 
v -0.015299 0.04875 0 
v -0.0152135 0.0488817 0.025 
v -0.0152135 0.0488817 0 
v -0.0151147 0.0490037 0.025 
v -0.0151147 0.0490037 0 
v -0.0150037 0.0491147 0.025 
v -0.0150037 0.0491147 0 
v -0.0148817 0.0492135 0.025 
v -0.0148817 0.0492135 0 
v -0.01475 0.049299 0.025 
v -0.01475 0.049299 0 
v -0.0146101 0.0493703 0.025 
v -0.0146101 0.0493703 0 
v -0.0144635 0.0494266 0.025 
v -0.0144635 0.0494266 0 
v -0.0143119 0.0494672 0.025 
v -0.0143119 0.0494672 0 
v -0.0141568 0.0494918 0.025 
v -0.0141568 0.0494918 0 
v -0.014 0.0495 0.025 
v -0.014 0.0495 0 
v 0.014 0.0495 0.025 
v 0.014 0.0495 0 
v 0.0155 0.048 0.025 
v 0.0155 0.048 0 
v 0.0154918 0.0481568 0 
v 0.0154918 0.0481568 0.025 
v 0.0154672 0.0483119 0 
v 0.0154672 0.0483119 0.025 
v 0.0154266 0.0484635 0 
v 0.0154266 0.0484635 0.025 
v 0.0153703 0.0486101 0 
v 0.0153703 0.0486101 0.025 
v 0.015299 0.04875 0 
v 0.015299 0.04875 0.025 
v 0.0152135 0.0488817 0 
v 0.0152135 0.0488817 0.025 
v 0.0151147 0.0490037 0 
v 0.0151147 0.0490037 0.025 
v 0.0150037 0.0491147 0 
v 0.0150037 0.0491147 0.025 
v 0.0148817 0.0492135 0 
v 0.0148817 0.0492135 0.025 
v 0.01475 0.049299 0 
v 0.01475 0.049299 0.025 
v 0.0146101 0.0493703 0 
v 0.0146101 0.0493703 0.025 
v 0.0144635 0.0494266 0 
v 0.0144635 0.0494266 0.025 
v 0.0143119 0.0494672 0 
v 0.0143119 0.0494672 0.025 
v 0.0141568 0.0494918 0 
v 0.0141568 0.0494918 0.025 
v 0.0155 0.0115 0.025 
v 0.0155 0.0115 0 
v -0.0254299 0.0015 0.0206449 
v -0.0254824 0.0015 0.0203244 
v -0.025343 0.0015 0.0209579 
v -0.0252227 0.0015 0.0212597 
v -0.0250706 0.0015 0.0215467 
v -0.0248883 0.0015 0.0218155 
v -0.024678 0.0015 0.0220631 
v -0.0244422 0.0015 0.0222865 
v -0.0241836 0.0015 0.0224831 
v -0.0239052 0.0015 0.0226505 
v -0.0236104 0.0015 0.0227869 
v -0.0233026 0.0015 0.0228906 
v -0.0229853 0.0015 0.0229605 
v -0.0226624 0.0015 0.0229956 
v -0.0223376 0.0015 0.0229956 
v -0.0220147 0.0015 0.0229605 
v -0.0216974 0.0015 0.0228906 
v -0.0213896 0.0015 0.0227869 
v -0.0210948 0.0015 0.0226505 
v -0.0208164 0.0015 0.0224831 
v -0.0205578 0.0015 0.0222865 
v -0.020322 0.0015 0.0220631 
v -0.0201117 0.0015 0.0218155 
v -0.0199294 0.0015 0.0215467 
v -0.0197773 0.0015 0.0212597 
v -0.019657 0.0015 0.0209579 
v -0.0195701 0.0015 0.0206449 
v -0.0195176 0.0015 0.0203244 
v -0.0195 0.0015 0.02 
v -0.0195176 0.0015 0.0196756 
v -0.0195701 0.0015 0.0193551 
v -0.019657 0.0015 0.0190421 
v -0.0197773 0.0015 0.0187403 
v -0.0199294 0.0015 0.0184533 
v -0.0201117 0.0015 0.0181845 
v -0.020322 0.0015 0.0179369 
v -0.0205578 0.0015 0.0177135 
v -0.0208164 0.0015 0.0175169 
v -0.0210948 0.0015 0.0173495 
v -0.0213896 0.0015 0.0172131 
v -0.0216974 0.0015 0.0171094 
v -0.0220147 0.0015 0.0170395 
v -0.0223376 0.0015 0.0170044 
v -0.0226624 0.0015 0.0170044 
v -0.0233026 0.0015 0.0171094 
v -0.0229853 0.0015 0.0170395 
v -0.0236104 0.0015 0.0172131 
v -0.0239052 0.0015 0.0173495 
v -0.0241836 0.0015 0.0175169 
v -0.0244422 0.0015 0.0177135 
v -0.024678 0.0015 0.0179369 
v -0.0248883 0.0015 0.0181845 
v -0.0250706 0.0015 0.0184533 
v -0.0252227 0.0015 0.0187403 
v -0.025343 0.0015 0.0190421 
v -0.0254299 0.0015 0.0193551 
v -0.0254824 0.0015 0.0196756 
v -0.0218708 0.0015 0.0184207 
v -0.0217037 0.0015 0.018498 
v -0.0220452 0.0015 0.018362 
v -0.0231292 0.0015 0.0184207 
v -0.0229548 0.0015 0.018362 
v -0.0232963 0.0015 0.018498 
v -0.0237342 0.0015 0.0188309 
v -0.0236006 0.0015 0.0187043 
v -0.0238534 0.0015 0.0189712 
v -0.0239567 0.0015 0.0191236 
v -0.0240429 0.0015 0.0192862 
v -0.0239567 0.0015 0.0208764 
v -0.0240429 0.0015 0.0207138 
v -0.0238534 0.0015 0.0210288 
v -0.0237342 0.0015 0.0211691 
v -0.0236006 0.0015 0.0212957 
v -0.0231292 0.0015 0.0215793 
v -0.0232963 0.0015 0.021502 
v -0.0229548 0.0015 0.021638 
v -0.0210433 0.0015 0.0191236 
v -0.0209571 0.0015 0.0192862 
v -0.0211466 0.0015 0.0189712 
v -0.022225 0.0015 0.0183224 
v -0.022408 0.0015 0.0183025 
v -0.022592 0.0015 0.0183025 
v -0.022775 0.0015 0.0183224 
v -0.023454 0.0015 0.0185929 
v -0.023454 0.0015 0.0214071 
v -0.022775 0.0015 0.0216776 
v -0.0218708 0.0015 0.0215793 
v -0.0220452 0.0015 0.021638 
v -0.0217037 0.0015 0.021502 
v -0.0212658 0.0015 0.0211691 
v -0.0213994 0.0015 0.0212957 
v -0.0211466 0.0015 0.0210288 
v -0.0210433 0.0015 0.0208764 
v -0.0209571 0.0015 0.0207138 
v -0.0212658 0.0015 0.0188309 
v -0.021546 0.0015 0.0185929 
v -0.024111 0.0015 0.0194572 
v -0.024111 0.0015 0.0205428 
v -0.022592 0.0015 0.0216975 
v -0.022408 0.0015 0.0216975 
v -0.022225 0.0015 0.0216776 
v -0.021546 0.0015 0.0214071 
v -0.0208397 0.0015 0.0203654 
v -0.020889 0.0015 0.0205428 
v -0.02081 0.0015 0.0201838 
v -0.0208397 0.0015 0.0196346 
v -0.02081 0.0015 0.0198162 
v -0.020889 0.0015 0.0194572 
v -0.0213994 0.0015 0.0187043 
v -0.0208 0.0015 0.02 
v -0.0241603 0.0015 0.0203654 
v -0.02419 0.0015 0.0201838 
v -0.0241603 0.0015 0.0196346 
v -0.02419 0.0015 0.0198162 
v -0.0242 0.0015 0.02 
v -0.02419 -0.0015 0.0201838 
v -0.0242 -0.0015 0.02 
v -0.0241603 -0.0015 0.0203654 
v -0.024111 -0.0015 0.0205428 
v -0.0240429 -0.0015 0.0207138 
v -0.0239567 -0.0015 0.0208764 
v -0.0238534 -0.0015 0.0210288 
v -0.0237342 -0.0015 0.0211691 
v -0.0236006 -0.0015 0.0212957 
v -0.023454 -0.0015 0.0214071 
v -0.0232963 -0.0015 0.021502 
v -0.0231292 -0.0015 0.0215793 
v -0.0229548 -0.0015 0.021638 
v -0.022775 -0.0015 0.0216776 
v -0.022592 -0.0015 0.0216975 
v -0.022408 -0.0015 0.0216975 
v -0.022225 -0.0015 0.0216776 
v -0.0220452 -0.0015 0.021638 
v -0.0218708 -0.0015 0.0215793 
v -0.0217037 -0.0015 0.021502 
v -0.021546 -0.0015 0.0214071 
v -0.0213994 -0.0015 0.0212957 
v -0.0212658 -0.0015 0.0211691 
v -0.0211466 -0.0015 0.0210288 
v -0.0210433 -0.0015 0.0208764 
v -0.0209571 -0.0015 0.0207138 
v -0.020889 -0.0015 0.0205428 
v -0.0208397 -0.0015 0.0203654 
v -0.02081 -0.0015 0.0201838 
v -0.0208 -0.0015 0.02 
v -0.02081 -0.0015 0.0198162 
v -0.0208397 -0.0015 0.0196346 
v -0.020889 -0.0015 0.0194572 
v -0.0209571 -0.0015 0.0192862 
v -0.0210433 -0.0015 0.0191236 
v -0.0211466 -0.0015 0.0189712 
v -0.0212658 -0.0015 0.0188309 
v -0.0213994 -0.0015 0.0187043 
v -0.021546 -0.0015 0.0185929 
v -0.0217037 -0.0015 0.018498 
v -0.0218708 -0.0015 0.0184207 
v -0.0220452 -0.0015 0.018362 
v -0.022225 -0.0015 0.0183224 
v -0.022408 -0.0015 0.0183025 
v -0.022592 -0.0015 0.0183025 
v -0.022775 -0.0015 0.0183224 
v -0.0229548 -0.0015 0.018362 
v -0.0231292 -0.0015 0.0184207 
v -0.0232963 -0.0015 0.018498 
v -0.023454 -0.0015 0.0185929 
v -0.0236006 -0.0015 0.0187043 
v -0.0237342 -0.0015 0.0188309 
v -0.0238534 -0.0015 0.0189712 
v -0.0239567 -0.0015 0.0191236 
v -0.0240429 -0.0015 0.0192862 
v -0.024111 -0.0015 0.0194572 
v -0.0241603 -0.0015 0.0196346 
v -0.02419 -0.0015 0.0198162 
v 0.0180686 0.00480869 0.025 
v 0.0188087 0.00406855 0.025 
v 0.0188087 0.00406855 0 
v 0.0174098 0.00562215 0.025 
v 0.0180686 0.00480869 0 
v 0.0168397 0.0065 0.025 
v 0.0174098 0.00562215 0 
v 0.0163645 0.00743263 0.025 
v 0.0168397 0.0065 0 
v 0.0159894 0.00840983 0.025 
v 0.0163645 0.00743263 0 
v 0.0157185 0.00942088 0.025 
v 0.0159894 0.00840983 0 
v 0.0155548 0.0104547 0.025 
v 0.0157185 0.00942088 0 
v 0.0155548 0.0104547 0 
v 0.0196221 0.00340983 0 
v 0.020322 0.00294497 0.0029369 
v 0.0205003 0.00284034 0.00276797 
v 0.0201117 0.00307584 0.00318448 
v 0.0197773 0.00329937 0.00374033 
v 0.0198501 0.00324906 0.00359367 
v 0.0197131 0.00334449 0.00388939 
v 0.0199294 0.00319526 0.00345334 
v 0.0196221 0.00340983 0.00415267 
v 0.01966 0.00338264 0.00404312 
v 0.0205 0.00283975 0 
v 0.0213896 0.00238383 0.00221307 
v 0.0214329 0.00236517 0.00219847 
v 0.0208164 0.0026646 0.00251693 
v 0.0210948 0.00252258 0.00234946 
v 0.0205578 0.00280661 0.00271351 
v 0.0224098 0.00198943 0 
v 0.0214326 0.00236455 0 
v 0.0220147 0.00212704 0.00203952 
v 0.0216974 0.0022512 0.00210935 
v 0.0223376 0.00201321 0.0020044 
v 0.0234209 0.00171852 0 
v 0.0231442 0.00178144 0.00206999 
v 0.0233026 0.00174442 0.00210935 
v 0.0226624 0.00191104 0.0020044 
v 0.0228238 0.00186475 0.00201753 
v 0.0229853 0.00182134 0.00203952 
v 0.0224101 0.00199039 0.0020044 
v 0.0244547 0.00155478 0 
v 0.0243157 0.00157037 0.00261188 
v 0.0244422 0.00155611 0.00271351 
v 0.0241836 0.00158703 0.00251693 
v 0.0236104 0.00168015 0.00221307 
v 0.0237593 0.00165267 0.00227711 
v 0.0239052 0.00162798 0.00234946 
v 0.0240462 0.00160624 0.00242915 
v 0.0234209 0.00171852 0.00214483 
v 0.0255 0.0015 0 
v 0.0254299 0.00150025 0.00435509 
v 0.0254824 0.00150002 0.00467564 
v 0.025343 0.00150123 0.0040421 
v 0.0252227 0.00150384 0.00374033 
v 0.0248883 0.00151873 0.00318448 
v 0.0249833 0.00151336 0.00331676 
v 0.024678 0.00153384 0.0029369 
v 0.0247862 0.00152551 0.00305745 
v 0.0244547 0.00155478 0.00272424 
v 0.0250706 0.00150922 0.00345334 
v 0.0255 0.0015 0.025 
v 0.024678 0.00153384 0.0220631 
v 0.0244547 0.00155478 0.0222758 
v 0.0249831 0.00151337 0.0216835 
v 0.0248883 0.00151873 0.0218155 
v 0.0250706 0.00150922 0.0215467 
v 0.0247867 0.00152547 0.0219419 
v 0.0252227 0.00150384 0.0212597 
v 0.0255 0.0015 0.02 
v 0.0254824 0.00150002 0.0203244 
v 0.0254299 0.00150025 0.0206449 
v 0.025343 0.00150123 0.0209579 
v 0.0244547 0.00155478 0.025 
v 0.0236104 0.00168015 0.0227869 
v 0.0234209 0.00171852 0.0228552 
v 0.0239052 0.00162798 0.0226505 
v 0.023759 0.00165271 0.022723 
v 0.0241836 0.00158703 0.0224831 
v 0.0240469 0.00160614 0.0225704 
v 0.0243155 0.00157039 0.0223883 
v 0.0244419 0.00155622 0.0222861 
v 0.0224098 0.00198943 0.025 
v 0.0234209 0.00171852 0.025 
v 0.0228234 0.00186488 0.0229825 
v 0.0229853 0.00182134 0.0229605 
v 0.0231451 0.00178123 0.0229298 
v 0.0233017 0.00174562 0.0228874 
v 0.0226624 0.00191104 0.0229956 
v 0.0214326 0.00236455 0.025 
v 0.0220147 0.00212704 0.0229605 
v 0.0216974 0.0022512 0.0228906 
v 0.0223376 0.00201321 0.0229956 
v 0.0224101 0.00199039 0.0229956 
v 0.0205 0.00283975 0.025 
v 0.0213896 0.00238383 0.0227869 
v 0.0210948 0.00252258 0.0226505 
v 0.0214329 0.00236517 0.0228015 
v 0.0208164 0.0026646 0.0224831 
v 0.0205578 0.00280661 0.0222865 
v 0.0196221 0.00340983 0.025 
v 0.0197132 0.00334448 0.0211106 
v 0.019657 0.00338459 0.0209579 
v 0.0199294 0.00319526 0.0215467 
v 0.0198499 0.00324918 0.021406 
v 0.0197773 0.00329937 0.0212597 
v 0.0201117 0.00307584 0.0218155 
v 0.0205003 0.00284034 0.022232 
v 0.020322 0.00294497 0.0220631 
v 0.0195701 0.00344787 0.00435509 
v 0.0195176 0.00348684 0.00467564 
v 0.0195396 0.00347046 0.00451427 
v 0.0195044 0.00349671 0.00483774 
v 0.0195 0.0035 0.005 
v 0.0195701 0.00344787 0.0193551 
v 0.0195397 0.00347041 0.00548616 
v 0.0195176 0.00348684 0.00532436 
v 0.0195701 0.00344787 0.00564491 
v 0.0195044 0.00349672 0.00516209 
v 0.0196221 0.00340983 0.0191527 
v 0.0196221 0.00340983 0.00584733 
v 0.0195176 0.00348684 0.0196756 
v 0.0195396 0.00347046 0.0195143 
v 0.0195044 0.00349671 0.0198377 
v 0.0195 0.0035 0.02 
v 0.0195701 0.00344787 0.0206449 
v 0.0195397 0.00347041 0.0204862 
v 0.0195176 0.00348684 0.0203244 
v 0.0195044 0.00349672 0.0201621 
v 0.0196221 0.00340983 0.0208473 
v 0.0197132 0.00334448 0.00611065 
v 0.019657 0.00338459 0.0059579 
v 0.0199294 0.00319526 0.00654666 
v 0.0198499 0.00324918 0.006406 
v 0.0197773 0.00329937 0.00625967 
v 0.0201117 0.00307584 0.00681552 
v 0.020322 0.00294497 0.0070631 
v 0.020322 0.00294497 0.0179369 
v 0.0205003 0.00284034 0.017768 
v 0.0201117 0.00307584 0.0181845 
v 0.0205003 0.00284034 0.00723203 
v 0.0197773 0.00329937 0.0187403 
v 0.0198501 0.00324906 0.0185937 
v 0.0197131 0.00334449 0.0188894 
v 0.0199294 0.00319526 0.0184533 
v 0.01966 0.00338264 0.0190431 
v 0.0208164 0.0026646 0.0175169 
v 0.0213896 0.00238383 0.00778693 
v 0.0210948 0.00252258 0.00765054 
v 0.0213896 0.00238383 0.0172131 
v 0.0214329 0.00236517 0.0171985 
v 0.0210948 0.00252258 0.0173495 
v 0.0214329 0.00236517 0.00780153 
v 0.0208164 0.0026646 0.00748307 
v 0.0205578 0.00280661 0.0177135 
v 0.0205578 0.00280661 0.00728649 
v 0.0220147 0.00212704 0.00796048 
v 0.0216974 0.0022512 0.00789065 
v 0.0216974 0.0022512 0.0171094 
v 0.0220147 0.00212704 0.0170395 
v 0.0223376 0.00201321 0.0079956 
v 0.0224101 0.00199039 0.0079956 
v 0.0223376 0.00201321 0.0170044 
v 0.0224101 0.00199039 0.0170044 
v 0.0231451 0.00178123 0.00792982 
v 0.0231442 0.00178144 0.01707 
v 0.0233026 0.00174442 0.0171094 
v 0.0228238 0.00186475 0.0170175 
v 0.0229853 0.00182134 0.00796048 
v 0.0226624 0.00191104 0.0170044 
v 0.0229853 0.00182134 0.0170395 
v 0.0234209 0.00171852 0.0171448 
v 0.0234209 0.00171852 0.00785517 
v 0.0233017 0.00174562 0.00788743 
v 0.0226624 0.00191104 0.0079956 
v 0.0228234 0.00186488 0.00798252 
v 0.0244547 0.00155478 0.00727576 
v 0.0243157 0.00157037 0.0176119 
v 0.0244422 0.00155611 0.0177135 
v 0.0241836 0.00158703 0.0175169 
v 0.0236104 0.00168015 0.0172131 
v 0.0237593 0.00165267 0.0172771 
v 0.0239052 0.00162798 0.0173495 
v 0.0240462 0.00160624 0.0174291 
v 0.0236104 0.00168015 0.00778693 
v 0.0239052 0.00162798 0.00765054 
v 0.023759 0.00165271 0.00772301 
v 0.0241836 0.00158703 0.00748307 
v 0.0240469 0.00160614 0.00757042 
v 0.0243155 0.00157039 0.00738827 
v 0.0244419 0.00155622 0.00728614 
v 0.0252227 0.00150384 0.00625967 
v 0.0254299 0.00150025 0.0193551 
v 0.0254824 0.00150002 0.0196756 
v 0.025343 0.00150123 0.0190421 
v 0.0252227 0.00150384 0.0187403 
v 0.024678 0.00153384 0.0070631 
v 0.0248883 0.00151873 0.0181845 
v 0.0249833 0.00151336 0.0183168 
v 0.024678 0.00153384 0.0179369 
v 0.0247862 0.00152551 0.0180574 
v 0.0244547 0.00155478 0.0177242 
v 0.0250706 0.00150922 0.0184533 
v 0.0249831 0.00151337 0.00668345 
v 0.0248883 0.00151873 0.00681552 
v 0.0250706 0.00150922 0.00654666 
v 0.0247867 0.00152547 0.00694189 
v 0.0255 0.0015 0.005 
v 0.0254824 0.00150002 0.00532436 
v 0.0254299 0.00150025 0.00564491 
v 0.025343 0.00150123 0.0059579 
v 0.0254299 0.0015 0.0193551 
v 0.0254824 0.0015 0.0196756 
v 0.025343 0.0015 0.0190421 
v 0.0252227 0.0015 0.0187403 
v 0.0250706 0.0015 0.0184533 
v 0.0248883 0.0015 0.0181845 
v 0.024678 0.0015 0.0179369 
v 0.0244422 0.0015 0.0177135 
v 0.0241836 0.0015 0.0175169 
v 0.0239052 0.0015 0.0173495 
v 0.0236104 0.0015 0.0172131 
v 0.0233026 0.0015 0.0171094 
v 0.0229853 0.0015 0.0170395 
v 0.0226624 0.0015 0.0170044 
v 0.0223376 0.0015 0.0170044 
v 0.0220147 0.0015 0.0170395 
v 0.0216974 0.0015 0.0171094 
v 0.0213896 0.0015 0.0172131 
v 0.0210948 0.0015 0.0173495 
v 0.0208164 0.0015 0.0175169 
v 0.0205578 0.0015 0.0177135 
v 0.020322 0.0015 0.0179369 
v 0.0201117 0.0015 0.0181845 
v 0.0199294 0.0015 0.0184533 
v 0.0197773 0.0015 0.0187403 
v 0.019657 0.0015 0.0190421 
v 0.0195701 0.0015 0.0193551 
v 0.0195176 0.0015 0.0196756 
v 0.0195 0.0015 0.02 
v 0.0195176 0.0015 0.0203244 
v 0.0195701 0.0015 0.0206449 
v 0.019657 0.0015 0.0209579 
v 0.0197773 0.0015 0.0212597 
v 0.0199294 0.0015 0.0215467 
v 0.0201117 0.0015 0.0218155 
v 0.020322 0.0015 0.0220631 
v 0.0205578 0.0015 0.0222865 
v 0.0208164 0.0015 0.0224831 
v 0.0210948 0.0015 0.0226505 
v 0.0213896 0.0015 0.0227869 
v 0.0216974 0.0015 0.0228906 
v 0.0220147 0.0015 0.0229605 
v 0.0223376 0.0015 0.0229956 
v 0.0226624 0.0015 0.0229956 
v 0.0233026 0.0015 0.0228906 
v 0.0229853 0.0015 0.0229605 
v 0.0236104 0.0015 0.0227869 
v 0.0239052 0.0015 0.0226505 
v 0.0241836 0.0015 0.0224831 
v 0.0244422 0.0015 0.0222865 
v 0.024678 0.0015 0.0220631 
v 0.0248883 0.0015 0.0218155 
v 0.0250706 0.0015 0.0215467 
v 0.0252227 0.0015 0.0212597 
v 0.025343 0.0015 0.0209579 
v 0.0254299 0.0015 0.0206449 
v 0.0254824 0.0015 0.0203244 
v 0.0231292 0.0015 0.0184207 
v 0.0232963 0.0015 0.018498 
v 0.0229548 0.0015 0.018362 
v 0.0218708 0.0015 0.0184207 
v 0.0220452 0.0015 0.018362 
v 0.0217037 0.0015 0.018498 
v 0.0212658 0.0015 0.0188309 
v 0.0213994 0.0015 0.0187043 
v 0.0211466 0.0015 0.0189712 
v 0.0210433 0.0015 0.0191236 
v 0.0209571 0.0015 0.0192862 
v 0.0210433 0.0015 0.0208764 
v 0.0209571 0.0015 0.0207138 
v 0.0211466 0.0015 0.0210288 
v 0.0212658 0.0015 0.0211691 
v 0.0213994 0.0015 0.0212957 
v 0.0218708 0.0015 0.0215793 
v 0.0217037 0.0015 0.021502 
v 0.0220452 0.0015 0.021638 
v 0.0239567 0.0015 0.0191236 
v 0.0240429 0.0015 0.0192862 
v 0.0238534 0.0015 0.0189712 
v 0.022775 0.0015 0.0183224 
v 0.022592 0.0015 0.0183025 
v 0.022408 0.0015 0.0183025 
v 0.022225 0.0015 0.0183224 
v 0.021546 0.0015 0.0185929 
v 0.021546 0.0015 0.0214071 
v 0.022225 0.0015 0.0216776 
v 0.0231292 0.0015 0.0215793 
v 0.0229548 0.0015 0.021638 
v 0.0232963 0.0015 0.021502 
v 0.0237342 0.0015 0.0211691 
v 0.0236006 0.0015 0.0212957 
v 0.0238534 0.0015 0.0210288 
v 0.0239567 0.0015 0.0208764 
v 0.0240429 0.0015 0.0207138 
v 0.0237342 0.0015 0.0188309 
v 0.023454 0.0015 0.0185929 
v 0.020889 0.0015 0.0194572 
v 0.020889 0.0015 0.0205428 
v 0.022408 0.0015 0.0216975 
v 0.022592 0.0015 0.0216975 
v 0.022775 0.0015 0.0216776 
v 0.023454 0.0015 0.0214071 
v 0.0241603 0.0015 0.0203654 
v 0.024111 0.0015 0.0205428 
v 0.02419 0.0015 0.0201838 
v 0.0241603 0.0015 0.0196346 
v 0.02419 0.0015 0.0198162 
v 0.024111 0.0015 0.0194572 
v 0.0236006 0.0015 0.0187043 
v 0.0242 0.0015 0.02 
v 0.0208397 0.0015 0.0203654 
v 0.02081 0.0015 0.0201838 
v 0.0208397 0.0015 0.0196346 
v 0.02081 0.0015 0.0198162 
v 0.0208 0.0015 0.02 
v 0.02081 -0.0015 0.0201838 
v 0.0208 -0.0015 0.02 
v 0.0208397 -0.0015 0.0203654 
v 0.020889 -0.0015 0.0205428 
v 0.0209571 -0.0015 0.0207138 
v 0.0210433 -0.0015 0.0208764 
v 0.0211466 -0.0015 0.0210288 
v 0.0212658 -0.0015 0.0211691 
v 0.0213994 -0.0015 0.0212957 
v 0.021546 -0.0015 0.0214071 
v 0.0217037 -0.0015 0.021502 
v 0.0218708 -0.0015 0.0215793 
v 0.0220452 -0.0015 0.021638 
v 0.022225 -0.0015 0.0216776 
v 0.022408 -0.0015 0.0216975 
v 0.022592 -0.0015 0.0216975 
v 0.022775 -0.0015 0.0216776 
v 0.0229548 -0.0015 0.021638 
v 0.0231292 -0.0015 0.0215793 
v 0.0232963 -0.0015 0.021502 
v 0.023454 -0.0015 0.0214071 
v 0.0236006 -0.0015 0.0212957 
v 0.0237342 -0.0015 0.0211691 
v 0.0238534 -0.0015 0.0210288 
v 0.0239567 -0.0015 0.0208764 
v 0.0240429 -0.0015 0.0207138 
v 0.024111 -0.0015 0.0205428 
v 0.0241603 -0.0015 0.0203654 
v 0.02419 -0.0015 0.0201838 
v 0.0242 -0.0015 0.02 
v 0.02419 -0.0015 0.0198162 
v 0.0241603 -0.0015 0.0196346 
v 0.024111 -0.0015 0.0194572 
v 0.0240429 -0.0015 0.0192862 
v 0.0239567 -0.0015 0.0191236 
v 0.0238534 -0.0015 0.0189712 
v 0.0237342 -0.0015 0.0188309 
v 0.0236006 -0.0015 0.0187043 
v 0.023454 -0.0015 0.0185929 
v 0.0232963 -0.0015 0.018498 
v 0.0231292 -0.0015 0.0184207 
v 0.0229548 -0.0015 0.018362 
v 0.022775 -0.0015 0.0183224 
v 0.022592 -0.0015 0.0183025 
v 0.022408 -0.0015 0.0183025 
v 0.022225 -0.0015 0.0183224 
v 0.0220452 -0.0015 0.018362 
v 0.0218708 -0.0015 0.0184207 
v 0.0217037 -0.0015 0.018498 
v 0.021546 -0.0015 0.0185929 
v 0.0213994 -0.0015 0.0187043 
v 0.0212658 -0.0015 0.0188309 
v 0.0211466 -0.0015 0.0189712 
v 0.0210433 -0.0015 0.0191236 
v 0.0209571 -0.0015 0.0192862 
v 0.020889 -0.0015 0.0194572 
v 0.0208397 -0.0015 0.0196346 
v 0.02081 -0.0015 0.0198162 
v 0.0254299 0.0015 0.00435509 
v 0.0254824 0.0015 0.00467564 
v 0.025343 0.0015 0.0040421 
v 0.0252227 0.0015 0.00374033 
v 0.0250706 0.0015 0.00345334 
v 0.0248883 0.0015 0.00318448 
v 0.024678 0.0015 0.0029369 
v 0.0244422 0.0015 0.00271351 
v 0.0241836 0.0015 0.00251693 
v 0.0239052 0.0015 0.00234946 
v 0.0236104 0.0015 0.00221307 
v 0.0233026 0.0015 0.00210935 
v 0.0229853 0.0015 0.00203952 
v 0.0226624 0.0015 0.0020044 
v 0.0223376 0.0015 0.0020044 
v 0.0220147 0.0015 0.00203952 
v 0.0216974 0.0015 0.00210935 
v 0.0213896 0.0015 0.00221307 
v 0.0210948 0.0015 0.00234946 
v 0.0208164 0.0015 0.00251693 
v 0.0205578 0.0015 0.00271351 
v 0.020322 0.0015 0.0029369 
v 0.0201117 0.0015 0.00318448 
v 0.0199294 0.0015 0.00345334 
v 0.0197773 0.0015 0.00374033 
v 0.019657 0.0015 0.0040421 
v 0.0195701 0.0015 0.00435509 
v 0.0195176 0.0015 0.00467564 
v 0.0195 0.0015 0.005 
v 0.0195176 0.0015 0.00532436 
v 0.0195701 0.0015 0.00564491 
v 0.019657 0.0015 0.0059579 
v 0.0197773 0.0015 0.00625967 
v 0.0199294 0.0015 0.00654666 
v 0.0201117 0.0015 0.00681552 
v 0.020322 0.0015 0.0070631 
v 0.0205578 0.0015 0.00728649 
v 0.0208164 0.0015 0.00748307 
v 0.0210948 0.0015 0.00765054 
v 0.0213896 0.0015 0.00778693 
v 0.0216974 0.0015 0.00789065 
v 0.0220147 0.0015 0.00796048 
v 0.0223376 0.0015 0.0079956 
v 0.0226624 0.0015 0.0079956 
v 0.0233026 0.0015 0.00789065 
v 0.0229853 0.0015 0.00796048 
v 0.0236104 0.0015 0.00778693 
v 0.0239052 0.0015 0.00765054 
v 0.0241836 0.0015 0.00748307 
v 0.0244422 0.0015 0.00728649 
v 0.024678 0.0015 0.0070631 
v 0.0248883 0.0015 0.00681552 
v 0.0250706 0.0015 0.00654666 
v 0.0252227 0.0015 0.00625967 
v 0.025343 0.0015 0.0059579 
v 0.0254299 0.0015 0.00564491 
v 0.0254824 0.0015 0.00532436 
v 0.023454 0.0015 0.00359293 
v 0.0236006 0.0015 0.00370432 
v 0.0232963 0.0015 0.00349803 
v 0.022408 0.0015 0.00669751 
v 0.022592 0.0015 0.00669751 
v 0.0238534 0.0015 0.0039712 
v 0.0239567 0.0015 0.00412356 
v 0.0237342 0.0015 0.00383091 
v 0.0231292 0.0015 0.00342074 
v 0.021546 0.0015 0.00640707 
v 0.0213994 0.0015 0.00629568 
v 0.0217037 0.0015 0.00650197 
v 0.0220452 0.0015 0.00663803 
v 0.0218708 0.0015 0.00657926 
v 0.022225 0.0015 0.00667761 
v 0.022775 0.0015 0.00667761 
v 0.0231292 0.0015 0.00657926 
v 0.0232963 0.0015 0.00650197 
v 0.0241603 0.0015 0.00536545 
v 0.024111 0.0015 0.00554281 
v 0.02419 0.0015 0.0051838 
v 0.0241603 0.0015 0.00463455 
v 0.02419 0.0015 0.0048162 
v 0.024111 0.0015 0.00445719 
v 0.0240429 0.0015 0.00428619 
v 0.0229548 0.0015 0.00336197 
v 0.022775 0.0015 0.00332239 
v 0.021546 0.0015 0.00359293 
v 0.0217037 0.0015 0.00349803 
v 0.0213994 0.0015 0.00370432 
v 0.0229548 0.0015 0.00663803 
v 0.0242 0.0015 0.005 
v 0.0218708 0.0015 0.00342074 
v 0.0211466 0.0015 0.0039712 
v 0.0212658 0.0015 0.00383091 
v 0.0210433 0.0015 0.00412356 
v 0.0236006 0.0015 0.00629568 
v 0.0237342 0.0015 0.00616909 
v 0.022592 0.0015 0.00330249 
v 0.022408 0.0015 0.00330249 
v 0.0220452 0.0015 0.00336197 
v 0.022225 0.0015 0.00332239 
v 0.0209571 0.0015 0.00428619 
v 0.0209571 0.0015 0.00571381 
v 0.020889 0.0015 0.00554281 
v 0.0210433 0.0015 0.00587644 
v 0.0211466 0.0015 0.0060288 
v 0.0212658 0.0015 0.00616909 
v 0.023454 0.0015 0.00640707 
v 0.0239567 0.0015 0.00587644 
v 0.0238534 0.0015 0.0060288 
v 0.0240429 0.0015 0.00571381 
v 0.020889 0.0015 0.00445719 
v 0.0208397 0.0015 0.00463455 
v 0.02081 0.0015 0.0048162 
v 0.0208 0.0015 0.005 
v 0.0208397 0.0015 0.00536545 
v 0.02081 0.0015 0.0051838 
v 0.02081 -0.0015 0.0051838 
v 0.0208 -0.0015 0.005 
v 0.0208397 -0.0015 0.00536545 
v 0.020889 -0.0015 0.00554281 
v 0.0209571 -0.0015 0.00571381 
v 0.0210433 -0.0015 0.00587644 
v 0.0211466 -0.0015 0.0060288 
v 0.0212658 -0.0015 0.00616909 
v 0.0213994 -0.0015 0.00629568 
v 0.021546 -0.0015 0.00640707 
v 0.0217037 -0.0015 0.00650197 
v 0.0218708 -0.0015 0.00657926 
v 0.0220452 -0.0015 0.00663803 
v 0.022225 -0.0015 0.00667761 
v 0.022408 -0.0015 0.00669751 
v 0.022592 -0.0015 0.00669751 
v 0.022775 -0.0015 0.00667761 
v 0.0229548 -0.0015 0.00663803 
v 0.0231292 -0.0015 0.00657926 
v 0.0232963 -0.0015 0.00650197 
v 0.023454 -0.0015 0.00640707 
v 0.0236006 -0.0015 0.00629568 
v 0.0237342 -0.0015 0.00616909 
v 0.0238534 -0.0015 0.0060288 
v 0.0239567 -0.0015 0.00587644 
v 0.0240429 -0.0015 0.00571381 
v 0.024111 -0.0015 0.00554281 
v 0.0241603 -0.0015 0.00536545 
v 0.02419 -0.0015 0.0051838 
v 0.0242 -0.0015 0.005 
v 0.02419 -0.0015 0.0048162 
v 0.0241603 -0.0015 0.00463455 
v 0.024111 -0.0015 0.00445719 
v 0.0240429 -0.0015 0.00428619 
v 0.0239567 -0.0015 0.00412356 
v 0.0238534 -0.0015 0.0039712 
v 0.0237342 -0.0015 0.00383091 
v 0.0236006 -0.0015 0.00370432 
v 0.023454 -0.0015 0.00359293 
v 0.0232963 -0.0015 0.00349803 
v 0.0231292 -0.0015 0.00342074 
v 0.0229548 -0.0015 0.00336197 
v 0.022775 -0.0015 0.00332239 
v 0.022592 -0.0015 0.00330249 
v 0.022408 -0.0015 0.00330249 
v 0.022225 -0.0015 0.00332239 
v 0.0220452 -0.0015 0.00336197 
v 0.0218708 -0.0015 0.00342074 
v 0.0217037 -0.0015 0.00349803 
v 0.021546 -0.0015 0.00359293 
v 0.0213994 -0.0015 0.00370432 
v 0.0212658 -0.0015 0.00383091 
v 0.0211466 -0.0015 0.0039712 
v 0.0210433 -0.0015 0.00412356 
v 0.0209571 -0.0015 0.00428619 
v 0.020889 -0.0015 0.00445719 
v 0.0208397 -0.0015 0.00463455 
v 0.02081 -0.0015 0.0048162 
v 0.02675 0.0015 0.024799 
v 0.0271147 0.0015 0.0245037 
v 0.0272135 0.0015 0.0243817 
v 0.0268817 0.0015 0.0247135 
v 0.0270037 0.0015 0.0246147 
v 0.027299 0.0015 0.02425 
v 0.0264635 0.0015 0.0249266 
v 0.0266101 0.0015 0.0248703 
v 0.0261568 0.0015 0.0249918 
v 0.0274266 0.0015 0.0239635 
v 0.0274672 0.0015 0.0238119 
v 0.0273703 0.0015 0.0241101 
v 0.0263119 0.0015 0.0249672 
v 0.0264635 0.0015 7.34152e-05 
v 0.0263119 0.0015 3.27786e-05 
v 0.02675 0.0015 0.000200962 
v 0.0266101 0.0015 0.000129682 
v 0.0270037 0.0015 0.000385283 
v 0.0268817 0.0015 0.000286475 
v 0.0274918 0.0015 0.0236568 
v 0.0275 0.0015 0.0235 
v 0.0271147 0.0015 0.000496304 
v 0.027299 0.0015 0.00075 
v 0.0272135 0.0015 0.000618322 
v 0.0274266 0.0015 0.00103647 
v 0.0273703 0.0015 0.000889895 
v 0.0274918 0.0015 0.00134321 
v 0.0274672 0.0015 0.00118813 
v 0.0261568 0.0015 8.21716e-06 
v 0.026 0.0015 0.025 
v 0.0275 0.0015 0.0015 
v 0.026 0.0015 0 
v 0.0275 -0.0015 0.0235 
v 0.0275 -0.0015 0.0015 
v 0.0274918 -0.0015 0.00134321 
v 0.0274672 -0.0015 0.00118813 
v 0.0274266 -0.0015 0.00103647 
v 0.0273703 -0.0015 0.000889895 
v 0.027299 -0.0015 0.00075 
v 0.0272135 -0.0015 0.000618322 
v 0.0271147 -0.0015 0.000496304 
v 0.0270037 -0.0015 0.000385283 
v 0.0268817 -0.0015 0.000286475 
v 0.02675 -0.0015 0.000200962 
v 0.0266101 -0.0015 0.000129682 
v 0.0264635 -0.0015 7.34152e-05 
v 0.0263119 -0.0015 3.27786e-05 
v 0.0261568 -0.0015 8.21716e-06 
v 0.026 -0.0015 0 
v 0.0274918 -0.0015 0.0236568 
v 0.0274672 -0.0015 0.0238119 
v 0.0274266 -0.0015 0.0239635 
v 0.0273703 -0.0015 0.0241101 
v 0.027299 -0.0015 0.02425 
v 0.0272135 -0.0015 0.0243817 
v 0.0271147 -0.0015 0.0245037 
v 0.0270037 -0.0015 0.0246147 
v 0.0268817 -0.0015 0.0247135 
v 0.02675 -0.0015 0.024799 
v 0.0266101 -0.0015 0.0248703 
v 0.0264635 -0.0015 0.0249266 
v 0.0263119 -0.0015 0.0249672 
v 0.0261568 -0.0015 0.0249918 
v 0.026 -0.0015 0.025 
v -0.0261568 -0.0015 0.0249918 
v -0.0263119 -0.0015 0.0249672 
v -0.027299 -0.0015 0.02425 
v -0.0273703 -0.0015 0.0241101 
v -0.0274918 -0.0015 0.0236568 
v -0.0275 -0.0015 0.0235 
v -0.0274266 -0.0015 0.00103647 
v -0.0273703 -0.0015 0.000889895 
v -0.026 -0.0015 0.025 
v -0.0264635 -0.0015 0.0249266 
v -0.0268817 -0.0015 0.0247135 
v -0.0270037 -0.0015 0.0246147 
v -0.0266101 -0.0015 0.0248703 
v -0.02675 -0.0015 0.024799 
v -0.0274266 -0.0015 0.0239635 
v -0.0274672 -0.0015 0.0238119 
v -0.0272135 -0.0015 0.0243817 
v -0.0275 -0.0015 0.0015 
v -0.027299 -0.0015 0.00075 
v -0.0274672 -0.0015 0.00118813 
v -0.0271147 -0.0015 0.000496304 
v -0.0270037 -0.0015 0.000385283 
v -0.0264635 -0.0015 7.34152e-05 
v -0.0263119 -0.0015 3.27786e-05 
v -0.0271147 -0.0015 0.0245037 
v -0.0274918 -0.0015 0.00134321 
v -0.0268817 -0.0015 0.000286475 
v -0.0261568 -0.0015 8.21716e-06 
v -0.026 -0.0015 0 
v -0.0266101 -0.0015 0.000129682 
v -0.0272135 -0.0015 0.000618322 
v -0.02675 -0.0015 0.000200962 
v -0.0274266 0.0015 0.00103647 
v -0.0274672 0.0015 0.00118813 
v -0.027299 0.0015 0.00075 
v -0.0273703 0.0015 0.000889895 
v -0.02675 0.0015 0.024799 
v -0.0271147 0.0015 0.0245037 
v -0.0270037 0.0015 0.0246147 
v -0.027299 0.0015 0.02425 
v -0.0272135 0.0015 0.0243817 
v -0.0271147 0.0015 0.000496304 
v -0.0272135 0.0015 0.000618322 
v -0.0266101 0.0015 0.0248703 
v -0.02675 0.0015 0.000200962 
v -0.0268817 0.0015 0.000286475 
v -0.0264635 0.0015 7.34152e-05 
v -0.0266101 0.0015 0.000129682 
v -0.0261568 0.0015 8.21716e-06 
v -0.0263119 0.0015 3.27786e-05 
v -0.0264635 0.0015 0.0249266 
v -0.0263119 0.0015 0.0249672 
v -0.0268817 0.0015 0.0247135 
v -0.0261568 0.0015 0.0249918 
v -0.0274266 0.0015 0.0239635 
v -0.0273703 0.0015 0.0241101 
v -0.0274918 0.0015 0.0236568 
v -0.0274672 0.0015 0.0238119 
v -0.0274918 0.0015 0.00134321 
v -0.0270037 0.0015 0.000385283 
v -0.026 0.0015 0 
v -0.026 0.0015 0.025 
v -0.0275 0.0015 0.0235 
v -0.0275 0.0015 0.0015 
v -0.0125 0.047 0.025 
v 0.0125 0.047 0.025 
v -0.0125 0.0005 0.025 
v 0.0125 0.0005 0.025 
v 0.0125 0.047 0 
v -0.0125 0.047 0 
v 0.0125 0.0005 0 
v -0.0125 0.0005 0 
vn 0.994138 1.25749e-16 -0.108119 
vn 1 1.2649e-16 -2.44929e-16 
vn 0.976621 1.23533e-16 -0.21497 
vn 0.994138 1.25749e-16 -0.108119 
vn 0.947653 1.19869e-16 -0.319302 
vn 0.976621 1.23533e-16 -0.21497 
vn 0.907575 1.14799e-16 -0.419889 
vn 0.947653 1.19869e-16 -0.319302 
vn 0.856857 1.08384e-16 -0.515554 
vn 0.907575 1.14799e-16 -0.419889 
vn 0.796093 1.00698e-16 -0.605174 
vn 0.856857 1.08384e-16 -0.515554 
vn 0.725995 9.18314e-17 -0.687699 
vn 0.796093 1.00698e-16 -0.605174 
vn 0.647386 8.18881e-17 -0.762162 
vn 0.725995 9.18314e-17 -0.687699 
vn 0.561187 7.09847e-17 -0.827689 
vn 0.647386 8.18881e-17 -0.762162 
vn 0.468408 5.92491e-17 -0.883512 
vn 0.561187 7.09847e-17 -0.827689 
vn 0.370138 4.68189e-17 -0.928977 
vn 0.468408 5.92491e-17 -0.883512 
vn 0.267528 3.38397e-17 -0.96355 
vn 0.370138 4.68189e-17 -0.928977 
vn 0.161782 2.04638e-17 -0.986827 
vn 0.267528 3.38397e-17 -0.96355 
vn 0.0541389 6.84804e-18 -0.998533 
vn 0.161782 2.04638e-17 -0.986827 
vn -0.0541389 -6.84804e-18 -0.998533 
vn 0.0541389 6.84804e-18 -0.998533 
vn -0.161782 -2.04638e-17 -0.986827 
vn -0.0541389 -6.84804e-18 -0.998533 
vn -0.267528 -3.38397e-17 -0.96355 
vn -0.161782 -2.04638e-17 -0.986827 
vn -0.370138 -4.68189e-17 -0.928977 
vn -0.267528 -3.38397e-17 -0.96355 
vn -0.468408 -5.92491e-17 -0.883512 
vn -0.370138 -4.68189e-17 -0.928977 
vn -0.561187 -7.09847e-17 -0.827689 
vn -0.468408 -5.92491e-17 -0.883512 
vn -0.647386 -8.18881e-17 -0.762162 
vn -0.561187 -7.09847e-17 -0.827689 
vn -0.725995 -9.18314e-17 -0.687699 
vn -0.647386 -8.18881e-17 -0.762162 
vn -0.796093 -1.00698e-16 -0.605174 
vn -0.725995 -9.18314e-17 -0.687699 
vn -0.856857 -1.08384e-16 -0.515554 
vn -0.796093 -1.00698e-16 -0.605174 
vn -0.907575 -1.14799e-16 -0.419889 
vn -0.856857 -1.08384e-16 -0.515554 
vn -0.947653 -1.19869e-16 -0.319302 
vn -0.907575 -1.14799e-16 -0.419889 
vn -0.976621 -1.23533e-16 -0.21497 
vn -0.947653 -1.19869e-16 -0.319302 
vn -0.994138 -1.25749e-16 -0.108119 
vn -0.976621 -1.23533e-16 -0.21497 
vn -1 -1.2649e-16 1.22465e-16 
vn -0.994138 -1.25749e-16 -0.108119 
vn -0.994138 -1.25749e-16 0.108119 
vn -1 -1.2649e-16 1.22465e-16 
vn -0.976621 -1.23533e-16 0.21497 
vn -0.994138 -1.25749e-16 0.108119 
vn -0.947653 -1.19869e-16 0.319302 
vn -0.976621 -1.23533e-16 0.21497 
vn -0.907575 -1.14799e-16 0.419889 
vn -0.947653 -1.19869e-16 0.319302 
vn -0.856857 -1.08384e-16 0.515554 
vn -0.907575 -1.14799e-16 0.419889 
vn -0.796093 -1.00698e-16 0.605174 
vn -0.856857 -1.08384e-16 0.515554 
vn -0.725995 -9.18314e-17 0.687699 
vn -0.796093 -1.00698e-16 0.605174 
vn -0.647386 -8.18881e-17 0.762162 
vn -0.725995 -9.18314e-17 0.687699 
vn -0.561187 -7.09847e-17 0.827689 
vn -0.647386 -8.18881e-17 0.762162 
vn -0.468408 -5.92491e-17 0.883512 
vn -0.561187 -7.09847e-17 0.827689 
vn -0.370138 -4.68189e-17 0.928977 
vn -0.468408 -5.92491e-17 0.883512 
vn -0.267528 -3.38397e-17 0.96355 
vn -0.370138 -4.68189e-17 0.928977 
vn -0.161782 -2.04638e-17 0.986827 
vn -0.267528 -3.38397e-17 0.96355 
vn -0.0541389 -6.84804e-18 0.998533 
vn -0.161782 -2.04638e-17 0.986827 
vn 0.0541389 6.84804e-18 0.998533 
vn -0.0541389 -6.84804e-18 0.998533 
vn 0.161782 2.04638e-17 0.986827 
vn 0.0541389 6.84804e-18 0.998533 
vn 0.267528 3.38397e-17 0.96355 
vn 0.161782 2.04638e-17 0.986827 
vn 0.370138 4.68189e-17 0.928977 
vn 0.267528 3.38397e-17 0.96355 
vn 0.468408 5.92491e-17 0.883512 
vn 0.370138 4.68189e-17 0.928977 
vn 0.561187 7.09847e-17 0.827689 
vn 0.468408 5.92491e-17 0.883512 
vn 0.647386 8.18881e-17 0.762162 
vn 0.561187 7.09847e-17 0.827689 
vn 0.725995 9.18314e-17 0.687699 
vn 0.647386 8.18881e-17 0.762162 
vn 0.796093 1.00698e-16 0.605174 
vn 0.725995 9.18314e-17 0.687699 
vn 0.856857 1.08384e-16 0.515554 
vn 0.796093 1.00698e-16 0.605174 
vn 0.907575 1.14799e-16 0.419889 
vn 0.856857 1.08384e-16 0.515554 
vn 0.947653 1.19869e-16 0.319302 
vn 0.907575 1.14799e-16 0.419889 
vn 0.976621 1.23533e-16 0.21497 
vn 0.947653 1.19869e-16 0.319302 
vn 0.994138 1.25749e-16 0.108119 
vn 0.976621 1.23533e-16 0.21497 
vn -1.2649e-16 1 0 
vn 0.976621 0 -0.21497 
vn 0.994138 0 -0.108119 
vn 0.947653 0 -0.319302 
vn 0.976621 0 -0.21497 
vn 0.907575 0 -0.419889 
vn 0.947653 0 -0.319302 
vn 0.856857 0 -0.515554 
vn 0.907575 0 -0.419889 
vn 0.796093 0 -0.605174 
vn 0.827761 0 -0.561081 
vn 0.856857 0 -0.515554 
vn 0.796093 0 -0.605174 
vn 0.762051 0 -0.647517 
vn 0.725995 0 -0.687699 
vn 0.651572 0 -0.758587 
vn 0.647386 0 -0.762162 
vn 0.605242 0 -0.796041 
vn 0.561187 0 -0.827689 
vn 0.515399 0 -0.85695 
vn 0.468408 0 -0.883512 
vn 0.41977 0 -0.907631 
vn 0.370138 0 -0.928977 
vn 0.306961 0 -0.951722 
vn 0.267528 0 -0.96355 
vn 0.214742 0 -0.976671 
vn 0.161782 0 -0.986827 
vn 0.0541389 0 -0.998533 
vn 0.107937 0 -0.994158 
vn -0.0541389 0 -0.998533 
vn 0.0541389 0 -0.998533 
vn -0.0299866 0 -0.99955 
vn -0.161782 0 -0.986827 
vn -0.0541389 0 -0.998533 
vn -0.267528 0 -0.96355 
vn -0.161782 0 -0.986827 
vn -0.370138 0 -0.928977 
vn -0.267528 0 -0.96355 
vn -0.355952 0 -0.934504 
vn -0.468408 0 -0.883512 
vn -0.370138 0 -0.928977 
vn -0.561187 0 -0.827689 
vn -0.468408 0 -0.883512 
vn -0.647386 0 -0.762162 
vn -0.561187 0 -0.827689 
vn -0.725995 0 -0.687699 
vn -0.647386 0 -0.762162 
vn -0.667272 0 -0.744814 
vn -0.796093 0 -0.605174 
vn -0.725995 0 -0.687699 
vn -0.856857 0 -0.515554 
vn -0.796093 0 -0.605174 
vn -0.907575 0 -0.419889 
vn -0.856857 0 -0.515554 
vn -0.883316 0 -0.468777 
vn -0.947653 0 -0.319302 
vn -0.907575 0 -0.419889 
vn -0.92895 0 -0.370204 
vn -0.976621 0 -0.21497 
vn -0.947656 0 -0.319294 
vn -0.959284 0 -0.282443 
vn -0.994138 0 -0.108119 
vn -0.976621 0 -0.21497 
vn -0.986805 0 -0.161911 
vn -1 0 0 
vn -0.994138 0 -0.108119 
vn -0.998536 0 -0.0540882 
vn -0.998539 0 0.0540308 
vn -0.994138 0 0.108119 
vn -1 0 0 
vn -0.986782 0 0.162053 
vn -0.976621 0 0.21497 
vn -0.959284 0 0.282443 
vn -0.947653 0 0.319302 
vn -0.928946 0 0.370215 
vn -0.907575 0 0.419889 
vn -0.883376 0 0.468666 
vn -0.856857 0 0.515554 
vn -0.796093 0 0.605174 
vn -0.725995 0 0.687699 
vn -0.667272 0 0.744814 
vn -0.647386 0 0.762162 
vn -0.561187 0 0.827689 
vn -0.468408 0 0.883512 
vn -0.370138 0 0.928977 
vn -0.355952 0 0.934504 
vn -0.267528 0 0.96355 
vn -0.161782 0 0.986827 
vn -0.0541389 0 0.998533 
vn -0.0299866 0 0.99955 
vn 0.0541389 0 0.998533 
vn 0.107786 0 0.994174 
vn 0.161782 0 0.986827 
vn 0.267528 0 0.96355 
vn 0.215041 0 0.976605 
vn 0.370138 0 0.928977 
vn 0.306961 0 0.951722 
vn 0.267535 0 0.963548 
vn 0.468408 0 0.883512 
vn 0.419683 0 0.907671 
vn 0.370138 0 0.928977 
vn 0.561187 0 0.827689 
vn 0.515637 0 0.856807 
vn 0.468408 0 0.883512 
vn 0.647386 0 0.762162 
vn 0.60518 0 0.796089 
vn 0.561187 0 0.827689 
vn 0.725995 0 0.687699 
vn 0.651572 0 0.758587 
vn 0.647389 0 0.76216 
vn 0.796093 0 0.605174 
vn 0.762237 0 0.647298 
vn 0.725995 0 0.687699 
vn 0.796093 0 0.605174 
vn 0.827714 0 0.56115 
vn 0.856857 0 0.515554 
vn 0.907575 0 0.419889 
vn 0.947653 0 0.319302 
vn 0.976621 0 0.21497 
vn 0.994138 0 0.108119 
vn 1 0 0 
vn -0.743145 0.669131 0 
vn -0.669131 0.743145 0 
vn -0.809017 0.587785 0 
vn -0.743145 0.669131 0 
vn -0.866025 0.5 0 
vn -0.809017 0.587785 0 
vn -0.913545 0.406737 0 
vn -0.866025 0.5 0 
vn -0.951057 0.309017 0 
vn -0.913545 0.406737 0 
vn -0.978148 0.207912 0 
vn -0.951057 0.309017 0 
vn -0.994522 0.104528 0 
vn -0.978148 0.207912 0 
vn -1 -6.12323e-17 0 
vn -0.994522 0.104528 0 
vn -0.587785 0.809017 0 
vn -0.517799 0.855503 0 
vn -0.5 0.866026 0 
vn -0.538828 0.842416 0 
vn -0.572273 0.820063 0 
vn -0.564995 0.825094 0 
vn -0.578685 0.815551 0 
vn -0.557057 0.830474 0 
vn -0.587785 0.809017 0 
vn -0.584008 0.811748 0 
vn -0.5 0.866025 0 
vn -0.411041 0.911617 0 
vn -0.406737 0.913545 0 
vn -0.468356 0.88354 0 
vn -0.440523 0.897742 0 
vn -0.494216 0.869339 0 
vn -0.309017 0.951057 0 
vn -0.406737 0.913545 0 
vn -0.348535 0.937296 0 
vn -0.380259 0.92488 0 
vn -0.316242 0.948679 0 
vn -0.207912 0.978148 0 
vn -0.235577 0.971856 0 
vn -0.219741 0.975558 0 
vn -0.283758 0.958896 0 
vn -0.267619 0.963525 0 
vn -0.251465 0.967866 0 
vn -0.309018 0.951056 0 
vn -0.104528 0.994522 0 
vn -0.118427 0.992963 0 
vn -0.105784 0.994389 0 
vn -0.131644 0.991297 0 
vn -0.188959 0.981985 0 
vn -0.174069 0.984733 0 
vn -0.159477 0.987202 0 
vn -0.14538 0.989376 0 
vn -0.207912 0.978148 0 
vn 2.09798e-15 1 0 
vn -0.00701383 0.999975 0 
vn -0.00175861 0.999998 0 
vn -0.015704 0.999877 0 
vn -0.0277274 0.999616 0 
vn -0.0611721 0.998127 0 
vn -0.0516717 0.998664 0 
vn -0.0822014 0.996616 0 
vn -0.0713848 0.997449 0 
vn -0.104528 0.994522 0 
vn -0.0429428 0.999078 0 
vn 2.09798e-15 1 0 
vn -0.0822014 0.996616 0 
vn -0.104528 0.994522 0 
vn -0.0516858 0.998663 0 
vn -0.0611721 0.998127 0 
vn -0.0429428 0.999078 0 
vn -0.0713288 0.997453 0 
vn -0.0277274 0.999616 0 
vn 2.08167e-15 1 0 
vn -0.00175861 0.999998 0 
vn -0.00701383 0.999975 0 
vn -0.015704 0.999877 0 
vn -0.104528 0.994522 0 
vn -0.188959 0.981985 0 
vn -0.207912 0.978148 0 
vn -0.159477 0.987202 0 
vn -0.174095 0.984729 0 
vn -0.131644 0.991297 0 
vn -0.145309 0.989386 0 
vn -0.118446 0.992961 0 
vn -0.105813 0.994386 0 
vn -0.309017 0.951057 0 
vn -0.207912 0.978148 0 
vn -0.267664 0.963512 0 
vn -0.251465 0.967866 0 
vn -0.235488 0.971877 0 
vn -0.21985 0.975534 0 
vn -0.283758 0.958896 0 
vn -0.406737 0.913545 0 
vn -0.348535 0.937296 0 
vn -0.380259 0.92488 0 
vn -0.316242 0.948679 0 
vn -0.309018 0.951056 0 
vn -0.5 0.866025 0 
vn -0.411041 0.911617 0 
vn -0.440523 0.897742 0 
vn -0.406737 0.913545 0 
vn -0.468356 0.88354 0 
vn -0.494216 0.869339 0 
vn -0.587785 0.809017 0 
vn -0.578684 0.815552 0 
vn -0.584296 0.811541 0 
vn -0.557057 0.830474 0 
vn -0.565013 0.825082 0 
vn -0.572273 0.820063 0 
vn -0.538828 0.842416 0 
vn -0.5 0.866026 0 
vn -0.517799 0.855503 0 
vn -0.592986 0.805213 0 
vn -0.598241 0.801316 0 
vn -0.596042 0.802954 0 
vn -0.599561 0.800329 0 
vn -0.6 0.8 0 
vn -0.592986 0.805213 0 
vn -0.596035 0.802959 0 
vn -0.598241 0.801316 0 
vn -0.592986 0.805213 0 
vn -0.599562 0.800328 0 
vn -0.587785 0.809017 0 
vn -0.598241 0.801316 0 
vn -0.596042 0.802954 0 
vn -0.599561 0.800329 0 
vn -0.6 0.8 0 
vn -0.592986 0.805213 0 
vn -0.596035 0.802959 0 
vn -0.598241 0.801316 0 
vn -0.599562 0.800328 0 
vn -0.587785 0.809017 0 
vn -0.578684 0.815552 0 
vn -0.584296 0.811541 0 
vn -0.557057 0.830474 0 
vn -0.565013 0.825082 0 
vn -0.572273 0.820063 0 
vn -0.538828 0.842416 0 
vn -0.517799 0.855503 0 
vn -0.5 0.866026 0 
vn -0.538828 0.842416 0 
vn -0.572273 0.820063 0 
vn -0.564995 0.825094 0 
vn -0.578685 0.815551 0 
vn -0.557057 0.830474 0 
vn -0.584008 0.811748 0 
vn -0.468356 0.88354 0 
vn -0.411041 0.911617 0 
vn -0.440523 0.897742 0 
vn -0.406737 0.913545 0 
vn -0.468356 0.88354 0 
vn -0.494216 0.869339 0 
vn -0.348535 0.937296 0 
vn -0.380259 0.92488 0 
vn -0.316242 0.948679 0 
vn -0.309018 0.951056 0 
vn -0.235488 0.971877 0 
vn -0.235577 0.971856 0 
vn -0.219741 0.975558 0 
vn -0.267619 0.963525 0 
vn -0.251465 0.967866 0 
vn -0.283758 0.958896 0 
vn -0.207912 0.978148 0 
vn -0.21985 0.975534 0 
vn -0.267664 0.963512 0 
vn -0.283758 0.958896 0 
vn -0.104528 0.994522 0 
vn -0.118427 0.992963 0 
vn -0.105784 0.994389 0 
vn -0.131644 0.991297 0 
vn -0.188959 0.981985 0 
vn -0.174069 0.984733 0 
vn -0.159477 0.987202 0 
vn -0.14538 0.989376 0 
vn -0.188959 0.981985 0 
vn -0.159477 0.987202 0 
vn -0.174095 0.984729 0 
vn -0.131644 0.991297 0 
vn -0.145309 0.989386 0 
vn -0.118446 0.992961 0 
vn -0.105813 0.994386 0 
vn -0.0277274 0.999616 0 
vn -0.00701383 0.999975 0 
vn -0.00175861 0.999998 0 
vn -0.015704 0.999877 0 
vn -0.0277274 0.999616 0 
vn -0.0822014 0.996616 0 
vn -0.0611721 0.998127 0 
vn -0.0516717 0.998664 0 
vn -0.0822014 0.996616 0 
vn -0.0713848 0.997449 0 
vn -0.104528 0.994522 0 
vn -0.0429428 0.999078 0 
vn -0.0516858 0.998663 0 
vn -0.0611721 0.998127 0 
vn -0.0429428 0.999078 0 
vn -0.0713288 0.997453 0 
vn 2.08167e-15 1 0 
vn -0.00175861 0.999998 0 
vn -0.00701383 0.999975 0 
vn -0.015704 0.999877 0 
vn -1 -6.12323e-17 0 
vn -0.994522 0.104528 0 
vn -0.978148 0.207912 0 
vn -0.951057 0.309017 0 
vn -0.913545 0.406737 0 
vn -0.866025 0.5 0 
vn -0.809017 0.587785 0 
vn -0.743145 0.669131 0 
vn -0.669131 0.743145 0 
vn -0.587785 0.809017 0 
vn -0.5 0.866025 0 
vn -0.406737 0.913545 0 
vn -0.309017 0.951057 0 
vn -0.207912 0.978148 0 
vn -0.104528 0.994522 0 
vn -2.44929e-16 1 0 
vn 1 -6.12323e-17 0 
vn 0.994522 0.104528 0 
vn 0.978148 0.207912 0 
vn 0.951057 0.309017 0 
vn 0.913545 0.406737 0 
vn 0.866025 0.5 0 
vn 0.809017 0.587785 0 
vn 0.743145 0.669131 0 
vn 0.669131 0.743145 0 
vn 0.587785 0.809017 0 
vn 0.5 0.866025 0 
vn 0.406737 0.913545 0 
vn 0.309017 0.951057 0 
vn 0.207912 0.978148 0 
vn 0.104528 0.994522 0 
vn 1.22465e-16 1 0 
vn 1 1.807e-16 0 
vn 0.976621 0 -0.21497 
vn 0.994138 0 -0.108119 
vn 0.947653 0 -0.319302 
vn 0.976621 0 -0.21497 
vn 0.907575 0 -0.419889 
vn 0.947653 0 -0.319302 
vn 0.856857 0 -0.515554 
vn 0.907575 0 -0.419889 
vn 0.796093 0 -0.605174 
vn 0.827761 0 -0.561081 
vn 0.856857 0 -0.515554 
vn 0.796093 0 -0.605174 
vn 0.762051 0 -0.647517 
vn 0.725995 0 -0.687699 
vn 0.651572 0 -0.758587 
vn 0.647386 0 -0.762162 
vn 0.605242 0 -0.796041 
vn 0.561187 0 -0.827689 
vn 0.515399 0 -0.85695 
vn 0.468408 0 -0.883512 
vn 0.41977 0 -0.907631 
vn 0.370138 0 -0.928977 
vn 0.306961 0 -0.951722 
vn 0.267528 0 -0.96355 
vn 0.214742 0 -0.976671 
vn 0.161782 0 -0.986827 
vn 0.0541389 0 -0.998533 
vn 0.107937 0 -0.994158 
vn -0.0541389 0 -0.998533 
vn 0.0541389 0 -0.998533 
vn -0.0299866 0 -0.99955 
vn -0.161782 0 -0.986827 
vn -0.0541389 0 -0.998533 
vn -0.267528 0 -0.96355 
vn -0.161782 0 -0.986827 
vn -0.370138 0 -0.928977 
vn -0.267528 0 -0.96355 
vn -0.355952 0 -0.934504 
vn -0.468408 0 -0.883512 
vn -0.370138 0 -0.928977 
vn -0.561187 0 -0.827689 
vn -0.468408 0 -0.883512 
vn -0.647386 0 -0.762162 
vn -0.561187 0 -0.827689 
vn -0.725995 0 -0.687699 
vn -0.647386 0 -0.762162 
vn -0.667272 0 -0.744814 
vn -0.796093 0 -0.605174 
vn -0.725995 0 -0.687699 
vn -0.856857 0 -0.515554 
vn -0.796093 0 -0.605174 
vn -0.907575 0 -0.419889 
vn -0.856857 0 -0.515554 
vn -0.883316 0 -0.468777 
vn -0.947653 0 -0.319302 
vn -0.907575 0 -0.419889 
vn -0.92895 0 -0.370204 
vn -0.976621 0 -0.21497 
vn -0.947656 0 -0.319294 
vn -0.959284 0 -0.282443 
vn -0.994138 0 -0.108119 
vn -0.976621 0 -0.21497 
vn -0.986805 0 -0.161911 
vn -1 0 0 
vn -0.994138 0 -0.108119 
vn -0.998536 0 -0.0540882 
vn -0.998539 0 0.0540308 
vn -0.994138 0 0.108119 
vn -1 0 1.15648e-15 
vn -0.986782 0 0.162053 
vn -0.976621 0 0.21497 
vn -0.959284 0 0.282443 
vn -0.947653 0 0.319302 
vn -0.928946 0 0.370215 
vn -0.907575 0 0.419889 
vn -0.883376 0 0.468666 
vn -0.856857 0 0.515554 
vn -0.796093 0 0.605174 
vn -0.725995 0 0.687699 
vn -0.667272 0 0.744814 
vn -0.647386 0 0.762162 
vn -0.561187 0 0.827689 
vn -0.468408 0 0.883512 
vn -0.370138 0 0.928977 
vn -0.355952 0 0.934504 
vn -0.267528 0 0.96355 
vn -0.161782 0 0.986827 
vn -0.0541389 0 0.998533 
vn -0.0299866 0 0.99955 
vn 0.0541389 0 0.998533 
vn 0.107786 0 0.994174 
vn 0.161782 0 0.986827 
vn 0.267528 0 0.96355 
vn 0.215041 0 0.976605 
vn 0.370138 0 0.928977 
vn 0.306961 0 0.951722 
vn 0.267535 0 0.963548 
vn 0.468408 0 0.883512 
vn 0.419683 0 0.907671 
vn 0.370138 0 0.928977 
vn 0.561187 0 0.827689 
vn 0.515637 0 0.856807 
vn 0.468408 0 0.883512 
vn 0.647386 0 0.762162 
vn 0.60518 0 0.796089 
vn 0.561187 0 0.827689 
vn 0.725995 0 0.687699 
vn 0.651572 0 0.758587 
vn 0.647389 0 0.76216 
vn 0.796093 0 0.605174 
vn 0.762237 0 0.647298 
vn 0.725995 0 0.687699 
vn 0.796093 0 0.605174 
vn 0.827714 0 0.56115 
vn 0.856857 0 0.515554 
vn 0.907575 0 0.419889 
vn 0.947653 0 0.319302 
vn 0.976621 0 0.21497 
vn 0.994138 0 0.108119 
vn 1 0 0 
vn -1.2649e-16 1 0 
vn 0.994138 1.25749e-16 -0.108119 
vn 1 1.2649e-16 -2.44929e-16 
vn 0.976621 1.23533e-16 -0.21497 
vn 0.994138 1.25749e-16 -0.108119 
vn 0.947653 1.19869e-16 -0.319302 
vn 0.976621 1.23533e-16 -0.21497 
vn 0.907575 1.14799e-16 -0.419889 
vn 0.947653 1.19869e-16 -0.319302 
vn 0.856857 1.08384e-16 -0.515554 
vn 0.907575 1.14799e-16 -0.419889 
vn 0.796093 1.00698e-16 -0.605174 
vn 0.856857 1.08384e-16 -0.515554 
vn 0.725995 9.18314e-17 -0.687699 
vn 0.796093 1.00698e-16 -0.605174 
vn 0.647386 8.18881e-17 -0.762162 
vn 0.725995 9.18314e-17 -0.687699 
vn 0.561187 7.09847e-17 -0.827689 
vn 0.647386 8.18881e-17 -0.762162 
vn 0.468408 5.92491e-17 -0.883512 
vn 0.561187 7.09847e-17 -0.827689 
vn 0.370138 4.68189e-17 -0.928977 
vn 0.468408 5.92491e-17 -0.883512 
vn 0.267528 3.38397e-17 -0.96355 
vn 0.370138 4.68189e-17 -0.928977 
vn 0.161782 2.04638e-17 -0.986827 
vn 0.267528 3.38397e-17 -0.96355 
vn 0.0541389 6.84804e-18 -0.998533 
vn 0.161782 2.04638e-17 -0.986827 
vn -0.0541389 -6.84804e-18 -0.998533 
vn 0.0541389 6.84804e-18 -0.998533 
vn -0.161782 -2.04638e-17 -0.986827 
vn -0.0541389 -6.84804e-18 -0.998533 
vn -0.267528 -3.38397e-17 -0.96355 
vn -0.161782 -2.04638e-17 -0.986827 
vn -0.370138 -4.68189e-17 -0.928977 
vn -0.267528 -3.38397e-17 -0.96355 
vn -0.468408 -5.92491e-17 -0.883512 
vn -0.370138 -4.68189e-17 -0.928977 
vn -0.561187 -7.09847e-17 -0.827689 
vn -0.468408 -5.92491e-17 -0.883512 
vn -0.647386 -8.18881e-17 -0.762162 
vn -0.561187 -7.09847e-17 -0.827689 
vn -0.725995 -9.18314e-17 -0.687699 
vn -0.647386 -8.18881e-17 -0.762162 
vn -0.796093 -1.00698e-16 -0.605174 
vn -0.725995 -9.18314e-17 -0.687699 
vn -0.856857 -1.08384e-16 -0.515554 
vn -0.796093 -1.00698e-16 -0.605174 
vn -0.907575 -1.14799e-16 -0.419889 
vn -0.856857 -1.08384e-16 -0.515554 
vn -0.947653 -1.19869e-16 -0.319302 
vn -0.907575 -1.14799e-16 -0.419889 
vn -0.976621 -1.23533e-16 -0.21497 
vn -0.947653 -1.19869e-16 -0.319302 
vn -0.994138 -1.25749e-16 -0.108119 
vn -0.976621 -1.23533e-16 -0.21497 
vn -1 -1.2649e-16 1.22465e-16 
vn -0.994138 -1.25749e-16 -0.108119 
vn -0.994138 -1.25749e-16 0.108119 
vn -1 -1.2649e-16 1.22465e-16 
vn -0.976621 -1.23533e-16 0.21497 
vn -0.994138 -1.25749e-16 0.108119 
vn -0.947653 -1.19869e-16 0.319302 
vn -0.976621 -1.23533e-16 0.21497 
vn -0.907575 -1.14799e-16 0.419889 
vn -0.947653 -1.19869e-16 0.319302 
vn -0.856857 -1.08384e-16 0.515554 
vn -0.907575 -1.14799e-16 0.419889 
vn -0.796093 -1.00698e-16 0.605174 
vn -0.856857 -1.08384e-16 0.515554 
vn -0.725995 -9.18314e-17 0.687699 
vn -0.796093 -1.00698e-16 0.605174 
vn -0.647386 -8.18881e-17 0.762162 
vn -0.725995 -9.18314e-17 0.687699 
vn -0.561187 -7.09847e-17 0.827689 
vn -0.647386 -8.18881e-17 0.762162 
vn -0.468408 -5.92491e-17 0.883512 
vn -0.561187 -7.09847e-17 0.827689 
vn -0.370138 -4.68189e-17 0.928977 
vn -0.468408 -5.92491e-17 0.883512 
vn -0.267528 -3.38397e-17 0.96355 
vn -0.370138 -4.68189e-17 0.928977 
vn -0.161782 -2.04638e-17 0.986827 
vn -0.267528 -3.38397e-17 0.96355 
vn -0.0541389 -6.84804e-18 0.998533 
vn -0.161782 -2.04638e-17 0.986827 
vn 0.0541389 6.84804e-18 0.998533 
vn -0.0541389 -6.84804e-18 0.998533 
vn 0.161782 2.04638e-17 0.986827 
vn 0.0541389 6.84804e-18 0.998533 
vn 0.267528 3.38397e-17 0.96355 
vn 0.161782 2.04638e-17 0.986827 
vn 0.370138 4.68189e-17 0.928977 
vn 0.267528 3.38397e-17 0.96355 
vn 0.468408 5.92491e-17 0.883512 
vn 0.370138 4.68189e-17 0.928977 
vn 0.561187 7.09847e-17 0.827689 
vn 0.468408 5.92491e-17 0.883512 
vn 0.647386 8.18881e-17 0.762162 
vn 0.561187 7.09847e-17 0.827689 
vn 0.725995 9.18314e-17 0.687699 
vn 0.647386 8.18881e-17 0.762162 
vn 0.796093 1.00698e-16 0.605174 
vn 0.725995 9.18314e-17 0.687699 
vn 0.856857 1.08384e-16 0.515554 
vn 0.796093 1.00698e-16 0.605174 
vn 0.907575 1.14799e-16 0.419889 
vn 0.856857 1.08384e-16 0.515554 
vn 0.947653 1.19869e-16 0.319302 
vn 0.907575 1.14799e-16 0.419889 
vn 0.976621 1.23533e-16 0.21497 
vn 0.947653 1.19869e-16 0.319302 
vn 0.994138 1.25749e-16 0.108119 
vn 0.976621 1.23533e-16 0.21497 
vn 0.743145 0.669131 0 
vn 0.669131 0.743145 0 
vn 0.809017 0.587785 0 
vn 0.743145 0.669131 0 
vn 0.866025 0.5 0 
vn 0.809017 0.587785 0 
vn 0.913545 0.406737 0 
vn 0.866025 0.5 0 
vn 0.951057 0.309017 0 
vn 0.913545 0.406737 0 
vn 0.978148 0.207912 0 
vn 0.951057 0.309017 0 
vn 0.994522 0.104528 0 
vn 0.978148 0.207912 0 
vn 1 -1.83697e-16 0 
vn 0.994522 0.104528 0 
vn 0.587785 0.809017 0 
vn 0.517799 0.855503 0 
vn 0.5 0.866026 0 
vn 0.538828 0.842416 0 
vn 0.572273 0.820063 0 
vn 0.564995 0.825094 0 
vn 0.578685 0.815551 0 
vn 0.557057 0.830474 0 
vn 0.587785 0.809017 0 
vn 0.584008 0.811748 0 
vn 0.5 0.866025 0 
vn 0.411041 0.911617 0 
vn 0.406737 0.913545 0 
vn 0.468356 0.88354 0 
vn 0.440523 0.897742 0 
vn 0.494216 0.869339 0 
vn 0.309017 0.951057 0 
vn 0.406737 0.913545 0 
vn 0.348535 0.937296 0 
vn 0.380259 0.92488 0 
vn 0.316242 0.948679 0 
vn 0.207912 0.978148 0 
vn 0.235577 0.971856 0 
vn 0.219741 0.975558 0 
vn 0.283758 0.958896 0 
vn 0.267619 0.963525 0 
vn 0.251465 0.967866 0 
vn 0.309018 0.951056 0 
vn 0.104528 0.994522 0 
vn 0.118427 0.992963 0 
vn 0.105784 0.994389 0 
vn 0.131644 0.991297 0 
vn 0.188959 0.981985 0 
vn 0.174069 0.984733 0 
vn 0.159477 0.987202 0 
vn 0.14538 0.989376 0 
vn 0.207912 0.978148 0 
vn 2.44929e-16 1 0 
vn 0.00701383 0.999975 0 
vn 0.00175861 0.999998 0 
vn 0.015704 0.999877 0 
vn 0.0277274 0.999616 0 
vn 0.0611721 0.998127 0 
vn 0.0516717 0.998664 0 
vn 0.0822014 0.996616 0 
vn 0.0713848 0.997449 0 
vn 0.104528 0.994522 0 
vn 0.0429428 0.999078 0 
vn 2.44929e-16 1 0 
vn 0.0822014 0.996616 0 
vn 0.104528 0.994522 0 
vn 0.0516858 0.998663 0 
vn 0.0611721 0.998127 0 
vn 0.0429428 0.999078 0 
vn 0.0713288 0.997453 0 
vn 0.0277274 0.999616 0 
vn 0 1 0 
vn 0.00175861 0.999998 0 
vn 0.00701383 0.999975 0 
vn 0.015704 0.999877 0 
vn 0.104528 0.994522 0 
vn 0.188959 0.981985 0 
vn 0.207912 0.978148 0 
vn 0.159477 0.987202 0 
vn 0.174095 0.984729 0 
vn 0.131644 0.991297 0 
vn 0.145309 0.989386 0 
vn 0.118446 0.992961 0 
vn 0.105813 0.994386 0 
vn 0.309017 0.951057 0 
vn 0.207912 0.978148 0 
vn 0.267664 0.963512 0 
vn 0.251465 0.967866 0 
vn 0.235488 0.971877 0 
vn 0.21985 0.975534 0 
vn 0.283758 0.958896 0 
vn 0.406737 0.913545 0 
vn 0.348535 0.937296 0 
vn 0.380259 0.92488 0 
vn 0.316242 0.948679 0 
vn 0.309018 0.951056 0 
vn 0.5 0.866025 0 
vn 0.411041 0.911617 0 
vn 0.440523 0.897742 0 
vn 0.406737 0.913545 0 
vn 0.468356 0.88354 0 
vn 0.494216 0.869339 0 
vn 0.587785 0.809017 0 
vn 0.578684 0.815552 0 
vn 0.584296 0.811541 0 
vn 0.557057 0.830474 0 
vn 0.565013 0.825082 0 
vn 0.572273 0.820063 0 
vn 0.538828 0.842416 0 
vn 0.5 0.866026 0 
vn 0.517799 0.855503 0 
vn 0.592986 0.805213 0 
vn 0.598241 0.801316 0 
vn 0.596042 0.802954 0 
vn 0.599561 0.800329 0 
vn 0.6 0.8 0 
vn 0.592986 0.805213 0 
vn 0.596035 0.802959 0 
vn 0.598241 0.801316 0 
vn 0.592986 0.805213 0 
vn 0.599562 0.800328 0 
vn 0.587785 0.809017 0 
vn 0.598241 0.801316 0 
vn 0.596042 0.802954 0 
vn 0.599561 0.800329 0 
vn 0.6 0.8 0 
vn 0.592986 0.805213 0 
vn 0.596035 0.802959 0 
vn 0.598241 0.801316 0 
vn 0.599562 0.800328 0 
vn 0.587785 0.809017 0 
vn 0.578684 0.815552 0 
vn 0.584296 0.811541 0 
vn 0.557057 0.830474 0 
vn 0.565013 0.825082 0 
vn 0.572273 0.820063 0 
vn 0.538828 0.842416 0 
vn 0.517799 0.855503 0 
vn 0.5 0.866026 0 
vn 0.538828 0.842416 0 
vn 0.572273 0.820063 0 
vn 0.564995 0.825094 0 
vn 0.578685 0.815551 0 
vn 0.557057 0.830474 0 
vn 0.584008 0.811748 0 
vn 0.468356 0.88354 0 
vn 0.411041 0.911617 0 
vn 0.440523 0.897742 0 
vn 0.406737 0.913545 0 
vn 0.468356 0.88354 0 
vn 0.494216 0.869339 0 
vn 0.348535 0.937296 0 
vn 0.380259 0.92488 0 
vn 0.316242 0.948679 0 
vn 0.309018 0.951056 0 
vn 0.235488 0.971877 0 
vn 0.235577 0.971856 0 
vn 0.219741 0.975558 0 
vn 0.267619 0.963525 0 
vn 0.251465 0.967866 0 
vn 0.283758 0.958896 0 
vn 0.207912 0.978148 0 
vn 0.21985 0.975534 0 
vn 0.283758 0.958896 0 
vn 0.267664 0.963512 0 
vn 0.104528 0.994522 0 
vn 0.118427 0.992963 0 
vn 0.105784 0.994389 0 
vn 0.131644 0.991297 0 
vn 0.188959 0.981985 0 
vn 0.174069 0.984733 0 
vn 0.159477 0.987202 0 
vn 0.14538 0.989376 0 
vn 0.188959 0.981985 0 
vn 0.159477 0.987202 0 
vn 0.174095 0.984729 0 
vn 0.131644 0.991297 0 
vn 0.145309 0.989386 0 
vn 0.118446 0.992961 0 
vn 0.105813 0.994386 0 
vn 0.0277274 0.999616 0 
vn 0.00701383 0.999975 0 
vn 0.00175861 0.999998 0 
vn 0.015704 0.999877 0 
vn 0.0277274 0.999616 0 
vn 0.0822014 0.996616 0 
vn 0.0611721 0.998127 0 
vn 0.0516717 0.998664 0 
vn 0.0822014 0.996616 0 
vn 0.0713848 0.997449 0 
vn 0.104528 0.994522 0 
vn 0.0429428 0.999078 0 
vn 0.0516858 0.998663 0 
vn 0.0611721 0.998127 0 
vn 0.0429428 0.999078 0 
vn 0.0713288 0.997453 0 
vn 0 1 0 
vn 0.00175861 0.999998 0 
vn 0.00701383 0.999975 0 
vn 0.015704 0.999877 0 
vn 1 -1.83697e-16 0 
vn -0.976621 0 0.21497 
vn -0.994138 0 0.108119 
vn -0.947653 0 0.319302 
vn -0.976621 0 0.21497 
vn -0.907575 0 0.419889 
vn -0.947653 0 0.319302 
vn -0.856857 0 0.515554 
vn -0.907575 0 0.419889 
vn -0.796093 0 0.605174 
vn -0.827761 0 0.561081 
vn -0.856857 0 0.515554 
vn -0.796093 0 0.605174 
vn -0.762051 0 0.647517 
vn -0.725995 0 0.687699 
vn -0.651572 0 0.758587 
vn -0.647386 0 0.762162 
vn -0.605242 0 0.796041 
vn -0.561187 0 0.827689 
vn -0.515399 0 0.85695 
vn -0.468408 0 0.883512 
vn -0.41977 0 0.907631 
vn -0.370138 0 0.928977 
vn -0.306961 0 0.951722 
vn -0.267528 0 0.96355 
vn -0.214742 0 0.976671 
vn -0.161782 0 0.986827 
vn -0.0541389 0 0.998533 
vn -0.107937 0 0.994158 
vn 0.0541389 0 0.998533 
vn -0.0541389 0 0.998533 
vn 0.0299866 0 0.99955 
vn 0.161782 0 0.986827 
vn 0.0541389 0 0.998533 
vn 0.267528 0 0.96355 
vn 0.161782 0 0.986827 
vn 0.370138 0 0.928977 
vn 0.267528 0 0.96355 
vn 0.355952 0 0.934504 
vn 0.468408 0 0.883512 
vn 0.370138 0 0.928977 
vn 0.561187 0 0.827689 
vn 0.468408 0 0.883512 
vn 0.647386 0 0.762162 
vn 0.561187 0 0.827689 
vn 0.725995 0 0.687699 
vn 0.647386 0 0.762162 
vn 0.667272 0 0.744814 
vn 0.796093 0 0.605174 
vn 0.725995 0 0.687699 
vn 0.856857 0 0.515554 
vn 0.796093 0 0.605174 
vn 0.907575 0 0.419889 
vn 0.856857 0 0.515554 
vn 0.883316 0 0.468777 
vn 0.947653 0 0.319302 
vn 0.907575 0 0.419889 
vn 0.92895 0 0.370204 
vn 0.976621 0 0.21497 
vn 0.947656 0 0.319294 
vn 0.959284 0 0.282443 
vn 0.994138 0 0.108119 
vn 0.976621 0 0.21497 
vn 0.986805 0 0.161911 
vn 1 0 0 
vn 0.994138 0 0.108119 
vn 0.998536 0 0.0540882 
vn 0.998539 0 -0.0540308 
vn 0.994138 0 -0.108119 
vn 1 0 0 
vn 0.986782 0 -0.162053 
vn 0.976621 0 -0.21497 
vn 0.959284 0 -0.282443 
vn 0.947653 0 -0.319302 
vn 0.928946 0 -0.370215 
vn 0.907575 0 -0.419889 
vn 0.883376 0 -0.468666 
vn 0.856857 0 -0.515554 
vn 0.796093 0 -0.605174 
vn 0.725995 0 -0.687699 
vn 0.667272 0 -0.744814 
vn 0.647386 0 -0.762162 
vn 0.561187 0 -0.827689 
vn 0.468408 0 -0.883512 
vn 0.370138 0 -0.928977 
vn 0.355952 0 -0.934504 
vn 0.267528 0 -0.96355 
vn 0.161782 0 -0.986827 
vn 0.0541389 0 -0.998533 
vn 0.0299866 0 -0.99955 
vn -0.0541389 0 -0.998533 
vn -0.107786 0 -0.994174 
vn -0.161782 0 -0.986827 
vn -0.267528 0 -0.96355 
vn -0.215041 0 -0.976605 
vn -0.370138 0 -0.928977 
vn -0.306961 0 -0.951722 
vn -0.267535 0 -0.963548 
vn -0.468408 0 -0.883512 
vn -0.419683 0 -0.907671 
vn -0.370138 0 -0.928977 
vn -0.561187 0 -0.827689 
vn -0.515637 0 -0.856807 
vn -0.468408 0 -0.883512 
vn -0.647386 0 -0.762162 
vn -0.60518 0 -0.796089 
vn -0.561187 0 -0.827689 
vn -0.725995 0 -0.687699 
vn -0.651572 0 -0.758587 
vn -0.647389 0 -0.76216 
vn -0.796093 0 -0.605174 
vn -0.762237 0 -0.647298 
vn -0.725995 0 -0.687699 
vn -0.796093 0 -0.605174 
vn -0.827714 0 -0.56115 
vn -0.856857 0 -0.515554 
vn -0.907575 0 -0.419889 
vn -0.947653 0 -0.319302 
vn -0.976621 0 -0.21497 
vn -0.994138 0 -0.108119 
vn -1 0 -2.31296e-15 
vn -1.2649e-16 1 0 
vn 0.994138 1.25749e-16 -0.108119 
vn 1 1.2649e-16 -2.44929e-16 
vn 0.976621 1.23533e-16 -0.21497 
vn 0.994138 1.25749e-16 -0.108119 
vn 0.947653 1.19869e-16 -0.319302 
vn 0.976621 1.23533e-16 -0.21497 
vn 0.907575 1.14799e-16 -0.419889 
vn 0.947653 1.19869e-16 -0.319302 
vn 0.856857 1.08384e-16 -0.515554 
vn 0.907575 1.14799e-16 -0.419889 
vn 0.796093 1.00698e-16 -0.605174 
vn 0.856857 1.08384e-16 -0.515554 
vn 0.725995 9.18314e-17 -0.687699 
vn 0.796093 1.00698e-16 -0.605174 
vn 0.647386 8.18881e-17 -0.762162 
vn 0.725995 9.18314e-17 -0.687699 
vn 0.561187 7.09847e-17 -0.827689 
vn 0.647386 8.18881e-17 -0.762162 
vn 0.468408 5.92491e-17 -0.883512 
vn 0.561187 7.09847e-17 -0.827689 
vn 0.370138 4.68189e-17 -0.928977 
vn 0.468408 5.92491e-17 -0.883512 
vn 0.267528 3.38397e-17 -0.96355 
vn 0.370138 4.68189e-17 -0.928977 
vn 0.161782 2.04638e-17 -0.986827 
vn 0.267528 3.38397e-17 -0.96355 
vn 0.0541389 6.84804e-18 -0.998533 
vn 0.161782 2.04638e-17 -0.986827 
vn -0.0541389 -6.84804e-18 -0.998533 
vn 0.0541389 6.84804e-18 -0.998533 
vn -0.161782 -2.04638e-17 -0.986827 
vn -0.0541389 -6.84804e-18 -0.998533 
vn -0.267528 -3.38397e-17 -0.96355 
vn -0.161782 -2.04638e-17 -0.986827 
vn -0.370138 -4.68189e-17 -0.928977 
vn -0.267528 -3.38397e-17 -0.96355 
vn -0.468408 -5.92491e-17 -0.883512 
vn -0.370138 -4.68189e-17 -0.928977 
vn -0.561187 -7.09847e-17 -0.827689 
vn -0.468408 -5.92491e-17 -0.883512 
vn -0.647386 -8.18881e-17 -0.762162 
vn -0.561187 -7.09847e-17 -0.827689 
vn -0.725995 -9.18314e-17 -0.687699 
vn -0.647386 -8.18881e-17 -0.762162 
vn -0.796093 -1.00698e-16 -0.605174 
vn -0.725995 -9.18314e-17 -0.687699 
vn -0.856857 -1.08384e-16 -0.515554 
vn -0.796093 -1.00698e-16 -0.605174 
vn -0.907575 -1.14799e-16 -0.419889 
vn -0.856857 -1.08384e-16 -0.515554 
vn -0.947653 -1.19869e-16 -0.319302 
vn -0.907575 -1.14799e-16 -0.419889 
vn -0.976621 -1.23533e-16 -0.21497 
vn -0.947653 -1.19869e-16 -0.319302 
vn -0.994138 -1.25749e-16 -0.108119 
vn -0.976621 -1.23533e-16 -0.21497 
vn -1 -1.2649e-16 1.22465e-16 
vn -0.994138 -1.25749e-16 -0.108119 
vn -0.994138 -1.25749e-16 0.108119 
vn -1 -1.2649e-16 1.22465e-16 
vn -0.976621 -1.23533e-16 0.21497 
vn -0.994138 -1.25749e-16 0.108119 
vn -0.947653 -1.19869e-16 0.319302 
vn -0.976621 -1.23533e-16 0.21497 
vn -0.907575 -1.14799e-16 0.419889 
vn -0.947653 -1.19869e-16 0.319302 
vn -0.856857 -1.08384e-16 0.515554 
vn -0.907575 -1.14799e-16 0.419889 
vn -0.796093 -1.00698e-16 0.605174 
vn -0.856857 -1.08384e-16 0.515554 
vn -0.725995 -9.18314e-17 0.687699 
vn -0.796093 -1.00698e-16 0.605174 
vn -0.647386 -8.18881e-17 0.762162 
vn -0.725995 -9.18314e-17 0.687699 
vn -0.561187 -7.09847e-17 0.827689 
vn -0.647386 -8.18881e-17 0.762162 
vn -0.468408 -5.92491e-17 0.883512 
vn -0.561187 -7.09847e-17 0.827689 
vn -0.370138 -4.68189e-17 0.928977 
vn -0.468408 -5.92491e-17 0.883512 
vn -0.267528 -3.38397e-17 0.96355 
vn -0.370138 -4.68189e-17 0.928977 
vn -0.161782 -2.04638e-17 0.986827 
vn -0.267528 -3.38397e-17 0.96355 
vn -0.0541389 -6.84804e-18 0.998533 
vn -0.161782 -2.04638e-17 0.986827 
vn 0.0541389 6.84804e-18 0.998533 
vn -0.0541389 -6.84804e-18 0.998533 
vn 0.161782 2.04638e-17 0.986827 
vn 0.0541389 6.84804e-18 0.998533 
vn 0.267528 3.38397e-17 0.96355 
vn 0.161782 2.04638e-17 0.986827 
vn 0.370138 4.68189e-17 0.928977 
vn 0.267528 3.38397e-17 0.96355 
vn 0.468408 5.92491e-17 0.883512 
vn 0.370138 4.68189e-17 0.928977 
vn 0.561187 7.09847e-17 0.827689 
vn 0.468408 5.92491e-17 0.883512 
vn 0.647386 8.18881e-17 0.762162 
vn 0.561187 7.09847e-17 0.827689 
vn 0.725995 9.18314e-17 0.687699 
vn 0.647386 8.18881e-17 0.762162 
vn 0.796093 1.00698e-16 0.605174 
vn 0.725995 9.18314e-17 0.687699 
vn 0.856857 1.08384e-16 0.515554 
vn 0.796093 1.00698e-16 0.605174 
vn 0.907575 1.14799e-16 0.419889 
vn 0.856857 1.08384e-16 0.515554 
vn 0.947653 1.19869e-16 0.319302 
vn 0.907575 1.14799e-16 0.419889 
vn 0.976621 1.23533e-16 0.21497 
vn 0.947653 1.19869e-16 0.319302 
vn 0.994138 1.25749e-16 0.108119 
vn 0.976621 1.23533e-16 0.21497 
vn -0.976621 0 0.21497 
vn -0.994138 0 0.108119 
vn -0.947653 0 0.319302 
vn -0.976621 0 0.21497 
vn -0.907575 0 0.419889 
vn -0.947653 0 0.319302 
vn -0.856857 0 0.515554 
vn -0.907575 0 0.419889 
vn -0.796093 0 0.605174 
vn -0.827761 0 0.561081 
vn -0.856857 0 0.515554 
vn -0.796093 0 0.605174 
vn -0.762051 0 0.647517 
vn -0.725995 0 0.687699 
vn -0.651572 0 0.758587 
vn -0.647386 0 0.762162 
vn -0.605242 0 0.796041 
vn -0.561187 0 0.827689 
vn -0.515399 0 0.85695 
vn -0.468408 0 0.883512 
vn -0.41977 0 0.907631 
vn -0.370138 0 0.928977 
vn -0.306961 0 0.951722 
vn -0.267528 0 0.96355 
vn -0.214742 0 0.976671 
vn -0.161782 0 0.986827 
vn -0.0541389 0 0.998533 
vn -0.107937 0 0.994158 
vn 0.0541389 0 0.998533 
vn -0.0541389 0 0.998533 
vn 0.0299866 0 0.99955 
vn 0.161782 0 0.986827 
vn 0.0541389 0 0.998533 
vn 0.267528 0 0.96355 
vn 0.161782 0 0.986827 
vn 0.370138 0 0.928977 
vn 0.267528 0 0.96355 
vn 0.355952 0 0.934504 
vn 0.468408 0 0.883512 
vn 0.370138 0 0.928977 
vn 0.561187 0 0.827689 
vn 0.468408 0 0.883512 
vn 0.647386 0 0.762162 
vn 0.561187 0 0.827689 
vn 0.725995 0 0.687699 
vn 0.647386 0 0.762162 
vn 0.667272 0 0.744814 
vn 0.796093 0 0.605174 
vn 0.725995 0 0.687699 
vn 0.856857 0 0.515554 
vn 0.796093 0 0.605174 
vn 0.907575 0 0.419889 
vn 0.856857 0 0.515554 
vn 0.883316 0 0.468777 
vn 0.947653 0 0.319302 
vn 0.907575 0 0.419889 
vn 0.92895 0 0.370204 
vn 0.976621 0 0.21497 
vn 0.947656 0 0.319294 
vn 0.959284 0 0.282443 
vn 0.994138 0 0.108119 
vn 0.976621 0 0.21497 
vn 0.986805 0 0.161911 
vn 1 0 -2.89121e-16 
vn 0.994138 0 0.108119 
vn 0.998536 0 0.0540882 
vn 0.998539 0 -0.0540308 
vn 0.994138 0 -0.108119 
vn 1 0 2.89121e-16 
vn 0.986782 0 -0.162053 
vn 0.976621 0 -0.21497 
vn 0.959284 0 -0.282443 
vn 0.947653 0 -0.319302 
vn 0.928946 0 -0.370215 
vn 0.907575 0 -0.419889 
vn 0.883376 0 -0.468666 
vn 0.856857 0 -0.515554 
vn 0.796093 0 -0.605174 
vn 0.725995 0 -0.687699 
vn 0.667272 0 -0.744814 
vn 0.647386 0 -0.762162 
vn 0.561187 0 -0.827689 
vn 0.468408 0 -0.883512 
vn 0.370138 0 -0.928977 
vn 0.355952 0 -0.934504 
vn 0.267528 0 -0.96355 
vn 0.161782 0 -0.986827 
vn 0.0541389 0 -0.998533 
vn 0.0299866 0 -0.99955 
vn -0.0541389 0 -0.998533 
vn -0.107786 0 -0.994174 
vn -0.161782 0 -0.986827 
vn -0.267528 0 -0.96355 
vn -0.215041 0 -0.976605 
vn -0.370138 0 -0.928977 
vn -0.306961 0 -0.951722 
vn -0.267535 0 -0.963548 
vn -0.468408 0 -0.883512 
vn -0.419683 0 -0.907671 
vn -0.370138 0 -0.928977 
vn -0.561187 0 -0.827689 
vn -0.515637 0 -0.856807 
vn -0.468408 0 -0.883512 
vn -0.647386 0 -0.762162 
vn -0.60518 0 -0.796089 
vn -0.561187 0 -0.827689 
vn -0.725995 0 -0.687699 
vn -0.651572 0 -0.758587 
vn -0.647389 0 -0.76216 
vn -0.796093 0 -0.605174 
vn -0.762237 0 -0.647298 
vn -0.725995 0 -0.687699 
vn -0.796093 0 -0.605174 
vn -0.827714 0 -0.56115 
vn -0.856857 0 -0.515554 
vn -0.907575 0 -0.419889 
vn -0.947653 0 -0.319302 
vn -0.976621 0 -0.21497 
vn -0.994138 0 -0.108119 
vn -1 0 -2.02384e-15 
vn -1.2649e-16 1 0 
vn 0.994138 1.25749e-16 -0.108119 
vn 1 1.2649e-16 -2.44929e-16 
vn 0.976621 1.23533e-16 -0.21497 
vn 0.994138 1.25749e-16 -0.108119 
vn 0.947653 1.19869e-16 -0.319302 
vn 0.976621 1.23533e-16 -0.21497 
vn 0.907575 1.14799e-16 -0.419889 
vn 0.947653 1.19869e-16 -0.319302 
vn 0.856857 1.08384e-16 -0.515554 
vn 0.907575 1.14799e-16 -0.419889 
vn 0.796093 1.00698e-16 -0.605174 
vn 0.856857 1.08384e-16 -0.515554 
vn 0.725995 9.18314e-17 -0.687699 
vn 0.796093 1.00698e-16 -0.605174 
vn 0.647386 8.18881e-17 -0.762162 
vn 0.725995 9.18314e-17 -0.687699 
vn 0.561187 7.09847e-17 -0.827689 
vn 0.647386 8.18881e-17 -0.762162 
vn 0.468408 5.92491e-17 -0.883512 
vn 0.561187 7.09847e-17 -0.827689 
vn 0.370138 4.68189e-17 -0.928977 
vn 0.468408 5.92491e-17 -0.883512 
vn 0.267528 3.38397e-17 -0.96355 
vn 0.370138 4.68189e-17 -0.928977 
vn 0.161782 2.04638e-17 -0.986827 
vn 0.267528 3.38397e-17 -0.96355 
vn 0.0541389 6.84804e-18 -0.998533 
vn 0.161782 2.04638e-17 -0.986827 
vn -0.0541389 -6.84804e-18 -0.998533 
vn 0.0541389 6.84804e-18 -0.998533 
vn -0.161782 -2.04638e-17 -0.986827 
vn -0.0541389 -6.84804e-18 -0.998533 
vn -0.267528 -3.38397e-17 -0.96355 
vn -0.161782 -2.04638e-17 -0.986827 
vn -0.370138 -4.68189e-17 -0.928977 
vn -0.267528 -3.38397e-17 -0.96355 
vn -0.468408 -5.92491e-17 -0.883512 
vn -0.370138 -4.68189e-17 -0.928977 
vn -0.561187 -7.09847e-17 -0.827689 
vn -0.468408 -5.92491e-17 -0.883512 
vn -0.647386 -8.18881e-17 -0.762162 
vn -0.561187 -7.09847e-17 -0.827689 
vn -0.725995 -9.18314e-17 -0.687699 
vn -0.647386 -8.18881e-17 -0.762162 
vn -0.796093 -1.00698e-16 -0.605174 
vn -0.725995 -9.18314e-17 -0.687699 
vn -0.856857 -1.08384e-16 -0.515554 
vn -0.796093 -1.00698e-16 -0.605174 
vn -0.907575 -1.14799e-16 -0.419889 
vn -0.856857 -1.08384e-16 -0.515554 
vn -0.947653 -1.19869e-16 -0.319302 
vn -0.907575 -1.14799e-16 -0.419889 
vn -0.976621 -1.23533e-16 -0.21497 
vn -0.947653 -1.19869e-16 -0.319302 
vn -0.994138 -1.25749e-16 -0.108119 
vn -0.976621 -1.23533e-16 -0.21497 
vn -1 -1.2649e-16 1.22465e-16 
vn -0.994138 -1.25749e-16 -0.108119 
vn -0.994138 -1.25749e-16 0.108119 
vn -1 -1.2649e-16 1.22465e-16 
vn -0.976621 -1.23533e-16 0.21497 
vn -0.994138 -1.25749e-16 0.108119 
vn -0.947653 -1.19869e-16 0.319302 
vn -0.976621 -1.23533e-16 0.21497 
vn -0.907575 -1.14799e-16 0.419889 
vn -0.947653 -1.19869e-16 0.319302 
vn -0.856857 -1.08384e-16 0.515554 
vn -0.907575 -1.14799e-16 0.419889 
vn -0.796093 -1.00698e-16 0.605174 
vn -0.856857 -1.08384e-16 0.515554 
vn -0.725995 -9.18314e-17 0.687699 
vn -0.796093 -1.00698e-16 0.605174 
vn -0.647386 -8.18881e-17 0.762162 
vn -0.725995 -9.18314e-17 0.687699 
vn -0.561187 -7.09847e-17 0.827689 
vn -0.647386 -8.18881e-17 0.762162 
vn -0.468408 -5.92491e-17 0.883512 
vn -0.561187 -7.09847e-17 0.827689 
vn -0.370138 -4.68189e-17 0.928977 
vn -0.468408 -5.92491e-17 0.883512 
vn -0.267528 -3.38397e-17 0.96355 
vn -0.370138 -4.68189e-17 0.928977 
vn -0.161782 -2.04638e-17 0.986827 
vn -0.267528 -3.38397e-17 0.96355 
vn -0.0541389 -6.84804e-18 0.998533 
vn -0.161782 -2.04638e-17 0.986827 
vn 0.0541389 6.84804e-18 0.998533 
vn -0.0541389 -6.84804e-18 0.998533 
vn 0.161782 2.04638e-17 0.986827 
vn 0.0541389 6.84804e-18 0.998533 
vn 0.267528 3.38397e-17 0.96355 
vn 0.161782 2.04638e-17 0.986827 
vn 0.370138 4.68189e-17 0.928977 
vn 0.267528 3.38397e-17 0.96355 
vn 0.468408 5.92491e-17 0.883512 
vn 0.370138 4.68189e-17 0.928977 
vn 0.561187 7.09847e-17 0.827689 
vn 0.468408 5.92491e-17 0.883512 
vn 0.647386 8.18881e-17 0.762162 
vn 0.561187 7.09847e-17 0.827689 
vn 0.725995 9.18314e-17 0.687699 
vn 0.647386 8.18881e-17 0.762162 
vn 0.796093 1.00698e-16 0.605174 
vn 0.725995 9.18314e-17 0.687699 
vn 0.856857 1.08384e-16 0.515554 
vn 0.796093 1.00698e-16 0.605174 
vn 0.907575 1.14799e-16 0.419889 
vn 0.856857 1.08384e-16 0.515554 
vn 0.947653 1.19869e-16 0.319302 
vn 0.907575 1.14799e-16 0.419889 
vn 0.976621 1.23533e-16 0.21497 
vn 0.947653 1.19869e-16 0.319302 
vn 0.994138 1.25749e-16 0.108119 
vn 0.976621 1.23533e-16 0.21497 
vn -1.2649e-16 1 0 
vn 1 0 0 
vn 0.994522 0 -0.104528 
vn 0.978148 0 -0.207912 
vn 0.951057 0 -0.309017 
vn 0.913545 0 -0.406737 
vn 0.866025 0 -0.5 
vn 0.809017 0 -0.587785 
vn 0.743145 0 -0.669131 
vn 0.669131 0 -0.743145 
vn 0.587785 0 -0.809017 
vn 0.5 0 -0.866025 
vn 0.406737 0 -0.913545 
vn 0.309017 0 -0.951057 
vn 0.207912 0 -0.978148 
vn 0.104528 0 -0.994522 
vn 6.12323e-17 0 -1 
vn 1 0 -1.22465e-16 
vn 0.994522 0 0.104528 
vn 0.978148 0 0.207912 
vn 0.951057 0 0.309017 
vn 0.913545 0 0.406737 
vn 0.866025 0 0.5 
vn 0.809017 0 0.587785 
vn 0.743145 0 0.669131 
vn 0.669131 0 0.743145 
vn 0.587785 0 0.809017 
vn 0.5 0 0.866025 
vn 0.406737 0 0.913545 
vn 0.309017 0 0.951057 
vn 0.207912 0 0.978148 
vn 0.104528 0 0.994522 
vn 1.83697e-16 0 1 
vn 1.18277e-16 -1 0 
vn -1.2649e-16 1 0 
vn -1 0 0 
vn -0.994522 0 0.104528 
vn -0.978148 0 0.207912 
vn -0.951057 0 0.309017 
vn -0.913545 0 0.406737 
vn -0.866025 0 0.5 
vn -0.809017 0 0.587785 
vn -0.743145 0 0.669131 
vn -0.669131 0 0.743145 
vn -0.587785 0 0.809017 
vn -0.5 0 0.866025 
vn -0.406737 0 0.913545 
vn -0.309017 0 0.951057 
vn -0.207912 0 0.978148 
vn -0.104528 0 0.994522 
vn -1.83697e-16 0 1 
vn -1 0 0 
vn -0.994522 0 -0.104528 
vn -0.978148 0 -0.207912 
vn -0.951057 0 -0.309017 
vn -0.913545 0 -0.406737 
vn -0.866025 0 -0.5 
vn -0.809017 0 -0.587785 
vn -0.743145 0 -0.669131 
vn -0.669131 0 -0.743145 
vn -0.587785 0 -0.809017 
vn -0.5 0 -0.866025 
vn -0.406737 0 -0.913545 
vn -0.309017 0 -0.951057 
vn -0.207912 0 -0.978148 
vn -0.104528 0 -0.994522 
vn -6.12323e-17 0 -1 
vn 0 0 1 
vn 0 -1 0 
vn -1 0 0 
vn -1.21431e-16 1 0 
vn 1 0 0 
usemtl 0.615686_0.811765_0.929412_0.000000_0.000000
o mesh0
f 1//1 2//2 3//2 
f 4//3 1//1 5//4 
f 6//5 4//3 7//6 
f 8//7 6//5 9//8 
f 10//9 8//7 11//10 
f 12//11 10//9 13//12 
f 14//13 12//11 15//14 
f 16//15 14//13 17//16 
f 18//17 16//15 19//18 
f 20//19 18//17 21//20 
f 22//21 20//19 23//22 
f 24//23 22//21 25//24 
f 26//25 24//23 27//26 
f 28//27 26//25 29//28 
f 30//29 28//27 31//30 
f 32//31 30//29 33//32 
f 34//33 32//31 35//34 
f 36//35 34//33 37//36 
f 38//37 36//35 39//38 
f 40//39 38//37 41//40 
f 42//41 40//39 43//42 
f 44//43 42//41 45//44 
f 46//45 44//43 47//46 
f 48//47 46//45 49//48 
f 50//49 48//47 51//50 
f 52//51 50//49 53//52 
f 54//53 52//51 55//54 
f 56//55 54//53 57//56 
f 58//57 56//55 59//58 
f 60//59 58//57 61//60 
f 62//61 60//59 63//62 
f 64//63 62//61 65//64 
f 66//65 64//63 67//66 
f 68//67 66//65 69//68 
f 70//69 68//67 71//70 
f 72//71 70//69 73//72 
f 74//73 72//71 75//74 
f 76//75 74//73 77//76 
f 78//77 76//75 79//78 
f 80//79 78//77 81//80 
f 82//81 80//79 83//82 
f 84//83 82//81 85//84 
f 86//85 84//83 87//86 
f 88//87 86//85 89//88 
f 90//89 88//87 91//90 
f 92//91 90//89 93//92 
f 94//93 92//91 95//94 
f 96//95 94//93 97//96 
f 98//97 96//95 99//98 
f 100//99 98//97 101//100 
f 102//101 100//99 103//102 
f 104//103 102//101 105//104 
f 106//105 104//103 107//106 
f 108//107 106//105 109//108 
f 110//109 108//107 111//110 
f 112//111 110//109 113//112 
f 114//113 112//111 115//114 
f 2//2 114//113 116//113 
f 116//113 3//2 2//2 
f 115//114 116//113 114//113 
f 113//112 115//114 112//111 
f 111//110 113//112 110//109 
f 109//108 111//110 108//107 
f 107//106 109//108 106//105 
f 105//104 107//106 104//103 
f 103//102 105//104 102//101 
f 101//100 103//102 100//99 
f 99//98 101//100 98//97 
f 97//96 99//98 96//95 
f 95//94 97//96 94//93 
f 93//92 95//94 92//91 
f 91//90 93//92 90//89 
f 89//88 91//90 88//87 
f 87//86 89//88 86//85 
f 85//84 87//86 84//83 
f 83//82 85//84 82//81 
f 81//80 83//82 80//79 
f 79//78 81//80 78//77 
f 77//76 79//78 76//75 
f 75//74 77//76 74//73 
f 73//72 75//74 72//71 
f 71//70 73//72 70//69 
f 69//68 71//70 68//67 
f 67//66 69//68 66//65 
f 65//64 67//66 64//63 
f 63//62 65//64 62//61 
f 61//60 63//62 60//59 
f 59//58 61//60 58//57 
f 57//56 59//58 56//55 
f 55//54 57//56 54//53 
f 53//52 55//54 52//51 
f 51//50 53//52 50//49 
f 49//48 51//50 48//47 
f 47//46 49//48 46//45 
f 45//44 47//46 44//43 
f 43//42 45//44 42//41 
f 41//40 43//42 40//39 
f 39//38 41//40 38//37 
f 37//36 39//38 36//35 
f 35//34 37//36 34//33 
f 33//32 35//34 32//31 
f 31//30 33//32 30//29 
f 29//28 31//30 28//27 
f 27//26 29//28 26//25 
f 25//24 27//26 24//23 
f 23//22 25//24 22//21 
f 21//20 23//22 20//19 
f 19//18 21//20 18//17 
f 17//16 19//18 16//15 
f 15//14 17//16 14//13 
f 13//12 15//14 12//11 
f 11//10 13//12 10//9 
f 9//8 11//10 8//7 
f 7//6 9//8 6//5 
f 5//4 7//6 4//3 
f 3//2 5//4 1//1 
o mesh1
f 117//115 79//115 77//115 
f 118//115 81//115 79//115 
f 119//115 120//115 31//115 
f 120//115 121//115 33//115 
f 122//115 73//115 71//115 
f 122//115 123//115 75//115 
f 79//115 117//115 118//115 
f 124//115 83//115 81//115 
f 125//115 21//115 19//115 
f 125//115 126//115 23//115 
f 127//115 27//115 25//115 
f 127//115 119//115 29//115 
f 33//115 31//115 120//115 
f 121//115 128//115 35//115 
f 129//115 130//115 39//115 
f 130//115 131//115 41//115 
f 132//115 57//115 55//115 
f 132//115 133//115 59//115 
f 134//115 65//115 63//115 
f 134//115 135//115 67//115 
f 136//115 71//115 69//115 
f 75//115 73//115 122//115 
f 137//115 77//115 75//115 
f 81//115 118//115 124//115 
f 138//115 85//115 83//115 
f 138//115 139//115 87//115 
f 140//115 101//115 99//115 
f 140//115 141//115 103//115 
f 23//115 21//115 125//115 
f 126//115 142//115 25//115 
f 29//115 27//115 127//115 
f 35//115 33//115 121//115 
f 128//115 129//115 37//115 
f 41//115 39//115 130//115 
f 59//115 57//115 132//115 
f 133//115 143//115 61//115 
f 144//115 63//115 61//115 
f 67//115 65//115 134//115 
f 145//115 69//115 67//115 
f 71//115 136//115 122//115 
f 77//115 137//115 117//115 
f 87//115 85//115 138//115 
f 146//115 99//115 97//115 
f 103//115 101//115 140//115 
f 147//115 107//115 105//115 
f 148//115 109//115 107//115 
f 149//115 150//115 19//115 
f 25//115 23//115 126//115 
f 31//115 29//115 119//115 
f 39//115 37//115 129//115 
f 151//115 152//115 45//115 
f 152//115 153//115 47//115 
f 61//115 59//115 133//115 
f 63//115 144//115 134//115 
f 69//115 145//115 136//115 
f 83//115 124//115 138//115 
f 154//115 89//115 87//115 
f 155//115 91//115 89//115 
f 156//115 95//115 93//115 
f 157//115 97//115 95//115 
f 99//115 146//115 140//115 
f 158//115 105//115 103//115 
f 107//115 147//115 148//115 
f 148//115 159//115 111//115 
f 160//115 11//115 9//115 
f 160//115 161//115 13//115 
f 162//115 15//115 13//115 
f 162//115 149//115 17//115 
f 19//115 150//115 125//115 
f 37//115 35//115 128//115 
f 131//115 151//115 43//115 
f 47//115 45//115 152//115 
f 163//115 51//115 49//115 
f 163//115 164//115 53//115 
f 61//115 143//115 144//115 
f 75//115 123//115 137//115 
f 89//115 154//115 155//115 
f 155//115 165//115 93//115 
f 95//115 156//115 157//115 
f 103//115 141//115 158//115 
f 111//115 109//115 148//115 
f 159//115 166//115 113//115 
f 13//115 11//115 160//115 
f 17//115 15//115 162//115 
f 25//115 142//115 127//115 
f 45//115 43//115 151//115 
f 167//115 49//115 47//115 
f 53//115 51//115 163//115 
f 67//115 135//115 145//115 
f 93//115 91//115 155//115 
f 97//115 157//115 146//115 
f 113//115 111//115 159//115 
f 168//115 115//115 113//115 
f 168//115 169//115 116//115 
f 13//115 161//115 162//115 
f 43//115 41//115 131//115 
f 49//115 167//115 163//115 
f 164//115 170//115 55//115 
f 87//115 139//115 154//115 
f 105//115 158//115 147//115 
f 116//115 115//115 168//115 
f 169//115 171//115 3//115 
f 172//115 7//115 5//115 
f 172//115 173//115 9//115 
f 19//115 17//115 149//115 
f 55//115 53//115 164//115 
f 93//115 165//115 156//115 
f 3//115 116//115 169//115 
f 174//115 5//115 3//115 
f 9//115 7//115 172//115 
f 47//115 153//115 167//115 
f 113//115 166//115 168//115 
f 5//115 174//115 172//115 
f 55//115 170//115 132//115 
f 9//115 173//115 160//115 
f 3//115 171//115 174//115 
o mesh2
f 172//116 174//117 175//117 
f 173//118 172//116 176//119 
f 160//120 173//118 177//121 
f 161//122 160//120 178//123 
f 162//124 161//122 179//125 
f 161//122 180//126 179//125 
f 162//124 181//127 182//128 
f 182//128 149//129 162//124 
f 149//129 183//129 184//130 
f 184//130 150//131 149//129 
f 150//131 185//131 186//132 
f 186//132 125//133 150//131 
f 125//133 187//133 188//134 
f 188//134 126//135 125//133 
f 126//135 189//135 190//136 
f 190//136 142//137 126//135 
f 142//137 191//137 192//138 
f 192//138 127//139 142//137 
f 127//139 193//139 194//140 
f 194//140 119//141 127//139 
f 120//142 119//141 195//141 
f 195//141 196//143 120//142 
f 121//144 120//142 197//145 
f 197//145 198//146 121//144 
f 128//147 121//144 199//148 
f 129//149 128//147 200//150 
f 130//151 129//149 201//152 
f 201//152 202//153 130//151 
f 131//154 130//151 203//155 
f 151//156 131//154 204//157 
f 152//158 151//156 205//159 
f 153//160 152//158 206//161 
f 206//161 207//162 153//160 
f 167//163 153//160 208//164 
f 163//165 167//163 209//166 
f 164//167 163//165 210//168 
f 210//168 211//169 164//167 
f 170//170 164//167 212//171 
f 212//171 213//172 170//170 
f 132//173 170//170 214//174 
f 214//174 215//175 132//173 
f 133//176 132//173 216//177 
f 216//177 217//178 133//176 
f 143//179 133//176 218//180 
f 218//180 219//181 143//179 
f 143//179 220//182 221//183 
f 143//179 222//184 220//182 
f 144//183 223//185 224//186 
f 144//183 221//183 223//185 
f 134//186 225//187 226//188 
f 134//186 224//186 225//187 
f 135//188 227//189 228//190 
f 135//188 226//188 227//189 
f 145//190 229//191 230//192 
f 145//190 228//190 229//191 
f 136//192 230//192 231//193 
f 122//193 231//193 232//194 
f 123//194 233//195 234//196 
f 123//194 232//194 233//195 
f 137//196 234//196 235//197 
f 117//197 235//197 236//198 
f 118//198 236//198 237//199 
f 124//199 238//200 239//201 
f 124//199 237//199 238//200 
f 138//201 239//201 240//202 
f 139//202 240//202 241//203 
f 154//203 242//204 243//205 
f 154//203 241//203 242//204 
f 155//205 244//206 245//207 
f 155//205 243//205 244//206 
f 156//208 165//207 246//209 
f 165//207 245//207 246//209 
f 157//210 156//208 247//211 
f 156//208 248//212 247//211 
f 146//213 157//210 249//214 
f 157//210 250//215 249//214 
f 140//216 146//213 251//217 
f 146//213 252//218 251//217 
f 141//219 140//216 253//220 
f 140//216 254//221 253//220 
f 158//222 141//219 255//223 
f 141//219 256//224 255//223 
f 147//225 158//222 257//226 
f 158//222 258//227 257//226 
f 147//225 259//228 260//229 
f 260//229 148//230 147//225 
f 148//230 261//230 262//231 
f 159//231 262//231 263//232 
f 166//232 263//232 264//233 
f 168//233 264//233 265//234 
f 171//235 169//234 265//234 
f 265//234 169//234 168//233 
f 264//233 168//233 166//232 
f 263//232 166//232 159//231 
f 262//231 159//231 148//230 
f 260//229 261//230 148//230 
f 257//226 259//228 147//225 
f 255//223 258//227 158//222 
f 253//220 256//224 141//219 
f 251//217 254//221 140//216 
f 249//214 252//218 146//213 
f 247//211 250//215 157//210 
f 246//209 248//212 156//208 
f 245//207 165//207 155//205 
f 243//205 155//205 154//203 
f 241//203 154//203 139//202 
f 240//202 139//202 138//201 
f 239//201 138//201 124//199 
f 237//199 124//199 118//198 
f 236//198 118//198 117//197 
f 235//197 117//197 137//196 
f 234//196 137//196 123//194 
f 232//194 123//194 122//193 
f 231//193 122//193 136//192 
f 230//192 136//192 145//190 
f 228//190 145//190 135//188 
f 226//188 135//188 134//186 
f 224//186 134//186 144//183 
f 221//183 144//183 143//179 
f 219//181 222//184 143//179 
f 217//178 218//180 133//176 
f 215//175 216//177 132//173 
f 213//172 214//174 170//170 
f 211//169 212//171 164//167 
f 209//166 210//168 163//165 
f 208//164 209//166 167//163 
f 207//162 208//164 153//160 
f 205//159 206//161 152//158 
f 204//157 205//159 151//156 
f 203//155 204//157 131//154 
f 202//153 203//155 130//151 
f 200//150 201//152 129//149 
f 199//148 200//150 128//147 
f 198//146 199//148 121//144 
f 196//143 197//145 120//142 
f 194//140 195//141 119//141 
f 192//138 193//139 127//139 
f 190//136 191//137 142//137 
f 188//134 189//135 126//135 
f 186//132 187//133 125//133 
f 184//130 185//131 150//131 
f 182//128 183//129 149//129 
f 179//125 181//127 162//124 
f 178//123 180//126 161//122 
f 177//121 178//123 160//120 
f 176//119 177//121 173//118 
f 175//117 176//119 172//116 
f 175//117 174//117 171//235 
o mesh3
f 266//236 267//237 268//237 
f 269//238 266//236 270//239 
f 271//240 269//238 272//241 
f 273//242 271//240 274//243 
f 275//244 273//242 276//245 
f 277//246 275//244 278//247 
f 279//248 277//246 280//249 
f 281//250 279//248 282//251 
f 283//252 284//253 285//254 
f 283//252 286//255 284//253 
f 283//252 287//256 288//257 
f 283//252 289//258 287//256 
f 288//257 290//259 283//252 
f 283//252 291//260 292//261 
f 292//261 289//258 283//252 
f 290//259 286//255 283//252 
f 293//262 294//263 295//264 
f 293//262 296//265 297//266 
f 297//266 294//263 293//262 
f 293//262 298//267 296//265 
f 293//262 285//254 298//267 
f 299//268 300//269 301//270 
f 300//269 295//264 302//271 
f 302//271 301//270 300//269 
f 301//270 303//272 299//268 
f 304//273 305//274 306//275 
f 299//268 307//276 308//277 
f 308//277 304//273 299//268 
f 308//277 309//278 304//273 
f 309//278 305//274 304//273 
f 299//268 310//279 307//276 
f 311//280 312//281 313//282 
f 311//280 314//283 312//281 
f 311//280 315//284 316//285 
f 316//285 317//286 311//280 
f 317//286 318//287 311//280 
f 318//287 314//283 311//280 
f 311//280 304//273 319//288 
f 319//288 315//284 311//280 
f 320//289 321//290 322//291 
f 320//289 323//292 321//290 
f 320//289 324//293 323//292 
f 320//289 325//294 326//295 
f 320//289 327//296 328//297 
f 328//297 325//294 320//289 
f 320//289 311//280 329//298 
f 329//298 327//296 320//289 
f 326//295 330//299 320//289 
f 330//299 324//293 320//289 
f 331//300 258//301 255//302 
f 331//300 260//303 259//304 
f 331//300 261//305 260//303 
f 259//304 257//306 331//300 
f 257//306 258//301 331//300 
f 331//300 262//307 261//305 
f 331//300 171//308 265//309 
f 265//309 264//310 331//300 
f 264//310 263//311 331//300 
f 263//311 262//307 331//300 
f 332//312 250//313 247//314 
f 332//312 252//315 249//316 
f 332//312 254//317 251//318 
f 251//318 252//315 332//312 
f 332//312 253//319 254//317 
f 332//312 255//302 256//320 
f 256//320 253//319 332//312 
f 249//316 250//313 332//312 
f 333//321 334//322 244//323 
f 334//322 245//324 244//323 
f 334//322 246//325 245//324 
f 334//322 247//314 248//326 
f 248//326 246//325 334//322 
f 244//323 243//327 333//321 
f 335//328 240//329 239//330 
f 333//321 241//331 240//329 
f 240//329 335//328 333//321 
f 333//321 242//332 241//331 
f 336//333 237//334 236//335 
f 336//333 335//328 238//336 
f 238//336 237//334 336//333 
f 236//335 235//337 336//333 
f 235//337 234//338 336//333 
f 337//339 227//340 226//341 
f 337//339 230//342 229//343 
f 229//343 228//344 337//339 
f 228//344 227//340 337//339 
f 337//339 231//345 230//342 
f 337//339 336//333 233//346 
f 233//346 232//347 337//339 
f 232//347 231//345 337//339 
f 268//237 338//348 291//260 
f 268//237 339//349 340//350 
f 268//237 341//351 339//349 
f 268//237 342//352 341//351 
f 216//353 343//354 344//355 
f 216//353 345//356 343//354 
f 344//355 268//237 216//353 
f 344//355 346//357 268//237 
f 346//357 342//352 268//237 
f 345//356 216//353 215//358 
f 215//358 347//358 345//356 
f 340//350 338//348 268//237 
f 268//237 218//359 217//360 
f 268//237 219//361 218//359 
f 267//237 222//362 219//361 
f 219//361 268//237 267//237 
f 267//237 224//363 223//364 
f 223//364 221//365 267//237 
f 221//365 220//366 267//237 
f 220//366 222//362 267//237 
f 267//237 337//339 225//367 
f 225//367 224//363 267//237 
f 217//360 216//353 268//237 
f 215//358 348//368 349//369 
f 215//358 350//370 351//371 
f 351//371 352//372 215//358 
f 352//372 348//368 215//358 
f 215//358 353//373 350//370 
f 354//374 208//374 207//375 
f 354//374 209//376 208//374 
f 207//375 355//375 354//374 
f 353//373 212//377 211//378 
f 353//373 213//379 212//377 
f 211//378 210//380 353//373 
f 353//373 215//358 214//381 
f 214//381 213//379 353//373 
f 210//380 209//376 353//373 
f 354//374 353//373 209//376 
f 205//382 356//383 357//384 
f 356//383 203//383 202//385 
f 356//383 205//382 204//384 
f 204//384 203//383 356//383 
f 202//385 358//385 356//383 
f 359//386 206//387 205//382 
f 357//384 359//386 205//382 
f 359//386 360//387 206//387 
f 355//375 207//375 206//387 
f 202//385 361//388 362//389 
f 361//388 201//389 200//388 
f 361//388 202//385 201//389 
f 200//388 363//390 361//388 
f 364//391 363//390 199//390 
f 363//390 200//388 199//390 
f 199//390 198//391 364//391 
f 365//392 194//393 193//394 
f 196//395 365//392 366//396 
f 366//396 197//397 196//395 
f 196//395 195//396 365//392 
f 195//396 194//393 365//392 
f 192//398 367//398 368//399 
f 368//399 365//392 192//398 
f 364//391 198//391 197//397 
f 197//397 366//396 369//400 
f 369//400 370//401 197//397 
f 197//397 370//401 364//391 
f 371//402 186//403 185//404 
f 371//402 187//405 186//403 
f 371//402 191//406 190//407 
f 190//407 189//408 371//402 
f 189//408 188//409 371//402 
f 188//409 187//405 371//402 
f 372//410 367//398 192//398 
f 191//406 373//411 374//412 
f 191//406 375//413 376//414 
f 376//414 373//411 191//406 
f 191//406 377//415 375//413 
f 191//406 371//402 378//416 
f 378//416 377//415 191//406 
f 374//412 372//410 191//406 
f 192//398 191//406 372//410 
f 379//417 176//418 175//419 
f 379//417 177//420 176//418 
f 379//417 178//421 177//420 
f 380//422 181//423 179//424 
f 380//422 183//425 182//426 
f 182//426 181//423 380//422 
f 380//422 371//402 184//427 
f 184//427 183//425 380//422 
f 180//428 381//429 382//430 
f 180//428 383//431 381//429 
f 382//430 384//432 180//428 
f 384//432 380//422 180//428 
f 179//424 180//428 380//422 
f 178//421 379//417 383//431 
f 180//428 178//421 383//431 
f 171//308 385//433 386//434 
f 386//434 387//435 171//308 
f 387//435 388//436 171//308 
f 388//436 379//417 171//308 
f 175//419 171//308 379//417 
f 185//404 184//427 371//402 
f 193//394 192//398 365//392 
f 362//389 358//385 202//385 
f 360//387 355//375 206//387 
f 349//369 347//358 215//358 
f 291//260 283//252 268//237 
f 226//341 225//367 337//339 
f 234//338 233//346 336//333 
f 239//330 238//336 335//328 
f 243//327 242//332 333//321 
f 247//314 334//322 332//312 
f 255//302 332//312 331//300 
f 322//291 385//433 320//289 
f 313//282 329//298 311//280 
f 306//275 319//288 304//273 
f 303//272 310//279 299//268 
f 295//264 300//269 293//262 
f 285//254 293//262 283//252 
f 282//251 389//437 281//250 
f 280//249 282//251 279//248 
f 278//247 280//249 277//246 
f 276//245 278//247 275//244 
f 274//243 276//245 273//242 
f 272//241 274//243 271//240 
f 270//239 272//241 269//238 
f 268//237 270//239 266//236 
o mesh4
f 390//437 391//437 281//437 
f 281//437 389//437 390//437 
o mesh5
f 391//437 390//437 392//438 
f 393//438 392//438 394//439 
f 395//439 394//439 396//440 
f 397//440 396//440 398//441 
f 399//441 398//441 400//442 
f 401//442 400//442 402//443 
f 403//443 402//443 404//444 
f 405//444 404//444 406//445 
f 407//445 406//445 408//446 
f 409//446 408//446 410//447 
f 411//447 410//447 412//448 
f 413//448 412//448 414//449 
f 415//449 414//449 416//450 
f 417//450 416//450 418//451 
f 419//451 418//451 420//452 
f 420//452 421//452 419//451 
f 418//451 419//451 417//450 
f 416//450 417//450 415//449 
f 414//449 415//449 413//448 
f 412//448 413//448 411//447 
f 410//447 411//447 409//446 
f 408//446 409//446 407//445 
f 406//445 407//445 405//444 
f 404//444 405//444 403//443 
f 402//443 403//443 401//442 
f 400//442 401//442 399//441 
f 398//441 399//441 397//440 
f 396//440 397//440 395//439 
f 394//439 395//439 393//438 
f 392//438 393//438 391//437 
o mesh6
f 422//452 423//452 421//452 
f 421//452 420//452 422//452 
o mesh7
f 424//453 425//453 426//454 
f 427//454 426//454 428//455 
f 429//455 428//455 430//456 
f 431//456 430//456 432//457 
f 433//457 432//457 434//458 
f 435//458 434//458 436//459 
f 437//459 436//459 438//460 
f 439//460 438//460 440//461 
f 441//461 440//461 442//462 
f 443//462 442//462 444//463 
f 445//463 444//463 446//464 
f 447//464 446//464 448//465 
f 449//465 448//465 450//466 
f 451//466 450//466 452//467 
f 453//467 452//467 423//468 
f 423//468 422//468 453//467 
f 452//467 453//467 451//466 
f 450//466 451//466 449//465 
f 448//465 449//465 447//464 
f 446//464 447//464 445//463 
f 444//463 445//463 443//462 
f 442//462 443//462 441//461 
f 440//461 441//461 439//460 
f 438//460 439//460 437//459 
f 436//459 437//459 435//458 
f 434//458 435//458 433//457 
f 432//457 433//457 431//456 
f 430//456 431//456 429//455 
f 428//455 429//455 427//454 
f 426//454 427//454 424//453 
o mesh8
f 425//469 424//469 454//469 
f 454//469 455//469 425//469 
o mesh9
f 456//470 457//471 322//471 
f 458//472 456//470 321//473 
f 459//474 458//472 323//475 
f 460//476 459//474 324//477 
f 461//478 460//476 326//479 
f 460//476 330//480 326//479 
f 461//478 325//481 328//482 
f 328//482 462//483 461//478 
f 462//483 327//483 329//484 
f 329//484 463//485 462//483 
f 463//485 313//485 312//486 
f 312//486 464//487 463//485 
f 464//487 314//487 318//488 
f 318//488 465//489 464//487 
f 465//489 317//489 316//490 
f 316//490 466//491 465//489 
f 466//491 315//491 319//492 
f 319//492 467//493 466//491 
f 467//493 306//493 305//494 
f 305//494 468//495 467//493 
f 469//496 468//495 309//495 
f 309//495 308//497 469//496 
f 470//498 469//496 307//499 
f 307//499 310//500 470//498 
f 471//501 470//498 303//502 
f 472//503 471//501 301//504 
f 473//505 472//503 302//506 
f 302//506 295//507 473//505 
f 474//508 473//505 294//509 
f 475//510 474//508 297//511 
f 476//512 475//510 296//513 
f 477//514 476//512 298//515 
f 298//515 285//516 477//514 
f 478//517 477//514 284//518 
f 479//519 478//517 286//520 
f 480//521 479//519 290//522 
f 290//522 288//523 480//521 
f 481//524 480//521 287//525 
f 287//525 289//526 481//524 
f 482//527 481//524 292//528 
f 292//528 291//529 482//527 
f 483//530 482//527 338//531 
f 338//531 340//532 483//530 
f 484//533 483//530 339//534 
f 339//534 341//535 484//533 
f 484//533 346//536 344//537 
f 484//533 342//538 346//536 
f 485//537 343//539 345//540 
f 485//537 344//537 343//539 
f 486//540 347//541 349//542 
f 486//540 345//540 347//541 
f 487//542 348//543 352//544 
f 487//542 349//542 348//543 
f 488//544 351//545 350//546 
f 488//544 352//544 351//545 
f 489//546 350//546 353//547 
f 490//547 353//547 354//548 
f 491//548 355//549 360//550 
f 491//548 354//548 355//549 
f 492//550 360//550 359//551 
f 493//551 359//551 357//552 
f 494//552 357//552 356//553 
f 495//553 358//554 362//555 
f 495//553 356//553 358//554 
f 496//555 362//555 361//556 
f 497//556 361//556 363//557 
f 498//557 364//558 370//559 
f 498//557 363//557 364//558 
f 499//559 369//560 366//561 
f 499//559 370//559 369//560 
f 500//562 501//561 365//563 
f 501//561 366//561 365//563 
f 502//564 500//562 367//565 
f 500//562 368//566 367//565 
f 503//567 502//564 374//568 
f 502//564 372//569 374//568 
f 504//570 503//567 376//571 
f 503//567 373//572 376//571 
f 505//573 504//570 377//574 
f 504//570 375//575 377//574 
f 506//576 505//573 371//577 
f 505//573 378//578 371//577 
f 507//579 506//576 384//580 
f 506//576 380//581 384//580 
f 507//579 382//582 381//583 
f 381//583 508//584 507//579 
f 508//584 383//584 379//585 
f 509//585 379//585 388//586 
f 510//586 388//586 387//587 
f 511//587 387//587 386//588 
f 385//589 512//588 386//588 
f 386//588 512//588 511//587 
f 387//587 511//587 510//586 
f 388//586 510//586 509//585 
f 379//585 509//585 508//584 
f 381//583 383//584 508//584 
f 384//580 382//582 507//579 
f 371//577 380//581 506//576 
f 377//574 378//578 505//573 
f 376//571 375//575 504//570 
f 374//568 373//572 503//567 
f 367//565 372//569 502//564 
f 365//563 368//566 500//562 
f 366//561 501//561 499//559 
f 370//559 499//559 498//557 
f 363//557 498//557 497//556 
f 361//556 497//556 496//555 
f 362//555 496//555 495//553 
f 356//553 495//553 494//552 
f 357//552 494//552 493//551 
f 359//551 493//551 492//550 
f 360//550 492//550 491//548 
f 354//548 491//548 490//547 
f 353//547 490//547 489//546 
f 350//546 489//546 488//544 
f 352//544 488//544 487//542 
f 349//542 487//542 486//540 
f 345//540 486//540 485//537 
f 344//537 485//537 484//533 
f 341//535 342//538 484//533 
f 340//532 339//534 483//530 
f 291//529 338//531 482//527 
f 289//526 292//528 481//524 
f 288//523 287//525 480//521 
f 286//520 290//522 479//519 
f 284//518 286//520 478//517 
f 285//516 284//518 477//514 
f 296//513 298//515 476//512 
f 297//511 296//513 475//510 
f 294//509 297//511 474//508 
f 295//507 294//509 473//505 
f 301//504 302//506 472//503 
f 303//502 301//504 471//501 
f 310//500 303//502 470//498 
f 308//497 307//499 469//496 
f 305//494 309//495 468//495 
f 319//492 306//493 467//493 
f 316//490 315//491 466//491 
f 318//488 317//489 465//489 
f 312//486 314//487 464//487 
f 329//484 313//485 463//485 
f 328//482 327//483 462//483 
f 326//479 325//481 461//478 
f 324//477 330//480 460//476 
f 323//475 324//477 459//474 
f 321//473 323//475 458//472 
f 322//471 321//473 456//470 
f 322//471 457//471 385//589 
o mesh10
f 495//590 513//590 514//590 
f 495//590 496//590 515//590 
f 502//590 516//590 517//590 
f 502//590 503//590 518//590 
f 506//590 519//590 520//590 
f 507//590 521//590 519//590 
f 508//590 522//590 521//590 
f 508//590 509//590 523//590 
f 460//590 524//590 525//590 
f 460//590 461//590 526//590 
f 461//590 462//590 527//590 
f 462//590 463//590 528//590 
f 466//590 529//590 530//590 
f 466//590 467//590 531//590 
f 489//590 532//590 533//590 
f 489//590 490//590 534//590 
f 515//590 513//590 495//590 
f 496//590 497//590 535//590 
f 498//590 536//590 535//590 
f 499//590 537//590 536//590 
f 500//590 517//590 538//590 
f 518//590 516//590 502//590 
f 504//590 539//590 518//590 
f 504//590 505//590 520//590 
f 519//590 506//590 507//590 
f 523//590 522//590 508//590 
f 526//590 524//590 460//590 
f 528//590 527//590 462//590 
f 464//590 540//590 528//590 
f 464//590 465//590 530//590 
f 531//590 529//590 466//590 
f 467//590 468//590 541//590 
f 473//590 542//590 543//590 
f 473//590 474//590 544//590 
f 477//590 545//590 546//590 
f 477//590 478//590 547//590 
f 479//590 548//590 547//590 
f 479//590 480//590 549//590 
f 534//590 532//590 489//590 
f 491//590 550//590 534//590 
f 494//590 514//590 551//590 
f 535//590 515//590 496//590 
f 536//590 498//590 499//590 
f 499//590 501//590 538//590 
f 517//590 500//590 502//590 
f 520//590 539//590 504//590 
f 521//590 507//590 508//590 
f 509//590 510//590 552//590 
f 459//590 525//590 553//590 
f 527//590 526//590 461//590 
f 530//590 540//590 464//590 
f 541//590 531//590 467//590 
f 469//590 554//590 541//590 
f 469//590 470//590 555//590 
f 472//590 543//590 556//590 
f 544//590 542//590 473//590 
f 474//590 475//590 557//590 
f 475//590 476//590 546//590 
f 547//590 545//590 477//590 
f 549//590 548//590 479//590 
f 482//590 558//590 559//590 
f 482//590 483//590 560//590 
f 486//590 561//590 562//590 
f 486//590 487//590 563//590 
f 488//590 533//590 563//590 
f 534//590 490//590 491//590 
f 492//590 564//590 550//590 
f 492//590 493//590 551//590 
f 514//590 494//590 495//590 
f 538//590 537//590 499//590 
f 518//590 503//590 504//590 
f 552//590 523//590 509//590 
f 525//590 459//590 460//590 
f 530//590 465//590 466//590 
f 555//590 554//590 469//590 
f 470//590 471//590 556//590 
f 543//590 472//590 473//590 
f 546//590 557//590 475//590 
f 547//590 478//590 479//590 
f 480//590 481//590 559//590 
f 560//590 558//590 482//590 
f 483//590 484//590 565//590 
f 485//590 562//590 565//590 
f 563//590 561//590 486//590 
f 533//590 488//590 489//590 
f 551//590 564//590 492//590 
f 535//590 497//590 498//590 
f 520//590 505//590 506//590 
f 456//590 566//590 567//590 
f 456//590 458//590 553//590 
f 528//590 463//590 464//590 
f 556//590 555//590 470//590 
f 557//590 544//590 474//590 
f 559//590 549//590 480//590 
f 565//590 560//590 483//590 
f 562//590 485//590 486//590 
f 550//590 491//590 492//590 
f 538//590 501//590 500//590 
f 511//590 568//590 552//590 
f 511//590 512//590 569//590 
f 457//590 567//590 570//590 
f 553//590 566//590 456//590 
f 541//590 468//590 469//590 
f 546//590 476//590 477//590 
f 565//590 484//590 485//590 
f 551//590 493//590 494//590 
f 569//590 568//590 511//590 
f 512//590 385//590 570//590 
f 567//590 457//590 456//590 
f 556//590 471//590 472//590 
f 563//590 487//590 488//590 
f 570//590 569//590 512//590 
f 553//590 458//590 459//590 
f 552//590 510//590 511//590 
f 559//590 481//590 482//590 
f 570//590 385//590 457//590 
o mesh11
f 571//591 572//592 570//592 
f 573//593 571//591 567//594 
f 574//595 573//593 566//596 
f 575//597 574//595 553//598 
f 576//599 575//597 525//600 
f 577//601 576//599 524//602 
f 578//603 577//601 526//604 
f 579//605 578//603 527//606 
f 580//607 579//605 528//608 
f 581//609 580//607 540//610 
f 582//611 581//609 530//612 
f 583//613 582//611 529//614 
f 584//615 583//613 531//616 
f 585//617 584//615 541//618 
f 586//619 585//617 554//620 
f 587//621 586//619 555//622 
f 588//623 587//621 556//624 
f 589//625 588//623 543//626 
f 590//627 589//625 542//628 
f 591//629 590//627 544//630 
f 592//631 591//629 557//632 
f 593//633 592//631 546//634 
f 594//635 593//633 545//636 
f 595//637 594//635 547//638 
f 596//639 595//637 548//640 
f 597//641 596//639 549//642 
f 598//643 597//641 559//644 
f 599//645 598//643 558//646 
f 600//647 599//645 560//648 
f 601//649 600//647 565//650 
f 602//651 601//649 562//652 
f 603//653 602//651 561//654 
f 604//655 603//653 563//656 
f 605//657 604//655 533//658 
f 606//659 605//657 532//660 
f 607//661 606//659 534//662 
f 608//663 607//661 550//664 
f 609//665 608//663 564//666 
f 610//667 609//665 551//668 
f 611//669 610//667 514//670 
f 612//671 611//669 513//672 
f 613//673 612//671 515//674 
f 614//675 613//673 535//676 
f 615//677 614//675 536//678 
f 616//679 615//677 537//680 
f 617//681 616//679 538//682 
f 618//683 617//681 517//684 
f 619//685 618//683 516//686 
f 620//687 619//685 518//688 
f 621//689 620//687 539//690 
f 622//691 621//689 520//692 
f 623//693 622//691 519//694 
f 624//695 623//693 521//696 
f 625//697 624//695 522//698 
f 626//699 625//697 523//700 
f 627//701 626//699 552//702 
f 628//703 627//701 568//704 
f 572//592 628//703 569//703 
f 569//703 570//592 572//592 
f 568//704 569//703 628//703 
f 552//702 568//704 627//701 
f 523//700 552//702 626//699 
f 522//698 523//700 625//697 
f 521//696 522//698 624//695 
f 519//694 521//696 623//693 
f 520//692 519//694 622//691 
f 539//690 520//692 621//689 
f 518//688 539//690 620//687 
f 516//686 518//688 619//685 
f 517//684 516//686 618//683 
f 538//682 517//684 617//681 
f 537//680 538//682 616//679 
f 536//678 537//680 615//677 
f 535//676 536//678 614//675 
f 515//674 535//676 613//673 
f 513//672 515//674 612//671 
f 514//670 513//672 611//669 
f 551//668 514//670 610//667 
f 564//666 551//668 609//665 
f 550//664 564//666 608//663 
f 534//662 550//664 607//661 
f 532//660 534//662 606//659 
f 533//658 532//660 605//657 
f 563//656 533//658 604//655 
f 561//654 563//656 603//653 
f 562//652 561//654 602//651 
f 565//650 562//652 601//649 
f 560//648 565//650 600//647 
f 558//646 560//648 599//645 
f 559//644 558//646 598//643 
f 549//642 559//644 597//641 
f 548//640 549//642 596//639 
f 547//638 548//640 595//637 
f 545//636 547//638 594//635 
f 546//634 545//636 593//633 
f 557//632 546//634 592//631 
f 544//630 557//632 591//629 
f 542//628 544//630 590//627 
f 543//626 542//628 589//625 
f 556//624 543//626 588//623 
f 555//622 556//624 587//621 
f 554//620 555//622 586//619 
f 541//618 554//620 585//617 
f 531//616 541//618 584//615 
f 529//614 531//616 583//613 
f 530//612 529//614 582//611 
f 540//610 530//612 581//609 
f 528//608 540//610 580//607 
f 527//606 528//608 579//605 
f 526//604 527//606 578//603 
f 524//602 526//604 577//601 
f 525//600 524//602 576//599 
f 553//598 525//600 575//597 
f 566//596 553//598 574//595 
f 567//594 566//596 573//593 
f 570//592 567//594 571//591 
o mesh12
f 629//705 630//706 631//706 
f 632//707 629//705 633//708 
f 634//709 632//707 635//710 
f 636//711 634//709 637//712 
f 638//713 636//711 639//714 
f 640//715 638//713 641//716 
f 642//717 640//715 643//718 
f 454//719 642//717 644//720 
f 645//721 646//722 647//723 
f 645//721 648//724 646//722 
f 645//721 649//725 650//726 
f 645//721 651//727 649//725 
f 650//726 652//728 645//721 
f 645//721 653//729 654//730 
f 654//730 651//727 645//721 
f 652//728 648//724 645//721 
f 655//731 656//732 657//733 
f 655//731 658//734 659//735 
f 659//735 656//732 655//731 
f 655//731 660//736 658//734 
f 655//731 647//723 660//736 
f 661//737 662//738 663//739 
f 662//738 657//733 664//740 
f 664//740 663//739 662//738 
f 663//739 665//741 661//737 
f 666//742 667//743 668//744 
f 661//737 669//745 670//746 
f 670//746 666//742 661//737 
f 670//746 671//747 666//742 
f 671//747 667//743 666//742 
f 661//737 672//748 669//745 
f 673//749 674//750 675//751 
f 673//749 676//752 674//750 
f 673//749 677//753 678//754 
f 678//754 679//755 673//749 
f 679//755 680//756 673//749 
f 680//756 676//752 673//749 
f 673//749 666//742 681//757 
f 681//757 677//753 673//749 
f 682//758 683//759 684//760 
f 682//758 685//761 683//759 
f 682//758 686//762 685//761 
f 682//758 687//763 688//764 
f 682//758 689//765 690//766 
f 690//766 687//763 682//758 
f 682//758 673//749 691//767 
f 691//767 689//765 682//758 
f 688//764 692//768 682//758 
f 692//768 686//762 682//758 
f 693//769 694//770 695//771 
f 693//769 696//772 697//773 
f 693//769 698//774 696//772 
f 697//773 699//775 693//769 
f 699//775 694//770 693//769 
f 693//769 700//776 698//774 
f 693//769 701//777 702//778 
f 702//778 703//779 693//769 
f 703//779 704//780 693//769 
f 704//780 700//776 693//769 
f 705//781 706//782 707//783 
f 705//781 708//784 709//785 
f 705//781 710//786 711//787 
f 711//787 708//784 705//781 
f 705//781 712//788 710//786 
f 705//781 695//771 713//789 
f 713//789 712//788 705//781 
f 709//785 706//782 705//781 
f 714//790 715//791 716//792 
f 715//791 717//793 716//792 
f 715//791 718//794 717//793 
f 715//791 707//783 719//795 
f 719//795 718//794 715//791 
f 716//792 720//796 714//790 
f 721//797 722//798 723//799 
f 714//790 724//800 722//798 
f 722//798 721//797 714//790 
f 714//790 725//801 724//800 
f 726//802 727//803 728//804 
f 726//802 721//797 729//805 
f 729//805 727//803 726//802 
f 728//804 730//806 726//802 
f 730//806 731//807 726//802 
f 732//808 733//809 734//810 
f 732//808 735//811 736//812 
f 736//812 737//813 732//808 
f 737//813 733//809 732//808 
f 732//808 738//814 735//811 
f 732//808 726//802 739//815 
f 739//815 740//816 732//808 
f 740//816 738//814 732//808 
f 631//706 741//817 653//729 
f 631//706 742//818 743//819 
f 631//706 744//820 742//818 
f 631//706 745//821 744//820 
f 746//822 747//823 748//824 
f 746//822 749//825 747//823 
f 748//824 631//706 746//822 
f 748//824 750//826 631//706 
f 750//826 745//821 631//706 
f 746//822 751//827 752//827 
f 752//827 749//825 746//822 
f 743//819 741//817 631//706 
f 631//706 753//828 754//829 
f 631//706 755//830 753//828 
f 630//706 756//831 755//830 
f 755//830 631//706 630//706 
f 630//706 757//832 758//833 
f 758//833 759//834 630//706 
f 759//834 760//835 630//706 
f 760//835 756//831 630//706 
f 630//706 732//808 761//836 
f 761//836 757//832 630//706 
f 754//829 746//822 631//706 
f 751//827 762//837 763//838 
f 751//827 764//839 765//840 
f 765//840 766//841 751//827 
f 766//841 762//837 751//827 
f 751//827 767//842 764//839 
f 768//843 769//843 770//844 
f 768//843 771//845 769//843 
f 770//844 772//844 768//843 
f 767//842 773//846 774//847 
f 767//842 775//848 773//846 
f 774//847 776//849 767//842 
f 767//842 751//827 777//850 
f 777//850 775//848 767//842 
f 776//849 771//845 767//842 
f 768//843 767//842 771//845 
f 778//851 779//852 780//853 
f 779//852 781//852 782//854 
f 779//852 778//851 783//853 
f 783//853 781//852 779//852 
f 782//854 784//854 779//852 
f 785//855 786//856 778//851 
f 780//853 785//855 778//851 
f 785//855 787//856 786//856 
f 772//844 770//844 786//856 
f 782//854 788//857 789//858 
f 788//857 790//858 791//857 
f 788//857 782//854 790//858 
f 791//857 792//859 788//857 
f 793//860 792//859 794//859 
f 792//859 791//857 794//859 
f 794//859 795//860 793//860 
f 796//861 797//862 798//863 
f 799//864 796//861 800//865 
f 800//865 801//866 799//864 
f 799//864 802//865 796//861 
f 802//865 797//862 796//861 
f 803//867 804//867 805//868 
f 805//868 796//861 803//867 
f 795//860 801//866 806//869 
f 801//866 800//865 807//870 
f 807//870 806//869 801//866 
f 806//869 793//860 795//860 
f 808//871 809//872 810//873 
f 808//871 811//874 809//872 
f 808//871 812//875 813//876 
f 813//876 814//877 808//871 
f 814//877 815//878 808//871 
f 815//878 811//874 808//871 
f 816//879 804//867 803//867 
f 812//875 817//880 818//881 
f 812//875 819//882 820//883 
f 820//883 817//880 812//875 
f 812//875 821//884 819//882 
f 812//875 808//871 822//885 
f 822//885 821//884 812//875 
f 818//881 816//879 812//875 
f 803//867 812//875 816//879 
f 823//886 824//887 825//888 
f 823//886 826//889 824//887 
f 823//886 827//890 826//889 
f 828//891 829//892 830//893 
f 828//891 831//894 832//895 
f 832//895 829//892 828//891 
f 828//891 808//871 833//896 
f 833//896 831//894 828//891 
f 834//897 835//898 836//899 
f 834//897 837//900 835//898 
f 836//899 838//901 834//897 
f 838//901 828//891 834//897 
f 830//893 834//897 828//891 
f 827//890 823//886 837//900 
f 834//897 827//890 837//900 
f 701//777 839//902 840//903 
f 840//903 841//904 701//777 
f 841//904 842//905 701//777 
f 842//905 823//886 701//777 
f 825//888 701//777 823//886 
f 810//873 833//896 808//871 
f 798//863 803//867 796//861 
f 789//858 784//854 782//854 
f 787//856 772//844 786//856 
f 763//838 752//827 751//827 
f 653//729 645//721 631//706 
f 734//810 761//836 732//808 
f 731//807 739//815 726//802 
f 723//799 729//805 721//797 
f 720//796 725//801 714//790 
f 707//783 715//791 705//781 
f 695//771 705//781 693//769 
f 684//760 839//902 682//758 
f 675//751 691//767 673//749 
f 668//744 681//757 666//742 
f 665//741 672//748 661//737 
f 657//733 662//738 655//731 
f 647//723 655//731 645//721 
f 644//720 455//906 454//719 
f 643//718 644//720 642//717 
f 641//716 643//718 640//715 
f 639//714 641//716 638//713 
f 637//712 639//714 636//711 
f 635//710 637//712 634//709 
f 633//708 635//710 632//707 
f 631//706 633//708 629//705 
o mesh13
f 843//907 844//908 825//908 
f 845//909 843//907 824//910 
f 846//911 845//909 826//912 
f 847//913 846//911 827//914 
f 848//915 847//913 830//916 
f 847//913 834//917 830//916 
f 848//915 829//918 832//919 
f 832//919 849//920 848//915 
f 849//920 831//920 833//921 
f 833//921 850//922 849//920 
f 850//922 810//922 809//923 
f 809//923 851//924 850//922 
f 851//924 811//924 815//925 
f 815//925 852//926 851//924 
f 852//926 814//926 813//927 
f 813//927 853//928 852//926 
f 853//928 812//928 803//929 
f 803//929 854//930 853//928 
f 854//930 798//930 797//931 
f 797//931 855//932 854//930 
f 856//933 855//932 802//932 
f 802//932 799//934 856//933 
f 857//935 856//933 801//936 
f 801//936 795//937 857//935 
f 858//938 857//935 794//939 
f 859//940 858//938 791//941 
f 860//942 859//940 790//943 
f 790//943 782//944 860//942 
f 861//945 860//942 781//946 
f 862//947 861//945 783//948 
f 863//949 862//947 778//950 
f 864//951 863//949 786//952 
f 786//952 770//953 864//951 
f 865//954 864//951 769//955 
f 866//956 865//954 771//957 
f 867//958 866//956 776//959 
f 776//959 774//960 867//958 
f 868//961 867//958 773//962 
f 773//962 775//963 868//961 
f 869//964 868//961 777//965 
f 777//965 751//966 869//964 
f 870//967 869//964 746//968 
f 746//968 754//969 870//967 
f 871//970 870//967 753//971 
f 753//971 755//972 871//970 
f 871//970 760//973 759//974 
f 871//970 756//975 760//973 
f 872//974 758//976 757//977 
f 872//974 759//974 758//976 
f 873//977 761//978 734//979 
f 873//977 757//977 761//978 
f 874//979 733//980 737//981 
f 874//979 734//979 733//980 
f 875//981 736//982 735//983 
f 875//981 737//981 736//982 
f 876//983 735//983 738//984 
f 877//984 738//984 740//985 
f 878//985 739//986 731//987 
f 878//985 740//985 739//986 
f 879//987 731//987 730//988 
f 880//988 730//988 728//989 
f 881//989 728//989 727//990 
f 882//990 729//991 723//992 
f 882//990 727//990 729//991 
f 883//992 723//992 722//993 
f 884//993 722//993 724//994 
f 885//994 725//995 720//996 
f 885//994 724//994 725//995 
f 886//996 716//997 717//998 
f 886//996 720//996 716//997 
f 887//999 888//998 718//1000 
f 888//998 717//998 718//1000 
f 889//1001 887//999 707//1002 
f 887//999 719//1003 707//1002 
f 890//1004 889//1001 709//1005 
f 889//1001 706//1006 709//1005 
f 891//1007 890//1004 711//1008 
f 890//1004 708//1009 711//1008 
f 892//1010 891//1007 712//1011 
f 891//1007 710//1012 712//1011 
f 893//1013 892//1010 695//1014 
f 892//1010 713//1015 695//1014 
f 894//1016 893//1013 699//1017 
f 893//1013 694//1018 699//1017 
f 894//1016 697//1019 696//1020 
f 696//1020 895//1021 894//1016 
f 895//1021 698//1021 700//1022 
f 896//1022 700//1022 704//1023 
f 897//1023 704//1023 703//1024 
f 898//1024 703//1024 702//1025 
f 701//1026 899//1025 702//1025 
f 702//1025 899//1025 898//1024 
f 703//1024 898//1024 897//1023 
f 704//1023 897//1023 896//1022 
f 700//1022 896//1022 895//1021 
f 696//1020 698//1021 895//1021 
f 699//1017 697//1019 894//1016 
f 695//1014 694//1018 893//1013 
f 712//1011 713//1015 892//1010 
f 711//1008 710//1012 891//1007 
f 709//1005 708//1009 890//1004 
f 707//1002 706//1006 889//1001 
f 718//1000 719//1003 887//999 
f 717//998 888//998 886//996 
f 720//996 886//996 885//994 
f 724//994 885//994 884//993 
f 722//993 884//993 883//992 
f 723//992 883//992 882//990 
f 727//990 882//990 881//989 
f 728//989 881//989 880//988 
f 730//988 880//988 879//987 
f 731//987 879//987 878//985 
f 740//985 878//985 877//984 
f 738//984 877//984 876//983 
f 735//983 876//983 875//981 
f 737//981 875//981 874//979 
f 734//979 874//979 873//977 
f 757//977 873//977 872//974 
f 759//974 872//974 871//970 
f 755//972 756//975 871//970 
f 754//969 753//971 870//967 
f 751//966 746//968 869//964 
f 775//963 777//965 868//961 
f 774//960 773//962 867//958 
f 771//957 776//959 866//956 
f 769//955 771//957 865//954 
f 770//953 769//955 864//951 
f 778//950 786//952 863//949 
f 783//948 778//950 862//947 
f 781//946 783//948 861//945 
f 782//944 781//946 860//942 
f 791//941 790//943 859//940 
f 794//939 791//941 858//938 
f 795//937 794//939 857//935 
f 799//934 801//936 856//933 
f 797//931 802//932 855//932 
f 803//929 798//930 854//930 
f 813//927 812//928 853//928 
f 815//925 814//926 852//926 
f 809//923 811//924 851//924 
f 833//921 810//922 850//922 
f 832//919 831//920 849//920 
f 830//916 829//918 848//915 
f 827//914 834//917 847//913 
f 826//912 827//914 846//911 
f 824//910 826//912 845//909 
f 825//908 824//910 843//907 
f 825//908 844//908 701//1026 
o mesh14
f 853//1027 900//1027 901//1027 
f 853//1027 854//1027 902//1027 
f 860//1027 903//1027 904//1027 
f 860//1027 861//1027 905//1027 
f 864//1027 906//1027 907//1027 
f 865//1027 908//1027 906//1027 
f 866//1027 909//1027 908//1027 
f 866//1027 867//1027 910//1027 
f 876//1027 911//1027 912//1027 
f 876//1027 877//1027 913//1027 
f 877//1027 878//1027 914//1027 
f 878//1027 879//1027 915//1027 
f 882//1027 916//1027 917//1027 
f 882//1027 883//1027 918//1027 
f 847//1027 919//1027 920//1027 
f 847//1027 848//1027 921//1027 
f 902//1027 900//1027 853//1027 
f 854//1027 855//1027 922//1027 
f 856//1027 923//1027 922//1027 
f 857//1027 924//1027 923//1027 
f 859//1027 904//1027 925//1027 
f 905//1027 903//1027 860//1027 
f 862//1027 926//1027 905//1027 
f 862//1027 863//1027 907//1027 
f 906//1027 864//1027 865//1027 
f 910//1027 909//1027 866//1027 
f 913//1027 911//1027 876//1027 
f 915//1027 914//1027 878//1027 
f 880//1027 927//1027 915//1027 
f 880//1027 881//1027 917//1027 
f 918//1027 916//1027 882//1027 
f 883//1027 884//1027 928//1027 
f 889//1027 929//1027 930//1027 
f 889//1027 890//1027 931//1027 
f 893//1027 932//1027 933//1027 
f 893//1027 894//1027 934//1027 
f 895//1027 935//1027 934//1027 
f 895//1027 896//1027 936//1027 
f 921//1027 919//1027 847//1027 
f 849//1027 937//1027 921//1027 
f 852//1027 901//1027 938//1027 
f 922//1027 902//1027 854//1027 
f 923//1027 856//1027 857//1027 
f 857//1027 858//1027 925//1027 
f 904//1027 859//1027 860//1027 
f 907//1027 926//1027 862//1027 
f 908//1027 865//1027 866//1027 
f 867//1027 868//1027 939//1027 
f 875//1027 912//1027 940//1027 
f 914//1027 913//1027 877//1027 
f 917//1027 927//1027 880//1027 
f 928//1027 918//1027 883//1027 
f 885//1027 941//1027 928//1027 
f 885//1027 886//1027 942//1027 
f 887//1027 930//1027 943//1027 
f 931//1027 929//1027 889//1027 
f 890//1027 891//1027 944//1027 
f 891//1027 892//1027 933//1027 
f 934//1027 932//1027 893//1027 
f 936//1027 935//1027 895//1027 
f 898//1027 945//1027 946//1027 
f 898//1027 899//1027 947//1027 
f 843//1027 948//1027 949//1027 
f 843//1027 845//1027 950//1027 
f 846//1027 920//1027 950//1027 
f 921//1027 848//1027 849//1027 
f 850//1027 951//1027 937//1027 
f 850//1027 851//1027 938//1027 
f 901//1027 852//1027 853//1027 
f 925//1027 924//1027 857//1027 
f 905//1027 861//1027 862//1027 
f 939//1027 910//1027 867//1027 
f 912//1027 875//1027 876//1027 
f 917//1027 881//1027 882//1027 
f 942//1027 941//1027 885//1027 
f 886//1027 888//1027 943//1027 
f 930//1027 887//1027 889//1027 
f 933//1027 944//1027 891//1027 
f 934//1027 894//1027 895//1027 
f 896//1027 897//1027 946//1027 
f 947//1027 945//1027 898//1027 
f 899//1027 701//1027 952//1027 
f 844//1027 949//1027 952//1027 
f 950//1027 948//1027 843//1027 
f 920//1027 846//1027 847//1027 
f 938//1027 951//1027 850//1027 
f 922//1027 855//1027 856//1027 
f 907//1027 863//1027 864//1027 
f 873//1027 953//1027 954//1027 
f 873//1027 874//1027 940//1027 
f 915//1027 879//1027 880//1027 
f 943//1027 942//1027 886//1027 
f 944//1027 931//1027 890//1027 
f 946//1027 936//1027 896//1027 
f 952//1027 947//1027 899//1027 
f 949//1027 844//1027 843//1027 
f 937//1027 849//1027 850//1027 
f 925//1027 858//1027 859//1027 
f 869//1027 955//1027 939//1027 
f 869//1027 870//1027 956//1027 
f 872//1027 954//1027 957//1027 
f 940//1027 953//1027 873//1027 
f 928//1027 884//1027 885//1027 
f 933//1027 892//1027 893//1027 
f 952//1027 701//1027 844//1027 
f 938//1027 851//1027 852//1027 
f 956//1027 955//1027 869//1027 
f 870//1027 871//1027 957//1027 
f 954//1027 872//1027 873//1027 
f 943//1027 888//1027 887//1027 
f 950//1027 845//1027 846//1027 
f 957//1027 956//1027 870//1027 
f 940//1027 874//1027 875//1027 
f 939//1027 868//1027 869//1027 
f 946//1027 897//1027 898//1027 
f 957//1027 871//1027 872//1027 
o mesh15
f 958//1028 959//1029 957//1029 
f 960//1030 958//1028 954//1031 
f 961//1032 960//1030 953//1033 
f 962//1034 961//1032 940//1035 
f 963//1036 962//1034 912//1037 
f 964//1038 963//1036 911//1039 
f 965//1040 964//1038 913//1041 
f 966//1042 965//1040 914//1043 
f 967//1044 966//1042 915//1045 
f 968//1046 967//1044 927//1047 
f 969//1048 968//1046 917//1049 
f 970//1050 969//1048 916//1051 
f 971//1052 970//1050 918//1053 
f 972//1054 971//1052 928//1055 
f 973//1056 972//1054 941//1057 
f 974//1058 973//1056 942//1059 
f 975//1060 974//1058 943//1061 
f 976//1062 975//1060 930//1063 
f 977//1064 976//1062 929//1065 
f 978//1066 977//1064 931//1067 
f 979//1068 978//1066 944//1069 
f 980//1070 979//1068 933//1071 
f 981//1072 980//1070 932//1073 
f 982//1074 981//1072 934//1075 
f 983//1076 982//1074 935//1077 
f 984//1078 983//1076 936//1079 
f 985//1080 984//1078 946//1081 
f 986//1082 985//1080 945//1083 
f 987//1084 986//1082 947//1085 
f 988//1086 987//1084 952//1087 
f 989//1088 988//1086 949//1089 
f 990//1090 989//1088 948//1091 
f 991//1092 990//1090 950//1093 
f 992//1094 991//1092 920//1095 
f 993//1096 992//1094 919//1097 
f 994//1098 993//1096 921//1099 
f 995//1100 994//1098 937//1101 
f 996//1102 995//1100 951//1103 
f 997//1104 996//1102 938//1105 
f 998//1106 997//1104 901//1107 
f 999//1108 998//1106 900//1109 
f 1000//1110 999//1108 902//1111 
f 1001//1112 1000//1110 922//1113 
f 1002//1114 1001//1112 923//1115 
f 1003//1116 1002//1114 924//1117 
f 1004//1118 1003//1116 925//1119 
f 1005//1120 1004//1118 904//1121 
f 1006//1122 1005//1120 903//1123 
f 1007//1124 1006//1122 905//1125 
f 1008//1126 1007//1124 926//1127 
f 1009//1128 1008//1126 907//1129 
f 1010//1130 1009//1128 906//1131 
f 1011//1132 1010//1130 908//1133 
f 1012//1134 1011//1132 909//1135 
f 1013//1136 1012//1134 910//1137 
f 1014//1138 1013//1136 939//1139 
f 1015//1140 1014//1138 955//1141 
f 959//1029 1015//1140 956//1140 
f 956//1140 957//1029 959//1029 
f 955//1141 956//1140 1015//1140 
f 939//1139 955//1141 1014//1138 
f 910//1137 939//1139 1013//1136 
f 909//1135 910//1137 1012//1134 
f 908//1133 909//1135 1011//1132 
f 906//1131 908//1133 1010//1130 
f 907//1129 906//1131 1009//1128 
f 926//1127 907//1129 1008//1126 
f 905//1125 926//1127 1007//1124 
f 903//1123 905//1125 1006//1122 
f 904//1121 903//1123 1005//1120 
f 925//1119 904//1121 1004//1118 
f 924//1117 925//1119 1003//1116 
f 923//1115 924//1117 1002//1114 
f 922//1113 923//1115 1001//1112 
f 902//1111 922//1113 1000//1110 
f 900//1109 902//1111 999//1108 
f 901//1107 900//1109 998//1106 
f 938//1105 901//1107 997//1104 
f 951//1103 938//1105 996//1102 
f 937//1101 951//1103 995//1100 
f 921//1099 937//1101 994//1098 
f 919//1097 921//1099 993//1096 
f 920//1095 919//1097 992//1094 
f 950//1093 920//1095 991//1092 
f 948//1091 950//1093 990//1090 
f 949//1089 948//1091 989//1088 
f 952//1087 949//1089 988//1086 
f 947//1085 952//1087 987//1084 
f 945//1083 947//1085 986//1082 
f 946//1081 945//1083 985//1080 
f 936//1079 946//1081 984//1078 
f 935//1077 936//1079 983//1076 
f 934//1075 935//1077 982//1074 
f 932//1073 934//1075 981//1072 
f 933//1071 932//1073 980//1070 
f 944//1069 933//1071 979//1068 
f 931//1067 944//1069 978//1066 
f 929//1065 931//1067 977//1064 
f 930//1063 929//1065 976//1062 
f 943//1061 930//1063 975//1060 
f 942//1059 943//1061 974//1058 
f 941//1057 942//1059 973//1056 
f 928//1055 941//1057 972//1054 
f 918//1053 928//1055 971//1052 
f 916//1051 918//1053 970//1050 
f 917//1049 916//1051 969//1048 
f 927//1047 917//1049 968//1046 
f 915//1045 927//1047 967//1044 
f 914//1043 915//1045 966//1042 
f 913//1041 914//1043 965//1040 
f 911//1039 913//1041 964//1038 
f 912//1037 911//1039 963//1036 
f 940//1035 912//1037 962//1034 
f 953//1033 940//1035 961//1032 
f 954//1031 953//1033 960//1030 
f 957//1029 954//1031 958//1028 
o mesh16
f 1016//1142 1017//1143 684//1143 
f 1018//1144 1016//1142 683//1145 
f 1019//1146 1018//1144 685//1147 
f 1020//1148 1019//1146 686//1149 
f 1021//1150 1020//1148 688//1151 
f 1020//1148 692//1152 688//1151 
f 1021//1150 687//1153 690//1154 
f 690//1154 1022//1155 1021//1150 
f 1022//1155 689//1155 691//1156 
f 691//1156 1023//1157 1022//1155 
f 1023//1157 675//1157 674//1158 
f 674//1158 1024//1159 1023//1157 
f 1024//1159 676//1159 680//1160 
f 680//1160 1025//1161 1024//1159 
f 1025//1161 679//1161 678//1162 
f 678//1162 1026//1163 1025//1161 
f 1026//1163 677//1163 681//1164 
f 681//1164 1027//1165 1026//1163 
f 1027//1165 668//1165 667//1166 
f 667//1166 1028//1167 1027//1165 
f 1029//1168 1028//1167 671//1167 
f 671//1167 670//1169 1029//1168 
f 1030//1170 1029//1168 669//1171 
f 669//1171 672//1172 1030//1170 
f 1031//1173 1030//1170 665//1174 
f 1032//1175 1031//1173 663//1176 
f 1033//1177 1032//1175 664//1178 
f 664//1178 657//1179 1033//1177 
f 1034//1180 1033//1177 656//1181 
f 1035//1182 1034//1180 659//1183 
f 1036//1184 1035//1182 658//1185 
f 1037//1186 1036//1184 660//1187 
f 660//1187 647//1188 1037//1186 
f 1038//1189 1037//1186 646//1190 
f 1039//1191 1038//1189 648//1192 
f 1040//1193 1039//1191 652//1194 
f 652//1194 650//1195 1040//1193 
f 1041//1196 1040//1193 649//1197 
f 649//1197 651//1198 1041//1196 
f 1042//1199 1041//1196 654//1200 
f 654//1200 653//1201 1042//1199 
f 1043//1202 1042//1199 741//1203 
f 741//1203 743//1204 1043//1202 
f 1044//1205 1043//1202 742//1206 
f 742//1206 744//1207 1044//1205 
f 1044//1205 750//1208 748//1209 
f 1044//1205 745//1210 750//1208 
f 1045//1209 747//1211 749//1212 
f 1045//1209 748//1209 747//1211 
f 1046//1212 752//1213 763//1214 
f 1046//1212 749//1212 752//1213 
f 1047//1214 762//1215 766//1216 
f 1047//1214 763//1214 762//1215 
f 1048//1216 765//1217 764//1218 
f 1048//1216 766//1216 765//1217 
f 1049//1218 764//1218 767//1219 
f 1050//1219 767//1219 768//1220 
f 1051//1220 772//1221 787//1222 
f 1051//1220 768//1220 772//1221 
f 1052//1222 787//1222 785//1223 
f 1053//1223 785//1223 780//1224 
f 1054//1224 780//1224 779//1225 
f 1055//1225 784//1226 789//1227 
f 1055//1225 779//1225 784//1226 
f 1056//1227 789//1227 788//1228 
f 1057//1228 788//1228 792//1229 
f 1058//1229 793//1230 806//1231 
f 1058//1229 792//1229 793//1230 
f 1059//1231 807//1232 800//1233 
f 1059//1231 806//1231 807//1232 
f 1060//1234 1061//1233 796//1235 
f 1061//1233 800//1233 796//1235 
f 1062//1236 1060//1234 804//1237 
f 1060//1234 805//1238 804//1237 
f 1063//1239 1062//1236 818//1240 
f 1062//1236 816//1241 818//1240 
f 1064//1242 1063//1239 820//1243 
f 1063//1239 817//1244 820//1243 
f 1065//1245 1064//1242 821//1246 
f 1064//1242 819//1247 821//1246 
f 1066//1248 1065//1245 808//1249 
f 1065//1245 822//1250 808//1249 
f 1067//1251 1066//1248 838//1252 
f 1066//1248 828//1253 838//1252 
f 1067//1251 836//1254 835//1255 
f 835//1255 1068//1256 1067//1251 
f 1068//1256 837//1256 823//1257 
f 1069//1257 823//1257 842//1258 
f 1070//1258 842//1258 841//1259 
f 1071//1259 841//1259 840//1260 
f 839//1261 1072//1260 840//1260 
f 840//1260 1072//1260 1071//1259 
f 841//1259 1071//1259 1070//1258 
f 842//1258 1070//1258 1069//1257 
f 823//1257 1069//1257 1068//1256 
f 835//1255 837//1256 1068//1256 
f 838//1252 836//1254 1067//1251 
f 808//1249 828//1253 1066//1248 
f 821//1246 822//1250 1065//1245 
f 820//1243 819//1247 1064//1242 
f 818//1240 817//1244 1063//1239 
f 804//1237 816//1241 1062//1236 
f 796//1235 805//1238 1060//1234 
f 800//1233 1061//1233 1059//1231 
f 806//1231 1059//1231 1058//1229 
f 792//1229 1058//1229 1057//1228 
f 788//1228 1057//1228 1056//1227 
f 789//1227 1056//1227 1055//1225 
f 779//1225 1055//1225 1054//1224 
f 780//1224 1054//1224 1053//1223 
f 785//1223 1053//1223 1052//1222 
f 787//1222 1052//1222 1051//1220 
f 768//1220 1051//1220 1050//1219 
f 767//1219 1050//1219 1049//1218 
f 764//1218 1049//1218 1048//1216 
f 766//1216 1048//1216 1047//1214 
f 763//1214 1047//1214 1046//1212 
f 749//1212 1046//1212 1045//1209 
f 748//1209 1045//1209 1044//1205 
f 744//1207 745//1210 1044//1205 
f 743//1204 742//1206 1043//1202 
f 653//1201 741//1203 1042//1199 
f 651//1198 654//1200 1041//1196 
f 650//1195 649//1197 1040//1193 
f 648//1192 652//1194 1039//1191 
f 646//1190 648//1192 1038//1189 
f 647//1188 646//1190 1037//1186 
f 658//1185 660//1187 1036//1184 
f 659//1183 658//1185 1035//1182 
f 656//1181 659//1183 1034//1180 
f 657//1179 656//1181 1033//1177 
f 663//1176 664//1178 1032//1175 
f 665//1174 663//1176 1031//1173 
f 672//1172 665//1174 1030//1170 
f 670//1169 669//1171 1029//1168 
f 667//1166 671//1167 1028//1167 
f 681//1164 668//1165 1027//1165 
f 678//1162 677//1163 1026//1163 
f 680//1160 679//1161 1025//1161 
f 674//1158 676//1159 1024//1159 
f 691//1156 675//1157 1023//1157 
f 690//1154 689//1155 1022//1155 
f 688//1151 687//1153 1021//1150 
f 686//1149 692//1152 1020//1148 
f 685//1147 686//1149 1019//1146 
f 683//1145 685//1147 1018//1144 
f 684//1143 683//1145 1016//1142 
f 684//1143 1017//1143 839//1261 
o mesh17
f 1024//1262 1073//1262 1074//1262 
f 1025//1262 1075//1262 1073//1262 
f 1057//1262 1058//1262 1076//1262 
f 1058//1262 1059//1262 1077//1262 
f 1021//1262 1078//1262 1079//1262 
f 1021//1262 1022//1262 1080//1262 
f 1073//1262 1024//1262 1025//1262 
f 1026//1262 1081//1262 1075//1262 
f 1053//1262 1082//1262 1083//1262 
f 1053//1262 1054//1262 1084//1262 
f 1056//1262 1085//1262 1086//1262 
f 1056//1262 1057//1262 1087//1262 
f 1077//1262 1076//1262 1058//1262 
f 1059//1262 1061//1262 1088//1262 
f 1060//1262 1062//1262 1089//1262 
f 1062//1262 1063//1262 1090//1262 
f 1071//1262 1091//1262 1092//1262 
f 1071//1262 1072//1262 1093//1262 
f 1016//1262 1094//1262 1095//1262 
f 1016//1262 1018//1262 1096//1262 
f 1020//1262 1079//1262 1097//1262 
f 1080//1262 1078//1262 1021//1262 
f 1023//1262 1074//1262 1080//1262 
f 1075//1262 1025//1262 1026//1262 
f 1027//1262 1098//1262 1081//1262 
f 1027//1262 1028//1262 1099//1262 
f 1035//1262 1100//1262 1101//1262 
f 1035//1262 1036//1262 1102//1262 
f 1084//1262 1082//1262 1053//1262 
f 1054//1262 1055//1262 1086//1262 
f 1087//1262 1085//1262 1056//1262 
f 1088//1262 1077//1262 1059//1262 
f 1061//1262 1060//1262 1103//1262 
f 1090//1262 1089//1262 1062//1262 
f 1093//1262 1091//1262 1071//1262 
f 1072//1262 839//1262 1104//1262 
f 1017//1262 1095//1262 1104//1262 
f 1096//1262 1094//1262 1016//1262 
f 1019//1262 1097//1262 1096//1262 
f 1079//1262 1020//1262 1021//1262 
f 1074//1262 1023//1262 1024//1262 
f 1099//1262 1098//1262 1027//1262 
f 1034//1262 1101//1262 1105//1262 
f 1102//1262 1100//1262 1035//1262 
f 1038//1262 1106//1262 1107//1262 
f 1039//1262 1108//1262 1106//1262 
f 1051//1262 1052//1262 1083//1262 
f 1086//1262 1084//1262 1054//1262 
f 1076//1262 1087//1262 1057//1262 
f 1089//1262 1103//1262 1060//1262 
f 1064//1262 1065//1262 1109//1262 
f 1065//1262 1066//1262 1110//1262 
f 1104//1262 1093//1262 1072//1262 
f 1095//1262 1017//1262 1016//1262 
f 1097//1262 1019//1262 1020//1262 
f 1081//1262 1026//1262 1027//1262 
f 1029//1262 1111//1262 1099//1262 
f 1030//1262 1112//1262 1111//1262 
f 1032//1262 1113//1262 1114//1262 
f 1033//1262 1105//1262 1113//1262 
f 1101//1262 1034//1262 1035//1262 
f 1037//1262 1107//1262 1102//1262 
f 1106//1262 1038//1262 1039//1262 
f 1039//1262 1040//1262 1115//1262 
f 1048//1262 1116//1262 1117//1262 
f 1048//1262 1049//1262 1118//1262 
f 1050//1262 1119//1262 1118//1262 
f 1050//1262 1051//1262 1120//1262 
f 1083//1262 1052//1262 1053//1262 
f 1103//1262 1088//1262 1061//1262 
f 1063//1262 1064//1262 1121//1262 
f 1110//1262 1109//1262 1065//1262 
f 1068//1262 1122//1262 1123//1262 
f 1068//1262 1069//1262 1124//1262 
f 1104//1262 839//1262 1017//1262 
f 1080//1262 1022//1262 1023//1262 
f 1111//1262 1029//1262 1030//1262 
f 1030//1262 1031//1262 1114//1262 
f 1113//1262 1032//1262 1033//1262 
f 1102//1262 1036//1262 1037//1262 
f 1115//1262 1108//1262 1039//1262 
f 1040//1262 1041//1262 1125//1262 
f 1118//1262 1116//1262 1048//1262 
f 1120//1262 1119//1262 1050//1262 
f 1086//1262 1055//1262 1056//1262 
f 1109//1262 1121//1262 1064//1262 
f 1067//1262 1123//1262 1110//1262 
f 1124//1262 1122//1262 1068//1262 
f 1096//1262 1018//1262 1019//1262 
f 1114//1262 1112//1262 1030//1262 
f 1105//1262 1033//1262 1034//1262 
f 1125//1262 1115//1262 1040//1262 
f 1042//1262 1126//1262 1125//1262 
f 1042//1262 1043//1262 1127//1262 
f 1118//1262 1049//1262 1050//1262 
f 1121//1262 1090//1262 1063//1262 
f 1123//1262 1067//1262 1068//1262 
f 1069//1262 1070//1262 1092//1262 
f 1099//1262 1028//1262 1029//1262 
f 1107//1262 1037//1262 1038//1262 
f 1127//1262 1126//1262 1042//1262 
f 1043//1262 1044//1262 1128//1262 
f 1046//1262 1129//1262 1130//1262 
f 1046//1262 1047//1262 1117//1262 
f 1083//1262 1120//1262 1051//1262 
f 1092//1262 1124//1262 1069//1262 
f 1114//1262 1031//1262 1032//1262 
f 1128//1262 1127//1262 1043//1262 
f 1045//1262 1130//1262 1128//1262 
f 1117//1262 1129//1262 1046//1262 
f 1110//1262 1066//1262 1067//1262 
f 1125//1262 1041//1262 1042//1262 
f 1130//1262 1045//1262 1046//1262 
f 1092//1262 1070//1262 1071//1262 
f 1117//1262 1047//1262 1048//1262 
f 1128//1262 1044//1262 1045//1262 
o mesh18
f 1131//1263 1132//1264 1128//1264 
f 1133//1265 1131//1263 1130//1266 
f 1134//1267 1133//1265 1129//1268 
f 1135//1269 1134//1267 1117//1270 
f 1136//1271 1135//1269 1116//1272 
f 1137//1273 1136//1271 1118//1274 
f 1138//1275 1137//1273 1119//1276 
f 1139//1277 1138//1275 1120//1278 
f 1140//1279 1139//1277 1083//1280 
f 1141//1281 1140//1279 1082//1282 
f 1142//1283 1141//1281 1084//1284 
f 1143//1285 1142//1283 1086//1286 
f 1144//1287 1143//1285 1085//1288 
f 1145//1289 1144//1287 1087//1290 
f 1146//1291 1145//1289 1076//1292 
f 1147//1293 1146//1291 1077//1294 
f 1148//1295 1147//1293 1088//1296 
f 1149//1297 1148//1295 1103//1298 
f 1150//1299 1149//1297 1089//1300 
f 1151//1301 1150//1299 1090//1302 
f 1152//1303 1151//1301 1121//1304 
f 1153//1305 1152//1303 1109//1306 
f 1154//1307 1153//1305 1110//1308 
f 1155//1309 1154//1307 1123//1310 
f 1156//1311 1155//1309 1122//1312 
f 1157//1313 1156//1311 1124//1314 
f 1158//1315 1157//1313 1092//1316 
f 1159//1317 1158//1315 1091//1318 
f 1160//1319 1159//1317 1093//1320 
f 1161//1321 1160//1319 1104//1322 
f 1162//1323 1161//1321 1095//1324 
f 1163//1325 1162//1323 1094//1326 
f 1164//1327 1163//1325 1096//1328 
f 1165//1329 1164//1327 1097//1330 
f 1166//1331 1165//1329 1079//1332 
f 1167//1333 1166//1331 1078//1334 
f 1168//1335 1167//1333 1080//1336 
f 1169//1337 1168//1335 1074//1338 
f 1170//1339 1169//1337 1073//1340 
f 1171//1341 1170//1339 1075//1342 
f 1172//1343 1171//1341 1081//1344 
f 1173//1345 1172//1343 1098//1346 
f 1174//1347 1173//1345 1099//1348 
f 1175//1349 1174//1347 1111//1350 
f 1176//1351 1175//1349 1112//1352 
f 1177//1353 1176//1351 1114//1354 
f 1178//1355 1177//1353 1113//1356 
f 1179//1357 1178//1355 1105//1358 
f 1180//1359 1179//1357 1101//1360 
f 1181//1361 1180//1359 1100//1362 
f 1182//1363 1181//1361 1102//1364 
f 1183//1365 1182//1363 1107//1366 
f 1184//1367 1183//1365 1106//1368 
f 1185//1369 1184//1367 1108//1370 
f 1186//1371 1185//1369 1115//1372 
f 1187//1373 1186//1371 1125//1374 
f 1188//1375 1187//1373 1126//1376 
f 1132//1264 1188//1375 1127//1375 
f 1127//1375 1128//1264 1132//1264 
f 1126//1376 1127//1375 1188//1375 
f 1125//1374 1126//1376 1187//1373 
f 1115//1372 1125//1374 1186//1371 
f 1108//1370 1115//1372 1185//1369 
f 1106//1368 1108//1370 1184//1367 
f 1107//1366 1106//1368 1183//1365 
f 1102//1364 1107//1366 1182//1363 
f 1100//1362 1102//1364 1181//1361 
f 1101//1360 1100//1362 1180//1359 
f 1105//1358 1101//1360 1179//1357 
f 1113//1356 1105//1358 1178//1355 
f 1114//1354 1113//1356 1177//1353 
f 1112//1352 1114//1354 1176//1351 
f 1111//1350 1112//1352 1175//1349 
f 1099//1348 1111//1350 1174//1347 
f 1098//1346 1099//1348 1173//1345 
f 1081//1344 1098//1346 1172//1343 
f 1075//1342 1081//1344 1171//1341 
f 1073//1340 1075//1342 1170//1339 
f 1074//1338 1073//1340 1169//1337 
f 1080//1336 1074//1338 1168//1335 
f 1078//1334 1080//1336 1167//1333 
f 1079//1332 1078//1334 1166//1331 
f 1097//1330 1079//1332 1165//1329 
f 1096//1328 1097//1330 1164//1327 
f 1094//1326 1096//1328 1163//1325 
f 1095//1324 1094//1326 1162//1323 
f 1104//1322 1095//1324 1161//1321 
f 1093//1320 1104//1322 1160//1319 
f 1091//1318 1093//1320 1159//1317 
f 1092//1316 1091//1318 1158//1315 
f 1124//1314 1092//1316 1157//1313 
f 1122//1312 1124//1314 1156//1311 
f 1123//1310 1122//1312 1155//1309 
f 1110//1308 1123//1310 1154//1307 
f 1109//1306 1110//1308 1153//1305 
f 1121//1304 1109//1306 1152//1303 
f 1090//1302 1121//1304 1151//1301 
f 1089//1300 1090//1302 1150//1299 
f 1103//1298 1089//1300 1149//1297 
f 1088//1296 1103//1298 1148//1295 
f 1077//1294 1088//1296 1147//1293 
f 1076//1292 1077//1294 1146//1291 
f 1087//1290 1076//1292 1145//1289 
f 1085//1288 1087//1290 1144//1287 
f 1086//1286 1085//1288 1143//1285 
f 1084//1284 1086//1286 1142//1283 
f 1082//1282 1084//1284 1141//1281 
f 1083//1280 1082//1282 1140//1279 
f 1120//1278 1083//1280 1139//1277 
f 1119//1276 1120//1278 1138//1275 
f 1118//1274 1119//1276 1137//1273 
f 1116//1272 1118//1274 1136//1271 
f 1117//1270 1116//1272 1135//1269 
f 1129//1268 1117//1270 1134//1267 
f 1130//1266 1129//1268 1133//1265 
f 1128//1264 1130//1266 1131//1263 
o mesh19
f 1189//1377 1190//1377 1191//1377 
f 1189//1377 1192//1377 1193//1377 
f 1193//1377 1190//1377 1189//1377 
f 1194//1377 1195//1377 1196//1377 
f 1197//1377 1198//1377 1199//1377 
f 1197//1377 1194//1377 1200//1377 
f 1196//1377 1189//1377 1194//1377 
f 1194//1377 1197//1377 1201//1377 
f 1200//1377 1198//1377 1197//1377 
f 1201//1377 1195//1377 1194//1377 
f 839//1377 1202//1377 1203//1377 
f 839//1377 1204//1377 1205//1377 
f 839//1377 1206//1377 1207//1377 
f 1197//1377 1208//1377 1209//1377 
f 1191//1377 1194//1377 1189//1377 
f 1205//1377 1202//1377 839//1377 
f 839//1377 1210//1377 1206//1377 
f 839//1377 1211//1377 1212//1377 
f 839//1377 1213//1377 1214//1377 
f 839//1377 1215//1377 1216//1377 
f 1199//1377 1208//1377 1197//1377 
f 1203//1377 1217//1377 839//1377 
f 1212//1377 1210//1377 839//1377 
f 1216//1377 1213//1377 839//1377 
f 701//1377 1218//1377 1197//1377 
f 1207//1377 1204//1377 839//1377 
f 839//1377 1219//1377 1215//1377 
f 701//1377 693//1377 1218//1377 
f 1209//1377 1219//1377 839//1377 
f 1214//1377 1211//1377 839//1377 
f 839//1377 701//1377 1209//1377 
f 1217//1377 1220//1377 839//1377 
f 1220//1377 682//1377 839//1377 
f 1209//1377 701//1377 1197//1377 
o mesh20
f 1219//1378 1209//1378 1221//1378 
f 1221//1378 1222//1378 1219//1378 
o mesh21
f 1219//1378 1222//1378 1223//1379 
f 1215//1379 1223//1379 1224//1380 
f 1216//1380 1224//1380 1225//1381 
f 1213//1381 1225//1381 1226//1382 
f 1214//1382 1226//1382 1227//1383 
f 1211//1383 1227//1383 1228//1384 
f 1212//1384 1228//1384 1229//1385 
f 1210//1385 1229//1385 1230//1386 
f 1206//1386 1230//1386 1231//1387 
f 1207//1387 1231//1387 1232//1388 
f 1204//1388 1232//1388 1233//1389 
f 1205//1389 1233//1389 1234//1390 
f 1202//1390 1234//1390 1235//1391 
f 1203//1391 1235//1391 1236//1392 
f 1217//1392 1236//1392 1237//1393 
f 1237//1393 1220//1393 1217//1392 
f 1236//1392 1217//1392 1203//1391 
f 1235//1391 1203//1391 1202//1390 
f 1234//1390 1202//1390 1205//1389 
f 1233//1389 1205//1389 1204//1388 
f 1232//1388 1204//1388 1207//1387 
f 1231//1387 1207//1387 1206//1386 
f 1230//1386 1206//1386 1210//1385 
f 1229//1385 1210//1385 1212//1384 
f 1228//1384 1212//1384 1211//1383 
f 1227//1383 1211//1383 1214//1382 
f 1226//1382 1214//1382 1213//1381 
f 1225//1381 1213//1381 1216//1380 
f 1224//1380 1216//1380 1215//1379 
f 1223//1379 1215//1379 1219//1378 
o mesh22
f 1221//1394 1209//1394 1208//1395 
f 1238//1395 1208//1395 1199//1396 
f 1239//1396 1199//1396 1198//1397 
f 1240//1397 1198//1397 1200//1398 
f 1241//1398 1200//1398 1194//1399 
f 1242//1399 1194//1399 1191//1400 
f 1243//1400 1191//1400 1190//1401 
f 1244//1401 1190//1401 1193//1402 
f 1245//1402 1193//1402 1192//1403 
f 1246//1403 1192//1403 1189//1404 
f 1247//1404 1189//1404 1196//1405 
f 1248//1405 1196//1405 1195//1406 
f 1249//1406 1195//1406 1201//1407 
f 1250//1407 1201//1407 1197//1408 
f 1251//1408 1197//1408 1218//1409 
f 1218//1409 1252//1409 1251//1408 
f 1197//1408 1251//1408 1250//1407 
f 1201//1407 1250//1407 1249//1406 
f 1195//1406 1249//1406 1248//1405 
f 1196//1405 1248//1405 1247//1404 
f 1189//1404 1247//1404 1246//1403 
f 1192//1403 1246//1403 1245//1402 
f 1193//1402 1245//1402 1244//1401 
f 1190//1401 1244//1401 1243//1400 
f 1191//1400 1243//1400 1242//1399 
f 1194//1399 1242//1399 1241//1398 
f 1200//1398 1241//1398 1240//1397 
f 1198//1397 1240//1397 1239//1396 
f 1199//1396 1239//1396 1238//1395 
f 1208//1395 1238//1395 1221//1394 
o mesh23
f 980//1410 1245//1410 1246//1410 
f 614//1410 615//1410 28//1410 
f 980//1410 1240//1410 1241//1410 
f 980//1410 981//1410 1239//1410 
f 980//1410 1244//1410 1245//1410 
f 28//1410 30//1410 614//1410 
f 981//1410 982//1410 1221//1410 
f 1239//1410 1240//1410 980//1410 
f 980//1410 1247//1410 1248//1410 
f 980//1410 1243//1410 1244//1410 
f 979//1410 1249//1410 1250//1410 
f 613//1410 30//1410 32//1410 
f 30//1410 613//1410 614//1410 
f 1221//1410 1238//1410 981//1410 
f 1241//1410 1242//1410 980//1410 
f 1246//1410 1247//1410 980//1410 
f 979//1410 1251//1410 1252//1410 
f 979//1410 1248//1410 1249//1410 
f 1001//1410 1146//1410 1147//1410 
f 1145//1410 1146//1410 1001//1410 
f 615//1410 616//1410 28//1410 
f 1238//1410 1239//1410 981//1410 
f 1248//1410 979//1410 980//1410 
f 1250//1410 1251//1410 979//1410 
f 1252//1410 975//1410 976//1410 
f 1001//1410 1002//1410 1145//1410 
f 1002//1410 1143//1410 1144//1410 
f 1148//1410 997//1410 998//1410 
f 1148//1410 991//1410 992//1410 
f 46//1410 1177//1410 1178//1410 
f 616//1410 26//1410 28//1410 
f 1242//1410 1243//1410 980//1410 
f 1252//1410 977//1410 978//1410 
f 1252//1410 974//1410 975//1410 
f 1252//1410 968//1410 969//1410 
f 594//1410 966//1410 967//1410 
f 594//1410 963//1410 964//1410 
f 1144//1410 1145//1410 1002//1410 
f 998//1410 999//1410 1148//1410 
f 992//1410 993//1410 1148//1410 
f 1221//1410 990//1410 991//1410 
f 46//1410 1181//1410 1182//1410 
f 46//1410 1176//1410 1177//1410 
f 1175//1410 48//1410 50//1410 
f 616//1410 24//1410 26//1410 
f 982//1410 983//1410 1221//1410 
f 976//1410 977//1410 1252//1410 
f 1252//1410 972//1410 973//1410 
f 969//1410 970//1410 1252//1410 
f 967//1410 1252//1410 594//1410 
f 964//1410 965//1410 594//1410 
f 594//1410 961//1410 962//1410 
f 1013//1410 595//1410 596//1410 
f 579//1410 1253//1410 1254//1410 
f 578//1410 1255//1410 1256//1410 
f 577//1410 1257//1410 1258//1410 
f 1148//1410 1000//1410 1001//1410 
f 1148//1410 996//1410 997//1410 
f 1148//1410 994//1410 995//1410 
f 991//1410 1148//1410 1221//1410 
f 46//1410 1132//1410 1131//1410 
f 46//1410 1186//1410 1187//1410 
f 46//1410 1184//1410 1185//1410 
f 1182//1410 1183//1410 46//1410 
f 1178//1410 1179//1410 46//1410 
f 50//1410 52//1410 1175//1410 
f 20//1410 623//1410 624//1410 
f 20//1410 616//1410 617//1410 
f 34//1410 612//1410 613//1410 
f 616//1410 20//1410 22//1410 
f 34//1410 610//1410 611//1410 
f 102//1410 1259//1410 1260//1410 
f 1167//1410 1232//1410 1231//1410 
f 1252//1410 978//1410 979//1410 
f 1252//1410 971//1410 972//1410 
f 967//1410 968//1410 1252//1410 
f 962//1410 963//1410 594//1410 
f 596//1410 597//1410 1013//1410 
f 594//1410 958//1410 960//1410 
f 958//1410 594//1410 595//1410 
f 595//1410 1013//1410 1014//1410 
f 600//1410 1009//1410 1010//1410 
f 600//1410 1004//1410 1005//1410 
f 1252//1410 1261//1410 588//1410 
f 1254//1410 1262//1410 579//1410 
f 579//1410 580//1410 1261//1410 
f 579//1410 1263//1410 1264//1410 
f 579//1410 1265//1410 1266//1410 
f 578//1410 1267//1410 1268//1410 
f 578//1410 1269//1410 1255//1410 
f 577//1410 1268//1410 1257//1410 
f 1221//1410 1154//1410 1155//1410 
f 999//1410 1000//1410 1148//1410 
f 993//1410 994//1410 1148//1410 
f 1221//1410 988//1410 989//1410 
f 1131//1410 1133//1410 46//1410 
f 1187//1410 1188//1410 46//1410 
f 1183//1410 1184//1410 46//1410 
f 1179//1410 1180//1410 46//1410 
f 52//1410 54//1410 1175//1410 
f 20//1410 622//1410 623//1410 
f 20//1410 619//1410 620//1410 
f 617//1410 618//1410 20//1410 
f 22//1410 24//1410 616//1410 
f 34//1410 609//1410 610//1410 
f 34//1410 607//1410 608//1410 
f 34//1410 602//1410 603//1410 
f 104//1410 106//1410 1270//1410 
f 1260//1410 1271//1410 102//1410 
f 102//1410 104//1410 1272//1410 
f 100//1410 1273//1410 1274//1410 
f 100//1410 1275//1410 1276//1410 
f 1168//1410 1236//1410 1235//1410 
f 1231//1410 1230//1410 1167//1410 
f 1221//1410 984//1410 985//1410 
f 973//1410 974//1410 1252//1410 
f 965//1410 966//1410 594//1410 
f 597//1410 598//1410 1013//1410 
f 595//1410 959//1410 958//1410 
f 1014//1410 1015//1410 595//1410 
f 1010//1410 1011//1410 600//1410 
f 600//1410 1003//1410 1004//1410 
f 1252//1410 590//1410 591//1410 
f 588//1410 589//1410 1252//1410 
f 1261//1410 585//1410 586//1410 
f 1261//1410 582//1410 583//1410 
f 1261//1410 1253//1410 579//1410 
f 1277//1410 1269//1410 578//1410 
f 1266//1410 1263//1410 579//1410 
f 1256//1410 1267//1410 578//1410 
f 1258//1410 575//1410 576//1410 
f 1221//1410 1157//1410 1158//1410 
f 1221//1410 1153//1410 1154//1410 
f 1221//1410 1150//1410 1151//1410 
f 995//1410 996//1410 1148//1410 
f 1221//1410 987//1410 988//1410 
f 46//1410 1136//1410 1137//1410 
f 1188//1410 1132//1410 46//1410 
f 1180//1410 1181//1410 46//1410 
f 54//1410 56//1410 1175//1410 
f 48//1410 1175//1410 1176//1410 
f 20//1410 621//1410 622//1410 
f 618//1410 619//1410 20//1410 
f 611//1410 612//1410 34//1410 
f 34//1410 606//1410 607//1410 
f 34//1410 601//1410 602//1410 
f 1270//1410 1278//1410 104//1410 
f 1272//1410 1259//1410 102//1410 
f 1274//1410 1279//1410 100//1410 
f 100//1410 1280//1410 1281//1410 
f 100//1410 1282//1410 1275//1410 
f 60//1410 1237//1410 1175//1410 
f 1235//1410 1234//1410 1168//1410 
f 1168//1410 1169//1410 1237//1410 
f 1230//1410 1229//1410 1167//1410 
f 1167//1410 1168//1410 1233//1410 
f 1167//1410 1225//1410 1224//1410 
f 1167//1410 1227//1410 1226//1410 
f 985//1410 986//1410 1221//1410 
f 970//1410 971//1410 1252//1410 
f 598//1410 599//1410 1013//1410 
f 1015//1410 959//1410 595//1410 
f 1011//1410 1012//1410 600//1410 
f 600//1410 1007//1410 1008//1410 
f 1005//1410 1006//1410 600//1410 
f 1252//1410 592//1410 593//1410 
f 589//1410 590//1410 1252//1410 
f 1261//1410 584//1410 585//1410 
f 1261//1410 581//1410 582//1410 
f 1262//1410 1265//1410 579//1410 
f 1264//1410 1277//1410 579//1410 
f 1258//1410 576//1410 577//1410 
f 1158//1410 1222//1410 1221//1410 
f 1155//1410 1156//1410 1221//1410 
f 1151//1410 1152//1410 1221//1410 
f 1221//1410 1148//1410 1149//1410 
f 989//1410 990//1410 1221//1410 
f 1137//1410 1138//1410 46//1410 
f 46//1410 1134//1410 1135//1410 
f 1185//1410 1186//1410 46//1410 
f 1176//1410 46//1410 48//1410 
f 600//1410 42//1410 44//1410 
f 42//1410 600//1410 601//1410 
f 620//1410 621//1410 20//1410 
f 608//1410 609//1410 34//1410 
f 603//1410 604//1410 34//1410 
f 1271//1410 1283//1410 102//1410 
f 1279//1410 1284//1410 100//1410 
f 1273//1410 100//1410 102//1410 
f 1276//1410 1280//1410 100//1410 
f 1281//1410 90//1410 92//1410 
f 1237//1410 72//1410 74//1410 
f 1237//1410 1174//1410 1175//1410 
f 1237//1410 1236//1410 1168//1410 
f 1233//1410 1232//1410 1167//1410 
f 1226//1410 1225//1410 1167//1410 
f 1166//1410 1223//1410 1222//1410 
f 983//1410 984//1410 1221//1410 
f 960//1410 961//1410 594//1410 
f 1008//1410 1009//1410 600//1410 
f 600//1410 1002//1410 1003//1410 
f 591//1410 592//1410 1252//1410 
f 586//1410 587//1410 1261//1410 
f 580//1410 581//1410 1261//1410 
f 1268//1410 577//1410 578//1410 
f 1158//1410 1159//1410 1222//1410 
f 1152//1410 1153//1410 1221//1410 
f 1147//1410 1148//1410 1001//1410 
f 1002//1410 1141//1410 1142//1410 
f 1135//1410 1136//1410 46//1410 
f 56//1410 58//1410 1175//1410 
f 44//1410 1139//1410 600//1410 
f 601//1410 38//1410 40//1410 
f 32//1410 34//1410 613//1410 
f 604//1410 605//1410 34//1410 
f 1258//1410 8//1410 10//1410 
f 1278//1410 1272//1410 104//1410 
f 102//1410 1283//1410 1273//1410 
f 1281//1410 96//1410 98//1410 
f 92//1410 94//1410 1281//1410 
f 1281//1410 86//1410 88//1410 
f 1237//1410 78//1410 80//1410 
f 74//1410 76//1410 1237//1410 
f 1237//1410 68//1410 70//1410 
f 1237//1410 62//1410 64//1410 
f 1237//1410 1173//1410 1174//1410 
f 1237//1410 1170//1410 1171//1410 
f 1229//1410 1228//1410 1167//1410 
f 1167//1410 1228//1410 1227//1410 
f 1166//1410 1224//1410 1223//1410 
f 599//1410 600//1410 1013//1410 
f 1006//1410 1007//1410 600//1410 
f 587//1410 588//1410 1261//1410 
f 578//1410 579//1410 1277//1410 
f 1156//1410 1157//1410 1221//1410 
f 1142//1410 1143//1410 1002//1410 
f 600//1410 1139//1410 1140//1410 
f 1133//1410 1134//1410 46//1410 
f 601//1410 40//1410 42//1410 
f 20//1410 625//1410 626//1410 
f 605//1410 606//1410 34//1410 
f 10//1410 12//1410 1258//1410 
f 1284//1410 1282//1410 100//1410 
f 94//1410 96//1410 1281//1410 
f 1281//1410 84//1410 86//1410 
f 80//1410 1281//1410 1237//1410 
f 70//1410 72//1410 1237//1410 
f 64//1410 66//1410 1237//1410 
f 1175//1410 58//1410 60//1410 
f 1171//1410 1172//1410 1237//1410 
f 1234//1410 1233//1410 1168//1410 
f 1222//1410 1165//1410 1166//1410 
f 1222//1410 1163//1410 1164//1410 
f 1222//1410 1161//1410 1162//1410 
f 1012//1410 1013//1410 600//1410 
f 583//1410 584//1410 1261//1410 
f 1258//1410 571//1410 573//1410 
f 1258//1410 626//1410 627//1410 
f 1149//1410 1150//1410 1221//1410 
f 1140//1410 1002//1410 600//1410 
f 44//1410 46//1410 1139//1410 
f 601//1410 34//1410 36//1410 
f 624//1410 625//1410 20//1410 
f 1258//1410 16//1410 18//1410 
f 12//1410 14//1410 1258//1410 
f 1258//1410 1270//1410 4//1410 
f 1281//1410 98//1410 100//1410 
f 1281//1410 82//1410 84//1410 
f 76//1410 78//1410 1237//1410 
f 60//1410 62//1410 1237//1410 
f 1169//1410 1170//1410 1237//1410 
f 1164//1410 1165//1410 1222//1410 
f 1222//1410 1160//1410 1161//1410 
f 593//1410 594//1410 1252//1410 
f 1258//1410 572//1410 571//1410 
f 627//1410 628//1410 1258//1410 
f 1140//1410 1141//1410 1002//1410 
f 36//1410 38//1410 601//1410 
f 18//1410 20//1410 1258//1410 
f 1258//1410 6//1410 8//1410 
f 1270//1410 1//1410 4//1410 
f 1270//1410 110//1410 112//1410 
f 106//1410 108//1410 1270//1410 
f 80//1410 82//1410 1281//1410 
f 1172//1410 1173//1410 1237//1410 
f 1162//1410 1163//1410 1222//1410 
f 1258//1410 574//1410 575//1410 
f 628//1410 572//1410 1258//1410 
f 1138//1410 1139//1410 46//1410 
f 14//1410 16//1410 1258//1410 
f 1270//1410 2//1410 1//1410 
f 112//1410 114//1410 1270//1410 
f 88//1410 90//1410 1281//1410 
f 1224//1410 1166//1410 1167//1410 
f 573//1410 574//1410 1258//1410 
f 626//1410 1258//1410 20//1410 
f 114//1410 2//1410 1270//1410 
f 66//1410 68//1410 1237//1410 
f 1159//1410 1160//1410 1222//1410 
f 108//1410 110//1410 1270//1410 
f 4//1410 6//1410 1258//1410 
f 986//1410 987//1410 1221//1410 
o mesh24
f 171//1411 1285//1411 1286//1411 
f 171//1411 1287//1411 1288//1411 
f 1289//1411 1290//1411 1291//1411 
f 1289//1411 1292//1411 1293//1411 
f 1288//1411 1285//1411 171//1411 
f 171//1411 1294//1411 1295//1411 
f 1292//1411 1289//1411 1296//1411 
f 1293//1411 1290//1411 1289//1411 
f 1295//1411 1287//1411 171//1411 
f 171//1411 1297//1411 1298//1411 
f 171//1411 1299//1411 1300//1411 
f 171//1411 1301//1411 1302//1411 
f 1292//1411 1303//1411 1304//1411 
f 1291//1411 1305//1411 1289//1411 
f 1306//1411 1307//1411 1308//1411 
f 1306//1411 1309//1411 1310//1411 
f 1286//1411 1311//1411 171//1411 
f 1298//1411 1312//1411 171//1411 
f 1302//1411 1299//1411 171//1411 
f 1296//1411 1303//1411 1292//1411 
f 1310//1411 1307//1411 1306//1411 
f 1312//1411 1294//1411 171//1411 
f 171//1411 1313//1411 1301//1411 
f 1308//1411 1292//1411 1306//1411 
f 1300//1411 1297//1411 171//1411 
f 1304//1411 1306//1411 1292//1411 
f 1314//1411 385//1411 1315//1411 
f 171//1411 331//1411 1313//1411 
f 1316//1411 1315//1411 385//1411 
f 1315//1411 1309//1411 1314//1411 
f 385//1411 171//1411 1316//1411 
f 1306//1411 1314//1411 1309//1411 
f 1314//1411 320//1411 385//1411 
f 1311//1411 1316//1411 171//1411 
o mesh25
f 1315//1412 1316//1412 1270//1412 
f 1270//1412 1258//1412 1315//1412 
o mesh26
f 1315//1412 1258//1412 1257//1413 
f 1309//1413 1257//1413 1268//1414 
f 1310//1414 1268//1414 1267//1415 
f 1307//1415 1267//1415 1256//1416 
f 1308//1416 1256//1416 1255//1417 
f 1292//1417 1255//1417 1269//1418 
f 1293//1418 1269//1418 1277//1419 
f 1290//1419 1277//1419 1264//1420 
f 1291//1420 1264//1420 1263//1421 
f 1305//1421 1263//1421 1266//1422 
f 1289//1422 1266//1422 1265//1423 
f 1296//1423 1265//1423 1262//1424 
f 1303//1424 1262//1424 1254//1425 
f 1304//1425 1254//1425 1253//1426 
f 1306//1426 1253//1426 1261//1427 
f 1261//1427 1314//1427 1306//1426 
f 1253//1426 1306//1426 1304//1425 
f 1254//1425 1304//1425 1303//1424 
f 1262//1424 1303//1424 1296//1423 
f 1265//1423 1296//1423 1289//1422 
f 1266//1422 1289//1422 1305//1421 
f 1263//1421 1305//1421 1291//1420 
f 1264//1420 1291//1420 1290//1419 
f 1277//1419 1290//1419 1293//1418 
f 1269//1418 1293//1418 1292//1417 
f 1255//1417 1292//1417 1308//1416 
f 1256//1416 1308//1416 1307//1415 
f 1267//1415 1307//1415 1310//1414 
f 1268//1414 1310//1414 1309//1413 
f 1257//1413 1309//1413 1315//1412 
o mesh27
f 1270//1428 1316//1428 1311//1429 
f 1278//1429 1311//1429 1286//1430 
f 1272//1430 1286//1430 1285//1431 
f 1259//1431 1285//1431 1288//1432 
f 1260//1432 1288//1432 1287//1433 
f 1271//1433 1287//1433 1295//1434 
f 1283//1434 1295//1434 1294//1435 
f 1273//1435 1294//1435 1312//1436 
f 1274//1436 1312//1436 1298//1437 
f 1279//1437 1298//1437 1297//1438 
f 1284//1438 1297//1438 1300//1439 
f 1282//1439 1300//1439 1299//1440 
f 1275//1440 1299//1440 1302//1441 
f 1276//1441 1302//1441 1301//1442 
f 1280//1442 1301//1442 1313//1443 
f 1313//1443 1281//1443 1280//1442 
f 1301//1442 1280//1442 1276//1441 
f 1302//1441 1276//1441 1275//1440 
f 1299//1440 1275//1440 1282//1439 
f 1300//1439 1282//1439 1284//1438 
f 1297//1438 1284//1438 1279//1437 
f 1298//1437 1279//1437 1274//1436 
f 1312//1436 1274//1436 1273//1435 
f 1294//1435 1273//1435 1283//1434 
f 1295//1434 1283//1434 1271//1433 
f 1287//1433 1271//1433 1260//1432 
f 1288//1432 1260//1432 1259//1431 
f 1285//1431 1259//1431 1272//1430 
f 1286//1430 1272//1430 1278//1429 
f 1311//1429 1278//1429 1270//1428 
o mesh28
f 1317//1444 398//1444 396//1444 
f 1317//1444 400//1444 398//1444 
f 1317//1444 404//1444 402//1444 
f 1317//1444 394//1444 392//1444 
f 402//1444 400//1444 1317//1444 
f 1317//1444 410//1444 408//1444 
f 396//1444 394//1444 1317//1444 
f 408//1444 406//1444 1317//1444 
f 1318//1444 429//1444 431//1444 
f 1319//1444 283//1444 293//1444 
f 1317//1444 390//1444 389//1444 
f 406//1444 404//1444 1317//1444 
f 1318//1444 435//1444 437//1444 
f 431//1444 433//1444 1318//1444 
f 1319//1444 268//1444 283//1444 
f 1319//1444 272//1444 270//1444 
f 1319//1444 282//1444 280//1444 
f 392//1444 390//1444 1317//1444 
f 1318//1444 439//1444 441//1444 
f 433//1444 435//1444 1318//1444 
f 1318//1444 424//1444 427//1444 
f 1317//1444 420//1444 418//1444 
f 270//1444 268//1444 1319//1444 
f 1319//1444 276//1444 274//1444 
f 280//1444 278//1444 1319//1444 
f 389//1444 1319//1444 1317//1444 
f 441//1444 443//1444 1318//1444 
f 427//1444 429//1444 1318//1444 
f 1320//1444 721//1444 726//1444 
f 1317//1444 414//1444 412//1444 
f 418//1444 416//1444 1317//1444 
f 1318//1444 451//1444 453//1444 
f 1261//1444 1319//1444 299//1444 
f 274//1444 272//1444 1319//1444 
f 389//1444 282//1444 1319//1444 
f 437//1444 439//1444 1318//1444 
f 1318//1444 1320//1444 454//1444 
f 1320//1444 714//1444 721//1444 
f 416//1444 414//1444 1317//1444 
f 422//1444 420//1444 1317//1444 
f 1318//1444 449//1444 451//1444 
f 1318//1444 445//1444 447//1444 
f 1261//1444 311//1444 320//1444 
f 1319//1444 300//1444 299//1444 
f 278//1444 276//1444 1319//1444 
f 454//1444 424//1444 1318//1444 
f 1320//1444 630//1444 629//1444 
f 726//1444 732//1444 1320//1444 
f 1252//1444 715//1444 714//1444 
f 1317//1444 1318//1444 422//1444 
f 447//1444 449//1444 1318//1444 
f 1261//1444 304//1444 311//1444 
f 293//1444 300//1444 1319//1444 
f 1320//1444 642//1444 454//1444 
f 1320//1444 638//1444 640//1444 
f 1320//1444 634//1444 636//1444 
f 732//1444 630//1444 1320//1444 
f 1252//1444 705//1444 715//1444 
f 453//1444 422//1444 1318//1444 
f 299//1444 304//1444 1261//1444 
f 640//1444 642//1444 1320//1444 
f 1320//1444 632//1444 634//1444 
f 714//1444 1320//1444 1252//1444 
f 1252//1444 1218//1444 693//1444 
f 320//1444 1314//1444 1261//1444 
f 1261//1444 1252//1444 1320//1444 
f 636//1444 638//1444 1320//1444 
f 693//1444 705//1444 1252//1444 
f 1320//1444 1319//1444 1261//1444 
f 629//1444 632//1444 1320//1444 
f 443//1444 445//1444 1318//1444 
f 412//1444 410//1444 1317//1444 
o mesh29
f 1321//1443 432//1443 430//1443 
f 1321//1443 434//1443 432//1443 
f 1321//1443 438//1443 436//1443 
f 1321//1443 428//1443 426//1443 
f 436//1443 434//1443 1321//1443 
f 1321//1443 442//1443 440//1443 
f 1322//1443 395//1443 397//1443 
f 430//1443 428//1443 1321//1443 
f 1321//1443 444//1443 442//1443 
f 1322//1443 401//1443 403//1443 
f 397//1443 399//1443 1322//1443 
f 1321//1443 425//1443 455//1443 
f 440//1443 438//1443 1321//1443 
f 1322//1443 407//1443 409//1443 
f 399//1443 401//1443 1322//1443 
f 1322//1443 391//1443 393//1443 
f 1237//1443 1323//1443 661//1443 
f 1323//1443 645//1443 655//1443 
f 426//1443 425//1443 1321//1443 
f 1322//1443 405//1443 407//1443 
f 393//1443 395//1443 1322//1443 
f 1321//1443 423//1443 452//1443 
f 1237//1443 673//1443 682//1443 
f 661//1443 666//1443 1237//1443 
f 655//1443 662//1443 1323//1443 
f 455//1443 1323//1443 1321//1443 
f 403//1443 405//1443 1322//1443 
f 1322//1443 1324//1443 281//1443 
f 1324//1443 335//1443 336//1443 
f 1321//1443 448//1443 446//1443 
f 452//1443 450//1443 1321//1443 
f 1322//1443 417//1443 419//1443 
f 666//1443 673//1443 1237//1443 
f 1323//1443 631//1443 645//1443 
f 1323//1443 641//1443 639//1443 
f 455//1443 644//1443 1323//1443 
f 281//1443 391//1443 1322//1443 
f 1324//1443 275//1443 277//1443 
f 1324//1443 267//1443 266//1443 
f 336//1443 337//1443 1324//1443 
f 450//1443 448//1443 1321//1443 
f 421//1443 423//1443 1321//1443 
f 1322//1443 415//1443 417//1443 
f 1322//1443 411//1443 413//1443 
f 662//1443 661//1443 1323//1443 
f 1323//1443 635//1443 633//1443 
f 639//1443 637//1443 1323//1443 
f 644//1443 643//1443 1323//1443 
f 1324//1443 279//1443 281//1443 
f 1324//1443 273//1443 275//1443 
f 1324//1443 269//1443 271//1443 
f 337//1443 267//1443 1324//1443 
f 1321//1443 1322//1443 421//1443 
f 413//1443 415//1443 1322//1443 
f 633//1443 631//1443 1323//1443 
f 643//1443 641//1443 1323//1443 
f 277//1443 279//1443 1324//1443 
f 266//1443 269//1443 1324//1443 
f 1281//1443 334//1443 333//1443 
f 419//1443 421//1443 1322//1443 
f 637//1443 635//1443 1323//1443 
f 271//1443 273//1443 1324//1443 
f 333//1443 1324//1443 1281//1443 
f 1281//1443 1313//1443 331//1443 
f 682//1443 1220//1443 1237//1443 
f 1237//1443 1281//1443 1324//1443 
f 333//1443 335//1443 1324//1443 
f 331//1443 332//1443 1281//1443 
f 1324//1443 1323//1443 1237//1443 
f 332//1443 334//1443 1281//1443 
f 409//1443 411//1443 1322//1443 
f 446//1443 444//1443 1321//1443 
o mesh30
f 1317//1445 1322//1445 1321//1445 
f 1321//1445 1318//1445 1317//1445 
o mesh31
f 1318//1446 1321//1446 1323//1446 
f 1323//1446 1320//1446 1318//1446 
o mesh32
f 1320//1447 1323//1447 1324//1447 
f 1324//1447 1319//1447 1320//1447 
o mesh33
f 1319//1448 1324//1448 1322//1448 
f 1322//1448 1317//1448 1319//1448 
