# OBJ generated by ONSHAPE BY PTC INC, 1.217 Units = meters
mtllib ARCADA001 - ARCADP005.mtl
g ARCADP005
v -0.0419883 0.012 -0.0337838 
v -0.042 0.012 -0.034 
v -0.042 0.017 -0.034 
v -0.0419532 0.012 -0.0335701 
v -0.0419883 0.017 -0.0337838 
v -0.0418953 0.012 -0.0333614 
v -0.0419532 0.017 -0.0335701 
v -0.0418152 0.012 -0.0331602 
v -0.0418953 0.017 -0.0333614 
v -0.0417137 0.012 -0.0329689 
v -0.0418152 0.017 -0.0331602 
v -0.0415922 0.012 -0.0327897 
v -0.0417137 0.017 -0.0329689 
v -0.041452 0.012 -0.0326246 
v -0.0415922 0.017 -0.0327897 
v -0.0412948 0.012 -0.0324757 
v -0.041452 0.017 -0.0326246 
v -0.0411224 0.012 -0.0323446 
v -0.0412948 0.017 -0.0324757 
v -0.0409368 0.012 -0.032233 
v -0.0411224 0.017 -0.0323446 
v -0.0407403 0.012 -0.032142 
v -0.0409368 0.017 -0.032233 
v -0.0405351 0.012 -0.0320729 
v -0.0407403 0.017 -0.032142 
v -0.0403236 0.012 -0.0320263 
v -0.0405351 0.017 -0.0320729 
v -0.0401083 0.012 -0.0320029 
v -0.0403236 0.017 -0.0320263 
v -0.0398917 0.012 -0.0320029 
v -0.0401083 0.017 -0.0320029 
v -0.0396764 0.012 -0.0320263 
v -0.0398917 0.017 -0.0320029 
v -0.0394649 0.012 -0.0320729 
v -0.0396764 0.017 -0.0320263 
v -0.0392597 0.012 -0.032142 
v -0.0394649 0.017 -0.0320729 
v -0.0390632 0.012 -0.032233 
v -0.0392597 0.017 -0.032142 
v -0.0388776 0.012 -0.0323446 
v -0.0390632 0.017 -0.032233 
v -0.0387052 0.012 -0.0324757 
v -0.0388776 0.017 -0.0323446 
v -0.038548 0.012 -0.0326246 
v -0.0387052 0.017 -0.0324757 
v -0.0384078 0.012 -0.0327897 
v -0.038548 0.017 -0.0326246 
v -0.0382863 0.012 -0.0329689 
v -0.0384078 0.017 -0.0327897 
v -0.0381848 0.012 -0.0331602 
v -0.0382863 0.017 -0.0329689 
v -0.0381047 0.012 -0.0333614 
v -0.0381848 0.017 -0.0331602 
v -0.0380468 0.012 -0.0335701 
v -0.0381047 0.017 -0.0333614 
v -0.0380117 0.012 -0.0337838 
v -0.0380468 0.017 -0.0335701 
v -0.038 0.012 -0.034 
v -0.0380117 0.017 -0.0337838 
v -0.0380117 0.012 -0.0342162 
v -0.038 0.017 -0.034 
v -0.0380468 0.012 -0.0344299 
v -0.0380117 0.017 -0.0342162 
v -0.0381047 0.012 -0.0346386 
v -0.0380468 0.017 -0.0344299 
v -0.0381848 0.012 -0.0348398 
v -0.0381047 0.017 -0.0346386 
v -0.0382863 0.012 -0.0350311 
v -0.0381848 0.017 -0.0348398 
v -0.0384078 0.012 -0.0352103 
v -0.0382863 0.017 -0.0350311 
v -0.038548 0.012 -0.0353754 
v -0.0384078 0.017 -0.0352103 
v -0.0387052 0.012 -0.0355243 
v -0.038548 0.017 -0.0353754 
v -0.0388776 0.012 -0.0356554 
v -0.0387052 0.017 -0.0355243 
v -0.0390632 0.012 -0.035767 
v -0.0388776 0.017 -0.0356554 
v -0.0392597 0.012 -0.035858 
v -0.0390632 0.017 -0.035767 
v -0.0394649 0.012 -0.0359271 
v -0.0392597 0.017 -0.035858 
v -0.0396764 0.012 -0.0359737 
v -0.0394649 0.017 -0.0359271 
v -0.0398917 0.012 -0.0359971 
v -0.0396764 0.017 -0.0359737 
v -0.0401083 0.012 -0.0359971 
v -0.0398917 0.017 -0.0359971 
v -0.0403236 0.012 -0.0359737 
v -0.0401083 0.017 -0.0359971 
v -0.0405351 0.012 -0.0359271 
v -0.0403236 0.017 -0.0359737 
v -0.0407403 0.012 -0.035858 
v -0.0405351 0.017 -0.0359271 
v -0.0409368 0.012 -0.035767 
v -0.0407403 0.017 -0.035858 
v -0.0411224 0.012 -0.0356554 
v -0.0409368 0.017 -0.035767 
v -0.0412948 0.012 -0.0355243 
v -0.0411224 0.017 -0.0356554 
v -0.041452 0.012 -0.0353754 
v -0.0412948 0.017 -0.0355243 
v -0.0415922 0.012 -0.0352103 
v -0.041452 0.017 -0.0353754 
v -0.0417137 0.012 -0.0350311 
v -0.0415922 0.017 -0.0352103 
v -0.0418152 0.012 -0.0348398 
v -0.0417137 0.017 -0.0350311 
v -0.0418953 0.012 -0.0346386 
v -0.0418152 0.017 -0.0348398 
v -0.0419532 0.012 -0.0344299 
v -0.0418953 0.017 -0.0346386 
v -0.0419883 0.012 -0.0342162 
v -0.0419532 0.017 -0.0344299 
v -0.0419883 0.017 -0.0342162 
v -0.048 0.017 0.037 
v -0.02 0.017 0.037 
v 0.02 0.017 0.037 
v -0.0398917 0.017 0.0320029 
v -0.0396764 0.017 0.0320263 
v -0.0401083 0.017 0.0320029 
v -0.0382863 0.017 0.0329689 
v -0.0381848 0.017 0.0331602 
v -0.0403236 0.017 0.0320263 
v -0.038548 0.017 0.0326246 
v -0.0384078 0.017 0.0327897 
v -0.0394649 0.017 0.0320729 
v -0.0392597 0.017 0.032142 
v -0.0418152 0.017 0.0331602 
v -0.0382863 0.017 0.0350311 
v -0.0384078 0.017 0.0352103 
v -0.0381047 0.017 0.0346386 
v -0.0381848 0.017 0.0348398 
v -0.038 0.017 0.034 
v -0.0380117 0.017 0.0342162 
v -0.0380468 0.017 0.0335701 
v -0.0380117 0.017 0.0337838 
v -0.0388776 0.017 0.0323446 
v -0.0387052 0.017 0.0324757 
v -0.0390632 0.017 0.032233 
v -0.0405351 0.017 0.0320729 
v -0.0409368 0.017 0.032233 
v -0.0407403 0.017 0.032142 
v -0.0417137 0.017 0.0329689 
v -0.0415922 0.017 0.0327897 
v -0.0418953 0.017 0.0333614 
v -0.0390632 0.017 0.035767 
v -0.0392597 0.017 0.035858 
v -0.0380468 0.017 0.0344299 
v -0.0381047 0.017 0.0333614 
v -0.0411224 0.017 0.0323446 
v -0.041452 0.017 0.0326246 
v -0.0412948 0.017 0.0324757 
v -0.042 0.017 0.034 
v -0.0419883 0.017 0.0337838 
v -0.0417137 0.017 0.0350311 
v -0.0418152 0.017 0.0348398 
v -0.041452 0.017 0.0353754 
v -0.0415922 0.017 0.0352103 
v -0.0398917 0.017 0.0359971 
v -0.0394649 0.017 0.0359271 
v -0.0396764 0.017 0.0359737 
v -0.0388776 0.017 0.0356554 
v -0.038548 0.017 0.0353754 
v -0.0387052 0.017 0.0355243 
v -0.0419532 0.017 0.0335701 
v -0.0419532 0.017 0.0344299 
v -0.0419883 0.017 0.0342162 
v -0.0411224 0.017 0.0356554 
v -0.0412948 0.017 0.0355243 
v -0.0405351 0.017 0.0359271 
v -0.0407403 0.017 0.035858 
v -0.0401083 0.017 0.0359971 
v -0.0418953 0.017 0.0346386 
v -0.0409368 0.017 0.035767 
v -0.0403236 0.017 0.0359737 
v -0.054 0.017 -0.034 
v -0.054 0.017 1.2326e-32 
v 0.00189531 0.017 -0.0346386 
v 0.00195324 0.017 -0.0344299 
v 0.00171371 0.017 -0.0350311 
v 0.00181515 0.017 -0.0348398 
v 0.00145199 0.017 -0.0353754 
v 0.00159219 0.017 -0.0352103 
v 0.000535057 0.017 -0.0359271 
v 0.000740276 0.017 -0.035858 
v -0.02 0.017 -0.037 
v -0.00189531 0.017 -0.0346386 
v -0.00181515 0.017 -0.0348398 
v 0.00198828 0.017 -0.0342162 
v 0.00112237 0.017 -0.0356554 
v 0.00129477 0.017 -0.0355243 
v 0.000936817 0.017 -0.035767 
v -0.000936817 0.017 -0.035767 
v -0.000740276 0.017 -0.035858 
v -0.00171371 0.017 -0.0350311 
v -0.00159219 0.017 -0.0352103 
v -0.00195324 0.017 -0.0344299 
v -0.002 0.017 -0.034 
v -0.00198828 0.017 -0.0342162 
v -0.000323564 0.017 -0.0359737 
v -0.000108278 0.017 -0.0359971 
v -0.00112237 0.017 -0.0356554 
v -0.00145199 0.017 -0.0353754 
v -0.00129477 0.017 -0.0355243 
v 0.02 0.017 -0.037 
v 0.000323564 0.017 -0.0359737 
v 0.000108278 0.017 -0.0359971 
v -0.000535057 0.017 -0.0359271 
v -0.048 0.017 -0.037 
v 0.05425 0.017 0.036799 
v 0.0545037 0.017 0.0366147 
v 0.0546147 0.017 0.0365037 
v 0.0546177 0.017 0.0365 
v 0.0538119 0.017 0.0369672 
v 0.0539635 0.017 0.0369266 
v 0.0543817 0.017 0.0367135 
v 0.0541101 0.017 0.0368703 
v 0.0535 0.017 0.037 
v 0.0536568 0.017 0.0369918 
v 0.0415922 0.017 0.0327897 
v 0.0539635 0.017 0.0240734 
v 0.0538119 0.017 0.0240328 
v 0.0536568 0.017 0.0240082 
v 0.05425 0.017 0.024201 
v 0.0541101 0.017 0.0241297 
v 0.0545037 0.017 0.0243853 
v 0.0543817 0.017 0.0242865 
v 0.054799 0.017 0.02475 
v 0.0547135 0.017 0.0246183 
v 0.0405351 0.017 0.0320729 
v 0.0407403 0.017 0.032142 
v 0.0435365 0.017 0.0239266 
v 0.0403236 0.017 0.0320263 
v 0.0426297 0.017 0.0231101 
v 0.0425734 0.017 0.0229635 
v 0.0427865 0.017 0.0233817 
v 0.042701 0.017 0.02325 
v 0.0428853 0.017 0.0235037 
v 0.0419883 0.017 0.0342162 
v 0.0419532 0.017 0.0344299 
v 0.0417137 0.017 0.0329689 
v 0.0418152 0.017 0.0331602 
v 0.055 0.017 0.0255 
v 0.0546147 0.017 0.0244963 
v 0.0549266 0.017 0.0250365 
v 0.0431183 0.017 0.0237135 
v 0.0429963 0.017 0.0236147 
v 0.0433899 0.017 0.0238703 
v 0.04325 0.017 0.023799 
v 0.0436881 0.017 0.0239672 
v 0.044 0.017 0.024 
v 0.0438432 0.017 0.0239918 
v 0.0425328 0.017 0.0228119 
v 0.054799 0.017 0.03625 
v 0.0548703 0.017 0.0361101 
v 0.0547135 0.017 0.0363817 
v 0.0549918 0.017 0.0253432 
v 0.0548703 0.017 0.0248899 
v 0.0425082 0.017 0.0226568 
v 0.0425 0.017 0.0225 
v 0.0425 0.017 0.01615 
v 0.0398917 0.017 0.0320029 
v 0.0401083 0.017 0.0320029 
v 0.0549266 0.017 0.0359635 
v 0.0549672 0.017 0.0358119 
v 0.0549672 0.017 0.0251881 
v 0.0396764 0.017 0.0320263 
v 0.0549918 0.017 0.0356568 
v 0.055 0.017 0.0355 
v 0.0419532 0.017 0.0335701 
v 0.0535 0.017 0.024 
v 0.041452 0.017 0.0326246 
v 0.0412948 0.017 0.0324757 
v 0.02 0.017 0.01615 
v 0.0392597 0.017 0.032142 
v 0.0417137 0.017 0.0350311 
v 0.0415922 0.017 0.0352103 
v 0.0418953 0.017 0.0346386 
v 0.0418152 0.017 0.0348398 
v 0.042 0.017 0.034 
v 0.0419883 0.017 0.0337838 
v 0.0411224 0.017 0.0323446 
v 0.0409368 0.017 0.032233 
v 0.0394649 0.017 0.0320729 
v 0.0390632 0.017 0.032233 
v 0.0382863 0.017 0.0329689 
v 0.0384078 0.017 0.0327897 
v 0.0381047 0.017 0.0333614 
v 0.0381848 0.017 0.0331602 
v 0.0409368 0.017 0.035767 
v 0.0407403 0.017 0.035858 
v 0.0418953 0.017 0.0333614 
v 0.0388776 0.017 0.0323446 
v 0.038548 0.017 0.0326246 
v 0.0387052 0.017 0.0324757 
v 0.0380468 0.017 0.0335701 
v 0.038 0.017 0.034 
v 0.0380117 0.017 0.0337838 
v 0.0382863 0.017 0.0350311 
v 0.0381848 0.017 0.0348398 
v 0.038548 0.017 0.0353754 
v 0.0384078 0.017 0.0352103 
v 0.0401083 0.017 0.0359971 
v 0.0398917 0.017 0.0359971 
v 0.0405351 0.017 0.0359271 
v 0.0403236 0.017 0.0359737 
v 0.0411224 0.017 0.0356554 
v 0.041452 0.017 0.0353754 
v 0.0412948 0.017 0.0355243 
v 0.0380468 0.017 0.0344299 
v 0.0380117 0.017 0.0342162 
v 0.0388776 0.017 0.0356554 
v 0.0387052 0.017 0.0355243 
v 0.0394649 0.017 0.0359271 
v 0.0392597 0.017 0.035858 
v 0.0381047 0.017 0.0346386 
v 0.0390632 0.017 0.035767 
v 0.0396764 0.017 0.0359737 
v 0.02 0.017 0.00565 
v 0.02 0.017 0.01535 
v 0.0425 0.017 0.01535 
v 0.00189531 0.017 0.0346386 
v 0.00181515 0.017 0.0348398 
v 0.00189531 0.017 0.0333614 
v 0.00195324 0.017 0.0344299 
v 0.00195324 0.017 0.0335701 
v -0.00181515 0.017 0.0331602 
v -0.002 0.017 0.034 
v -0.00198828 0.017 0.0337838 
v 0.00171371 0.017 0.0350311 
v 0.002 0.017 0.034 
v 0.00198828 0.017 0.0342162 
v 0.00198828 0.017 0.0337838 
v -0.00189531 0.017 0.0333614 
v -0.00198828 0.017 0.0342162 
v 0.000936817 0.017 0.035767 
v 0.000740276 0.017 0.035858 
v 0.00159219 0.017 0.0352103 
v 0.00171371 0.017 0.0329689 
v 0.00181515 0.017 0.0331602 
v 0.00145199 0.017 0.0326246 
v 0.00159219 0.017 0.0327897 
v -0.00171371 0.017 0.0329689 
v -0.00159219 0.017 0.0327897 
v -0.00195324 0.017 0.0335701 
v -0.00195324 0.017 0.0344299 
v -0.00181515 0.017 0.0348398 
v -0.00189531 0.017 0.0346386 
v 0.00112237 0.017 0.0356554 
v 0.00145199 0.017 0.0353754 
v 0.00129477 0.017 0.0355243 
v 0.0175 0.017 0.01615 
v 0.000535057 0.017 0.0320729 
v 0.000740276 0.017 0.032142 
v -0.00145199 0.017 0.0353754 
v -0.00159219 0.017 0.0352103 
v 0.00112237 0.017 0.0323446 
v 0.00129477 0.017 0.0324757 
v 0.000936817 0.017 0.032233 
v -0.00129477 0.017 0.0324757 
v -0.00171371 0.017 0.0350311 
v -0.00145199 0.017 0.0326246 
v -0.00112237 0.017 0.0356554 
v -0.00129477 0.017 0.0355243 
v -0.000740276 0.017 0.035858 
v -0.000936817 0.017 0.035767 
v -0.000936817 0.017 0.032233 
v -0.000740276 0.017 0.032142 
v 0.000535057 0.017 0.0359271 
v -0.000323564 0.017 0.0320263 
v -0.000108278 0.017 0.0320029 
v -0.00112237 0.017 0.0323446 
v 0.0175 0.017 0.00485 
v 0.0175 0.017 0.01535 
v 0.0175 0.017 0.00565 
v -0.000323564 0.017 0.0359737 
v -0.000535057 0.017 0.0359271 
v 0.000108278 0.017 0.0359971 
v 0.000323564 0.017 0.0320263 
v 0.000108278 0.017 0.0320029 
v -0.000108278 0.017 0.0359971 
v -0.000535057 0.017 0.0320729 
v 0.000323564 0.017 0.0359737 
v 0.02 0.017 0.00485 
v 0.0425 0.017 0.00485 
v 0.02 0.017 -0.00485 
v 0.0425 0.017 1.2326e-32 
v 0.02 0.017 -0.01535 
v 0.02 0.017 -0.00565 
v 0.0425 0.017 -0.00565 
v 0.02 0.017 -0.01615 
v 0.00189531 0.017 -0.0333614 
v -0.00195324 0.017 -0.0335701 
v -0.00198828 0.017 -0.0337838 
v -0.00181515 0.017 -0.0331602 
v -0.00189531 0.017 -0.0333614 
v -0.00145199 0.017 -0.0326246 
v -0.00159219 0.017 -0.0327897 
v -0.000535057 0.017 -0.0320729 
v -0.000740276 0.017 -0.032142 
v 0.00181515 0.017 -0.0331602 
v -0.00171371 0.017 -0.0329689 
v -0.00112237 0.017 -0.0323446 
v -0.00129477 0.017 -0.0324757 
v -0.000936817 0.017 -0.032233 
v 0.00195324 0.017 -0.0335701 
v 0.0175 0.017 -0.00565 
v 0.000936817 0.017 -0.032233 
v 0.000740276 0.017 -0.032142 
v 0.00112237 0.017 -0.0323446 
v 0.0175 0.017 -0.01535 
v 0.0175 0.017 -0.01615 
v 0.00171371 0.017 -0.0329689 
v -0.000323564 0.017 -0.0320263 
v 0.000108278 0.017 -0.0320029 
v -0.000108278 0.017 -0.0320029 
v 0.00159219 0.017 -0.0327897 
v 0.002 0.017 -0.034 
v 0.00198828 0.017 -0.0337838 
v 0.000323564 0.017 -0.0320263 
v 0.00129477 0.017 -0.0324757 
v 0.00145199 0.017 -0.0326246 
v 0.000535057 0.017 -0.0320729 
v 0.0175 0.017 -0.00485 
v 0.0415922 0.017 -0.0327897 
v 0.0539635 0.017 -0.0240734 
v 0.0541101 0.017 -0.0241297 
v 0.0536568 0.017 -0.0240082 
v 0.0538119 0.017 -0.0240328 
v 0.0546147 0.017 -0.0244963 
v 0.0547135 0.017 -0.0246183 
v 0.05425 0.017 -0.024201 
v 0.0543817 0.017 -0.0242865 
v 0.0403236 0.017 -0.0320263 
v 0.0425328 0.017 -0.0228119 
v 0.0425734 0.017 -0.0229635 
v 0.0405351 0.017 -0.0320729 
v 0.0433899 0.017 -0.0238703 
v 0.0435365 0.017 -0.0239266 
v 0.0545037 0.017 -0.0243853 
v 0.0425 0.017 -0.01615 
v 0.0401083 0.017 -0.0320029 
v 0.0398917 0.017 -0.0320029 
v 0.0427865 0.017 -0.0233817 
v 0.0428853 0.017 -0.0235037 
v 0.0426297 0.017 -0.0231101 
v 0.042701 0.017 -0.02325 
v 0.0425082 0.017 -0.0226568 
v 0.0425 0.017 -0.0225 
v 0.0407403 0.017 -0.032142 
v 0.0436881 0.017 -0.0239672 
v 0.0438432 0.017 -0.0239918 
v 0.0431183 0.017 -0.0237135 
v 0.04325 0.017 -0.023799 
v 0.0429963 0.017 -0.0236147 
v 0.0548703 0.017 -0.0248899 
v 0.0549266 0.017 -0.0250365 
v 0.0417137 0.017 -0.0329689 
v 0.0549918 0.017 -0.0253432 
v 0.055 0.017 -0.0255 
v 0.0381848 0.017 -0.0331602 
v 0.0381047 0.017 -0.0333614 
v 0.0394649 0.017 -0.0320729 
v 0.0392597 0.017 -0.032142 
v 0.054799 0.017 -0.02475 
v 0.0535 0.017 -0.024 
v 0.0549672 0.017 -0.0251881 
v 0.0382863 0.017 -0.0329689 
v 0.038548 0.017 -0.0326246 
v 0.0384078 0.017 -0.0327897 
v 0.0396764 0.017 -0.0320263 
v 0.0380468 0.017 -0.0335701 
v 0.0380117 0.017 -0.0337838 
v 0.0388776 0.017 -0.0323446 
v 0.0387052 0.017 -0.0324757 
v 0.0390632 0.017 -0.032233 
v 0.044 0.017 -0.024 
v 0.0409368 0.017 -0.032233 
v 0.0418953 0.017 -0.0333614 
v 0.0418152 0.017 -0.0331602 
v 0.055 0.017 -0.034 
v 0.0419532 0.017 -0.0335701 
v 0.042 0.017 -0.034 
v 0.0419883 0.017 -0.0337838 
v 0.0411224 0.017 -0.0323446 
v 0.0412948 0.017 -0.0324757 
v 0.041452 0.017 -0.0326246 
v 0.054799 0.017 -0.03625 
v 0.0541101 0.017 -0.0368703 
v 0.0539635 0.017 -0.0369266 
v 0.05425 0.017 -0.036799 
v 0.0546147 0.017 -0.0365037 
v 0.0545037 0.017 -0.0366147 
v 0.0547135 0.017 -0.0363817 
v 0.0543817 0.017 -0.0367135 
v 0.0538119 0.017 -0.0369672 
v 0.0549266 0.017 -0.0359635 
v 0.0548703 0.017 -0.0361101 
v 0.0419883 0.017 -0.0342162 
v 0.0549918 0.017 -0.0356568 
v 0.0536568 0.017 -0.0369918 
v 0.0549672 0.017 -0.0358119 
v 0.055 0.017 -0.0355 
v 0.0535 0.017 -0.037 
v 0.0398917 0.017 -0.0359971 
v 0.0401083 0.017 -0.0359971 
v 0.0396764 0.017 -0.0359737 
v 0.0417137 0.017 -0.0350311 
v 0.0418152 0.017 -0.0348398 
v 0.041452 0.017 -0.0353754 
v 0.0415922 0.017 -0.0352103 
v 0.0405351 0.017 -0.0359271 
v 0.0407403 0.017 -0.035858 
v 0.0403236 0.017 -0.0359737 
v 0.0394649 0.017 -0.0359271 
v 0.0419532 0.017 -0.0344299 
v 0.0411224 0.017 -0.0356554 
v 0.0412948 0.017 -0.0355243 
v 0.0409368 0.017 -0.035767 
v 0.0390632 0.017 -0.035767 
v 0.0392597 0.017 -0.035858 
v 0.0382863 0.017 -0.0350311 
v 0.0384078 0.017 -0.0352103 
v 0.0381047 0.017 -0.0346386 
v 0.0381848 0.017 -0.0348398 
v 0.038 0.017 -0.034 
v 0.0380117 0.017 -0.0342162 
v 0.0418953 0.017 -0.0346386 
v 0.0388776 0.017 -0.0356554 
v 0.038548 0.017 -0.0353754 
v 0.0387052 0.017 -0.0355243 
v 0.0380468 0.017 -0.0344299 
v -0.053799 0.017 -0.03625 
v -0.0535037 0.017 -0.0366147 
v -0.0536147 0.017 -0.0365037 
v -0.05325 0.017 -0.036799 
v -0.0533817 0.017 -0.0367135 
v -0.0538703 0.017 -0.0361101 
v -0.0539266 0.017 -0.0359635 
v -0.0528119 0.017 -0.0369672 
v -0.0529635 0.017 -0.0369266 
v -0.0539672 0.017 -0.0358119 
v -0.0539918 0.017 -0.0356568 
v -0.0537135 0.017 -0.0363817 
v -0.0531101 0.017 -0.0368703 
v -0.054 0.017 -0.0355 
v -0.0525 0.017 -0.037 
v -0.0526568 0.017 -0.0369918 
v -0.053799 0.017 0.03625 
v -0.0537135 0.017 0.0363817 
v -0.0539266 0.017 0.0359635 
v -0.0538703 0.017 0.0361101 
v -0.054 0.017 0.0355 
v -0.0539918 0.017 0.0356568 
v -0.0539672 0.017 0.0358119 
v -0.0536177 0.017 0.0365 
v -0.0531101 0.017 0.0368703 
v -0.0529635 0.017 0.0369266 
v -0.05325 0.017 0.036799 
v -0.0536147 0.017 0.0365037 
v -0.0535037 0.017 0.0366147 
v -0.0528119 0.017 0.0369672 
v -0.0526568 0.017 0.0369918 
v -0.0533817 0.017 0.0367135 
v -0.0525 0.017 0.037 
v 0.0425 0.017 -0.01535 
v 0.0425 0.017 -0.00485 
v 0.0425 0.017 0.00565 
v -0.048 0.017 0.0365 
v -0.02 0.017 0.0365 
v -0.048 0.017 1.2326e-32 
v -0.02 0.017 1.2326e-32 
v 0.02 0.017 -0.034 
v -0.02 0.017 -0.034 
v -0.048 0.017 -0.034 
v 0.02 0.017 0.0365 
v 0.02 0.017 1.2326e-32 
v 0.0175 0.012 0.00485 
v 0.0175 0.012 0.00565 
v 0.0175 0.012 0.01535 
v 0.0175 0.012 0.01615 
v 0.0175 0.012 -0.00565 
v 0.0175 0.012 -0.00485 
v 0.0175 0.012 -0.01615 
v 0.0175 0.012 -0.01535 
v -0.054 0.012 -0.0355 
v -0.054 0.012 0.0355 
v -0.0525 0.012 -0.037 
v -0.0526568 0.012 -0.0369918 
v -0.0528119 0.012 -0.0369672 
v -0.0529635 0.012 -0.0369266 
v -0.0531101 0.012 -0.0368703 
v -0.05325 0.012 -0.036799 
v -0.0533817 0.012 -0.0367135 
v -0.0535037 0.012 -0.0366147 
v -0.0536147 0.012 -0.0365037 
v -0.0537135 0.012 -0.0363817 
v -0.053799 0.012 -0.03625 
v -0.0538703 0.012 -0.0361101 
v -0.0539266 0.012 -0.0359635 
v -0.0539672 0.012 -0.0358119 
v -0.0539918 0.012 -0.0356568 
v -0.0525 0.012 0.037 
v -0.0526568 0.012 0.0369918 
v -0.0528119 0.012 0.0369672 
v -0.0529635 0.012 0.0369266 
v -0.0531101 0.012 0.0368703 
v -0.05325 0.012 0.036799 
v -0.0533817 0.012 0.0367135 
v -0.0535037 0.012 0.0366147 
v -0.0536147 0.012 0.0365037 
v -0.0537135 0.012 0.0363817 
v -0.053799 0.012 0.03625 
v -0.0538703 0.012 0.0361101 
v -0.0539266 0.012 0.0359635 
v -0.0539672 0.012 0.0358119 
v -0.0539918 0.012 0.0356568 
v -0.0419883 0.012 0.0342162 
v -0.042 0.012 0.034 
v -0.0419532 0.012 0.0344299 
v -0.0418953 0.012 0.0346386 
v -0.0418152 0.012 0.0348398 
v -0.0417137 0.012 0.0350311 
v -0.0415922 0.012 0.0352103 
v -0.041452 0.012 0.0353754 
v -0.0412948 0.012 0.0355243 
v -0.0411224 0.012 0.0356554 
v -0.0409368 0.012 0.035767 
v -0.0407403 0.012 0.035858 
v -0.0405351 0.012 0.0359271 
v -0.0403236 0.012 0.0359737 
v -0.0401083 0.012 0.0359971 
v -0.0398917 0.012 0.0359971 
v -0.0396764 0.012 0.0359737 
v -0.0394649 0.012 0.0359271 
v -0.0392597 0.012 0.035858 
v -0.0390632 0.012 0.035767 
v -0.0388776 0.012 0.0356554 
v -0.0387052 0.012 0.0355243 
v -0.038548 0.012 0.0353754 
v -0.0384078 0.012 0.0352103 
v -0.0382863 0.012 0.0350311 
v -0.0381848 0.012 0.0348398 
v -0.0381047 0.012 0.0346386 
v -0.0380468 0.012 0.0344299 
v -0.0380117 0.012 0.0342162 
v -0.038 0.012 0.034 
v -0.0380117 0.012 0.0337838 
v -0.0380468 0.012 0.0335701 
v -0.0381047 0.012 0.0333614 
v -0.0381848 0.012 0.0331602 
v -0.0382863 0.012 0.0329689 
v -0.0384078 0.012 0.0327897 
v -0.038548 0.012 0.0326246 
v -0.0387052 0.012 0.0324757 
v -0.0388776 0.012 0.0323446 
v -0.0390632 0.012 0.032233 
v -0.0392597 0.012 0.032142 
v -0.0394649 0.012 0.0320729 
v -0.0396764 0.012 0.0320263 
v -0.0398917 0.012 0.0320029 
v -0.0401083 0.012 0.0320029 
v -0.0403236 0.012 0.0320263 
v -0.0405351 0.012 0.0320729 
v -0.0407403 0.012 0.032142 
v -0.0409368 0.012 0.032233 
v -0.0411224 0.012 0.0323446 
v -0.0412948 0.012 0.0324757 
v -0.041452 0.012 0.0326246 
v -0.0415922 0.012 0.0327897 
v -0.0417137 0.012 0.0329689 
v -0.0418152 0.012 0.0331602 
v -0.0418953 0.012 0.0333614 
v -0.0419532 0.012 0.0335701 
v -0.0419883 0.012 0.0337838 
v 0.0425 0.009 0.00485 
v 0.0425 0.009 -0.00485 
v 0.0425 0.009 0.00565 
v 0.0425 0.009 0.01535 
v 0.0425 0.009 0.01615 
v 0.0425 0.009 0.0225 
v 0.044 0.009 0.024 
v 0.0535 0.009 0.024 
v 0.044 0.009 -0.024 
v 0.0535 0.009 -0.024 
v 0.0425 0.009 -0.01615 
v 0.0425 0.009 -0.0225 
v 0.0425 0.009 -0.01535 
v 0.0425 0.009 -0.00565 
v 0.0536568 0.009 -0.0240082 
v 0.0538119 0.009 -0.0240328 
v 0.0539635 0.009 -0.0240734 
v 0.0541101 0.009 -0.0241297 
v 0.05425 0.009 -0.024201 
v 0.0543817 0.009 -0.0242865 
v 0.0545037 0.009 -0.0243853 
v 0.0546147 0.009 -0.0244963 
v 0.0547135 0.009 -0.0246183 
v 0.054799 0.009 -0.02475 
v 0.0548703 0.009 -0.0248899 
v 0.0549266 0.009 -0.0250365 
v 0.0549672 0.009 -0.0251881 
v 0.0549918 0.009 -0.0253432 
v 0.055 0.009 -0.0255 
v 0.0536568 0.009 0.0240082 
v 0.0538119 0.009 0.0240328 
v 0.0539635 0.009 0.0240734 
v 0.0541101 0.009 0.0241297 
v 0.05425 0.009 0.024201 
v 0.0543817 0.009 0.0242865 
v 0.0545037 0.009 0.0243853 
v 0.0546147 0.009 0.0244963 
v 0.0547135 0.009 0.0246183 
v 0.054799 0.009 0.02475 
v 0.0548703 0.009 0.0248899 
v 0.0549266 0.009 0.0250365 
v 0.0549672 0.009 0.0251881 
v 0.0549918 0.009 0.0253432 
v 0.055 0.009 0.0255 
v 0.0425082 0.009 -0.0226568 
v 0.0425328 0.009 -0.0228119 
v 0.0425734 0.009 -0.0229635 
v 0.0426297 0.009 -0.0231101 
v 0.042701 0.009 -0.02325 
v 0.0427865 0.009 -0.0233817 
v 0.0428853 0.009 -0.0235037 
v 0.0429963 0.009 -0.0236147 
v 0.0431183 0.009 -0.0237135 
v 0.04325 0.009 -0.023799 
v 0.0433899 0.009 -0.0238703 
v 0.0435365 0.009 -0.0239266 
v 0.0436881 0.009 -0.0239672 
v 0.0438432 0.009 -0.0239918 
v 0.0425082 0.009 0.0226568 
v 0.0425328 0.009 0.0228119 
v 0.0425734 0.009 0.0229635 
v 0.0426297 0.009 0.0231101 
v 0.042701 0.009 0.02325 
v 0.0427865 0.009 0.0233817 
v 0.0428853 0.009 0.0235037 
v 0.0429963 0.009 0.0236147 
v 0.0431183 0.009 0.0237135 
v 0.04325 0.009 0.023799 
v 0.0433899 0.009 0.0238703 
v 0.0435365 0.009 0.0239266 
v 0.0436881 0.009 0.0239672 
v 0.0438432 0.009 0.0239918 
v 0.055 0 0.0355 
v 0.055 0 -0.0355 
v 0.0535 0 0.037 
v 0.0536568 0 0.0369918 
v 0.0538119 0 0.0369672 
v 0.0539635 0 0.0369266 
v 0.0541101 0 0.0368703 
v 0.05425 0 0.036799 
v 0.0543817 0 0.0367135 
v 0.0545037 0 0.0366147 
v 0.0546147 0 0.0365037 
v 0.0547135 0 0.0363817 
v 0.054799 0 0.03625 
v 0.0548703 0 0.0361101 
v 0.0549266 0 0.0359635 
v 0.0549672 0 0.0358119 
v 0.0549918 0 0.0356568 
v 0.0535 0 -0.037 
v 0.0536568 0 -0.0369918 
v 0.0538119 0 -0.0369672 
v 0.0539635 0 -0.0369266 
v 0.0541101 0 -0.0368703 
v 0.05425 0 -0.036799 
v 0.0543817 0 -0.0367135 
v 0.0545037 0 -0.0366147 
v 0.0546147 0 -0.0365037 
v 0.0547135 0 -0.0363817 
v 0.054799 0 -0.03625 
v 0.0548703 0 -0.0361101 
v 0.0549266 0 -0.0359635 
v 0.0549672 0 -0.0358119 
v 0.0549918 0 -0.0356568 
v -0.00198828 0 -0.0337838 
v -0.002 0 -0.034 
v -0.00195324 0 -0.0335701 
v -0.00189531 0 -0.0333614 
v -0.00181515 0 -0.0331602 
v -0.00171371 0 -0.0329689 
v -0.00159219 0 -0.0327897 
v -0.00145199 0 -0.0326246 
v -0.00129477 0 -0.0324757 
v -0.00112237 0 -0.0323446 
v -0.000936817 0 -0.032233 
v -0.000740276 0 -0.032142 
v -0.000535057 0 -0.0320729 
v -0.000323564 0 -0.0320263 
v -0.000108278 0 -0.0320029 
v 0.000108278 0 -0.0320029 
v 0.000323564 0 -0.0320263 
v 0.000535057 0 -0.0320729 
v 0.000740276 0 -0.032142 
v 0.000936817 0 -0.032233 
v 0.00112237 0 -0.0323446 
v 0.00129477 0 -0.0324757 
v 0.00145199 0 -0.0326246 
v 0.00159219 0 -0.0327897 
v 0.00171371 0 -0.0329689 
v 0.00181515 0 -0.0331602 
v 0.00189531 0 -0.0333614 
v 0.00195324 0 -0.0335701 
v 0.00198828 0 -0.0337838 
v 0.002 0 -0.034 
v 0.00198828 0 -0.0342162 
v 0.00195324 0 -0.0344299 
v 0.00189531 0 -0.0346386 
v 0.00181515 0 -0.0348398 
v 0.00171371 0 -0.0350311 
v 0.00159219 0 -0.0352103 
v 0.00145199 0 -0.0353754 
v 0.00129477 0 -0.0355243 
v 0.00112237 0 -0.0356554 
v 0.000936817 0 -0.035767 
v 0.000740276 0 -0.035858 
v 0.000535057 0 -0.0359271 
v 0.000323564 0 -0.0359737 
v 0.000108278 0 -0.0359971 
v -0.000108278 0 -0.0359971 
v -0.000323564 0 -0.0359737 
v -0.000535057 0 -0.0359271 
v -0.000740276 0 -0.035858 
v -0.000936817 0 -0.035767 
v -0.00112237 0 -0.0356554 
v -0.00129477 0 -0.0355243 
v -0.00145199 0 -0.0353754 
v -0.00159219 0 -0.0352103 
v -0.00171371 0 -0.0350311 
v -0.00181515 0 -0.0348398 
v -0.00189531 0 -0.0346386 
v -0.00195324 0 -0.0344299 
v -0.00198828 0 -0.0342162 
v 0.0380117 0 -0.0337838 
v 0.038 0 -0.034 
v 0.0380468 0 -0.0335701 
v 0.0381047 0 -0.0333614 
v 0.0381848 0 -0.0331602 
v 0.0382863 0 -0.0329689 
v 0.0384078 0 -0.0327897 
v 0.038548 0 -0.0326246 
v 0.0387052 0 -0.0324757 
v 0.0388776 0 -0.0323446 
v 0.0390632 0 -0.032233 
v 0.0392597 0 -0.032142 
v 0.0394649 0 -0.0320729 
v 0.0396764 0 -0.0320263 
v 0.0398917 0 -0.0320029 
v 0.0401083 0 -0.0320029 
v 0.0403236 0 -0.0320263 
v 0.0405351 0 -0.0320729 
v 0.0407403 0 -0.032142 
v 0.0409368 0 -0.032233 
v 0.0411224 0 -0.0323446 
v 0.0412948 0 -0.0324757 
v 0.041452 0 -0.0326246 
v 0.0415922 0 -0.0327897 
v 0.0417137 0 -0.0329689 
v 0.0418152 0 -0.0331602 
v 0.0418953 0 -0.0333614 
v 0.0419532 0 -0.0335701 
v 0.0419883 0 -0.0337838 
v 0.042 0 -0.034 
v 0.0419883 0 -0.0342162 
v 0.0419532 0 -0.0344299 
v 0.0418953 0 -0.0346386 
v 0.0418152 0 -0.0348398 
v 0.0417137 0 -0.0350311 
v 0.0415922 0 -0.0352103 
v 0.041452 0 -0.0353754 
v 0.0412948 0 -0.0355243 
v 0.0411224 0 -0.0356554 
v 0.0409368 0 -0.035767 
v 0.0407403 0 -0.035858 
v 0.0405351 0 -0.0359271 
v 0.0403236 0 -0.0359737 
v 0.0401083 0 -0.0359971 
v 0.0398917 0 -0.0359971 
v 0.0396764 0 -0.0359737 
v 0.0394649 0 -0.0359271 
v 0.0392597 0 -0.035858 
v 0.0390632 0 -0.035767 
v 0.0388776 0 -0.0356554 
v 0.0387052 0 -0.0355243 
v 0.038548 0 -0.0353754 
v 0.0384078 0 -0.0352103 
v 0.0382863 0 -0.0350311 
v 0.0381848 0 -0.0348398 
v 0.0381047 0 -0.0346386 
v 0.0380468 0 -0.0344299 
v 0.0380117 0 -0.0342162 
v 0.0380117 0 0.0342162 
v 0.038 0 0.034 
v 0.0380468 0 0.0344299 
v 0.0381047 0 0.0346386 
v 0.0381848 0 0.0348398 
v 0.0382863 0 0.0350311 
v 0.0384078 0 0.0352103 
v 0.038548 0 0.0353754 
v 0.0387052 0 0.0355243 
v 0.0388776 0 0.0356554 
v 0.0390632 0 0.035767 
v 0.0392597 0 0.035858 
v 0.0394649 0 0.0359271 
v 0.0396764 0 0.0359737 
v 0.0398917 0 0.0359971 
v 0.0401083 0 0.0359971 
v 0.0403236 0 0.0359737 
v 0.0405351 0 0.0359271 
v 0.0407403 0 0.035858 
v 0.0409368 0 0.035767 
v 0.0411224 0 0.0356554 
v 0.0412948 0 0.0355243 
v 0.041452 0 0.0353754 
v 0.0415922 0 0.0352103 
v 0.0417137 0 0.0350311 
v 0.0418152 0 0.0348398 
v 0.0418953 0 0.0346386 
v 0.0419532 0 0.0344299 
v 0.0419883 0 0.0342162 
v 0.042 0 0.034 
v 0.0419883 0 0.0337838 
v 0.0419532 0 0.0335701 
v 0.0418953 0 0.0333614 
v 0.0418152 0 0.0331602 
v 0.0417137 0 0.0329689 
v 0.0415922 0 0.0327897 
v 0.041452 0 0.0326246 
v 0.0412948 0 0.0324757 
v 0.0411224 0 0.0323446 
v 0.0409368 0 0.032233 
v 0.0407403 0 0.032142 
v 0.0405351 0 0.0320729 
v 0.0403236 0 0.0320263 
v 0.0401083 0 0.0320029 
v 0.0398917 0 0.0320029 
v 0.0396764 0 0.0320263 
v 0.0394649 0 0.0320729 
v 0.0392597 0 0.032142 
v 0.0390632 0 0.032233 
v 0.0388776 0 0.0323446 
v 0.0387052 0 0.0324757 
v 0.038548 0 0.0326246 
v 0.0384078 0 0.0327897 
v 0.0382863 0 0.0329689 
v 0.0381848 0 0.0331602 
v 0.0381047 0 0.0333614 
v 0.0380468 0 0.0335701 
v 0.0380117 0 0.0337838 
v -0.00198828 0 0.0342162 
v -0.002 0 0.034 
v -0.00195324 0 0.0344299 
v -0.00189531 0 0.0346386 
v -0.00181515 0 0.0348398 
v -0.00171371 0 0.0350311 
v -0.00159219 0 0.0352103 
v -0.00145199 0 0.0353754 
v -0.00129477 0 0.0355243 
v -0.00112237 0 0.0356554 
v -0.000936817 0 0.035767 
v -0.000740276 0 0.035858 
v -0.000535057 0 0.0359271 
v -0.000323564 0 0.0359737 
v -0.000108278 0 0.0359971 
v 0.000108278 0 0.0359971 
v 0.000323564 0 0.0359737 
v 0.000535057 0 0.0359271 
v 0.000740276 0 0.035858 
v 0.000936817 0 0.035767 
v 0.00112237 0 0.0356554 
v 0.00129477 0 0.0355243 
v 0.00145199 0 0.0353754 
v 0.00159219 0 0.0352103 
v 0.00171371 0 0.0350311 
v 0.00181515 0 0.0348398 
v 0.00189531 0 0.0346386 
v 0.00195324 0 0.0344299 
v 0.00198828 0 0.0342162 
v 0.002 0 0.034 
v 0.00198828 0 0.0337838 
v 0.00195324 0 0.0335701 
v 0.00189531 0 0.0333614 
v 0.00181515 0 0.0331602 
v 0.00171371 0 0.0329689 
v 0.00159219 0 0.0327897 
v 0.00145199 0 0.0326246 
v 0.00129477 0 0.0324757 
v 0.00112237 0 0.0323446 
v 0.000936817 0 0.032233 
v 0.000740276 0 0.032142 
v 0.000535057 0 0.0320729 
v 0.000323564 0 0.0320263 
v 0.000108278 0 0.0320029 
v -0.000108278 0 0.0320029 
v -0.000323564 0 0.0320263 
v -0.000535057 0 0.0320729 
v -0.000740276 0 0.032142 
v -0.000936817 0 0.032233 
v -0.00112237 0 0.0323446 
v -0.00129477 0 0.0324757 
v -0.00145199 0 0.0326246 
v -0.00159219 0 0.0327897 
v -0.00171371 0 0.0329689 
v -0.00181515 0 0.0331602 
v -0.00189531 0 0.0333614 
v -0.00195324 0 0.0335701 
v -0.00198828 0 0.0337838 
v -0.037 0 -0.037 
v -0.037 0.012 -0.037 
v -0.037 0 0.037 
v -0.037 0.012 0.037 
v 0.03 0.012 0.00565 
v 0.03 0.004 0.00565 
v 0.051 0.004 0.00565 
v 0.051 0.009 0.00565 
v 0.03 0.012 0.00485 
v 0.051 0.004 0.00485 
v 0.051 0.009 0.00485 
v 0.03 0.004 0.00485 
v 0.03 0.012 0.01615 
v 0.03 0.004 0.01615 
v 0.051 0.004 0.01615 
v 0.051 0.009 0.01615 
v 0.03 0.012 0.01535 
v 0.051 0.004 0.01535 
v 0.051 0.009 0.01535 
v 0.03 0.004 0.01535 
v 0.051 0.009 -0.00485 
v 0.051 0.009 -0.01615 
v 0.051 0.009 -0.01535 
v 0.051 0.009 -0.00565 
v 0.03 0.012 -0.00485 
v 0.03 0.004 -0.00485 
v 0.051 0.004 -0.00485 
v 0.03 0.012 -0.00565 
v 0.051 0.004 -0.00565 
v 0.03 0.004 -0.00565 
v 0.03 0.012 -0.01535 
v 0.03 0.004 -0.01535 
v 0.051 0.004 -0.01535 
v 0.03 0.012 -0.01615 
v 0.051 0.004 -0.01615 
v 0.03 0.004 -0.01615 
v -0.037 0 0.0262 
v -0.037 0.0058 0.029875 
v -0.037 0.012 0.029875 
v -0.037 0.0058 0.0262 
v -0.0355 0.012 0.028375 
v -0.0355 0.0058 0.028375 
v -0.0356568 0.0058 0.0283832 
v -0.0356568 0.012 0.0283832 
v -0.0358119 0.0058 0.0284078 
v -0.0358119 0.012 0.0284078 
v -0.0359635 0.0058 0.0284484 
v -0.0359635 0.012 0.0284484 
v -0.0361101 0.0058 0.0285047 
v -0.0361101 0.012 0.0285047 
v -0.03625 0.0058 0.028576 
v -0.03625 0.012 0.028576 
v -0.0363817 0.0058 0.0286615 
v -0.0363817 0.012 0.0286615 
v -0.0365037 0.0058 0.0287603 
v -0.0365037 0.012 0.0287603 
v -0.0366147 0.0058 0.0288713 
v -0.0366147 0.012 0.0288713 
v -0.0367135 0.0058 0.0289933 
v -0.0367135 0.012 0.0289933 
v -0.036799 0.0058 0.029125 
v -0.036799 0.012 0.029125 
v -0.0368703 0.0058 0.0292649 
v -0.0368703 0.012 0.0292649 
v -0.0369266 0.0058 0.0294115 
v -0.0369266 0.012 0.0294115 
v -0.0369672 0.0058 0.0295631 
v -0.0369672 0.012 0.0295631 
v -0.0369918 0.0058 0.0297182 
v -0.0369918 0.012 0.0297182 
v -0.0355 0.0058 0.0247 
v -0.0355 0 0.0247 
v -0.0356568 0 0.0247082 
v -0.0356568 0.0058 0.0247082 
v -0.0358119 0 0.0247328 
v -0.0358119 0.0058 0.0247328 
v -0.0359635 0 0.0247734 
v -0.0359635 0.0058 0.0247734 
v -0.0361101 0 0.0248297 
v -0.0361101 0.0058 0.0248297 
v -0.03625 0 0.024901 
v -0.03625 0.0058 0.024901 
v -0.0363817 0 0.0249865 
v -0.0363817 0.0058 0.0249865 
v -0.0365037 0 0.0250853 
v -0.0365037 0.0058 0.0250853 
v -0.0366147 0 0.0251963 
v -0.0366147 0.0058 0.0251963 
v -0.0367135 0 0.0253183 
v -0.0367135 0.0058 0.0253183 
v -0.036799 0 0.02545 
v -0.036799 0.0058 0.02545 
v -0.0368703 0 0.0255899 
v -0.0368703 0.0058 0.0255899 
v -0.0369266 0 0.0257365 
v -0.0369266 0.0058 0.0257365 
v -0.0369672 0 0.0258881 
v -0.0369672 0.0058 0.0258881 
v -0.0369918 0 0.0260432 
v -0.0369918 0.0058 0.0260432 
v -0.02 0.0058 0.0247 
v -0.02 0.0058 0.028375 
v 0.03 0.0065 0.0247 
v 0.03 0 0.0247 
v -0.02 0.0065 0.0247 
v -0.02 0.0065 0.028375 
v 0.03 0.012 0.028375 
v 0.03 0.0065 0.028375 
v -0.0369672 0 -0.0258881 
v -0.0369918 0 -0.0260432 
v -0.0355 0 -0.0247 
v -0.0368703 0 -0.0255899 
v -0.0369266 0 -0.0257365 
v -0.037 0 -0.0262 
v -0.0367135 0 -0.0253183 
v -0.036799 0 -0.02545 
v -0.0365037 0 -0.0250853 
v -0.0366147 0 -0.0251963 
v -0.03625 0 -0.024901 
v -0.0363817 0 -0.0249865 
v -0.0356568 0 -0.0247082 
v -0.0358119 0 -0.0247328 
v -0.0359635 0 -0.0247734 
v -0.0361101 0 -0.0248297 
v 0.03 0 -0.0247 
v -0.0355 0.0058 -0.0247 
v -0.0356568 0.0058 -0.0247082 
v -0.0358119 0.0058 -0.0247328 
v -0.0359635 0.0058 -0.0247734 
v -0.0361101 0.0058 -0.0248297 
v -0.03625 0.0058 -0.024901 
v -0.0363817 0.0058 -0.0249865 
v -0.0365037 0.0058 -0.0250853 
v -0.0366147 0.0058 -0.0251963 
v -0.0367135 0.0058 -0.0253183 
v -0.036799 0.0058 -0.02545 
v -0.0368703 0.0058 -0.0255899 
v -0.0369266 0.0058 -0.0257365 
v -0.0369672 0.0058 -0.0258881 
v -0.0369918 0.0058 -0.0260432 
v -0.037 0.0058 -0.0262 
v -0.037 0.0058 -0.029875 
v -0.037 0.012 -0.029875 
v -0.0355 0.0058 -0.028375 
v -0.0355 0.012 -0.028375 
v -0.0356568 0.012 -0.0283832 
v -0.0356568 0.0058 -0.0283832 
v -0.0358119 0.012 -0.0284078 
v -0.0358119 0.0058 -0.0284078 
v -0.0359635 0.012 -0.0284484 
v -0.0359635 0.0058 -0.0284484 
v -0.0361101 0.012 -0.0285047 
v -0.0361101 0.0058 -0.0285047 
v -0.03625 0.012 -0.028576 
v -0.03625 0.0058 -0.028576 
v -0.0363817 0.012 -0.0286615 
v -0.0363817 0.0058 -0.0286615 
v -0.0365037 0.012 -0.0287603 
v -0.0365037 0.0058 -0.0287603 
v -0.0366147 0.012 -0.0288713 
v -0.0366147 0.0058 -0.0288713 
v -0.0367135 0.012 -0.0289933 
v -0.0367135 0.0058 -0.0289933 
v -0.036799 0.012 -0.029125 
v -0.036799 0.0058 -0.029125 
v -0.0368703 0.012 -0.0292649 
v -0.0368703 0.0058 -0.0292649 
v -0.0369266 0.012 -0.0294115 
v -0.0369266 0.0058 -0.0294115 
v -0.0369672 0.012 -0.0295631 
v -0.0369672 0.0058 -0.0295631 
v -0.0369918 0.012 -0.0297182 
v -0.0369918 0.0058 -0.0297182 
v 0.03 0.0065 -0.0247 
v 0.03 0.012 -0.028375 
v 0.03 0.0065 -0.028375 
v -0.02 0.0058 -0.0247 
v -0.02 0.0065 -0.0247 
v -0.02 0.0065 -0.028375 
v -0.02 0.0058 -0.028375 
v -0.0345 0.012 0.0165 
v -0.0452045 0.012 0.0110939 
v -0.04505 0.012 0.011233 
v -0.0450939 0.012 0.0112045 
v -0.0449545 0.012 0.0112755 
v -0.0450034 0.012 0.0112568 
v -0.0345 0.012 -0.0165 
v -0.0448 0.012 0.0113 
v -0.0452755 0.012 0.0109545 
v -0.0452891 0.012 0.010904 
v -0.0451346 0.012 0.0111716 
v -0.044904 0.012 0.0112891 
v -0.0505 0.012 0.0165 
v -0.044904 0.012 0.00261093 
v -0.04505 0.012 0.00266699 
v -0.0450034 0.012 0.00264323 
v -0.0451346 0.012 0.00272843 
v -0.0450939 0.012 0.00269549 
v -0.0448 0.012 0.0026 
v -0.045233 0.012 0.00285 
v -0.0452045 0.012 0.00280611 
v -0.0452568 0.012 0.0110034 
v -0.045233 0.012 0.01105 
v -0.0448523 0.012 0.0112973 
v -0.0505 0.012 -0.0165 
v -0.0448523 0.012 0.00260274 
v -0.0451716 0.012 0.00276543 
v -0.0452755 0.012 0.00294549 
v -0.0452568 0.012 0.00289663 
v -0.0449545 0.012 0.00262447 
v -0.0453 0.012 0.0031 
v -0.0452973 0.012 0.00304774 
v -0.0451716 0.012 0.0111346 
v -0.0452891 0.012 0.00299604 
v -0.0452973 0.012 0.0108523 
v -0.0452755 0.012 -0.0109545 
v -0.04505 0.012 -0.011233 
v -0.0450034 0.012 -0.0112568 
v -0.045233 0.012 -0.01105 
v -0.0452045 0.012 -0.0110939 
v -0.0451716 0.012 -0.0111346 
v -0.0451346 0.012 -0.0111716 
v -0.0452568 0.012 -0.0110034 
v -0.0393 0.012 0.0026 
v -0.0393 0.012 -0.0026 
v -0.0453 0.012 0.0108 
v -0.0449545 0.012 -0.0112755 
v -0.0345 0.012 0.0113 
v -0.0450939 0.012 -0.0112045 
v -0.0448 0.012 -0.0026 
v -0.0451716 0.012 -0.00276543 
v -0.0452045 0.012 -0.00280611 
v -0.04505 0.012 -0.00266699 
v -0.044904 0.012 -0.00261093 
v -0.0449545 0.012 -0.00262447 
v -0.0345 0.012 -0.0113 
v -0.044904 0.012 -0.0112891 
v -0.0448523 0.012 -0.0112973 
v -0.0448 0.012 -0.0113 
v -0.0453 0.012 -0.0108 
v -0.0452973 0.012 -0.0108523 
v -0.0452568 0.012 -0.00289663 
v -0.0452755 0.012 -0.00294549 
v -0.045233 0.012 -0.00285 
v -0.0450034 0.012 -0.00264323 
v -0.0450939 0.012 -0.00269549 
v -0.0448523 0.012 -0.00260274 
v -0.0452891 0.012 -0.010904 
v -0.0452891 0.012 -0.00299604 
v -0.0452973 0.012 -0.00304774 
v -0.0451346 0.012 -0.00272843 
v -0.0453 0.012 -0.0031 
v -0.0495 0.013 0.0155 
v -0.0355 0.013 0.0155 
v -0.0495 0.013 -0.0155 
v -0.0355 0.013 0.0123 
v -0.0495 0.0165 0.0155 
v -0.0355 0.0165 0.0155 
v -0.0355 0.0165 0.0123 
v -0.0448 0.013 0.0123 
v -0.0448 0.0165 0.0123 
v -0.0463 0.013 0.0108 
v -0.0462918 0.013 0.0109568 
v -0.0462672 0.013 0.0111119 
v -0.0462266 0.013 0.0112635 
v -0.0461703 0.013 0.0114101 
v -0.046099 0.013 0.01155 
v -0.0460135 0.013 0.0116817 
v -0.0459147 0.013 0.0118037 
v -0.0458037 0.013 0.0119147 
v -0.0456817 0.013 0.0120135 
v -0.04555 0.013 0.012099 
v -0.0454101 0.013 0.0121703 
v -0.0452635 0.013 0.0122266 
v -0.0451119 0.013 0.0122672 
v -0.0449568 0.013 0.0122918 
v -0.0495 0.0165 -0.0155 
v -0.0355 0.013 -0.0155 
v -0.0355 0.0165 -0.0155 
v -0.0355 0.013 -0.0123 
v -0.0355 0.0165 -0.0123 
v -0.0448 0.013 -0.0123 
v -0.0448 0.0165 -0.0123 
v -0.0449568 0.013 -0.0122918 
v -0.0451119 0.013 -0.0122672 
v -0.0452635 0.013 -0.0122266 
v -0.0454101 0.013 -0.0121703 
v -0.04555 0.013 -0.012099 
v -0.0456817 0.013 -0.0120135 
v -0.0458037 0.013 -0.0119147 
v -0.0459147 0.013 -0.0118037 
v -0.0460135 0.013 -0.0116817 
v -0.046099 0.013 -0.01155 
v -0.0461703 0.013 -0.0114101 
v -0.0462266 0.013 -0.0112635 
v -0.0462672 0.013 -0.0111119 
v -0.0462918 0.013 -0.0109568 
v -0.0463 0.013 -0.0108 
v -0.0463 0.0165 -0.0108 
v -0.0462918 0.0165 -0.0109568 
v -0.0462672 0.0165 -0.0111119 
v -0.0462266 0.0165 -0.0112635 
v -0.0461703 0.0165 -0.0114101 
v -0.046099 0.0165 -0.01155 
v -0.0460135 0.0165 -0.0116817 
v -0.0459147 0.0165 -0.0118037 
v -0.0458037 0.0165 -0.0119147 
v -0.0456817 0.0165 -0.0120135 
v -0.04555 0.0165 -0.012099 
v -0.0454101 0.0165 -0.0121703 
v -0.0452635 0.0165 -0.0122266 
v -0.0451119 0.0165 -0.0122672 
v -0.0449568 0.0165 -0.0122918 
v -0.0463 0.013 -0.0031 
v -0.0463 0.0165 -0.0031 
v -0.0462918 0.013 -0.00294321 
v -0.0462672 0.013 -0.00278813 
v -0.0462266 0.013 -0.00263647 
v -0.0461703 0.013 -0.0024899 
v -0.046099 0.013 -0.00235 
v -0.0460135 0.013 -0.00221832 
v -0.0459147 0.013 -0.0020963 
v -0.0458037 0.013 -0.00198528 
v -0.0456817 0.013 -0.00188647 
v -0.04555 0.013 -0.00180096 
v -0.0454101 0.013 -0.00172968 
v -0.0452635 0.013 -0.00167342 
v -0.0451119 0.013 -0.00163278 
v -0.0449568 0.013 -0.00160822 
v -0.0448 0.013 -0.0016 
v -0.0462918 0.0165 -0.00294321 
v -0.0462672 0.0165 -0.00278813 
v -0.0462266 0.0165 -0.00263647 
v -0.0461703 0.0165 -0.0024899 
v -0.046099 0.0165 -0.00235 
v -0.0460135 0.0165 -0.00221832 
v -0.0459147 0.0165 -0.0020963 
v -0.0458037 0.0165 -0.00198528 
v -0.0456817 0.0165 -0.00188647 
v -0.04555 0.0165 -0.00180096 
v -0.0454101 0.0165 -0.00172968 
v -0.0452635 0.0165 -0.00167342 
v -0.0451119 0.0165 -0.00163278 
v -0.0449568 0.0165 -0.00160822 
v -0.0448 0.0165 -0.0016 
v -0.0403 0.013 -0.0016 
v -0.0403 0.0165 -0.0016 
v -0.0403 0.013 0.0016 
v -0.0403 0.0165 0.0016 
v -0.0448 0.013 0.0016 
v -0.0448 0.0165 0.0016 
v -0.0449568 0.013 0.00160822 
v -0.0451119 0.013 0.00163278 
v -0.0452635 0.013 0.00167342 
v -0.0454101 0.013 0.00172968 
v -0.04555 0.013 0.00180096 
v -0.0456817 0.013 0.00188647 
v -0.0458037 0.013 0.00198528 
v -0.0459147 0.013 0.0020963 
v -0.0460135 0.013 0.00221832 
v -0.046099 0.013 0.00235 
v -0.0461703 0.013 0.0024899 
v -0.0462266 0.013 0.00263647 
v -0.0462672 0.013 0.00278813 
v -0.0462918 0.013 0.00294321 
v -0.0463 0.013 0.0031 
v -0.046099 0.0165 0.01155 
v -0.0460135 0.0165 0.0116817 
v -0.0462266 0.0165 0.0112635 
v -0.0461703 0.0165 0.0114101 
v -0.0462918 0.0165 0.0109568 
v -0.0462672 0.0165 0.0111119 
v -0.0462918 0.0165 0.00294321 
v -0.0463 0.0165 0.0031 
v -0.04555 0.0165 0.00180096 
v -0.0456817 0.0165 0.00188647 
v -0.0449568 0.0165 0.00160822 
v -0.0451119 0.0165 0.00163278 
v -0.0452635 0.0165 0.00167342 
v -0.0454101 0.0165 0.00172968 
v -0.0463 0.0165 0.0108 
v -0.0462672 0.0165 0.00278813 
v -0.0459147 0.0165 0.0020963 
v -0.0462266 0.0165 0.00263647 
v -0.046099 0.0165 0.00235 
v -0.0461703 0.0165 0.0024899 
v -0.0460135 0.0165 0.00221832 
v -0.0458037 0.0165 0.00198528 
v -0.0452635 0.0165 0.0122266 
v -0.0451119 0.0165 0.0122672 
v -0.0456817 0.0165 0.0120135 
v -0.04555 0.0165 0.012099 
v -0.0449568 0.0165 0.0122918 
v -0.0454101 0.0165 0.0121703 
v -0.0458037 0.0165 0.0119147 
v -0.0459147 0.0165 0.0118037 
vn 0.994138 0 -0.108119 
vn 1 0 -2.44929e-16 
vn 0.976621 0 -0.21497 
vn 0.994138 0 -0.108119 
vn 0.947653 0 -0.319302 
vn 0.976621 0 -0.21497 
vn 0.907575 0 -0.419889 
vn 0.947653 0 -0.319302 
vn 0.856857 0 -0.515554 
vn 0.907575 0 -0.419889 
vn 0.796093 0 -0.605174 
vn 0.856857 0 -0.515554 
vn 0.725995 0 -0.687699 
vn 0.796093 0 -0.605174 
vn 0.647386 0 -0.762162 
vn 0.725995 0 -0.687699 
vn 0.561187 0 -0.827689 
vn 0.647386 0 -0.762162 
vn 0.468408 0 -0.883512 
vn 0.561187 0 -0.827689 
vn 0.370138 0 -0.928977 
vn 0.468408 0 -0.883512 
vn 0.267528 0 -0.96355 
vn 0.370138 0 -0.928977 
vn 0.161782 0 -0.986827 
vn 0.267528 0 -0.96355 
vn 0.0541389 0 -0.998533 
vn 0.161782 0 -0.986827 
vn -0.0541389 0 -0.998533 
vn 0.0541389 0 -0.998533 
vn -0.161782 0 -0.986827 
vn -0.0541389 0 -0.998533 
vn -0.267528 0 -0.96355 
vn -0.161782 0 -0.986827 
vn -0.370138 0 -0.928977 
vn -0.267528 0 -0.96355 
vn -0.468408 0 -0.883512 
vn -0.370138 0 -0.928977 
vn -0.561187 0 -0.827689 
vn -0.468408 0 -0.883512 
vn -0.647386 0 -0.762162 
vn -0.561187 0 -0.827689 
vn -0.725995 0 -0.687699 
vn -0.647386 0 -0.762162 
vn -0.796093 0 -0.605174 
vn -0.725995 0 -0.687699 
vn -0.856857 0 -0.515554 
vn -0.796093 0 -0.605174 
vn -0.907575 0 -0.419889 
vn -0.856857 0 -0.515554 
vn -0.947653 0 -0.319302 
vn -0.907575 0 -0.419889 
vn -0.976621 0 -0.21497 
vn -0.947653 0 -0.319302 
vn -0.994138 0 -0.108119 
vn -0.976621 0 -0.21497 
vn -1 0 1.22465e-16 
vn -0.994138 0 -0.108119 
vn -0.994138 0 0.108119 
vn -1 0 1.22465e-16 
vn -0.976621 0 0.21497 
vn -0.994138 0 0.108119 
vn -0.947653 0 0.319302 
vn -0.976621 0 0.21497 
vn -0.907575 0 0.419889 
vn -0.947653 0 0.319302 
vn -0.856857 0 0.515554 
vn -0.907575 0 0.419889 
vn -0.796093 0 0.605174 
vn -0.856857 0 0.515554 
vn -0.725995 0 0.687699 
vn -0.796093 0 0.605174 
vn -0.647386 0 0.762162 
vn -0.725995 0 0.687699 
vn -0.561187 0 0.827689 
vn -0.647386 0 0.762162 
vn -0.468408 0 0.883512 
vn -0.561187 0 0.827689 
vn -0.370138 0 0.928977 
vn -0.468408 0 0.883512 
vn -0.267528 0 0.96355 
vn -0.370138 0 0.928977 
vn -0.161782 0 0.986827 
vn -0.267528 0 0.96355 
vn -0.0541389 0 0.998533 
vn -0.161782 0 0.986827 
vn 0.0541389 0 0.998533 
vn -0.0541389 0 0.998533 
vn 0.161782 0 0.986827 
vn 0.0541389 0 0.998533 
vn 0.267528 0 0.96355 
vn 0.161782 0 0.986827 
vn 0.370138 0 0.928977 
vn 0.267528 0 0.96355 
vn 0.468408 0 0.883512 
vn 0.370138 0 0.928977 
vn 0.561187 0 0.827689 
vn 0.468408 0 0.883512 
vn 0.647386 0 0.762162 
vn 0.561187 0 0.827689 
vn 0.725995 0 0.687699 
vn 0.647386 0 0.762162 
vn 0.796093 0 0.605174 
vn 0.725995 0 0.687699 
vn 0.856857 0 0.515554 
vn 0.796093 0 0.605174 
vn 0.907575 0 0.419889 
vn 0.856857 0 0.515554 
vn 0.947653 0 0.319302 
vn 0.907575 0 0.419889 
vn 0.976621 0 0.21497 
vn 0.947653 0 0.319302 
vn 0.994138 0 0.108119 
vn 0.976621 0 0.21497 
vn 0 1 0 
vn 1 0 0 
vn -1 0 -1.11918e-16 
vn 6.12323e-17 0 -1 
vn -0.104528 0 -0.994522 
vn -0.207912 0 -0.978148 
vn -0.309017 0 -0.951057 
vn -0.406737 0 -0.913545 
vn -0.5 0 -0.866025 
vn -0.587785 0 -0.809017 
vn -0.669131 0 -0.743145 
vn -0.743145 0 -0.669131 
vn -0.809017 0 -0.587785 
vn -0.866025 0 -0.5 
vn -0.913545 0 -0.406737 
vn -0.951057 0 -0.309017 
vn -0.978148 0 -0.207912 
vn -0.994522 0 -0.104528 
vn -1 0 -1.22465e-16 
vn 1.83697e-16 0 1 
vn -0.104528 0 0.994522 
vn -0.207912 0 0.978148 
vn -0.309017 0 0.951057 
vn -0.406737 0 0.913545 
vn -0.5 0 0.866025 
vn -0.587785 0 0.809017 
vn -0.669131 0 0.743145 
vn -0.743145 0 0.669131 
vn -0.74526 0 0.666774 
vn -0.809017 0 0.587785 
vn -0.866025 0 0.5 
vn -0.913545 0 0.406737 
vn -0.951057 0 0.309017 
vn -0.978148 0 0.207912 
vn -0.994522 0 0.104528 
vn -1 0 2.44929e-16 
vn 0.994138 0 -0.108119 
vn 1 0 -2.44929e-16 
vn 0.976621 0 -0.21497 
vn 0.994138 0 -0.108119 
vn 0.947653 0 -0.319302 
vn 0.976621 0 -0.21497 
vn 0.907575 0 -0.419889 
vn 0.947653 0 -0.319302 
vn 0.856857 0 -0.515554 
vn 0.907575 0 -0.419889 
vn 0.796093 0 -0.605174 
vn 0.856857 0 -0.515554 
vn 0.725995 0 -0.687699 
vn 0.796093 0 -0.605174 
vn 0.647386 0 -0.762162 
vn 0.725995 0 -0.687699 
vn 0.561187 0 -0.827689 
vn 0.647386 0 -0.762162 
vn 0.468408 0 -0.883512 
vn 0.561187 0 -0.827689 
vn 0.370138 0 -0.928977 
vn 0.468408 0 -0.883512 
vn 0.267528 0 -0.96355 
vn 0.370138 0 -0.928977 
vn 0.161782 0 -0.986827 
vn 0.267528 0 -0.96355 
vn 0.0541389 0 -0.998533 
vn 0.161782 0 -0.986827 
vn -0.0541389 0 -0.998533 
vn 0.0541389 0 -0.998533 
vn -0.161782 0 -0.986827 
vn -0.0541389 0 -0.998533 
vn -0.267528 0 -0.96355 
vn -0.161782 0 -0.986827 
vn -0.370138 0 -0.928977 
vn -0.267528 0 -0.96355 
vn -0.468408 0 -0.883512 
vn -0.370138 0 -0.928977 
vn -0.561187 0 -0.827689 
vn -0.468408 0 -0.883512 
vn -0.647386 0 -0.762162 
vn -0.561187 0 -0.827689 
vn -0.725995 0 -0.687699 
vn -0.647386 0 -0.762162 
vn -0.796093 0 -0.605174 
vn -0.725995 0 -0.687699 
vn -0.856857 0 -0.515554 
vn -0.796093 0 -0.605174 
vn -0.907575 0 -0.419889 
vn -0.856857 0 -0.515554 
vn -0.947653 0 -0.319302 
vn -0.907575 0 -0.419889 
vn -0.976621 0 -0.21497 
vn -0.947653 0 -0.319302 
vn -0.994138 0 -0.108119 
vn -0.976621 0 -0.21497 
vn -1 0 1.22465e-16 
vn -0.994138 0 -0.108119 
vn -0.994138 0 0.108119 
vn -1 0 1.22465e-16 
vn -0.976621 0 0.21497 
vn -0.994138 0 0.108119 
vn -0.947653 0 0.319302 
vn -0.976621 0 0.21497 
vn -0.907575 0 0.419889 
vn -0.947653 0 0.319302 
vn -0.856857 0 0.515554 
vn -0.907575 0 0.419889 
vn -0.796093 0 0.605174 
vn -0.856857 0 0.515554 
vn -0.725995 0 0.687699 
vn -0.796093 0 0.605174 
vn -0.647386 0 0.762162 
vn -0.725995 0 0.687699 
vn -0.561187 0 0.827689 
vn -0.647386 0 0.762162 
vn -0.468408 0 0.883512 
vn -0.561187 0 0.827689 
vn -0.370138 0 0.928977 
vn -0.468408 0 0.883512 
vn -0.267528 0 0.96355 
vn -0.370138 0 0.928977 
vn -0.161782 0 0.986827 
vn -0.267528 0 0.96355 
vn -0.0541389 0 0.998533 
vn -0.161782 0 0.986827 
vn 0.0541389 0 0.998533 
vn -0.0541389 0 0.998533 
vn 0.161782 0 0.986827 
vn 0.0541389 0 0.998533 
vn 0.267528 0 0.96355 
vn 0.161782 0 0.986827 
vn 0.370138 0 0.928977 
vn 0.267528 0 0.96355 
vn 0.468408 0 0.883512 
vn 0.370138 0 0.928977 
vn 0.561187 0 0.827689 
vn 0.468408 0 0.883512 
vn 0.647386 0 0.762162 
vn 0.561187 0 0.827689 
vn 0.725995 0 0.687699 
vn 0.647386 0 0.762162 
vn 0.796093 0 0.605174 
vn 0.725995 0 0.687699 
vn 0.856857 0 0.515554 
vn 0.796093 0 0.605174 
vn 0.907575 0 0.419889 
vn 0.856857 0 0.515554 
vn 0.947653 0 0.319302 
vn 0.907575 0 0.419889 
vn 0.976621 0 0.21497 
vn 0.947653 0 0.319302 
vn 0.994138 0 0.108119 
vn 0.976621 0 0.21497 
vn 1 0 0 
vn 0 0 -1 
vn 0 0 1 
vn 1 0 0 
vn 0.104528 0 0.994522 
vn 0.207912 0 0.978148 
vn 0.309017 0 0.951057 
vn 0.406737 0 0.913545 
vn 0.5 0 0.866025 
vn 0.587785 0 0.809017 
vn 0.669131 0 0.743145 
vn 0.743145 0 0.669131 
vn 0.809017 0 0.587785 
vn 0.866025 0 0.5 
vn 0.913545 0 0.406737 
vn 0.951057 0 0.309017 
vn 0.978148 0 0.207912 
vn 0.994522 0 0.104528 
vn 1 0 2.44929e-16 
vn -6.12323e-17 0 -1 
vn 0.104528 0 -0.994522 
vn 0.207912 0 -0.978148 
vn 0.309017 0 -0.951057 
vn 0.406737 0 -0.913545 
vn 0.5 0 -0.866025 
vn 0.587785 0 -0.809017 
vn 0.669131 0 -0.743145 
vn 0.743145 0 -0.669131 
vn 0.809017 0 -0.587785 
vn 0.866025 0 -0.5 
vn 0.913545 0 -0.406737 
vn 0.951057 0 -0.309017 
vn 0.978148 0 -0.207912 
vn 0.994522 0 -0.104528 
vn 1 0 -1.22465e-16 
vn 0.994522 0 0.104528 
vn 0.978148 0 0.207912 
vn 0.951057 0 0.309017 
vn 0.913545 0 0.406737 
vn 0.866025 0 0.5 
vn 0.809017 0 0.587785 
vn 0.743145 0 0.669131 
vn 0.669131 0 0.743145 
vn 0.587785 0 0.809017 
vn 0.5 0 0.866025 
vn 0.406737 0 0.913545 
vn 0.309017 0 0.951057 
vn 0.207912 0 0.978148 
vn 0.104528 0 0.994522 
vn -6.12323e-17 0 1 
vn 0.994522 0 -0.104528 
vn 1 0 -2.44929e-16 
vn 0.978148 0 -0.207912 
vn 0.994522 0 -0.104528 
vn 0.951057 0 -0.309017 
vn 0.978148 0 -0.207912 
vn 0.913545 0 -0.406737 
vn 0.951057 0 -0.309017 
vn 0.866025 0 -0.5 
vn 0.913545 0 -0.406737 
vn 0.809017 0 -0.587785 
vn 0.866025 0 -0.5 
vn 0.743145 0 -0.669131 
vn 0.809017 0 -0.587785 
vn 0.669131 0 -0.743145 
vn 0.743145 0 -0.669131 
vn 0.587785 0 -0.809017 
vn 0.669131 0 -0.743145 
vn 0.5 0 -0.866025 
vn 0.587785 0 -0.809017 
vn 0.406737 0 -0.913545 
vn 0.5 0 -0.866025 
vn 0.309017 0 -0.951057 
vn 0.406737 0 -0.913545 
vn 0.207912 0 -0.978148 
vn 0.309017 0 -0.951057 
vn 0.104528 0 -0.994522 
vn 0.207912 0 -0.978148 
vn -1.83697e-16 0 -1 
vn 0.104528 0 -0.994522 
vn 1 0 1.11918e-16 
vn -1.83697e-16 0 1 
vn 0.104528 0 0.994522 
vn 0.207912 0 0.978148 
vn 0.309017 0 0.951057 
vn 0.406737 0 0.913545 
vn 0.5 0 0.866025 
vn 0.587785 0 0.809017 
vn 0.669131 0 0.743145 
vn 0.743145 0 0.669131 
vn 0.809017 0 0.587785 
vn 0.74526 0 0.666774 
vn 0.866025 0 0.5 
vn 0.913545 0 0.406737 
vn 0.951057 0 0.309017 
vn 0.978148 0 0.207912 
vn 0.994522 0 0.104528 
vn 1 0 2.44929e-16 
vn 0.743145 0 0.669131 
vn -6.12323e-17 0 -1 
vn 0.104528 0 -0.994522 
vn 0.207912 0 -0.978148 
vn 0.309017 0 -0.951057 
vn 0.406737 0 -0.913545 
vn 0.5 0 -0.866025 
vn 0.587785 0 -0.809017 
vn 0.669131 0 -0.743145 
vn 0.743145 0 -0.669131 
vn 0.809017 0 -0.587785 
vn 0.866025 0 -0.5 
vn 0.913545 0 -0.406737 
vn 0.951057 0 -0.309017 
vn 0.978148 0 -0.207912 
vn 0.994522 0 -0.104528 
vn 1 0 -1.22465e-16 
vn 0.994138 0 -0.108119 
vn 0.976621 0 -0.21497 
vn 0.947653 0 -0.319302 
vn 0.907575 0 -0.419889 
vn 0.856857 0 -0.515554 
vn 0.796093 0 -0.605174 
vn 0.725995 0 -0.687699 
vn 0.647386 0 -0.762162 
vn 0.561187 0 -0.827689 
vn 0.468408 0 -0.883512 
vn 0.370138 0 -0.928977 
vn 0.267528 0 -0.96355 
vn 0.161782 0 -0.986827 
vn 0.0541389 0 -0.998533 
vn -0.0541389 0 -0.998533 
vn -0.161782 0 -0.986827 
vn -0.267528 0 -0.96355 
vn -0.370138 0 -0.928977 
vn -0.468408 0 -0.883512 
vn -0.561187 0 -0.827689 
vn -0.647386 0 -0.762162 
vn -0.725995 0 -0.687699 
vn -0.796093 0 -0.605174 
vn -0.856857 0 -0.515554 
vn -0.907575 0 -0.419889 
vn -0.947653 0 -0.319302 
vn -0.976621 0 -0.21497 
vn -0.994138 0 -0.108119 
vn -1 0 1.22465e-16 
vn -0.994138 0 0.108119 
vn -0.976621 0 0.21497 
vn -0.947653 0 0.319302 
vn -0.907575 0 0.419889 
vn -0.856857 0 0.515554 
vn -0.796093 0 0.605174 
vn -0.725995 0 0.687699 
vn -0.647386 0 0.762162 
vn -0.561187 0 0.827689 
vn -0.468408 0 0.883512 
vn -0.370138 0 0.928977 
vn -0.267528 0 0.96355 
vn -0.161782 0 0.986827 
vn -0.0541389 0 0.998533 
vn 0.0541389 0 0.998533 
vn 0.161782 0 0.986827 
vn 0.267528 0 0.96355 
vn 0.370138 0 0.928977 
vn 0.468408 0 0.883512 
vn 0.561187 0 0.827689 
vn 0.647386 0 0.762162 
vn 0.725995 0 0.687699 
vn 0.796093 0 0.605174 
vn 0.856857 0 0.515554 
vn 0.907575 0 0.419889 
vn 0.947653 0 0.319302 
vn 0.976621 0 0.21497 
vn 0.994138 0 0.108119 
vn 0.994138 0 -0.108119 
vn 1 0 -2.44929e-16 
vn 0.976621 0 -0.21497 
vn 0.994138 0 -0.108119 
vn 0.947653 0 -0.319302 
vn 0.976621 0 -0.21497 
vn 0.907575 0 -0.419889 
vn 0.947653 0 -0.319302 
vn 0.856857 0 -0.515554 
vn 0.907575 0 -0.419889 
vn 0.796093 0 -0.605174 
vn 0.856857 0 -0.515554 
vn 0.725995 0 -0.687699 
vn 0.796093 0 -0.605174 
vn 0.647386 0 -0.762162 
vn 0.725995 0 -0.687699 
vn 0.561187 0 -0.827689 
vn 0.647386 0 -0.762162 
vn 0.468408 0 -0.883512 
vn 0.561187 0 -0.827689 
vn 0.370138 0 -0.928977 
vn 0.468408 0 -0.883512 
vn 0.267528 0 -0.96355 
vn 0.370138 0 -0.928977 
vn 0.161782 0 -0.986827 
vn 0.267528 0 -0.96355 
vn 0.0541389 0 -0.998533 
vn 0.161782 0 -0.986827 
vn -0.0541389 0 -0.998533 
vn 0.0541389 0 -0.998533 
vn -0.161782 0 -0.986827 
vn -0.0541389 0 -0.998533 
vn -0.267528 0 -0.96355 
vn -0.161782 0 -0.986827 
vn -0.370138 0 -0.928977 
vn -0.267528 0 -0.96355 
vn -0.468408 0 -0.883512 
vn -0.370138 0 -0.928977 
vn -0.561187 0 -0.827689 
vn -0.468408 0 -0.883512 
vn -0.647386 0 -0.762162 
vn -0.561187 0 -0.827689 
vn -0.725995 0 -0.687699 
vn -0.647386 0 -0.762162 
vn -0.796093 0 -0.605174 
vn -0.725995 0 -0.687699 
vn -0.856857 0 -0.515554 
vn -0.796093 0 -0.605174 
vn -0.907575 0 -0.419889 
vn -0.856857 0 -0.515554 
vn -0.947653 0 -0.319302 
vn -0.907575 0 -0.419889 
vn -0.976621 0 -0.21497 
vn -0.947653 0 -0.319302 
vn -0.994138 0 -0.108119 
vn -0.976621 0 -0.21497 
vn -1 0 1.22465e-16 
vn -0.994138 0 -0.108119 
vn -0.994138 0 0.108119 
vn -1 0 1.22465e-16 
vn -0.976621 0 0.21497 
vn -0.994138 0 0.108119 
vn -0.947653 0 0.319302 
vn -0.976621 0 0.21497 
vn -0.907575 0 0.419889 
vn -0.947653 0 0.319302 
vn -0.856857 0 0.515554 
vn -0.907575 0 0.419889 
vn -0.796093 0 0.605174 
vn -0.856857 0 0.515554 
vn -0.725995 0 0.687699 
vn -0.796093 0 0.605174 
vn -0.647386 0 0.762162 
vn -0.725995 0 0.687699 
vn -0.561187 0 0.827689 
vn -0.647386 0 0.762162 
vn -0.468408 0 0.883512 
vn -0.561187 0 0.827689 
vn -0.370138 0 0.928977 
vn -0.468408 0 0.883512 
vn -0.267528 0 0.96355 
vn -0.370138 0 0.928977 
vn -0.161782 0 0.986827 
vn -0.267528 0 0.96355 
vn -0.0541389 0 0.998533 
vn -0.161782 0 0.986827 
vn 0.0541389 0 0.998533 
vn -0.0541389 0 0.998533 
vn 0.161782 0 0.986827 
vn 0.0541389 0 0.998533 
vn 0.267528 0 0.96355 
vn 0.161782 0 0.986827 
vn 0.370138 0 0.928977 
vn 0.267528 0 0.96355 
vn 0.468408 0 0.883512 
vn 0.370138 0 0.928977 
vn 0.561187 0 0.827689 
vn 0.468408 0 0.883512 
vn 0.647386 0 0.762162 
vn 0.561187 0 0.827689 
vn 0.725995 0 0.687699 
vn 0.647386 0 0.762162 
vn 0.796093 0 0.605174 
vn 0.725995 0 0.687699 
vn 0.856857 0 0.515554 
vn 0.796093 0 0.605174 
vn 0.907575 0 0.419889 
vn 0.856857 0 0.515554 
vn 0.947653 0 0.319302 
vn 0.907575 0 0.419889 
vn 0.976621 0 0.21497 
vn 0.947653 0 0.319302 
vn 0.994138 0 0.108119 
vn 0.976621 0 0.21497 
vn 0.994138 0 -0.108119 
vn 1 0 -2.44929e-16 
vn 0.976621 0 -0.21497 
vn 0.994138 0 -0.108119 
vn 0.947653 0 -0.319302 
vn 0.976621 0 -0.21497 
vn 0.907575 0 -0.419889 
vn 0.947653 0 -0.319302 
vn 0.856857 0 -0.515554 
vn 0.907575 0 -0.419889 
vn 0.796093 0 -0.605174 
vn 0.856857 0 -0.515554 
vn 0.725995 0 -0.687699 
vn 0.796093 0 -0.605174 
vn 0.647386 0 -0.762162 
vn 0.725995 0 -0.687699 
vn 0.561187 0 -0.827689 
vn 0.647386 0 -0.762162 
vn 0.468408 0 -0.883512 
vn 0.561187 0 -0.827689 
vn 0.370138 0 -0.928977 
vn 0.468408 0 -0.883512 
vn 0.267528 0 -0.96355 
vn 0.370138 0 -0.928977 
vn 0.161782 0 -0.986827 
vn 0.267528 0 -0.96355 
vn 0.0541389 0 -0.998533 
vn 0.161782 0 -0.986827 
vn -0.0541389 0 -0.998533 
vn 0.0541389 0 -0.998533 
vn -0.161782 0 -0.986827 
vn -0.0541389 0 -0.998533 
vn -0.267528 0 -0.96355 
vn -0.161782 0 -0.986827 
vn -0.370138 0 -0.928977 
vn -0.267528 0 -0.96355 
vn -0.468408 0 -0.883512 
vn -0.370138 0 -0.928977 
vn -0.561187 0 -0.827689 
vn -0.468408 0 -0.883512 
vn -0.647386 0 -0.762162 
vn -0.561187 0 -0.827689 
vn -0.725995 0 -0.687699 
vn -0.647386 0 -0.762162 
vn -0.796093 0 -0.605174 
vn -0.725995 0 -0.687699 
vn -0.856857 0 -0.515554 
vn -0.796093 0 -0.605174 
vn -0.907575 0 -0.419889 
vn -0.856857 0 -0.515554 
vn -0.947653 0 -0.319302 
vn -0.907575 0 -0.419889 
vn -0.976621 0 -0.21497 
vn -0.947653 0 -0.319302 
vn -0.994138 0 -0.108119 
vn -0.976621 0 -0.21497 
vn -1 0 1.22465e-16 
vn -0.994138 0 -0.108119 
vn -0.994138 0 0.108119 
vn -1 0 1.22465e-16 
vn -0.976621 0 0.21497 
vn -0.994138 0 0.108119 
vn -0.947653 0 0.319302 
vn -0.976621 0 0.21497 
vn -0.907575 0 0.419889 
vn -0.947653 0 0.319302 
vn -0.856857 0 0.515554 
vn -0.907575 0 0.419889 
vn -0.796093 0 0.605174 
vn -0.856857 0 0.515554 
vn -0.725995 0 0.687699 
vn -0.796093 0 0.605174 
vn -0.647386 0 0.762162 
vn -0.725995 0 0.687699 
vn -0.561187 0 0.827689 
vn -0.647386 0 0.762162 
vn -0.468408 0 0.883512 
vn -0.561187 0 0.827689 
vn -0.370138 0 0.928977 
vn -0.468408 0 0.883512 
vn -0.267528 0 0.96355 
vn -0.370138 0 0.928977 
vn -0.161782 0 0.986827 
vn -0.267528 0 0.96355 
vn -0.0541389 0 0.998533 
vn -0.161782 0 0.986827 
vn 0.0541389 0 0.998533 
vn -0.0541389 0 0.998533 
vn 0.161782 0 0.986827 
vn 0.0541389 0 0.998533 
vn 0.267528 0 0.96355 
vn 0.161782 0 0.986827 
vn 0.370138 0 0.928977 
vn 0.267528 0 0.96355 
vn 0.468408 0 0.883512 
vn 0.370138 0 0.928977 
vn 0.561187 0 0.827689 
vn 0.468408 0 0.883512 
vn 0.647386 0 0.762162 
vn 0.561187 0 0.827689 
vn 0.725995 0 0.687699 
vn 0.647386 0 0.762162 
vn 0.796093 0 0.605174 
vn 0.725995 0 0.687699 
vn 0.856857 0 0.515554 
vn 0.796093 0 0.605174 
vn 0.907575 0 0.419889 
vn 0.856857 0 0.515554 
vn 0.947653 0 0.319302 
vn 0.907575 0 0.419889 
vn 0.976621 0 0.21497 
vn 0.947653 0 0.319302 
vn 0.994138 0 0.108119 
vn 0.976621 0 0.21497 
vn 0.994138 0 -0.108119 
vn 1 0 -2.44929e-16 
vn 0.976621 0 -0.21497 
vn 0.994138 0 -0.108119 
vn 0.947653 0 -0.319302 
vn 0.976621 0 -0.21497 
vn 0.907575 0 -0.419889 
vn 0.947653 0 -0.319302 
vn 0.856857 0 -0.515554 
vn 0.907575 0 -0.419889 
vn 0.796093 0 -0.605174 
vn 0.856857 0 -0.515554 
vn 0.725995 0 -0.687699 
vn 0.796093 0 -0.605174 
vn 0.647386 0 -0.762162 
vn 0.725995 0 -0.687699 
vn 0.561187 0 -0.827689 
vn 0.647386 0 -0.762162 
vn 0.468408 0 -0.883512 
vn 0.561187 0 -0.827689 
vn 0.370138 0 -0.928977 
vn 0.468408 0 -0.883512 
vn 0.267528 0 -0.96355 
vn 0.370138 0 -0.928977 
vn 0.161782 0 -0.986827 
vn 0.267528 0 -0.96355 
vn 0.0541389 0 -0.998533 
vn 0.161782 0 -0.986827 
vn -0.0541389 0 -0.998533 
vn 0.0541389 0 -0.998533 
vn -0.161782 0 -0.986827 
vn -0.0541389 0 -0.998533 
vn -0.267528 0 -0.96355 
vn -0.161782 0 -0.986827 
vn -0.370138 0 -0.928977 
vn -0.267528 0 -0.96355 
vn -0.468408 0 -0.883512 
vn -0.370138 0 -0.928977 
vn -0.561187 0 -0.827689 
vn -0.468408 0 -0.883512 
vn -0.647386 0 -0.762162 
vn -0.561187 0 -0.827689 
vn -0.725995 0 -0.687699 
vn -0.647386 0 -0.762162 
vn -0.796093 0 -0.605174 
vn -0.725995 0 -0.687699 
vn -0.856857 0 -0.515554 
vn -0.796093 0 -0.605174 
vn -0.907575 0 -0.419889 
vn -0.856857 0 -0.515554 
vn -0.947653 0 -0.319302 
vn -0.907575 0 -0.419889 
vn -0.976621 0 -0.21497 
vn -0.947653 0 -0.319302 
vn -0.994138 0 -0.108119 
vn -0.976621 0 -0.21497 
vn -1 0 1.22465e-16 
vn -0.994138 0 -0.108119 
vn -0.994138 0 0.108119 
vn -1 0 1.22465e-16 
vn -0.976621 0 0.21497 
vn -0.994138 0 0.108119 
vn -0.947653 0 0.319302 
vn -0.976621 0 0.21497 
vn -0.907575 0 0.419889 
vn -0.947653 0 0.319302 
vn -0.856857 0 0.515554 
vn -0.907575 0 0.419889 
vn -0.796093 0 0.605174 
vn -0.856857 0 0.515554 
vn -0.725995 0 0.687699 
vn -0.796093 0 0.605174 
vn -0.647386 0 0.762162 
vn -0.725995 0 0.687699 
vn -0.561187 0 0.827689 
vn -0.647386 0 0.762162 
vn -0.468408 0 0.883512 
vn -0.561187 0 0.827689 
vn -0.370138 0 0.928977 
vn -0.468408 0 0.883512 
vn -0.267528 0 0.96355 
vn -0.370138 0 0.928977 
vn -0.161782 0 0.986827 
vn -0.267528 0 0.96355 
vn -0.0541389 0 0.998533 
vn -0.161782 0 0.986827 
vn 0.0541389 0 0.998533 
vn -0.0541389 0 0.998533 
vn 0.161782 0 0.986827 
vn 0.0541389 0 0.998533 
vn 0.267528 0 0.96355 
vn 0.161782 0 0.986827 
vn 0.370138 0 0.928977 
vn 0.267528 0 0.96355 
vn 0.468408 0 0.883512 
vn 0.370138 0 0.928977 
vn 0.561187 0 0.827689 
vn 0.468408 0 0.883512 
vn 0.647386 0 0.762162 
vn 0.561187 0 0.827689 
vn 0.725995 0 0.687699 
vn 0.647386 0 0.762162 
vn 0.796093 0 0.605174 
vn 0.725995 0 0.687699 
vn 0.856857 0 0.515554 
vn 0.796093 0 0.605174 
vn 0.907575 0 0.419889 
vn 0.856857 0 0.515554 
vn 0.947653 0 0.319302 
vn 0.907575 0 0.419889 
vn 0.976621 0 0.21497 
vn 0.947653 0 0.319302 
vn 0.994138 0 0.108119 
vn 0.976621 0 0.21497 
vn 0 0 -1 
vn 0 0 1 
vn -1 0 0 
vn 0 1 0 
vn -2.44929e-16 0 -1 
vn 2.44929e-16 0 1 
vn -1 0 0 
vn 0 1 0 
vn -2.44929e-16 0 -1 
vn 2.44929e-16 0 1 
vn -1 0 0 
vn 0 1 0 
vn -1.22465e-16 0 -1 
vn 1.22465e-16 0 1 
vn -1 0 0 
vn 0 1 0 
vn 6.12323e-17 0 -1 
vn -0.104528 0 -0.994522 
vn -0.207912 0 -0.978148 
vn -0.309017 0 -0.951057 
vn -0.406737 0 -0.913545 
vn -0.5 0 -0.866025 
vn -0.587785 0 -0.809017 
vn -0.669131 0 -0.743145 
vn -0.743145 0 -0.669131 
vn -0.809017 0 -0.587785 
vn -0.866025 0 -0.5 
vn -0.913545 0 -0.406737 
vn -0.951057 0 -0.309017 
vn -0.978148 0 -0.207912 
vn -0.994522 0 -0.104528 
vn -1 0 -1.22465e-16 
vn 6.12323e-17 0 -1 
vn -0.104528 0 -0.994522 
vn -0.207912 0 -0.978148 
vn -0.309017 0 -0.951057 
vn -0.406737 0 -0.913545 
vn -0.5 0 -0.866025 
vn -0.587785 0 -0.809017 
vn -0.669131 0 -0.743145 
vn -0.743145 0 -0.669131 
vn -0.809017 0 -0.587785 
vn -0.866025 0 -0.5 
vn -0.913545 0 -0.406737 
vn -0.951057 0 -0.309017 
vn -0.978148 0 -0.207912 
vn -0.994522 0 -0.104528 
vn -1 0 -1.22465e-16 
vn 0 1 0 
vn -8.1634e-17 0 -1 
vn -1 0 -3.05678e-16 
vn 0 -1 0 
vn 1.83697e-16 0 1 
vn -0.104528 0 0.994522 
vn -0.207912 0 0.978148 
vn -0.309017 0 0.951057 
vn -0.406737 0 0.913545 
vn -0.5 0 0.866025 
vn -0.587785 0 0.809017 
vn -0.669131 0 0.743145 
vn -0.743145 0 0.669131 
vn -0.809017 0 0.587785 
vn -0.866025 0 0.5 
vn -0.913545 0 0.406737 
vn -0.951057 0 0.309017 
vn -0.978148 0 0.207912 
vn -0.994522 0 0.104528 
vn -1 0 2.44929e-16 
vn 1.83697e-16 0 1 
vn -0.104528 0 0.994522 
vn -0.207912 0 0.978148 
vn -0.309017 0 0.951057 
vn -0.406737 0 0.913545 
vn -0.5 0 0.866025 
vn -0.587785 0 0.809017 
vn -0.669131 0 0.743145 
vn -0.743145 0 0.669131 
vn -0.809017 0 0.587785 
vn -0.866025 0 0.5 
vn -0.913545 0 0.406737 
vn -0.951057 0 0.309017 
vn -0.978148 0 0.207912 
vn -0.994522 0 0.104528 
vn -1 0 2.44929e-16 
vn 8.1634e-17 0 1 
vn 0 1 0 
vn -1 0 -3.05678e-16 
vn 0 -1 0 
vn 0 -0.707107 -0.707107 
vn 0.707107 -0.707107 1.99453e-16 
vn -0.707107 -0.707107 0 
vn 0 0 -1 
vn -1 0 0 
vn -1.13577e-16 -0.707107 0.707107 
vn -1.60623e-16 0 1 
vn -0.707107 -0.707107 -8.65956e-17 
vn -0.703233 -0.707107 0.0739128 
vn -0.691655 -0.707107 0.147016 
vn -0.672499 -0.707107 0.218508 
vn -0.645974 -0.707107 0.287606 
vn -0.612372 -0.707107 0.353553 
vn -0.572061 -0.707107 0.415627 
vn -0.525483 -0.707107 0.473147 
vn -0.473147 -0.707107 0.525483 
vn -0.415627 -0.707107 0.572061 
vn -0.353553 -0.707107 0.612372 
vn -0.287606 -0.707107 0.645974 
vn -0.218508 -0.707107 0.672499 
vn -0.147016 -0.707107 0.691655 
vn -0.0739128 -0.707107 0.703233 
vn -9.81308e-17 -0.707107 0.707107 
vn 1 0 2.82069e-16 
vn 0 0 1 
vn -0.707107 -0.707107 0 
vn -1 0 0 
vn 1.13577e-16 -0.707107 -0.707107 
vn 1.60623e-16 0 -1 
vn -0.0739128 -0.707107 -0.703233 
vn -0.147016 -0.707107 -0.691655 
vn -0.218508 -0.707107 -0.672499 
vn -0.287606 -0.707107 -0.645974 
vn -0.353553 -0.707107 -0.612372 
vn -0.415627 -0.707107 -0.572061 
vn -0.473147 -0.707107 -0.525483 
vn -0.525483 -0.707107 -0.473147 
vn -0.572061 -0.707107 -0.415627 
vn -0.612372 -0.707107 -0.353553 
vn -0.645974 -0.707107 -0.287606 
vn -0.672499 -0.707107 -0.218508 
vn -0.691655 -0.707107 -0.147016 
vn -0.703233 -0.707107 -0.0739128 
vn -0.707107 -0.707107 -9.81308e-17 
vn -1 0 0 
vn -0.994522 0 -0.104528 
vn -0.978148 0 -0.207912 
vn -0.951057 0 -0.309017 
vn -0.913545 0 -0.406737 
vn -0.866025 0 -0.5 
vn -0.809017 0 -0.587785 
vn -0.743145 0 -0.669131 
vn -0.669131 0 -0.743145 
vn -0.587785 0 -0.809017 
vn -0.5 0 -0.866025 
vn -0.406737 0 -0.913545 
vn -0.309017 0 -0.951057 
vn -0.207912 0 -0.978148 
vn -0.104528 0 -0.994522 
vn -6.12323e-17 0 -1 
vn -0.707107 -0.707107 -4.58555e-16 
vn -1 0 -6.48495e-16 
vn -0.703233 -0.707107 0.0739128 
vn -0.691655 -0.707107 0.147016 
vn -0.672499 -0.707107 0.218508 
vn -0.645974 -0.707107 0.287606 
vn -0.612372 -0.707107 0.353553 
vn -0.572061 -0.707107 0.415627 
vn -0.525483 -0.707107 0.473147 
vn -0.473147 -0.707107 0.525483 
vn -0.415627 -0.707107 0.572061 
vn -0.353553 -0.707107 0.612372 
vn -0.287606 -0.707107 0.645974 
vn -0.218508 -0.707107 0.672499 
vn -0.147016 -0.707107 0.691655 
vn -0.0739128 -0.707107 0.703233 
vn -4.51402e-16 -0.707107 0.707107 
vn -1 0 -1.22465e-16 
vn -0.994522 0 0.104528 
vn -0.978148 0 0.207912 
vn -0.951057 0 0.309017 
vn -0.913545 0 0.406737 
vn -0.866025 0 0.5 
vn -0.809017 0 0.587785 
vn -0.743145 0 0.669131 
vn -0.669131 0 0.743145 
vn -0.587785 0 0.809017 
vn -0.5 0 0.866025 
vn -0.406737 0 0.913545 
vn -0.309017 0 0.951057 
vn -0.207912 0 0.978148 
vn -0.104528 0 0.994522 
vn -1.83697e-16 0 1 
vn 0 -0.707107 0.707107 
vn -0.707107 -0.707107 0 
vn -1 0 0 
vn 0 -0.707107 -0.707107 
vn 0 0 -1 
vn -0.0739128 -0.707107 -0.703233 
vn -0.147016 -0.707107 -0.691655 
vn -0.218508 -0.707107 -0.672499 
vn -0.287606 -0.707107 -0.645974 
vn -0.353553 -0.707107 -0.612372 
vn -0.415627 -0.707107 -0.572061 
vn -0.473147 -0.707107 -0.525483 
vn -0.525483 -0.707107 -0.473147 
vn -0.572061 -0.707107 -0.415627 
vn -0.612372 -0.707107 -0.353553 
vn -0.645974 -0.707107 -0.287606 
vn -0.672499 -0.707107 -0.218508 
vn -0.691655 -0.707107 -0.147016 
vn -0.703233 -0.707107 -0.0739128 
vn -0.707107 -0.707107 -9.81308e-17 
vn 0 -1 0 
vn -1 0 0 
vn -0.994522 0 -0.104528 
vn -0.978148 0 -0.207912 
vn -0.951057 0 -0.309017 
vn -0.913545 0 -0.406737 
vn -0.866025 0 -0.5 
vn -0.809017 0 -0.587785 
vn -0.743145 0 -0.669131 
vn -0.669131 0 -0.743145 
vn -0.587785 0 -0.809017 
vn -0.5 0 -0.866025 
vn -0.406737 0 -0.913545 
vn -0.309017 0 -0.951057 
vn -0.207912 0 -0.978148 
vn -0.104528 0 -0.994522 
vn -6.12323e-17 0 -1 
vn -1 0 -1.22465e-16 
vn -0.994522 0 0.104528 
vn -0.978148 0 0.207912 
vn -0.951057 0 0.309017 
vn -0.913545 0 0.406737 
vn -0.866025 0 0.5 
vn -0.809017 0 0.587785 
vn -0.743145 0 0.669131 
vn -0.669131 0 0.743145 
vn -0.587785 0 0.809017 
vn -0.5 0 0.866025 
vn -0.406737 0 0.913545 
vn -0.309017 0 0.951057 
vn -0.207912 0 0.978148 
vn -0.104528 0 0.994522 
vn -1.83697e-16 0 1 
vn -0.707107 -0.707107 0 
usemtl 0.615686_0.811765_0.929412_0.000000_0.000000
o mesh0
f 1//1 2//2 3//2 
f 4//3 1//1 5//4 
f 6//5 4//3 7//6 
f 8//7 6//5 9//8 
f 10//9 8//7 11//10 
f 12//11 10//9 13//12 
f 14//13 12//11 15//14 
f 16//15 14//13 17//16 
f 18//17 16//15 19//18 
f 20//19 18//17 21//20 
f 22//21 20//19 23//22 
f 24//23 22//21 25//24 
f 26//25 24//23 27//26 
f 28//27 26//25 29//28 
f 30//29 28//27 31//30 
f 32//31 30//29 33//32 
f 34//33 32//31 35//34 
f 36//35 34//33 37//36 
f 38//37 36//35 39//38 
f 40//39 38//37 41//40 
f 42//41 40//39 43//42 
f 44//43 42//41 45//44 
f 46//45 44//43 47//46 
f 48//47 46//45 49//48 
f 50//49 48//47 51//50 
f 52//51 50//49 53//52 
f 54//53 52//51 55//54 
f 56//55 54//53 57//56 
f 58//57 56//55 59//58 
f 60//59 58//57 61//60 
f 62//61 60//59 63//62 
f 64//63 62//61 65//64 
f 66//65 64//63 67//66 
f 68//67 66//65 69//68 
f 70//69 68//67 71//70 
f 72//71 70//69 73//72 
f 74//73 72//71 75//74 
f 76//75 74//73 77//76 
f 78//77 76//75 79//78 
f 80//79 78//77 81//80 
f 82//81 80//79 83//82 
f 84//83 82//81 85//84 
f 86//85 84//83 87//86 
f 88//87 86//85 89//88 
f 90//89 88//87 91//90 
f 92//91 90//89 93//92 
f 94//93 92//91 95//94 
f 96//95 94//93 97//96 
f 98//97 96//95 99//98 
f 100//99 98//97 101//100 
f 102//101 100//99 103//102 
f 104//103 102//101 105//104 
f 106//105 104//103 107//106 
f 108//107 106//105 109//108 
f 110//109 108//107 111//110 
f 112//111 110//109 113//112 
f 114//113 112//111 115//114 
f 2//2 114//113 116//113 
f 116//113 3//2 2//2 
f 115//114 116//113 114//113 
f 113//112 115//114 112//111 
f 111//110 113//112 110//109 
f 109//108 111//110 108//107 
f 107//106 109//108 106//105 
f 105//104 107//106 104//103 
f 103//102 105//104 102//101 
f 101//100 103//102 100//99 
f 99//98 101//100 98//97 
f 97//96 99//98 96//95 
f 95//94 97//96 94//93 
f 93//92 95//94 92//91 
f 91//90 93//92 90//89 
f 89//88 91//90 88//87 
f 87//86 89//88 86//85 
f 85//84 87//86 84//83 
f 83//82 85//84 82//81 
f 81//80 83//82 80//79 
f 79//78 81//80 78//77 
f 77//76 79//78 76//75 
f 75//74 77//76 74//73 
f 73//72 75//74 72//71 
f 71//70 73//72 70//69 
f 69//68 71//70 68//67 
f 67//66 69//68 66//65 
f 65//64 67//66 64//63 
f 63//62 65//64 62//61 
f 61//60 63//62 60//59 
f 59//58 61//60 58//57 
f 57//56 59//58 56//55 
f 55//54 57//56 54//53 
f 53//52 55//54 52//51 
f 51//50 53//52 50//49 
f 49//48 51//50 48//47 
f 47//46 49//48 46//45 
f 45//44 47//46 44//43 
f 43//42 45//44 42//41 
f 41//40 43//42 40//39 
f 39//38 41//40 38//37 
f 37//36 39//38 36//35 
f 35//34 37//36 34//33 
f 33//32 35//34 32//31 
f 31//30 33//32 30//29 
f 29//28 31//30 28//27 
f 27//26 29//28 26//25 
f 25//24 27//26 24//23 
f 23//22 25//24 22//21 
f 21//20 23//22 20//19 
f 19//18 21//20 18//17 
f 17//16 19//18 16//15 
f 15//14 17//16 14//13 
f 13//12 15//14 12//11 
f 11//10 13//12 10//9 
f 9//8 11//10 8//7 
f 7//6 9//8 6//5 
f 5//4 7//6 4//3 
f 3//2 5//4 1//1 
o mesh1
f 571//115 117//115 118//115 
f 572//115 118//115 119//115 
f 573//115 120//115 121//115 
f 573//115 122//115 120//115 
f 574//115 123//115 124//115 
f 573//115 125//115 122//115 
f 124//115 572//115 574//115 
f 574//115 126//115 127//115 
f 574//115 128//115 129//115 
f 121//115 574//115 573//115 
f 573//115 571//115 130//115 
f 572//115 131//115 132//115 
f 572//115 133//115 134//115 
f 572//115 135//115 136//115 
f 572//115 137//115 138//115 
f 127//115 123//115 574//115 
f 574//115 139//115 140//115 
f 129//115 141//115 574//115 
f 573//115 142//115 125//115 
f 573//115 143//115 144//115 
f 573//115 145//115 146//115 
f 571//115 147//115 130//115 
f 572//115 148//115 149//115 
f 134//115 131//115 572//115 
f 136//115 150//115 572//115 
f 572//115 151//115 137//115 
f 140//115 126//115 574//115 
f 121//115 128//115 574//115 
f 573//115 152//115 143//115 
f 573//115 153//115 154//115 
f 130//115 145//115 573//115 
f 571//115 155//115 156//115 
f 571//115 157//115 158//115 
f 571//115 159//115 160//115 
f 571//115 572//115 161//115 
f 572//115 162//115 163//115 
f 572//115 164//115 148//115 
f 572//115 165//115 166//115 
f 150//115 133//115 572//115 
f 124//115 151//115 572//115 
f 144//115 142//115 573//115 
f 146//115 153//115 573//115 
f 156//115 167//115 571//115 
f 571//115 168//115 169//115 
f 160//115 157//115 571//115 
f 571//115 170//115 171//115 
f 571//115 172//115 173//115 
f 161//115 174//115 571//115 
f 149//115 162//115 572//115 
f 132//115 165//115 572//115 
f 141//115 139//115 574//115 
f 167//115 147//115 571//115 
f 571//115 175//115 168//115 
f 171//115 159//115 571//115 
f 173//115 176//115 571//115 
f 174//115 177//115 571//115 
f 166//115 164//115 572//115 
f 154//115 152//115 573//115 
f 158//115 175//115 571//115 
f 177//115 172//115 571//115 
f 138//115 135//115 572//115 
f 176//115 170//115 571//115 
f 169//115 155//115 571//115 
f 178//115 179//115 573//115 
f 575//115 180//115 181//115 
f 575//115 182//115 183//115 
f 575//115 184//115 185//115 
f 575//115 186//115 187//115 
f 188//115 189//115 190//115 
f 181//115 191//115 575//115 
f 185//115 182//115 575//115 
f 575//115 192//115 193//115 
f 187//115 194//115 575//115 
f 188//115 195//115 196//115 
f 188//115 197//115 198//115 
f 188//115 199//115 189//115 
f 576//115 200//115 201//115 
f 183//115 180//115 575//115 
f 194//115 192//115 575//115 
f 188//115 202//115 203//115 
f 188//115 204//115 195//115 
f 188//115 205//115 206//115 
f 190//115 197//115 188//115 
f 201//115 188//115 576//115 
f 193//115 184//115 575//115 
f 207//115 208//115 186//115 
f 203//115 207//115 188//115 
f 206//115 204//115 188//115 
f 201//115 199//115 188//115 
f 186//115 575//115 207//115 
f 203//115 209//115 207//115 
f 198//115 205//115 188//115 
f 209//115 208//115 207//115 
f 196//115 210//115 188//115 
f 210//115 202//115 188//115 
f 211//115 91//115 89//115 
f 89//115 188//115 211//115 
f 211//115 93//115 91//115 
f 576//115 188//115 63//115 
f 188//115 71//115 69//115 
f 188//115 75//115 73//115 
f 188//115 85//115 83//115 
f 89//115 87//115 188//115 
f 188//115 65//115 63//115 
f 73//115 71//115 188//115 
f 188//115 79//115 77//115 
f 83//115 81//115 188//115 
f 211//115 95//115 93//115 
f 211//115 99//115 97//115 
f 211//115 109//115 107//115 
f 211//115 113//115 111//115 
f 577//115 116//115 115//115 
f 188//115 67//115 65//115 
f 77//115 75//115 188//115 
f 87//115 85//115 188//115 
f 211//115 101//115 99//115 
f 211//115 105//115 103//115 
f 111//115 109//115 211//115 
f 577//115 3//115 116//115 
f 69//115 67//115 188//115 
f 97//115 95//115 211//115 
f 107//115 105//115 211//115 
f 115//115 211//115 577//115 
f 81//115 79//115 188//115 
f 115//115 113//115 211//115 
f 103//115 101//115 211//115 
f 573//115 33//115 31//115 
f 573//115 574//115 35//115 
f 577//115 573//115 15//115 
f 35//115 33//115 573//115 
f 577//115 13//115 11//115 
f 573//115 17//115 15//115 
f 573//115 27//115 25//115 
f 31//115 29//115 573//115 
f 576//115 53//115 51//115 
f 577//115 7//115 5//115 
f 15//115 13//115 577//115 
f 573//115 21//115 19//115 
f 25//115 23//115 573//115 
f 574//115 37//115 35//115 
f 574//115 41//115 39//115 
f 574//115 51//115 49//115 
f 576//115 55//115 53//115 
f 576//115 61//115 59//115 
f 577//115 9//115 7//115 
f 19//115 17//115 573//115 
f 29//115 27//115 573//115 
f 574//115 43//115 41//115 
f 51//115 574//115 576//115 
f 59//115 57//115 576//115 
f 11//115 9//115 577//115 
f 39//115 37//115 574//115 
f 574//115 47//115 45//115 
f 57//115 55//115 576//115 
f 23//115 21//115 573//115 
f 49//115 47//115 574//115 
f 45//115 43//115 574//115 
f 212//115 213//115 214//115 
f 215//115 216//115 217//115 
f 212//115 218//115 213//115 
f 217//115 219//115 215//115 
f 219//115 212//115 215//115 
f 215//115 220//115 221//115 
f 221//115 216//115 215//115 
f 578//115 119//115 220//115 
f 220//115 215//115 578//115 
f 222//115 223//115 224//115 
f 224//115 225//115 222//115 
f 222//115 226//115 227//115 
f 227//115 223//115 222//115 
f 222//115 228//115 229//115 
f 222//115 230//115 231//115 
f 232//115 233//115 234//115 
f 235//115 236//115 237//115 
f 235//115 238//115 239//115 
f 235//115 232//115 240//115 
f 241//115 242//115 215//115 
f 243//115 244//115 245//115 
f 229//115 226//115 222//115 
f 231//115 246//115 222//115 
f 222//115 243//115 247//115 
f 232//115 248//115 249//115 
f 232//115 250//115 251//115 
f 233//115 252//115 234//115 
f 233//115 253//115 254//115 
f 237//115 255//115 235//115 
f 240//115 238//115 235//115 
f 241//115 256//115 257//115 
f 215//115 258//115 241//115 
f 245//115 259//115 243//115 
f 246//115 228//115 222//115 
f 247//115 260//115 222//115 
f 251//115 248//115 232//115 
f 254//115 252//115 233//115 
f 235//115 261//115 262//115 
f 239//115 236//115 235//115 
f 263//115 264//115 265//115 
f 241//115 266//115 267//115 
f 258//115 256//115 241//115 
f 259//115 268//115 243//115 
f 260//115 230//115 222//115 
f 234//115 250//115 232//115 
f 255//115 261//115 235//115 
f 263//115 269//115 264//115 
f 257//115 266//115 241//115 
f 241//115 270//115 271//115 
f 271//115 245//115 272//115 
f 268//115 247//115 243//115 
f 273//115 274//115 222//115 
f 275//115 273//115 253//115 
f 249//115 240//115 232//115 
f 265//115 235//115 263//115 
f 263//115 276//115 277//115 
f 215//115 278//115 279//115 
f 215//115 280//115 281//115 
f 271//115 282//115 241//115 
f 272//115 283//115 271//115 
f 225//115 273//115 222//115 
f 253//115 284//115 275//115 
f 233//115 285//115 253//115 
f 263//115 286//115 269//115 
f 276//115 287//115 277//115 
f 276//115 288//115 289//115 
f 276//115 290//115 291//115 
f 215//115 292//115 293//115 
f 281//115 278//115 215//115 
f 267//115 270//115 241//115 
f 245//115 294//115 272//115 
f 275//115 274//115 273//115 
f 262//115 263//115 235//115 
f 276//115 295//115 287//115 
f 276//115 296//115 297//115 
f 291//115 288//115 276//115 
f 578//115 298//115 290//115 
f 578//115 299//115 300//115 
f 578//115 301//115 302//115 
f 578//115 303//115 304//115 
f 215//115 305//115 306//115 
f 215//115 307//115 308//115 
f 215//115 309//115 292//115 
f 215//115 310//115 311//115 
f 242//115 280//115 215//115 
f 244//115 294//115 245//115 
f 277//115 286//115 263//115 
f 289//115 296//115 276//115 
f 300//115 298//115 578//115 
f 578//115 312//115 313//115 
f 304//115 301//115 578//115 
f 578//115 314//115 315//115 
f 578//115 316//115 317//115 
f 306//115 578//115 215//115 
f 293//115 307//115 215//115 
f 279//115 310//115 215//115 
f 285//115 284//115 253//115 
f 290//115 276//115 578//115 
f 578//115 318//115 312//115 
f 315//115 303//115 578//115 
f 317//115 319//115 578//115 
f 306//115 320//115 578//115 
f 311//115 309//115 215//115 
f 297//115 295//115 276//115 
f 302//115 318//115 578//115 
f 320//115 316//115 578//115 
f 283//115 282//115 271//115 
f 319//115 314//115 578//115 
f 313//115 299//115 578//115 
f 321//115 322//115 323//115 
f 578//115 324//115 325//115 
f 578//115 276//115 326//115 
f 578//115 327//115 324//115 
f 326//115 328//115 578//115 
f 574//115 572//115 329//115 
f 572//115 330//115 331//115 
f 325//115 332//115 578//115 
f 578//115 333//115 334//115 
f 328//115 335//115 578//115 
f 572//115 336//115 329//115 
f 572//115 337//115 330//115 
f 578//115 338//115 339//115 
f 332//115 340//115 578//115 
f 335//115 333//115 578//115 
f 276//115 341//115 342//115 
f 276//115 343//115 344//115 
f 574//115 345//115 346//115 
f 572//115 347//115 336//115 
f 572//115 348//115 337//115 
f 572//115 349//115 350//115 
f 578//115 351//115 338//115 
f 578//115 352//115 353//115 
f 334//115 327//115 578//115 
f 344//115 341//115 276//115 
f 343//115 276//115 354//115 
f 354//115 355//115 356//115 
f 329//115 345//115 574//115 
f 350//115 348//115 572//115 
f 572//115 357//115 358//115 
f 353//115 351//115 578//115 
f 342//115 326//115 276//115 
f 354//115 359//115 360//115 
f 356//115 361//115 354//115 
f 574//115 362//115 354//115 
f 331//115 347//115 572//115 
f 358//115 363//115 572//115 
f 340//115 352//115 578//115 
f 361//115 359//115 354//115 
f 574//115 364//115 362//115 
f 363//115 349//115 572//115 
f 572//115 365//115 366//115 
f 572//115 367//115 368//115 
f 354//115 360//115 343//115 
f 354//115 369//115 370//115 
f 346//115 364//115 574//115 
f 368//115 365//115 572//115 
f 339//115 371//115 578//115 
f 354//115 372//115 373//115 
f 354//115 374//115 369//115 
f 579//115 574//115 375//115 
f 574//115 376//115 377//115 
f 366//115 357//115 572//115 
f 572//115 378//115 379//115 
f 572//115 578//115 380//115 
f 354//115 381//115 355//115 
f 373//115 382//115 354//115 
f 354//115 362//115 374//115 
f 377//115 375//115 574//115 
f 321//115 377//115 376//115 
f 379//115 367//115 572//115 
f 380//115 383//115 572//115 
f 382//115 381//115 354//115 
f 370//115 384//115 354//115 
f 376//115 322//115 321//115 
f 383//115 378//115 572//115 
f 384//115 372//115 354//115 
f 354//115 376//115 574//115 
f 371//115 385//115 578//115 
f 385//115 380//115 578//115 
f 579//115 386//115 387//115 
f 388//115 579//115 389//115 
f 390//115 391//115 392//115 
f 393//115 575//115 394//115 
f 576//115 395//115 396//115 
f 576//115 397//115 398//115 
f 576//115 399//115 400//115 
f 576//115 401//115 402//115 
f 394//115 403//115 393//115 
f 398//115 395//115 576//115 
f 400//115 404//115 576//115 
f 576//115 405//115 406//115 
f 402//115 407//115 576//115 
f 575//115 408//115 394//115 
f 404//115 397//115 576//115 
f 407//115 405//115 576//115 
f 409//115 410//115 411//115 
f 412//115 413//115 414//115 
f 403//115 415//115 393//115 
f 406//115 399//115 576//115 
f 409//115 416//115 401//115 
f 409//115 417//115 418//115 
f 409//115 412//115 410//115 
f 412//115 409//115 413//115 
f 415//115 419//115 393//115 
f 575//115 420//115 421//115 
f 401//115 576//115 409//115 
f 409//115 422//115 417//115 
f 414//115 423//115 412//115 
f 424//115 423//115 414//115 
f 421//115 408//115 575//115 
f 418//115 416//115 409//115 
f 411//115 425//115 409//115 
f 419//115 424//115 393//115 
f 425//115 422//115 409//115 
f 396//115 200//115 576//115 
f 390//115 413//115 409//115 
f 409//115 391//115 390//115 
f 574//115 426//115 409//115 
f 409//115 576//115 574//115 
f 579//115 388//115 426//115 
f 426//115 574//115 579//115 
f 427//115 428//115 429//115 
f 427//115 430//115 431//115 
f 427//115 432//115 433//115 
f 427//115 434//115 435//115 
f 431//115 428//115 427//115 
f 436//115 437//115 438//115 
f 439//115 440//115 441//115 
f 427//115 442//115 432//115 
f 429//115 434//115 427//115 
f 443//115 444//115 445//115 
f 436//115 446//115 447//115 
f 436//115 448//115 449//115 
f 436//115 450//115 437//115 
f 436//115 443//115 451//115 
f 452//115 453//115 454//115 
f 441//115 452//115 439//115 
f 439//115 455//115 456//115 
f 439//115 447//115 457//115 
f 427//115 458//115 459//115 
f 435//115 442//115 427//115 
f 460//115 461//115 462//115 
f 393//115 463//115 464//115 
f 443//115 465//115 466//115 
f 443//115 436//115 444//115 
f 449//115 446//115 436//115 
f 451//115 450//115 436//115 
f 441//115 453//115 452//115 
f 457//115 455//115 439//115 
f 427//115 467//115 458//115 
f 427//115 468//115 430//115 
f 460//115 469//115 461//115 
f 393//115 470//115 463//115 
f 393//115 471//115 472//115 
f 466//115 393//115 443//115 
f 445//115 473//115 443//115 
f 438//115 448//115 436//115 
f 456//115 440//115 439//115 
f 433//115 467//115 427//115 
f 460//115 459//115 469//115 
f 575//115 474//115 475//115 
f 472//115 470//115 393//115 
f 393//115 476//115 477//115 
f 466//115 478//115 393//115 
f 447//115 439//115 436//115 
f 479//115 480//115 452//115 
f 459//115 460//115 427//115 
f 462//115 481//115 482//115 
f 462//115 483//115 484//115 
f 483//115 485//115 486//115 
f 575//115 464//115 474//115 
f 477//115 471//115 393//115 
f 473//115 465//115 443//115 
f 479//115 487//115 480//115 
f 488//115 487//115 479//115 
f 462//115 482//115 460//115 
f 486//115 484//115 483//115 
f 464//115 575//115 393//115 
f 454//115 479//115 452//115 
f 468//115 489//115 488//115 
f 484//115 481//115 462//115 
f 478//115 476//115 393//115 
f 427//115 489//115 468//115 
f 479//115 468//115 488//115 
f 490//115 491//115 492//115 
f 493//115 494//115 495//115 
f 493//115 490//115 496//115 
f 490//115 493//115 491//115 
f 496//115 494//115 493//115 
f 495//115 497//115 493//115 
f 498//115 499//115 500//115 
f 501//115 502//115 503//115 
f 500//115 490//115 498//115 
f 498//115 502//115 504//115 
f 505//115 501//115 485//115 
f 502//115 498//115 503//115 
f 504//115 499//115 498//115 
f 506//115 507//115 508//115 
f 207//115 509//115 507//115 
f 485//115 483//115 505//115 
f 492//115 498//115 490//115 
f 506//115 510//115 511//115 
f 506//115 512//115 513//115 
f 506//115 514//115 515//115 
f 508//115 516//115 506//115 
f 207//115 517//115 509//115 
f 503//115 518//115 501//115 
f 518//115 503//115 506//115 
f 513//115 510//115 506//115 
f 506//115 519//115 520//115 
f 515//115 521//115 506//115 
f 507//115 506//115 207//115 
f 207//115 522//115 523//115 
f 207//115 524//115 525//115 
f 207//115 526//115 527//115 
f 575//115 528//115 529//115 
f 506//115 530//115 518//115 
f 520//115 512//115 506//115 
f 516//115 514//115 506//115 
f 207//115 531//115 522//115 
f 207//115 532//115 533//115 
f 527//115 524//115 207//115 
f 529//115 207//115 575//115 
f 511//115 530//115 506//115 
f 523//115 517//115 207//115 
f 525//115 532//115 207//115 
f 529//115 534//115 207//115 
f 521//115 519//115 506//115 
f 534//115 526//115 207//115 
f 533//115 531//115 207//115 
f 535//115 536//115 537//115 
f 535//115 538//115 539//115 
f 538//115 535//115 540//115 
f 539//115 536//115 535//115 
f 541//115 542//115 543//115 
f 542//115 544//115 545//115 
f 537//115 546//115 535//115 
f 543//115 547//115 541//115 
f 542//115 541//115 544//115 
f 547//115 538//115 541//115 
f 540//115 541//115 538//115 
f 548//115 549//115 550//115 
f 550//115 542//115 548//115 
f 577//115 211//115 549//115 
f 549//115 548//115 577//115 
f 545//115 548//115 542//115 
f 571//115 551//115 552//115 
f 571//115 553//115 554//115 
f 571//115 555//115 556//115 
f 554//115 551//115 571//115 
f 556//115 557//115 571//115 
f 557//115 553//115 571//115 
f 573//115 179//115 555//115 
f 555//115 571//115 573//115 
f 558//115 559//115 560//115 
f 561//115 558//115 562//115 
f 558//115 561//115 559//115 
f 562//115 563//115 561//115 
f 558//115 564//115 565//115 
f 563//115 566//115 561//115 
f 571//115 558//115 567//115 
f 560//115 564//115 558//115 
f 565//115 567//115 558//115 
f 567//115 117//115 571//115 
f 552//115 558//115 571//115 
f 548//115 178//115 577//115 
f 505//115 502//115 501//115 
f 475//115 528//115 575//115 
f 414//115 393//115 424//115 
f 392//115 568//115 390//115 
f 389//115 569//115 388//115 
f 387//115 389//115 579//115 
f 375//115 386//115 579//115 
f 323//115 570//115 321//115 
f 308//115 305//115 215//115 
f 214//115 215//115 212//115 
f 5//115 3//115 577//115 
f 63//115 61//115 576//115 
f 191//115 420//115 575//115 
f 573//115 577//115 178//115 
f 163//115 161//115 572//115 
f 119//115 578//115 572//115 
f 118//115 572//115 571//115 
o mesh2
f 580//116 375//116 377//116 
f 377//116 581//116 580//116 
o mesh3
f 582//116 376//116 354//116 
f 354//116 583//116 582//116 
o mesh4
f 584//116 409//116 426//116 
f 426//116 585//116 584//116 
o mesh5
f 586//116 414//116 413//116 
f 413//116 587//116 586//116 
o mesh6
f 588//117 179//117 178//117 
f 589//117 555//117 179//117 
f 179//117 588//117 589//117 
f 178//117 548//117 588//117 
o mesh7
f 549//118 590//118 591//119 
f 550//119 591//119 592//120 
f 542//120 592//120 593//121 
f 543//121 593//121 594//122 
f 547//122 594//122 595//123 
f 538//123 595//123 596//124 
f 539//124 596//124 597//125 
f 536//125 597//125 598//126 
f 537//126 598//126 599//127 
f 546//127 599//127 600//128 
f 535//128 600//128 601//129 
f 540//129 601//129 602//130 
f 541//130 602//130 603//131 
f 544//131 603//131 604//132 
f 545//132 604//132 588//133 
f 588//133 548//133 545//132 
f 604//132 545//132 544//131 
f 603//131 544//131 541//130 
f 602//130 541//130 540//129 
f 601//129 540//129 535//128 
f 600//128 535//128 546//127 
f 599//127 546//127 537//126 
f 598//126 537//126 536//125 
f 597//125 536//125 539//124 
f 596//124 539//124 538//123 
f 595//123 538//123 547//122 
f 594//122 547//122 543//121 
f 593//121 543//121 542//120 
f 592//120 542//120 550//119 
f 591//119 550//119 549//118 
o mesh8
f 605//134 567//134 565//135 
f 606//135 565//135 564//136 
f 607//136 564//136 560//137 
f 608//137 560//137 559//138 
f 609//138 559//138 561//139 
f 610//139 561//139 566//140 
f 611//140 566//140 563//141 
f 612//141 563//141 562//142 
f 613//142 562//142 558//143 
f 558//143 614//144 613//142 
f 614//144 552//144 551//145 
f 615//145 551//145 554//146 
f 616//146 554//146 553//147 
f 617//147 553//147 557//148 
f 618//148 557//148 556//149 
f 619//149 556//149 555//150 
f 555//150 589//150 619//149 
f 556//149 619//149 618//148 
f 557//148 618//148 617//147 
f 553//147 617//147 616//146 
f 554//146 616//146 615//145 
f 551//145 615//145 614//144 
f 558//143 552//144 614//144 
f 562//142 613//142 612//141 
f 563//141 612//141 611//140 
f 566//140 611//140 610//139 
f 561//139 610//139 609//138 
f 559//138 609//138 608//137 
f 560//137 608//137 607//136 
f 564//136 607//136 606//135 
f 565//135 606//135 605//134 
o mesh9
f 620//151 621//152 155//152 
f 622//153 620//151 169//154 
f 623//155 622//153 168//156 
f 624//157 623//155 175//158 
f 625//159 624//157 158//160 
f 626//161 625//159 157//162 
f 627//163 626//161 160//164 
f 628//165 627//163 159//166 
f 629//167 628//165 171//168 
f 630//169 629//167 170//170 
f 631//171 630//169 176//172 
f 632//173 631//171 173//174 
f 633//175 632//173 172//176 
f 634//177 633//175 177//178 
f 635//179 634//177 174//180 
f 636//181 635//179 161//182 
f 637//183 636//181 163//184 
f 638//185 637//183 162//186 
f 639//187 638//185 149//188 
f 640//189 639//187 148//190 
f 641//191 640//189 164//192 
f 642//193 641//191 166//194 
f 643//195 642//193 165//196 
f 644//197 643//195 132//198 
f 645//199 644//197 131//200 
f 646//201 645//199 134//202 
f 647//203 646//201 133//204 
f 648//205 647//203 150//206 
f 649//207 648//205 136//208 
f 650//209 649//207 135//210 
f 651//211 650//209 138//212 
f 652//213 651//211 137//214 
f 653//215 652//213 151//216 
f 654//217 653//215 124//218 
f 655//219 654//217 123//220 
f 656//221 655//219 127//222 
f 657//223 656//221 126//224 
f 658//225 657//223 140//226 
f 659//227 658//225 139//228 
f 660//229 659//227 141//230 
f 661//231 660//229 129//232 
f 662//233 661//231 128//234 
f 663//235 662//233 121//236 
f 664//237 663//235 120//238 
f 665//239 664//237 122//240 
f 666//241 665//239 125//242 
f 667//243 666//241 142//244 
f 668//245 667//243 144//246 
f 669//247 668//245 143//248 
f 670//249 669//247 152//250 
f 671//251 670//249 154//252 
f 672//253 671//251 153//254 
f 673//255 672//253 146//256 
f 674//257 673//255 145//258 
f 675//259 674//257 130//260 
f 676//261 675//259 147//262 
f 677//263 676//261 167//264 
f 621//152 677//263 156//263 
f 156//263 155//152 621//152 
f 167//264 156//263 677//263 
f 147//262 167//264 676//261 
f 130//260 147//262 675//259 
f 145//258 130//260 674//257 
f 146//256 145//258 673//255 
f 153//254 146//256 672//253 
f 154//252 153//254 671//251 
f 152//250 154//252 670//249 
f 143//248 152//250 669//247 
f 144//246 143//248 668//245 
f 142//244 144//246 667//243 
f 125//242 142//244 666//241 
f 122//240 125//242 665//239 
f 120//238 122//240 664//237 
f 121//236 120//238 663//235 
f 128//234 121//236 662//233 
f 129//232 128//234 661//231 
f 141//230 129//232 660//229 
f 139//228 141//230 659//227 
f 140//226 139//228 658//225 
f 126//224 140//226 657//223 
f 127//222 126//224 656//221 
f 123//220 127//222 655//219 
f 124//218 123//220 654//217 
f 151//216 124//218 653//215 
f 137//214 151//216 652//213 
f 138//212 137//214 651//211 
f 135//210 138//212 650//209 
f 136//208 135//210 649//207 
f 150//206 136//208 648//205 
f 133//204 150//206 647//203 
f 134//202 133//204 646//201 
f 131//200 134//202 645//199 
f 132//198 131//200 644//197 
f 165//196 132//198 643//195 
f 166//194 165//196 642//193 
f 164//192 166//194 641//191 
f 148//190 164//192 640//189 
f 149//188 148//190 639//187 
f 162//186 149//188 638//185 
f 163//184 162//186 637//183 
f 161//182 163//184 636//181 
f 174//180 161//182 635//179 
f 177//178 174//180 634//177 
f 172//176 177//178 633//175 
f 173//174 172//176 632//173 
f 176//172 173//174 631//171 
f 170//170 176//172 630//169 
f 171//168 170//170 629//167 
f 159//166 171//168 628//165 
f 160//164 159//166 627//163 
f 157//162 160//164 626//161 
f 158//160 157//162 625//159 
f 175//158 158//160 624//157 
f 168//156 175//158 623//155 
f 169//154 168//156 622//153 
f 155//152 169//154 620//151 
o mesh10
f 678//265 679//265 389//265 
f 679//265 569//265 389//265 
f 389//265 387//265 678//265 
o mesh11
f 680//265 570//265 323//265 
f 323//265 681//265 680//265 
o mesh12
f 682//265 263//265 262//265 
f 262//265 683//265 682//265 
o mesh13
f 684//266 253//266 273//266 
f 273//266 685//266 684//266 
o mesh14
f 479//267 686//267 687//267 
f 687//267 468//267 479//267 
o mesh15
f 443//268 688//268 689//268 
f 689//268 451//268 443//268 
o mesh16
f 690//268 568//268 392//268 
f 392//268 691//268 690//268 
o mesh17
f 468//267 687//267 692//269 
f 430//269 692//269 693//270 
f 431//270 693//270 694//271 
f 428//271 694//271 695//272 
f 429//272 695//272 696//273 
f 434//273 696//273 697//274 
f 435//274 697//274 698//275 
f 442//275 698//275 699//276 
f 432//276 699//276 700//277 
f 433//277 700//277 701//278 
f 467//278 701//278 702//279 
f 458//279 702//279 703//280 
f 459//280 703//280 704//281 
f 469//281 704//281 705//282 
f 461//282 705//282 706//283 
f 706//283 462//283 461//282 
f 705//282 461//282 469//281 
f 704//281 469//281 459//280 
f 703//280 459//280 458//279 
f 702//279 458//279 467//278 
f 701//278 467//278 433//277 
f 700//277 433//277 432//276 
f 699//276 432//276 442//275 
f 698//275 442//275 435//274 
f 697//274 435//274 434//273 
f 696//273 434//273 429//272 
f 695//272 429//272 428//271 
f 694//271 428//271 431//270 
f 693//270 431//270 430//269 
f 692//269 430//269 468//267 
o mesh18
f 685//284 273//284 225//285 
f 707//285 225//285 224//286 
f 708//286 224//286 223//287 
f 709//287 223//287 227//288 
f 710//288 227//288 226//289 
f 711//289 226//289 229//290 
f 712//290 229//290 228//291 
f 713//291 228//291 246//292 
f 714//292 246//292 231//293 
f 715//293 231//293 230//294 
f 716//294 230//294 260//295 
f 717//295 260//295 247//296 
f 718//296 247//296 268//297 
f 719//297 268//297 259//298 
f 720//298 259//298 245//299 
f 245//299 721//299 720//298 
f 259//298 720//298 719//297 
f 268//297 719//297 718//296 
f 247//296 718//296 717//295 
f 260//295 717//295 716//294 
f 230//294 716//294 715//293 
f 231//293 715//293 714//292 
f 246//292 714//292 713//291 
f 228//291 713//291 712//290 
f 229//290 712//290 711//289 
f 226//289 711//289 710//288 
f 227//288 710//288 709//287 
f 223//287 709//287 708//286 
f 224//286 708//286 707//285 
f 225//285 707//285 685//284 
o mesh19
f 450//300 451//299 689//299 
f 437//301 450//300 722//300 
f 438//302 437//301 723//301 
f 448//303 438//302 724//302 
f 449//304 448//303 725//303 
f 446//305 449//304 726//304 
f 447//306 446//305 727//305 
f 457//307 447//306 728//306 
f 455//308 457//307 729//307 
f 456//309 455//308 730//308 
f 440//310 456//309 731//309 
f 441//311 440//310 732//310 
f 453//312 441//311 733//311 
f 454//313 453//312 734//312 
f 479//314 454//313 735//313 
f 735//313 686//314 479//314 
f 734//312 735//313 454//313 
f 733//311 734//312 453//312 
f 732//310 733//311 441//311 
f 731//309 732//310 440//310 
f 730//308 731//309 456//309 
f 729//307 730//308 455//308 
f 728//306 729//307 457//307 
f 727//305 728//306 447//306 
f 726//304 727//305 446//305 
f 725//303 726//304 449//304 
f 724//302 725//303 448//303 
f 723//301 724//302 438//302 
f 722//300 723//301 437//301 
f 689//299 722//300 450//300 
o mesh20
f 736//315 683//316 262//316 
f 737//317 736//315 261//318 
f 738//319 737//317 255//320 
f 739//321 738//319 237//322 
f 740//323 739//321 236//324 
f 741//325 740//323 239//326 
f 742//327 741//325 238//328 
f 743//329 742//327 240//330 
f 744//331 743//329 249//332 
f 745//333 744//331 248//334 
f 746//335 745//333 251//336 
f 747//337 746//335 250//338 
f 748//339 747//337 234//340 
f 749//341 748//339 252//342 
f 684//343 749//341 254//344 
f 254//344 253//343 684//343 
f 252//342 254//344 749//341 
f 234//340 252//342 748//339 
f 250//338 234//340 747//337 
f 251//336 250//338 746//335 
f 248//334 251//336 745//333 
f 249//332 248//334 744//331 
f 240//330 249//332 743//329 
f 238//328 240//330 742//327 
f 239//326 238//328 741//325 
f 236//324 239//326 740//323 
f 237//322 236//324 739//321 
f 255//320 237//322 738//319 
f 261//318 255//320 737//317 
f 262//316 261//318 736//315 
o mesh21
f 271//345 750//345 721//345 
f 750//345 751//345 706//345 
f 483//345 462//345 706//345 
f 706//345 721//345 750//345 
f 751//345 505//345 483//345 
f 706//345 751//345 483//345 
f 721//345 245//345 271//345 
o mesh22
f 220//346 752//346 753//347 
f 221//347 753//347 754//348 
f 216//348 754//348 755//349 
f 217//349 755//349 756//350 
f 219//350 756//350 757//351 
f 212//351 757//351 758//352 
f 218//352 758//352 759//353 
f 213//353 759//353 760//354 
f 761//355 258//355 215//356 
f 215//356 760//354 761//355 
f 258//355 761//355 762//357 
f 256//357 762//357 763//358 
f 257//358 763//358 764//359 
f 266//359 764//359 765//360 
f 267//360 765//360 766//361 
f 270//361 766//361 750//362 
f 750//362 271//362 270//361 
f 766//361 270//361 267//360 
f 765//360 267//360 266//359 
f 764//359 266//359 257//358 
f 763//358 257//358 256//357 
f 762//357 256//357 258//355 
f 215//356 214//363 760//354 
f 760//354 214//363 213//353 
f 759//353 213//353 218//352 
f 758//352 218//352 212//351 
f 757//351 212//351 219//350 
f 756//350 219//350 217//349 
f 755//349 217//349 216//348 
f 754//348 216//348 221//347 
f 753//347 221//347 220//346 
o mesh23
f 767//364 506//364 503//365 
f 768//365 503//365 498//366 
f 769//366 498//366 492//367 
f 770//367 492//367 491//368 
f 771//368 491//368 493//369 
f 772//369 493//369 497//370 
f 773//370 497//370 495//371 
f 774//371 495//371 494//372 
f 775//372 494//372 496//373 
f 776//373 496//373 490//374 
f 777//374 490//374 500//375 
f 778//375 500//375 499//376 
f 779//376 499//376 504//377 
f 780//377 504//377 502//378 
f 781//378 502//378 505//379 
f 505//379 751//379 781//378 
f 502//378 781//378 780//377 
f 504//377 780//377 779//376 
f 499//376 779//376 778//375 
f 500//375 778//375 777//374 
f 490//374 777//374 776//373 
f 496//373 776//373 775//372 
f 494//372 775//372 774//371 
f 495//371 774//371 773//370 
f 497//370 773//370 772//369 
f 493//369 772//369 771//368 
f 491//368 771//368 770//367 
f 492//367 770//367 769//366 
f 498//366 769//366 768//365 
f 503//365 768//365 767//364 
o mesh24
f 782//380 783//379 200//379 
f 784//381 782//380 396//380 
f 785//382 784//381 395//381 
f 786//383 785//382 398//382 
f 787//384 786//383 397//383 
f 788//385 787//384 404//384 
f 789//386 788//385 400//385 
f 790//387 789//386 399//386 
f 791//388 790//387 406//387 
f 792//389 791//388 405//388 
f 793//390 792//389 407//389 
f 794//391 793//390 402//390 
f 795//392 794//391 401//391 
f 796//393 795//392 416//392 
f 797//394 796//393 418//393 
f 798//395 797//394 417//394 
f 799//396 798//395 422//395 
f 800//397 799//396 425//396 
f 801//398 800//397 411//397 
f 802//399 801//398 410//398 
f 803//400 802//399 412//399 
f 804//401 803//400 423//400 
f 805//402 804//401 424//401 
f 806//403 805//402 419//402 
f 807//404 806//403 415//403 
f 808//405 807//404 403//404 
f 809//406 808//405 394//405 
f 810//407 809//406 408//406 
f 811//408 810//407 421//407 
f 812//409 811//408 420//408 
f 813//410 812//409 191//409 
f 814//411 813//410 181//410 
f 815//412 814//411 180//411 
f 816//413 815//412 183//412 
f 817//414 816//413 182//413 
f 818//415 817//414 185//414 
f 819//416 818//415 184//415 
f 820//417 819//416 193//416 
f 821//418 820//417 192//417 
f 822//419 821//418 194//418 
f 823//420 822//419 187//419 
f 824//421 823//420 186//420 
f 825//422 824//421 208//421 
f 826//423 825//422 209//422 
f 827//424 826//423 203//423 
f 828//425 827//424 202//424 
f 829//426 828//425 210//425 
f 830//427 829//426 196//426 
f 831//428 830//427 195//427 
f 832//429 831//428 204//428 
f 833//430 832//429 206//429 
f 834//431 833//430 205//430 
f 835//432 834//431 198//431 
f 836//433 835//432 197//432 
f 837//434 836//433 190//433 
f 838//435 837//434 189//434 
f 839//436 838//435 199//435 
f 783//379 839//436 201//436 
f 201//436 200//379 783//379 
f 199//435 201//436 839//436 
f 189//434 199//435 838//435 
f 190//433 189//434 837//434 
f 197//432 190//433 836//433 
f 198//431 197//432 835//432 
f 205//430 198//431 834//431 
f 206//429 205//430 833//430 
f 204//428 206//429 832//429 
f 195//427 204//428 831//428 
f 196//426 195//427 830//427 
f 210//425 196//426 829//426 
f 202//424 210//425 828//425 
f 203//423 202//424 827//424 
f 209//422 203//423 826//423 
f 208//421 209//422 825//422 
f 186//420 208//421 824//421 
f 187//419 186//420 823//420 
f 194//418 187//419 822//419 
f 192//417 194//418 821//418 
f 193//416 192//417 820//417 
f 184//415 193//416 819//416 
f 185//414 184//415 818//415 
f 182//413 185//414 817//414 
f 183//412 182//413 816//413 
f 180//411 183//412 815//412 
f 181//410 180//411 814//411 
f 191//409 181//410 813//410 
f 420//408 191//409 812//409 
f 421//407 420//408 811//408 
f 408//406 421//407 810//407 
f 394//405 408//406 809//406 
f 403//404 394//405 808//405 
f 415//403 403//404 807//404 
f 419//402 415//403 806//403 
f 424//401 419//402 805//402 
f 423//400 424//401 804//401 
f 412//399 423//400 803//400 
f 410//398 412//399 802//399 
f 411//397 410//398 801//398 
f 425//396 411//397 800//397 
f 422//395 425//396 799//396 
f 417//394 422//395 798//395 
f 418//393 417//394 797//394 
f 416//392 418//393 796//393 
f 401//391 416//392 795//392 
f 402//390 401//391 794//391 
f 407//389 402//390 793//390 
f 405//388 407//389 792//389 
f 406//387 405//388 791//388 
f 399//386 406//387 790//387 
f 400//385 399//386 789//386 
f 404//384 400//385 788//385 
f 397//383 404//384 787//384 
f 398//382 397//383 786//383 
f 395//381 398//382 785//382 
f 396//380 395//381 784//381 
f 200//379 396//380 782//380 
o mesh25
f 840//437 841//438 528//438 
f 842//439 840//437 475//440 
f 843//441 842//439 474//442 
f 844//443 843//441 464//444 
f 845//445 844//443 463//446 
f 846//447 845//445 470//448 
f 847//449 846//447 472//450 
f 848//451 847//449 471//452 
f 849//453 848//451 477//454 
f 850//455 849//453 476//456 
f 851//457 850//455 478//458 
f 852//459 851//457 466//460 
f 853//461 852//459 465//462 
f 854//463 853//461 473//464 
f 855//465 854//463 445//466 
f 856//467 855//465 444//468 
f 857//469 856//467 436//470 
f 858//471 857//469 439//472 
f 859//473 858//471 452//474 
f 860//475 859//473 480//476 
f 861//477 860//475 487//478 
f 862//479 861//477 488//480 
f 863//481 862//479 489//482 
f 864//483 863//481 427//484 
f 865//485 864//483 460//486 
f 866//487 865//485 482//488 
f 867//489 866//487 481//490 
f 868//491 867//489 484//492 
f 869//493 868//491 486//494 
f 870//495 869//493 485//496 
f 871//497 870//495 501//498 
f 872//499 871//497 518//500 
f 873//501 872//499 530//502 
f 874//503 873//501 511//504 
f 875//505 874//503 510//506 
f 876//507 875//505 513//508 
f 877//509 876//507 512//510 
f 878//511 877//509 520//512 
f 879//513 878//511 519//514 
f 880//515 879//513 521//516 
f 881//517 880//515 515//518 
f 882//519 881//517 514//520 
f 883//521 882//519 516//522 
f 884//523 883//521 508//524 
f 885//525 884//523 507//526 
f 886//527 885//525 509//528 
f 887//529 886//527 517//530 
f 888//531 887//529 523//532 
f 889//533 888//531 522//534 
f 890//535 889//533 531//536 
f 891//537 890//535 533//538 
f 892//539 891//537 532//540 
f 893//541 892//539 525//542 
f 894//543 893//541 524//544 
f 895//545 894//543 527//546 
f 896//547 895//545 526//548 
f 897//549 896//547 534//550 
f 841//438 897//549 529//549 
f 529//549 528//438 841//438 
f 534//550 529//549 897//549 
f 526//548 534//550 896//547 
f 527//546 526//548 895//545 
f 524//544 527//546 894//543 
f 525//542 524//544 893//541 
f 532//540 525//542 892//539 
f 533//538 532//540 891//537 
f 531//536 533//538 890//535 
f 522//534 531//536 889//533 
f 523//532 522//534 888//531 
f 517//530 523//532 887//529 
f 509//528 517//530 886//527 
f 507//526 509//528 885//525 
f 508//524 507//526 884//523 
f 516//522 508//524 883//521 
f 514//520 516//522 882//519 
f 515//518 514//520 881//517 
f 521//516 515//518 880//515 
f 519//514 521//516 879//513 
f 520//512 519//514 878//511 
f 512//510 520//512 877//509 
f 513//508 512//510 876//507 
f 510//506 513//508 875//505 
f 511//504 510//506 874//503 
f 530//502 511//504 873//501 
f 518//500 530//502 872//499 
f 501//498 518//500 871//497 
f 485//496 501//498 870//495 
f 486//494 485//496 869//493 
f 484//492 486//494 868//491 
f 481//490 484//492 867//489 
f 482//488 481//490 866//487 
f 460//486 482//488 865//485 
f 427//484 460//486 864//483 
f 489//482 427//484 863//481 
f 488//480 489//482 862//479 
f 487//478 488//480 861//477 
f 480//476 487//478 860//475 
f 452//474 480//476 859//473 
f 439//472 452//474 858//471 
f 436//470 439//472 857//469 
f 444//468 436//470 856//467 
f 445//466 444//468 855//465 
f 473//464 445//466 854//463 
f 465//462 473//464 853//461 
f 466//460 465//462 852//459 
f 478//458 466//460 851//457 
f 476//456 478//458 850//455 
f 477//454 476//456 849//453 
f 471//452 477//454 848//451 
f 472//450 471//452 847//449 
f 470//448 472//450 846//447 
f 463//446 470//448 845//445 
f 464//444 463//446 844//443 
f 474//442 464//444 843//441 
f 475//440 474//442 842//439 
f 528//438 475//440 840//437 
o mesh26
f 898//551 899//552 299//552 
f 900//553 898//551 313//554 
f 901//555 900//553 312//556 
f 902//557 901//555 318//558 
f 903//559 902//557 302//560 
f 904//561 903//559 301//562 
f 905//563 904//561 304//564 
f 906//565 905//563 303//566 
f 907//567 906//565 315//568 
f 908//569 907//567 314//570 
f 909//571 908//569 319//572 
f 910//573 909//571 317//574 
f 911//575 910//573 316//576 
f 912//577 911//575 320//578 
f 913//579 912//577 306//580 
f 914//581 913//579 305//582 
f 915//583 914//581 308//584 
f 916//585 915//583 307//586 
f 917//587 916//585 293//588 
f 918//589 917//587 292//590 
f 919//591 918//589 309//592 
f 920//593 919//591 311//594 
f 921//595 920//593 310//596 
f 922//597 921//595 279//598 
f 923//599 922//597 278//600 
f 924//601 923//599 281//602 
f 925//603 924//601 280//604 
f 926//605 925//603 242//606 
f 927//607 926//605 241//608 
f 928//609 927//607 282//610 
f 929//611 928//609 283//612 
f 930//613 929//611 272//614 
f 931//615 930//613 294//616 
f 932//617 931//615 244//618 
f 933//619 932//617 243//620 
f 934//621 933//619 222//622 
f 935//623 934//621 274//624 
f 936//625 935//623 275//626 
f 937//627 936//625 284//628 
f 938//629 937//627 285//630 
f 939//631 938//629 233//632 
f 940//633 939//631 232//634 
f 941//635 940//633 235//636 
f 942//637 941//635 265//638 
f 943//639 942//637 264//640 
f 944//641 943//639 269//642 
f 945//643 944//641 286//644 
f 946//645 945//643 277//646 
f 947//647 946//645 287//648 
f 948//649 947//647 295//650 
f 949//651 948//649 297//652 
f 950//653 949//651 296//654 
f 951//655 950//653 289//656 
f 952//657 951//655 288//658 
f 953//659 952//657 291//660 
f 954//661 953//659 290//662 
f 955//663 954//661 298//664 
f 899//552 955//663 300//663 
f 300//663 299//552 899//552 
f 298//664 300//663 955//663 
f 290//662 298//664 954//661 
f 291//660 290//662 953//659 
f 288//658 291//660 952//657 
f 289//656 288//658 951//655 
f 296//654 289//656 950//653 
f 297//652 296//654 949//651 
f 295//650 297//652 948//649 
f 287//648 295//650 947//647 
f 277//646 287//648 946//645 
f 286//644 277//646 945//643 
f 269//642 286//644 944//641 
f 264//640 269//642 943//639 
f 265//638 264//640 942//637 
f 235//636 265//638 941//635 
f 232//634 235//636 940//633 
f 233//632 232//634 939//631 
f 285//630 233//632 938//629 
f 284//628 285//630 937//627 
f 275//626 284//628 936//625 
f 274//624 275//626 935//623 
f 222//622 274//624 934//621 
f 243//620 222//622 933//619 
f 244//618 243//620 932//617 
f 294//616 244//618 931//615 
f 272//614 294//616 930//613 
f 283//612 272//614 929//611 
f 282//610 283//612 928//609 
f 241//608 282//610 927//607 
f 242//606 241//608 926//605 
f 280//604 242//606 925//603 
f 281//602 280//604 924//601 
f 278//600 281//602 923//599 
f 279//598 278//600 922//597 
f 310//596 279//598 921//595 
f 311//594 310//596 920//593 
f 309//592 311//594 919//591 
f 292//590 309//592 918//589 
f 293//588 292//590 917//587 
f 307//586 293//588 916//585 
f 308//584 307//586 915//583 
f 305//582 308//584 914//581 
f 306//580 305//582 913//579 
f 320//578 306//580 912//577 
f 316//576 320//578 911//575 
f 317//574 316//576 910//573 
f 319//572 317//574 909//571 
f 314//570 319//572 908//569 
f 315//568 314//570 907//567 
f 303//566 315//568 906//565 
f 304//564 303//566 905//563 
f 301//562 304//564 904//561 
f 302//560 301//562 903//559 
f 318//558 302//560 902//557 
f 312//556 318//558 901//555 
f 313//554 312//556 900//553 
f 299//552 313//554 898//551 
o mesh27
f 956//665 957//666 330//666 
f 958//667 956//665 337//668 
f 959//669 958//667 348//670 
f 960//671 959//669 350//672 
f 961//673 960//671 349//674 
f 962//675 961//673 363//676 
f 963//677 962//675 358//678 
f 964//679 963//677 357//680 
f 965//681 964//679 366//682 
f 966//683 965//681 365//684 
f 967//685 966//683 368//686 
f 968//687 967//685 367//688 
f 969//689 968//687 379//690 
f 970//691 969//689 378//692 
f 971//693 970//691 383//694 
f 972//695 971//693 380//696 
f 973//697 972//695 385//698 
f 974//699 973//697 371//700 
f 975//701 974//699 339//702 
f 976//703 975//701 338//704 
f 977//705 976//703 351//706 
f 978//707 977//705 353//708 
f 979//709 978//707 352//710 
f 980//711 979//709 340//712 
f 981//713 980//711 332//714 
f 982//715 981//713 325//716 
f 983//717 982//715 324//718 
f 984//719 983//717 327//720 
f 985//721 984//719 334//722 
f 986//723 985//721 333//724 
f 987//725 986//723 335//726 
f 988//727 987//725 328//728 
f 989//729 988//727 326//730 
f 990//731 989//729 342//732 
f 991//733 990//731 341//734 
f 992//735 991//733 344//736 
f 993//737 992//735 343//738 
f 994//739 993//737 360//740 
f 995//741 994//739 359//742 
f 996//743 995//741 361//744 
f 997//745 996//743 356//746 
f 998//747 997//745 355//748 
f 999//749 998//747 381//750 
f 1000//751 999//749 382//752 
f 1001//753 1000//751 373//754 
f 1002//755 1001//753 372//756 
f 1003//757 1002//755 384//758 
f 1004//759 1003//757 370//760 
f 1005//761 1004//759 369//762 
f 1006//763 1005//761 374//764 
f 1007//765 1006//763 362//766 
f 1008//767 1007//765 364//768 
f 1009//769 1008//767 346//770 
f 1010//771 1009//769 345//772 
f 1011//773 1010//771 329//774 
f 1012//775 1011//773 336//776 
f 1013//777 1012//775 347//778 
f 957//666 1013//777 331//777 
f 331//777 330//666 957//666 
f 347//778 331//777 1013//777 
f 336//776 347//778 1012//775 
f 329//774 336//776 1011//773 
f 345//772 329//774 1010//771 
f 346//770 345//772 1009//769 
f 364//768 346//770 1008//767 
f 362//766 364//768 1007//765 
f 374//764 362//766 1006//763 
f 369//762 374//764 1005//761 
f 370//760 369//762 1004//759 
f 384//758 370//760 1003//757 
f 372//756 384//758 1002//755 
f 373//754 372//756 1001//753 
f 382//752 373//754 1000//751 
f 381//750 382//752 999//749 
f 355//748 381//750 998//747 
f 356//746 355//748 997//745 
f 361//744 356//746 996//743 
f 359//742 361//744 995//741 
f 360//740 359//742 994//739 
f 343//738 360//740 993//737 
f 344//736 343//738 992//735 
f 341//734 344//736 991//733 
f 342//732 341//734 990//731 
f 326//730 342//732 989//729 
f 328//728 326//730 988//727 
f 335//726 328//728 987//725 
f 333//724 335//726 986//723 
f 334//722 333//724 985//721 
f 327//720 334//722 984//719 
f 324//718 327//720 983//717 
f 325//716 324//718 982//715 
f 332//714 325//716 981//713 
f 340//712 332//714 980//711 
f 352//710 340//712 979//709 
f 353//708 352//710 978//707 
f 351//706 353//708 977//705 
f 338//704 351//706 976//703 
f 339//702 338//704 975//701 
f 371//700 339//702 974//699 
f 385//698 371//700 973//697 
f 380//696 385//698 972//695 
f 383//694 380//696 971//693 
f 378//692 383//694 970//691 
f 379//690 378//692 969//689 
f 367//688 379//690 968//687 
f 368//686 367//688 967//685 
f 365//684 368//686 966//683 
f 366//682 365//684 965//681 
f 357//680 366//682 964//679 
f 358//678 357//680 963//677 
f 363//676 358//678 962//675 
f 349//674 363//676 961//673 
f 350//672 349//674 960//671 
f 348//670 350//672 959//669 
f 337//668 348//670 958//667 
f 330//666 337//668 956//665 
o mesh28
f 1014//779 188//779 207//779 
f 211//779 188//779 1015//779 
f 1014//779 1015//779 188//779 
f 590//779 549//779 211//779 
f 207//779 767//779 1014//779 
f 207//779 506//779 767//779 
f 1015//779 590//779 211//779 
o mesh29
f 1016//780 752//780 119//780 
f 119//780 118//780 1016//780 
f 117//780 605//780 1017//780 
f 752//780 220//780 119//780 
f 1017//780 118//780 117//780 
f 117//780 567//780 605//780 
f 118//780 1017//780 1016//780 
o mesh30
f 321//779 570//779 1018//779 
f 581//779 377//779 321//779 
f 680//779 1019//779 1018//779 
f 1020//779 1019//779 680//779 
f 1018//779 570//779 680//779 
f 1018//779 581//779 321//779 
f 680//779 1021//779 1020//779 
o mesh31
f 386//780 580//780 1022//780 
f 678//780 387//780 1022//780 
f 1022//780 387//780 386//780 
f 386//780 375//780 580//780 
f 1023//780 1024//780 678//780 
f 678//780 1025//780 1023//780 
f 1022//780 1025//780 678//780 
o mesh32
f 1020//781 1021//781 1024//781 
f 1024//781 1023//781 1020//781 
o mesh33
f 1025//782 1019//782 1020//782 
f 1020//782 1023//782 1025//782 
o mesh34
f 276//783 263//783 1026//783 
f 583//783 354//783 276//783 
f 682//783 1027//783 1026//783 
f 1028//783 1027//783 682//783 
f 1026//783 263//783 682//783 
f 1026//783 583//783 276//783 
f 682//783 1029//783 1028//783 
o mesh35
f 322//784 582//784 1030//784 
f 681//784 323//784 1030//784 
f 1030//784 323//784 322//784 
f 322//784 376//784 582//784 
f 1031//784 1032//784 681//784 
f 681//784 1033//784 1031//784 
f 1030//784 1033//784 681//784 
o mesh36
f 1028//785 1029//785 1032//785 
f 1032//785 1031//785 1028//785 
o mesh37
f 1033//786 1027//786 1028//786 
f 1028//786 1031//786 1033//786 
o mesh38
f 745//786 747//786 748//786 
f 749//786 741//786 742//786 
f 745//786 746//786 747//786 
f 749//786 743//786 744//786 
f 749//786 740//786 741//786 
f 749//786 738//786 739//786 
f 744//786 745//786 749//786 
f 739//786 740//786 749//786 
f 749//786 683//786 736//786 
f 742//786 743//786 749//786 
f 736//786 737//786 749//786 
f 737//786 738//786 749//786 
f 748//786 749//786 745//786 
f 684//786 685//786 1029//786 
f 684//786 682//786 683//786 
f 749//786 684//786 683//786 
f 735//786 729//786 728//786 
f 731//786 735//786 734//786 
f 1029//786 712//786 713//786 
f 1029//786 710//786 711//786 
f 1029//786 682//786 684//786 
f 735//786 726//786 725//786 
f 728//786 727//786 735//786 
f 735//786 731//786 730//786 
f 734//786 733//786 731//786 
f 711//786 712//786 1029//786 
f 1029//786 708//786 709//786 
f 685//786 707//786 1029//786 
f 727//786 726//786 735//786 
f 733//786 732//786 731//786 
f 713//786 714//786 1029//786 
f 707//786 708//786 1029//786 
f 717//786 1021//786 1032//786 
f 686//786 723//786 722//786 
f 730//786 729//786 735//786 
f 1029//786 715//786 716//786 
f 709//786 710//786 1029//786 
f 1032//786 1029//786 717//786 
f 686//786 724//786 723//786 
f 724//786 686//786 735//786 
f 714//786 715//786 1029//786 
f 717//786 718//786 1021//786 
f 725//786 724//786 735//786 
f 718//786 719//786 1021//786 
f 681//786 1032//786 1021//786 
f 719//786 1034//786 1024//786 
f 689//786 688//786 1035//786 
f 689//786 687//786 686//786 
f 1021//786 680//786 681//786 
f 1024//786 1021//786 719//786 
f 720//786 703//786 702//786 
f 722//786 689//786 686//786 
f 719//786 720//786 1034//786 
f 678//786 1024//786 1034//786 
f 720//786 704//786 703//786 
f 1035//786 692//786 687//786 
f 1034//786 679//786 678//786 
f 720//786 1036//786 1037//786 
f 720//786 705//786 704//786 
f 1035//786 693//786 692//786 
f 1035//786 695//786 694//786 
f 1035//786 697//786 696//786 
f 1035//786 699//786 698//786 
f 1037//786 1034//786 720//786 
f 691//786 1037//786 1036//786 
f 702//786 1036//786 720//786 
f 706//786 705//786 720//786 
f 694//786 693//786 1035//786 
f 698//786 697//786 1035//786 
f 1035//786 702//786 701//786 
f 1036//786 690//786 691//786 
f 720//786 721//786 706//786 
f 696//786 695//786 1035//786 
f 701//786 700//786 1035//786 
f 702//786 1035//786 1036//786 
f 700//786 699//786 1035//786 
f 1035//786 687//786 689//786 
f 716//786 717//786 1029//786 
o mesh39
f 388//787 569//787 1038//787 
f 585//787 426//787 388//787 
f 679//787 1039//787 1038//787 
f 1040//787 1039//787 679//787 
f 1038//787 569//787 679//787 
f 1038//787 585//787 388//787 
f 679//787 1034//787 1040//787 
o mesh40
f 391//788 584//788 1041//788 
f 691//788 392//788 1041//788 
f 1041//788 392//788 391//788 
f 391//788 409//788 584//788 
f 1042//788 1037//788 691//788 
f 691//788 1043//788 1042//788 
f 1041//788 1043//788 691//788 
o mesh41
f 1040//789 1034//789 1037//789 
f 1037//789 1042//789 1040//789 
o mesh42
f 1043//790 1039//790 1040//790 
f 1040//790 1042//790 1043//790 
o mesh43
f 390//791 568//791 1044//791 
f 587//791 413//791 390//791 
f 690//791 1045//791 1044//791 
f 1046//791 1045//791 690//791 
f 1044//791 568//791 690//791 
f 1044//791 587//791 390//791 
f 690//791 1036//791 1046//791 
o mesh44
f 393//792 586//792 1047//792 
f 688//792 443//792 1047//792 
f 1047//792 443//792 393//792 
f 393//792 414//792 586//792 
f 1048//792 1035//792 688//792 
f 688//792 1049//792 1048//792 
f 1047//792 1049//792 688//792 
o mesh45
f 1046//793 1036//793 1035//793 
f 1035//793 1048//793 1046//793 
o mesh46
f 1049//794 1045//794 1046//794 
f 1046//794 1048//794 1049//794 
o mesh47
f 1050//793 1016//793 1051//793 
f 1017//793 1052//793 1051//793 
f 1051//793 1016//793 1017//793 
f 1051//793 1053//793 1050//793 
o mesh48
f 1054//795 1055//795 1056//796 
f 1057//796 1056//796 1058//797 
f 1059//797 1058//797 1060//798 
f 1061//798 1060//798 1062//799 
f 1063//799 1062//799 1064//800 
f 1065//800 1064//800 1066//801 
f 1067//801 1066//801 1068//802 
f 1069//802 1068//802 1070//803 
f 1071//803 1070//803 1072//804 
f 1073//804 1072//804 1074//805 
f 1075//805 1074//805 1076//806 
f 1077//806 1076//806 1078//807 
f 1079//807 1078//807 1080//808 
f 1081//808 1080//808 1082//809 
f 1083//809 1082//809 1051//810 
f 1051//810 1052//810 1083//809 
f 1082//809 1083//809 1081//808 
f 1080//808 1081//808 1079//807 
f 1078//807 1079//807 1077//806 
f 1076//806 1077//806 1075//805 
f 1074//805 1075//805 1073//804 
f 1072//804 1073//804 1071//803 
f 1070//803 1071//803 1069//802 
f 1068//802 1069//802 1067//801 
f 1066//801 1067//801 1065//800 
f 1064//800 1065//800 1063//799 
f 1062//799 1063//799 1061//798 
f 1060//798 1061//798 1059//797 
f 1058//797 1059//797 1057//796 
f 1056//796 1057//796 1054//795 
o mesh49
f 1084//811 1085//811 1086//812 
f 1087//812 1086//812 1088//813 
f 1089//813 1088//813 1090//814 
f 1091//814 1090//814 1092//815 
f 1093//815 1092//815 1094//816 
f 1095//816 1094//816 1096//817 
f 1097//817 1096//817 1098//818 
f 1099//818 1098//818 1100//819 
f 1101//819 1100//819 1102//820 
f 1103//820 1102//820 1104//821 
f 1105//821 1104//821 1106//822 
f 1107//822 1106//822 1108//823 
f 1109//823 1108//823 1110//824 
f 1111//824 1110//824 1112//825 
f 1113//825 1112//825 1050//826 
f 1050//826 1053//826 1113//825 
f 1112//825 1113//825 1111//824 
f 1110//824 1111//824 1109//823 
f 1108//823 1109//823 1107//822 
f 1106//822 1107//822 1105//821 
f 1104//821 1105//821 1103//820 
f 1102//820 1103//820 1101//819 
f 1100//819 1101//819 1099//818 
f 1098//818 1099//818 1097//817 
f 1096//817 1097//817 1095//816 
f 1094//816 1095//816 1093//815 
f 1092//815 1093//815 1091//814 
f 1090//814 1091//814 1089//813 
f 1088//813 1089//813 1087//812 
f 1086//812 1087//812 1084//811 
o mesh50
f 1060//827 1113//827 1053//827 
f 1114//827 1084//827 1055//827 
f 1055//827 1089//827 1091//827 
f 1056//827 1097//827 1099//827 
f 1058//827 1099//827 1101//827 
f 1060//827 1111//827 1113//827 
f 1055//827 1115//827 1114//827 
f 1055//827 1087//827 1089//827 
f 1056//827 1095//827 1097//827 
f 1056//827 1091//827 1093//827 
f 1058//827 1105//827 1107//827 
f 1101//827 1103//827 1058//827 
f 1060//827 1109//827 1111//827 
f 1091//827 1056//827 1055//827 
f 1093//827 1095//827 1056//827 
f 1103//827 1105//827 1058//827 
f 1060//827 1107//827 1109//827 
f 1099//827 1058//827 1056//827 
f 1053//827 1062//827 1060//827 
f 1053//827 1066//827 1064//827 
f 1053//827 1070//827 1068//827 
f 1107//827 1060//827 1058//827 
f 1068//827 1066//827 1053//827 
f 1053//827 1076//827 1074//827 
f 1064//827 1062//827 1053//827 
f 1074//827 1072//827 1053//827 
f 1053//827 1080//827 1078//827 
f 1053//827 1051//827 1082//827 
f 1072//827 1070//827 1053//827 
f 1082//827 1080//827 1053//827 
f 1078//827 1076//827 1053//827 
f 1084//827 1087//827 1055//827 
o mesh51
f 1116//828 1117//828 1114//828 
f 1085//828 1084//828 1114//828 
f 1114//828 1117//828 1085//828 
f 1114//828 1118//828 1116//828 
o mesh52
f 1055//828 1054//828 1119//828 
f 1120//828 1121//828 1119//828 
f 1119//828 1054//828 1120//828 
f 1119//828 1115//828 1055//828 
o mesh53
f 1121//827 1116//827 1118//827 
f 1118//827 1119//827 1121//827 
o mesh54
f 1119//829 1118//829 1114//829 
f 1114//829 1115//829 1119//829 
o mesh55
f 1016//830 958//830 959//830 
f 1016//830 1012//830 1013//830 
f 1016//830 1009//830 1010//830 
f 1094//830 1090//830 1088//830 
f 1086//830 1102//830 1100//830 
f 940//830 775//830 776//830 
f 762//830 756//830 755//830 
f 757//830 760//830 759//830 
f 757//830 762//830 761//830 
f 1016//830 956//830 958//830 
f 1013//830 957//830 1016//830 
f 1010//830 1011//830 1016//830 
f 1016//830 1007//830 1008//830 
f 1094//830 1092//830 1090//830 
f 1086//830 1098//830 1096//830 
f 1086//830 1104//830 1102//830 
f 1086//830 1108//830 1106//830 
f 953//830 986//830 987//830 
f 953//830 981//830 982//830 
f 895//830 812//830 813//830 
f 895//830 807//830 808//830 
f 940//830 774//830 775//830 
f 940//830 772//830 773//830 
f 762//830 757//830 756//830 
f 761//830 760//830 757//830 
f 1016//830 965//830 966//830 
f 1016//830 961//830 962//830 
f 957//830 956//830 1016//830 
f 1008//830 1009//830 1016//830 
f 1016//830 1002//830 1003//830 
f 1096//830 1094//830 1086//830 
f 1106//830 1104//830 1086//830 
f 953//830 985//830 986//830 
f 953//830 983//830 984//830 
f 953//830 980//830 981//830 
f 953//830 978//830 979//830 
f 828//830 1122//830 1123//830 
f 1014//830 827//830 828//830 
f 895//830 811//830 812//830 
f 895//830 809//830 810//830 
f 895//830 806//830 807//830 
f 895//830 804//830 805//830 
f 940//830 781//830 751//830 
f 940//830 777//830 778//830 
f 773//830 774//830 940//830 
f 940//830 769//830 770//830 
f 759//830 758//830 757//830 
f 754//830 764//830 763//830 
f 966//830 967//830 1016//830 
f 1016//830 963//830 964//830 
f 1016//830 960//830 961//830 
f 1011//830 1012//830 1016//830 
f 1016//830 1005//830 1006//830 
f 1003//830 1004//830 1016//830 
f 1108//830 1086//830 1085//830 
f 1100//830 1098//830 1086//830 
f 1001//830 1050//830 1112//830 
f 953//830 990//830 991//830 
f 953//830 988//830 989//830 
f 984//830 985//830 953//830 
f 979//830 980//830 953//830 
f 1124//830 784//830 785//830 
f 1124//830 838//830 839//830 
f 1124//830 835//830 836//830 
f 828//830 1125//830 1126//830 
f 828//830 1127//830 1014//830 
f 895//830 816//830 817//830 
f 895//830 814//830 815//830 
f 810//830 811//830 895//830 
f 805//830 806//830 895//830 
f 940//830 941//830 869//830 
f 940//830 780//830 781//830 
f 776//830 777//830 940//830 
f 770//830 771//830 940//830 
f 926//830 766//830 753//830 
f 763//830 762//830 754//830 
f 754//830 766//830 765//830 
f 964//830 965//830 1016//830 
f 959//830 960//830 1016//830 
f 1004//830 1005//830 1016//830 
f 1088//830 1086//830 1094//830 
f 1112//830 1110//830 1001//830 
f 953//830 994//830 995//830 
f 989//830 990//830 953//830 
f 982//830 983//830 953//830 
f 1124//830 782//830 784//830 
f 839//830 783//830 1124//830 
f 836//830 837//830 1124//830 
f 1124//830 833//830 834//830 
f 828//830 1128//830 1129//830 
f 1123//830 1127//830 828//830 
f 895//830 820//830 821//830 
f 815//830 816//830 895//830 
f 808//830 809//830 895//830 
f 869//830 767//830 940//830 
f 940//830 779//830 780//830 
f 771//830 772//830 940//830 
f 766//830 754//830 753//830 
f 765//830 764//830 754//830 
f 1016//830 970//830 971//830 
f 967//830 968//830 1016//830 
f 1006//830 1007//830 1016//830 
f 1110//830 1108//830 1001//830 
f 1050//830 1001//830 1002//830 
f 995//830 996//830 953//830 
f 953//830 992//830 993//830 
f 987//830 988//830 953//830 
f 953//830 976//830 977//830 
f 953//830 973//830 974//830 
f 1124//830 791//830 792//830 
f 1124//830 787//830 788//830 
f 783//830 782//830 1124//830 
f 834//830 835//830 1124//830 
f 1124//830 828//830 829//830 
f 828//830 1130//830 1131//830 
f 1126//830 1122//830 828//830 
f 821//830 822//830 895//830 
f 895//830 818//830 819//830 
f 813//830 814//830 895//830 
f 895//830 802//830 803//830 
f 895//830 799//830 800//830 
f 941//830 853//830 854//830 
f 869//830 870//830 767//830 
f 778//830 779//830 940//830 
f 940//830 767//830 768//830 
f 926//830 927//830 750//830 
f 755//830 754//830 762//830 
f 1016//830 969//830 970//830 
f 971//830 903//830 904//830 
f 962//830 963//830 1016//830 
f 1002//830 1016//830 1050//830 
f 1117//830 999//830 1000//830 
f 993//830 994//830 953//830 
f 977//830 978//830 953//830 
f 974//830 975//830 953//830 
f 792//830 793//830 1124//830 
f 1124//830 789//830 790//830 
f 1124//830 786//830 787//830 
f 837//830 838//830 1124//830 
f 1124//830 831//830 832//830 
f 829//830 830//830 1124//830 
f 828//830 1132//830 1133//830 
f 1129//830 1125//830 828//830 
f 819//830 820//830 895//830 
f 803//830 804//830 895//830 
f 800//830 801//830 895//830 
f 854//830 855//830 941//830 
f 942//830 852//830 853//830 
f 767//830 874//830 875//830 
f 767//830 872//830 873//830 
f 870//830 871//830 767//830 
f 768//830 769//830 940//830 
f 751//830 936//830 937//830 
f 751//830 750//830 932//830 
f 753//830 925//830 926//830 
f 925//830 753//830 752//830 
f 752//830 922//830 923//830 
f 752//830 920//830 921//830 
f 752//830 915//830 916//830 
f 752//830 912//830 913//830 
f 1016//830 911//830 912//830 
f 1016//830 908//830 909//830 
f 904//830 905//830 971//830 
f 971//830 901//830 902//830 
f 1085//830 1001//830 1108//830 
f 1000//830 1085//830 1117//830 
f 991//830 992//830 953//830 
f 953//830 972//830 973//830 
f 1124//830 796//830 797//830 
f 790//830 791//830 1124//830 
f 785//830 786//830 1124//830 
f 830//830 831//830 1124//830 
f 828//830 1134//830 1135//830 
f 828//830 1136//830 1137//830 
f 1131//830 1128//830 828//830 
f 817//830 818//830 895//830 
f 895//830 798//830 799//830 
f 941//830 862//830 863//830 
f 855//830 856//830 941//830 
f 853//830 941//830 942//830 
f 767//830 879//830 880//830 
f 767//830 876//830 877//830 
f 873//830 874//830 767//830 
f 751//830 939//830 940//830 
f 937//830 938//830 751//830 
f 932//830 933//830 751//830 
f 750//830 930//830 931//830 
f 752//830 924//830 925//830 
f 921//830 922//830 752//830 
f 916//830 917//830 752//830 
f 913//830 914//830 752//830 
f 1016//830 910//830 911//830 
f 1016//830 907//830 908//830 
f 902//830 903//830 971//830 
f 1000//830 1001//830 1085//830 
f 975//830 976//830 953//830 
f 899//830 971//830 972//830 
f 953//830 999//830 1117//830 
f 1124//830 795//830 796//830 
f 793//830 794//830 1124//830 
f 832//830 833//830 1124//830 
f 828//830 1124//830 1134//830 
f 1133//830 1130//830 828//830 
f 801//830 802//830 895//830 
f 841//830 797//830 798//830 
f 941//830 867//830 868//830 
f 863//830 864//830 941//830 
f 941//830 857//830 858//830 
f 852//830 943//830 944//830 
f 942//830 943//830 852//830 
f 767//830 881//830 882//830 
f 767//830 878//830 879//830 
f 875//830 876//830 767//830 
f 938//830 939//830 751//830 
f 751//830 934//830 935//830 
f 931//830 932//830 750//830 
f 750//830 927//830 928//830 
f 923//830 924//830 752//830 
f 752//830 918//830 919//830 
f 914//830 915//830 752//830 
f 909//830 910//830 1016//830 
f 1016//830 905//830 906//830 
f 968//830 969//830 1016//830 
f 971//830 899//830 898//830 
f 996//830 997//830 953//830 
f 972//830 954//830 955//830 
f 1117//830 951//830 952//830 
f 1117//830 949//830 950//830 
f 797//830 842//830 1124//830 
f 788//830 789//830 1124//830 
f 1137//830 1132//830 828//830 
f 1014//830 767//830 825//830 
f 822//830 823//830 895//830 
f 798//830 896//830 897//830 
f 825//830 893//830 894//830 
f 825//830 891//830 892//830 
f 767//830 883//830 884//830 
f 941//830 866//830 867//830 
f 864//830 865//830 941//830 
f 858//830 859//830 941//830 
f 856//830 857//830 941//830 
f 1117//830 850//830 851//830 
f 850//830 1117//830 1138//830 
f 880//830 881//830 767//830 
f 871//830 872//830 767//830 
f 933//830 934//830 751//830 
f 928//830 929//830 750//830 
f 919//830 920//830 752//830 
f 912//830 752//830 1016//830 
f 971//830 905//830 1016//830 
f 898//830 900//830 971//830 
f 997//830 998//830 953//830 
f 972//830 953//830 954//830 
f 950//830 951//830 1117//830 
f 1117//830 947//830 948//830 
f 797//830 840//830 842//830 
f 1135//830 1136//830 828//830 
f 825//830 826//830 1014//830 
f 823//830 824//830 895//830 
f 798//830 895//830 896//830 
f 892//830 893//830 825//830 
f 825//830 889//830 890//830 
f 825//830 886//830 887//830 
f 884//830 825//830 767//830 
f 865//830 866//830 941//830 
f 941//830 860//830 861//830 
f 944//830 1117//830 852//830 
f 1138//830 849//830 850//830 
f 877//830 878//830 767//830 
f 929//830 930//830 750//830 
f 917//830 918//830 752//830 
f 900//830 901//830 971//830 
f 972//830 955//830 899//830 
f 948//830 949//830 1117//830 
f 1117//830 944//830 945//830 
f 843//830 844//830 1138//830 
f 797//830 841//830 840//830 
f 826//830 827//830 1014//830 
f 798//830 897//830 841//830 
f 890//830 891//830 825//830 
f 887//830 888//830 825//830 
f 884//830 885//830 825//830 
f 861//830 862//830 941//830 
f 851//830 852//830 1117//830 
f 1138//830 847//830 848//830 
f 1138//830 845//830 846//830 
f 935//830 936//830 751//830 
f 906//830 907//830 1016//830 
f 1117//830 952//830 953//830 
f 945//830 946//830 1117//830 
f 1138//830 1124//830 843//830 
f 794//830 795//830 1124//830 
f 894//830 895//830 825//830 
f 885//830 886//830 825//830 
f 859//830 860//830 941//830 
f 846//830 847//830 1138//830 
f 750//830 766//830 926//830 
f 946//830 947//830 1117//830 
f 842//830 843//830 1124//830 
f 888//830 889//830 825//830 
f 848//830 849//830 1138//830 
f 998//830 999//830 953//830 
f 824//830 825//830 895//830 
f 882//830 883//830 767//830 
f 868//830 869//830 941//830 
f 844//830 845//830 1138//830 
o mesh56
f 1124//831 1139//831 1140//832 
f 1134//832 1140//832 1141//833 
f 1135//833 1141//833 1142//834 
f 1136//834 1142//834 1143//835 
f 1137//835 1143//835 1144//836 
f 1132//836 1144//836 1145//837 
f 1133//837 1145//837 1146//838 
f 1130//838 1146//838 1147//839 
f 1131//839 1147//839 1148//840 
f 1128//840 1148//840 1149//841 
f 1129//841 1149//841 1150//842 
f 1125//842 1150//842 1151//843 
f 1126//843 1151//843 1152//844 
f 1122//844 1152//844 1153//845 
f 1123//845 1153//845 1154//846 
f 1154//846 1127//846 1123//845 
f 1153//845 1123//845 1122//844 
f 1152//844 1122//844 1126//843 
f 1151//843 1126//843 1125//842 
f 1150//842 1125//842 1129//841 
f 1149//841 1129//841 1128//840 
f 1148//840 1128//840 1131//839 
f 1147//839 1131//839 1130//838 
f 1146//838 1130//838 1133//837 
f 1145//837 1133//837 1132//836 
f 1144//836 1132//836 1137//835 
f 1143//835 1137//835 1136//834 
f 1142//834 1136//834 1135//833 
f 1141//833 1135//833 1134//832 
f 1140//832 1134//832 1124//831 
o mesh57
f 1015//846 1014//846 1155//846 
f 1127//846 1154//846 1155//846 
f 1155//846 1014//846 1127//846 
f 1155//846 1156//846 1015//846 
o mesh58
f 1157//847 1158//847 1159//848 
f 1160//848 1159//848 1161//849 
f 1162//849 1161//849 1163//850 
f 1164//850 1163//850 1165//851 
f 1166//851 1165//851 1167//852 
f 1168//852 1167//852 1169//853 
f 1170//853 1169//853 1171//854 
f 1172//854 1171//854 1173//855 
f 1174//855 1173//855 1175//856 
f 1176//856 1175//856 1177//857 
f 1178//857 1177//857 1179//858 
f 1180//858 1179//858 1181//859 
f 1182//859 1181//859 1183//860 
f 1184//860 1183//860 1185//861 
f 1186//861 1185//861 1156//862 
f 1156//862 1155//862 1186//861 
f 1185//861 1186//861 1184//860 
f 1183//860 1184//860 1182//859 
f 1181//859 1182//859 1180//858 
f 1179//858 1180//858 1178//857 
f 1177//857 1178//857 1176//856 
f 1175//856 1176//856 1174//855 
f 1173//855 1174//855 1172//854 
f 1171//854 1172//854 1170//853 
f 1169//853 1170//853 1168//852 
f 1167//852 1168//852 1166//851 
f 1165//851 1166//851 1164//850 
f 1163//850 1164//850 1162//849 
f 1161//849 1162//849 1160//848 
f 1159//848 1160//848 1157//847 
o mesh59
f 1049//862 1047//862 1187//862 
f 1138//862 1043//862 1045//862 
f 1045//862 1049//862 1138//862 
f 1044//862 1045//862 1043//862 
f 1043//862 1041//862 1044//862 
f 1138//862 1025//862 1039//862 
f 1039//862 1043//862 1138//862 
f 1038//862 1039//862 1025//862 
f 1025//862 1022//862 1038//862 
f 1138//862 1033//862 1019//862 
f 1019//862 1025//862 1138//862 
f 1018//862 1019//862 1033//862 
f 1033//862 1030//862 1018//862 
f 1117//862 1027//862 1033//862 
f 1033//862 1138//862 1117//862 
f 1027//862 1117//862 1116//862 
f 1120//862 1026//862 1116//862 
f 1116//862 1026//862 1027//862 
f 1187//862 1138//862 1049//862 
f 1188//862 1189//862 1187//862 
f 1187//862 1047//862 1188//862 
f 1116//862 1121//862 1120//862 
o mesh60
f 1124//863 1138//863 1190//863 
f 1187//863 1191//863 1190//863 
f 1190//863 1138//863 1187//863 
f 1190//863 1139//863 1124//863 
o mesh61
f 1188//863 1158//863 1192//863 
f 1157//863 1193//863 1192//863 
f 1192//863 1158//863 1157//863 
f 1192//863 1189//863 1188//863 
o mesh62
f 1164//864 1166//864 1154//864 
f 1154//864 1153//864 1164//864 
f 1162//864 1148//864 1147//864 
f 1160//864 1162//864 1146//864 
f 1157//864 1160//864 1142//864 
f 1190//864 1193//864 1157//864 
f 1153//864 1152//864 1164//864 
f 1162//864 1149//864 1148//864 
f 1162//864 1164//864 1150//864 
f 1160//864 1144//864 1143//864 
f 1146//864 1145//864 1160//864 
f 1142//864 1141//864 1157//864 
f 1157//864 1140//864 1139//864 
f 1152//864 1151//864 1164//864 
f 1150//864 1149//864 1162//864 
f 1145//864 1144//864 1160//864 
f 1157//864 1139//864 1190//864 
f 1154//864 1170//864 1172//864 
f 1154//864 1166//864 1168//864 
f 1147//864 1146//864 1162//864 
f 1141//864 1140//864 1157//864 
f 1154//864 1180//864 1182//864 
f 1154//864 1176//864 1178//864 
f 1168//864 1170//864 1154//864 
f 1143//864 1142//864 1160//864 
f 1182//864 1184//864 1154//864 
f 1154//864 1174//864 1176//864 
f 1151//864 1150//864 1164//864 
f 1184//864 1186//864 1154//864 
f 1172//864 1174//864 1154//864 
f 1178//864 1180//864 1154//864 
f 1186//864 1155//864 1154//864 
o mesh63
f 1187//864 1189//864 1192//864 
f 1192//864 1191//864 1187//864 
o mesh64
f 1190//865 1191//865 1192//865 
f 1192//865 1193//865 1190//865 
o mesh65
f 620//866 613//866 614//866 
f 620//866 612//866 613//866 
f 620//866 610//866 611//866 
f 1194//866 1067//866 1069//866 
f 1194//866 1063//866 1065//866 
f 1194//866 586//866 1059//866 
f 648//866 1083//866 1052//866 
f 649//866 1081//866 1083//866 
f 1017//866 634//866 635//866 
f 1017//866 605//866 633//866 
f 620//866 615//866 616//866 
f 611//866 612//866 620//866 
f 660//866 1194//866 1073//866 
f 1065//866 1067//866 1194//866 
f 1059//866 1061//866 1194//866 
f 1083//866 648//866 649//866 
f 633//866 634//866 1017//866 
f 620//866 618//866 619//866 
f 614//866 615//866 620//866 
f 620//866 622//866 609//866 
f 1195//866 1196//866 1197//866 
f 1195//866 1198//866 1199//866 
f 1194//866 1071//866 1073//866 
f 1061//866 1063//866 1194//866 
f 658//866 1075//866 1077//866 
f 1017//866 647//866 648//866 
f 1017//866 644//866 645//866 
f 1017//866 642//866 643//866 
f 1017//866 637//866 638//866 
f 635//866 636//866 1017//866 
f 622//866 623//866 605//866 
f 620//866 617//866 618//866 
f 609//866 610//866 620//866 
f 1200//866 1159//866 1158//866 
f 1201//866 1202//866 1203//866 
f 1197//866 1204//866 1195//866 
f 1195//866 1205//866 1198//866 
f 1069//866 1071//866 1194//866 
f 1077//866 657//866 658//866 
f 1079//866 654//866 655//866 
f 1079//866 652//866 653//866 
f 1017//866 646//866 647//866 
f 643//866 644//866 1017//866 
f 638//866 639//866 1017//866 
f 605//866 632//866 633//866 
f 605//866 630//866 631//866 
f 605//866 625//866 626//866 
f 605//866 623//866 624//866 
f 622//866 607//866 608//866 
f 605//866 606//866 622//866 
f 616//866 617//866 620//866 
f 1206//866 673//866 674//866 
f 1200//866 1161//866 1159//866 
f 1200//866 1165//866 1163//866 
f 1200//866 1169//866 1167//866 
f 1200//866 1173//866 1171//866 
f 114//866 597//866 596//866 
f 1207//866 1208//866 1209//866 
f 1207//866 1210//866 1211//866 
f 1212//866 1213//866 1214//866 
f 1201//866 1215//866 1202//866 
f 1201//866 1195//866 1216//866 
f 1199//866 1196//866 1195//866 
f 1195//866 1201//866 1217//866 
f 1073//866 659//866 660//866 
f 659//866 1073//866 1075//866 
f 1079//866 656//866 657//866 
f 653//866 654//866 1079//866 
f 652//866 1079//866 1081//866 
f 1081//866 649//866 650//866 
f 645//866 646//866 1017//866 
f 1017//866 640//866 641//866 
f 636//866 637//866 1017//866 
f 605//866 629//866 630//866 
f 605//866 627//866 628//866 
f 624//866 625//866 605//866 
f 606//866 607//866 622//866 
f 589//866 621//866 620//866 
f 674//866 589//866 1206//866 
f 1206//866 671//866 672//866 
f 1194//866 664//866 665//866 
f 1163//866 1161//866 1200//866 
f 1171//866 1169//866 1200//866 
f 1200//866 1179//866 1177//866 
f 1200//866 1183//866 1181//866 
f 58//866 1185//866 1183//866 
f 1015//866 1156//866 58//866 
f 1200//866 28//866 30//866 
f 1200//866 1218//866 26//866 
f 114//866 598//866 597//866 
f 114//866 600//866 599//866 
f 1210//866 1207//866 1219//866 
f 1211//866 1208//866 1207//866 
f 1214//866 1220//866 1212//866 
f 1212//866 1221//866 1222//866 
f 1216//866 1215//866 1201//866 
f 1217//866 1205//866 1195//866 
f 1194//866 661//866 662//866 
f 1075//866 658//866 659//866 
f 655//866 656//866 1079//866 
f 650//866 651//866 1081//866 
f 641//866 642//866 1017//866 
f 631//866 632//866 605//866 
f 626//866 627//866 605//866 
f 619//866 589//866 620//866 
f 589//866 676//866 677//866 
f 672//866 673//866 1206//866 
f 1206//866 669//866 670//866 
f 1206//866 666//866 667//866 
f 1194//866 663//866 664//866 
f 1167//866 1165//866 1200//866 
f 1177//866 1175//866 1200//866 
f 1183//866 1200//866 58//866 
f 58//866 60//866 1015//866 
f 26//866 28//866 1200//866 
f 114//866 595//866 594//866 
f 599//866 598//866 114//866 
f 1209//866 1223//866 1207//866 
f 1222//866 1213//866 1212//866 
f 1212//866 1224//866 1225//866 
f 1204//866 1226//866 1195//866 
f 660//866 661//866 1194//866 
f 1081//866 651//866 652//866 
f 639//866 640//866 1017//866 
f 608//866 609//866 622//866 
f 589//866 675//866 676//866 
f 670//866 671//866 1206//866 
f 667//866 668//866 1206//866 
f 665//866 1206//866 1194//866 
f 1175//866 1173//866 1200//866 
f 1156//866 1185//866 58//866 
f 1200//866 54//866 56//866 
f 1200//866 48//866 50//866 
f 1200//866 44//866 46//866 
f 1200//866 34//866 36//866 
f 30//866 32//866 1200//866 
f 1218//866 588//866 8//866 
f 596//866 595//866 114//866 
f 114//866 602//866 601//866 
f 114//866 588//866 604//866 
f 1220//866 1210//866 1212//866 
f 1225//866 1227//866 1212//866 
f 1203//866 1228//866 1201//866 
f 1077//866 1079//866 657//866 
f 628//866 629//866 605//866 
f 674//866 675//866 589//866 
f 665//866 666//866 1206//866 
f 1015//866 68//866 70//866 
f 1015//866 64//866 66//866 
f 1181//866 1179//866 1200//866 
f 1200//866 52//866 54//866 
f 46//866 48//866 1200//866 
f 36//866 38//866 1200//866 
f 1218//866 24//866 26//866 
f 1218//866 20//866 22//866 
f 1218//866 10//866 12//866 
f 588//866 6//866 8//866 
f 601//866 600//866 114//866 
f 604//866 603//866 114//866 
f 112//866 591//866 590//866 
f 1229//866 1230//866 1231//866 
f 1232//866 1233//866 1234//866 
f 1235//866 1229//866 1236//866 
f 1120//866 1054//866 583//866 
f 1054//866 581//866 582//866 
f 1188//866 1237//866 1238//866 
f 1227//866 1221//866 1212//866 
f 1228//866 1239//866 1201//866 
f 1201//866 1224//866 1237//866 
f 1052//866 1017//866 648//866 
f 668//866 669//866 1206//866 
f 1015//866 78//866 80//866 
f 1015//866 72//866 74//866 
f 66//866 68//866 1015//866 
f 1158//866 1188//866 1200//866 
f 50//866 52//866 1200//866 
f 1200//866 40//866 42//866 
f 32//866 34//866 1200//866 
f 1218//866 18//866 20//866 
f 1218//866 14//866 16//866 
f 8//866 10//866 1218//866 
f 588//866 2//866 1//866 
f 603//866 602//866 114//866 
f 112//866 592//866 591//866 
f 112//866 594//866 593//866 
f 590//866 106//866 108//866 
f 590//866 102//866 104//866 
f 1015//866 88//866 90//866 
f 1231//866 1240//866 1229//866 
f 1236//866 1232//866 1235//866 
f 582//866 583//866 1054//866 
f 1030//866 582//866 581//866 
f 1188//866 1241//866 1237//866 
f 1219//866 1212//866 1210//866 
f 1237//866 1241//866 1201//866 
f 1241//866 1188//866 586//866 
f 677//866 621//866 589//866 
f 1015//866 82//866 84//866 
f 1015//866 76//866 78//866 
f 70//866 72//866 1015//866 
f 60//866 62//866 1015//866 
f 42//866 44//866 1200//866 
f 22//866 24//866 1218//866 
f 12//866 14//866 1218//866 
f 1//866 4//866 588//866 
f 594//866 112//866 114//866 
f 593//866 592//866 112//866 
f 104//866 106//866 590//866 
f 590//866 98//866 100//866 
f 590//866 92//866 94//866 
f 1015//866 86//866 88//866 
f 1229//866 1242//866 1230//866 
f 1234//866 1235//866 1232//866 
f 1243//866 1244//866 1245//866 
f 1246//866 1247//866 1248//866 
f 581//866 1018//866 1030//866 
f 1054//866 585//866 580//866 
f 584//866 585//866 1054//866 
f 1238//866 1249//866 1188//866 
f 1239//866 1224//866 1201//866 
f 662//866 663//866 1194//866 
f 80//866 82//866 1015//866 
f 62//866 64//866 1015//866 
f 38//866 40//866 1200//866 
f 4//866 6//866 588//866 
f 590//866 110//866 112//866 
f 100//866 102//866 590//866 
f 94//866 96//866 590//866 
f 90//866 590//866 1015//866 
f 1229//866 1250//866 1251//866 
f 1235//866 1242//866 1229//866 
f 1252//866 1253//866 1254//866 
f 1243//866 1255//866 1256//866 
f 1245//866 1257//866 1243//866 
f 1248//866 1258//866 1246//866 
f 1259//866 1243//866 1260//866 
f 580//866 581//866 1054//866 
f 1022//866 580//866 585//866 
f 1057//866 587//866 584//866 
f 1212//866 1237//866 1224//866 
f 586//866 1194//866 1241//866 
f 74//866 76//866 1015//866 
f 16//866 18//866 1218//866 
f 108//866 110//866 590//866 
f 90//866 92//866 590//866 
f 1240//866 1250//866 1229//866 
f 1254//866 1261//866 1252//866 
f 1243//866 1262//866 1263//866 
f 1257//866 1255//866 1243//866 
f 1243//866 1259//866 1264//866 
f 1260//866 1247//866 1259//866 
f 585//866 1038//866 1022//866 
f 1054//866 1057//866 584//866 
f 586//866 587//866 1059//866 
f 589//866 588//866 1218//866 
f 56//866 58//866 1200//866 
f 96//866 98//866 590//866 
f 1261//866 1229//866 1252//866 
f 1256//866 1262//866 1243//866 
f 1246//866 1259//866 1247//866 
f 1057//866 1059//866 587//866 
f 1041//866 584//866 587//866 
f 1218//866 1206//866 589//866 
f 114//866 2//866 588//866 
f 1251//866 1252//866 1229//866 
f 1253//866 1249//866 1238//866 
f 1264//866 1244//866 1243//866 
f 587//866 1044//866 1041//866 
f 84//866 86//866 1015//866 
f 1238//866 1265//866 1253//866 
f 1265//866 1238//866 1243//866 
f 1249//866 1200//866 1188//866 
f 1263//866 1265//866 1243//866 
f 1188//866 1047//866 586//866 
f 583//866 1026//866 1120//866 
f 1252//866 1249//866 1253//866 
o mesh66
f 1194//867 1206//867 1266//867 
f 1266//867 1267//867 1194//867 
o mesh67
f 1218//868 1268//868 1266//868 
f 1266//868 1206//868 1218//868 
o mesh68
f 1241//869 1194//869 1267//869 
f 1267//869 1269//869 1241//869 
o mesh69
f 1270//870 1271//870 1267//870 
f 1267//870 1266//870 1270//870 
o mesh70
f 1271//871 1272//871 1269//871 
f 1269//871 1267//871 1271//871 
o mesh71
f 1201//872 1241//872 1269//872 
f 1269//872 1273//872 1201//872 
o mesh72
f 1272//873 1274//873 1273//873 
f 1273//873 1269//873 1272//873 
o mesh73
f 1275//874 1239//874 1228//875 
f 1276//875 1228//875 1203//876 
f 1277//876 1203//876 1202//877 
f 1278//877 1202//877 1215//878 
f 1279//878 1215//878 1216//879 
f 1280//879 1216//879 1195//880 
f 1281//880 1195//880 1226//881 
f 1282//881 1226//881 1204//882 
f 1283//882 1204//882 1197//883 
f 1284//883 1197//883 1196//884 
f 1285//884 1196//884 1199//885 
f 1286//885 1199//885 1198//886 
f 1287//886 1198//886 1205//887 
f 1288//887 1205//887 1217//888 
f 1289//888 1217//888 1201//889 
f 1201//889 1273//889 1289//888 
f 1217//888 1289//888 1288//887 
f 1205//887 1288//887 1287//886 
f 1198//886 1287//886 1286//885 
f 1199//885 1286//885 1285//884 
f 1196//884 1285//884 1284//883 
f 1197//883 1284//883 1283//882 
f 1204//882 1283//882 1282//881 
f 1226//881 1282//881 1281//880 
f 1195//880 1281//880 1280//879 
f 1216//879 1280//879 1279//878 
f 1215//878 1279//878 1278//877 
f 1202//877 1278//877 1277//876 
f 1203//876 1277//876 1276//875 
f 1228//875 1276//875 1275//874 
o mesh74
f 1290//890 1270//890 1266//890 
f 1266//890 1268//890 1290//890 
o mesh75
f 1200//889 1291//889 1268//889 
f 1268//889 1218//889 1200//889 
o mesh76
f 1292//891 1290//891 1268//891 
f 1268//891 1291//891 1292//891 
o mesh77
f 1200//892 1249//892 1293//892 
f 1293//892 1291//892 1200//892 
o mesh78
f 1294//893 1292//893 1291//893 
f 1291//893 1293//893 1294//893 
o mesh79
f 1252//894 1295//894 1293//894 
f 1293//894 1249//894 1252//894 
o mesh80
f 1296//895 1294//895 1293//895 
f 1293//895 1295//895 1296//895 
o mesh81
f 1295//894 1252//894 1251//896 
f 1297//896 1251//896 1250//897 
f 1298//897 1250//897 1240//898 
f 1299//898 1240//898 1231//899 
f 1300//899 1231//899 1230//900 
f 1301//900 1230//900 1242//901 
f 1302//901 1242//901 1235//902 
f 1303//902 1235//902 1234//903 
f 1304//903 1234//903 1233//904 
f 1305//904 1233//904 1232//905 
f 1306//905 1232//905 1236//906 
f 1307//906 1236//906 1229//907 
f 1308//907 1229//907 1261//908 
f 1309//908 1261//908 1254//909 
f 1310//909 1254//909 1253//910 
f 1253//910 1311//910 1310//909 
f 1254//909 1310//909 1309//908 
f 1261//908 1309//908 1308//907 
f 1229//907 1308//907 1307//906 
f 1236//906 1307//906 1306//905 
f 1232//905 1306//905 1305//904 
f 1233//904 1305//904 1304//903 
f 1234//903 1304//903 1303//902 
f 1235//902 1303//902 1302//901 
f 1242//901 1302//901 1301//900 
f 1230//900 1301//900 1300//899 
f 1231//899 1300//899 1299//898 
f 1240//898 1299//898 1298//897 
f 1250//897 1298//897 1297//896 
f 1251//896 1297//896 1295//894 
o mesh82
f 1311//911 1312//911 1313//912 
f 1310//912 1313//912 1314//913 
f 1309//913 1314//913 1315//914 
f 1308//914 1315//914 1316//915 
f 1307//915 1316//915 1317//916 
f 1306//916 1317//916 1318//917 
f 1305//917 1318//917 1319//918 
f 1304//918 1319//918 1320//919 
f 1303//919 1320//919 1321//920 
f 1302//920 1321//920 1322//921 
f 1301//921 1322//921 1323//922 
f 1300//922 1323//922 1324//923 
f 1299//923 1324//923 1325//924 
f 1298//924 1325//924 1326//925 
f 1297//925 1326//925 1296//926 
f 1296//926 1295//926 1297//925 
f 1326//925 1297//925 1298//924 
f 1325//924 1298//924 1299//923 
f 1324//923 1299//923 1300//922 
f 1323//922 1300//922 1301//921 
f 1322//921 1301//921 1302//920 
f 1321//920 1302//920 1303//919 
f 1320//919 1303//919 1304//918 
f 1319//918 1304//918 1305//917 
f 1318//917 1305//917 1306//916 
f 1317//916 1306//916 1307//915 
f 1316//915 1307//915 1308//914 
f 1315//914 1308//914 1309//913 
f 1314//913 1309//913 1310//912 
f 1313//912 1310//912 1311//911 
o mesh83
f 1265//927 1327//927 1311//927 
f 1311//927 1253//927 1265//927 
o mesh84
f 1328//928 1312//928 1311//928 
f 1311//928 1327//928 1328//928 
o mesh85
f 1327//927 1265//927 1263//929 
f 1329//929 1263//929 1262//930 
f 1330//930 1262//930 1256//931 
f 1331//931 1256//931 1255//932 
f 1332//932 1255//932 1257//933 
f 1333//933 1257//933 1245//934 
f 1334//934 1245//934 1244//935 
f 1335//935 1244//935 1264//936 
f 1336//936 1264//936 1259//937 
f 1337//937 1259//937 1246//938 
f 1338//938 1246//938 1258//939 
f 1339//939 1258//939 1248//940 
f 1340//940 1248//940 1247//941 
f 1341//941 1247//941 1260//942 
f 1342//942 1260//942 1243//943 
f 1243//943 1343//943 1342//942 
f 1260//942 1342//942 1341//941 
f 1247//941 1341//941 1340//940 
f 1248//940 1340//940 1339//939 
f 1258//939 1339//939 1338//938 
f 1246//938 1338//938 1337//937 
f 1259//937 1337//937 1336//936 
f 1264//936 1336//936 1335//935 
f 1244//935 1335//935 1334//934 
f 1245//934 1334//934 1333//933 
f 1257//933 1333//933 1332//932 
f 1255//932 1332//932 1331//931 
f 1256//931 1331//931 1330//930 
f 1262//930 1330//930 1329//929 
f 1263//929 1329//929 1327//927 
o mesh86
f 1328//944 1327//944 1329//945 
f 1344//945 1329//945 1330//946 
f 1345//946 1330//946 1331//947 
f 1346//947 1331//947 1332//948 
f 1347//948 1332//948 1333//949 
f 1348//949 1333//949 1334//950 
f 1349//950 1334//950 1335//951 
f 1350//951 1335//951 1336//952 
f 1351//952 1336//952 1337//953 
f 1352//953 1337//953 1338//954 
f 1353//954 1338//954 1339//955 
f 1354//955 1339//955 1340//956 
f 1355//956 1340//956 1341//957 
f 1356//957 1341//957 1342//958 
f 1357//958 1342//958 1343//959 
f 1343//959 1358//959 1357//958 
f 1342//958 1357//958 1356//957 
f 1341//957 1356//957 1355//956 
f 1340//956 1355//956 1354//955 
f 1339//955 1354//955 1353//954 
f 1338//954 1353//954 1352//953 
f 1337//953 1352//953 1351//952 
f 1336//952 1351//952 1350//951 
f 1335//951 1350//951 1349//950 
f 1334//950 1349//950 1348//949 
f 1333//949 1348//949 1347//948 
f 1332//948 1347//948 1346//947 
f 1331//947 1346//947 1345//946 
f 1330//946 1345//946 1344//945 
f 1329//945 1344//945 1328//944 
o mesh87
f 1243//960 1238//960 1359//960 
f 1359//960 1343//960 1243//960 
o mesh88
f 1360//959 1358//959 1343//959 
f 1343//959 1359//959 1360//959 
o mesh89
f 1238//961 1237//961 1361//961 
f 1361//961 1359//961 1238//961 
o mesh90
f 1362//962 1360//962 1359//962 
f 1359//962 1361//962 1362//962 
o mesh91
f 1212//963 1363//963 1361//963 
f 1361//963 1237//963 1212//963 
o mesh92
f 1364//964 1362//964 1361//964 
f 1361//964 1363//964 1364//964 
o mesh93
f 1363//963 1212//963 1219//965 
f 1365//965 1219//965 1207//966 
f 1366//966 1207//966 1223//967 
f 1367//967 1223//967 1209//968 
f 1368//968 1209//968 1208//969 
f 1369//969 1208//969 1211//970 
f 1370//970 1211//970 1210//971 
f 1371//971 1210//971 1220//972 
f 1372//972 1220//972 1214//973 
f 1373//973 1214//973 1213//974 
f 1374//974 1213//974 1222//975 
f 1375//975 1222//975 1221//976 
f 1376//976 1221//976 1227//977 
f 1377//977 1227//977 1225//978 
f 1378//978 1225//978 1224//979 
f 1224//979 1379//979 1378//978 
f 1225//978 1378//978 1377//977 
f 1227//977 1377//977 1376//976 
f 1221//976 1376//976 1375//975 
f 1222//975 1375//975 1374//974 
f 1213//974 1374//974 1373//973 
f 1214//973 1373//973 1372//972 
f 1220//972 1372//972 1371//971 
f 1210//971 1371//971 1370//970 
f 1211//970 1370//970 1369//969 
f 1208//969 1369//969 1368//968 
f 1209//968 1368//968 1367//967 
f 1223//967 1367//967 1366//966 
f 1207//966 1366//966 1365//965 
f 1219//965 1365//965 1363//963 
o mesh94
f 1362//980 1364//980 1358//980 
f 1270//980 1380//980 1381//980 
f 1270//980 1382//980 1383//980 
f 1364//980 1357//980 1358//980 
f 1383//980 1380//980 1270//980 
f 1270//980 1384//980 1385//980 
f 1270//980 1386//980 1387//980 
f 1354//980 1388//980 1389//980 
f 1357//980 1390//980 1391//980 
f 1358//980 1360//980 1362//980 
f 1356//980 1357//980 1392//980 
f 1393//980 1354//980 1355//980 
f 1385//980 1382//980 1270//980 
f 1387//980 1394//980 1270//980 
f 1270//980 1350//980 1395//980 
f 1354//980 1393//980 1388//980 
f 1364//980 1390//980 1357//980 
f 1355//980 1356//980 1393//980 
f 1396//980 1351//980 1352//980 
f 1270//980 1290//980 1328//980 
f 1394//980 1384//980 1270//980 
f 1350//980 1397//980 1395//980 
f 1350//980 1398//980 1399//980 
f 1350//980 1396//980 1400//980 
f 1389//980 1401//980 1354//980 
f 1392//980 1393//980 1356//980 
f 1352//980 1353//980 1396//980 
f 1290//980 1312//980 1328//980 
f 1290//980 1317//980 1316//980 
f 1290//980 1319//980 1318//980 
f 1290//980 1323//980 1322//980 
f 1290//980 1326//980 1325//980 
f 1292//980 1294//980 1296//980 
f 1395//980 1386//980 1270//980 
f 1400//980 1398//980 1350//980 
f 1391//980 1392//980 1357//980 
f 1396//980 1350//980 1351//980 
f 1270//980 1344//980 1345//980 
f 1290//980 1313//980 1312//980 
f 1290//980 1315//980 1314//980 
f 1318//980 1317//980 1290//980 
f 1322//980 1321//980 1290//980 
f 1325//980 1324//980 1290//980 
f 1296//980 1290//980 1292//980 
f 1271//980 1270//980 1274//980 
f 1270//980 1402//980 1403//980 
f 1270//980 1404//980 1405//980 
f 1399//980 1397//980 1350//980 
f 1353//980 1354//980 1396//980 
f 1270//980 1348//980 1349//980 
f 1270//980 1346//980 1347//980 
f 1328//980 1344//980 1270//980 
f 1316//980 1315//980 1290//980 
f 1321//980 1320//980 1290//980 
f 1296//980 1326//980 1290//980 
f 1270//980 1406//980 1274//980 
f 1270//980 1407//980 1402//980 
f 1270//980 1408//980 1404//980 
f 1401//980 1396//980 1354//980 
f 1347//980 1348//980 1270//980 
f 1314//980 1313//980 1290//980 
f 1324//980 1323//980 1290//980 
f 1403//980 1406//980 1270//980 
f 1270//980 1409//980 1408//980 
f 1349//980 1350//980 1270//980 
f 1320//980 1319//980 1290//980 
f 1405//980 1407//980 1270//980 
f 1345//980 1346//980 1270//980 
f 1381//980 1409//980 1270//980 
f 1274//980 1272//980 1271//980 
o mesh95
f 1394//981 1387//981 1379//981 
f 1379//981 1275//981 1394//981 
o mesh96
f 1379//981 1387//981 1386//982 
f 1378//982 1386//982 1395//983 
f 1377//983 1395//983 1397//984 
f 1376//984 1397//984 1399//985 
f 1375//985 1399//985 1398//986 
f 1374//986 1398//986 1400//987 
f 1373//987 1400//987 1396//988 
f 1372//988 1396//988 1401//989 
f 1371//989 1401//989 1389//990 
f 1370//990 1389//990 1388//991 
f 1369//991 1388//991 1393//992 
f 1368//992 1393//992 1392//993 
f 1367//993 1392//993 1391//994 
f 1366//994 1391//994 1390//995 
f 1365//995 1390//995 1364//996 
f 1364//996 1363//996 1365//995 
f 1390//995 1365//995 1366//994 
f 1391//994 1366//994 1367//993 
f 1392//993 1367//993 1368//992 
f 1393//992 1368//992 1369//991 
f 1388//991 1369//991 1370//990 
f 1389//990 1370//990 1371//989 
f 1401//989 1371//989 1372//988 
f 1396//988 1372//988 1373//987 
f 1400//987 1373//987 1374//986 
f 1398//986 1374//986 1375//985 
f 1399//985 1375//985 1376//984 
f 1397//984 1376//984 1377//983 
f 1395//983 1377//983 1378//982 
f 1386//982 1378//982 1379//981 
o mesh97
f 1394//997 1275//997 1276//998 
f 1384//998 1276//998 1277//999 
f 1385//999 1277//999 1278//1000 
f 1382//1000 1278//1000 1279//1001 
f 1383//1001 1279//1001 1280//1002 
f 1380//1002 1280//1002 1281//1003 
f 1381//1003 1281//1003 1282//1004 
f 1409//1004 1282//1004 1283//1005 
f 1408//1005 1283//1005 1284//1006 
f 1404//1006 1284//1006 1285//1007 
f 1405//1007 1285//1007 1286//1008 
f 1407//1008 1286//1008 1287//1009 
f 1402//1009 1287//1009 1288//1010 
f 1403//1010 1288//1010 1289//1011 
f 1406//1011 1289//1011 1273//1012 
f 1273//1012 1274//1012 1406//1011 
f 1289//1011 1406//1011 1403//1010 
f 1288//1010 1403//1010 1402//1009 
f 1287//1009 1402//1009 1407//1008 
f 1286//1008 1407//1008 1405//1007 
f 1285//1007 1405//1007 1404//1006 
f 1284//1006 1404//1006 1408//1005 
f 1283//1005 1408//1005 1409//1004 
f 1282//1004 1409//1004 1381//1003 
f 1281//1003 1381//1003 1380//1002 
f 1280//1002 1380//1002 1383//1001 
f 1279//1001 1383//1001 1382//1000 
f 1278//1000 1382//1000 1385//999 
f 1277//999 1385//999 1384//998 
f 1276//998 1384//998 1394//997 
o mesh98
f 1239//1013 1275//1013 1379//1013 
f 1379//1013 1224//1013 1239//1013 
