# OBJ generated by ONSHAPE BY PTC INC, 1.217 Units = meters
mtllib ARCADA001 - Part 1 (1).mtl
g Part 1
v 0.0165474 0.035 -0.00179964 
v 0.0162558 0.035 -0.00357818 
v 0.0157737 0.035 -0.00531477 
v 0.0151066 0.035 -0.00698905 
v 0.0142624 0.035 -0.00858139 
v 0.013251 0.035 -0.0100731 
v 0.0120842 0.035 -0.0114468 
v 0.0107757 0.035 -0.0126862 
v 0.00934096 0.035 -0.0137769 
v 0.00779666 0.035 -0.0147061 
v 0.00616095 0.035 -0.0154628 
v 0.00445301 0.035 -0.0160383 
v 0.00269286 0.035 -0.0164257 
v 0.000901142 0.035 -0.0166206 
v -0.000901142 0.035 -0.0166206 
v -0.00269286 0.035 -0.0164257 
v -0.00445301 0.035 -0.0160383 
v -0.00616095 0.035 -0.0154628 
v -0.00779666 0.035 -0.0147061 
v -0.00934096 0.035 -0.0137769 
v -0.0107757 0.035 -0.0126862 
v -0.0120842 0.035 -0.0114468 
v -0.013251 0.035 -0.0100731 
v -0.0142624 0.035 -0.00858139 
v -0.0151066 0.035 -0.00698905 
v -0.0157737 0.035 -0.00531477 
v -0.0162558 0.035 -0.00357818 
v -0.0165474 0.035 -0.00179964 
v -0.016645 0.035 1.16649e-17 
v -0.0165474 0.035 0.00179964 
v -0.0162558 0.035 0.00357818 
v -0.0157737 0.035 0.00531477 
v -0.0151066 0.035 0.00698905 
v -0.0142624 0.035 0.00858139 
v -0.013251 0.035 0.0100731 
v -0.0120842 0.035 0.0114468 
v -0.0107757 0.035 0.0126862 
v -0.00934096 0.035 0.0137769 
v -0.00779666 0.035 0.0147061 
v -0.00616095 0.035 0.0154628 
v -0.00445301 0.035 0.0160383 
v -0.00269286 0.035 0.0164257 
v -0.000901142 0.035 0.0166206 
v 0.000901142 0.035 0.0166206 
v 0.00269286 0.035 0.0164257 
v 0.00445301 0.035 0.0160383 
v 0.00616095 0.035 0.0154628 
v 0.00779666 0.035 0.0147061 
v 0.00934096 0.035 0.0137769 
v 0.0107757 0.035 0.0126862 
v 0.0120842 0.035 0.0114468 
v 0.013251 0.035 0.0100731 
v 0.0142624 0.035 0.00858139 
v 0.0151066 0.035 0.00698905 
v 0.0157737 0.035 0.00531477 
v 0.0162558 0.035 0.00357818 
v 0.0165474 0.035 0.00179964 
v 0.016645 0.035 -1.08044e-18 
v 0 0.035 -1.08044e-18 
v 0.017645 0.034 3.24133e-18 
v 0.0175416 0.034 -0.00190776 
v 0.0172325 0.034 -0.00379315 
v 0.0167213 0.034 -0.00563408 
v 0.0160142 0.034 -0.00740894 
v 0.0151192 0.034 -0.00909695 
v 0.0140471 0.034 -0.0106783 
v 0.0128102 0.034 -0.0121345 
v 0.0114231 0.034 -0.0134483 
v 0.00990215 0.034 -0.0146046 
v 0.00826507 0.034 -0.0155896 
v 0.00653109 0.034 -0.0163918 
v 0.00472054 0.034 -0.0170018 
v 0.00285464 0.034 -0.0174126 
v 0.000955281 0.034 -0.0176191 
v -0.000955281 0.034 -0.0176191 
v -0.00285464 0.034 -0.0174126 
v -0.00472054 0.034 -0.0170018 
v -0.00653109 0.034 -0.0163918 
v -0.00826507 0.034 -0.0155896 
v -0.00990215 0.034 -0.0146046 
v -0.0114231 0.034 -0.0134483 
v -0.0128102 0.034 -0.0121345 
v -0.0140471 0.034 -0.0106783 
v -0.0151192 0.034 -0.00909695 
v -0.0160142 0.034 -0.00740894 
v -0.0167213 0.034 -0.00563408 
v -0.0172325 0.034 -0.00379315 
v -0.0175416 0.034 -0.00190776 
v -0.017645 0.034 1.24306e-17 
v -0.0175416 0.034 0.00190776 
v -0.0172325 0.034 0.00379315 
v -0.0167213 0.034 0.00563408 
v -0.0160142 0.034 0.00740894 
v -0.0151192 0.034 0.00909695 
v -0.0140471 0.034 0.0106783 
v -0.0128102 0.034 0.0121345 
v -0.0114231 0.034 0.0134483 
v -0.00990215 0.034 0.0146046 
v -0.00826507 0.034 0.0155896 
v -0.00653109 0.034 0.0163918 
v -0.00472054 0.034 0.0170018 
v -0.00285464 0.034 0.0174126 
v -0.000955281 0.034 0.0176191 
v 0.000955281 0.034 0.0176191 
v 0.00285464 0.034 0.0174126 
v 0.00472054 0.034 0.0170018 
v 0.00653109 0.034 0.0163918 
v 0.00826507 0.034 0.0155896 
v 0.00990215 0.034 0.0146046 
v 0.0114231 0.034 0.0134483 
v 0.0128102 0.034 0.0121345 
v 0.0140471 0.034 0.0106783 
v 0.0151192 0.034 0.00909695 
v 0.0160142 0.034 0.00740894 
v 0.0167213 0.034 0.00563408 
v 0.0172325 0.034 0.00379315 
v 0.0175416 0.034 0.00190776 
v 0.0176395 0.0341045 -1.08044e-18 
v 0.0175361 0.0341045 -0.00190717 
v 0.0172271 0.0341045 -0.00379198 
v 0.0167161 0.0341045 -0.00563233 
v 0.0160092 0.0341045 -0.00740664 
v 0.0151146 0.0341045 -0.00909412 
v 0.0140427 0.0341045 -0.010675 
v 0.0128062 0.0341045 -0.0121307 
v 0.0114196 0.0341045 -0.0134442 
v 0.00989907 0.0341045 -0.0146 
v 0.0082625 0.0341045 -0.0155847 
v 0.00652906 0.0341045 -0.0163867 
v 0.00471907 0.0341045 -0.0169966 
v 0.00285376 0.0341045 -0.0174071 
v 0.000954984 0.0341045 -0.0176137 
v -0.000954984 0.0341045 -0.0176137 
v -0.00285376 0.0341045 -0.0174071 
v -0.00471907 0.0341045 -0.0169966 
v -0.00652906 0.0341045 -0.0163867 
v -0.0082625 0.0341045 -0.0155847 
v -0.00989907 0.0341045 -0.0146 
v -0.0114196 0.0341045 -0.0134442 
v -0.0128062 0.0341045 -0.0121307 
v -0.0140427 0.0341045 -0.010675 
v -0.0151146 0.0341045 -0.00909412 
v -0.0160092 0.0341045 -0.00740664 
v -0.0167161 0.0341045 -0.00563233 
v -0.0172271 0.0341045 -0.00379198 
v -0.0175361 0.0341045 -0.00190717 
v -0.0176395 0.0341045 2.59152e-18 
v -0.0175361 0.0341045 0.00190717 
v -0.0172271 0.0341045 0.00379198 
v -0.0167161 0.0341045 0.00563233 
v -0.0160092 0.0341045 0.00740664 
v -0.0151146 0.0341045 0.00909412 
v -0.0140427 0.0341045 0.010675 
v -0.0128062 0.0341045 0.0121307 
v -0.0114196 0.0341045 0.0134442 
v -0.00989907 0.0341045 0.0146 
v -0.0082625 0.0341045 0.0155847 
v -0.00652906 0.0341045 0.0163867 
v -0.00471907 0.0341045 0.0169966 
v -0.00285376 0.0341045 0.0174071 
v -0.000954984 0.0341045 0.0176137 
v 0.000954984 0.0341045 0.0176137 
v 0.00285376 0.0341045 0.0174071 
v 0.00471907 0.0341045 0.0169966 
v 0.00652906 0.0341045 0.0163867 
v 0.0082625 0.0341045 0.0155847 
v 0.00989907 0.0341045 0.0146 
v 0.0114196 0.0341045 0.0134442 
v 0.0128062 0.0341045 0.0121307 
v 0.0140427 0.0341045 0.010675 
v 0.0151146 0.0341045 0.00909412 
v 0.0160092 0.0341045 0.00740664 
v 0.0167161 0.0341045 0.00563233 
v 0.0172271 0.0341045 0.00379198 
v 0.0175361 0.0341045 0.00190717 
v 0.0176231 0.0342079 -1.08044e-18 
v 0.0175198 0.0342079 -0.0019054 
v 0.0172111 0.0342079 -0.00378846 
v 0.0167006 0.0342079 -0.0056271 
v 0.0159943 0.0342079 -0.00739977 
v 0.0151005 0.0342079 -0.00908568 
v 0.0140297 0.0342079 -0.0106651 
v 0.0127943 0.0342079 -0.0121194 
v 0.011409 0.0342079 -0.0134317 
v 0.00988988 0.0342079 -0.0145865 
v 0.00825483 0.0342079 -0.0155703 
v 0.006523 0.0342079 -0.0163715 
v 0.00471469 0.0342079 -0.0169808 
v 0.00285111 0.0342079 -0.017391 
v 0.000954098 0.0342079 -0.0175973 
v -0.000954098 0.0342079 -0.0175973 
v -0.00285111 0.0342079 -0.017391 
v -0.00471469 0.0342079 -0.0169808 
v -0.006523 0.0342079 -0.0163715 
v -0.00825483 0.0342079 -0.0155703 
v -0.00988988 0.0342079 -0.0145865 
v -0.011409 0.0342079 -0.0134317 
v -0.0127943 0.0342079 -0.0121194 
v -0.0140297 0.0342079 -0.0106651 
v -0.0151005 0.0342079 -0.00908568 
v -0.0159943 0.0342079 -0.00739977 
v -0.0167006 0.0342079 -0.0056271 
v -0.0172111 0.0342079 -0.00378846 
v -0.0175198 0.0342079 -0.0019054 
v -0.0176231 0.0342079 2.58811e-18 
v -0.0175198 0.0342079 0.0019054 
v -0.0172111 0.0342079 0.00378846 
v -0.0167006 0.0342079 0.0056271 
v -0.0159943 0.0342079 0.00739977 
v -0.0151005 0.0342079 0.00908568 
v -0.0140297 0.0342079 0.0106651 
v -0.0127943 0.0342079 0.0121194 
v -0.011409 0.0342079 0.0134317 
v -0.00988988 0.0342079 0.0145865 
v -0.00825483 0.0342079 0.0155703 
v -0.006523 0.0342079 0.0163715 
v -0.00471469 0.0342079 0.0169808 
v -0.00285111 0.0342079 0.017391 
v -0.000954098 0.0342079 0.0175973 
v 0.000954098 0.0342079 0.0175973 
v 0.00285111 0.0342079 0.017391 
v 0.00471469 0.0342079 0.0169808 
v 0.006523 0.0342079 0.0163715 
v 0.00825483 0.0342079 0.0155703 
v 0.00988988 0.0342079 0.0145865 
v 0.011409 0.0342079 0.0134317 
v 0.0127943 0.0342079 0.0121194 
v 0.0140297 0.0342079 0.0106651 
v 0.0151005 0.0342079 0.00908568 
v 0.0159943 0.0342079 0.00739977 
v 0.0167006 0.0342079 0.0056271 
v 0.0172111 0.0342079 0.00378846 
v 0.0175198 0.0342079 0.0019054 
v 0.0175961 0.034309 -1.08044e-18 
v 0.0174929 0.034309 -0.00190247 
v 0.0171847 0.034309 -0.00378263 
v 0.016675 0.034309 -0.00561845 
v 0.0159697 0.034309 -0.00738839 
v 0.0150773 0.034309 -0.00907171 
v 0.0140081 0.034309 -0.0106487 
v 0.0127747 0.034309 -0.0121008 
v 0.0113914 0.034309 -0.013411 
v 0.00987468 0.034309 -0.0145641 
v 0.00824214 0.034309 -0.0155463 
v 0.00651297 0.034309 -0.0163463 
v 0.00470744 0.034309 -0.0169547 
v 0.00284673 0.034309 -0.0173643 
v 0.000952631 0.034309 -0.0175703 
v -0.000952631 0.034309 -0.0175703 
v -0.00284673 0.034309 -0.0173643 
v -0.00470744 0.034309 -0.0169547 
v -0.00651297 0.034309 -0.0163463 
v -0.00824214 0.034309 -0.0155463 
v -0.00987468 0.034309 -0.0145641 
v -0.0113914 0.034309 -0.013411 
v -0.0127747 0.034309 -0.0121008 
v -0.0140081 0.034309 -0.0106487 
v -0.0150773 0.034309 -0.00907171 
v -0.0159697 0.034309 -0.00738839 
v -0.016675 0.034309 -0.00561845 
v -0.0171847 0.034309 -0.00378263 
v -0.0174929 0.034309 -0.00190247 
v -0.0175961 0.034309 2.58247e-18 
v -0.0174929 0.034309 0.00190247 
v -0.0171847 0.034309 0.00378263 
v -0.016675 0.034309 0.00561845 
v -0.0159697 0.034309 0.00738839 
v -0.0150773 0.034309 0.00907171 
v -0.0140081 0.034309 0.0106487 
v -0.0127747 0.034309 0.0121008 
v -0.0113914 0.034309 0.013411 
v -0.00987468 0.034309 0.0145641 
v -0.00824214 0.034309 0.0155463 
v -0.00651297 0.034309 0.0163463 
v -0.00470744 0.034309 0.0169547 
v -0.00284673 0.034309 0.0173643 
v -0.000952631 0.034309 0.0175703 
v 0.000952631 0.034309 0.0175703 
v 0.00284673 0.034309 0.0173643 
v 0.00470744 0.034309 0.0169547 
v 0.00651297 0.034309 0.0163463 
v 0.00824214 0.034309 0.0155463 
v 0.00987468 0.034309 0.0145641 
v 0.0113914 0.034309 0.013411 
v 0.0127747 0.034309 0.0121008 
v 0.0140081 0.034309 0.0106487 
v 0.0150773 0.034309 0.00907171 
v 0.0159697 0.034309 0.00738839 
v 0.016675 0.034309 0.00561845 
v 0.0171847 0.034309 0.00378263 
v 0.0174929 0.034309 0.00190247 
v 0.0175585 0.0344067 -1.08044e-18 
v 0.0174556 0.0344067 -0.00189841 
v 0.017148 0.0344067 -0.00377457 
v 0.0166394 0.0344067 -0.00560647 
v 0.0159357 0.0344067 -0.00737264 
v 0.0150452 0.0344067 -0.00905238 
v 0.0139782 0.0344067 -0.010626 
v 0.0127474 0.0344067 -0.012075 
v 0.0113672 0.0344067 -0.0133825 
v 0.00985363 0.0344067 -0.014533 
v 0.00822457 0.0344067 -0.0155132 
v 0.00649909 0.0344067 -0.0163115 
v 0.00469741 0.0344067 -0.0169185 
v 0.00284066 0.0344067 -0.0173272 
v 0.0009506 0.0344067 -0.0175328 
v -0.0009506 0.0344067 -0.0175328 
v -0.00284066 0.0344067 -0.0173272 
v -0.00469741 0.0344067 -0.0169185 
v -0.00649909 0.0344067 -0.0163115 
v -0.00822457 0.0344067 -0.0155132 
v -0.00985363 0.0344067 -0.014533 
v -0.0113672 0.0344067 -0.0133825 
v -0.0127474 0.0344067 -0.012075 
v -0.0139782 0.0344067 -0.010626 
v -0.0150452 0.0344067 -0.00905238 
v -0.0159357 0.0344067 -0.00737264 
v -0.0166394 0.0344067 -0.00560647 
v -0.017148 0.0344067 -0.00377457 
v -0.0174556 0.0344067 -0.00189841 
v -0.0175585 0.0344067 2.57466e-18 
v -0.0174556 0.0344067 0.00189841 
v -0.017148 0.0344067 0.00377457 
v -0.0166394 0.0344067 0.00560647 
v -0.0159357 0.0344067 0.00737264 
v -0.0150452 0.0344067 0.00905238 
v -0.0139782 0.0344067 0.010626 
v -0.0127474 0.0344067 0.012075 
v -0.0113672 0.0344067 0.0133825 
v -0.00985363 0.0344067 0.014533 
v -0.00822457 0.0344067 0.0155132 
v -0.00649909 0.0344067 0.0163115 
v -0.00469741 0.0344067 0.0169185 
v -0.00284066 0.0344067 0.0173272 
v -0.0009506 0.0344067 0.0175328 
v 0.0009506 0.0344067 0.0175328 
v 0.00284066 0.0344067 0.0173272 
v 0.00469741 0.0344067 0.0169185 
v 0.00649909 0.0344067 0.0163115 
v 0.00822457 0.0344067 0.0155132 
v 0.00985363 0.0344067 0.014533 
v 0.0113672 0.0344067 0.0133825 
v 0.0127474 0.0344067 0.012075 
v 0.0139782 0.0344067 0.010626 
v 0.0150452 0.0344067 0.00905238 
v 0.0159357 0.0344067 0.00737264 
v 0.0166394 0.0344067 0.00560647 
v 0.017148 0.0344067 0.00377457 
v 0.0174556 0.0344067 0.00189841 
v 0.017511 0.0345 -1.08044e-18 
v 0.0174084 0.0345 -0.00189327 
v 0.0171016 0.0345 -0.00376435 
v 0.0165944 0.0345 -0.0055913 
v 0.0158926 0.0345 -0.00735269 
v 0.0150044 0.0345 -0.00902788 
v 0.0139404 0.0345 -0.0105972 
v 0.0127129 0.0345 -0.0120423 
v 0.0113364 0.0345 -0.0133462 
v 0.00982696 0.0345 -0.0144937 
v 0.00820231 0.0345 -0.0154712 
v 0.0064815 0.0345 -0.0162673 
v 0.0046847 0.0345 -0.0168727 
v 0.00283297 0.0345 -0.0172803 
v 0.000948028 0.0345 -0.0174853 
v -0.000948028 0.0345 -0.0174853 
v -0.00283297 0.0345 -0.0172803 
v -0.0046847 0.0345 -0.0168727 
v -0.0064815 0.0345 -0.0162673 
v -0.00820231 0.0345 -0.0154712 
v -0.00982696 0.0345 -0.0144937 
v -0.0113364 0.0345 -0.0133462 
v -0.0127129 0.0345 -0.0120423 
v -0.0139404 0.0345 -0.0105972 
v -0.0150044 0.0345 -0.00902788 
v -0.0158926 0.0345 -0.00735269 
v -0.0165944 0.0345 -0.0055913 
v -0.0171016 0.0345 -0.00376435 
v -0.0174084 0.0345 -0.00189327 
v -0.017511 0.0345 2.56477e-18 
v -0.0174084 0.0345 0.00189327 
v -0.0171016 0.0345 0.00376435 
v -0.0165944 0.0345 0.0055913 
v -0.0158926 0.0345 0.00735269 
v -0.0150044 0.0345 0.00902788 
v -0.0139404 0.0345 0.0105972 
v -0.0127129 0.0345 0.0120423 
v -0.0113364 0.0345 0.0133462 
v -0.00982696 0.0345 0.0144937 
v -0.00820231 0.0345 0.0154712 
v -0.0064815 0.0345 0.0162673 
v -0.0046847 0.0345 0.0168727 
v -0.00283297 0.0345 0.0172803 
v -0.000948028 0.0345 0.0174853 
v 0.000948028 0.0345 0.0174853 
v 0.00283297 0.0345 0.0172803 
v 0.0046847 0.0345 0.0168727 
v 0.0064815 0.0345 0.0162673 
v 0.00820231 0.0345 0.0154712 
v 0.00982696 0.0345 0.0144937 
v 0.0113364 0.0345 0.0133462 
v 0.0127129 0.0345 0.0120423 
v 0.0139404 0.0345 0.0105972 
v 0.0150044 0.0345 0.00902788 
v 0.0158926 0.0345 0.00735269 
v 0.0165944 0.0345 0.0055913 
v 0.0171016 0.0345 0.00376435 
v 0.0174084 0.0345 0.00189327 
v 0.017454 0.0345878 -1.08044e-18 
v 0.0173517 0.0345878 -0.00188711 
v 0.017046 0.0345878 -0.0037521 
v 0.0165404 0.0345878 -0.00557309 
v 0.0158408 0.0345878 -0.00732875 
v 0.0149556 0.0345878 -0.00899849 
v 0.013895 0.0345878 -0.0105627 
v 0.0126715 0.0345878 -0.0120031 
v 0.0112995 0.0345878 -0.0133028 
v 0.00979497 0.0345878 -0.0144465 
v 0.00817561 0.0345878 -0.0154208 
v 0.0064604 0.0345878 -0.0162144 
v 0.00466944 0.0345878 -0.0168178 
v 0.00282375 0.0345878 -0.0172241 
v 0.000944941 0.0345878 -0.0174284 
v -0.000944941 0.0345878 -0.0174284 
v -0.00282375 0.0345878 -0.0172241 
v -0.00466944 0.0345878 -0.0168178 
v -0.0064604 0.0345878 -0.0162144 
v -0.00817561 0.0345878 -0.0154208 
v -0.00979497 0.0345878 -0.0144465 
v -0.0112995 0.0345878 -0.0133028 
v -0.0126715 0.0345878 -0.0120031 
v -0.013895 0.0345878 -0.0105627 
v -0.0149556 0.0345878 -0.00899849 
v -0.0158408 0.0345878 -0.00732875 
v -0.0165404 0.0345878 -0.00557309 
v -0.017046 0.0345878 -0.0037521 
v -0.0173517 0.0345878 -0.00188711 
v -0.017454 0.0345878 2.5529e-18 
v -0.0173517 0.0345878 0.00188711 
v -0.017046 0.0345878 0.0037521 
v -0.0165404 0.0345878 0.00557309 
v -0.0158408 0.0345878 0.00732875 
v -0.0149556 0.0345878 0.00899849 
v -0.013895 0.0345878 0.0105627 
v -0.0126715 0.0345878 0.0120031 
v -0.0112995 0.0345878 0.0133028 
v -0.00979497 0.0345878 0.0144465 
v -0.00817561 0.0345878 0.0154208 
v -0.0064604 0.0345878 0.0162144 
v -0.00466944 0.0345878 0.0168178 
v -0.00282375 0.0345878 0.0172241 
v -0.000944941 0.0345878 0.0174284 
v 0.000944941 0.0345878 0.0174284 
v 0.00282375 0.0345878 0.0172241 
v 0.00466944 0.0345878 0.0168178 
v 0.0064604 0.0345878 0.0162144 
v 0.00817561 0.0345878 0.0154208 
v 0.00979497 0.0345878 0.0144465 
v 0.0112995 0.0345878 0.0133028 
v 0.0126715 0.0345878 0.0120031 
v 0.013895 0.0345878 0.0105627 
v 0.0149556 0.0345878 0.00899849 
v 0.0158408 0.0345878 0.00732875 
v 0.0165404 0.0345878 0.00557309 
v 0.017046 0.0345878 0.0037521 
v 0.0173517 0.0345878 0.00188711 
v 0.0173881 0.0346691 -1.08044e-18 
v 0.0172862 0.0346691 -0.00187999 
v 0.0169816 0.0346691 -0.00373794 
v 0.0164779 0.0346691 -0.00555206 
v 0.0157811 0.0346691 -0.00730109 
v 0.0148992 0.0346691 -0.00896453 
v 0.0138426 0.0346691 -0.0105229 
v 0.0126237 0.0346691 -0.0119578 
v 0.0112568 0.0346691 -0.0132526 
v 0.009758 0.0346691 -0.014392 
v 0.00814475 0.0346691 -0.0153626 
v 0.00643602 0.0346691 -0.0161532 
v 0.00465182 0.0346691 -0.0167543 
v 0.00281309 0.0346691 -0.0171591 
v 0.000941375 0.0346691 -0.0173626 
v -0.000941375 0.0346691 -0.0173626 
v -0.00281309 0.0346691 -0.0171591 
v -0.00465182 0.0346691 -0.0167543 
v -0.00643602 0.0346691 -0.0161532 
v -0.00814475 0.0346691 -0.0153626 
v -0.009758 0.0346691 -0.014392 
v -0.0112568 0.0346691 -0.0132526 
v -0.0126237 0.0346691 -0.0119578 
v -0.0138426 0.0346691 -0.0105229 
v -0.0148992 0.0346691 -0.00896453 
v -0.0157811 0.0346691 -0.00730109 
v -0.0164779 0.0346691 -0.00555206 
v -0.0169816 0.0346691 -0.00373794 
v -0.0172862 0.0346691 -0.00187999 
v -0.0173881 0.0346691 2.53919e-18 
v -0.0172862 0.0346691 0.00187999 
v -0.0169816 0.0346691 0.00373794 
v -0.0164779 0.0346691 0.00555206 
v -0.0157811 0.0346691 0.00730109 
v -0.0148992 0.0346691 0.00896453 
v -0.0138426 0.0346691 0.0105229 
v -0.0126237 0.0346691 0.0119578 
v -0.0112568 0.0346691 0.0132526 
v -0.009758 0.0346691 0.014392 
v -0.00814475 0.0346691 0.0153626 
v -0.00643602 0.0346691 0.0161532 
v -0.00465182 0.0346691 0.0167543 
v -0.00281309 0.0346691 0.0171591 
v -0.000941375 0.0346691 0.0173626 
v 0.000941375 0.0346691 0.0173626 
v 0.00281309 0.0346691 0.0171591 
v 0.00465182 0.0346691 0.0167543 
v 0.00643602 0.0346691 0.0161532 
v 0.00814475 0.0346691 0.0153626 
v 0.009758 0.0346691 0.014392 
v 0.0112568 0.0346691 0.0132526 
v 0.0126237 0.0346691 0.0119578 
v 0.0138426 0.0346691 0.0105229 
v 0.0148992 0.0346691 0.00896453 
v 0.0157811 0.0346691 0.00730109 
v 0.0164779 0.0346691 0.00555206 
v 0.0169816 0.0346691 0.00373794 
v 0.0172862 0.0346691 0.00187999 
v 0.0173141 0.0347431 -1.08044e-18 
v 0.0172126 0.0347431 -0.00187199 
v 0.0169093 0.0347431 -0.00372203 
v 0.0164078 0.0347431 -0.00552843 
v 0.0157139 0.0347431 -0.00727001 
v 0.0148357 0.0347431 -0.00892637 
v 0.0137837 0.0347431 -0.0104781 
v 0.01257 0.0347431 -0.0119069 
v 0.0112089 0.0347431 -0.0131962 
v 0.00971647 0.0347431 -0.0143307 
v 0.00811008 0.0347431 -0.0152972 
v 0.00640862 0.0347431 -0.0160844 
v 0.00463202 0.0347431 -0.016683 
v 0.00280111 0.0347431 -0.017086 
v 0.000937368 0.0347431 -0.0172887 
v -0.000937368 0.0347431 -0.0172887 
v -0.00280111 0.0347431 -0.017086 
v -0.00463202 0.0347431 -0.016683 
v -0.00640862 0.0347431 -0.0160844 
v -0.00811008 0.0347431 -0.0152972 
v -0.00971647 0.0347431 -0.0143307 
v -0.0112089 0.0347431 -0.0131962 
v -0.01257 0.0347431 -0.0119069 
v -0.0137837 0.0347431 -0.0104781 
v -0.0148357 0.0347431 -0.00892637 
v -0.0157139 0.0347431 -0.00727001 
v -0.0164078 0.0347431 -0.00552843 
v -0.0169093 0.0347431 -0.00372203 
v -0.0172126 0.0347431 -0.00187199 
v -0.0173141 0.0347431 2.52378e-18 
v -0.0172126 0.0347431 0.00187199 
v -0.0169093 0.0347431 0.00372203 
v -0.0164078 0.0347431 0.00552843 
v -0.0157139 0.0347431 0.00727001 
v -0.0148357 0.0347431 0.00892637 
v -0.0137837 0.0347431 0.0104781 
v -0.01257 0.0347431 0.0119069 
v -0.0112089 0.0347431 0.0131962 
v -0.00971647 0.0347431 0.0143307 
v -0.00811008 0.0347431 0.0152972 
v -0.00640862 0.0347431 0.0160844 
v -0.00463202 0.0347431 0.016683 
v -0.00280111 0.0347431 0.017086 
v -0.000937368 0.0347431 0.0172887 
v 0.000937368 0.0347431 0.0172887 
v 0.00280111 0.0347431 0.017086 
v 0.00463202 0.0347431 0.016683 
v 0.00640862 0.0347431 0.0160844 
v 0.00811008 0.0347431 0.0152972 
v 0.00971647 0.0347431 0.0143307 
v 0.0112089 0.0347431 0.0131962 
v 0.01257 0.0347431 0.0119069 
v 0.0137837 0.0347431 0.0104781 
v 0.0148357 0.0347431 0.00892637 
v 0.0157139 0.0347431 0.00727001 
v 0.0164078 0.0347431 0.00552843 
v 0.0169093 0.0347431 0.00372203 
v 0.0172126 0.0347431 0.00187199 
v 0.0172328 0.034809 -1.08044e-18 
v 0.0171318 0.034809 -0.00186319 
v 0.0168299 0.034809 -0.00370454 
v 0.0163307 0.034809 -0.00550245 
v 0.0156401 0.034809 -0.00723586 
v 0.014766 0.034809 -0.00888443 
v 0.0137189 0.034809 -0.0104288 
v 0.0125109 0.034809 -0.011851 
v 0.0111563 0.034809 -0.0131342 
v 0.00967082 0.034809 -0.0142634 
v 0.00807198 0.034809 -0.0152254 
v 0.00637851 0.034809 -0.0160089 
v 0.00461026 0.034809 -0.0166047 
v 0.00278795 0.034809 -0.0170058 
v 0.000932964 0.034809 -0.0172075 
v -0.000932964 0.034809 -0.0172075 
v -0.00278795 0.034809 -0.0170058 
v -0.00461026 0.034809 -0.0166047 
v -0.00637851 0.034809 -0.0160089 
v -0.00807198 0.034809 -0.0152254 
v -0.00967082 0.034809 -0.0142634 
v -0.0111563 0.034809 -0.0131342 
v -0.0125109 0.034809 -0.011851 
v -0.0137189 0.034809 -0.0104288 
v -0.014766 0.034809 -0.00888443 
v -0.0156401 0.034809 -0.00723586 
v -0.0163307 0.034809 -0.00550245 
v -0.0168299 0.034809 -0.00370454 
v -0.0171318 0.034809 -0.00186319 
v -0.0172328 0.034809 2.50685e-18 
v -0.0171318 0.034809 0.00186319 
v -0.0168299 0.034809 0.00370454 
v -0.0163307 0.034809 0.00550245 
v -0.0156401 0.034809 0.00723586 
v -0.014766 0.034809 0.00888443 
v -0.0137189 0.034809 0.0104288 
v -0.0125109 0.034809 0.011851 
v -0.0111563 0.034809 0.0131342 
v -0.00967082 0.034809 0.0142634 
v -0.00807198 0.034809 0.0152254 
v -0.00637851 0.034809 0.0160089 
v -0.00461026 0.034809 0.0166047 
v -0.00278795 0.034809 0.0170058 
v -0.000932964 0.034809 0.0172075 
v 0.000932964 0.034809 0.0172075 
v 0.00278795 0.034809 0.0170058 
v 0.00461026 0.034809 0.0166047 
v 0.00637851 0.034809 0.0160089 
v 0.00807198 0.034809 0.0152254 
v 0.00967082 0.034809 0.0142634 
v 0.0111563 0.034809 0.0131342 
v 0.0125109 0.034809 0.011851 
v 0.0137189 0.034809 0.0104288 
v 0.014766 0.034809 0.00888443 
v 0.0156401 0.034809 0.00723586 
v 0.0163307 0.034809 0.00550245 
v 0.0168299 0.034809 0.00370454 
v 0.0171318 0.034809 0.00186319 
v 0.017145 0.034866 -1.08044e-18 
v 0.0170445 0.034866 -0.0018537 
v 0.0167442 0.034866 -0.00368567 
v 0.0162475 0.034866 -0.00547442 
v 0.0155604 0.034866 -0.007199 
v 0.0146908 0.034866 -0.00883917 
v 0.013649 0.034866 -0.0103757 
v 0.0124472 0.034866 -0.0117906 
v 0.0110994 0.034866 -0.0130673 
v 0.00962155 0.034866 -0.0141907 
v 0.00803086 0.034866 -0.0151478 
v 0.00634602 0.034866 -0.0159273 
v 0.00458677 0.034866 -0.0165201 
v 0.00277375 0.034866 -0.0169191 
v 0.000928212 0.034866 -0.0171199 
v -0.000928212 0.034866 -0.0171199 
v -0.00277375 0.034866 -0.0169191 
v -0.00458677 0.034866 -0.0165201 
v -0.00634602 0.034866 -0.0159273 
v -0.00803086 0.034866 -0.0151478 
v -0.00962155 0.034866 -0.0141907 
v -0.0110994 0.034866 -0.0130673 
v -0.0124472 0.034866 -0.0117906 
v -0.013649 0.034866 -0.0103757 
v -0.0146908 0.034866 -0.00883917 
v -0.0155604 0.034866 -0.007199 
v -0.0162475 0.034866 -0.00547442 
v -0.0167442 0.034866 -0.00368567 
v -0.0170445 0.034866 -0.0018537 
v -0.017145 0.034866 2.48858e-18 
v -0.0170445 0.034866 0.0018537 
v -0.0167442 0.034866 0.00368567 
v -0.0162475 0.034866 0.00547442 
v -0.0155604 0.034866 0.007199 
v -0.0146908 0.034866 0.00883917 
v -0.013649 0.034866 0.0103757 
v -0.0124472 0.034866 0.0117906 
v -0.0110994 0.034866 0.0130673 
v -0.00962155 0.034866 0.0141907 
v -0.00803086 0.034866 0.0151478 
v -0.00634602 0.034866 0.0159273 
v -0.00458677 0.034866 0.0165201 
v -0.00277375 0.034866 0.0169191 
v -0.000928212 0.034866 0.0171199 
v 0.000928212 0.034866 0.0171199 
v 0.00277375 0.034866 0.0169191 
v 0.00458677 0.034866 0.0165201 
v 0.00634602 0.034866 0.0159273 
v 0.00803086 0.034866 0.0151478 
v 0.00962155 0.034866 0.0141907 
v 0.0110994 0.034866 0.0130673 
v 0.0124472 0.034866 0.0117906 
v 0.013649 0.034866 0.0103757 
v 0.0146908 0.034866 0.00883917 
v 0.0155604 0.034866 0.007199 
v 0.0162475 0.034866 0.00547442 
v 0.0167442 0.034866 0.00368567 
v 0.0170445 0.034866 0.0018537 
v 0.0170517 0.0349135 -1.08044e-18 
v 0.0169518 0.0349135 -0.00184362 
v 0.0166531 0.0349135 -0.00366562 
v 0.0161591 0.0349135 -0.00544465 
v 0.0154757 0.0349135 -0.00715984 
v 0.0146109 0.0349135 -0.00879109 
v 0.0135748 0.0349135 -0.0103193 
v 0.0123795 0.0349135 -0.0117265 
v 0.0110391 0.0349135 -0.0129962 
v 0.00956921 0.0349135 -0.0141135 
v 0.00798718 0.0349135 -0.0150654 
v 0.0063115 0.0349135 -0.0158407 
v 0.00456182 0.0349135 -0.0164302 
v 0.00275866 0.0349135 -0.0168271 
v 0.000923162 0.0349135 -0.0170267 
v -0.000923162 0.0349135 -0.0170267 
v -0.00275866 0.0349135 -0.0168271 
v -0.00456182 0.0349135 -0.0164302 
v -0.0063115 0.0349135 -0.0158407 
v -0.00798718 0.0349135 -0.0150654 
v -0.00956921 0.0349135 -0.0141135 
v -0.0110391 0.0349135 -0.0129962 
v -0.0123795 0.0349135 -0.0117265 
v -0.0135748 0.0349135 -0.0103193 
v -0.0146109 0.0349135 -0.00879109 
v -0.0154757 0.0349135 -0.00715984 
v -0.0161591 0.0349135 -0.00544465 
v -0.0166531 0.0349135 -0.00366562 
v -0.0169518 0.0349135 -0.00184362 
v -0.0170517 0.0349135 2.46916e-18 
v -0.0169518 0.0349135 0.00184362 
v -0.0166531 0.0349135 0.00366562 
v -0.0161591 0.0349135 0.00544465 
v -0.0154757 0.0349135 0.00715984 
v -0.0146109 0.0349135 0.00879109 
v -0.0135748 0.0349135 0.0103193 
v -0.0123795 0.0349135 0.0117265 
v -0.0110391 0.0349135 0.0129962 
v -0.00956921 0.0349135 0.0141135 
v -0.00798718 0.0349135 0.0150654 
v -0.0063115 0.0349135 0.0158407 
v -0.00456182 0.0349135 0.0164302 
v -0.00275866 0.0349135 0.0168271 
v -0.000923162 0.0349135 0.0170267 
v 0.000923162 0.0349135 0.0170267 
v 0.00275866 0.0349135 0.0168271 
v 0.00456182 0.0349135 0.0164302 
v 0.0063115 0.0349135 0.0158407 
v 0.00798718 0.0349135 0.0150654 
v 0.00956921 0.0349135 0.0141135 
v 0.0110391 0.0349135 0.0129962 
v 0.0123795 0.0349135 0.0117265 
v 0.0135748 0.0349135 0.0103193 
v 0.0146109 0.0349135 0.00879109 
v 0.0154757 0.0349135 0.00715984 
v 0.0161591 0.0349135 0.00544465 
v 0.0166531 0.0349135 0.00366562 
v 0.0169518 0.0349135 0.00184362 
v 0.016954 0.0349511 -1.08044e-18 
v 0.0168546 0.0349511 -0.00183305 
v 0.0165576 0.0349511 -0.00364461 
v 0.0160665 0.0349511 -0.00541344 
v 0.015387 0.0349511 -0.00711881 
v 0.0145272 0.0349511 -0.00874071 
v 0.013497 0.0349511 -0.0102601 
v 0.0123085 0.0349511 -0.0116593 
v 0.0109758 0.0349511 -0.0129217 
v 0.00951438 0.0349511 -0.0140327 
v 0.0079414 0.0349511 -0.0149791 
v 0.00627533 0.0349511 -0.0157499 
v 0.00453568 0.0349511 -0.016336 
v 0.00274285 0.0349511 -0.0167307 
v 0.000917872 0.0349511 -0.0169292 
v -0.000917872 0.0349511 -0.0169292 
v -0.00274285 0.0349511 -0.0167307 
v -0.00453568 0.0349511 -0.016336 
v -0.00627533 0.0349511 -0.0157499 
v -0.0079414 0.0349511 -0.0149791 
v -0.00951438 0.0349511 -0.0140327 
v -0.0109758 0.0349511 -0.0129217 
v -0.0123085 0.0349511 -0.0116593 
v -0.013497 0.0349511 -0.0102601 
v -0.0145272 0.0349511 -0.00874071 
v -0.015387 0.0349511 -0.00711881 
v -0.0160665 0.0349511 -0.00541344 
v -0.0165576 0.0349511 -0.00364461 
v -0.0168546 0.0349511 -0.00183305 
v -0.016954 0.0349511 2.44882e-18 
v -0.0168546 0.0349511 0.00183305 
v -0.0165576 0.0349511 0.00364461 
v -0.0160665 0.0349511 0.00541344 
v -0.015387 0.0349511 0.00711881 
v -0.0145272 0.0349511 0.00874071 
v -0.013497 0.0349511 0.0102601 
v -0.0123085 0.0349511 0.0116593 
v -0.0109758 0.0349511 0.0129217 
v -0.00951438 0.0349511 0.0140327 
v -0.0079414 0.0349511 0.0149791 
v -0.00627533 0.0349511 0.0157499 
v -0.00453568 0.0349511 0.016336 
v -0.00274285 0.0349511 0.0167307 
v -0.000917872 0.0349511 0.0169292 
v 0.000917872 0.0349511 0.0169292 
v 0.00274285 0.0349511 0.0167307 
v 0.00453568 0.0349511 0.016336 
v 0.00627533 0.0349511 0.0157499 
v 0.0079414 0.0349511 0.0149791 
v 0.00951438 0.0349511 0.0140327 
v 0.0109758 0.0349511 0.0129217 
v 0.0123085 0.0349511 0.0116593 
v 0.013497 0.0349511 0.0102601 
v 0.0145272 0.0349511 0.00874071 
v 0.015387 0.0349511 0.00711881 
v 0.0160665 0.0349511 0.00541344 
v 0.0165576 0.0349511 0.00364461 
v 0.0168546 0.0349511 0.00183305 
v 0.0168529 0.0349781 -1.08044e-18 
v 0.0167541 0.0349781 -0.00182212 
v 0.0164589 0.0349781 -0.00362288 
v 0.0159707 0.0349781 -0.00538116 
v 0.0152953 0.0349781 -0.00707635 
v 0.0144405 0.0349781 -0.00868858 
v 0.0134165 0.0349781 -0.0101989 
v 0.0122351 0.0349781 -0.0115897 
v 0.0109103 0.0349781 -0.0128446 
v 0.00945764 0.0349781 -0.013949 
v 0.00789405 0.0349781 -0.0148898 
v 0.00623791 0.0349781 -0.015656 
v 0.00450863 0.0349781 -0.0162386 
v 0.0027265 0.0349781 -0.0166309 
v 0.000912398 0.0349781 -0.0168282 
v -0.000912398 0.0349781 -0.0168282 
v -0.0027265 0.0349781 -0.0166309 
v -0.00450863 0.0349781 -0.0162386 
v -0.00623791 0.0349781 -0.015656 
v -0.00789405 0.0349781 -0.0148898 
v -0.00945764 0.0349781 -0.013949 
v -0.0109103 0.0349781 -0.0128446 
v -0.0122351 0.0349781 -0.0115897 
v -0.0134165 0.0349781 -0.0101989 
v -0.0144405 0.0349781 -0.00868858 
v -0.0152953 0.0349781 -0.00707635 
v -0.0159707 0.0349781 -0.00538116 
v -0.0164589 0.0349781 -0.00362288 
v -0.0167541 0.0349781 -0.00182212 
v -0.0168529 0.0349781 2.42777e-18 
v -0.0167541 0.0349781 0.00182212 
v -0.0164589 0.0349781 0.00362288 
v -0.0159707 0.0349781 0.00538116 
v -0.0152953 0.0349781 0.00707635 
v -0.0144405 0.0349781 0.00868858 
v -0.0134165 0.0349781 0.0101989 
v -0.0122351 0.0349781 0.0115897 
v -0.0109103 0.0349781 0.0128446 
v -0.00945764 0.0349781 0.013949 
v -0.00789405 0.0349781 0.0148898 
v -0.00623791 0.0349781 0.015656 
v -0.00450863 0.0349781 0.0162386 
v -0.0027265 0.0349781 0.0166309 
v -0.000912398 0.0349781 0.0168282 
v 0.000912398 0.0349781 0.0168282 
v 0.0027265 0.0349781 0.0166309 
v 0.00450863 0.0349781 0.0162386 
v 0.00623791 0.0349781 0.015656 
v 0.00789405 0.0349781 0.0148898 
v 0.00945764 0.0349781 0.013949 
v 0.0109103 0.0349781 0.0128446 
v 0.0122351 0.0349781 0.0115897 
v 0.0134165 0.0349781 0.0101989 
v 0.0144405 0.0349781 0.00868858 
v 0.0152953 0.0349781 0.00707635 
v 0.0159707 0.0349781 0.00538116 
v 0.0164589 0.0349781 0.00362288 
v 0.0167541 0.0349781 0.00182212 
v 0.0167495 0.0349945 -1.08044e-18 
v 0.0166513 0.0349945 -0.00181094 
v 0.0163579 0.0349945 -0.00360065 
v 0.0158727 0.0349945 -0.00534815 
v 0.0152015 0.0349945 -0.00703294 
v 0.014352 0.0349945 -0.00863528 
v 0.0133342 0.0349945 -0.0101364 
v 0.0121601 0.0349945 -0.0115186 
v 0.0108434 0.0349945 -0.0127659 
v 0.00939962 0.0349945 -0.0138634 
v 0.00784562 0.0349945 -0.0147984 
v 0.00619964 0.0349945 -0.0155599 
v 0.00448097 0.0349945 -0.016139 
v 0.00270977 0.0349945 -0.0165289 
v 0.000906801 0.0349945 -0.016725 
v -0.000906801 0.0349945 -0.016725 
v -0.00270977 0.0349945 -0.0165289 
v -0.00448097 0.0349945 -0.016139 
v -0.00619964 0.0349945 -0.0155599 
v -0.00784562 0.0349945 -0.0147984 
v -0.00939962 0.0349945 -0.0138634 
v -0.0108434 0.0349945 -0.0127659 
v -0.0121601 0.0349945 -0.0115186 
v -0.0133342 0.0349945 -0.0101364 
v -0.014352 0.0349945 -0.00863528 
v -0.0152015 0.0349945 -0.00703294 
v -0.0158727 0.0349945 -0.00534815 
v -0.0163579 0.0349945 -0.00360065 
v -0.0166513 0.0349945 -0.00181094 
v -0.0167495 0.0349945 2.40625e-18 
v -0.0166513 0.0349945 0.00181094 
v -0.0163579 0.0349945 0.00360065 
v -0.0158727 0.0349945 0.00534815 
v -0.0152015 0.0349945 0.00703294 
v -0.014352 0.0349945 0.00863528 
v -0.0133342 0.0349945 0.0101364 
v -0.0121601 0.0349945 0.0115186 
v -0.0108434 0.0349945 0.0127659 
v -0.00939962 0.0349945 0.0138634 
v -0.00784562 0.0349945 0.0147984 
v -0.00619964 0.0349945 0.0155599 
v -0.00448097 0.0349945 0.016139 
v -0.00270977 0.0349945 0.0165289 
v -0.000906801 0.0349945 0.016725 
v 0.000906801 0.0349945 0.016725 
v 0.00270977 0.0349945 0.0165289 
v 0.00448097 0.0349945 0.016139 
v 0.00619964 0.0349945 0.0155599 
v 0.00784562 0.0349945 0.0147984 
v 0.00939962 0.0349945 0.0138634 
v 0.0108434 0.0349945 0.0127659 
v 0.0121601 0.0349945 0.0115186 
v 0.0133342 0.0349945 0.0101364 
v 0.014352 0.0349945 0.00863528 
v 0.0152015 0.0349945 0.00703294 
v 0.0158727 0.0349945 0.00534815 
v 0.0163579 0.0349945 0.00360065 
v 0.0166513 0.0349945 0.00181094 
v -0.017645 0.0224 -1.08044e-18 
v -0.0175416 0.0224 -0.00190776 
v -0.0172325 0.0224 -0.00379315 
v -0.0167213 0.0224 -0.00563408 
v -0.0160142 0.0224 -0.00740894 
v -0.0151192 0.0224 -0.00909695 
v -0.0140471 0.0224 -0.0106783 
v -0.0128102 0.0224 -0.0121345 
v -0.0114231 0.0224 -0.0134483 
v -0.00990215 0.0224 -0.0146046 
v -0.00826507 0.0224 -0.0155896 
v -0.00653109 0.0224 -0.0163918 
v -0.00472054 0.0224 -0.0170018 
v -0.00285464 0.0224 -0.0174126 
v -0.000955281 0.0224 -0.0176191 
v 0.000955281 0.0224 -0.0176191 
v 0.00285464 0.0224 -0.0174126 
v 0.00472054 0.0224 -0.0170018 
v 0.00653109 0.0224 -0.0163918 
v 0.00826507 0.0224 -0.0155896 
v 0.00990215 0.0224 -0.0146046 
v 0.0114231 0.0224 -0.0134483 
v 0.0128102 0.0224 -0.0121345 
v 0.0140471 0.0224 -0.0106783 
v 0.0151192 0.0224 -0.00909695 
v 0.0160142 0.0224 -0.00740894 
v 0.0167213 0.0224 -0.00563408 
v 0.0172325 0.0224 -0.00379315 
v 0.0175416 0.0224 -0.00190776 
v 0.017645 0.0224 -3.24133e-18 
v 0.0175416 0.0224 0.00190776 
v 0.0172325 0.0224 0.00379315 
v 0.0167213 0.0224 0.00563408 
v 0.0160142 0.0224 0.00740894 
v 0.0151192 0.0224 0.00909695 
v 0.0140471 0.0224 0.0106783 
v 0.0128102 0.0224 0.0121345 
v 0.0114231 0.0224 0.0134483 
v 0.00990215 0.0224 0.0146046 
v 0.00826507 0.0224 0.0155896 
v 0.00653109 0.0224 0.0163918 
v 0.00472054 0.0224 0.0170018 
v 0.00285464 0.0224 0.0174126 
v 0.000955281 0.0224 0.0176191 
v -0.000955281 0.0224 0.0176191 
v -0.00285464 0.0224 0.0174126 
v -0.00472054 0.0224 0.0170018 
v -0.00653109 0.0224 0.0163918 
v -0.00826507 0.0224 0.0155896 
v -0.00990215 0.0224 0.0146046 
v -0.0114231 0.0224 0.0134483 
v -0.0128102 0.0224 0.0121345 
v -0.0140471 0.0224 0.0106783 
v -0.0151192 0.0224 0.00909695 
v -0.0160142 0.0224 0.00740894 
v -0.0167213 0.0224 0.00563408 
v -0.0172325 0.0224 0.00379315 
v -0.0175416 0.0224 0.00190776 
v 0.0187781 0.0224 -0.0152181 
v 0.0187126 0.0224 -0.0156316 
v 0.0186042 0.0224 -0.0160361 
v 0.0188 0.0224 -0.0148 
v 0.0184542 0.0224 -0.0164269 
v 0.0182641 0.0224 -0.0168 
v 0.0171511 0.0224 -0.0180361 
v 0.0168 0.0224 -0.0182641 
v 0.0177726 0.0224 -0.0174765 
v 0.0174765 0.0224 -0.0177726 
v -0.0187781 0.0224 0.0152181 
v -0.0187126 0.0224 0.0156316 
v 0.0168 0.0224 0.0182641 
v 0.0171511 0.0224 0.0180361 
v 0.0180361 0.0224 -0.0171511 
v 0.0164269 0.0224 -0.0184542 
v 0.0160361 0.0224 -0.0186042 
v 0.0152181 0.0224 -0.0187781 
v 0.0148 0.0224 -0.0188 
v 0.0156316 0.0224 -0.0187126 
v -0.0184542 0.0224 0.0164269 
v -0.0182641 0.0224 0.0168 
v -0.0186042 0.0224 0.0160361 
v -0.0171511 0.0224 0.0180361 
v -0.0168 0.0224 0.0182641 
v 0.0174765 0.0224 0.0177726 
v 0.0160361 0.0224 0.0186042 
v 0.0187781 0.0224 0.0152181 
v 0.0188 0.0224 0.0148 
v 0.0184542 0.0224 0.0164269 
v 0.0186042 0.0224 0.0160361 
v 0.0180361 0.0224 0.0171511 
v 0.0182641 0.0224 0.0168 
v -0.0148 0.0224 -0.0188 
v -0.0188 0.0224 0.0148 
v -0.0164269 0.0224 0.0184542 
v -0.0160361 0.0224 0.0186042 
v -0.0174765 0.0224 0.0177726 
v 0.0177726 0.0224 0.0174765 
v 0.0164269 0.0224 0.0184542 
v 0.0187126 0.0224 0.0156316 
v -0.0164269 0.0224 -0.0184542 
v -0.0168 0.0224 -0.0182641 
v -0.0187781 0.0224 -0.0152181 
v -0.0188 0.0224 -0.0148 
v -0.0180361 0.0224 0.0171511 
v -0.0177726 0.0224 0.0174765 
v -0.0152181 0.0224 0.0187781 
v -0.0148 0.0224 0.0188 
v -0.0156316 0.0224 0.0187126 
v 0.0152181 0.0224 0.0187781 
v 0.0156316 0.0224 0.0187126 
v 0.0148 0.0224 0.0188 
v -0.0152181 0.0224 -0.0187781 
v -0.0156316 0.0224 -0.0187126 
v -0.0174765 0.0224 -0.0177726 
v -0.0177726 0.0224 -0.0174765 
v -0.0171511 0.0224 -0.0180361 
v -0.0187126 0.0224 -0.0156316 
v -0.0182641 0.0224 -0.0168 
v -0.0184542 0.0224 -0.0164269 
v -0.0160361 0.0224 -0.0186042 
v -0.0186042 0.0224 -0.0160361 
v -0.0180361 0.0224 -0.0171511 
v 0.0148 0.0215045 0.0197945 
v 0.0148 0.0214 0.0198 
v 0.0153226 0.0214 0.0197726 
v 0.0158396 0.0214 0.0196907 
v 0.0163451 0.0214 0.0195553 
v 0.0168337 0.0214 0.0193677 
v 0.0173 0.0214 0.0191301 
v 0.0177389 0.0214 0.0188451 
v 0.0181457 0.0214 0.0185157 
v 0.0185157 0.0214 0.0181457 
v 0.0188451 0.0214 0.0177389 
v 0.0191301 0.0214 0.0173 
v 0.0193677 0.0214 0.0168337 
v 0.0195553 0.0214 0.0163451 
v 0.0196907 0.0214 0.0158396 
v 0.0197726 0.0214 0.0153226 
v 0.0198 0.0214 0.0148 
v 0.0148 0.0216079 0.0197781 
v 0.0197945 0.0215045 0.0148 
v 0.0148 0.021709 0.0197511 
v 0.0197781 0.0216079 0.0148 
v 0.0148 0.0218067 0.0197135 
v 0.0197511 0.021709 0.0148 
v 0.0148 0.0219 0.019666 
v 0.0197135 0.0218067 0.0148 
v 0.0148 0.0219878 0.019609 
v 0.019666 0.0219 0.0148 
v 0.0148 0.0220691 0.0195431 
v 0.019609 0.0219878 0.0148 
v 0.0148 0.0221431 0.0194691 
v 0.0195431 0.0220691 0.0148 
v 0.0148 0.022209 0.0193878 
v 0.0194691 0.0221431 0.0148 
v 0.0148 0.022266 0.0193 
v 0.0193878 0.022209 0.0148 
v 0.0148 0.0223135 0.0192067 
v 0.0193 0.022266 0.0148 
v 0.0148 0.0223511 0.019109 
v 0.0192067 0.0223135 0.0148 
v 0.0148 0.0223781 0.0190079 
v 0.019109 0.0223511 0.0148 
v 0.0148 0.0223945 0.0189045 
v 0.0190079 0.0223781 0.0148 
v 0.0189045 0.0223945 0.0148 
v 0.0153221 0.0215045 0.0197672 
v 0.0158384 0.0215045 0.0196854 
v 0.0163434 0.0215045 0.0195501 
v 0.0168315 0.0215045 0.0193627 
v 0.0172973 0.0215045 0.0191254 
v 0.0177357 0.0215045 0.0188407 
v 0.018142 0.0215045 0.0185117 
v 0.0185117 0.0215045 0.018142 
v 0.0188407 0.0215045 0.0177357 
v 0.0191254 0.0215045 0.0172973 
v 0.0193627 0.0215045 0.0168315 
v 0.0195501 0.0215045 0.0163434 
v 0.0196854 0.0215045 0.0158384 
v 0.0197672 0.0215045 0.0153221 
v 0.0153204 0.0216079 0.0197509 
v 0.015835 0.0216079 0.0196694 
v 0.0163383 0.0216079 0.0195345 
v 0.0168248 0.0216079 0.0193478 
v 0.0172891 0.0216079 0.0191112 
v 0.0177261 0.0216079 0.0188274 
v 0.018131 0.0216079 0.0184995 
v 0.0184995 0.0216079 0.018131 
v 0.0188274 0.0216079 0.0177261 
v 0.0191112 0.0216079 0.0172891 
v 0.0193478 0.0216079 0.0168248 
v 0.0195345 0.0216079 0.0163383 
v 0.0196694 0.0216079 0.015835 
v 0.0197509 0.0216079 0.0153204 
v 0.0153175 0.021709 0.0197239 
v 0.0158294 0.021709 0.0196429 
v 0.01633 0.021709 0.0195087 
v 0.0168138 0.021709 0.019323 
v 0.0172755 0.021709 0.0190877 
v 0.0177102 0.021709 0.0188055 
v 0.0181129 0.021709 0.0184794 
v 0.0184794 0.021709 0.0181129 
v 0.0188055 0.021709 0.0177102 
v 0.0190877 0.021709 0.0172755 
v 0.019323 0.021709 0.0168138 
v 0.0195087 0.021709 0.01633 
v 0.0196429 0.021709 0.0158294 
v 0.0197239 0.021709 0.0153175 
v 0.0153136 0.0218067 0.0196866 
v 0.0158216 0.0218067 0.0196062 
v 0.0163184 0.0218067 0.0194731 
v 0.0167985 0.0218067 0.0192887 
v 0.0172568 0.0218067 0.0190553 
v 0.0176881 0.0218067 0.0187751 
v 0.0180878 0.0218067 0.0184515 
v 0.0184515 0.0218067 0.0180878 
v 0.0187751 0.0218067 0.0176881 
v 0.0190553 0.0218067 0.0172568 
v 0.0192887 0.0218067 0.0167985 
v 0.0194731 0.0218067 0.0163184 
v 0.0196062 0.0218067 0.0158216 
v 0.0196866 0.0218067 0.0153136 
v 0.0153086 0.0219 0.0196394 
v 0.0158117 0.0219 0.0195597 
v 0.0163037 0.0219 0.0194279 
v 0.0167792 0.0219 0.0192453 
v 0.017233 0.0219 0.0190141 
v 0.0176602 0.0219 0.0187367 
v 0.018056 0.0219 0.0184162 
v 0.0184162 0.0219 0.018056 
v 0.0187367 0.0219 0.0176602 
v 0.0190141 0.0219 0.017233 
v 0.0192453 0.0219 0.0167792 
v 0.0194279 0.0219 0.0163037 
v 0.0195597 0.0219 0.0158117 
v 0.0196394 0.0219 0.0153086 
v 0.0153027 0.0219878 0.0195827 
v 0.0157999 0.0219878 0.0195039 
v 0.0162861 0.0219878 0.0193736 
v 0.016756 0.0219878 0.0191933 
v 0.0172045 0.0219878 0.0189647 
v 0.0176267 0.0219878 0.0186906 
v 0.0180179 0.0219878 0.0183738 
v 0.0183738 0.0219878 0.0180179 
v 0.0186906 0.0219878 0.0176267 
v 0.0189647 0.0219878 0.0172045 
v 0.0191933 0.0219878 0.016756 
v 0.0193736 0.0219878 0.0162861 
v 0.0195039 0.0219878 0.0157999 
v 0.0195827 0.0219878 0.0153027 
v 0.0152958 0.0220691 0.0195172 
v 0.0157862 0.0220691 0.0194395 
v 0.0162657 0.0220691 0.019311 
v 0.0167292 0.0220691 0.0191331 
v 0.0171716 0.0220691 0.0189077 
v 0.017588 0.0220691 0.0186373 
v 0.0179738 0.0220691 0.0183248 
v 0.0183248 0.0220691 0.0179738 
v 0.0186373 0.0220691 0.017588 
v 0.0189077 0.0220691 0.0171716 
v 0.0191331 0.0220691 0.0167292 
v 0.019311 0.0220691 0.0162657 
v 0.0194395 0.0220691 0.0157862 
v 0.0195172 0.0220691 0.0152958 
v 0.0152881 0.0221431 0.0194436 
v 0.0157708 0.0221431 0.0193671 
v 0.0162428 0.0221431 0.0192406 
v 0.0166991 0.0221431 0.0190655 
v 0.0171346 0.0221431 0.0188436 
v 0.0175444 0.0221431 0.0185774 
v 0.0179243 0.0221431 0.0182698 
v 0.0182698 0.0221431 0.0179243 
v 0.0185774 0.0221431 0.0175444 
v 0.0188436 0.0221431 0.0171346 
v 0.0190655 0.0221431 0.0166991 
v 0.0192406 0.0221431 0.0162428 
v 0.0193671 0.0221431 0.0157708 
v 0.0194436 0.0221431 0.0152881 
v 0.0152796 0.022209 0.0193627 
v 0.0157539 0.022209 0.0192875 
v 0.0162177 0.022209 0.0191632 
v 0.016666 0.022209 0.0189912 
v 0.0170939 0.022209 0.0187731 
v 0.0174966 0.022209 0.0185116 
v 0.0178698 0.022209 0.0182094 
v 0.0182094 0.022209 0.0178698 
v 0.0185116 0.022209 0.0174966 
v 0.0187731 0.022209 0.0170939 
v 0.0189912 0.022209 0.016666 
v 0.0191632 0.022209 0.0162177 
v 0.0192875 0.022209 0.0157539 
v 0.0193627 0.022209 0.0152796 
v 0.0152704 0.022266 0.0192753 
v 0.0157356 0.022266 0.0192017 
v 0.0161906 0.022266 0.0190798 
v 0.0166303 0.022266 0.018911 
v 0.01705 0.022266 0.0186971 
v 0.017445 0.022266 0.0184406 
v 0.0178111 0.022266 0.0181442 
v 0.0181442 0.022266 0.0178111 
v 0.0184406 0.022266 0.017445 
v 0.0186971 0.022266 0.01705 
v 0.018911 0.022266 0.0166303 
v 0.0190798 0.022266 0.0161906 
v 0.0192017 0.022266 0.0157356 
v 0.0192753 0.022266 0.0152704 
v 0.0152606 0.0223135 0.0191826 
v 0.0157162 0.0223135 0.0191104 
v 0.0161618 0.0223135 0.0189911 
v 0.0165924 0.0223135 0.0188258 
v 0.0170034 0.0223135 0.0186163 
v 0.0173902 0.0223135 0.0183651 
v 0.0177487 0.0223135 0.0180748 
v 0.0180748 0.0223135 0.0177487 
v 0.0183651 0.0223135 0.0173902 
v 0.0186163 0.0223135 0.0170034 
v 0.0188258 0.0223135 0.0165924 
v 0.0189911 0.0223135 0.0161618 
v 0.0191104 0.0223135 0.0157162 
v 0.0191826 0.0223135 0.0152606 
v 0.0152504 0.0223511 0.0190854 
v 0.0156959 0.0223511 0.0190149 
v 0.0161316 0.0223511 0.0188981 
v 0.0165526 0.0223511 0.0187365 
v 0.0169545 0.0223511 0.0185317 
v 0.0173328 0.0223511 0.0182861 
v 0.0176833 0.0223511 0.0180022 
v 0.0180022 0.0223511 0.0176833 
v 0.0182861 0.0223511 0.0173328 
v 0.0185317 0.0223511 0.0169545 
v 0.0187365 0.0223511 0.0165526 
v 0.0188981 0.0223511 0.0161316 
v 0.0190149 0.0223511 0.0156959 
v 0.0190854 0.0223511 0.0152504 
v 0.0152398 0.0223781 0.0189849 
v 0.0156749 0.0223781 0.018916 
v 0.0161003 0.0223781 0.018802 
v 0.0165115 0.0223781 0.0186441 
v 0.016904 0.0223781 0.0184442 
v 0.0172733 0.0223781 0.0182043 
v 0.0176156 0.0223781 0.0179271 
v 0.0179271 0.0223781 0.0176156 
v 0.0182043 0.0223781 0.0172733 
v 0.0184442 0.0223781 0.016904 
v 0.0186441 0.0223781 0.0165115 
v 0.018802 0.0223781 0.0161003 
v 0.018916 0.0223781 0.0156749 
v 0.0189849 0.0223781 0.0152398 
v 0.015229 0.0223945 0.018882 
v 0.0156534 0.0223945 0.0188148 
v 0.0160684 0.0223945 0.0187036 
v 0.0164695 0.0223945 0.0185497 
v 0.0168523 0.0223945 0.0183546 
v 0.0172126 0.0223945 0.0181206 
v 0.0175465 0.0223945 0.0178503 
v 0.0178503 0.0223945 0.0175465 
v 0.0181206 0.0223945 0.0172126 
v 0.0183546 0.0223945 0.0168523 
v 0.0185497 0.0223945 0.0164695 
v 0.0187036 0.0223945 0.0160684 
v 0.0188148 0.0223945 0.0156534 
v 0.018882 0.0223945 0.015229 
v 0.0198 0.0214 -0.0148 
v 0.0197945 0.0215045 -0.0148 
v 0.0197781 0.0216079 -0.0148 
v 0.0197511 0.021709 -0.0148 
v 0.0197135 0.0218067 -0.0148 
v 0.019666 0.0219 -0.0148 
v 0.019609 0.0219878 -0.0148 
v 0.0195431 0.0220691 -0.0148 
v 0.0194691 0.0221431 -0.0148 
v 0.0193878 0.022209 -0.0148 
v 0.0193 0.022266 -0.0148 
v 0.0192067 0.0223135 -0.0148 
v 0.019109 0.0223511 -0.0148 
v 0.0190079 0.0223781 -0.0148 
v 0.0189045 0.0223945 -0.0148 
v -0.0148 0.0214 0.0198 
v -0.0148 0.0215045 0.0197945 
v -0.0148 0.0216079 0.0197781 
v -0.0148 0.021709 0.0197511 
v -0.0148 0.0218067 0.0197135 
v -0.0148 0.0219 0.019666 
v -0.0148 0.0219878 0.019609 
v -0.0148 0.0220691 0.0195431 
v -0.0148 0.0221431 0.0194691 
v -0.0148 0.022209 0.0193878 
v -0.0148 0.022266 0.0193 
v -0.0148 0.0223135 0.0192067 
v -0.0148 0.0223511 0.019109 
v -0.0148 0.0223781 0.0190079 
v -0.0148 0.0223945 0.0189045 
v 0.0148 0 0.0198 
v 0.0153226 0 0.0197726 
v 0.0158396 0 0.0196907 
v 0.0163451 0 0.0195553 
v 0.0168337 0 0.0193677 
v 0.0173 0 0.0191301 
v 0.0177389 0 0.0188451 
v 0.0181457 0 0.0185157 
v 0.0185157 0 0.0181457 
v 0.0188451 0 0.0177389 
v 0.0191301 0 0.0173 
v 0.0193677 0 0.0168337 
v 0.0195553 0 0.0163451 
v 0.0196907 0 0.0158396 
v 0.0197726 0 0.0153226 
v 0.0198 0 0.0148 
v 0.0197726 0.0214 -0.0153226 
v 0.0196907 0.0214 -0.0158396 
v 0.0195553 0.0214 -0.0163451 
v 0.0193677 0.0214 -0.0168337 
v 0.0191301 0.0214 -0.0173 
v 0.0188451 0.0214 -0.0177389 
v 0.0185157 0.0214 -0.0181457 
v 0.0181457 0.0214 -0.0185157 
v 0.0177389 0.0214 -0.0188451 
v 0.0173 0.0214 -0.0191301 
v 0.0168337 0.0214 -0.0193677 
v 0.0163451 0.0214 -0.0195553 
v 0.0158396 0.0214 -0.0196907 
v 0.0153226 0.0214 -0.0197726 
v 0.0148 0.0214 -0.0198 
v 0.0148 0.0215045 -0.0197945 
v 0.0148 0.0216079 -0.0197781 
v 0.0148 0.021709 -0.0197511 
v 0.0148 0.0218067 -0.0197135 
v 0.0148 0.0219 -0.019666 
v 0.0148 0.0219878 -0.019609 
v 0.0148 0.0220691 -0.0195431 
v 0.0148 0.0221431 -0.0194691 
v 0.0148 0.022209 -0.0193878 
v 0.0148 0.022266 -0.0193 
v 0.0148 0.0223135 -0.0192067 
v 0.0148 0.0223511 -0.019109 
v 0.0148 0.0223781 -0.0190079 
v 0.0148 0.0223945 -0.0189045 
v 0.0197672 0.0215045 -0.0153221 
v 0.0196854 0.0215045 -0.0158384 
v 0.0195501 0.0215045 -0.0163434 
v 0.0193627 0.0215045 -0.0168315 
v 0.0191254 0.0215045 -0.0172973 
v 0.0188407 0.0215045 -0.0177357 
v 0.0185117 0.0215045 -0.018142 
v 0.018142 0.0215045 -0.0185117 
v 0.0177357 0.0215045 -0.0188407 
v 0.0172973 0.0215045 -0.0191254 
v 0.0168315 0.0215045 -0.0193627 
v 0.0163434 0.0215045 -0.0195501 
v 0.0158384 0.0215045 -0.0196854 
v 0.0153221 0.0215045 -0.0197672 
v 0.0197509 0.0216079 -0.0153204 
v 0.0196694 0.0216079 -0.015835 
v 0.0195345 0.0216079 -0.0163383 
v 0.0193478 0.0216079 -0.0168248 
v 0.0191112 0.0216079 -0.0172891 
v 0.0188274 0.0216079 -0.0177261 
v 0.0184995 0.0216079 -0.018131 
v 0.018131 0.0216079 -0.0184995 
v 0.0177261 0.0216079 -0.0188274 
v 0.0172891 0.0216079 -0.0191112 
v 0.0168248 0.0216079 -0.0193478 
v 0.0163383 0.0216079 -0.0195345 
v 0.015835 0.0216079 -0.0196694 
v 0.0153204 0.0216079 -0.0197509 
v 0.0197239 0.021709 -0.0153175 
v 0.0196429 0.021709 -0.0158294 
v 0.0195087 0.021709 -0.01633 
v 0.019323 0.021709 -0.0168138 
v 0.0190877 0.021709 -0.0172755 
v 0.0188055 0.021709 -0.0177102 
v 0.0184794 0.021709 -0.0181129 
v 0.0181129 0.021709 -0.0184794 
v 0.0177102 0.021709 -0.0188055 
v 0.0172755 0.021709 -0.0190877 
v 0.0168138 0.021709 -0.019323 
v 0.01633 0.021709 -0.0195087 
v 0.0158294 0.021709 -0.0196429 
v 0.0153175 0.021709 -0.0197239 
v 0.0196866 0.0218067 -0.0153136 
v 0.0196062 0.0218067 -0.0158216 
v 0.0194731 0.0218067 -0.0163184 
v 0.0192887 0.0218067 -0.0167985 
v 0.0190553 0.0218067 -0.0172568 
v 0.0187751 0.0218067 -0.0176881 
v 0.0184515 0.0218067 -0.0180878 
v 0.0180878 0.0218067 -0.0184515 
v 0.0176881 0.0218067 -0.0187751 
v 0.0172568 0.0218067 -0.0190553 
v 0.0167985 0.0218067 -0.0192887 
v 0.0163184 0.0218067 -0.0194731 
v 0.0158216 0.0218067 -0.0196062 
v 0.0153136 0.0218067 -0.0196866 
v 0.0196394 0.0219 -0.0153086 
v 0.0195597 0.0219 -0.0158117 
v 0.0194279 0.0219 -0.0163037 
v 0.0192453 0.0219 -0.0167792 
v 0.0190141 0.0219 -0.017233 
v 0.0187367 0.0219 -0.0176602 
v 0.0184162 0.0219 -0.018056 
v 0.018056 0.0219 -0.0184162 
v 0.0176602 0.0219 -0.0187367 
v 0.017233 0.0219 -0.0190141 
v 0.0167792 0.0219 -0.0192453 
v 0.0163037 0.0219 -0.0194279 
v 0.0158117 0.0219 -0.0195597 
v 0.0153086 0.0219 -0.0196394 
v 0.0195827 0.0219878 -0.0153027 
v 0.0195039 0.0219878 -0.0157999 
v 0.0193736 0.0219878 -0.0162861 
v 0.0191933 0.0219878 -0.016756 
v 0.0189647 0.0219878 -0.0172045 
v 0.0186906 0.0219878 -0.0176267 
v 0.0183738 0.0219878 -0.0180179 
v 0.0180179 0.0219878 -0.0183738 
v 0.0176267 0.0219878 -0.0186906 
v 0.0172045 0.0219878 -0.0189647 
v 0.016756 0.0219878 -0.0191933 
v 0.0162861 0.0219878 -0.0193736 
v 0.0157999 0.0219878 -0.0195039 
v 0.0153027 0.0219878 -0.0195827 
v 0.0195172 0.0220691 -0.0152958 
v 0.0194395 0.0220691 -0.0157862 
v 0.019311 0.0220691 -0.0162657 
v 0.0191331 0.0220691 -0.0167292 
v 0.0189077 0.0220691 -0.0171716 
v 0.0186373 0.0220691 -0.017588 
v 0.0183248 0.0220691 -0.0179738 
v 0.0179738 0.0220691 -0.0183248 
v 0.017588 0.0220691 -0.0186373 
v 0.0171716 0.0220691 -0.0189077 
v 0.0167292 0.0220691 -0.0191331 
v 0.0162657 0.0220691 -0.019311 
v 0.0157862 0.0220691 -0.0194395 
v 0.0152958 0.0220691 -0.0195172 
v 0.0194436 0.0221431 -0.0152881 
v 0.0193671 0.0221431 -0.0157708 
v 0.0192406 0.0221431 -0.0162428 
v 0.0190655 0.0221431 -0.0166991 
v 0.0188436 0.0221431 -0.0171346 
v 0.0185774 0.0221431 -0.0175444 
v 0.0182698 0.0221431 -0.0179243 
v 0.0179243 0.0221431 -0.0182698 
v 0.0175444 0.0221431 -0.0185774 
v 0.0171346 0.0221431 -0.0188436 
v 0.0166991 0.0221431 -0.0190655 
v 0.0162428 0.0221431 -0.0192406 
v 0.0157708 0.0221431 -0.0193671 
v 0.0152881 0.0221431 -0.0194436 
v 0.0193627 0.022209 -0.0152796 
v 0.0192875 0.022209 -0.0157539 
v 0.0191632 0.022209 -0.0162177 
v 0.0189912 0.022209 -0.016666 
v 0.0187731 0.022209 -0.0170939 
v 0.0185116 0.022209 -0.0174966 
v 0.0182094 0.022209 -0.0178698 
v 0.0178698 0.022209 -0.0182094 
v 0.0174966 0.022209 -0.0185116 
v 0.0170939 0.022209 -0.0187731 
v 0.016666 0.022209 -0.0189912 
v 0.0162177 0.022209 -0.0191632 
v 0.0157539 0.022209 -0.0192875 
v 0.0152796 0.022209 -0.0193627 
v 0.0192753 0.022266 -0.0152704 
v 0.0192017 0.022266 -0.0157356 
v 0.0190798 0.022266 -0.0161906 
v 0.018911 0.022266 -0.0166303 
v 0.0186971 0.022266 -0.01705 
v 0.0184406 0.022266 -0.017445 
v 0.0181442 0.022266 -0.0178111 
v 0.0178111 0.022266 -0.0181442 
v 0.017445 0.022266 -0.0184406 
v 0.01705 0.022266 -0.0186971 
v 0.0166303 0.022266 -0.018911 
v 0.0161906 0.022266 -0.0190798 
v 0.0157356 0.022266 -0.0192017 
v 0.0152704 0.022266 -0.0192753 
v 0.0191826 0.0223135 -0.0152606 
v 0.0191104 0.0223135 -0.0157162 
v 0.0189911 0.0223135 -0.0161618 
v 0.0188258 0.0223135 -0.0165924 
v 0.0186163 0.0223135 -0.0170034 
v 0.0183651 0.0223135 -0.0173902 
v 0.0180748 0.0223135 -0.0177487 
v 0.0177487 0.0223135 -0.0180748 
v 0.0173902 0.0223135 -0.0183651 
v 0.0170034 0.0223135 -0.0186163 
v 0.0165924 0.0223135 -0.0188258 
v 0.0161618 0.0223135 -0.0189911 
v 0.0157162 0.0223135 -0.0191104 
v 0.0152606 0.0223135 -0.0191826 
v 0.0190854 0.0223511 -0.0152504 
v 0.0190149 0.0223511 -0.0156959 
v 0.0188981 0.0223511 -0.0161316 
v 0.0187365 0.0223511 -0.0165526 
v 0.0185317 0.0223511 -0.0169545 
v 0.0182861 0.0223511 -0.0173328 
v 0.0180022 0.0223511 -0.0176833 
v 0.0176833 0.0223511 -0.0180022 
v 0.0173328 0.0223511 -0.0182861 
v 0.0169545 0.0223511 -0.0185317 
v 0.0165526 0.0223511 -0.0187365 
v 0.0161316 0.0223511 -0.0188981 
v 0.0156959 0.0223511 -0.0190149 
v 0.0152504 0.0223511 -0.0190854 
v 0.0189849 0.0223781 -0.0152398 
v 0.018916 0.0223781 -0.0156749 
v 0.018802 0.0223781 -0.0161003 
v 0.0186441 0.0223781 -0.0165115 
v 0.0184442 0.0223781 -0.016904 
v 0.0182043 0.0223781 -0.0172733 
v 0.0179271 0.0223781 -0.0176156 
v 0.0176156 0.0223781 -0.0179271 
v 0.0172733 0.0223781 -0.0182043 
v 0.016904 0.0223781 -0.0184442 
v 0.0165115 0.0223781 -0.0186441 
v 0.0161003 0.0223781 -0.018802 
v 0.0156749 0.0223781 -0.018916 
v 0.0152398 0.0223781 -0.0189849 
v 0.018882 0.0223945 -0.015229 
v 0.0188148 0.0223945 -0.0156534 
v 0.0187036 0.0223945 -0.0160684 
v 0.0185497 0.0223945 -0.0164695 
v 0.0183546 0.0223945 -0.0168523 
v 0.0181206 0.0223945 -0.0172126 
v 0.0178503 0.0223945 -0.0175465 
v 0.0175465 0.0223945 -0.0178503 
v 0.0172126 0.0223945 -0.0181206 
v 0.0168523 0.0223945 -0.0183546 
v 0.0164695 0.0223945 -0.0185497 
v 0.0160684 0.0223945 -0.0187036 
v 0.0156534 0.0223945 -0.0188148 
v 0.015229 0.0223945 -0.018882 
v 0.0148 0 -0.0198 
v 0.0153226 0 -0.0197726 
v 0.0158396 0 -0.0196907 
v 0.0163451 0 -0.0195553 
v 0.0168337 0 -0.0193677 
v 0.0173 0 -0.0191301 
v 0.0177389 0 -0.0188451 
v 0.0181457 0 -0.0185157 
v 0.0185157 0 -0.0181457 
v 0.0188451 0 -0.0177389 
v 0.0191301 0 -0.0173 
v 0.0193677 0 -0.0168337 
v 0.0195553 0 -0.0163451 
v 0.0196907 0 -0.0158396 
v 0.0197726 0 -0.0153226 
v 0.0198 0 -0.0148 
v -0.0148 0.0214 -0.0198 
v -0.0148 0.0215045 -0.0197945 
v -0.0148 0.0216079 -0.0197781 
v -0.0148 0.021709 -0.0197511 
v -0.0148 0.0218067 -0.0197135 
v -0.0148 0.0219 -0.019666 
v -0.0148 0.0219878 -0.019609 
v -0.0148 0.0220691 -0.0195431 
v -0.0148 0.0221431 -0.0194691 
v -0.0148 0.022209 -0.0193878 
v -0.0148 0.022266 -0.0193 
v -0.0148 0.0223135 -0.0192067 
v -0.0148 0.0223511 -0.019109 
v -0.0148 0.0223781 -0.0190079 
v -0.0148 0.0223945 -0.0189045 
v -0.0148 0 -0.0198 
v -0.0153226 0.0214 -0.0197726 
v -0.0158396 0.0214 -0.0196907 
v -0.0163451 0.0214 -0.0195553 
v -0.0168337 0.0214 -0.0193677 
v -0.0173 0.0214 -0.0191301 
v -0.0177389 0.0214 -0.0188451 
v -0.0181457 0.0214 -0.0185157 
v -0.0185157 0.0214 -0.0181457 
v -0.0188451 0.0214 -0.0177389 
v -0.0191301 0.0214 -0.0173 
v -0.0193677 0.0214 -0.0168337 
v -0.0195553 0.0214 -0.0163451 
v -0.0196907 0.0214 -0.0158396 
v -0.0197726 0.0214 -0.0153226 
v -0.0198 0.0214 -0.0148 
v -0.0197945 0.0215045 -0.0148 
v -0.0197781 0.0216079 -0.0148 
v -0.0197511 0.021709 -0.0148 
v -0.0197135 0.0218067 -0.0148 
v -0.019666 0.0219 -0.0148 
v -0.019609 0.0219878 -0.0148 
v -0.0195431 0.0220691 -0.0148 
v -0.0194691 0.0221431 -0.0148 
v -0.0193878 0.022209 -0.0148 
v -0.0193 0.022266 -0.0148 
v -0.0192067 0.0223135 -0.0148 
v -0.019109 0.0223511 -0.0148 
v -0.0190079 0.0223781 -0.0148 
v -0.0189045 0.0223945 -0.0148 
v -0.0153221 0.0215045 -0.0197672 
v -0.0158384 0.0215045 -0.0196854 
v -0.0163434 0.0215045 -0.0195501 
v -0.0168315 0.0215045 -0.0193627 
v -0.0172973 0.0215045 -0.0191254 
v -0.0177357 0.0215045 -0.0188407 
v -0.018142 0.0215045 -0.0185117 
v -0.0185117 0.0215045 -0.018142 
v -0.0188407 0.0215045 -0.0177357 
v -0.0191254 0.0215045 -0.0172973 
v -0.0193627 0.0215045 -0.0168315 
v -0.0195501 0.0215045 -0.0163434 
v -0.0196854 0.0215045 -0.0158384 
v -0.0197672 0.0215045 -0.0153221 
v -0.0153204 0.0216079 -0.0197509 
v -0.015835 0.0216079 -0.0196694 
v -0.0163383 0.0216079 -0.0195345 
v -0.0168248 0.0216079 -0.0193478 
v -0.0172891 0.0216079 -0.0191112 
v -0.0177261 0.0216079 -0.0188274 
v -0.018131 0.0216079 -0.0184995 
v -0.0184995 0.0216079 -0.018131 
v -0.0188274 0.0216079 -0.0177261 
v -0.0191112 0.0216079 -0.0172891 
v -0.0193478 0.0216079 -0.0168248 
v -0.0195345 0.0216079 -0.0163383 
v -0.0196694 0.0216079 -0.015835 
v -0.0197509 0.0216079 -0.0153204 
v -0.0153175 0.021709 -0.0197239 
v -0.0158294 0.021709 -0.0196429 
v -0.01633 0.021709 -0.0195087 
v -0.0168138 0.021709 -0.019323 
v -0.0172755 0.021709 -0.0190877 
v -0.0177102 0.021709 -0.0188055 
v -0.0181129 0.021709 -0.0184794 
v -0.0184794 0.021709 -0.0181129 
v -0.0188055 0.021709 -0.0177102 
v -0.0190877 0.021709 -0.0172755 
v -0.019323 0.021709 -0.0168138 
v -0.0195087 0.021709 -0.01633 
v -0.0196429 0.021709 -0.0158294 
v -0.0197239 0.021709 -0.0153175 
v -0.0153136 0.0218067 -0.0196866 
v -0.0158216 0.0218067 -0.0196062 
v -0.0163184 0.0218067 -0.0194731 
v -0.0167985 0.0218067 -0.0192887 
v -0.0172568 0.0218067 -0.0190553 
v -0.0176881 0.0218067 -0.0187751 
v -0.0180878 0.0218067 -0.0184515 
v -0.0184515 0.0218067 -0.0180878 
v -0.0187751 0.0218067 -0.0176881 
v -0.0190553 0.0218067 -0.0172568 
v -0.0192887 0.0218067 -0.0167985 
v -0.0194731 0.0218067 -0.0163184 
v -0.0196062 0.0218067 -0.0158216 
v -0.0196866 0.0218067 -0.0153136 
v -0.0153086 0.0219 -0.0196394 
v -0.0158117 0.0219 -0.0195597 
v -0.0163037 0.0219 -0.0194279 
v -0.0167792 0.0219 -0.0192453 
v -0.017233 0.0219 -0.0190141 
v -0.0176602 0.0219 -0.0187367 
v -0.018056 0.0219 -0.0184162 
v -0.0184162 0.0219 -0.018056 
v -0.0187367 0.0219 -0.0176602 
v -0.0190141 0.0219 -0.017233 
v -0.0192453 0.0219 -0.0167792 
v -0.0194279 0.0219 -0.0163037 
v -0.0195597 0.0219 -0.0158117 
v -0.0196394 0.0219 -0.0153086 
v -0.0153027 0.0219878 -0.0195827 
v -0.0157999 0.0219878 -0.0195039 
v -0.0162861 0.0219878 -0.0193736 
v -0.016756 0.0219878 -0.0191933 
v -0.0172045 0.0219878 -0.0189647 
v -0.0176267 0.0219878 -0.0186906 
v -0.0180179 0.0219878 -0.0183738 
v -0.0183738 0.0219878 -0.0180179 
v -0.0186906 0.0219878 -0.0176267 
v -0.0189647 0.0219878 -0.0172045 
v -0.0191933 0.0219878 -0.016756 
v -0.0193736 0.0219878 -0.0162861 
v -0.0195039 0.0219878 -0.0157999 
v -0.0195827 0.0219878 -0.0153027 
v -0.0152958 0.0220691 -0.0195172 
v -0.0157862 0.0220691 -0.0194395 
v -0.0162657 0.0220691 -0.019311 
v -0.0167292 0.0220691 -0.0191331 
v -0.0171716 0.0220691 -0.0189077 
v -0.017588 0.0220691 -0.0186373 
v -0.0179738 0.0220691 -0.0183248 
v -0.0183248 0.0220691 -0.0179738 
v -0.0186373 0.0220691 -0.017588 
v -0.0189077 0.0220691 -0.0171716 
v -0.0191331 0.0220691 -0.0167292 
v -0.019311 0.0220691 -0.0162657 
v -0.0194395 0.0220691 -0.0157862 
v -0.0195172 0.0220691 -0.0152958 
v -0.0152881 0.0221431 -0.0194436 
v -0.0157708 0.0221431 -0.0193671 
v -0.0162428 0.0221431 -0.0192406 
v -0.0166991 0.0221431 -0.0190655 
v -0.0171346 0.0221431 -0.0188436 
v -0.0175444 0.0221431 -0.0185774 
v -0.0179243 0.0221431 -0.0182698 
v -0.0182698 0.0221431 -0.0179243 
v -0.0185774 0.0221431 -0.0175444 
v -0.0188436 0.0221431 -0.0171346 
v -0.0190655 0.0221431 -0.0166991 
v -0.0192406 0.0221431 -0.0162428 
v -0.0193671 0.0221431 -0.0157708 
v -0.0194436 0.0221431 -0.0152881 
v -0.0152796 0.022209 -0.0193627 
v -0.0157539 0.022209 -0.0192875 
v -0.0162177 0.022209 -0.0191632 
v -0.016666 0.022209 -0.0189912 
v -0.0170939 0.022209 -0.0187731 
v -0.0174966 0.022209 -0.0185116 
v -0.0178698 0.022209 -0.0182094 
v -0.0182094 0.022209 -0.0178698 
v -0.0185116 0.022209 -0.0174966 
v -0.0187731 0.022209 -0.0170939 
v -0.0189912 0.022209 -0.016666 
v -0.0191632 0.022209 -0.0162177 
v -0.0192875 0.022209 -0.0157539 
v -0.0193627 0.022209 -0.0152796 
v -0.0152704 0.022266 -0.0192753 
v -0.0157356 0.022266 -0.0192017 
v -0.0161906 0.022266 -0.0190798 
v -0.0166303 0.022266 -0.018911 
v -0.01705 0.022266 -0.0186971 
v -0.017445 0.022266 -0.0184406 
v -0.0178111 0.022266 -0.0181442 
v -0.0181442 0.022266 -0.0178111 
v -0.0184406 0.022266 -0.017445 
v -0.0186971 0.022266 -0.01705 
v -0.018911 0.022266 -0.0166303 
v -0.0190798 0.022266 -0.0161906 
v -0.0192017 0.022266 -0.0157356 
v -0.0192753 0.022266 -0.0152704 
v -0.0152606 0.0223135 -0.0191826 
v -0.0157162 0.0223135 -0.0191104 
v -0.0161618 0.0223135 -0.0189911 
v -0.0165924 0.0223135 -0.0188258 
v -0.0170034 0.0223135 -0.0186163 
v -0.0173902 0.0223135 -0.0183651 
v -0.0177487 0.0223135 -0.0180748 
v -0.0180748 0.0223135 -0.0177487 
v -0.0183651 0.0223135 -0.0173902 
v -0.0186163 0.0223135 -0.0170034 
v -0.0188258 0.0223135 -0.0165924 
v -0.0189911 0.0223135 -0.0161618 
v -0.0191104 0.0223135 -0.0157162 
v -0.0191826 0.0223135 -0.0152606 
v -0.0152504 0.0223511 -0.0190854 
v -0.0156959 0.0223511 -0.0190149 
v -0.0161316 0.0223511 -0.0188981 
v -0.0165526 0.0223511 -0.0187365 
v -0.0169545 0.0223511 -0.0185317 
v -0.0173328 0.0223511 -0.0182861 
v -0.0176833 0.0223511 -0.0180022 
v -0.0180022 0.0223511 -0.0176833 
v -0.0182861 0.0223511 -0.0173328 
v -0.0185317 0.0223511 -0.0169545 
v -0.0187365 0.0223511 -0.0165526 
v -0.0188981 0.0223511 -0.0161316 
v -0.0190149 0.0223511 -0.0156959 
v -0.0190854 0.0223511 -0.0152504 
v -0.0152398 0.0223781 -0.0189849 
v -0.0156749 0.0223781 -0.018916 
v -0.0161003 0.0223781 -0.018802 
v -0.0165115 0.0223781 -0.0186441 
v -0.016904 0.0223781 -0.0184442 
v -0.0172733 0.0223781 -0.0182043 
v -0.0176156 0.0223781 -0.0179271 
v -0.0179271 0.0223781 -0.0176156 
v -0.0182043 0.0223781 -0.0172733 
v -0.0184442 0.0223781 -0.016904 
v -0.0186441 0.0223781 -0.0165115 
v -0.018802 0.0223781 -0.0161003 
v -0.018916 0.0223781 -0.0156749 
v -0.0189849 0.0223781 -0.0152398 
v -0.015229 0.0223945 -0.018882 
v -0.0156534 0.0223945 -0.0188148 
v -0.0160684 0.0223945 -0.0187036 
v -0.0164695 0.0223945 -0.0185497 
v -0.0168523 0.0223945 -0.0183546 
v -0.0172126 0.0223945 -0.0181206 
v -0.0175465 0.0223945 -0.0178503 
v -0.0178503 0.0223945 -0.0175465 
v -0.0181206 0.0223945 -0.0172126 
v -0.0183546 0.0223945 -0.0168523 
v -0.0185497 0.0223945 -0.0164695 
v -0.0187036 0.0223945 -0.0160684 
v -0.0188148 0.0223945 -0.0156534 
v -0.018882 0.0223945 -0.015229 
v -0.0153226 0 -0.0197726 
v -0.0158396 0 -0.0196907 
v -0.0163451 0 -0.0195553 
v -0.0168337 0 -0.0193677 
v -0.0173 0 -0.0191301 
v -0.0177389 0 -0.0188451 
v -0.0181457 0 -0.0185157 
v -0.0185157 0 -0.0181457 
v -0.0188451 0 -0.0177389 
v -0.0191301 0 -0.0173 
v -0.0193677 0 -0.0168337 
v -0.0195553 0 -0.0163451 
v -0.0196907 0 -0.0158396 
v -0.0197726 0 -0.0153226 
v -0.0198 0 -0.0148 
v -0.0198 0.0214 0.0148 
v -0.0197945 0.0215045 0.0148 
v -0.0197781 0.0216079 0.0148 
v -0.0197511 0.021709 0.0148 
v -0.0197135 0.0218067 0.0148 
v -0.019666 0.0219 0.0148 
v -0.019609 0.0219878 0.0148 
v -0.0195431 0.0220691 0.0148 
v -0.0194691 0.0221431 0.0148 
v -0.0193878 0.022209 0.0148 
v -0.0193 0.022266 0.0148 
v -0.0192067 0.0223135 0.0148 
v -0.019109 0.0223511 0.0148 
v -0.0190079 0.0223781 0.0148 
v -0.0189045 0.0223945 0.0148 
v -0.0197726 0.0214 0.0153226 
v -0.0196907 0.0214 0.0158396 
v -0.0195553 0.0214 0.0163451 
v -0.0193677 0.0214 0.0168337 
v -0.0191301 0.0214 0.0173 
v -0.0188451 0.0214 0.0177389 
v -0.0185157 0.0214 0.0181457 
v -0.0181457 0.0214 0.0185157 
v -0.0177389 0.0214 0.0188451 
v -0.0173 0.0214 0.0191301 
v -0.0168337 0.0214 0.0193677 
v -0.0163451 0.0214 0.0195553 
v -0.0158396 0.0214 0.0196907 
v -0.0153226 0.0214 0.0197726 
v -0.0197672 0.0215045 0.0153221 
v -0.0196854 0.0215045 0.0158384 
v -0.0195501 0.0215045 0.0163434 
v -0.0193627 0.0215045 0.0168315 
v -0.0191254 0.0215045 0.0172973 
v -0.0188407 0.0215045 0.0177357 
v -0.0185117 0.0215045 0.018142 
v -0.018142 0.0215045 0.0185117 
v -0.0177357 0.0215045 0.0188407 
v -0.0172973 0.0215045 0.0191254 
v -0.0168315 0.0215045 0.0193627 
v -0.0163434 0.0215045 0.0195501 
v -0.0158384 0.0215045 0.0196854 
v -0.0153221 0.0215045 0.0197672 
v -0.0197509 0.0216079 0.0153204 
v -0.0196694 0.0216079 0.015835 
v -0.0195345 0.0216079 0.0163383 
v -0.0193478 0.0216079 0.0168248 
v -0.0191112 0.0216079 0.0172891 
v -0.0188274 0.0216079 0.0177261 
v -0.0184995 0.0216079 0.018131 
v -0.018131 0.0216079 0.0184995 
v -0.0177261 0.0216079 0.0188274 
v -0.0172891 0.0216079 0.0191112 
v -0.0168248 0.0216079 0.0193478 
v -0.0163383 0.0216079 0.0195345 
v -0.015835 0.0216079 0.0196694 
v -0.0153204 0.0216079 0.0197509 
v -0.0197239 0.021709 0.0153175 
v -0.0196429 0.021709 0.0158294 
v -0.0195087 0.021709 0.01633 
v -0.019323 0.021709 0.0168138 
v -0.0190877 0.021709 0.0172755 
v -0.0188055 0.021709 0.0177102 
v -0.0184794 0.021709 0.0181129 
v -0.0181129 0.021709 0.0184794 
v -0.0177102 0.021709 0.0188055 
v -0.0172755 0.021709 0.0190877 
v -0.0168138 0.021709 0.019323 
v -0.01633 0.021709 0.0195087 
v -0.0158294 0.021709 0.0196429 
v -0.0153175 0.021709 0.0197239 
v -0.0196866 0.0218067 0.0153136 
v -0.0196062 0.0218067 0.0158216 
v -0.0194731 0.0218067 0.0163184 
v -0.0192887 0.0218067 0.0167985 
v -0.0190553 0.0218067 0.0172568 
v -0.0187751 0.0218067 0.0176881 
v -0.0184515 0.0218067 0.0180878 
v -0.0180878 0.0218067 0.0184515 
v -0.0176881 0.0218067 0.0187751 
v -0.0172568 0.0218067 0.0190553 
v -0.0167985 0.0218067 0.0192887 
v -0.0163184 0.0218067 0.0194731 
v -0.0158216 0.0218067 0.0196062 
v -0.0153136 0.0218067 0.0196866 
v -0.0196394 0.0219 0.0153086 
v -0.0195597 0.0219 0.0158117 
v -0.0194279 0.0219 0.0163037 
v -0.0192453 0.0219 0.0167792 
v -0.0190141 0.0219 0.017233 
v -0.0187367 0.0219 0.0176602 
v -0.0184162 0.0219 0.018056 
v -0.018056 0.0219 0.0184162 
v -0.0176602 0.0219 0.0187367 
v -0.017233 0.0219 0.0190141 
v -0.0167792 0.0219 0.0192453 
v -0.0163037 0.0219 0.0194279 
v -0.0158117 0.0219 0.0195597 
v -0.0153086 0.0219 0.0196394 
v -0.0195827 0.0219878 0.0153027 
v -0.0195039 0.0219878 0.0157999 
v -0.0193736 0.0219878 0.0162861 
v -0.0191933 0.0219878 0.016756 
v -0.0189647 0.0219878 0.0172045 
v -0.0186906 0.0219878 0.0176267 
v -0.0183738 0.0219878 0.0180179 
v -0.0180179 0.0219878 0.0183738 
v -0.0176267 0.0219878 0.0186906 
v -0.0172045 0.0219878 0.0189647 
v -0.016756 0.0219878 0.0191933 
v -0.0162861 0.0219878 0.0193736 
v -0.0157999 0.0219878 0.0195039 
v -0.0153027 0.0219878 0.0195827 
v -0.0195172 0.0220691 0.0152958 
v -0.0194395 0.0220691 0.0157862 
v -0.019311 0.0220691 0.0162657 
v -0.0191331 0.0220691 0.0167292 
v -0.0189077 0.0220691 0.0171716 
v -0.0186373 0.0220691 0.017588 
v -0.0183248 0.0220691 0.0179738 
v -0.0179738 0.0220691 0.0183248 
v -0.017588 0.0220691 0.0186373 
v -0.0171716 0.0220691 0.0189077 
v -0.0167292 0.0220691 0.0191331 
v -0.0162657 0.0220691 0.019311 
v -0.0157862 0.0220691 0.0194395 
v -0.0152958 0.0220691 0.0195172 
v -0.0194436 0.0221431 0.0152881 
v -0.0193671 0.0221431 0.0157708 
v -0.0192406 0.0221431 0.0162428 
v -0.0190655 0.0221431 0.0166991 
v -0.0188436 0.0221431 0.0171346 
v -0.0185774 0.0221431 0.0175444 
v -0.0182698 0.0221431 0.0179243 
v -0.0179243 0.0221431 0.0182698 
v -0.0175444 0.0221431 0.0185774 
v -0.0171346 0.0221431 0.0188436 
v -0.0166991 0.0221431 0.0190655 
v -0.0162428 0.0221431 0.0192406 
v -0.0157708 0.0221431 0.0193671 
v -0.0152881 0.0221431 0.0194436 
v -0.0193627 0.022209 0.0152796 
v -0.0192875 0.022209 0.0157539 
v -0.0191632 0.022209 0.0162177 
v -0.0189912 0.022209 0.016666 
v -0.0187731 0.022209 0.0170939 
v -0.0185116 0.022209 0.0174966 
v -0.0182094 0.022209 0.0178698 
v -0.0178698 0.022209 0.0182094 
v -0.0174966 0.022209 0.0185116 
v -0.0170939 0.022209 0.0187731 
v -0.016666 0.022209 0.0189912 
v -0.0162177 0.022209 0.0191632 
v -0.0157539 0.022209 0.0192875 
v -0.0152796 0.022209 0.0193627 
v -0.0192753 0.022266 0.0152704 
v -0.0192017 0.022266 0.0157356 
v -0.0190798 0.022266 0.0161906 
v -0.018911 0.022266 0.0166303 
v -0.0186971 0.022266 0.01705 
v -0.0184406 0.022266 0.017445 
v -0.0181442 0.022266 0.0178111 
v -0.0178111 0.022266 0.0181442 
v -0.017445 0.022266 0.0184406 
v -0.01705 0.022266 0.0186971 
v -0.0166303 0.022266 0.018911 
v -0.0161906 0.022266 0.0190798 
v -0.0157356 0.022266 0.0192017 
v -0.0152704 0.022266 0.0192753 
v -0.0191826 0.0223135 0.0152606 
v -0.0191104 0.0223135 0.0157162 
v -0.0189911 0.0223135 0.0161618 
v -0.0188258 0.0223135 0.0165924 
v -0.0186163 0.0223135 0.0170034 
v -0.0183651 0.0223135 0.0173902 
v -0.0180748 0.0223135 0.0177487 
v -0.0177487 0.0223135 0.0180748 
v -0.0173902 0.0223135 0.0183651 
v -0.0170034 0.0223135 0.0186163 
v -0.0165924 0.0223135 0.0188258 
v -0.0161618 0.0223135 0.0189911 
v -0.0157162 0.0223135 0.0191104 
v -0.0152606 0.0223135 0.0191826 
v -0.0190854 0.0223511 0.0152504 
v -0.0190149 0.0223511 0.0156959 
v -0.0188981 0.0223511 0.0161316 
v -0.0187365 0.0223511 0.0165526 
v -0.0185317 0.0223511 0.0169545 
v -0.0182861 0.0223511 0.0173328 
v -0.0180022 0.0223511 0.0176833 
v -0.0176833 0.0223511 0.0180022 
v -0.0173328 0.0223511 0.0182861 
v -0.0169545 0.0223511 0.0185317 
v -0.0165526 0.0223511 0.0187365 
v -0.0161316 0.0223511 0.0188981 
v -0.0156959 0.0223511 0.0190149 
v -0.0152504 0.0223511 0.0190854 
v -0.0189849 0.0223781 0.0152398 
v -0.018916 0.0223781 0.0156749 
v -0.018802 0.0223781 0.0161003 
v -0.0186441 0.0223781 0.0165115 
v -0.0184442 0.0223781 0.016904 
v -0.0182043 0.0223781 0.0172733 
v -0.0179271 0.0223781 0.0176156 
v -0.0176156 0.0223781 0.0179271 
v -0.0172733 0.0223781 0.0182043 
v -0.016904 0.0223781 0.0184442 
v -0.0165115 0.0223781 0.0186441 
v -0.0161003 0.0223781 0.018802 
v -0.0156749 0.0223781 0.018916 
v -0.0152398 0.0223781 0.0189849 
v -0.018882 0.0223945 0.015229 
v -0.0188148 0.0223945 0.0156534 
v -0.0187036 0.0223945 0.0160684 
v -0.0185497 0.0223945 0.0164695 
v -0.0183546 0.0223945 0.0168523 
v -0.0181206 0.0223945 0.0172126 
v -0.0178503 0.0223945 0.0175465 
v -0.0175465 0.0223945 0.0178503 
v -0.0172126 0.0223945 0.0181206 
v -0.0168523 0.0223945 0.0183546 
v -0.0164695 0.0223945 0.0185497 
v -0.0160684 0.0223945 0.0187036 
v -0.0156534 0.0223945 0.0188148 
v -0.015229 0.0223945 0.018882 
v -0.0148 0 0.0198 
v -0.0153226 0 0.0197726 
v -0.0158396 0 0.0196907 
v -0.0163451 0 0.0195553 
v -0.0168337 0 0.0193677 
v -0.0173 0 0.0191301 
v -0.0177389 0 0.0188451 
v -0.0181457 0 0.0185157 
v -0.0185157 0 0.0181457 
v -0.0188451 0 0.0177389 
v -0.0191301 0 0.0173 
v -0.0193677 0 0.0168337 
v -0.0195553 0 0.0163451 
v -0.0196907 0 0.0158396 
v -0.0197726 0 0.0153226 
v -0.0198 0 0.0148 
v -0.0198 0.004 -0.00443 
v -0.0198 0.004 -0.01363 
v -0.0198 0 -0.01363 
v -0.0198 0 -0.00443 
v -0.0206955 0 -0.0126355 
v -0.0208 0 -0.01263 
v -0.0208 0.004 -0.01263 
v -0.0205921 0 -0.0126519 
v -0.0206955 0.004 -0.0126355 
v -0.020491 0 -0.0126789 
v -0.0205921 0.004 -0.0126519 
v -0.0203933 0 -0.0127165 
v -0.020491 0.004 -0.0126789 
v -0.0203 0 -0.012764 
v -0.0203933 0.004 -0.0127165 
v -0.0202122 0 -0.012821 
v -0.0203 0.004 -0.012764 
v -0.0201309 0 -0.0128869 
v -0.0202122 0.004 -0.012821 
v -0.0200569 0 -0.0129609 
v -0.0201309 0.004 -0.0128869 
v -0.019991 0 -0.0130422 
v -0.0200569 0.004 -0.0129609 
v -0.019934 0 -0.01313 
v -0.019991 0.004 -0.0130422 
v -0.0198865 0 -0.0132233 
v -0.019934 0.004 -0.01313 
v -0.0198489 0 -0.013321 
v -0.0198865 0.004 -0.0132233 
v -0.0198219 0 -0.0134221 
v -0.0198489 0.004 -0.013321 
v -0.0198055 0 -0.0135255 
v -0.0198219 0.004 -0.0134221 
v -0.0198055 0.004 -0.0135255 
v -0.0234 0 -0.01263 
v -0.0234 0.004 -0.01263 
v -0.0234 0 -0.00543 
v -0.0234 0.004 -0.00543 
v -0.0237892 0.004 -0.0054511 
v -0.0237892 0 -0.0054511 
v -0.0241739 0.004 -0.00551417 
v -0.0241739 0 -0.00551417 
v -0.0245495 0.004 -0.00561845 
v -0.0245495 0 -0.00561845 
v -0.0249116 0.004 -0.00576273 
v -0.0249116 0 -0.00576273 
v -0.025256 0.004 -0.00594531 
v -0.025256 0 -0.00594531 
v -0.0255786 0.004 -0.00616406 
v -0.0255786 0 -0.00616406 
v -0.0258757 0.004 -0.00641642 
v -0.0258757 0 -0.00641642 
v -0.0261438 0.004 -0.00669941 
v -0.0261438 0 -0.00669941 
v -0.0263797 0.004 -0.00700973 
v -0.0263797 0 -0.00700973 
v -0.0265806 0.004 -0.00734373 
v -0.0265806 0 -0.00734373 
v -0.0267443 0.004 -0.0076975 
v -0.0267443 0 -0.0076975 
v -0.0268688 0.004 -0.0080669 
v -0.0268688 0 -0.0080669 
v -0.0269526 0.004 -0.00844758 
v -0.0269526 0 -0.00844758 
v -0.0269947 0.004 -0.0088351 
v -0.0269947 0 -0.0088351 
v -0.0269947 0.004 -0.0092249 
v -0.0269947 0 -0.0092249 
v -0.0269526 0.004 -0.00961242 
v -0.0269526 0 -0.00961242 
v -0.0268688 0.004 -0.0099931 
v -0.0268688 0 -0.0099931 
v -0.0267443 0.004 -0.0103625 
v -0.0267443 0 -0.0103625 
v -0.0265806 0.004 -0.0107163 
v -0.0265806 0 -0.0107163 
v -0.0263797 0.004 -0.0110503 
v -0.0263797 0 -0.0110503 
v -0.0261438 0.004 -0.0113606 
v -0.0261438 0 -0.0113606 
v -0.0258757 0.004 -0.0116436 
v -0.0258757 0 -0.0116436 
v -0.0255786 0.004 -0.0118959 
v -0.0255786 0 -0.0118959 
v -0.025256 0.004 -0.0121147 
v -0.025256 0 -0.0121147 
v -0.0249116 0.004 -0.0122973 
v -0.0249116 0 -0.0122973 
v -0.0245495 0.004 -0.0124416 
v -0.0245495 0 -0.0124416 
v -0.0241739 0.004 -0.0125458 
v -0.0241739 0 -0.0125458 
v -0.0237892 0.004 -0.0126089 
v -0.0237892 0 -0.0126089 
v -0.0208 0 -0.00543 
v -0.0208 0.004 -0.00543 
v -0.0206955 0.004 -0.00542452 
v -0.0205921 0.004 -0.00540815 
v -0.0206955 0 -0.00542452 
v -0.020491 0.004 -0.00538106 
v -0.0205921 0 -0.00540815 
v -0.0203933 0.004 -0.00534355 
v -0.020491 0 -0.00538106 
v -0.0203 0.004 -0.00529603 
v -0.0203933 0 -0.00534355 
v -0.0202122 0.004 -0.00523902 
v -0.0203 0 -0.00529603 
v -0.0201309 0.004 -0.00517314 
v -0.0202122 0 -0.00523902 
v -0.0200569 0.004 -0.00509913 
v -0.0201309 0 -0.00517314 
v -0.019991 0.004 -0.00501779 
v -0.0200569 0 -0.00509913 
v -0.019934 0.004 -0.00493 
v -0.019991 0 -0.00501779 
v -0.0198865 0.004 -0.00483674 
v -0.019934 0 -0.00493 
v -0.0198489 0.004 -0.00473902 
v -0.0198865 0 -0.00483674 
v -0.0198219 0.004 -0.00463791 
v -0.0198489 0 -0.00473902 
v -0.0198055 0.004 -0.00453453 
v -0.0198219 0 -0.00463791 
v -0.0198055 0 -0.00453453 
v -0.0217847 0.004 -0.00749987 
v -0.0219596 0.004 -0.00733419 
v -0.0219596 0.004 -0.0107258 
v -0.0216287 0.004 -0.00768349 
v -0.0213806 0.004 -0.00809575 
v -0.0214935 0.004 -0.00788289 
v -0.0244422 0.004 -0.00706419 
v -0.0246486 0.004 -0.00718839 
v -0.0242236 0.004 -0.00696303 
v -0.0235205 0.004 -0.00680826 
v -0.02376 0.004 -0.00683431 
v -0.021227 0.004 -0.00855169 
v -0.0212915 0.004 -0.00831955 
v -0.021188 0.004 -0.00878944 
v -0.0217847 0.004 -0.0105601 
v -0.02376 0.004 -0.0112257 
v -0.0235205 0.004 -0.0112517 
v -0.0253065 0.004 -0.00788289 
v -0.0251713 0.004 -0.00768349 
v -0.0248404 0.004 -0.00733419 
v -0.0239953 0.004 -0.0068861 
v -0.0225764 0.004 -0.00696303 
v -0.0228047 0.004 -0.0068861 
v -0.0216287 0.004 -0.0103765 
v -0.0221514 0.004 -0.0108716 
v -0.0228047 0.004 -0.0111739 
v -0.0232795 0.004 -0.0112517 
v -0.02304 0.004 -0.0112257 
v -0.0239953 0.004 -0.0111739 
v -0.0251713 0.004 -0.0103765 
v -0.0250153 0.004 -0.0105601 
v -0.0254194 0.004 -0.00809575 
v -0.0250153 0.004 -0.00749987 
v -0.0223578 0.004 -0.00706419 
v -0.0221514 0.004 -0.00718839 
v -0.021175 0.004 -0.00903 
v -0.021227 0.004 -0.00950831 
v -0.0213806 0.004 -0.00996425 
v -0.0223578 0.004 -0.0109958 
v -0.0225764 0.004 -0.011097 
v -0.0246486 0.004 -0.0108716 
v -0.0244422 0.004 -0.0109958 
v -0.025573 0.004 -0.00950831 
v -0.0212915 0.004 -0.00974045 
v -0.0214935 0.004 -0.0101771 
v -0.0242236 0.004 -0.011097 
v -0.0253065 0.004 -0.0101771 
v -0.0254194 0.004 -0.00996425 
v -0.0255085 0.004 -0.00974045 
v -0.025612 0.004 -0.00878944 
v -0.025625 0.004 -0.00903 
v -0.0255085 0.004 -0.00831955 
v -0.0232795 0.004 -0.00680826 
v -0.02304 0.004 -0.00683431 
v -0.021188 0.004 -0.00927056 
v -0.0248404 0.004 -0.0107258 
v -0.025612 0.004 -0.00927056 
v -0.025573 0.004 -0.00855169 
v -0.025612 0.001 -0.00878944 
v -0.025625 0.001 -0.00903 
v -0.025573 0.001 -0.00855169 
v -0.0255085 0.001 -0.00831955 
v -0.0254194 0.001 -0.00809575 
v -0.0253065 0.001 -0.00788289 
v -0.0251713 0.001 -0.00768349 
v -0.0250153 0.001 -0.00749987 
v -0.0248404 0.001 -0.00733419 
v -0.0246486 0.001 -0.00718839 
v -0.0244422 0.001 -0.00706419 
v -0.0242236 0.001 -0.00696303 
v -0.0239953 0.001 -0.0068861 
v -0.02376 0.001 -0.00683431 
v -0.0235205 0.001 -0.00680826 
v -0.0232795 0.001 -0.00680826 
v -0.02304 0.001 -0.00683431 
v -0.0228047 0.001 -0.0068861 
v -0.0225764 0.001 -0.00696303 
v -0.0223578 0.001 -0.00706419 
v -0.0221514 0.001 -0.00718839 
v -0.0219596 0.001 -0.00733419 
v -0.0217847 0.001 -0.00749987 
v -0.0216287 0.001 -0.00768349 
v -0.0214935 0.001 -0.00788289 
v -0.0213806 0.001 -0.00809575 
v -0.0212915 0.001 -0.00831955 
v -0.021227 0.001 -0.00855169 
v -0.021188 0.001 -0.00878944 
v -0.021175 0.001 -0.00903 
v -0.021188 0.001 -0.00927056 
v -0.021227 0.001 -0.00950831 
v -0.0212915 0.001 -0.00974045 
v -0.0213806 0.001 -0.00996425 
v -0.0214935 0.001 -0.0101771 
v -0.0216287 0.001 -0.0103765 
v -0.0217847 0.001 -0.0105601 
v -0.0219596 0.001 -0.0107258 
v -0.0221514 0.001 -0.0108716 
v -0.0223578 0.001 -0.0109958 
v -0.0225764 0.001 -0.011097 
v -0.0228047 0.001 -0.0111739 
v -0.02304 0.001 -0.0112257 
v -0.0232795 0.001 -0.0112517 
v -0.0235205 0.001 -0.0112517 
v -0.02376 0.001 -0.0112257 
v -0.0239953 0.001 -0.0111739 
v -0.0242236 0.001 -0.011097 
v -0.0244422 0.001 -0.0109958 
v -0.0246486 0.001 -0.0108716 
v -0.0248404 0.001 -0.0107258 
v -0.0250153 0.001 -0.0105601 
v -0.0251713 0.001 -0.0103765 
v -0.0253065 0.001 -0.0101771 
v -0.0254194 0.001 -0.00996425 
v -0.0255085 0.001 -0.00974045 
v -0.025573 0.001 -0.00950831 
v -0.025612 0.001 -0.00927056 
v -0.0229373 0.001 -0.0101912 
v -0.0228145 0.001 -0.0101344 
v -0.0230656 0.001 -0.0102344 
v -0.0231978 0.001 -0.0102635 
v -0.0233323 0.001 -0.0102782 
v -0.0228145 0.001 -0.00792561 
v -0.0229373 0.001 -0.00786878 
v -0.0226985 0.001 -0.00799539 
v -0.0236022 0.001 -0.0102635 
v -0.0234677 0.001 -0.0102782 
v -0.0237344 0.001 -0.0102344 
v -0.0238627 0.001 -0.0101912 
v -0.0239855 0.001 -0.0101344 
v -0.0246427 0.001 -0.00889485 
v -0.02465 0.001 -0.00903 
v -0.0246208 0.001 -0.00876129 
v -0.0244711 0.001 -0.00838556 
v -0.0245345 0.001 -0.00850514 
v -0.0243951 0.001 -0.00827353 
v -0.0230656 0.001 -0.00782556 
v -0.0225908 0.001 -0.0080773 
v -0.0224925 0.001 -0.00817038 
v -0.0224049 0.001 -0.00827353 
v -0.0223289 0.001 -0.00838556 
v -0.0222655 0.001 -0.00850514 
v -0.0222154 0.001 -0.00863087 
v -0.0226985 0.001 -0.0100646 
v -0.0245846 0.001 -0.00863087 
v -0.0243075 0.001 -0.00817038 
v -0.0221573 0.001 -0.00889485 
v -0.0221792 0.001 -0.00876129 
v -0.02215 0.001 -0.00903 
v -0.0221573 0.001 -0.00916515 
v -0.0221792 0.001 -0.00929871 
v -0.0223289 0.001 -0.00967444 
v -0.0224049 0.001 -0.00978647 
v -0.0224925 0.001 -0.00988962 
v -0.0225908 0.001 -0.0099827 
v -0.0241015 0.001 -0.0100646 
v -0.0242092 0.001 -0.0080773 
v -0.0222154 0.001 -0.00942913 
v -0.0222655 0.001 -0.00955486 
v -0.0243075 0.001 -0.00988962 
v -0.0242092 0.001 -0.0099827 
v -0.0243951 0.001 -0.00978647 
v -0.0244711 0.001 -0.00967444 
v -0.0245345 0.001 -0.00955486 
v -0.0246427 0.001 -0.00916515 
v -0.0246208 0.001 -0.00929871 
v -0.0241015 0.001 -0.00799539 
v -0.0239855 0.001 -0.00792561 
v -0.0245846 0.001 -0.00942913 
v -0.0238627 0.001 -0.00786878 
v -0.0237344 0.001 -0.00782556 
v -0.0236022 0.001 -0.00779647 
v -0.0234677 0.001 -0.00778183 
v -0.0233323 0.001 -0.00778183 
v -0.0231978 0.001 -0.00779647 
v -0.0246427 0 -0.00889485 
v -0.02465 0 -0.00903 
v -0.0246208 0 -0.00876129 
v -0.0245846 0 -0.00863087 
v -0.0245345 0 -0.00850514 
v -0.0244711 0 -0.00838556 
v -0.0243951 0 -0.00827353 
v -0.0243075 0 -0.00817038 
v -0.0242092 0 -0.0080773 
v -0.0241015 0 -0.00799539 
v -0.0239855 0 -0.00792561 
v -0.0238627 0 -0.00786878 
v -0.0237344 0 -0.00782556 
v -0.0236022 0 -0.00779647 
v -0.0234677 0 -0.00778183 
v -0.0233323 0 -0.00778183 
v -0.0231978 0 -0.00779647 
v -0.0230656 0 -0.00782556 
v -0.0229373 0 -0.00786878 
v -0.0228145 0 -0.00792561 
v -0.0226985 0 -0.00799539 
v -0.0225908 0 -0.0080773 
v -0.0224925 0 -0.00817038 
v -0.0224049 0 -0.00827353 
v -0.0223289 0 -0.00838556 
v -0.0222655 0 -0.00850514 
v -0.0222154 0 -0.00863087 
v -0.0221792 0 -0.00876129 
v -0.0221573 0 -0.00889485 
v -0.02215 0 -0.00903 
v -0.0221573 0 -0.00916515 
v -0.0221792 0 -0.00929871 
v -0.0222154 0 -0.00942913 
v -0.0222655 0 -0.00955486 
v -0.0223289 0 -0.00967444 
v -0.0224049 0 -0.00978647 
v -0.0224925 0 -0.00988962 
v -0.0225908 0 -0.0099827 
v -0.0226985 0 -0.0100646 
v -0.0228145 0 -0.0101344 
v -0.0229373 0 -0.0101912 
v -0.0230656 0 -0.0102344 
v -0.0231978 0 -0.0102635 
v -0.0233323 0 -0.0102782 
v -0.0234677 0 -0.0102782 
v -0.0236022 0 -0.0102635 
v -0.0237344 0 -0.0102344 
v -0.0238627 0 -0.0101912 
v -0.0239855 0 -0.0101344 
v -0.0241015 0 -0.0100646 
v -0.0242092 0 -0.0099827 
v -0.0243075 0 -0.00988962 
v -0.0243951 0 -0.00978647 
v -0.0244711 0 -0.00967444 
v -0.0245345 0 -0.00955486 
v -0.0245846 0 -0.00942913 
v -0.0246208 0 -0.00929871 
v -0.0246427 0 -0.00916515 
v 0.0046 0.004 0.0198 
v -0.0046 0.004 0.0198 
v -0.0046 0 0.0198 
v 0.0046 0 0.0198 
v 0.00360548 0.004 0.0206955 
v 0.0036 0.004 0.0208 
v 0.0036 0 0.0208 
v 0.00362185 0.004 0.0205921 
v 0.00360548 0 0.0206955 
v 0.00364894 0.004 0.020491 
v 0.00362185 0 0.0205921 
v 0.00368645 0.004 0.0203933 
v 0.00364894 0 0.020491 
v 0.00373397 0.004 0.0203 
v 0.00368645 0 0.0203933 
v 0.00379098 0.004 0.0202122 
v 0.00373397 0 0.0203 
v 0.00385686 0.004 0.0201309 
v 0.00379098 0 0.0202122 
v 0.00393087 0.004 0.0200569 
v 0.00385686 0 0.0201309 
v 0.00401221 0.004 0.019991 
v 0.00393087 0 0.0200569 
v 0.0041 0.004 0.019934 
v 0.00401221 0 0.019991 
v 0.00419326 0.004 0.0198865 
v 0.0041 0 0.019934 
v 0.00429098 0.004 0.0198489 
v 0.00419326 0 0.0198865 
v 0.00439209 0.004 0.0198219 
v 0.00429098 0 0.0198489 
v 0.00449547 0.004 0.0198055 
v 0.00439209 0 0.0198219 
v 0.00449547 0 0.0198055 
v 0.0036 0.004 0.02289 
v 0.0036 0 0.02289 
v 0.0035789 0.004 0.0232792 
v 0.0035789 0 0.0232792 
v 0.00351583 0.004 0.0236639 
v 0.00351583 0 0.0236639 
v 0.00341155 0.004 0.0240395 
v 0.00341155 0 0.0240395 
v 0.00326727 0.004 0.0244016 
v 0.00326727 0 0.0244016 
v 0.00308469 0.004 0.024746 
v 0.00308469 0 0.024746 
v 0.00286594 0.004 0.0250686 
v 0.00286594 0 0.0250686 
v 0.00261358 0.004 0.0253657 
v 0.00261358 0 0.0253657 
v 0.00233059 0.004 0.0256338 
v 0.00233059 0 0.0256338 
v 0.00202027 0.004 0.0258697 
v 0.00202027 0 0.0258697 
v 0.00168627 0.004 0.0260706 
v 0.00168627 0 0.0260706 
v 0.0013325 0.004 0.0262343 
v 0.0013325 0 0.0262343 
v 0.000963102 0.004 0.0263588 
v 0.000963102 0 0.0263588 
v 0.000582415 0.004 0.0264426 
v 0.000582415 0 0.0264426 
v 0.0001949 0.004 0.0264847 
v 0.0001949 0 0.0264847 
v -0.0001949 0.004 0.0264847 
v -0.0001949 0 0.0264847 
v -0.000582415 0.004 0.0264426 
v -0.000582415 0 0.0264426 
v -0.000963102 0.004 0.0263588 
v -0.000963102 0 0.0263588 
v -0.0013325 0.004 0.0262343 
v -0.0013325 0 0.0262343 
v -0.00168627 0.004 0.0260706 
v -0.00168627 0 0.0260706 
v -0.00202027 0.004 0.0258697 
v -0.00202027 0 0.0258697 
v -0.00233059 0.004 0.0256338 
v -0.00233059 0 0.0256338 
v -0.00261358 0.004 0.0253657 
v -0.00261358 0 0.0253657 
v -0.00286594 0.004 0.0250686 
v -0.00286594 0 0.0250686 
v -0.00308469 0.004 0.024746 
v -0.00308469 0 0.024746 
v -0.00326727 0.004 0.0244016 
v -0.00326727 0 0.0244016 
v -0.00341155 0.004 0.0240395 
v -0.00341155 0 0.0240395 
v -0.00351583 0.004 0.0236639 
v -0.00351583 0 0.0236639 
v -0.0035789 0.004 0.0232792 
v -0.0035789 0 0.0232792 
v -0.0036 0.004 0.02289 
v -0.0036 0 0.02289 
v -0.0036 0.004 0.0208 
v -0.0036 0 0.0208 
v -0.00360548 0 0.0206955 
v -0.00362185 0 0.0205921 
v -0.00360548 0.004 0.0206955 
v -0.00364894 0 0.020491 
v -0.00362185 0.004 0.0205921 
v -0.00368645 0 0.0203933 
v -0.00364894 0.004 0.020491 
v -0.00373397 0 0.0203 
v -0.00368645 0.004 0.0203933 
v -0.00379098 0 0.0202122 
v -0.00373397 0.004 0.0203 
v -0.00385686 0 0.0201309 
v -0.00379098 0.004 0.0202122 
v -0.00393087 0 0.0200569 
v -0.00385686 0.004 0.0201309 
v -0.00401221 0 0.019991 
v -0.00393087 0.004 0.0200569 
v -0.0041 0 0.019934 
v -0.00401221 0.004 0.019991 
v -0.00419326 0 0.0198865 
v -0.0041 0.004 0.019934 
v -0.00429098 0 0.0198489 
v -0.00419326 0.004 0.0198865 
v -0.00439209 0 0.0198219 
v -0.00429098 0.004 0.0198489 
v -0.00449547 0 0.0198055 
v -0.00439209 0.004 0.0198219 
v -0.00449547 0.004 0.0198055 
v 0.00177131 0.004 0.0215435 
v 0.00190651 0.004 0.0217429 
v 0.00177131 0.004 0.0242365 
v 0.00161534 0.004 0.0244201 
v 0.00190651 0.004 0.0240371 
v 0.00210853 0.004 0.0221796 
v 0.00217298 0.004 0.0224117 
v 0.00201936 0.004 0.0238243 
v 0.00221196 0.004 0.0231306 
v 0.002225 0.004 0.02289 
v -0.00177131 0.004 0.0215435 
v 0.00210853 0.004 0.0236004 
v 0.00217298 0.004 0.0233683 
v 0.00221196 0.004 0.0226494 
v 0.00201936 0.004 0.0219557 
v 0.000120459 0.004 0.0206683 
v 0.00161534 0.004 0.0213599 
v 0.00144043 0.004 0.0211942 
v 0.000595251 0.004 0.0207461 
v 0.000823557 0.004 0.020823 
v 0.000359965 0.004 0.0206943 
v -0.00144043 0.004 0.0211942 
v -0.00161534 0.004 0.0213599 
v -0.00217298 0.004 0.0224117 
v 0.000595251 0.004 0.0250339 
v 0.000823557 0.004 0.024957 
v 0.00104221 0.004 0.0248558 
v 0.00124864 0.004 0.0247316 
v 0.00144043 0.004 0.0245858 
v -0.000120459 0.004 0.0206683 
v -0.000595251 0.004 0.0207461 
v -0.000359965 0.004 0.0206943 
v -0.00190651 0.004 0.0217429 
v -0.00210853 0.004 0.0221796 
v -0.002225 0.004 0.02289 
v -0.00221196 0.004 0.0226494 
v -0.00221196 0.004 0.0231306 
v -0.00217298 0.004 0.0233683 
v -0.00210853 0.004 0.0236004 
v 0.000359965 0.004 0.0250857 
v 0.000120459 0.004 0.0251117 
v 0.00104221 0.004 0.0209242 
v 0.00124864 0.004 0.0210484 
v -0.000823557 0.004 0.020823 
v -0.00201936 0.004 0.0219557 
v -0.00201936 0.004 0.0238243 
v -0.00190651 0.004 0.0240371 
v -0.00104221 0.004 0.0248558 
v -0.00124864 0.004 0.0247316 
v -0.000823557 0.004 0.024957 
v -0.00104221 0.004 0.0209242 
v -0.00177131 0.004 0.0242365 
v -0.00161534 0.004 0.0244201 
v -0.00144043 0.004 0.0245858 
v -0.000595251 0.004 0.0250339 
v -0.00124864 0.004 0.0210484 
v -0.000359965 0.004 0.0250857 
v -0.000120459 0.004 0.0251117 
v -0.00221196 0.001 0.0231306 
v -0.002225 0.001 0.02289 
v -0.00217298 0.001 0.0233683 
v -0.00210853 0.001 0.0236004 
v -0.00201936 0.001 0.0238243 
v -0.00190651 0.001 0.0240371 
v -0.00177131 0.001 0.0242365 
v -0.00161534 0.001 0.0244201 
v -0.00144043 0.001 0.0245858 
v -0.00124864 0.001 0.0247316 
v -0.00104221 0.001 0.0248558 
v -0.000823557 0.001 0.024957 
v -0.000595251 0.001 0.0250339 
v -0.000359965 0.001 0.0250857 
v -0.000120459 0.001 0.0251117 
v 0.000120459 0.001 0.0251117 
v 0.000359965 0.001 0.0250857 
v 0.000595251 0.001 0.0250339 
v 0.000823557 0.001 0.024957 
v 0.00104221 0.001 0.0248558 
v 0.00124864 0.001 0.0247316 
v 0.00144043 0.001 0.0245858 
v 0.00161534 0.001 0.0244201 
v 0.00177131 0.001 0.0242365 
v 0.00190651 0.001 0.0240371 
v 0.00201936 0.001 0.0238243 
v 0.00210853 0.001 0.0236004 
v 0.00217298 0.001 0.0233683 
v 0.00221196 0.001 0.0231306 
v 0.002225 0.001 0.02289 
v 0.00221196 0.001 0.0226494 
v 0.00217298 0.001 0.0224117 
v 0.00210853 0.001 0.0221796 
v 0.00201936 0.001 0.0219557 
v 0.00190651 0.001 0.0217429 
v 0.00177131 0.001 0.0215435 
v 0.00161534 0.001 0.0213599 
v 0.00144043 0.001 0.0211942 
v 0.00124864 0.001 0.0210484 
v 0.00104221 0.001 0.0209242 
v 0.000823557 0.001 0.020823 
v 0.000595251 0.001 0.0207461 
v 0.000359965 0.001 0.0206943 
v 0.000120459 0.001 0.0206683 
v -0.000120459 0.001 0.0206683 
v -0.000359965 0.001 0.0206943 
v -0.000595251 0.001 0.0207461 
v -0.000823557 0.001 0.020823 
v -0.00104221 0.001 0.0209242 
v -0.00124864 0.001 0.0210484 
v -0.00144043 0.001 0.0211942 
v -0.00161534 0.001 0.0213599 
v -0.00177131 0.001 0.0215435 
v -0.00190651 0.001 0.0217429 
v -0.00201936 0.001 0.0219557 
v -0.00210853 0.001 0.0221796 
v -0.00217298 0.001 0.0224117 
v -0.00221196 0.001 0.0226494 
v 0.00122078 0.001 0.0231587 
v 0.00118457 0.001 0.0232891 
v 0.00124267 0.001 0.0230251 
v 0.00113447 0.001 0.0234149 
v 0.00107107 0.001 0.0235344 
v 0.00125 0.001 0.02289 
v 0.00124267 0.001 0.0227549 
v 0.00122078 0.001 0.0226213 
v 0.00118457 0.001 0.0224909 
v 0.00113447 0.001 0.0223651 
v -0.00113447 0.001 0.0223651 
v -0.00118457 0.001 0.0224909 
v -0.00122078 0.001 0.0226213 
v -0.00124267 0.001 0.0227549 
v -0.00124267 0.001 0.0230251 
v -0.00125 0.001 0.02289 
v -0.00122078 0.001 0.0231587 
v -0.00033441 0.001 0.0240944 
v -0.000202227 0.001 0.0241235 
v 0.000995116 0.001 0.0236465 
v 0.000907494 0.001 0.0220304 
v 0.000995116 0.001 0.0221335 
v 0.000809233 0.001 0.0219373 
v 0.000701484 0.001 0.0218554 
v 0.000585511 0.001 0.0217856 
v 0.000462673 0.001 0.0217288 
v 0.00033441 0.001 0.0216856 
v 0.000202227 0.001 0.0216565 
v 6.76736e-05 0.001 0.0216418 
v -6.76736e-05 0.001 0.0241382 
v 0.00107107 0.001 0.0222456 
v -0.000202227 0.001 0.0216565 
v -6.76736e-05 0.001 0.0216418 
v -0.00033441 0.001 0.0216856 
v -0.00118457 0.001 0.0232891 
v -0.00113447 0.001 0.0234149 
v -0.000701484 0.001 0.0239246 
v -0.000809233 0.001 0.0238427 
v -0.000585511 0.001 0.0239944 
v -0.000462673 0.001 0.0240512 
v -0.000462673 0.001 0.0217288 
v -0.000809233 0.001 0.0219373 
v -0.000701484 0.001 0.0218554 
v -0.000907494 0.001 0.0220304 
v -0.000995116 0.001 0.0221335 
v -0.00107107 0.001 0.0222456 
v -0.000585511 0.001 0.0217856 
v -0.00107107 0.001 0.0235344 
v -0.000995116 0.001 0.0236465 
v -0.000907494 0.001 0.0237496 
v 6.76736e-05 0.001 0.0241382 
v 0.000202227 0.001 0.0241235 
v 0.00033441 0.001 0.0240944 
v 0.000462673 0.001 0.0240512 
v 0.000585511 0.001 0.0239944 
v 0.000809233 0.001 0.0238427 
v 0.000701484 0.001 0.0239246 
v 0.000907494 0.001 0.0237496 
v -0.00124267 0 0.0230251 
v -0.00125 0 0.02289 
v -0.00122078 0 0.0231587 
v -0.00118457 0 0.0232891 
v -0.00113447 0 0.0234149 
v -0.00107107 0 0.0235344 
v -0.000995116 0 0.0236465 
v -0.000907494 0 0.0237496 
v -0.000809233 0 0.0238427 
v -0.000701484 0 0.0239246 
v -0.000585511 0 0.0239944 
v -0.000462673 0 0.0240512 
v -0.00033441 0 0.0240944 
v -0.000202227 0 0.0241235 
v -6.76736e-05 0 0.0241382 
v 6.76736e-05 0 0.0241382 
v 0.000202227 0 0.0241235 
v 0.00033441 0 0.0240944 
v 0.000462673 0 0.0240512 
v 0.000585511 0 0.0239944 
v 0.000701484 0 0.0239246 
v 0.000809233 0 0.0238427 
v 0.000907494 0 0.0237496 
v 0.000995116 0 0.0236465 
v 0.00107107 0 0.0235344 
v 0.00113447 0 0.0234149 
v 0.00118457 0 0.0232891 
v 0.00122078 0 0.0231587 
v 0.00124267 0 0.0230251 
v 0.00125 0 0.02289 
v 0.00124267 0 0.0227549 
v 0.00122078 0 0.0226213 
v 0.00118457 0 0.0224909 
v 0.00113447 0 0.0223651 
v 0.00107107 0 0.0222456 
v 0.000995116 0 0.0221335 
v 0.000907494 0 0.0220304 
v 0.000809233 0 0.0219373 
v 0.000701484 0 0.0218554 
v 0.000585511 0 0.0217856 
v 0.000462673 0 0.0217288 
v 0.00033441 0 0.0216856 
v 0.000202227 0 0.0216565 
v 6.76736e-05 0 0.0216418 
v -6.76736e-05 0 0.0216418 
v -0.000202227 0 0.0216565 
v -0.00033441 0 0.0216856 
v -0.000462673 0 0.0217288 
v -0.000585511 0 0.0217856 
v -0.000701484 0 0.0218554 
v -0.000809233 0 0.0219373 
v -0.000907494 0 0.0220304 
v -0.000995116 0 0.0221335 
v -0.00107107 0 0.0222456 
v -0.00113447 0 0.0223651 
v -0.00118457 0 0.0224909 
v -0.00122078 0 0.0226213 
v -0.00124267 0 0.0227549 
v 0.0198 0.004 -0.01363 
v 0.0198 0.004 -0.00443 
v 0.0198 0 -0.00443 
v 0.0198 0 -0.01363 
v 0.0198055 0 -0.0135255 
v 0.0198219 0 -0.0134221 
v 0.0198055 0.004 -0.0135255 
v 0.0198489 0 -0.013321 
v 0.0198219 0.004 -0.0134221 
v 0.0198865 0 -0.0132233 
v 0.0198489 0.004 -0.013321 
v 0.019934 0 -0.01313 
v 0.0198865 0.004 -0.0132233 
v 0.019991 0 -0.0130422 
v 0.019934 0.004 -0.01313 
v 0.0200569 0 -0.0129609 
v 0.019991 0.004 -0.0130422 
v 0.0201309 0 -0.0128869 
v 0.0200569 0.004 -0.0129609 
v 0.0202122 0 -0.012821 
v 0.0201309 0.004 -0.0128869 
v 0.0203 0 -0.012764 
v 0.0202122 0.004 -0.012821 
v 0.0203933 0 -0.0127165 
v 0.0203 0.004 -0.012764 
v 0.020491 0 -0.0126789 
v 0.0203933 0.004 -0.0127165 
v 0.0205921 0 -0.0126519 
v 0.020491 0.004 -0.0126789 
v 0.0206955 0 -0.0126355 
v 0.0205921 0.004 -0.0126519 
v 0.0208 0 -0.01263 
v 0.0206955 0.004 -0.0126355 
v 0.0208 0.004 -0.01263 
v 0.0234 0.004 -0.01263 
v 0.0234 0 -0.01263 
v 0.0237892 0.004 -0.0126089 
v 0.0237892 0 -0.0126089 
v 0.0241739 0.004 -0.0125458 
v 0.0241739 0 -0.0125458 
v 0.0245495 0.004 -0.0124416 
v 0.0245495 0 -0.0124416 
v 0.0249116 0.004 -0.0122973 
v 0.0249116 0 -0.0122973 
v 0.025256 0.004 -0.0121147 
v 0.025256 0 -0.0121147 
v 0.0255786 0.004 -0.0118959 
v 0.0255786 0 -0.0118959 
v 0.0258757 0.004 -0.0116436 
v 0.0258757 0 -0.0116436 
v 0.0261438 0.004 -0.0113606 
v 0.0261438 0 -0.0113606 
v 0.0263797 0.004 -0.0110503 
v 0.0263797 0 -0.0110503 
v 0.0265806 0.004 -0.0107163 
v 0.0265806 0 -0.0107163 
v 0.0267443 0.004 -0.0103625 
v 0.0267443 0 -0.0103625 
v 0.0268688 0.004 -0.0099931 
v 0.0268688 0 -0.0099931 
v 0.0269526 0.004 -0.00961242 
v 0.0269526 0 -0.00961242 
v 0.0269947 0.004 -0.0092249 
v 0.0269947 0 -0.0092249 
v 0.0269947 0.004 -0.0088351 
v 0.0269947 0 -0.0088351 
v 0.0269526 0.004 -0.00844758 
v 0.0269526 0 -0.00844758 
v 0.0268688 0.004 -0.0080669 
v 0.0268688 0 -0.0080669 
v 0.0267443 0.004 -0.0076975 
v 0.0267443 0 -0.0076975 
v 0.0265806 0.004 -0.00734373 
v 0.0265806 0 -0.00734373 
v 0.0263797 0.004 -0.00700973 
v 0.0263797 0 -0.00700973 
v 0.0261438 0.004 -0.00669941 
v 0.0261438 0 -0.00669941 
v 0.0258757 0.004 -0.00641642 
v 0.0258757 0 -0.00641642 
v 0.0255786 0.004 -0.00616406 
v 0.0255786 0 -0.00616406 
v 0.025256 0.004 -0.00594531 
v 0.025256 0 -0.00594531 
v 0.0249116 0.004 -0.00576273 
v 0.0249116 0 -0.00576273 
v 0.0245495 0.004 -0.00561845 
v 0.0245495 0 -0.00561845 
v 0.0241739 0.004 -0.00551417 
v 0.0241739 0 -0.00551417 
v 0.0237892 0.004 -0.0054511 
v 0.0237892 0 -0.0054511 
v 0.0234 0.004 -0.00543 
v 0.0234 0 -0.00543 
v 0.0208 0.004 -0.00543 
v 0.0208 0 -0.00543 
v 0.0198055 0.004 -0.00453453 
v 0.0198219 0.004 -0.00463791 
v 0.0198055 0 -0.00453453 
v 0.0198489 0.004 -0.00473902 
v 0.0198219 0 -0.00463791 
v 0.0198865 0.004 -0.00483674 
v 0.0198489 0 -0.00473902 
v 0.019934 0.004 -0.00493 
v 0.0198865 0 -0.00483674 
v 0.019991 0.004 -0.00501779 
v 0.019934 0 -0.00493 
v 0.0200569 0.004 -0.00509913 
v 0.019991 0 -0.00501779 
v 0.0201309 0.004 -0.00517314 
v 0.0200569 0 -0.00509913 
v 0.0202122 0.004 -0.00523902 
v 0.0201309 0 -0.00517314 
v 0.0203 0.004 -0.00529603 
v 0.0202122 0 -0.00523902 
v 0.0203933 0.004 -0.00534355 
v 0.0203 0 -0.00529603 
v 0.020491 0.004 -0.00538106 
v 0.0203933 0 -0.00534355 
v 0.0205921 0.004 -0.00540815 
v 0.020491 0 -0.00538106 
v 0.0206955 0.004 -0.00542452 
v 0.0205921 0 -0.00540815 
v 0.0206955 0 -0.00542452 
v 0.0222655 0 -0.00850514 
v 0.0224925 0 -0.00817038 
v 0.0225908 0 -0.0080773 
v 0.0223289 0 -0.00838556 
v 0.0241015 0 -0.00799539 
v 0.0237344 0 -0.00782556 
v 0.0238627 0 -0.00786878 
v 0.0224049 0 -0.00827353 
v 0.0242092 0 -0.0080773 
v 0.0239855 0 -0.00792561 
v 0.0226985 0 -0.00799539 
v 0.0245345 0 -0.00850514 
v 0.0243075 0 -0.00817038 
v 0.0236022 0 -0.00779647 
v 0.0244711 0 -0.00838556 
v 0.0243951 0 -0.00827353 
v 0.0234677 0 -0.00778183 
v 0.0233323 0 -0.00778183 
v 0.0230656 0 -0.00782556 
v 0.0231978 0 -0.00779647 
v 0.0228145 0 -0.00792561 
v 0.0229373 0 -0.00786878 
v 0.02215 0 -0.00903 
v 0.0246427 0 -0.00889485 
v 0.0245846 0 -0.00863087 
v 0.0246208 0 -0.00876129 
v 0.0222154 0 -0.00942913 
v 0.0221792 0 -0.00929871 
v 0.0238627 0 -0.0101912 
v 0.0237344 0 -0.0102344 
v 0.0241015 0 -0.0100646 
v 0.0239855 0 -0.0101344 
v 0.0244711 0 -0.00967444 
v 0.0221573 0 -0.00916515 
v 0.0242092 0 -0.0099827 
v 0.0245345 0 -0.00955486 
v 0.0245846 0 -0.00942913 
v 0.0246208 0 -0.00929871 
v 0.02465 0 -0.00903 
v 0.0224049 0 -0.00978647 
v 0.0230656 0 -0.0102344 
v 0.0243075 0 -0.00988962 
v 0.0243951 0 -0.00978647 
v 0.0246427 0 -0.00916515 
v 0.0221573 0 -0.00889485 
v 0.0229373 0 -0.0101912 
v 0.0228145 0 -0.0101344 
v 0.0231978 0 -0.0102635 
v 0.0221792 0 -0.00876129 
v 0.0223289 0 -0.00967444 
v 0.0222655 0 -0.00955486 
v 0.0224925 0 -0.00988962 
v 0.0225908 0 -0.0099827 
v 0.0236022 0 -0.0102635 
v 0.0222154 0 -0.00863087 
v 0.0226985 0 -0.0100646 
v 0.0233323 0 -0.0102782 
v 0.0234677 0 -0.0102782 
v 0.0221514 0.004 -0.00718839 
v 0.0254194 0.004 -0.00809575 
v 0.0253065 0.004 -0.00788289 
v 0.0251713 0.004 -0.00768349 
v 0.0250153 0.004 -0.00749987 
v 0.0235205 0.004 -0.0112517 
v 0.02376 0.004 -0.0112257 
v 0.0219596 0.004 -0.00733419 
v 0.0248404 0.004 -0.00733419 
v 0.025573 0.004 -0.00855169 
v 0.0255085 0.004 -0.00831955 
v 0.0250153 0.004 -0.0105601 
v 0.0251713 0.004 -0.0103765 
v 0.0248404 0.004 -0.0107258 
v 0.0239953 0.004 -0.0111739 
v 0.0217847 0.004 -0.0105601 
v 0.0216287 0.004 -0.00768349 
v 0.0225764 0.004 -0.00696303 
v 0.0223578 0.004 -0.00706419 
v 0.0242236 0.004 -0.00696303 
v 0.0239953 0.004 -0.0068861 
v 0.0244422 0.004 -0.00706419 
v 0.0246486 0.004 -0.00718839 
v 0.025625 0.004 -0.00903 
v 0.0255085 0.004 -0.00974045 
v 0.025573 0.004 -0.00950831 
v 0.0253065 0.004 -0.0101771 
v 0.0246486 0.004 -0.0108716 
v 0.0244422 0.004 -0.0109958 
v 0.0242236 0.004 -0.011097 
v 0.0213806 0.004 -0.00809575 
v 0.0217847 0.004 -0.00749987 
v 0.0228047 0.004 -0.0068861 
v 0.0232795 0.004 -0.00680826 
v 0.02304 0.004 -0.00683431 
v 0.025612 0.004 -0.00878944 
v 0.0254194 0.004 -0.00996425 
v 0.0232795 0.004 -0.0112517 
v 0.0228047 0.004 -0.0111739 
v 0.02304 0.004 -0.0112257 
v 0.0219596 0.004 -0.0107258 
v 0.0216287 0.004 -0.0103765 
v 0.021175 0.004 -0.00903 
v 0.0214935 0.004 -0.00788289 
v 0.0235205 0.004 -0.00680826 
v 0.02376 0.004 -0.00683431 
v 0.025612 0.004 -0.00927056 
v 0.0225764 0.004 -0.011097 
v 0.0221514 0.004 -0.0108716 
v 0.0223578 0.004 -0.0109958 
v 0.0214935 0.004 -0.0101771 
v 0.0213806 0.004 -0.00996425 
v 0.021227 0.004 -0.00950831 
v 0.0212915 0.004 -0.00974045 
v 0.021227 0.004 -0.00855169 
v 0.021188 0.004 -0.00878944 
v 0.0212915 0.004 -0.00831955 
v 0.021188 0.004 -0.00927056 
v 0.02215 0.001 -0.00903 
v 0.0221573 0.001 -0.00889485 
v 0.0221792 0.001 -0.00876129 
v 0.0222154 0.001 -0.00863087 
v 0.0222655 0.001 -0.00850514 
v 0.0223289 0.001 -0.00838556 
v 0.0224049 0.001 -0.00827353 
v 0.0224925 0.001 -0.00817038 
v 0.0225908 0.001 -0.0080773 
v 0.0226985 0.001 -0.00799539 
v 0.0228145 0.001 -0.00792561 
v 0.0229373 0.001 -0.00786878 
v 0.0230656 0.001 -0.00782556 
v 0.0231978 0.001 -0.00779647 
v 0.0233323 0.001 -0.00778183 
v 0.0234677 0.001 -0.00778183 
v 0.0236022 0.001 -0.00779647 
v 0.0237344 0.001 -0.00782556 
v 0.0238627 0.001 -0.00786878 
v 0.0239855 0.001 -0.00792561 
v 0.0241015 0.001 -0.00799539 
v 0.0242092 0.001 -0.0080773 
v 0.0243075 0.001 -0.00817038 
v 0.0243951 0.001 -0.00827353 
v 0.0244711 0.001 -0.00838556 
v 0.0245345 0.001 -0.00850514 
v 0.0245846 0.001 -0.00863087 
v 0.0246208 0.001 -0.00876129 
v 0.0246427 0.001 -0.00889485 
v 0.02465 0.001 -0.00903 
v 0.0246427 0.001 -0.00916515 
v 0.0246208 0.001 -0.00929871 
v 0.0245846 0.001 -0.00942913 
v 0.0245345 0.001 -0.00955486 
v 0.0244711 0.001 -0.00967444 
v 0.0243951 0.001 -0.00978647 
v 0.0243075 0.001 -0.00988962 
v 0.0242092 0.001 -0.0099827 
v 0.0241015 0.001 -0.0100646 
v 0.0239855 0.001 -0.0101344 
v 0.0238627 0.001 -0.0101912 
v 0.0237344 0.001 -0.0102344 
v 0.0236022 0.001 -0.0102635 
v 0.0234677 0.001 -0.0102782 
v 0.0233323 0.001 -0.0102782 
v 0.0231978 0.001 -0.0102635 
v 0.0230656 0.001 -0.0102344 
v 0.0229373 0.001 -0.0101912 
v 0.0228145 0.001 -0.0101344 
v 0.0226985 0.001 -0.0100646 
v 0.0225908 0.001 -0.0099827 
v 0.0224925 0.001 -0.00988962 
v 0.0224049 0.001 -0.00978647 
v 0.0223289 0.001 -0.00967444 
v 0.0222655 0.001 -0.00955486 
v 0.0222154 0.001 -0.00942913 
v 0.0221792 0.001 -0.00929871 
v 0.0221573 0.001 -0.00916515 
v 0.0242236 0.001 -0.011097 
v 0.0239953 0.001 -0.0111739 
v 0.02376 0.001 -0.0112257 
v 0.0235205 0.001 -0.0112517 
v 0.0244422 0.001 -0.00706419 
v 0.0246486 0.001 -0.00718839 
v 0.02304 0.001 -0.0112257 
v 0.0228047 0.001 -0.0111739 
v 0.0225764 0.001 -0.011097 
v 0.0223578 0.001 -0.0109958 
v 0.021188 0.001 -0.00878944 
v 0.021227 0.001 -0.00855169 
v 0.0214935 0.001 -0.00788289 
v 0.0216287 0.001 -0.00768349 
v 0.0242236 0.001 -0.00696303 
v 0.0248404 0.001 -0.00733419 
v 0.0250153 0.001 -0.00749987 
v 0.0251713 0.001 -0.00768349 
v 0.0253065 0.001 -0.00788289 
v 0.0254194 0.001 -0.00809575 
v 0.0255085 0.001 -0.00831955 
v 0.0244422 0.001 -0.0109958 
v 0.0212915 0.001 -0.00831955 
v 0.0217847 0.001 -0.00749987 
v 0.025612 0.001 -0.00878944 
v 0.025625 0.001 -0.00903 
v 0.025612 0.001 -0.00927056 
v 0.025573 0.001 -0.00950831 
v 0.0254194 0.001 -0.00996425 
v 0.0253065 0.001 -0.0101771 
v 0.0251713 0.001 -0.0103765 
v 0.0250153 0.001 -0.0105601 
v 0.0248404 0.001 -0.0107258 
v 0.0232795 0.001 -0.0112517 
v 0.0221514 0.001 -0.0108716 
v 0.0213806 0.001 -0.00809575 
v 0.0219596 0.001 -0.00733419 
v 0.025573 0.001 -0.00855169 
v 0.0255085 0.001 -0.00974045 
v 0.0246486 0.001 -0.0108716 
v 0.0217847 0.001 -0.0105601 
v 0.0216287 0.001 -0.0103765 
v 0.0214935 0.001 -0.0101771 
v 0.0213806 0.001 -0.00996425 
v 0.021188 0.001 -0.00927056 
v 0.021175 0.001 -0.00903 
v 0.0221514 0.001 -0.00718839 
v 0.0223578 0.001 -0.00706419 
v 0.0219596 0.001 -0.0107258 
v 0.0212915 0.001 -0.00974045 
v 0.021227 0.001 -0.00950831 
v 0.0225764 0.001 -0.00696303 
v 0.0228047 0.001 -0.0068861 
v 0.02304 0.001 -0.00683431 
v 0.0232795 0.001 -0.00680826 
v 0.0235205 0.001 -0.00680826 
v 0.02376 0.001 -0.00683431 
v 0.0239953 0.001 -0.0068861 
vn 0 1 0 
vn 0.994522 0.104528 0 
vn 1 0 0 
vn 0.994138 0 -0.108119 
vn 0.988692 0.104528 -0.107527 
vn 0.976621 0 -0.21497 
vn 0.971271 0.104528 -0.213793 
vn 0.947653 0 -0.319302 
vn 0.942462 0.104528 -0.317552 
vn 0.907575 0 -0.419889 
vn 0.902604 0.104528 -0.417589 
vn 0.856857 0 -0.515554 
vn 0.852163 0.104528 -0.51273 
vn 0.796093 0 -0.605174 
vn 0.791732 0.104528 -0.601859 
vn 0.725995 0 -0.687699 
vn 0.722018 0.104528 -0.683932 
vn 0.647386 0 -0.762162 
vn 0.64384 0.104528 -0.757987 
vn 0.561187 0 -0.827689 
vn 0.558113 0.104528 -0.823155 
vn 0.468408 0 -0.883512 
vn 0.465842 0.104528 -0.878672 
vn 0.370138 0 -0.928977 
vn 0.36811 0.104528 -0.923888 
vn 0.267528 0 -0.96355 
vn 0.266063 0.104528 -0.958272 
vn 0.161782 0 -0.986827 
vn 0.160896 0.104528 -0.981421 
vn 0.0541389 0 -0.998533 
vn 0.0538423 0.104528 -0.993063 
vn -0.0541389 0 -0.998533 
vn -0.0538423 0.104528 -0.993063 
vn -0.161782 0 -0.986827 
vn -0.160896 0.104528 -0.981421 
vn -0.267528 0 -0.96355 
vn -0.266063 0.104528 -0.958272 
vn -0.370138 0 -0.928977 
vn -0.36811 0.104528 -0.923888 
vn -0.468408 0 -0.883512 
vn -0.465842 0.104528 -0.878672 
vn -0.561187 0 -0.827689 
vn -0.558113 0.104528 -0.823155 
vn -0.647386 0 -0.762162 
vn -0.64384 0.104528 -0.757987 
vn -0.725995 0 -0.687699 
vn -0.722018 0.104528 -0.683932 
vn -0.796093 0 -0.605174 
vn -0.791732 0.104528 -0.601859 
vn -0.856857 0 -0.515554 
vn -0.852163 0.104528 -0.51273 
vn -0.907575 0 -0.419889 
vn -0.902604 0.104528 -0.417589 
vn -0.947653 0 -0.319302 
vn -0.942462 0.104528 -0.317552 
vn -0.976621 0 -0.21497 
vn -0.971271 0.104528 -0.213793 
vn -0.994138 0 -0.108119 
vn -0.988692 0.104528 -0.107527 
vn -1 0 2.08167e-16 
vn -0.994522 0.104528 2.07026e-16 
vn -0.994138 0 0.108119 
vn -0.988692 0.104528 0.107527 
vn -0.976621 0 0.21497 
vn -0.971271 0.104528 0.213793 
vn -0.947653 0 0.319302 
vn -0.942462 0.104528 0.317552 
vn -0.907575 0 0.419889 
vn -0.902604 0.104528 0.417589 
vn -0.856857 0 0.515554 
vn -0.852163 0.104528 0.51273 
vn -0.796093 0 0.605174 
vn -0.791732 0.104528 0.601859 
vn -0.725995 0 0.687699 
vn -0.722018 0.104528 0.683932 
vn -0.647386 0 0.762162 
vn -0.64384 0.104528 0.757987 
vn -0.561187 0 0.827689 
vn -0.558113 0.104528 0.823155 
vn -0.468408 0 0.883512 
vn -0.465842 0.104528 0.878672 
vn -0.370138 0 0.928977 
vn -0.36811 0.104528 0.923888 
vn -0.267528 0 0.96355 
vn -0.266063 0.104528 0.958272 
vn -0.161782 0 0.986827 
vn -0.160896 0.104528 0.981421 
vn -0.0541389 0 0.998533 
vn -0.0538423 0.104528 0.993063 
vn 0.0541389 0 0.998533 
vn 0.0538423 0.104528 0.993063 
vn 0.161782 0 0.986827 
vn 0.160896 0.104528 0.981421 
vn 0.267528 0 0.96355 
vn 0.266063 0.104528 0.958272 
vn 0.370138 0 0.928977 
vn 0.36811 0.104528 0.923888 
vn 0.468408 0 0.883512 
vn 0.465842 0.104528 0.878672 
vn 0.561187 0 0.827689 
vn 0.558113 0.104528 0.823155 
vn 0.647386 0 0.762162 
vn 0.64384 0.104528 0.757987 
vn 0.725995 0 0.687699 
vn 0.722018 0.104528 0.683932 
vn 0.796093 0 0.605174 
vn 0.791732 0.104528 0.601859 
vn 0.856857 0 0.515554 
vn 0.852163 0.104528 0.51273 
vn 0.907575 0 0.419889 
vn 0.902604 0.104528 0.417589 
vn 0.947653 0 0.319302 
vn 0.942462 0.104528 0.317552 
vn 0.976621 0 0.21497 
vn 0.971271 0.104528 0.213793 
vn 0.994138 0 0.108119 
vn 0.988692 0.104528 0.107527 
vn 0.978148 0.207912 0 
vn 0.972414 0.207912 -0.105756 
vn 0.955279 0.207912 -0.210273 
vn 0.926945 0.207912 -0.312324 
vn 0.887743 0.207912 -0.410714 
vn 0.838133 0.207912 -0.504288 
vn 0.778697 0.207912 -0.59195 
vn 0.710131 0.207912 -0.672672 
vn 0.633239 0.207912 -0.745507 
vn 0.548924 0.207912 -0.809602 
vn 0.458173 0.207912 -0.864205 
vn 0.36205 0.207912 -0.908676 
vn 0.261682 0.207912 -0.942494 
vn 0.158247 0.207912 -0.965262 
vn 0.0529558 0.207912 -0.976713 
vn -0.0529558 0.207912 -0.976713 
vn -0.158247 0.207912 -0.965262 
vn -0.261682 0.207912 -0.942494 
vn -0.36205 0.207912 -0.908676 
vn -0.458173 0.207912 -0.864205 
vn -0.548924 0.207912 -0.809602 
vn -0.633239 0.207912 -0.745507 
vn -0.710131 0.207912 -0.672672 
vn -0.778697 0.207912 -0.59195 
vn -0.838133 0.207912 -0.504288 
vn -0.887743 0.207912 -0.410714 
vn -0.926945 0.207912 -0.312324 
vn -0.955279 0.207912 -0.210273 
vn -0.972414 0.207912 -0.105756 
vn -0.978148 0.207912 2.03618e-16 
vn -0.972414 0.207912 0.105756 
vn -0.955279 0.207912 0.210273 
vn -0.926945 0.207912 0.312324 
vn -0.887743 0.207912 0.410714 
vn -0.838133 0.207912 0.504288 
vn -0.778697 0.207912 0.59195 
vn -0.710131 0.207912 0.672672 
vn -0.633239 0.207912 0.745507 
vn -0.548924 0.207912 0.809602 
vn -0.458173 0.207912 0.864205 
vn -0.36205 0.207912 0.908676 
vn -0.261682 0.207912 0.942494 
vn -0.158247 0.207912 0.965262 
vn -0.0529558 0.207912 0.976713 
vn 0.0529558 0.207912 0.976713 
vn 0.158247 0.207912 0.965262 
vn 0.261682 0.207912 0.942494 
vn 0.36205 0.207912 0.908676 
vn 0.458173 0.207912 0.864205 
vn 0.548924 0.207912 0.809602 
vn 0.633239 0.207912 0.745507 
vn 0.710131 0.207912 0.672672 
vn 0.778697 0.207912 0.59195 
vn 0.838133 0.207912 0.504288 
vn 0.887743 0.207912 0.410714 
vn 0.926945 0.207912 0.312324 
vn 0.955279 0.207912 0.210273 
vn 0.972414 0.207912 0.105756 
vn 0.951057 0.309017 0 
vn 0.945481 0.309017 -0.102827 
vn 0.928821 0.309017 -0.204449 
vn 0.901272 0.309017 -0.303674 
vn 0.863156 0.309017 -0.399338 
vn 0.81492 0.309017 -0.490321 
vn 0.757129 0.309017 -0.575555 
vn 0.690463 0.309017 -0.654041 
vn 0.615701 0.309017 -0.724859 
vn 0.533721 0.309017 -0.787179 
vn 0.445483 0.309017 -0.84027 
vn 0.352022 0.309017 -0.883509 
vn 0.254435 0.309017 -0.91639 
vn 0.153864 0.309017 -0.938528 
vn 0.0514892 0.309017 -0.949662 
vn -0.0514892 0.309017 -0.949662 
vn -0.153864 0.309017 -0.938528 
vn -0.254435 0.309017 -0.91639 
vn -0.352022 0.309017 -0.883509 
vn -0.445483 0.309017 -0.84027 
vn -0.533721 0.309017 -0.787179 
vn -0.615701 0.309017 -0.724859 
vn -0.690463 0.309017 -0.654041 
vn -0.757129 0.309017 -0.575555 
vn -0.81492 0.309017 -0.490321 
vn -0.863156 0.309017 -0.399338 
vn -0.901272 0.309017 -0.303674 
vn -0.928821 0.309017 -0.204449 
vn -0.945481 0.309017 -0.102827 
vn -0.951057 0.309017 1.97978e-16 
vn -0.945481 0.309017 0.102827 
vn -0.928821 0.309017 0.204449 
vn -0.901272 0.309017 0.303674 
vn -0.863156 0.309017 0.399338 
vn -0.81492 0.309017 0.490321 
vn -0.757129 0.309017 0.575555 
vn -0.690463 0.309017 0.654041 
vn -0.615701 0.309017 0.724859 
vn -0.533721 0.309017 0.787179 
vn -0.445483 0.309017 0.84027 
vn -0.352022 0.309017 0.883509 
vn -0.254435 0.309017 0.91639 
vn -0.153864 0.309017 0.938528 
vn -0.0514892 0.309017 0.949662 
vn 0.0514892 0.309017 0.949662 
vn 0.153864 0.309017 0.938528 
vn 0.254435 0.309017 0.91639 
vn 0.352022 0.309017 0.883509 
vn 0.445483 0.309017 0.84027 
vn 0.533721 0.309017 0.787179 
vn 0.615701 0.309017 0.724859 
vn 0.690463 0.309017 0.654041 
vn 0.757129 0.309017 0.575555 
vn 0.81492 0.309017 0.490321 
vn 0.863156 0.309017 0.399338 
vn 0.901272 0.309017 0.303674 
vn 0.928821 0.309017 0.204449 
vn 0.945481 0.309017 0.102827 
vn 0.913545 0.406737 0 
vn 0.90819 0.406737 -0.0987716 
vn 0.892187 0.406737 -0.196385 
vn 0.865724 0.406737 -0.291696 
vn 0.829111 0.406737 -0.383588 
vn 0.782778 0.406737 -0.470982 
vn 0.727267 0.406737 -0.552854 
vn 0.66323 0.406737 -0.628245 
vn 0.591417 0.406737 -0.69627 
vn 0.51267 0.406737 -0.756132 
vn 0.427912 0.406737 -0.807128 
vn 0.338138 0.406737 -0.848662 
vn 0.244399 0.406737 -0.880247 
vn 0.147795 0.406737 -0.901511 
vn 0.0494584 0.406737 -0.912206 
vn -0.0494584 0.406737 -0.912206 
vn -0.147795 0.406737 -0.901511 
vn -0.244399 0.406737 -0.880247 
vn -0.338138 0.406737 -0.848662 
vn -0.427912 0.406737 -0.807128 
vn -0.51267 0.406737 -0.756132 
vn -0.591417 0.406737 -0.69627 
vn -0.66323 0.406737 -0.628245 
vn -0.727267 0.406737 -0.552854 
vn -0.782778 0.406737 -0.470982 
vn -0.829111 0.406737 -0.383588 
vn -0.865724 0.406737 -0.291696 
vn -0.892187 0.406737 -0.196385 
vn -0.90819 0.406737 -0.0987716 
vn -0.913545 0.406737 1.9017e-16 
vn -0.90819 0.406737 0.0987716 
vn -0.892187 0.406737 0.196385 
vn -0.865724 0.406737 0.291696 
vn -0.829111 0.406737 0.383588 
vn -0.782778 0.406737 0.470982 
vn -0.727267 0.406737 0.552854 
vn -0.66323 0.406737 0.628245 
vn -0.591417 0.406737 0.69627 
vn -0.51267 0.406737 0.756132 
vn -0.427912 0.406737 0.807128 
vn -0.338138 0.406737 0.848662 
vn -0.244399 0.406737 0.880247 
vn -0.147795 0.406737 0.901511 
vn -0.0494584 0.406737 0.912206 
vn 0.0494584 0.406737 0.912206 
vn 0.147795 0.406737 0.901511 
vn 0.244399 0.406737 0.880247 
vn 0.338138 0.406737 0.848662 
vn 0.427912 0.406737 0.807128 
vn 0.51267 0.406737 0.756132 
vn 0.591417 0.406737 0.69627 
vn 0.66323 0.406737 0.628245 
vn 0.727267 0.406737 0.552854 
vn 0.782778 0.406737 0.470982 
vn 0.829111 0.406737 0.383588 
vn 0.865724 0.406737 0.291696 
vn 0.892187 0.406737 0.196385 
vn 0.90819 0.406737 0.0987716 
vn 0.866025 0.5 0 
vn 0.860949 0.5 -0.0936338 
vn 0.845778 0.5 -0.18617 
vn 0.820692 0.5 -0.276523 
vn 0.785983 0.5 -0.363635 
vn 0.74206 0.5 -0.446483 
vn 0.689437 0.5 -0.524096 
vn 0.628731 0.5 -0.595565 
vn 0.560653 0.5 -0.660052 
vn 0.486002 0.5 -0.7168 
vn 0.405654 0.5 -0.765144 
vn 0.320549 0.5 -0.804517 
vn 0.231686 0.5 -0.834459 
vn 0.140107 0.5 -0.854617 
vn 0.0468857 0.5 -0.864755 
vn -0.0468857 0.5 -0.864755 
vn -0.140107 0.5 -0.854617 
vn -0.231686 0.5 -0.834459 
vn -0.320549 0.5 -0.804517 
vn -0.405654 0.5 -0.765144 
vn -0.486002 0.5 -0.7168 
vn -0.560653 0.5 -0.660052 
vn -0.628731 0.5 -0.595565 
vn -0.689437 0.5 -0.524096 
vn -0.74206 0.5 -0.446483 
vn -0.785983 0.5 -0.363635 
vn -0.820692 0.5 -0.276523 
vn -0.845778 0.5 -0.18617 
vn -0.860949 0.5 -0.0936338 
vn -0.866025 0.5 1.80278e-16 
vn -0.860949 0.5 0.0936338 
vn -0.845778 0.5 0.18617 
vn -0.820692 0.5 0.276523 
vn -0.785983 0.5 0.363635 
vn -0.74206 0.5 0.446483 
vn -0.689437 0.5 0.524096 
vn -0.628731 0.5 0.595565 
vn -0.560653 0.5 0.660052 
vn -0.486002 0.5 0.7168 
vn -0.405654 0.5 0.765144 
vn -0.320549 0.5 0.804517 
vn -0.231686 0.5 0.834459 
vn -0.140107 0.5 0.854617 
vn -0.0468857 0.5 0.864755 
vn 0.0468857 0.5 0.864755 
vn 0.140107 0.5 0.854617 
vn 0.231686 0.5 0.834459 
vn 0.320549 0.5 0.804517 
vn 0.405654 0.5 0.765144 
vn 0.486002 0.5 0.7168 
vn 0.560653 0.5 0.660052 
vn 0.628731 0.5 0.595565 
vn 0.689437 0.5 0.524096 
vn 0.74206 0.5 0.446483 
vn 0.785983 0.5 0.363635 
vn 0.820692 0.5 0.276523 
vn 0.845778 0.5 0.18617 
vn 0.860949 0.5 0.0936338 
vn 0.809017 0.587785 0 
vn 0.804275 0.587785 -0.0874701 
vn 0.790103 0.587785 -0.173915 
vn 0.766668 0.587785 -0.25832 
vn 0.734244 0.587785 -0.339697 
vn 0.693212 0.587785 -0.417092 
vn 0.644053 0.587785 -0.489596 
vn 0.587343 0.587785 -0.556361 
vn 0.523747 0.587785 -0.616602 
vn 0.45401 0.587785 -0.669614 
vn 0.37895 0.587785 -0.714776 
vn 0.299448 0.587785 -0.751558 
vn 0.216435 0.587785 -0.779528 
vn 0.130884 0.587785 -0.798359 
vn 0.0437993 0.587785 -0.807831 
vn -0.0437993 0.587785 -0.807831 
vn -0.130884 0.587785 -0.798359 
vn -0.216435 0.587785 -0.779528 
vn -0.299448 0.587785 -0.751558 
vn -0.37895 0.587785 -0.714776 
vn -0.45401 0.587785 -0.669614 
vn -0.523747 0.587785 -0.616602 
vn -0.587343 0.587785 -0.556361 
vn -0.644053 0.587785 -0.489596 
vn -0.693212 0.587785 -0.417092 
vn -0.734244 0.587785 -0.339697 
vn -0.766668 0.587785 -0.25832 
vn -0.790103 0.587785 -0.173915 
vn -0.804275 0.587785 -0.0874701 
vn -0.809017 0.587785 1.6841e-16 
vn -0.804275 0.587785 0.0874701 
vn -0.790103 0.587785 0.173915 
vn -0.766668 0.587785 0.25832 
vn -0.734244 0.587785 0.339697 
vn -0.693212 0.587785 0.417092 
vn -0.644053 0.587785 0.489596 
vn -0.587343 0.587785 0.556361 
vn -0.523747 0.587785 0.616602 
vn -0.45401 0.587785 0.669614 
vn -0.37895 0.587785 0.714776 
vn -0.299448 0.587785 0.751558 
vn -0.216435 0.587785 0.779528 
vn -0.130884 0.587785 0.798359 
vn -0.0437993 0.587785 0.807831 
vn 0.0437993 0.587785 0.807831 
vn 0.130884 0.587785 0.798359 
vn 0.216435 0.587785 0.779528 
vn 0.299448 0.587785 0.751558 
vn 0.37895 0.587785 0.714776 
vn 0.45401 0.587785 0.669614 
vn 0.523747 0.587785 0.616602 
vn 0.587343 0.587785 0.556361 
vn 0.644053 0.587785 0.489596 
vn 0.693212 0.587785 0.417092 
vn 0.734244 0.587785 0.339697 
vn 0.766668 0.587785 0.25832 
vn 0.790103 0.587785 0.173915 
vn 0.804275 0.587785 0.0874701 
vn 0.743145 0.669131 0 
vn 0.738788 0.669131 -0.0803481 
vn 0.725771 0.669131 -0.159754 
vn 0.704244 0.669131 -0.237287 
vn 0.67446 0.669131 -0.312038 
vn 0.636769 0.669131 -0.383131 
vn 0.591612 0.669131 -0.449732 
vn 0.53952 0.669131 -0.51106 
vn 0.481102 0.669131 -0.566397 
vn 0.417043 0.669131 -0.615093 
vn 0.348095 0.669131 -0.656577 
vn 0.275066 0.669131 -0.690364 
vn 0.198812 0.669131 -0.716057 
vn 0.120227 0.669131 -0.733355 
vn 0.040233 0.669131 -0.742055 
vn -0.040233 0.669131 -0.742055 
vn -0.120227 0.669131 -0.733355 
vn -0.198812 0.669131 -0.716057 
vn -0.275066 0.669131 -0.690364 
vn -0.348095 0.669131 -0.656577 
vn -0.417043 0.669131 -0.615093 
vn -0.481102 0.669131 -0.566397 
vn -0.53952 0.669131 -0.51106 
vn -0.591612 0.669131 -0.449732 
vn -0.636769 0.669131 -0.383131 
vn -0.67446 0.669131 -0.312038 
vn -0.704244 0.669131 -0.237287 
vn -0.725771 0.669131 -0.159754 
vn -0.738788 0.669131 -0.0803481 
vn -0.743145 0.669131 1.54698e-16 
vn -0.738788 0.669131 0.0803481 
vn -0.725771 0.669131 0.159754 
vn -0.704244 0.669131 0.237287 
vn -0.67446 0.669131 0.312038 
vn -0.636769 0.669131 0.383131 
vn -0.591612 0.669131 0.449732 
vn -0.53952 0.669131 0.51106 
vn -0.481102 0.669131 0.566397 
vn -0.417043 0.669131 0.615093 
vn -0.348095 0.669131 0.656577 
vn -0.275066 0.669131 0.690364 
vn -0.198812 0.669131 0.716057 
vn -0.120227 0.669131 0.733355 
vn -0.040233 0.669131 0.742055 
vn 0.040233 0.669131 0.742055 
vn 0.120227 0.669131 0.733355 
vn 0.198812 0.669131 0.716057 
vn 0.275066 0.669131 0.690364 
vn 0.348095 0.669131 0.656577 
vn 0.417043 0.669131 0.615093 
vn 0.481102 0.669131 0.566397 
vn 0.53952 0.669131 0.51106 
vn 0.591612 0.669131 0.449732 
vn 0.636769 0.669131 0.383131 
vn 0.67446 0.669131 0.312038 
vn 0.704244 0.669131 0.237287 
vn 0.725771 0.669131 0.159754 
vn 0.738788 0.669131 0.0803481 
vn 0.669131 0.743145 0 
vn 0.665208 0.743145 -0.0723457 
vn 0.653487 0.743145 -0.143843 
vn 0.634104 0.743145 -0.213654 
vn 0.607286 0.743145 -0.280961 
vn 0.573349 0.743145 -0.344973 
vn 0.53269 0.743145 -0.404941 
vn 0.485786 0.743145 -0.460161 
vn 0.433186 0.743145 -0.509986 
vn 0.375507 0.743145 -0.553832 
vn 0.313426 0.743145 -0.591185 
vn 0.247671 0.743145 -0.621607 
vn 0.179011 0.743145 -0.644741 
vn 0.108253 0.743145 -0.660316 
vn 0.036226 0.743145 -0.668149 
vn -0.036226 0.743145 -0.668149 
vn -0.108253 0.743145 -0.660316 
vn -0.179011 0.743145 -0.644741 
vn -0.247671 0.743145 -0.621607 
vn -0.313426 0.743145 -0.591185 
vn -0.375507 0.743145 -0.553832 
vn -0.433186 0.743145 -0.509986 
vn -0.485786 0.743145 -0.460161 
vn -0.53269 0.743145 -0.404941 
vn -0.573349 0.743145 -0.344973 
vn -0.607286 0.743145 -0.280961 
vn -0.634104 0.743145 -0.213654 
vn -0.653487 0.743145 -0.143843 
vn -0.665208 0.743145 -0.0723457 
vn -0.669131 0.743145 1.39291e-16 
vn -0.665208 0.743145 0.0723457 
vn -0.653487 0.743145 0.143843 
vn -0.634104 0.743145 0.213654 
vn -0.607286 0.743145 0.280961 
vn -0.573349 0.743145 0.344973 
vn -0.53269 0.743145 0.404941 
vn -0.485786 0.743145 0.460161 
vn -0.433186 0.743145 0.509986 
vn -0.375507 0.743145 0.553832 
vn -0.313426 0.743145 0.591185 
vn -0.247671 0.743145 0.621607 
vn -0.179011 0.743145 0.644741 
vn -0.108253 0.743145 0.660316 
vn -0.036226 0.743145 0.668149 
vn 0.036226 0.743145 0.668149 
vn 0.108253 0.743145 0.660316 
vn 0.179011 0.743145 0.644741 
vn 0.247671 0.743145 0.621607 
vn 0.313426 0.743145 0.591185 
vn 0.375507 0.743145 0.553832 
vn 0.433186 0.743145 0.509986 
vn 0.485786 0.743145 0.460161 
vn 0.53269 0.743145 0.404941 
vn 0.573349 0.743145 0.344973 
vn 0.607286 0.743145 0.280961 
vn 0.634104 0.743145 0.213654 
vn 0.653487 0.743145 0.143843 
vn 0.665208 0.743145 0.0723457 
vn 0.587785 0.809017 0 
vn 0.58434 0.809017 -0.0635508 
vn 0.574043 0.809017 -0.126356 
vn 0.557017 0.809017 -0.187681 
vn 0.533459 0.809017 -0.246805 
vn 0.503648 0.809017 -0.303035 
vn 0.467932 0.809017 -0.355712 
vn 0.426729 0.809017 -0.40422 
vn 0.380524 0.809017 -0.447988 
vn 0.329857 0.809017 -0.486503 
vn 0.275324 0.809017 -0.519315 
vn 0.217562 0.809017 -0.546039 
vn 0.157249 0.809017 -0.56636 
vn 0.0950931 0.809017 -0.580042 
vn 0.0318221 0.809017 -0.586923 
vn -0.0318221 0.809017 -0.586923 
vn -0.0950931 0.809017 -0.580042 
vn -0.157249 0.809017 -0.56636 
vn -0.217562 0.809017 -0.546039 
vn -0.275324 0.809017 -0.519315 
vn -0.329857 0.809017 -0.486503 
vn -0.380524 0.809017 -0.447988 
vn -0.426729 0.809017 -0.40422 
vn -0.467932 0.809017 -0.355712 
vn -0.503648 0.809017 -0.303035 
vn -0.533459 0.809017 -0.246805 
vn -0.557017 0.809017 -0.187681 
vn -0.574043 0.809017 -0.126356 
vn -0.58434 0.809017 -0.0635508 
vn -0.587785 0.809017 1.22357e-16 
vn -0.58434 0.809017 0.0635508 
vn -0.574043 0.809017 0.126356 
vn -0.557017 0.809017 0.187681 
vn -0.533459 0.809017 0.246805 
vn -0.503648 0.809017 0.303035 
vn -0.467932 0.809017 0.355712 
vn -0.426729 0.809017 0.40422 
vn -0.380524 0.809017 0.447988 
vn -0.329857 0.809017 0.486503 
vn -0.275324 0.809017 0.519315 
vn -0.217562 0.809017 0.546039 
vn -0.157249 0.809017 0.56636 
vn -0.0950931 0.809017 0.580042 
vn -0.0318221 0.809017 0.586923 
vn 0.0318221 0.809017 0.586923 
vn 0.0950931 0.809017 0.580042 
vn 0.157249 0.809017 0.56636 
vn 0.217562 0.809017 0.546039 
vn 0.275324 0.809017 0.519315 
vn 0.329857 0.809017 0.486503 
vn 0.380524 0.809017 0.447988 
vn 0.426729 0.809017 0.40422 
vn 0.467932 0.809017 0.355712 
vn 0.503648 0.809017 0.303035 
vn 0.533459 0.809017 0.246805 
vn 0.557017 0.809017 0.187681 
vn 0.574043 0.809017 0.126356 
vn 0.58434 0.809017 0.0635508 
vn 0.5 0.866025 0 
vn 0.497069 0.866025 -0.0540595 
vn 0.48831 0.866025 -0.107485 
vn 0.473827 0.866025 -0.159651 
vn 0.453788 0.866025 -0.209945 
vn 0.428429 0.866025 -0.257777 
vn 0.398047 0.866025 -0.302587 
vn 0.362998 0.866025 -0.34385 
vn 0.323693 0.866025 -0.381081 
vn 0.280594 0.866025 -0.413844 
vn 0.234204 0.866025 -0.441756 
vn 0.185069 0.866025 -0.464488 
vn 0.133764 0.866025 -0.481775 
vn 0.080891 0.866025 -0.493413 
vn 0.0270695 0.866025 -0.499267 
vn -0.0270695 0.866025 -0.499267 
vn -0.080891 0.866025 -0.493413 
vn -0.133764 0.866025 -0.481775 
vn -0.185069 0.866025 -0.464488 
vn -0.234204 0.866025 -0.441756 
vn -0.280594 0.866025 -0.413844 
vn -0.323693 0.866025 -0.381081 
vn -0.362998 0.866025 -0.34385 
vn -0.398047 0.866025 -0.302587 
vn -0.428429 0.866025 -0.257777 
vn -0.453788 0.866025 -0.209945 
vn -0.473827 0.866025 -0.159651 
vn -0.48831 0.866025 -0.107485 
vn -0.497069 0.866025 -0.0540595 
vn -0.5 0.866025 1.04083e-16 
vn -0.497069 0.866025 0.0540595 
vn -0.48831 0.866025 0.107485 
vn -0.473827 0.866025 0.159651 
vn -0.453788 0.866025 0.209945 
vn -0.428429 0.866025 0.257777 
vn -0.398047 0.866025 0.302587 
vn -0.362998 0.866025 0.34385 
vn -0.323693 0.866025 0.381081 
vn -0.280594 0.866025 0.413844 
vn -0.234204 0.866025 0.441756 
vn -0.185069 0.866025 0.464488 
vn -0.133764 0.866025 0.481775 
vn -0.080891 0.866025 0.493413 
vn -0.0270695 0.866025 0.499267 
vn 0.0270695 0.866025 0.499267 
vn 0.080891 0.866025 0.493413 
vn 0.133764 0.866025 0.481775 
vn 0.185069 0.866025 0.464488 
vn 0.234204 0.866025 0.441756 
vn 0.280594 0.866025 0.413844 
vn 0.323693 0.866025 0.381081 
vn 0.362998 0.866025 0.34385 
vn 0.398047 0.866025 0.302587 
vn 0.428429 0.866025 0.257777 
vn 0.453788 0.866025 0.209945 
vn 0.473827 0.866025 0.159651 
vn 0.48831 0.866025 0.107485 
vn 0.497069 0.866025 0.0540595 
vn 0.406737 0.913545 0 
vn 0.404352 0.913545 -0.043976 
vn 0.397227 0.913545 -0.0874364 
vn 0.385445 0.913545 -0.129872 
vn 0.369144 0.913545 -0.170784 
vn 0.348515 0.913545 -0.209695 
vn 0.3238 0.913545 -0.246147 
vn 0.295289 0.913545 -0.279713 
vn 0.263316 0.913545 -0.309999 
vn 0.228255 0.913545 -0.336651 
vn 0.190519 0.913545 -0.359357 
vn 0.150549 0.913545 -0.377849 
vn 0.108814 0.913545 -0.391911 
vn 0.0658027 0.913545 -0.401379 
vn 0.0220203 0.913545 -0.40614 
vn -0.0220203 0.913545 -0.40614 
vn -0.0658027 0.913545 -0.401379 
vn -0.108814 0.913545 -0.391911 
vn -0.150549 0.913545 -0.377849 
vn -0.190519 0.913545 -0.359357 
vn -0.228255 0.913545 -0.336651 
vn -0.263316 0.913545 -0.309999 
vn -0.295289 0.913545 -0.279713 
vn -0.3238 0.913545 -0.246147 
vn -0.348515 0.913545 -0.209695 
vn -0.369144 0.913545 -0.170784 
vn -0.385445 0.913545 -0.129872 
vn -0.397227 0.913545 -0.0874364 
vn -0.404352 0.913545 -0.043976 
vn -0.406737 0.913545 8.46691e-17 
vn -0.404352 0.913545 0.043976 
vn -0.397227 0.913545 0.0874364 
vn -0.385445 0.913545 0.129872 
vn -0.369144 0.913545 0.170784 
vn -0.348515 0.913545 0.209695 
vn -0.3238 0.913545 0.246147 
vn -0.295289 0.913545 0.279713 
vn -0.263316 0.913545 0.309999 
vn -0.228255 0.913545 0.336651 
vn -0.190519 0.913545 0.359357 
vn -0.150549 0.913545 0.377849 
vn -0.108814 0.913545 0.391911 
vn -0.0658027 0.913545 0.401379 
vn -0.0220203 0.913545 0.40614 
vn 0.0220203 0.913545 0.40614 
vn 0.0658027 0.913545 0.401379 
vn 0.108814 0.913545 0.391911 
vn 0.150549 0.913545 0.377849 
vn 0.190519 0.913545 0.359357 
vn 0.228255 0.913545 0.336651 
vn 0.263316 0.913545 0.309999 
vn 0.295289 0.913545 0.279713 
vn 0.3238 0.913545 0.246147 
vn 0.348515 0.913545 0.209695 
vn 0.369144 0.913545 0.170784 
vn 0.385445 0.913545 0.129872 
vn 0.397227 0.913545 0.0874364 
vn 0.404352 0.913545 0.043976 
vn 0.309017 0.951057 0 
vn 0.307206 0.951057 -0.0334106 
vn 0.301792 0.951057 -0.0664295 
vn 0.292841 0.951057 -0.0986696 
vn 0.280456 0.951057 -0.129753 
vn 0.264783 0.951057 -0.159315 
vn 0.246006 0.951057 -0.187009 
vn 0.224345 0.951057 -0.212511 
vn 0.200053 0.951057 -0.235521 
vn 0.173416 0.951057 -0.25577 
vn 0.144746 0.951057 -0.27302 
vn 0.114379 0.951057 -0.28707 
vn 0.0826708 0.951057 -0.297753 
vn 0.0499934 0.951057 -0.304946 
vn 0.0167298 0.951057 -0.308564 
vn -0.0167298 0.951057 -0.308564 
vn -0.0499934 0.951057 -0.304946 
vn -0.0826708 0.951057 -0.297753 
vn -0.114379 0.951057 -0.28707 
vn -0.144746 0.951057 -0.27302 
vn -0.173416 0.951057 -0.25577 
vn -0.200053 0.951057 -0.235521 
vn -0.224345 0.951057 -0.212511 
vn -0.246006 0.951057 -0.187009 
vn -0.264783 0.951057 -0.159315 
vn -0.280456 0.951057 -0.129753 
vn -0.292841 0.951057 -0.0986696 
vn -0.301792 0.951057 -0.0664295 
vn -0.307206 0.951057 -0.0334106 
vn -0.309017 0.951057 6.43271e-17 
vn -0.307206 0.951057 0.0334106 
vn -0.301792 0.951057 0.0664295 
vn -0.292841 0.951057 0.0986696 
vn -0.280456 0.951057 0.129753 
vn -0.264783 0.951057 0.159315 
vn -0.246006 0.951057 0.187009 
vn -0.224345 0.951057 0.212511 
vn -0.200053 0.951057 0.235521 
vn -0.173416 0.951057 0.25577 
vn -0.144746 0.951057 0.27302 
vn -0.114379 0.951057 0.28707 
vn -0.0826708 0.951057 0.297753 
vn -0.0499934 0.951057 0.304946 
vn -0.0167298 0.951057 0.308564 
vn 0.0167298 0.951057 0.308564 
vn 0.0499934 0.951057 0.304946 
vn 0.0826708 0.951057 0.297753 
vn 0.114379 0.951057 0.28707 
vn 0.144746 0.951057 0.27302 
vn 0.173416 0.951057 0.25577 
vn 0.200053 0.951057 0.235521 
vn 0.224345 0.951057 0.212511 
vn 0.246006 0.951057 0.187009 
vn 0.264783 0.951057 0.159315 
vn 0.280456 0.951057 0.129753 
vn 0.292841 0.951057 0.0986696 
vn 0.301792 0.951057 0.0664295 
vn 0.307206 0.951057 0.0334106 
vn 0.207912 0.978148 0 
vn 0.206693 0.978148 -0.0224792 
vn 0.203051 0.978148 -0.0446949 
vn 0.197028 0.978148 -0.0663865 
vn 0.188696 0.978148 -0.0872999 
vn 0.178151 0.978148 -0.10719 
vn 0.165517 0.978148 -0.125823 
vn 0.150943 0.978148 -0.142981 
vn 0.134599 0.978148 -0.158462 
vn 0.116677 0.978148 -0.172086 
vn 0.0973876 0.978148 -0.183692 
vn 0.076956 0.978148 -0.193145 
vn 0.0556223 0.978148 -0.200333 
vn 0.0336364 0.978148 -0.205173 
vn 0.0112561 0.978148 -0.207607 
vn -0.0112561 0.978148 -0.207607 
vn -0.0336364 0.978148 -0.205173 
vn -0.0556223 0.978148 -0.200333 
vn -0.076956 0.978148 -0.193145 
vn -0.0973876 0.978148 -0.183692 
vn -0.116677 0.978148 -0.172086 
vn -0.134599 0.978148 -0.158462 
vn -0.150943 0.978148 -0.142981 
vn -0.165517 0.978148 -0.125823 
vn -0.178151 0.978148 -0.10719 
vn -0.188696 0.978148 -0.0872999 
vn -0.197028 0.978148 -0.0663865 
vn -0.203051 0.978148 -0.0446949 
vn -0.206693 0.978148 -0.0224792 
vn -0.207912 0.978148 4.32803e-17 
vn -0.206693 0.978148 0.0224792 
vn -0.203051 0.978148 0.0446949 
vn -0.197028 0.978148 0.0663865 
vn -0.188696 0.978148 0.0872999 
vn -0.178151 0.978148 0.10719 
vn -0.165517 0.978148 0.125823 
vn -0.150943 0.978148 0.142981 
vn -0.134599 0.978148 0.158462 
vn -0.116677 0.978148 0.172086 
vn -0.0973876 0.978148 0.183692 
vn -0.076956 0.978148 0.193145 
vn -0.0556223 0.978148 0.200333 
vn -0.0336364 0.978148 0.205173 
vn -0.0112561 0.978148 0.207607 
vn 0.0112561 0.978148 0.207607 
vn 0.0336364 0.978148 0.205173 
vn 0.0556223 0.978148 0.200333 
vn 0.076956 0.978148 0.193145 
vn 0.0973876 0.978148 0.183692 
vn 0.116677 0.978148 0.172086 
vn 0.134599 0.978148 0.158462 
vn 0.150943 0.978148 0.142981 
vn 0.165517 0.978148 0.125823 
vn 0.178151 0.978148 0.10719 
vn 0.188696 0.978148 0.0872999 
vn 0.197028 0.978148 0.0663865 
vn 0.203051 0.978148 0.0446949 
vn 0.206693 0.978148 0.0224792 
vn 0.104528 0.994522 0 
vn 0.103916 0.994522 -0.0113015 
vn 0.102085 0.994522 -0.0224705 
vn 0.0990567 0.994522 -0.0333761 
vn 0.0948675 0.994522 -0.0438904 
vn 0.089566 0.994522 -0.0538901 
vn 0.0832144 0.994522 -0.0632579 
vn 0.0758872 0.994522 -0.0718842 
vn 0.0676703 0.994522 -0.0796676 
vn 0.05866 0.994522 -0.0865171 
vn 0.048962 0.994522 -0.0923522 
vn 0.03869 0.994522 -0.0971045 
vn 0.0279643 0.994522 -0.100718 
vn 0.0169108 0.994522 -0.103151 
vn 0.00565906 0.994522 -0.104375 
vn -0.00565906 0.994522 -0.104375 
vn -0.0169108 0.994522 -0.103151 
vn -0.0279643 0.994522 -0.100718 
vn -0.03869 0.994522 -0.0971045 
vn -0.048962 0.994522 -0.0923522 
vn -0.05866 0.994522 -0.0865171 
vn -0.0676703 0.994522 -0.0796676 
vn -0.0758872 0.994522 -0.0718842 
vn -0.0832144 0.994522 -0.0632579 
vn -0.089566 0.994522 -0.0538901 
vn -0.0948675 0.994522 -0.0438904 
vn -0.0990567 0.994522 -0.0333761 
vn -0.102085 0.994522 -0.0224705 
vn -0.103916 0.994522 -0.0113015 
vn -0.104528 0.994522 2.17594e-17 
vn -0.103916 0.994522 0.0113015 
vn -0.102085 0.994522 0.0224705 
vn -0.0990567 0.994522 0.0333761 
vn -0.0948675 0.994522 0.0438904 
vn -0.089566 0.994522 0.0538901 
vn -0.0832144 0.994522 0.0632579 
vn -0.0758872 0.994522 0.0718842 
vn -0.0676703 0.994522 0.0796676 
vn -0.05866 0.994522 0.0865171 
vn -0.048962 0.994522 0.0923522 
vn -0.03869 0.994522 0.0971045 
vn -0.0279643 0.994522 0.100718 
vn -0.0169108 0.994522 0.103151 
vn -0.00565906 0.994522 0.104375 
vn 0.00565906 0.994522 0.104375 
vn 0.0169108 0.994522 0.103151 
vn 0.0279643 0.994522 0.100718 
vn 0.03869 0.994522 0.0971045 
vn 0.048962 0.994522 0.0923522 
vn 0.05866 0.994522 0.0865171 
vn 0.0676703 0.994522 0.0796676 
vn 0.0758872 0.994522 0.0718842 
vn 0.0832144 0.994522 0.0632579 
vn 0.089566 0.994522 0.0538901 
vn 0.0948675 0.994522 0.0438904 
vn 0.0990567 0.994522 0.0333761 
vn 0.102085 0.994522 0.0224705 
vn 0.103916 0.994522 0.0113015 
vn 6.12323e-17 1 0 
vn -1 0 0 
vn -0.994138 0 -0.108119 
vn -0.976621 0 -0.21497 
vn -0.947653 0 -0.319302 
vn -0.907575 0 -0.419889 
vn -0.856857 0 -0.515554 
vn -0.796093 0 -0.605174 
vn -0.725995 0 -0.687699 
vn -0.647386 0 -0.762162 
vn -0.561187 0 -0.827689 
vn -0.468408 0 -0.883512 
vn -0.370138 0 -0.928977 
vn -0.267528 0 -0.96355 
vn -0.161782 0 -0.986827 
vn -0.0541389 0 -0.998533 
vn 0.0541389 0 -0.998533 
vn 0.161782 0 -0.986827 
vn 0.267528 0 -0.96355 
vn 0.370138 0 -0.928977 
vn 0.468408 0 -0.883512 
vn 0.561187 0 -0.827689 
vn 0.647386 0 -0.762162 
vn 0.725995 0 -0.687699 
vn 0.796093 0 -0.605174 
vn 0.856857 0 -0.515554 
vn 0.907575 0 -0.419889 
vn 0.947653 0 -0.319302 
vn 0.976621 0 -0.21497 
vn 0.994138 0 -0.108119 
vn 1 0 -1.22465e-16 
vn 0.994138 0 0.108119 
vn 0.976621 0 0.21497 
vn 0.947653 0 0.319302 
vn 0.907575 0 0.419889 
vn 0.856857 0 0.515554 
vn 0.796093 0 0.605174 
vn 0.725995 0 0.687699 
vn 0.647386 0 0.762162 
vn 0.561187 0 0.827689 
vn 0.468408 0 0.883512 
vn 0.370138 0 0.928977 
vn 0.267528 0 0.96355 
vn 0.161782 0 0.986827 
vn 0.0541389 0 0.998533 
vn -0.0541389 0 0.998533 
vn -0.161782 0 0.986827 
vn -0.267528 0 0.96355 
vn -0.370138 0 0.928977 
vn -0.468408 0 0.883512 
vn -0.561187 0 0.827689 
vn -0.647386 0 0.762162 
vn -0.725995 0 0.687699 
vn -0.796093 0 0.605174 
vn -0.856857 0 0.515554 
vn -0.907575 0 0.419889 
vn -0.947653 0 0.319302 
vn -0.976621 0 0.21497 
vn -0.994138 0 0.108119 
vn 0 1 0 
vn -1.82691e-16 0.104528 0.994522 
vn -1.83697e-16 0 1 
vn 0.104528 0 0.994522 
vn 0.103956 0.104528 0.989074 
vn 0.207912 0 0.978148 
vn 0.206773 0.104528 0.972789 
vn 0.309017 0 0.951057 
vn 0.307324 0.104528 0.945847 
vn 0.406737 0 0.913545 
vn 0.404508 0.104528 0.908541 
vn 0.5 0 0.866025 
vn 0.497261 0.104528 0.861281 
vn 0.587785 0 0.809017 
vn 0.584565 0.104528 0.804585 
vn 0.669131 0 0.743145 
vn 0.665465 0.104528 0.739074 
vn 0.743145 0 0.669131 
vn 0.739074 0.104528 0.665465 
vn 0.809017 0 0.587785 
vn 0.804585 0.104528 0.584565 
vn 0.866025 0 0.5 
vn 0.861281 0.104528 0.497261 
vn 0.913545 0 0.406737 
vn 0.908541 0.104528 0.404508 
vn 0.951057 0 0.309017 
vn 0.945847 0.104528 0.307324 
vn 0.978148 0 0.207912 
vn 0.972789 0.104528 0.206773 
vn 0.994522 0 0.104528 
vn 0.989074 0.104528 0.103956 
vn 1 0 4.85723e-16 
vn -1.79683e-16 0.207912 0.978148 
vn 0.102244 0.207912 0.972789 
vn 0.203368 0.207912 0.956773 
vn 0.302264 0.207912 0.930274 
vn 0.397848 0.207912 0.893582 
vn 0.489074 0.207912 0.847101 
vn 0.574941 0.207912 0.791338 
vn 0.654508 0.207912 0.726905 
vn 0.726905 0.207912 0.654508 
vn 0.791338 0.207912 0.574941 
vn 0.847101 0.207912 0.489074 
vn 0.893582 0.207912 0.397848 
vn 0.930274 0.207912 0.302264 
vn 0.956773 0.207912 0.203368 
vn 0.972789 0.207912 0.102244 
vn 0.994522 0.104528 4.8344e-16 
vn -1.74706e-16 0.309017 0.951057 
vn 0.0994125 0.309017 0.945847 
vn 0.197736 0.309017 0.930274 
vn 0.293893 0.309017 0.904508 
vn 0.38683 0.309017 0.868833 
vn 0.475528 0.309017 0.823639 
vn 0.559017 0.309017 0.769421 
vn 0.636381 0.309017 0.706773 
vn 0.706773 0.309017 0.636381 
vn 0.769421 0.309017 0.559017 
vn 0.823639 0.309017 0.475528 
vn 0.868833 0.309017 0.38683 
vn 0.904508 0.309017 0.293893 
vn 0.930274 0.309017 0.197736 
vn 0.945847 0.309017 0.0994125 
vn 0.978148 0.207912 4.76598e-16 
vn -1.67816e-16 0.406737 0.913545 
vn 0.0954915 0.406737 0.908541 
vn 0.189937 0.406737 0.893582 
vn 0.282301 0.406737 0.868833 
vn 0.371572 0.406737 0.834565 
vn 0.456773 0.406737 0.791154 
vn 0.536969 0.406737 0.739074 
vn 0.611281 0.406737 0.678897 
vn 0.678897 0.406737 0.611281 
vn 0.739074 0.406737 0.536969 
vn 0.791154 0.406737 0.456773 
vn 0.834565 0.406737 0.371572 
vn 0.868833 0.406737 0.282301 
vn 0.893582 0.406737 0.189937 
vn 0.908541 0.406737 0.0954915 
vn 0.951057 0.309017 4.65211e-16 
vn -1.59086e-16 0.5 0.866025 
vn 0.0905243 0.5 0.861281 
vn 0.180057 0.5 0.847101 
vn 0.267617 0.5 0.823639 
vn 0.352244 0.5 0.791154 
vn 0.433013 0.5 0.75 
vn 0.509037 0.5 0.700629 
vn 0.579484 0.5 0.643582 
vn 0.643582 0.5 0.579484 
vn 0.700629 0.5 0.509037 
vn 0.75 0.5 0.433013 
vn 0.791154 0.5 0.352244 
vn 0.823639 0.5 0.267617 
vn 0.847101 0.5 0.180057 
vn 0.861281 0.5 0.0905243 
vn 0.913545 0.406737 4.49306e-16 
vn -1.48614e-16 0.587785 0.809017 
vn 0.0845653 0.587785 0.804585 
vn 0.168204 0.587785 0.791338 
vn 0.25 0.587785 0.769421 
vn 0.329057 0.587785 0.739074 
vn 0.404508 0.587785 0.700629 
vn 0.475528 0.587785 0.654508 
vn 0.541338 0.587785 0.601217 
vn 0.601217 0.587785 0.541338 
vn 0.654508 0.587785 0.475528 
vn 0.700629 0.587785 0.404508 
vn 0.739074 0.587785 0.329057 
vn 0.769421 0.587785 0.25 
vn 0.791338 0.587785 0.168204 
vn 0.804585 0.587785 0.0845653 
vn 0.866025 0.5 4.28921e-16 
vn -1.36513e-16 0.669131 0.743145 
vn 0.0776798 0.669131 0.739074 
vn 0.154508 0.669131 0.726905 
vn 0.229644 0.669131 0.706773 
vn 0.302264 0.669131 0.678897 
vn 0.371572 0.669131 0.643582 
vn 0.43681 0.669131 0.601217 
vn 0.497261 0.669131 0.552264 
vn 0.552264 0.669131 0.497261 
vn 0.601217 0.669131 0.43681 
vn 0.643582 0.669131 0.371572 
vn 0.678897 0.669131 0.302264 
vn 0.706773 0.669131 0.229644 
vn 0.726905 0.669131 0.154508 
vn 0.739074 0.669131 0.0776798 
vn 0.809017 0.587785 4.04105e-16 
vn -1.22917e-16 0.743145 0.669131 
vn 0.0699432 0.743145 0.665465 
vn 0.13912 0.743145 0.654508 
vn 0.206773 0.743145 0.636381 
vn 0.27216 0.743145 0.611281 
vn 0.334565 0.743145 0.579484 
vn 0.393305 0.743145 0.541338 
vn 0.447736 0.743145 0.497261 
vn 0.497261 0.743145 0.447736 
vn 0.541338 0.743145 0.393305 
vn 0.579484 0.743145 0.334565 
vn 0.611281 0.743145 0.27216 
vn 0.636381 0.743145 0.206773 
vn 0.654508 0.743145 0.13912 
vn 0.665465 0.743145 0.0699432 
vn 0.743145 0.669131 3.74924e-16 
vn -1.07974e-16 0.809017 0.587785 
vn 0.0614403 0.809017 0.584565 
vn 0.122207 0.809017 0.574941 
vn 0.181636 0.809017 0.559017 
vn 0.239074 0.809017 0.536969 
vn 0.293893 0.809017 0.509037 
vn 0.345492 0.809017 0.475528 
vn 0.393305 0.809017 0.43681 
vn 0.43681 0.809017 0.393305 
vn 0.475528 0.809017 0.345492 
vn 0.509037 0.809017 0.293893 
vn 0.536969 0.809017 0.239074 
vn 0.559017 0.809017 0.181636 
vn 0.574941 0.809017 0.122207 
vn 0.584565 0.809017 0.0614403 
vn 0.669131 0.743145 9.28605e-17 
vn -9.18485e-17 0.866025 0.5 
vn 0.0522642 0.866025 0.497261 
vn 0.103956 0.866025 0.489074 
vn 0.154508 0.866025 0.475528 
vn 0.203368 0.866025 0.456773 
vn 0.25 0.866025 0.433013 
vn 0.293893 0.866025 0.404508 
vn 0.334565 0.866025 0.371572 
vn 0.371572 0.866025 0.334565 
vn 0.404508 0.866025 0.293893 
vn 0.433013 0.866025 0.25 
vn 0.456773 0.866025 0.203368 
vn 0.475528 0.866025 0.154508 
vn 0.489074 0.866025 0.103956 
vn 0.497261 0.866025 0.0522642 
vn 0.587785 0.809017 8.15716e-17 
vn -7.47163e-17 0.913545 0.406737 
vn 0.0425156 0.913545 0.404508 
vn 0.0845653 0.913545 0.397848 
vn 0.125689 0.913545 0.38683 
vn 0.165435 0.913545 0.371572 
vn 0.203368 0.913545 0.352244 
vn 0.239074 0.913545 0.329057 
vn 0.27216 0.913545 0.302264 
vn 0.302264 0.913545 0.27216 
vn 0.329057 0.913545 0.239074 
vn 0.352244 0.913545 0.203368 
vn 0.371572 0.913545 0.165435 
vn 0.38683 0.913545 0.125689 
vn 0.397848 0.913545 0.0845653 
vn 0.404508 0.913545 0.0425156 
vn 0.5 0.866025 6.93889e-17 
vn -5.67655e-17 0.951057 0.309017 
vn 0.0323011 0.951057 0.307324 
vn 0.0642482 0.951057 0.302264 
vn 0.0954915 0.951057 0.293893 
vn 0.125689 0.951057 0.282301 
vn 0.154508 0.951057 0.267617 
vn 0.181636 0.951057 0.25 
vn 0.206773 0.951057 0.229644 
vn 0.229644 0.951057 0.206773 
vn 0.25 0.951057 0.181636 
vn 0.267617 0.951057 0.154508 
vn 0.282301 0.951057 0.125689 
vn 0.293893 0.951057 0.0954915 
vn 0.302264 0.951057 0.0642482 
vn 0.307324 0.951057 0.0323011 
vn 0.406737 0.913545 5.6446e-17 
vn -3.81928e-17 0.978148 0.207912 
vn 0.0217327 0.978148 0.206773 
vn 0.0432273 0.978148 0.203368 
vn 0.0642482 0.978148 0.197736 
vn 0.0845653 0.978148 0.189937 
vn 0.103956 0.978148 0.180057 
vn 0.122207 0.978148 0.168204 
vn 0.13912 0.978148 0.154508 
vn 0.154508 0.978148 0.13912 
vn 0.168204 0.978148 0.122207 
vn 0.180057 0.978148 0.103956 
vn 0.189937 0.978148 0.0845653 
vn 0.197736 0.978148 0.0642482 
vn 0.203368 0.978148 0.0432273 
vn 0.206773 0.978148 0.0217327 
vn 0.309017 0.951057 4.28847e-17 
vn -1.92016e-17 0.994522 0.104528 
vn 0.0109262 0.994522 0.103956 
vn 0.0217327 0.994522 0.102244 
vn 0.0323011 0.994522 0.0994125 
vn 0.0425156 0.994522 0.0954915 
vn 0.0522642 0.994522 0.0905243 
vn 0.0614403 0.994522 0.0845653 
vn 0.0699432 0.994522 0.0776798 
vn 0.0776798 0.994522 0.0699432 
vn 0.0845653 0.994522 0.0614403 
vn 0.0905243 0.994522 0.0522642 
vn 0.0954915 0.994522 0.0425156 
vn 0.0994125 0.994522 0.0323011 
vn 0.102244 0.994522 0.0217327 
vn 0.103956 0.994522 0.0109262 
vn 0.207912 0.978148 2.88535e-17 
vn -1.74404e-31 1 9.49411e-16 
vn 0.104528 0.994522 1.45062e-17 
vn 1 0 1.75225e-16 
vn 0.994522 0.104528 1.74265e-16 
vn 0.978148 0.207912 1.71396e-16 
vn 0.951057 0.309017 1.66648e-16 
vn 0.913545 0.406737 1.60076e-16 
vn 0.866025 0.5 1.51749e-16 
vn 0.809017 0.587785 1.4176e-16 
vn 0.743145 0.669131 1.30217e-16 
vn 0.669131 0.743145 1.17248e-16 
vn 0.587785 0.809017 1.02994e-16 
vn 0.5 0.866025 8.76123e-17 
vn 0.406737 0.913545 7.12703e-17 
vn 0.309017 0.951057 5.41474e-17 
vn 0.207912 0.978148 3.64312e-17 
vn 0.104528 0.994522 1.8316e-17 
vn 6.12323e-17 1 1.07294e-32 
vn 0 -1.83697e-16 1 
vn 0 0.104528 0.994522 
vn 0 0.207912 0.978148 
vn 0 0.309017 0.951057 
vn 0 0.406737 0.913545 
vn 0 0.5 0.866025 
vn 0 0.587785 0.809017 
vn 0 0.669131 0.743145 
vn 0 0.743145 0.669131 
vn 0 0.809017 0.587785 
vn 0 0.866025 0.5 
vn 0 0.913545 0.406737 
vn 0 0.951057 0.309017 
vn 0 0.978148 0.207912 
vn 0 0.994522 0.104528 
vn 0 1 2.44929e-16 
vn -1.83697e-16 0 1 
vn 0.104528 0 0.994522 
vn 0.207912 0 0.978148 
vn 0.309017 0 0.951057 
vn 0.406737 0 0.913545 
vn 0.5 0 0.866025 
vn 0.587785 0 0.809017 
vn 0.669131 0 0.743145 
vn 0.743145 0 0.669131 
vn 0.809017 0 0.587785 
vn 0.866025 0 0.5 
vn 0.913545 0 0.406737 
vn 0.951057 0 0.309017 
vn 0.978148 0 0.207912 
vn 0.994522 0 0.104528 
vn 1 0 2.44929e-16 
vn 0.994522 0.104528 0 
vn 0.994522 0 -0.104528 
vn 0.989074 0.104528 -0.103956 
vn 0.978148 0 -0.207912 
vn 0.972789 0.104528 -0.206773 
vn 0.951057 0 -0.309017 
vn 0.945847 0.104528 -0.307324 
vn 0.913545 0 -0.406737 
vn 0.908541 0.104528 -0.404508 
vn 0.866025 0 -0.5 
vn 0.861281 0.104528 -0.497261 
vn 0.809017 0 -0.587785 
vn 0.804585 0.104528 -0.584565 
vn 0.743145 0 -0.669131 
vn 0.739074 0.104528 -0.665465 
vn 0.669131 0 -0.743145 
vn 0.665465 0.104528 -0.739074 
vn 0.587785 0 -0.809017 
vn 0.584565 0.104528 -0.804585 
vn 0.5 0 -0.866025 
vn 0.497261 0.104528 -0.861281 
vn 0.406737 0 -0.913545 
vn 0.404508 0.104528 -0.908541 
vn 0.309017 0 -0.951057 
vn 0.307324 0.104528 -0.945847 
vn 0.207912 0 -0.978148 
vn 0.206773 0.104528 -0.972789 
vn 0.104528 0 -0.994522 
vn 0.103956 0.104528 -0.989074 
vn 1.38778e-16 0 -1 
vn 0.978148 0.207912 0 
vn 0.972789 0.207912 -0.102244 
vn 0.956773 0.207912 -0.203368 
vn 0.930274 0.207912 -0.302264 
vn 0.893582 0.207912 -0.397848 
vn 0.847101 0.207912 -0.489074 
vn 0.791338 0.207912 -0.574941 
vn 0.726905 0.207912 -0.654508 
vn 0.654508 0.207912 -0.726905 
vn 0.574941 0.207912 -0.791338 
vn 0.489074 0.207912 -0.847101 
vn 0.397848 0.207912 -0.893582 
vn 0.302264 0.207912 -0.930274 
vn 0.203368 0.207912 -0.956773 
vn 0.102244 0.207912 -0.972789 
vn 1.38018e-16 0.104528 -0.994522 
vn 0.951057 0.309017 0 
vn 0.945847 0.309017 -0.0994125 
vn 0.930274 0.309017 -0.197736 
vn 0.904508 0.309017 -0.293893 
vn 0.868833 0.309017 -0.38683 
vn 0.823639 0.309017 -0.475528 
vn 0.769421 0.309017 -0.559017 
vn 0.706773 0.309017 -0.636381 
vn 0.636381 0.309017 -0.706773 
vn 0.559017 0.309017 -0.769421 
vn 0.475528 0.309017 -0.823639 
vn 0.38683 0.309017 -0.868833 
vn 0.293893 0.309017 -0.904508 
vn 0.197736 0.309017 -0.930274 
vn 0.0994125 0.309017 -0.945847 
vn 1.35745e-16 0.207912 -0.978148 
vn 0.913545 0.406737 0 
vn 0.908541 0.406737 -0.0954915 
vn 0.893582 0.406737 -0.189937 
vn 0.868833 0.406737 -0.282301 
vn 0.834565 0.406737 -0.371572 
vn 0.791154 0.406737 -0.456773 
vn 0.739074 0.406737 -0.536969 
vn 0.678897 0.406737 -0.611281 
vn 0.611281 0.406737 -0.678897 
vn 0.536969 0.406737 -0.739074 
vn 0.456773 0.406737 -0.791154 
vn 0.371572 0.406737 -0.834565 
vn 0.282301 0.406737 -0.868833 
vn 0.189937 0.406737 -0.893582 
vn 0.0954915 0.406737 -0.908541 
vn 1.31986e-16 0.309017 -0.951057 
vn 0.866025 0.5 0 
vn 0.861281 0.5 -0.0905243 
vn 0.847101 0.5 -0.180057 
vn 0.823639 0.5 -0.267617 
vn 0.791154 0.5 -0.352244 
vn 0.75 0.5 -0.433013 
vn 0.700629 0.5 -0.509037 
vn 0.643582 0.5 -0.579484 
vn 0.579484 0.5 -0.643582 
vn 0.509037 0.5 -0.700629 
vn 0.433013 0.5 -0.75 
vn 0.352244 0.5 -0.791154 
vn 0.267617 0.5 -0.823639 
vn 0.180057 0.5 -0.847101 
vn 0.0905243 0.5 -0.861281 
vn 1.2678e-16 0.406737 -0.913545 
vn 0.809017 0.587785 0 
vn 0.804585 0.587785 -0.0845653 
vn 0.791338 0.587785 -0.168204 
vn 0.769421 0.587785 -0.25 
vn 0.739074 0.587785 -0.329057 
vn 0.700629 0.587785 -0.404508 
vn 0.654508 0.587785 -0.475528 
vn 0.601217 0.587785 -0.541338 
vn 0.541338 0.587785 -0.601217 
vn 0.475528 0.587785 -0.654508 
vn 0.404508 0.587785 -0.700629 
vn 0.329057 0.587785 -0.739074 
vn 0.25 0.587785 -0.769421 
vn 0.168204 0.587785 -0.791338 
vn 0.0845653 0.587785 -0.804585 
vn 1.20185e-16 0.5 -0.866025 
vn 0.743145 0.669131 0 
vn 0.739074 0.669131 -0.0776798 
vn 0.726905 0.669131 -0.154508 
vn 0.706773 0.669131 -0.229644 
vn 0.678897 0.669131 -0.302264 
vn 0.643582 0.669131 -0.371572 
vn 0.601217 0.669131 -0.43681 
vn 0.552264 0.669131 -0.497261 
vn 0.497261 0.669131 -0.552264 
vn 0.43681 0.669131 -0.601217 
vn 0.371572 0.669131 -0.643582 
vn 0.302264 0.669131 -0.678897 
vn 0.229644 0.669131 -0.706773 
vn 0.154508 0.669131 -0.726905 
vn 0.0776798 0.669131 -0.739074 
vn 1.12274e-16 0.587785 -0.809017 
vn 0.669131 0.743145 0 
vn 0.665465 0.743145 -0.0699432 
vn 0.654508 0.743145 -0.13912 
vn 0.636381 0.743145 -0.206773 
vn 0.611281 0.743145 -0.27216 
vn 0.579484 0.743145 -0.334565 
vn 0.541338 0.743145 -0.393305 
vn 0.497261 0.743145 -0.447736 
vn 0.447736 0.743145 -0.497261 
vn 0.393305 0.743145 -0.541338 
vn 0.334565 0.743145 -0.579484 
vn 0.27216 0.743145 -0.611281 
vn 0.206773 0.743145 -0.636381 
vn 0.13912 0.743145 -0.654508 
vn 0.0699432 0.743145 -0.665465 
vn 1.03132e-16 0.669131 -0.743145 
vn 0.587785 0.809017 0 
vn 0.584565 0.809017 -0.0614403 
vn 0.574941 0.809017 -0.122207 
vn 0.559017 0.809017 -0.181636 
vn 0.536969 0.809017 -0.239074 
vn 0.509037 0.809017 -0.293893 
vn 0.475528 0.809017 -0.345492 
vn 0.43681 0.809017 -0.393305 
vn 0.393305 0.809017 -0.43681 
vn 0.345492 0.809017 -0.475528 
vn 0.293893 0.809017 -0.509037 
vn 0.239074 0.809017 -0.536969 
vn 0.181636 0.809017 -0.559017 
vn 0.122207 0.809017 -0.574941 
vn 0.0614403 0.809017 -0.584565 
vn 9.28605e-17 0.743145 -0.669131 
vn 0.5 0.866025 0 
vn 0.497261 0.866025 -0.0522642 
vn 0.489074 0.866025 -0.103956 
vn 0.475528 0.866025 -0.154508 
vn 0.456773 0.866025 -0.203368 
vn 0.433013 0.866025 -0.25 
vn 0.404508 0.866025 -0.293893 
vn 0.371572 0.866025 -0.334565 
vn 0.334565 0.866025 -0.371572 
vn 0.293893 0.866025 -0.404508 
vn 0.25 0.866025 -0.433013 
vn 0.203368 0.866025 -0.456773 
vn 0.154508 0.866025 -0.475528 
vn 0.103956 0.866025 -0.489074 
vn 0.0522642 0.866025 -0.497261 
vn 8.15716e-17 0.809017 -0.587785 
vn 0.406737 0.913545 0 
vn 0.404508 0.913545 -0.0425156 
vn 0.397848 0.913545 -0.0845653 
vn 0.38683 0.913545 -0.125689 
vn 0.371572 0.913545 -0.165435 
vn 0.352244 0.913545 -0.203368 
vn 0.329057 0.913545 -0.239074 
vn 0.302264 0.913545 -0.27216 
vn 0.27216 0.913545 -0.302264 
vn 0.239074 0.913545 -0.329057 
vn 0.203368 0.913545 -0.352244 
vn 0.165435 0.913545 -0.371572 
vn 0.125689 0.913545 -0.38683 
vn 0.0845653 0.913545 -0.397848 
vn 0.0425156 0.913545 -0.404508 
vn 6.93889e-17 0.866025 -0.5 
vn 0.309017 0.951057 0 
vn 0.307324 0.951057 -0.0323011 
vn 0.302264 0.951057 -0.0642482 
vn 0.293893 0.951057 -0.0954915 
vn 0.282301 0.951057 -0.125689 
vn 0.267617 0.951057 -0.154508 
vn 0.25 0.951057 -0.181636 
vn 0.229644 0.951057 -0.206773 
vn 0.206773 0.951057 -0.229644 
vn 0.181636 0.951057 -0.25 
vn 0.154508 0.951057 -0.267617 
vn 0.125689 0.951057 -0.282301 
vn 0.0954915 0.951057 -0.293893 
vn 0.0642482 0.951057 -0.302264 
vn 0.0323011 0.951057 -0.307324 
vn 5.6446e-17 0.913545 -0.406737 
vn 0.207912 0.978148 0 
vn 0.206773 0.978148 -0.0217327 
vn 0.203368 0.978148 -0.0432273 
vn 0.197736 0.978148 -0.0642482 
vn 0.189937 0.978148 -0.0845653 
vn 0.180057 0.978148 -0.103956 
vn 0.168204 0.978148 -0.122207 
vn 0.154508 0.978148 -0.13912 
vn 0.13912 0.978148 -0.154508 
vn 0.122207 0.978148 -0.168204 
vn 0.103956 0.978148 -0.180057 
vn 0.0845653 0.978148 -0.189937 
vn 0.0642482 0.978148 -0.197736 
vn 0.0432273 0.978148 -0.203368 
vn 0.0217327 0.978148 -0.206773 
vn 4.28847e-17 0.951057 -0.309017 
vn 0.104528 0.994522 0 
vn 0.103956 0.994522 -0.0109262 
vn 0.102244 0.994522 -0.0217327 
vn 0.0994125 0.994522 -0.0323011 
vn 0.0954915 0.994522 -0.0425156 
vn 0.0905243 0.994522 -0.0522642 
vn 0.0845653 0.994522 -0.0614403 
vn 0.0776798 0.994522 -0.0699432 
vn 0.0699432 0.994522 -0.0776798 
vn 0.0614403 0.994522 -0.0845653 
vn 0.0522642 0.994522 -0.0905243 
vn 0.0425156 0.994522 -0.0954915 
vn 0.0323011 0.994522 -0.0994125 
vn 0.0217327 0.994522 -0.102244 
vn 0.0109262 0.994522 -0.103956 
vn 2.88535e-17 0.978148 -0.207912 
vn 9.49411e-16 1 0 
vn 1.45062e-17 0.994522 -0.104528 
vn -6.12323e-17 0 -1 
vn 0.104528 0 -0.994522 
vn 0.207912 0 -0.978148 
vn 0.309017 0 -0.951057 
vn 0.406737 0 -0.913545 
vn 0.5 0 -0.866025 
vn 0.587785 0 -0.809017 
vn 0.669131 0 -0.743145 
vn 0.743145 0 -0.669131 
vn 0.809017 0 -0.587785 
vn 0.866025 0 -0.5 
vn 0.913545 0 -0.406737 
vn 0.951057 0 -0.309017 
vn 0.978148 0 -0.207912 
vn 0.994522 0 -0.104528 
vn 1 0 -1.22465e-16 
vn 0 -6.12323e-17 -1 
vn 0 0.104528 -0.994522 
vn 0 0.207912 -0.978148 
vn 0 0.309017 -0.951057 
vn 0 0.406737 -0.913545 
vn 0 0.5 -0.866025 
vn 0 0.587785 -0.809017 
vn 0 0.669131 -0.743145 
vn 0 0.743145 -0.669131 
vn 0 0.809017 -0.587785 
vn 0 0.866025 -0.5 
vn 0 0.913545 -0.406737 
vn 0 0.951057 -0.309017 
vn 0 0.978148 -0.207912 
vn 0 0.994522 -0.104528 
vn 0 1 -1.22465e-16 
vn 0 0 -1 
vn 6.08969e-17 0.104528 -0.994522 
vn -0.104528 0 -0.994522 
vn -0.103956 0.104528 -0.989074 
vn -0.207912 0 -0.978148 
vn -0.206773 0.104528 -0.972789 
vn -0.309017 0 -0.951057 
vn -0.307324 0.104528 -0.945847 
vn -0.406737 0 -0.913545 
vn -0.404508 0.104528 -0.908541 
vn -0.5 0 -0.866025 
vn -0.497261 0.104528 -0.861281 
vn -0.587785 0 -0.809017 
vn -0.584565 0.104528 -0.804585 
vn -0.669131 0 -0.743145 
vn -0.665465 0.104528 -0.739074 
vn -0.743145 0 -0.669131 
vn -0.739074 0.104528 -0.665465 
vn -0.809017 0 -0.587785 
vn -0.804585 0.104528 -0.584565 
vn -0.866025 0 -0.5 
vn -0.861281 0.104528 -0.497261 
vn -0.913545 0 -0.406737 
vn -0.908541 0.104528 -0.404508 
vn -0.951057 0 -0.309017 
vn -0.945847 0.104528 -0.307324 
vn -0.978148 0 -0.207912 
vn -0.972789 0.104528 -0.206773 
vn -0.994522 0 -0.104528 
vn -0.989074 0.104528 -0.103956 
vn -1 0 -1.38778e-16 
vn 5.98943e-17 0.207912 -0.978148 
vn -0.102244 0.207912 -0.972789 
vn -0.203368 0.207912 -0.956773 
vn -0.302264 0.207912 -0.930274 
vn -0.397848 0.207912 -0.893582 
vn -0.489074 0.207912 -0.847101 
vn -0.574941 0.207912 -0.791338 
vn -0.654508 0.207912 -0.726905 
vn -0.726905 0.207912 -0.654508 
vn -0.791338 0.207912 -0.574941 
vn -0.847101 0.207912 -0.489074 
vn -0.893582 0.207912 -0.397848 
vn -0.930274 0.207912 -0.302264 
vn -0.956773 0.207912 -0.203368 
vn -0.972789 0.207912 -0.102244 
vn -0.994522 0.104528 -1.38018e-16 
vn 5.82354e-17 0.309017 -0.951057 
vn -0.0994125 0.309017 -0.945847 
vn -0.197736 0.309017 -0.930274 
vn -0.293893 0.309017 -0.904508 
vn -0.38683 0.309017 -0.868833 
vn -0.475528 0.309017 -0.823639 
vn -0.559017 0.309017 -0.769421 
vn -0.636381 0.309017 -0.706773 
vn -0.706773 0.309017 -0.636381 
vn -0.769421 0.309017 -0.559017 
vn -0.823639 0.309017 -0.475528 
vn -0.868833 0.309017 -0.38683 
vn -0.904508 0.309017 -0.293893 
vn -0.930274 0.309017 -0.197736 
vn -0.945847 0.309017 -0.0994125 
vn -0.978148 0.207912 -1.35745e-16 
vn 5.59385e-17 0.406737 -0.913545 
vn -0.0954915 0.406737 -0.908541 
vn -0.189937 0.406737 -0.893582 
vn -0.282301 0.406737 -0.868833 
vn -0.371572 0.406737 -0.834565 
vn -0.456773 0.406737 -0.791154 
vn -0.536969 0.406737 -0.739074 
vn -0.611281 0.406737 -0.678897 
vn -0.678897 0.406737 -0.611281 
vn -0.739074 0.406737 -0.536969 
vn -0.791154 0.406737 -0.456773 
vn -0.834565 0.406737 -0.371572 
vn -0.868833 0.406737 -0.282301 
vn -0.893582 0.406737 -0.189937 
vn -0.908541 0.406737 -0.0954915 
vn -0.951057 0.309017 -1.31986e-16 
vn 5.30288e-17 0.5 -0.866025 
vn -0.0905243 0.5 -0.861281 
vn -0.180057 0.5 -0.847101 
vn -0.267617 0.5 -0.823639 
vn -0.352244 0.5 -0.791154 
vn -0.433013 0.5 -0.75 
vn -0.509037 0.5 -0.700629 
vn -0.579484 0.5 -0.643582 
vn -0.643582 0.5 -0.579484 
vn -0.700629 0.5 -0.509037 
vn -0.75 0.5 -0.433013 
vn -0.791154 0.5 -0.352244 
vn -0.823639 0.5 -0.267617 
vn -0.847101 0.5 -0.180057 
vn -0.861281 0.5 -0.0905243 
vn -0.913545 0.406737 -1.2678e-16 
vn 4.9538e-17 0.587785 -0.809017 
vn -0.0845653 0.587785 -0.804585 
vn -0.168204 0.587785 -0.791338 
vn -0.25 0.587785 -0.769421 
vn -0.329057 0.587785 -0.739074 
vn -0.404508 0.587785 -0.700629 
vn -0.475528 0.587785 -0.654508 
vn -0.541338 0.587785 -0.601217 
vn -0.601217 0.587785 -0.541338 
vn -0.654508 0.587785 -0.475528 
vn -0.700629 0.587785 -0.404508 
vn -0.739074 0.587785 -0.329057 
vn -0.769421 0.587785 -0.25 
vn -0.791338 0.587785 -0.168204 
vn -0.804585 0.587785 -0.0845653 
vn -0.866025 0.5 -1.20185e-16 
vn 4.55045e-17 0.669131 -0.743145 
vn -0.0776798 0.669131 -0.739074 
vn -0.154508 0.669131 -0.726905 
vn -0.229644 0.669131 -0.706773 
vn -0.302264 0.669131 -0.678897 
vn -0.371572 0.669131 -0.643582 
vn -0.43681 0.669131 -0.601217 
vn -0.497261 0.669131 -0.552264 
vn -0.552264 0.669131 -0.497261 
vn -0.601217 0.669131 -0.43681 
vn -0.643582 0.669131 -0.371572 
vn -0.678897 0.669131 -0.302264 
vn -0.706773 0.669131 -0.229644 
vn -0.726905 0.669131 -0.154508 
vn -0.739074 0.669131 -0.0776798 
vn -0.809017 0.587785 -1.12274e-16 
vn 4.09724e-17 0.743145 -0.669131 
vn -0.0699432 0.743145 -0.665465 
vn -0.13912 0.743145 -0.654508 
vn -0.206773 0.743145 -0.636381 
vn -0.27216 0.743145 -0.611281 
vn -0.334565 0.743145 -0.579484 
vn -0.393305 0.743145 -0.541338 
vn -0.447736 0.743145 -0.497261 
vn -0.497261 0.743145 -0.447736 
vn -0.541338 0.743145 -0.393305 
vn -0.579484 0.743145 -0.334565 
vn -0.611281 0.743145 -0.27216 
vn -0.636381 0.743145 -0.206773 
vn -0.654508 0.743145 -0.13912 
vn -0.665465 0.743145 -0.0699432 
vn -0.743145 0.669131 -1.03132e-16 
vn 3.59915e-17 0.809017 -0.587785 
vn -0.0614403 0.809017 -0.584565 
vn -0.122207 0.809017 -0.574941 
vn -0.181636 0.809017 -0.559017 
vn -0.239074 0.809017 -0.536969 
vn -0.293893 0.809017 -0.509037 
vn -0.345492 0.809017 -0.475528 
vn -0.393305 0.809017 -0.43681 
vn -0.43681 0.809017 -0.393305 
vn -0.475528 0.809017 -0.345492 
vn -0.509037 0.809017 -0.293893 
vn -0.536969 0.809017 -0.239074 
vn -0.559017 0.809017 -0.181636 
vn -0.574941 0.809017 -0.122207 
vn -0.584565 0.809017 -0.0614403 
vn -0.669131 0.743145 -9.28605e-17 
vn 3.06162e-17 0.866025 -0.5 
vn -0.0522642 0.866025 -0.497261 
vn -0.103956 0.866025 -0.489074 
vn -0.154508 0.866025 -0.475528 
vn -0.203368 0.866025 -0.456773 
vn -0.25 0.866025 -0.433013 
vn -0.293893 0.866025 -0.404508 
vn -0.334565 0.866025 -0.371572 
vn -0.371572 0.866025 -0.334565 
vn -0.404508 0.866025 -0.293893 
vn -0.433013 0.866025 -0.25 
vn -0.456773 0.866025 -0.203368 
vn -0.475528 0.866025 -0.154508 
vn -0.489074 0.866025 -0.103956 
vn -0.497261 0.866025 -0.0522642 
vn -0.587785 0.809017 -8.15716e-17 
vn 2.49054e-17 0.913545 -0.406737 
vn -0.0425156 0.913545 -0.404508 
vn -0.0845653 0.913545 -0.397848 
vn -0.125689 0.913545 -0.38683 
vn -0.165435 0.913545 -0.371572 
vn -0.203368 0.913545 -0.352244 
vn -0.239074 0.913545 -0.329057 
vn -0.27216 0.913545 -0.302264 
vn -0.302264 0.913545 -0.27216 
vn -0.329057 0.913545 -0.239074 
vn -0.352244 0.913545 -0.203368 
vn -0.371572 0.913545 -0.165435 
vn -0.38683 0.913545 -0.125689 
vn -0.397848 0.913545 -0.0845653 
vn -0.404508 0.913545 -0.0425156 
vn -0.5 0.866025 -6.93889e-17 
vn 1.89218e-17 0.951057 -0.309017 
vn -0.0323011 0.951057 -0.307324 
vn -0.0642482 0.951057 -0.302264 
vn -0.0954915 0.951057 -0.293893 
vn -0.125689 0.951057 -0.282301 
vn -0.154508 0.951057 -0.267617 
vn -0.181636 0.951057 -0.25 
vn -0.206773 0.951057 -0.229644 
vn -0.229644 0.951057 -0.206773 
vn -0.25 0.951057 -0.181636 
vn -0.267617 0.951057 -0.154508 
vn -0.282301 0.951057 -0.125689 
vn -0.293893 0.951057 -0.0954915 
vn -0.302264 0.951057 -0.0642482 
vn -0.307324 0.951057 -0.0323011 
vn -0.406737 0.913545 -5.6446e-17 
vn 1.27309e-17 0.978148 -0.207912 
vn -0.0217327 0.978148 -0.206773 
vn -0.0432273 0.978148 -0.203368 
vn -0.0642482 0.978148 -0.197736 
vn -0.0845653 0.978148 -0.189937 
vn -0.103956 0.978148 -0.180057 
vn -0.122207 0.978148 -0.168204 
vn -0.13912 0.978148 -0.154508 
vn -0.154508 0.978148 -0.13912 
vn -0.168204 0.978148 -0.122207 
vn -0.180057 0.978148 -0.103956 
vn -0.189937 0.978148 -0.0845653 
vn -0.197736 0.978148 -0.0642482 
vn -0.203368 0.978148 -0.0432273 
vn -0.206773 0.978148 -0.0217327 
vn -0.309017 0.951057 -4.28847e-17 
vn 6.40052e-18 0.994522 -0.104528 
vn -0.0109262 0.994522 -0.103956 
vn -0.0217327 0.994522 -0.102244 
vn -0.0323011 0.994522 -0.0994125 
vn -0.0425156 0.994522 -0.0954915 
vn -0.0522642 0.994522 -0.0905243 
vn -0.0614403 0.994522 -0.0845653 
vn -0.0699432 0.994522 -0.0776798 
vn -0.0776798 0.994522 -0.0699432 
vn -0.0845653 0.994522 -0.0614403 
vn -0.0905243 0.994522 -0.0522642 
vn -0.0954915 0.994522 -0.0425156 
vn -0.0994125 0.994522 -0.0323011 
vn -0.102244 0.994522 -0.0217327 
vn -0.103956 0.994522 -0.0109262 
vn -0.207912 0.978148 -2.88535e-17 
vn 5.81346e-32 1 -9.49411e-16 
vn -0.104528 0.994522 -1.45062e-17 
vn 6.12323e-17 0 -1 
vn -0.104528 0 -0.994522 
vn -0.207912 0 -0.978148 
vn -0.309017 0 -0.951057 
vn -0.406737 0 -0.913545 
vn -0.5 0 -0.866025 
vn -0.587785 0 -0.809017 
vn -0.669131 0 -0.743145 
vn -0.743145 0 -0.669131 
vn -0.809017 0 -0.587785 
vn -0.866025 0 -0.5 
vn -0.913545 0 -0.406737 
vn -0.951057 0 -0.309017 
vn -0.978148 0 -0.207912 
vn -0.994522 0 -0.104528 
vn -1 0 -1.22465e-16 
vn -0.994522 0.104528 -1.74265e-16 
vn -0.978148 0.207912 -1.71396e-16 
vn -0.951057 0.309017 -1.66648e-16 
vn -0.913545 0.406737 -1.60076e-16 
vn -0.866025 0.5 -1.51749e-16 
vn -0.809017 0.587785 -1.4176e-16 
vn -0.743145 0.669131 -1.30217e-16 
vn -0.669131 0.743145 -1.17248e-16 
vn -0.587785 0.809017 -1.02994e-16 
vn -0.5 0.866025 -8.76123e-17 
vn -0.406737 0.913545 -7.12703e-17 
vn -0.309017 0.951057 -5.41474e-17 
vn -0.207912 0.978148 -3.64312e-17 
vn -0.104528 0.994522 -1.8316e-17 
vn 3.49148e-15 1 6.11793e-31 
vn -0.994522 0.104528 -1.21794e-16 
vn -1 0 -1.22465e-16 
vn -0.994522 0 0.104528 
vn -0.989074 0.104528 0.103956 
vn -0.978148 0 0.207912 
vn -0.972789 0.104528 0.206773 
vn -0.951057 0 0.309017 
vn -0.945847 0.104528 0.307324 
vn -0.913545 0 0.406737 
vn -0.908541 0.104528 0.404508 
vn -0.866025 0 0.5 
vn -0.861281 0.104528 0.497261 
vn -0.809017 0 0.587785 
vn -0.804585 0.104528 0.584565 
vn -0.743145 0 0.669131 
vn -0.739074 0.104528 0.665465 
vn -0.669131 0 0.743145 
vn -0.665465 0.104528 0.739074 
vn -0.587785 0 0.809017 
vn -0.584565 0.104528 0.804585 
vn -0.5 0 0.866025 
vn -0.497261 0.104528 0.861281 
vn -0.406737 0 0.913545 
vn -0.404508 0.104528 0.908541 
vn -0.309017 0 0.951057 
vn -0.307324 0.104528 0.945847 
vn -0.207912 0 0.978148 
vn -0.206773 0.104528 0.972789 
vn -0.104528 0 0.994522 
vn -0.103956 0.104528 0.989074 
vn -1.38778e-16 0 1 
vn -0.978148 0.207912 -1.19789e-16 
vn -0.972789 0.207912 0.102244 
vn -0.956773 0.207912 0.203368 
vn -0.930274 0.207912 0.302264 
vn -0.893582 0.207912 0.397848 
vn -0.847101 0.207912 0.489074 
vn -0.791338 0.207912 0.574941 
vn -0.726905 0.207912 0.654508 
vn -0.654508 0.207912 0.726905 
vn -0.574941 0.207912 0.791338 
vn -0.489074 0.207912 0.847101 
vn -0.397848 0.207912 0.893582 
vn -0.302264 0.207912 0.930274 
vn -0.203368 0.207912 0.956773 
vn -0.102244 0.207912 0.972789 
vn -1.38018e-16 0.104528 0.994522 
vn -0.951057 0.309017 -1.16471e-16 
vn -0.945847 0.309017 0.0994125 
vn -0.930274 0.309017 0.197736 
vn -0.904508 0.309017 0.293893 
vn -0.868833 0.309017 0.38683 
vn -0.823639 0.309017 0.475528 
vn -0.769421 0.309017 0.559017 
vn -0.706773 0.309017 0.636381 
vn -0.636381 0.309017 0.706773 
vn -0.559017 0.309017 0.769421 
vn -0.475528 0.309017 0.823639 
vn -0.38683 0.309017 0.868833 
vn -0.293893 0.309017 0.904508 
vn -0.197736 0.309017 0.930274 
vn -0.0994125 0.309017 0.945847 
vn -1.35745e-16 0.207912 0.978148 
vn -0.913545 0.406737 -1.11877e-16 
vn -0.908541 0.406737 0.0954915 
vn -0.893582 0.406737 0.189937 
vn -0.868833 0.406737 0.282301 
vn -0.834565 0.406737 0.371572 
vn -0.791154 0.406737 0.456773 
vn -0.739074 0.406737 0.536969 
vn -0.678897 0.406737 0.611281 
vn -0.611281 0.406737 0.678897 
vn -0.536969 0.406737 0.739074 
vn -0.456773 0.406737 0.791154 
vn -0.371572 0.406737 0.834565 
vn -0.282301 0.406737 0.868833 
vn -0.189937 0.406737 0.893582 
vn -0.0954915 0.406737 0.908541 
vn -1.31986e-16 0.309017 0.951057 
vn -0.866025 0.5 -1.06058e-16 
vn -0.861281 0.5 0.0905243 
vn -0.847101 0.5 0.180057 
vn -0.823639 0.5 0.267617 
vn -0.791154 0.5 0.352244 
vn -0.75 0.5 0.433013 
vn -0.700629 0.5 0.509037 
vn -0.643582 0.5 0.579484 
vn -0.579484 0.5 0.643582 
vn -0.509037 0.5 0.700629 
vn -0.433013 0.5 0.75 
vn -0.352244 0.5 0.791154 
vn -0.267617 0.5 0.823639 
vn -0.180057 0.5 0.847101 
vn -0.0905243 0.5 0.861281 
vn -1.2678e-16 0.406737 0.913545 
vn -0.809017 0.587785 -9.9076e-17 
vn -0.804585 0.587785 0.0845653 
vn -0.791338 0.587785 0.168204 
vn -0.769421 0.587785 0.25 
vn -0.739074 0.587785 0.329057 
vn -0.700629 0.587785 0.404508 
vn -0.654508 0.587785 0.475528 
vn -0.601217 0.587785 0.541338 
vn -0.541338 0.587785 0.601217 
vn -0.475528 0.587785 0.654508 
vn -0.404508 0.587785 0.700629 
vn -0.329057 0.587785 0.739074 
vn -0.25 0.587785 0.769421 
vn -0.168204 0.587785 0.791338 
vn -0.0845653 0.587785 0.804585 
vn -1.20185e-16 0.5 0.866025 
vn -0.743145 0.669131 -9.1009e-17 
vn -0.739074 0.669131 0.0776798 
vn -0.726905 0.669131 0.154508 
vn -0.706773 0.669131 0.229644 
vn -0.678897 0.669131 0.302264 
vn -0.643582 0.669131 0.371572 
vn -0.601217 0.669131 0.43681 
vn -0.552264 0.669131 0.497261 
vn -0.497261 0.669131 0.552264 
vn -0.43681 0.669131 0.601217 
vn -0.371572 0.669131 0.643582 
vn -0.302264 0.669131 0.678897 
vn -0.229644 0.669131 0.706773 
vn -0.154508 0.669131 0.726905 
vn -0.0776798 0.669131 0.739074 
vn -1.12274e-16 0.587785 0.809017 
vn -0.669131 0.743145 -8.19449e-17 
vn -0.665465 0.743145 0.0699432 
vn -0.654508 0.743145 0.13912 
vn -0.636381 0.743145 0.206773 
vn -0.611281 0.743145 0.27216 
vn -0.579484 0.743145 0.334565 
vn -0.541338 0.743145 0.393305 
vn -0.497261 0.743145 0.447736 
vn -0.447736 0.743145 0.497261 
vn -0.393305 0.743145 0.541338 
vn -0.334565 0.743145 0.579484 
vn -0.27216 0.743145 0.611281 
vn -0.206773 0.743145 0.636381 
vn -0.13912 0.743145 0.654508 
vn -0.0699432 0.743145 0.665465 
vn -1.03132e-16 0.669131 0.743145 
vn -0.587785 0.809017 -7.19829e-17 
vn -0.584565 0.809017 0.0614403 
vn -0.574941 0.809017 0.122207 
vn -0.559017 0.809017 0.181636 
vn -0.536969 0.809017 0.239074 
vn -0.509037 0.809017 0.293893 
vn -0.475528 0.809017 0.345492 
vn -0.43681 0.809017 0.393305 
vn -0.393305 0.809017 0.43681 
vn -0.345492 0.809017 0.475528 
vn -0.293893 0.809017 0.509037 
vn -0.239074 0.809017 0.536969 
vn -0.181636 0.809017 0.559017 
vn -0.122207 0.809017 0.574941 
vn -0.0614403 0.809017 0.584565 
vn -9.28605e-17 0.743145 0.669131 
vn -0.5 0.866025 -6.12323e-17 
vn -0.497261 0.866025 0.0522642 
vn -0.489074 0.866025 0.103956 
vn -0.475528 0.866025 0.154508 
vn -0.456773 0.866025 0.203368 
vn -0.433013 0.866025 0.25 
vn -0.404508 0.866025 0.293893 
vn -0.371572 0.866025 0.334565 
vn -0.334565 0.866025 0.371572 
vn -0.293893 0.866025 0.404508 
vn -0.25 0.866025 0.433013 
vn -0.203368 0.866025 0.456773 
vn -0.154508 0.866025 0.475528 
vn -0.103956 0.866025 0.489074 
vn -0.0522642 0.866025 0.497261 
vn -8.15716e-17 0.809017 0.587785 
vn -0.406737 0.913545 -4.98109e-17 
vn -0.404508 0.913545 0.0425156 
vn -0.397848 0.913545 0.0845653 
vn -0.38683 0.913545 0.125689 
vn -0.371572 0.913545 0.165435 
vn -0.352244 0.913545 0.203368 
vn -0.329057 0.913545 0.239074 
vn -0.302264 0.913545 0.27216 
vn -0.27216 0.913545 0.302264 
vn -0.239074 0.913545 0.329057 
vn -0.203368 0.913545 0.352244 
vn -0.165435 0.913545 0.371572 
vn -0.125689 0.913545 0.38683 
vn -0.0845653 0.913545 0.397848 
vn -0.0425156 0.913545 0.404508 
vn -6.93889e-17 0.866025 0.5 
vn -0.309017 0.951057 -3.78437e-17 
vn -0.307324 0.951057 0.0323011 
vn -0.302264 0.951057 0.0642482 
vn -0.293893 0.951057 0.0954915 
vn -0.282301 0.951057 0.125689 
vn -0.267617 0.951057 0.154508 
vn -0.25 0.951057 0.181636 
vn -0.229644 0.951057 0.206773 
vn -0.206773 0.951057 0.229644 
vn -0.181636 0.951057 0.25 
vn -0.154508 0.951057 0.267617 
vn -0.125689 0.951057 0.282301 
vn -0.0954915 0.951057 0.293893 
vn -0.0642482 0.951057 0.302264 
vn -0.0323011 0.951057 0.307324 
vn -5.6446e-17 0.913545 0.406737 
vn -0.207912 0.978148 -2.54618e-17 
vn -0.206773 0.978148 0.0217327 
vn -0.203368 0.978148 0.0432273 
vn -0.197736 0.978148 0.0642482 
vn -0.189937 0.978148 0.0845653 
vn -0.180057 0.978148 0.103956 
vn -0.168204 0.978148 0.122207 
vn -0.154508 0.978148 0.13912 
vn -0.13912 0.978148 0.154508 
vn -0.122207 0.978148 0.168204 
vn -0.103956 0.978148 0.180057 
vn -0.0845653 0.978148 0.189937 
vn -0.0642482 0.978148 0.197736 
vn -0.0432273 0.978148 0.203368 
vn -0.0217327 0.978148 0.206773 
vn -4.28847e-17 0.951057 0.309017 
vn -0.104528 0.994522 -1.2801e-17 
vn -0.103956 0.994522 0.0109262 
vn -0.102244 0.994522 0.0217327 
vn -0.0994125 0.994522 0.0323011 
vn -0.0954915 0.994522 0.0425156 
vn -0.0905243 0.994522 0.0522642 
vn -0.0845653 0.994522 0.0614403 
vn -0.0776798 0.994522 0.0699432 
vn -0.0699432 0.994522 0.0776798 
vn -0.0614403 0.994522 0.0845653 
vn -0.0522642 0.994522 0.0905243 
vn -0.0425156 0.994522 0.0954915 
vn -0.0323011 0.994522 0.0994125 
vn -0.0217327 0.994522 0.102244 
vn -0.0109262 0.994522 0.103956 
vn -2.88535e-17 0.978148 0.207912 
vn -9.49411e-16 1 -1.16269e-31 
vn -1.45062e-17 0.994522 0.104528 
vn 1.83697e-16 0 1 
vn -0.104528 0 0.994522 
vn -0.207912 0 0.978148 
vn -0.309017 0 0.951057 
vn -0.406737 0 0.913545 
vn -0.5 0 0.866025 
vn -0.587785 0 0.809017 
vn -0.669131 0 0.743145 
vn -0.743145 0 0.669131 
vn -0.809017 0 0.587785 
vn -0.866025 0 0.5 
vn -0.913545 0 0.406737 
vn -0.951057 0 0.309017 
vn -0.978148 0 0.207912 
vn -0.994522 0 0.104528 
vn -1 0 2.44929e-16 
vn -0.104528 0 -0.994522 
vn -1.83697e-16 0 -1 
vn -0.207912 0 -0.978148 
vn -0.104528 0 -0.994522 
vn -0.309017 0 -0.951057 
vn -0.207912 0 -0.978148 
vn -0.406737 0 -0.913545 
vn -0.309017 0 -0.951057 
vn -0.5 0 -0.866025 
vn -0.406737 0 -0.913545 
vn -0.587785 0 -0.809017 
vn -0.5 0 -0.866025 
vn -0.669131 0 -0.743145 
vn -0.587785 0 -0.809017 
vn -0.743145 0 -0.669131 
vn -0.669131 0 -0.743145 
vn -0.809017 0 -0.587785 
vn -0.743145 0 -0.669131 
vn -0.866025 0 -0.5 
vn -0.809017 0 -0.587785 
vn -0.913545 0 -0.406737 
vn -0.866025 0 -0.5 
vn -0.951057 0 -0.309017 
vn -0.913545 0 -0.406737 
vn -0.978148 0 -0.207912 
vn -0.951057 0 -0.309017 
vn -0.994522 0 -0.104528 
vn -0.978148 0 -0.207912 
vn -1 0 1.22465e-16 
vn -0.994522 0 -0.104528 
vn 0 0 -1 
vn 1.83697e-16 0 1 
vn -0.108119 0 0.994138 
vn -0.21497 0 0.976621 
vn -0.319302 0 0.947653 
vn -0.419889 0 0.907575 
vn -0.515554 0 0.856857 
vn -0.605174 0 0.796093 
vn -0.687699 0 0.725995 
vn -0.762162 0 0.647386 
vn -0.827689 0 0.561187 
vn -0.883512 0 0.468408 
vn -0.928977 0 0.370138 
vn -0.96355 0 0.267528 
vn -0.986827 0 0.161782 
vn -0.998533 0 0.0541389 
vn -0.998533 0 -0.0541389 
vn -0.986827 0 -0.161782 
vn -0.96355 0 -0.267528 
vn -0.928977 0 -0.370138 
vn -0.883512 0 -0.468408 
vn -0.827689 0 -0.561187 
vn -0.762162 0 -0.647386 
vn -0.687699 0 -0.725995 
vn -0.605174 0 -0.796093 
vn -0.515554 0 -0.856857 
vn -0.419889 0 -0.907575 
vn -0.319302 0 -0.947653 
vn -0.21497 0 -0.976621 
vn -0.108119 0 -0.994138 
vn -3.06162e-16 0 -1 
vn 0 0 1 
vn -0.104528 0 0.994522 
vn -0.207912 0 0.978148 
vn -0.309017 0 0.951057 
vn -0.406737 0 0.913545 
vn -0.5 0 0.866025 
vn -0.587785 0 0.809017 
vn -0.669131 0 0.743145 
vn -0.743145 0 0.669131 
vn -0.809017 0 0.587785 
vn -0.866025 0 0.5 
vn -0.913545 0 0.406737 
vn -0.951057 0 0.309017 
vn -0.978148 0 0.207912 
vn -0.994522 0 0.104528 
vn -1 0 0 
vn 0 1 0 
vn 0.994138 0 -0.108119 
vn 1 0 -2.44929e-16 
vn 0.976621 0 -0.21497 
vn 0.994138 0 -0.108119 
vn 0.947653 0 -0.319302 
vn 0.976621 0 -0.21497 
vn 0.907575 0 -0.419889 
vn 0.947653 0 -0.319302 
vn 0.856857 0 -0.515554 
vn 0.907575 0 -0.419889 
vn 0.796093 0 -0.605174 
vn 0.856857 0 -0.515554 
vn 0.725995 0 -0.687699 
vn 0.796093 0 -0.605174 
vn 0.647386 0 -0.762162 
vn 0.725995 0 -0.687699 
vn 0.561187 0 -0.827689 
vn 0.647386 0 -0.762162 
vn 0.468408 0 -0.883512 
vn 0.561187 0 -0.827689 
vn 0.370138 0 -0.928977 
vn 0.468408 0 -0.883512 
vn 0.267528 0 -0.96355 
vn 0.370138 0 -0.928977 
vn 0.161782 0 -0.986827 
vn 0.267528 0 -0.96355 
vn 0.0541389 0 -0.998533 
vn 0.161782 0 -0.986827 
vn -0.0541389 0 -0.998533 
vn 0.0541389 0 -0.998533 
vn -0.161782 0 -0.986827 
vn -0.0541389 0 -0.998533 
vn -0.267528 0 -0.96355 
vn -0.161782 0 -0.986827 
vn -0.370138 0 -0.928977 
vn -0.267528 0 -0.96355 
vn -0.468408 0 -0.883512 
vn -0.370138 0 -0.928977 
vn -0.561187 0 -0.827689 
vn -0.468408 0 -0.883512 
vn -0.647386 0 -0.762162 
vn -0.561187 0 -0.827689 
vn -0.725995 0 -0.687699 
vn -0.647386 0 -0.762162 
vn -0.796093 0 -0.605174 
vn -0.725995 0 -0.687699 
vn -0.856857 0 -0.515554 
vn -0.796093 0 -0.605174 
vn -0.907575 0 -0.419889 
vn -0.856857 0 -0.515554 
vn -0.947653 0 -0.319302 
vn -0.907575 0 -0.419889 
vn -0.976621 0 -0.21497 
vn -0.947653 0 -0.319302 
vn -0.994138 0 -0.108119 
vn -0.976621 0 -0.21497 
vn -1 0 1.22465e-16 
vn -0.994138 0 -0.108119 
vn -0.994138 0 0.108119 
vn -1 0 1.22465e-16 
vn -0.976621 0 0.21497 
vn -0.994138 0 0.108119 
vn -0.947653 0 0.319302 
vn -0.976621 0 0.21497 
vn -0.907575 0 0.419889 
vn -0.947653 0 0.319302 
vn -0.856857 0 0.515554 
vn -0.907575 0 0.419889 
vn -0.796093 0 0.605174 
vn -0.856857 0 0.515554 
vn -0.725995 0 0.687699 
vn -0.796093 0 0.605174 
vn -0.647386 0 0.762162 
vn -0.725995 0 0.687699 
vn -0.561187 0 0.827689 
vn -0.647386 0 0.762162 
vn -0.468408 0 0.883512 
vn -0.561187 0 0.827689 
vn -0.370138 0 0.928977 
vn -0.468408 0 0.883512 
vn -0.267528 0 0.96355 
vn -0.370138 0 0.928977 
vn -0.161782 0 0.986827 
vn -0.267528 0 0.96355 
vn -0.0541389 0 0.998533 
vn -0.161782 0 0.986827 
vn 0.0541389 0 0.998533 
vn -0.0541389 0 0.998533 
vn 0.161782 0 0.986827 
vn 0.0541389 0 0.998533 
vn 0.267528 0 0.96355 
vn 0.161782 0 0.986827 
vn 0.370138 0 0.928977 
vn 0.267528 0 0.96355 
vn 0.468408 0 0.883512 
vn 0.370138 0 0.928977 
vn 0.561187 0 0.827689 
vn 0.468408 0 0.883512 
vn 0.647386 0 0.762162 
vn 0.561187 0 0.827689 
vn 0.725995 0 0.687699 
vn 0.647386 0 0.762162 
vn 0.796093 0 0.605174 
vn 0.725995 0 0.687699 
vn 0.856857 0 0.515554 
vn 0.796093 0 0.605174 
vn 0.907575 0 0.419889 
vn 0.856857 0 0.515554 
vn 0.947653 0 0.319302 
vn 0.907575 0 0.419889 
vn 0.976621 0 0.21497 
vn 0.947653 0 0.319302 
vn 0.994138 0 0.108119 
vn 0.976621 0 0.21497 
vn 0 1 0 
vn 0.994138 0 -0.108119 
vn 1 0 -2.44929e-16 
vn 0.976621 0 -0.21497 
vn 0.994138 0 -0.108119 
vn 0.947653 0 -0.319302 
vn 0.976621 0 -0.21497 
vn 0.907575 0 -0.419889 
vn 0.947653 0 -0.319302 
vn 0.856857 0 -0.515554 
vn 0.907575 0 -0.419889 
vn 0.796093 0 -0.605174 
vn 0.856857 0 -0.515554 
vn 0.725995 0 -0.687699 
vn 0.796093 0 -0.605174 
vn 0.647386 0 -0.762162 
vn 0.725995 0 -0.687699 
vn 0.561187 0 -0.827689 
vn 0.647386 0 -0.762162 
vn 0.468408 0 -0.883512 
vn 0.561187 0 -0.827689 
vn 0.370138 0 -0.928977 
vn 0.468408 0 -0.883512 
vn 0.267528 0 -0.96355 
vn 0.370138 0 -0.928977 
vn 0.161782 0 -0.986827 
vn 0.267528 0 -0.96355 
vn 0.0541389 0 -0.998533 
vn 0.161782 0 -0.986827 
vn -0.0541389 0 -0.998533 
vn 0.0541389 0 -0.998533 
vn -0.161782 0 -0.986827 
vn -0.0541389 0 -0.998533 
vn -0.267528 0 -0.96355 
vn -0.161782 0 -0.986827 
vn -0.370138 0 -0.928977 
vn -0.267528 0 -0.96355 
vn -0.468408 0 -0.883512 
vn -0.370138 0 -0.928977 
vn -0.561187 0 -0.827689 
vn -0.468408 0 -0.883512 
vn -0.647386 0 -0.762162 
vn -0.561187 0 -0.827689 
vn -0.725995 0 -0.687699 
vn -0.647386 0 -0.762162 
vn -0.796093 0 -0.605174 
vn -0.725995 0 -0.687699 
vn -0.856857 0 -0.515554 
vn -0.796093 0 -0.605174 
vn -0.907575 0 -0.419889 
vn -0.856857 0 -0.515554 
vn -0.947653 0 -0.319302 
vn -0.907575 0 -0.419889 
vn -0.976621 0 -0.21497 
vn -0.947653 0 -0.319302 
vn -0.994138 0 -0.108119 
vn -0.976621 0 -0.21497 
vn -1 0 1.22465e-16 
vn -0.994138 0 -0.108119 
vn -0.994138 0 0.108119 
vn -1 0 1.22465e-16 
vn -0.976621 0 0.21497 
vn -0.994138 0 0.108119 
vn -0.947653 0 0.319302 
vn -0.976621 0 0.21497 
vn -0.907575 0 0.419889 
vn -0.947653 0 0.319302 
vn -0.856857 0 0.515554 
vn -0.907575 0 0.419889 
vn -0.796093 0 0.605174 
vn -0.856857 0 0.515554 
vn -0.725995 0 0.687699 
vn -0.796093 0 0.605174 
vn -0.647386 0 0.762162 
vn -0.725995 0 0.687699 
vn -0.561187 0 0.827689 
vn -0.647386 0 0.762162 
vn -0.468408 0 0.883512 
vn -0.561187 0 0.827689 
vn -0.370138 0 0.928977 
vn -0.468408 0 0.883512 
vn -0.267528 0 0.96355 
vn -0.370138 0 0.928977 
vn -0.161782 0 0.986827 
vn -0.267528 0 0.96355 
vn -0.0541389 0 0.998533 
vn -0.161782 0 0.986827 
vn 0.0541389 0 0.998533 
vn -0.0541389 0 0.998533 
vn 0.161782 0 0.986827 
vn 0.0541389 0 0.998533 
vn 0.267528 0 0.96355 
vn 0.161782 0 0.986827 
vn 0.370138 0 0.928977 
vn 0.267528 0 0.96355 
vn 0.468408 0 0.883512 
vn 0.370138 0 0.928977 
vn 0.561187 0 0.827689 
vn 0.468408 0 0.883512 
vn 0.647386 0 0.762162 
vn 0.561187 0 0.827689 
vn 0.725995 0 0.687699 
vn 0.647386 0 0.762162 
vn 0.796093 0 0.605174 
vn 0.725995 0 0.687699 
vn 0.856857 0 0.515554 
vn 0.796093 0 0.605174 
vn 0.907575 0 0.419889 
vn 0.856857 0 0.515554 
vn 0.947653 0 0.319302 
vn 0.907575 0 0.419889 
vn 0.976621 0 0.21497 
vn 0.947653 0 0.319302 
vn 0.994138 0 0.108119 
vn 0.976621 0 0.21497 
vn 0 0 1 
vn 0.994522 0 0.104528 
vn 1 0 1.22465e-16 
vn 0.978148 0 0.207912 
vn 0.994522 0 0.104528 
vn 0.951057 0 0.309017 
vn 0.978148 0 0.207912 
vn 0.913545 0 0.406737 
vn 0.951057 0 0.309017 
vn 0.866025 0 0.5 
vn 0.913545 0 0.406737 
vn 0.809017 0 0.587785 
vn 0.866025 0 0.5 
vn 0.743145 0 0.669131 
vn 0.809017 0 0.587785 
vn 0.669131 0 0.743145 
vn 0.743145 0 0.669131 
vn 0.587785 0 0.809017 
vn 0.669131 0 0.743145 
vn 0.5 0 0.866025 
vn 0.587785 0 0.809017 
vn 0.406737 0 0.913545 
vn 0.5 0 0.866025 
vn 0.309017 0 0.951057 
vn 0.406737 0 0.913545 
vn 0.207912 0 0.978148 
vn 0.309017 0 0.951057 
vn 0.104528 0 0.994522 
vn 0.207912 0 0.978148 
vn -6.12323e-17 0 1 
vn 0.104528 0 0.994522 
vn 1 0 -1.4035e-16 
vn 0.994138 0 0.108119 
vn 0.976621 0 0.21497 
vn 0.947653 0 0.319302 
vn 0.907575 0 0.419889 
vn 0.856857 0 0.515554 
vn 0.796093 0 0.605174 
vn 0.725995 0 0.687699 
vn 0.647386 0 0.762162 
vn 0.561187 0 0.827689 
vn 0.468408 0 0.883512 
vn 0.370138 0 0.928977 
vn 0.267528 0 0.96355 
vn 0.161782 0 0.986827 
vn 0.0541389 0 0.998533 
vn -0.0541389 0 0.998533 
vn -0.161782 0 0.986827 
vn -0.267528 0 0.96355 
vn -0.370138 0 0.928977 
vn -0.468408 0 0.883512 
vn -0.561187 0 0.827689 
vn -0.647386 0 0.762162 
vn -0.725995 0 0.687699 
vn -0.796093 0 0.605174 
vn -0.856857 0 0.515554 
vn -0.907575 0 0.419889 
vn -0.947653 0 0.319302 
vn -0.976621 0 0.21497 
vn -0.994138 0 0.108119 
vn -1 0 2.44929e-16 
vn -0.994522 0 0.104528 
vn -0.978148 0 0.207912 
vn -0.951057 0 0.309017 
vn -0.913545 0 0.406737 
vn -0.866025 0 0.5 
vn -0.809017 0 0.587785 
vn -0.743145 0 0.669131 
vn -0.669131 0 0.743145 
vn -0.587785 0 0.809017 
vn -0.5 0 0.866025 
vn -0.406737 0 0.913545 
vn -0.309017 0 0.951057 
vn -0.207912 0 0.978148 
vn -0.104528 0 0.994522 
vn 6.12323e-17 0 1 
vn 0 1 0 
vn 0.994138 0 -0.108119 
vn 1 0 -2.44929e-16 
vn 0.976621 0 -0.21497 
vn 0.994138 0 -0.108119 
vn 0.947653 0 -0.319302 
vn 0.976621 0 -0.21497 
vn 0.907575 0 -0.419889 
vn 0.947653 0 -0.319302 
vn 0.856857 0 -0.515554 
vn 0.907575 0 -0.419889 
vn 0.796093 0 -0.605174 
vn 0.856857 0 -0.515554 
vn 0.725995 0 -0.687699 
vn 0.796093 0 -0.605174 
vn 0.647386 0 -0.762162 
vn 0.725995 0 -0.687699 
vn 0.561187 0 -0.827689 
vn 0.647386 0 -0.762162 
vn 0.468408 0 -0.883512 
vn 0.561187 0 -0.827689 
vn 0.370138 0 -0.928977 
vn 0.468408 0 -0.883512 
vn 0.267528 0 -0.96355 
vn 0.370138 0 -0.928977 
vn 0.161782 0 -0.986827 
vn 0.267528 0 -0.96355 
vn 0.0541389 0 -0.998533 
vn 0.161782 0 -0.986827 
vn -0.0541389 0 -0.998533 
vn 0.0541389 0 -0.998533 
vn -0.161782 0 -0.986827 
vn -0.0541389 0 -0.998533 
vn -0.267528 0 -0.96355 
vn -0.161782 0 -0.986827 
vn -0.370138 0 -0.928977 
vn -0.267528 0 -0.96355 
vn -0.468408 0 -0.883512 
vn -0.370138 0 -0.928977 
vn -0.561187 0 -0.827689 
vn -0.468408 0 -0.883512 
vn -0.647386 0 -0.762162 
vn -0.561187 0 -0.827689 
vn -0.725995 0 -0.687699 
vn -0.647386 0 -0.762162 
vn -0.796093 0 -0.605174 
vn -0.725995 0 -0.687699 
vn -0.856857 0 -0.515554 
vn -0.796093 0 -0.605174 
vn -0.907575 0 -0.419889 
vn -0.856857 0 -0.515554 
vn -0.947653 0 -0.319302 
vn -0.907575 0 -0.419889 
vn -0.976621 0 -0.21497 
vn -0.947653 0 -0.319302 
vn -0.994138 0 -0.108119 
vn -0.976621 0 -0.21497 
vn -1 0 1.22465e-16 
vn -0.994138 0 -0.108119 
vn -0.994138 0 0.108119 
vn -1 0 1.22465e-16 
vn -0.976621 0 0.21497 
vn -0.994138 0 0.108119 
vn -0.947653 0 0.319302 
vn -0.976621 0 0.21497 
vn -0.907575 0 0.419889 
vn -0.947653 0 0.319302 
vn -0.856857 0 0.515554 
vn -0.907575 0 0.419889 
vn -0.796093 0 0.605174 
vn -0.856857 0 0.515554 
vn -0.725995 0 0.687699 
vn -0.796093 0 0.605174 
vn -0.647386 0 0.762162 
vn -0.725995 0 0.687699 
vn -0.561187 0 0.827689 
vn -0.647386 0 0.762162 
vn -0.468408 0 0.883512 
vn -0.561187 0 0.827689 
vn -0.370138 0 0.928977 
vn -0.468408 0 0.883512 
vn -0.267528 0 0.96355 
vn -0.370138 0 0.928977 
vn -0.161782 0 0.986827 
vn -0.267528 0 0.96355 
vn -0.0541389 0 0.998533 
vn -0.161782 0 0.986827 
vn 0.0541389 0 0.998533 
vn -0.0541389 0 0.998533 
vn 0.161782 0 0.986827 
vn 0.0541389 0 0.998533 
vn 0.267528 0 0.96355 
vn 0.161782 0 0.986827 
vn 0.370138 0 0.928977 
vn 0.267528 0 0.96355 
vn 0.468408 0 0.883512 
vn 0.370138 0 0.928977 
vn 0.561187 0 0.827689 
vn 0.468408 0 0.883512 
vn 0.647386 0 0.762162 
vn 0.561187 0 0.827689 
vn 0.725995 0 0.687699 
vn 0.647386 0 0.762162 
vn 0.796093 0 0.605174 
vn 0.725995 0 0.687699 
vn 0.856857 0 0.515554 
vn 0.796093 0 0.605174 
vn 0.907575 0 0.419889 
vn 0.856857 0 0.515554 
vn 0.947653 0 0.319302 
vn 0.907575 0 0.419889 
vn 0.976621 0 0.21497 
vn 0.947653 0 0.319302 
vn 0.994138 0 0.108119 
vn 0.976621 0 0.21497 
vn 0 1 0 
vn 0.994138 0 -0.108119 
vn 1 0 -2.44929e-16 
vn 0.976621 0 -0.21497 
vn 0.994138 0 -0.108119 
vn 0.947653 0 -0.319302 
vn 0.976621 0 -0.21497 
vn 0.907575 0 -0.419889 
vn 0.947653 0 -0.319302 
vn 0.856857 0 -0.515554 
vn 0.907575 0 -0.419889 
vn 0.796093 0 -0.605174 
vn 0.856857 0 -0.515554 
vn 0.725995 0 -0.687699 
vn 0.796093 0 -0.605174 
vn 0.647386 0 -0.762162 
vn 0.725995 0 -0.687699 
vn 0.561187 0 -0.827689 
vn 0.647386 0 -0.762162 
vn 0.468408 0 -0.883512 
vn 0.561187 0 -0.827689 
vn 0.370138 0 -0.928977 
vn 0.468408 0 -0.883512 
vn 0.267528 0 -0.96355 
vn 0.370138 0 -0.928977 
vn 0.161782 0 -0.986827 
vn 0.267528 0 -0.96355 
vn 0.0541389 0 -0.998533 
vn 0.161782 0 -0.986827 
vn -0.0541389 0 -0.998533 
vn 0.0541389 0 -0.998533 
vn -0.161782 0 -0.986827 
vn -0.0541389 0 -0.998533 
vn -0.267528 0 -0.96355 
vn -0.161782 0 -0.986827 
vn -0.370138 0 -0.928977 
vn -0.267528 0 -0.96355 
vn -0.468408 0 -0.883512 
vn -0.370138 0 -0.928977 
vn -0.561187 0 -0.827689 
vn -0.468408 0 -0.883512 
vn -0.647386 0 -0.762162 
vn -0.561187 0 -0.827689 
vn -0.725995 0 -0.687699 
vn -0.647386 0 -0.762162 
vn -0.796093 0 -0.605174 
vn -0.725995 0 -0.687699 
vn -0.856857 0 -0.515554 
vn -0.796093 0 -0.605174 
vn -0.907575 0 -0.419889 
vn -0.856857 0 -0.515554 
vn -0.947653 0 -0.319302 
vn -0.907575 0 -0.419889 
vn -0.976621 0 -0.21497 
vn -0.947653 0 -0.319302 
vn -0.994138 0 -0.108119 
vn -0.976621 0 -0.21497 
vn -1 0 1.22465e-16 
vn -0.994138 0 -0.108119 
vn -0.994138 0 0.108119 
vn -1 0 1.22465e-16 
vn -0.976621 0 0.21497 
vn -0.994138 0 0.108119 
vn -0.947653 0 0.319302 
vn -0.976621 0 0.21497 
vn -0.907575 0 0.419889 
vn -0.947653 0 0.319302 
vn -0.856857 0 0.515554 
vn -0.907575 0 0.419889 
vn -0.796093 0 0.605174 
vn -0.856857 0 0.515554 
vn -0.725995 0 0.687699 
vn -0.796093 0 0.605174 
vn -0.647386 0 0.762162 
vn -0.725995 0 0.687699 
vn -0.561187 0 0.827689 
vn -0.647386 0 0.762162 
vn -0.468408 0 0.883512 
vn -0.561187 0 0.827689 
vn -0.370138 0 0.928977 
vn -0.468408 0 0.883512 
vn -0.267528 0 0.96355 
vn -0.370138 0 0.928977 
vn -0.161782 0 0.986827 
vn -0.267528 0 0.96355 
vn -0.0541389 0 0.998533 
vn -0.161782 0 0.986827 
vn 0.0541389 0 0.998533 
vn -0.0541389 0 0.998533 
vn 0.161782 0 0.986827 
vn 0.0541389 0 0.998533 
vn 0.267528 0 0.96355 
vn 0.161782 0 0.986827 
vn 0.370138 0 0.928977 
vn 0.267528 0 0.96355 
vn 0.468408 0 0.883512 
vn 0.370138 0 0.928977 
vn 0.561187 0 0.827689 
vn 0.468408 0 0.883512 
vn 0.647386 0 0.762162 
vn 0.561187 0 0.827689 
vn 0.725995 0 0.687699 
vn 0.647386 0 0.762162 
vn 0.796093 0 0.605174 
vn 0.725995 0 0.687699 
vn 0.856857 0 0.515554 
vn 0.796093 0 0.605174 
vn 0.907575 0 0.419889 
vn 0.856857 0 0.515554 
vn 0.947653 0 0.319302 
vn 0.907575 0 0.419889 
vn 0.976621 0 0.21497 
vn 0.947653 0 0.319302 
vn 0.994138 0 0.108119 
vn 0.976621 0 0.21497 
vn 1 0 1.75225e-16 
vn 0.994522 0 -0.104528 
vn 0.978148 0 -0.207912 
vn 0.951057 0 -0.309017 
vn 0.913545 0 -0.406737 
vn 0.866025 0 -0.5 
vn 0.809017 0 -0.587785 
vn 0.743145 0 -0.669131 
vn 0.669131 0 -0.743145 
vn 0.587785 0 -0.809017 
vn 0.5 0 -0.866025 
vn 0.406737 0 -0.913545 
vn 0.309017 0 -0.951057 
vn 0.207912 0 -0.978148 
vn 0.104528 0 -0.994522 
vn -1.83697e-16 0 -1 
vn 0.108119 0 -0.994138 
vn 0.21497 0 -0.976621 
vn 0.319302 0 -0.947653 
vn 0.419889 0 -0.907575 
vn 0.515554 0 -0.856857 
vn 0.605174 0 -0.796093 
vn 0.687699 0 -0.725995 
vn 0.762162 0 -0.647386 
vn 0.827689 0 -0.561187 
vn 0.883512 0 -0.468408 
vn 0.928977 0 -0.370138 
vn 0.96355 0 -0.267528 
vn 0.986827 0 -0.161782 
vn 0.998533 0 -0.0541389 
vn 0.998533 0 0.0541389 
vn 0.986827 0 0.161782 
vn 0.96355 0 0.267528 
vn 0.928977 0 0.370138 
vn 0.883512 0 0.468408 
vn 0.827689 0 0.561187 
vn 0.762162 0 0.647386 
vn 0.687699 0 0.725995 
vn 0.605174 0 0.796093 
vn 0.515554 0 0.856857 
vn 0.419889 0 0.907575 
vn 0.319302 0 0.947653 
vn 0.21497 0 0.976621 
vn 0.108119 0 0.994138 
vn 1.83697e-16 0 1 
vn 0.994522 0 0.104528 
vn 1 0 1.22465e-16 
vn 0.978148 0 0.207912 
vn 0.994522 0 0.104528 
vn 0.951057 0 0.309017 
vn 0.978148 0 0.207912 
vn 0.913545 0 0.406737 
vn 0.951057 0 0.309017 
vn 0.866025 0 0.5 
vn 0.913545 0 0.406737 
vn 0.809017 0 0.587785 
vn 0.866025 0 0.5 
vn 0.743145 0 0.669131 
vn 0.809017 0 0.587785 
vn 0.669131 0 0.743145 
vn 0.743145 0 0.669131 
vn 0.587785 0 0.809017 
vn 0.669131 0 0.743145 
vn 0.5 0 0.866025 
vn 0.587785 0 0.809017 
vn 0.406737 0 0.913545 
vn 0.5 0 0.866025 
vn 0.309017 0 0.951057 
vn 0.406737 0 0.913545 
vn 0.207912 0 0.978148 
vn 0.309017 0 0.951057 
vn 0.104528 0 0.994522 
vn 0.207912 0 0.978148 
vn -6.12323e-17 0 1 
vn 0.104528 0 0.994522 
vn 0 -1 0 
vn 0 1 0 
vn 0.994138 0 -0.108119 
vn 1 0 -2.44929e-16 
vn 0.976621 0 -0.21497 
vn 0.994138 0 -0.108119 
vn 0.947653 0 -0.319302 
vn 0.976621 0 -0.21497 
vn 0.907575 0 -0.419889 
vn 0.947653 0 -0.319302 
vn 0.856857 0 -0.515554 
vn 0.907575 0 -0.419889 
vn 0.796093 0 -0.605174 
vn 0.856857 0 -0.515554 
vn 0.725995 0 -0.687699 
vn 0.796093 0 -0.605174 
vn 0.647386 0 -0.762162 
vn 0.725995 0 -0.687699 
vn 0.561187 0 -0.827689 
vn 0.647386 0 -0.762162 
vn 0.468408 0 -0.883512 
vn 0.561187 0 -0.827689 
vn 0.370138 0 -0.928977 
vn 0.468408 0 -0.883512 
vn 0.267528 0 -0.96355 
vn 0.370138 0 -0.928977 
vn 0.161782 0 -0.986827 
vn 0.267528 0 -0.96355 
vn 0.0541389 0 -0.998533 
vn 0.161782 0 -0.986827 
vn -0.0541389 0 -0.998533 
vn 0.0541389 0 -0.998533 
vn -0.161782 0 -0.986827 
vn -0.0541389 0 -0.998533 
vn -0.267528 0 -0.96355 
vn -0.161782 0 -0.986827 
vn -0.370138 0 -0.928977 
vn -0.267528 0 -0.96355 
vn -0.468408 0 -0.883512 
vn -0.370138 0 -0.928977 
vn -0.561187 0 -0.827689 
vn -0.468408 0 -0.883512 
vn -0.647386 0 -0.762162 
vn -0.561187 0 -0.827689 
vn -0.725995 0 -0.687699 
vn -0.647386 0 -0.762162 
vn -0.796093 0 -0.605174 
vn -0.725995 0 -0.687699 
vn -0.856857 0 -0.515554 
vn -0.796093 0 -0.605174 
vn -0.907575 0 -0.419889 
vn -0.856857 0 -0.515554 
vn -0.947653 0 -0.319302 
vn -0.907575 0 -0.419889 
vn -0.976621 0 -0.21497 
vn -0.947653 0 -0.319302 
vn -0.994138 0 -0.108119 
vn -0.976621 0 -0.21497 
vn -1 0 1.22465e-16 
vn -0.994138 0 -0.108119 
vn -0.994138 0 0.108119 
vn -1 0 1.22465e-16 
vn -0.976621 0 0.21497 
vn -0.994138 0 0.108119 
vn -0.947653 0 0.319302 
vn -0.976621 0 0.21497 
vn -0.907575 0 0.419889 
vn -0.947653 0 0.319302 
vn -0.856857 0 0.515554 
vn -0.907575 0 0.419889 
vn -0.796093 0 0.605174 
vn -0.856857 0 0.515554 
vn -0.725995 0 0.687699 
vn -0.796093 0 0.605174 
vn -0.647386 0 0.762162 
vn -0.725995 0 0.687699 
vn -0.561187 0 0.827689 
vn -0.647386 0 0.762162 
vn -0.468408 0 0.883512 
vn -0.561187 0 0.827689 
vn -0.370138 0 0.928977 
vn -0.468408 0 0.883512 
vn -0.267528 0 0.96355 
vn -0.370138 0 0.928977 
vn -0.161782 0 0.986827 
vn -0.267528 0 0.96355 
vn -0.0541389 0 0.998533 
vn -0.161782 0 0.986827 
vn 0.0541389 0 0.998533 
vn -0.0541389 0 0.998533 
vn 0.161782 0 0.986827 
vn 0.0541389 0 0.998533 
vn 0.267528 0 0.96355 
vn 0.161782 0 0.986827 
vn 0.370138 0 0.928977 
vn 0.267528 0 0.96355 
vn 0.468408 0 0.883512 
vn 0.370138 0 0.928977 
vn 0.561187 0 0.827689 
vn 0.468408 0 0.883512 
vn 0.647386 0 0.762162 
vn 0.561187 0 0.827689 
vn 0.725995 0 0.687699 
vn 0.647386 0 0.762162 
vn 0.796093 0 0.605174 
vn 0.725995 0 0.687699 
vn 0.856857 0 0.515554 
vn 0.796093 0 0.605174 
vn 0.907575 0 0.419889 
vn 0.856857 0 0.515554 
vn 0.947653 0 0.319302 
vn 0.907575 0 0.419889 
vn 0.976621 0 0.21497 
vn 0.947653 0 0.319302 
vn 0.994138 0 0.108119 
vn 0.976621 0 0.21497 
vn 0 1 0 
vn 0.994138 0 -0.108119 
vn 1 0 -2.44929e-16 
vn 0.976621 0 -0.21497 
vn 0.994138 0 -0.108119 
vn 0.947653 0 -0.319302 
vn 0.976621 0 -0.21497 
vn 0.907575 0 -0.419889 
vn 0.947653 0 -0.319302 
vn 0.856857 0 -0.515554 
vn 0.907575 0 -0.419889 
vn 0.796093 0 -0.605174 
vn 0.856857 0 -0.515554 
vn 0.725995 0 -0.687699 
vn 0.796093 0 -0.605174 
vn 0.647386 0 -0.762162 
vn 0.725995 0 -0.687699 
vn 0.561187 0 -0.827689 
vn 0.647386 0 -0.762162 
vn 0.468408 0 -0.883512 
vn 0.561187 0 -0.827689 
vn 0.370138 0 -0.928977 
vn 0.468408 0 -0.883512 
vn 0.267528 0 -0.96355 
vn 0.370138 0 -0.928977 
vn 0.161782 0 -0.986827 
vn 0.267528 0 -0.96355 
vn 0.0541389 0 -0.998533 
vn 0.161782 0 -0.986827 
vn -0.0541389 0 -0.998533 
vn 0.0541389 0 -0.998533 
vn -0.161782 0 -0.986827 
vn -0.0541389 0 -0.998533 
vn -0.267528 0 -0.96355 
vn -0.161782 0 -0.986827 
vn -0.370138 0 -0.928977 
vn -0.267528 0 -0.96355 
vn -0.468408 0 -0.883512 
vn -0.370138 0 -0.928977 
vn -0.561187 0 -0.827689 
vn -0.468408 0 -0.883512 
vn -0.647386 0 -0.762162 
vn -0.561187 0 -0.827689 
vn -0.725995 0 -0.687699 
vn -0.647386 0 -0.762162 
vn -0.796093 0 -0.605174 
vn -0.725995 0 -0.687699 
vn -0.856857 0 -0.515554 
vn -0.796093 0 -0.605174 
vn -0.907575 0 -0.419889 
vn -0.856857 0 -0.515554 
vn -0.947653 0 -0.319302 
vn -0.907575 0 -0.419889 
vn -0.976621 0 -0.21497 
vn -0.947653 0 -0.319302 
vn -0.994138 0 -0.108119 
vn -0.976621 0 -0.21497 
vn -1 0 1.22465e-16 
vn -0.994138 0 -0.108119 
vn -0.994138 0 0.108119 
vn -1 0 1.22465e-16 
vn -0.976621 0 0.21497 
vn -0.994138 0 0.108119 
vn -0.947653 0 0.319302 
vn -0.976621 0 0.21497 
vn -0.907575 0 0.419889 
vn -0.947653 0 0.319302 
vn -0.856857 0 0.515554 
vn -0.907575 0 0.419889 
vn -0.796093 0 0.605174 
vn -0.856857 0 0.515554 
vn -0.725995 0 0.687699 
vn -0.796093 0 0.605174 
vn -0.647386 0 0.762162 
vn -0.725995 0 0.687699 
vn -0.561187 0 0.827689 
vn -0.647386 0 0.762162 
vn -0.468408 0 0.883512 
vn -0.561187 0 0.827689 
vn -0.370138 0 0.928977 
vn -0.468408 0 0.883512 
vn -0.267528 0 0.96355 
vn -0.370138 0 0.928977 
vn -0.161782 0 0.986827 
vn -0.267528 0 0.96355 
vn -0.0541389 0 0.998533 
vn -0.161782 0 0.986827 
vn 0.0541389 0 0.998533 
vn -0.0541389 0 0.998533 
vn 0.161782 0 0.986827 
vn 0.0541389 0 0.998533 
vn 0.267528 0 0.96355 
vn 0.161782 0 0.986827 
vn 0.370138 0 0.928977 
vn 0.267528 0 0.96355 
vn 0.468408 0 0.883512 
vn 0.370138 0 0.928977 
vn 0.561187 0 0.827689 
vn 0.468408 0 0.883512 
vn 0.647386 0 0.762162 
vn 0.561187 0 0.827689 
vn 0.725995 0 0.687699 
vn 0.647386 0 0.762162 
vn 0.796093 0 0.605174 
vn 0.725995 0 0.687699 
vn 0.856857 0 0.515554 
vn 0.796093 0 0.605174 
vn 0.907575 0 0.419889 
vn 0.856857 0 0.515554 
vn 0.947653 0 0.319302 
vn 0.907575 0 0.419889 
vn 0.976621 0 0.21497 
vn 0.947653 0 0.319302 
vn 0.994138 0 0.108119 
vn 0.976621 0 0.21497 
usemtl 0.615686_0.811765_0.929412_0.000000_0.000000
o mesh0
f 59//1 1//1 2//1 
f 2//1 3//1 59//1 
f 3//1 4//1 59//1 
f 4//1 5//1 59//1 
f 5//1 6//1 59//1 
f 6//1 7//1 59//1 
f 7//1 8//1 59//1 
f 8//1 9//1 59//1 
f 9//1 10//1 59//1 
f 10//1 11//1 59//1 
f 11//1 12//1 59//1 
f 12//1 13//1 59//1 
f 13//1 14//1 59//1 
f 14//1 15//1 59//1 
f 15//1 16//1 59//1 
f 16//1 17//1 59//1 
f 17//1 18//1 59//1 
f 18//1 19//1 59//1 
f 19//1 20//1 59//1 
f 20//1 21//1 59//1 
f 21//1 22//1 59//1 
f 22//1 23//1 59//1 
f 23//1 24//1 59//1 
f 24//1 25//1 59//1 
f 25//1 26//1 59//1 
f 26//1 27//1 59//1 
f 27//1 28//1 59//1 
f 28//1 29//1 59//1 
f 29//1 30//1 59//1 
f 30//1 31//1 59//1 
f 31//1 32//1 59//1 
f 32//1 33//1 59//1 
f 33//1 34//1 59//1 
f 34//1 35//1 59//1 
f 35//1 36//1 59//1 
f 36//1 37//1 59//1 
f 37//1 38//1 59//1 
f 38//1 39//1 59//1 
f 39//1 40//1 59//1 
f 40//1 41//1 59//1 
f 41//1 42//1 59//1 
f 42//1 43//1 59//1 
f 43//1 44//1 59//1 
f 44//1 45//1 59//1 
f 45//1 46//1 59//1 
f 46//1 47//1 59//1 
f 47//1 48//1 59//1 
f 48//1 49//1 59//1 
f 49//1 50//1 59//1 
f 50//1 51//1 59//1 
f 51//1 52//1 59//1 
f 52//1 53//1 59//1 
f 53//1 54//1 59//1 
f 54//1 55//1 59//1 
f 55//1 56//1 59//1 
f 56//1 57//1 59//1 
f 57//1 58//1 59//1 
f 58//1 1//1 59//1 
o mesh1
f 118//2 60//3 61//4 
f 119//5 61//4 62//6 
f 120//7 62//6 63//8 
f 121//9 63//8 64//10 
f 122//11 64//10 65//12 
f 123//13 65//12 66//14 
f 124//15 66//14 67//16 
f 125//17 67//16 68//18 
f 126//19 68//18 69//20 
f 127//21 69//20 70//22 
f 128//23 70//22 71//24 
f 129//25 71//24 72//26 
f 130//27 72//26 73//28 
f 131//29 73//28 74//30 
f 132//31 74//30 75//32 
f 133//33 75//32 76//34 
f 134//35 76//34 77//36 
f 135//37 77//36 78//38 
f 136//39 78//38 79//40 
f 137//41 79//40 80//42 
f 138//43 80//42 81//44 
f 139//45 81//44 82//46 
f 140//47 82//46 83//48 
f 141//49 83//48 84//50 
f 142//51 84//50 85//52 
f 143//53 85//52 86//54 
f 144//55 86//54 87//56 
f 145//57 87//56 88//58 
f 146//59 88//58 89//60 
f 147//61 89//60 90//62 
f 148//63 90//62 91//64 
f 149//65 91//64 92//66 
f 150//67 92//66 93//68 
f 151//69 93//68 94//70 
f 152//71 94//70 95//72 
f 153//73 95//72 96//74 
f 154//75 96//74 97//76 
f 155//77 97//76 98//78 
f 156//79 98//78 99//80 
f 157//81 99//80 100//82 
f 158//83 100//82 101//84 
f 159//85 101//84 102//86 
f 160//87 102//86 103//88 
f 161//89 103//88 104//90 
f 162//91 104//90 105//92 
f 163//93 105//92 106//94 
f 164//95 106//94 107//96 
f 165//97 107//96 108//98 
f 166//99 108//98 109//100 
f 167//101 109//100 110//102 
f 168//103 110//102 111//104 
f 169//105 111//104 112//106 
f 170//107 112//106 113//108 
f 171//109 113//108 114//110 
f 172//111 114//110 115//112 
f 173//113 115//112 116//114 
f 174//115 116//114 117//116 
f 175//117 117//116 60//3 
f 176//118 118//2 119//5 
f 177//119 119//5 120//7 
f 178//120 120//7 121//9 
f 179//121 121//9 122//11 
f 180//122 122//11 123//13 
f 181//123 123//13 124//15 
f 182//124 124//15 125//17 
f 183//125 125//17 126//19 
f 184//126 126//19 127//21 
f 185//127 127//21 128//23 
f 186//128 128//23 129//25 
f 187//129 129//25 130//27 
f 188//130 130//27 131//29 
f 189//131 131//29 132//31 
f 190//132 132//31 133//33 
f 191//133 133//33 134//35 
f 192//134 134//35 135//37 
f 193//135 135//37 136//39 
f 194//136 136//39 137//41 
f 195//137 137//41 138//43 
f 196//138 138//43 139//45 
f 197//139 139//45 140//47 
f 198//140 140//47 141//49 
f 199//141 141//49 142//51 
f 200//142 142//51 143//53 
f 201//143 143//53 144//55 
f 202//144 144//55 145//57 
f 203//145 145//57 146//59 
f 204//146 146//59 147//61 
f 205//147 147//61 148//63 
f 206//148 148//63 149//65 
f 207//149 149//65 150//67 
f 208//150 150//67 151//69 
f 209//151 151//69 152//71 
f 210//152 152//71 153//73 
f 211//153 153//73 154//75 
f 212//154 154//75 155//77 
f 213//155 155//77 156//79 
f 214//156 156//79 157//81 
f 215//157 157//81 158//83 
f 216//158 158//83 159//85 
f 217//159 159//85 160//87 
f 218//160 160//87 161//89 
f 219//161 161//89 162//91 
f 220//162 162//91 163//93 
f 221//163 163//93 164//95 
f 222//164 164//95 165//97 
f 223//165 165//97 166//99 
f 224//166 166//99 167//101 
f 225//167 167//101 168//103 
f 226//168 168//103 169//105 
f 227//169 169//105 170//107 
f 228//170 170//107 171//109 
f 229//171 171//109 172//111 
f 230//172 172//111 173//113 
f 231//173 173//113 174//115 
f 232//174 174//115 175//117 
f 233//175 175//117 118//2 
f 234//176 176//118 177//119 
f 235//177 177//119 178//120 
f 236//178 178//120 179//121 
f 237//179 179//121 180//122 
f 238//180 180//122 181//123 
f 239//181 181//123 182//124 
f 240//182 182//124 183//125 
f 241//183 183//125 184//126 
f 242//184 184//126 185//127 
f 243//185 185//127 186//128 
f 244//186 186//128 187//129 
f 245//187 187//129 188//130 
f 246//188 188//130 189//131 
f 247//189 189//131 190//132 
f 248//190 190//132 191//133 
f 249//191 191//133 192//134 
f 250//192 192//134 193//135 
f 251//193 193//135 194//136 
f 252//194 194//136 195//137 
f 253//195 195//137 196//138 
f 254//196 196//138 197//139 
f 255//197 197//139 198//140 
f 256//198 198//140 199//141 
f 257//199 199//141 200//142 
f 258//200 200//142 201//143 
f 259//201 201//143 202//144 
f 260//202 202//144 203//145 
f 261//203 203//145 204//146 
f 262//204 204//146 205//147 
f 263//205 205//147 206//148 
f 264//206 206//148 207//149 
f 265//207 207//149 208//150 
f 266//208 208//150 209//151 
f 267//209 209//151 210//152 
f 268//210 210//152 211//153 
f 269//211 211//153 212//154 
f 270//212 212//154 213//155 
f 271//213 213//155 214//156 
f 272//214 214//156 215//157 
f 273//215 215//157 216//158 
f 274//216 216//158 217//159 
f 275//217 217//159 218//160 
f 276//218 218//160 219//161 
f 277//219 219//161 220//162 
f 278//220 220//162 221//163 
f 279//221 221//163 222//164 
f 280//222 222//164 223//165 
f 281//223 223//165 224//166 
f 282//224 224//166 225//167 
f 283//225 225//167 226//168 
f 284//226 226//168 227//169 
f 285//227 227//169 228//170 
f 286//228 228//170 229//171 
f 287//229 229//171 230//172 
f 288//230 230//172 231//173 
f 289//231 231//173 232//174 
f 290//232 232//174 233//175 
f 291//233 233//175 176//118 
f 292//234 234//176 235//177 
f 293//235 235//177 236//178 
f 294//236 236//178 237//179 
f 295//237 237//179 238//180 
f 296//238 238//180 239//181 
f 297//239 239//181 240//182 
f 298//240 240//182 241//183 
f 299//241 241//183 242//184 
f 300//242 242//184 243//185 
f 301//243 243//185 244//186 
f 302//244 244//186 245//187 
f 303//245 245//187 246//188 
f 304//246 246//188 247//189 
f 305//247 247//189 248//190 
f 306//248 248//190 249//191 
f 307//249 249//191 250//192 
f 308//250 250//192 251//193 
f 309//251 251//193 252//194 
f 310//252 252//194 253//195 
f 311//253 253//195 254//196 
f 312//254 254//196 255//197 
f 313//255 255//197 256//198 
f 314//256 256//198 257//199 
f 315//257 257//199 258//200 
f 316//258 258//200 259//201 
f 317//259 259//201 260//202 
f 318//260 260//202 261//203 
f 319//261 261//203 262//204 
f 320//262 262//204 263//205 
f 321//263 263//205 264//206 
f 322//264 264//206 265//207 
f 323//265 265//207 266//208 
f 324//266 266//208 267//209 
f 325//267 267//209 268//210 
f 326//268 268//210 269//211 
f 327//269 269//211 270//212 
f 328//270 270//212 271//213 
f 329//271 271//213 272//214 
f 330//272 272//214 273//215 
f 331//273 273//215 274//216 
f 332//274 274//216 275//217 
f 333//275 275//217 276//218 
f 334//276 276//218 277//219 
f 335//277 277//219 278//220 
f 336//278 278//220 279//221 
f 337//279 279//221 280//222 
f 338//280 280//222 281//223 
f 339//281 281//223 282//224 
f 340//282 282//224 283//225 
f 341//283 283//225 284//226 
f 342//284 284//226 285//227 
f 343//285 285//227 286//228 
f 344//286 286//228 287//229 
f 345//287 287//229 288//230 
f 346//288 288//230 289//231 
f 347//289 289//231 290//232 
f 348//290 290//232 291//233 
f 349//291 291//233 234//176 
f 350//292 292//234 293//235 
f 351//293 293//235 294//236 
f 352//294 294//236 295//237 
f 353//295 295//237 296//238 
f 354//296 296//238 297//239 
f 355//297 297//239 298//240 
f 356//298 298//240 299//241 
f 357//299 299//241 300//242 
f 358//300 300//242 301//243 
f 359//301 301//243 302//244 
f 360//302 302//244 303//245 
f 361//303 303//245 304//246 
f 362//304 304//246 305//247 
f 363//305 305//247 306//248 
f 364//306 306//248 307//249 
f 365//307 307//249 308//250 
f 366//308 308//250 309//251 
f 367//309 309//251 310//252 
f 368//310 310//252 311//253 
f 369//311 311//253 312//254 
f 370//312 312//254 313//255 
f 371//313 313//255 314//256 
f 372//314 314//256 315//257 
f 373//315 315//257 316//258 
f 374//316 316//258 317//259 
f 375//317 317//259 318//260 
f 376//318 318//260 319//261 
f 377//319 319//261 320//262 
f 378//320 320//262 321//263 
f 379//321 321//263 322//264 
f 380//322 322//264 323//265 
f 381//323 323//265 324//266 
f 382//324 324//266 325//267 
f 383//325 325//267 326//268 
f 384//326 326//268 327//269 
f 385//327 327//269 328//270 
f 386//328 328//270 329//271 
f 387//329 329//271 330//272 
f 388//330 330//272 331//273 
f 389//331 331//273 332//274 
f 390//332 332//274 333//275 
f 391//333 333//275 334//276 
f 392//334 334//276 335//277 
f 393//335 335//277 336//278 
f 394//336 336//278 337//279 
f 395//337 337//279 338//280 
f 396//338 338//280 339//281 
f 397//339 339//281 340//282 
f 398//340 340//282 341//283 
f 399//341 341//283 342//284 
f 400//342 342//284 343//285 
f 401//343 343//285 344//286 
f 402//344 344//286 345//287 
f 403//345 345//287 346//288 
f 404//346 346//288 347//289 
f 405//347 347//289 348//290 
f 406//348 348//290 349//291 
f 407//349 349//291 292//234 
f 408//350 350//292 351//293 
f 409//351 351//293 352//294 
f 410//352 352//294 353//295 
f 411//353 353//295 354//296 
f 412//354 354//296 355//297 
f 413//355 355//297 356//298 
f 414//356 356//298 357//299 
f 415//357 357//299 358//300 
f 416//358 358//300 359//301 
f 417//359 359//301 360//302 
f 418//360 360//302 361//303 
f 419//361 361//303 362//304 
f 420//362 362//304 363//305 
f 421//363 363//305 364//306 
f 422//364 364//306 365//307 
f 423//365 365//307 366//308 
f 424//366 366//308 367//309 
f 425//367 367//309 368//310 
f 426//368 368//310 369//311 
f 427//369 369//311 370//312 
f 428//370 370//312 371//313 
f 429//371 371//313 372//314 
f 430//372 372//314 373//315 
f 431//373 373//315 374//316 
f 432//374 374//316 375//317 
f 433//375 375//317 376//318 
f 434//376 376//318 377//319 
f 435//377 377//319 378//320 
f 436//378 378//320 379//321 
f 437//379 379//321 380//322 
f 438//380 380//322 381//323 
f 439//381 381//323 382//324 
f 440//382 382//324 383//325 
f 441//383 383//325 384//326 
f 442//384 384//326 385//327 
f 443//385 385//327 386//328 
f 444//386 386//328 387//329 
f 445//387 387//329 388//330 
f 446//388 388//330 389//331 
f 447//389 389//331 390//332 
f 448//390 390//332 391//333 
f 449//391 391//333 392//334 
f 450//392 392//334 393//335 
f 451//393 393//335 394//336 
f 452//394 394//336 395//337 
f 453//395 395//337 396//338 
f 454//396 396//338 397//339 
f 455//397 397//339 398//340 
f 456//398 398//340 399//341 
f 457//399 399//341 400//342 
f 458//400 400//342 401//343 
f 459//401 401//343 402//344 
f 460//402 402//344 403//345 
f 461//403 403//345 404//346 
f 462//404 404//346 405//347 
f 463//405 405//347 406//348 
f 464//406 406//348 407//349 
f 465//407 407//349 350//292 
f 466//408 408//350 409//351 
f 467//409 409//351 410//352 
f 468//410 410//352 411//353 
f 469//411 411//353 412//354 
f 470//412 412//354 413//355 
f 471//413 413//355 414//356 
f 472//414 414//356 415//357 
f 473//415 415//357 416//358 
f 474//416 416//358 417//359 
f 475//417 417//359 418//360 
f 476//418 418//360 419//361 
f 477//419 419//361 420//362 
f 478//420 420//362 421//363 
f 479//421 421//363 422//364 
f 480//422 422//364 423//365 
f 481//423 423//365 424//366 
f 482//424 424//366 425//367 
f 483//425 425//367 426//368 
f 484//426 426//368 427//369 
f 485//427 427//369 428//370 
f 486//428 428//370 429//371 
f 487//429 429//371 430//372 
f 488//430 430//372 431//373 
f 489//431 431//373 432//374 
f 490//432 432//374 433//375 
f 491//433 433//375 434//376 
f 492//434 434//376 435//377 
f 493//435 435//377 436//378 
f 494//436 436//378 437//379 
f 495//437 437//379 438//380 
f 496//438 438//380 439//381 
f 497//439 439//381 440//382 
f 498//440 440//382 441//383 
f 499//441 441//383 442//384 
f 500//442 442//384 443//385 
f 501//443 443//385 444//386 
f 502//444 444//386 445//387 
f 503//445 445//387 446//388 
f 504//446 446//388 447//389 
f 505//447 447//389 448//390 
f 506//448 448//390 449//391 
f 507//449 449//391 450//392 
f 508//450 450//392 451//393 
f 509//451 451//393 452//394 
f 510//452 452//394 453//395 
f 511//453 453//395 454//396 
f 512//454 454//396 455//397 
f 513//455 455//397 456//398 
f 514//456 456//398 457//399 
f 515//457 457//399 458//400 
f 516//458 458//400 459//401 
f 517//459 459//401 460//402 
f 518//460 460//402 461//403 
f 519//461 461//403 462//404 
f 520//462 462//404 463//405 
f 521//463 463//405 464//406 
f 522//464 464//406 465//407 
f 523//465 465//407 408//350 
f 524//466 466//408 467//409 
f 525//467 467//409 468//410 
f 526//468 468//410 469//411 
f 527//469 469//411 470//412 
f 528//470 470//412 471//413 
f 529//471 471//413 472//414 
f 530//472 472//414 473//415 
f 531//473 473//415 474//416 
f 532//474 474//416 475//417 
f 533//475 475//417 476//418 
f 534//476 476//418 477//419 
f 535//477 477//419 478//420 
f 536//478 478//420 479//421 
f 537//479 479//421 480//422 
f 538//480 480//422 481//423 
f 539//481 481//423 482//424 
f 540//482 482//424 483//425 
f 541//483 483//425 484//426 
f 542//484 484//426 485//427 
f 543//485 485//427 486//428 
f 544//486 486//428 487//429 
f 545//487 487//429 488//430 
f 546//488 488//430 489//431 
f 547//489 489//431 490//432 
f 548//490 490//432 491//433 
f 549//491 491//433 492//434 
f 550//492 492//434 493//435 
f 551//493 493//435 494//436 
f 552//494 494//436 495//437 
f 553//495 495//437 496//438 
f 554//496 496//438 497//439 
f 555//497 497//439 498//440 
f 556//498 498//440 499//441 
f 557//499 499//441 500//442 
f 558//500 500//442 501//443 
f 559//501 501//443 502//444 
f 560//502 502//444 503//445 
f 561//503 503//445 504//446 
f 562//504 504//446 505//447 
f 563//505 505//447 506//448 
f 564//506 506//448 507//449 
f 565//507 507//449 508//450 
f 566//508 508//450 509//451 
f 567//509 509//451 510//452 
f 568//510 510//452 511//453 
f 569//511 511//453 512//454 
f 570//512 512//454 513//455 
f 571//513 513//455 514//456 
f 572//514 514//456 515//457 
f 573//515 515//457 516//458 
f 574//516 516//458 517//459 
f 575//517 517//459 518//460 
f 576//518 518//460 519//461 
f 577//519 519//461 520//462 
f 578//520 520//462 521//463 
f 579//521 521//463 522//464 
f 580//522 522//464 523//465 
f 581//523 523//465 466//408 
f 582//524 524//466 525//467 
f 583//525 525//467 526//468 
f 584//526 526//468 527//469 
f 585//527 527//469 528//470 
f 586//528 528//470 529//471 
f 587//529 529//471 530//472 
f 588//530 530//472 531//473 
f 589//531 531//473 532//474 
f 590//532 532//474 533//475 
f 591//533 533//475 534//476 
f 592//534 534//476 535//477 
f 593//535 535//477 536//478 
f 594//536 536//478 537//479 
f 595//537 537//479 538//480 
f 596//538 538//480 539//481 
f 597//539 539//481 540//482 
f 598//540 540//482 541//483 
f 599//541 541//483 542//484 
f 600//542 542//484 543//485 
f 601//543 543//485 544//486 
f 602//544 544//486 545//487 
f 603//545 545//487 546//488 
f 604//546 546//488 547//489 
f 605//547 547//489 548//490 
f 606//548 548//490 549//491 
f 607//549 549//491 550//492 
f 608//550 550//492 551//493 
f 609//551 551//493 552//494 
f 610//552 552//494 553//495 
f 611//553 553//495 554//496 
f 612//554 554//496 555//497 
f 613//555 555//497 556//498 
f 614//556 556//498 557//499 
f 615//557 557//499 558//500 
f 616//558 558//500 559//501 
f 617//559 559//501 560//502 
f 618//560 560//502 561//503 
f 619//561 561//503 562//504 
f 620//562 562//504 563//505 
f 621//563 563//505 564//506 
f 622//564 564//506 565//507 
f 623//565 565//507 566//508 
f 624//566 566//508 567//509 
f 625//567 567//509 568//510 
f 626//568 568//510 569//511 
f 627//569 569//511 570//512 
f 628//570 570//512 571//513 
f 629//571 571//513 572//514 
f 630//572 572//514 573//515 
f 631//573 573//515 574//516 
f 632//574 574//516 575//517 
f 633//575 575//517 576//518 
f 634//576 576//518 577//519 
f 635//577 577//519 578//520 
f 636//578 578//520 579//521 
f 637//579 579//521 580//522 
f 638//580 580//522 581//523 
f 639//581 581//523 524//466 
f 640//582 582//524 583//525 
f 641//583 583//525 584//526 
f 642//584 584//526 585//527 
f 643//585 585//527 586//528 
f 644//586 586//528 587//529 
f 645//587 587//529 588//530 
f 646//588 588//530 589//531 
f 647//589 589//531 590//532 
f 648//590 590//532 591//533 
f 649//591 591//533 592//534 
f 650//592 592//534 593//535 
f 651//593 593//535 594//536 
f 652//594 594//536 595//537 
f 653//595 595//537 596//538 
f 654//596 596//538 597//539 
f 655//597 597//539 598//540 
f 656//598 598//540 599//541 
f 657//599 599//541 600//542 
f 658//600 600//542 601//543 
f 659//601 601//543 602//544 
f 660//602 602//544 603//545 
f 661//603 603//545 604//546 
f 662//604 604//546 605//547 
f 663//605 605//547 606//548 
f 664//606 606//548 607//549 
f 665//607 607//549 608//550 
f 666//608 608//550 609//551 
f 667//609 609//551 610//552 
f 668//610 610//552 611//553 
f 669//611 611//553 612//554 
f 670//612 612//554 613//555 
f 671//613 613//555 614//556 
f 672//614 614//556 615//557 
f 673//615 615//557 616//558 
f 674//616 616//558 617//559 
f 675//617 617//559 618//560 
f 676//618 618//560 619//561 
f 677//619 619//561 620//562 
f 678//620 620//562 621//563 
f 679//621 621//563 622//564 
f 680//622 622//564 623//565 
f 681//623 623//565 624//566 
f 682//624 624//566 625//567 
f 683//625 625//567 626//568 
f 684//626 626//568 627//569 
f 685//627 627//569 628//570 
f 686//628 628//570 629//571 
f 687//629 629//571 630//572 
f 688//630 630//572 631//573 
f 689//631 631//573 632//574 
f 690//632 632//574 633//575 
f 691//633 633//575 634//576 
f 692//634 634//576 635//577 
f 693//635 635//577 636//578 
f 694//636 636//578 637//579 
f 695//637 637//579 638//580 
f 696//638 638//580 639//581 
f 697//639 639//581 582//524 
f 698//640 640//582 641//583 
f 699//641 641//583 642//584 
f 700//642 642//584 643//585 
f 701//643 643//585 644//586 
f 702//644 644//586 645//587 
f 703//645 645//587 646//588 
f 704//646 646//588 647//589 
f 705//647 647//589 648//590 
f 706//648 648//590 649//591 
f 707//649 649//591 650//592 
f 708//650 650//592 651//593 
f 709//651 651//593 652//594 
f 710//652 652//594 653//595 
f 711//653 653//595 654//596 
f 712//654 654//596 655//597 
f 713//655 655//597 656//598 
f 714//656 656//598 657//599 
f 715//657 657//599 658//600 
f 716//658 658//600 659//601 
f 717//659 659//601 660//602 
f 718//660 660//602 661//603 
f 719//661 661//603 662//604 
f 720//662 662//604 663//605 
f 721//663 663//605 664//606 
f 722//664 664//606 665//607 
f 723//665 665//607 666//608 
f 724//666 666//608 667//609 
f 725//667 667//609 668//610 
f 726//668 668//610 669//611 
f 727//669 669//611 670//612 
f 728//670 670//612 671//613 
f 729//671 671//613 672//614 
f 730//672 672//614 673//615 
f 731//673 673//615 674//616 
f 732//674 674//616 675//617 
f 733//675 675//617 676//618 
f 734//676 676//618 677//619 
f 735//677 677//619 678//620 
f 736//678 678//620 679//621 
f 737//679 679//621 680//622 
f 738//680 680//622 681//623 
f 739//681 681//623 682//624 
f 740//682 682//624 683//625 
f 741//683 683//625 684//626 
f 742//684 684//626 685//627 
f 743//685 685//627 686//628 
f 744//686 686//628 687//629 
f 745//687 687//629 688//630 
f 746//688 688//630 689//631 
f 747//689 689//631 690//632 
f 748//690 690//632 691//633 
f 749//691 691//633 692//634 
f 750//692 692//634 693//635 
f 751//693 693//635 694//636 
f 752//694 694//636 695//637 
f 753//695 695//637 696//638 
f 754//696 696//638 697//639 
f 755//697 697//639 640//582 
f 756//698 698//640 699//641 
f 757//699 699//641 700//642 
f 758//700 700//642 701//643 
f 759//701 701//643 702//644 
f 760//702 702//644 703//645 
f 761//703 703//645 704//646 
f 762//704 704//646 705//647 
f 763//705 705//647 706//648 
f 764//706 706//648 707//649 
f 765//707 707//649 708//650 
f 766//708 708//650 709//651 
f 767//709 709//651 710//652 
f 768//710 710//652 711//653 
f 769//711 711//653 712//654 
f 770//712 712//654 713//655 
f 771//713 713//655 714//656 
f 772//714 714//656 715//657 
f 773//715 715//657 716//658 
f 774//716 716//658 717//659 
f 775//717 717//659 718//660 
f 776//718 718//660 719//661 
f 777//719 719//661 720//662 
f 778//720 720//662 721//663 
f 779//721 721//663 722//664 
f 780//722 722//664 723//665 
f 781//723 723//665 724//666 
f 782//724 724//666 725//667 
f 783//725 725//667 726//668 
f 784//726 726//668 727//669 
f 785//727 727//669 728//670 
f 786//728 728//670 729//671 
f 787//729 729//671 730//672 
f 788//730 730//672 731//673 
f 789//731 731//673 732//674 
f 790//732 732//674 733//675 
f 791//733 733//675 734//676 
f 792//734 734//676 735//677 
f 793//735 735//677 736//678 
f 794//736 736//678 737//679 
f 795//737 737//679 738//680 
f 796//738 738//680 739//681 
f 797//739 739//681 740//682 
f 798//740 740//682 741//683 
f 799//741 741//683 742//684 
f 800//742 742//684 743//685 
f 801//743 743//685 744//686 
f 802//744 744//686 745//687 
f 803//745 745//687 746//688 
f 804//746 746//688 747//689 
f 805//747 747//689 748//690 
f 806//748 748//690 749//691 
f 807//749 749//691 750//692 
f 808//750 750//692 751//693 
f 809//751 751//693 752//694 
f 810//752 752//694 753//695 
f 811//753 753//695 754//696 
f 812//754 754//696 755//697 
f 813//755 755//697 698//640 
f 814//756 756//698 757//699 
f 815//757 757//699 758//700 
f 816//758 758//700 759//701 
f 817//759 759//701 760//702 
f 818//760 760//702 761//703 
f 819//761 761//703 762//704 
f 820//762 762//704 763//705 
f 821//763 763//705 764//706 
f 822//764 764//706 765//707 
f 823//765 765//707 766//708 
f 824//766 766//708 767//709 
f 825//767 767//709 768//710 
f 826//768 768//710 769//711 
f 827//769 769//711 770//712 
f 828//770 770//712 771//713 
f 829//771 771//713 772//714 
f 830//772 772//714 773//715 
f 831//773 773//715 774//716 
f 832//774 774//716 775//717 
f 833//775 775//717 776//718 
f 834//776 776//718 777//719 
f 835//777 777//719 778//720 
f 836//778 778//720 779//721 
f 837//779 779//721 780//722 
f 838//780 780//722 781//723 
f 839//781 781//723 782//724 
f 840//782 782//724 783//725 
f 841//783 783//725 784//726 
f 842//784 784//726 785//727 
f 843//785 785//727 786//728 
f 844//786 786//728 787//729 
f 845//787 787//729 788//730 
f 846//788 788//730 789//731 
f 847//789 789//731 790//732 
f 848//790 790//732 791//733 
f 849//791 791//733 792//734 
f 850//792 792//734 793//735 
f 851//793 793//735 794//736 
f 852//794 794//736 795//737 
f 853//795 795//737 796//738 
f 854//796 796//738 797//739 
f 855//797 797//739 798//740 
f 856//798 798//740 799//741 
f 857//799 799//741 800//742 
f 858//800 800//742 801//743 
f 859//801 801//743 802//744 
f 860//802 802//744 803//745 
f 861//803 803//745 804//746 
f 862//804 804//746 805//747 
f 863//805 805//747 806//748 
f 864//806 806//748 807//749 
f 865//807 807//749 808//750 
f 866//808 808//750 809//751 
f 867//809 809//751 810//752 
f 868//810 810//752 811//753 
f 869//811 811//753 812//754 
f 870//812 812//754 813//755 
f 871//813 813//755 756//698 
f 872//814 814//756 815//757 
f 873//815 815//757 816//758 
f 874//816 816//758 817//759 
f 875//817 817//759 818//760 
f 876//818 818//760 819//761 
f 877//819 819//761 820//762 
f 878//820 820//762 821//763 
f 879//821 821//763 822//764 
f 880//822 822//764 823//765 
f 881//823 823//765 824//766 
f 882//824 824//766 825//767 
f 883//825 825//767 826//768 
f 884//826 826//768 827//769 
f 885//827 827//769 828//770 
f 886//828 828//770 829//771 
f 887//829 829//771 830//772 
f 888//830 830//772 831//773 
f 889//831 831//773 832//774 
f 890//832 832//774 833//775 
f 891//833 833//775 834//776 
f 892//834 834//776 835//777 
f 893//835 835//777 836//778 
f 894//836 836//778 837//779 
f 895//837 837//779 838//780 
f 896//838 838//780 839//781 
f 897//839 839//781 840//782 
f 898//840 840//782 841//783 
f 899//841 841//783 842//784 
f 900//842 842//784 843//785 
f 901//843 843//785 844//786 
f 902//844 844//786 845//787 
f 903//845 845//787 846//788 
f 904//846 846//788 847//789 
f 905//847 847//789 848//790 
f 906//848 848//790 849//791 
f 907//849 849//791 850//792 
f 908//850 850//792 851//793 
f 909//851 851//793 852//794 
f 910//852 852//794 853//795 
f 911//853 853//795 854//796 
f 912//854 854//796 855//797 
f 913//855 855//797 856//798 
f 914//856 856//798 857//799 
f 915//857 857//799 858//800 
f 916//858 858//800 859//801 
f 917//859 859//801 860//802 
f 918//860 860//802 861//803 
f 919//861 861//803 862//804 
f 920//862 862//804 863//805 
f 921//863 863//805 864//806 
f 922//864 864//806 865//807 
f 923//865 865//807 866//808 
f 924//866 866//808 867//809 
f 925//867 867//809 868//810 
f 926//868 868//810 869//811 
f 927//869 869//811 870//812 
f 928//870 870//812 871//813 
f 929//871 871//813 814//756 
f 58//872 872//814 873//815 
f 1//872 873//815 874//816 
f 2//872 874//816 875//817 
f 3//872 875//817 876//818 
f 4//872 876//818 877//819 
f 5//872 877//819 878//820 
f 6//872 878//820 879//821 
f 7//872 879//821 880//822 
f 8//872 880//822 881//823 
f 9//872 881//823 882//824 
f 10//872 882//824 883//825 
f 11//872 883//825 884//826 
f 12//872 884//826 885//827 
f 13//872 885//827 886//828 
f 14//872 886//828 887//829 
f 15//872 887//829 888//830 
f 16//872 888//830 889//831 
f 17//872 889//831 890//832 
f 18//872 890//832 891//833 
f 19//872 891//833 892//834 
f 20//872 892//834 893//835 
f 21//872 893//835 894//836 
f 22//872 894//836 895//837 
f 23//872 895//837 896//838 
f 24//872 896//838 897//839 
f 25//872 897//839 898//840 
f 26//872 898//840 899//841 
f 27//872 899//841 900//842 
f 28//872 900//842 901//843 
f 29//872 901//843 902//844 
f 30//872 902//844 903//845 
f 31//872 903//845 904//846 
f 32//872 904//846 905//847 
f 33//872 905//847 906//848 
f 34//872 906//848 907//849 
f 35//872 907//849 908//850 
f 36//872 908//850 909//851 
f 37//872 909//851 910//852 
f 38//872 910//852 911//853 
f 39//872 911//853 912//854 
f 40//872 912//854 913//855 
f 41//872 913//855 914//856 
f 42//872 914//856 915//857 
f 43//872 915//857 916//858 
f 44//872 916//858 917//859 
f 45//872 917//859 918//860 
f 46//872 918//860 919//861 
f 47//872 919//861 920//862 
f 48//872 920//862 921//863 
f 49//872 921//863 922//864 
f 50//872 922//864 923//865 
f 51//872 923//865 924//866 
f 52//872 924//866 925//867 
f 53//872 925//867 926//868 
f 54//872 926//868 927//869 
f 55//872 927//869 928//870 
f 56//872 928//870 929//871 
f 57//872 929//871 872//814 
f 872//814 58//872 57//872 
f 929//871 57//872 56//872 
f 928//870 56//872 55//872 
f 927//869 55//872 54//872 
f 926//868 54//872 53//872 
f 925//867 53//872 52//872 
f 924//866 52//872 51//872 
f 923//865 51//872 50//872 
f 922//864 50//872 49//872 
f 921//863 49//872 48//872 
f 920//862 48//872 47//872 
f 919//861 47//872 46//872 
f 918//860 46//872 45//872 
f 917//859 45//872 44//872 
f 916//858 44//872 43//872 
f 915//857 43//872 42//872 
f 914//856 42//872 41//872 
f 913//855 41//872 40//872 
f 912//854 40//872 39//872 
f 911//853 39//872 38//872 
f 910//852 38//872 37//872 
f 909//851 37//872 36//872 
f 908//850 36//872 35//872 
f 907//849 35//872 34//872 
f 906//848 34//872 33//872 
f 905//847 33//872 32//872 
f 904//846 32//872 31//872 
f 903//845 31//872 30//872 
f 902//844 30//872 29//872 
f 901//843 29//872 28//872 
f 900//842 28//872 27//872 
f 899//841 27//872 26//872 
f 898//840 26//872 25//872 
f 897//839 25//872 24//872 
f 896//838 24//872 23//872 
f 895//837 23//872 22//872 
f 894//836 22//872 21//872 
f 893//835 21//872 20//872 
f 892//834 20//872 19//872 
f 891//833 19//872 18//872 
f 890//832 18//872 17//872 
f 889//831 17//872 16//872 
f 888//830 16//872 15//872 
f 887//829 15//872 14//872 
f 886//828 14//872 13//872 
f 885//827 13//872 12//872 
f 884//826 12//872 11//872 
f 883//825 11//872 10//872 
f 882//824 10//872 9//872 
f 881//823 9//872 8//872 
f 880//822 8//872 7//872 
f 879//821 7//872 6//872 
f 878//820 6//872 5//872 
f 877//819 5//872 4//872 
f 876//818 4//872 3//872 
f 875//817 3//872 2//872 
f 874//816 2//872 1//872 
f 873//815 1//872 58//872 
f 814//756 872//814 929//871 
f 871//813 929//871 928//870 
f 870//812 928//870 927//869 
f 869//811 927//869 926//868 
f 868//810 926//868 925//867 
f 867//809 925//867 924//866 
f 866//808 924//866 923//865 
f 865//807 923//865 922//864 
f 864//806 922//864 921//863 
f 863//805 921//863 920//862 
f 862//804 920//862 919//861 
f 861//803 919//861 918//860 
f 860//802 918//860 917//859 
f 859//801 917//859 916//858 
f 858//800 916//858 915//857 
f 857//799 915//857 914//856 
f 856//798 914//856 913//855 
f 855//797 913//855 912//854 
f 854//796 912//854 911//853 
f 853//795 911//853 910//852 
f 852//794 910//852 909//851 
f 851//793 909//851 908//850 
f 850//792 908//850 907//849 
f 849//791 907//849 906//848 
f 848//790 906//848 905//847 
f 847//789 905//847 904//846 
f 846//788 904//846 903//845 
f 845//787 903//845 902//844 
f 844//786 902//844 901//843 
f 843//785 901//843 900//842 
f 842//784 900//842 899//841 
f 841//783 899//841 898//840 
f 840//782 898//840 897//839 
f 839//781 897//839 896//838 
f 838//780 896//838 895//837 
f 837//779 895//837 894//836 
f 836//778 894//836 893//835 
f 835//777 893//835 892//834 
f 834//776 892//834 891//833 
f 833//775 891//833 890//832 
f 832//774 890//832 889//831 
f 831//773 889//831 888//830 
f 830//772 888//830 887//829 
f 829//771 887//829 886//828 
f 828//770 886//828 885//827 
f 827//769 885//827 884//826 
f 826//768 884//826 883//825 
f 825//767 883//825 882//824 
f 824//766 882//824 881//823 
f 823//765 881//823 880//822 
f 822//764 880//822 879//821 
f 821//763 879//821 878//820 
f 820//762 878//820 877//819 
f 819//761 877//819 876//818 
f 818//760 876//818 875//817 
f 817//759 875//817 874//816 
f 816//758 874//816 873//815 
f 815//757 873//815 872//814 
f 756//698 814//756 871//813 
f 813//755 871//813 870//812 
f 812//754 870//812 869//811 
f 811//753 869//811 868//810 
f 810//752 868//810 867//809 
f 809//751 867//809 866//808 
f 808//750 866//808 865//807 
f 807//749 865//807 864//806 
f 806//748 864//806 863//805 
f 805//747 863//805 862//804 
f 804//746 862//804 861//803 
f 803//745 861//803 860//802 
f 802//744 860//802 859//801 
f 801//743 859//801 858//800 
f 800//742 858//800 857//799 
f 799//741 857//799 856//798 
f 798//740 856//798 855//797 
f 797//739 855//797 854//796 
f 796//738 854//796 853//795 
f 795//737 853//795 852//794 
f 794//736 852//794 851//793 
f 793//735 851//793 850//792 
f 792//734 850//792 849//791 
f 791//733 849//791 848//790 
f 790//732 848//790 847//789 
f 789//731 847//789 846//788 
f 788//730 846//788 845//787 
f 787//729 845//787 844//786 
f 786//728 844//786 843//785 
f 785//727 843//785 842//784 
f 784//726 842//784 841//783 
f 783//725 841//783 840//782 
f 782//724 840//782 839//781 
f 781//723 839//781 838//780 
f 780//722 838//780 837//779 
f 779//721 837//779 836//778 
f 778//720 836//778 835//777 
f 777//719 835//777 834//776 
f 776//718 834//776 833//775 
f 775//717 833//775 832//774 
f 774//716 832//774 831//773 
f 773//715 831//773 830//772 
f 772//714 830//772 829//771 
f 771//713 829//771 828//770 
f 770//712 828//770 827//769 
f 769//711 827//769 826//768 
f 768//710 826//768 825//767 
f 767//709 825//767 824//766 
f 766//708 824//766 823//765 
f 765//707 823//765 822//764 
f 764//706 822//764 821//763 
f 763//705 821//763 820//762 
f 762//704 820//762 819//761 
f 761//703 819//761 818//760 
f 760//702 818//760 817//759 
f 759//701 817//759 816//758 
f 758//700 816//758 815//757 
f 757//699 815//757 814//756 
f 698//640 756//698 813//755 
f 755//697 813//755 812//754 
f 754//696 812//754 811//753 
f 753//695 811//753 810//752 
f 752//694 810//752 809//751 
f 751//693 809//751 808//750 
f 750//692 808//750 807//749 
f 749//691 807//749 806//748 
f 748//690 806//748 805//747 
f 747//689 805//747 804//746 
f 746//688 804//746 803//745 
f 745//687 803//745 802//744 
f 744//686 802//744 801//743 
f 743//685 801//743 800//742 
f 742//684 800//742 799//741 
f 741//683 799//741 798//740 
f 740//682 798//740 797//739 
f 739//681 797//739 796//738 
f 738//680 796//738 795//737 
f 737//679 795//737 794//736 
f 736//678 794//736 793//735 
f 735//677 793//735 792//734 
f 734//676 792//734 791//733 
f 733//675 791//733 790//732 
f 732//674 790//732 789//731 
f 731//673 789//731 788//730 
f 730//672 788//730 787//729 
f 729//671 787//729 786//728 
f 728//670 786//728 785//727 
f 727//669 785//727 784//726 
f 726//668 784//726 783//725 
f 725//667 783//725 782//724 
f 724//666 782//724 781//723 
f 723//665 781//723 780//722 
f 722//664 780//722 779//721 
f 721//663 779//721 778//720 
f 720//662 778//720 777//719 
f 719//661 777//719 776//718 
f 718//660 776//718 775//717 
f 717//659 775//717 774//716 
f 716//658 774//716 773//715 
f 715//657 773//715 772//714 
f 714//656 772//714 771//713 
f 713//655 771//713 770//712 
f 712//654 770//712 769//711 
f 711//653 769//711 768//710 
f 710//652 768//710 767//709 
f 709//651 767//709 766//708 
f 708//650 766//708 765//707 
f 707//649 765//707 764//706 
f 706//648 764//706 763//705 
f 705//647 763//705 762//704 
f 704//646 762//704 761//703 
f 703//645 761//703 760//702 
f 702//644 760//702 759//701 
f 701//643 759//701 758//700 
f 700//642 758//700 757//699 
f 699//641 757//699 756//698 
f 640//582 698//640 755//697 
f 697//639 755//697 754//696 
f 696//638 754//696 753//695 
f 695//637 753//695 752//694 
f 694//636 752//694 751//693 
f 693//635 751//693 750//692 
f 692//634 750//692 749//691 
f 691//633 749//691 748//690 
f 690//632 748//690 747//689 
f 689//631 747//689 746//688 
f 688//630 746//688 745//687 
f 687//629 745//687 744//686 
f 686//628 744//686 743//685 
f 685//627 743//685 742//684 
f 684//626 742//684 741//683 
f 683//625 741//683 740//682 
f 682//624 740//682 739//681 
f 681//623 739//681 738//680 
f 680//622 738//680 737//679 
f 679//621 737//679 736//678 
f 678//620 736//678 735//677 
f 677//619 735//677 734//676 
f 676//618 734//676 733//675 
f 675//617 733//675 732//674 
f 674//616 732//674 731//673 
f 673//615 731//673 730//672 
f 672//614 730//672 729//671 
f 671//613 729//671 728//670 
f 670//612 728//670 727//669 
f 669//611 727//669 726//668 
f 668//610 726//668 725//667 
f 667//609 725//667 724//666 
f 666//608 724//666 723//665 
f 665//607 723//665 722//664 
f 664//606 722//664 721//663 
f 663//605 721//663 720//662 
f 662//604 720//662 719//661 
f 661//603 719//661 718//660 
f 660//602 718//660 717//659 
f 659//601 717//659 716//658 
f 658//600 716//658 715//657 
f 657//599 715//657 714//656 
f 656//598 714//656 713//655 
f 655//597 713//655 712//654 
f 654//596 712//654 711//653 
f 653//595 711//653 710//652 
f 652//594 710//652 709//651 
f 651//593 709//651 708//650 
f 650//592 708//650 707//649 
f 649//591 707//649 706//648 
f 648//590 706//648 705//647 
f 647//589 705//647 704//646 
f 646//588 704//646 703//645 
f 645//587 703//645 702//644 
f 644//586 702//644 701//643 
f 643//585 701//643 700//642 
f 642//584 700//642 699//641 
f 641//583 699//641 698//640 
f 582//524 640//582 697//639 
f 639//581 697//639 696//638 
f 638//580 696//638 695//637 
f 637//579 695//637 694//636 
f 636//578 694//636 693//635 
f 635//577 693//635 692//634 
f 634//576 692//634 691//633 
f 633//575 691//633 690//632 
f 632//574 690//632 689//631 
f 631//573 689//631 688//630 
f 630//572 688//630 687//629 
f 629//571 687//629 686//628 
f 628//570 686//628 685//627 
f 627//569 685//627 684//626 
f 626//568 684//626 683//625 
f 625//567 683//625 682//624 
f 624//566 682//624 681//623 
f 623//565 681//623 680//622 
f 622//564 680//622 679//621 
f 621//563 679//621 678//620 
f 620//562 678//620 677//619 
f 619//561 677//619 676//618 
f 618//560 676//618 675//617 
f 617//559 675//617 674//616 
f 616//558 674//616 673//615 
f 615//557 673//615 672//614 
f 614//556 672//614 671//613 
f 613//555 671//613 670//612 
f 612//554 670//612 669//611 
f 611//553 669//611 668//610 
f 610//552 668//610 667//609 
f 609//551 667//609 666//608 
f 608//550 666//608 665//607 
f 607//549 665//607 664//606 
f 606//548 664//606 663//605 
f 605//547 663//605 662//604 
f 604//546 662//604 661//603 
f 603//545 661//603 660//602 
f 602//544 660//602 659//601 
f 601//543 659//601 658//600 
f 600//542 658//600 657//599 
f 599//541 657//599 656//598 
f 598//540 656//598 655//597 
f 597//539 655//597 654//596 
f 596//538 654//596 653//595 
f 595//537 653//595 652//594 
f 594//536 652//594 651//593 
f 593//535 651//593 650//592 
f 592//534 650//592 649//591 
f 591//533 649//591 648//590 
f 590//532 648//590 647//589 
f 589//531 647//589 646//588 
f 588//530 646//588 645//587 
f 587//529 645//587 644//586 
f 586//528 644//586 643//585 
f 585//527 643//585 642//584 
f 584//526 642//584 641//583 
f 583//525 641//583 640//582 
f 524//466 582//524 639//581 
f 581//523 639//581 638//580 
f 580//522 638//580 637//579 
f 579//521 637//579 636//578 
f 578//520 636//578 635//577 
f 577//519 635//577 634//576 
f 576//518 634//576 633//575 
f 575//517 633//575 632//574 
f 574//516 632//574 631//573 
f 573//515 631//573 630//572 
f 572//514 630//572 629//571 
f 571//513 629//571 628//570 
f 570//512 628//570 627//569 
f 569//511 627//569 626//568 
f 568//510 626//568 625//567 
f 567//509 625//567 624//566 
f 566//508 624//566 623//565 
f 565//507 623//565 622//564 
f 564//506 622//564 621//563 
f 563//505 621//563 620//562 
f 562//504 620//562 619//561 
f 561//503 619//561 618//560 
f 560//502 618//560 617//559 
f 559//501 617//559 616//558 
f 558//500 616//558 615//557 
f 557//499 615//557 614//556 
f 556//498 614//556 613//555 
f 555//497 613//555 612//554 
f 554//496 612//554 611//553 
f 553//495 611//553 610//552 
f 552//494 610//552 609//551 
f 551//493 609//551 608//550 
f 550//492 608//550 607//549 
f 549//491 607//549 606//548 
f 548//490 606//548 605//547 
f 547//489 605//547 604//546 
f 546//488 604//546 603//545 
f 545//487 603//545 602//544 
f 544//486 602//544 601//543 
f 543//485 601//543 600//542 
f 542//484 600//542 599//541 
f 541//483 599//541 598//540 
f 540//482 598//540 597//539 
f 539//481 597//539 596//538 
f 538//480 596//538 595//537 
f 537//479 595//537 594//536 
f 536//478 594//536 593//535 
f 535//477 593//535 592//534 
f 534//476 592//534 591//533 
f 533//475 591//533 590//532 
f 532//474 590//532 589//531 
f 531//473 589//531 588//530 
f 530//472 588//530 587//529 
f 529//471 587//529 586//528 
f 528//470 586//528 585//527 
f 527//469 585//527 584//526 
f 526//468 584//526 583//525 
f 525//467 583//525 582//524 
f 466//408 524//466 581//523 
f 523//465 581//523 580//522 
f 522//464 580//522 579//521 
f 521//463 579//521 578//520 
f 520//462 578//520 577//519 
f 519//461 577//519 576//518 
f 518//460 576//518 575//517 
f 517//459 575//517 574//516 
f 516//458 574//516 573//515 
f 515//457 573//515 572//514 
f 514//456 572//514 571//513 
f 513//455 571//513 570//512 
f 512//454 570//512 569//511 
f 511//453 569//511 568//510 
f 510//452 568//510 567//509 
f 509//451 567//509 566//508 
f 508//450 566//508 565//507 
f 507//449 565//507 564//506 
f 506//448 564//506 563//505 
f 505//447 563//505 562//504 
f 504//446 562//504 561//503 
f 503//445 561//503 560//502 
f 502//444 560//502 559//501 
f 501//443 559//501 558//500 
f 500//442 558//500 557//499 
f 499//441 557//499 556//498 
f 498//440 556//498 555//497 
f 497//439 555//497 554//496 
f 496//438 554//496 553//495 
f 495//437 553//495 552//494 
f 494//436 552//494 551//493 
f 493//435 551//493 550//492 
f 492//434 550//492 549//491 
f 491//433 549//491 548//490 
f 490//432 548//490 547//489 
f 489//431 547//489 546//488 
f 488//430 546//488 545//487 
f 487//429 545//487 544//486 
f 486//428 544//486 543//485 
f 485//427 543//485 542//484 
f 484//426 542//484 541//483 
f 483//425 541//483 540//482 
f 482//424 540//482 539//481 
f 481//423 539//481 538//480 
f 480//422 538//480 537//479 
f 479//421 537//479 536//478 
f 478//420 536//478 535//477 
f 477//419 535//477 534//476 
f 476//418 534//476 533//475 
f 475//417 533//475 532//474 
f 474//416 532//474 531//473 
f 473//415 531//473 530//472 
f 472//414 530//472 529//471 
f 471//413 529//471 528//470 
f 470//412 528//470 527//469 
f 469//411 527//469 526//468 
f 468//410 526//468 525//467 
f 467//409 525//467 524//466 
f 408//350 466//408 523//465 
f 465//407 523//465 522//464 
f 464//406 522//464 521//463 
f 463//405 521//463 520//462 
f 462//404 520//462 519//461 
f 461//403 519//461 518//460 
f 460//402 518//460 517//459 
f 459//401 517//459 516//458 
f 458//400 516//458 515//457 
f 457//399 515//457 514//456 
f 456//398 514//456 513//455 
f 455//397 513//455 512//454 
f 454//396 512//454 511//453 
f 453//395 511//453 510//452 
f 452//394 510//452 509//451 
f 451//393 509//451 508//450 
f 450//392 508//450 507//449 
f 449//391 507//449 506//448 
f 448//390 506//448 505//447 
f 447//389 505//447 504//446 
f 446//388 504//446 503//445 
f 445//387 503//445 502//444 
f 444//386 502//444 501//443 
f 443//385 501//443 500//442 
f 442//384 500//442 499//441 
f 441//383 499//441 498//440 
f 440//382 498//440 497//439 
f 439//381 497//439 496//438 
f 438//380 496//438 495//437 
f 437//379 495//437 494//436 
f 436//378 494//436 493//435 
f 435//377 493//435 492//434 
f 434//376 492//434 491//433 
f 433//375 491//433 490//432 
f 432//374 490//432 489//431 
f 431//373 489//431 488//430 
f 430//372 488//430 487//429 
f 429//371 487//429 486//428 
f 428//370 486//428 485//427 
f 427//369 485//427 484//426 
f 426//368 484//426 483//425 
f 425//367 483//425 482//424 
f 424//366 482//424 481//423 
f 423//365 481//423 480//422 
f 422//364 480//422 479//421 
f 421//363 479//421 478//420 
f 420//362 478//420 477//419 
f 419//361 477//419 476//418 
f 418//360 476//418 475//417 
f 417//359 475//417 474//416 
f 416//358 474//416 473//415 
f 415//357 473//415 472//414 
f 414//356 472//414 471//413 
f 413//355 471//413 470//412 
f 412//354 470//412 469//411 
f 411//353 469//411 468//410 
f 410//352 468//410 467//409 
f 409//351 467//409 466//408 
f 350//292 408//350 465//407 
f 407//349 465//407 464//406 
f 406//348 464//406 463//405 
f 405//347 463//405 462//404 
f 404//346 462//404 461//403 
f 403//345 461//403 460//402 
f 402//344 460//402 459//401 
f 401//343 459//401 458//400 
f 400//342 458//400 457//399 
f 399//341 457//399 456//398 
f 398//340 456//398 455//397 
f 397//339 455//397 454//396 
f 396//338 454//396 453//395 
f 395//337 453//395 452//394 
f 394//336 452//394 451//393 
f 393//335 451//393 450//392 
f 392//334 450//392 449//391 
f 391//333 449//391 448//390 
f 390//332 448//390 447//389 
f 389//331 447//389 446//388 
f 388//330 446//388 445//387 
f 387//329 445//387 444//386 
f 386//328 444//386 443//385 
f 385//327 443//385 442//384 
f 384//326 442//384 441//383 
f 383//325 441//383 440//382 
f 382//324 440//382 439//381 
f 381//323 439//381 438//380 
f 380//322 438//380 437//379 
f 379//321 437//379 436//378 
f 378//320 436//378 435//377 
f 377//319 435//377 434//376 
f 376//318 434//376 433//375 
f 375//317 433//375 432//374 
f 374//316 432//374 431//373 
f 373//315 431//373 430//372 
f 372//314 430//372 429//371 
f 371//313 429//371 428//370 
f 370//312 428//370 427//369 
f 369//311 427//369 426//368 
f 368//310 426//368 425//367 
f 367//309 425//367 424//366 
f 366//308 424//366 423//365 
f 365//307 423//365 422//364 
f 364//306 422//364 421//363 
f 363//305 421//363 420//362 
f 362//304 420//362 419//361 
f 361//303 419//361 418//360 
f 360//302 418//360 417//359 
f 359//301 417//359 416//358 
f 358//300 416//358 415//357 
f 357//299 415//357 414//356 
f 356//298 414//356 413//355 
f 355//297 413//355 412//354 
f 354//296 412//354 411//353 
f 353//295 411//353 410//352 
f 352//294 410//352 409//351 
f 351//293 409//351 408//350 
f 292//234 350//292 407//349 
f 349//291 407//349 406//348 
f 348//290 406//348 405//347 
f 347//289 405//347 404//346 
f 346//288 404//346 403//345 
f 345//287 403//345 402//344 
f 344//286 402//344 401//343 
f 343//285 401//343 400//342 
f 342//284 400//342 399//341 
f 341//283 399//341 398//340 
f 340//282 398//340 397//339 
f 339//281 397//339 396//338 
f 338//280 396//338 395//337 
f 337//279 395//337 394//336 
f 336//278 394//336 393//335 
f 335//277 393//335 392//334 
f 334//276 392//334 391//333 
f 333//275 391//333 390//332 
f 332//274 390//332 389//331 
f 331//273 389//331 388//330 
f 330//272 388//330 387//329 
f 329//271 387//329 386//328 
f 328//270 386//328 385//327 
f 327//269 385//327 384//326 
f 326//268 384//326 383//325 
f 325//267 383//325 382//324 
f 324//266 382//324 381//323 
f 323//265 381//323 380//322 
f 322//264 380//322 379//321 
f 321//263 379//321 378//320 
f 320//262 378//320 377//319 
f 319//261 377//319 376//318 
f 318//260 376//318 375//317 
f 317//259 375//317 374//316 
f 316//258 374//316 373//315 
f 315//257 373//315 372//314 
f 314//256 372//314 371//313 
f 313//255 371//313 370//312 
f 312//254 370//312 369//311 
f 311//253 369//311 368//310 
f 310//252 368//310 367//309 
f 309//251 367//309 366//308 
f 308//250 366//308 365//307 
f 307//249 365//307 364//306 
f 306//248 364//306 363//305 
f 305//247 363//305 362//304 
f 304//246 362//304 361//303 
f 303//245 361//303 360//302 
f 302//244 360//302 359//301 
f 301//243 359//301 358//300 
f 300//242 358//300 357//299 
f 299//241 357//299 356//298 
f 298//240 356//298 355//297 
f 297//239 355//297 354//296 
f 296//238 354//296 353//295 
f 295//237 353//295 352//294 
f 294//236 352//294 351//293 
f 293//235 351//293 350//292 
f 234//176 292//234 349//291 
f 291//233 349//291 348//290 
f 290//232 348//290 347//289 
f 289//231 347//289 346//288 
f 288//230 346//288 345//287 
f 287//229 345//287 344//286 
f 286//228 344//286 343//285 
f 285//227 343//285 342//284 
f 284//226 342//284 341//283 
f 283//225 341//283 340//282 
f 282//224 340//282 339//281 
f 281//223 339//281 338//280 
f 280//222 338//280 337//279 
f 279//221 337//279 336//278 
f 278//220 336//278 335//277 
f 277//219 335//277 334//276 
f 276//218 334//276 333//275 
f 275//217 333//275 332//274 
f 274//216 332//274 331//273 
f 273//215 331//273 330//272 
f 272//214 330//272 329//271 
f 271//213 329//271 328//270 
f 270//212 328//270 327//269 
f 269//211 327//269 326//268 
f 268//210 326//268 325//267 
f 267//209 325//267 324//266 
f 266//208 324//266 323//265 
f 265//207 323//265 322//264 
f 264//206 322//264 321//263 
f 263//205 321//263 320//262 
f 262//204 320//262 319//261 
f 261//203 319//261 318//260 
f 260//202 318//260 317//259 
f 259//201 317//259 316//258 
f 258//200 316//258 315//257 
f 257//199 315//257 314//256 
f 256//198 314//256 313//255 
f 255//197 313//255 312//254 
f 254//196 312//254 311//253 
f 253//195 311//253 310//252 
f 252//194 310//252 309//251 
f 251//193 309//251 308//250 
f 250//192 308//250 307//249 
f 249//191 307//249 306//248 
f 248//190 306//248 305//247 
f 247//189 305//247 304//246 
f 246//188 304//246 303//245 
f 245//187 303//245 302//244 
f 244//186 302//244 301//243 
f 243//185 301//243 300//242 
f 242//184 300//242 299//241 
f 241//183 299//241 298//240 
f 240//182 298//240 297//239 
f 239//181 297//239 296//238 
f 238//180 296//238 295//237 
f 237//179 295//237 294//236 
f 236//178 294//236 293//235 
f 235//177 293//235 292//234 
f 176//118 234//176 291//233 
f 233//175 291//233 290//232 
f 232//174 290//232 289//231 
f 231//173 289//231 288//230 
f 230//172 288//230 287//229 
f 229//171 287//229 286//228 
f 228//170 286//228 285//227 
f 227//169 285//227 284//226 
f 226//168 284//226 283//225 
f 225//167 283//225 282//224 
f 224//166 282//224 281//223 
f 223//165 281//223 280//222 
f 222//164 280//222 279//221 
f 221//163 279//221 278//220 
f 220//162 278//220 277//219 
f 219//161 277//219 276//218 
f 218//160 276//218 275//217 
f 217//159 275//217 274//216 
f 216//158 274//216 273//215 
f 215//157 273//215 272//214 
f 214//156 272//214 271//213 
f 213//155 271//213 270//212 
f 212//154 270//212 269//211 
f 211//153 269//211 268//210 
f 210//152 268//210 267//209 
f 209//151 267//209 266//208 
f 208//150 266//208 265//207 
f 207//149 265//207 264//206 
f 206//148 264//206 263//205 
f 205//147 263//205 262//204 
f 204//146 262//204 261//203 
f 203//145 261//203 260//202 
f 202//144 260//202 259//201 
f 201//143 259//201 258//200 
f 200//142 258//200 257//199 
f 199//141 257//199 256//198 
f 198//140 256//198 255//197 
f 197//139 255//197 254//196 
f 196//138 254//196 253//195 
f 195//137 253//195 252//194 
f 194//136 252//194 251//193 
f 193//135 251//193 250//192 
f 192//134 250//192 249//191 
f 191//133 249//191 248//190 
f 190//132 248//190 247//189 
f 189//131 247//189 246//188 
f 188//130 246//188 245//187 
f 187//129 245//187 244//186 
f 186//128 244//186 243//185 
f 185//127 243//185 242//184 
f 184//126 242//184 241//183 
f 183//125 241//183 240//182 
f 182//124 240//182 239//181 
f 181//123 239//181 238//180 
f 180//122 238//180 237//179 
f 179//121 237//179 236//178 
f 178//120 236//178 235//177 
f 177//119 235//177 234//176 
f 118//2 176//118 233//175 
f 175//117 233//175 232//174 
f 174//115 232//174 231//173 
f 173//113 231//173 230//172 
f 172//111 230//172 229//171 
f 171//109 229//171 228//170 
f 170//107 228//170 227//169 
f 169//105 227//169 226//168 
f 168//103 226//168 225//167 
f 167//101 225//167 224//166 
f 166//99 224//166 223//165 
f 165//97 223//165 222//164 
f 164//95 222//164 221//163 
f 163//93 221//163 220//162 
f 162//91 220//162 219//161 
f 161//89 219//161 218//160 
f 160//87 218//160 217//159 
f 159//85 217//159 216//158 
f 158//83 216//158 215//157 
f 157//81 215//157 214//156 
f 156//79 214//156 213//155 
f 155//77 213//155 212//154 
f 154//75 212//154 211//153 
f 153//73 211//153 210//152 
f 152//71 210//152 209//151 
f 151//69 209//151 208//150 
f 150//67 208//150 207//149 
f 149//65 207//149 206//148 
f 148//63 206//148 205//147 
f 147//61 205//147 204//146 
f 146//59 204//146 203//145 
f 145//57 203//145 202//144 
f 144//55 202//144 201//143 
f 143//53 201//143 200//142 
f 142//51 200//142 199//141 
f 141//49 199//141 198//140 
f 140//47 198//140 197//139 
f 139//45 197//139 196//138 
f 138//43 196//138 195//137 
f 137//41 195//137 194//136 
f 136//39 194//136 193//135 
f 135//37 193//135 192//134 
f 134//35 192//134 191//133 
f 133//33 191//133 190//132 
f 132//31 190//132 189//131 
f 131//29 189//131 188//130 
f 130//27 188//130 187//129 
f 129//25 187//129 186//128 
f 128//23 186//128 185//127 
f 127//21 185//127 184//126 
f 126//19 184//126 183//125 
f 125//17 183//125 182//124 
f 124//15 182//124 181//123 
f 123//13 181//123 180//122 
f 122//11 180//122 179//121 
f 121//9 179//121 178//120 
f 120//7 178//120 177//119 
f 119//5 177//119 176//118 
f 60//3 118//2 175//117 
f 117//116 175//117 174//115 
f 116//114 174//115 173//113 
f 115//112 173//113 172//111 
f 114//110 172//111 171//109 
f 113//108 171//109 170//107 
f 112//106 170//107 169//105 
f 111//104 169//105 168//103 
f 110//102 168//103 167//101 
f 109//100 167//101 166//99 
f 108//98 166//99 165//97 
f 107//96 165//97 164//95 
f 106//94 164//95 163//93 
f 105//92 163//93 162//91 
f 104//90 162//91 161//89 
f 103//88 161//89 160//87 
f 102//86 160//87 159//85 
f 101//84 159//85 158//83 
f 100//82 158//83 157//81 
f 99//80 157//81 156//79 
f 98//78 156//79 155//77 
f 97//76 155//77 154//75 
f 96//74 154//75 153//73 
f 95//72 153//73 152//71 
f 94//70 152//71 151//69 
f 93//68 151//69 150//67 
f 92//66 150//67 149//65 
f 91//64 149//65 148//63 
f 90//62 148//63 147//61 
f 89//60 147//61 146//59 
f 88//58 146//59 145//57 
f 87//56 145//57 144//55 
f 86//54 144//55 143//53 
f 85//52 143//53 142//51 
f 84//50 142//51 141//49 
f 83//48 141//49 140//47 
f 82//46 140//47 139//45 
f 81//44 139//45 138//43 
f 80//42 138//43 137//41 
f 79//40 137//41 136//39 
f 78//38 136//39 135//37 
f 77//36 135//37 134//35 
f 76//34 134//35 133//33 
f 75//32 133//33 132//31 
f 74//30 132//31 131//29 
f 73//28 131//29 130//27 
f 72//26 130//27 129//25 
f 71//24 129//25 128//23 
f 70//22 128//23 127//21 
f 69//20 127//21 126//19 
f 68//18 126//19 125//17 
f 67//16 125//17 124//15 
f 66//14 124//15 123//13 
f 65//12 123//13 122//11 
f 64//10 122//11 121//9 
f 63//8 121//9 120//7 
f 62//6 120//7 119//5 
f 61//4 119//5 118//2 
o mesh2
f 930//873 89//873 88//874 
f 931//874 88//874 87//875 
f 932//875 87//875 86//876 
f 933//876 86//876 85//877 
f 934//877 85//877 84//878 
f 935//878 84//878 83//879 
f 936//879 83//879 82//880 
f 937//880 82//880 81//881 
f 938//881 81//881 80//882 
f 939//882 80//882 79//883 
f 940//883 79//883 78//884 
f 941//884 78//884 77//885 
f 942//885 77//885 76//886 
f 943//886 76//886 75//887 
f 944//887 75//887 74//888 
f 945//888 74//888 73//889 
f 946//889 73//889 72//890 
f 947//890 72//890 71//891 
f 948//891 71//891 70//892 
f 949//892 70//892 69//893 
f 950//893 69//893 68//894 
f 951//894 68//894 67//895 
f 952//895 67//895 66//896 
f 953//896 66//896 65//897 
f 954//897 65//897 64//898 
f 955//898 64//898 63//899 
f 956//899 63//899 62//900 
f 957//900 62//900 61//901 
f 958//901 61//901 60//902 
f 959//902 60//902 117//903 
f 960//903 117//903 116//904 
f 961//904 116//904 115//905 
f 962//905 115//905 114//906 
f 963//906 114//906 113//907 
f 964//907 113//907 112//908 
f 965//908 112//908 111//909 
f 966//909 111//909 110//910 
f 967//910 110//910 109//911 
f 968//911 109//911 108//912 
f 969//912 108//912 107//913 
f 970//913 107//913 106//914 
f 971//914 106//914 105//915 
f 972//915 105//915 104//916 
f 973//916 104//916 103//917 
f 974//917 103//917 102//918 
f 975//918 102//918 101//919 
f 976//919 101//919 100//920 
f 977//920 100//920 99//921 
f 978//921 99//921 98//922 
f 979//922 98//922 97//923 
f 980//923 97//923 96//924 
f 981//924 96//924 95//925 
f 982//925 95//925 94//926 
f 983//926 94//926 93//927 
f 984//927 93//927 92//928 
f 985//928 92//928 91//929 
f 986//929 91//929 90//930 
f 987//930 90//930 89//873 
f 89//873 930//873 987//930 
f 90//930 987//930 986//929 
f 91//929 986//929 985//928 
f 92//928 985//928 984//927 
f 93//927 984//927 983//926 
f 94//926 983//926 982//925 
f 95//925 982//925 981//924 
f 96//924 981//924 980//923 
f 97//923 980//923 979//922 
f 98//922 979//922 978//921 
f 99//921 978//921 977//920 
f 100//920 977//920 976//919 
f 101//919 976//919 975//918 
f 102//918 975//918 974//917 
f 103//917 974//917 973//916 
f 104//916 973//916 972//915 
f 105//915 972//915 971//914 
f 106//914 971//914 970//913 
f 107//913 970//913 969//912 
f 108//912 969//912 968//911 
f 109//911 968//911 967//910 
f 110//910 967//910 966//909 
f 111//909 966//909 965//908 
f 112//908 965//908 964//907 
f 113//907 964//907 963//906 
f 114//906 963//906 962//905 
f 115//905 962//905 961//904 
f 116//904 961//904 960//903 
f 117//903 960//903 959//902 
f 60//902 959//902 958//901 
f 61//901 958//901 957//900 
f 62//900 957//900 956//899 
f 63//899 956//899 955//898 
f 64//898 955//898 954//897 
f 65//897 954//897 953//896 
f 66//896 953//896 952//895 
f 67//895 952//895 951//894 
f 68//894 951//894 950//893 
f 69//893 950//893 949//892 
f 70//892 949//892 948//891 
f 71//891 948//891 947//890 
f 72//890 947//890 946//889 
f 73//889 946//889 945//888 
f 74//888 945//888 944//887 
f 75//887 944//887 943//886 
f 76//886 943//886 942//885 
f 77//885 942//885 941//884 
f 78//884 941//884 940//883 
f 79//883 940//883 939//882 
f 80//882 939//882 938//881 
f 81//881 938//881 937//880 
f 82//880 937//880 936//879 
f 83//879 936//879 935//878 
f 84//878 935//878 934//877 
f 85//877 934//877 933//876 
f 86//876 933//876 932//875 
f 87//875 932//875 931//874 
f 88//874 931//874 930//873 
o mesh3
f 952//931 988//931 989//931 
f 989//931 990//931 952//931 
f 952//931 953//931 991//931 
f 952//931 992//931 993//931 
f 991//931 988//931 952//931 
f 952//931 994//931 995//931 
f 952//931 996//931 997//931 
f 990//931 992//931 952//931 
f 997//931 994//931 952//931 
f 981//931 998//931 999//931 
f 966//931 1000//931 1001//931 
f 993//931 1002//931 952//931 
f 952//931 1003//931 1004//931 
f 952//931 1002//931 996//931 
f 951//931 1005//931 1006//931 
f 951//931 1004//931 1007//931 
f 981//931 1008//931 1009//931 
f 999//931 1010//931 981//931 
f 981//931 1011//931 1012//931 
f 1001//931 1013//931 966//931 
f 966//931 967//931 1014//931 
f 966//931 1015//931 1016//931 
f 966//931 1017//931 1018//931 
f 966//931 1019//931 1020//931 
f 953//931 954//931 991//931 
f 995//931 1003//931 952//931 
f 1007//931 1005//931 951//931 
f 1006//931 1021//931 944//931 
f 1010//931 1008//931 981//931 
f 981//931 982//931 1022//931 
f 981//931 1023//931 1024//931 
f 981//931 1025//931 1011//931 
f 1013//931 1026//931 966//931 
f 1014//931 1027//931 966//931 
f 966//931 1028//931 1015//931 
f 1020//931 1017//931 966//931 
f 1004//931 951//931 952//931 
f 1006//931 949//931 950//931 
f 944//931 945//931 1006//931 
f 1021//931 942//931 943//931 
f 937//931 1029//931 1030//931 
f 937//931 1031//931 1032//931 
f 1022//931 998//931 981//931 
f 1012//931 1023//931 981//931 
f 981//931 1033//931 1034//931 
f 980//931 1035//931 1036//931 
f 980//931 1024//931 1037//931 
f 967//931 1038//931 1039//931 
f 967//931 968//931 1040//931 
f 1027//931 1000//931 966//931 
f 1018//931 1028//931 966//931 
f 1006//931 950//931 951//931 
f 1006//931 946//931 947//931 
f 943//931 944//931 1021//931 
f 938//931 1041//931 1042//931 
f 938//931 939//931 1021//931 
f 937//931 1043//931 1044//931 
f 1030//931 1045//931 937//931 
f 937//931 1046//931 1031//931 
f 937//931 1047//931 1048//931 
f 1009//931 1033//931 981//931 
f 1034//931 1025//931 981//931 
f 1037//931 1035//931 980//931 
f 1040//931 968//931 969//931 
f 1040//931 1038//931 967//931 
f 1016//931 965//931 966//931 
f 1006//931 948//931 949//931 
f 945//931 946//931 1006//931 
f 1021//931 1041//931 938//931 
f 1045//931 1043//931 937//931 
f 937//931 938//931 1049//931 
f 937//931 1050//931 1046//931 
f 937//931 1051//931 1047//931 
f 982//931 983//931 1022//931 
f 1036//931 979//931 980//931 
f 1039//931 1014//931 967//931 
f 1016//931 964//931 965//931 
f 1016//931 962//931 963//931 
f 1016//931 991//931 959//931 
f 947//931 948//931 1006//931 
f 1021//931 940//931 941//931 
f 1042//931 1049//931 938//931 
f 1049//931 1029//931 937//931 
f 1048//931 1050//931 937//931 
f 1032//931 1022//931 930//931 
f 1024//931 980//931 981//931 
f 1036//931 977//931 978//931 
f 1026//931 1019//931 966//931 
f 1016//931 961//931 962//931 
f 959//931 960//931 1016//931 
f 991//931 957//931 958//931 
f 941//931 942//931 1021//931 
f 1044//931 1051//931 937//931 
f 1032//931 935//931 936//931 
f 930//931 931//931 1032//931 
f 1022//931 986//931 987//931 
f 978//931 979//931 1036//931 
f 963//931 964//931 1016//931 
f 958//931 959//931 991//931 
f 939//931 940//931 1021//931 
f 1032//931 934//931 935//931 
f 1032//931 932//931 933//931 
f 987//931 930//931 1022//931 
f 1036//931 976//931 977//931 
f 1036//931 974//931 975//931 
f 960//931 961//931 1016//931 
f 991//931 955//931 956//931 
f 1032//931 936//931 937//931 
f 931//931 932//931 1032//931 
f 975//931 976//931 1036//931 
f 1036//931 1040//931 973//931 
f 956//931 957//931 991//931 
f 933//931 934//931 1032//931 
f 1022//931 984//931 985//931 
f 973//931 974//931 1036//931 
f 1040//931 971//931 972//931 
f 954//931 955//931 991//931 
f 983//931 984//931 1022//931 
f 1040//931 970//931 971//931 
f 985//931 986//931 1022//931 
f 969//931 970//931 1040//931 
f 972//931 973//931 1040//931 
o mesh4
f 1052//932 1053//933 1054//934 
f 1096//935 1054//934 1055//936 
f 1097//937 1055//936 1056//938 
f 1098//939 1056//938 1057//940 
f 1099//941 1057//940 1058//942 
f 1100//943 1058//942 1059//944 
f 1101//945 1059//944 1060//946 
f 1102//947 1060//946 1061//948 
f 1103//949 1061//948 1062//950 
f 1104//951 1062//950 1063//952 
f 1105//953 1063//952 1064//954 
f 1106//955 1064//954 1065//956 
f 1107//957 1065//956 1066//958 
f 1108//959 1066//958 1067//960 
f 1109//961 1067//960 1068//962 
f 1069//963 1052//932 1096//935 
f 1110//964 1096//935 1097//937 
f 1111//965 1097//937 1098//939 
f 1112//966 1098//939 1099//941 
f 1113//967 1099//941 1100//943 
f 1114//968 1100//943 1101//945 
f 1115//969 1101//945 1102//947 
f 1116//970 1102//947 1103//949 
f 1117//971 1103//949 1104//951 
f 1118//972 1104//951 1105//953 
f 1119//973 1105//953 1106//955 
f 1120//974 1106//955 1107//957 
f 1121//975 1107//957 1108//959 
f 1122//976 1108//959 1109//961 
f 1123//977 1109//961 1070//978 
f 1071//979 1069//963 1110//964 
f 1124//980 1110//964 1111//965 
f 1125//981 1111//965 1112//966 
f 1126//982 1112//966 1113//967 
f 1127//983 1113//967 1114//968 
f 1128//984 1114//968 1115//969 
f 1129//985 1115//969 1116//970 
f 1130//986 1116//970 1117//971 
f 1131//987 1117//971 1118//972 
f 1132//988 1118//972 1119//973 
f 1133//989 1119//973 1120//974 
f 1134//990 1120//974 1121//975 
f 1135//991 1121//975 1122//976 
f 1136//992 1122//976 1123//977 
f 1137//993 1123//977 1072//994 
f 1073//995 1071//979 1124//980 
f 1138//996 1124//980 1125//981 
f 1139//997 1125//981 1126//982 
f 1140//998 1126//982 1127//983 
f 1141//999 1127//983 1128//984 
f 1142//1000 1128//984 1129//985 
f 1143//1001 1129//985 1130//986 
f 1144//1002 1130//986 1131//987 
f 1145//1003 1131//987 1132//988 
f 1146//1004 1132//988 1133//989 
f 1147//1005 1133//989 1134//990 
f 1148//1006 1134//990 1135//991 
f 1149//1007 1135//991 1136//992 
f 1150//1008 1136//992 1137//993 
f 1151//1009 1137//993 1074//1010 
f 1075//1011 1073//995 1138//996 
f 1152//1012 1138//996 1139//997 
f 1153//1013 1139//997 1140//998 
f 1154//1014 1140//998 1141//999 
f 1155//1015 1141//999 1142//1000 
f 1156//1016 1142//1000 1143//1001 
f 1157//1017 1143//1001 1144//1002 
f 1158//1018 1144//1002 1145//1003 
f 1159//1019 1145//1003 1146//1004 
f 1160//1020 1146//1004 1147//1005 
f 1161//1021 1147//1005 1148//1006 
f 1162//1022 1148//1006 1149//1007 
f 1163//1023 1149//1007 1150//1008 
f 1164//1024 1150//1008 1151//1009 
f 1165//1025 1151//1009 1076//1026 
f 1077//1027 1075//1011 1152//1012 
f 1166//1028 1152//1012 1153//1013 
f 1167//1029 1153//1013 1154//1014 
f 1168//1030 1154//1014 1155//1015 
f 1169//1031 1155//1015 1156//1016 
f 1170//1032 1156//1016 1157//1017 
f 1171//1033 1157//1017 1158//1018 
f 1172//1034 1158//1018 1159//1019 
f 1173//1035 1159//1019 1160//1020 
f 1174//1036 1160//1020 1161//1021 
f 1175//1037 1161//1021 1162//1022 
f 1176//1038 1162//1022 1163//1023 
f 1177//1039 1163//1023 1164//1024 
f 1178//1040 1164//1024 1165//1025 
f 1179//1041 1165//1025 1078//1042 
f 1079//1043 1077//1027 1166//1028 
f 1180//1044 1166//1028 1167//1029 
f 1181//1045 1167//1029 1168//1030 
f 1182//1046 1168//1030 1169//1031 
f 1183//1047 1169//1031 1170//1032 
f 1184//1048 1170//1032 1171//1033 
f 1185//1049 1171//1033 1172//1034 
f 1186//1050 1172//1034 1173//1035 
f 1187//1051 1173//1035 1174//1036 
f 1188//1052 1174//1036 1175//1037 
f 1189//1053 1175//1037 1176//1038 
f 1190//1054 1176//1038 1177//1039 
f 1191//1055 1177//1039 1178//1040 
f 1192//1056 1178//1040 1179//1041 
f 1193//1057 1179//1041 1080//1058 
f 1081//1059 1079//1043 1180//1044 
f 1194//1060 1180//1044 1181//1045 
f 1195//1061 1181//1045 1182//1046 
f 1196//1062 1182//1046 1183//1047 
f 1197//1063 1183//1047 1184//1048 
f 1198//1064 1184//1048 1185//1049 
f 1199//1065 1185//1049 1186//1050 
f 1200//1066 1186//1050 1187//1051 
f 1201//1067 1187//1051 1188//1052 
f 1202//1068 1188//1052 1189//1053 
f 1203//1069 1189//1053 1190//1054 
f 1204//1070 1190//1054 1191//1055 
f 1205//1071 1191//1055 1192//1056 
f 1206//1072 1192//1056 1193//1057 
f 1207//1073 1193//1057 1082//1074 
f 1083//1075 1081//1059 1194//1060 
f 1208//1076 1194//1060 1195//1061 
f 1209//1077 1195//1061 1196//1062 
f 1210//1078 1196//1062 1197//1063 
f 1211//1079 1197//1063 1198//1064 
f 1212//1080 1198//1064 1199//1065 
f 1213//1081 1199//1065 1200//1066 
f 1214//1082 1200//1066 1201//1067 
f 1215//1083 1201//1067 1202//1068 
f 1216//1084 1202//1068 1203//1069 
f 1217//1085 1203//1069 1204//1070 
f 1218//1086 1204//1070 1205//1071 
f 1219//1087 1205//1071 1206//1072 
f 1220//1088 1206//1072 1207//1073 
f 1221//1089 1207//1073 1084//1090 
f 1085//1091 1083//1075 1208//1076 
f 1222//1092 1208//1076 1209//1077 
f 1223//1093 1209//1077 1210//1078 
f 1224//1094 1210//1078 1211//1079 
f 1225//1095 1211//1079 1212//1080 
f 1226//1096 1212//1080 1213//1081 
f 1227//1097 1213//1081 1214//1082 
f 1228//1098 1214//1082 1215//1083 
f 1229//1099 1215//1083 1216//1084 
f 1230//1100 1216//1084 1217//1085 
f 1231//1101 1217//1085 1218//1086 
f 1232//1102 1218//1086 1219//1087 
f 1233//1103 1219//1087 1220//1088 
f 1234//1104 1220//1088 1221//1089 
f 1235//1105 1221//1089 1086//1106 
f 1087//1107 1085//1091 1222//1092 
f 1236//1108 1222//1092 1223//1093 
f 1237//1109 1223//1093 1224//1094 
f 1238//1110 1224//1094 1225//1095 
f 1239//1111 1225//1095 1226//1096 
f 1240//1112 1226//1096 1227//1097 
f 1241//1113 1227//1097 1228//1098 
f 1242//1114 1228//1098 1229//1099 
f 1243//1115 1229//1099 1230//1100 
f 1244//1116 1230//1100 1231//1101 
f 1245//1117 1231//1101 1232//1102 
f 1246//1118 1232//1102 1233//1103 
f 1247//1119 1233//1103 1234//1104 
f 1248//1120 1234//1104 1235//1105 
f 1249//1121 1235//1105 1088//1122 
f 1089//1123 1087//1107 1236//1108 
f 1250//1124 1236//1108 1237//1109 
f 1251//1125 1237//1109 1238//1110 
f 1252//1126 1238//1110 1239//1111 
f 1253//1127 1239//1111 1240//1112 
f 1254//1128 1240//1112 1241//1113 
f 1255//1129 1241//1113 1242//1114 
f 1256//1130 1242//1114 1243//1115 
f 1257//1131 1243//1115 1244//1116 
f 1258//1132 1244//1116 1245//1117 
f 1259//1133 1245//1117 1246//1118 
f 1260//1134 1246//1118 1247//1119 
f 1261//1135 1247//1119 1248//1120 
f 1262//1136 1248//1120 1249//1121 
f 1263//1137 1249//1121 1090//1138 
f 1091//1139 1089//1123 1250//1124 
f 1264//1140 1250//1124 1251//1125 
f 1265//1141 1251//1125 1252//1126 
f 1266//1142 1252//1126 1253//1127 
f 1267//1143 1253//1127 1254//1128 
f 1268//1144 1254//1128 1255//1129 
f 1269//1145 1255//1129 1256//1130 
f 1270//1146 1256//1130 1257//1131 
f 1271//1147 1257//1131 1258//1132 
f 1272//1148 1258//1132 1259//1133 
f 1273//1149 1259//1133 1260//1134 
f 1274//1150 1260//1134 1261//1135 
f 1275//1151 1261//1135 1262//1136 
f 1276//1152 1262//1136 1263//1137 
f 1277//1153 1263//1137 1092//1154 
f 1093//1155 1091//1139 1264//1140 
f 1278//1156 1264//1140 1265//1141 
f 1279//1157 1265//1141 1266//1142 
f 1280//1158 1266//1142 1267//1143 
f 1281//1159 1267//1143 1268//1144 
f 1282//1160 1268//1144 1269//1145 
f 1283//1161 1269//1145 1270//1146 
f 1284//1162 1270//1146 1271//1147 
f 1285//1163 1271//1147 1272//1148 
f 1286//1164 1272//1148 1273//1149 
f 1287//1165 1273//1149 1274//1150 
f 1288//1166 1274//1150 1275//1151 
f 1289//1167 1275//1151 1276//1152 
f 1290//1168 1276//1152 1277//1153 
f 1291//1169 1277//1153 1094//1170 
f 1040//1171 1093//1155 1278//1156 
f 1038//1171 1278//1156 1279//1157 
f 1039//1171 1279//1157 1280//1158 
f 1014//1171 1280//1158 1281//1159 
f 1027//1171 1281//1159 1282//1160 
f 1000//1171 1282//1160 1283//1161 
f 1001//1171 1283//1161 1284//1162 
f 1013//1171 1284//1162 1285//1163 
f 1026//1171 1285//1163 1286//1164 
f 1019//1171 1286//1164 1287//1165 
f 1020//1171 1287//1165 1288//1166 
f 1017//1171 1288//1166 1289//1167 
f 1018//1171 1289//1167 1290//1168 
f 1028//1171 1290//1168 1291//1169 
f 1015//1171 1291//1169 1095//1172 
f 1095//1172 1016//1171 1015//1171 
f 1291//1169 1015//1171 1028//1171 
f 1290//1168 1028//1171 1018//1171 
f 1289//1167 1018//1171 1017//1171 
f 1288//1166 1017//1171 1020//1171 
f 1287//1165 1020//1171 1019//1171 
f 1286//1164 1019//1171 1026//1171 
f 1285//1163 1026//1171 1013//1171 
f 1284//1162 1013//1171 1001//1171 
f 1283//1161 1001//1171 1000//1171 
f 1282//1160 1000//1171 1027//1171 
f 1281//1159 1027//1171 1014//1171 
f 1280//1158 1014//1171 1039//1171 
f 1279//1157 1039//1171 1038//1171 
f 1278//1156 1038//1171 1040//1171 
f 1094//1170 1095//1172 1291//1169 
f 1277//1153 1291//1169 1290//1168 
f 1276//1152 1290//1168 1289//1167 
f 1275//1151 1289//1167 1288//1166 
f 1274//1150 1288//1166 1287//1165 
f 1273//1149 1287//1165 1286//1164 
f 1272//1148 1286//1164 1285//1163 
f 1271//1147 1285//1163 1284//1162 
f 1270//1146 1284//1162 1283//1161 
f 1269//1145 1283//1161 1282//1160 
f 1268//1144 1282//1160 1281//1159 
f 1267//1143 1281//1159 1280//1158 
f 1266//1142 1280//1158 1279//1157 
f 1265//1141 1279//1157 1278//1156 
f 1264//1140 1278//1156 1093//1155 
f 1092//1154 1094//1170 1277//1153 
f 1263//1137 1277//1153 1276//1152 
f 1262//1136 1276//1152 1275//1151 
f 1261//1135 1275//1151 1274//1150 
f 1260//1134 1274//1150 1273//1149 
f 1259//1133 1273//1149 1272//1148 
f 1258//1132 1272//1148 1271//1147 
f 1257//1131 1271//1147 1270//1146 
f 1256//1130 1270//1146 1269//1145 
f 1255//1129 1269//1145 1268//1144 
f 1254//1128 1268//1144 1267//1143 
f 1253//1127 1267//1143 1266//1142 
f 1252//1126 1266//1142 1265//1141 
f 1251//1125 1265//1141 1264//1140 
f 1250//1124 1264//1140 1091//1139 
f 1090//1138 1092//1154 1263//1137 
f 1249//1121 1263//1137 1262//1136 
f 1248//1120 1262//1136 1261//1135 
f 1247//1119 1261//1135 1260//1134 
f 1246//1118 1260//1134 1259//1133 
f 1245//1117 1259//1133 1258//1132 
f 1244//1116 1258//1132 1257//1131 
f 1243//1115 1257//1131 1256//1130 
f 1242//1114 1256//1130 1255//1129 
f 1241//1113 1255//1129 1254//1128 
f 1240//1112 1254//1128 1253//1127 
f 1239//1111 1253//1127 1252//1126 
f 1238//1110 1252//1126 1251//1125 
f 1237//1109 1251//1125 1250//1124 
f 1236//1108 1250//1124 1089//1123 
f 1088//1122 1090//1138 1249//1121 
f 1235//1105 1249//1121 1248//1120 
f 1234//1104 1248//1120 1247//1119 
f 1233//1103 1247//1119 1246//1118 
f 1232//1102 1246//1118 1245//1117 
f 1231//1101 1245//1117 1244//1116 
f 1230//1100 1244//1116 1243//1115 
f 1229//1099 1243//1115 1242//1114 
f 1228//1098 1242//1114 1241//1113 
f 1227//1097 1241//1113 1240//1112 
f 1226//1096 1240//1112 1239//1111 
f 1225//1095 1239//1111 1238//1110 
f 1224//1094 1238//1110 1237//1109 
f 1223//1093 1237//1109 1236//1108 
f 1222//1092 1236//1108 1087//1107 
f 1086//1106 1088//1122 1235//1105 
f 1221//1089 1235//1105 1234//1104 
f 1220//1088 1234//1104 1233//1103 
f 1219//1087 1233//1103 1232//1102 
f 1218//1086 1232//1102 1231//1101 
f 1217//1085 1231//1101 1230//1100 
f 1216//1084 1230//1100 1229//1099 
f 1215//1083 1229//1099 1228//1098 
f 1214//1082 1228//1098 1227//1097 
f 1213//1081 1227//1097 1226//1096 
f 1212//1080 1226//1096 1225//1095 
f 1211//1079 1225//1095 1224//1094 
f 1210//1078 1224//1094 1223//1093 
f 1209//1077 1223//1093 1222//1092 
f 1208//1076 1222//1092 1085//1091 
f 1084//1090 1086//1106 1221//1089 
f 1207//1073 1221//1089 1220//1088 
f 1206//1072 1220//1088 1219//1087 
f 1205//1071 1219//1087 1218//1086 
f 1204//1070 1218//1086 1217//1085 
f 1203//1069 1217//1085 1216//1084 
f 1202//1068 1216//1084 1215//1083 
f 1201//1067 1215//1083 1214//1082 
f 1200//1066 1214//1082 1213//1081 
f 1199//1065 1213//1081 1212//1080 
f 1198//1064 1212//1080 1211//1079 
f 1197//1063 1211//1079 1210//1078 
f 1196//1062 1210//1078 1209//1077 
f 1195//1061 1209//1077 1208//1076 
f 1194//1060 1208//1076 1083//1075 
f 1082//1074 1084//1090 1207//1073 
f 1193//1057 1207//1073 1206//1072 
f 1192//1056 1206//1072 1205//1071 
f 1191//1055 1205//1071 1204//1070 
f 1190//1054 1204//1070 1203//1069 
f 1189//1053 1203//1069 1202//1068 
f 1188//1052 1202//1068 1201//1067 
f 1187//1051 1201//1067 1200//1066 
f 1186//1050 1200//1066 1199//1065 
f 1185//1049 1199//1065 1198//1064 
f 1184//1048 1198//1064 1197//1063 
f 1183//1047 1197//1063 1196//1062 
f 1182//1046 1196//1062 1195//1061 
f 1181//1045 1195//1061 1194//1060 
f 1180//1044 1194//1060 1081//1059 
f 1080//1058 1082//1074 1193//1057 
f 1179//1041 1193//1057 1192//1056 
f 1178//1040 1192//1056 1191//1055 
f 1177//1039 1191//1055 1190//1054 
f 1176//1038 1190//1054 1189//1053 
f 1175//1037 1189//1053 1188//1052 
f 1174//1036 1188//1052 1187//1051 
f 1173//1035 1187//1051 1186//1050 
f 1172//1034 1186//1050 1185//1049 
f 1171//1033 1185//1049 1184//1048 
f 1170//1032 1184//1048 1183//1047 
f 1169//1031 1183//1047 1182//1046 
f 1168//1030 1182//1046 1181//1045 
f 1167//1029 1181//1045 1180//1044 
f 1166//1028 1180//1044 1079//1043 
f 1078//1042 1080//1058 1179//1041 
f 1165//1025 1179//1041 1178//1040 
f 1164//1024 1178//1040 1177//1039 
f 1163//1023 1177//1039 1176//1038 
f 1162//1022 1176//1038 1175//1037 
f 1161//1021 1175//1037 1174//1036 
f 1160//1020 1174//1036 1173//1035 
f 1159//1019 1173//1035 1172//1034 
f 1158//1018 1172//1034 1171//1033 
f 1157//1017 1171//1033 1170//1032 
f 1156//1016 1170//1032 1169//1031 
f 1155//1015 1169//1031 1168//1030 
f 1154//1014 1168//1030 1167//1029 
f 1153//1013 1167//1029 1166//1028 
f 1152//1012 1166//1028 1077//1027 
f 1076//1026 1078//1042 1165//1025 
f 1151//1009 1165//1025 1164//1024 
f 1150//1008 1164//1024 1163//1023 
f 1149//1007 1163//1023 1162//1022 
f 1148//1006 1162//1022 1161//1021 
f 1147//1005 1161//1021 1160//1020 
f 1146//1004 1160//1020 1159//1019 
f 1145//1003 1159//1019 1158//1018 
f 1144//1002 1158//1018 1157//1017 
f 1143//1001 1157//1017 1156//1016 
f 1142//1000 1156//1016 1155//1015 
f 1141//999 1155//1015 1154//1014 
f 1140//998 1154//1014 1153//1013 
f 1139//997 1153//1013 1152//1012 
f 1138//996 1152//1012 1075//1011 
f 1074//1010 1076//1026 1151//1009 
f 1137//993 1151//1009 1150//1008 
f 1136//992 1150//1008 1149//1007 
f 1135//991 1149//1007 1148//1006 
f 1134//990 1148//1006 1147//1005 
f 1133//989 1147//1005 1146//1004 
f 1132//988 1146//1004 1145//1003 
f 1131//987 1145//1003 1144//1002 
f 1130//986 1144//1002 1143//1001 
f 1129//985 1143//1001 1142//1000 
f 1128//984 1142//1000 1141//999 
f 1127//983 1141//999 1140//998 
f 1126//982 1140//998 1139//997 
f 1125//981 1139//997 1138//996 
f 1124//980 1138//996 1073//995 
f 1072//994 1074//1010 1137//993 
f 1123//977 1137//993 1136//992 
f 1122//976 1136//992 1135//991 
f 1121//975 1135//991 1134//990 
f 1120//974 1134//990 1133//989 
f 1119//973 1133//989 1132//988 
f 1118//972 1132//988 1131//987 
f 1117//971 1131//987 1130//986 
f 1116//970 1130//986 1129//985 
f 1115//969 1129//985 1128//984 
f 1114//968 1128//984 1127//983 
f 1113//967 1127//983 1126//982 
f 1112//966 1126//982 1125//981 
f 1111//965 1125//981 1124//980 
f 1110//964 1124//980 1071//979 
f 1070//978 1072//994 1123//977 
f 1109//961 1123//977 1122//976 
f 1108//959 1122//976 1121//975 
f 1107//957 1121//975 1120//974 
f 1106//955 1120//974 1119//973 
f 1105//953 1119//973 1118//972 
f 1104//951 1118//972 1117//971 
f 1103//949 1117//971 1116//970 
f 1102//947 1116//970 1115//969 
f 1101//945 1115//969 1114//968 
f 1100//943 1114//968 1113//967 
f 1099//941 1113//967 1112//966 
f 1098//939 1112//966 1111//965 
f 1097//937 1111//965 1110//964 
f 1096//935 1110//964 1069//963 
f 1068//962 1070//978 1109//961 
f 1067//960 1109//961 1108//959 
f 1066//958 1108//959 1107//957 
f 1065//956 1107//957 1106//955 
f 1064//954 1106//955 1105//953 
f 1063//952 1105//953 1104//951 
f 1062//950 1104//951 1103//949 
f 1061//948 1103//949 1102//947 
f 1060//946 1102//947 1101//945 
f 1059//944 1101//945 1100//943 
f 1058//942 1100//943 1099//941 
f 1057//940 1099//941 1098//939 
f 1056//938 1098//939 1097//937 
f 1055//936 1097//937 1096//935 
f 1054//934 1096//935 1052//932 
o mesh5
f 1068//1173 1292//1173 1293//1174 
f 1070//1174 1293//1174 1294//1175 
f 1072//1175 1294//1175 1295//1176 
f 1074//1176 1295//1176 1296//1177 
f 1076//1177 1296//1177 1297//1178 
f 1078//1178 1297//1178 1298//1179 
f 1080//1179 1298//1179 1299//1180 
f 1082//1180 1299//1180 1300//1181 
f 1084//1181 1300//1181 1301//1182 
f 1086//1182 1301//1182 1302//1183 
f 1088//1183 1302//1183 1303//1184 
f 1090//1184 1303//1184 1304//1185 
f 1092//1185 1304//1185 1305//1186 
f 1094//1186 1305//1186 1306//1187 
f 1095//1187 1306//1187 991//1188 
f 991//1188 1016//1188 1095//1187 
f 1306//1187 1095//1187 1094//1186 
f 1305//1186 1094//1186 1092//1185 
f 1304//1185 1092//1185 1090//1184 
f 1303//1184 1090//1184 1088//1183 
f 1302//1183 1088//1183 1086//1182 
f 1301//1182 1086//1182 1084//1181 
f 1300//1181 1084//1181 1082//1180 
f 1299//1180 1082//1180 1080//1179 
f 1298//1179 1080//1179 1078//1178 
f 1297//1178 1078//1178 1076//1177 
f 1296//1177 1076//1177 1074//1176 
f 1295//1176 1074//1176 1072//1175 
f 1294//1175 1072//1175 1070//1174 
f 1293//1174 1070//1174 1068//1173 
o mesh6
f 1307//1189 1053//1189 1052//1190 
f 1308//1190 1052//1190 1069//1191 
f 1309//1191 1069//1191 1071//1192 
f 1310//1192 1071//1192 1073//1193 
f 1311//1193 1073//1193 1075//1194 
f 1312//1194 1075//1194 1077//1195 
f 1313//1195 1077//1195 1079//1196 
f 1314//1196 1079//1196 1081//1197 
f 1315//1197 1081//1197 1083//1198 
f 1316//1198 1083//1198 1085//1199 
f 1317//1199 1085//1199 1087//1200 
f 1318//1200 1087//1200 1089//1201 
f 1319//1201 1089//1201 1091//1202 
f 1320//1202 1091//1202 1093//1203 
f 1321//1203 1093//1203 1040//1204 
f 1040//1204 1036//1204 1321//1203 
f 1093//1203 1321//1203 1320//1202 
f 1091//1202 1320//1202 1319//1201 
f 1089//1201 1319//1201 1318//1200 
f 1087//1200 1318//1200 1317//1199 
f 1085//1199 1317//1199 1316//1198 
f 1083//1198 1316//1198 1315//1197 
f 1081//1197 1315//1197 1314//1196 
f 1079//1196 1314//1196 1313//1195 
f 1077//1195 1313//1195 1312//1194 
f 1075//1194 1312//1194 1311//1193 
f 1073//1193 1311//1193 1310//1192 
f 1071//1192 1310//1192 1309//1191 
f 1069//1191 1309//1191 1308//1190 
f 1052//1190 1308//1190 1307//1189 
o mesh7
f 1053//1205 1322//1205 1323//1206 
f 1054//1206 1323//1206 1324//1207 
f 1055//1207 1324//1207 1325//1208 
f 1056//1208 1325//1208 1326//1209 
f 1057//1209 1326//1209 1327//1210 
f 1058//1210 1327//1210 1328//1211 
f 1059//1211 1328//1211 1329//1212 
f 1060//1212 1329//1212 1330//1213 
f 1061//1213 1330//1213 1331//1214 
f 1062//1214 1331//1214 1332//1215 
f 1063//1215 1332//1215 1333//1216 
f 1064//1216 1333//1216 1334//1217 
f 1065//1217 1334//1217 1335//1218 
f 1066//1218 1335//1218 1336//1219 
f 1067//1219 1336//1219 1337//1220 
f 1337//1220 1068//1220 1067//1219 
f 1336//1219 1067//1219 1066//1218 
f 1335//1218 1066//1218 1065//1217 
f 1334//1217 1065//1217 1064//1216 
f 1333//1216 1064//1216 1063//1215 
f 1332//1215 1063//1215 1062//1214 
f 1331//1214 1062//1214 1061//1213 
f 1330//1213 1061//1213 1060//1212 
f 1329//1212 1060//1212 1059//1211 
f 1328//1211 1059//1211 1058//1210 
f 1327//1210 1058//1210 1057//1209 
f 1326//1209 1057//1209 1056//1208 
f 1325//1208 1056//1208 1055//1207 
f 1324//1207 1055//1207 1054//1206 
f 1323//1206 1054//1206 1053//1205 
o mesh8
f 1293//1221 1292//1220 1338//1222 
f 1367//1223 1338//1222 1339//1224 
f 1368//1225 1339//1224 1340//1226 
f 1369//1227 1340//1226 1341//1228 
f 1370//1229 1341//1228 1342//1230 
f 1371//1231 1342//1230 1343//1232 
f 1372//1233 1343//1232 1344//1234 
f 1373//1235 1344//1234 1345//1236 
f 1374//1237 1345//1236 1346//1238 
f 1375//1239 1346//1238 1347//1240 
f 1376//1241 1347//1240 1348//1242 
f 1377//1243 1348//1242 1349//1244 
f 1378//1245 1349//1244 1350//1246 
f 1379//1247 1350//1246 1351//1248 
f 1380//1249 1351//1248 1352//1250 
f 1294//1251 1293//1221 1367//1223 
f 1381//1252 1367//1223 1368//1225 
f 1382//1253 1368//1225 1369//1227 
f 1383//1254 1369//1227 1370//1229 
f 1384//1255 1370//1229 1371//1231 
f 1385//1256 1371//1231 1372//1233 
f 1386//1257 1372//1233 1373//1235 
f 1387//1258 1373//1235 1374//1237 
f 1388//1259 1374//1237 1375//1239 
f 1389//1260 1375//1239 1376//1241 
f 1390//1261 1376//1241 1377//1243 
f 1391//1262 1377//1243 1378//1245 
f 1392//1263 1378//1245 1379//1247 
f 1393//1264 1379//1247 1380//1249 
f 1394//1265 1380//1249 1353//1266 
f 1295//1267 1294//1251 1381//1252 
f 1395//1268 1381//1252 1382//1253 
f 1396//1269 1382//1253 1383//1254 
f 1397//1270 1383//1254 1384//1255 
f 1398//1271 1384//1255 1385//1256 
f 1399//1272 1385//1256 1386//1257 
f 1400//1273 1386//1257 1387//1258 
f 1401//1274 1387//1258 1388//1259 
f 1402//1275 1388//1259 1389//1260 
f 1403//1276 1389//1260 1390//1261 
f 1404//1277 1390//1261 1391//1262 
f 1405//1278 1391//1262 1392//1263 
f 1406//1279 1392//1263 1393//1264 
f 1407//1280 1393//1264 1394//1265 
f 1408//1281 1394//1265 1354//1282 
f 1296//1283 1295//1267 1395//1268 
f 1409//1284 1395//1268 1396//1269 
f 1410//1285 1396//1269 1397//1270 
f 1411//1286 1397//1270 1398//1271 
f 1412//1287 1398//1271 1399//1272 
f 1413//1288 1399//1272 1400//1273 
f 1414//1289 1400//1273 1401//1274 
f 1415//1290 1401//1274 1402//1275 
f 1416//1291 1402//1275 1403//1276 
f 1417//1292 1403//1276 1404//1277 
f 1418//1293 1404//1277 1405//1278 
f 1419//1294 1405//1278 1406//1279 
f 1420//1295 1406//1279 1407//1280 
f 1421//1296 1407//1280 1408//1281 
f 1422//1297 1408//1281 1355//1298 
f 1297//1299 1296//1283 1409//1284 
f 1423//1300 1409//1284 1410//1285 
f 1424//1301 1410//1285 1411//1286 
f 1425//1302 1411//1286 1412//1287 
f 1426//1303 1412//1287 1413//1288 
f 1427//1304 1413//1288 1414//1289 
f 1428//1305 1414//1289 1415//1290 
f 1429//1306 1415//1290 1416//1291 
f 1430//1307 1416//1291 1417//1292 
f 1431//1308 1417//1292 1418//1293 
f 1432//1309 1418//1293 1419//1294 
f 1433//1310 1419//1294 1420//1295 
f 1434//1311 1420//1295 1421//1296 
f 1435//1312 1421//1296 1422//1297 
f 1436//1313 1422//1297 1356//1314 
f 1298//1315 1297//1299 1423//1300 
f 1437//1316 1423//1300 1424//1301 
f 1438//1317 1424//1301 1425//1302 
f 1439//1318 1425//1302 1426//1303 
f 1440//1319 1426//1303 1427//1304 
f 1441//1320 1427//1304 1428//1305 
f 1442//1321 1428//1305 1429//1306 
f 1443//1322 1429//1306 1430//1307 
f 1444//1323 1430//1307 1431//1308 
f 1445//1324 1431//1308 1432//1309 
f 1446//1325 1432//1309 1433//1310 
f 1447//1326 1433//1310 1434//1311 
f 1448//1327 1434//1311 1435//1312 
f 1449//1328 1435//1312 1436//1313 
f 1450//1329 1436//1313 1357//1330 
f 1299//1331 1298//1315 1437//1316 
f 1451//1332 1437//1316 1438//1317 
f 1452//1333 1438//1317 1439//1318 
f 1453//1334 1439//1318 1440//1319 
f 1454//1335 1440//1319 1441//1320 
f 1455//1336 1441//1320 1442//1321 
f 1456//1337 1442//1321 1443//1322 
f 1457//1338 1443//1322 1444//1323 
f 1458//1339 1444//1323 1445//1324 
f 1459//1340 1445//1324 1446//1325 
f 1460//1341 1446//1325 1447//1326 
f 1461//1342 1447//1326 1448//1327 
f 1462//1343 1448//1327 1449//1328 
f 1463//1344 1449//1328 1450//1329 
f 1464//1345 1450//1329 1358//1346 
f 1300//1347 1299//1331 1451//1332 
f 1465//1348 1451//1332 1452//1333 
f 1466//1349 1452//1333 1453//1334 
f 1467//1350 1453//1334 1454//1335 
f 1468//1351 1454//1335 1455//1336 
f 1469//1352 1455//1336 1456//1337 
f 1470//1353 1456//1337 1457//1338 
f 1471//1354 1457//1338 1458//1339 
f 1472//1355 1458//1339 1459//1340 
f 1473//1356 1459//1340 1460//1341 
f 1474//1357 1460//1341 1461//1342 
f 1475//1358 1461//1342 1462//1343 
f 1476//1359 1462//1343 1463//1344 
f 1477//1360 1463//1344 1464//1345 
f 1478//1361 1464//1345 1359//1362 
f 1301//1363 1300//1347 1465//1348 
f 1479//1364 1465//1348 1466//1349 
f 1480//1365 1466//1349 1467//1350 
f 1481//1366 1467//1350 1468//1351 
f 1482//1367 1468//1351 1469//1352 
f 1483//1368 1469//1352 1470//1353 
f 1484//1369 1470//1353 1471//1354 
f 1485//1370 1471//1354 1472//1355 
f 1486//1371 1472//1355 1473//1356 
f 1487//1372 1473//1356 1474//1357 
f 1488//1373 1474//1357 1475//1358 
f 1489//1374 1475//1358 1476//1359 
f 1490//1375 1476//1359 1477//1360 
f 1491//1376 1477//1360 1478//1361 
f 1492//1377 1478//1361 1360//1378 
f 1302//1379 1301//1363 1479//1364 
f 1493//1380 1479//1364 1480//1365 
f 1494//1381 1480//1365 1481//1366 
f 1495//1382 1481//1366 1482//1367 
f 1496//1383 1482//1367 1483//1368 
f 1497//1384 1483//1368 1484//1369 
f 1498//1385 1484//1369 1485//1370 
f 1499//1386 1485//1370 1486//1371 
f 1500//1387 1486//1371 1487//1372 
f 1501//1388 1487//1372 1488//1373 
f 1502//1389 1488//1373 1489//1374 
f 1503//1390 1489//1374 1490//1375 
f 1504//1391 1490//1375 1491//1376 
f 1505//1392 1491//1376 1492//1377 
f 1506//1393 1492//1377 1361//1394 
f 1303//1395 1302//1379 1493//1380 
f 1507//1396 1493//1380 1494//1381 
f 1508//1397 1494//1381 1495//1382 
f 1509//1398 1495//1382 1496//1383 
f 1510//1399 1496//1383 1497//1384 
f 1511//1400 1497//1384 1498//1385 
f 1512//1401 1498//1385 1499//1386 
f 1513//1402 1499//1386 1500//1387 
f 1514//1403 1500//1387 1501//1388 
f 1515//1404 1501//1388 1502//1389 
f 1516//1405 1502//1389 1503//1390 
f 1517//1406 1503//1390 1504//1391 
f 1518//1407 1504//1391 1505//1392 
f 1519//1408 1505//1392 1506//1393 
f 1520//1409 1506//1393 1362//1410 
f 1304//1411 1303//1395 1507//1396 
f 1521//1412 1507//1396 1508//1397 
f 1522//1413 1508//1397 1509//1398 
f 1523//1414 1509//1398 1510//1399 
f 1524//1415 1510//1399 1511//1400 
f 1525//1416 1511//1400 1512//1401 
f 1526//1417 1512//1401 1513//1402 
f 1527//1418 1513//1402 1514//1403 
f 1528//1419 1514//1403 1515//1404 
f 1529//1420 1515//1404 1516//1405 
f 1530//1421 1516//1405 1517//1406 
f 1531//1422 1517//1406 1518//1407 
f 1532//1423 1518//1407 1519//1408 
f 1533//1424 1519//1408 1520//1409 
f 1534//1425 1520//1409 1363//1426 
f 1305//1427 1304//1411 1521//1412 
f 1535//1428 1521//1412 1522//1413 
f 1536//1429 1522//1413 1523//1414 
f 1537//1430 1523//1414 1524//1415 
f 1538//1431 1524//1415 1525//1416 
f 1539//1432 1525//1416 1526//1417 
f 1540//1433 1526//1417 1527//1418 
f 1541//1434 1527//1418 1528//1419 
f 1542//1435 1528//1419 1529//1420 
f 1543//1436 1529//1420 1530//1421 
f 1544//1437 1530//1421 1531//1422 
f 1545//1438 1531//1422 1532//1423 
f 1546//1439 1532//1423 1533//1424 
f 1547//1440 1533//1424 1534//1425 
f 1548//1441 1534//1425 1364//1442 
f 1306//1443 1305//1427 1535//1428 
f 1549//1444 1535//1428 1536//1429 
f 1550//1445 1536//1429 1537//1430 
f 1551//1446 1537//1430 1538//1431 
f 1552//1447 1538//1431 1539//1432 
f 1553//1448 1539//1432 1540//1433 
f 1554//1449 1540//1433 1541//1434 
f 1555//1450 1541//1434 1542//1435 
f 1556//1451 1542//1435 1543//1436 
f 1557//1452 1543//1436 1544//1437 
f 1558//1453 1544//1437 1545//1438 
f 1559//1454 1545//1438 1546//1439 
f 1560//1455 1546//1439 1547//1440 
f 1561//1456 1547//1440 1548//1441 
f 1562//1457 1548//1441 1365//1458 
f 991//1459 1306//1443 1549//1444 
f 988//1459 1549//1444 1550//1445 
f 989//1459 1550//1445 1551//1446 
f 990//1459 1551//1446 1552//1447 
f 992//1459 1552//1447 1553//1448 
f 993//1459 1553//1448 1554//1449 
f 1002//1459 1554//1449 1555//1450 
f 996//1459 1555//1450 1556//1451 
f 997//1459 1556//1451 1557//1452 
f 994//1459 1557//1452 1558//1453 
f 995//1459 1558//1453 1559//1454 
f 1003//1459 1559//1454 1560//1455 
f 1004//1459 1560//1455 1561//1456 
f 1007//1459 1561//1456 1562//1457 
f 1005//1459 1562//1457 1366//1460 
f 1366//1460 1006//1459 1005//1459 
f 1562//1457 1005//1459 1007//1459 
f 1561//1456 1007//1459 1004//1459 
f 1560//1455 1004//1459 1003//1459 
f 1559//1454 1003//1459 995//1459 
f 1558//1453 995//1459 994//1459 
f 1557//1452 994//1459 997//1459 
f 1556//1451 997//1459 996//1459 
f 1555//1450 996//1459 1002//1459 
f 1554//1449 1002//1459 993//1459 
f 1553//1448 993//1459 992//1459 
f 1552//1447 992//1459 990//1459 
f 1551//1446 990//1459 989//1459 
f 1550//1445 989//1459 988//1459 
f 1549//1444 988//1459 991//1459 
f 1365//1458 1366//1460 1562//1457 
f 1548//1441 1562//1457 1561//1456 
f 1547//1440 1561//1456 1560//1455 
f 1546//1439 1560//1455 1559//1454 
f 1545//1438 1559//1454 1558//1453 
f 1544//1437 1558//1453 1557//1452 
f 1543//1436 1557//1452 1556//1451 
f 1542//1435 1556//1451 1555//1450 
f 1541//1434 1555//1450 1554//1449 
f 1540//1433 1554//1449 1553//1448 
f 1539//1432 1553//1448 1552//1447 
f 1538//1431 1552//1447 1551//1446 
f 1537//1430 1551//1446 1550//1445 
f 1536//1429 1550//1445 1549//1444 
f 1535//1428 1549//1444 1306//1443 
f 1364//1442 1365//1458 1548//1441 
f 1534//1425 1548//1441 1547//1440 
f 1533//1424 1547//1440 1546//1439 
f 1532//1423 1546//1439 1545//1438 
f 1531//1422 1545//1438 1544//1437 
f 1530//1421 1544//1437 1543//1436 
f 1529//1420 1543//1436 1542//1435 
f 1528//1419 1542//1435 1541//1434 
f 1527//1418 1541//1434 1540//1433 
f 1526//1417 1540//1433 1539//1432 
f 1525//1416 1539//1432 1538//1431 
f 1524//1415 1538//1431 1537//1430 
f 1523//1414 1537//1430 1536//1429 
f 1522//1413 1536//1429 1535//1428 
f 1521//1412 1535//1428 1305//1427 
f 1363//1426 1364//1442 1534//1425 
f 1520//1409 1534//1425 1533//1424 
f 1519//1408 1533//1424 1532//1423 
f 1518//1407 1532//1423 1531//1422 
f 1517//1406 1531//1422 1530//1421 
f 1516//1405 1530//1421 1529//1420 
f 1515//1404 1529//1420 1528//1419 
f 1514//1403 1528//1419 1527//1418 
f 1513//1402 1527//1418 1526//1417 
f 1512//1401 1526//1417 1525//1416 
f 1511//1400 1525//1416 1524//1415 
f 1510//1399 1524//1415 1523//1414 
f 1509//1398 1523//1414 1522//1413 
f 1508//1397 1522//1413 1521//1412 
f 1507//1396 1521//1412 1304//1411 
f 1362//1410 1363//1426 1520//1409 
f 1506//1393 1520//1409 1519//1408 
f 1505//1392 1519//1408 1518//1407 
f 1504//1391 1518//1407 1517//1406 
f 1503//1390 1517//1406 1516//1405 
f 1502//1389 1516//1405 1515//1404 
f 1501//1388 1515//1404 1514//1403 
f 1500//1387 1514//1403 1513//1402 
f 1499//1386 1513//1402 1512//1401 
f 1498//1385 1512//1401 1511//1400 
f 1497//1384 1511//1400 1510//1399 
f 1496//1383 1510//1399 1509//1398 
f 1495//1382 1509//1398 1508//1397 
f 1494//1381 1508//1397 1507//1396 
f 1493//1380 1507//1396 1303//1395 
f 1361//1394 1362//1410 1506//1393 
f 1492//1377 1506//1393 1505//1392 
f 1491//1376 1505//1392 1504//1391 
f 1490//1375 1504//1391 1503//1390 
f 1489//1374 1503//1390 1502//1389 
f 1488//1373 1502//1389 1501//1388 
f 1487//1372 1501//1388 1500//1387 
f 1486//1371 1500//1387 1499//1386 
f 1485//1370 1499//1386 1498//1385 
f 1484//1369 1498//1385 1497//1384 
f 1483//1368 1497//1384 1496//1383 
f 1482//1367 1496//1383 1495//1382 
f 1481//1366 1495//1382 1494//1381 
f 1480//1365 1494//1381 1493//1380 
f 1479//1364 1493//1380 1302//1379 
f 1360//1378 1361//1394 1492//1377 
f 1478//1361 1492//1377 1491//1376 
f 1477//1360 1491//1376 1490//1375 
f 1476//1359 1490//1375 1489//1374 
f 1475//1358 1489//1374 1488//1373 
f 1474//1357 1488//1373 1487//1372 
f 1473//1356 1487//1372 1486//1371 
f 1472//1355 1486//1371 1485//1370 
f 1471//1354 1485//1370 1484//1369 
f 1470//1353 1484//1369 1483//1368 
f 1469//1352 1483//1368 1482//1367 
f 1468//1351 1482//1367 1481//1366 
f 1467//1350 1481//1366 1480//1365 
f 1466//1349 1480//1365 1479//1364 
f 1465//1348 1479//1364 1301//1363 
f 1359//1362 1360//1378 1478//1361 
f 1464//1345 1478//1361 1477//1360 
f 1463//1344 1477//1360 1476//1359 
f 1462//1343 1476//1359 1475//1358 
f 1461//1342 1475//1358 1474//1357 
f 1460//1341 1474//1357 1473//1356 
f 1459//1340 1473//1356 1472//1355 
f 1458//1339 1472//1355 1471//1354 
f 1457//1338 1471//1354 1470//1353 
f 1456//1337 1470//1353 1469//1352 
f 1455//1336 1469//1352 1468//1351 
f 1454//1335 1468//1351 1467//1350 
f 1453//1334 1467//1350 1466//1349 
f 1452//1333 1466//1349 1465//1348 
f 1451//1332 1465//1348 1300//1347 
f 1358//1346 1359//1362 1464//1345 
f 1450//1329 1464//1345 1463//1344 
f 1449//1328 1463//1344 1462//1343 
f 1448//1327 1462//1343 1461//1342 
f 1447//1326 1461//1342 1460//1341 
f 1446//1325 1460//1341 1459//1340 
f 1445//1324 1459//1340 1458//1339 
f 1444//1323 1458//1339 1457//1338 
f 1443//1322 1457//1338 1456//1337 
f 1442//1321 1456//1337 1455//1336 
f 1441//1320 1455//1336 1454//1335 
f 1440//1319 1454//1335 1453//1334 
f 1439//1318 1453//1334 1452//1333 
f 1438//1317 1452//1333 1451//1332 
f 1437//1316 1451//1332 1299//1331 
f 1357//1330 1358//1346 1450//1329 
f 1436//1313 1450//1329 1449//1328 
f 1435//1312 1449//1328 1448//1327 
f 1434//1311 1448//1327 1447//1326 
f 1433//1310 1447//1326 1446//1325 
f 1432//1309 1446//1325 1445//1324 
f 1431//1308 1445//1324 1444//1323 
f 1430//1307 1444//1323 1443//1322 
f 1429//1306 1443//1322 1442//1321 
f 1428//1305 1442//1321 1441//1320 
f 1427//1304 1441//1320 1440//1319 
f 1426//1303 1440//1319 1439//1318 
f 1425//1302 1439//1318 1438//1317 
f 1424//1301 1438//1317 1437//1316 
f 1423//1300 1437//1316 1298//1315 
f 1356//1314 1357//1330 1436//1313 
f 1422//1297 1436//1313 1435//1312 
f 1421//1296 1435//1312 1434//1311 
f 1420//1295 1434//1311 1433//1310 
f 1419//1294 1433//1310 1432//1309 
f 1418//1293 1432//1309 1431//1308 
f 1417//1292 1431//1308 1430//1307 
f 1416//1291 1430//1307 1429//1306 
f 1415//1290 1429//1306 1428//1305 
f 1414//1289 1428//1305 1427//1304 
f 1413//1288 1427//1304 1426//1303 
f 1412//1287 1426//1303 1425//1302 
f 1411//1286 1425//1302 1424//1301 
f 1410//1285 1424//1301 1423//1300 
f 1409//1284 1423//1300 1297//1299 
f 1355//1298 1356//1314 1422//1297 
f 1408//1281 1422//1297 1421//1296 
f 1407//1280 1421//1296 1420//1295 
f 1406//1279 1420//1295 1419//1294 
f 1405//1278 1419//1294 1418//1293 
f 1404//1277 1418//1293 1417//1292 
f 1403//1276 1417//1292 1416//1291 
f 1402//1275 1416//1291 1415//1290 
f 1401//1274 1415//1290 1414//1289 
f 1400//1273 1414//1289 1413//1288 
f 1399//1272 1413//1288 1412//1287 
f 1398//1271 1412//1287 1411//1286 
f 1397//1270 1411//1286 1410//1285 
f 1396//1269 1410//1285 1409//1284 
f 1395//1268 1409//1284 1296//1283 
f 1354//1282 1355//1298 1408//1281 
f 1394//1265 1408//1281 1407//1280 
f 1393//1264 1407//1280 1406//1279 
f 1392//1263 1406//1279 1405//1278 
f 1391//1262 1405//1278 1404//1277 
f 1390//1261 1404//1277 1403//1276 
f 1389//1260 1403//1276 1402//1275 
f 1388//1259 1402//1275 1401//1274 
f 1387//1258 1401//1274 1400//1273 
f 1386//1257 1400//1273 1399//1272 
f 1385//1256 1399//1272 1398//1271 
f 1384//1255 1398//1271 1397//1270 
f 1383//1254 1397//1270 1396//1269 
f 1382//1253 1396//1269 1395//1268 
f 1381//1252 1395//1268 1295//1267 
f 1353//1266 1354//1282 1394//1265 
f 1380//1249 1394//1265 1393//1264 
f 1379//1247 1393//1264 1392//1263 
f 1378//1245 1392//1263 1391//1262 
f 1377//1243 1391//1262 1390//1261 
f 1376//1241 1390//1261 1389//1260 
f 1375//1239 1389//1260 1388//1259 
f 1374//1237 1388//1259 1387//1258 
f 1373//1235 1387//1258 1386//1257 
f 1372//1233 1386//1257 1385//1256 
f 1371//1231 1385//1256 1384//1255 
f 1370//1229 1384//1255 1383//1254 
f 1369//1227 1383//1254 1382//1253 
f 1368//1225 1382//1253 1381//1252 
f 1367//1223 1381//1252 1294//1251 
f 1352//1250 1353//1266 1380//1249 
f 1351//1248 1380//1249 1379//1247 
f 1350//1246 1379//1247 1378//1245 
f 1349//1244 1378//1245 1377//1243 
f 1348//1242 1377//1243 1376//1241 
f 1347//1240 1376//1241 1375//1239 
f 1346//1238 1375//1239 1374//1237 
f 1345//1236 1374//1237 1373//1235 
f 1344//1234 1373//1235 1372//1233 
f 1343//1232 1372//1233 1371//1231 
f 1342//1230 1371//1231 1370//1229 
f 1341//1228 1370//1229 1369//1227 
f 1340//1226 1369//1227 1368//1225 
f 1339//1224 1368//1225 1367//1223 
f 1338//1222 1367//1223 1293//1221 
o mesh9
f 1563//1461 1352//1461 1351//1462 
f 1564//1462 1351//1462 1350//1463 
f 1565//1463 1350//1463 1349//1464 
f 1566//1464 1349//1464 1348//1465 
f 1567//1465 1348//1465 1347//1466 
f 1568//1466 1347//1466 1346//1467 
f 1569//1467 1346//1467 1345//1468 
f 1570//1468 1345//1468 1344//1469 
f 1571//1469 1344//1469 1343//1470 
f 1572//1470 1343//1470 1342//1471 
f 1573//1471 1342//1471 1341//1472 
f 1574//1472 1341//1472 1340//1473 
f 1575//1473 1340//1473 1339//1474 
f 1576//1474 1339//1474 1338//1475 
f 1577//1475 1338//1475 1292//1476 
f 1292//1476 1578//1476 1577//1475 
f 1338//1475 1577//1475 1576//1474 
f 1339//1474 1576//1474 1575//1473 
f 1340//1473 1575//1473 1574//1472 
f 1341//1472 1574//1472 1573//1471 
f 1342//1471 1573//1471 1572//1470 
f 1343//1470 1572//1470 1571//1469 
f 1344//1469 1571//1469 1570//1468 
f 1345//1468 1570//1468 1569//1467 
f 1346//1467 1569//1467 1568//1466 
f 1347//1466 1568//1466 1567//1465 
f 1348//1465 1567//1465 1566//1464 
f 1349//1464 1566//1464 1565//1463 
f 1350//1463 1565//1463 1564//1462 
f 1351//1462 1564//1462 1563//1461 
o mesh10
f 1352//1477 1579//1477 1580//1478 
f 1353//1478 1580//1478 1581//1479 
f 1354//1479 1581//1479 1582//1480 
f 1355//1480 1582//1480 1583//1481 
f 1356//1481 1583//1481 1584//1482 
f 1357//1482 1584//1482 1585//1483 
f 1358//1483 1585//1483 1586//1484 
f 1359//1484 1586//1484 1587//1485 
f 1360//1485 1587//1485 1588//1486 
f 1361//1486 1588//1486 1589//1487 
f 1362//1487 1589//1487 1590//1488 
f 1363//1488 1590//1488 1591//1489 
f 1364//1489 1591//1489 1592//1490 
f 1365//1490 1592//1490 1593//1491 
f 1366//1491 1593//1491 1021//1492 
f 1021//1492 1006//1492 1366//1491 
f 1593//1491 1366//1491 1365//1490 
f 1592//1490 1365//1490 1364//1489 
f 1591//1489 1364//1489 1363//1488 
f 1590//1488 1363//1488 1362//1487 
f 1589//1487 1362//1487 1361//1486 
f 1588//1486 1361//1486 1360//1485 
f 1587//1485 1360//1485 1359//1484 
f 1586//1484 1359//1484 1358//1483 
f 1585//1483 1358//1483 1357//1482 
f 1584//1482 1357//1482 1356//1481 
f 1583//1481 1356//1481 1355//1480 
f 1582//1480 1355//1480 1354//1479 
f 1581//1479 1354//1479 1353//1478 
f 1580//1478 1353//1478 1352//1477 
o mesh11
f 1563//1493 1594//1493 1579//1493 
f 1579//1493 1352//1493 1563//1493 
o mesh12
f 1580//1494 1579//1493 1595//1495 
f 1624//1496 1595//1495 1596//1497 
f 1625//1498 1596//1497 1597//1499 
f 1626//1500 1597//1499 1598//1501 
f 1627//1502 1598//1501 1599//1503 
f 1628//1504 1599//1503 1600//1505 
f 1629//1506 1600//1505 1601//1507 
f 1630//1508 1601//1507 1602//1509 
f 1631//1510 1602//1509 1603//1511 
f 1632//1512 1603//1511 1604//1513 
f 1633//1514 1604//1513 1605//1515 
f 1634//1516 1605//1515 1606//1517 
f 1635//1518 1606//1517 1607//1519 
f 1636//1520 1607//1519 1608//1521 
f 1637//1522 1608//1521 1609//1523 
f 1581//1524 1580//1494 1624//1496 
f 1638//1525 1624//1496 1625//1498 
f 1639//1526 1625//1498 1626//1500 
f 1640//1527 1626//1500 1627//1502 
f 1641//1528 1627//1502 1628//1504 
f 1642//1529 1628//1504 1629//1506 
f 1643//1530 1629//1506 1630//1508 
f 1644//1531 1630//1508 1631//1510 
f 1645//1532 1631//1510 1632//1512 
f 1646//1533 1632//1512 1633//1514 
f 1647//1534 1633//1514 1634//1516 
f 1648//1535 1634//1516 1635//1518 
f 1649//1536 1635//1518 1636//1520 
f 1650//1537 1636//1520 1637//1522 
f 1651//1538 1637//1522 1610//1539 
f 1582//1540 1581//1524 1638//1525 
f 1652//1541 1638//1525 1639//1526 
f 1653//1542 1639//1526 1640//1527 
f 1654//1543 1640//1527 1641//1528 
f 1655//1544 1641//1528 1642//1529 
f 1656//1545 1642//1529 1643//1530 
f 1657//1546 1643//1530 1644//1531 
f 1658//1547 1644//1531 1645//1532 
f 1659//1548 1645//1532 1646//1533 
f 1660//1549 1646//1533 1647//1534 
f 1661//1550 1647//1534 1648//1535 
f 1662//1551 1648//1535 1649//1536 
f 1663//1552 1649//1536 1650//1537 
f 1664//1553 1650//1537 1651//1538 
f 1665//1554 1651//1538 1611//1555 
f 1583//1556 1582//1540 1652//1541 
f 1666//1557 1652//1541 1653//1542 
f 1667//1558 1653//1542 1654//1543 
f 1668//1559 1654//1543 1655//1544 
f 1669//1560 1655//1544 1656//1545 
f 1670//1561 1656//1545 1657//1546 
f 1671//1562 1657//1546 1658//1547 
f 1672//1563 1658//1547 1659//1548 
f 1673//1564 1659//1548 1660//1549 
f 1674//1565 1660//1549 1661//1550 
f 1675//1566 1661//1550 1662//1551 
f 1676//1567 1662//1551 1663//1552 
f 1677//1568 1663//1552 1664//1553 
f 1678//1569 1664//1553 1665//1554 
f 1679//1570 1665//1554 1612//1571 
f 1584//1572 1583//1556 1666//1557 
f 1680//1573 1666//1557 1667//1558 
f 1681//1574 1667//1558 1668//1559 
f 1682//1575 1668//1559 1669//1560 
f 1683//1576 1669//1560 1670//1561 
f 1684//1577 1670//1561 1671//1562 
f 1685//1578 1671//1562 1672//1563 
f 1686//1579 1672//1563 1673//1564 
f 1687//1580 1673//1564 1674//1565 
f 1688//1581 1674//1565 1675//1566 
f 1689//1582 1675//1566 1676//1567 
f 1690//1583 1676//1567 1677//1568 
f 1691//1584 1677//1568 1678//1569 
f 1692//1585 1678//1569 1679//1570 
f 1693//1586 1679//1570 1613//1587 
f 1585//1588 1584//1572 1680//1573 
f 1694//1589 1680//1573 1681//1574 
f 1695//1590 1681//1574 1682//1575 
f 1696//1591 1682//1575 1683//1576 
f 1697//1592 1683//1576 1684//1577 
f 1698//1593 1684//1577 1685//1578 
f 1699//1594 1685//1578 1686//1579 
f 1700//1595 1686//1579 1687//1580 
f 1701//1596 1687//1580 1688//1581 
f 1702//1597 1688//1581 1689//1582 
f 1703//1598 1689//1582 1690//1583 
f 1704//1599 1690//1583 1691//1584 
f 1705//1600 1691//1584 1692//1585 
f 1706//1601 1692//1585 1693//1586 
f 1707//1602 1693//1586 1614//1603 
f 1586//1604 1585//1588 1694//1589 
f 1708//1605 1694//1589 1695//1590 
f 1709//1606 1695//1590 1696//1591 
f 1710//1607 1696//1591 1697//1592 
f 1711//1608 1697//1592 1698//1593 
f 1712//1609 1698//1593 1699//1594 
f 1713//1610 1699//1594 1700//1595 
f 1714//1611 1700//1595 1701//1596 
f 1715//1612 1701//1596 1702//1597 
f 1716//1613 1702//1597 1703//1598 
f 1717//1614 1703//1598 1704//1599 
f 1718//1615 1704//1599 1705//1600 
f 1719//1616 1705//1600 1706//1601 
f 1720//1617 1706//1601 1707//1602 
f 1721//1618 1707//1602 1615//1619 
f 1587//1620 1586//1604 1708//1605 
f 1722//1621 1708//1605 1709//1606 
f 1723//1622 1709//1606 1710//1607 
f 1724//1623 1710//1607 1711//1608 
f 1725//1624 1711//1608 1712//1609 
f 1726//1625 1712//1609 1713//1610 
f 1727//1626 1713//1610 1714//1611 
f 1728//1627 1714//1611 1715//1612 
f 1729//1628 1715//1612 1716//1613 
f 1730//1629 1716//1613 1717//1614 
f 1731//1630 1717//1614 1718//1615 
f 1732//1631 1718//1615 1719//1616 
f 1733//1632 1719//1616 1720//1617 
f 1734//1633 1720//1617 1721//1618 
f 1735//1634 1721//1618 1616//1635 
f 1588//1636 1587//1620 1722//1621 
f 1736//1637 1722//1621 1723//1622 
f 1737//1638 1723//1622 1724//1623 
f 1738//1639 1724//1623 1725//1624 
f 1739//1640 1725//1624 1726//1625 
f 1740//1641 1726//1625 1727//1626 
f 1741//1642 1727//1626 1728//1627 
f 1742//1643 1728//1627 1729//1628 
f 1743//1644 1729//1628 1730//1629 
f 1744//1645 1730//1629 1731//1630 
f 1745//1646 1731//1630 1732//1631 
f 1746//1647 1732//1631 1733//1632 
f 1747//1648 1733//1632 1734//1633 
f 1748//1649 1734//1633 1735//1634 
f 1749//1650 1735//1634 1617//1651 
f 1589//1652 1588//1636 1736//1637 
f 1750//1653 1736//1637 1737//1638 
f 1751//1654 1737//1638 1738//1639 
f 1752//1655 1738//1639 1739//1640 
f 1753//1656 1739//1640 1740//1641 
f 1754//1657 1740//1641 1741//1642 
f 1755//1658 1741//1642 1742//1643 
f 1756//1659 1742//1643 1743//1644 
f 1757//1660 1743//1644 1744//1645 
f 1758//1661 1744//1645 1745//1646 
f 1759//1662 1745//1646 1746//1647 
f 1760//1663 1746//1647 1747//1648 
f 1761//1664 1747//1648 1748//1649 
f 1762//1665 1748//1649 1749//1650 
f 1763//1666 1749//1650 1618//1667 
f 1590//1668 1589//1652 1750//1653 
f 1764//1669 1750//1653 1751//1654 
f 1765//1670 1751//1654 1752//1655 
f 1766//1671 1752//1655 1753//1656 
f 1767//1672 1753//1656 1754//1657 
f 1768//1673 1754//1657 1755//1658 
f 1769//1674 1755//1658 1756//1659 
f 1770//1675 1756//1659 1757//1660 
f 1771//1676 1757//1660 1758//1661 
f 1772//1677 1758//1661 1759//1662 
f 1773//1678 1759//1662 1760//1663 
f 1774//1679 1760//1663 1761//1664 
f 1775//1680 1761//1664 1762//1665 
f 1776//1681 1762//1665 1763//1666 
f 1777//1682 1763//1666 1619//1683 
f 1591//1684 1590//1668 1764//1669 
f 1778//1685 1764//1669 1765//1670 
f 1779//1686 1765//1670 1766//1671 
f 1780//1687 1766//1671 1767//1672 
f 1781//1688 1767//1672 1768//1673 
f 1782//1689 1768//1673 1769//1674 
f 1783//1690 1769//1674 1770//1675 
f 1784//1691 1770//1675 1771//1676 
f 1785//1692 1771//1676 1772//1677 
f 1786//1693 1772//1677 1773//1678 
f 1787//1694 1773//1678 1774//1679 
f 1788//1695 1774//1679 1775//1680 
f 1789//1696 1775//1680 1776//1681 
f 1790//1697 1776//1681 1777//1682 
f 1791//1698 1777//1682 1620//1699 
f 1592//1700 1591//1684 1778//1685 
f 1792//1701 1778//1685 1779//1686 
f 1793//1702 1779//1686 1780//1687 
f 1794//1703 1780//1687 1781//1688 
f 1795//1704 1781//1688 1782//1689 
f 1796//1705 1782//1689 1783//1690 
f 1797//1706 1783//1690 1784//1691 
f 1798//1707 1784//1691 1785//1692 
f 1799//1708 1785//1692 1786//1693 
f 1800//1709 1786//1693 1787//1694 
f 1801//1710 1787//1694 1788//1695 
f 1802//1711 1788//1695 1789//1696 
f 1803//1712 1789//1696 1790//1697 
f 1804//1713 1790//1697 1791//1698 
f 1805//1714 1791//1698 1621//1715 
f 1593//1716 1592//1700 1792//1701 
f 1806//1717 1792//1701 1793//1702 
f 1807//1718 1793//1702 1794//1703 
f 1808//1719 1794//1703 1795//1704 
f 1809//1720 1795//1704 1796//1705 
f 1810//1721 1796//1705 1797//1706 
f 1811//1722 1797//1706 1798//1707 
f 1812//1723 1798//1707 1799//1708 
f 1813//1724 1799//1708 1800//1709 
f 1814//1725 1800//1709 1801//1710 
f 1815//1726 1801//1710 1802//1711 
f 1816//1727 1802//1711 1803//1712 
f 1817//1728 1803//1712 1804//1713 
f 1818//1729 1804//1713 1805//1714 
f 1819//1730 1805//1714 1622//1731 
f 1021//1732 1593//1716 1806//1717 
f 1041//1732 1806//1717 1807//1718 
f 1042//1732 1807//1718 1808//1719 
f 1049//1732 1808//1719 1809//1720 
f 1029//1732 1809//1720 1810//1721 
f 1030//1732 1810//1721 1811//1722 
f 1045//1732 1811//1722 1812//1723 
f 1043//1732 1812//1723 1813//1724 
f 1044//1732 1813//1724 1814//1725 
f 1051//1732 1814//1725 1815//1726 
f 1047//1732 1815//1726 1816//1727 
f 1048//1732 1816//1727 1817//1728 
f 1050//1732 1817//1728 1818//1729 
f 1046//1732 1818//1729 1819//1730 
f 1031//1732 1819//1730 1623//1733 
f 1623//1733 1032//1732 1031//1732 
f 1819//1730 1031//1732 1046//1732 
f 1818//1729 1046//1732 1050//1732 
f 1817//1728 1050//1732 1048//1732 
f 1816//1727 1048//1732 1047//1732 
f 1815//1726 1047//1732 1051//1732 
f 1814//1725 1051//1732 1044//1732 
f 1813//1724 1044//1732 1043//1732 
f 1812//1723 1043//1732 1045//1732 
f 1811//1722 1045//1732 1030//1732 
f 1810//1721 1030//1732 1029//1732 
f 1809//1720 1029//1732 1049//1732 
f 1808//1719 1049//1732 1042//1732 
f 1807//1718 1042//1732 1041//1732 
f 1806//1717 1041//1732 1021//1732 
f 1622//1731 1623//1733 1819//1730 
f 1805//1714 1819//1730 1818//1729 
f 1804//1713 1818//1729 1817//1728 
f 1803//1712 1817//1728 1816//1727 
f 1802//1711 1816//1727 1815//1726 
f 1801//1710 1815//1726 1814//1725 
f 1800//1709 1814//1725 1813//1724 
f 1799//1708 1813//1724 1812//1723 
f 1798//1707 1812//1723 1811//1722 
f 1797//1706 1811//1722 1810//1721 
f 1796//1705 1810//1721 1809//1720 
f 1795//1704 1809//1720 1808//1719 
f 1794//1703 1808//1719 1807//1718 
f 1793//1702 1807//1718 1806//1717 
f 1792//1701 1806//1717 1593//1716 
f 1621//1715 1622//1731 1805//1714 
f 1791//1698 1805//1714 1804//1713 
f 1790//1697 1804//1713 1803//1712 
f 1789//1696 1803//1712 1802//1711 
f 1788//1695 1802//1711 1801//1710 
f 1787//1694 1801//1710 1800//1709 
f 1786//1693 1800//1709 1799//1708 
f 1785//1692 1799//1708 1798//1707 
f 1784//1691 1798//1707 1797//1706 
f 1783//1690 1797//1706 1796//1705 
f 1782//1689 1796//1705 1795//1704 
f 1781//1688 1795//1704 1794//1703 
f 1780//1687 1794//1703 1793//1702 
f 1779//1686 1793//1702 1792//1701 
f 1778//1685 1792//1701 1592//1700 
f 1620//1699 1621//1715 1791//1698 
f 1777//1682 1791//1698 1790//1697 
f 1776//1681 1790//1697 1789//1696 
f 1775//1680 1789//1696 1788//1695 
f 1774//1679 1788//1695 1787//1694 
f 1773//1678 1787//1694 1786//1693 
f 1772//1677 1786//1693 1785//1692 
f 1771//1676 1785//1692 1784//1691 
f 1770//1675 1784//1691 1783//1690 
f 1769//1674 1783//1690 1782//1689 
f 1768//1673 1782//1689 1781//1688 
f 1767//1672 1781//1688 1780//1687 
f 1766//1671 1780//1687 1779//1686 
f 1765//1670 1779//1686 1778//1685 
f 1764//1669 1778//1685 1591//1684 
f 1619//1683 1620//1699 1777//1682 
f 1763//1666 1777//1682 1776//1681 
f 1762//1665 1776//1681 1775//1680 
f 1761//1664 1775//1680 1774//1679 
f 1760//1663 1774//1679 1773//1678 
f 1759//1662 1773//1678 1772//1677 
f 1758//1661 1772//1677 1771//1676 
f 1757//1660 1771//1676 1770//1675 
f 1756//1659 1770//1675 1769//1674 
f 1755//1658 1769//1674 1768//1673 
f 1754//1657 1768//1673 1767//1672 
f 1753//1656 1767//1672 1766//1671 
f 1752//1655 1766//1671 1765//1670 
f 1751//1654 1765//1670 1764//1669 
f 1750//1653 1764//1669 1590//1668 
f 1618//1667 1619//1683 1763//1666 
f 1749//1650 1763//1666 1762//1665 
f 1748//1649 1762//1665 1761//1664 
f 1747//1648 1761//1664 1760//1663 
f 1746//1647 1760//1663 1759//1662 
f 1745//1646 1759//1662 1758//1661 
f 1744//1645 1758//1661 1757//1660 
f 1743//1644 1757//1660 1756//1659 
f 1742//1643 1756//1659 1755//1658 
f 1741//1642 1755//1658 1754//1657 
f 1740//1641 1754//1657 1753//1656 
f 1739//1640 1753//1656 1752//1655 
f 1738//1639 1752//1655 1751//1654 
f 1737//1638 1751//1654 1750//1653 
f 1736//1637 1750//1653 1589//1652 
f 1617//1651 1618//1667 1749//1650 
f 1735//1634 1749//1650 1748//1649 
f 1734//1633 1748//1649 1747//1648 
f 1733//1632 1747//1648 1746//1647 
f 1732//1631 1746//1647 1745//1646 
f 1731//1630 1745//1646 1744//1645 
f 1730//1629 1744//1645 1743//1644 
f 1729//1628 1743//1644 1742//1643 
f 1728//1627 1742//1643 1741//1642 
f 1727//1626 1741//1642 1740//1641 
f 1726//1625 1740//1641 1739//1640 
f 1725//1624 1739//1640 1738//1639 
f 1724//1623 1738//1639 1737//1638 
f 1723//1622 1737//1638 1736//1637 
f 1722//1621 1736//1637 1588//1636 
f 1616//1635 1617//1651 1735//1634 
f 1721//1618 1735//1634 1734//1633 
f 1720//1617 1734//1633 1733//1632 
f 1719//1616 1733//1632 1732//1631 
f 1718//1615 1732//1631 1731//1630 
f 1717//1614 1731//1630 1730//1629 
f 1716//1613 1730//1629 1729//1628 
f 1715//1612 1729//1628 1728//1627 
f 1714//1611 1728//1627 1727//1626 
f 1713//1610 1727//1626 1726//1625 
f 1712//1609 1726//1625 1725//1624 
f 1711//1608 1725//1624 1724//1623 
f 1710//1607 1724//1623 1723//1622 
f 1709//1606 1723//1622 1722//1621 
f 1708//1605 1722//1621 1587//1620 
f 1615//1619 1616//1635 1721//1618 
f 1707//1602 1721//1618 1720//1617 
f 1706//1601 1720//1617 1719//1616 
f 1705//1600 1719//1616 1718//1615 
f 1704//1599 1718//1615 1717//1614 
f 1703//1598 1717//1614 1716//1613 
f 1702//1597 1716//1613 1715//1612 
f 1701//1596 1715//1612 1714//1611 
f 1700//1595 1714//1611 1713//1610 
f 1699//1594 1713//1610 1712//1609 
f 1698//1593 1712//1609 1711//1608 
f 1697//1592 1711//1608 1710//1607 
f 1696//1591 1710//1607 1709//1606 
f 1695//1590 1709//1606 1708//1605 
f 1694//1589 1708//1605 1586//1604 
f 1614//1603 1615//1619 1707//1602 
f 1693//1586 1707//1602 1706//1601 
f 1692//1585 1706//1601 1705//1600 
f 1691//1584 1705//1600 1704//1599 
f 1690//1583 1704//1599 1703//1598 
f 1689//1582 1703//1598 1702//1597 
f 1688//1581 1702//1597 1701//1596 
f 1687//1580 1701//1596 1700//1595 
f 1686//1579 1700//1595 1699//1594 
f 1685//1578 1699//1594 1698//1593 
f 1684//1577 1698//1593 1697//1592 
f 1683//1576 1697//1592 1696//1591 
f 1682//1575 1696//1591 1695//1590 
f 1681//1574 1695//1590 1694//1589 
f 1680//1573 1694//1589 1585//1588 
f 1613//1587 1614//1603 1693//1586 
f 1679//1570 1693//1586 1692//1585 
f 1678//1569 1692//1585 1691//1584 
f 1677//1568 1691//1584 1690//1583 
f 1676//1567 1690//1583 1689//1582 
f 1675//1566 1689//1582 1688//1581 
f 1674//1565 1688//1581 1687//1580 
f 1673//1564 1687//1580 1686//1579 
f 1672//1563 1686//1579 1685//1578 
f 1671//1562 1685//1578 1684//1577 
f 1670//1561 1684//1577 1683//1576 
f 1669//1560 1683//1576 1682//1575 
f 1668//1559 1682//1575 1681//1574 
f 1667//1558 1681//1574 1680//1573 
f 1666//1557 1680//1573 1584//1572 
f 1612//1571 1613//1587 1679//1570 
f 1665//1554 1679//1570 1678//1569 
f 1664//1553 1678//1569 1677//1568 
f 1663//1552 1677//1568 1676//1567 
f 1662//1551 1676//1567 1675//1566 
f 1661//1550 1675//1566 1674//1565 
f 1660//1549 1674//1565 1673//1564 
f 1659//1548 1673//1564 1672//1563 
f 1658//1547 1672//1563 1671//1562 
f 1657//1546 1671//1562 1670//1561 
f 1656//1545 1670//1561 1669//1560 
f 1655//1544 1669//1560 1668//1559 
f 1654//1543 1668//1559 1667//1558 
f 1653//1542 1667//1558 1666//1557 
f 1652//1541 1666//1557 1583//1556 
f 1611//1555 1612//1571 1665//1554 
f 1651//1538 1665//1554 1664//1553 
f 1650//1537 1664//1553 1663//1552 
f 1649//1536 1663//1552 1662//1551 
f 1648//1535 1662//1551 1661//1550 
f 1647//1534 1661//1550 1660//1549 
f 1646//1533 1660//1549 1659//1548 
f 1645//1532 1659//1548 1658//1547 
f 1644//1531 1658//1547 1657//1546 
f 1643//1530 1657//1546 1656//1545 
f 1642//1529 1656//1545 1655//1544 
f 1641//1528 1655//1544 1654//1543 
f 1640//1527 1654//1543 1653//1542 
f 1639//1526 1653//1542 1652//1541 
f 1638//1525 1652//1541 1582//1540 
f 1610//1539 1611//1555 1651//1538 
f 1637//1522 1651//1538 1650//1537 
f 1636//1520 1650//1537 1649//1536 
f 1635//1518 1649//1536 1648//1535 
f 1634//1516 1648//1535 1647//1534 
f 1633//1514 1647//1534 1646//1533 
f 1632//1512 1646//1533 1645//1532 
f 1631//1510 1645//1532 1644//1531 
f 1630//1508 1644//1531 1643//1530 
f 1629//1506 1643//1530 1642//1529 
f 1628//1504 1642//1529 1641//1528 
f 1627//1502 1641//1528 1640//1527 
f 1626//1500 1640//1527 1639//1526 
f 1625//1498 1639//1526 1638//1525 
f 1624//1496 1638//1525 1581//1524 
f 1609//1523 1610//1539 1637//1522 
f 1608//1521 1637//1522 1636//1520 
f 1607//1519 1636//1520 1635//1518 
f 1606//1517 1635//1518 1634//1516 
f 1605//1515 1634//1516 1633//1514 
f 1604//1513 1633//1514 1632//1512 
f 1603//1511 1632//1512 1631//1510 
f 1602//1509 1631//1510 1630//1508 
f 1601//1507 1630//1508 1629//1506 
f 1600//1505 1629//1506 1628//1504 
f 1599//1503 1628//1504 1627//1502 
f 1598//1501 1627//1502 1626//1500 
f 1597//1499 1626//1500 1625//1498 
f 1596//1497 1625//1498 1624//1496 
f 1595//1495 1624//1496 1580//1494 
o mesh13
f 1579//1734 1594//1734 1820//1735 
f 1595//1735 1820//1735 1821//1736 
f 1596//1736 1821//1736 1822//1737 
f 1597//1737 1822//1737 1823//1738 
f 1598//1738 1823//1738 1824//1739 
f 1599//1739 1824//1739 1825//1740 
f 1600//1740 1825//1740 1826//1741 
f 1601//1741 1826//1741 1827//1742 
f 1602//1742 1827//1742 1828//1743 
f 1603//1743 1828//1743 1829//1744 
f 1604//1744 1829//1744 1830//1745 
f 1605//1745 1830//1745 1831//1746 
f 1606//1746 1831//1746 1832//1747 
f 1607//1747 1832//1747 1833//1748 
f 1608//1748 1833//1748 1834//1749 
f 1834//1749 1609//1749 1608//1748 
f 1833//1748 1608//1748 1607//1747 
f 1832//1747 1607//1747 1606//1746 
f 1831//1746 1606//1746 1605//1745 
f 1830//1745 1605//1745 1604//1744 
f 1829//1744 1604//1744 1603//1743 
f 1828//1743 1603//1743 1602//1742 
f 1827//1742 1602//1742 1601//1741 
f 1826//1741 1601//1741 1600//1740 
f 1825//1740 1600//1740 1599//1739 
f 1824//1739 1599//1739 1598//1738 
f 1823//1738 1598//1738 1597//1737 
f 1822//1737 1597//1737 1596//1736 
f 1821//1736 1596//1736 1595//1735 
f 1820//1735 1595//1735 1579//1734 
o mesh14
f 1609//1749 1835//1749 1836//1750 
f 1610//1750 1836//1750 1837//1751 
f 1611//1751 1837//1751 1838//1752 
f 1612//1752 1838//1752 1839//1753 
f 1613//1753 1839//1753 1840//1754 
f 1614//1754 1840//1754 1841//1755 
f 1615//1755 1841//1755 1842//1756 
f 1616//1756 1842//1756 1843//1757 
f 1617//1757 1843//1757 1844//1758 
f 1618//1758 1844//1758 1845//1759 
f 1619//1759 1845//1759 1846//1760 
f 1620//1760 1846//1760 1847//1761 
f 1621//1761 1847//1761 1848//1762 
f 1622//1762 1848//1762 1849//1763 
f 1623//1763 1849//1763 1022//1764 
f 1022//1764 1032//1764 1623//1763 
f 1849//1763 1623//1763 1622//1762 
f 1848//1762 1622//1762 1621//1761 
f 1847//1761 1621//1761 1620//1760 
f 1846//1760 1620//1760 1619//1759 
f 1845//1759 1619//1759 1618//1758 
f 1844//1758 1618//1758 1617//1757 
f 1843//1757 1617//1757 1616//1756 
f 1842//1756 1616//1756 1615//1755 
f 1841//1755 1615//1755 1614//1754 
f 1840//1754 1614//1754 1613//1753 
f 1839//1753 1613//1753 1612//1752 
f 1838//1752 1612//1752 1611//1751 
f 1837//1751 1611//1751 1610//1750 
f 1836//1750 1610//1750 1609//1749 
o mesh15
f 1836//1765 1835//1766 1850//1767 
f 1864//1768 1850//1767 1851//1769 
f 1865//1770 1851//1769 1852//1771 
f 1866//1772 1852//1771 1853//1773 
f 1867//1774 1853//1773 1854//1775 
f 1868//1776 1854//1775 1855//1777 
f 1869//1778 1855//1777 1856//1779 
f 1870//1780 1856//1779 1857//1781 
f 1871//1782 1857//1781 1858//1783 
f 1872//1784 1858//1783 1859//1785 
f 1873//1786 1859//1785 1860//1787 
f 1874//1788 1860//1787 1861//1789 
f 1875//1790 1861//1789 1862//1791 
f 1876//1792 1862//1791 1863//1793 
f 1877//1794 1863//1793 1307//1795 
f 1837//1796 1836//1765 1864//1768 
f 1878//1797 1864//1768 1865//1770 
f 1879//1798 1865//1770 1866//1772 
f 1880//1799 1866//1772 1867//1774 
f 1881//1800 1867//1774 1868//1776 
f 1882//1801 1868//1776 1869//1778 
f 1883//1802 1869//1778 1870//1780 
f 1884//1803 1870//1780 1871//1782 
f 1885//1804 1871//1782 1872//1784 
f 1886//1805 1872//1784 1873//1786 
f 1887//1806 1873//1786 1874//1788 
f 1888//1807 1874//1788 1875//1790 
f 1889//1808 1875//1790 1876//1792 
f 1890//1809 1876//1792 1877//1794 
f 1891//1810 1877//1794 1308//1811 
f 1838//1812 1837//1796 1878//1797 
f 1892//1813 1878//1797 1879//1798 
f 1893//1814 1879//1798 1880//1799 
f 1894//1815 1880//1799 1881//1800 
f 1895//1816 1881//1800 1882//1801 
f 1896//1817 1882//1801 1883//1802 
f 1897//1818 1883//1802 1884//1803 
f 1898//1819 1884//1803 1885//1804 
f 1899//1820 1885//1804 1886//1805 
f 1900//1821 1886//1805 1887//1806 
f 1901//1822 1887//1806 1888//1807 
f 1902//1823 1888//1807 1889//1808 
f 1903//1824 1889//1808 1890//1809 
f 1904//1825 1890//1809 1891//1810 
f 1905//1826 1891//1810 1309//1827 
f 1839//1828 1838//1812 1892//1813 
f 1906//1829 1892//1813 1893//1814 
f 1907//1830 1893//1814 1894//1815 
f 1908//1831 1894//1815 1895//1816 
f 1909//1832 1895//1816 1896//1817 
f 1910//1833 1896//1817 1897//1818 
f 1911//1834 1897//1818 1898//1819 
f 1912//1835 1898//1819 1899//1820 
f 1913//1836 1899//1820 1900//1821 
f 1914//1837 1900//1821 1901//1822 
f 1915//1838 1901//1822 1902//1823 
f 1916//1839 1902//1823 1903//1824 
f 1917//1840 1903//1824 1904//1825 
f 1918//1841 1904//1825 1905//1826 
f 1919//1842 1905//1826 1310//1843 
f 1840//1844 1839//1828 1906//1829 
f 1920//1845 1906//1829 1907//1830 
f 1921//1846 1907//1830 1908//1831 
f 1922//1847 1908//1831 1909//1832 
f 1923//1848 1909//1832 1910//1833 
f 1924//1849 1910//1833 1911//1834 
f 1925//1850 1911//1834 1912//1835 
f 1926//1851 1912//1835 1913//1836 
f 1927//1852 1913//1836 1914//1837 
f 1928//1853 1914//1837 1915//1838 
f 1929//1854 1915//1838 1916//1839 
f 1930//1855 1916//1839 1917//1840 
f 1931//1856 1917//1840 1918//1841 
f 1932//1857 1918//1841 1919//1842 
f 1933//1858 1919//1842 1311//1859 
f 1841//1860 1840//1844 1920//1845 
f 1934//1861 1920//1845 1921//1846 
f 1935//1862 1921//1846 1922//1847 
f 1936//1863 1922//1847 1923//1848 
f 1937//1864 1923//1848 1924//1849 
f 1938//1865 1924//1849 1925//1850 
f 1939//1866 1925//1850 1926//1851 
f 1940//1867 1926//1851 1927//1852 
f 1941//1868 1927//1852 1928//1853 
f 1942//1869 1928//1853 1929//1854 
f 1943//1870 1929//1854 1930//1855 
f 1944//1871 1930//1855 1931//1856 
f 1945//1872 1931//1856 1932//1857 
f 1946//1873 1932//1857 1933//1858 
f 1947//1874 1933//1858 1312//1875 
f 1842//1876 1841//1860 1934//1861 
f 1948//1877 1934//1861 1935//1862 
f 1949//1878 1935//1862 1936//1863 
f 1950//1879 1936//1863 1937//1864 
f 1951//1880 1937//1864 1938//1865 
f 1952//1881 1938//1865 1939//1866 
f 1953//1882 1939//1866 1940//1867 
f 1954//1883 1940//1867 1941//1868 
f 1955//1884 1941//1868 1942//1869 
f 1956//1885 1942//1869 1943//1870 
f 1957//1886 1943//1870 1944//1871 
f 1958//1887 1944//1871 1945//1872 
f 1959//1888 1945//1872 1946//1873 
f 1960//1889 1946//1873 1947//1874 
f 1961//1890 1947//1874 1313//1891 
f 1843//1892 1842//1876 1948//1877 
f 1962//1893 1948//1877 1949//1878 
f 1963//1894 1949//1878 1950//1879 
f 1964//1895 1950//1879 1951//1880 
f 1965//1896 1951//1880 1952//1881 
f 1966//1897 1952//1881 1953//1882 
f 1967//1898 1953//1882 1954//1883 
f 1968//1899 1954//1883 1955//1884 
f 1969//1900 1955//1884 1956//1885 
f 1970//1901 1956//1885 1957//1886 
f 1971//1902 1957//1886 1958//1887 
f 1972//1903 1958//1887 1959//1888 
f 1973//1904 1959//1888 1960//1889 
f 1974//1905 1960//1889 1961//1890 
f 1975//1906 1961//1890 1314//1907 
f 1844//1908 1843//1892 1962//1893 
f 1976//1909 1962//1893 1963//1894 
f 1977//1910 1963//1894 1964//1895 
f 1978//1911 1964//1895 1965//1896 
f 1979//1912 1965//1896 1966//1897 
f 1980//1913 1966//1897 1967//1898 
f 1981//1914 1967//1898 1968//1899 
f 1982//1915 1968//1899 1969//1900 
f 1983//1916 1969//1900 1970//1901 
f 1984//1917 1970//1901 1971//1902 
f 1985//1918 1971//1902 1972//1903 
f 1986//1919 1972//1903 1973//1904 
f 1987//1920 1973//1904 1974//1905 
f 1988//1921 1974//1905 1975//1906 
f 1989//1922 1975//1906 1315//1923 
f 1845//1924 1844//1908 1976//1909 
f 1990//1925 1976//1909 1977//1910 
f 1991//1926 1977//1910 1978//1911 
f 1992//1927 1978//1911 1979//1912 
f 1993//1928 1979//1912 1980//1913 
f 1994//1929 1980//1913 1981//1914 
f 1995//1930 1981//1914 1982//1915 
f 1996//1931 1982//1915 1983//1916 
f 1997//1932 1983//1916 1984//1917 
f 1998//1933 1984//1917 1985//1918 
f 1999//1934 1985//1918 1986//1919 
f 2000//1935 1986//1919 1987//1920 
f 2001//1936 1987//1920 1988//1921 
f 2002//1937 1988//1921 1989//1922 
f 2003//1938 1989//1922 1316//1939 
f 1846//1940 1845//1924 1990//1925 
f 2004//1941 1990//1925 1991//1926 
f 2005//1942 1991//1926 1992//1927 
f 2006//1943 1992//1927 1993//1928 
f 2007//1944 1993//1928 1994//1929 
f 2008//1945 1994//1929 1995//1930 
f 2009//1946 1995//1930 1996//1931 
f 2010//1947 1996//1931 1997//1932 
f 2011//1948 1997//1932 1998//1933 
f 2012//1949 1998//1933 1999//1934 
f 2013//1950 1999//1934 2000//1935 
f 2014//1951 2000//1935 2001//1936 
f 2015//1952 2001//1936 2002//1937 
f 2016//1953 2002//1937 2003//1938 
f 2017//1954 2003//1938 1317//1955 
f 1847//1956 1846//1940 2004//1941 
f 2018//1957 2004//1941 2005//1942 
f 2019//1958 2005//1942 2006//1943 
f 2020//1959 2006//1943 2007//1944 
f 2021//1960 2007//1944 2008//1945 
f 2022//1961 2008//1945 2009//1946 
f 2023//1962 2009//1946 2010//1947 
f 2024//1963 2010//1947 2011//1948 
f 2025//1964 2011//1948 2012//1949 
f 2026//1965 2012//1949 2013//1950 
f 2027//1966 2013//1950 2014//1951 
f 2028//1967 2014//1951 2015//1952 
f 2029//1968 2015//1952 2016//1953 
f 2030//1969 2016//1953 2017//1954 
f 2031//1970 2017//1954 1318//1971 
f 1848//1972 1847//1956 2018//1957 
f 2032//1973 2018//1957 2019//1958 
f 2033//1974 2019//1958 2020//1959 
f 2034//1975 2020//1959 2021//1960 
f 2035//1976 2021//1960 2022//1961 
f 2036//1977 2022//1961 2023//1962 
f 2037//1978 2023//1962 2024//1963 
f 2038//1979 2024//1963 2025//1964 
f 2039//1980 2025//1964 2026//1965 
f 2040//1981 2026//1965 2027//1966 
f 2041//1982 2027//1966 2028//1967 
f 2042//1983 2028//1967 2029//1968 
f 2043//1984 2029//1968 2030//1969 
f 2044//1985 2030//1969 2031//1970 
f 2045//1986 2031//1970 1319//1987 
f 1849//1988 1848//1972 2032//1973 
f 2046//1989 2032//1973 2033//1974 
f 2047//1990 2033//1974 2034//1975 
f 2048//1991 2034//1975 2035//1976 
f 2049//1992 2035//1976 2036//1977 
f 2050//1993 2036//1977 2037//1978 
f 2051//1994 2037//1978 2038//1979 
f 2052//1995 2038//1979 2039//1980 
f 2053//1996 2039//1980 2040//1981 
f 2054//1997 2040//1981 2041//1982 
f 2055//1998 2041//1982 2042//1983 
f 2056//1999 2042//1983 2043//1984 
f 2057//2000 2043//1984 2044//1985 
f 2058//2001 2044//1985 2045//1986 
f 2059//2002 2045//1986 1320//2003 
f 1022//2004 1849//1988 2046//1989 
f 998//2004 2046//1989 2047//1990 
f 999//2004 2047//1990 2048//1991 
f 1010//2004 2048//1991 2049//1992 
f 1008//2004 2049//1992 2050//1993 
f 1009//2004 2050//1993 2051//1994 
f 1033//2004 2051//1994 2052//1995 
f 1034//2004 2052//1995 2053//1996 
f 1025//2004 2053//1996 2054//1997 
f 1011//2004 2054//1997 2055//1998 
f 1012//2004 2055//1998 2056//1999 
f 1023//2004 2056//1999 2057//2000 
f 1024//2004 2057//2000 2058//2001 
f 1037//2004 2058//2001 2059//2002 
f 1035//2004 2059//2002 1321//2005 
f 1321//2005 1036//2004 1035//2004 
f 2059//2002 1035//2004 1037//2004 
f 2058//2001 1037//2004 1024//2004 
f 2057//2000 1024//2004 1023//2004 
f 2056//1999 1023//2004 1012//2004 
f 2055//1998 1012//2004 1011//2004 
f 2054//1997 1011//2004 1025//2004 
f 2053//1996 1025//2004 1034//2004 
f 2052//1995 1034//2004 1033//2004 
f 2051//1994 1033//2004 1009//2004 
f 2050//1993 1009//2004 1008//2004 
f 2049//1992 1008//2004 1010//2004 
f 2048//1991 1010//2004 999//2004 
f 2047//1990 999//2004 998//2004 
f 2046//1989 998//2004 1022//2004 
f 1320//2003 1321//2005 2059//2002 
f 2045//1986 2059//2002 2058//2001 
f 2044//1985 2058//2001 2057//2000 
f 2043//1984 2057//2000 2056//1999 
f 2042//1983 2056//1999 2055//1998 
f 2041//1982 2055//1998 2054//1997 
f 2040//1981 2054//1997 2053//1996 
f 2039//1980 2053//1996 2052//1995 
f 2038//1979 2052//1995 2051//1994 
f 2037//1978 2051//1994 2050//1993 
f 2036//1977 2050//1993 2049//1992 
f 2035//1976 2049//1992 2048//1991 
f 2034//1975 2048//1991 2047//1990 
f 2033//1974 2047//1990 2046//1989 
f 2032//1973 2046//1989 1849//1988 
f 1319//1987 1320//2003 2045//1986 
f 2031//1970 2045//1986 2044//1985 
f 2030//1969 2044//1985 2043//1984 
f 2029//1968 2043//1984 2042//1983 
f 2028//1967 2042//1983 2041//1982 
f 2027//1966 2041//1982 2040//1981 
f 2026//1965 2040//1981 2039//1980 
f 2025//1964 2039//1980 2038//1979 
f 2024//1963 2038//1979 2037//1978 
f 2023//1962 2037//1978 2036//1977 
f 2022//1961 2036//1977 2035//1976 
f 2021//1960 2035//1976 2034//1975 
f 2020//1959 2034//1975 2033//1974 
f 2019//1958 2033//1974 2032//1973 
f 2018//1957 2032//1973 1848//1972 
f 1318//1971 1319//1987 2031//1970 
f 2017//1954 2031//1970 2030//1969 
f 2016//1953 2030//1969 2029//1968 
f 2015//1952 2029//1968 2028//1967 
f 2014//1951 2028//1967 2027//1966 
f 2013//1950 2027//1966 2026//1965 
f 2012//1949 2026//1965 2025//1964 
f 2011//1948 2025//1964 2024//1963 
f 2010//1947 2024//1963 2023//1962 
f 2009//1946 2023//1962 2022//1961 
f 2008//1945 2022//1961 2021//1960 
f 2007//1944 2021//1960 2020//1959 
f 2006//1943 2020//1959 2019//1958 
f 2005//1942 2019//1958 2018//1957 
f 2004//1941 2018//1957 1847//1956 
f 1317//1955 1318//1971 2017//1954 
f 2003//1938 2017//1954 2016//1953 
f 2002//1937 2016//1953 2015//1952 
f 2001//1936 2015//1952 2014//1951 
f 2000//1935 2014//1951 2013//1950 
f 1999//1934 2013//1950 2012//1949 
f 1998//1933 2012//1949 2011//1948 
f 1997//1932 2011//1948 2010//1947 
f 1996//1931 2010//1947 2009//1946 
f 1995//1930 2009//1946 2008//1945 
f 1994//1929 2008//1945 2007//1944 
f 1993//1928 2007//1944 2006//1943 
f 1992//1927 2006//1943 2005//1942 
f 1991//1926 2005//1942 2004//1941 
f 1990//1925 2004//1941 1846//1940 
f 1316//1939 1317//1955 2003//1938 
f 1989//1922 2003//1938 2002//1937 
f 1988//1921 2002//1937 2001//1936 
f 1987//1920 2001//1936 2000//1935 
f 1986//1919 2000//1935 1999//1934 
f 1985//1918 1999//1934 1998//1933 
f 1984//1917 1998//1933 1997//1932 
f 1983//1916 1997//1932 1996//1931 
f 1982//1915 1996//1931 1995//1930 
f 1981//1914 1995//1930 1994//1929 
f 1980//1913 1994//1929 1993//1928 
f 1979//1912 1993//1928 1992//1927 
f 1978//1911 1992//1927 1991//1926 
f 1977//1910 1991//1926 1990//1925 
f 1976//1909 1990//1925 1845//1924 
f 1315//1923 1316//1939 1989//1922 
f 1975//1906 1989//1922 1988//1921 
f 1974//1905 1988//1921 1987//1920 
f 1973//1904 1987//1920 1986//1919 
f 1972//1903 1986//1919 1985//1918 
f 1971//1902 1985//1918 1984//1917 
f 1970//1901 1984//1917 1983//1916 
f 1969//1900 1983//1916 1982//1915 
f 1968//1899 1982//1915 1981//1914 
f 1967//1898 1981//1914 1980//1913 
f 1966//1897 1980//1913 1979//1912 
f 1965//1896 1979//1912 1978//1911 
f 1964//1895 1978//1911 1977//1910 
f 1963//1894 1977//1910 1976//1909 
f 1962//1893 1976//1909 1844//1908 
f 1314//1907 1315//1923 1975//1906 
f 1961//1890 1975//1906 1974//1905 
f 1960//1889 1974//1905 1973//1904 
f 1959//1888 1973//1904 1972//1903 
f 1958//1887 1972//1903 1971//1902 
f 1957//1886 1971//1902 1970//1901 
f 1956//1885 1970//1901 1969//1900 
f 1955//1884 1969//1900 1968//1899 
f 1954//1883 1968//1899 1967//1898 
f 1953//1882 1967//1898 1966//1897 
f 1952//1881 1966//1897 1965//1896 
f 1951//1880 1965//1896 1964//1895 
f 1950//1879 1964//1895 1963//1894 
f 1949//1878 1963//1894 1962//1893 
f 1948//1877 1962//1893 1843//1892 
f 1313//1891 1314//1907 1961//1890 
f 1947//1874 1961//1890 1960//1889 
f 1946//1873 1960//1889 1959//1888 
f 1945//1872 1959//1888 1958//1887 
f 1944//1871 1958//1887 1957//1886 
f 1943//1870 1957//1886 1956//1885 
f 1942//1869 1956//1885 1955//1884 
f 1941//1868 1955//1884 1954//1883 
f 1940//1867 1954//1883 1953//1882 
f 1939//1866 1953//1882 1952//1881 
f 1938//1865 1952//1881 1951//1880 
f 1937//1864 1951//1880 1950//1879 
f 1936//1863 1950//1879 1949//1878 
f 1935//1862 1949//1878 1948//1877 
f 1934//1861 1948//1877 1842//1876 
f 1312//1875 1313//1891 1947//1874 
f 1933//1858 1947//1874 1946//1873 
f 1932//1857 1946//1873 1945//1872 
f 1931//1856 1945//1872 1944//1871 
f 1930//1855 1944//1871 1943//1870 
f 1929//1854 1943//1870 1942//1869 
f 1928//1853 1942//1869 1941//1868 
f 1927//1852 1941//1868 1940//1867 
f 1926//1851 1940//1867 1939//1866 
f 1925//1850 1939//1866 1938//1865 
f 1924//1849 1938//1865 1937//1864 
f 1923//1848 1937//1864 1936//1863 
f 1922//1847 1936//1863 1935//1862 
f 1921//1846 1935//1862 1934//1861 
f 1920//1845 1934//1861 1841//1860 
f 1311//1859 1312//1875 1933//1858 
f 1919//1842 1933//1858 1932//1857 
f 1918//1841 1932//1857 1931//1856 
f 1917//1840 1931//1856 1930//1855 
f 1916//1839 1930//1855 1929//1854 
f 1915//1838 1929//1854 1928//1853 
f 1914//1837 1928//1853 1927//1852 
f 1913//1836 1927//1852 1926//1851 
f 1912//1835 1926//1851 1925//1850 
f 1911//1834 1925//1850 1924//1849 
f 1910//1833 1924//1849 1923//1848 
f 1909//1832 1923//1848 1922//1847 
f 1908//1831 1922//1847 1921//1846 
f 1907//1830 1921//1846 1920//1845 
f 1906//1829 1920//1845 1840//1844 
f 1310//1843 1311//1859 1919//1842 
f 1905//1826 1919//1842 1918//1841 
f 1904//1825 1918//1841 1917//1840 
f 1903//1824 1917//1840 1916//1839 
f 1902//1823 1916//1839 1915//1838 
f 1901//1822 1915//1838 1914//1837 
f 1900//1821 1914//1837 1913//1836 
f 1899//1820 1913//1836 1912//1835 
f 1898//1819 1912//1835 1911//1834 
f 1897//1818 1911//1834 1910//1833 
f 1896//1817 1910//1833 1909//1832 
f 1895//1816 1909//1832 1908//1831 
f 1894//1815 1908//1831 1907//1830 
f 1893//1814 1907//1830 1906//1829 
f 1892//1813 1906//1829 1839//1828 
f 1309//1827 1310//1843 1905//1826 
f 1891//1810 1905//1826 1904//1825 
f 1890//1809 1904//1825 1903//1824 
f 1889//1808 1903//1824 1902//1823 
f 1888//1807 1902//1823 1901//1822 
f 1887//1806 1901//1822 1900//1821 
f 1886//1805 1900//1821 1899//1820 
f 1885//1804 1899//1820 1898//1819 
f 1884//1803 1898//1819 1897//1818 
f 1883//1802 1897//1818 1896//1817 
f 1882//1801 1896//1817 1895//1816 
f 1881//1800 1895//1816 1894//1815 
f 1880//1799 1894//1815 1893//1814 
f 1879//1798 1893//1814 1892//1813 
f 1878//1797 1892//1813 1838//1812 
f 1308//1811 1309//1827 1891//1810 
f 1877//1794 1891//1810 1890//1809 
f 1876//1792 1890//1809 1889//1808 
f 1875//1790 1889//1808 1888//1807 
f 1874//1788 1888//1807 1887//1806 
f 1873//1786 1887//1806 1886//1805 
f 1872//1784 1886//1805 1885//1804 
f 1871//1782 1885//1804 1884//1803 
f 1870//1780 1884//1803 1883//1802 
f 1869//1778 1883//1802 1882//1801 
f 1868//1776 1882//1801 1881//1800 
f 1867//1774 1881//1800 1880//1799 
f 1866//1772 1880//1799 1879//1798 
f 1865//1770 1879//1798 1878//1797 
f 1864//1768 1878//1797 1837//1796 
f 1307//1795 1308//1811 1877//1794 
f 1863//1793 1877//1794 1876//1792 
f 1862//1791 1876//1792 1875//1790 
f 1861//1789 1875//1790 1874//1788 
f 1860//1787 1874//1788 1873//1786 
f 1859//1785 1873//1786 1872//1784 
f 1858//1783 1872//1784 1871//1782 
f 1857//1781 1871//1782 1870//1780 
f 1856//1779 1870//1780 1869//1778 
f 1855//1777 1869//1778 1868//1776 
f 1854//1775 1868//1776 1867//1774 
f 1853//1773 1867//1774 1866//1772 
f 1852//1771 1866//1772 1865//1770 
f 1851//1769 1865//1770 1864//1768 
f 1850//1767 1864//1768 1836//1765 
o mesh16
f 2060//2006 1307//2006 1863//2007 
f 2061//2007 1863//2007 1862//2008 
f 2062//2008 1862//2008 1861//2009 
f 2063//2009 1861//2009 1860//2010 
f 2064//2010 1860//2010 1859//2011 
f 2065//2011 1859//2011 1858//2012 
f 2066//2012 1858//2012 1857//2013 
f 2067//2013 1857//2013 1856//2014 
f 2068//2014 1856//2014 1855//2015 
f 2069//2015 1855//2015 1854//2016 
f 2070//2016 1854//2016 1853//2017 
f 2071//2017 1853//2017 1852//2018 
f 2072//2018 1852//2018 1851//2019 
f 2073//2019 1851//2019 1850//2020 
f 2074//2020 1850//2020 1835//2021 
f 1835//2021 2075//2021 2074//2020 
f 1850//2020 2074//2020 2073//2019 
f 1851//2019 2073//2019 2072//2018 
f 1852//2018 2072//2018 2071//2017 
f 1853//2017 2071//2017 2070//2016 
f 1854//2016 2070//2016 2069//2015 
f 1855//2015 2069//2015 2068//2014 
f 1856//2014 2068//2014 2067//2013 
f 1857//2013 2067//2013 2066//2012 
f 1858//2012 2066//2012 2065//2011 
f 1859//2011 2065//2011 2064//2010 
f 1860//2010 2064//2010 2063//2009 
f 1861//2009 2063//2009 2062//2008 
f 1862//2008 2062//2008 2061//2007 
f 1863//2007 2061//2007 2060//2006 
o mesh17
f 2075//2021 1835//2021 2076//2021 
f 1609//2021 2077//2021 2076//2021 
f 2076//2021 1835//2021 1609//2021 
f 1834//2021 2078//2021 2077//2021 
f 2077//2021 1609//2021 1834//2021 
f 2076//2021 2079//2021 2075//2021 
o mesh18
f 2080//2022 2081//2023 2082//2023 
f 2083//2024 2080//2022 2084//2025 
f 2085//2026 2083//2024 2086//2027 
f 2087//2028 2085//2026 2088//2029 
f 2089//2030 2087//2028 2090//2031 
f 2091//2032 2089//2030 2092//2033 
f 2093//2034 2091//2032 2094//2035 
f 2095//2036 2093//2034 2096//2037 
f 2097//2038 2095//2036 2098//2039 
f 2099//2040 2097//2038 2100//2041 
f 2101//2042 2099//2040 2102//2043 
f 2103//2044 2101//2042 2104//2045 
f 2105//2046 2103//2044 2106//2047 
f 2107//2048 2105//2046 2108//2049 
f 2078//2050 2107//2048 2109//2051 
f 2109//2051 2077//2050 2078//2050 
f 2108//2049 2109//2051 2107//2048 
f 2106//2047 2108//2049 2105//2046 
f 2104//2045 2106//2047 2103//2044 
f 2102//2043 2104//2045 2101//2042 
f 2100//2041 2102//2043 2099//2040 
f 2098//2039 2100//2041 2097//2038 
f 2096//2037 2098//2039 2095//2036 
f 2094//2035 2096//2037 2093//2034 
f 2092//2033 2094//2035 2091//2032 
f 2090//2031 2092//2033 2089//2030 
f 2088//2029 2090//2031 2087//2028 
f 2086//2027 2088//2029 2085//2026 
f 2084//2025 2086//2027 2083//2024 
f 2082//2023 2084//2025 2080//2022 
o mesh19
f 2110//2052 2111//2052 2082//2052 
f 2082//2052 2081//2052 2110//2052 
o mesh20
f 2112//2053 2113//2053 2114//2054 
f 2115//2054 2114//2054 2116//2055 
f 2117//2055 2116//2055 2118//2056 
f 2119//2056 2118//2056 2120//2057 
f 2121//2057 2120//2057 2122//2058 
f 2123//2058 2122//2058 2124//2059 
f 2125//2059 2124//2059 2126//2060 
f 2127//2060 2126//2060 2128//2061 
f 2129//2061 2128//2061 2130//2062 
f 2131//2062 2130//2062 2132//2063 
f 2133//2063 2132//2063 2134//2064 
f 2135//2064 2134//2064 2136//2065 
f 2137//2065 2136//2065 2138//2066 
f 2139//2066 2138//2066 2140//2067 
f 2141//2067 2140//2067 2142//2068 
f 2143//2068 2142//2068 2144//2069 
f 2145//2069 2144//2069 2146//2070 
f 2147//2070 2146//2070 2148//2071 
f 2149//2071 2148//2071 2150//2072 
f 2151//2072 2150//2072 2152//2073 
f 2153//2073 2152//2073 2154//2074 
f 2155//2074 2154//2074 2156//2075 
f 2157//2075 2156//2075 2158//2076 
f 2159//2076 2158//2076 2160//2077 
f 2161//2077 2160//2077 2162//2078 
f 2163//2078 2162//2078 2164//2079 
f 2165//2079 2164//2079 2166//2080 
f 2167//2080 2166//2080 2168//2081 
f 2169//2081 2168//2081 2111//2082 
f 2111//2082 2110//2082 2169//2081 
f 2168//2081 2169//2081 2167//2080 
f 2166//2080 2167//2080 2165//2079 
f 2164//2079 2165//2079 2163//2078 
f 2162//2078 2163//2078 2161//2077 
f 2160//2077 2161//2077 2159//2076 
f 2158//2076 2159//2076 2157//2075 
f 2156//2075 2157//2075 2155//2074 
f 2154//2074 2155//2074 2153//2073 
f 2152//2073 2153//2073 2151//2072 
f 2150//2072 2151//2072 2149//2071 
f 2148//2071 2149//2071 2147//2070 
f 2146//2070 2147//2070 2145//2069 
f 2144//2069 2145//2069 2143//2068 
f 2142//2068 2143//2068 2141//2067 
f 2140//2067 2141//2067 2139//2066 
f 2138//2066 2139//2066 2137//2065 
f 2136//2065 2137//2065 2135//2064 
f 2134//2064 2135//2064 2133//2063 
f 2132//2063 2133//2063 2131//2062 
f 2130//2062 2131//2062 2129//2061 
f 2128//2061 2129//2061 2127//2060 
f 2126//2060 2127//2060 2125//2059 
f 2124//2059 2125//2059 2123//2058 
f 2122//2058 2123//2058 2121//2057 
f 2120//2057 2121//2057 2119//2056 
f 2118//2056 2119//2056 2117//2055 
f 2116//2055 2117//2055 2115//2054 
f 2114//2054 2115//2054 2112//2053 
o mesh21
f 2113//2083 2112//2083 2170//2083 
f 2170//2083 2171//2083 2113//2083 
o mesh22
f 2172//2084 2171//2083 2170//2083 
f 2173//2085 2172//2084 2174//2084 
f 2175//2086 2173//2085 2176//2085 
f 2177//2087 2175//2086 2178//2086 
f 2179//2088 2177//2087 2180//2087 
f 2181//2089 2179//2088 2182//2088 
f 2183//2090 2181//2089 2184//2089 
f 2185//2091 2183//2090 2186//2090 
f 2187//2092 2185//2091 2188//2091 
f 2189//2093 2187//2092 2190//2092 
f 2191//2094 2189//2093 2192//2093 
f 2193//2095 2191//2094 2194//2094 
f 2195//2096 2193//2095 2196//2095 
f 2197//2097 2195//2096 2198//2096 
f 2076//2098 2197//2097 2199//2097 
f 2199//2097 2079//2098 2076//2098 
f 2198//2096 2199//2097 2197//2097 
f 2196//2095 2198//2096 2195//2096 
f 2194//2094 2196//2095 2193//2095 
f 2192//2093 2194//2094 2191//2094 
f 2190//2092 2192//2093 2189//2093 
f 2188//2091 2190//2092 2187//2092 
f 2186//2090 2188//2091 2185//2091 
f 2184//2089 2186//2090 2183//2090 
f 2182//2088 2184//2089 2181//2089 
f 2180//2087 2182//2088 2179//2088 
f 2178//2086 2180//2087 2177//2087 
f 2176//2085 2178//2086 2175//2086 
f 2174//2084 2176//2085 2173//2085 
f 2170//2083 2174//2084 2172//2084 
o mesh23
f 2200//2099 2201//2099 2171//2099 
f 2200//2099 2173//2099 2175//2099 
f 2171//2099 2172//2099 2200//2099 
f 2172//2099 2173//2099 2200//2099 
f 2200//2099 2179//2099 2181//2099 
f 2175//2099 2177//2099 2200//2099 
f 2202//2099 2088//2099 2086//2099 
f 2177//2099 2179//2099 2200//2099 
f 2202//2099 2090//2099 2088//2099 
f 2202//2099 2094//2099 2092//2099 
f 2181//2099 2183//2099 2200//2099 
f 2193//2099 2108//2099 2106//2099 
f 2092//2099 2090//2099 2202//2099 
f 2202//2099 2098//2099 2096//2099 
f 2183//2099 2185//2099 2200//2099 
f 2203//2099 2200//2099 2187//2099 
f 2204//2099 2205//2099 2189//2099 
f 2193//2099 2109//2099 2108//2099 
f 2195//2099 2077//2099 2109//2099 
f 2202//2099 2084//2099 2082//2099 
f 2096//2099 2094//2099 2202//2099 
f 2122//2099 2206//2099 2207//2099 
f 2120//2099 2208//2099 2206//2099 
f 2114//2099 2209//2099 2210//2099 
f 2187//2099 2189//2099 2203//2099 
f 2189//2099 2191//2099 2204//2099 
f 2211//2099 2212//2099 2191//2099 
f 2106//2099 2213//2099 2193//2099 
f 2109//2099 2193//2099 2195//2099 
f 2214//2099 2100//2099 2098//2099 
f 2086//2099 2084//2099 2202//2099 
f 2168//2099 2215//2099 2216//2099 
f 2132//2099 2130//2099 2217//2099 
f 2130//2099 2128//2099 2218//2099 
f 2126//2099 2124//2099 2219//2099 
f 2206//2099 2122//2099 2120//2099 
f 2116//2099 2210//2099 2220//2099 
f 2210//2099 2116//2099 2114//2099 
f 2171//2099 2221//2099 2222//2099 
f 2205//2099 2203//2099 2189//2099 
f 2191//2099 2193//2099 2211//2099 
f 2195//2099 2197//2099 2077//2099 
f 2223//2099 2102//2099 2100//2099 
f 2082//2099 2224//2099 2202//2099 
f 2082//2099 2111//2099 2225//2099 
f 2111//2099 2226//2099 2227//2099 
f 2216//2099 2111//2099 2168//2099 
f 2166//2099 2164//2099 2228//2099 
f 2154//2099 2229//2099 2230//2099 
f 2231//2099 2134//2099 2132//2099 
f 2128//2099 2232//2099 2218//2099 
f 2232//2099 2128//2099 2126//2099 
f 2207//2099 2124//2099 2122//2099 
f 2118//2099 2220//2099 2208//2099 
f 2114//2099 2113//2099 2209//2099 
f 2171//2099 2233//2099 2221//2099 
f 2171//2099 2201//2099 2234//2099 
f 2212//2099 2204//2099 2191//2099 
f 2106//2099 2235//2099 2213//2099 
f 2236//2099 2106//2099 2104//2099 
f 2237//2099 2104//2099 2102//2099 
f 2100//2099 2214//2099 2223//2099 
f 2082//2099 2238//2099 2224//2099 
f 2225//2099 2239//2099 2082//2099 
f 2111//2099 2216//2099 2226//2099 
f 2228//2099 2215//2099 2166//2099 
f 2160//2099 2240//2099 2241//2099 
f 2230//2099 2156//2099 2154//2099 
f 2146//2099 2144//2099 2242//2099 
f 2218//2099 2217//2099 2130//2099 
f 2207//2099 2219//2099 2124//2099 
f 2220//2099 2118//2099 2116//2099 
f 2222//2099 2113//2099 2171//2099 
f 2185//2099 2187//2099 2200//2099 
f 2197//2099 2076//2099 2077//2099 
f 2104//2099 2237//2099 2243//2099 
f 2223//2099 2244//2099 2102//2099 
f 2239//2099 2238//2099 2082//2099 
f 2168//2099 2166//2099 2215//2099 
f 2164//2099 2162//2099 2245//2099 
f 2241//2099 2162//2099 2160//2099 
f 2152//2099 2246//2099 2229//2099 
f 2150//2099 2247//2099 2246//2099 
f 2148//2099 2248//2099 2247//2099 
f 2248//2099 2148//2099 2146//2099 
f 2140//2099 2249//2099 2250//2099 
f 2136//2099 2134//2099 2251//2099 
f 2219//2099 2232//2099 2126//2099 
f 2113//2099 2252//2099 2209//2099 
f 2222//2099 2253//2099 2113//2099 
f 2213//2099 2211//2099 2193//2099 
f 2106//2099 2236//2099 2254//2099 
f 2102//2099 2244//2099 2237//2099 
f 2227//2099 2225//2099 2111//2099 
f 2241//2099 2245//2099 2162//2099 
f 2158//2099 2255//2099 2240//2099 
f 2156//2099 2230//2099 2255//2099 
f 2246//2099 2152//2099 2150//2099 
f 2242//2099 2248//2099 2146//2099 
f 2142//2099 2250//2099 2256//2099 
f 2250//2099 2142//2099 2140//2099 
f 2138//2099 2136//2099 2257//2099 
f 2134//2099 2231//2099 2251//2099 
f 2208//2099 2120//2099 2118//2099 
f 2234//2099 2233//2099 2171//2099 
f 2104//2099 2243//2099 2236//2099 
f 2245//2099 2228//2099 2164//2099 
f 2255//2099 2158//2099 2156//2099 
f 2247//2099 2150//2099 2148//2099 
f 2256//2099 2144//2099 2142//2099 
f 2257//2099 2249//2099 2138//2099 
f 2217//2099 2231//2099 2132//2099 
f 2254//2099 2235//2099 2106//2099 
f 2240//2099 2160//2099 2158//2099 
f 2256//2099 2242//2099 2144//2099 
f 2251//2099 2257//2099 2136//2099 
f 2098//2099 2202//2099 2214//2099 
f 2140//2099 2138//2099 2249//2099 
f 2154//2099 2152//2099 2229//2099 
f 2253//2099 2252//2099 2113//2099 
o mesh24
f 2258//2100 2259//2101 2250//2101 
f 2260//2102 2258//2100 2249//2103 
f 2261//2104 2260//2102 2257//2105 
f 2262//2106 2261//2104 2251//2107 
f 2263//2108 2262//2106 2231//2109 
f 2264//2110 2263//2108 2217//2111 
f 2265//2112 2264//2110 2218//2113 
f 2266//2114 2265//2112 2232//2115 
f 2267//2116 2266//2114 2219//2117 
f 2268//2118 2267//2116 2207//2119 
f 2269//2120 2268//2118 2206//2121 
f 2270//2122 2269//2120 2208//2123 
f 2271//2124 2270//2122 2220//2125 
f 2272//2126 2271//2124 2210//2127 
f 2273//2128 2272//2126 2209//2129 
f 2274//2130 2273//2128 2252//2131 
f 2275//2132 2274//2130 2253//2133 
f 2276//2134 2275//2132 2222//2135 
f 2277//2136 2276//2134 2221//2137 
f 2278//2138 2277//2136 2233//2139 
f 2279//2140 2278//2138 2234//2141 
f 2280//2142 2279//2140 2201//2143 
f 2281//2144 2280//2142 2200//2145 
f 2282//2146 2281//2144 2203//2147 
f 2283//2148 2282//2146 2205//2149 
f 2284//2150 2283//2148 2204//2151 
f 2285//2152 2284//2150 2212//2153 
f 2286//2154 2285//2152 2211//2155 
f 2287//2156 2286//2154 2213//2157 
f 2288//2158 2287//2156 2235//2159 
f 2289//2160 2288//2158 2254//2161 
f 2290//2162 2289//2160 2236//2163 
f 2291//2164 2290//2162 2243//2165 
f 2292//2166 2291//2164 2237//2167 
f 2293//2168 2292//2166 2244//2169 
f 2294//2170 2293//2168 2223//2171 
f 2295//2172 2294//2170 2214//2173 
f 2296//2174 2295//2172 2202//2175 
f 2297//2176 2296//2174 2224//2177 
f 2298//2178 2297//2176 2238//2179 
f 2299//2180 2298//2178 2239//2181 
f 2300//2182 2299//2180 2225//2183 
f 2301//2184 2300//2182 2227//2185 
f 2302//2186 2301//2184 2226//2187 
f 2303//2188 2302//2186 2216//2189 
f 2304//2190 2303//2188 2215//2191 
f 2305//2192 2304//2190 2228//2193 
f 2306//2194 2305//2192 2245//2195 
f 2307//2196 2306//2194 2241//2197 
f 2308//2198 2307//2196 2240//2199 
f 2309//2200 2308//2198 2255//2201 
f 2310//2202 2309//2200 2230//2203 
f 2311//2204 2310//2202 2229//2205 
f 2312//2206 2311//2204 2246//2207 
f 2313//2208 2312//2206 2247//2209 
f 2314//2210 2313//2208 2248//2211 
f 2315//2212 2314//2210 2242//2213 
f 2259//2101 2315//2212 2256//2212 
f 2256//2212 2250//2101 2259//2101 
f 2242//2213 2256//2212 2315//2212 
f 2248//2211 2242//2213 2314//2210 
f 2247//2209 2248//2211 2313//2208 
f 2246//2207 2247//2209 2312//2206 
f 2229//2205 2246//2207 2311//2204 
f 2230//2203 2229//2205 2310//2202 
f 2255//2201 2230//2203 2309//2200 
f 2240//2199 2255//2201 2308//2198 
f 2241//2197 2240//2199 2307//2196 
f 2245//2195 2241//2197 2306//2194 
f 2228//2193 2245//2195 2305//2192 
f 2215//2191 2228//2193 2304//2190 
f 2216//2189 2215//2191 2303//2188 
f 2226//2187 2216//2189 2302//2186 
f 2227//2185 2226//2187 2301//2184 
f 2225//2183 2227//2185 2300//2182 
f 2239//2181 2225//2183 2299//2180 
f 2238//2179 2239//2181 2298//2178 
f 2224//2177 2238//2179 2297//2176 
f 2202//2175 2224//2177 2296//2174 
f 2214//2173 2202//2175 2295//2172 
f 2223//2171 2214//2173 2294//2170 
f 2244//2169 2223//2171 2293//2168 
f 2237//2167 2244//2169 2292//2166 
f 2243//2165 2237//2167 2291//2164 
f 2236//2163 2243//2165 2290//2162 
f 2254//2161 2236//2163 2289//2160 
f 2235//2159 2254//2161 2288//2158 
f 2213//2157 2235//2159 2287//2156 
f 2211//2155 2213//2157 2286//2154 
f 2212//2153 2211//2155 2285//2152 
f 2204//2151 2212//2153 2284//2150 
f 2205//2149 2204//2151 2283//2148 
f 2203//2147 2205//2149 2282//2146 
f 2200//2145 2203//2147 2281//2144 
f 2201//2143 2200//2145 2280//2142 
f 2234//2141 2201//2143 2279//2140 
f 2233//2139 2234//2141 2278//2138 
f 2221//2137 2233//2139 2277//2136 
f 2222//2135 2221//2137 2276//2134 
f 2253//2133 2222//2135 2275//2132 
f 2252//2131 2253//2133 2274//2130 
f 2209//2129 2252//2131 2273//2128 
f 2210//2127 2209//2129 2272//2126 
f 2220//2125 2210//2127 2271//2124 
f 2208//2123 2220//2125 2270//2122 
f 2206//2121 2208//2123 2269//2120 
f 2207//2119 2206//2121 2268//2118 
f 2219//2117 2207//2119 2267//2116 
f 2232//2115 2219//2117 2266//2114 
f 2218//2113 2232//2115 2265//2112 
f 2217//2111 2218//2113 2264//2110 
f 2231//2109 2217//2111 2263//2108 
f 2251//2107 2231//2109 2262//2106 
f 2257//2105 2251//2107 2261//2104 
f 2249//2103 2257//2105 2260//2102 
f 2250//2101 2249//2103 2258//2100 
o mesh25
f 2298//2214 2316//2214 2317//2214 
f 2298//2214 2299//2214 2318//2214 
f 2299//2214 2300//2214 2319//2214 
f 2300//2214 2301//2214 2320//2214 
f 2277//2214 2321//2214 2322//2214 
f 2277//2214 2278//2214 2323//2214 
f 2318//2214 2316//2214 2298//2214 
f 2320//2214 2319//2214 2300//2214 
f 2303//2214 2324//2214 2325//2214 
f 2304//2214 2326//2214 2324//2214 
f 2305//2214 2327//2214 2326//2214 
f 2305//2214 2306//2214 2328//2214 
f 2258//2214 2329//2214 2330//2214 
f 2258//2214 2260//2214 2331//2214 
f 2263//2214 2332//2214 2333//2214 
f 2263//2214 2264//2214 2334//2214 
f 2276//2214 2322//2214 2335//2214 
f 2323//2214 2321//2214 2277//2214 
f 2279//2214 2336//2214 2323//2214 
f 2279//2214 2280//2214 2337//2214 
f 2281//2214 2338//2214 2337//2214 
f 2282//2214 2339//2214 2338//2214 
f 2283//2214 2340//2214 2339//2214 
f 2283//2214 2284//2214 2341//2214 
f 2297//2214 2317//2214 2342//2214 
f 2319//2214 2318//2214 2299//2214 
f 2324//2214 2303//2214 2304//2214 
f 2328//2214 2327//2214 2305//2214 
f 2331//2214 2329//2214 2258//2214 
f 2260//2214 2261//2214 2343//2214 
f 2334//2214 2332//2214 2263//2214 
f 2264//2214 2265//2214 2344//2214 
f 2322//2214 2276//2214 2277//2214 
f 2337//2214 2336//2214 2279//2214 
f 2338//2214 2281//2214 2282//2214 
f 2341//2214 2340//2214 2283//2214 
f 2286//2214 2345//2214 2346//2214 
f 2286//2214 2287//2214 2347//2214 
f 2288//2214 2348//2214 2347//2214 
f 2288//2214 2289//2214 2349//2214 
f 2291//2214 2292//2214 2350//2214 
f 2292//2214 2293//2214 2351//2214 
f 2294//2214 2352//2214 2351//2214 
f 2294//2214 2295//2214 2353//2214 
f 2317//2214 2297//2214 2298//2214 
f 2301//2214 2302//2214 2325//2214 
f 2326//2214 2304//2214 2305//2214 
f 2306//2214 2307//2214 2354//2214 
f 2343//2214 2331//2214 2260//2214 
f 2261//2214 2262//2214 2333//2214 
f 2344//2214 2334//2214 2264//2214 
f 2265//2214 2266//2214 2355//2214 
f 2323//2214 2278//2214 2279//2214 
f 2339//2214 2282//2214 2283//2214 
f 2285//2214 2346//2214 2341//2214 
f 2347//2214 2345//2214 2286//2214 
f 2349//2214 2348//2214 2288//2214 
f 2290//2214 2356//2214 2349//2214 
f 2291//2214 2357//2214 2356//2214 
f 2351//2214 2350//2214 2292//2214 
f 2353//2214 2352//2214 2294//2214 
f 2295//2214 2296//2214 2342//2214 
f 2325//2214 2320//2214 2301//2214 
f 2354//2214 2328//2214 2306//2214 
f 2309//2214 2358//2214 2359//2214 
f 2309//2214 2310//2214 2360//2214 
f 2311//2214 2361//2214 2360//2214 
f 2312//2214 2362//2214 2361//2214 
f 2315//2214 2363//2214 2364//2214 
f 2315//2214 2259//2214 2330//2214 
f 2333//2214 2343//2214 2261//2214 
f 2355//2214 2344//2214 2265//2214 
f 2267//2214 2365//2214 2355//2214 
f 2267//2214 2268//2214 2366//2214 
f 2337//2214 2280//2214 2281//2214 
f 2346//2214 2285//2214 2286//2214 
f 2349//2214 2289//2214 2290//2214 
f 2350//2214 2357//2214 2291//2214 
f 2342//2214 2353//2214 2295//2214 
f 2325//2214 2302//2214 2303//2214 
f 2308//2214 2359//2214 2354//2214 
f 2360//2214 2358//2214 2309//2214 
f 2361//2214 2311//2214 2312//2214 
f 2312//2214 2313//2214 2367//2214 
f 2313//2214 2314//2214 2364//2214 
f 2330//2214 2363//2214 2315//2214 
f 2333//2214 2262//2214 2263//2214 
f 2366//2214 2365//2214 2267//2214 
f 2269//2214 2368//2214 2366//2214 
f 2269//2214 2270//2214 2369//2214 
f 2341//2214 2284//2214 2285//2214 
f 2356//2214 2290//2214 2291//2214 
f 2342//2214 2296//2214 2297//2214 
f 2359//2214 2308//2214 2309//2214 
f 2367//2214 2362//2214 2312//2214 
f 2364//2214 2314//2214 2315//2214 
f 2355//2214 2266//2214 2267//2214 
f 2369//2214 2368//2214 2269//2214 
f 2347//2214 2287//2214 2288//2214 
f 2354//2214 2307//2214 2308//2214 
f 2364//2214 2367//2214 2313//2214 
f 2366//2214 2268//2214 2269//2214 
f 2271//2214 2370//2214 2369//2214 
f 2271//2214 2272//2214 2371//2214 
f 2351//2214 2293//2214 2294//2214 
f 2330//2214 2259//2214 2258//2214 
f 2371//2214 2370//2214 2271//2214 
f 2272//2214 2273//2214 2372//2214 
f 2274//2214 2373//2214 2372//2214 
f 2274//2214 2275//2214 2335//2214 
f 2360//2214 2310//2214 2311//2214 
f 2372//2214 2371//2214 2272//2214 
f 2335//2214 2373//2214 2274//2214 
f 2369//2214 2270//2214 2271//2214 
f 2335//2214 2275//2214 2276//2214 
f 2372//2214 2273//2214 2274//2214 
o mesh26
f 2374//2215 2375//2216 2330//2216 
f 2376//2217 2374//2215 2329//2218 
f 2377//2219 2376//2217 2331//2220 
f 2378//2221 2377//2219 2343//2222 
f 2379//2223 2378//2221 2333//2224 
f 2380//2225 2379//2223 2332//2226 
f 2381//2227 2380//2225 2334//2228 
f 2382//2229 2381//2227 2344//2230 
f 2383//2231 2382//2229 2355//2232 
f 2384//2233 2383//2231 2365//2234 
f 2385//2235 2384//2233 2366//2236 
f 2386//2237 2385//2235 2368//2238 
f 2387//2239 2386//2237 2369//2240 
f 2388//2241 2387//2239 2370//2242 
f 2389//2243 2388//2241 2371//2244 
f 2390//2245 2389//2243 2372//2246 
f 2391//2247 2390//2245 2373//2248 
f 2392//2249 2391//2247 2335//2250 
f 2393//2251 2392//2249 2322//2252 
f 2394//2253 2393//2251 2321//2254 
f 2395//2255 2394//2253 2323//2256 
f 2396//2257 2395//2255 2336//2258 
f 2397//2259 2396//2257 2337//2260 
f 2398//2261 2397//2259 2338//2262 
f 2399//2263 2398//2261 2339//2264 
f 2400//2265 2399//2263 2340//2266 
f 2401//2267 2400//2265 2341//2268 
f 2402//2269 2401//2267 2346//2270 
f 2403//2271 2402//2269 2345//2272 
f 2404//2273 2403//2271 2347//2274 
f 2405//2275 2404//2273 2348//2276 
f 2406//2277 2405//2275 2349//2278 
f 2407//2279 2406//2277 2356//2280 
f 2408//2281 2407//2279 2357//2282 
f 2409//2283 2408//2281 2350//2284 
f 2410//2285 2409//2283 2351//2286 
f 2411//2287 2410//2285 2352//2288 
f 2412//2289 2411//2287 2353//2290 
f 2413//2291 2412//2289 2342//2292 
f 2414//2293 2413//2291 2317//2294 
f 2415//2295 2414//2293 2316//2296 
f 2416//2297 2415//2295 2318//2298 
f 2417//2299 2416//2297 2319//2300 
f 2418//2301 2417//2299 2320//2302 
f 2419//2303 2418//2301 2325//2304 
f 2420//2305 2419//2303 2324//2306 
f 2421//2307 2420//2305 2326//2308 
f 2422//2309 2421//2307 2327//2310 
f 2423//2311 2422//2309 2328//2312 
f 2424//2313 2423//2311 2354//2314 
f 2425//2315 2424//2313 2359//2316 
f 2426//2317 2425//2315 2358//2318 
f 2427//2319 2426//2317 2360//2320 
f 2428//2321 2427//2319 2361//2322 
f 2429//2323 2428//2321 2362//2324 
f 2430//2325 2429//2323 2367//2326 
f 2431//2327 2430//2325 2364//2328 
f 2375//2216 2431//2327 2363//2327 
f 2363//2327 2330//2216 2375//2216 
f 2364//2328 2363//2327 2431//2327 
f 2367//2326 2364//2328 2430//2325 
f 2362//2324 2367//2326 2429//2323 
f 2361//2322 2362//2324 2428//2321 
f 2360//2320 2361//2322 2427//2319 
f 2358//2318 2360//2320 2426//2317 
f 2359//2316 2358//2318 2425//2315 
f 2354//2314 2359//2316 2424//2313 
f 2328//2312 2354//2314 2423//2311 
f 2327//2310 2328//2312 2422//2309 
f 2326//2308 2327//2310 2421//2307 
f 2324//2306 2326//2308 2420//2305 
f 2325//2304 2324//2306 2419//2303 
f 2320//2302 2325//2304 2418//2301 
f 2319//2300 2320//2302 2417//2299 
f 2318//2298 2319//2300 2416//2297 
f 2316//2296 2318//2298 2415//2295 
f 2317//2294 2316//2296 2414//2293 
f 2342//2292 2317//2294 2413//2291 
f 2353//2290 2342//2292 2412//2289 
f 2352//2288 2353//2290 2411//2287 
f 2351//2286 2352//2288 2410//2285 
f 2350//2284 2351//2286 2409//2283 
f 2357//2282 2350//2284 2408//2281 
f 2356//2280 2357//2282 2407//2279 
f 2349//2278 2356//2280 2406//2277 
f 2348//2276 2349//2278 2405//2275 
f 2347//2274 2348//2276 2404//2273 
f 2345//2272 2347//2274 2403//2271 
f 2346//2270 2345//2272 2402//2269 
f 2341//2268 2346//2270 2401//2267 
f 2340//2266 2341//2268 2400//2265 
f 2339//2264 2340//2266 2399//2263 
f 2338//2262 2339//2264 2398//2261 
f 2337//2260 2338//2262 2397//2259 
f 2336//2258 2337//2260 2396//2257 
f 2323//2256 2336//2258 2395//2255 
f 2321//2254 2323//2256 2394//2253 
f 2322//2252 2321//2254 2393//2251 
f 2335//2250 2322//2252 2392//2249 
f 2373//2248 2335//2250 2391//2247 
f 2372//2246 2373//2248 2390//2245 
f 2371//2244 2372//2246 2389//2243 
f 2370//2242 2371//2244 2388//2241 
f 2369//2240 2370//2242 2387//2239 
f 2368//2238 2369//2240 2386//2237 
f 2366//2236 2368//2238 2385//2235 
f 2365//2234 2366//2236 2384//2233 
f 2355//2232 2365//2234 2383//2231 
f 2344//2230 2355//2232 2382//2229 
f 2334//2228 2344//2230 2381//2227 
f 2332//2226 2334//2228 2380//2225 
f 2333//2224 2332//2226 2379//2223 
f 2343//2222 2333//2224 2378//2221 
f 2331//2220 2343//2222 2377//2219 
f 2329//2218 2331//2220 2376//2217 
f 2330//2216 2329//2218 2374//2215 
o mesh27
f 1322//2329 1053//2329 2432//2329 
f 1053//2329 1307//2329 2433//2329 
f 2433//2329 2432//2329 1053//2329 
f 2060//2329 2434//2329 2433//2329 
f 2433//2329 1307//2329 2060//2329 
f 2432//2329 2435//2329 1322//2329 
o mesh28
f 2436//2330 2437//2331 2438//2331 
f 2439//2332 2436//2330 2440//2333 
f 2441//2334 2439//2332 2442//2335 
f 2443//2336 2441//2334 2444//2337 
f 2445//2338 2443//2336 2446//2339 
f 2447//2340 2445//2338 2448//2341 
f 2449//2342 2447//2340 2450//2343 
f 2451//2344 2449//2342 2452//2345 
f 2453//2346 2451//2344 2454//2347 
f 2455//2348 2453//2346 2456//2349 
f 2457//2350 2455//2348 2458//2351 
f 2459//2352 2457//2350 2460//2353 
f 2461//2354 2459//2352 2462//2355 
f 2463//2356 2461//2354 2464//2357 
f 2432//2358 2463//2356 2465//2359 
f 2465//2359 2435//2358 2432//2358 
f 2464//2357 2465//2359 2463//2356 
f 2462//2355 2464//2357 2461//2354 
f 2460//2353 2462//2355 2459//2352 
f 2458//2351 2460//2353 2457//2350 
f 2456//2349 2458//2351 2455//2348 
f 2454//2347 2456//2349 2453//2346 
f 2452//2345 2454//2347 2451//2344 
f 2450//2343 2452//2345 2449//2342 
f 2448//2341 2450//2343 2447//2340 
f 2446//2339 2448//2341 2445//2338 
f 2444//2337 2446//2339 2443//2336 
f 2442//2335 2444//2337 2441//2334 
f 2440//2333 2442//2335 2439//2332 
f 2438//2331 2440//2333 2436//2330 
o mesh29
f 2466//2360 2467//2360 2438//2360 
f 2438//2360 2437//2360 2466//2360 
o mesh30
f 2467//2360 2466//2360 2468//2361 
f 2469//2361 2468//2361 2470//2362 
f 2471//2362 2470//2362 2472//2363 
f 2473//2363 2472//2363 2474//2364 
f 2475//2364 2474//2364 2476//2365 
f 2477//2365 2476//2365 2478//2366 
f 2479//2366 2478//2366 2480//2367 
f 2481//2367 2480//2367 2482//2368 
f 2483//2368 2482//2368 2484//2369 
f 2485//2369 2484//2369 2486//2370 
f 2487//2370 2486//2370 2488//2371 
f 2489//2371 2488//2371 2490//2372 
f 2491//2372 2490//2372 2492//2373 
f 2493//2373 2492//2373 2494//2374 
f 2495//2374 2494//2374 2496//2375 
f 2497//2375 2496//2375 2498//2376 
f 2499//2376 2498//2376 2500//2377 
f 2501//2377 2500//2377 2502//2378 
f 2503//2378 2502//2378 2504//2379 
f 2505//2379 2504//2379 2506//2380 
f 2507//2380 2506//2380 2508//2381 
f 2509//2381 2508//2381 2510//2382 
f 2511//2382 2510//2382 2512//2383 
f 2513//2383 2512//2383 2514//2384 
f 2515//2384 2514//2384 2516//2385 
f 2517//2385 2516//2385 2518//2386 
f 2519//2386 2518//2386 2520//2387 
f 2521//2387 2520//2387 2522//2388 
f 2523//2388 2522//2388 2524//2389 
f 2524//2389 2525//2389 2523//2388 
f 2522//2388 2523//2388 2521//2387 
f 2520//2387 2521//2387 2519//2386 
f 2518//2386 2519//2386 2517//2385 
f 2516//2385 2517//2385 2515//2384 
f 2514//2384 2515//2384 2513//2383 
f 2512//2383 2513//2383 2511//2382 
f 2510//2382 2511//2382 2509//2381 
f 2508//2381 2509//2381 2507//2380 
f 2506//2380 2507//2380 2505//2379 
f 2504//2379 2505//2379 2503//2378 
f 2502//2378 2503//2378 2501//2377 
f 2500//2377 2501//2377 2499//2376 
f 2498//2376 2499//2376 2497//2375 
f 2496//2375 2497//2375 2495//2374 
f 2494//2374 2495//2374 2493//2373 
f 2492//2373 2493//2373 2491//2372 
f 2490//2372 2491//2372 2489//2371 
f 2488//2371 2489//2371 2487//2370 
f 2486//2370 2487//2370 2485//2369 
f 2484//2369 2485//2369 2483//2368 
f 2482//2368 2483//2368 2481//2367 
f 2480//2367 2481//2367 2479//2366 
f 2478//2366 2479//2366 2477//2365 
f 2476//2365 2477//2365 2475//2364 
f 2474//2364 2475//2364 2473//2363 
f 2472//2363 2473//2363 2471//2362 
f 2470//2362 2471//2362 2469//2361 
f 2468//2361 2469//2361 2467//2360 
o mesh31
f 2525//2389 2524//2389 2526//2389 
f 2526//2389 2527//2389 2525//2389 
o mesh32
f 2528//2390 2527//2389 2526//2389 
f 2529//2391 2528//2390 2530//2390 
f 2531//2392 2529//2391 2532//2391 
f 2533//2393 2531//2392 2534//2392 
f 2535//2394 2533//2393 2536//2393 
f 2537//2395 2535//2394 2538//2394 
f 2539//2396 2537//2395 2540//2395 
f 2541//2397 2539//2396 2542//2396 
f 2543//2398 2541//2397 2544//2397 
f 2545//2399 2543//2398 2546//2398 
f 2547//2400 2545//2399 2548//2399 
f 2549//2401 2547//2400 2550//2400 
f 2551//2402 2549//2401 2552//2401 
f 2553//2403 2551//2402 2554//2402 
f 2434//2404 2553//2403 2555//2403 
f 2555//2403 2433//2404 2434//2404 
f 2554//2402 2555//2403 2553//2403 
f 2552//2401 2554//2402 2551//2402 
f 2550//2400 2552//2401 2549//2401 
f 2548//2399 2550//2400 2547//2400 
f 2546//2398 2548//2399 2545//2399 
f 2544//2397 2546//2398 2543//2398 
f 2542//2396 2544//2397 2541//2397 
f 2540//2395 2542//2396 2539//2396 
f 2538//2394 2540//2395 2537//2395 
f 2536//2393 2538//2394 2535//2394 
f 2534//2392 2536//2393 2533//2393 
f 2532//2391 2534//2392 2531//2392 
f 2530//2390 2532//2391 2529//2391 
f 2526//2389 2530//2390 2528//2390 
o mesh33
f 2556//2405 2441//2405 2443//2405 
f 2556//2405 2439//2405 2441//2405 
f 2556//2405 2557//2405 2436//2405 
f 2478//2405 2558//2405 2559//2405 
f 2476//2405 2560//2405 2558//2405 
f 2437//2405 2561//2405 2562//2405 
f 2556//2405 2445//2405 2447//2405 
f 2436//2405 2439//2405 2556//2405 
f 2558//2405 2478//2405 2476//2405 
f 2476//2405 2474//2405 2563//2405 
f 2470//2405 2468//2405 2564//2405 
f 2468//2405 2466//2405 2565//2405 
f 2562//2405 2466//2405 2437//2405 
f 2556//2405 2449//2405 2451//2405 
f 2443//2405 2445//2405 2556//2405 
f 2461//2405 2555//2405 2554//2405 
f 2566//2405 2532//2405 2530//2405 
f 2566//2405 2536//2405 2534//2405 
f 2566//2405 2542//2405 2540//2405 
f 2563//2405 2560//2405 2476//2405 
f 2474//2405 2472//2405 2567//2405 
f 2472//2405 2470//2405 2568//2405 
f 2565//2405 2564//2405 2468//2405 
f 2562//2405 2569//2405 2466//2405 
f 2557//2405 2570//2405 2437//2405 
f 2447//2405 2449//2405 2556//2405 
f 2554//2405 2571//2405 2461//2405 
f 2463//2405 2433//2405 2555//2405 
f 2534//2405 2532//2405 2566//2405 
f 2540//2405 2538//2405 2566//2405 
f 2567//2405 2563//2405 2474//2405 
f 2564//2405 2568//2405 2470//2405 
f 2437//2405 2570//2405 2561//2405 
f 2451//2405 2453//2405 2556//2405 
f 2572//2405 2556//2405 2453//2405 
f 2573//2405 2572//2405 2455//2405 
f 2574//2405 2575//2405 2459//2405 
f 2461//2405 2571//2405 2576//2405 
f 2555//2405 2461//2405 2463//2405 
f 2577//2405 2550//2405 2548//2405 
f 2578//2405 2548//2405 2546//2405 
f 2538//2405 2536//2405 2566//2405 
f 2566//2405 2546//2405 2544//2405 
f 2526//2405 2524//2405 2579//2405 
f 2492//2405 2490//2405 2580//2405 
f 2490//2405 2488//2405 2581//2405 
f 2486//2405 2582//2405 2581//2405 
f 2486//2405 2484//2405 2583//2405 
f 2480//2405 2559//2405 2584//2405 
f 2568//2405 2567//2405 2472//2405 
f 2437//2405 2436//2405 2557//2405 
f 2455//2405 2457//2405 2573//2405 
f 2576//2405 2574//2405 2461//2405 
f 2554//2405 2585//2405 2571//2405 
f 2554//2405 2586//2405 2587//2405 
f 2586//2405 2554//2405 2552//2405 
f 2546//2405 2566//2405 2578//2405 
f 2544//2405 2542//2405 2566//2405 
f 2588//2405 2530//2405 2526//2405 
f 2579//2405 2589//2405 2526//2405 
f 2524//2405 2590//2405 2591//2405 
f 2524//2405 2522//2405 2592//2405 
f 2522//2405 2520//2405 2593//2405 
f 2520//2405 2518//2405 2594//2405 
f 2492//2405 2595//2405 2596//2405 
f 2581//2405 2580//2405 2490//2405 
f 2583//2405 2582//2405 2486//2405 
f 2484//2405 2482//2405 2584//2405 
f 2559//2405 2480//2405 2478//2405 
f 2453//2405 2455//2405 2572//2405 
f 2597//2405 2598//2405 2457//2405 
f 2463//2405 2432//2405 2433//2405 
f 2552//2405 2599//2405 2586//2405 
f 2530//2405 2588//2405 2566//2405 
f 2589//2405 2600//2405 2526//2405 
f 2592//2405 2590//2405 2524//2405 
f 2594//2405 2593//2405 2520//2405 
f 2516//2405 2601//2405 2594//2405 
f 2516//2405 2514//2405 2602//2405 
f 2504//2405 2603//2405 2604//2405 
f 2504//2405 2502//2405 2605//2405 
f 2580//2405 2595//2405 2492//2405 
f 2584//2405 2583//2405 2484//2405 
f 2569//2405 2565//2405 2466//2405 
f 2459//2405 2575//2405 2597//2405 
f 2587//2405 2585//2405 2554//2405 
f 2606//2405 2552//2405 2550//2405 
f 2526//2405 2600//2405 2588//2405 
f 2593//2405 2592//2405 2522//2405 
f 2602//2405 2601//2405 2516//2405 
f 2514//2405 2512//2405 2607//2405 
f 2512//2405 2510//2405 2608//2405 
f 2510//2405 2508//2405 2609//2405 
f 2508//2405 2506//2405 2604//2405 
f 2605//2405 2603//2405 2504//2405 
f 2502//2405 2500//2405 2610//2405 
f 2581//2405 2488//2405 2486//2405 
f 2457//2405 2598//2405 2573//2405 
f 2459//2405 2461//2405 2574//2405 
f 2550//2405 2611//2405 2606//2405 
f 2548//2405 2578//2405 2577//2405 
f 2594//2405 2518//2405 2516//2405 
f 2608//2405 2607//2405 2512//2405 
f 2604//2405 2609//2405 2508//2405 
f 2610//2405 2605//2405 2502//2405 
f 2500//2405 2498//2405 2612//2405 
f 2584//2405 2482//2405 2480//2405 
f 2606//2405 2599//2405 2552//2405 
f 2591//2405 2579//2405 2524//2405 
f 2609//2405 2608//2405 2510//2405 
f 2612//2405 2610//2405 2500//2405 
f 2498//2405 2496//2405 2613//2405 
f 2457//2405 2459//2405 2597//2405 
f 2607//2405 2602//2405 2514//2405 
f 2613//2405 2612//2405 2498//2405 
f 2496//2405 2494//2405 2596//2405 
f 2577//2405 2611//2405 2550//2405 
f 2596//2405 2613//2405 2496//2405 
f 2604//2405 2506//2405 2504//2405 
f 2596//2405 2494//2405 2492//2405 
o mesh34
f 2614//2406 2615//2407 2590//2407 
f 2616//2408 2614//2406 2592//2409 
f 2617//2410 2616//2408 2593//2411 
f 2618//2412 2617//2410 2594//2413 
f 2619//2414 2618//2412 2601//2415 
f 2620//2416 2619//2414 2602//2417 
f 2621//2418 2620//2416 2607//2419 
f 2622//2420 2621//2418 2608//2421 
f 2623//2422 2622//2420 2609//2423 
f 2624//2424 2623//2422 2604//2425 
f 2625//2426 2624//2424 2603//2427 
f 2626//2428 2625//2426 2605//2429 
f 2627//2430 2626//2428 2610//2431 
f 2628//2432 2627//2430 2612//2433 
f 2629//2434 2628//2432 2613//2435 
f 2630//2436 2629//2434 2596//2437 
f 2631//2438 2630//2436 2595//2439 
f 2632//2440 2631//2438 2580//2441 
f 2633//2442 2632//2440 2581//2443 
f 2634//2444 2633//2442 2582//2445 
f 2635//2446 2634//2444 2583//2447 
f 2636//2448 2635//2446 2584//2449 
f 2637//2450 2636//2448 2559//2451 
f 2638//2452 2637//2450 2558//2453 
f 2639//2454 2638//2452 2560//2455 
f 2640//2456 2639//2454 2563//2457 
f 2641//2458 2640//2456 2567//2459 
f 2642//2460 2641//2458 2568//2461 
f 2643//2462 2642//2460 2564//2463 
f 2644//2464 2643//2462 2565//2465 
f 2645//2466 2644//2464 2569//2467 
f 2646//2468 2645//2466 2562//2469 
f 2647//2470 2646//2468 2561//2471 
f 2648//2472 2647//2470 2570//2473 
f 2649//2474 2648//2472 2557//2475 
f 2650//2476 2649//2474 2556//2477 
f 2651//2478 2650//2476 2572//2479 
f 2652//2480 2651//2478 2573//2481 
f 2653//2482 2652//2480 2598//2483 
f 2654//2484 2653//2482 2597//2485 
f 2655//2486 2654//2484 2575//2487 
f 2656//2488 2655//2486 2574//2489 
f 2657//2490 2656//2488 2576//2491 
f 2658//2492 2657//2490 2571//2493 
f 2659//2494 2658//2492 2585//2495 
f 2660//2496 2659//2494 2587//2497 
f 2661//2498 2660//2496 2586//2499 
f 2662//2500 2661//2498 2599//2501 
f 2663//2502 2662//2500 2606//2503 
f 2664//2504 2663//2502 2611//2505 
f 2665//2506 2664//2504 2577//2507 
f 2666//2508 2665//2506 2578//2509 
f 2667//2510 2666//2508 2566//2511 
f 2668//2512 2667//2510 2588//2513 
f 2669//2514 2668//2512 2600//2515 
f 2670//2516 2669//2514 2589//2517 
f 2671//2518 2670//2516 2579//2519 
f 2615//2407 2671//2518 2591//2518 
f 2591//2518 2590//2407 2615//2407 
f 2579//2519 2591//2518 2671//2518 
f 2589//2517 2579//2519 2670//2516 
f 2600//2515 2589//2517 2669//2514 
f 2588//2513 2600//2515 2668//2512 
f 2566//2511 2588//2513 2667//2510 
f 2578//2509 2566//2511 2666//2508 
f 2577//2507 2578//2509 2665//2506 
f 2611//2505 2577//2507 2664//2504 
f 2606//2503 2611//2505 2663//2502 
f 2599//2501 2606//2503 2662//2500 
f 2586//2499 2599//2501 2661//2498 
f 2587//2497 2586//2499 2660//2496 
f 2585//2495 2587//2497 2659//2494 
f 2571//2493 2585//2495 2658//2492 
f 2576//2491 2571//2493 2657//2490 
f 2574//2489 2576//2491 2656//2488 
f 2575//2487 2574//2489 2655//2486 
f 2597//2485 2575//2487 2654//2484 
f 2598//2483 2597//2485 2653//2482 
f 2573//2481 2598//2483 2652//2480 
f 2572//2479 2573//2481 2651//2478 
f 2556//2477 2572//2479 2650//2476 
f 2557//2475 2556//2477 2649//2474 
f 2570//2473 2557//2475 2648//2472 
f 2561//2471 2570//2473 2647//2470 
f 2562//2469 2561//2471 2646//2468 
f 2569//2467 2562//2469 2645//2466 
f 2565//2465 2569//2467 2644//2464 
f 2564//2463 2565//2465 2643//2462 
f 2568//2461 2564//2463 2642//2460 
f 2567//2459 2568//2461 2641//2458 
f 2563//2457 2567//2459 2640//2456 
f 2560//2455 2563//2457 2639//2454 
f 2558//2453 2560//2455 2638//2452 
f 2559//2451 2558//2453 2637//2450 
f 2584//2449 2559//2451 2636//2448 
f 2583//2447 2584//2449 2635//2446 
f 2582//2445 2583//2447 2634//2444 
f 2581//2443 2582//2445 2633//2442 
f 2580//2441 2581//2443 2632//2440 
f 2595//2439 2580//2441 2631//2438 
f 2596//2437 2595//2439 2630//2436 
f 2613//2435 2596//2437 2629//2434 
f 2612//2433 2613//2435 2628//2432 
f 2610//2431 2612//2433 2627//2430 
f 2605//2429 2610//2431 2626//2428 
f 2603//2427 2605//2429 2625//2426 
f 2604//2425 2603//2427 2624//2424 
f 2609//2423 2604//2425 2623//2422 
f 2608//2421 2609//2423 2622//2420 
f 2607//2419 2608//2421 2621//2418 
f 2602//2417 2607//2419 2620//2416 
f 2601//2415 2602//2417 2619//2414 
f 2594//2413 2601//2415 2618//2412 
f 2593//2411 2594//2413 2617//2410 
f 2592//2409 2593//2411 2616//2408 
f 2590//2407 2592//2409 2614//2406 
o mesh35
f 2641//2520 2672//2520 2673//2520 
f 2642//2520 2674//2520 2672//2520 
f 2640//2520 2673//2520 2675//2520 
f 2672//2520 2641//2520 2642//2520 
f 2639//2520 2675//2520 2676//2520 
f 2673//2520 2640//2520 2641//2520 
f 2643//2520 2677//2520 2674//2520 
f 2643//2520 2644//2520 2678//2520 
f 2645//2520 2679//2520 2678//2520 
f 2645//2520 2646//2520 2680//2520 
f 2675//2520 2639//2520 2640//2520 
f 2678//2520 2677//2520 2643//2520 
f 2680//2520 2679//2520 2645//2520 
f 2646//2520 2647//2520 2681//2520 
f 2667//2520 2668//2520 2682//2520 
f 2668//2520 2669//2520 2683//2520 
f 2670//2520 2684//2520 2683//2520 
f 2671//2520 2685//2520 2684//2520 
f 2614//2520 2686//2520 2687//2520 
f 2616//2520 2688//2520 2686//2520 
f 2625//2520 2626//2520 2689//2520 
f 2626//2520 2627//2520 2690//2520 
f 2636//2520 2637//2520 2691//2520 
f 2637//2520 2638//2520 2676//2520 
f 2674//2520 2642//2520 2643//2520 
f 2681//2520 2680//2520 2646//2520 
f 2650//2520 2692//2520 2693//2520 
f 2650//2520 2651//2520 2694//2520 
f 2651//2520 2652//2520 2695//2520 
f 2652//2520 2653//2520 2696//2520 
f 2654//2520 2697//2520 2696//2520 
f 2654//2520 2655//2520 2698//2520 
f 2655//2520 2656//2520 2699//2520 
f 2656//2520 2657//2520 2700//2520 
f 2683//2520 2682//2520 2668//2520 
f 2684//2520 2670//2520 2671//2520 
f 2615//2520 2687//2520 2685//2520 
f 2686//2520 2614//2520 2616//2520 
f 2690//2520 2689//2520 2626//2520 
f 2627//2520 2628//2520 2701//2520 
f 2676//2520 2691//2520 2637//2520 
f 2678//2520 2644//2520 2645//2520 
f 2648//2520 2702//2520 2681//2520 
f 2648//2520 2649//2520 2693//2520 
f 2694//2520 2692//2520 2650//2520 
f 2696//2520 2695//2520 2652//2520 
f 2698//2520 2697//2520 2654//2520 
f 2700//2520 2699//2520 2656//2520 
f 2659//2520 2703//2520 2704//2520 
f 2660//2520 2705//2520 2703//2520 
f 2683//2520 2669//2520 2670//2520 
f 2687//2520 2615//2520 2614//2520 
f 2617//2520 2706//2520 2688//2520 
f 2617//2520 2618//2520 2707//2520 
f 2623//2520 2708//2520 2709//2520 
f 2623//2520 2624//2520 2710//2520 
f 2624//2520 2625//2520 2711//2520 
f 2701//2520 2690//2520 2627//2520 
f 2676//2520 2638//2520 2639//2520 
f 2693//2520 2702//2520 2648//2520 
f 2695//2520 2694//2520 2651//2520 
f 2699//2520 2698//2520 2655//2520 
f 2703//2520 2659//2520 2660//2520 
f 2661//2520 2712//2520 2705//2520 
f 2664//2520 2713//2520 2714//2520 
f 2664//2520 2665//2520 2715//2520 
f 2666//2520 2716//2520 2715//2520 
f 2666//2520 2667//2520 2717//2520 
f 2685//2520 2671//2520 2615//2520 
f 2707//2520 2706//2520 2617//2520 
f 2710//2520 2708//2520 2623//2520 
f 2689//2520 2711//2520 2625//2520 
f 2681//2520 2647//2520 2648//2520 
f 2696//2520 2653//2520 2654//2520 
f 2705//2520 2660//2520 2661//2520 
f 2661//2520 2662//2520 2718//2520 
f 2663//2520 2714//2520 2718//2520 
f 2715//2520 2713//2520 2664//2520 
f 2717//2520 2716//2520 2666//2520 
f 2688//2520 2616//2520 2617//2520 
f 2619//2520 2719//2520 2707//2520 
f 2619//2520 2620//2520 2720//2520 
f 2621//2520 2721//2520 2720//2520 
f 2621//2520 2622//2520 2709//2520 
f 2711//2520 2710//2520 2624//2520 
f 2628//2520 2629//2520 2722//2520 
f 2630//2520 2723//2520 2722//2520 
f 2631//2520 2724//2520 2723//2520 
f 2632//2520 2725//2520 2724//2520 
f 2632//2520 2633//2520 2726//2520 
f 2635//2520 2727//2520 2728//2520 
f 2635//2520 2636//2520 2729//2520 
f 2693//2520 2649//2520 2650//2520 
f 2657//2520 2658//2520 2704//2520 
f 2718//2520 2712//2520 2661//2520 
f 2714//2520 2663//2520 2664//2520 
f 2682//2520 2717//2520 2667//2520 
f 2720//2520 2719//2520 2619//2520 
f 2709//2520 2721//2520 2621//2520 
f 2722//2520 2701//2520 2628//2520 
f 2723//2520 2630//2520 2631//2520 
f 2726//2520 2725//2520 2632//2520 
f 2634//2520 2728//2520 2726//2520 
f 2729//2520 2727//2520 2635//2520 
f 2704//2520 2700//2520 2657//2520 
f 2718//2520 2662//2520 2663//2520 
f 2707//2520 2618//2520 2619//2520 
f 2709//2520 2622//2520 2623//2520 
f 2724//2520 2631//2520 2632//2520 
f 2728//2520 2634//2520 2635//2520 
f 2704//2520 2658//2520 2659//2520 
f 2720//2520 2620//2520 2621//2520 
f 2726//2520 2633//2520 2634//2520 
f 2715//2520 2665//2520 2666//2520 
f 2691//2520 2729//2520 2636//2520 
f 2722//2520 2629//2520 2630//2520 
o mesh36
f 2730//2521 2731//2522 2687//2522 
f 2732//2523 2730//2521 2686//2524 
f 2733//2525 2732//2523 2688//2526 
f 2734//2527 2733//2525 2706//2528 
f 2735//2529 2734//2527 2707//2530 
f 2736//2531 2735//2529 2719//2532 
f 2737//2533 2736//2531 2720//2534 
f 2738//2535 2737//2533 2721//2536 
f 2739//2537 2738//2535 2709//2538 
f 2740//2539 2739//2537 2708//2540 
f 2741//2541 2740//2539 2710//2542 
f 2742//2543 2741//2541 2711//2544 
f 2743//2545 2742//2543 2689//2546 
f 2744//2547 2743//2545 2690//2548 
f 2745//2549 2744//2547 2701//2550 
f 2746//2551 2745//2549 2722//2552 
f 2747//2553 2746//2551 2723//2554 
f 2748//2555 2747//2553 2724//2556 
f 2749//2557 2748//2555 2725//2558 
f 2750//2559 2749//2557 2726//2560 
f 2751//2561 2750//2559 2728//2562 
f 2752//2563 2751//2561 2727//2564 
f 2753//2565 2752//2563 2729//2566 
f 2754//2567 2753//2565 2691//2568 
f 2755//2569 2754//2567 2676//2570 
f 2756//2571 2755//2569 2675//2572 
f 2757//2573 2756//2571 2673//2574 
f 2758//2575 2757//2573 2672//2576 
f 2759//2577 2758//2575 2674//2578 
f 2760//2579 2759//2577 2677//2580 
f 2761//2581 2760//2579 2678//2582 
f 2762//2583 2761//2581 2679//2584 
f 2763//2585 2762//2583 2680//2586 
f 2764//2587 2763//2585 2681//2588 
f 2765//2589 2764//2587 2702//2590 
f 2766//2591 2765//2589 2693//2592 
f 2767//2593 2766//2591 2692//2594 
f 2768//2595 2767//2593 2694//2596 
f 2769//2597 2768//2595 2695//2598 
f 2770//2599 2769//2597 2696//2600 
f 2771//2601 2770//2599 2697//2602 
f 2772//2603 2771//2601 2698//2604 
f 2773//2605 2772//2603 2699//2606 
f 2774//2607 2773//2605 2700//2608 
f 2775//2609 2774//2607 2704//2610 
f 2776//2611 2775//2609 2703//2612 
f 2777//2613 2776//2611 2705//2614 
f 2778//2615 2777//2613 2712//2616 
f 2779//2617 2778//2615 2718//2618 
f 2780//2619 2779//2617 2714//2620 
f 2781//2621 2780//2619 2713//2622 
f 2782//2623 2781//2621 2715//2624 
f 2783//2625 2782//2623 2716//2626 
f 2784//2627 2783//2625 2717//2628 
f 2785//2629 2784//2627 2682//2630 
f 2786//2631 2785//2629 2683//2632 
f 2787//2633 2786//2631 2684//2634 
f 2731//2522 2787//2633 2685//2633 
f 2685//2633 2687//2522 2731//2522 
f 2684//2634 2685//2633 2787//2633 
f 2683//2632 2684//2634 2786//2631 
f 2682//2630 2683//2632 2785//2629 
f 2717//2628 2682//2630 2784//2627 
f 2716//2626 2717//2628 2783//2625 
f 2715//2624 2716//2626 2782//2623 
f 2713//2622 2715//2624 2781//2621 
f 2714//2620 2713//2622 2780//2619 
f 2718//2618 2714//2620 2779//2617 
f 2712//2616 2718//2618 2778//2615 
f 2705//2614 2712//2616 2777//2613 
f 2703//2612 2705//2614 2776//2611 
f 2704//2610 2703//2612 2775//2609 
f 2700//2608 2704//2610 2774//2607 
f 2699//2606 2700//2608 2773//2605 
f 2698//2604 2699//2606 2772//2603 
f 2697//2602 2698//2604 2771//2601 
f 2696//2600 2697//2602 2770//2599 
f 2695//2598 2696//2600 2769//2597 
f 2694//2596 2695//2598 2768//2595 
f 2692//2594 2694//2596 2767//2593 
f 2693//2592 2692//2594 2766//2591 
f 2702//2590 2693//2592 2765//2589 
f 2681//2588 2702//2590 2764//2587 
f 2680//2586 2681//2588 2763//2585 
f 2679//2584 2680//2586 2762//2583 
f 2678//2582 2679//2584 2761//2581 
f 2677//2580 2678//2582 2760//2579 
f 2674//2578 2677//2580 2759//2577 
f 2672//2576 2674//2578 2758//2575 
f 2673//2574 2672//2576 2757//2573 
f 2675//2572 2673//2574 2756//2571 
f 2676//2570 2675//2572 2755//2569 
f 2691//2568 2676//2570 2754//2567 
f 2729//2566 2691//2568 2753//2565 
f 2727//2564 2729//2566 2752//2563 
f 2728//2562 2727//2564 2751//2561 
f 2726//2560 2728//2562 2750//2559 
f 2725//2558 2726//2560 2749//2557 
f 2724//2556 2725//2558 2748//2555 
f 2723//2554 2724//2556 2747//2553 
f 2722//2552 2723//2554 2746//2551 
f 2701//2550 2722//2552 2745//2549 
f 2690//2548 2701//2550 2744//2547 
f 2689//2546 2690//2548 2743//2545 
f 2711//2544 2689//2546 2742//2543 
f 2710//2542 2711//2544 2741//2541 
f 2708//2540 2710//2542 2740//2539 
f 2709//2538 2708//2540 2739//2537 
f 2721//2536 2709//2538 2738//2535 
f 2720//2534 2721//2536 2737//2533 
f 2719//2532 2720//2534 2736//2531 
f 2707//2530 2719//2532 2735//2529 
f 2706//2528 2707//2530 2734//2527 
f 2688//2526 2706//2528 2733//2525 
f 2686//2524 2688//2526 2732//2523 
f 2687//2522 2686//2524 2730//2521 
o mesh37
f 1578//2635 1292//2635 2788//2635 
f 1292//2635 1068//2635 2789//2635 
f 2789//2635 2788//2635 1292//2635 
f 1337//2635 2790//2635 2789//2635 
f 2789//2635 1068//2635 1337//2635 
f 2788//2635 2791//2635 1578//2635 
o mesh38
f 2792//2636 2791//2635 2788//2635 
f 2793//2637 2792//2636 2794//2636 
f 2795//2638 2793//2637 2796//2637 
f 2797//2639 2795//2638 2798//2638 
f 2799//2640 2797//2639 2800//2639 
f 2801//2641 2799//2640 2802//2640 
f 2803//2642 2801//2641 2804//2641 
f 2805//2643 2803//2642 2806//2642 
f 2807//2644 2805//2643 2808//2643 
f 2809//2645 2807//2644 2810//2644 
f 2811//2646 2809//2645 2812//2645 
f 2813//2647 2811//2646 2814//2646 
f 2815//2648 2813//2647 2816//2647 
f 2817//2649 2815//2648 2818//2648 
f 2819//2650 2817//2649 2820//2649 
f 2820//2649 2821//2650 2819//2650 
f 2818//2648 2820//2649 2817//2649 
f 2816//2647 2818//2648 2815//2648 
f 2814//2646 2816//2647 2813//2647 
f 2812//2645 2814//2646 2811//2646 
f 2810//2644 2812//2645 2809//2645 
f 2808//2643 2810//2644 2807//2644 
f 2806//2642 2808//2643 2805//2643 
f 2804//2641 2806//2642 2803//2642 
f 2802//2640 2804//2641 2801//2641 
f 2800//2639 2802//2640 2799//2640 
f 2798//2638 2800//2639 2797//2639 
f 2796//2637 2798//2638 2795//2638 
f 2794//2636 2796//2637 2793//2637 
f 2788//2635 2794//2636 2792//2636 
o mesh39
f 2822//2650 2823//2650 2819//2650 
f 2819//2650 2821//2650 2822//2650 
o mesh40
f 2823//2650 2822//2650 2824//2651 
f 2825//2651 2824//2651 2826//2652 
f 2827//2652 2826//2652 2828//2653 
f 2829//2653 2828//2653 2830//2654 
f 2831//2654 2830//2654 2832//2655 
f 2833//2655 2832//2655 2834//2656 
f 2835//2656 2834//2656 2836//2657 
f 2837//2657 2836//2657 2838//2658 
f 2839//2658 2838//2658 2840//2659 
f 2841//2659 2840//2659 2842//2660 
f 2843//2660 2842//2660 2844//2661 
f 2845//2661 2844//2661 2846//2662 
f 2847//2662 2846//2662 2848//2663 
f 2849//2663 2848//2663 2850//2664 
f 2851//2664 2850//2664 2852//2665 
f 2853//2665 2852//2665 2854//2666 
f 2855//2666 2854//2666 2856//2667 
f 2857//2667 2856//2667 2858//2668 
f 2859//2668 2858//2668 2860//2669 
f 2861//2669 2860//2669 2862//2670 
f 2863//2670 2862//2670 2864//2671 
f 2865//2671 2864//2671 2866//2672 
f 2867//2672 2866//2672 2868//2673 
f 2869//2673 2868//2673 2870//2674 
f 2871//2674 2870//2674 2872//2675 
f 2873//2675 2872//2675 2874//2676 
f 2875//2676 2874//2676 2876//2677 
f 2877//2677 2876//2677 2878//2678 
f 2879//2678 2878//2678 2880//2679 
f 2880//2679 2881//2679 2879//2678 
f 2878//2678 2879//2678 2877//2677 
f 2876//2677 2877//2677 2875//2676 
f 2874//2676 2875//2676 2873//2675 
f 2872//2675 2873//2675 2871//2674 
f 2870//2674 2871//2674 2869//2673 
f 2868//2673 2869//2673 2867//2672 
f 2866//2672 2867//2672 2865//2671 
f 2864//2671 2865//2671 2863//2670 
f 2862//2670 2863//2670 2861//2669 
f 2860//2669 2861//2669 2859//2668 
f 2858//2668 2859//2668 2857//2667 
f 2856//2667 2857//2667 2855//2666 
f 2854//2666 2855//2666 2853//2665 
f 2852//2665 2853//2665 2851//2664 
f 2850//2664 2851//2664 2849//2663 
f 2848//2663 2849//2663 2847//2662 
f 2846//2662 2847//2662 2845//2661 
f 2844//2661 2845//2661 2843//2660 
f 2842//2660 2843//2660 2841//2659 
f 2840//2659 2841//2659 2839//2658 
f 2838//2658 2839//2658 2837//2657 
f 2836//2657 2837//2657 2835//2656 
f 2834//2656 2835//2656 2833//2655 
f 2832//2655 2833//2655 2831//2654 
f 2830//2654 2831//2654 2829//2653 
f 2828//2653 2829//2653 2827//2652 
f 2826//2652 2827//2652 2825//2651 
f 2824//2651 2825//2651 2823//2650 
o mesh41
f 2881//2679 2880//2679 2882//2679 
f 2882//2679 2883//2679 2881//2679 
o mesh42
f 2884//2680 2789//2681 2790//2681 
f 2885//2682 2884//2680 2886//2683 
f 2887//2684 2885//2682 2888//2685 
f 2889//2686 2887//2684 2890//2687 
f 2891//2688 2889//2686 2892//2689 
f 2893//2690 2891//2688 2894//2691 
f 2895//2692 2893//2690 2896//2693 
f 2897//2694 2895//2692 2898//2695 
f 2899//2696 2897//2694 2900//2697 
f 2901//2698 2899//2696 2902//2699 
f 2903//2700 2901//2698 2904//2701 
f 2905//2702 2903//2700 2906//2703 
f 2907//2704 2905//2702 2908//2705 
f 2909//2706 2907//2704 2910//2707 
f 2882//2708 2909//2706 2911//2709 
f 2911//2709 2883//2708 2882//2708 
f 2910//2707 2911//2709 2909//2706 
f 2908//2705 2910//2707 2907//2704 
f 2906//2703 2908//2705 2905//2702 
f 2904//2701 2906//2703 2903//2700 
f 2902//2699 2904//2701 2901//2698 
f 2900//2697 2902//2699 2899//2696 
f 2898//2695 2900//2697 2897//2694 
f 2896//2693 2898//2695 2895//2692 
f 2894//2691 2896//2693 2893//2690 
f 2892//2689 2894//2691 2891//2688 
f 2890//2687 2892//2689 2889//2686 
f 2888//2685 2890//2687 2887//2684 
f 2886//2683 2888//2685 2885//2682 
f 2790//2681 2886//2683 2884//2680 
o mesh43
f 2753//2710 2473//2710 2475//2710 
f 2753//2710 2471//2710 2473//2710 
f 2753//2710 2469//2710 2471//2710 
f 2434//2710 2066//2710 2067//2710 
f 2753//2710 2467//2710 2469//2710 
f 2434//2710 2068//2710 2069//2710 
f 2434//2710 2065//2710 2066//2710 
f 2475//2710 2477//2710 2753//2710 
f 2434//2710 2072//2710 2073//2710 
f 2434//2710 2070//2710 2071//2710 
f 2067//2710 2068//2710 2434//2710 
f 2753//2710 2438//2710 2467//2710 
f 2754//2710 2912//2710 2896//2710 
f 1324//2710 2888//2710 2886//2710 
f 2073//2710 2074//2710 2434//2710 
f 2069//2710 2070//2710 2434//2710 
f 1329//2710 2886//2710 2790//2710 
f 2753//2710 2440//2710 2438//2710 
f 2753//2710 2448//2710 2446//2710 
f 2896//2710 2894//2710 2754//2710 
f 2886//2710 1325//2710 1324//2710 
f 2071//2710 2072//2710 2434//2710 
f 2790//2710 1330//2710 1329//2710 
f 2753//2710 2442//2710 2440//2710 
f 2446//2710 2444//2710 2753//2710 
f 2754//2710 2452//2710 2450//2710 
f 2894//2710 2454//2710 2452//2710 
f 2886//2710 1326//2710 1325//2710 
f 2435//2710 2890//2710 2888//2710 
f 2074//2710 2075//2710 2434//2710 
f 2790//2710 1331//2710 1330//2710 
f 2444//2710 2442//2710 2753//2710 
f 2450//2710 2753//2710 2754//2710 
f 2894//2710 2456//2710 2454//2710 
f 2886//2710 1327//2710 1326//2710 
f 2888//2710 1322//2710 2435//2710 
f 2465//2710 2894//2710 2892//2710 
f 2079//2710 2553//2710 2434//2710 
f 2790//2710 1332//2710 1331//2710 
f 2450//2710 2448//2710 2753//2710 
f 2894//2710 2452//2710 2754//2710 
f 2894//2710 2462//2710 2460//2710 
f 2886//2710 1328//2710 1327//2710 
f 2888//2710 1323//2710 1322//2710 
f 2894//2710 2465//2710 2464//2710 
f 2892//2710 2435//2710 2465//2710 
f 2501//2710 2742//2710 2743//2710 
f 2503//2710 2741//2710 2742//2710 
f 2075//2710 2079//2710 2434//2710 
f 2913//2710 2914//2710 2883//2710 
f 2790//2710 1333//2710 1332//2710 
f 2912//2710 2915//2710 2896//2710 
f 2460//2710 2458//2710 2894//2710 
f 2888//2710 1324//2710 1323//2710 
f 2892//2710 2890//2710 2435//2710 
f 2499//2710 2743//2710 2744//2710 
f 2742//2710 2501//2710 2503//2710 
f 2523//2710 2730//2710 2732//2710 
f 2523//2710 2525//2710 2731//2710 
f 2527//2710 2785//2710 2786//2710 
f 2783//2710 2784//2710 2527//2710 
f 2434//2710 2064//2710 2065//2710 
f 2913//2710 2904//2710 2902//2710 
f 2913//2710 2910//2710 2908//2710 
f 2883//2710 2911//2710 2913//2710 
f 1335//2710 2790//2710 1337//2710 
f 2790//2710 1334//2710 1333//2710 
f 2458//2710 2456//2710 2894//2710 
f 2464//2710 2462//2710 2894//2710 
f 2483//2710 2751//2710 2752//2710 
f 2483//2710 2485//2710 2750//2710 
f 2489//2710 2748//2710 2749//2710 
f 2489//2710 2491//2710 2747//2710 
f 2491//2710 2493//2710 2746//2710 
f 2493//2710 2495//2710 2745//2710 
f 2743//2710 2499//2710 2501//2710 
f 2503//2710 2505//2710 2740//2710 
f 2507//2710 2739//2710 2740//2710 
f 2507//2710 2509//2710 2738//2710 
f 2731//2710 2730//2710 2523//2710 
f 2786//2710 2525//2710 2527//2710 
f 2527//2710 2528//2710 2783//2710 
f 2782//2710 2535//2710 2537//2710 
f 2782//2710 2529//2710 2531//2710 
f 2782//2710 2783//2710 2528//2710 
f 2062//2710 2434//2710 2060//2710 
f 2434//2710 2063//2710 2064//2710 
f 2781//2710 2782//2710 2543//2710 
f 2913//2710 2906//2710 2904//2710 
f 2911//2710 2910//2710 2913//2710 
f 2790//2710 1335//2710 1334//2710 
f 2886//2710 1329//2710 1328//2710 
f 2750//2710 2751//2710 2483//2710 
f 2485//2710 2487//2710 2749//2710 
f 2747//2710 2748//2710 2489//2710 
f 2745//2710 2746//2710 2493//2710 
f 2740//2710 2741//2710 2503//2710 
f 2738//2710 2739//2710 2507//2710 
f 2519//2710 2733//2710 2734//2710 
f 2519//2710 2521//2710 2732//2710 
f 2525//2710 2787//2710 2731//2710 
f 2784//2710 2785//2710 2527//2710 
f 2782//2710 2533//2710 2535//2710 
f 2528//2710 2529//2710 2782//2710 
f 2434//2710 2062//2710 2063//2710 
f 2079//2710 2549//2710 2551//2710 
f 2079//2710 2545//2710 2547//2710 
f 2543//2710 2079//2710 2781//2710 
f 2913//2710 2900//2710 2898//2710 
f 2908//2710 2906//2710 2913//2710 
f 2477//2710 2479//2710 2753//2710 
f 2749//2710 2750//2710 2485//2710 
f 2746//2710 2747//2710 2491//2710 
f 2497//2710 2744//2710 2745//2710 
f 2740//2710 2505//2710 2507//2710 
f 2515//2710 2735//2710 2736//2710 
f 2515//2710 2517//2710 2734//2710 
f 2732//2710 2733//2710 2519//2710 
f 2786//2710 2787//2710 2525//2710 
f 2782//2710 2539//2710 2541//2710 
f 2531//2710 2533//2710 2782//2710 
f 2551//2710 2553//2710 2079//2710 
f 2543//2710 2545//2710 2079//2710 
f 2773//2710 2192//2710 2190//2710 
f 2773//2710 2196//2710 2194//2710 
f 2902//2710 2900//2710 2913//2710 
f 1337//2710 1336//2710 1335//2710 
f 2479//2710 2481//2710 2752//2710 
f 2749//2710 2487//2710 2489//2710 
f 2744//2710 2497//2710 2499//2710 
f 2511//2710 2737//2710 2738//2710 
f 2511//2710 2513//2710 2736//2710 
f 2734//2710 2735//2710 2515//2710 
f 2732//2710 2521//2710 2523//2710 
f 2537//2710 2539//2710 2782//2710 
f 2547//2710 2549//2710 2079//2710 
f 2194//2710 2192//2710 2773//2710 
f 2773//2710 2199//2710 2198//2710 
f 2773//2710 2774//2710 2079//2710 
f 2396//2710 2190//2710 2188//2710 
f 2188//2710 2393//2710 2394//2710 
f 2393//2710 2188//2710 2186//2710 
f 2869//2710 2871//2710 2916//2710 
f 2875//2710 2917//2710 2918//2710 
f 2896//2710 2919//2710 2913//2710 
f 2752//2710 2753//2710 2479//2710 
f 2745//2710 2495//2710 2497//2710 
f 2736//2710 2737//2710 2511//2710 
f 2734//2710 2517//2710 2519//2710 
f 2060//2710 2061//2710 2062//2710 
f 2079//2710 2778//2710 2779//2710 
f 2079//2710 2776//2710 2777//2710 
f 2079//2710 2774//2710 2775//2710 
f 2190//2710 2397//2710 2773//2710 
f 2079//2710 2199//2710 2773//2710 
f 2394//2710 2395//2710 2188//2710 
f 2186//2710 2391//2710 2392//2710 
f 2112//2710 2390//2710 2391//2710 
f 2867//2710 2869//2710 2920//2710 
f 2871//2710 2921//2710 2916//2710 
f 2873//2710 2918//2710 2921//2710 
f 2918//2710 2873//2710 2875//2710 
f 2883//2710 2914//2710 2922//2710 
f 2915//2710 2919//2710 2896//2710 
f 2738//2710 2509//2710 2511//2710 
f 2541//2710 2543//2710 2782//2710 
f 2779//2710 2780//2710 2079//2710 
f 2775//2710 2776//2710 2079//2710 
f 2198//2710 2196//2710 2773//2710 
f 2186//2710 2392//2710 2393//2710 
f 2391//2710 2174//2710 2170//2710 
f 1823//2710 1827//2710 1826//2710 
f 1823//2710 1829//2710 1828//2710 
f 1823//2710 1833//2710 1832//2710 
f 2859//2710 2861//2710 2923//2710 
f 2865//2710 2867//2710 2924//2710 
f 2916//2710 2920//2710 2869//2710 
f 2875//2710 2877//2710 2917//2710 
f 2877//2710 2879//2710 2925//2710 
f 2898//2710 2896//2710 2913//2710 
f 2736//2710 2513//2710 2515//2710 
f 2777//2710 2778//2710 2079//2710 
f 2188//2710 2395//2710 2396//2710 
f 2391//2710 2176//2710 2174//2710 
f 2391//2710 2180//2710 2178//2710 
f 2391//2710 2186//2710 2184//2710 
f 1826//2710 1825//2710 1823//2710 
f 1823//2710 1830//2710 1829//2710 
f 1823//2710 1834//2710 1833//2710 
f 2861//2710 2926//2710 2923//2710 
f 2863//2710 2927//2710 2926//2710 
f 2927//2710 2863//2710 2865//2710 
f 2921//2710 2871//2710 2873//2710 
f 2879//2710 2928//2710 2925//2710 
f 2881//2710 2929//2710 2928//2710 
f 2881//2710 2883//2710 2930//2710 
f 2773//2710 2397//2710 2398//2710 
f 2752//2710 2481//2710 2483//2710 
f 2190//2710 2396//2710 2397//2710 
f 2178//2710 2176//2710 2391//2710 
f 2184//2710 2182//2710 2391//2710 
f 2133//2710 2378//2710 2379//2710 
f 1567//2710 1571//2710 1572//2710 
f 1571//2710 1567//2710 1568//2710 
f 1834//2710 1821//2710 1820//2710 
f 1834//2710 1823//2710 1822//2710 
f 1828//2710 1827//2710 1823//2710 
f 1832//2710 1831//2710 1823//2710 
f 2926//2710 2861//2710 2863//2710 
f 2920//2710 2924//2710 2867//2710 
f 2928//2710 2879//2710 2881//2710 
f 2930//2710 2931//2710 2881//2710 
f 2398//2710 2399//2710 2773//2710 
f 2780//2710 2781//2710 2079//2710 
f 2182//2710 2180//2710 2391//2710 
f 2123//2710 2125//2710 2383//2710 
f 2127//2710 2129//2710 2381//2710 
f 2129//2710 2131//2710 2380//2710 
f 2379//2710 2131//2710 2133//2710 
f 1567//2710 1576//2710 1577//2710 
f 1567//2710 1574//2710 1575//2710 
f 1572//2710 1573//2710 1567//2710 
f 1568//2710 1569//2710 1571//2710 
f 2410//2710 2089//2710 2091//2710 
f 2410//2710 2085//2710 2087//2710 
f 1822//2710 1821//2710 1834//2710 
f 1831//2710 1830//2710 1823//2710 
f 2924//2710 2927//2710 2865//2710 
f 2931//2710 2929//2710 2881//2710 
f 2883//2710 2932//2710 2933//2710 
f 2922//2710 2932//2710 2883//2710 
f 2112//2710 2389//2710 2390//2710 
f 2112//2710 2115//2710 2388//2710 
f 2115//2710 2117//2710 2387//2710 
f 2384//2710 2121//2710 2123//2710 
f 2125//2710 2127//2710 2382//2710 
f 2380//2710 2381//2710 2129//2710 
f 2133//2710 2135//2710 2378//2710 
f 1575//2710 1576//2710 1567//2710 
f 1569//2710 1570//2710 1571//2710 
f 1578//2710 1565//2710 1566//2710 
f 1578//2710 1563//2710 1564//2710 
f 2087//2710 2089//2710 2410//2710 
f 2410//2710 2080//2710 2083//2710 
f 2410//2710 2411//2710 2081//2710 
f 1825//2710 1824//2710 1823//2710 
f 1594//2710 2103//2710 2105//2710 
f 1594//2710 2099//2710 2101//2710 
f 2409//2710 2410//2710 2097//2710 
f 2925//2710 2917//2710 2877//2710 
f 2399//2710 2400//2710 2773//2710 
f 2388//2710 2389//2710 2112//2710 
f 2117//2710 2386//2710 2387//2710 
f 2119//2710 2385//2710 2386//2710 
f 2121//2710 2384//2710 2385//2710 
f 2382//2710 2383//2710 2125//2710 
f 2379//2710 2380//2710 2131//2710 
f 2934//2710 2756//2710 2757//2710 
f 1573//2710 1574//2710 1567//2710 
f 1564//2710 1565//2710 1578//2710 
f 2091//2710 2093//2710 2410//2710 
f 2081//2710 2080//2710 2410//2710 
f 1594//2710 2078//2710 1834//2710 
f 2101//2710 2103//2710 1594//2710 
f 2097//2710 1594//2710 2409//2710 
f 2853//2710 2855//2710 2935//2710 
f 2857//2710 2936//2710 2937//2710 
f 2933//2710 2930//2710 2883//2710 
f 2387//2710 2388//2710 2115//2710 
f 2385//2710 2119//2710 2121//2710 
f 2381//2710 2382//2710 2127//2710 
f 2770//2710 1563//2710 2938//2710 
f 2768//2710 2938//2710 2939//2710 
f 2934//2710 2760//2710 2761//2710 
f 2934//2710 2755//2710 2756//2710 
f 1566//2710 1567//2710 1578//2710 
f 2829//2710 2940//2710 2941//2710 
f 2833//2710 2942//2710 2943//2710 
f 2841//2710 2843//2710 2944//2710 
f 2081//2710 2412//2710 2413//2710 
f 2083//2710 2085//2710 2410//2710 
f 1594//2710 2107//2710 2078//2710 
f 2097//2710 2099//2710 1594//2710 
f 1594//2710 2407//2710 2408//2710 
f 2855//2710 2937//2710 2935//2710 
f 2937//2710 2855//2710 2857//2710 
f 2391//2710 2170//2710 2112//2710 
f 2383//2710 2384//2710 2123//2710 
f 2141//2710 2143//2710 2375//2710 
f 1563//2710 2771//2710 2772//2710 
f 2938//2710 2769//2710 2770//2710 
f 2767//2710 2939//2710 2945//2710 
f 2939//2710 2767//2710 2768//2710 
f 2934//2710 2759//2710 2760//2710 
f 2757//2710 2758//2710 2934//2710 
f 1563//2710 2799//2710 2801//2710 
f 1577//2710 1578//2710 1567//2710 
f 2941//2710 2827//2710 2829//2710 
f 2943//2710 2831//2710 2833//2710 
f 2835//2710 2837//2710 2946//2710 
f 2843//2710 2947//2710 2944//2710 
f 2845//2710 2948//2710 2947//2710 
f 2847//2710 2849//2710 2949//2710 
f 2851//2710 2853//2710 2950//2710 
f 2413//2710 2414//2710 2081//2710 
f 2093//2710 2095//2710 2410//2710 
f 2105//2710 2107//2710 1594//2710 
f 1594//2710 2406//2710 2407//2710 
f 1563//2710 2405//2710 2406//2710 
f 1563//2710 2773//2710 2403//2710 
f 2773//2710 2400//2710 2401//2710 
f 2857//2710 2859//2710 2936//2710 
f 2386//2710 2117//2710 2119//2710 
f 2135//2710 2137//2710 2377//2710 
f 2137//2710 2139//2710 2376//2710 
f 2374//2710 2139//2710 2141//2710 
f 2770//2710 2771//2710 1563//2710 
f 2768//2710 2769//2710 2938//2710 
f 2761//2710 2762//2710 2934//2710 
f 2934//2710 2754//2710 2755//2710 
f 2801//2710 2951//2710 1563//2710 
f 1563//2710 2795//2710 2797//2710 
f 1563//2710 2792//2710 2793//2710 
f 1578//2710 2791//2710 1563//2710 
f 2952//2710 2813//2710 2815//2710 
f 2952//2710 2809//2710 2811//2710 
f 2943//2710 2940//2710 2831//2710 
f 2942//2710 2833//2710 2835//2710 
f 2837//2710 2839//2710 2953//2710 
f 2839//2710 2841//2710 2954//2710 
f 2947//2710 2843//2710 2845//2710 
f 2948//2710 2845//2710 2847//2710 
f 2955//2710 2849//2710 2851//2710 
f 2081//2710 2411//2710 2412//2710 
f 1820//2710 1594//2710 1834//2710 
f 2406//2710 1594//2710 1563//2710 
f 2403//2710 2404//2710 1563//2710 
f 2401//2710 2402//2710 2773//2710 
f 2923//2710 2936//2710 2859//2710 
f 2376//2710 2377//2710 2137//2710 
f 2375//2710 2374//2710 2141//2710 
f 2754//2710 2934//2710 2956//2710 
f 2945//2710 2934//2710 2767//2710 
f 2934//2710 2765//2710 2766//2710 
f 2934//2710 2763//2710 2764//2710 
f 2758//2710 2759//2710 2934//2710 
f 2797//2710 2799//2710 1563//2710 
f 2791//2710 2792//2710 1563//2710 
f 2805//2710 2957//2710 2958//2710 
f 2823//2710 2959//2710 2952//2710 
f 2811//2710 2813//2710 2952//2710 
f 2952//2710 2805//2710 2807//2710 
f 2161//2710 2163//2710 2422//2710 
f 2165//2710 2167//2710 2420//2710 
f 2946//2710 2942//2710 2835//2710 
f 2954//2710 2953//2710 2839//2710 
f 2949//2710 2948//2710 2847//2710 
f 2950//2710 2955//2710 2851//2710 
f 2110//2710 2081//2710 2415//2710 
f 2095//2710 2097//2710 2410//2710 
f 2404//2710 2405//2710 1563//2710 
f 2935//2710 2950//2710 2853//2710 
f 2374//2710 2376//2710 2139//2710 
f 2956//2710 2960//2710 2754//2710 
f 2766//2710 2767//2710 2934//2710 
f 2762//2710 2763//2710 2934//2710 
f 1563//2710 2961//2710 2962//2710 
f 2793//2710 2795//2710 1563//2710 
f 2963//2710 2801//2710 2803//2710 
f 2964//2710 2803//2710 2805//2710 
f 2805//2710 2952//2710 2957//2710 
f 2952//2710 2817//2710 2819//2710 
f 2807//2710 2809//2710 2952//2710 
f 2143//2710 2145//2710 2431//2710 
f 2147//2710 2429//2710 2430//2710 
f 2149//2710 2151//2710 2428//2710 
f 2159//2710 2423//2710 2424//2710 
f 2163//2710 2421//2710 2422//2710 
f 2421//2710 2163//2710 2165//2710 
f 2827//2710 2941//2710 2965//2710 
f 2953//2710 2946//2710 2837//2710 
f 2955//2710 2949//2710 2849//2710 
f 2415//2710 2416//2710 2110//2710 
f 2408//2710 2409//2710 1594//2710 
f 2377//2710 2378//2710 2135//2710 
f 2960//2710 2966//2710 2754//2710 
f 2764//2710 2765//2710 2934//2710 
f 1563//2710 2951//2710 2961//2710 
f 2803//2710 2964//2710 2963//2710 
f 2958//2710 2967//2710 2805//2710 
f 2815//2710 2817//2710 2952//2710 
f 2145//2710 2430//2710 2431//2710 
f 2430//2710 2145//2710 2147//2710 
f 2151//2710 2427//2710 2428//2710 
f 2153//2710 2426//2710 2427//2710 
f 2155//2710 2425//2710 2426//2710 
f 2157//2710 2424//2710 2425//2710 
f 2424//2710 2157//2710 2159//2710 
f 2420//2710 2421//2710 2165//2710 
f 2965//2710 2825//2710 2827//2710 
f 2944//2710 2954//2710 2841//2710 
f 2414//2710 2415//2710 2081//2710 
f 2966//2710 2912//2710 2754//2710 
f 2962//2710 2938//2710 1563//2710 
f 2805//2710 2967//2710 2964//2710 
f 2823//2710 2968//2710 2959//2710 
f 2823//2710 2825//2710 2969//2710 
f 2147//2710 2149//2710 2429//2710 
f 2427//2710 2151//2710 2153//2710 
f 2425//2710 2155//2710 2157//2710 
f 2422//2710 2423//2710 2161//2710 
f 2167//2710 2169//2710 2419//2710 
f 2829//2710 2831//2710 2940//2710 
f 2402//2710 2403//2710 2773//2710 
f 2801//2710 2963//2710 2951//2710 
f 2969//2710 2968//2710 2823//2710 
f 2428//2710 2429//2710 2149//2710 
f 2159//2710 2161//2710 2423//2710 
f 2169//2710 2418//2710 2419//2710 
f 2110//2710 2417//2710 2418//2710 
f 2416//2710 2417//2710 2110//2710 
f 2952//2710 2819//2710 2823//2710 
f 2426//2710 2153//2710 2155//2710 
f 2418//2710 2169//2710 2110//2710 
f 2772//2710 2773//2710 1563//2710 
f 2419//2710 2420//2710 2167//2710 
f 2431//2710 2375//2710 2143//2710 
f 2965//2710 2969//2710 2825//2710 
o mesh44
f 2970//2711 2907//2711 2909//2711 
f 2970//2711 2903//2711 2905//2711 
f 2905//2711 2907//2711 2970//2711 
f 2860//2711 2971//2711 2972//2711 
f 2970//2711 2901//2711 2903//2711 
f 2970//2711 2897//2711 2899//2711 
f 2864//2711 2973//2711 2974//2711 
f 2862//2711 2972//2711 2973//2711 
f 2972//2711 2862//2711 2860//2711 
f 2824//2711 2975//2711 2976//2711 
f 2899//2711 2901//2711 2970//2711 
f 2977//2711 2895//2711 2897//2711 
f 2868//2711 2866//2711 2978//2711 
f 2974//2711 2866//2711 2864//2711 
f 2860//2711 2858//2711 2971//2711 
f 2856//2711 2979//2711 2980//2711 
f 2838//2711 2981//2711 2982//2711 
f 2836//2711 2834//2711 2983//2711 
f 2826//2711 2976//2711 2984//2711 
f 2976//2711 2826//2711 2824//2711 
f 2985//2711 2812//2711 2810//2711 
f 2985//2711 2820//2711 2818//2711 
f 2798//2711 2885//2711 2887//2711 
f 2986//2711 2891//2711 2893//2711 
f 2897//2711 2970//2711 2977//2711 
f 2882//2711 2987//2711 2988//2711 
f 2874//2711 2989//2711 2990//2711 
f 2872//2711 2991//2711 2989//2711 
f 2870//2711 2992//2711 2991//2711 
f 2992//2711 2870//2711 2868//2711 
f 2973//2711 2864//2711 2862//2711 
f 2980//2711 2858//2711 2856//2711 
f 2852//2711 2850//2711 2993//2711 
f 2846//2711 2994//2711 2995//2711 
f 2842//2711 2840//2711 2996//2711 
f 2982//2711 2840//2711 2838//2711 
f 2834//2711 2997//2711 2983//2711 
f 2832//2711 2998//2711 2997//2711 
f 2830//2711 2999//2711 2998//2711 
f 2828//2711 2984//2711 2999//2711 
f 2824//2711 2822//2711 2975//2711 
f 2985//2711 2814//2711 2812//2711 
f 2818//2711 2816//2711 2985//2711 
f 2798//2711 2884//2711 2885//2711 
f 2796//2711 2789//2711 2884//2711 
f 3000//2711 2889//2711 2891//2711 
f 2893//2711 3001//2711 2986//2711 
f 3001//2711 2893//2711 2895//2711 
f 2988//2711 2970//2711 2882//2711 
f 2882//2711 2880//2711 3002//2711 
f 2880//2711 3003//2711 3004//2711 
f 2989//2711 2874//2711 2872//2711 
f 2978//2711 2992//2711 2868//2711 
f 2980//2711 2971//2711 2858//2711 
f 2854//2711 3005//2711 2979//2711 
f 3005//2711 2854//2711 2852//2711 
f 2995//2711 2848//2711 2846//2711 
f 3006//2711 2844//2711 2842//2711 
f 2838//2711 2836//2711 2981//2711 
f 2997//2711 2834//2711 2832//2711 
f 2999//2711 2830//2711 2828//2711 
f 2822//2711 3007//2711 2975//2711 
f 2822//2711 3008//2711 3009//2711 
f 2816//2711 2814//2711 2985//2711 
f 2985//2711 3010//2711 2821//2711 
f 3011//2711 2985//2711 2804//2711 
f 2887//2711 3012//2711 2798//2711 
f 2884//2711 2798//2711 2796//2711 
f 2986//2711 3013//2711 2891//2711 
f 2909//2711 2882//2711 2970//2711 
f 3004//2711 3002//2711 2880//2711 
f 2880//2711 2878//2711 3014//2711 
f 2878//2711 2876//2711 3015//2711 
f 2990//2711 2876//2711 2874//2711 
f 2974//2711 2978//2711 2866//2711 
f 2993//2711 3005//2711 2852//2711 
f 2848//2711 2995//2711 3016//2711 
f 2844//2711 3006//2711 2994//2711 
f 2982//2711 2996//2711 2840//2711 
f 2998//2711 2832//2711 2830//2711 
f 3009//2711 3007//2711 2822//2711 
f 2821//2711 3017//2711 3008//2711 
f 2821//2711 3018//2711 3019//2711 
f 2985//2711 2808//2711 2806//2711 
f 2821//2711 2820//2711 2985//2711 
f 2802//2711 3020//2711 3011//2711 
f 3021//2711 3020//2711 2802//2711 
f 3022//2711 3023//2711 2800//2711 
f 2796//2711 2794//2711 2789//2711 
f 3024//2711 2887//2711 2889//2711 
f 2895//2711 2977//2711 3001//2711 
f 3014//2711 3003//2711 2880//2711 
f 2990//2711 3015//2711 2876//2711 
f 2979//2711 2856//2711 2854//2711 
f 3016//2711 2850//2711 2848//2711 
f 2996//2711 3006//2711 2842//2711 
f 2984//2711 2828//2711 2826//2711 
f 3019//2711 3017//2711 2821//2711 
f 2810//2711 2808//2711 2985//2711 
f 2802//2711 2800//2711 3021//2711 
f 2800//2711 2798//2711 3022//2711 
f 2887//2711 3025//2711 3012//2711 
f 2889//2711 3000//2711 3026//2711 
f 3002//2711 2987//2711 2882//2711 
f 2991//2711 2872//2711 2870//2711 
f 2846//2711 2844//2711 2994//2711 
f 3008//2711 2822//2711 2821//2711 
f 2806//2711 2804//2711 2985//2711 
f 3023//2711 3021//2711 2800//2711 
f 2798//2711 3012//2711 3027//2711 
f 2887//2711 3024//2711 3025//2711 
f 2891//2711 3013//2711 3000//2711 
f 3016//2711 2993//2711 2850//2711 
f 3010//2711 3018//2711 2821//2711 
f 3027//2711 3022//2711 2798//2711 
f 2889//2711 3026//2711 3024//2711 
f 2983//2711 2981//2711 2836//2711 
f 2794//2711 2788//2711 2789//2711 
f 2804//2711 2802//2711 3011//2711 
f 3015//2711 3014//2711 2878//2711 
o mesh45
f 2956//2712 2934//2713 3028//2713 
f 2960//2714 2956//2712 3029//2715 
f 2966//2716 2960//2714 3030//2717 
f 2912//2718 2966//2716 3031//2719 
f 2915//2720 2912//2718 3032//2721 
f 2919//2722 2915//2720 3033//2723 
f 2913//2724 2919//2722 3034//2725 
f 2914//2726 2913//2724 3035//2727 
f 2922//2728 2914//2726 3036//2729 
f 2932//2730 2922//2728 3037//2731 
f 2933//2732 2932//2730 3038//2733 
f 2930//2734 2933//2732 3039//2735 
f 2931//2736 2930//2734 3040//2737 
f 2929//2738 2931//2736 3041//2739 
f 2928//2740 2929//2738 3042//2741 
f 2925//2742 2928//2740 3043//2743 
f 2917//2744 2925//2742 3044//2745 
f 2918//2746 2917//2744 3045//2747 
f 2921//2748 2918//2746 3046//2749 
f 2916//2750 2921//2748 3047//2751 
f 2920//2752 2916//2750 3048//2753 
f 2924//2754 2920//2752 3049//2755 
f 2927//2756 2924//2754 3050//2757 
f 2926//2758 2927//2756 3051//2759 
f 2923//2760 2926//2758 3052//2761 
f 2936//2762 2923//2760 3053//2763 
f 2937//2764 2936//2762 3054//2765 
f 2935//2766 2937//2764 3055//2767 
f 2950//2768 2935//2766 3056//2769 
f 2955//2770 2950//2768 3057//2771 
f 2949//2772 2955//2770 3058//2773 
f 2948//2774 2949//2772 3059//2775 
f 2947//2776 2948//2774 3060//2777 
f 2944//2778 2947//2776 3061//2779 
f 2954//2780 2944//2778 3062//2781 
f 2953//2782 2954//2780 3063//2783 
f 2946//2784 2953//2782 3064//2785 
f 2942//2786 2946//2784 3065//2787 
f 2943//2788 2942//2786 3066//2789 
f 2940//2790 2943//2788 3067//2791 
f 2941//2792 2940//2790 3068//2793 
f 2965//2794 2941//2792 3069//2795 
f 2969//2796 2965//2794 3070//2797 
f 2968//2798 2969//2796 3071//2799 
f 2959//2800 2968//2798 3072//2801 
f 2952//2802 2959//2800 3073//2803 
f 2957//2804 2952//2802 3074//2805 
f 2958//2806 2957//2804 3075//2807 
f 2967//2808 2958//2806 3076//2809 
f 2964//2810 2967//2808 3077//2811 
f 2963//2812 2964//2810 3078//2813 
f 2951//2814 2963//2812 3079//2815 
f 2961//2816 2951//2814 3080//2817 
f 2962//2818 2961//2816 3081//2819 
f 2938//2820 2962//2818 3082//2821 
f 2939//2822 2938//2820 3083//2823 
f 2945//2824 2939//2822 3084//2825 
f 2934//2713 2945//2824 3085//2824 
f 3085//2824 3028//2713 2934//2713 
f 3084//2825 3085//2824 2945//2824 
f 3083//2823 3084//2825 2939//2822 
f 3082//2821 3083//2823 2938//2820 
f 3081//2819 3082//2821 2962//2818 
f 3080//2817 3081//2819 2961//2816 
f 3079//2815 3080//2817 2951//2814 
f 3078//2813 3079//2815 2963//2812 
f 3077//2811 3078//2813 2964//2810 
f 3076//2809 3077//2811 2967//2808 
f 3075//2807 3076//2809 2958//2806 
f 3074//2805 3075//2807 2957//2804 
f 3073//2803 3074//2805 2952//2802 
f 3072//2801 3073//2803 2959//2800 
f 3071//2799 3072//2801 2968//2798 
f 3070//2797 3071//2799 2969//2796 
f 3069//2795 3070//2797 2965//2794 
f 3068//2793 3069//2795 2941//2792 
f 3067//2791 3068//2793 2940//2790 
f 3066//2789 3067//2791 2943//2788 
f 3065//2787 3066//2789 2942//2786 
f 3064//2785 3065//2787 2946//2784 
f 3063//2783 3064//2785 2953//2782 
f 3062//2781 3063//2783 2954//2780 
f 3061//2779 3062//2781 2944//2778 
f 3060//2777 3061//2779 2947//2776 
f 3059//2775 3060//2777 2948//2774 
f 3058//2773 3059//2775 2949//2772 
f 3057//2771 3058//2773 2955//2770 
f 3056//2769 3057//2771 2950//2768 
f 3055//2767 3056//2769 2935//2766 
f 3054//2765 3055//2767 2937//2764 
f 3053//2763 3054//2765 2936//2762 
f 3052//2761 3053//2763 2923//2760 
f 3051//2759 3052//2761 2926//2758 
f 3050//2757 3051//2759 2927//2756 
f 3049//2755 3050//2757 2924//2754 
f 3048//2753 3049//2755 2920//2752 
f 3047//2751 3048//2753 2916//2750 
f 3046//2749 3047//2751 2921//2748 
f 3045//2747 3046//2749 2918//2746 
f 3044//2745 3045//2747 2917//2744 
f 3043//2743 3044//2745 2925//2742 
f 3042//2741 3043//2743 2928//2740 
f 3041//2739 3042//2741 2929//2738 
f 3040//2737 3041//2739 2931//2736 
f 3039//2735 3040//2737 2930//2734 
f 3038//2733 3039//2735 2933//2732 
f 3037//2731 3038//2733 2932//2730 
f 3036//2729 3037//2731 2922//2728 
f 3035//2727 3036//2729 2914//2726 
f 3034//2725 3035//2727 2913//2724 
f 3033//2723 3034//2725 2919//2722 
f 3032//2721 3033//2723 2915//2720 
f 3031//2719 3032//2721 2912//2718 
f 3030//2717 3031//2719 2966//2716 
f 3029//2715 3030//2717 2960//2714 
f 3028//2713 3029//2715 2956//2712 
o mesh46
f 3086//2826 3068//2826 3067//2826 
f 3086//2826 3087//2826 3069//2826 
f 3087//2826 3088//2826 3070//2826 
f 3088//2826 3089//2826 3071//2826 
f 3090//2826 3047//2826 3046//2826 
f 3090//2826 3091//2826 3048//2826 
f 3069//2826 3068//2826 3086//2826 
f 3071//2826 3070//2826 3088//2826 
f 3092//2826 3073//2826 3072//2826 
f 3093//2826 3074//2826 3073//2826 
f 3094//2826 3075//2826 3074//2826 
f 3094//2826 3095//2826 3076//2826 
f 3096//2826 3029//2826 3028//2826 
f 3096//2826 3097//2826 3030//2826 
f 3098//2826 3033//2826 3032//2826 
f 3098//2826 3099//2826 3034//2826 
f 3100//2826 3046//2826 3045//2826 
f 3048//2826 3047//2826 3090//2826 
f 3101//2826 3049//2826 3048//2826 
f 3101//2826 3102//2826 3050//2826 
f 3103//2826 3051//2826 3050//2826 
f 3104//2826 3052//2826 3051//2826 
f 3105//2826 3053//2826 3052//2826 
f 3105//2826 3106//2826 3054//2826 
f 3107//2826 3067//2826 3066//2826 
f 3070//2826 3069//2826 3087//2826 
f 3073//2826 3092//2826 3093//2826 
f 3076//2826 3075//2826 3094//2826 
f 3030//2826 3029//2826 3096//2826 
f 3097//2826 3108//2826 3031//2826 
f 3034//2826 3033//2826 3098//2826 
f 3099//2826 3109//2826 3035//2826 
f 3046//2826 3100//2826 3090//2826 
f 3050//2826 3049//2826 3101//2826 
f 3051//2826 3103//2826 3104//2826 
f 3054//2826 3053//2826 3105//2826 
f 3110//2826 3056//2826 3055//2826 
f 3110//2826 3111//2826 3057//2826 
f 3112//2826 3058//2826 3057//2826 
f 3112//2826 3113//2826 3059//2826 
f 3114//2826 3115//2826 3062//2826 
f 3115//2826 3116//2826 3063//2826 
f 3117//2826 3064//2826 3063//2826 
f 3117//2826 3118//2826 3065//2826 
f 3067//2826 3107//2826 3086//2826 
f 3089//2826 3119//2826 3072//2826 
f 3074//2826 3093//2826 3094//2826 
f 3095//2826 3120//2826 3077//2826 
f 3031//2826 3030//2826 3097//2826 
f 3108//2826 3121//2826 3032//2826 
f 3035//2826 3034//2826 3099//2826 
f 3109//2826 3122//2826 3036//2826 
f 3048//2826 3091//2826 3101//2826 
f 3052//2826 3104//2826 3105//2826 
f 3123//2826 3055//2826 3054//2826 
f 3057//2826 3056//2826 3110//2826 
f 3059//2826 3058//2826 3112//2826 
f 3124//2826 3060//2826 3059//2826 
f 3114//2826 3061//2826 3060//2826 
f 3063//2826 3062//2826 3115//2826 
f 3065//2826 3064//2826 3117//2826 
f 3118//2826 3125//2826 3066//2826 
f 3072//2826 3071//2826 3089//2826 
f 3077//2826 3076//2826 3095//2826 
f 3126//2826 3079//2826 3078//2826 
f 3126//2826 3127//2826 3080//2826 
f 3128//2826 3081//2826 3080//2826 
f 3129//2826 3082//2826 3081//2826 
f 3130//2826 3085//2826 3084//2826 
f 3130//2826 3131//2826 3028//2826 
f 3032//2826 3031//2826 3108//2826 
f 3036//2826 3035//2826 3109//2826 
f 3132//2826 3037//2826 3036//2826 
f 3132//2826 3133//2826 3038//2826 
f 3050//2826 3102//2826 3103//2826 
f 3055//2826 3123//2826 3110//2826 
f 3059//2826 3113//2826 3124//2826 
f 3062//2826 3061//2826 3114//2826 
f 3066//2826 3065//2826 3118//2826 
f 3072//2826 3119//2826 3092//2826 
f 3134//2826 3078//2826 3077//2826 
f 3080//2826 3079//2826 3126//2826 
f 3081//2826 3128//2826 3129//2826 
f 3129//2826 3135//2826 3083//2826 
f 3135//2826 3136//2826 3084//2826 
f 3028//2826 3085//2826 3130//2826 
f 3032//2826 3121//2826 3098//2826 
f 3038//2826 3037//2826 3132//2826 
f 3137//2826 3039//2826 3038//2826 
f 3137//2826 3138//2826 3040//2826 
f 3054//2826 3106//2826 3123//2826 
f 3060//2826 3124//2826 3114//2826 
f 3066//2826 3125//2826 3107//2826 
f 3078//2826 3134//2826 3126//2826 
f 3083//2826 3082//2826 3129//2826 
f 3084//2826 3136//2826 3130//2826 
f 3036//2826 3122//2826 3132//2826 
f 3040//2826 3039//2826 3137//2826 
f 3057//2826 3111//2826 3112//2826 
f 3077//2826 3120//2826 3134//2826 
f 3084//2826 3083//2826 3135//2826 
f 3038//2826 3133//2826 3137//2826 
f 3139//2826 3041//2826 3040//2826 
f 3139//2826 3140//2826 3042//2826 
f 3063//2826 3116//2826 3117//2826 
f 3028//2826 3131//2826 3096//2826 
f 3042//2826 3041//2826 3139//2826 
f 3140//2826 3141//2826 3043//2826 
f 3142//2826 3044//2826 3043//2826 
f 3142//2826 3143//2826 3045//2826 
f 3080//2826 3127//2826 3128//2826 
f 3043//2826 3042//2826 3140//2826 
f 3045//2826 3044//2826 3142//2826 
f 3040//2826 3138//2826 3139//2826 
f 3045//2826 3143//2826 3100//2826 
f 3043//2826 3141//2826 3142//2826 
o mesh47
f 3096//2827 3131//2828 3012//2828 
f 3097//2829 3096//2827 3025//2830 
f 3108//2831 3097//2829 3024//2832 
f 3121//2833 3108//2831 3026//2834 
f 3098//2835 3121//2833 3000//2836 
f 3099//2837 3098//2835 3013//2838 
f 3109//2839 3099//2837 2986//2840 
f 3122//2841 3109//2839 3001//2842 
f 3132//2843 3122//2841 2977//2844 
f 3133//2845 3132//2843 2970//2846 
f 3137//2847 3133//2845 2988//2848 
f 3138//2849 3137//2847 2987//2850 
f 3139//2851 3138//2849 3002//2852 
f 3140//2853 3139//2851 3004//2854 
f 3141//2855 3140//2853 3003//2856 
f 3142//2857 3141//2855 3014//2858 
f 3143//2859 3142//2857 3015//2860 
f 3100//2861 3143//2859 2990//2862 
f 3090//2863 3100//2861 2989//2864 
f 3091//2865 3090//2863 2991//2866 
f 3101//2867 3091//2865 2992//2868 
f 3102//2869 3101//2867 2978//2870 
f 3103//2871 3102//2869 2974//2872 
f 3104//2873 3103//2871 2973//2874 
f 3105//2875 3104//2873 2972//2876 
f 3106//2877 3105//2875 2971//2878 
f 3123//2879 3106//2877 2980//2880 
f 3110//2881 3123//2879 2979//2882 
f 3111//2883 3110//2881 3005//2884 
f 3112//2885 3111//2883 2993//2886 
f 3113//2887 3112//2885 3016//2888 
f 3124//2889 3113//2887 2995//2890 
f 3114//2891 3124//2889 2994//2892 
f 3115//2893 3114//2891 3006//2894 
f 3116//2895 3115//2893 2996//2896 
f 3117//2897 3116//2895 2982//2898 
f 3118//2899 3117//2897 2981//2900 
f 3125//2901 3118//2899 2983//2902 
f 3107//2903 3125//2901 2997//2904 
f 3086//2905 3107//2903 2998//2906 
f 3087//2907 3086//2905 2999//2908 
f 3088//2909 3087//2907 2984//2910 
f 3089//2911 3088//2909 2976//2912 
f 3119//2913 3089//2911 2975//2914 
f 3092//2915 3119//2913 3007//2916 
f 3093//2917 3092//2915 3009//2918 
f 3094//2919 3093//2917 3008//2920 
f 3095//2921 3094//2919 3017//2922 
f 3120//2923 3095//2921 3019//2924 
f 3134//2925 3120//2923 3018//2926 
f 3126//2927 3134//2925 3010//2928 
f 3127//2929 3126//2927 2985//2930 
f 3128//2931 3127//2929 3011//2932 
f 3129//2933 3128//2931 3020//2934 
f 3135//2935 3129//2933 3021//2936 
f 3136//2937 3135//2935 3023//2938 
f 3130//2939 3136//2937 3022//2940 
f 3131//2828 3130//2939 3027//2939 
f 3027//2939 3012//2828 3131//2828 
f 3022//2940 3027//2939 3130//2939 
f 3023//2938 3022//2940 3136//2937 
f 3021//2936 3023//2938 3135//2935 
f 3020//2934 3021//2936 3129//2933 
f 3011//2932 3020//2934 3128//2931 
f 2985//2930 3011//2932 3127//2929 
f 3010//2928 2985//2930 3126//2927 
f 3018//2926 3010//2928 3134//2925 
f 3019//2924 3018//2926 3120//2923 
f 3017//2922 3019//2924 3095//2921 
f 3008//2920 3017//2922 3094//2919 
f 3009//2918 3008//2920 3093//2917 
f 3007//2916 3009//2918 3092//2915 
f 2975//2914 3007//2916 3119//2913 
f 2976//2912 2975//2914 3089//2911 
f 2984//2910 2976//2912 3088//2909 
f 2999//2908 2984//2910 3087//2907 
f 2998//2906 2999//2908 3086//2905 
f 2997//2904 2998//2906 3107//2903 
f 2983//2902 2997//2904 3125//2901 
f 2981//2900 2983//2902 3118//2899 
f 2982//2898 2981//2900 3117//2897 
f 2996//2896 2982//2898 3116//2895 
f 3006//2894 2996//2896 3115//2893 
f 2994//2892 3006//2894 3114//2891 
f 2995//2890 2994//2892 3124//2889 
f 3016//2888 2995//2890 3113//2887 
f 2993//2886 3016//2888 3112//2885 
f 3005//2884 2993//2886 3111//2883 
f 2979//2882 3005//2884 3110//2881 
f 2980//2880 2979//2882 3123//2879 
f 2971//2878 2980//2880 3106//2877 
f 2972//2876 2971//2878 3105//2875 
f 2973//2874 2972//2876 3104//2873 
f 2974//2872 2973//2874 3103//2871 
f 2978//2870 2974//2872 3102//2869 
f 2992//2868 2978//2870 3101//2867 
f 2991//2866 2992//2868 3091//2865 
f 2989//2864 2991//2866 3090//2863 
f 2990//2862 2989//2864 3100//2861 
f 3015//2860 2990//2862 3143//2859 
f 3014//2858 3015//2860 3142//2857 
f 3003//2856 3014//2858 3141//2855 
f 3004//2854 3003//2856 3140//2853 
f 3002//2852 3004//2854 3139//2851 
f 2987//2850 3002//2852 3138//2849 
f 2988//2848 2987//2850 3137//2847 
f 2970//2846 2988//2848 3133//2845 
f 2977//2844 2970//2846 3132//2843 
f 3001//2842 2977//2844 3122//2841 
f 2986//2840 3001//2842 3109//2839 
f 3013//2838 2986//2840 3099//2837 
f 3000//2836 3013//2838 3098//2835 
f 3026//2834 3000//2836 3121//2833 
f 3024//2832 3026//2834 3108//2831 
f 3025//2830 3024//2832 3097//2829 
f 3012//2828 3025//2830 3096//2827 
