# OBJ generated by ONSHAPE BY PTC INC, 1.217 Units = meters
mtllib ARCADA001 - ZK_122 (1).mtl
g ZK_122
v -0.0315064 0.014 0.00923107 
v -0.0315257 0.014 0.00911353 
v -0.0315576 0.014 0.00899877 
v -0.0316017 0.014 0.00888812 
v -0.0316575 0.014 0.00878289 
v -0.0317243 0.014 0.00868431 
v -0.0318014 0.014 0.00859353 
v -0.0318879 0.014 0.00851162 
v -0.0319827 0.014 0.00843954 
v -0.0320848 0.014 0.00837814 
v -0.0321928 0.014 0.00832813 
v -0.0323057 0.014 0.0082901 
v -0.032422 0.014 0.00826449 
v -0.0325404 0.014 0.00825161 
v -0.0326596 0.014 0.00825161 
v -0.032778 0.014 0.00826449 
v -0.0328943 0.014 0.0082901 
v -0.0330072 0.014 0.00832813 
v -0.0331152 0.014 0.00837814 
v -0.0332173 0.014 0.00843954 
v -0.0333121 0.014 0.00851162 
v -0.0333986 0.014 0.00859353 
v -0.0334757 0.014 0.00868431 
v -0.0335425 0.014 0.00878289 
v -0.0335983 0.014 0.00888812 
v -0.0336424 0.014 0.00899877 
v -0.0336743 0.014 0.00911353 
v -0.0336936 0.014 0.00923107 
v -0.0337 0.014 0.00935 
v -0.0336936 0.014 0.00946893 
v -0.0336743 0.014 0.00958647 
v -0.0336424 0.014 0.00970123 
v -0.0335983 0.014 0.00981188 
v -0.0335425 0.014 0.00991711 
v -0.0334757 0.014 0.0100157 
v -0.0333986 0.014 0.0101065 
v -0.0333121 0.014 0.0101884 
v -0.0332173 0.014 0.0102605 
v -0.0331152 0.014 0.0103219 
v -0.0330072 0.014 0.0103719 
v -0.0328943 0.014 0.0104099 
v -0.032778 0.014 0.0104355 
v -0.0326596 0.014 0.0104484 
v -0.0325404 0.014 0.0104484 
v -0.032422 0.014 0.0104355 
v -0.0323057 0.014 0.0104099 
v -0.0321928 0.014 0.0103719 
v -0.0320848 0.014 0.0103219 
v -0.0319827 0.014 0.0102605 
v -0.0318879 0.014 0.0101884 
v -0.0318014 0.014 0.0101065 
v -0.0317243 0.014 0.0100157 
v -0.0316575 0.014 0.00991711 
v -0.0316017 0.014 0.00981188 
v -0.0315576 0.014 0.00970123 
v -0.0315257 0.014 0.00958647 
v -0.0315064 0.014 0.00946893 
v -0.0315 0.014 0.00935 
v -0.0326 0.014 0.00935 
v -0.0315 0.0151 0.00935 
v -0.0315064 0.0151 0.00923107 
v -0.0315257 0.0151 0.00911353 
v -0.0315576 0.0151 0.00899877 
v -0.0316017 0.0151 0.00888812 
v -0.0316575 0.0151 0.00878289 
v -0.0317243 0.0151 0.00868431 
v -0.031821 0.0151 0.008575 
v -0.0318014 0.0151 0.00859353 
v -0.0318879 0.0151 0.00851162 
v -0.0319827 0.0151 0.00843954 
v -0.0320848 0.0151 0.00837814 
v -0.0321928 0.0151 0.00832813 
v -0.0323057 0.0151 0.0082901 
v -0.032422 0.0151 0.00826449 
v -0.0325404 0.0151 0.00825161 
v -0.0326596 0.0151 0.00825161 
v -0.032778 0.0151 0.00826449 
v -0.0328943 0.0151 0.0082901 
v -0.0330072 0.0151 0.00832813 
v -0.0331152 0.0151 0.00837814 
v -0.0332173 0.0151 0.00843954 
v -0.0333121 0.0151 0.00851162 
v -0.033379 0.0151 0.008575 
v -0.0333986 0.0151 0.00859353 
v -0.0334757 0.0151 0.00868431 
v -0.0335425 0.0151 0.00878289 
v -0.0335983 0.0151 0.00888812 
v -0.0336424 0.0151 0.00899877 
v -0.0336743 0.0151 0.00911353 
v -0.0336936 0.0151 0.00923107 
v -0.0337 0.0151 0.00935 
v -0.0336936 0.0151 0.00946893 
v -0.0336743 0.0151 0.00958647 
v -0.0336424 0.0151 0.00970123 
v -0.0335983 0.0151 0.00981188 
v -0.0335425 0.0151 0.00991711 
v -0.0334757 0.0151 0.0100157 
v -0.0333986 0.0151 0.0101065 
v -0.0333121 0.0151 0.0101884 
v -0.0332173 0.0151 0.0102605 
v -0.0331152 0.0151 0.0103219 
v -0.0330072 0.0151 0.0103719 
v -0.0328943 0.0151 0.0104099 
v -0.032778 0.0151 0.0104355 
v -0.0326596 0.0151 0.0104484 
v -0.0325404 0.0151 0.0104484 
v -0.032422 0.0151 0.0104355 
v -0.0323057 0.0151 0.0104099 
v -0.0321928 0.0151 0.0103719 
v -0.0320848 0.0151 0.0103219 
v -0.0319827 0.0151 0.0102605 
v -0.0318879 0.0151 0.0101884 
v -0.0318014 0.0151 0.0101065 
v -0.0317243 0.0151 0.0100157 
v -0.0316575 0.0151 0.00991711 
v -0.0316017 0.0151 0.00981188 
v -0.0315576 0.0151 0.00970123 
v -0.0315257 0.0151 0.00958647 
v -0.0315064 0.0151 0.00946893 
v -0.0346511 0.0151 -0.00956224 
v -0.0347141 0.0151 -0.00945706 
v -0.0344957 0.0151 -0.00975159 
v -0.0345781 0.0151 -0.00966073 
v -0.0347666 0.0151 -0.0093462 
v -0.0348079 0.0151 -0.00923075 
v -0.0348377 0.0151 -0.00911179 
v -0.0348557 0.0151 -0.0089905 
v -0.0348617 0.0151 -0.00886802 
v -0.03385 0.0151 -0.0103973 
v -0.0347666 0.0151 0.0093462 
v -0.0347141 0.0151 0.00945706 
v -0.0346511 0.0151 0.00956224 
v -0.0348377 0.0151 0.00911179 
v -0.0348079 0.0151 0.00923075 
v -0.0348617 0.0151 0.00886802 
v -0.0348557 0.0151 0.0089905 
v -0.0345781 0.0151 0.00966073 
v -0.0344957 0.0151 0.00975159 
v -0.0348617 0.0151 0.008575 
v 0.00321474 0.0151 0.0116117 
v 0.00324538 0.0151 0.01075 
v 0.00585279 0.0151 0.0116117 
v 0.00550429 0.0151 0.01075 
v 0.00544832 0.0151 0.0106 
v 0.00761214 0.0151 0.0116117 
v 0.00707204 0.0151 0.0110855 
v 0.00869429 0.0151 0.0109869 
v 0.00875367 0.0151 0.0108704 
v 0.00817024 0.0151 0.0106 
v 0.00695572 0.0151 0.0110599 
v 0.00754428 0.0151 0.0110599 
v 0.00742796 0.0151 0.0110855 
v 0.00765715 0.0151 0.0110219 
v 0.00774276 0.0151 0.0116048 
v 0.00776525 0.0151 0.0109719 
v 0.00787194 0.0151 0.0115844 
v 0.00844826 0.0151 0.0112907 
v 0.00854075 0.0151 0.0111982 
v 0.0080486 0.0151 0.0107565 
v 0.0081257 0.0151 0.0106657 
v 0.00862306 0.0151 0.0110966 
v 0.0063743 0.0151 0.0106657 
v 0.00632976 0.0151 0.0106 
v 0.00663269 0.0151 0.0109105 
v 0.00653788 0.0151 0.0108384 
v 0.00684285 0.0151 0.0110219 
v 0.00673475 0.0151 0.0109719 
v 0.00719045 0.0151 0.0110984 
v 0.00799828 0.0151 0.0115505 
v 0.00786731 0.0151 0.0109105 
v 0.00812039 0.0151 0.0115037 
v 0.00834662 0.0151 0.011373 
v 0.00796212 0.0151 0.0108384 
v 0.00880055 0.0151 0.0107483 
v 0.0088344 0.0151 0.0106219 
v 0.0064514 0.0151 0.0107565 
v 0.00730955 0.0151 0.0110984 
v 0.00823692 0.0151 0.0114443 
v 0.00883787 0.0151 0.0106 
v 0.0088617 0.0151 0.0103621 
v 0.0088617 0.0151 0.008575 
v 0.00832428 0.0151 0.00976353 
v 0.00625167 0.0151 0.0104619 
v 0.00620758 0.0151 0.0103512 
v 0.00835 0.0151 0.01 
v 0.00834355 0.0151 0.0101189 
v 0.00834355 0.0151 0.00988107 
v 0.00819254 0.0151 0.00943289 
v 0.00824833 0.0151 0.00953812 
v 0.0064514 0.0151 0.00924353 
v 0.00653788 0.0151 0.00916162 
v 0.00630746 0.0151 0.00943289 
v 0.0063743 0.0151 0.00933431 
v 0.00617572 0.0151 0.0102365 
v 0.00630746 0.0151 0.0105671 
v 0.00829242 0.0151 0.00964877 
v 0.00742796 0.0151 0.00891449 
v 0.00754428 0.0151 0.0089401 
v 0.00663269 0.0151 0.00908954 
v 0.00673475 0.0151 0.00902814 
v 0.00617572 0.0151 0.00976353 
v 0.00620758 0.0151 0.00964877 
v 0.00615 0.0151 0.01 
v 0.00615645 0.0151 0.00988107 
v 0.00885486 0.0151 0.0104927 
v 0.00829242 0.0151 0.0103512 
v 0.0080486 0.0151 0.00924353 
v 0.0081257 0.0151 0.00933431 
v 0.00786731 0.0151 0.00908954 
v 0.00796212 0.0151 0.00916162 
v 0.00765715 0.0151 0.00897813 
v 0.00776525 0.0151 0.00902814 
v 0.00730955 0.0151 0.00890161 
v 0.00719045 0.0151 0.00890161 
v 0.00695572 0.0151 0.0089401 
v 0.00707204 0.0151 0.00891449 
v 0.00625167 0.0151 0.00953812 
v 0.00615645 0.0151 0.0101189 
v 0.00832428 0.0151 0.0102365 
v 0.00684285 0.0151 0.00897813 
v 0.00824833 0.0151 0.0104619 
v 0.00819254 0.0151 0.0105671 
v 0.00585279 0.0151 -0.00871636 
v 0.00625167 0.0151 -0.00953812 
v 0.00620758 0.0151 -0.00964877 
v 0.0088344 0.0151 -0.0106219 
v 0.00824833 0.0151 -0.0104619 
v 0.00829242 0.0151 -0.0103512 
v 0.00617572 0.0151 -0.00976353 
v 0.0059065 0.0151 -0.0086565 
v 0.00599733 0.0151 -0.008575 
v 0.00653788 0.0151 -0.00916162 
v 0.0088617 0.0151 -0.0103621 
v 0.00834355 0.0151 -0.00988107 
v 0.00832428 0.0151 -0.00976353 
v 0.00885486 0.0151 -0.0104927 
v 0.00819254 0.0151 -0.0105671 
v 0.00880055 0.0151 -0.0107483 
v 0.00630746 0.0151 -0.00943289 
v 0.0064514 0.0151 -0.00924353 
v 0.00835 0.0151 -0.01 
v 0.00832428 0.0151 -0.0102365 
v 0.00834355 0.0151 -0.0101189 
v 0.00875367 0.0151 -0.0108704 
v 0.00869429 0.0151 -0.0109869 
v 0.0081257 0.0151 -0.0106657 
v 0.00844826 0.0151 -0.0112907 
v 0.00796212 0.0151 -0.0108384 
v 0.0080486 0.0151 -0.0107565 
v 0.00776525 0.0151 -0.0109719 
v 0.00799828 0.0151 -0.0115505 
v 0.00787194 0.0151 -0.0115844 
v 0.00765715 0.0151 -0.0110219 
v 0.00774276 0.0151 -0.0116048 
v 0.00754428 0.0151 -0.0110599 
v 0.00761214 0.0151 -0.0116117 
v 0.00585279 0.0151 -0.0116117 
v 0.0064514 0.0151 -0.0107565 
v 0.00653788 0.0151 -0.0108384 
v 0.00630746 0.0151 -0.0105671 
v 0.0063743 0.0151 -0.0106657 
v 0.00615645 0.0151 -0.00988107 
v 0.0063743 0.0151 -0.00933431 
v 0.00663269 0.0151 -0.00908954 
v 0.00684285 0.0151 -0.00897813 
v 0.00673475 0.0151 -0.00902814 
v 0.0088617 0.0151 -0.008575 
v 0.00829242 0.0151 -0.00964877 
v 0.00862306 0.0151 -0.0110966 
v 0.00854075 0.0151 -0.0111982 
v 0.00834662 0.0151 -0.011373 
v 0.00823692 0.0151 -0.0114443 
v 0.00786731 0.0151 -0.0109105 
v 0.00812039 0.0151 -0.0115037 
v 0.00742796 0.0151 -0.0110855 
v 0.00695572 0.0151 -0.0110599 
v 0.00707204 0.0151 -0.0110855 
v 0.00663269 0.0151 -0.0109105 
v 0.00673475 0.0151 -0.0109719 
v 0.00617572 0.0151 -0.0102365 
v 0.00620758 0.0151 -0.0103512 
v 0.00615 0.0151 -0.01 
v 0.00786731 0.0151 -0.00908954 
v 0.00776525 0.0151 -0.00902814 
v 0.0080486 0.0151 -0.00924353 
v 0.00796212 0.0151 -0.00916162 
v 0.00819254 0.0151 -0.00943289 
v 0.0081257 0.0151 -0.00933431 
v 0.00824833 0.0151 -0.00953812 
v 0.00730955 0.0151 -0.0110984 
v 0.00625167 0.0151 -0.0104619 
v 0.00615645 0.0151 -0.0101189 
v 0.00719045 0.0151 -0.0110984 
v 0.00684285 0.0151 -0.0110219 
v 0.00707204 0.0151 -0.00891449 
v 0.00695572 0.0151 -0.0089401 
v 0.00719045 0.0151 -0.00890161 
v 0.00730955 0.0151 -0.00890161 
v 0.00765715 0.0151 -0.00897813 
v 0.00754428 0.0151 -0.0089401 
v 0.00742796 0.0151 -0.00891449 
v 0.00719799 0.0151 -0.00810071 
v 0.00740357 0.0151 -0.00810622 
v 0.00760735 0.0151 -0.00813391 
v 0.00780693 0.0151 -0.00818346 
v 0.00640559 0.0151 -0.00829795 
v 0.00659449 0.0151 -0.00821666 
v 0.00699303 0.0151 -0.00811746 
v 0.00679107 0.0151 -0.00815626 
v 0.00605957 0.0151 -0.00851916 
v 0.00622659 0.0151 -0.00839918 
v 0.0088617 0.0151 -0.00619826 
v 0.008 0.0151 -0.00825429 
v 0.00611936 0.0151 -0.00619826 
v 0.00591981 0.0151 -0.00637092 
v 0.00554795 0.0151 -0.00915559 
v 0.00536746 0.0151 -0.00974303 
v 0.00540626 0.0151 -0.00954107 
v 0.00538391 0.0151 -0.0103573 
v 0.00535622 0.0151 -0.0101536 
v 0.00543346 0.0151 -0.0105569 
v 0.00564918 0.0151 -0.00897659 
v 0.00535071 0.0151 -0.00994799 
v 0.00576916 0.0151 -0.00880957 
v 0.00546666 0.0151 -0.00934449 
v 0.00550429 0.0151 -0.01075 
v 0.00321474 0.0151 -0.0116117 
v 0.00325 0.0151 -0.01075 
v 0.00325 0.0151 -0.008575 
v -0.0313155 0.0151 0.01075 
v -0.0324807 0.0151 0.0115579 
v -0.0323618 0.0151 0.0115877 
v -0.0327071 0.0151 0.0114641 
v -0.0325962 0.0151 0.0115166 
v -0.0329107 0.0151 0.0113281 
v -0.0328122 0.0151 0.0114011 
v -0.0311726 0.0151 0.010604 
v -0.0311694 0.0151 0.0106 
v -0.0330016 0.0151 0.0112457 
v -0.0141603 0.0151 0.0116117 
v -0.0141603 0.0151 0.01075 
v -0.0322405 0.0151 0.0116057 
v -0.0336473 0.0151 0.0106 
v -0.032118 0.0151 0.0116117 
v -0.03385 0.0151 0.0103973 
v -0.0310462 0.0151 0.0104435 
v -0.0309377 0.0151 0.0102703 
v -0.0308485 0.0151 0.0100865 
v -0.0307796 0.0151 0.00989414 
v -0.0308185 0.0151 0.00868948 
v -0.0308681 0.0151 0.008575 
v -0.0307317 0.0151 0.00969553 
v -0.0307054 0.0151 0.00949291 
v -0.030701 0.0151 0.00928864 
v -0.0307186 0.0151 0.00908509 
v -0.0307579 0.0151 0.00888459 
v -0.0319395 0.0151 0.00756851 
v -0.0321346 0.0151 0.00750788 
v -0.0323351 0.0151 0.00746856 
v -0.0312565 0.0151 0.0080065 
v -0.0314085 0.0151 0.00787 
v -0.0308997 0.0151 0.00850201 
v -0.0310006 0.0151 0.00832434 
v -0.0315743 0.0151 0.00775062 
v -0.031752 0.0151 0.00764973 
v -0.0329455 0.0151 0.00748168 
v -0.0331441 0.0151 0.00752959 
v -0.0333365 0.0151 0.00759854 
v -0.03112 0.0151 0.00815853 
v -0.0325386 0.0151 0.00745099 
v -0.0327429 0.0151 0.00745538 
v -0.0335203 0.0151 0.00768775 
v -0.0336935 0.0151 0.00779618 
v -0.03385 0.0151 0.00791944 
v -0.033854 0.0151 0.00792257 
v -0.0348617 0.0151 0.00205174 
v -0.034 0.0151 0.00806548 
v -0.0348617 0.0151 -0.00619826 
v -0.034 0.0151 0.00205174 
v -0.034 0.0151 -0.00806548 
v -0.033854 0.0151 -0.00792257 
v -0.0348617 0.0151 -0.008575 
v -0.034 0.0151 -0.00619826 
v -0.0331441 0.0151 -0.00752959 
v -0.0328943 0.0151 -0.0082901 
v -0.0330072 0.0151 -0.00832813 
v -0.0329455 0.0151 -0.00748168 
v -0.032778 0.0151 -0.00826449 
v -0.0336935 0.0151 -0.00779618 
v -0.0332173 0.0151 -0.00843954 
v -0.0333121 0.0151 -0.00851162 
v -0.0335203 0.0151 -0.00768775 
v -0.0331152 0.0151 -0.00837814 
v -0.0333365 0.0151 -0.00759854 
v -0.0321346 0.0151 -0.00750788 
v -0.0323057 0.0151 -0.0082901 
v -0.032422 0.0151 -0.00826449 
v -0.0319395 0.0151 -0.00756851 
v -0.0321928 0.0151 -0.00832813 
v -0.0312565 0.0151 -0.0080065 
v -0.031821 0.0151 -0.008575 
v -0.0318879 0.0151 -0.00851162 
v -0.0327429 0.0151 -0.00745538 
v -0.0326596 0.0151 -0.00825161 
v -0.0325386 0.0151 -0.00745099 
v -0.0325404 0.0151 -0.00825161 
v -0.031752 0.0151 -0.00764973 
v -0.0320848 0.0151 -0.00837814 
v -0.0315743 0.0151 -0.00775062 
v -0.0319827 0.0151 -0.00843954 
v -0.0314085 0.0151 -0.00787 
v -0.03385 0.0151 -0.00791944 
v -0.033379 0.0151 -0.008575 
v -0.0323351 0.0151 -0.00746856 
v -0.0310006 0.0151 -0.00832434 
v -0.0308997 0.0151 -0.00850201 
v -0.03112 0.0151 -0.00815853 
v -0.0308681 0.0151 -0.008575 
v -0.0328122 0.0151 -0.0114011 
v -0.0323057 0.0151 -0.0104099 
v -0.0321928 0.0151 -0.0103719 
v -0.032778 0.0151 -0.0104355 
v -0.0329107 0.0151 -0.0113281 
v -0.0330016 0.0151 -0.0112457 
v -0.0311726 0.0151 -0.010604 
v -0.0318014 0.0151 -0.0101065 
v -0.0317243 0.0151 -0.0100157 
v -0.0313155 0.0151 -0.01075 
v -0.0318879 0.0151 -0.0101884 
v -0.032422 0.0151 -0.0104355 
v -0.0330072 0.0151 -0.0103719 
v -0.0328943 0.0151 -0.0104099 
v -0.0332173 0.0151 -0.0102605 
v -0.0310462 0.0151 -0.0104435 
v -0.0316575 0.0151 -0.00991711 
v -0.0320848 0.0151 -0.0103219 
v -0.0319827 0.0151 -0.0102605 
v -0.0331152 0.0151 -0.0103219 
v -0.0333121 0.0151 -0.0101884 
v -0.0334757 0.0151 -0.0100157 
v -0.0333986 0.0151 -0.0101065 
v -0.0326596 0.0151 -0.0104484 
v -0.0325404 0.0151 -0.0104484 
v -0.0335425 0.0151 -0.00991711 
v -0.0336424 0.0151 -0.00970123 
v -0.0335983 0.0151 -0.00981188 
v -0.0308485 0.0151 -0.0100865 
v -0.0316017 0.0151 -0.00981188 
v -0.0315576 0.0151 -0.00970123 
v -0.0309377 0.0151 -0.0102703 
v -0.0336743 0.0151 -0.00958647 
v -0.0307186 0.0151 -0.00908509 
v -0.0315064 0.0151 -0.00923107 
v -0.0315257 0.0151 -0.00911353 
v -0.030701 0.0151 -0.00928864 
v -0.0315 0.0151 -0.00935 
v -0.0307054 0.0151 -0.00949291 
v -0.0315064 0.0151 -0.00946893 
v -0.0307317 0.0151 -0.00969553 
v -0.0315257 0.0151 -0.00958647 
v -0.0307796 0.0151 -0.00989414 
v -0.0337 0.0151 -0.00935 
v -0.0308185 0.0151 -0.00868948 
v -0.0315576 0.0151 -0.00899877 
v -0.0316017 0.0151 -0.00888812 
v -0.0336936 0.0151 -0.00946893 
v -0.0336743 0.0151 -0.00911353 
v -0.0336936 0.0151 -0.00923107 
v -0.0335425 0.0151 -0.00878289 
v -0.0335983 0.0151 -0.00888812 
v -0.0333986 0.0151 -0.00859353 
v -0.0324807 0.0151 -0.0115579 
v -0.0325962 0.0151 -0.0115166 
v -0.0322405 0.0151 -0.0116057 
v -0.0323618 0.0151 -0.0115877 
v -0.0317243 0.0151 -0.00868431 
v -0.0318014 0.0151 -0.00859353 
v -0.0307579 0.0151 -0.00888459 
v -0.0336424 0.0151 -0.00899877 
v -0.0334757 0.0151 -0.00868431 
v -0.0327071 0.0151 -0.0114641 
v -0.032118 0.0151 -0.0116117 
v -0.0316575 0.0151 -0.00878289 
v -0.0141603 0.0151 -0.0116117 
v -0.0141603 0.0151 -0.01075 
v -0.00325 0.0151 -0.008575 
v -0.0027553 0.0151 -0.00681746 
v -0.00225 0.0151 -0.00697272 
v -0.00325 0.0151 -0.00663119 
v 0.00225 0.0151 -0.01075 
v -0.00325 0.0151 -0.01075 
v -0.00225 0.0151 -0.01075 
v -0.00225 0.0151 -0.008575 
v 0.00225 0.0151 -0.008575 
v 0.00225 0.0151 -0.00697272 
v 0.00308773 0.0151 -0.00669617 
v 0.00418997 0.0151 -0.00744291 
v 0.0038924 0.0151 -0.00633452 
v 0.00412713 0.0151 -0.00619826 
v 0.00585279 0.0151 -0.00641752 
v 0.00508323 0.0151 -0.00695264 
v 0.00325 0.0151 -0.00783625 
v 0.00321474 0.0151 -0.00663908 
v 0.00465538 0.0151 -0.00589164 
v 0.00536851 0.0151 -0.00537229 
v 0.008 0.0151 -0.00414653 
v 0.00738637 0.0151 -0.00495999 
v 0.00661527 0.0151 -0.00412716 
v 0.00669039 0.0151 -0.00570422 
v 0.00602414 0.0151 -0.00478203 
v 0.00585279 0.0151 -0.00493629 
v 0.00757942 0.0151 -0.00265231 
v 0.00794212 0.0151 -0.00184812 
v 0.0088617 0.0151 0.00205174 
v 0.0084094 0.0151 -0.000149174 
v 0.00713555 0.0151 -0.00341471 
v 0.00821977 0.0151 -0.00101075 
v 0.00850897 0.0151 0.000727388 
v 0.00851741 0.0151 0.00160955 
v 0.008 0.0151 -0.00619826 
v 0.00782287 0.0151 0.00818842 
v 0.00764007 0.0151 0.00814047 
v 0.008 0.0151 0.00825429 
v 0.00745342 0.0151 0.00811092 
v 0.00843465 0.0151 0.00248786 
v 0.00826156 0.0151 0.00335291 
v 0.00726475 0.0151 0.00810006 
v 0.008 0.0151 0.00419544 
v 0.00847575 0.0151 0.00205174 
v 0.00585279 0.0151 0.0080891 
v 0.00509731 0.0151 0.00808323 
v 0.00443741 0.0151 0.00852908 
v 0.00535615 0.0151 0.00984725 
v 0.00535027 0.0151 0.0100319 
v 0.00537993 0.0151 0.00966408 
v 0.00548012 0.0151 0.00930896 
v 0.00542139 0.0151 0.00948408 
v 0.00536234 0.0151 0.0102162 
v 0.00539225 0.0151 0.0103984 
v 0.00543972 0.0151 0.0105769 
v 0.0043535 0.0151 0.008575 
v 0.00480241 0.0151 0.00962015 
v 0.00555559 0.0151 0.00914037 
v 0.00373877 0.0151 0.00891141 
v 0.00400811 0.0151 0.0100282 
v 0.00321474 0.0151 0.00913747 
v 0.00321474 0.0151 0.010347 
v 0.00300751 0.0151 0.00922687 
v 0.00225 0.0151 0.00947272 
v 0.00317949 0.0151 0.0103612 
v 0.00225 0.0151 0.0106 
v 0.00321474 0.0151 0.0105692 
v -0.00325 0.0151 0.0106 
v -0.00325 0.0151 0.01075 
v -0.00225 0.0151 0.01075 
v 0.00225 0.0151 0.01075 
v -0.00225 0.0151 0.0106 
v -0.00225 0.0151 0.00947272 
v -0.0027553 0.0151 0.00931746 
v -0.00325 0.0151 0.00913119 
v 0.00321996 0.0151 0.0106 
v -0.03385 0.0151 -0.008575 
v -0.03385 0.0151 0.008575 
v 0.00321474 0.0151 0.0106 
v 0.00585279 0.0151 0.0106 
v 0.00585279 0.0151 0.008575 
v 0.00585279 0.0151 -0.00619826 
v 0.00321474 0.0151 -0.008575 
v 0.0088617 0.014 0.0103621 
v 0.0088617 0.014 -0.0103621 
v 0.00761214 0.014 0.0116117 
v 0.00774276 0.014 0.0116048 
v 0.00787194 0.014 0.0115844 
v 0.00799828 0.014 0.0115505 
v 0.00812039 0.014 0.0115037 
v 0.00823692 0.014 0.0114443 
v 0.00834662 0.014 0.011373 
v 0.00844826 0.014 0.0112907 
v 0.00854075 0.014 0.0111982 
v 0.00862306 0.014 0.0110966 
v 0.00869429 0.014 0.0109869 
v 0.00875367 0.014 0.0108704 
v 0.00880055 0.014 0.0107483 
v 0.0088344 0.014 0.0106219 
v 0.00885486 0.014 0.0104927 
v -0.032118 0.014 0.0116117 
v -0.0330016 0.014 0.0112457 
v -0.0329107 0.014 0.0113281 
v -0.0328122 0.014 0.0114011 
v -0.0327071 0.014 0.0114641 
v -0.0325962 0.014 0.0115166 
v -0.0324807 0.014 0.0115579 
v -0.0323618 0.014 0.0115877 
v -0.0322405 0.014 0.0116057 
v -0.0344957 0.014 0.00975159 
v -0.0348617 0.014 0.00886802 
v -0.0348557 0.014 0.0089905 
v -0.0348377 0.014 0.00911179 
v -0.0348079 0.014 0.00923075 
v -0.0347666 0.014 0.0093462 
v -0.0347141 0.014 0.00945706 
v -0.0346511 0.014 0.00956224 
v -0.0345781 0.014 0.00966073 
v -0.0348617 0.014 -0.00886802 
v -0.0344957 0.014 -0.00975159 
v -0.0345781 0.014 -0.00966073 
v -0.0346511 0.014 -0.00956224 
v -0.0347141 0.014 -0.00945706 
v -0.0347666 0.014 -0.0093462 
v -0.0348079 0.014 -0.00923075 
v -0.0348377 0.014 -0.00911179 
v -0.0348557 0.014 -0.0089905 
v -0.0330016 0.014 -0.0112457 
v -0.032118 0.014 -0.0116117 
v -0.0322405 0.014 -0.0116057 
v -0.0323618 0.014 -0.0115877 
v -0.0324807 0.014 -0.0115579 
v -0.0325962 0.014 -0.0115166 
v -0.0327071 0.014 -0.0114641 
v -0.0328122 0.014 -0.0114011 
v -0.0329107 0.014 -0.0113281 
v 0.00761214 0.014 -0.0116117 
v 0.00885486 0.014 -0.0104927 
v 0.0088344 0.014 -0.0106219 
v 0.00880055 0.014 -0.0107483 
v 0.00875367 0.014 -0.0108704 
v 0.00869429 0.014 -0.0109869 
v 0.00862306 0.014 -0.0110966 
v 0.00854075 0.014 -0.0111982 
v 0.00844826 0.014 -0.0112907 
v 0.00834662 0.014 -0.011373 
v 0.00823692 0.014 -0.0114443 
v 0.00812039 0.014 -0.0115037 
v 0.00799828 0.014 -0.0115505 
v 0.00787194 0.014 -0.0115844 
v 0.00774276 0.014 -0.0116048 
v 0.00550429 0.014 0.01075 
v 0.00543972 0.014 0.0105769 
v 0.00539225 0.014 0.0103984 
v 0.00536234 0.014 0.0102162 
v 0.00535027 0.014 0.0100319 
v 0.00535615 0.014 0.00984725 
v 0.00537993 0.014 0.00966408 
v 0.00542139 0.014 0.00948408 
v 0.00548012 0.014 0.00930896 
v 0.00555559 0.014 0.00914037 
v 0.00400811 0.014 0.0100282 
v 0.00324538 0.014 0.01075 
v 0.00317949 0.014 0.0103612 
v 0.00480241 0.014 0.00962015 
v 0.00325 0.014 -0.01075 
v 0.00550429 0.014 -0.01075 
v 0.00538391 0.014 -0.0103573 
v 0.00543346 0.014 -0.0105569 
v 0.00564918 0.014 -0.00897659 
v 0.00325 0.014 -0.00783625 
v 0.00418997 0.014 -0.00744291 
v 0.00535622 0.014 -0.0101536 
v 0.00536746 0.014 -0.00974303 
v 0.00535071 0.014 -0.00994799 
v 0.00540626 0.014 -0.00954107 
v 0.0059065 0.014 -0.0086565 
v 0.00576916 0.014 -0.00880957 
v 0.00546666 0.014 -0.00934449 
v 0.00508323 0.014 -0.00695264 
v 0.00605957 0.014 -0.00851916 
v 0.00591981 0.014 -0.00637092 
v 0.00640559 0.014 -0.00829795 
v 0.00554795 0.014 -0.00915559 
v 0.00622659 0.014 -0.00839918 
v 0.00659449 0.014 -0.00821666 
v 0.00679107 0.014 -0.00815626 
v 0.00719799 0.014 -0.00810071 
v 0.00699303 0.014 -0.00811746 
v 0.00669039 0.014 -0.00570422 
v 0.00740357 0.014 -0.00810622 
v 0.00738637 0.014 -0.00495999 
v 0.008 0.014 -0.00414653 
v 0.008 0.014 -0.00825429 
v 0.00780693 0.014 -0.00818346 
v 0.00760735 0.014 -0.00813391 
v -0.00325 0.014 0.00913119 
v -0.00325 0.014 0.01075 
v -0.034 0.014 -0.00806548 
v -0.034 0.014 0.00806548 
v -0.033854 0.014 0.00792257 
v -0.0336935 0.014 0.00779618 
v -0.0335203 0.014 0.00768775 
v -0.0333365 0.014 0.00759854 
v -0.0331441 0.014 0.00752959 
v -0.0329455 0.014 0.00748168 
v -0.0327429 0.014 0.00745538 
v -0.0325386 0.014 0.00745099 
v -0.0323351 0.014 0.00746856 
v -0.0321346 0.014 0.00750788 
v -0.0319395 0.014 0.00756851 
v -0.031752 0.014 0.00764973 
v -0.0315743 0.014 0.00775062 
v -0.0314085 0.014 0.00787 
v -0.0312565 0.014 0.0080065 
v -0.03112 0.014 0.00815853 
v -0.0310006 0.014 0.00832434 
v -0.0308185 0.014 0.00868948 
v -0.0308997 0.014 0.00850201 
v -0.0307579 0.014 0.00888459 
v -0.0307186 0.014 0.00908509 
v -0.030701 0.014 0.00928864 
v -0.0307054 0.014 0.00949291 
v -0.0307317 0.014 0.00969553 
v -0.0307796 0.014 0.00989414 
v -0.0308485 0.014 0.0100865 
v -0.0309377 0.014 0.0102703 
v -0.0310462 0.014 0.0104435 
v -0.0311726 0.014 0.010604 
v -0.0313155 0.014 0.01075 
v -0.0313155 0.014 -0.01075 
v -0.0311726 0.014 -0.010604 
v -0.0310462 0.014 -0.0104435 
v -0.0309377 0.014 -0.0102703 
v -0.0308485 0.014 -0.0100865 
v -0.0307796 0.014 -0.00989414 
v -0.0307317 0.014 -0.00969553 
v -0.0307054 0.014 -0.00949291 
v -0.030701 0.014 -0.00928864 
v -0.0307186 0.014 -0.00908509 
v -0.0307579 0.014 -0.00888459 
v -0.0308185 0.014 -0.00868948 
v -0.0308997 0.014 -0.00850201 
v -0.0310006 0.014 -0.00832434 
v -0.03112 0.014 -0.00815853 
v -0.0312565 0.014 -0.0080065 
v -0.0314085 0.014 -0.00787 
v -0.0315743 0.014 -0.00775062 
v -0.031752 0.014 -0.00764973 
v -0.0319395 0.014 -0.00756851 
v -0.0321346 0.014 -0.00750788 
v -0.0323351 0.014 -0.00746856 
v -0.0325386 0.014 -0.00745099 
v -0.0327429 0.014 -0.00745538 
v -0.0329455 0.014 -0.00748168 
v -0.0331441 0.014 -0.00752959 
v -0.0333365 0.014 -0.00759854 
v -0.0335203 0.014 -0.00768775 
v -0.0336935 0.014 -0.00779618 
v -0.033854 0.014 -0.00792257 
v -0.00325 0.014 -0.01075 
v -0.00325 0.014 -0.00663119 
v -0.0027553 0.014 -0.00681746 
v -0.00225 0.014 -0.00697272 
v -0.00225 0.014 -0.01075 
v 0.00225 0.014 -0.01075 
v 0.00225 0.014 -0.00697272 
v 0.00826156 0.014 0.00335291 
v 0.008 0.014 0.00419544 
v 0.00843465 0.014 0.00248786 
v 0.00851741 0.014 0.00160955 
v 0.00850897 0.014 0.000727388 
v 0.0084094 0.014 -0.000149174 
v 0.00821977 0.014 -0.00101075 
v 0.00794212 0.014 -0.00184812 
v 0.00757942 0.014 -0.00265231 
v 0.00713555 0.014 -0.00341471 
v 0.00661527 0.014 -0.00412716 
v 0.00602414 0.014 -0.00478203 
v 0.00536851 0.014 -0.00537229 
v 0.00465538 0.014 -0.00589164 
v 0.0038924 0.014 -0.00633452 
v 0.00308773 0.014 -0.00669617 
v 0.008 0.014 0.00825429 
v 0.00726475 0.014 0.00810006 
v 0.00745342 0.014 0.00811092 
v 0.00764007 0.014 0.00814047 
v 0.00782287 0.014 0.00818842 
v 0.00509731 0.014 0.00808323 
v 0.00300751 0.014 0.00922687 
v 0.00225 0.014 0.00947272 
v 0.00373877 0.014 0.00891141 
v 0.00443741 0.014 0.00852908 
v 0.00225 0.014 0.01075 
v -0.00225 0.014 0.01075 
v -0.00225 0.014 0.00947272 
v -0.0027553 0.014 0.00931746 
v -0.00738831 0.014 -0.00649251 
v -0.00739707 0.014 -0.00654594 
v -0.00650195 0.014 -0.00690259 
v -0.00647157 0.014 -0.00685778 
v -0.00718059 0.014 -0.00618616 
v -0.00722369 0.014 -0.00621892 
v -0.00676624 0.014 -0.00611823 
v -0.00681911 0.014 -0.00610659 
v -0.00642617 0.014 -0.00675965 
v -0.00641169 0.014 -0.00670749 
v -0.00644621 0.014 -0.00680994 
v -0.00676624 0.014 -0.00708177 
v -0.00671493 0.014 -0.00706449 
v -0.00661941 0.014 -0.00618616 
v -0.0066658 0.014 -0.00615824 
v -0.00647157 0.014 -0.00634222 
v -0.00650195 0.014 -0.00629741 
v -0.00642617 0.014 -0.00644035 
v -0.00644621 0.014 -0.00639006 
v -0.00640293 0.014 -0.00654594 
v -0.00641169 0.014 -0.00649251 
v -0.00640293 0.014 -0.00665406 
v -0.0064 0.014 -0.0066 
v -0.0066658 0.014 -0.00704176 
v -0.00661941 0.014 -0.00701384 
v -0.00681911 0.014 -0.00709341 
v -0.00722369 0.014 -0.00698108 
v -0.00718059 0.014 -0.00701384 
v -0.00671493 0.014 -0.00613551 
v -0.006537 0.014 -0.00625615 
v -0.00657631 0.014 -0.00621892 
v -0.00657631 0.014 -0.00698108 
v -0.006537 0.014 -0.00694385 
v -0.0071342 0.014 -0.00704176 
v -0.007263 0.014 -0.00694385 
v -0.00738831 0.014 -0.00670749 
v -0.00737383 0.014 -0.00675965 
v -0.00687293 0.014 -0.00709927 
v -0.00698089 0.014 -0.00709341 
v -0.00692707 0.014 -0.00709927 
v -0.00708507 0.014 -0.00706449 
v -0.00729805 0.014 -0.00690259 
v -0.00735379 0.014 -0.00680994 
v -0.007263 0.014 -0.00625615 
v -0.00729805 0.014 -0.00629741 
v -0.00732843 0.014 -0.00685778 
v -0.00735379 0.014 -0.00639006 
v -0.00737383 0.014 -0.00644035 
v -0.00732843 0.014 -0.00634222 
v -0.00708507 0.014 -0.00613551 
v -0.0071342 0.014 -0.00615824 
v -0.00703376 0.014 -0.00611823 
v -0.00687293 0.014 -0.00610073 
v -0.00692707 0.014 -0.00610073 
v -0.00703376 0.014 -0.00708177 
v -0.0074 0.014 -0.0066 
v -0.00739707 0.014 -0.00665406 
v -0.00698089 0.014 -0.00610659 
v 0.00834355 0.014 0.00988107 
v 0.00835 0.014 0.01 
v 0.00832428 0.014 0.00976353 
v 0.00829242 0.014 0.00964877 
v 0.00824833 0.014 0.00953812 
v 0.00819254 0.014 0.00943289 
v 0.0081257 0.014 0.00933431 
v 0.0080486 0.014 0.00924353 
v 0.00796212 0.014 0.00916162 
v 0.00786731 0.014 0.00908954 
v 0.00776525 0.014 0.00902814 
v 0.00765715 0.014 0.00897813 
v 0.00754428 0.014 0.0089401 
v 0.00742796 0.014 0.00891449 
v 0.00730955 0.014 0.00890161 
v 0.00719045 0.014 0.00890161 
v 0.00707204 0.014 0.00891449 
v 0.00695572 0.014 0.0089401 
v 0.00684285 0.014 0.00897813 
v 0.00673475 0.014 0.00902814 
v 0.00663269 0.014 0.00908954 
v 0.00653788 0.014 0.00916162 
v 0.0064514 0.014 0.00924353 
v 0.0063743 0.014 0.00933431 
v 0.00630746 0.014 0.00943289 
v 0.00625167 0.014 0.00953812 
v 0.00620758 0.014 0.00964877 
v 0.00617572 0.014 0.00976353 
v 0.00615645 0.014 0.00988107 
v 0.00615 0.014 0.01 
v 0.00615645 0.014 0.0101189 
v 0.00617572 0.014 0.0102365 
v 0.00620758 0.014 0.0103512 
v 0.00625167 0.014 0.0104619 
v 0.00630746 0.014 0.0105671 
v 0.0063743 0.014 0.0106657 
v 0.0064514 0.014 0.0107565 
v 0.00653788 0.014 0.0108384 
v 0.00663269 0.014 0.0109105 
v 0.00673475 0.014 0.0109719 
v 0.00684285 0.014 0.0110219 
v 0.00695572 0.014 0.0110599 
v 0.00707204 0.014 0.0110855 
v 0.00719045 0.014 0.0110984 
v 0.00730955 0.014 0.0110984 
v 0.00742796 0.014 0.0110855 
v 0.00754428 0.014 0.0110599 
v 0.00765715 0.014 0.0110219 
v 0.00776525 0.014 0.0109719 
v 0.00786731 0.014 0.0109105 
v 0.00796212 0.014 0.0108384 
v 0.0080486 0.014 0.0107565 
v 0.0081257 0.014 0.0106657 
v 0.00819254 0.014 0.0105671 
v 0.00824833 0.014 0.0104619 
v 0.00829242 0.014 0.0103512 
v 0.00832428 0.014 0.0102365 
v 0.00834355 0.014 0.0101189 
v 0.00725 0.014 0.01 
v -0.0315064 0.014 -0.00946893 
v -0.0315 0.014 -0.00935 
v -0.0315257 0.014 -0.00958647 
v -0.0315576 0.014 -0.00970123 
v -0.0316017 0.014 -0.00981188 
v -0.0316575 0.014 -0.00991711 
v -0.0317243 0.014 -0.0100157 
v -0.0318014 0.014 -0.0101065 
v -0.0318879 0.014 -0.0101884 
v -0.0319827 0.014 -0.0102605 
v -0.0320848 0.014 -0.0103219 
v -0.0321928 0.014 -0.0103719 
v -0.0323057 0.014 -0.0104099 
v -0.032422 0.014 -0.0104355 
v -0.0325404 0.014 -0.0104484 
v -0.0326596 0.014 -0.0104484 
v -0.032778 0.014 -0.0104355 
v -0.0328943 0.014 -0.0104099 
v -0.0330072 0.014 -0.0103719 
v -0.0331152 0.014 -0.0103219 
v -0.0332173 0.014 -0.0102605 
v -0.0333121 0.014 -0.0101884 
v -0.0333986 0.014 -0.0101065 
v -0.0334757 0.014 -0.0100157 
v -0.0335425 0.014 -0.00991711 
v -0.0335983 0.014 -0.00981188 
v -0.0336424 0.014 -0.00970123 
v -0.0336743 0.014 -0.00958647 
v -0.0336936 0.014 -0.00946893 
v -0.0337 0.014 -0.00935 
v -0.0336936 0.014 -0.00923107 
v -0.0336743 0.014 -0.00911353 
v -0.0336424 0.014 -0.00899877 
v -0.0335983 0.014 -0.00888812 
v -0.0335425 0.014 -0.00878289 
v -0.0334757 0.014 -0.00868431 
v -0.0333986 0.014 -0.00859353 
v -0.0333121 0.014 -0.00851162 
v -0.0332173 0.014 -0.00843954 
v -0.0331152 0.014 -0.00837814 
v -0.0330072 0.014 -0.00832813 
v -0.0328943 0.014 -0.0082901 
v -0.032778 0.014 -0.00826449 
v -0.0326596 0.014 -0.00825161 
v -0.0325404 0.014 -0.00825161 
v -0.032422 0.014 -0.00826449 
v -0.0323057 0.014 -0.0082901 
v -0.0321928 0.014 -0.00832813 
v -0.0320848 0.014 -0.00837814 
v -0.0319827 0.014 -0.00843954 
v -0.0318879 0.014 -0.00851162 
v -0.0318014 0.014 -0.00859353 
v -0.0317243 0.014 -0.00868431 
v -0.0316575 0.014 -0.00878289 
v -0.0316017 0.014 -0.00888812 
v -0.0315576 0.014 -0.00899877 
v -0.0315257 0.014 -0.00911353 
v -0.0315064 0.014 -0.00923107 
v -0.0326 0.014 -0.00935 
v 0.00834355 0.014 -0.0101189 
v 0.00835 0.014 -0.01 
v 0.00832428 0.014 -0.0102365 
v 0.00829242 0.014 -0.0103512 
v 0.00824833 0.014 -0.0104619 
v 0.00819254 0.014 -0.0105671 
v 0.0081257 0.014 -0.0106657 
v 0.0080486 0.014 -0.0107565 
v 0.00796212 0.014 -0.0108384 
v 0.00786731 0.014 -0.0109105 
v 0.00776525 0.014 -0.0109719 
v 0.00765715 0.014 -0.0110219 
v 0.00754428 0.014 -0.0110599 
v 0.00742796 0.014 -0.0110855 
v 0.00730955 0.014 -0.0110984 
v 0.00719045 0.014 -0.0110984 
v 0.00707204 0.014 -0.0110855 
v 0.00695572 0.014 -0.0110599 
v 0.00684285 0.014 -0.0110219 
v 0.00673475 0.014 -0.0109719 
v 0.00663269 0.014 -0.0109105 
v 0.00653788 0.014 -0.0108384 
v 0.0064514 0.014 -0.0107565 
v 0.0063743 0.014 -0.0106657 
v 0.00630746 0.014 -0.0105671 
v 0.00625167 0.014 -0.0104619 
v 0.00620758 0.014 -0.0103512 
v 0.00617572 0.014 -0.0102365 
v 0.00615645 0.014 -0.0101189 
v 0.00615 0.014 -0.01 
v 0.00615645 0.014 -0.00988107 
v 0.00617572 0.014 -0.00976353 
v 0.00620758 0.014 -0.00964877 
v 0.00625167 0.014 -0.00953812 
v 0.00630746 0.014 -0.00943289 
v 0.0063743 0.014 -0.00933431 
v 0.0064514 0.014 -0.00924353 
v 0.00653788 0.014 -0.00916162 
v 0.00663269 0.014 -0.00908954 
v 0.00673475 0.014 -0.00902814 
v 0.00684285 0.014 -0.00897813 
v 0.00695572 0.014 -0.0089401 
v 0.00707204 0.014 -0.00891449 
v 0.00719045 0.014 -0.00890161 
v 0.00730955 0.014 -0.00890161 
v 0.00742796 0.014 -0.00891449 
v 0.00754428 0.014 -0.0089401 
v 0.00765715 0.014 -0.00897813 
v 0.00776525 0.014 -0.00902814 
v 0.00786731 0.014 -0.00908954 
v 0.00796212 0.014 -0.00916162 
v 0.0080486 0.014 -0.00924353 
v 0.0081257 0.014 -0.00933431 
v 0.00819254 0.014 -0.00943289 
v 0.00824833 0.014 -0.00953812 
v 0.00829242 0.014 -0.00964877 
v 0.00832428 0.014 -0.00976353 
v 0.00834355 0.014 -0.00988107 
v 0.00725 0.014 -0.01 
v -0.00739862 0.0142 -0.00656285 
v -0.00739644 0.0142 -0.00654602 
v -0.00739168 0.0142 -0.00650916 
v -0.0073877 0.0142 -0.00649266 
v -0.00737898 0.0142 -0.00645653 
v -0.00737323 0.0142 -0.00644056 
v -0.00736066 0.0142 -0.00640559 
v -0.00735322 0.0142 -0.00639033 
v -0.00733694 0.0142 -0.00635692 
v -0.00732789 0.0142 -0.00634256 
v -0.00730809 0.0142 -0.00631111 
v -0.00729755 0.0142 -0.00629781 
v -0.00727447 0.0142 -0.00626868 
v -0.00726255 0.0142 -0.00625659 
v -0.00723645 0.0142 -0.00623013 
v -0.00722329 0.0142 -0.00621941 
v -0.00719449 0.0142 -0.00619592 
v -0.00718025 0.0142 -0.00618669 
v -0.00714907 0.0142 -0.00616645 
v -0.00713392 0.0142 -0.00615881 
v -0.00710074 0.0142 -0.00614207 
v -0.00708485 0.0142 -0.0061361 
v -0.00705005 0.0142 -0.00612305 
v -0.00703361 0.0142 -0.00611884 
v -0.0069976 0.0142 -0.00610962 
v -0.0069808 0.0142 -0.00610721 
v -0.00694401 0.0142 -0.00610194 
v -0.00692705 0.0142 -0.00610136 
v -0.0068899 0.0142 -0.0061001 
v -0.00687298 0.0142 -0.00610136 
v -0.00683591 0.0142 -0.00610412 
v -0.00681922 0.0142 -0.00610721 
v -0.00678268 0.0142 -0.00611396 
v -0.00676642 0.0142 -0.00611883 
v -0.00673081 0.0142 -0.00612949 
v -0.00671518 0.0142 -0.00613609 
v -0.00668093 0.0142 -0.00615054 
v -0.0066661 0.0142 -0.0061588 
v -0.00663362 0.0142 -0.00617686 
v -0.00661977 0.0142 -0.00618667 
v -0.00658944 0.0142 -0.00620815 
v -0.00657673 0.0142 -0.00621939 
v -0.00654889 0.0142 -0.00624402 
v -0.00653747 0.0142 -0.00625658 
v -0.00651246 0.0142 -0.00628407 
v -0.00650246 0.0142 -0.00629778 
v -0.00648057 0.0142 -0.00632782 
v -0.00647212 0.0142 -0.00634254 
v -0.0064536 0.0142 -0.00637476 
v -0.00644679 0.0142 -0.00639031 
v -0.00643187 0.0142 -0.00642435 
v -0.00642678 0.0142 -0.00644054 
v -0.00641562 0.0142 -0.00647599 
v -0.00641231 0.0142 -0.00649264 
v -0.00640505 0.0142 -0.00652909 
v -0.00640356 0.0142 -0.006546 
v -0.00640029 0.0142 -0.00658302 
v -0.00640063 0.0142 -0.00659999 
v -0.00640138 0.0142 -0.00663715 
v -0.00640356 0.0142 -0.00665398 
v -0.00640832 0.0142 -0.00669084 
v -0.0064123 0.0142 -0.00670734 
v -0.00642102 0.0142 -0.00674347 
v -0.00642677 0.0142 -0.00675944 
v -0.00643934 0.0142 -0.00679441 
v -0.00644678 0.0142 -0.00680967 
v -0.00646306 0.0142 -0.00684308 
v -0.00647211 0.0142 -0.00685744 
v -0.00649191 0.0142 -0.00688889 
v -0.00650245 0.0142 -0.00690219 
v -0.00652553 0.0142 -0.00693132 
v -0.00653745 0.0142 -0.00694341 
v -0.00656355 0.0142 -0.00696987 
v -0.00657671 0.0142 -0.00698059 
v -0.00660551 0.0142 -0.00700408 
v -0.00661975 0.0142 -0.00701331 
v -0.00665093 0.0142 -0.00703355 
v -0.00666608 0.0142 -0.00704119 
v -0.00669926 0.0142 -0.00705793 
v -0.00671515 0.0142 -0.0070639 
v -0.00674995 0.0142 -0.00707695 
v -0.00676639 0.0142 -0.00708116 
v -0.0068024 0.0142 -0.00709038 
v -0.0068192 0.0142 -0.00709279 
v -0.00685599 0.0142 -0.00709806 
v -0.00687295 0.0142 -0.00709864 
v -0.0069101 0.0142 -0.0070999 
v -0.00692702 0.0142 -0.00709864 
v -0.00696409 0.0142 -0.00709588 
v -0.00698078 0.0142 -0.00709279 
v -0.00701732 0.0142 -0.00708604 
v -0.00703358 0.0142 -0.00708117 
v -0.00706919 0.0142 -0.00707051 
v -0.00708482 0.0142 -0.00706391 
v -0.00711907 0.0142 -0.00704946 
v -0.0071339 0.0142 -0.0070412 
v -0.00716638 0.0142 -0.00702314 
v -0.00718023 0.0142 -0.00701333 
v -0.00721056 0.0142 -0.00699185 
v -0.00722327 0.0142 -0.00698061 
v -0.00725111 0.0142 -0.00695598 
v -0.00726253 0.0142 -0.00694342 
v -0.00728754 0.0142 -0.00691593 
v -0.00729754 0.0142 -0.00690222 
v -0.00731943 0.0142 -0.00687218 
v -0.00732788 0.0142 -0.00685746 
v -0.0073464 0.0142 -0.00682524 
v -0.00735321 0.0142 -0.00680969 
v -0.00736813 0.0142 -0.00677565 
v -0.00737322 0.0142 -0.00675946 
v -0.00738438 0.0142 -0.00672401 
v -0.00738769 0.0142 -0.00670736 
v -0.00739495 0.0142 -0.00667091 
v -0.00739644 0.0142 -0.006654 
v -0.00739971 0.0142 -0.00661698 
v -0.0074 0.0142 -0.0066 
v -0.0065125 0.0143 -0.00650079 
v -0.00650404 0.0143 -0.00654327 
v -0.00650023 0.0143 -0.00658641 
v -0.00650111 0.0143 -0.00662972 
v -0.00650666 0.0143 -0.00667267 
v -0.00651682 0.0143 -0.00671477 
v -0.00653147 0.0143 -0.00675553 
v -0.00655045 0.0143 -0.00679446 
v -0.00657352 0.0143 -0.00683111 
v -0.00660043 0.0143 -0.00686506 
v -0.00663084 0.0143 -0.00689589 
v -0.00666441 0.0143 -0.00692326 
v -0.00670074 0.0143 -0.00694684 
v -0.00673941 0.0143 -0.00696635 
v -0.00677996 0.0143 -0.00698156 
v -0.00682192 0.0143 -0.0069923 
v -0.00686479 0.0143 -0.00699845 
v -0.00690808 0.0143 -0.00699992 
v -0.00695127 0.0143 -0.0069967 
v -0.00699386 0.0143 -0.00698883 
v -0.00703535 0.0143 -0.0069764 
v -0.00707525 0.0143 -0.00695956 
v -0.0071131 0.0143 -0.00693851 
v -0.00714845 0.0143 -0.00691348 
v -0.00718089 0.0143 -0.00688478 
v -0.00721003 0.0143 -0.00685275 
v -0.00723554 0.0143 -0.00681774 
v -0.00725712 0.0143 -0.00678019 
v -0.0072745 0.0143 -0.00674052 
v -0.0072875 0.0143 -0.00669921 
v -0.00729596 0.0143 -0.00665673 
v -0.00729889 0.0143 -0.00657028 
v -0.0073 0.0143 -0.0066 
v -0.00729334 0.0143 -0.00652733 
v -0.00728318 0.0143 -0.00648523 
v -0.00726853 0.0143 -0.00644447 
v -0.00724955 0.0143 -0.00640554 
v -0.00722648 0.0143 -0.00636889 
v -0.00719957 0.0143 -0.00633494 
v -0.00716916 0.0143 -0.00630411 
v -0.00713559 0.0143 -0.00627674 
v -0.00709926 0.0143 -0.00625316 
v -0.00706059 0.0143 -0.00623365 
v -0.00702004 0.0143 -0.00621844 
v -0.00697808 0.0143 -0.0062077 
v -0.00693521 0.0143 -0.00620155 
v -0.00689192 0.0143 -0.00620008 
v -0.00684873 0.0143 -0.0062033 
v -0.00680614 0.0143 -0.00621117 
v -0.00676465 0.0143 -0.0062236 
v -0.00672475 0.0143 -0.00624044 
v -0.0066869 0.0143 -0.00626149 
v -0.00665155 0.0143 -0.00628652 
v -0.00661911 0.0143 -0.00631522 
v -0.00658997 0.0143 -0.00634725 
v -0.00656446 0.0143 -0.00638226 
v -0.00654288 0.0143 -0.00641981 
v -0.0065255 0.0143 -0.00645948 
v -0.00729977 0.0143 -0.00661359 
v -0.0064056 0.0142105 -0.00652917 
v -0.00641615 0.0142105 -0.00647613 
v -0.00640084 0.0142105 -0.00658304 
v -0.00640193 0.0142105 -0.00663711 
v -0.00640886 0.0142105 -0.00669074 
v -0.00642155 0.0142105 -0.00674331 
v -0.00643985 0.0142105 -0.0067942 
v -0.00646354 0.0142105 -0.00684281 
v -0.00649235 0.0142105 -0.00688858 
v -0.00652594 0.0142105 -0.00693096 
v -0.00656392 0.0142105 -0.00696946 
v -0.00660584 0.0142105 -0.00700363 
v -0.0066512 0.0142105 -0.00703307 
v -0.00669948 0.0142105 -0.00705743 
v -0.00675011 0.0142105 -0.00707643 
v -0.0068025 0.0142105 -0.00708984 
v -0.00685604 0.0142105 -0.00709751 
v -0.00691009 0.0142105 -0.00709935 
v -0.00696402 0.0142105 -0.00709533 
v -0.0070172 0.0142105 -0.00708551 
v -0.007069 0.0142105 -0.00706999 
v -0.00711883 0.0142105 -0.00704896 
v -0.00716608 0.0142105 -0.00702267 
v -0.00721022 0.0142105 -0.00699143 
v -0.00725073 0.0142105 -0.00695559 
v -0.00728712 0.0142105 -0.00691559 
v -0.00731897 0.0142105 -0.00687188 
v -0.00734591 0.0142105 -0.00682499 
v -0.00736762 0.0142105 -0.00677546 
v -0.00738385 0.0142105 -0.00672387 
v -0.0073944 0.0142105 -0.00667083 
v -0.00739916 0.0142105 -0.00661696 
v -0.00739807 0.0142105 -0.00656289 
v -0.00739114 0.0142105 -0.00650926 
v -0.00737845 0.0142105 -0.00645669 
v -0.00736015 0.0142105 -0.0064058 
v -0.00733646 0.0142105 -0.00635719 
v -0.00730765 0.0142105 -0.00631142 
v -0.00727406 0.0142105 -0.00626904 
v -0.00723608 0.0142105 -0.00623054 
v -0.00719416 0.0142105 -0.00619637 
v -0.0071488 0.0142105 -0.00616693 
v -0.00710052 0.0142105 -0.00614257 
v -0.00704989 0.0142105 -0.00612357 
v -0.0069975 0.0142105 -0.00611016 
v -0.00694396 0.0142105 -0.00610249 
v -0.00688991 0.0142105 -0.00610065 
v -0.00683598 0.0142105 -0.00610467 
v -0.0067828 0.0142105 -0.00611449 
v -0.006731 0.0142105 -0.00613001 
v -0.00668117 0.0142105 -0.00615104 
v -0.00663392 0.0142105 -0.00617733 
v -0.00658978 0.0142105 -0.00620857 
v -0.00654927 0.0142105 -0.00624441 
v -0.00651288 0.0142105 -0.00628441 
v -0.00648103 0.0142105 -0.00632812 
v -0.00645409 0.0142105 -0.00637501 
v -0.00643238 0.0142105 -0.00642454 
v -0.00641774 0.0142208 -0.00647653 
v -0.00640722 0.0142208 -0.0065294 
v -0.00640247 0.0142208 -0.00658309 
v -0.00640356 0.0142208 -0.00663698 
v -0.00641047 0.0142208 -0.00669044 
v -0.00642312 0.0142208 -0.00674284 
v -0.00644136 0.0142208 -0.00679356 
v -0.00646497 0.0142208 -0.00684201 
v -0.00649369 0.0142208 -0.00688763 
v -0.00652717 0.0142208 -0.00692987 
v -0.00656502 0.0142208 -0.00696825 
v -0.0066068 0.0142208 -0.00700231 
v -0.00665202 0.0142208 -0.00703165 
v -0.00670014 0.0142208 -0.00705593 
v -0.00675061 0.0142208 -0.00707487 
v -0.00680282 0.0142208 -0.00708824 
v -0.00685618 0.0142208 -0.00709588 
v -0.00691005 0.0142208 -0.00709771 
v -0.00696381 0.0142208 -0.00709371 
v -0.00701681 0.0142208 -0.00708392 
v -0.00706845 0.0142208 -0.00706845 
v -0.00711811 0.0142208 -0.00704749 
v -0.00716521 0.0142208 -0.00702129 
v -0.00720921 0.0142208 -0.00699014 
v -0.00724958 0.0142208 -0.00695442 
v -0.00728585 0.0142208 -0.00691455 
v -0.00731759 0.0142208 -0.00687099 
v -0.00734444 0.0142208 -0.00682425 
v -0.00736608 0.0142208 -0.00677488 
v -0.00738226 0.0142208 -0.00672347 
v -0.00739278 0.0142208 -0.0066706 
v -0.00739753 0.0142208 -0.00661691 
v -0.00739644 0.0142208 -0.00656302 
v -0.00738953 0.0142208 -0.00650956 
v -0.00737688 0.0142208 -0.00645716 
v -0.00735864 0.0142208 -0.00640644 
v -0.00733503 0.0142208 -0.00635799 
v -0.00730631 0.0142208 -0.00631237 
v -0.00727283 0.0142208 -0.00627013 
v -0.00723498 0.0142208 -0.00623175 
v -0.0071932 0.0142208 -0.00619769 
v -0.00714798 0.0142208 -0.00616835 
v -0.00709986 0.0142208 -0.00614407 
v -0.00704939 0.0142208 -0.00612513 
v -0.00699718 0.0142208 -0.00611176 
v -0.00694382 0.0142208 -0.00610412 
v -0.00688995 0.0142208 -0.00610229 
v -0.00683619 0.0142208 -0.00610629 
v -0.00678319 0.0142208 -0.00611608 
v -0.00673155 0.0142208 -0.00613155 
v -0.00668189 0.0142208 -0.00615251 
v -0.00663479 0.0142208 -0.00617871 
v -0.00659079 0.0142208 -0.00620986 
v -0.00655042 0.0142208 -0.00624558 
v -0.00651415 0.0142208 -0.00628545 
v -0.00648241 0.0142208 -0.00632901 
v -0.00645556 0.0142208 -0.00637575 
v -0.00643392 0.0142208 -0.00642512 
v -0.00642036 0.0142309 -0.00647721 
v -0.0064099 0.0142309 -0.00652978 
v -0.00640518 0.0142309 -0.00658318 
v -0.00640626 0.0142309 -0.00663678 
v -0.00641313 0.0142309 -0.00668995 
v -0.00642571 0.0142309 -0.00674206 
v -0.00644385 0.0142309 -0.00679251 
v -0.00646734 0.0142309 -0.0068407 
v -0.0064959 0.0142309 -0.00688607 
v -0.0065292 0.0142309 -0.00692808 
v -0.00656684 0.0142309 -0.00696625 
v -0.0066084 0.0142309 -0.00700012 
v -0.00665337 0.0142309 -0.0070293 
v -0.00670123 0.0142309 -0.00705345 
v -0.00675142 0.0142309 -0.00707229 
v -0.00680335 0.0142309 -0.00708558 
v -0.00685642 0.0142309 -0.00709318 
v -0.00691 0.0142309 -0.007095 
v -0.00696346 0.0142309 -0.00709102 
v -0.00701618 0.0142309 -0.00708128 
v -0.00706753 0.0142309 -0.0070659 
v -0.00711692 0.0142309 -0.00704506 
v -0.00716377 0.0142309 -0.00701899 
v -0.00720752 0.0142309 -0.00698802 
v -0.00724767 0.0142309 -0.0069525 
v -0.00728375 0.0142309 -0.00691284 
v -0.00731532 0.0142309 -0.00686951 
v -0.00734203 0.0142309 -0.00682303 
v -0.00736355 0.0142309 -0.00677393 
v -0.00737964 0.0142309 -0.00672279 
v -0.0073901 0.0142309 -0.00667022 
v -0.00739482 0.0142309 -0.00661682 
v -0.00739374 0.0142309 -0.00656322 
v -0.00738687 0.0142309 -0.00651005 
v -0.00737429 0.0142309 -0.00645794 
v -0.00735615 0.0142309 -0.00640749 
v -0.00733266 0.0142309 -0.0063593 
v -0.0073041 0.0142309 -0.00631393 
v -0.0072708 0.0142309 -0.00627192 
v -0.00723316 0.0142309 -0.00623375 
v -0.0071916 0.0142309 -0.00619988 
v -0.00714663 0.0142309 -0.0061707 
v -0.00709877 0.0142309 -0.00614655 
v -0.00704858 0.0142309 -0.00612771 
v -0.00699665 0.0142309 -0.00611442 
v -0.00694358 0.0142309 -0.00610682 
v -0.00689 0.0142309 -0.006105 
v -0.00683654 0.0142309 -0.00610898 
v -0.00678382 0.0142309 -0.00611872 
v -0.00673247 0.0142309 -0.0061341 
v -0.00668308 0.0142309 -0.00615494 
v -0.00663623 0.0142309 -0.00618101 
v -0.00659248 0.0142309 -0.00621198 
v -0.00655233 0.0142309 -0.0062475 
v -0.00651625 0.0142309 -0.00628716 
v -0.00648468 0.0142309 -0.00633049 
v -0.00645797 0.0142309 -0.00637697 
v -0.00643645 0.0142309 -0.00642607 
v -0.006424 0.0142407 -0.00647814 
v -0.00641361 0.0142407 -0.00653032 
v -0.00640893 0.0142407 -0.00658331 
v -0.00641 0.0142407 -0.0066365 
v -0.00641682 0.0142407 -0.00668927 
v -0.00642931 0.0142407 -0.00674099 
v -0.00644731 0.0142407 -0.00679105 
v -0.00647062 0.0142407 -0.00683887 
v -0.00649896 0.0142407 -0.0068839 
v -0.00653201 0.0142407 -0.00692559 
v -0.00656937 0.0142407 -0.00696347 
v -0.0066106 0.0142407 -0.00699709 
v -0.00665523 0.0142407 -0.00702605 
v -0.00670273 0.0142407 -0.00705002 
v -0.00675254 0.0142407 -0.00706871 
v -0.00680409 0.0142407 -0.0070819 
v -0.00685675 0.0142407 -0.00708945 
v -0.00690992 0.0142407 -0.00709125 
v -0.00696298 0.0142407 -0.0070873 
v -0.0070153 0.0142407 -0.00707764 
v -0.00706626 0.0142407 -0.00706237 
v -0.00711528 0.0142407 -0.00704168 
v -0.00716177 0.0142407 -0.00701582 
v -0.00720519 0.0142407 -0.00698508 
v -0.00724504 0.0142407 -0.00694982 
v -0.00728084 0.0142407 -0.00691047 
v -0.00731217 0.0142407 -0.00686747 
v -0.00733868 0.0142407 -0.00682134 
v -0.00736004 0.0142407 -0.00677261 
v -0.007376 0.0142407 -0.00672186 
v -0.00738639 0.0142407 -0.00666968 
v -0.00739107 0.0142407 -0.00661669 
v -0.00739 0.0142407 -0.0065635 
v -0.00738318 0.0142407 -0.00651073 
v -0.00737069 0.0142407 -0.00645901 
v -0.00735269 0.0142407 -0.00640895 
v -0.00732938 0.0142407 -0.00636113 
v -0.00730104 0.0142407 -0.0063161 
v -0.00726799 0.0142407 -0.00627441 
v -0.00723063 0.0142407 -0.00623653 
v -0.0071894 0.0142407 -0.00620291 
v -0.00714477 0.0142407 -0.00617395 
v -0.00709727 0.0142407 -0.00614998 
v -0.00704746 0.0142407 -0.00613129 
v -0.00699591 0.0142407 -0.0061181 
v -0.00694325 0.0142407 -0.00611055 
v -0.00689008 0.0142407 -0.00610875 
v -0.00683702 0.0142407 -0.0061127 
v -0.0067847 0.0142407 -0.00612236 
v -0.00673374 0.0142407 -0.00613763 
v -0.00668472 0.0142407 -0.00615832 
v -0.00663823 0.0142407 -0.00618418 
v -0.00659481 0.0142407 -0.00621492 
v -0.00655496 0.0142407 -0.00625018 
v -0.00651916 0.0142407 -0.00628953 
v -0.00648783 0.0142407 -0.00633253 
v -0.00646132 0.0142407 -0.00637866 
v -0.00643996 0.0142407 -0.00642739 
v -0.0064286 0.01425 -0.00647931 
v -0.00641832 0.01425 -0.00653099 
v -0.00641368 0.01425 -0.00658347 
v -0.00641474 0.01425 -0.00663615 
v -0.0064215 0.01425 -0.0066884 
v -0.00643386 0.01425 -0.00673962 
v -0.00645169 0.01425 -0.0067892 
v -0.00647477 0.01425 -0.00683656 
v -0.00650284 0.01425 -0.00688115 
v -0.00653557 0.01425 -0.00692244 
v -0.00657257 0.01425 -0.00695996 
v -0.0066134 0.01425 -0.00699325 
v -0.0066576 0.01425 -0.00702193 
v -0.00670464 0.01425 -0.00704566 
v -0.00675397 0.01425 -0.00706417 
v -0.00680501 0.01425 -0.00707724 
v -0.00685717 0.01425 -0.00708471 
v -0.00690983 0.01425 -0.0070865 
v -0.00696237 0.01425 -0.00708259 
v -0.00701418 0.01425 -0.00707302 
v -0.00706465 0.01425 -0.0070579 
v -0.0071132 0.01425 -0.00703741 
v -0.00715924 0.01425 -0.0070118 
v -0.00720224 0.01425 -0.00698136 
v -0.0072417 0.01425 -0.00694644 
v -0.00727716 0.01425 -0.00690747 
v -0.00730819 0.01425 -0.00686489 
v -0.00733443 0.01425 -0.0068192 
v -0.00735559 0.01425 -0.00677095 
v -0.0073714 0.01425 -0.00672069 
v -0.00738168 0.01425 -0.00666901 
v -0.00738632 0.01425 -0.00661653 
v -0.00738526 0.01425 -0.00656385 
v -0.0073785 0.01425 -0.0065116 
v -0.00736614 0.01425 -0.00646038 
v -0.00734831 0.01425 -0.0064108 
v -0.00732523 0.01425 -0.00636344 
v -0.00729716 0.01425 -0.00631885 
v -0.00726443 0.01425 -0.00627756 
v -0.00722743 0.01425 -0.00624004 
v -0.0071866 0.01425 -0.00620675 
v -0.0071424 0.01425 -0.00617807 
v -0.00709536 0.01425 -0.00615434 
v -0.00704603 0.01425 -0.00613583 
v -0.00699499 0.01425 -0.00612276 
v -0.00694283 0.01425 -0.00611529 
v -0.00689017 0.01425 -0.0061135 
v -0.00683763 0.01425 -0.00611741 
v -0.00678582 0.01425 -0.00612698 
v -0.00673535 0.01425 -0.0061421 
v -0.0066868 0.01425 -0.00616259 
v -0.00664076 0.01425 -0.0061882 
v -0.00659776 0.01425 -0.00621864 
v -0.0065583 0.01425 -0.00625356 
v -0.00652284 0.01425 -0.00629253 
v -0.00649181 0.01425 -0.00633511 
v -0.00646557 0.01425 -0.0063808 
v -0.00644441 0.01425 -0.00642905 
v -0.00643412 0.0142588 -0.00648073 
v -0.00642396 0.0142588 -0.0065318 
v -0.00641938 0.0142588 -0.00658367 
v -0.00642043 0.0142588 -0.00663573 
v -0.0064271 0.0142588 -0.00668737 
v -0.00643932 0.0142588 -0.00673799 
v -0.00645694 0.0142588 -0.00678699 
v -0.00647975 0.0142588 -0.00683379 
v -0.00650749 0.0142588 -0.00687786 
v -0.00653984 0.0142588 -0.00691867 
v -0.0065764 0.0142588 -0.00695574 
v -0.00661676 0.0142588 -0.00698864 
v -0.00666044 0.0142588 -0.00701699 
v -0.00670693 0.0142588 -0.00704044 
v -0.00675568 0.0142588 -0.00705874 
v -0.00680613 0.0142588 -0.00707165 
v -0.00685767 0.0142588 -0.00707904 
v -0.00690971 0.0142588 -0.0070808 
v -0.00696164 0.0142588 -0.00707694 
v -0.00701284 0.0142588 -0.00706748 
v -0.00706272 0.0142588 -0.00705253 
v -0.0071107 0.0142588 -0.00703229 
v -0.0071562 0.0142588 -0.00700697 
v -0.0071987 0.0142588 -0.00697689 
v -0.0072377 0.0142588 -0.00694238 
v -0.00727274 0.0142588 -0.00690386 
v -0.00730341 0.0142588 -0.00686178 
v -0.00732934 0.0142588 -0.00681663 
v -0.00735025 0.0142588 -0.00676894 
v -0.00736588 0.0142588 -0.00671927 
v -0.00737604 0.0142588 -0.0066682 
v -0.00738062 0.0142588 -0.00661633 
v -0.00737957 0.0142588 -0.00656427 
v -0.0073729 0.0142588 -0.00651263 
v -0.00736068 0.0142588 -0.00646201 
v -0.00734306 0.0142588 -0.00641301 
v -0.00732025 0.0142588 -0.00636621 
v -0.00729251 0.0142588 -0.00632214 
v -0.00726016 0.0142588 -0.00628133 
v -0.0072236 0.0142588 -0.00624426 
v -0.00718324 0.0142588 -0.00621136 
v -0.00713956 0.0142588 -0.00618301 
v -0.00709307 0.0142588 -0.00615956 
v -0.00704432 0.0142588 -0.00614126 
v -0.00699387 0.0142588 -0.00612835 
v -0.00694233 0.0142588 -0.00612096 
v -0.00689029 0.0142588 -0.0061192 
v -0.00683836 0.0142588 -0.00612306 
v -0.00678716 0.0142588 -0.00613252 
v -0.00673728 0.0142588 -0.00614747 
v -0.0066893 0.0142588 -0.00616771 
v -0.0066438 0.0142588 -0.00619303 
v -0.0066013 0.0142588 -0.00622311 
v -0.0065623 0.0142588 -0.00625762 
v -0.00652726 0.0142588 -0.00629614 
v -0.00649659 0.0142588 -0.00633822 
v -0.00647066 0.0142588 -0.00638337 
v -0.00644975 0.0142588 -0.00643106 
v -0.00644051 0.0142669 -0.00648236 
v -0.00643048 0.0142669 -0.00653273 
v -0.00642596 0.0142669 -0.00658389 
v -0.006427 0.0142669 -0.00663524 
v -0.00643358 0.0142669 -0.00668617 
v -0.00644563 0.0142669 -0.0067361 
v -0.00646301 0.0142669 -0.00678442 
v -0.00648551 0.0142669 -0.00683059 
v -0.00651287 0.0142669 -0.00687405 
v -0.00654477 0.0142669 -0.0069143 
v -0.00658083 0.0142669 -0.00695087 
v -0.00662064 0.0142669 -0.00698332 
v -0.00666372 0.0142669 -0.00701127 
v -0.00670957 0.0142669 -0.00703441 
v -0.00675766 0.0142669 -0.00705245 
v -0.00680741 0.0142669 -0.00706519 
v -0.00685825 0.0142669 -0.00707247 
v -0.00690958 0.0142669 -0.00707422 
v -0.00696079 0.0142669 -0.0070704 
v -0.0070113 0.0142669 -0.00706107 
v -0.0070605 0.0142669 -0.00704634 
v -0.00710781 0.0142669 -0.00702637 
v -0.00715269 0.0142669 -0.0070014 
v -0.00719461 0.0142669 -0.00697172 
v -0.00723307 0.0142669 -0.00693769 
v -0.00726763 0.0142669 -0.0068997 
v -0.00729788 0.0142669 -0.0068582 
v -0.00732346 0.0142669 -0.00681367 
v -0.00734408 0.0142669 -0.00676663 
v -0.00735949 0.0142669 -0.00671764 
v -0.00736952 0.0142669 -0.00666727 
v -0.00737404 0.0142669 -0.00661611 
v -0.007373 0.0142669 -0.00656476 
v -0.00736642 0.0142669 -0.00651383 
v -0.00735437 0.0142669 -0.0064639 
v -0.00733699 0.0142669 -0.00641558 
v -0.00731449 0.0142669 -0.00636941 
v -0.00728713 0.0142669 -0.00632595 
v -0.00725523 0.0142669 -0.0062857 
v -0.00721917 0.0142669 -0.00624913 
v -0.00717936 0.0142669 -0.00621668 
v -0.00713628 0.0142669 -0.00618873 
v -0.00709043 0.0142669 -0.00616559 
v -0.00704234 0.0142669 -0.00614755 
v -0.00699259 0.0142669 -0.00613481 
v -0.00694175 0.0142669 -0.00612753 
v -0.00689042 0.0142669 -0.00612578 
v -0.00683921 0.0142669 -0.0061296 
v -0.0067887 0.0142669 -0.00613893 
v -0.0067395 0.0142669 -0.00615366 
v -0.00669219 0.0142669 -0.00617363 
v -0.00664731 0.0142669 -0.0061986 
v -0.00660539 0.0142669 -0.00622828 
v -0.00656693 0.0142669 -0.00626231 
v -0.00653237 0.0142669 -0.0063003 
v -0.00650212 0.0142669 -0.0063418 
v -0.00647654 0.0142669 -0.00638633 
v -0.00645592 0.0142669 -0.00643337 
v -0.00644768 0.0142743 -0.0064842 
v -0.00643781 0.0142743 -0.00653378 
v -0.00643336 0.0142743 -0.00658414 
v -0.00643438 0.0142743 -0.00663469 
v -0.00644086 0.0142743 -0.00668483 
v -0.00645272 0.0142743 -0.00673397 
v -0.00646983 0.0142743 -0.00678155 
v -0.00649198 0.0142743 -0.00682699 
v -0.00651891 0.0142743 -0.00686978 
v -0.00655031 0.0142743 -0.0069094 
v -0.00658581 0.0142743 -0.00694539 
v -0.006625 0.0142743 -0.00697734 
v -0.00666741 0.0142743 -0.00700486 
v -0.00671255 0.0142743 -0.00702763 
v -0.00675988 0.0142743 -0.00704539 
v -0.00680886 0.0142743 -0.00705793 
v -0.0068589 0.0142743 -0.0070651 
v -0.00690943 0.0142743 -0.00706682 
v -0.00695985 0.0142743 -0.00706306 
v -0.00700956 0.0142743 -0.00705388 
v -0.00705799 0.0142743 -0.00703937 
v -0.00710457 0.0142743 -0.00701971 
v -0.00714875 0.0142743 -0.00699514 
v -0.00719001 0.0142743 -0.00696592 
v -0.00722788 0.0142743 -0.00693242 
v -0.00726189 0.0142743 -0.00689503 
v -0.00729167 0.0142743 -0.00685417 
v -0.00731686 0.0142743 -0.00681033 
v -0.00733715 0.0142743 -0.00676403 
v -0.00735232 0.0142743 -0.0067158 
v -0.00736219 0.0142743 -0.00666622 
v -0.00736664 0.0142743 -0.00661586 
v -0.00736562 0.0142743 -0.00656531 
v -0.00735914 0.0142743 -0.00651517 
v -0.00734728 0.0142743 -0.00646603 
v -0.00733017 0.0142743 -0.00641845 
v -0.00730802 0.0142743 -0.00637301 
v -0.00728109 0.0142743 -0.00633022 
v -0.00724969 0.0142743 -0.0062906 
v -0.00721419 0.0142743 -0.00625461 
v -0.007175 0.0142743 -0.00622266 
v -0.00713259 0.0142743 -0.00619514 
v -0.00708745 0.0142743 -0.00617237 
v -0.00704012 0.0142743 -0.00615461 
v -0.00699114 0.0142743 -0.00614207 
v -0.0069411 0.0142743 -0.0061349 
v -0.00689057 0.0142743 -0.00613318 
v -0.00684015 0.0142743 -0.00613694 
v -0.00679044 0.0142743 -0.00614612 
v -0.00674201 0.0142743 -0.00616063 
v -0.00669543 0.0142743 -0.00618029 
v -0.00665125 0.0142743 -0.00620486 
v -0.00660999 0.0142743 -0.00623408 
v -0.00657212 0.0142743 -0.00626758 
v -0.00653811 0.0142743 -0.00630497 
v -0.00650833 0.0142743 -0.00634583 
v -0.00648314 0.0142743 -0.00638967 
v -0.00646285 0.0142743 -0.00643597 
v -0.00645556 0.0142809 -0.00648622 
v -0.00644586 0.0142809 -0.00653494 
v -0.00644149 0.0142809 -0.00658442 
v -0.00644249 0.0142809 -0.00663408 
v -0.00644886 0.0142809 -0.00668335 
v -0.00646051 0.0142809 -0.00673164 
v -0.00647732 0.0142809 -0.00677838 
v -0.00649909 0.0142809 -0.00682304 
v -0.00652555 0.0142809 -0.00686508 
v -0.00655641 0.0142809 -0.00690401 
v -0.00659129 0.0142809 -0.00693937 
v -0.00662979 0.0142809 -0.00697076 
v -0.00667146 0.0142809 -0.0069978 
v -0.00671581 0.0142809 -0.00702018 
v -0.00676232 0.0142809 -0.00703763 
v -0.00681044 0.0142809 -0.00704995 
v -0.00685962 0.0142809 -0.007057 
v -0.00690926 0.0142809 -0.00705868 
v -0.0069588 0.0142809 -0.00705499 
v -0.00700765 0.0142809 -0.00704597 
v -0.00705524 0.0142809 -0.00703172 
v -0.00710101 0.0142809 -0.0070124 
v -0.00714442 0.0142809 -0.00698825 
v -0.00718496 0.0142809 -0.00695955 
v -0.00722216 0.0142809 -0.00692663 
v -0.00725559 0.0142809 -0.00688989 
v -0.00728485 0.0142809 -0.00684974 
v -0.00730959 0.0142809 -0.00680667 
v -0.00732954 0.0142809 -0.00676117 
v -0.00734444 0.0142809 -0.00671378 
v -0.00735414 0.0142809 -0.00666506 
v -0.00735851 0.0142809 -0.00661558 
v -0.00735751 0.0142809 -0.00656592 
v -0.00735114 0.0142809 -0.00651665 
v -0.00733949 0.0142809 -0.00646836 
v -0.00732268 0.0142809 -0.00642162 
v -0.00730091 0.0142809 -0.00637696 
v -0.00727445 0.0142809 -0.00633492 
v -0.00724359 0.0142809 -0.00629599 
v -0.00720871 0.0142809 -0.00626063 
v -0.00717021 0.0142809 -0.00622924 
v -0.00712854 0.0142809 -0.0062022 
v -0.00708419 0.0142809 -0.00617982 
v -0.00703768 0.0142809 -0.00616237 
v -0.00698956 0.0142809 -0.00615005 
v -0.00694038 0.0142809 -0.006143 
v -0.00689074 0.0142809 -0.00614132 
v -0.0068412 0.0142809 -0.00614501 
v -0.00679235 0.0142809 -0.00615403 
v -0.00674476 0.0142809 -0.00616828 
v -0.00669899 0.0142809 -0.0061876 
v -0.00665558 0.0142809 -0.00621175 
v -0.00661504 0.0142809 -0.00624045 
v -0.00657784 0.0142809 -0.00627337 
v -0.00654441 0.0142809 -0.00631011 
v -0.00651515 0.0142809 -0.00635026 
v -0.00649041 0.0142809 -0.00639333 
v -0.00647046 0.0142809 -0.00643883 
v -0.00646406 0.0142866 -0.00648839 
v -0.00645455 0.0142866 -0.00653618 
v -0.00645026 0.0142866 -0.00658472 
v -0.00645124 0.0142866 -0.00663343 
v -0.00645749 0.0142866 -0.00668175 
v -0.00646892 0.0142866 -0.00672912 
v -0.00648541 0.0142866 -0.00677497 
v -0.00650676 0.0142866 -0.00681877 
v -0.00653272 0.0142866 -0.00686 
v -0.00656298 0.0142866 -0.00689819 
v -0.0065972 0.0142866 -0.00693288 
v -0.00663496 0.0142866 -0.00696367 
v -0.00667583 0.0142866 -0.00699019 
v -0.00671934 0.0142866 -0.00701214 
v -0.00676496 0.0142866 -0.00702926 
v -0.00681216 0.0142866 -0.00704134 
v -0.00686039 0.0142866 -0.00704825 
v -0.00690909 0.0142866 -0.00704991 
v -0.00695768 0.0142866 -0.00704629 
v -0.00700559 0.0142866 -0.00703744 
v -0.00705227 0.0142866 -0.00702346 
v -0.00709716 0.0142866 -0.00700451 
v -0.00713974 0.0142866 -0.00698082 
v -0.00717951 0.0142866 -0.00695267 
v -0.007216 0.0142866 -0.00692038 
v -0.00724879 0.0142866 -0.00688434 
v -0.00727748 0.0142866 -0.00684496 
v -0.00730176 0.0142866 -0.00680271 
v -0.00732132 0.0142866 -0.00675809 
v -0.00733594 0.0142866 -0.00671161 
v -0.00734545 0.0142866 -0.00666382 
v -0.00734974 0.0142866 -0.00661528 
v -0.00734876 0.0142866 -0.00656657 
v -0.00734251 0.0142866 -0.00651825 
v -0.00733108 0.0142866 -0.00647088 
v -0.00731459 0.0142866 -0.00642503 
v -0.00729324 0.0142866 -0.00638123 
v -0.00726728 0.0142866 -0.00634 
v -0.00723702 0.0142866 -0.00630181 
v -0.0072028 0.0142866 -0.00626712 
v -0.00716504 0.0142866 -0.00623633 
v -0.00712417 0.0142866 -0.00620981 
v -0.00708066 0.0142866 -0.00618786 
v -0.00703504 0.0142866 -0.00617074 
v -0.00698784 0.0142866 -0.00615866 
v -0.00693961 0.0142866 -0.00615175 
v -0.00689091 0.0142866 -0.00615009 
v -0.00684232 0.0142866 -0.00615371 
v -0.00679441 0.0142866 -0.00616256 
v -0.00674773 0.0142866 -0.00617654 
v -0.00670284 0.0142866 -0.00619549 
v -0.00666026 0.0142866 -0.00621918 
v -0.00662049 0.0142866 -0.00624733 
v -0.006584 0.0142866 -0.00627962 
v -0.00655121 0.0142866 -0.00631566 
v -0.00652252 0.0142866 -0.00635504 
v -0.00649824 0.0142866 -0.00639729 
v -0.00647868 0.0142866 -0.00644191 
v -0.00647309 0.0142914 -0.00649071 
v -0.00646378 0.0142914 -0.0065375 
v -0.00645958 0.0142914 -0.00658503 
v -0.00646054 0.0142914 -0.00663274 
v -0.00646666 0.0142914 -0.00668006 
v -0.00647786 0.0142914 -0.00672644 
v -0.006494 0.0142914 -0.00677134 
v -0.00651491 0.0142914 -0.00681424 
v -0.00654033 0.0142914 -0.00685462 
v -0.00656996 0.0142914 -0.00689201 
v -0.00660347 0.0142914 -0.00692598 
v -0.00664045 0.0142914 -0.00695613 
v -0.00668048 0.0142914 -0.00698211 
v -0.00672308 0.0142914 -0.0070036 
v -0.00676775 0.0142914 -0.00702036 
v -0.00681398 0.0142914 -0.0070322 
v -0.00686121 0.0142914 -0.00703896 
v -0.0069089 0.0142914 -0.00704058 
v -0.00695648 0.0142914 -0.00703704 
v -0.0070034 0.0142914 -0.00702837 
v -0.00704911 0.0142914 -0.00701468 
v -0.00709307 0.0142914 -0.00699613 
v -0.00713477 0.0142914 -0.00697293 
v -0.00717371 0.0142914 -0.00694536 
v -0.00720945 0.0142914 -0.00691374 
v -0.00724156 0.0142914 -0.00687845 
v -0.00726966 0.0142914 -0.00683988 
v -0.00729343 0.0142914 -0.00679851 
v -0.00731259 0.0142914 -0.00675481 
v -0.00732691 0.0142914 -0.00670929 
v -0.00733622 0.0142914 -0.0066625 
v -0.00734042 0.0142914 -0.00661497 
v -0.00733946 0.0142914 -0.00656726 
v -0.00733334 0.0142914 -0.00651994 
v -0.00732214 0.0142914 -0.00647356 
v -0.007306 0.0142914 -0.00642866 
v -0.00728509 0.0142914 -0.00638576 
v -0.00725967 0.0142914 -0.00634538 
v -0.00723004 0.0142914 -0.00630799 
v -0.00719653 0.0142914 -0.00627402 
v -0.00715955 0.0142914 -0.00624387 
v -0.00711952 0.0142914 -0.00621789 
v -0.00707692 0.0142914 -0.0061964 
v -0.00703225 0.0142914 -0.00617964 
v -0.00698602 0.0142914 -0.0061678 
v -0.00693879 0.0142914 -0.00616104 
v -0.0068911 0.0142914 -0.00615942 
v -0.00684352 0.0142914 -0.00616296 
v -0.0067966 0.0142914 -0.00617163 
v -0.00675089 0.0142914 -0.00618532 
v -0.00670693 0.0142914 -0.00620387 
v -0.00666523 0.0142914 -0.00622707 
v -0.00662629 0.0142914 -0.00625464 
v -0.00659055 0.0142914 -0.00628626 
v -0.00655844 0.0142914 -0.00632155 
v -0.00653034 0.0142914 -0.00636012 
v -0.00650657 0.0142914 -0.00640149 
v -0.00648741 0.0142914 -0.00644519 
v -0.00648256 0.0142951 -0.00649313 
v -0.00647345 0.0142951 -0.00653889 
v -0.00646935 0.0142951 -0.00658536 
v -0.00647029 0.0142951 -0.00663201 
v -0.00647627 0.0142951 -0.00667828 
v -0.00648722 0.0142951 -0.00672364 
v -0.006503 0.0142951 -0.00676754 
v -0.00652345 0.0142951 -0.00680948 
v -0.0065483 0.0142951 -0.00684897 
v -0.00657728 0.0142951 -0.00688553 
v -0.00661005 0.0142951 -0.00691875 
v -0.00664621 0.0142951 -0.00694823 
v -0.00668535 0.0142951 -0.00697363 
v -0.006727 0.0142951 -0.00699465 
v -0.00677069 0.0142951 -0.00701104 
v -0.00681589 0.0142951 -0.00702261 
v -0.00686207 0.0142951 -0.00702923 
v -0.0069087 0.0142951 -0.00703081 
v -0.00695523 0.0142951 -0.00702735 
v -0.00700111 0.0142951 -0.00701887 
v -0.00704581 0.0142951 -0.00700548 
v -0.00708879 0.0142951 -0.00698734 
v -0.00712956 0.0142951 -0.00696466 
v -0.00716764 0.0142951 -0.0069377 
v -0.00720259 0.0142951 -0.00690678 
v -0.00723398 0.0142951 -0.00687227 
v -0.00726146 0.0142951 -0.00683456 
v -0.00728471 0.0142951 -0.00679411 
v -0.00730344 0.0142951 -0.00675138 
v -0.00731744 0.0142951 -0.00670687 
v -0.00732655 0.0142951 -0.00666111 
v -0.00733065 0.0142951 -0.00661464 
v -0.00732971 0.0142951 -0.00656799 
v -0.00732373 0.0142951 -0.00652172 
v -0.00731278 0.0142951 -0.00647636 
v -0.007297 0.0142951 -0.00643246 
v -0.00727655 0.0142951 -0.00639052 
v -0.0072517 0.0142951 -0.00635103 
v -0.00722272 0.0142951 -0.00631447 
v -0.00718995 0.0142951 -0.00628125 
v -0.00715379 0.0142951 -0.00625177 
v -0.00711465 0.0142951 -0.00622637 
v -0.007073 0.0142951 -0.00620535 
v -0.00702931 0.0142951 -0.00618896 
v -0.00698411 0.0142951 -0.00617739 
v -0.00693793 0.0142951 -0.00617077 
v -0.0068913 0.0142951 -0.00616919 
v -0.00684477 0.0142951 -0.00617265 
v -0.00679889 0.0142951 -0.00618113 
v -0.00675419 0.0142951 -0.00619452 
v -0.00671121 0.0142951 -0.00621266 
v -0.00667044 0.0142951 -0.00623534 
v -0.00663236 0.0142951 -0.0062623 
v -0.00659741 0.0142951 -0.00629322 
v -0.00656602 0.0142951 -0.00632773 
v -0.00653854 0.0142951 -0.00636544 
v -0.00651529 0.0142951 -0.00640589 
v -0.00649656 0.0142951 -0.00644862 
v -0.00649236 0.0142978 -0.00649564 
v -0.00648346 0.0142978 -0.00654032 
v -0.00647945 0.0142978 -0.00658571 
v -0.00648037 0.0142978 -0.00663126 
v -0.00648621 0.0142978 -0.00667645 
v -0.0064969 0.0142978 -0.00672074 
v -0.00651232 0.0142978 -0.00676361 
v -0.00653228 0.0142978 -0.00680457 
v -0.00655656 0.0142978 -0.00684313 
v -0.00658486 0.0142978 -0.00687884 
v -0.00661685 0.0142978 -0.00691127 
v -0.00665216 0.0142978 -0.00694006 
v -0.00669038 0.0142978 -0.00696487 
v -0.00673106 0.0142978 -0.00698539 
v -0.00677372 0.0142978 -0.0070014 
v -0.00681786 0.0142978 -0.0070127 
v -0.00686296 0.0142978 -0.00701916 
v -0.0069085 0.0142978 -0.00702071 
v -0.00695393 0.0142978 -0.00701732 
v -0.00699874 0.0142978 -0.00700904 
v -0.00704238 0.0142978 -0.00699597 
v -0.00708436 0.0142978 -0.00697825 
v -0.00712418 0.0142978 -0.0069561 
v -0.00716136 0.0142978 -0.00692978 
v -0.00719549 0.0142978 -0.00689959 
v -0.00722615 0.0142978 -0.00686588 
v -0.00725298 0.0142978 -0.00682906 
v -0.00727568 0.0142978 -0.00678955 
v -0.00729397 0.0142978 -0.00674783 
v -0.00730764 0.0142978 -0.00670436 
v -0.00731654 0.0142978 -0.00665968 
v -0.00732055 0.0142978 -0.00661429 
v -0.00731963 0.0142978 -0.00656874 
v -0.00731379 0.0142978 -0.00652355 
v -0.0073031 0.0142978 -0.00647926 
v -0.00728768 0.0142978 -0.00643639 
v -0.00726772 0.0142978 -0.00639543 
v -0.00724344 0.0142978 -0.00635687 
v -0.00721514 0.0142978 -0.00632116 
v -0.00718315 0.0142978 -0.00628873 
v -0.00714784 0.0142978 -0.00625994 
v -0.00710962 0.0142978 -0.00623513 
v -0.00706894 0.0142978 -0.00621461 
v -0.00702628 0.0142978 -0.0061986 
v -0.00698214 0.0142978 -0.0061873 
v -0.00693704 0.0142978 -0.00618084 
v -0.0068915 0.0142978 -0.00617929 
v -0.00684607 0.0142978 -0.00618268 
v -0.00680126 0.0142978 -0.00619096 
v -0.00675762 0.0142978 -0.00620403 
v -0.00671564 0.0142978 -0.00622175 
v -0.00667582 0.0142978 -0.0062439 
v -0.00663864 0.0142978 -0.00627022 
v -0.00660451 0.0142978 -0.00630041 
v -0.00657385 0.0142978 -0.00633412 
v -0.00654702 0.0142978 -0.00637094 
v -0.00652432 0.0142978 -0.00641045 
v -0.00650603 0.0142978 -0.00645217 
v -0.00650237 0.0142995 -0.0064982 
v -0.0064937 0.0142995 -0.00654179 
v -0.00648978 0.0142995 -0.00658606 
v -0.00649068 0.0142995 -0.00663049 
v -0.00649638 0.0142995 -0.00667457 
v -0.00650681 0.0142995 -0.00671777 
v -0.00652184 0.0142995 -0.00675959 
v -0.00654132 0.0142995 -0.00679954 
v -0.00656499 0.0142995 -0.00683715 
v -0.0065926 0.0142995 -0.00687198 
v -0.00662381 0.0142995 -0.00690363 
v -0.00665825 0.0142995 -0.00693171 
v -0.00669553 0.0142995 -0.0069559 
v -0.00673521 0.0142995 -0.00697592 
v -0.00677682 0.0142995 -0.00699153 
v -0.00681988 0.0142995 -0.00700256 
v -0.00686387 0.0142995 -0.00700886 
v -0.00690829 0.0142995 -0.00701037 
v -0.00695261 0.0142995 -0.00700707 
v -0.00699631 0.0142995 -0.00699899 
v -0.00703889 0.0142995 -0.00698624 
v -0.00707983 0.0142995 -0.00696896 
v -0.00711867 0.0142995 -0.00694735 
v -0.00715494 0.0142995 -0.00692168 
v -0.00718823 0.0142995 -0.00689223 
v -0.00721813 0.0142995 -0.00685935 
v -0.00724431 0.0142995 -0.00682343 
v -0.00726645 0.0142995 -0.0067849 
v -0.00728429 0.0142995 -0.00674419 
v -0.00729763 0.0142995 -0.0067018 
v -0.0073063 0.0142995 -0.00665821 
v -0.00731022 0.0142995 -0.00661394 
v -0.00730932 0.0142995 -0.00656951 
v -0.00730362 0.0142995 -0.00652543 
v -0.00729319 0.0142995 -0.00648223 
v -0.00727816 0.0142995 -0.00644041 
v -0.00725868 0.0142995 -0.00640046 
v -0.00723501 0.0142995 -0.00636285 
v -0.0072074 0.0142995 -0.00632802 
v -0.00717619 0.0142995 -0.00629637 
v -0.00714175 0.0142995 -0.00626829 
v -0.00710447 0.0142995 -0.0062441 
v -0.00706479 0.0142995 -0.00622408 
v -0.00702318 0.0142995 -0.00620847 
v -0.00698012 0.0142995 -0.00619744 
v -0.00693613 0.0142995 -0.00619114 
v -0.00689171 0.0142995 -0.00618963 
v -0.00684739 0.0142995 -0.00619293 
v -0.00680369 0.0142995 -0.00620101 
v -0.00676111 0.0142995 -0.00621376 
v -0.00672017 0.0142995 -0.00623104 
v -0.00668133 0.0142995 -0.00625265 
v -0.00664506 0.0142995 -0.00627832 
v -0.00661177 0.0142995 -0.00630777 
v -0.00658187 0.0142995 -0.00634065 
v -0.00655569 0.0142995 -0.00637657 
v -0.00653355 0.0142995 -0.0064151 
v -0.00651571 0.0142995 -0.00645581 
v -0.0069 0.0143 -0.0066 
v -0.0350259 0.014 0.010282 
v -0.033532 0.014 0.0117759 
v -0.0333866 0.014 0.0119077 
v -0.0351577 0.014 0.0101366 
v 0.00960075 0.014 0.0105708 
v 0.0096117 0.014 0.0103618 
v -0.0352747 0.014 0.00997897 
v -0.0330606 0.014 0.0121256 
v -0.0328832 0.014 0.0122095 
v -0.0326984 0.014 0.0122756 
v -0.032508 0.014 0.0123233 
v -0.0323139 0.014 0.0123521 
v -0.0321179 0.014 0.0123617 
v 0.00761178 0.014 0.0123617 
v 0.0096117 0.014 -0.0103618 
v 0.00960075 0.014 -0.0105708 
v -0.033229 0.014 0.0120247 
v 0.00951382 0.014 0.0109798 
v 0.009568 0.014 0.0107776 
v 0.009568 0.014 -0.0107776 
v -0.0353756 0.014 0.00981063 
v 0.0082298 0.014 0.0122638 
v 0.00842523 0.014 0.0121888 
v 0.00951382 0.014 -0.0109798 
v 0.0094388 0.014 -0.0111752 
v 0.00922976 0.014 -0.0115373 
v 0.00909802 0.014 -0.0117 
v 0.0082298 0.014 -0.0122638 
v 0.0080276 0.014 -0.012318 
v 0.00782083 0.014 -0.0123507 
v -0.0354595 0.014 -0.00963321 
v -0.0355256 0.014 -0.00944842 
v -0.0355733 0.014 -0.00925804 
v -0.0356021 0.014 -0.0090639 
v -0.0356117 0.014 -0.00886787 
v -0.0354595 0.014 0.00963321 
v 0.00861175 0.014 0.0120938 
v 0.00909802 0.014 0.0117 
v 0.00922976 0.014 0.0115373 
v 0.00934377 0.014 0.0113618 
v 0.0094388 0.014 0.0111752 
v 0.00934377 0.014 -0.0113618 
v 0.00895 0.014 -0.011848 
v 0.00878732 0.014 -0.0119798 
v 0.00861175 0.014 -0.0120938 
v 0.00842523 0.014 -0.0121888 
v 0.00761178 0.014 -0.0123617 
v -0.0323139 0.014 -0.0123521 
v -0.032508 0.014 -0.0123233 
v -0.0326984 0.014 -0.0122756 
v -0.0333866 0.014 -0.0119077 
v -0.033532 0.014 -0.0117759 
v -0.0356117 0.014 0.00886787 
v -0.0356021 0.014 0.0090639 
v -0.0355733 0.014 0.00925804 
v -0.0355256 0.014 0.00944842 
v 0.00878732 0.014 0.0119798 
v 0.00895 0.014 0.011848 
v -0.0321179 0.014 -0.0123617 
v -0.0328832 0.014 -0.0122095 
v -0.0330606 0.014 -0.0121256 
v -0.033229 0.014 -0.0120247 
v -0.0350259 0.014 -0.010282 
v -0.0351577 0.014 -0.0101366 
v -0.0352747 0.014 -0.00997897 
v -0.0353756 0.014 -0.00981063 
v 0.00782083 0.014 0.0123507 
v 0.0080276 0.014 0.012318 
v 0.0095 0.0012 -0.0102501 
v 0.00948904 0.0012 -0.0104591 
v 0.0094563 0.0012 -0.0106659 
v 0.00940212 0.0012 -0.0108681 
v 0.0093271 0.0012 -0.0110635 
v 0.00923207 0.0012 -0.01125 
v 0.00911806 0.0012 -0.0114256 
v 0.00898632 0.0012 -0.0115883 
v 0.0088383 0.0012 -0.0117363 
v 0.00867561 0.0012 -0.0118681 
v 0.00850005 0.0012 -0.0119821 
v 0.00831353 0.0012 -0.0120771 
v 0.0081181 0.0012 -0.0121521 
v 0.00791589 0.0012 -0.0122063 
v 0.00770913 0.0012 -0.012239 
v 0.00750008 0.0012 -0.01225 
v 0.00911806 0.0012 0.0114256 
v 0.00898632 0.0012 0.0115883 
v 0.0088383 0.0012 0.0117363 
v 0.00867561 0.0012 0.0118681 
v 0.00850005 0.0012 0.0119821 
v 0.00923207 0.0012 0.01125 
v 0.0093271 0.0012 0.0110635 
v -0.035163 0.0012 0.0099327 
v -0.0354139 0.0012 0.00940215 
v -0.0354616 0.0012 0.00921177 
v -0.0352639 0.0012 0.00976436 
v 0.00831353 0.0012 0.0120771 
v 0.00940212 0.0012 0.0108681 
v -0.035046 0.0012 -0.0100903 
v -0.0354616 0.0012 -0.00921177 
v -0.0354139 0.0012 -0.00940215 
v -0.0353478 0.0012 0.00958694 
v -0.0334858 0.0012 0.0116642 
v -0.0331827 0.0012 -0.011913 
v -0.0330144 0.0012 -0.0120139 
v -0.0353478 0.0012 -0.00958694 
v -0.0352639 0.0012 -0.00976436 
v -0.035163 0.0012 -0.0099327 
v -0.0354904 0.0012 -0.00901763 
v -0.0354904 0.0012 0.00901763 
v -0.035046 0.0012 0.0100903 
v 0.0081181 0.0012 0.0121521 
v 0.0094563 0.0012 0.0106659 
v -0.0328369 0.0012 -0.0120978 
v -0.0349142 0.0012 0.0102358 
v -0.0326522 0.0012 -0.0121639 
v -0.0320716 0.0012 -0.01225 
v -0.0331827 0.0012 0.011913 
v -0.0333403 0.0012 0.011796 
v 0.00791589 0.0012 0.0122063 
v -0.0324618 0.0012 -0.0122116 
v -0.0334858 0.0012 -0.0116642 
v -0.0333403 0.0012 -0.011796 
v -0.0349142 0.0012 -0.0102358 
v -0.0355 0.0012 -0.0088216 
v -0.0355 0.0012 0.0088216 
v -0.0330144 0.0012 0.0120139 
v -0.0324618 0.0012 0.0122116 
v -0.0326522 0.0012 0.0121639 
v 0.00770913 0.0012 0.012239 
v 0.00948904 0.0012 0.0104591 
v -0.0328369 0.0012 0.0120978 
v -0.0322676 0.0012 0.0122404 
v -0.0322676 0.0012 -0.0122404 
v 0.00750008 0.0012 0.01225 
v 0.0095 0.0012 0.0102501 
v -0.0320716 0.0012 0.01225 
vn 0 1 0 
vn -0.994138 0 0.108119 
vn -1 0 0 
vn -0.976621 0 0.21497 
vn -0.994138 0 0.108119 
vn -0.947653 0 0.319302 
vn -0.976621 0 0.21497 
vn -0.907575 0 0.419889 
vn -0.947653 0 0.319302 
vn -0.856857 0 0.515554 
vn -0.907575 0 0.419889 
vn -0.796093 0 0.605174 
vn -0.856857 0 0.515554 
vn -0.725995 0 0.687699 
vn -0.796093 0 0.605174 
vn -0.647386 0 0.762162 
vn -0.708939 0 0.70527 
vn -0.725995 0 0.687699 
vn -0.561187 0 0.827689 
vn -0.647386 0 0.762162 
vn -0.468408 0 0.883512 
vn -0.561187 0 0.827689 
vn -0.370138 0 0.928977 
vn -0.468408 0 0.883512 
vn -0.267528 0 0.96355 
vn -0.370138 0 0.928977 
vn -0.161782 0 0.986827 
vn -0.267528 0 0.96355 
vn -0.0541389 0 0.998533 
vn -0.161782 0 0.986827 
vn 0.0541389 0 0.998533 
vn -0.0541389 0 0.998533 
vn 0.161782 0 0.986827 
vn 0.0541389 0 0.998533 
vn 0.267528 0 0.96355 
vn 0.161782 0 0.986827 
vn 0.370138 0 0.928977 
vn 0.267528 0 0.96355 
vn 0.468408 0 0.883512 
vn 0.370138 0 0.928977 
vn 0.561187 0 0.827689 
vn 0.468408 0 0.883512 
vn 0.647386 0 0.762162 
vn 0.561187 0 0.827689 
vn 0.708939 0 0.70527 
vn 0.725995 0 0.687699 
vn 0.796093 0 0.605174 
vn 0.856857 0 0.515554 
vn 0.907575 0 0.419889 
vn 0.947653 0 0.319302 
vn 0.976621 0 0.21497 
vn 0.994138 0 0.108119 
vn 1 0 -1.22465e-16 
vn 0.994138 0 -0.108119 
vn 0.976621 0 -0.21497 
vn 0.947653 0 -0.319302 
vn 0.907575 0 -0.419889 
vn 0.856857 0 -0.515554 
vn 0.796093 0 -0.605174 
vn 0.725995 0 -0.687699 
vn 0.647386 0 -0.762162 
vn 0.561187 0 -0.827689 
vn 0.468408 0 -0.883512 
vn 0.370138 0 -0.928977 
vn 0.267528 0 -0.96355 
vn 0.161782 0 -0.986827 
vn 0.0541389 0 -0.998533 
vn -0.0541389 0 -0.998533 
vn -0.161782 0 -0.986827 
vn -0.267528 0 -0.96355 
vn -0.370138 0 -0.928977 
vn -0.468408 0 -0.883512 
vn -0.561187 0 -0.827689 
vn -0.647386 0 -0.762162 
vn -0.725995 0 -0.687699 
vn -0.796093 0 -0.605174 
vn -0.856857 0 -0.515554 
vn -0.907575 0 -0.419889 
vn -0.947653 0 -0.319302 
vn -0.976621 0 -0.21497 
vn -0.994138 0 -0.108119 
vn 0 1 0 
vn 1 0 0 
vn 3.46822e-16 0 1 
vn 0.104528 -1.03313e-16 0.994522 
vn 0.207912 -1.84546e-16 0.978148 
vn 0.309017 -2.63757e-16 0.951057 
vn 0.406737 -3.40079e-16 0.913545 
vn 0.5 -4.12675e-16 0.866025 
vn 0.587785 -4.80749e-16 0.809017 
vn 0.669131 -5.43556e-16 0.743145 
vn 0.743145 -6.00407e-16 0.669131 
vn 0.809017 -6.50681e-16 0.587785 
vn 0.866025 -6.93825e-16 0.5 
vn 0.913545 -7.29368e-16 0.406737 
vn 0.951057 -7.5692e-16 0.309017 
vn 0.978148 -7.76179e-16 0.207912 
vn 0.994522 -7.86933e-16 0.104528 
vn 0.981685 -7.80901e-16 0.190512 
vn 1 -7.80901e-16 9.2203e-18 
vn 0.978148 -7.76179e-16 0.207912 
vn 0 0 1 
vn -0.707107 0 0.707107 
vn -0.634393 0 0.77301 
vn -0.55557 0 0.83147 
vn -0.471397 0 0.881921 
vn -0.382683 0 0.92388 
vn -0.290285 0 0.95694 
vn -0.19509 0 0.980785 
vn -0.0980171 0 0.995185 
vn 0 0 1 
vn -0.707107 0 0.707107 
vn -1 0 0 
vn -0.995185 0 0.0980171 
vn -0.980785 0 0.19509 
vn -0.95694 0 0.290285 
vn -0.92388 0 0.382683 
vn -0.881921 0 0.471397 
vn -0.83147 0 0.55557 
vn -0.77301 0 0.634393 
vn -0.707107 0 0.707107 
vn -1 0 0 
vn -0.707107 0 -0.707107 
vn -0.77301 0 -0.634393 
vn -0.83147 0 -0.55557 
vn -0.881921 0 -0.471397 
vn -0.92388 0 -0.382683 
vn -0.95694 0 -0.290285 
vn -0.980785 0 -0.19509 
vn -0.995185 0 -0.0980171 
vn -1 0 0 
vn -0.707107 0 -0.707107 
vn 0 0 -1 
vn -0.0980171 0 -0.995185 
vn -0.19509 0 -0.980785 
vn -0.290285 0 -0.95694 
vn -0.382683 0 -0.92388 
vn -0.471397 0 -0.881921 
vn -0.55557 0 -0.83147 
vn -0.634393 0 -0.77301 
vn -0.707107 0 -0.707107 
vn 0 0 -1 
vn 1 0 2.60484e-16 
vn 0.994522 -7.74847e-17 -0.104528 
vn 0.978148 -1.3841e-16 -0.207912 
vn 0.951057 -1.97818e-16 -0.309017 
vn 0.913545 -2.55059e-16 -0.406737 
vn 0.866025 -3.09506e-16 -0.5 
vn 0.809017 -3.60562e-16 -0.587785 
vn 0.743145 -4.07667e-16 -0.669131 
vn 0.669131 -4.50306e-16 -0.743145 
vn 0.587785 -4.88011e-16 -0.809017 
vn 0.5 -5.20369e-16 -0.866025 
vn 0.406737 -5.47026e-16 -0.913545 
vn 0.309017 -5.6769e-16 -0.951057 
vn 0.207912 -5.82134e-16 -0.978148 
vn 0.104528 -5.902e-16 -0.994522 
vn 6.91522e-18 -6.07367e-16 -1 
vn -0.918794 0 0.394737 
vn -0.948772 0 0.315962 
vn -0.952781 0 0.303657 
vn -0.977764 0 0.209707 
vn -0.993506 0 0.113776 
vn -0.999859 0 0.0167689 
vn -0.996763 0 -0.0803964 
vn -0.984246 0 -0.176802 
vn -0.962428 0 -0.271536 
vn -0.931514 0 -0.363705 
vn -0.891797 0 -0.452436 
vn 0 1 0 
vn 0 0 -1 
vn 0.985942 0 -0.167089 
vn 0.575708 0 0.817655 
vn 0.497659 0 0.867373 
vn 0.415348 0 0.909663 
vn 0.333192 0 0.942859 
vn 0.32948 0 0.944162 
vn 0 0 1 
vn 0 1 0 
vn 0.394737 0 0.918794 
vn 0.293124 0 0.956075 
vn 0.188076 0 0.982154 
vn 0.080826 0 0.996728 
vn -0.0273714 0 0.999625 
vn -0.135248 0 0.990812 
vn -0.24154 0 0.970391 
vn -0.345003 0 0.938602 
vn -0.444424 0 0.895817 
vn -0.538638 0 0.842537 
vn -0.626543 0 0.779387 
vn -0.707107 0 0.707107 
vn -0.660231 0 0.751062 
vn -0.779387 0 0.626543 
vn -0.7364 0 0.676546 
vn -0.707107 0 0.707107 
vn -0.779387 0 0.626543 
vn -0.842537 0 0.538638 
vn -0.895817 0 0.444424 
vn -0.938602 0 0.345003 
vn -0.970391 0 0.24154 
vn -0.990812 0 0.135248 
vn -0.999625 0 0.0273714 
vn -0.996728 0 -0.080826 
vn -0.982154 0 -0.188076 
vn -0.956075 0 -0.293124 
vn -0.918794 0 -0.394737 
vn -1 0 0 
vn 0.336788 0 -0.941581 
vn 0.434194 0 -0.900819 
vn 0.526759 0 -0.850014 
vn 0.606756 0 -0.794888 
vn 0.613452 0 -0.789732 
vn 0.693304 0 -0.720645 
vn 0.634811 0 -0.772668 
vn 0.613452 0 -0.789732 
vn 0.693304 0 -0.720645 
vn 0.765427 0 -0.643523 
vn 0.829016 0 -0.559226 
vn 1 0 0 
vn -1 0 0 
vn -0.736842 0 -0.676065 
vn -0.659987 0 -0.751277 
vn -0.657987 0 -0.75303 
vn -0.5755 0 -0.817801 
vn -0.484359 0 -0.874869 
vn -0.387617 0 -0.921821 
vn -0.286392 0 -0.958113 
vn -0.181856 0 -0.983325 
vn -0.0752164 0 -0.997167 
vn 0.0322926 0 -0.999478 
vn 0.139428 0 -0.990232 
vn 0.244951 0 -0.969535 
vn 0.347642 0 -0.937627 
vn 0.446313 0 -0.894877 
vn 0.539823 0 -0.841779 
vn 0.627091 0 -0.778946 
vn 0.707107 0 -0.707107 
vn 0.778946 0 -0.627091 
vn 0.841779 0 -0.539823 
vn 0.894877 0 -0.446313 
vn 0.937627 0 -0.347642 
vn 0.912778 0 -0.408457 
vn 0.969535 0 -0.244951 
vn 0.990232 0 -0.139428 
vn 0.999478 0 -0.0322926 
vn 0.997167 0 0.0752164 
vn 0.983325 0 0.181856 
vn 0.958113 0 0.286392 
vn 0.921821 0 0.387617 
vn 0.874869 0 0.484359 
vn 0.817801 0 0.5755 
vn 0.75303 0 0.657987 
vn 0.751277 0 0.659987 
vn 0.676065 0 0.736842 
vn 0 0 -1 
vn 0.676065 0 -0.736842 
vn 0.751277 0 -0.659987 
vn 0.817801 0 -0.5755 
vn 0.874869 0 -0.484359 
vn 0.921821 0 -0.387617 
vn 0.958113 0 -0.286392 
vn 0.983325 0 -0.181856 
vn 0.997167 0 -0.0752164 
vn 0.999478 0 0.0322926 
vn 0.990232 0 0.139428 
vn 0.969535 0 0.244951 
vn 0.937627 0 0.347642 
vn 0.912778 0 0.408457 
vn 0.894877 0 0.446313 
vn 0.841779 0 0.539823 
vn 0.778946 0 0.627091 
vn 0.707107 0 0.707107 
vn 0.627091 0 0.778946 
vn 0.539823 0 0.841779 
vn 0.446313 0 0.894877 
vn 0.347642 0 0.937627 
vn 0.244951 0 0.969535 
vn 0.139428 0 0.990232 
vn 0.0322926 0 0.999478 
vn -0.0752164 0 0.997167 
vn -0.181856 0 0.983325 
vn -0.286392 0 0.958113 
vn -0.387617 0 0.921821 
vn -0.484359 0 0.874869 
vn -0.5755 0 0.817801 
vn -0.657987 0 0.75303 
vn -0.659987 0 0.751277 
vn -0.736842 0 0.676065 
vn 0 0 1 
vn -1 0 0 
vn 0.323202 0 0.94633 
vn 0.26393 0 0.964542 
vn 0.381232 0 0.92448 
vn 0.323202 0 0.94633 
vn 1 0 0 
vn 0 0 1 
vn -1 0 0 
vn -0.969098 0 -0.246676 
vn -0.938416 0 -0.345506 
vn -0.989402 0 -0.145203 
vn -0.969098 0 -0.246676 
vn -0.99911 0 -0.0421757 
vn -0.995556 0 -0.0941715 
vn -0.989402 0 -0.145203 
vn -0.998119 0 0.0613034 
vn -0.99911 0 -0.0421757 
vn -0.986439 0 0.164126 
vn -0.998119 0 0.0613034 
vn -0.964196 0 0.265191 
vn -0.986439 0 0.164126 
vn -0.931627 0 0.363416 
vn -0.964196 0 0.265191 
vn -0.889081 0 0.457749 
vn -0.931627 0 0.363416 
vn -0.837015 0 0.547181 
vn -0.889081 0 0.457749 
vn -0.775984 0 0.630752 
vn -0.837015 0 0.547181 
vn -0.706644 0 0.707569 
vn -0.775984 0 0.630752 
vn -0.629737 0 0.776809 
vn -0.687255 0 0.726416 
vn -0.706644 0 0.707569 
vn -0.546085 0 0.83773 
vn -0.629737 0 0.776809 
vn -0.484674 0 0.874695 
vn -0.456586 0 0.889679 
vn -0.377365 0 0.926065 
vn -0.362197 0 0.932101 
vn -0.26393 0 0.964542 
vn -1 0 0 
vn 0.0077633 0 -0.99997 
vn 0.107062 0 -0.994252 
vn 0.205302 0 -0.978699 
vn 0.301511 0 -0.953463 
vn 0.394737 0 -0.918794 
vn 0.0077633 0 -0.99997 
vn -0.352787 0 -0.935704 
vn -0.26393 0 -0.964542 
vn -0.438566 0 -0.898699 
vn -0.377431 0 -0.926038 
vn -0.352787 0 -0.935704 
vn -0.438566 0 -0.898699 
vn -0.51091 0 -0.859634 
vn -0.520517 0 -0.853851 
vn -0.597925 0 -0.801552 
vn -1 0 0 
vn 0 0 -1 
vn 1 0 0 
vn 0.323202 0 -0.94633 
vn 0.381232 0 -0.92448 
vn 0.26393 0 -0.964542 
vn 0.323202 0 -0.94633 
vn 0 1 0 
vn -0.994138 0 0.108119 
vn -1 0 0 
vn -0.976621 0 0.21497 
vn -0.994138 0 0.108119 
vn -0.947653 0 0.319302 
vn -0.976621 0 0.21497 
vn -0.907575 0 0.419889 
vn -0.947653 0 0.319302 
vn -0.856857 0 0.515554 
vn -0.907575 0 0.419889 
vn -0.796093 0 0.605174 
vn -0.856857 0 0.515554 
vn -0.725995 0 0.687699 
vn -0.796093 0 0.605174 
vn -0.647386 0 0.762162 
vn -0.725995 0 0.687699 
vn -0.561187 0 0.827689 
vn -0.647386 0 0.762162 
vn -0.468408 0 0.883512 
vn -0.561187 0 0.827689 
vn -0.370138 0 0.928977 
vn -0.468408 0 0.883512 
vn -0.267528 0 0.96355 
vn -0.370138 0 0.928977 
vn -0.161782 0 0.986827 
vn -0.267528 0 0.96355 
vn -0.0541389 0 0.998533 
vn -0.161782 0 0.986827 
vn 0.0541389 0 0.998533 
vn -0.0541389 0 0.998533 
vn 0.161782 0 0.986827 
vn 0.0541389 0 0.998533 
vn 0.267528 0 0.96355 
vn 0.161782 0 0.986827 
vn 0.370138 0 0.928977 
vn 0.267528 0 0.96355 
vn 0.468408 0 0.883512 
vn 0.370138 0 0.928977 
vn 0.561187 0 0.827689 
vn 0.468408 0 0.883512 
vn 0.647386 0 0.762162 
vn 0.561187 0 0.827689 
vn 0.725995 0 0.687699 
vn 0.647386 0 0.762162 
vn 0.796093 0 0.605174 
vn 0.725995 0 0.687699 
vn 0.856857 0 0.515554 
vn 0.796093 0 0.605174 
vn 0.907575 0 0.419889 
vn 0.856857 0 0.515554 
vn 0.947653 0 0.319302 
vn 0.907575 0 0.419889 
vn 0.976621 0 0.21497 
vn 0.947653 0 0.319302 
vn 0.994138 0 0.108119 
vn 0.976621 0 0.21497 
vn 1 0 -1.22465e-16 
vn 0.994138 0 0.108119 
vn 0.994138 0 -0.108119 
vn 1 0 0 
vn 0.976621 0 -0.21497 
vn 0.994138 0 -0.108119 
vn 0.947653 0 -0.319302 
vn 0.976621 0 -0.21497 
vn 0.907575 0 -0.419889 
vn 0.947653 0 -0.319302 
vn 0.856857 0 -0.515554 
vn 0.907575 0 -0.419889 
vn 0.796093 0 -0.605174 
vn 0.837676 0 -0.546167 
vn 0.856857 0 -0.515554 
vn 0.725995 0 -0.687699 
vn 0.796093 0 -0.605174 
vn 0.647386 0 -0.762162 
vn 0.725995 0 -0.687699 
vn 0.561187 0 -0.827689 
vn 0.647386 0 -0.762162 
vn 0.468408 0 -0.883512 
vn 0.561187 0 -0.827689 
vn 0.370138 0 -0.928977 
vn 0.468408 0 -0.883512 
vn 0.267528 0 -0.96355 
vn 0.370138 0 -0.928977 
vn 0.161782 0 -0.986827 
vn 0.267528 0 -0.96355 
vn 0.0541389 0 -0.998533 
vn 0.161782 0 -0.986827 
vn -0.0541389 0 -0.998533 
vn 0.0541389 0 -0.998533 
vn -0.161782 0 -0.986827 
vn -0.0541389 0 -0.998533 
vn -0.267528 0 -0.96355 
vn -0.161782 0 -0.986827 
vn -0.370138 0 -0.928977 
vn -0.267528 0 -0.96355 
vn -0.468408 0 -0.883512 
vn -0.370138 0 -0.928977 
vn -0.561187 0 -0.827689 
vn -0.468408 0 -0.883512 
vn -0.647386 0 -0.762162 
vn -0.561187 0 -0.827689 
vn -0.725995 0 -0.687699 
vn -0.647386 0 -0.762162 
vn -0.796093 0 -0.605174 
vn -0.725995 0 -0.687699 
vn -0.837676 0 -0.546167 
vn -0.856857 0 -0.515554 
vn -0.907575 0 -0.419889 
vn -0.947653 0 -0.319302 
vn -0.976621 0 -0.21497 
vn -0.994138 0 -0.108119 
vn 0 1 0 
vn -0.994138 0 0.108119 
vn -1 0 0 
vn -0.976621 0 0.21497 
vn -0.994138 0 0.108119 
vn -0.947653 0 0.319302 
vn -0.976621 0 0.21497 
vn -0.907575 0 0.419889 
vn -0.947653 0 0.319302 
vn -0.856857 0 0.515554 
vn -0.907575 0 0.419889 
vn -0.796093 0 0.605174 
vn -0.856857 0 0.515554 
vn -0.725995 0 0.687699 
vn -0.796093 0 0.605174 
vn -0.647386 0 0.762162 
vn -0.725995 0 0.687699 
vn -0.561187 0 0.827689 
vn -0.647386 0 0.762162 
vn -0.468408 0 0.883512 
vn -0.561187 0 0.827689 
vn -0.370138 0 0.928977 
vn -0.468408 0 0.883512 
vn -0.267528 0 0.96355 
vn -0.370138 0 0.928977 
vn -0.161782 0 0.986827 
vn -0.267528 0 0.96355 
vn -0.0541389 0 0.998533 
vn -0.161782 0 0.986827 
vn 0.0541389 0 0.998533 
vn -0.0541389 0 0.998533 
vn 0.161782 0 0.986827 
vn 0.0541389 0 0.998533 
vn 0.267528 0 0.96355 
vn 0.161782 0 0.986827 
vn 0.370138 0 0.928977 
vn 0.267528 0 0.96355 
vn 0.468408 0 0.883512 
vn 0.370138 0 0.928977 
vn 0.561187 0 0.827689 
vn 0.468408 0 0.883512 
vn 0.647386 0 0.762162 
vn 0.561187 0 0.827689 
vn 0.725995 0 0.687699 
vn 0.647386 0 0.762162 
vn 0.796093 0 0.605174 
vn 0.725995 0 0.687699 
vn 0.856857 0 0.515554 
vn 0.796093 0 0.605174 
vn 0.907575 0 0.419889 
vn 0.856857 0 0.515554 
vn 0.947653 0 0.319302 
vn 0.907575 0 0.419889 
vn 0.976621 0 0.21497 
vn 0.947653 0 0.319302 
vn 0.994138 0 0.108119 
vn 0.976621 0 0.21497 
vn 1 0 -1.22465e-16 
vn 0.994138 0 0.108119 
vn 0.994138 0 -0.108119 
vn 1 0 0 
vn 0.976621 0 -0.21497 
vn 0.994138 0 -0.108119 
vn 0.947653 0 -0.319302 
vn 0.976621 0 -0.21497 
vn 0.907575 0 -0.419889 
vn 0.947653 0 -0.319302 
vn 0.856857 0 -0.515554 
vn 0.907575 0 -0.419889 
vn 0.796093 0 -0.605174 
vn 0.856857 0 -0.515554 
vn 0.725995 0 -0.687699 
vn 0.796093 0 -0.605174 
vn 0.647386 0 -0.762162 
vn 0.708939 0 -0.70527 
vn 0.725995 0 -0.687699 
vn 0.561187 0 -0.827689 
vn 0.647386 0 -0.762162 
vn 0.468408 0 -0.883512 
vn 0.561187 0 -0.827689 
vn 0.370138 0 -0.928977 
vn 0.468408 0 -0.883512 
vn 0.267528 0 -0.96355 
vn 0.370138 0 -0.928977 
vn 0.161782 0 -0.986827 
vn 0.267528 0 -0.96355 
vn 0.0541389 0 -0.998533 
vn 0.161782 0 -0.986827 
vn -0.0541389 0 -0.998533 
vn 0.0541389 0 -0.998533 
vn -0.161782 0 -0.986827 
vn -0.0541389 0 -0.998533 
vn -0.267528 0 -0.96355 
vn -0.161782 0 -0.986827 
vn -0.370138 0 -0.928977 
vn -0.267528 0 -0.96355 
vn -0.468408 0 -0.883512 
vn -0.370138 0 -0.928977 
vn -0.561187 0 -0.827689 
vn -0.468408 0 -0.883512 
vn -0.647386 0 -0.762162 
vn -0.561187 0 -0.827689 
vn -0.708939 0 -0.70527 
vn -0.725995 0 -0.687699 
vn -0.796093 0 -0.605174 
vn -0.856857 0 -0.515554 
vn -0.907575 0 -0.419889 
vn -0.947653 0 -0.319302 
vn -0.976621 0 -0.21497 
vn -0.994138 0 -0.108119 
vn 0 1 0 
vn -0.994138 0 0.108119 
vn -1 0 0 
vn -0.976621 0 0.21497 
vn -0.994138 0 0.108119 
vn -0.947653 0 0.319302 
vn -0.976621 0 0.21497 
vn -0.907575 0 0.419889 
vn -0.947653 0 0.319302 
vn -0.856857 0 0.515554 
vn -0.907575 0 0.419889 
vn -0.796093 0 0.605174 
vn -0.856857 0 0.515554 
vn -0.725995 0 0.687699 
vn -0.796093 0 0.605174 
vn -0.647386 0 0.762162 
vn -0.725995 0 0.687699 
vn -0.561187 0 0.827689 
vn -0.647386 0 0.762162 
vn -0.468408 0 0.883512 
vn -0.561187 0 0.827689 
vn -0.370138 0 0.928977 
vn -0.468408 0 0.883512 
vn -0.267528 0 0.96355 
vn -0.370138 0 0.928977 
vn -0.161782 0 0.986827 
vn -0.267528 0 0.96355 
vn -0.0541389 0 0.998533 
vn -0.161782 0 0.986827 
vn 0.0541389 0 0.998533 
vn -0.0541389 0 0.998533 
vn 0.161782 0 0.986827 
vn 0.0541389 0 0.998533 
vn 0.267528 0 0.96355 
vn 0.161782 0 0.986827 
vn 0.370138 0 0.928977 
vn 0.267528 0 0.96355 
vn 0.468408 0 0.883512 
vn 0.370138 0 0.928977 
vn 0.561187 0 0.827689 
vn 0.468408 0 0.883512 
vn 0.647386 0 0.762162 
vn 0.561187 0 0.827689 
vn 0.725995 0 0.687699 
vn 0.647386 0 0.762162 
vn 0.796093 0 0.605174 
vn 0.725995 0 0.687699 
vn 0.856857 0 0.515554 
vn 0.796093 0 0.605174 
vn 0.907575 0 0.419889 
vn 0.856857 0 0.515554 
vn 0.947653 0 0.319302 
vn 0.907575 0 0.419889 
vn 0.976621 0 0.21497 
vn 0.947653 0 0.319302 
vn 0.994138 0 0.108119 
vn 0.976621 0 0.21497 
vn 1 0 -1.22465e-16 
vn 0.994138 0 0.108119 
vn 0.994138 0 -0.108119 
vn 1 0 0 
vn 0.976621 0 -0.21497 
vn 0.994138 0 -0.108119 
vn 0.947653 0 -0.319302 
vn 0.976621 0 -0.21497 
vn 0.907575 0 -0.419889 
vn 0.947653 0 -0.319302 
vn 0.856857 0 -0.515554 
vn 0.907575 0 -0.419889 
vn 0.796093 0 -0.605174 
vn 0.856857 0 -0.515554 
vn 0.725995 0 -0.687699 
vn 0.796093 0 -0.605174 
vn 0.647386 0 -0.762162 
vn 0.725995 0 -0.687699 
vn 0.561187 0 -0.827689 
vn 0.647386 0 -0.762162 
vn 0.468408 0 -0.883512 
vn 0.561187 0 -0.827689 
vn 0.370138 0 -0.928977 
vn 0.468408 0 -0.883512 
vn 0.267528 0 -0.96355 
vn 0.370138 0 -0.928977 
vn 0.161782 0 -0.986827 
vn 0.267528 0 -0.96355 
vn 0.0541389 0 -0.998533 
vn 0.161782 0 -0.986827 
vn -0.0541389 0 -0.998533 
vn 0.0541389 0 -0.998533 
vn -0.161782 0 -0.986827 
vn -0.0541389 0 -0.998533 
vn -0.267528 0 -0.96355 
vn -0.161782 0 -0.986827 
vn -0.370138 0 -0.928977 
vn -0.267528 0 -0.96355 
vn -0.468408 0 -0.883512 
vn -0.370138 0 -0.928977 
vn -0.561187 0 -0.827689 
vn -0.468408 0 -0.883512 
vn -0.647386 0 -0.762162 
vn -0.561187 0 -0.827689 
vn -0.725995 0 -0.687699 
vn -0.647386 0 -0.762162 
vn -0.796093 0 -0.605174 
vn -0.725995 0 -0.687699 
vn -0.856857 0 -0.515554 
vn -0.796093 0 -0.605174 
vn -0.907575 0 -0.419889 
vn -0.856857 0 -0.515554 
vn -0.947653 0 -0.319302 
vn -0.907575 0 -0.419889 
vn -0.976621 0 -0.21497 
vn -0.947653 0 -0.319302 
vn -0.994138 0 -0.108119 
vn -0.976621 0 -0.21497 
vn 0 1 0 
vn -1 0 0 
vn -0.994138 0 0.108119 
vn -0.997237 0 0.074292 
vn -0.994141 0 0.108094 
vn -0.976621 0 0.21497 
vn -0.983358 0 0.181677 
vn -0.976626 0 0.214946 
vn -0.947653 0 0.319302 
vn -0.957951 0 0.286931 
vn -0.947661 0 0.319277 
vn -0.907575 0 0.419889 
vn -0.921313 0 0.388822 
vn -0.907586 0 0.419866 
vn -0.856857 0 0.515554 
vn -0.873873 0 0.486154 
vn -0.85687 0 0.515532 
vn -0.796093 0 0.605174 
vn -0.816188 0 0.577787 
vn -0.796109 0 0.605154 
vn -0.725995 0 0.687699 
vn -0.748933 0 0.662645 
vn -0.726013 0 0.687681 
vn -0.647386 0 0.762162 
vn -0.672899 0 0.739735 
vn -0.647406 0 0.762146 
vn -0.561187 0 0.827689 
vn -0.588975 0 0.808151 
vn -0.561208 0 0.827675 
vn -0.468408 0 0.883512 
vn -0.498146 0 0.867093 
vn -0.468431 0 0.8835 
vn -0.370138 0 0.928977 
vn -0.401476 0 0.915869 
vn -0.370162 0 0.928967 
vn -0.267528 0 0.96355 
vn -0.3001 0 0.953908 
vn -0.267553 0 0.963543 
vn -0.161782 0 0.986827 
vn -0.195205 0 0.980762 
vn -0.161807 0 0.986822 
vn -0.0541389 0 0.998533 
vn -0.0880216 0 0.996119 
vn -0.0541644 0 0.998532 
vn 0.0541389 0 0.998533 
vn 0.0201938 0 0.999796 
vn 0.0541134 0 0.998535 
vn 0.161782 0 0.986827 
vn 0.128172 0 0.991752 
vn 0.161757 0 0.986831 
vn 0.267528 0 0.96355 
vn 0.234648 0 0.97208 
vn 0.267504 0 0.963557 
vn 0.370138 0 0.928977 
vn 0.338373 0 0.941012 
vn 0.370114 0 0.928986 
vn 0.468408 0 0.883512 
vn 0.438131 0 0.898911 
vn 0.468386 0 0.883524 
vn 0.561187 0 0.827689 
vn 0.532752 0 0.846271 
vn 0.561166 0 0.827703 
vn 0.647386 0 0.762162 
vn 0.621127 0 0.78371 
vn 0.647367 0 0.762179 
vn 0.725995 0 0.687699 
vn 0.70222 0 0.71196 
vn 0.725978 0 0.687718 
vn 0.796093 0 0.605174 
vn 0.77508 0 0.631863 
vn 0.796078 0 0.605195 
vn 0.856857 0 0.515554 
vn 0.838853 0 0.544358 
vn 0.856844 0 0.515576 
vn 0.907575 0 0.419889 
vn 0.892791 0 0.450471 
vn 0.907565 0 0.419912 
vn 0.947653 0 0.319302 
vn 0.936262 0 0.351303 
vn 0.947645 0 0.319326 
vn 0.976621 0 0.21497 
vn 0.968756 0 0.248016 
vn 0.976615 0 0.214995 
vn 0.994138 0 0.108119 
vn 0.989892 0 0.141821 
vn 0.994135 0 0.108144 
vn 1 0 1.22465e-16 
vn 0.999423 0 0.0339637 
vn 1 0 2.55303e-05 
vn 0.994138 0 -0.108119 
vn 0.997237 0 -0.074292 
vn 0.994141 0 -0.108094 
vn 0.976621 0 -0.21497 
vn 0.983358 0 -0.181677 
vn 0.976626 0 -0.214946 
vn 0.947653 0 -0.319302 
vn 0.957951 0 -0.286931 
vn 0.947661 0 -0.319277 
vn 0.907575 0 -0.419889 
vn 0.921313 0 -0.388822 
vn 0.907586 0 -0.419866 
vn 0.856857 0 -0.515554 
vn 0.873873 0 -0.486154 
vn 0.85687 0 -0.515532 
vn 0.796093 0 -0.605174 
vn 0.816188 0 -0.577787 
vn 0.796109 0 -0.605154 
vn 0.725995 0 -0.687699 
vn 0.748933 0 -0.662645 
vn 0.726013 0 -0.687681 
vn 0.647386 0 -0.762162 
vn 0.672899 0 -0.739735 
vn 0.647406 0 -0.762146 
vn 0.561187 0 -0.827689 
vn 0.588975 0 -0.808151 
vn 0.561208 0 -0.827675 
vn 0.468408 0 -0.883512 
vn 0.498146 0 -0.867093 
vn 0.468431 0 -0.8835 
vn 0.370138 0 -0.928977 
vn 0.401476 0 -0.915869 
vn 0.370162 0 -0.928967 
vn 0.267528 0 -0.96355 
vn 0.3001 0 -0.953908 
vn 0.267553 0 -0.963543 
vn 0.161782 0 -0.986827 
vn 0.195205 0 -0.980762 
vn 0.161807 0 -0.986822 
vn 0.0541389 0 -0.998533 
vn 0.0880216 0 -0.996119 
vn 0.0541644 0 -0.998532 
vn -0.0541389 0 -0.998533 
vn -0.0201938 0 -0.999796 
vn -0.0541134 0 -0.998535 
vn -0.161782 0 -0.986827 
vn -0.128172 0 -0.991752 
vn -0.161757 0 -0.986831 
vn -0.267528 0 -0.96355 
vn -0.234648 0 -0.97208 
vn -0.267504 0 -0.963557 
vn -0.370138 0 -0.928977 
vn -0.338373 0 -0.941012 
vn -0.370114 0 -0.928986 
vn -0.468408 0 -0.883512 
vn -0.438131 0 -0.898911 
vn -0.468386 0 -0.883524 
vn -0.561187 0 -0.827689 
vn -0.532752 0 -0.846271 
vn -0.561166 0 -0.827703 
vn -0.647386 0 -0.762162 
vn -0.621127 0 -0.78371 
vn -0.647367 0 -0.762179 
vn -0.725995 0 -0.687699 
vn -0.70222 0 -0.71196 
vn -0.725978 0 -0.687718 
vn -0.796093 0 -0.605174 
vn -0.77508 0 -0.631863 
vn -0.796078 0 -0.605195 
vn -0.856857 0 -0.515554 
vn -0.838853 0 -0.544358 
vn -0.856844 0 -0.515576 
vn -0.907575 0 -0.419889 
vn -0.892791 0 -0.450471 
vn -0.907565 0 -0.419912 
vn -0.947653 0 -0.319302 
vn -0.936262 0 -0.351303 
vn -0.947645 0 -0.319326 
vn -0.976621 0 -0.21497 
vn -0.968756 0 -0.248016 
vn -0.976615 0 -0.214995 
vn -0.994138 0 -0.108119 
vn -0.989892 0 -0.141821 
vn -0.994135 0 -0.108144 
vn -0.999423 0 -0.0339637 
vn -1 0 -1.73472e-15 
vn 0.98447 0.104528 0.141044 
vn 0.963449 0.104528 0.246657 
vn 0.976615 0 0.214995 
vn 0.968756 0 0.248016 
vn 0.993948 0.104528 0.0337777 
vn 0.994135 0 0.108144 
vn 0.989892 0 0.141821 
vn 0.991774 0.104528 -0.073885 
vn 1 0 2.55303e-05 
vn 0.999423 0 0.0339637 
vn 0.977971 0.104528 -0.180682 
vn 0.994141 0 -0.108094 
vn 0.997237 0 -0.074292 
vn 0.952703 0.104528 -0.28536 
vn 0.976626 0 -0.214946 
vn 0.983358 0 -0.181677 
vn 0.916266 0.104528 -0.386692 
vn 0.947661 0 -0.319277 
vn 0.957951 0 -0.286931 
vn 0.869086 0.104528 -0.483491 
vn 0.907586 0 -0.419866 
vn 0.921313 0 -0.388822 
vn 0.811717 0.104528 -0.574622 
vn 0.85687 0 -0.515532 
vn 0.873873 0 -0.486154 
vn 0.744831 0.104528 -0.659015 
vn 0.796109 0 -0.605154 
vn 0.816188 0 -0.577787 
vn 0.669212 0.104528 -0.735682 
vn 0.726013 0 -0.687681 
vn 0.748933 0 -0.662645 
vn 0.585748 0.104528 -0.803724 
vn 0.647406 0 -0.762146 
vn 0.672899 0 -0.739735 
vn 0.495417 0.104528 -0.862343 
vn 0.561208 0 -0.827675 
vn 0.588975 0 -0.808151 
vn 0.399277 0.104528 -0.910852 
vn 0.468431 0 -0.8835 
vn 0.498146 0 -0.867093 
vn 0.298456 0.104528 -0.948682 
vn 0.370162 0 -0.928967 
vn 0.401476 0 -0.915869 
vn 0.194136 0.104528 -0.97539 
vn 0.267553 0 -0.963543 
vn 0.3001 0 -0.953908 
vn 0.0875394 0.104528 -0.990662 
vn 0.161807 0 -0.986822 
vn 0.195205 0 -0.980762 
vn -0.0200831 0.104528 -0.994319 
vn 0.0541644 0 -0.998532 
vn 0.0880216 0 -0.996119 
vn -0.12747 0.104528 -0.986319 
vn -0.0541134 0 -0.998535 
vn -0.0201938 0 -0.999796 
vn -0.233363 0.104528 -0.966755 
vn -0.161757 0 -0.986831 
vn -0.128172 0 -0.991752 
vn -0.336519 0.104528 -0.935857 
vn -0.267504 0 -0.963557 
vn -0.234648 0 -0.97208 
vn -0.435731 0.104528 -0.893987 
vn -0.370114 0 -0.928986 
vn -0.338373 0 -0.941012 
vn -0.529833 0.104528 -0.841636 
vn -0.468386 0 -0.883524 
vn -0.438131 0 -0.898911 
vn -0.617724 0.104528 -0.779417 
vn -0.561166 0 -0.827703 
vn -0.532752 0 -0.846271 
vn -0.698373 0.104528 -0.70806 
vn -0.647367 0 -0.762179 
vn -0.621127 0 -0.78371 
vn -0.770834 0.104528 -0.628402 
vn -0.725978 0 -0.687718 
vn -0.70222 0 -0.71196 
vn -0.834257 0.104528 -0.541376 
vn -0.796078 0 -0.605195 
vn -0.77508 0 -0.631863 
vn -0.8879 0.104528 -0.448004 
vn -0.856844 0 -0.515576 
vn -0.838853 0 -0.544358 
vn -0.931133 0.104528 -0.349379 
vn -0.907565 0 -0.419912 
vn -0.892791 0 -0.450471 
vn -0.963449 0.104528 -0.246657 
vn -0.947645 0 -0.319326 
vn -0.936262 0 -0.351303 
vn -0.98447 0.104528 -0.141044 
vn -0.976615 0 -0.214995 
vn -0.968756 0 -0.248016 
vn -0.993948 0.104528 -0.0337777 
vn -0.994135 0 -0.108144 
vn -0.989892 0 -0.141821 
vn -0.991774 0.104528 0.073885 
vn -1 0 -1.73472e-15 
vn -0.999423 0 -0.0339637 
vn -0.977971 0.104528 0.180682 
vn -0.994141 0 0.108094 
vn -0.997237 0 0.074292 
vn -0.952703 0.104528 0.28536 
vn -0.976626 0 0.214946 
vn -0.983358 0 0.181677 
vn -0.916266 0.104528 0.386692 
vn -0.947661 0 0.319277 
vn -0.957951 0 0.286931 
vn -0.869086 0.104528 0.483491 
vn -0.907586 0 0.419866 
vn -0.921313 0 0.388822 
vn -0.811717 0.104528 0.574622 
vn -0.85687 0 0.515532 
vn -0.873873 0 0.486154 
vn -0.744831 0.104528 0.659015 
vn -0.796109 0 0.605154 
vn -0.816188 0 0.577787 
vn -0.669212 0.104528 0.735682 
vn -0.726013 0 0.687681 
vn -0.748933 0 0.662645 
vn -0.585748 0.104528 0.803724 
vn -0.647406 0 0.762146 
vn -0.672899 0 0.739735 
vn -0.495417 0.104528 0.862343 
vn -0.561208 0 0.827675 
vn -0.588975 0 0.808151 
vn -0.399277 0.104528 0.910852 
vn -0.468431 0 0.8835 
vn -0.498146 0 0.867093 
vn -0.298456 0.104528 0.948682 
vn -0.370162 0 0.928967 
vn -0.401476 0 0.915869 
vn -0.194136 0.104528 0.97539 
vn -0.267553 0 0.963543 
vn -0.3001 0 0.953908 
vn -0.0875394 0.104528 0.990662 
vn -0.161807 0 0.986822 
vn -0.195205 0 0.980762 
vn 0.0200831 0.104528 0.994319 
vn -0.0541644 0 0.998532 
vn -0.0880216 0 0.996119 
vn 0.12747 0.104528 0.986319 
vn 0.0541134 0 0.998535 
vn 0.0201938 0 0.999796 
vn 0.233363 0.104528 0.966755 
vn 0.161757 0 0.986831 
vn 0.128172 0 0.991752 
vn 0.336519 0.104528 0.935857 
vn 0.267504 0 0.963557 
vn 0.234648 0 0.97208 
vn 0.435731 0.104528 0.893987 
vn 0.370114 0 0.928986 
vn 0.338373 0 0.941012 
vn 0.529833 0.104528 0.841636 
vn 0.468386 0 0.883524 
vn 0.438131 0 0.898911 
vn 0.617724 0.104528 0.779417 
vn 0.561166 0 0.827703 
vn 0.532752 0 0.846271 
vn 0.698373 0.104528 0.70806 
vn 0.647367 0 0.762179 
vn 0.621127 0 0.78371 
vn 0.770834 0.104528 0.628402 
vn 0.725978 0 0.687718 
vn 0.70222 0 0.71196 
vn 0.834257 0.104528 0.541376 
vn 0.796078 0 0.605195 
vn 0.77508 0 0.631863 
vn 0.8879 0.104528 0.448004 
vn 0.856844 0 0.515576 
vn 0.838853 0 0.544358 
vn 0.931133 0.104528 0.349379 
vn 0.907565 0 0.419912 
vn 0.892791 0 0.450471 
vn 0.947645 0 0.319326 
vn 0.936262 0 0.351303 
vn 0.947586 0.207912 0.242596 
vn 0.968261 0.207912 0.138722 
vn 0.977583 0.207912 0.0332215 
vn 0.975445 0.207912 -0.0726686 
vn 0.96187 0.207912 -0.177707 
vn 0.937018 0.207912 -0.280661 
vn 0.90118 0.207912 -0.380326 
vn 0.854777 0.207912 -0.475531 
vn 0.798352 0.207912 -0.565161 
vn 0.732567 0.207912 -0.648165 
vn 0.658194 0.207912 -0.72357 
vn 0.576104 0.207912 -0.790491 
vn 0.48726 0.207912 -0.848145 
vn 0.392703 0.207912 -0.895856 
vn 0.293542 0.207912 -0.933063 
vn 0.190939 0.207912 -0.95933 
vn 0.0860981 0.207912 -0.974351 
vn -0.0197525 0.207912 -0.977948 
vn -0.125371 0.207912 -0.97008 
vn -0.229521 0.207912 -0.950838 
vn -0.330979 0.207912 -0.920449 
vn -0.428557 0.207912 -0.879268 
vn -0.52111 0.207912 -0.827778 
vn -0.607554 0.207912 -0.766584 
vn -0.686875 0.207912 -0.696402 
vn -0.758142 0.207912 -0.618056 
vn -0.820522 0.207912 -0.532463 
vn -0.873281 0.207912 -0.440628 
vn -0.915802 0.207912 -0.343626 
vn -0.947586 0.207912 -0.242596 
vn -0.968261 0.207912 -0.138722 
vn -0.977583 0.207912 -0.0332215 
vn -0.975445 0.207912 0.0726686 
vn -0.96187 0.207912 0.177707 
vn -0.937018 0.207912 0.280661 
vn -0.90118 0.207912 0.380326 
vn -0.854777 0.207912 0.475531 
vn -0.798352 0.207912 0.565161 
vn -0.732567 0.207912 0.648165 
vn -0.658194 0.207912 0.72357 
vn -0.576104 0.207912 0.790491 
vn -0.48726 0.207912 0.848145 
vn -0.392703 0.207912 0.895856 
vn -0.293542 0.207912 0.933063 
vn -0.190939 0.207912 0.95933 
vn -0.0860981 0.207912 0.974351 
vn 0.0197525 0.207912 0.977948 
vn 0.125371 0.207912 0.97008 
vn 0.229521 0.207912 0.950838 
vn 0.330979 0.207912 0.920449 
vn 0.428557 0.207912 0.879268 
vn 0.52111 0.207912 0.827778 
vn 0.607554 0.207912 0.766584 
vn 0.686875 0.207912 0.696402 
vn 0.758142 0.207912 0.618056 
vn 0.820522 0.207912 0.532463 
vn 0.873281 0.207912 0.440628 
vn 0.915802 0.207912 0.343626 
vn 0.921342 0.309017 0.235877 
vn 0.941444 0.309017 0.13488 
vn 0.950508 0.309017 0.0323014 
vn 0.948428 0.309017 -0.0706559 
vn 0.935229 0.309017 -0.172785 
vn 0.911066 0.309017 -0.272888 
vn 0.876221 0.309017 -0.369792 
vn 0.831103 0.309017 -0.46236 
vn 0.776241 0.309017 -0.549508 
vn 0.712278 0.309017 -0.630213 
vn 0.639965 0.309017 -0.703529 
vn 0.560148 0.309017 -0.768598 
vn 0.473765 0.309017 -0.824655 
vn 0.381826 0.309017 -0.871044 
vn 0.285412 0.309017 -0.90722 
vn 0.185651 0.309017 -0.932761 
vn 0.0837135 0.309017 -0.947365 
vn -0.0192054 0.309017 -0.950863 
vn -0.121899 0.309017 -0.943212 
vn -0.223164 0.309017 -0.924503 
vn -0.321812 0.309017 -0.894956 
vn -0.416687 0.309017 -0.854915 
vn -0.506677 0.309017 -0.804852 
vn -0.590727 0.309017 -0.745352 
vn -0.667851 0.309017 -0.677114 
vn -0.737145 0.309017 -0.600938 
vn -0.797796 0.309017 -0.517716 
vn -0.849095 0.309017 -0.428424 
vn -0.890438 0.309017 -0.334109 
vn -0.921342 0.309017 -0.235877 
vn -0.941444 0.309017 -0.13488 
vn -0.950508 0.309017 -0.0323014 
vn -0.948428 0.309017 0.0706559 
vn -0.935229 0.309017 0.172785 
vn -0.911066 0.309017 0.272888 
vn -0.876221 0.309017 0.369792 
vn -0.831103 0.309017 0.46236 
vn -0.776241 0.309017 0.549508 
vn -0.712278 0.309017 0.630213 
vn -0.639965 0.309017 0.703529 
vn -0.560148 0.309017 0.768598 
vn -0.473765 0.309017 0.824655 
vn -0.381826 0.309017 0.871044 
vn -0.285412 0.309017 0.90722 
vn -0.185651 0.309017 0.932761 
vn -0.0837135 0.309017 0.947365 
vn 0.0192054 0.309017 0.950863 
vn 0.121899 0.309017 0.943212 
vn 0.223164 0.309017 0.924503 
vn 0.321812 0.309017 0.894956 
vn 0.416687 0.309017 0.854915 
vn 0.506677 0.309017 0.804852 
vn 0.590727 0.309017 0.745352 
vn 0.667851 0.309017 0.677114 
vn 0.737145 0.309017 0.600938 
vn 0.797796 0.309017 0.517716 
vn 0.849095 0.309017 0.428424 
vn 0.890438 0.309017 0.334109 
vn 0.885003 0.406737 0.226574 
vn 0.904312 0.406737 0.12956 
vn 0.913018 0.406737 0.0310274 
vn 0.911021 0.406737 -0.0678691 
vn 0.898343 0.406737 -0.16597 
vn 0.875132 0.406737 -0.262125 
vn 0.841661 0.406737 -0.355207 
vn 0.798323 0.406737 -0.444124 
vn 0.745625 0.406737 -0.527834 
vn 0.684185 0.406737 -0.605357 
vn 0.614723 0.406737 -0.675781 
vn 0.538055 0.406737 -0.738283 
vn 0.455079 0.406737 -0.792129 
vn 0.366767 0.406737 -0.836688 
vn 0.274155 0.406737 -0.871438 
vn 0.178329 0.406737 -0.895971 
vn 0.0804117 0.406737 -0.91 
vn -0.0184479 0.406737 -0.913359 
vn -0.117091 0.406737 -0.90601 
vn -0.214362 0.406737 -0.88804 
vn -0.309119 0.406737 -0.859657 
vn -0.400252 0.406737 -0.821196 
vn -0.486693 0.406737 -0.773107 
vn -0.567428 0.406737 -0.715955 
vn -0.64151 0.406737 -0.650408 
vn -0.708071 0.406737 -0.577236 
vn -0.76633 0.406737 -0.497296 
vn -0.815605 0.406737 -0.411526 
vn -0.855318 0.406737 -0.320931 
vn -0.885003 0.406737 -0.226574 
vn -0.904312 0.406737 -0.12956 
vn -0.913018 0.406737 -0.0310274 
vn -0.911021 0.406737 0.0678691 
vn -0.898343 0.406737 0.16597 
vn -0.875132 0.406737 0.262125 
vn -0.841661 0.406737 0.355207 
vn -0.798323 0.406737 0.444124 
vn -0.745625 0.406737 0.527834 
vn -0.684185 0.406737 0.605357 
vn -0.614723 0.406737 0.675781 
vn -0.538055 0.406737 0.738283 
vn -0.455079 0.406737 0.792129 
vn -0.366767 0.406737 0.836688 
vn -0.274155 0.406737 0.871438 
vn -0.178329 0.406737 0.895971 
vn -0.0804117 0.406737 0.91 
vn 0.0184479 0.406737 0.913359 
vn 0.117091 0.406737 0.90601 
vn 0.214362 0.406737 0.88804 
vn 0.309119 0.406737 0.859657 
vn 0.400252 0.406737 0.821196 
vn 0.486693 0.406737 0.773107 
vn 0.567428 0.406737 0.715955 
vn 0.64151 0.406737 0.650408 
vn 0.708071 0.406737 0.577236 
vn 0.76633 0.406737 0.497296 
vn 0.815605 0.406737 0.411526 
vn 0.855318 0.406737 0.320931 
vn 0.838967 0.5 0.214788 
vn 0.857272 0.5 0.122821 
vn 0.865526 0.5 0.0294134 
vn 0.863632 0.5 -0.0643388 
vn 0.851613 0.5 -0.157337 
vn 0.82961 0.5 -0.24849 
vn 0.79788 0.5 -0.33673 
vn 0.756796 0.5 -0.421022 
vn 0.706839 0.5 -0.500378 
vn 0.648595 0.5 -0.573868 
vn 0.582747 0.5 -0.640629 
vn 0.510067 0.5 -0.69988 
vn 0.431407 0.5 -0.750925 
vn 0.347689 0.5 -0.793166 
vn 0.259894 0.5 -0.826108 
vn 0.169052 0.5 -0.849365 
vn 0.0762289 0.5 -0.862664 
vn -0.0174883 0.5 -0.865849 
vn -0.111001 0.5 -0.858882 
vn -0.203211 0.5 -0.841846 
vn -0.29304 0.5 -0.81494 
vn -0.379432 0.5 -0.77848 
vn -0.461377 0.5 -0.732893 
vn -0.537912 0.5 -0.678713 
vn -0.60814 0.5 -0.616576 
vn -0.671239 0.5 -0.54721 
vn -0.726468 0.5 -0.471428 
vn -0.77318 0.5 -0.39012 
vn -0.810826 0.5 -0.304237 
vn -0.838967 0.5 -0.214788 
vn -0.857272 0.5 -0.122821 
vn -0.865526 0.5 -0.0294134 
vn -0.863632 0.5 0.0643388 
vn -0.851613 0.5 0.157337 
vn -0.82961 0.5 0.24849 
vn -0.79788 0.5 0.33673 
vn -0.756796 0.5 0.421022 
vn -0.706839 0.5 0.500378 
vn -0.648595 0.5 0.573868 
vn -0.582747 0.5 0.640629 
vn -0.510067 0.5 0.69988 
vn -0.431407 0.5 0.750925 
vn -0.347689 0.5 0.793166 
vn -0.259894 0.5 0.826108 
vn -0.169052 0.5 0.849365 
vn -0.0762289 0.5 0.862664 
vn 0.0174883 0.5 0.865849 
vn 0.111001 0.5 0.858882 
vn 0.203211 0.5 0.841846 
vn 0.29304 0.5 0.81494 
vn 0.379432 0.5 0.77848 
vn 0.461377 0.5 0.732893 
vn 0.537912 0.5 0.678713 
vn 0.60814 0.5 0.616576 
vn 0.671239 0.5 0.54721 
vn 0.726468 0.5 0.471428 
vn 0.77318 0.5 0.39012 
vn 0.810826 0.5 0.304237 
vn 0.78374 0.587785 0.200649 
vn 0.80084 0.587785 0.114736 
vn 0.80855 0.587785 0.0274772 
vn 0.806781 0.587785 -0.0601035 
vn 0.795554 0.587785 -0.14698 
vn 0.774999 0.587785 -0.232132 
vn 0.745358 0.587785 -0.314564 
vn 0.706978 0.587785 -0.393307 
vn 0.66031 0.587785 -0.467439 
vn 0.6059 0.587785 -0.536091 
vn 0.544386 0.587785 -0.598458 
vn 0.476491 0.587785 -0.653808 
vn 0.403008 0.587785 -0.701493 
vn 0.324801 0.587785 -0.740954 
vn 0.242786 0.587785 -0.771728 
vn 0.157924 0.587785 -0.793454 
vn 0.071211 0.587785 -0.805877 
vn -0.0163371 0.587785 -0.808852 
vn -0.103694 0.587785 -0.802344 
vn -0.189834 0.587785 -0.78643 
vn -0.27375 0.587785 -0.761295 
vn -0.354455 0.587785 -0.727234 
vn -0.431005 0.587785 -0.684648 
vn -0.502502 0.587785 -0.634035 
vn -0.568108 0.587785 -0.575988 
vn -0.627053 0.587785 -0.511188 
vn -0.678646 0.587785 -0.440395 
vn -0.722283 0.587785 -0.364439 
vn -0.757452 0.587785 -0.28421 
vn -0.78374 0.587785 -0.200649 
vn -0.80084 0.587785 -0.114736 
vn -0.80855 0.587785 -0.0274772 
vn -0.806781 0.587785 0.0601035 
vn -0.795554 0.587785 0.14698 
vn -0.774999 0.587785 0.232132 
vn -0.745358 0.587785 0.314564 
vn -0.706978 0.587785 0.393307 
vn -0.66031 0.587785 0.467439 
vn -0.6059 0.587785 0.536091 
vn -0.544386 0.587785 0.598458 
vn -0.476491 0.587785 0.653808 
vn -0.403008 0.587785 0.701493 
vn -0.324801 0.587785 0.740954 
vn -0.242786 0.587785 0.771728 
vn -0.157924 0.587785 0.793454 
vn -0.071211 0.587785 0.805877 
vn 0.0163371 0.587785 0.808852 
vn 0.103694 0.587785 0.802344 
vn 0.189834 0.587785 0.78643 
vn 0.27375 0.587785 0.761295 
vn 0.354455 0.587785 0.727234 
vn 0.431005 0.587785 0.684648 
vn 0.502502 0.587785 0.634035 
vn 0.568108 0.587785 0.575988 
vn 0.627053 0.587785 0.511188 
vn 0.678646 0.587785 0.440395 
vn 0.722283 0.587785 0.364439 
vn 0.757452 0.587785 0.28421 
vn 0.719926 0.669131 0.184312 
vn 0.735633 0.669131 0.105394 
vn 0.742716 0.669131 0.02524 
vn 0.741091 0.669131 -0.0552097 
vn 0.730778 0.669131 -0.135012 
vn 0.711896 0.669131 -0.213232 
vn 0.684669 0.669131 -0.288951 
vn 0.649414 0.669131 -0.361283 
vn 0.606546 0.669131 -0.429379 
vn 0.556566 0.669131 -0.492441 
vn 0.500061 0.669131 -0.54973 
vn 0.437693 0.669131 -0.600574 
vn 0.370194 0.669131 -0.644376 
vn 0.298355 0.669131 -0.680624 
vn 0.223018 0.669131 -0.708892 
vn 0.145066 0.669131 -0.728849 
vn 0.0654128 0.669131 -0.74026 
vn -0.0150069 0.669131 -0.742993 
vn -0.0952506 0.669131 -0.737015 
vn -0.174378 0.669131 -0.722396 
vn -0.25146 0.669131 -0.699308 
vn -0.325595 0.669131 -0.668021 
vn -0.395912 0.669131 -0.628902 
vn -0.461587 0.669131 -0.58241 
vn -0.521851 0.669131 -0.52909 
vn -0.575997 0.669131 -0.469566 
vn -0.623389 0.669131 -0.404537 
vn -0.663473 0.669131 -0.334766 
vn -0.695778 0.669131 -0.261069 
vn -0.719926 0.669131 -0.184312 
vn -0.735633 0.669131 -0.105394 
vn -0.742716 0.669131 -0.02524 
vn -0.741091 0.669131 0.0552097 
vn -0.730778 0.669131 0.135012 
vn -0.711896 0.669131 0.213232 
vn -0.684669 0.669131 0.288951 
vn -0.649414 0.669131 0.361283 
vn -0.606546 0.669131 0.429379 
vn -0.556566 0.669131 0.492441 
vn -0.500061 0.669131 0.54973 
vn -0.437693 0.669131 0.600574 
vn -0.370194 0.669131 0.644376 
vn -0.298355 0.669131 0.680624 
vn -0.223018 0.669131 0.708892 
vn -0.145066 0.669131 0.728849 
vn -0.0654128 0.669131 0.74026 
vn 0.0150069 0.669131 0.742993 
vn 0.0952506 0.669131 0.737015 
vn 0.174378 0.669131 0.722396 
vn 0.25146 0.669131 0.699308 
vn 0.325595 0.669131 0.668021 
vn 0.395912 0.669131 0.628902 
vn 0.461587 0.669131 0.58241 
vn 0.521851 0.669131 0.52909 
vn 0.575997 0.669131 0.469566 
vn 0.623389 0.669131 0.404537 
vn 0.663473 0.669131 0.334766 
vn 0.695778 0.669131 0.261069 
vn 0.648224 0.743145 0.165955 
vn 0.662367 0.743145 0.0948969 
vn 0.668745 0.743145 0.0227262 
vn 0.667281 0.743145 -0.0497111 
vn 0.657995 0.743145 -0.121565 
vn 0.640994 0.743145 -0.191995 
vn 0.616479 0.743145 -0.260173 
vn 0.584735 0.743145 -0.325301 
vn 0.546136 0.743145 -0.386615 
vn 0.501134 0.743145 -0.443396 
vn 0.450257 0.743145 -0.494979 
vn 0.394101 0.743145 -0.540759 
vn 0.333324 0.743145 -0.580199 
vn 0.26864 0.743145 -0.612836 
vn 0.200806 0.743145 -0.638289 
vn 0.130618 0.743145 -0.656258 
vn 0.0588979 0.743145 -0.666533 
vn -0.0135123 0.743145 -0.668994 
vn -0.085764 0.743145 -0.663612 
vn -0.15701 0.743145 -0.650449 
vn -0.226416 0.743145 -0.62966 
vn -0.293167 0.743145 -0.601489 
vn -0.356481 0.743145 -0.566266 
vn -0.415615 0.743145 -0.524404 
vn -0.469877 0.743145 -0.476394 
vn -0.51863 0.743145 -0.422799 
vn -0.561302 0.743145 -0.364247 
vn -0.597394 0.743145 -0.301424 
vn -0.626481 0.743145 -0.235068 
vn -0.648224 0.743145 -0.165955 
vn -0.662367 0.743145 -0.0948969 
vn -0.668745 0.743145 -0.0227262 
vn -0.667281 0.743145 0.0497111 
vn -0.657995 0.743145 0.121565 
vn -0.640994 0.743145 0.191995 
vn -0.616479 0.743145 0.260173 
vn -0.584735 0.743145 0.325301 
vn -0.546136 0.743145 0.386615 
vn -0.501134 0.743145 0.443396 
vn -0.450257 0.743145 0.494979 
vn -0.394101 0.743145 0.540759 
vn -0.333324 0.743145 0.580199 
vn -0.26864 0.743145 0.612836 
vn -0.200806 0.743145 0.638289 
vn -0.130618 0.743145 0.656258 
vn -0.0588979 0.743145 0.666533 
vn 0.0135123 0.743145 0.668994 
vn 0.085764 0.743145 0.663612 
vn 0.15701 0.743145 0.650449 
vn 0.226416 0.743145 0.62966 
vn 0.293167 0.743145 0.601489 
vn 0.356481 0.743145 0.566266 
vn 0.415615 0.743145 0.524404 
vn 0.469877 0.743145 0.476394 
vn 0.51863 0.743145 0.422799 
vn 0.561302 0.743145 0.364247 
vn 0.597394 0.743145 0.301424 
vn 0.626481 0.743145 0.235068 
vn 0.56942 0.809017 0.14578 
vn 0.581844 0.809017 0.0833604 
vn 0.587446 0.809017 0.0199634 
vn 0.586161 0.809017 -0.0436678 
vn 0.578004 0.809017 -0.106787 
vn 0.56307 0.809017 -0.168654 
vn 0.541534 0.809017 -0.228544 
vn 0.51365 0.809017 -0.285754 
vn 0.479743 0.809017 -0.339615 
vn 0.440212 0.809017 -0.389493 
vn 0.39552 0.809017 -0.434805 
vn 0.346191 0.809017 -0.47502 
vn 0.292803 0.809017 -0.509665 
vn 0.235982 0.809017 -0.538335 
vn 0.176394 0.809017 -0.560693 
vn 0.114739 0.809017 -0.576478 
vn 0.0517378 0.809017 -0.585504 
vn -0.0118696 0.809017 -0.587665 
vn -0.0753378 0.809017 -0.582937 
vn -0.137923 0.809017 -0.571374 
vn -0.198891 0.809017 -0.553113 
vn -0.257527 0.809017 -0.528367 
vn -0.313144 0.809017 -0.497426 
vn -0.365089 0.809017 -0.460653 
vn -0.412754 0.809017 -0.41848 
vn -0.45558 0.809017 -0.3714 
vn -0.493065 0.809017 -0.319966 
vn -0.524769 0.809017 -0.26478 
vn -0.550321 0.809017 -0.206491 
vn -0.56942 0.809017 -0.14578 
vn -0.581844 0.809017 -0.0833604 
vn -0.587446 0.809017 -0.0199634 
vn -0.586161 0.809017 0.0436678 
vn -0.578004 0.809017 0.106787 
vn -0.56307 0.809017 0.168654 
vn -0.541534 0.809017 0.228544 
vn -0.51365 0.809017 0.285754 
vn -0.479743 0.809017 0.339615 
vn -0.440212 0.809017 0.389493 
vn -0.39552 0.809017 0.434805 
vn -0.346191 0.809017 0.47502 
vn -0.292803 0.809017 0.509665 
vn -0.235982 0.809017 0.538335 
vn -0.176394 0.809017 0.560693 
vn -0.114739 0.809017 0.576478 
vn -0.0517378 0.809017 0.585504 
vn 0.0118696 0.809017 0.587665 
vn 0.0753378 0.809017 0.582937 
vn 0.137923 0.809017 0.571374 
vn 0.198891 0.809017 0.553113 
vn 0.257527 0.809017 0.528367 
vn 0.313144 0.809017 0.497426 
vn 0.365089 0.809017 0.460653 
vn 0.412754 0.809017 0.41848 
vn 0.45558 0.809017 0.3714 
vn 0.493065 0.809017 0.319966 
vn 0.524769 0.809017 0.26478 
vn 0.550321 0.809017 0.206491 
vn 0.484378 0.866025 0.124008 
vn 0.494946 0.866025 0.0709106 
vn 0.499712 0.866025 0.0169819 
vn 0.498618 0.866025 -0.037146 
vn 0.491679 0.866025 -0.0908384 
vn 0.478976 0.866025 -0.143466 
vn 0.460656 0.866025 -0.194411 
vn 0.436936 0.866025 -0.243077 
vn 0.408094 0.866025 -0.288893 
vn 0.374467 0.866025 -0.331323 
vn 0.336449 0.866025 -0.369867 
vn 0.294487 0.866025 -0.404076 
vn 0.249073 0.866025 -0.433547 
vn 0.200738 0.866025 -0.457935 
vn 0.15005 0.866025 -0.476954 
vn 0.0976025 0.866025 -0.490381 
vn 0.0440108 0.866025 -0.498059 
vn -0.0100969 0.866025 -0.499898 
vn -0.0640862 0.866025 -0.495876 
vn -0.117324 0.866025 -0.48604 
vn -0.169187 0.866025 -0.470506 
vn -0.219065 0.866025 -0.449456 
vn -0.266376 0.866025 -0.423136 
vn -0.310563 0.866025 -0.391855 
vn -0.35111 0.866025 -0.35598 
vn -0.38754 0.866025 -0.315932 
vn -0.419426 0.866025 -0.272179 
vn -0.446395 0.866025 -0.225236 
vn -0.468131 0.866025 -0.175652 
vn -0.484378 0.866025 -0.124008 
vn -0.494946 0.866025 -0.0709106 
vn -0.499712 0.866025 -0.0169819 
vn -0.498618 0.866025 0.037146 
vn -0.491679 0.866025 0.0908384 
vn -0.478976 0.866025 0.143466 
vn -0.460656 0.866025 0.194411 
vn -0.436936 0.866025 0.243077 
vn -0.408094 0.866025 0.288893 
vn -0.374467 0.866025 0.331323 
vn -0.336449 0.866025 0.369867 
vn -0.294487 0.866025 0.404076 
vn -0.249073 0.866025 0.433547 
vn -0.200738 0.866025 0.457935 
vn -0.15005 0.866025 0.476954 
vn -0.0976025 0.866025 0.490381 
vn -0.0440108 0.866025 0.498059 
vn 0.0100969 0.866025 0.499898 
vn 0.0640862 0.866025 0.495876 
vn 0.117324 0.866025 0.48604 
vn 0.169187 0.866025 0.470506 
vn 0.219065 0.866025 0.449456 
vn 0.266376 0.866025 0.423136 
vn 0.310563 0.866025 0.391855 
vn 0.35111 0.866025 0.35598 
vn 0.38754 0.866025 0.315932 
vn 0.419426 0.866025 0.272179 
vn 0.446395 0.866025 0.225236 
vn 0.468131 0.866025 0.175652 
vn 0.394029 0.913545 0.100877 
vn 0.402625 0.913545 0.0576839 
vn 0.406502 0.913545 0.0138143 
vn 0.405613 0.913545 -0.0302173 
vn 0.399968 0.913545 -0.0738946 
vn 0.389634 0.913545 -0.116706 
vn 0.374732 0.913545 -0.158148 
vn 0.355436 0.913545 -0.197737 
vn 0.331973 0.913545 -0.235007 
vn 0.304619 0.913545 -0.269522 
vn 0.273693 0.913545 -0.300877 
vn 0.239558 0.913545 -0.328705 
vn 0.202614 0.913545 -0.352679 
vn 0.163295 0.913545 -0.372518 
vn 0.122062 0.913545 -0.387989 
vn 0.079397 0.913545 -0.398912 
vn 0.0358016 0.913545 -0.405158 
vn -0.00821354 0.913545 -0.406654 
vn -0.0521324 0.913545 -0.403382 
vn -0.09544 0.913545 -0.395381 
vn -0.137629 0.913545 -0.382744 
vn -0.178204 0.913545 -0.36562 
vn -0.21669 0.913545 -0.34421 
vn -0.252635 0.913545 -0.318764 
vn -0.285619 0.913545 -0.28958 
vn -0.315253 0.913545 -0.257002 
vn -0.341192 0.913545 -0.221411 
vn -0.363131 0.913545 -0.183223 
vn -0.380812 0.913545 -0.142888 
vn -0.394029 0.913545 -0.100877 
vn -0.402625 0.913545 -0.0576839 
vn -0.406502 0.913545 -0.0138143 
vn -0.405613 0.913545 0.0302173 
vn -0.399968 0.913545 0.0738946 
vn -0.389634 0.913545 0.116706 
vn -0.374732 0.913545 0.158148 
vn -0.355436 0.913545 0.197737 
vn -0.331973 0.913545 0.235007 
vn -0.304619 0.913545 0.269522 
vn -0.273693 0.913545 0.300877 
vn -0.239558 0.913545 0.328705 
vn -0.202614 0.913545 0.352679 
vn -0.163295 0.913545 0.372518 
vn -0.122062 0.913545 0.387989 
vn -0.079397 0.913545 0.398912 
vn -0.0358016 0.913545 0.405158 
vn 0.00821354 0.913545 0.406654 
vn 0.0521324 0.913545 0.403382 
vn 0.09544 0.913545 0.395381 
vn 0.137629 0.913545 0.382744 
vn 0.178204 0.913545 0.36562 
vn 0.21669 0.913545 0.34421 
vn 0.252635 0.913545 0.318764 
vn 0.285619 0.913545 0.28958 
vn 0.315253 0.913545 0.257002 
vn 0.341192 0.913545 0.221411 
vn 0.363131 0.913545 0.183223 
vn 0.380812 0.913545 0.142888 
vn 0.299362 0.951057 0.0766412 
vn 0.305894 0.951057 0.0438252 
vn 0.308839 0.951057 0.0104954 
vn 0.308163 0.951057 -0.0229575 
vn 0.303874 0.951057 -0.0561412 
vn 0.296023 0.951057 -0.0886667 
vn 0.284701 0.951057 -0.120153 
vn 0.270042 0.951057 -0.15023 
vn 0.252216 0.951057 -0.178546 
vn 0.231433 0.951057 -0.204769 
vn 0.207937 0.951057 -0.228591 
vn 0.182003 0.951057 -0.249733 
vn 0.153935 0.951057 -0.267947 
vn 0.124063 0.951057 -0.283019 
vn 0.0927359 0.951057 -0.294774 
vn 0.0603216 0.951057 -0.303072 
vn 0.0272002 0.951057 -0.307818 
vn -0.00624022 0.951057 -0.308954 
vn -0.0396074 0.951057 -0.306468 
vn -0.0725103 0.951057 -0.300389 
vn -0.104563 0.951057 -0.290789 
vn -0.13539 0.951057 -0.277779 
vn -0.164629 0.951057 -0.261512 
vn -0.191939 0.951057 -0.24218 
vn -0.216998 0.951057 -0.220008 
vn -0.239513 0.951057 -0.195257 
vn -0.25922 0.951057 -0.168216 
vn -0.275888 0.951057 -0.139203 
vn -0.289321 0.951057 -0.108559 
vn -0.299362 0.951057 -0.0766412 
vn -0.305894 0.951057 -0.0438252 
vn -0.308839 0.951057 -0.0104954 
vn -0.308163 0.951057 0.0229575 
vn -0.303874 0.951057 0.0561412 
vn -0.296023 0.951057 0.0886667 
vn -0.284701 0.951057 0.120153 
vn -0.270042 0.951057 0.15023 
vn -0.252216 0.951057 0.178546 
vn -0.231433 0.951057 0.204769 
vn -0.207937 0.951057 0.228591 
vn -0.182003 0.951057 0.249733 
vn -0.153935 0.951057 0.267947 
vn -0.124063 0.951057 0.283019 
vn -0.0927359 0.951057 0.294774 
vn -0.0603216 0.951057 0.303072 
vn -0.0272002 0.951057 0.307818 
vn 0.00624022 0.951057 0.308954 
vn 0.0396074 0.951057 0.306468 
vn 0.0725103 0.951057 0.300389 
vn 0.104563 0.951057 0.290789 
vn 0.13539 0.951057 0.277779 
vn 0.164629 0.951057 0.261512 
vn 0.191939 0.951057 0.24218 
vn 0.216998 0.951057 0.220008 
vn 0.239513 0.951057 0.195257 
vn 0.25922 0.951057 0.168216 
vn 0.275888 0.951057 0.139203 
vn 0.289321 0.951057 0.108559 
vn 0.201416 0.978148 0.0515654 
vn 0.20581 0.978148 0.0294863 
vn 0.207792 0.978148 0.00706145 
vn 0.207337 0.978148 -0.0154462 
vn 0.204452 0.978148 -0.0377727 
vn 0.199169 0.978148 -0.0596564 
vn 0.191552 0.978148 -0.0808407 
vn 0.181688 0.978148 -0.101077 
vn 0.169695 0.978148 -0.120129 
vn 0.155712 0.978148 -0.137772 
vn 0.139903 0.978148 -0.153799 
vn 0.122455 0.978148 -0.168024 
vn 0.10357 0.978148 -0.180279 
vn 0.0834716 0.978148 -0.19042 
vn 0.0623942 0.978148 -0.198329 
vn 0.0405854 0.978148 -0.203912 
vn 0.0183007 0.978148 -0.207105 
vn -0.00419852 0.978148 -0.207869 
vn -0.0266485 0.978148 -0.206197 
vn -0.0487861 0.978148 -0.202107 
vn -0.0703517 0.978148 -0.195647 
vn -0.0910925 0.978148 -0.186894 
vn -0.110765 0.978148 -0.17595 
vn -0.12914 0.978148 -0.162942 
vn -0.146 0.978148 -0.148025 
vn -0.161148 0.978148 -0.131372 
vn -0.174407 0.978148 -0.113178 
vn -0.185622 0.978148 -0.0936583 
vn -0.19466 0.978148 -0.07304 
vn -0.201416 0.978148 -0.0515654 
vn -0.20581 0.978148 -0.0294863 
vn -0.207792 0.978148 -0.00706145 
vn -0.207337 0.978148 0.0154462 
vn -0.204452 0.978148 0.0377727 
vn -0.199169 0.978148 0.0596564 
vn -0.191552 0.978148 0.0808407 
vn -0.181688 0.978148 0.101077 
vn -0.169695 0.978148 0.120129 
vn -0.155712 0.978148 0.137772 
vn -0.139903 0.978148 0.153799 
vn -0.122455 0.978148 0.168024 
vn -0.10357 0.978148 0.180279 
vn -0.0834716 0.978148 0.19042 
vn -0.0623942 0.978148 0.198329 
vn -0.0405854 0.978148 0.203912 
vn -0.0183007 0.978148 0.207105 
vn 0.00419852 0.978148 0.207869 
vn 0.0266485 0.978148 0.206197 
vn 0.0487861 0.978148 0.202107 
vn 0.0703517 0.978148 0.195647 
vn 0.0910925 0.978148 0.186894 
vn 0.110765 0.978148 0.17595 
vn 0.12914 0.978148 0.162942 
vn 0.146 0.978148 0.148025 
vn 0.161148 0.978148 0.131372 
vn 0.174407 0.978148 0.113178 
vn 0.185622 0.978148 0.0936583 
vn 0.19466 0.978148 0.07304 
vn 0.101263 0.994522 0.0259247 
vn 0.103472 0.994522 0.0148244 
vn 0.104468 0.994522 0.00355018 
vn 0.10424 0.994522 -0.00776563 
vn 0.102789 0.994522 -0.0189904 
vn 0.100133 0.994522 -0.0299925 
vn 0.0963034 0.994522 -0.040643 
vn 0.0913446 0.994522 -0.050817 
vn 0.0853149 0.994522 -0.0603952 
vn 0.0782849 0.994522 -0.0692653 
vn 0.0703371 0.994522 -0.0773233 
vn 0.0615646 0.994522 -0.0844748 
vn 0.0520704 0.994522 -0.0906359 
vn 0.0419657 0.994522 -0.0957344 
vn 0.031369 0.994522 -0.0997105 
vn 0.0204045 0.994522 -0.102518 
vn 0.00920076 0.994522 -0.104123 
vn -0.00211082 0.994522 -0.104507 
vn -0.0133977 0.994522 -0.103666 
vn -0.0245274 0.994522 -0.10161 
vn -0.0353696 0.994522 -0.0983625 
vn -0.0457971 0.994522 -0.0939618 
vn -0.0556877 0.994522 -0.0884595 
vn -0.0649254 0.994522 -0.08192 
vn -0.073402 0.994522 -0.0744201 
vn -0.0810179 0.994522 -0.0660477 
vn -0.087684 0.994522 -0.056901 
vn -0.0933221 0.994522 -0.0470871 
vn -0.097866 0.994522 -0.0367212 
vn -0.101263 0.994522 -0.0259247 
vn -0.103472 0.994522 -0.0148244 
vn -0.104468 0.994522 -0.00355018 
vn -0.10424 0.994522 0.00776563 
vn -0.102789 0.994522 0.0189904 
vn -0.100133 0.994522 0.0299925 
vn -0.0963034 0.994522 0.040643 
vn -0.0913446 0.994522 0.050817 
vn -0.0853149 0.994522 0.0603952 
vn -0.0782849 0.994522 0.0692653 
vn -0.0703371 0.994522 0.0773233 
vn -0.0615646 0.994522 0.0844748 
vn -0.0520704 0.994522 0.0906359 
vn -0.0419657 0.994522 0.0957344 
vn -0.031369 0.994522 0.0997105 
vn -0.0204045 0.994522 0.102518 
vn -0.00920076 0.994522 0.104123 
vn 0.00211082 0.994522 0.104507 
vn 0.0133977 0.994522 0.103666 
vn 0.0245274 0.994522 0.10161 
vn 0.0353696 0.994522 0.0983625 
vn 0.0457971 0.994522 0.0939618 
vn 0.0556877 0.994522 0.0884595 
vn 0.0649254 0.994522 0.08192 
vn 0.073402 0.994522 0.0744201 
vn 0.0810179 0.994522 0.0660477 
vn 0.087684 0.994522 0.056901 
vn 0.0933221 0.994522 0.0470871 
vn 0.097866 0.994522 0.0367212 
vn 1.56507e-15 1 4.00681e-16 
vn 0.999962 -0.00872654 1.52498e-12 
vn 0.994477 -0.00959079 -0.104519 
vn 0.978097 -0.01035 -0.207894 
vn 0.951001 -0.0109958 -0.308991 
vn 0.913488 -0.0115211 -0.406703 
vn 0.865967 -0.0119203 -0.499959 
vn 0.808959 -0.0121888 -0.587738 
vn 0.743089 -0.0123238 -0.669079 
vn 0.669079 -0.0123238 -0.743089 
vn 0.587738 -0.0121888 -0.808959 
vn 0.499959 -0.0119203 -0.865967 
vn 0.406703 -0.0115211 -0.913488 
vn 0.308991 -0.0109958 -0.951001 
vn 0.207894 -0.01035 -0.978097 
vn 0.104519 -0.00959079 -0.994477 
vn -2.62919e-14 -0.00872654 -0.999962 
vn 0.669079 -0.0123238 -0.743089 
vn 0 -1 0 
vn 0 -0.00872654 -0.999962 
vn -0.0980123 -0.00903879 -0.995144 
vn -0.195081 -0.00926399 -0.980743 
vn -0.290271 -0.00939999 -0.956898 
vn -0.382666 -0.00944547 -0.923838 
vn -0.471376 -0.00939999 -0.881882 
vn -0.555547 -0.00926399 -0.831433 
vn -0.634368 -0.00903879 -0.772978 
vn -0.70708 -0.00872654 -0.70708 
vn 3.27971e-13 -0.00872654 -0.999962 
vn -0.772978 -0.00903879 -0.634368 
vn -0.70708 -0.00872654 -0.70708 
vn -0.831433 -0.00926399 -0.555547 
vn -0.881882 -0.00939999 -0.471376 
vn -0.923838 -0.00944547 -0.382666 
vn -0.956898 -0.00939999 -0.290271 
vn -0.980743 -0.00926399 -0.195081 
vn -0.995144 -0.00903879 -0.0980123 
vn -0.999962 -0.00872654 3.29719e-13 
vn -0.70708 -0.00872654 -0.70708 
vn -0.995144 -0.00903879 0.0980123 
vn -0.999962 -0.00872654 -2.968e-14 
vn -0.980743 -0.00926399 0.195081 
vn -0.956898 -0.00939999 0.290271 
vn -0.923838 -0.00944547 0.382666 
vn -0.881882 -0.00939999 0.471376 
vn -0.831433 -0.00926399 0.555547 
vn -0.772978 -0.00903879 0.634368 
vn -0.70708 -0.00872654 0.70708 
vn -0.923838 -0.00944547 0.382666 
vn -0.999962 -0.00872654 -3.29719e-13 
vn -0.70708 -0.00872654 0.70708 
vn -0.634368 -0.00903879 0.772978 
vn -0.555547 -0.00926399 0.831433 
vn -0.471376 -0.00939999 0.881882 
vn -0.382666 -0.00944547 0.923838 
vn -0.290271 -0.00939999 0.956898 
vn -0.195081 -0.00926399 0.980743 
vn -0.0980123 -0.00903879 0.995144 
vn 3.27971e-13 -0.00872654 0.999962 
vn -0.70708 -0.00872654 0.70708 
vn 0.104519 -0.00959079 0.994477 
vn 0.207894 -0.01035 0.978097 
vn 0.308991 -0.0109958 0.951001 
vn 0.406703 -0.0115211 0.913488 
vn 0.499959 -0.0119203 0.865967 
vn 0.587738 -0.0121888 0.808959 
vn 0.669079 -0.0123238 0.743089 
vn 0.743089 -0.0123238 0.669079 
vn 0.808959 -0.0121888 0.587738 
vn 0.865967 -0.0119203 0.499959 
vn 0.913488 -0.0115211 0.406703 
vn 0.951001 -0.0109958 0.308991 
vn 0.978097 -0.01035 0.207894 
vn 0.994477 -0.00959079 0.104519 
vn 0.999962 -0.00872654 -1.52504e-12 
vn 0.743089 -0.0123238 0.669079 
usemtl 0.098039_0.098039_0.098039_0.000000_0.000000
o mesh0
f 59//1 1//1 2//1 
f 2//1 3//1 59//1 
f 3//1 4//1 59//1 
f 4//1 5//1 59//1 
f 5//1 6//1 59//1 
f 6//1 7//1 59//1 
f 7//1 8//1 59//1 
f 8//1 9//1 59//1 
f 9//1 10//1 59//1 
f 10//1 11//1 59//1 
f 11//1 12//1 59//1 
f 12//1 13//1 59//1 
f 13//1 14//1 59//1 
f 14//1 15//1 59//1 
f 15//1 16//1 59//1 
f 16//1 17//1 59//1 
f 17//1 18//1 59//1 
f 18//1 19//1 59//1 
f 19//1 20//1 59//1 
f 20//1 21//1 59//1 
f 21//1 22//1 59//1 
f 22//1 23//1 59//1 
f 23//1 24//1 59//1 
f 24//1 25//1 59//1 
f 25//1 26//1 59//1 
f 26//1 27//1 59//1 
f 27//1 28//1 59//1 
f 28//1 29//1 59//1 
f 29//1 30//1 59//1 
f 30//1 31//1 59//1 
f 31//1 32//1 59//1 
f 32//1 33//1 59//1 
f 33//1 34//1 59//1 
f 34//1 35//1 59//1 
f 35//1 36//1 59//1 
f 36//1 37//1 59//1 
f 37//1 38//1 59//1 
f 38//1 39//1 59//1 
f 39//1 40//1 59//1 
f 40//1 41//1 59//1 
f 41//1 42//1 59//1 
f 42//1 43//1 59//1 
f 43//1 44//1 59//1 
f 44//1 45//1 59//1 
f 45//1 46//1 59//1 
f 46//1 47//1 59//1 
f 47//1 48//1 59//1 
f 48//1 49//1 59//1 
f 49//1 50//1 59//1 
f 50//1 51//1 59//1 
f 51//1 52//1 59//1 
f 52//1 53//1 59//1 
f 53//1 54//1 59//1 
f 54//1 55//1 59//1 
f 55//1 56//1 59//1 
f 56//1 57//1 59//1 
f 57//1 58//1 59//1 
f 58//1 1//1 59//1 
o mesh1
f 1//2 58//3 60//3 
f 2//4 1//2 61//5 
f 3//6 2//4 62//7 
f 4//8 3//6 63//9 
f 5//10 4//8 64//11 
f 6//12 5//10 65//13 
f 7//14 6//12 66//15 
f 8//16 7//14 67//17 
f 7//14 68//18 67//17 
f 9//19 8//16 69//20 
f 10//21 9//19 70//22 
f 11//23 10//21 71//24 
f 12//25 11//23 72//26 
f 13//27 12//25 73//28 
f 14//29 13//27 74//30 
f 15//31 14//29 75//32 
f 16//33 15//31 76//34 
f 17//35 16//33 77//36 
f 18//37 17//35 78//38 
f 19//39 18//37 79//40 
f 20//41 19//39 80//42 
f 21//43 20//41 81//44 
f 21//43 82//43 83//45 
f 83//45 22//46 21//43 
f 23//47 22//46 84//46 
f 24//48 23//47 85//47 
f 25//49 24//48 86//48 
f 26//50 25//49 87//49 
f 27//51 26//50 88//50 
f 28//52 27//51 89//51 
f 29//53 28//52 90//52 
f 30//54 29//53 91//53 
f 31//55 30//54 92//54 
f 32//56 31//55 93//55 
f 33//57 32//56 94//56 
f 34//58 33//57 95//57 
f 35//59 34//58 96//58 
f 36//60 35//59 97//59 
f 37//61 36//60 98//60 
f 38//62 37//61 99//61 
f 39//63 38//62 100//62 
f 40//64 39//63 101//63 
f 41//65 40//64 102//64 
f 42//66 41//65 103//65 
f 43//67 42//66 104//66 
f 44//68 43//67 105//67 
f 45//69 44//68 106//68 
f 46//70 45//69 107//69 
f 47//71 46//70 108//70 
f 48//72 47//71 109//71 
f 49//73 48//72 110//72 
f 50//74 49//73 111//73 
f 51//75 50//74 112//74 
f 52//76 51//75 113//75 
f 53//77 52//76 114//76 
f 54//78 53//77 115//77 
f 55//79 54//78 116//78 
f 56//80 55//79 117//79 
f 57//81 56//80 118//80 
f 58//3 57//81 119//81 
f 119//81 60//3 58//3 
f 118//80 119//81 57//81 
f 117//79 118//80 56//80 
f 116//78 117//79 55//79 
f 115//77 116//78 54//78 
f 114//76 115//77 53//77 
f 113//75 114//76 52//76 
f 112//74 113//75 51//75 
f 111//73 112//74 50//74 
f 110//72 111//73 49//73 
f 109//71 110//72 48//72 
f 108//70 109//71 47//71 
f 107//69 108//70 46//70 
f 106//68 107//69 45//69 
f 105//67 106//68 44//68 
f 104//66 105//67 43//67 
f 103//65 104//66 42//66 
f 102//64 103//65 41//65 
f 101//63 102//64 40//64 
f 100//62 101//63 39//63 
f 99//61 100//62 38//62 
f 98//60 99//61 37//61 
f 97//59 98//60 36//60 
f 96//58 97//59 35//59 
f 95//57 96//58 34//58 
f 94//56 95//57 33//57 
f 93//55 94//56 32//56 
f 92//54 93//55 31//55 
f 91//53 92//54 30//54 
f 90//52 91//53 29//53 
f 89//51 90//52 28//52 
f 88//50 89//51 27//51 
f 87//49 88//50 26//50 
f 86//48 87//49 25//49 
f 85//47 86//48 24//48 
f 84//46 85//47 23//47 
f 83//45 84//46 22//46 
f 81//44 82//43 21//43 
f 80//42 81//44 20//41 
f 79//40 80//42 19//39 
f 78//38 79//40 18//37 
f 77//36 78//38 17//35 
f 76//34 77//36 16//33 
f 75//32 76//34 15//31 
f 74//30 75//32 14//29 
f 73//28 74//30 13//27 
f 72//26 73//28 12//25 
f 71//24 72//26 11//23 
f 70//22 71//24 10//21 
f 69//20 70//22 9//19 
f 67//17 69//20 8//16 
f 66//15 68//18 7//14 
f 65//13 66//15 6//12 
f 64//11 65//13 5//10 
f 63//9 64//11 4//8 
f 62//7 63//9 3//6 
f 61//5 62//7 2//4 
f 60//3 61//5 1//2 
o mesh2
f 562//82 120//82 121//82 
f 562//82 122//82 123//82 
f 562//82 124//82 125//82 
f 123//82 120//82 562//82 
f 562//82 126//82 127//82 
f 121//82 124//82 562//82 
f 125//82 126//82 562//82 
f 127//82 128//82 562//82 
f 562//82 129//82 122//82 
f 563//82 130//82 131//82 
f 131//82 132//82 563//82 
f 563//82 133//82 134//82 
f 134//82 130//82 563//82 
f 563//82 135//82 136//82 
f 136//82 133//82 563//82 
f 132//82 137//82 563//82 
f 137//82 138//82 563//82 
f 563//82 139//82 135//82 
f 564//82 140//82 141//82 
f 140//82 142//82 143//82 
f 143//82 141//82 140//82 
f 565//82 144//82 143//82 
f 143//82 142//82 565//82 
f 142//82 145//82 146//82 
f 147//82 148//82 149//82 
f 146//82 150//82 142//82 
f 151//82 152//82 145//82 
f 153//82 151//82 154//82 
f 155//82 153//82 156//82 
f 157//82 158//82 159//82 
f 160//82 161//82 147//82 
f 142//82 162//82 163//82 
f 142//82 164//82 165//82 
f 142//82 166//82 167//82 
f 145//82 168//82 146//82 
f 154//82 156//82 153//82 
f 156//82 169//82 155//82 
f 170//82 155//82 171//82 
f 172//82 173//82 170//82 
f 173//82 172//82 157//82 
f 149//82 174//82 175//82 
f 149//82 160//82 147//82 
f 142//82 176//82 162//82 
f 167//82 164//82 142//82 
f 145//82 177//82 168//82 
f 145//82 154//82 151//82 
f 171//82 178//82 170//82 
f 159//82 173//82 157//82 
f 159//82 158//82 161//82 
f 148//82 174//82 149//82 
f 165//82 176//82 142//82 
f 152//82 177//82 145//82 
f 170//82 178//82 172//82 
f 175//82 179//82 149//82 
f 150//82 166//82 142//82 
f 161//82 160//82 159//82 
f 169//82 171//82 155//82 
f 180//82 181//82 182//82 
f 565//82 183//82 184//82 
f 180//82 185//82 186//82 
f 182//82 187//82 180//82 
f 181//82 188//82 189//82 
f 566//82 190//82 191//82 
f 566//82 192//82 193//82 
f 184//82 194//82 565//82 
f 565//82 163//82 195//82 
f 187//82 185//82 180//82 
f 189//82 196//82 181//82 
f 181//82 197//82 198//82 
f 566//82 199//82 200//82 
f 193//82 190//82 566//82 
f 566//82 201//82 202//82 
f 565//82 203//82 204//82 
f 195//82 183//82 565//82 
f 179//82 205//82 206//82 
f 206//82 205//82 180//82 
f 196//82 182//82 181//82 
f 181//82 207//82 208//82 
f 181//82 209//82 210//82 
f 181//82 211//82 212//82 
f 181//82 213//82 197//82 
f 566//82 214//82 213//82 
f 566//82 215//82 216//82 
f 191//82 199//82 566//82 
f 202//82 217//82 566//82 
f 204//82 566//82 565//82 
f 194//82 218//82 565//82 
f 180//82 219//82 206//82 
f 208//82 188//82 181//82 
f 212//82 209//82 181//82 
f 213//82 181//82 566//82 
f 566//82 220//82 215//82 
f 217//82 192//82 566//82 
f 218//82 203//82 565//82 
f 206//82 221//82 179//82 
f 210//82 207//82 181//82 
f 216//82 214//82 566//82 
f 204//82 201//82 566//82 
f 186//82 219//82 180//82 
f 200//82 220//82 566//82 
f 198//82 211//82 181//82 
f 221//82 222//82 179//82 
f 223//82 224//82 225//82 
f 226//82 227//82 228//82 
f 225//82 229//82 223//82 
f 230//82 231//82 232//82 
f 233//82 234//82 235//82 
f 228//82 236//82 226//82 
f 237//82 227//82 238//82 
f 223//82 239//82 224//82 
f 240//82 223//82 230//82 
f 233//82 241//82 234//82 
f 233//82 242//82 243//82 
f 228//82 242//82 233//82 
f 238//82 244//82 237//82 
f 245//82 246//82 237//82 
f 247//82 248//82 249//82 
f 250//82 251//82 252//82 
f 253//82 252//82 254//82 
f 255//82 254//82 256//82 
f 257//82 258//82 259//82 
f 257//82 260//82 261//82 
f 229//82 262//82 223//82 
f 223//82 240//82 263//82 
f 231//82 264//82 232//82 
f 231//82 265//82 266//82 
f 267//82 235//82 268//82 
f 243//82 241//82 233//82 
f 226//82 238//82 227//82 
f 237//82 244//82 245//82 
f 249//82 246//82 269//82 
f 249//82 270//82 247//82 
f 271//82 272//82 273//82 
f 273//82 272//82 274//82 
f 250//82 274//82 251//82 
f 256//82 275//82 255//82 
f 257//82 276//82 277//82 
f 257//82 278//82 279//82 
f 261//82 258//82 257//82 
f 257//82 280//82 281//82 
f 257//82 223//82 282//82 
f 263//82 239//82 223//82 
f 266//82 264//82 231//82 
f 267//82 283//82 284//82 
f 267//82 285//82 286//82 
f 267//82 287//82 288//82 
f 268//82 289//82 267//82 
f 233//82 236//82 228//82 
f 269//82 270//82 249//82 
f 273//82 248//82 271//82 
f 252//82 253//82 250//82 
f 256//82 290//82 275//82 
f 277//82 256//82 257//82 
f 259//82 278//82 257//82 
f 281//82 291//82 257//82 
f 282//82 292//82 257//82 
f 232//82 240//82 230//82 
f 286//82 283//82 267//82 
f 289//82 287//82 267//82 
f 245//82 269//82 246//82 
f 274//82 250//82 273//82 
f 256//82 293//82 290//82 
f 257//82 294//82 276//82 
f 291//82 260//82 257//82 
f 262//82 282//82 223//82 
f 288//82 285//82 267//82 
f 247//82 271//82 248//82 
f 277//82 293//82 256//82 
f 292//82 280//82 257//82 
f 231//82 295//82 296//82 
f 235//82 267//82 233//82 
f 279//82 294//82 257//82 
f 231//82 297//82 295//82 
f 231//82 267//82 298//82 
f 267//82 299//82 300//82 
f 254//82 255//82 253//82 
f 298//82 297//82 231//82 
f 300//82 301//82 267//82 
f 296//82 265//82 231//82 
f 284//82 299//82 267//82 
f 302//82 303//82 304//82 
f 305//82 306//82 307//82 
f 305//82 308//82 302//82 
f 307//82 309//82 305//82 
f 305//82 310//82 311//82 
f 309//82 308//82 305//82 
f 305//82 231//82 310//82 
f 311//82 306//82 305//82 
f 304//82 305//82 302//82 
f 312//82 267//82 313//82 
f 305//82 313//82 231//82 
f 313//82 267//82 231//82 
f 567//82 314//82 315//82 
f 316//82 317//82 318//82 
f 316//82 319//82 320//82 
f 321//82 316//82 322//82 
f 316//82 323//82 317//82 
f 316//82 321//82 319//82 
f 322//82 324//82 321//82 
f 320//82 323//82 316//82 
f 318//82 325//82 316//82 
f 223//82 326//82 321//82 
f 327//82 328//82 326//82 
f 568//82 329//82 328//82 
f 223//82 257//82 326//82 
f 328//82 327//82 568//82 
f 326//82 257//82 327//82 
f 330//82 331//82 332//82 
f 330//82 333//82 334//82 
f 335//82 336//82 330//82 
f 334//82 331//82 330//82 
f 330//82 337//82 335//82 
f 330//82 336//82 333//82 
f 338//82 339//82 335//82 
f 340//82 341//82 330//82 
f 332//82 342//82 330//82 
f 338//82 343//82 339//82 
f 342//82 344//82 330//82 
f 330//82 344//82 340//82 
f 343//82 99//82 98//82 
f 343//82 104//82 103//82 
f 98//82 345//82 343//82 
f 343//82 101//82 100//82 
f 103//82 102//82 343//82 
f 343//82 338//82 106//82 
f 338//82 109//82 108//82 
f 338//82 346//82 114//82 
f 98//82 97//82 345//82 
f 102//82 101//82 343//82 
f 106//82 105//82 343//82 
f 338//82 110//82 109//82 
f 338//82 112//82 111//82 
f 114//82 113//82 338//82 
f 346//82 347//82 115//82 
f 100//82 99//82 343//82 
f 338//82 107//82 106//82 
f 111//82 110//82 338//82 
f 115//82 114//82 346//82 
f 563//82 85//82 84//82 
f 563//82 88//82 87//82 
f 345//82 92//82 91//82 
f 345//82 96//82 95//82 
f 105//82 104//82 343//82 
f 113//82 112//82 338//82 
f 347//82 348//82 116//82 
f 348//82 349//82 117//82 
f 350//82 351//82 64//82 
f 563//82 86//82 85//82 
f 563//82 89//82 88//82 
f 563//82 91//82 90//82 
f 345//82 93//82 92//82 
f 95//82 94//82 345//82 
f 108//82 107//82 338//82 
f 117//82 116//82 348//82 
f 349//82 352//82 118//82 
f 352//82 353//82 119//82 
f 353//82 354//82 60//82 
f 354//82 355//82 61//82 
f 355//82 356//82 62//82 
f 356//82 350//82 63//82 
f 351//82 65//82 64//82 
f 351//82 67//82 68//82 
f 87//82 86//82 563//82 
f 91//82 563//82 345//82 
f 97//82 96//82 345//82 
f 118//82 117//82 349//82 
f 60//82 119//82 353//82 
f 62//82 61//82 355//82 
f 64//82 63//82 350//82 
f 68//82 66//82 351//82 
f 90//82 89//82 563//82 
f 116//82 115//82 347//82 
f 61//82 60//82 354//82 
f 66//82 65//82 351//82 
f 94//82 93//82 345//82 
f 63//82 62//82 356//82 
f 119//82 118//82 352//82 
f 357//82 358//82 73//82 
f 358//82 359//82 74//82 
f 360//82 361//82 69//82 
f 67//82 362//82 363//82 
f 361//82 364//82 70//82 
f 364//82 365//82 71//82 
f 365//82 357//82 72//82 
f 74//82 73//82 358//82 
f 366//82 367//82 78//82 
f 367//82 368//82 79//82 
f 67//82 369//82 360//82 
f 67//82 351//82 362//82 
f 71//82 70//82 364//82 
f 73//82 72//82 357//82 
f 359//82 370//82 75//82 
f 370//82 371//82 76//82 
f 79//82 78//82 367//82 
f 368//82 372//82 80//82 
f 372//82 373//82 81//82 
f 373//82 374//82 82//82 
f 363//82 369//82 67//82 
f 72//82 71//82 365//82 
f 76//82 75//82 370//82 
f 371//82 366//82 77//82 
f 80//82 79//82 368//82 
f 82//82 81//82 373//82 
f 70//82 69//82 361//82 
f 77//82 76//82 371//82 
f 81//82 80//82 372//82 
f 374//82 563//82 83//82 
f 75//82 74//82 359//82 
f 83//82 82//82 374//82 
f 78//82 77//82 366//82 
f 563//82 374//82 375//82 
f 376//82 139//82 377//82 
f 375//82 377//82 563//82 
f 377//82 139//82 563//82 
f 378//82 376//82 379//82 
f 562//82 380//82 381//82 
f 562//82 382//82 380//82 
f 378//82 383//82 380//82 
f 380//82 382//82 378//82 
f 384//82 385//82 386//82 
f 387//82 388//82 385//82 
f 389//82 390//82 391//82 
f 392//82 393//82 390//82 
f 394//82 386//82 393//82 
f 385//82 384//82 387//82 
f 395//82 396//82 397//82 
f 398//82 399//82 396//82 
f 400//82 401//82 402//82 
f 390//82 389//82 392//82 
f 386//82 394//82 384//82 
f 403//82 404//82 388//82 
f 405//82 406//82 404//82 
f 396//82 395//82 398//82 
f 407//82 408//82 399//82 
f 409//82 410//82 408//82 
f 411//82 402//82 410//82 
f 402//82 411//82 400//82 
f 412//82 391//82 413//82 
f 393//82 392//82 394//82 
f 404//82 403//82 405//82 
f 414//82 397//82 406//82 
f 399//82 398//82 407//82 
f 410//82 409//82 411//82 
f 401//82 415//82 416//82 
f 400//82 417//82 401//82 
f 391//82 412//82 389//82 
f 406//82 405//82 414//82 
f 408//82 407//82 409//82 
f 417//82 415//82 401//82 
f 388//82 387//82 403//82 
f 416//82 418//82 401//82 
f 397//82 414//82 395//82 
f 419//82 420//82 421//82 
f 422//82 423//82 424//82 
f 425//82 426//82 427//82 
f 428//82 429//82 426//82 
f 419//82 430//82 420//82 
f 424//82 431//82 432//82 
f 424//82 129//82 433//82 
f 434//82 427//82 435//82 
f 426//82 425//82 428//82 
f 428//82 436//82 437//82 
f 421//82 428//82 419//82 
f 424//82 438//82 431//82 
f 129//82 439//82 433//82 
f 129//82 440//82 441//82 
f 427//82 434//82 425//82 
f 421//82 436//82 428//82 
f 419//82 442//82 443//82 
f 442//82 419//82 423//82 
f 433//82 438//82 424//82 
f 129//82 444//82 440//82 
f 129//82 445//82 446//82 
f 447//82 448//82 449//82 
f 450//82 435//82 448//82 
f 437//82 429//82 428//82 
f 423//82 422//82 442//82 
f 441//82 439//82 129//82 
f 129//82 451//82 445//82 
f 452//82 453//82 454//82 
f 455//82 456//82 453//82 
f 457//82 458//82 456//82 
f 459//82 460//82 458//82 
f 461//82 449//82 460//82 
f 448//82 447//82 450//82 
f 443//82 430//82 419//82 
f 446//82 444//82 129//82 
f 453//82 452//82 455//82 
f 458//82 457//82 459//82 
f 449//82 461//82 447//82 
f 424//82 432//82 422//82 
f 129//82 562//82 462//82 
f 463//82 464//82 465//82 
f 456//82 455//82 457//82 
f 435//82 450//82 434//82 
f 462//82 466//82 129//82 
f 562//82 467//82 468//82 
f 562//82 469//82 470//82 
f 562//82 413//82 471//82 
f 428//82 472//82 473//82 
f 428//82 474//82 475//82 
f 418//82 476//82 477//82 
f 465//82 418//82 463//82 
f 478//82 454//82 464//82 
f 460//82 459//82 461//82 
f 468//82 462//82 562//82 
f 470//82 479//82 562//82 
f 471//82 480//82 562//82 
f 473//82 481//82 428//82 
f 428//82 482//82 474//82 
f 418//82 483//82 476//82 
f 464//82 463//82 478//82 
f 466//82 451//82 129//82 
f 480//82 469//82 562//82 
f 475//82 472//82 428//82 
f 484//82 482//82 428//82 
f 465//82 483//82 418//82 
f 479//82 467//82 562//82 
f 428//82 485//82 484//82 
f 454//82 478//82 452//82 
f 477//82 401//82 418//82 
f 486//82 487//82 488//82 
f 486//82 489//82 487//82 
f 568//82 327//82 490//82 
f 327//82 491//82 492//82 
f 492//82 490//82 327//82 
f 493//82 492//82 491//82 
f 491//82 486//82 493//82 
f 484//82 485//82 491//82 
f 491//82 327//82 484//82 
f 568//82 494//82 495//82 
f 495//82 496//82 568//82 
f 497//82 498//82 499//82 
f 499//82 567//82 500//82 
f 500//82 501//82 499//82 
f 497//82 502//82 503//82 
f 568//82 503//82 502//82 
f 503//82 498//82 497//82 
f 499//82 501//82 497//82 
f 567//82 499//82 504//82 
f 504//82 505//82 567//82 
f 506//82 507//82 508//82 
f 507//82 509//82 510//82 
f 509//82 314//82 511//82 
f 506//82 512//82 513//82 
f 510//82 508//82 507//82 
f 511//82 510//82 509//82 
f 514//82 506//82 515//82 
f 506//82 516//82 512//82 
f 314//82 567//82 511//82 
f 506//82 517//82 515//82 
f 508//82 516//82 506//82 
f 514//82 518//82 519//82 
f 513//82 517//82 506//82 
f 515//82 518//82 514//82 
f 312//82 520//82 506//82 
f 506//82 514//82 312//82 
f 566//82 521//82 522//82 
f 566//82 523//82 521//82 
f 522//82 524//82 566//82 
f 514//82 525//82 526//82 
f 524//82 527//82 566//82 
f 181//82 526//82 528//82 
f 514//82 529//82 525//82 
f 566//82 181//82 523//82 
f 526//82 181//82 514//82 
f 528//82 523//82 181//82 
f 566//82 530//82 531//82 
f 531//82 532//82 566//82 
f 565//82 533//82 534//82 
f 565//82 535//82 533//82 
f 565//82 536//82 537//82 
f 565//82 538//82 539//82 
f 537//82 535//82 565//82 
f 534//82 538//82 565//82 
f 539//82 540//82 565//82 
f 541//82 542//82 543//82 
f 542//82 541//82 544//82 
f 565//82 543//82 536//82 
f 545//82 544//82 546//82 
f 544//82 545//82 542//82 
f 565//82 566//82 543//82 
f 543//82 566//82 541//82 
f 546//82 547//82 545//82 
f 548//82 549//82 550//82 
f 551//82 552//82 550//82 
f 547//82 546//82 548//82 
f 551//82 564//82 552//82 
f 550//82 549//82 551//82 
f 553//82 554//82 555//82 
f 140//82 556//82 555//82 
f 555//82 554//82 140//82 
f 564//82 551//82 556//82 
f 340//82 140//82 554//82 
f 556//82 140//82 564//82 
f 555//82 557//82 553//82 
f 553//82 557//82 558//82 
f 558//82 559//82 553//82 
f 559//82 560//82 553//82 
f 554//82 341//82 340//82 
f 550//82 547//82 548//82 
f 540//82 144//82 565//82 
f 532//82 541//82 566//82 
f 527//82 530//82 566//82 
f 519//82 529//82 514//82 
f 505//82 511//82 567//82 
f 502//82 329//82 568//82 
f 496//82 503//82 568//82 
f 490//82 494//82 568//82 
f 488//82 493//82 486//82 
f 481//82 419//82 428//82 
f 413//82 562//82 412//82 
f 381//82 412//82 562//82 
f 379//82 383//82 378//82 
f 377//82 379//82 376//82 
f 69//82 67//82 360//82 
f 84//82 83//82 563//82 
f 337//82 338//82 335//82 
f 324//82 223//82 321//82 
f 315//82 500//82 567//82 
f 313//82 520//82 312//82 
f 301//82 298//82 267//82 
f 222//82 149//82 179//82 
f 163//82 565//82 142//82 
f 552//82 564//82 561//82 
f 141//82 561//82 564//82 
f 138//82 345//82 563//82 
f 128//82 382//82 562//82 
o mesh3
f 569//83 514//83 181//83 
f 570//83 312//83 514//83 
f 514//83 569//83 570//83 
f 570//83 267//83 312//83 
f 570//83 233//83 267//83 
f 181//83 180//83 569//83 
o mesh4
f 145//84 571//84 572//85 
f 154//85 572//85 573//86 
f 156//86 573//86 574//87 
f 169//87 574//87 575//88 
f 171//88 575//88 576//89 
f 178//89 576//89 577//90 
f 172//90 577//90 578//91 
f 157//91 578//91 579//92 
f 158//92 579//92 580//93 
f 161//93 580//93 581//94 
f 147//94 581//94 582//95 
f 148//95 582//95 583//96 
f 174//96 583//96 584//97 
f 585//98 205//98 179//99 
f 179//99 584//97 585//98 
f 205//98 585//98 569//100 
f 569//100 180//100 205//98 
f 179//99 175//101 584//97 
f 584//97 175//101 174//96 
f 583//96 174//96 148//95 
f 582//95 148//95 147//94 
f 581//94 147//94 161//93 
f 580//93 161//93 158//92 
f 579//92 158//92 157//91 
f 578//91 157//91 172//90 
f 577//90 172//90 178//89 
f 576//89 178//89 171//88 
f 575//88 171//88 169//87 
f 574//87 169//87 156//86 
f 573//86 156//86 154//85 
f 572//85 154//85 145//84 
o mesh5
f 571//102 140//102 340//102 
f 340//102 586//102 571//102 
f 571//102 142//102 140//102 
f 571//102 145//102 142//102 
f 340//102 344//102 586//102 
o mesh6
f 339//103 587//103 588//104 
f 335//104 588//104 589//105 
f 336//105 589//105 590//106 
f 333//106 590//106 591//107 
f 334//107 591//107 592//108 
f 331//108 592//108 593//109 
f 332//109 593//109 594//110 
f 342//110 594//110 586//111 
f 586//111 344//111 342//110 
f 594//110 342//110 332//109 
f 593//109 332//109 331//108 
f 592//108 331//108 334//107 
f 591//107 334//107 333//106 
f 590//106 333//106 336//105 
f 589//105 336//105 335//104 
f 588//104 335//104 339//103 
o mesh7
f 595//112 587//112 343//112 
f 343//112 345//112 595//112 
f 587//112 339//112 343//112 
f 345//112 138//112 595//112 
o mesh8
f 135//113 596//113 597//114 
f 136//114 597//114 598//115 
f 133//115 598//115 599//116 
f 134//116 599//116 600//117 
f 130//117 600//117 601//118 
f 131//118 601//118 602//119 
f 132//119 602//119 603//120 
f 137//120 603//120 595//121 
f 595//121 138//121 137//120 
f 603//120 137//120 132//119 
f 602//119 132//119 131//118 
f 601//118 131//118 130//117 
f 600//117 130//117 134//116 
f 599//116 134//116 133//115 
f 598//115 133//115 136//114 
f 597//114 136//114 135//113 
o mesh9
f 604//122 378//122 382//122 
f 604//122 596//122 376//122 
f 376//122 378//122 604//122 
f 596//122 139//122 376//122 
f 596//122 135//122 139//122 
f 382//122 128//122 604//122 
o mesh10
f 122//123 605//123 606//124 
f 123//124 606//124 607//125 
f 120//125 607//125 608//126 
f 121//126 608//126 609//127 
f 124//127 609//127 610//128 
f 125//128 610//128 611//129 
f 126//129 611//129 612//130 
f 127//130 612//130 604//131 
f 604//131 128//131 127//130 
f 612//130 127//130 126//129 
f 611//129 126//129 125//128 
f 610//128 125//128 124//127 
f 609//127 124//127 121//126 
f 608//126 121//126 120//125 
f 607//125 120//125 123//124 
f 606//124 123//124 122//123 
o mesh11
f 613//132 605//132 129//132 
f 605//132 122//132 129//132 
f 129//132 424//132 613//132 
o mesh12
f 482//133 614//133 615//134 
f 474//134 615//134 616//135 
f 475//135 616//135 617//136 
f 472//136 617//136 618//137 
f 473//137 618//137 619//138 
f 481//138 619//138 620//139 
f 419//139 620//139 621//140 
f 423//140 621//140 613//141 
f 613//141 424//141 423//140 
f 621//140 423//140 419//139 
f 620//139 419//139 481//138 
f 619//138 481//138 473//137 
f 618//137 473//137 472//136 
f 617//136 472//136 475//135 
f 616//135 475//135 474//134 
f 615//134 474//134 482//133 
o mesh13
f 622//142 327//142 257//142 
f 622//142 614//142 484//142 
f 484//142 327//142 622//142 
f 614//142 482//142 484//142 
f 257//142 256//142 622//142 
o mesh14
f 233//143 570//143 623//144 
f 236//144 623//144 624//145 
f 226//145 624//145 625//146 
f 238//146 625//146 626//147 
f 244//147 626//147 627//148 
f 245//148 627//148 628//149 
f 269//149 628//149 629//150 
f 270//150 629//150 630//151 
f 247//151 630//151 631//152 
f 271//152 631//152 632//153 
f 272//153 632//153 633//154 
f 274//154 633//154 634//155 
f 251//155 634//155 635//156 
f 252//156 635//156 636//157 
f 254//157 636//157 622//158 
f 622//158 256//158 254//157 
f 636//157 254//157 252//156 
f 635//156 252//156 251//155 
f 634//155 251//155 274//154 
f 633//154 274//154 272//153 
f 632//153 272//153 271//152 
f 631//152 271//152 247//151 
f 630//151 247//151 270//150 
f 629//150 270//150 269//149 
f 628//149 269//149 245//148 
f 627//148 245//148 244//147 
f 626//147 244//147 238//146 
f 625//146 238//146 226//145 
f 624//145 226//145 236//144 
f 623//144 236//144 233//143 
o mesh15
f 637//159 143//159 144//160 
f 144//160 638//161 637//159 
f 638//161 540//161 539//162 
f 639//162 539//162 538//163 
f 640//163 538//163 534//164 
f 641//164 534//164 533//165 
f 642//165 533//165 535//166 
f 643//166 535//166 537//167 
f 644//167 537//167 536//168 
f 645//168 536//168 543//169 
f 543//169 646//169 645//168 
f 536//168 645//168 644//167 
f 537//167 644//167 643//166 
f 535//166 643//166 642//165 
f 533//165 642//165 641//164 
f 534//164 641//164 640//163 
f 538//163 640//163 639//162 
f 539//162 639//162 638//161 
f 144//160 540//161 638//161 
o mesh16
f 640//170 641//170 647//170 
f 648//170 639//170 640//170 
f 640//170 649//170 648//170 
f 642//170 643//170 650//170 
f 647//170 649//170 640//170 
f 648//170 637//170 638//170 
f 650//170 647//170 642//170 
f 638//170 639//170 648//170 
f 650//170 644//170 645//170 
f 641//170 642//170 647//170 
f 643//170 644//170 650//170 
f 645//170 646//170 650//170 
o mesh17
f 143//171 637//171 648//171 
f 648//171 141//171 143//171 
o mesh18
f 648//172 552//172 561//172 
f 649//172 550//172 552//172 
f 552//172 648//172 649//172 
f 561//172 141//172 648//172 
o mesh19
f 646//173 543//173 542//174 
f 650//174 542//174 545//175 
f 647//175 545//175 547//176 
f 547//176 649//177 647//175 
f 547//176 550//177 649//177 
f 545//175 647//175 650//174 
f 542//174 650//174 646//173 
o mesh20
f 328//178 651//178 652//178 
f 652//178 326//178 328//178 
o mesh21
f 651//179 653//179 654//179 
f 655//179 656//179 657//179 
f 651//179 658//179 653//179 
f 651//179 659//179 660//179 
f 656//179 661//179 659//179 
f 657//179 662//179 663//179 
f 660//179 658//179 651//179 
f 656//179 664//179 661//179 
f 657//179 663//179 655//179 
f 665//179 666//179 662//179 
f 665//179 667//179 668//179 
f 659//179 651//179 656//179 
f 655//179 669//179 656//179 
f 665//179 670//179 666//179 
f 667//179 671//179 668//179 
f 672//179 671//179 667//179 
f 673//179 674//179 675//179 
f 676//179 673//179 677//179 
f 669//179 664//179 656//179 
f 668//179 670//179 665//179 
f 675//179 674//179 672//179 
f 677//179 678//179 676//179 
f 662//179 657//179 665//179 
f 675//179 677//179 673//179 
f 678//179 679//179 680//179 
f 667//179 675//179 672//179 
f 680//179 681//179 678//179 
f 681//179 676//179 678//179 
f 654//179 652//179 651//179 
o mesh22
f 679//180 313//180 305//181 
f 680//181 305//181 304//182 
f 681//182 304//182 303//183 
f 676//183 303//183 302//184 
f 673//184 302//184 308//185 
f 674//185 308//185 309//186 
f 672//186 309//186 307//187 
f 671//187 307//187 306//188 
f 668//188 306//188 311//189 
f 670//189 311//189 310//190 
f 662//191 666//190 231//192 
f 666//190 310//190 231//192 
f 663//193 662//191 223//194 
f 662//191 230//195 223//194 
f 663//193 324//196 322//197 
f 655//197 322//197 316//198 
f 669//198 316//198 325//199 
f 664//199 325//199 318//200 
f 661//200 318//200 317//201 
f 659//201 317//201 323//202 
f 660//202 323//202 320//203 
f 658//203 320//203 319//204 
f 653//204 319//204 321//205 
f 654//205 321//205 326//206 
f 326//206 652//206 654//205 
f 321//205 654//205 653//204 
f 319//204 653//204 658//203 
f 320//203 658//203 660//202 
f 323//202 660//202 659//201 
f 317//201 659//201 661//200 
f 318//200 661//200 664//199 
f 325//199 664//199 669//198 
f 316//198 669//198 655//197 
f 322//197 655//197 663//193 
f 223//194 324//196 663//193 
f 231//192 230//195 662//191 
f 310//190 666//190 670//189 
f 311//189 670//189 668//188 
f 306//188 668//188 671//187 
f 307//187 671//187 672//186 
f 309//186 672//186 674//185 
f 308//185 674//185 673//184 
f 302//184 673//184 676//183 
f 303//183 676//183 681//182 
f 304//182 681//182 680//181 
f 305//181 680//181 679//180 
o mesh23
f 679//207 678//207 520//207 
f 678//207 506//207 520//207 
f 520//207 313//207 679//207 
o mesh24
f 656//208 502//208 497//209 
f 657//209 497//209 501//210 
f 665//210 501//210 500//211 
f 500//211 667//212 665//210 
f 675//213 667//212 314//214 
f 667//212 315//215 314//214 
f 675//213 509//216 507//217 
f 677//217 507//217 506//218 
f 506//218 678//218 677//217 
f 507//217 677//217 675//213 
f 314//214 509//216 675//213 
f 500//211 315//215 667//212 
f 501//210 665//210 657//209 
f 497//209 657//209 656//208 
o mesh25
f 651//219 328//219 329//219 
f 329//219 656//219 651//219 
f 329//219 502//219 656//219 
o mesh26
f 682//220 683//220 553//220 
f 683//220 554//220 553//220 
f 553//220 560//220 682//220 
o mesh27
f 684//219 383//219 379//219 
f 379//219 685//219 684//219 
f 684//219 380//219 383//219 
f 379//219 377//219 685//219 
o mesh28
f 685//221 377//221 375//222 
f 686//222 375//222 374//223 
f 374//223 687//224 686//222 
f 687//224 373//224 372//225 
f 688//225 372//225 368//226 
f 689//226 368//226 367//227 
f 690//227 367//227 366//228 
f 691//228 366//228 371//229 
f 692//229 371//229 370//230 
f 693//230 370//230 359//231 
f 694//231 359//231 358//232 
f 695//232 358//232 357//233 
f 696//233 357//233 365//234 
f 697//234 365//234 364//235 
f 698//235 364//235 361//236 
f 699//236 361//236 360//237 
f 700//237 360//237 369//238 
f 701//238 369//238 363//239 
f 702//239 363//239 362//240 
f 703//241 704//240 351//242 
f 704//240 362//240 351//242 
f 703//241 350//241 356//243 
f 705//243 356//243 355//244 
f 706//244 355//244 354//245 
f 707//245 354//245 353//246 
f 708//246 353//246 352//247 
f 709//247 352//247 349//248 
f 710//248 349//248 348//249 
f 711//249 348//249 347//250 
f 712//250 347//250 346//251 
f 713//251 346//251 338//252 
f 338//252 714//253 713//251 
f 714//253 337//253 330//254 
f 330//254 715//254 714//253 
f 338//252 337//253 714//253 
f 346//251 713//251 712//250 
f 347//250 712//250 711//249 
f 348//249 711//249 710//248 
f 349//248 710//248 709//247 
f 352//247 709//247 708//246 
f 353//246 708//246 707//245 
f 354//245 707//245 706//244 
f 355//244 706//244 705//243 
f 356//243 705//243 703//241 
f 351//242 350//241 703//241 
f 362//240 704//240 702//239 
f 363//239 702//239 701//238 
f 369//238 701//238 700//237 
f 360//237 700//237 699//236 
f 361//236 699//236 698//235 
f 364//235 698//235 697//234 
f 365//234 697//234 696//233 
f 357//233 696//233 695//232 
f 358//232 695//232 694//231 
f 359//231 694//231 693//230 
f 370//230 693//230 692//229 
f 371//229 692//229 691//228 
f 366//228 691//228 690//227 
f 367//227 690//227 689//226 
f 368//226 689//226 688//225 
f 372//225 688//225 687//224 
f 374//223 373//224 687//224 
f 375//222 686//222 685//221 
o mesh29
f 715//255 330//255 341//255 
f 341//255 683//255 715//255 
f 341//255 554//255 683//255 
o mesh30
f 716//256 428//256 425//257 
f 717//257 425//257 434//258 
f 718//258 434//258 450//259 
f 719//259 450//259 447//260 
f 720//260 447//260 461//261 
f 721//261 461//261 459//262 
f 722//262 459//262 457//263 
f 723//263 457//263 455//264 
f 724//264 455//264 452//265 
f 725//265 452//265 478//266 
f 726//266 478//266 463//267 
f 727//267 463//267 418//268 
f 418//268 728//269 727//267 
f 728//269 416//269 415//270 
f 729//270 415//270 417//271 
f 730//271 417//271 400//272 
f 731//272 400//272 411//273 
f 732//273 411//273 409//274 
f 733//274 409//274 407//275 
f 734//275 407//275 398//276 
f 735//276 398//276 395//277 
f 736//277 395//277 414//278 
f 737//278 414//278 405//279 
f 738//279 405//279 403//280 
f 739//280 403//280 387//281 
f 740//281 387//281 384//282 
f 741//282 384//282 394//283 
f 742//283 394//283 392//284 
f 743//284 392//284 389//285 
f 744//285 389//285 412//286 
f 412//286 745//287 744//285 
f 745//287 381//287 380//288 
f 380//288 684//288 745//287 
f 412//286 381//287 745//287 
f 389//285 744//285 743//284 
f 392//284 743//284 742//283 
f 394//283 742//283 741//282 
f 384//282 741//282 740//281 
f 387//281 740//281 739//280 
f 403//280 739//280 738//279 
f 405//279 738//279 737//278 
f 414//278 737//278 736//277 
f 395//277 736//277 735//276 
f 398//276 735//276 734//275 
f 407//275 734//275 733//274 
f 409//274 733//274 732//273 
f 411//273 732//273 731//272 
f 400//272 731//272 730//271 
f 417//271 730//271 729//270 
f 415//270 729//270 728//269 
f 418//268 416//269 728//269 
f 463//267 727//267 726//266 
f 478//266 726//266 725//265 
f 452//265 725//265 724//264 
f 455//264 724//264 723//263 
f 457//263 723//263 722//262 
f 459//262 722//262 721//261 
f 461//261 721//261 720//260 
f 447//260 720//260 719//259 
f 450//259 719//259 718//258 
f 434//258 718//258 717//257 
f 425//257 717//257 716//256 
o mesh31
f 716//289 746//289 485//289 
f 746//289 491//289 485//289 
f 485//289 428//289 716//289 
o mesh32
f 746//290 747//290 486//290 
f 747//290 489//290 486//290 
f 486//290 491//290 746//290 
o mesh33
f 748//291 749//292 488//292 
f 747//293 748//291 487//294 
f 487//294 489//293 747//293 
f 488//292 487//294 748//291 
o mesh34
f 750//295 492//295 493//295 
f 493//295 749//295 750//295 
f 493//295 488//295 749//295 
o mesh35
f 492//296 750//296 751//296 
f 751//296 490//296 492//296 
o mesh36
f 751//297 752//297 494//297 
f 752//297 495//297 494//297 
f 494//297 490//297 751//297 
o mesh37
f 753//298 754//299 528//299 
f 755//300 753//298 526//301 
f 756//302 755//300 529//303 
f 755//300 525//304 529//303 
f 757//305 756//302 519//306 
f 758//307 757//305 518//308 
f 759//309 758//307 515//310 
f 760//311 759//309 517//312 
f 761//313 760//311 513//314 
f 762//315 761//313 512//316 
f 763//317 762//315 516//318 
f 764//319 763//317 508//320 
f 765//321 764//319 511//322 
f 764//319 510//323 511//322 
f 766//324 765//321 505//325 
f 766//324 504//324 499//326 
f 499//326 767//327 766//324 
f 767//327 498//327 503//328 
f 503//328 768//329 767//327 
f 752//330 768//329 496//329 
f 496//329 495//330 752//330 
f 503//328 496//329 768//329 
f 499//326 498//327 767//327 
f 505//325 504//324 766//324 
f 511//322 505//325 765//321 
f 508//320 510//323 764//319 
f 516//318 508//320 763//317 
f 512//316 516//318 762//315 
f 513//314 512//316 761//313 
f 517//312 513//314 760//311 
f 515//310 517//312 759//309 
f 518//308 515//310 758//307 
f 519//306 518//308 757//305 
f 529//303 519//306 756//302 
f 526//301 525//304 755//300 
f 528//299 526//301 753//298 
o mesh38
f 528//331 754//331 769//331 
f 769//331 523//331 528//331 
o mesh39
f 770//332 527//332 524//333 
f 771//333 524//333 522//334 
f 772//334 522//334 521//335 
f 773//335 521//335 523//336 
f 523//336 769//336 773//335 
f 521//335 773//335 772//334 
f 522//334 772//334 771//333 
f 524//333 771//333 770//332 
o mesh40
f 770//337 774//337 530//337 
f 774//337 531//337 530//337 
f 530//337 527//337 770//337 
o mesh41
f 775//338 776//339 549//339 
f 777//340 775//338 546//341 
f 775//338 548//342 546//341 
f 777//340 544//343 541//344 
f 541//344 778//345 777//340 
f 774//346 778//345 532//345 
f 532//345 531//346 774//346 
f 541//344 532//345 778//345 
f 546//341 544//343 777//340 
f 549//339 548//342 775//338 
o mesh42
f 776//347 779//347 551//347 
f 779//347 556//347 551//347 
f 551//347 549//347 776//347 
o mesh43
f 556//348 779//348 780//348 
f 780//348 555//348 556//348 
o mesh44
f 781//349 558//349 557//349 
f 557//349 780//349 781//349 
f 557//349 555//349 780//349 
o mesh45
f 782//350 682//351 560//351 
f 781//352 782//350 559//353 
f 559//353 558//352 781//352 
f 560//351 559//353 782//350 
o mesh46
f 692//354 693//354 739//354 
f 742//354 690//354 691//354 
f 725//354 783//354 784//354 
f 739//354 694//354 695//354 
f 739//354 740//354 692//354 
f 742//354 689//354 690//354 
f 742//354 687//354 688//354 
f 747//354 785//354 786//354 
f 783//354 734//354 735//354 
f 783//354 732//354 733//354 
f 783//354 729//354 730//354 
f 784//354 723//354 724//354 
f 784//354 720//354 721//354 
f 704//354 787//354 788//354 
f 692//354 740//354 741//354 
f 693//354 694//354 739//354 
f 688//354 689//354 742//354 
f 742//354 685//354 686//354 
f 789//354 790//354 682//354 
f 747//354 791//354 792//354 
f 786//354 793//354 747//354 
f 747//354 794//354 795//354 
f 735//354 736//354 783//354 
f 783//354 731//354 732//354 
f 783//354 728//354 729//354 
f 783//354 726//354 727//354 
f 784//354 724//354 725//354 
f 721//354 722//354 784//354 
f 787//354 713//354 714//354 
f 787//354 711//354 712//354 
f 787//354 709//354 710//354 
f 787//354 706//354 707//354 
f 788//354 702//354 704//354 
f 788//354 700//354 701//354 
f 788//354 698//354 699//354 
f 788//354 739//354 697//354 
f 685//354 744//354 745//354 
f 685//354 742//354 743//354 
f 695//354 696//354 739//354 
f 686//354 687//354 742//354 
f 682//354 782//354 789//354 
f 781//354 796//354 797//354 
f 747//354 798//354 799//354 
f 747//354 800//354 801//354 
f 747//354 802//354 803//354 
f 747//354 804//354 805//354 
f 793//354 791//354 747//354 
f 747//354 806//354 807//354 
f 747//354 808//354 794//354 
f 768//354 765//354 766//354 
f 768//354 763//354 764//354 
f 768//354 758//354 759//354 
f 746//354 809//354 810//354 
f 783//354 737//354 738//354 
f 733//354 734//354 783//354 
f 727//354 728//354 783//354 
f 722//354 723//354 784//354 
f 712//354 713//354 787//354 
f 787//354 708//354 709//354 
f 787//354 705//354 706//354 
f 704//354 703//354 787//354 
f 699//354 700//354 788//354 
f 739//354 696//354 697//354 
f 743//354 744//354 685//354 
f 691//354 692//354 742//354 
f 754//354 774//354 770//354 
f 782//354 781//354 789//354 
f 797//354 811//354 781//354 
f 781//354 812//354 813//354 
f 799//354 781//354 747//354 
f 803//354 800//354 747//354 
f 792//354 804//354 747//354 
f 747//354 814//354 815//354 
f 795//354 806//354 747//354 
f 764//354 765//354 768//354 
f 768//354 761//354 762//354 
f 759//354 760//354 768//354 
f 810//354 816//354 746//354 
f 716//354 817//354 809//354 
f 716//354 818//354 819//354 
f 736//354 737//354 783//354 
f 725//354 726//354 783//354 
f 784//354 718//354 719//354 
f 784//354 716//354 717//354 
f 710//354 711//354 787//354 
f 703//354 705//354 787//354 
f 697//354 698//354 788//354 
f 741//354 742//354 692//354 
f 774//354 754//354 753//354 
f 754//354 772//354 773//354 
f 770//354 771//354 754//354 
f 756//354 777//354 778//354 
f 811//354 789//354 781//354 
f 799//354 812//354 781//354 
f 805//354 802//354 747//354 
f 807//354 814//354 747//354 
f 781//354 756//354 757//354 
f 762//354 763//354 768//354 
f 768//354 757//354 758//354 
f 746//354 820//354 808//354 
f 746//354 821//354 822//354 
f 816//354 823//354 746//354 
f 716//354 824//354 817//354 
f 819//354 825//354 716//354 
f 730//354 731//354 783//354 
f 717//354 718//354 784//354 
f 739//354 826//354 827//354 
f 707//354 708//354 787//354 
f 745//354 684//354 685//354 
f 753//354 755//354 774//354 
f 771//354 772//354 754//354 
f 756//354 775//354 777//354 
f 756//354 781//354 776//354 
f 813//354 796//354 781//354 
f 815//354 785//354 747//354 
f 757//354 749//354 781//354 
f 757//354 768//354 752//354 
f 760//354 761//354 768//354 
f 822//354 820//354 746//354 
f 809//354 746//354 716//354 
f 825//354 828//354 716//354 
f 719//354 720//354 784//354 
f 739//354 829//354 830//354 
f 827//354 831//354 739//354 
f 701//354 702//354 788//354 
f 715//354 832//354 833//354 
f 683//354 834//354 832//354 
f 683//354 835//354 836//354 
f 773//354 769//354 754//354 
f 776//354 775//354 756//354 
f 801//354 798//354 747//354 
f 749//354 748//354 781//354 
f 750//354 749//354 752//354 
f 766//354 767//354 768//354 
f 746//354 837//354 821//354 
f 828//354 824//354 716//354 
f 716//354 838//354 839//354 
f 738//354 739//354 783//354 
f 831//354 829//354 739//354 
f 714//354 715//354 787//354 
f 832//354 715//354 683//354 
f 836//354 840//354 683//354 
f 778//354 774//354 756//354 
f 780//354 779//354 776//354 
f 748//354 747//354 781//354 
f 752//354 749//354 757//354 
f 823//354 837//354 746//354 
f 784//354 838//354 716//354 
f 788//354 826//354 739//354 
f 840//354 834//354 683//354 
f 776//354 781//354 780//354 
f 752//354 751//354 750//354 
f 839//354 818//354 716//354 
f 833//354 787//354 715//354 
f 790//354 835//354 682//354 
f 830//354 783//354 739//354 
f 835//354 683//354 682//354 
f 755//354 756//354 774//354 
f 808//354 747//354 746//354 
o mesh47
f 841//355 842//356 185//356 
f 843//357 841//355 187//358 
f 844//359 843//357 182//360 
f 845//361 844//359 196//362 
f 846//363 845//361 189//364 
f 847//365 846//363 188//366 
f 848//367 847//365 208//368 
f 849//369 848//367 207//370 
f 850//371 849//369 210//372 
f 851//373 850//371 209//374 
f 852//375 851//373 212//376 
f 853//377 852//375 211//378 
f 854//379 853//377 198//380 
f 855//381 854//379 197//382 
f 856//383 855//381 213//384 
f 857//385 856//383 214//386 
f 858//387 857//385 216//388 
f 859//389 858//387 215//390 
f 860//391 859//389 220//392 
f 861//393 860//391 200//394 
f 862//395 861//393 199//396 
f 863//397 862//395 191//398 
f 864//399 863//397 190//400 
f 865//401 864//399 193//402 
f 866//403 865//401 192//404 
f 867//405 866//403 217//406 
f 868//407 867//405 202//408 
f 869//409 868//407 201//410 
f 870//411 869//409 204//412 
f 871//413 870//411 203//414 
f 872//415 871//413 218//416 
f 873//417 872//415 194//418 
f 874//419 873//417 184//420 
f 875//421 874//419 183//422 
f 876//423 875//421 163//424 
f 875//421 195//425 163//424 
f 877//426 876//423 162//427 
f 878//428 877//426 176//429 
f 879//430 878//428 165//431 
f 880//432 879//430 164//433 
f 881//434 880//432 167//435 
f 882//436 881//434 166//437 
f 883//438 882//436 150//439 
f 884//440 883//438 146//441 
f 885//442 884//440 168//443 
f 886//444 885//442 177//445 
f 887//446 886//444 152//447 
f 888//448 887//446 151//449 
f 889//450 888//448 153//451 
f 890//452 889//450 155//453 
f 891//454 890//452 170//455 
f 892//456 891//454 173//457 
f 893//458 892//456 159//459 
f 893//458 160//458 149//460 
f 149//460 894//461 893//458 
f 895//462 894//461 222//461 
f 896//463 895//462 221//462 
f 897//464 896//463 206//463 
f 898//465 897//464 219//464 
f 842//356 898//465 186//465 
f 186//465 185//356 842//356 
f 219//464 186//465 898//465 
f 206//463 219//464 897//464 
f 221//462 206//463 896//463 
f 222//461 221//462 895//462 
f 149//460 222//461 894//461 
f 159//459 160//458 893//458 
f 173//457 159//459 892//456 
f 170//455 173//457 891//454 
f 155//453 170//455 890//452 
f 153//451 155//453 889//450 
f 151//449 153//451 888//448 
f 152//447 151//449 887//446 
f 177//445 152//447 886//444 
f 168//443 177//445 885//442 
f 146//441 168//443 884//440 
f 150//439 146//441 883//438 
f 166//437 150//439 882//436 
f 167//435 166//437 881//434 
f 164//433 167//435 880//432 
f 165//431 164//433 879//430 
f 176//429 165//431 878//428 
f 162//427 176//429 877//426 
f 163//424 162//427 876//423 
f 183//422 195//425 875//421 
f 184//420 183//422 874//419 
f 194//418 184//420 873//417 
f 218//416 194//418 872//415 
f 203//414 218//416 871//413 
f 204//412 203//414 870//411 
f 201//410 204//412 869//409 
f 202//408 201//410 868//407 
f 217//406 202//408 867//405 
f 192//404 217//406 866//403 
f 193//402 192//404 865//401 
f 190//400 193//402 864//399 
f 191//398 190//400 863//397 
f 199//396 191//398 862//395 
f 200//394 199//396 861//393 
f 220//392 200//394 860//391 
f 215//390 220//392 859//389 
f 216//388 215//390 858//387 
f 214//386 216//388 857//385 
f 213//384 214//386 856//383 
f 197//382 213//384 855//381 
f 198//380 197//382 854//379 
f 211//378 198//380 853//377 
f 212//376 211//378 852//375 
f 209//374 212//376 851//373 
f 210//372 209//374 850//371 
f 207//370 210//372 849//369 
f 208//368 207//370 848//367 
f 188//366 208//368 847//365 
f 189//364 188//366 846//363 
f 196//362 189//364 845//361 
f 182//360 196//362 844//359 
f 187//358 182//360 843//357 
f 185//356 187//358 841//355 
o mesh48
f 899//466 841//466 843//466 
f 843//466 844//466 899//466 
f 844//466 845//466 899//466 
f 845//466 846//466 899//466 
f 846//466 847//466 899//466 
f 847//466 848//466 899//466 
f 848//466 849//466 899//466 
f 849//466 850//466 899//466 
f 850//466 851//466 899//466 
f 851//466 852//466 899//466 
f 852//466 853//466 899//466 
f 853//466 854//466 899//466 
f 854//466 855//466 899//466 
f 855//466 856//466 899//466 
f 856//466 857//466 899//466 
f 857//466 858//466 899//466 
f 858//466 859//466 899//466 
f 859//466 860//466 899//466 
f 860//466 861//466 899//466 
f 861//466 862//466 899//466 
f 862//466 863//466 899//466 
f 863//466 864//466 899//466 
f 864//466 865//466 899//466 
f 865//466 866//466 899//466 
f 866//466 867//466 899//466 
f 867//466 868//466 899//466 
f 868//466 869//466 899//466 
f 869//466 870//466 899//466 
f 870//466 871//466 899//466 
f 871//466 872//466 899//466 
f 872//466 873//466 899//466 
f 873//466 874//466 899//466 
f 874//466 875//466 899//466 
f 875//466 876//466 899//466 
f 876//466 877//466 899//466 
f 877//466 878//466 899//466 
f 878//466 879//466 899//466 
f 879//466 880//466 899//466 
f 880//466 881//466 899//466 
f 881//466 882//466 899//466 
f 882//466 883//466 899//466 
f 883//466 884//466 899//466 
f 884//466 885//466 899//466 
f 885//466 886//466 899//466 
f 886//466 887//466 899//466 
f 887//466 888//466 899//466 
f 888//466 889//466 899//466 
f 889//466 890//466 899//466 
f 890//466 891//466 899//466 
f 891//466 892//466 899//466 
f 892//466 893//466 899//466 
f 893//466 894//466 899//466 
f 894//466 895//466 899//466 
f 895//466 896//466 899//466 
f 896//466 897//466 899//466 
f 897//466 898//466 899//466 
f 898//466 842//466 899//466 
f 842//466 841//466 899//466 
o mesh49
f 900//467 901//468 456//468 
f 902//469 900//467 458//470 
f 903//471 902//469 460//472 
f 904//473 903//471 449//474 
f 905//475 904//473 448//476 
f 906//477 905//475 435//478 
f 907//479 906//477 427//480 
f 908//481 907//479 426//482 
f 909//483 908//481 429//484 
f 910//485 909//483 437//486 
f 911//487 910//485 436//488 
f 912//489 911//487 421//490 
f 913//491 912//489 420//492 
f 914//493 913//491 430//494 
f 915//495 914//493 443//496 
f 916//497 915//495 442//498 
f 917//499 916//497 422//500 
f 918//501 917//499 432//502 
f 919//503 918//501 431//504 
f 920//505 919//503 438//506 
f 921//507 920//505 433//508 
f 922//509 921//507 439//510 
f 923//511 922//509 441//512 
f 924//513 923//511 440//514 
f 925//515 924//513 444//516 
f 926//517 925//515 446//518 
f 927//519 926//517 445//520 
f 928//521 927//519 451//522 
f 929//523 928//521 466//524 
f 930//525 929//523 462//526 
f 931//527 930//525 468//528 
f 932//529 931//527 467//530 
f 933//531 932//529 479//532 
f 934//533 933//531 470//534 
f 935//535 934//533 469//536 
f 936//537 935//535 480//538 
f 937//539 936//537 413//540 
f 936//537 471//541 413//540 
f 938//542 937//539 391//543 
f 939//544 938//542 390//545 
f 940//546 939//544 393//547 
f 941//548 940//546 386//549 
f 942//550 941//548 385//551 
f 943//552 942//550 388//553 
f 944//554 943//552 404//555 
f 945//556 944//554 406//557 
f 946//558 945//556 397//559 
f 947//560 946//558 396//561 
f 948//562 947//560 399//563 
f 949//564 948//562 408//565 
f 950//566 949//564 410//567 
f 950//566 402//566 401//568 
f 401//568 951//569 950//566 
f 952//570 951//569 477//569 
f 953//571 952//570 476//570 
f 954//572 953//571 483//571 
f 955//573 954//572 465//572 
f 956//574 955//573 464//573 
f 957//575 956//574 454//574 
f 901//468 957//575 453//575 
f 453//575 456//468 901//468 
f 454//574 453//575 957//575 
f 464//573 454//574 956//574 
f 465//572 464//573 955//573 
f 483//571 465//572 954//572 
f 476//570 483//571 953//571 
f 477//569 476//570 952//570 
f 401//568 477//569 951//569 
f 410//567 402//566 950//566 
f 408//565 410//567 949//564 
f 399//563 408//565 948//562 
f 396//561 399//563 947//560 
f 397//559 396//561 946//558 
f 406//557 397//559 945//556 
f 404//555 406//557 944//554 
f 388//553 404//555 943//552 
f 385//551 388//553 942//550 
f 386//549 385//551 941//548 
f 393//547 386//549 940//546 
f 390//545 393//547 939//544 
f 391//543 390//545 938//542 
f 413//540 391//543 937//539 
f 480//538 471//541 936//537 
f 469//536 480//538 935//535 
f 470//534 469//536 934//533 
f 479//532 470//534 933//531 
f 467//530 479//532 932//529 
f 468//528 467//530 931//527 
f 462//526 468//528 930//525 
f 466//524 462//526 929//523 
f 451//522 466//524 928//521 
f 445//520 451//522 927//519 
f 446//518 445//520 926//517 
f 444//516 446//518 925//515 
f 440//514 444//516 924//513 
f 441//512 440//514 923//511 
f 439//510 441//512 922//509 
f 433//508 439//510 921//507 
f 438//506 433//508 920//505 
f 431//504 438//506 919//503 
f 432//502 431//504 918//501 
f 422//500 432//502 917//499 
f 442//498 422//500 916//497 
f 443//496 442//498 915//495 
f 430//494 443//496 914//493 
f 420//492 430//494 913//491 
f 421//490 420//492 912//489 
f 436//488 421//490 911//487 
f 437//486 436//488 910//485 
f 429//484 437//486 909//483 
f 426//482 429//484 908//481 
f 427//480 426//482 907//479 
f 435//478 427//480 906//477 
f 448//476 435//478 905//475 
f 449//474 448//476 904//473 
f 460//472 449//474 903//471 
f 458//470 460//472 902//469 
f 456//468 458//470 900//467 
o mesh50
f 958//576 900//576 902//576 
f 902//576 903//576 958//576 
f 903//576 904//576 958//576 
f 904//576 905//576 958//576 
f 905//576 906//576 958//576 
f 906//576 907//576 958//576 
f 907//576 908//576 958//576 
f 908//576 909//576 958//576 
f 909//576 910//576 958//576 
f 910//576 911//576 958//576 
f 911//576 912//576 958//576 
f 912//576 913//576 958//576 
f 913//576 914//576 958//576 
f 914//576 915//576 958//576 
f 915//576 916//576 958//576 
f 916//576 917//576 958//576 
f 917//576 918//576 958//576 
f 918//576 919//576 958//576 
f 919//576 920//576 958//576 
f 920//576 921//576 958//576 
f 921//576 922//576 958//576 
f 922//576 923//576 958//576 
f 923//576 924//576 958//576 
f 924//576 925//576 958//576 
f 925//576 926//576 958//576 
f 926//576 927//576 958//576 
f 927//576 928//576 958//576 
f 928//576 929//576 958//576 
f 929//576 930//576 958//576 
f 930//576 931//576 958//576 
f 931//576 932//576 958//576 
f 932//576 933//576 958//576 
f 933//576 934//576 958//576 
f 934//576 935//576 958//576 
f 935//576 936//576 958//576 
f 936//576 937//576 958//576 
f 937//576 938//576 958//576 
f 938//576 939//576 958//576 
f 939//576 940//576 958//576 
f 940//576 941//576 958//576 
f 941//576 942//576 958//576 
f 942//576 943//576 958//576 
f 943//576 944//576 958//576 
f 944//576 945//576 958//576 
f 945//576 946//576 958//576 
f 946//576 947//576 958//576 
f 947//576 948//576 958//576 
f 948//576 949//576 958//576 
f 949//576 950//576 958//576 
f 950//576 951//576 958//576 
f 951//576 952//576 958//576 
f 952//576 953//576 958//576 
f 953//576 954//576 958//576 
f 954//576 955//576 958//576 
f 955//576 956//576 958//576 
f 956//576 957//576 958//576 
f 957//576 901//576 958//576 
f 901//576 900//576 958//576 
o mesh51
f 959//577 960//578 241//578 
f 961//579 959//577 243//580 
f 962//581 961//579 242//582 
f 963//583 962//581 228//584 
f 964//585 963//583 227//586 
f 965//587 964//585 237//588 
f 966//589 965//587 246//590 
f 967//591 966//589 249//592 
f 968//593 967//591 248//594 
f 969//595 968//593 273//596 
f 970//597 969//595 250//598 
f 971//599 970//597 253//600 
f 972//601 971//599 255//602 
f 973//603 972//601 275//604 
f 974//605 973//603 290//606 
f 975//607 974//605 293//608 
f 976//609 975//607 277//610 
f 977//611 976//609 276//612 
f 978//613 977//611 294//614 
f 979//615 978//613 279//616 
f 980//617 979//615 278//618 
f 981//619 980//617 259//620 
f 982//621 981//619 258//622 
f 983//623 982//621 261//624 
f 984//625 983//623 260//626 
f 985//627 984//625 291//628 
f 986//629 985//627 281//630 
f 987//631 986//629 280//632 
f 988//633 987//631 292//634 
f 989//635 988//633 282//636 
f 990//637 989//635 262//638 
f 991//639 990//637 229//640 
f 992//641 991//639 225//642 
f 993//643 992//641 224//644 
f 994//645 993//643 239//646 
f 995//647 994//645 263//648 
f 996//649 995//647 240//650 
f 997//651 996//649 232//652 
f 998//653 997//651 264//654 
f 999//655 998//653 266//656 
f 1000//657 999//655 265//658 
f 1001//659 1000//657 296//660 
f 1002//661 1001//659 295//662 
f 1003//663 1002//661 297//664 
f 1004//665 1003//663 298//666 
f 1005//667 1004//665 301//668 
f 1006//669 1005//667 300//670 
f 1007//671 1006//669 299//672 
f 1008//673 1007//671 284//674 
f 1009//675 1008//673 283//676 
f 1010//677 1009//675 286//678 
f 1011//679 1010//677 285//680 
f 1012//681 1011//679 288//682 
f 1013//683 1012//681 287//684 
f 1014//685 1013//683 289//686 
f 1015//687 1014//685 268//688 
f 1016//689 1015//687 235//690 
f 960//578 1016//689 234//689 
f 234//689 241//578 960//578 
f 235//690 234//689 1016//689 
f 268//688 235//690 1015//687 
f 289//686 268//688 1014//685 
f 287//684 289//686 1013//683 
f 288//682 287//684 1012//681 
f 285//680 288//682 1011//679 
f 286//678 285//680 1010//677 
f 283//676 286//678 1009//675 
f 284//674 283//676 1008//673 
f 299//672 284//674 1007//671 
f 300//670 299//672 1006//669 
f 301//668 300//670 1005//667 
f 298//666 301//668 1004//665 
f 297//664 298//666 1003//663 
f 295//662 297//664 1002//661 
f 296//660 295//662 1001//659 
f 265//658 296//660 1000//657 
f 266//656 265//658 999//655 
f 264//654 266//656 998//653 
f 232//652 264//654 997//651 
f 240//650 232//652 996//649 
f 263//648 240//650 995//647 
f 239//646 263//648 994//645 
f 224//644 239//646 993//643 
f 225//642 224//644 992//641 
f 229//640 225//642 991//639 
f 262//638 229//640 990//637 
f 282//636 262//638 989//635 
f 292//634 282//636 988//633 
f 280//632 292//634 987//631 
f 281//630 280//632 986//629 
f 291//628 281//630 985//627 
f 260//626 291//628 984//625 
f 261//624 260//626 983//623 
f 258//622 261//624 982//621 
f 259//620 258//622 981//619 
f 278//618 259//620 980//617 
f 279//616 278//618 979//615 
f 294//614 279//616 978//613 
f 276//612 294//614 977//611 
f 277//610 276//612 976//609 
f 293//608 277//610 975//607 
f 290//606 293//608 974//605 
f 275//604 290//606 973//603 
f 255//602 275//604 972//601 
f 253//600 255//602 971//599 
f 250//598 253//600 970//597 
f 273//596 250//598 969//595 
f 248//594 273//596 968//593 
f 249//592 248//594 967//591 
f 246//590 249//592 966//589 
f 237//588 246//590 965//587 
f 227//586 237//588 964//585 
f 228//584 227//586 963//583 
f 242//582 228//584 962//581 
f 243//580 242//582 961//579 
f 241//578 243//580 959//577 
o mesh52
f 1017//691 959//691 961//691 
f 961//691 962//691 1017//691 
f 962//691 963//691 1017//691 
f 963//691 964//691 1017//691 
f 964//691 965//691 1017//691 
f 965//691 966//691 1017//691 
f 966//691 967//691 1017//691 
f 967//691 968//691 1017//691 
f 968//691 969//691 1017//691 
f 969//691 970//691 1017//691 
f 970//691 971//691 1017//691 
f 971//691 972//691 1017//691 
f 972//691 973//691 1017//691 
f 973//691 974//691 1017//691 
f 974//691 975//691 1017//691 
f 975//691 976//691 1017//691 
f 976//691 977//691 1017//691 
f 977//691 978//691 1017//691 
f 978//691 979//691 1017//691 
f 979//691 980//691 1017//691 
f 980//691 981//691 1017//691 
f 981//691 982//691 1017//691 
f 982//691 983//691 1017//691 
f 983//691 984//691 1017//691 
f 984//691 985//691 1017//691 
f 985//691 986//691 1017//691 
f 986//691 987//691 1017//691 
f 987//691 988//691 1017//691 
f 988//691 989//691 1017//691 
f 989//691 990//691 1017//691 
f 990//691 991//691 1017//691 
f 991//691 992//691 1017//691 
f 992//691 993//691 1017//691 
f 993//691 994//691 1017//691 
f 994//691 995//691 1017//691 
f 995//691 996//691 1017//691 
f 996//691 997//691 1017//691 
f 997//691 998//691 1017//691 
f 998//691 999//691 1017//691 
f 999//691 1000//691 1017//691 
f 1000//691 1001//691 1017//691 
f 1001//691 1002//691 1017//691 
f 1002//691 1003//691 1017//691 
f 1003//691 1004//691 1017//691 
f 1004//691 1005//691 1017//691 
f 1005//691 1006//691 1017//691 
f 1006//691 1007//691 1017//691 
f 1007//691 1008//691 1017//691 
f 1008//691 1009//691 1017//691 
f 1009//691 1010//691 1017//691 
f 1010//691 1011//691 1017//691 
f 1011//691 1012//691 1017//691 
f 1012//691 1013//691 1017//691 
f 1013//691 1014//691 1017//691 
f 1014//691 1015//691 1017//691 
f 1015//691 1016//691 1017//691 
f 1016//691 960//691 1017//691 
f 960//691 959//691 1017//691 
o mesh53
f 838//692 784//693 1018//694 
f 784//693 1019//695 1018//694 
f 784//693 783//696 1020//697 
f 783//696 1021//698 1020//697 
f 783//696 830//699 1022//700 
f 830//699 1023//701 1022//700 
f 830//699 829//702 1024//703 
f 829//702 1025//704 1024//703 
f 829//702 831//705 1026//706 
f 831//705 1027//707 1026//706 
f 831//705 827//708 1028//709 
f 827//708 1029//710 1028//709 
f 827//708 826//711 1030//712 
f 826//711 1031//713 1030//712 
f 826//711 788//714 1032//715 
f 788//714 1033//716 1032//715 
f 788//714 787//717 1034//718 
f 787//717 1035//719 1034//718 
f 787//717 833//720 1036//721 
f 833//720 1037//722 1036//721 
f 833//720 832//723 1038//724 
f 832//723 1039//725 1038//724 
f 832//723 834//726 1040//727 
f 834//726 1041//728 1040//727 
f 834//726 840//729 1042//730 
f 840//729 1043//731 1042//730 
f 840//729 836//732 1044//733 
f 836//732 1045//734 1044//733 
f 836//732 835//735 1046//736 
f 835//735 1047//737 1046//736 
f 835//735 790//738 1048//739 
f 790//738 1049//740 1048//739 
f 790//738 789//741 1050//742 
f 789//741 1051//743 1050//742 
f 789//741 811//744 1052//745 
f 811//744 1053//746 1052//745 
f 811//744 797//747 1054//748 
f 797//747 1055//749 1054//748 
f 797//747 796//750 1056//751 
f 796//750 1057//752 1056//751 
f 796//750 813//753 1058//754 
f 813//753 1059//755 1058//754 
f 813//753 812//756 1060//757 
f 812//756 1061//758 1060//757 
f 812//756 799//759 1062//760 
f 799//759 1063//761 1062//760 
f 799//759 798//762 1064//763 
f 798//762 1065//764 1064//763 
f 798//762 801//765 1066//766 
f 801//765 1067//767 1066//766 
f 801//765 800//768 1068//769 
f 800//768 1069//770 1068//769 
f 800//768 803//771 1070//772 
f 803//771 1071//773 1070//772 
f 803//771 802//774 1072//775 
f 802//774 1073//776 1072//775 
f 802//774 805//777 1074//778 
f 805//777 1075//779 1074//778 
f 805//777 804//780 1076//781 
f 804//780 1077//782 1076//781 
f 804//780 792//783 1078//784 
f 792//783 1079//785 1078//784 
f 792//783 791//786 1080//787 
f 791//786 1081//788 1080//787 
f 791//786 793//789 1082//790 
f 793//789 1083//791 1082//790 
f 793//789 786//792 1084//793 
f 786//792 1085//794 1084//793 
f 786//792 785//795 1086//796 
f 785//795 1087//797 1086//796 
f 785//795 815//798 1088//799 
f 815//798 1089//800 1088//799 
f 815//798 814//801 1090//802 
f 814//801 1091//803 1090//802 
f 814//801 807//804 1092//805 
f 807//804 1093//806 1092//805 
f 807//804 806//807 1094//808 
f 806//807 1095//809 1094//808 
f 806//807 795//810 1096//811 
f 795//810 1097//812 1096//811 
f 795//810 794//813 1098//814 
f 794//813 1099//815 1098//814 
f 794//813 808//816 1100//817 
f 808//816 1101//818 1100//817 
f 808//816 820//819 1102//820 
f 820//819 1103//821 1102//820 
f 820//819 822//822 1104//823 
f 822//822 1105//824 1104//823 
f 822//822 821//825 1106//826 
f 821//825 1107//827 1106//826 
f 821//825 837//828 1108//829 
f 837//828 1109//830 1108//829 
f 837//828 823//831 1110//832 
f 823//831 1111//833 1110//832 
f 823//831 816//834 1112//835 
f 816//834 1113//836 1112//835 
f 816//834 810//837 1114//838 
f 810//837 1115//839 1114//838 
f 810//837 809//840 1116//841 
f 809//840 1117//842 1116//841 
f 809//840 817//843 1118//844 
f 817//843 1119//845 1118//844 
f 817//843 824//846 1120//847 
f 824//846 1121//848 1120//847 
f 824//846 828//849 1122//850 
f 828//849 1123//851 1122//850 
f 828//849 825//852 1124//853 
f 825//852 1125//854 1124//853 
f 825//852 819//855 1126//856 
f 819//855 1127//857 1126//856 
f 819//855 818//858 1128//859 
f 818//858 1129//860 1128//859 
f 818//858 839//861 1130//862 
f 839//861 1131//863 1130//862 
f 839//861 838//692 1132//864 
f 838//692 1133//865 1132//864 
f 1132//864 1131//863 839//861 
f 1130//862 1129//860 818//858 
f 1128//859 1127//857 819//855 
f 1126//856 1125//854 825//852 
f 1124//853 1123//851 828//849 
f 1122//850 1121//848 824//846 
f 1120//847 1119//845 817//843 
f 1118//844 1117//842 809//840 
f 1116//841 1115//839 810//837 
f 1114//838 1113//836 816//834 
f 1112//835 1111//833 823//831 
f 1110//832 1109//830 837//828 
f 1108//829 1107//827 821//825 
f 1106//826 1105//824 822//822 
f 1104//823 1103//821 820//819 
f 1102//820 1101//818 808//816 
f 1100//817 1099//815 794//813 
f 1098//814 1097//812 795//810 
f 1096//811 1095//809 806//807 
f 1094//808 1093//806 807//804 
f 1092//805 1091//803 814//801 
f 1090//802 1089//800 815//798 
f 1088//799 1087//797 785//795 
f 1086//796 1085//794 786//792 
f 1084//793 1083//791 793//789 
f 1082//790 1081//788 791//786 
f 1080//787 1079//785 792//783 
f 1078//784 1077//782 804//780 
f 1076//781 1075//779 805//777 
f 1074//778 1073//776 802//774 
f 1072//775 1071//773 803//771 
f 1070//772 1069//770 800//768 
f 1068//769 1067//767 801//765 
f 1066//766 1065//764 798//762 
f 1064//763 1063//761 799//759 
f 1062//760 1061//758 812//756 
f 1060//757 1059//755 813//753 
f 1058//754 1057//752 796//750 
f 1056//751 1055//749 797//747 
f 1054//748 1053//746 811//744 
f 1052//745 1051//743 789//741 
f 1050//742 1049//740 790//738 
f 1048//739 1047//737 835//735 
f 1046//736 1045//734 836//732 
f 1044//733 1043//731 840//729 
f 1042//730 1041//728 834//726 
f 1040//727 1039//725 832//723 
f 1038//724 1037//722 833//720 
f 1036//721 1035//719 787//717 
f 1034//718 1033//716 788//714 
f 1032//715 1031//713 826//711 
f 1030//712 1029//710 827//708 
f 1028//709 1027//707 831//705 
f 1026//706 1025//704 829//702 
f 1024//703 1023//701 830//699 
f 1022//700 1021//698 783//696 
f 1020//697 1019//695 784//693 
f 1018//694 1133//865 838//692 
o mesh54
f 1193//866 1194//867 1071//868 
f 1194//867 1070//869 1071//868 
f 1195//870 1193//866 1073//871 
f 1193//866 1072//872 1073//871 
f 1196//873 1195//870 1075//874 
f 1195//870 1074//875 1075//874 
f 1197//876 1196//873 1077//877 
f 1196//873 1076//878 1077//877 
f 1198//879 1197//876 1079//880 
f 1197//876 1078//881 1079//880 
f 1199//882 1198//879 1081//883 
f 1198//879 1080//884 1081//883 
f 1200//885 1199//882 1083//886 
f 1199//882 1082//887 1083//886 
f 1201//888 1200//885 1085//889 
f 1200//885 1084//890 1085//889 
f 1202//891 1201//888 1087//892 
f 1201//888 1086//893 1087//892 
f 1203//894 1202//891 1089//895 
f 1202//891 1088//896 1089//895 
f 1204//897 1203//894 1091//898 
f 1203//894 1090//899 1091//898 
f 1205//900 1204//897 1093//901 
f 1204//897 1092//902 1093//901 
f 1206//903 1205//900 1095//904 
f 1205//900 1094//905 1095//904 
f 1207//906 1206//903 1097//907 
f 1206//903 1096//908 1097//907 
f 1208//909 1207//906 1099//910 
f 1207//906 1098//911 1099//910 
f 1209//912 1208//909 1101//913 
f 1208//909 1100//914 1101//913 
f 1210//915 1209//912 1103//916 
f 1209//912 1102//917 1103//916 
f 1211//918 1210//915 1105//919 
f 1210//915 1104//920 1105//919 
f 1212//921 1211//918 1107//922 
f 1211//918 1106//923 1107//922 
f 1213//924 1212//921 1109//925 
f 1212//921 1108//926 1109//925 
f 1214//927 1213//924 1111//928 
f 1213//924 1110//929 1111//928 
f 1215//930 1214//927 1113//931 
f 1214//927 1112//932 1113//931 
f 1216//933 1215//930 1115//934 
f 1215//930 1114//935 1115//934 
f 1217//936 1216//933 1117//937 
f 1216//933 1116//938 1117//937 
f 1218//939 1217//936 1119//940 
f 1217//936 1118//941 1119//940 
f 1219//942 1218//939 1121//943 
f 1218//939 1120//944 1121//943 
f 1220//945 1219//942 1123//946 
f 1219//942 1122//947 1123//946 
f 1221//948 1220//945 1125//949 
f 1220//945 1124//950 1125//949 
f 1222//951 1221//948 1127//952 
f 1221//948 1126//953 1127//952 
f 1223//954 1222//951 1129//955 
f 1222//951 1128//956 1129//955 
f 1224//957 1223//954 1131//958 
f 1223//954 1130//959 1131//958 
f 1225//960 1224//957 1133//961 
f 1224//957 1132//962 1133//961 
f 1226//963 1225//960 1019//964 
f 1225//960 1018//965 1019//964 
f 1227//966 1226//963 1021//967 
f 1226//963 1020//968 1021//967 
f 1228//969 1227//966 1023//970 
f 1227//966 1022//971 1023//970 
f 1229//972 1228//969 1025//973 
f 1228//969 1024//974 1025//973 
f 1230//975 1229//972 1027//976 
f 1229//972 1026//977 1027//976 
f 1231//978 1230//975 1029//979 
f 1230//975 1028//980 1029//979 
f 1232//981 1231//978 1031//982 
f 1231//978 1030//983 1031//982 
f 1233//984 1232//981 1033//985 
f 1232//981 1032//986 1033//985 
f 1234//987 1233//984 1035//988 
f 1233//984 1034//989 1035//988 
f 1235//990 1234//987 1037//991 
f 1234//987 1036//992 1037//991 
f 1236//993 1235//990 1039//994 
f 1235//990 1038//995 1039//994 
f 1237//996 1236//993 1041//997 
f 1236//993 1040//998 1041//997 
f 1238//999 1237//996 1043//1000 
f 1237//996 1042//1001 1043//1000 
f 1239//1002 1238//999 1045//1003 
f 1238//999 1044//1004 1045//1003 
f 1240//1005 1239//1002 1047//1006 
f 1239//1002 1046//1007 1047//1006 
f 1241//1008 1240//1005 1049//1009 
f 1240//1005 1048//1010 1049//1009 
f 1242//1011 1241//1008 1051//1012 
f 1241//1008 1050//1013 1051//1012 
f 1243//1014 1242//1011 1053//1015 
f 1242//1011 1052//1016 1053//1015 
f 1244//1017 1243//1014 1055//1018 
f 1243//1014 1054//1019 1055//1018 
f 1245//1020 1244//1017 1057//1021 
f 1244//1017 1056//1022 1057//1021 
f 1246//1023 1245//1020 1059//1024 
f 1245//1020 1058//1025 1059//1024 
f 1247//1026 1246//1023 1061//1027 
f 1246//1023 1060//1028 1061//1027 
f 1248//1029 1247//1026 1063//1030 
f 1247//1026 1062//1031 1063//1030 
f 1249//1032 1248//1029 1065//1033 
f 1248//1029 1064//1034 1065//1033 
f 1250//1035 1249//1032 1067//1036 
f 1249//1032 1066//1037 1067//1036 
f 1194//867 1250//1035 1069//1038 
f 1250//1035 1068//1039 1069//1038 
f 1251//1040 1194//867 1193//866 
f 1252//1041 1193//866 1195//870 
f 1253//1042 1195//870 1196//873 
f 1254//1043 1196//873 1197//876 
f 1255//1044 1197//876 1198//879 
f 1256//1045 1198//879 1199//882 
f 1257//1046 1199//882 1200//885 
f 1258//1047 1200//885 1201//888 
f 1259//1048 1201//888 1202//891 
f 1260//1049 1202//891 1203//894 
f 1261//1050 1203//894 1204//897 
f 1262//1051 1204//897 1205//900 
f 1263//1052 1205//900 1206//903 
f 1264//1053 1206//903 1207//906 
f 1265//1054 1207//906 1208//909 
f 1266//1055 1208//909 1209//912 
f 1267//1056 1209//912 1210//915 
f 1268//1057 1210//915 1211//918 
f 1269//1058 1211//918 1212//921 
f 1270//1059 1212//921 1213//924 
f 1271//1060 1213//924 1214//927 
f 1272//1061 1214//927 1215//930 
f 1273//1062 1215//930 1216//933 
f 1274//1063 1216//933 1217//936 
f 1275//1064 1217//936 1218//939 
f 1276//1065 1218//939 1219//942 
f 1277//1066 1219//942 1220//945 
f 1278//1067 1220//945 1221//948 
f 1279//1068 1221//948 1222//951 
f 1280//1069 1222//951 1223//954 
f 1281//1070 1223//954 1224//957 
f 1282//1071 1224//957 1225//960 
f 1283//1072 1225//960 1226//963 
f 1284//1073 1226//963 1227//966 
f 1285//1074 1227//966 1228//969 
f 1286//1075 1228//969 1229//972 
f 1287//1076 1229//972 1230//975 
f 1288//1077 1230//975 1231//978 
f 1289//1078 1231//978 1232//981 
f 1290//1079 1232//981 1233//984 
f 1291//1080 1233//984 1234//987 
f 1292//1081 1234//987 1235//990 
f 1293//1082 1235//990 1236//993 
f 1294//1083 1236//993 1237//996 
f 1295//1084 1237//996 1238//999 
f 1296//1085 1238//999 1239//1002 
f 1297//1086 1239//1002 1240//1005 
f 1298//1087 1240//1005 1241//1008 
f 1299//1088 1241//1008 1242//1011 
f 1300//1089 1242//1011 1243//1014 
f 1301//1090 1243//1014 1244//1017 
f 1302//1091 1244//1017 1245//1020 
f 1303//1092 1245//1020 1246//1023 
f 1304//1093 1246//1023 1247//1026 
f 1305//1094 1247//1026 1248//1029 
f 1306//1095 1248//1029 1249//1032 
f 1307//1096 1249//1032 1250//1035 
f 1308//1097 1250//1035 1194//867 
f 1309//1098 1251//1040 1252//1041 
f 1310//1099 1252//1041 1253//1042 
f 1311//1100 1253//1042 1254//1043 
f 1312//1101 1254//1043 1255//1044 
f 1313//1102 1255//1044 1256//1045 
f 1314//1103 1256//1045 1257//1046 
f 1315//1104 1257//1046 1258//1047 
f 1316//1105 1258//1047 1259//1048 
f 1317//1106 1259//1048 1260//1049 
f 1318//1107 1260//1049 1261//1050 
f 1319//1108 1261//1050 1262//1051 
f 1320//1109 1262//1051 1263//1052 
f 1321//1110 1263//1052 1264//1053 
f 1322//1111 1264//1053 1265//1054 
f 1323//1112 1265//1054 1266//1055 
f 1324//1113 1266//1055 1267//1056 
f 1325//1114 1267//1056 1268//1057 
f 1326//1115 1268//1057 1269//1058 
f 1327//1116 1269//1058 1270//1059 
f 1328//1117 1270//1059 1271//1060 
f 1329//1118 1271//1060 1272//1061 
f 1330//1119 1272//1061 1273//1062 
f 1331//1120 1273//1062 1274//1063 
f 1332//1121 1274//1063 1275//1064 
f 1333//1122 1275//1064 1276//1065 
f 1334//1123 1276//1065 1277//1066 
f 1335//1124 1277//1066 1278//1067 
f 1336//1125 1278//1067 1279//1068 
f 1337//1126 1279//1068 1280//1069 
f 1338//1127 1280//1069 1281//1070 
f 1339//1128 1281//1070 1282//1071 
f 1340//1129 1282//1071 1283//1072 
f 1341//1130 1283//1072 1284//1073 
f 1342//1131 1284//1073 1285//1074 
f 1343//1132 1285//1074 1286//1075 
f 1344//1133 1286//1075 1287//1076 
f 1345//1134 1287//1076 1288//1077 
f 1346//1135 1288//1077 1289//1078 
f 1347//1136 1289//1078 1290//1079 
f 1348//1137 1290//1079 1291//1080 
f 1349//1138 1291//1080 1292//1081 
f 1350//1139 1292//1081 1293//1082 
f 1351//1140 1293//1082 1294//1083 
f 1352//1141 1294//1083 1295//1084 
f 1353//1142 1295//1084 1296//1085 
f 1354//1143 1296//1085 1297//1086 
f 1355//1144 1297//1086 1298//1087 
f 1356//1145 1298//1087 1299//1088 
f 1357//1146 1299//1088 1300//1089 
f 1358//1147 1300//1089 1301//1090 
f 1359//1148 1301//1090 1302//1091 
f 1360//1149 1302//1091 1303//1092 
f 1361//1150 1303//1092 1304//1093 
f 1362//1151 1304//1093 1305//1094 
f 1363//1152 1305//1094 1306//1095 
f 1364//1153 1306//1095 1307//1096 
f 1365//1154 1307//1096 1308//1097 
f 1366//1155 1308//1097 1251//1040 
f 1367//1156 1309//1098 1310//1099 
f 1368//1157 1310//1099 1311//1100 
f 1369//1158 1311//1100 1312//1101 
f 1370//1159 1312//1101 1313//1102 
f 1371//1160 1313//1102 1314//1103 
f 1372//1161 1314//1103 1315//1104 
f 1373//1162 1315//1104 1316//1105 
f 1374//1163 1316//1105 1317//1106 
f 1375//1164 1317//1106 1318//1107 
f 1376//1165 1318//1107 1319//1108 
f 1377//1166 1319//1108 1320//1109 
f 1378//1167 1320//1109 1321//1110 
f 1379//1168 1321//1110 1322//1111 
f 1380//1169 1322//1111 1323//1112 
f 1381//1170 1323//1112 1324//1113 
f 1382//1171 1324//1113 1325//1114 
f 1383//1172 1325//1114 1326//1115 
f 1384//1173 1326//1115 1327//1116 
f 1385//1174 1327//1116 1328//1117 
f 1386//1175 1328//1117 1329//1118 
f 1387//1176 1329//1118 1330//1119 
f 1388//1177 1330//1119 1331//1120 
f 1389//1178 1331//1120 1332//1121 
f 1390//1179 1332//1121 1333//1122 
f 1391//1180 1333//1122 1334//1123 
f 1392//1181 1334//1123 1335//1124 
f 1393//1182 1335//1124 1336//1125 
f 1394//1183 1336//1125 1337//1126 
f 1395//1184 1337//1126 1338//1127 
f 1396//1185 1338//1127 1339//1128 
f 1397//1186 1339//1128 1340//1129 
f 1398//1187 1340//1129 1341//1130 
f 1399//1188 1341//1130 1342//1131 
f 1400//1189 1342//1131 1343//1132 
f 1401//1190 1343//1132 1344//1133 
f 1402//1191 1344//1133 1345//1134 
f 1403//1192 1345//1134 1346//1135 
f 1404//1193 1346//1135 1347//1136 
f 1405//1194 1347//1136 1348//1137 
f 1406//1195 1348//1137 1349//1138 
f 1407//1196 1349//1138 1350//1139 
f 1408//1197 1350//1139 1351//1140 
f 1409//1198 1351//1140 1352//1141 
f 1410//1199 1352//1141 1353//1142 
f 1411//1200 1353//1142 1354//1143 
f 1412//1201 1354//1143 1355//1144 
f 1413//1202 1355//1144 1356//1145 
f 1414//1203 1356//1145 1357//1146 
f 1415//1204 1357//1146 1358//1147 
f 1416//1205 1358//1147 1359//1148 
f 1417//1206 1359//1148 1360//1149 
f 1418//1207 1360//1149 1361//1150 
f 1419//1208 1361//1150 1362//1151 
f 1420//1209 1362//1151 1363//1152 
f 1421//1210 1363//1152 1364//1153 
f 1422//1211 1364//1153 1365//1154 
f 1423//1212 1365//1154 1366//1155 
f 1424//1213 1366//1155 1309//1098 
f 1425//1214 1367//1156 1368//1157 
f 1426//1215 1368//1157 1369//1158 
f 1427//1216 1369//1158 1370//1159 
f 1428//1217 1370//1159 1371//1160 
f 1429//1218 1371//1160 1372//1161 
f 1430//1219 1372//1161 1373//1162 
f 1431//1220 1373//1162 1374//1163 
f 1432//1221 1374//1163 1375//1164 
f 1433//1222 1375//1164 1376//1165 
f 1434//1223 1376//1165 1377//1166 
f 1435//1224 1377//1166 1378//1167 
f 1436//1225 1378//1167 1379//1168 
f 1437//1226 1379//1168 1380//1169 
f 1438//1227 1380//1169 1381//1170 
f 1439//1228 1381//1170 1382//1171 
f 1440//1229 1382//1171 1383//1172 
f 1441//1230 1383//1172 1384//1173 
f 1442//1231 1384//1173 1385//1174 
f 1443//1232 1385//1174 1386//1175 
f 1444//1233 1386//1175 1387//1176 
f 1445//1234 1387//1176 1388//1177 
f 1446//1235 1388//1177 1389//1178 
f 1447//1236 1389//1178 1390//1179 
f 1448//1237 1390//1179 1391//1180 
f 1449//1238 1391//1180 1392//1181 
f 1450//1239 1392//1181 1393//1182 
f 1451//1240 1393//1182 1394//1183 
f 1452//1241 1394//1183 1395//1184 
f 1453//1242 1395//1184 1396//1185 
f 1454//1243 1396//1185 1397//1186 
f 1455//1244 1397//1186 1398//1187 
f 1456//1245 1398//1187 1399//1188 
f 1457//1246 1399//1188 1400//1189 
f 1458//1247 1400//1189 1401//1190 
f 1459//1248 1401//1190 1402//1191 
f 1460//1249 1402//1191 1403//1192 
f 1461//1250 1403//1192 1404//1193 
f 1462//1251 1404//1193 1405//1194 
f 1463//1252 1405//1194 1406//1195 
f 1464//1253 1406//1195 1407//1196 
f 1465//1254 1407//1196 1408//1197 
f 1466//1255 1408//1197 1409//1198 
f 1467//1256 1409//1198 1410//1199 
f 1468//1257 1410//1199 1411//1200 
f 1469//1258 1411//1200 1412//1201 
f 1470//1259 1412//1201 1413//1202 
f 1471//1260 1413//1202 1414//1203 
f 1472//1261 1414//1203 1415//1204 
f 1473//1262 1415//1204 1416//1205 
f 1474//1263 1416//1205 1417//1206 
f 1475//1264 1417//1206 1418//1207 
f 1476//1265 1418//1207 1419//1208 
f 1477//1266 1419//1208 1420//1209 
f 1478//1267 1420//1209 1421//1210 
f 1479//1268 1421//1210 1422//1211 
f 1480//1269 1422//1211 1423//1212 
f 1481//1270 1423//1212 1424//1213 
f 1482//1271 1424//1213 1367//1156 
f 1483//1272 1425//1214 1426//1215 
f 1484//1273 1426//1215 1427//1216 
f 1485//1274 1427//1216 1428//1217 
f 1486//1275 1428//1217 1429//1218 
f 1487//1276 1429//1218 1430//1219 
f 1488//1277 1430//1219 1431//1220 
f 1489//1278 1431//1220 1432//1221 
f 1490//1279 1432//1221 1433//1222 
f 1491//1280 1433//1222 1434//1223 
f 1492//1281 1434//1223 1435//1224 
f 1493//1282 1435//1224 1436//1225 
f 1494//1283 1436//1225 1437//1226 
f 1495//1284 1437//1226 1438//1227 
f 1496//1285 1438//1227 1439//1228 
f 1497//1286 1439//1228 1440//1229 
f 1498//1287 1440//1229 1441//1230 
f 1499//1288 1441//1230 1442//1231 
f 1500//1289 1442//1231 1443//1232 
f 1501//1290 1443//1232 1444//1233 
f 1502//1291 1444//1233 1445//1234 
f 1503//1292 1445//1234 1446//1235 
f 1504//1293 1446//1235 1447//1236 
f 1505//1294 1447//1236 1448//1237 
f 1506//1295 1448//1237 1449//1238 
f 1507//1296 1449//1238 1450//1239 
f 1508//1297 1450//1239 1451//1240 
f 1509//1298 1451//1240 1452//1241 
f 1510//1299 1452//1241 1453//1242 
f 1511//1300 1453//1242 1454//1243 
f 1512//1301 1454//1243 1455//1244 
f 1513//1302 1455//1244 1456//1245 
f 1514//1303 1456//1245 1457//1246 
f 1515//1304 1457//1246 1458//1247 
f 1516//1305 1458//1247 1459//1248 
f 1517//1306 1459//1248 1460//1249 
f 1518//1307 1460//1249 1461//1250 
f 1519//1308 1461//1250 1462//1251 
f 1520//1309 1462//1251 1463//1252 
f 1521//1310 1463//1252 1464//1253 
f 1522//1311 1464//1253 1465//1254 
f 1523//1312 1465//1254 1466//1255 
f 1524//1313 1466//1255 1467//1256 
f 1525//1314 1467//1256 1468//1257 
f 1526//1315 1468//1257 1469//1258 
f 1527//1316 1469//1258 1470//1259 
f 1528//1317 1470//1259 1471//1260 
f 1529//1318 1471//1260 1472//1261 
f 1530//1319 1472//1261 1473//1262 
f 1531//1320 1473//1262 1474//1263 
f 1532//1321 1474//1263 1475//1264 
f 1533//1322 1475//1264 1476//1265 
f 1534//1323 1476//1265 1477//1266 
f 1535//1324 1477//1266 1478//1267 
f 1536//1325 1478//1267 1479//1268 
f 1537//1326 1479//1268 1480//1269 
f 1538//1327 1480//1269 1481//1270 
f 1539//1328 1481//1270 1482//1271 
f 1540//1329 1482//1271 1425//1214 
f 1541//1330 1483//1272 1484//1273 
f 1542//1331 1484//1273 1485//1274 
f 1543//1332 1485//1274 1486//1275 
f 1544//1333 1486//1275 1487//1276 
f 1545//1334 1487//1276 1488//1277 
f 1546//1335 1488//1277 1489//1278 
f 1547//1336 1489//1278 1490//1279 
f 1548//1337 1490//1279 1491//1280 
f 1549//1338 1491//1280 1492//1281 
f 1550//1339 1492//1281 1493//1282 
f 1551//1340 1493//1282 1494//1283 
f 1552//1341 1494//1283 1495//1284 
f 1553//1342 1495//1284 1496//1285 
f 1554//1343 1496//1285 1497//1286 
f 1555//1344 1497//1286 1498//1287 
f 1556//1345 1498//1287 1499//1288 
f 1557//1346 1499//1288 1500//1289 
f 1558//1347 1500//1289 1501//1290 
f 1559//1348 1501//1290 1502//1291 
f 1560//1349 1502//1291 1503//1292 
f 1561//1350 1503//1292 1504//1293 
f 1562//1351 1504//1293 1505//1294 
f 1563//1352 1505//1294 1506//1295 
f 1564//1353 1506//1295 1507//1296 
f 1565//1354 1507//1296 1508//1297 
f 1566//1355 1508//1297 1509//1298 
f 1567//1356 1509//1298 1510//1299 
f 1568//1357 1510//1299 1511//1300 
f 1569//1358 1511//1300 1512//1301 
f 1570//1359 1512//1301 1513//1302 
f 1571//1360 1513//1302 1514//1303 
f 1572//1361 1514//1303 1515//1304 
f 1573//1362 1515//1304 1516//1305 
f 1574//1363 1516//1305 1517//1306 
f 1575//1364 1517//1306 1518//1307 
f 1576//1365 1518//1307 1519//1308 
f 1577//1366 1519//1308 1520//1309 
f 1578//1367 1520//1309 1521//1310 
f 1579//1368 1521//1310 1522//1311 
f 1580//1369 1522//1311 1523//1312 
f 1581//1370 1523//1312 1524//1313 
f 1582//1371 1524//1313 1525//1314 
f 1583//1372 1525//1314 1526//1315 
f 1584//1373 1526//1315 1527//1316 
f 1585//1374 1527//1316 1528//1317 
f 1586//1375 1528//1317 1529//1318 
f 1587//1376 1529//1318 1530//1319 
f 1588//1377 1530//1319 1531//1320 
f 1589//1378 1531//1320 1532//1321 
f 1590//1379 1532//1321 1533//1322 
f 1591//1380 1533//1322 1534//1323 
f 1592//1381 1534//1323 1535//1324 
f 1593//1382 1535//1324 1536//1325 
f 1594//1383 1536//1325 1537//1326 
f 1595//1384 1537//1326 1538//1327 
f 1596//1385 1538//1327 1539//1328 
f 1597//1386 1539//1328 1540//1329 
f 1598//1387 1540//1329 1483//1272 
f 1599//1388 1541//1330 1542//1331 
f 1600//1389 1542//1331 1543//1332 
f 1601//1390 1543//1332 1544//1333 
f 1602//1391 1544//1333 1545//1334 
f 1603//1392 1545//1334 1546//1335 
f 1604//1393 1546//1335 1547//1336 
f 1605//1394 1547//1336 1548//1337 
f 1606//1395 1548//1337 1549//1338 
f 1607//1396 1549//1338 1550//1339 
f 1608//1397 1550//1339 1551//1340 
f 1609//1398 1551//1340 1552//1341 
f 1610//1399 1552//1341 1553//1342 
f 1611//1400 1553//1342 1554//1343 
f 1612//1401 1554//1343 1555//1344 
f 1613//1402 1555//1344 1556//1345 
f 1614//1403 1556//1345 1557//1346 
f 1615//1404 1557//1346 1558//1347 
f 1616//1405 1558//1347 1559//1348 
f 1617//1406 1559//1348 1560//1349 
f 1618//1407 1560//1349 1561//1350 
f 1619//1408 1561//1350 1562//1351 
f 1620//1409 1562//1351 1563//1352 
f 1621//1410 1563//1352 1564//1353 
f 1622//1411 1564//1353 1565//1354 
f 1623//1412 1565//1354 1566//1355 
f 1624//1413 1566//1355 1567//1356 
f 1625//1414 1567//1356 1568//1357 
f 1626//1415 1568//1357 1569//1358 
f 1627//1416 1569//1358 1570//1359 
f 1628//1417 1570//1359 1571//1360 
f 1629//1418 1571//1360 1572//1361 
f 1630//1419 1572//1361 1573//1362 
f 1631//1420 1573//1362 1574//1363 
f 1632//1421 1574//1363 1575//1364 
f 1633//1422 1575//1364 1576//1365 
f 1634//1423 1576//1365 1577//1366 
f 1635//1424 1577//1366 1578//1367 
f 1636//1425 1578//1367 1579//1368 
f 1637//1426 1579//1368 1580//1369 
f 1638//1427 1580//1369 1581//1370 
f 1639//1428 1581//1370 1582//1371 
f 1640//1429 1582//1371 1583//1372 
f 1641//1430 1583//1372 1584//1373 
f 1642//1431 1584//1373 1585//1374 
f 1643//1432 1585//1374 1586//1375 
f 1644//1433 1586//1375 1587//1376 
f 1645//1434 1587//1376 1588//1377 
f 1646//1435 1588//1377 1589//1378 
f 1647//1436 1589//1378 1590//1379 
f 1648//1437 1590//1379 1591//1380 
f 1649//1438 1591//1380 1592//1381 
f 1650//1439 1592//1381 1593//1382 
f 1651//1440 1593//1382 1594//1383 
f 1652//1441 1594//1383 1595//1384 
f 1653//1442 1595//1384 1596//1385 
f 1654//1443 1596//1385 1597//1386 
f 1655//1444 1597//1386 1598//1387 
f 1656//1445 1598//1387 1541//1330 
f 1657//1446 1599//1388 1600//1389 
f 1658//1447 1600//1389 1601//1390 
f 1659//1448 1601//1390 1602//1391 
f 1660//1449 1602//1391 1603//1392 
f 1661//1450 1603//1392 1604//1393 
f 1662//1451 1604//1393 1605//1394 
f 1663//1452 1605//1394 1606//1395 
f 1664//1453 1606//1395 1607//1396 
f 1665//1454 1607//1396 1608//1397 
f 1666//1455 1608//1397 1609//1398 
f 1667//1456 1609//1398 1610//1399 
f 1668//1457 1610//1399 1611//1400 
f 1669//1458 1611//1400 1612//1401 
f 1670//1459 1612//1401 1613//1402 
f 1671//1460 1613//1402 1614//1403 
f 1672//1461 1614//1403 1615//1404 
f 1673//1462 1615//1404 1616//1405 
f 1674//1463 1616//1405 1617//1406 
f 1675//1464 1617//1406 1618//1407 
f 1676//1465 1618//1407 1619//1408 
f 1677//1466 1619//1408 1620//1409 
f 1678//1467 1620//1409 1621//1410 
f 1679//1468 1621//1410 1622//1411 
f 1680//1469 1622//1411 1623//1412 
f 1681//1470 1623//1412 1624//1413 
f 1682//1471 1624//1413 1625//1414 
f 1683//1472 1625//1414 1626//1415 
f 1684//1473 1626//1415 1627//1416 
f 1685//1474 1627//1416 1628//1417 
f 1686//1475 1628//1417 1629//1418 
f 1687//1476 1629//1418 1630//1419 
f 1688//1477 1630//1419 1631//1420 
f 1689//1478 1631//1420 1632//1421 
f 1690//1479 1632//1421 1633//1422 
f 1691//1480 1633//1422 1634//1423 
f 1692//1481 1634//1423 1635//1424 
f 1693//1482 1635//1424 1636//1425 
f 1694//1483 1636//1425 1637//1426 
f 1695//1484 1637//1426 1638//1427 
f 1696//1485 1638//1427 1639//1428 
f 1697//1486 1639//1428 1640//1429 
f 1698//1487 1640//1429 1641//1430 
f 1699//1488 1641//1430 1642//1431 
f 1700//1489 1642//1431 1643//1432 
f 1701//1490 1643//1432 1644//1433 
f 1702//1491 1644//1433 1645//1434 
f 1703//1492 1645//1434 1646//1435 
f 1704//1493 1646//1435 1647//1436 
f 1705//1494 1647//1436 1648//1437 
f 1706//1495 1648//1437 1649//1438 
f 1707//1496 1649//1438 1650//1439 
f 1708//1497 1650//1439 1651//1440 
f 1709//1498 1651//1440 1652//1441 
f 1710//1499 1652//1441 1653//1442 
f 1711//1500 1653//1442 1654//1443 
f 1712//1501 1654//1443 1655//1444 
f 1713//1502 1655//1444 1656//1445 
f 1714//1503 1656//1445 1599//1388 
f 1715//1504 1657//1446 1658//1447 
f 1716//1505 1658//1447 1659//1448 
f 1717//1506 1659//1448 1660//1449 
f 1718//1507 1660//1449 1661//1450 
f 1719//1508 1661//1450 1662//1451 
f 1720//1509 1662//1451 1663//1452 
f 1721//1510 1663//1452 1664//1453 
f 1722//1511 1664//1453 1665//1454 
f 1723//1512 1665//1454 1666//1455 
f 1724//1513 1666//1455 1667//1456 
f 1725//1514 1667//1456 1668//1457 
f 1726//1515 1668//1457 1669//1458 
f 1727//1516 1669//1458 1670//1459 
f 1728//1517 1670//1459 1671//1460 
f 1729//1518 1671//1460 1672//1461 
f 1730//1519 1672//1461 1673//1462 
f 1731//1520 1673//1462 1674//1463 
f 1732//1521 1674//1463 1675//1464 
f 1733//1522 1675//1464 1676//1465 
f 1734//1523 1676//1465 1677//1466 
f 1735//1524 1677//1466 1678//1467 
f 1736//1525 1678//1467 1679//1468 
f 1737//1526 1679//1468 1680//1469 
f 1738//1527 1680//1469 1681//1470 
f 1739//1528 1681//1470 1682//1471 
f 1740//1529 1682//1471 1683//1472 
f 1741//1530 1683//1472 1684//1473 
f 1742//1531 1684//1473 1685//1474 
f 1743//1532 1685//1474 1686//1475 
f 1744//1533 1686//1475 1687//1476 
f 1745//1534 1687//1476 1688//1477 
f 1746//1535 1688//1477 1689//1478 
f 1747//1536 1689//1478 1690//1479 
f 1748//1537 1690//1479 1691//1480 
f 1749//1538 1691//1480 1692//1481 
f 1750//1539 1692//1481 1693//1482 
f 1751//1540 1693//1482 1694//1483 
f 1752//1541 1694//1483 1695//1484 
f 1753//1542 1695//1484 1696//1485 
f 1754//1543 1696//1485 1697//1486 
f 1755//1544 1697//1486 1698//1487 
f 1756//1545 1698//1487 1699//1488 
f 1757//1546 1699//1488 1700//1489 
f 1758//1547 1700//1489 1701//1490 
f 1759//1548 1701//1490 1702//1491 
f 1760//1549 1702//1491 1703//1492 
f 1761//1550 1703//1492 1704//1493 
f 1762//1551 1704//1493 1705//1494 
f 1763//1552 1705//1494 1706//1495 
f 1764//1553 1706//1495 1707//1496 
f 1765//1554 1707//1496 1708//1497 
f 1766//1555 1708//1497 1709//1498 
f 1767//1556 1709//1498 1710//1499 
f 1768//1557 1710//1499 1711//1500 
f 1769//1558 1711//1500 1712//1501 
f 1770//1559 1712//1501 1713//1502 
f 1771//1560 1713//1502 1714//1503 
f 1772//1561 1714//1503 1657//1446 
f 1773//1562 1715//1504 1716//1505 
f 1774//1563 1716//1505 1717//1506 
f 1775//1564 1717//1506 1718//1507 
f 1776//1565 1718//1507 1719//1508 
f 1777//1566 1719//1508 1720//1509 
f 1778//1567 1720//1509 1721//1510 
f 1779//1568 1721//1510 1722//1511 
f 1780//1569 1722//1511 1723//1512 
f 1781//1570 1723//1512 1724//1513 
f 1782//1571 1724//1513 1725//1514 
f 1783//1572 1725//1514 1726//1515 
f 1784//1573 1726//1515 1727//1516 
f 1785//1574 1727//1516 1728//1517 
f 1786//1575 1728//1517 1729//1518 
f 1787//1576 1729//1518 1730//1519 
f 1788//1577 1730//1519 1731//1520 
f 1789//1578 1731//1520 1732//1521 
f 1790//1579 1732//1521 1733//1522 
f 1791//1580 1733//1522 1734//1523 
f 1792//1581 1734//1523 1735//1524 
f 1793//1582 1735//1524 1736//1525 
f 1794//1583 1736//1525 1737//1526 
f 1795//1584 1737//1526 1738//1527 
f 1796//1585 1738//1527 1739//1528 
f 1797//1586 1739//1528 1740//1529 
f 1798//1587 1740//1529 1741//1530 
f 1799//1588 1741//1530 1742//1531 
f 1800//1589 1742//1531 1743//1532 
f 1801//1590 1743//1532 1744//1533 
f 1802//1591 1744//1533 1745//1534 
f 1803//1592 1745//1534 1746//1535 
f 1804//1593 1746//1535 1747//1536 
f 1805//1594 1747//1536 1748//1537 
f 1806//1595 1748//1537 1749//1538 
f 1807//1596 1749//1538 1750//1539 
f 1808//1597 1750//1539 1751//1540 
f 1809//1598 1751//1540 1752//1541 
f 1810//1599 1752//1541 1753//1542 
f 1811//1600 1753//1542 1754//1543 
f 1812//1601 1754//1543 1755//1544 
f 1813//1602 1755//1544 1756//1545 
f 1814//1603 1756//1545 1757//1546 
f 1815//1604 1757//1546 1758//1547 
f 1816//1605 1758//1547 1759//1548 
f 1817//1606 1759//1548 1760//1549 
f 1818//1607 1760//1549 1761//1550 
f 1819//1608 1761//1550 1762//1551 
f 1820//1609 1762//1551 1763//1552 
f 1821//1610 1763//1552 1764//1553 
f 1822//1611 1764//1553 1765//1554 
f 1823//1612 1765//1554 1766//1555 
f 1824//1613 1766//1555 1767//1556 
f 1825//1614 1767//1556 1768//1557 
f 1826//1615 1768//1557 1769//1558 
f 1827//1616 1769//1558 1770//1559 
f 1828//1617 1770//1559 1771//1560 
f 1829//1618 1771//1560 1772//1561 
f 1830//1619 1772//1561 1715//1504 
f 1831//1620 1773//1562 1774//1563 
f 1832//1621 1774//1563 1775//1564 
f 1833//1622 1775//1564 1776//1565 
f 1834//1623 1776//1565 1777//1566 
f 1835//1624 1777//1566 1778//1567 
f 1836//1625 1778//1567 1779//1568 
f 1837//1626 1779//1568 1780//1569 
f 1838//1627 1780//1569 1781//1570 
f 1839//1628 1781//1570 1782//1571 
f 1840//1629 1782//1571 1783//1572 
f 1841//1630 1783//1572 1784//1573 
f 1842//1631 1784//1573 1785//1574 
f 1843//1632 1785//1574 1786//1575 
f 1844//1633 1786//1575 1787//1576 
f 1845//1634 1787//1576 1788//1577 
f 1846//1635 1788//1577 1789//1578 
f 1847//1636 1789//1578 1790//1579 
f 1848//1637 1790//1579 1791//1580 
f 1849//1638 1791//1580 1792//1581 
f 1850//1639 1792//1581 1793//1582 
f 1851//1640 1793//1582 1794//1583 
f 1852//1641 1794//1583 1795//1584 
f 1853//1642 1795//1584 1796//1585 
f 1854//1643 1796//1585 1797//1586 
f 1855//1644 1797//1586 1798//1587 
f 1856//1645 1798//1587 1799//1588 
f 1857//1646 1799//1588 1800//1589 
f 1858//1647 1800//1589 1801//1590 
f 1859//1648 1801//1590 1802//1591 
f 1860//1649 1802//1591 1803//1592 
f 1861//1650 1803//1592 1804//1593 
f 1862//1651 1804//1593 1805//1594 
f 1863//1652 1805//1594 1806//1595 
f 1864//1653 1806//1595 1807//1596 
f 1865//1654 1807//1596 1808//1597 
f 1866//1655 1808//1597 1809//1598 
f 1867//1656 1809//1598 1810//1599 
f 1868//1657 1810//1599 1811//1600 
f 1869//1658 1811//1600 1812//1601 
f 1870//1659 1812//1601 1813//1602 
f 1871//1660 1813//1602 1814//1603 
f 1872//1661 1814//1603 1815//1604 
f 1873//1662 1815//1604 1816//1605 
f 1874//1663 1816//1605 1817//1606 
f 1875//1664 1817//1606 1818//1607 
f 1876//1665 1818//1607 1819//1608 
f 1877//1666 1819//1608 1820//1609 
f 1878//1667 1820//1609 1821//1610 
f 1879//1668 1821//1610 1822//1611 
f 1880//1669 1822//1611 1823//1612 
f 1881//1670 1823//1612 1824//1613 
f 1882//1671 1824//1613 1825//1614 
f 1883//1672 1825//1614 1826//1615 
f 1884//1673 1826//1615 1827//1616 
f 1885//1674 1827//1616 1828//1617 
f 1886//1675 1828//1617 1829//1618 
f 1887//1676 1829//1618 1830//1619 
f 1888//1677 1830//1619 1773//1562 
f 1889//1678 1831//1620 1832//1621 
f 1890//1679 1832//1621 1833//1622 
f 1891//1680 1833//1622 1834//1623 
f 1892//1681 1834//1623 1835//1624 
f 1893//1682 1835//1624 1836//1625 
f 1894//1683 1836//1625 1837//1626 
f 1895//1684 1837//1626 1838//1627 
f 1896//1685 1838//1627 1839//1628 
f 1897//1686 1839//1628 1840//1629 
f 1898//1687 1840//1629 1841//1630 
f 1899//1688 1841//1630 1842//1631 
f 1900//1689 1842//1631 1843//1632 
f 1901//1690 1843//1632 1844//1633 
f 1902//1691 1844//1633 1845//1634 
f 1903//1692 1845//1634 1846//1635 
f 1904//1693 1846//1635 1847//1636 
f 1905//1694 1847//1636 1848//1637 
f 1906//1695 1848//1637 1849//1638 
f 1907//1696 1849//1638 1850//1639 
f 1908//1697 1850//1639 1851//1640 
f 1909//1698 1851//1640 1852//1641 
f 1910//1699 1852//1641 1853//1642 
f 1911//1700 1853//1642 1854//1643 
f 1912//1701 1854//1643 1855//1644 
f 1913//1702 1855//1644 1856//1645 
f 1914//1703 1856//1645 1857//1646 
f 1915//1704 1857//1646 1858//1647 
f 1916//1705 1858//1647 1859//1648 
f 1917//1706 1859//1648 1860//1649 
f 1918//1707 1860//1649 1861//1650 
f 1919//1708 1861//1650 1862//1651 
f 1920//1709 1862//1651 1863//1652 
f 1921//1710 1863//1652 1864//1653 
f 1922//1711 1864//1653 1865//1654 
f 1923//1712 1865//1654 1866//1655 
f 1924//1713 1866//1655 1867//1656 
f 1925//1714 1867//1656 1868//1657 
f 1926//1715 1868//1657 1869//1658 
f 1927//1716 1869//1658 1870//1659 
f 1928//1717 1870//1659 1871//1660 
f 1929//1718 1871//1660 1872//1661 
f 1930//1719 1872//1661 1873//1662 
f 1931//1720 1873//1662 1874//1663 
f 1932//1721 1874//1663 1875//1664 
f 1933//1722 1875//1664 1876//1665 
f 1934//1723 1876//1665 1877//1666 
f 1935//1724 1877//1666 1878//1667 
f 1936//1725 1878//1667 1879//1668 
f 1937//1726 1879//1668 1880//1669 
f 1938//1727 1880//1669 1881//1670 
f 1939//1728 1881//1670 1882//1671 
f 1940//1729 1882//1671 1883//1672 
f 1941//1730 1883//1672 1884//1673 
f 1942//1731 1884//1673 1885//1674 
f 1943//1732 1885//1674 1886//1675 
f 1944//1733 1886//1675 1887//1676 
f 1945//1734 1887//1676 1888//1677 
f 1946//1735 1888//1677 1831//1620 
f 1947//1736 1889//1678 1890//1679 
f 1948//1737 1890//1679 1891//1680 
f 1949//1738 1891//1680 1892//1681 
f 1950//1739 1892//1681 1893//1682 
f 1951//1740 1893//1682 1894//1683 
f 1952//1741 1894//1683 1895//1684 
f 1953//1742 1895//1684 1896//1685 
f 1954//1743 1896//1685 1897//1686 
f 1955//1744 1897//1686 1898//1687 
f 1956//1745 1898//1687 1899//1688 
f 1957//1746 1899//1688 1900//1689 
f 1958//1747 1900//1689 1901//1690 
f 1959//1748 1901//1690 1902//1691 
f 1960//1749 1902//1691 1903//1692 
f 1961//1750 1903//1692 1904//1693 
f 1962//1751 1904//1693 1905//1694 
f 1963//1752 1905//1694 1906//1695 
f 1964//1753 1906//1695 1907//1696 
f 1965//1754 1907//1696 1908//1697 
f 1966//1755 1908//1697 1909//1698 
f 1967//1756 1909//1698 1910//1699 
f 1968//1757 1910//1699 1911//1700 
f 1969//1758 1911//1700 1912//1701 
f 1970//1759 1912//1701 1913//1702 
f 1971//1760 1913//1702 1914//1703 
f 1972//1761 1914//1703 1915//1704 
f 1973//1762 1915//1704 1916//1705 
f 1974//1763 1916//1705 1917//1706 
f 1975//1764 1917//1706 1918//1707 
f 1976//1765 1918//1707 1919//1708 
f 1977//1766 1919//1708 1920//1709 
f 1978//1767 1920//1709 1921//1710 
f 1979//1768 1921//1710 1922//1711 
f 1980//1769 1922//1711 1923//1712 
f 1981//1770 1923//1712 1924//1713 
f 1982//1771 1924//1713 1925//1714 
f 1983//1772 1925//1714 1926//1715 
f 1984//1773 1926//1715 1927//1716 
f 1985//1774 1927//1716 1928//1717 
f 1986//1775 1928//1717 1929//1718 
f 1987//1776 1929//1718 1930//1719 
f 1988//1777 1930//1719 1931//1720 
f 1989//1778 1931//1720 1932//1721 
f 1990//1779 1932//1721 1933//1722 
f 1991//1780 1933//1722 1934//1723 
f 1992//1781 1934//1723 1935//1724 
f 1993//1782 1935//1724 1936//1725 
f 1994//1783 1936//1725 1937//1726 
f 1995//1784 1937//1726 1938//1727 
f 1996//1785 1938//1727 1939//1728 
f 1997//1786 1939//1728 1940//1729 
f 1998//1787 1940//1729 1941//1730 
f 1999//1788 1941//1730 1942//1731 
f 2000//1789 1942//1731 1943//1732 
f 2001//1790 1943//1732 1944//1733 
f 2002//1791 1944//1733 1945//1734 
f 2003//1792 1945//1734 1946//1735 
f 2004//1793 1946//1735 1889//1678 
f 1134//1794 1947//1736 1948//1737 
f 1135//1794 1948//1737 1949//1738 
f 1136//1794 1949//1738 1950//1739 
f 1137//1794 1950//1739 1951//1740 
f 1138//1794 1951//1740 1952//1741 
f 1139//1794 1952//1741 1953//1742 
f 1140//1794 1953//1742 1954//1743 
f 1141//1794 1954//1743 1955//1744 
f 1142//1794 1955//1744 1956//1745 
f 1143//1794 1956//1745 1957//1746 
f 1144//1794 1957//1746 1958//1747 
f 1145//1794 1958//1747 1959//1748 
f 1146//1794 1959//1748 1960//1749 
f 1147//1794 1960//1749 1961//1750 
f 1148//1794 1961//1750 1962//1751 
f 1149//1794 1962//1751 1963//1752 
f 1150//1794 1963//1752 1964//1753 
f 1151//1794 1964//1753 1965//1754 
f 1152//1794 1965//1754 1966//1755 
f 1153//1794 1966//1755 1967//1756 
f 1154//1794 1967//1756 1968//1757 
f 1155//1794 1968//1757 1969//1758 
f 1156//1794 1969//1758 1970//1759 
f 1157//1794 1970//1759 1971//1760 
f 1158//1794 1971//1760 1972//1761 
f 1159//1794 1972//1761 1973//1762 
f 1160//1794 1973//1762 1974//1763 
f 1161//1794 1974//1763 1975//1764 
f 1162//1794 1975//1764 1976//1765 
f 1163//1794 1976//1765 1977//1766 
f 1164//1794 1977//1766 1978//1767 
f 1979//1768 1165//1794 1166//1794 
f 1166//1794 1978//1767 1979//1768 
f 1165//1794 1979//1768 1980//1769 
f 1167//1794 1980//1769 1981//1770 
f 1168//1794 1981//1770 1982//1771 
f 1169//1794 1982//1771 1983//1772 
f 1170//1794 1983//1772 1984//1773 
f 1171//1794 1984//1773 1985//1774 
f 1172//1794 1985//1774 1986//1775 
f 1173//1794 1986//1775 1987//1776 
f 1174//1794 1987//1776 1988//1777 
f 1175//1794 1988//1777 1989//1778 
f 1176//1794 1989//1778 1990//1779 
f 1177//1794 1990//1779 1991//1780 
f 1178//1794 1991//1780 1992//1781 
f 1179//1794 1992//1781 1993//1782 
f 1180//1794 1993//1782 1994//1783 
f 1181//1794 1994//1783 1995//1784 
f 1182//1794 1995//1784 1996//1785 
f 1183//1794 1996//1785 1997//1786 
f 1184//1794 1997//1786 1998//1787 
f 1185//1794 1998//1787 1999//1788 
f 1186//1794 1999//1788 2000//1789 
f 1187//1794 2000//1789 2001//1790 
f 1188//1794 2001//1790 2002//1791 
f 1189//1794 2002//1791 2003//1792 
f 1190//1794 2003//1792 2004//1793 
f 1191//1794 2004//1793 1947//1736 
f 1947//1736 1134//1794 1191//1794 
f 2004//1793 1191//1794 1190//1794 
f 2003//1792 1190//1794 1189//1794 
f 2002//1791 1189//1794 1188//1794 
f 2001//1790 1188//1794 1187//1794 
f 2000//1789 1187//1794 1186//1794 
f 1999//1788 1186//1794 1185//1794 
f 1998//1787 1185//1794 1184//1794 
f 1997//1786 1184//1794 1183//1794 
f 1996//1785 1183//1794 1182//1794 
f 1995//1784 1182//1794 1181//1794 
f 1994//1783 1181//1794 1180//1794 
f 1993//1782 1180//1794 1179//1794 
f 1992//1781 1179//1794 1178//1794 
f 1991//1780 1178//1794 1177//1794 
f 1990//1779 1177//1794 1176//1794 
f 1989//1778 1176//1794 1175//1794 
f 1988//1777 1175//1794 1174//1794 
f 1987//1776 1174//1794 1173//1794 
f 1986//1775 1173//1794 1172//1794 
f 1985//1774 1172//1794 1171//1794 
f 1984//1773 1171//1794 1170//1794 
f 1983//1772 1170//1794 1169//1794 
f 1982//1771 1169//1794 1168//1794 
f 1981//1770 1168//1794 1167//1794 
f 1980//1769 1167//1794 1165//1794 
f 1166//1794 1192//1794 1978//1767 
f 1978//1767 1192//1794 1164//1794 
f 1977//1766 1164//1794 1163//1794 
f 1976//1765 1163//1794 1162//1794 
f 1975//1764 1162//1794 1161//1794 
f 1974//1763 1161//1794 1160//1794 
f 1973//1762 1160//1794 1159//1794 
f 1972//1761 1159//1794 1158//1794 
f 1971//1760 1158//1794 1157//1794 
f 1970//1759 1157//1794 1156//1794 
f 1969//1758 1156//1794 1155//1794 
f 1968//1757 1155//1794 1154//1794 
f 1967//1756 1154//1794 1153//1794 
f 1966//1755 1153//1794 1152//1794 
f 1965//1754 1152//1794 1151//1794 
f 1964//1753 1151//1794 1150//1794 
f 1963//1752 1150//1794 1149//1794 
f 1962//1751 1149//1794 1148//1794 
f 1961//1750 1148//1794 1147//1794 
f 1960//1749 1147//1794 1146//1794 
f 1959//1748 1146//1794 1145//1794 
f 1958//1747 1145//1794 1144//1794 
f 1957//1746 1144//1794 1143//1794 
f 1956//1745 1143//1794 1142//1794 
f 1955//1744 1142//1794 1141//1794 
f 1954//1743 1141//1794 1140//1794 
f 1953//1742 1140//1794 1139//1794 
f 1952//1741 1139//1794 1138//1794 
f 1951//1740 1138//1794 1137//1794 
f 1950//1739 1137//1794 1136//1794 
f 1949//1738 1136//1794 1135//1794 
f 1948//1737 1135//1794 1134//1794 
f 1889//1678 1947//1736 2004//1793 
f 1946//1735 2004//1793 2003//1792 
f 1945//1734 2003//1792 2002//1791 
f 1944//1733 2002//1791 2001//1790 
f 1943//1732 2001//1790 2000//1789 
f 1942//1731 2000//1789 1999//1788 
f 1941//1730 1999//1788 1998//1787 
f 1940//1729 1998//1787 1997//1786 
f 1939//1728 1997//1786 1996//1785 
f 1938//1727 1996//1785 1995//1784 
f 1937//1726 1995//1784 1994//1783 
f 1936//1725 1994//1783 1993//1782 
f 1935//1724 1993//1782 1992//1781 
f 1934//1723 1992//1781 1991//1780 
f 1933//1722 1991//1780 1990//1779 
f 1932//1721 1990//1779 1989//1778 
f 1931//1720 1989//1778 1988//1777 
f 1930//1719 1988//1777 1987//1776 
f 1929//1718 1987//1776 1986//1775 
f 1928//1717 1986//1775 1985//1774 
f 1927//1716 1985//1774 1984//1773 
f 1926//1715 1984//1773 1983//1772 
f 1925//1714 1983//1772 1982//1771 
f 1924//1713 1982//1771 1981//1770 
f 1923//1712 1981//1770 1980//1769 
f 1922//1711 1980//1769 1979//1768 
f 1921//1710 1979//1768 1978//1767 
f 1920//1709 1978//1767 1977//1766 
f 1919//1708 1977//1766 1976//1765 
f 1918//1707 1976//1765 1975//1764 
f 1917//1706 1975//1764 1974//1763 
f 1916//1705 1974//1763 1973//1762 
f 1915//1704 1973//1762 1972//1761 
f 1914//1703 1972//1761 1971//1760 
f 1913//1702 1971//1760 1970//1759 
f 1912//1701 1970//1759 1969//1758 
f 1911//1700 1969//1758 1968//1757 
f 1910//1699 1968//1757 1967//1756 
f 1909//1698 1967//1756 1966//1755 
f 1908//1697 1966//1755 1965//1754 
f 1907//1696 1965//1754 1964//1753 
f 1906//1695 1964//1753 1963//1752 
f 1905//1694 1963//1752 1962//1751 
f 1904//1693 1962//1751 1961//1750 
f 1903//1692 1961//1750 1960//1749 
f 1902//1691 1960//1749 1959//1748 
f 1901//1690 1959//1748 1958//1747 
f 1900//1689 1958//1747 1957//1746 
f 1899//1688 1957//1746 1956//1745 
f 1898//1687 1956//1745 1955//1744 
f 1897//1686 1955//1744 1954//1743 
f 1896//1685 1954//1743 1953//1742 
f 1895//1684 1953//1742 1952//1741 
f 1894//1683 1952//1741 1951//1740 
f 1893//1682 1951//1740 1950//1739 
f 1892//1681 1950//1739 1949//1738 
f 1891//1680 1949//1738 1948//1737 
f 1890//1679 1948//1737 1947//1736 
f 1831//1620 1889//1678 1946//1735 
f 1888//1677 1946//1735 1945//1734 
f 1887//1676 1945//1734 1944//1733 
f 1886//1675 1944//1733 1943//1732 
f 1885//1674 1943//1732 1942//1731 
f 1884//1673 1942//1731 1941//1730 
f 1883//1672 1941//1730 1940//1729 
f 1882//1671 1940//1729 1939//1728 
f 1881//1670 1939//1728 1938//1727 
f 1880//1669 1938//1727 1937//1726 
f 1879//1668 1937//1726 1936//1725 
f 1878//1667 1936//1725 1935//1724 
f 1877//1666 1935//1724 1934//1723 
f 1876//1665 1934//1723 1933//1722 
f 1875//1664 1933//1722 1932//1721 
f 1874//1663 1932//1721 1931//1720 
f 1873//1662 1931//1720 1930//1719 
f 1872//1661 1930//1719 1929//1718 
f 1871//1660 1929//1718 1928//1717 
f 1870//1659 1928//1717 1927//1716 
f 1869//1658 1927//1716 1926//1715 
f 1868//1657 1926//1715 1925//1714 
f 1867//1656 1925//1714 1924//1713 
f 1866//1655 1924//1713 1923//1712 
f 1865//1654 1923//1712 1922//1711 
f 1864//1653 1922//1711 1921//1710 
f 1863//1652 1921//1710 1920//1709 
f 1862//1651 1920//1709 1919//1708 
f 1861//1650 1919//1708 1918//1707 
f 1860//1649 1918//1707 1917//1706 
f 1859//1648 1917//1706 1916//1705 
f 1858//1647 1916//1705 1915//1704 
f 1857//1646 1915//1704 1914//1703 
f 1856//1645 1914//1703 1913//1702 
f 1855//1644 1913//1702 1912//1701 
f 1854//1643 1912//1701 1911//1700 
f 1853//1642 1911//1700 1910//1699 
f 1852//1641 1910//1699 1909//1698 
f 1851//1640 1909//1698 1908//1697 
f 1850//1639 1908//1697 1907//1696 
f 1849//1638 1907//1696 1906//1695 
f 1848//1637 1906//1695 1905//1694 
f 1847//1636 1905//1694 1904//1693 
f 1846//1635 1904//1693 1903//1692 
f 1845//1634 1903//1692 1902//1691 
f 1844//1633 1902//1691 1901//1690 
f 1843//1632 1901//1690 1900//1689 
f 1842//1631 1900//1689 1899//1688 
f 1841//1630 1899//1688 1898//1687 
f 1840//1629 1898//1687 1897//1686 
f 1839//1628 1897//1686 1896//1685 
f 1838//1627 1896//1685 1895//1684 
f 1837//1626 1895//1684 1894//1683 
f 1836//1625 1894//1683 1893//1682 
f 1835//1624 1893//1682 1892//1681 
f 1834//1623 1892//1681 1891//1680 
f 1833//1622 1891//1680 1890//1679 
f 1832//1621 1890//1679 1889//1678 
f 1773//1562 1831//1620 1888//1677 
f 1830//1619 1888//1677 1887//1676 
f 1829//1618 1887//1676 1886//1675 
f 1828//1617 1886//1675 1885//1674 
f 1827//1616 1885//1674 1884//1673 
f 1826//1615 1884//1673 1883//1672 
f 1825//1614 1883//1672 1882//1671 
f 1824//1613 1882//1671 1881//1670 
f 1823//1612 1881//1670 1880//1669 
f 1822//1611 1880//1669 1879//1668 
f 1821//1610 1879//1668 1878//1667 
f 1820//1609 1878//1667 1877//1666 
f 1819//1608 1877//1666 1876//1665 
f 1818//1607 1876//1665 1875//1664 
f 1817//1606 1875//1664 1874//1663 
f 1816//1605 1874//1663 1873//1662 
f 1815//1604 1873//1662 1872//1661 
f 1814//1603 1872//1661 1871//1660 
f 1813//1602 1871//1660 1870//1659 
f 1812//1601 1870//1659 1869//1658 
f 1811//1600 1869//1658 1868//1657 
f 1810//1599 1868//1657 1867//1656 
f 1809//1598 1867//1656 1866//1655 
f 1808//1597 1866//1655 1865//1654 
f 1807//1596 1865//1654 1864//1653 
f 1806//1595 1864//1653 1863//1652 
f 1805//1594 1863//1652 1862//1651 
f 1804//1593 1862//1651 1861//1650 
f 1803//1592 1861//1650 1860//1649 
f 1802//1591 1860//1649 1859//1648 
f 1801//1590 1859//1648 1858//1647 
f 1800//1589 1858//1647 1857//1646 
f 1799//1588 1857//1646 1856//1645 
f 1798//1587 1856//1645 1855//1644 
f 1797//1586 1855//1644 1854//1643 
f 1796//1585 1854//1643 1853//1642 
f 1795//1584 1853//1642 1852//1641 
f 1794//1583 1852//1641 1851//1640 
f 1793//1582 1851//1640 1850//1639 
f 1792//1581 1850//1639 1849//1638 
f 1791//1580 1849//1638 1848//1637 
f 1790//1579 1848//1637 1847//1636 
f 1789//1578 1847//1636 1846//1635 
f 1788//1577 1846//1635 1845//1634 
f 1787//1576 1845//1634 1844//1633 
f 1786//1575 1844//1633 1843//1632 
f 1785//1574 1843//1632 1842//1631 
f 1784//1573 1842//1631 1841//1630 
f 1783//1572 1841//1630 1840//1629 
f 1782//1571 1840//1629 1839//1628 
f 1781//1570 1839//1628 1838//1627 
f 1780//1569 1838//1627 1837//1626 
f 1779//1568 1837//1626 1836//1625 
f 1778//1567 1836//1625 1835//1624 
f 1777//1566 1835//1624 1834//1623 
f 1776//1565 1834//1623 1833//1622 
f 1775//1564 1833//1622 1832//1621 
f 1774//1563 1832//1621 1831//1620 
f 1715//1504 1773//1562 1830//1619 
f 1772//1561 1830//1619 1829//1618 
f 1771//1560 1829//1618 1828//1617 
f 1770//1559 1828//1617 1827//1616 
f 1769//1558 1827//1616 1826//1615 
f 1768//1557 1826//1615 1825//1614 
f 1767//1556 1825//1614 1824//1613 
f 1766//1555 1824//1613 1823//1612 
f 1765//1554 1823//1612 1822//1611 
f 1764//1553 1822//1611 1821//1610 
f 1763//1552 1821//1610 1820//1609 
f 1762//1551 1820//1609 1819//1608 
f 1761//1550 1819//1608 1818//1607 
f 1760//1549 1818//1607 1817//1606 
f 1759//1548 1817//1606 1816//1605 
f 1758//1547 1816//1605 1815//1604 
f 1757//1546 1815//1604 1814//1603 
f 1756//1545 1814//1603 1813//1602 
f 1755//1544 1813//1602 1812//1601 
f 1754//1543 1812//1601 1811//1600 
f 1753//1542 1811//1600 1810//1599 
f 1752//1541 1810//1599 1809//1598 
f 1751//1540 1809//1598 1808//1597 
f 1750//1539 1808//1597 1807//1596 
f 1749//1538 1807//1596 1806//1595 
f 1748//1537 1806//1595 1805//1594 
f 1747//1536 1805//1594 1804//1593 
f 1746//1535 1804//1593 1803//1592 
f 1745//1534 1803//1592 1802//1591 
f 1744//1533 1802//1591 1801//1590 
f 1743//1532 1801//1590 1800//1589 
f 1742//1531 1800//1589 1799//1588 
f 1741//1530 1799//1588 1798//1587 
f 1740//1529 1798//1587 1797//1586 
f 1739//1528 1797//1586 1796//1585 
f 1738//1527 1796//1585 1795//1584 
f 1737//1526 1795//1584 1794//1583 
f 1736//1525 1794//1583 1793//1582 
f 1735//1524 1793//1582 1792//1581 
f 1734//1523 1792//1581 1791//1580 
f 1733//1522 1791//1580 1790//1579 
f 1732//1521 1790//1579 1789//1578 
f 1731//1520 1789//1578 1788//1577 
f 1730//1519 1788//1577 1787//1576 
f 1729//1518 1787//1576 1786//1575 
f 1728//1517 1786//1575 1785//1574 
f 1727//1516 1785//1574 1784//1573 
f 1726//1515 1784//1573 1783//1572 
f 1725//1514 1783//1572 1782//1571 
f 1724//1513 1782//1571 1781//1570 
f 1723//1512 1781//1570 1780//1569 
f 1722//1511 1780//1569 1779//1568 
f 1721//1510 1779//1568 1778//1567 
f 1720//1509 1778//1567 1777//1566 
f 1719//1508 1777//1566 1776//1565 
f 1718//1507 1776//1565 1775//1564 
f 1717//1506 1775//1564 1774//1563 
f 1716//1505 1774//1563 1773//1562 
f 1657//1446 1715//1504 1772//1561 
f 1714//1503 1772//1561 1771//1560 
f 1713//1502 1771//1560 1770//1559 
f 1712//1501 1770//1559 1769//1558 
f 1711//1500 1769//1558 1768//1557 
f 1710//1499 1768//1557 1767//1556 
f 1709//1498 1767//1556 1766//1555 
f 1708//1497 1766//1555 1765//1554 
f 1707//1496 1765//1554 1764//1553 
f 1706//1495 1764//1553 1763//1552 
f 1705//1494 1763//1552 1762//1551 
f 1704//1493 1762//1551 1761//1550 
f 1703//1492 1761//1550 1760//1549 
f 1702//1491 1760//1549 1759//1548 
f 1701//1490 1759//1548 1758//1547 
f 1700//1489 1758//1547 1757//1546 
f 1699//1488 1757//1546 1756//1545 
f 1698//1487 1756//1545 1755//1544 
f 1697//1486 1755//1544 1754//1543 
f 1696//1485 1754//1543 1753//1542 
f 1695//1484 1753//1542 1752//1541 
f 1694//1483 1752//1541 1751//1540 
f 1693//1482 1751//1540 1750//1539 
f 1692//1481 1750//1539 1749//1538 
f 1691//1480 1749//1538 1748//1537 
f 1690//1479 1748//1537 1747//1536 
f 1689//1478 1747//1536 1746//1535 
f 1688//1477 1746//1535 1745//1534 
f 1687//1476 1745//1534 1744//1533 
f 1686//1475 1744//1533 1743//1532 
f 1685//1474 1743//1532 1742//1531 
f 1684//1473 1742//1531 1741//1530 
f 1683//1472 1741//1530 1740//1529 
f 1682//1471 1740//1529 1739//1528 
f 1681//1470 1739//1528 1738//1527 
f 1680//1469 1738//1527 1737//1526 
f 1679//1468 1737//1526 1736//1525 
f 1678//1467 1736//1525 1735//1524 
f 1677//1466 1735//1524 1734//1523 
f 1676//1465 1734//1523 1733//1522 
f 1675//1464 1733//1522 1732//1521 
f 1674//1463 1732//1521 1731//1520 
f 1673//1462 1731//1520 1730//1519 
f 1672//1461 1730//1519 1729//1518 
f 1671//1460 1729//1518 1728//1517 
f 1670//1459 1728//1517 1727//1516 
f 1669//1458 1727//1516 1726//1515 
f 1668//1457 1726//1515 1725//1514 
f 1667//1456 1725//1514 1724//1513 
f 1666//1455 1724//1513 1723//1512 
f 1665//1454 1723//1512 1722//1511 
f 1664//1453 1722//1511 1721//1510 
f 1663//1452 1721//1510 1720//1509 
f 1662//1451 1720//1509 1719//1508 
f 1661//1450 1719//1508 1718//1507 
f 1660//1449 1718//1507 1717//1506 
f 1659//1448 1717//1506 1716//1505 
f 1658//1447 1716//1505 1715//1504 
f 1599//1388 1657//1446 1714//1503 
f 1656//1445 1714//1503 1713//1502 
f 1655//1444 1713//1502 1712//1501 
f 1654//1443 1712//1501 1711//1500 
f 1653//1442 1711//1500 1710//1499 
f 1652//1441 1710//1499 1709//1498 
f 1651//1440 1709//1498 1708//1497 
f 1650//1439 1708//1497 1707//1496 
f 1649//1438 1707//1496 1706//1495 
f 1648//1437 1706//1495 1705//1494 
f 1647//1436 1705//1494 1704//1493 
f 1646//1435 1704//1493 1703//1492 
f 1645//1434 1703//1492 1702//1491 
f 1644//1433 1702//1491 1701//1490 
f 1643//1432 1701//1490 1700//1489 
f 1642//1431 1700//1489 1699//1488 
f 1641//1430 1699//1488 1698//1487 
f 1640//1429 1698//1487 1697//1486 
f 1639//1428 1697//1486 1696//1485 
f 1638//1427 1696//1485 1695//1484 
f 1637//1426 1695//1484 1694//1483 
f 1636//1425 1694//1483 1693//1482 
f 1635//1424 1693//1482 1692//1481 
f 1634//1423 1692//1481 1691//1480 
f 1633//1422 1691//1480 1690//1479 
f 1632//1421 1690//1479 1689//1478 
f 1631//1420 1689//1478 1688//1477 
f 1630//1419 1688//1477 1687//1476 
f 1629//1418 1687//1476 1686//1475 
f 1628//1417 1686//1475 1685//1474 
f 1627//1416 1685//1474 1684//1473 
f 1626//1415 1684//1473 1683//1472 
f 1625//1414 1683//1472 1682//1471 
f 1624//1413 1682//1471 1681//1470 
f 1623//1412 1681//1470 1680//1469 
f 1622//1411 1680//1469 1679//1468 
f 1621//1410 1679//1468 1678//1467 
f 1620//1409 1678//1467 1677//1466 
f 1619//1408 1677//1466 1676//1465 
f 1618//1407 1676//1465 1675//1464 
f 1617//1406 1675//1464 1674//1463 
f 1616//1405 1674//1463 1673//1462 
f 1615//1404 1673//1462 1672//1461 
f 1614//1403 1672//1461 1671//1460 
f 1613//1402 1671//1460 1670//1459 
f 1612//1401 1670//1459 1669//1458 
f 1611//1400 1669//1458 1668//1457 
f 1610//1399 1668//1457 1667//1456 
f 1609//1398 1667//1456 1666//1455 
f 1608//1397 1666//1455 1665//1454 
f 1607//1396 1665//1454 1664//1453 
f 1606//1395 1664//1453 1663//1452 
f 1605//1394 1663//1452 1662//1451 
f 1604//1393 1662//1451 1661//1450 
f 1603//1392 1661//1450 1660//1449 
f 1602//1391 1660//1449 1659//1448 
f 1601//1390 1659//1448 1658//1447 
f 1600//1389 1658//1447 1657//1446 
f 1541//1330 1599//1388 1656//1445 
f 1598//1387 1656//1445 1655//1444 
f 1597//1386 1655//1444 1654//1443 
f 1596//1385 1654//1443 1653//1442 
f 1595//1384 1653//1442 1652//1441 
f 1594//1383 1652//1441 1651//1440 
f 1593//1382 1651//1440 1650//1439 
f 1592//1381 1650//1439 1649//1438 
f 1591//1380 1649//1438 1648//1437 
f 1590//1379 1648//1437 1647//1436 
f 1589//1378 1647//1436 1646//1435 
f 1588//1377 1646//1435 1645//1434 
f 1587//1376 1645//1434 1644//1433 
f 1586//1375 1644//1433 1643//1432 
f 1585//1374 1643//1432 1642//1431 
f 1584//1373 1642//1431 1641//1430 
f 1583//1372 1641//1430 1640//1429 
f 1582//1371 1640//1429 1639//1428 
f 1581//1370 1639//1428 1638//1427 
f 1580//1369 1638//1427 1637//1426 
f 1579//1368 1637//1426 1636//1425 
f 1578//1367 1636//1425 1635//1424 
f 1577//1366 1635//1424 1634//1423 
f 1576//1365 1634//1423 1633//1422 
f 1575//1364 1633//1422 1632//1421 
f 1574//1363 1632//1421 1631//1420 
f 1573//1362 1631//1420 1630//1419 
f 1572//1361 1630//1419 1629//1418 
f 1571//1360 1629//1418 1628//1417 
f 1570//1359 1628//1417 1627//1416 
f 1569//1358 1627//1416 1626//1415 
f 1568//1357 1626//1415 1625//1414 
f 1567//1356 1625//1414 1624//1413 
f 1566//1355 1624//1413 1623//1412 
f 1565//1354 1623//1412 1622//1411 
f 1564//1353 1622//1411 1621//1410 
f 1563//1352 1621//1410 1620//1409 
f 1562//1351 1620//1409 1619//1408 
f 1561//1350 1619//1408 1618//1407 
f 1560//1349 1618//1407 1617//1406 
f 1559//1348 1617//1406 1616//1405 
f 1558//1347 1616//1405 1615//1404 
f 1557//1346 1615//1404 1614//1403 
f 1556//1345 1614//1403 1613//1402 
f 1555//1344 1613//1402 1612//1401 
f 1554//1343 1612//1401 1611//1400 
f 1553//1342 1611//1400 1610//1399 
f 1552//1341 1610//1399 1609//1398 
f 1551//1340 1609//1398 1608//1397 
f 1550//1339 1608//1397 1607//1396 
f 1549//1338 1607//1396 1606//1395 
f 1548//1337 1606//1395 1605//1394 
f 1547//1336 1605//1394 1604//1393 
f 1546//1335 1604//1393 1603//1392 
f 1545//1334 1603//1392 1602//1391 
f 1544//1333 1602//1391 1601//1390 
f 1543//1332 1601//1390 1600//1389 
f 1542//1331 1600//1389 1599//1388 
f 1483//1272 1541//1330 1598//1387 
f 1540//1329 1598//1387 1597//1386 
f 1539//1328 1597//1386 1596//1385 
f 1538//1327 1596//1385 1595//1384 
f 1537//1326 1595//1384 1594//1383 
f 1536//1325 1594//1383 1593//1382 
f 1535//1324 1593//1382 1592//1381 
f 1534//1323 1592//1381 1591//1380 
f 1533//1322 1591//1380 1590//1379 
f 1532//1321 1590//1379 1589//1378 
f 1531//1320 1589//1378 1588//1377 
f 1530//1319 1588//1377 1587//1376 
f 1529//1318 1587//1376 1586//1375 
f 1528//1317 1586//1375 1585//1374 
f 1527//1316 1585//1374 1584//1373 
f 1526//1315 1584//1373 1583//1372 
f 1525//1314 1583//1372 1582//1371 
f 1524//1313 1582//1371 1581//1370 
f 1523//1312 1581//1370 1580//1369 
f 1522//1311 1580//1369 1579//1368 
f 1521//1310 1579//1368 1578//1367 
f 1520//1309 1578//1367 1577//1366 
f 1519//1308 1577//1366 1576//1365 
f 1518//1307 1576//1365 1575//1364 
f 1517//1306 1575//1364 1574//1363 
f 1516//1305 1574//1363 1573//1362 
f 1515//1304 1573//1362 1572//1361 
f 1514//1303 1572//1361 1571//1360 
f 1513//1302 1571//1360 1570//1359 
f 1512//1301 1570//1359 1569//1358 
f 1511//1300 1569//1358 1568//1357 
f 1510//1299 1568//1357 1567//1356 
f 1509//1298 1567//1356 1566//1355 
f 1508//1297 1566//1355 1565//1354 
f 1507//1296 1565//1354 1564//1353 
f 1506//1295 1564//1353 1563//1352 
f 1505//1294 1563//1352 1562//1351 
f 1504//1293 1562//1351 1561//1350 
f 1503//1292 1561//1350 1560//1349 
f 1502//1291 1560//1349 1559//1348 
f 1501//1290 1559//1348 1558//1347 
f 1500//1289 1558//1347 1557//1346 
f 1499//1288 1557//1346 1556//1345 
f 1498//1287 1556//1345 1555//1344 
f 1497//1286 1555//1344 1554//1343 
f 1496//1285 1554//1343 1553//1342 
f 1495//1284 1553//1342 1552//1341 
f 1494//1283 1552//1341 1551//1340 
f 1493//1282 1551//1340 1550//1339 
f 1492//1281 1550//1339 1549//1338 
f 1491//1280 1549//1338 1548//1337 
f 1490//1279 1548//1337 1547//1336 
f 1489//1278 1547//1336 1546//1335 
f 1488//1277 1546//1335 1545//1334 
f 1487//1276 1545//1334 1544//1333 
f 1486//1275 1544//1333 1543//1332 
f 1485//1274 1543//1332 1542//1331 
f 1484//1273 1542//1331 1541//1330 
f 1425//1214 1483//1272 1540//1329 
f 1482//1271 1540//1329 1539//1328 
f 1481//1270 1539//1328 1538//1327 
f 1480//1269 1538//1327 1537//1326 
f 1479//1268 1537//1326 1536//1325 
f 1478//1267 1536//1325 1535//1324 
f 1477//1266 1535//1324 1534//1323 
f 1476//1265 1534//1323 1533//1322 
f 1475//1264 1533//1322 1532//1321 
f 1474//1263 1532//1321 1531//1320 
f 1473//1262 1531//1320 1530//1319 
f 1472//1261 1530//1319 1529//1318 
f 1471//1260 1529//1318 1528//1317 
f 1470//1259 1528//1317 1527//1316 
f 1469//1258 1527//1316 1526//1315 
f 1468//1257 1526//1315 1525//1314 
f 1467//1256 1525//1314 1524//1313 
f 1466//1255 1524//1313 1523//1312 
f 1465//1254 1523//1312 1522//1311 
f 1464//1253 1522//1311 1521//1310 
f 1463//1252 1521//1310 1520//1309 
f 1462//1251 1520//1309 1519//1308 
f 1461//1250 1519//1308 1518//1307 
f 1460//1249 1518//1307 1517//1306 
f 1459//1248 1517//1306 1516//1305 
f 1458//1247 1516//1305 1515//1304 
f 1457//1246 1515//1304 1514//1303 
f 1456//1245 1514//1303 1513//1302 
f 1455//1244 1513//1302 1512//1301 
f 1454//1243 1512//1301 1511//1300 
f 1453//1242 1511//1300 1510//1299 
f 1452//1241 1510//1299 1509//1298 
f 1451//1240 1509//1298 1508//1297 
f 1450//1239 1508//1297 1507//1296 
f 1449//1238 1507//1296 1506//1295 
f 1448//1237 1506//1295 1505//1294 
f 1447//1236 1505//1294 1504//1293 
f 1446//1235 1504//1293 1503//1292 
f 1445//1234 1503//1292 1502//1291 
f 1444//1233 1502//1291 1501//1290 
f 1443//1232 1501//1290 1500//1289 
f 1442//1231 1500//1289 1499//1288 
f 1441//1230 1499//1288 1498//1287 
f 1440//1229 1498//1287 1497//1286 
f 1439//1228 1497//1286 1496//1285 
f 1438//1227 1496//1285 1495//1284 
f 1437//1226 1495//1284 1494//1283 
f 1436//1225 1494//1283 1493//1282 
f 1435//1224 1493//1282 1492//1281 
f 1434//1223 1492//1281 1491//1280 
f 1433//1222 1491//1280 1490//1279 
f 1432//1221 1490//1279 1489//1278 
f 1431//1220 1489//1278 1488//1277 
f 1430//1219 1488//1277 1487//1276 
f 1429//1218 1487//1276 1486//1275 
f 1428//1217 1486//1275 1485//1274 
f 1427//1216 1485//1274 1484//1273 
f 1426//1215 1484//1273 1483//1272 
f 1367//1156 1425//1214 1482//1271 
f 1424//1213 1482//1271 1481//1270 
f 1423//1212 1481//1270 1480//1269 
f 1422//1211 1480//1269 1479//1268 
f 1421//1210 1479//1268 1478//1267 
f 1420//1209 1478//1267 1477//1266 
f 1419//1208 1477//1266 1476//1265 
f 1418//1207 1476//1265 1475//1264 
f 1417//1206 1475//1264 1474//1263 
f 1416//1205 1474//1263 1473//1262 
f 1415//1204 1473//1262 1472//1261 
f 1414//1203 1472//1261 1471//1260 
f 1413//1202 1471//1260 1470//1259 
f 1412//1201 1470//1259 1469//1258 
f 1411//1200 1469//1258 1468//1257 
f 1410//1199 1468//1257 1467//1256 
f 1409//1198 1467//1256 1466//1255 
f 1408//1197 1466//1255 1465//1254 
f 1407//1196 1465//1254 1464//1253 
f 1406//1195 1464//1253 1463//1252 
f 1405//1194 1463//1252 1462//1251 
f 1404//1193 1462//1251 1461//1250 
f 1403//1192 1461//1250 1460//1249 
f 1402//1191 1460//1249 1459//1248 
f 1401//1190 1459//1248 1458//1247 
f 1400//1189 1458//1247 1457//1246 
f 1399//1188 1457//1246 1456//1245 
f 1398//1187 1456//1245 1455//1244 
f 1397//1186 1455//1244 1454//1243 
f 1396//1185 1454//1243 1453//1242 
f 1395//1184 1453//1242 1452//1241 
f 1394//1183 1452//1241 1451//1240 
f 1393//1182 1451//1240 1450//1239 
f 1392//1181 1450//1239 1449//1238 
f 1391//1180 1449//1238 1448//1237 
f 1390//1179 1448//1237 1447//1236 
f 1389//1178 1447//1236 1446//1235 
f 1388//1177 1446//1235 1445//1234 
f 1387//1176 1445//1234 1444//1233 
f 1386//1175 1444//1233 1443//1232 
f 1385//1174 1443//1232 1442//1231 
f 1384//1173 1442//1231 1441//1230 
f 1383//1172 1441//1230 1440//1229 
f 1382//1171 1440//1229 1439//1228 
f 1381//1170 1439//1228 1438//1227 
f 1380//1169 1438//1227 1437//1226 
f 1379//1168 1437//1226 1436//1225 
f 1378//1167 1436//1225 1435//1224 
f 1377//1166 1435//1224 1434//1223 
f 1376//1165 1434//1223 1433//1222 
f 1375//1164 1433//1222 1432//1221 
f 1374//1163 1432//1221 1431//1220 
f 1373//1162 1431//1220 1430//1219 
f 1372//1161 1430//1219 1429//1218 
f 1371//1160 1429//1218 1428//1217 
f 1370//1159 1428//1217 1427//1216 
f 1369//1158 1427//1216 1426//1215 
f 1368//1157 1426//1215 1425//1214 
f 1309//1098 1367//1156 1424//1213 
f 1366//1155 1424//1213 1423//1212 
f 1365//1154 1423//1212 1422//1211 
f 1364//1153 1422//1211 1421//1210 
f 1363//1152 1421//1210 1420//1209 
f 1362//1151 1420//1209 1419//1208 
f 1361//1150 1419//1208 1418//1207 
f 1360//1149 1418//1207 1417//1206 
f 1359//1148 1417//1206 1416//1205 
f 1358//1147 1416//1205 1415//1204 
f 1357//1146 1415//1204 1414//1203 
f 1356//1145 1414//1203 1413//1202 
f 1355//1144 1413//1202 1412//1201 
f 1354//1143 1412//1201 1411//1200 
f 1353//1142 1411//1200 1410//1199 
f 1352//1141 1410//1199 1409//1198 
f 1351//1140 1409//1198 1408//1197 
f 1350//1139 1408//1197 1407//1196 
f 1349//1138 1407//1196 1406//1195 
f 1348//1137 1406//1195 1405//1194 
f 1347//1136 1405//1194 1404//1193 
f 1346//1135 1404//1193 1403//1192 
f 1345//1134 1403//1192 1402//1191 
f 1344//1133 1402//1191 1401//1190 
f 1343//1132 1401//1190 1400//1189 
f 1342//1131 1400//1189 1399//1188 
f 1341//1130 1399//1188 1398//1187 
f 1340//1129 1398//1187 1397//1186 
f 1339//1128 1397//1186 1396//1185 
f 1338//1127 1396//1185 1395//1184 
f 1337//1126 1395//1184 1394//1183 
f 1336//1125 1394//1183 1393//1182 
f 1335//1124 1393//1182 1392//1181 
f 1334//1123 1392//1181 1391//1180 
f 1333//1122 1391//1180 1390//1179 
f 1332//1121 1390//1179 1389//1178 
f 1331//1120 1389//1178 1388//1177 
f 1330//1119 1388//1177 1387//1176 
f 1329//1118 1387//1176 1386//1175 
f 1328//1117 1386//1175 1385//1174 
f 1327//1116 1385//1174 1384//1173 
f 1326//1115 1384//1173 1383//1172 
f 1325//1114 1383//1172 1382//1171 
f 1324//1113 1382//1171 1381//1170 
f 1323//1112 1381//1170 1380//1169 
f 1322//1111 1380//1169 1379//1168 
f 1321//1110 1379//1168 1378//1167 
f 1320//1109 1378//1167 1377//1166 
f 1319//1108 1377//1166 1376//1165 
f 1318//1107 1376//1165 1375//1164 
f 1317//1106 1375//1164 1374//1163 
f 1316//1105 1374//1163 1373//1162 
f 1315//1104 1373//1162 1372//1161 
f 1314//1103 1372//1161 1371//1160 
f 1313//1102 1371//1160 1370//1159 
f 1312//1101 1370//1159 1369//1158 
f 1311//1100 1369//1158 1368//1157 
f 1310//1099 1368//1157 1367//1156 
f 1251//1040 1309//1098 1366//1155 
f 1308//1097 1366//1155 1365//1154 
f 1307//1096 1365//1154 1364//1153 
f 1306//1095 1364//1153 1363//1152 
f 1305//1094 1363//1152 1362//1151 
f 1304//1093 1362//1151 1361//1150 
f 1303//1092 1361//1150 1360//1149 
f 1302//1091 1360//1149 1359//1148 
f 1301//1090 1359//1148 1358//1147 
f 1300//1089 1358//1147 1357//1146 
f 1299//1088 1357//1146 1356//1145 
f 1298//1087 1356//1145 1355//1144 
f 1297//1086 1355//1144 1354//1143 
f 1296//1085 1354//1143 1353//1142 
f 1295//1084 1353//1142 1352//1141 
f 1294//1083 1352//1141 1351//1140 
f 1293//1082 1351//1140 1350//1139 
f 1292//1081 1350//1139 1349//1138 
f 1291//1080 1349//1138 1348//1137 
f 1290//1079 1348//1137 1347//1136 
f 1289//1078 1347//1136 1346//1135 
f 1288//1077 1346//1135 1345//1134 
f 1287//1076 1345//1134 1344//1133 
f 1286//1075 1344//1133 1343//1132 
f 1285//1074 1343//1132 1342//1131 
f 1284//1073 1342//1131 1341//1130 
f 1283//1072 1341//1130 1340//1129 
f 1282//1071 1340//1129 1339//1128 
f 1281//1070 1339//1128 1338//1127 
f 1280//1069 1338//1127 1337//1126 
f 1279//1068 1337//1126 1336//1125 
f 1278//1067 1336//1125 1335//1124 
f 1277//1066 1335//1124 1334//1123 
f 1276//1065 1334//1123 1333//1122 
f 1275//1064 1333//1122 1332//1121 
f 1274//1063 1332//1121 1331//1120 
f 1273//1062 1331//1120 1330//1119 
f 1272//1061 1330//1119 1329//1118 
f 1271//1060 1329//1118 1328//1117 
f 1270//1059 1328//1117 1327//1116 
f 1269//1058 1327//1116 1326//1115 
f 1268//1057 1326//1115 1325//1114 
f 1267//1056 1325//1114 1324//1113 
f 1266//1055 1324//1113 1323//1112 
f 1265//1054 1323//1112 1322//1111 
f 1264//1053 1322//1111 1321//1110 
f 1263//1052 1321//1110 1320//1109 
f 1262//1051 1320//1109 1319//1108 
f 1261//1050 1319//1108 1318//1107 
f 1260//1049 1318//1107 1317//1106 
f 1259//1048 1317//1106 1316//1105 
f 1258//1047 1316//1105 1315//1104 
f 1257//1046 1315//1104 1314//1103 
f 1256//1045 1314//1103 1313//1102 
f 1255//1044 1313//1102 1312//1101 
f 1254//1043 1312//1101 1311//1100 
f 1253//1042 1311//1100 1310//1099 
f 1252//1041 1310//1099 1309//1098 
f 1194//867 1251//1040 1308//1097 
f 1250//1035 1308//1097 1307//1096 
f 1249//1032 1307//1096 1306//1095 
f 1248//1029 1306//1095 1305//1094 
f 1247//1026 1305//1094 1304//1093 
f 1246//1023 1304//1093 1303//1092 
f 1245//1020 1303//1092 1302//1091 
f 1244//1017 1302//1091 1301//1090 
f 1243//1014 1301//1090 1300//1089 
f 1242//1011 1300//1089 1299//1088 
f 1241//1008 1299//1088 1298//1087 
f 1240//1005 1298//1087 1297//1086 
f 1239//1002 1297//1086 1296//1085 
f 1238//999 1296//1085 1295//1084 
f 1237//996 1295//1084 1294//1083 
f 1236//993 1294//1083 1293//1082 
f 1235//990 1293//1082 1292//1081 
f 1234//987 1292//1081 1291//1080 
f 1233//984 1291//1080 1290//1079 
f 1232//981 1290//1079 1289//1078 
f 1231//978 1289//1078 1288//1077 
f 1230//975 1288//1077 1287//1076 
f 1229//972 1287//1076 1286//1075 
f 1228//969 1286//1075 1285//1074 
f 1227//966 1285//1074 1284//1073 
f 1226//963 1284//1073 1283//1072 
f 1225//960 1283//1072 1282//1071 
f 1224//957 1282//1071 1281//1070 
f 1223//954 1281//1070 1280//1069 
f 1222//951 1280//1069 1279//1068 
f 1221//948 1279//1068 1278//1067 
f 1220//945 1278//1067 1277//1066 
f 1219//942 1277//1066 1276//1065 
f 1218//939 1276//1065 1275//1064 
f 1217//936 1275//1064 1274//1063 
f 1216//933 1274//1063 1273//1062 
f 1215//930 1273//1062 1272//1061 
f 1214//927 1272//1061 1271//1060 
f 1213//924 1271//1060 1270//1059 
f 1212//921 1270//1059 1269//1058 
f 1211//918 1269//1058 1268//1057 
f 1210//915 1268//1057 1267//1056 
f 1209//912 1267//1056 1266//1055 
f 1208//909 1266//1055 1265//1054 
f 1207//906 1265//1054 1264//1053 
f 1206//903 1264//1053 1263//1052 
f 1205//900 1263//1052 1262//1051 
f 1204//897 1262//1051 1261//1050 
f 1203//894 1261//1050 1260//1049 
f 1202//891 1260//1049 1259//1048 
f 1201//888 1259//1048 1258//1047 
f 1200//885 1258//1047 1257//1046 
f 1199//882 1257//1046 1256//1045 
f 1198//879 1256//1045 1255//1044 
f 1197//876 1255//1044 1254//1043 
f 1196//873 1254//1043 1253//1042 
f 1195//870 1253//1042 1252//1041 
f 1193//866 1252//1041 1251//1040 
f 1069//1038 1070//869 1194//867 
f 1067//1036 1068//1039 1250//1035 
f 1065//1033 1066//1037 1249//1032 
f 1063//1030 1064//1034 1248//1029 
f 1061//1027 1062//1031 1247//1026 
f 1059//1024 1060//1028 1246//1023 
f 1057//1021 1058//1025 1245//1020 
f 1055//1018 1056//1022 1244//1017 
f 1053//1015 1054//1019 1243//1014 
f 1051//1012 1052//1016 1242//1011 
f 1049//1009 1050//1013 1241//1008 
f 1047//1006 1048//1010 1240//1005 
f 1045//1003 1046//1007 1239//1002 
f 1043//1000 1044//1004 1238//999 
f 1041//997 1042//1001 1237//996 
f 1039//994 1040//998 1236//993 
f 1037//991 1038//995 1235//990 
f 1035//988 1036//992 1234//987 
f 1033//985 1034//989 1233//984 
f 1031//982 1032//986 1232//981 
f 1029//979 1030//983 1231//978 
f 1027//976 1028//980 1230//975 
f 1025//973 1026//977 1229//972 
f 1023//970 1024//974 1228//969 
f 1021//967 1022//971 1227//966 
f 1019//964 1020//968 1226//963 
f 1133//961 1018//965 1225//960 
f 1131//958 1132//962 1224//957 
f 1129//955 1130//959 1223//954 
f 1127//952 1128//956 1222//951 
f 1125//949 1126//953 1221//948 
f 1123//946 1124//950 1220//945 
f 1121//943 1122//947 1219//942 
f 1119//940 1120//944 1218//939 
f 1117//937 1118//941 1217//936 
f 1115//934 1116//938 1216//933 
f 1113//931 1114//935 1215//930 
f 1111//928 1112//932 1214//927 
f 1109//925 1110//929 1213//924 
f 1107//922 1108//926 1212//921 
f 1105//919 1106//923 1211//918 
f 1103//916 1104//920 1210//915 
f 1101//913 1102//917 1209//912 
f 1099//910 1100//914 1208//909 
f 1097//907 1098//911 1207//906 
f 1095//904 1096//908 1206//903 
f 1093//901 1094//905 1205//900 
f 1091//898 1092//902 1204//897 
f 1089//895 1090//899 1203//894 
f 1087//892 1088//896 1202//891 
f 1085//889 1086//893 1201//888 
f 1083//886 1084//890 1200//885 
f 1081//883 1082//887 1199//882 
f 1079//880 1080//884 1198//879 
f 1077//877 1078//881 1197//876 
f 1075//874 1076//878 1196//873 
f 1073//871 1074//875 1195//870 
f 1071//868 1072//872 1193//866 
o mesh55
f 2005//1794 1165//1794 1167//1794 
f 1167//1794 1168//1794 2005//1794 
f 1168//1794 1169//1794 2005//1794 
f 1169//1794 1170//1794 2005//1794 
f 1170//1794 1171//1794 2005//1794 
f 1171//1794 1172//1794 2005//1794 
f 1172//1794 1173//1794 2005//1794 
f 1173//1794 1174//1794 2005//1794 
f 1174//1794 1175//1794 2005//1794 
f 1175//1794 1176//1794 2005//1794 
f 1176//1794 1177//1794 2005//1794 
f 1177//1794 1178//1794 2005//1794 
f 1178//1794 1179//1794 2005//1794 
f 1179//1794 1180//1794 2005//1794 
f 1180//1794 1181//1794 2005//1794 
f 1181//1794 1182//1794 2005//1794 
f 1182//1794 1183//1794 2005//1794 
f 1183//1794 1184//1794 2005//1794 
f 1184//1794 1185//1794 2005//1794 
f 1185//1794 1186//1794 2005//1794 
f 1186//1794 1187//1794 2005//1794 
f 1187//1794 1188//1794 2005//1794 
f 1188//1794 1189//1794 2005//1794 
f 1189//1794 1190//1794 2005//1794 
f 1190//1794 1191//1794 2005//1794 
f 1191//1794 1134//1794 2005//1794 
f 1134//1794 1135//1794 2005//1794 
f 1135//1794 1136//1794 2005//1794 
f 1136//1794 1137//1794 2005//1794 
f 1137//1794 1138//1794 2005//1794 
f 1138//1794 1139//1794 2005//1794 
f 1139//1794 1140//1794 2005//1794 
f 1140//1794 1141//1794 2005//1794 
f 1141//1794 1142//1794 2005//1794 
f 1142//1794 1143//1794 2005//1794 
f 1143//1794 1144//1794 2005//1794 
f 1144//1794 1145//1794 2005//1794 
f 1145//1794 1146//1794 2005//1794 
f 1146//1794 1147//1794 2005//1794 
f 1147//1794 1148//1794 2005//1794 
f 1148//1794 1149//1794 2005//1794 
f 1149//1794 1150//1794 2005//1794 
f 1150//1794 1151//1794 2005//1794 
f 1151//1794 1152//1794 2005//1794 
f 1152//1794 1153//1794 2005//1794 
f 1153//1794 1154//1794 2005//1794 
f 1154//1794 1155//1794 2005//1794 
f 1155//1794 1156//1794 2005//1794 
f 1156//1794 1157//1794 2005//1794 
f 1157//1794 1158//1794 2005//1794 
f 1158//1794 1159//1794 2005//1794 
f 1159//1794 1160//1794 2005//1794 
f 1160//1794 1161//1794 2005//1794 
f 1161//1794 1162//1794 2005//1794 
f 1162//1794 1163//1794 2005//1794 
f 1163//1794 1164//1794 2005//1794 
f 1164//1794 1192//1794 2005//1794 
f 1192//1794 1166//1794 2005//1794 
f 1166//1794 1165//1794 2005//1794 
o mesh56
f 595//1794 2006//1794 2007//1794 
f 2008//1794 588//1794 587//1794 
f 2009//1794 2006//1794 595//1794 
f 587//1794 2007//1794 2008//1794 
f 2010//1794 2011//1794 569//1794 
f 570//1794 569//1794 2011//1794 
f 2012//1794 2009//1794 603//1794 
f 2007//1794 587//1794 595//1794 
f 2013//1794 590//1794 589//1794 
f 2014//1794 591//1794 590//1794 
f 2014//1794 2015//1794 592//1794 
f 2015//1794 2016//1794 593//1794 
f 2017//1794 2018//1794 586//1794 
f 586//1794 2018//1794 2019//1794 
f 2011//1794 2020//1794 570//1794 
f 2021//1794 623//1794 570//1794 
f 595//1794 603//1794 2009//1794 
f 2022//1794 589//1794 588//1794 
f 590//1794 2013//1794 2014//1794 
f 593//1794 592//1794 2015//1794 
f 2016//1794 2017//1794 594//1794 
f 2019//1794 571//1794 586//1794 
f 2023//1794 2024//1794 584//1794 
f 2024//1794 2010//1794 585//1794 
f 570//1794 2020//1794 2021//1794 
f 2025//1794 624//1794 623//1794 
f 2026//1794 2012//1794 602//1794 
f 588//1794 2008//1794 2022//1794 
f 592//1794 591//1794 2014//1794 
f 586//1794 594//1794 2017//1794 
f 2027//1794 574//1794 573//1794 
f 2028//1794 575//1794 574//1794 
f 585//1794 584//1794 2024//1794 
f 623//1794 2021//1794 2025//1794 
f 2029//1794 625//1794 624//1794 
f 2030//1794 626//1794 625//1794 
f 2031//1794 628//1794 627//1794 
f 2032//1794 629//1794 628//1794 
f 2033//1794 2034//1794 635//1794 
f 2034//1794 2035//1794 636//1794 
f 2036//1794 609//1794 608//1794 
f 2036//1794 2037//1794 610//1794 
f 2037//1794 2038//1794 611//1794 
f 2038//1794 2039//1794 612//1794 
f 2039//1794 2040//1794 604//1794 
f 596//1794 604//1794 2040//1794 
f 2041//1794 600//1794 599//1794 
f 2041//1794 2026//1794 601//1794 
f 603//1794 602//1794 2012//1794 
f 594//1794 593//1794 2016//1794 
f 574//1794 2027//1794 2028//1794 
f 2042//1794 576//1794 575//1794 
f 2043//1794 2044//1794 580//1794 
f 2044//1794 2045//1794 581//1794 
f 2046//1794 2023//1794 583//1794 
f 569//1794 585//1794 2010//1794 
f 625//1794 2029//1794 2030//1794 
f 2047//1794 627//1794 626//1794 
f 628//1794 2031//1794 2032//1794 
f 2032//1794 2048//1794 630//1794 
f 2049//1794 2050//1794 632//1794 
f 2050//1794 2051//1794 633//1794 
f 2051//1794 2033//1794 634//1794 
f 636//1794 635//1794 2034//1794 
f 614//1794 622//1794 2052//1794 
f 2053//1794 615//1794 614//1794 
f 2054//1794 616//1794 615//1794 
f 2055//1794 617//1794 616//1794 
f 2056//1794 2057//1794 613//1794 
f 605//1794 613//1794 2057//1794 
f 610//1794 609//1794 2036//1794 
f 612//1794 611//1794 2038//1794 
f 2040//1794 2058//1794 596//1794 
f 2059//1794 597//1794 596//1794 
f 2060//1794 598//1794 597//1794 
f 2061//1794 599//1794 598//1794 
f 601//1794 600//1794 2041//1794 
f 589//1794 2022//1794 2013//1794 
f 575//1794 2028//1794 2042//1794 
f 2062//1794 577//1794 576//1794 
f 2063//1794 578//1794 577//1794 
f 2043//1794 579//1794 578//1794 
f 581//1794 580//1794 2044//1794 
f 2045//1794 2046//1794 582//1794 
f 584//1794 583//1794 2023//1794 
f 626//1794 2030//1794 2047//1794 
f 630//1794 629//1794 2032//1794 
f 2048//1794 2049//1794 631//1794 
f 633//1794 632//1794 2050//1794 
f 635//1794 634//1794 2033//1794 
f 2035//1794 2052//1794 622//1794 
f 614//1794 2064//1794 2053//1794 
f 616//1794 2054//1794 2055//1794 
f 2065//1794 618//1794 617//1794 
f 2066//1794 2067//1794 620//1794 
f 2067//1794 2056//1794 621//1794 
f 2057//1794 2068//1794 605//1794 
f 2069//1794 606//1794 605//1794 
f 2070//1794 607//1794 606//1794 
f 2071//1794 608//1794 607//1794 
f 611//1794 610//1794 2037//1794 
f 596//1794 2058//1794 2059//1794 
f 598//1794 2060//1794 2061//1794 
f 602//1794 601//1794 2026//1794 
f 2072//1794 572//1794 571//1794 
f 2073//1794 573//1794 572//1794 
f 576//1794 2042//1794 2062//1794 
f 578//1794 2063//1794 2043//1794 
f 582//1794 581//1794 2045//1794 
f 624//1794 2025//1794 2029//1794 
f 631//1794 630//1794 2048//1794 
f 634//1794 633//1794 2051//1794 
f 2052//1794 2064//1794 614//1794 
f 617//1794 2055//1794 2065//1794 
f 2065//1794 2066//1794 619//1794 
f 621//1794 620//1794 2067//1794 
f 605//1794 2068//1794 2069//1794 
f 607//1794 2070//1794 2071//1794 
f 604//1794 612//1794 2039//1794 
f 599//1794 2061//1794 2041//1794 
f 572//1794 2072//1794 2073//1794 
f 577//1794 2062//1794 2063//1794 
f 583//1794 582//1794 2046//1794 
f 632//1794 631//1794 2049//1794 
f 615//1794 2053//1794 2054//1794 
f 620//1794 619//1794 2066//1794 
f 606//1794 2069//1794 2070//1794 
f 597//1794 2059//1794 2060//1794 
f 573//1794 2073//1794 2027//1794 
f 627//1794 2047//1794 2031//1794 
f 619//1794 618//1794 2065//1794 
f 608//1794 2071//1794 2036//1794 
f 580//1794 579//1794 2043//1794 
f 613//1794 621//1794 2056//1794 
f 622//1794 636//1794 2035//1794 
f 571//1794 2019//1794 2072//1794 
o mesh57
f 2020//1795 2074//1795 2075//1796 
f 2021//1796 2075//1796 2076//1797 
f 2077//1798 2029//1798 2025//1797 
f 2029//1798 2077//1798 2078//1799 
f 2079//1800 2047//1800 2030//1799 
f 2047//1800 2079//1800 2080//1801 
f 2081//1802 2032//1802 2031//1801 
f 2032//1802 2081//1802 2082//1803 
f 2082//1803 2083//1804 2049//1804 
f 2083//1804 2084//1805 2050//1805 
f 2051//1806 2050//1805 2084//1805 
f 2085//1806 2086//1807 2033//1807 
f 2034//1808 2033//1807 2086//1807 
f 2035//1809 2034//1808 2087//1808 
f 2052//1810 2035//1809 2088//1809 
f 2088//1809 2089//1810 2052//1810 
f 2087//1808 2088//1809 2035//1809 
f 2086//1807 2087//1808 2034//1808 
f 2033//1807 2051//1806 2085//1806 
f 2084//1805 2085//1806 2051//1806 
f 2050//1805 2049//1804 2083//1804 
f 2049//1804 2048//1811 2082//1803 
f 2082//1803 2048//1811 2032//1802 
f 2031//1801 2080//1801 2081//1802 
f 2080//1801 2031//1801 2047//1800 
f 2030//1799 2078//1799 2079//1800 
f 2078//1799 2030//1799 2029//1798 
f 2025//1797 2076//1797 2077//1798 
f 2076//1797 2025//1797 2021//1796 
f 2075//1796 2021//1796 2020//1795 
o mesh58
f 2083//1812 2082//1812 2081//1812 
f 2090//1812 2091//1812 2092//1812 
f 2081//1812 2080//1812 2083//1812 
f 2092//1812 2093//1812 2090//1812 
f 2079//1812 2084//1812 2083//1812 
f 2094//1812 2095//1812 2090//1812 
f 2079//1812 2085//1812 2084//1812 
f 2094//1812 2096//1812 2095//1812 
f 2080//1812 2079//1812 2083//1812 
f 2093//1812 2094//1812 2090//1812 
f 2079//1812 2078//1812 2085//1812 
f 2097//1812 2098//1812 2099//1812 
f 2098//1812 2097//1812 2100//1812 
f 2101//1812 2102//1812 2096//1812 
f 2077//1812 2086//1812 2085//1812 
f 2103//1812 2104//1812 2105//1812 
f 2100//1812 2106//1812 2098//1812 
f 2094//1812 2101//1812 2096//1812 
f 2078//1812 2077//1812 2085//1812 
f 2107//1812 2108//1812 2109//1812 
f 2110//1812 2111//1812 2112//1812 
f 2103//1812 2113//1812 2104//1812 
f 2114//1812 2115//1812 2097//1812 
f 2116//1812 2117//1812 2102//1812 
f 2076//1812 2087//1812 2086//1812 
f 2109//1812 2118//1812 2107//1812 
f 2105//1812 2110//1812 2103//1812 
f 2114//1812 2119//1812 2115//1812 
f 2101//1812 2116//1812 2102//1812 
f 2077//1812 2076//1812 2086//1812 
f 2118//1812 2120//1812 2107//1812 
f 2112//1812 2103//1812 2110//1812 
f 2099//1812 2114//1812 2097//1812 
f 2121//1812 2122//1812 2123//1812 
f 2116//1812 2124//1812 2117//1812 
f 2075//1812 2088//1812 2087//1812 
f 2120//1812 2125//1812 2107//1812 
f 2107//1812 2126//1812 2127//1812 
f 2128//1812 2129//1812 2113//1812 
f 2126//1812 2107//1812 2130//1812 
f 2130//1812 2107//1812 2119//1812 
f 2121//1812 2131//1812 2122//1812 
f 2121//1812 2132//1812 2133//1812 
f 2134//1812 2135//1812 2117//1812 
f 2075//1812 2089//1812 2088//1812 
f 2127//1812 2108//1812 2107//1812 
f 2103//1812 2128//1812 2113//1812 
f 2114//1812 2130//1812 2119//1812 
f 2121//1812 2136//1812 2131//1812 
f 2121//1812 2137//1812 2132//1812 
f 2124//1812 2134//1812 2117//1812 
f 2076//1812 2075//1812 2087//1812 
f 2125//1812 2138//1812 2107//1812 
f 2130//1812 2129//1812 2126//1812 
f 2133//1812 2136//1812 2121//1812 
f 2139//1812 2140//1812 2135//1812 
f 2141//1812 2121//1812 2074//1812 
f 2074//1812 2121//1812 2089//1812 
f 2128//1812 2126//1812 2129//1812 
f 2121//1812 2141//1812 2137//1812 
f 2134//1812 2139//1812 2135//1812 
f 2075//1812 2074//1812 2089//1812 
f 2123//1812 2107//1812 2121//1812 
f 2074//1812 2140//1812 2141//1812 
f 2139//1812 2141//1812 2140//1812 
f 2138//1812 2121//1812 2107//1812 
o mesh59
f 2064//1813 2052//1813 2089//1813 
f 2089//1813 2121//1813 2064//1813 
o mesh60
f 2138//1814 2053//1814 2064//1813 
f 2053//1814 2138//1814 2125//1815 
f 2120//1816 2055//1816 2054//1815 
f 2055//1816 2120//1816 2118//1817 
f 2066//1818 2065//1817 2118//1817 
f 2109//1818 2108//1819 2067//1819 
f 2056//1820 2067//1819 2108//1819 
f 2127//1820 2126//1821 2057//1821 
f 2057//1821 2056//1820 2127//1820 
f 2108//1819 2127//1820 2056//1820 
f 2067//1819 2066//1818 2109//1818 
f 2118//1817 2109//1818 2066//1818 
f 2118//1817 2065//1817 2055//1816 
f 2054//1815 2125//1815 2120//1816 
f 2125//1815 2054//1815 2053//1814 
f 2064//1813 2121//1822 2138//1814 
o mesh61
f 2068//1821 2057//1821 2126//1821 
f 2126//1821 2128//1821 2068//1821 
o mesh62
f 2103//1823 2069//1823 2068//1824 
f 2112//1825 2070//1825 2069//1823 
f 2070//1825 2112//1825 2111//1826 
f 2110//1827 2036//1827 2071//1826 
f 2037//1828 2036//1827 2110//1827 
f 2105//1828 2104//1829 2038//1829 
f 2039//1830 2038//1829 2104//1829 
f 2113//1830 2129//1831 2040//1831 
f 2040//1831 2039//1830 2113//1830 
f 2104//1829 2113//1830 2039//1830 
f 2038//1829 2037//1828 2105//1828 
f 2110//1827 2105//1828 2037//1828 
f 2071//1826 2111//1826 2110//1827 
f 2111//1826 2071//1826 2070//1825 
f 2069//1823 2103//1823 2112//1825 
f 2068//1824 2128//1832 2103//1823 
o mesh63
f 2058//1831 2040//1831 2129//1831 
f 2129//1831 2130//1831 2058//1831 
o mesh64
f 2114//1833 2059//1833 2058//1834 
f 2059//1833 2114//1833 2099//1835 
f 2098//1836 2061//1836 2060//1835 
f 2061//1836 2098//1836 2106//1837 
f 2106//1837 2100//1838 2026//1838 
f 2012//1839 2026//1838 2100//1838 
f 2097//1839 2115//1840 2009//1840 
f 2115//1840 2119//1841 2006//1841 
f 2006//1841 2009//1840 2115//1840 
f 2009//1840 2012//1839 2097//1839 
f 2100//1838 2097//1839 2012//1839 
f 2026//1838 2041//1842 2106//1837 
f 2106//1837 2041//1842 2061//1836 
f 2060//1835 2099//1835 2098//1836 
f 2099//1835 2060//1835 2059//1833 
f 2058//1834 2130//1843 2114//1833 
o mesh65
f 2006//1844 2119//1844 2107//1844 
f 2107//1844 2007//1844 2006//1844 
o mesh66
f 2123//1845 2008//1845 2007//1844 
f 2008//1845 2123//1845 2122//1846 
f 2131//1847 2013//1847 2022//1846 
f 2013//1847 2131//1847 2136//1848 
f 2015//1849 2014//1848 2136//1848 
f 2133//1849 2132//1850 2016//1850 
f 2017//1851 2016//1850 2132//1850 
f 2137//1851 2141//1852 2018//1852 
f 2018//1852 2017//1851 2137//1851 
f 2132//1850 2137//1851 2017//1851 
f 2016//1850 2015//1849 2133//1849 
f 2136//1848 2133//1849 2015//1849 
f 2136//1848 2014//1848 2013//1847 
f 2022//1846 2122//1846 2131//1847 
f 2122//1846 2022//1846 2008//1845 
f 2007//1844 2107//1853 2123//1845 
o mesh67
f 2018//1852 2141//1852 2139//1852 
f 2139//1852 2019//1852 2018//1852 
o mesh68
f 2019//1852 2139//1852 2134//1854 
f 2072//1854 2134//1854 2124//1855 
f 2073//1855 2124//1855 2116//1856 
f 2101//1857 2028//1857 2027//1856 
f 2028//1857 2101//1857 2094//1858 
f 2093//1859 2062//1859 2042//1858 
f 2092//1860 2063//1860 2062//1859 
f 2063//1860 2092//1860 2091//1861 
f 2091//1861 2090//1862 2044//1862 
f 2045//1863 2044//1862 2090//1862 
f 2095//1863 2096//1864 2046//1864 
f 2096//1864 2102//1865 2023//1865 
f 2102//1865 2117//1866 2024//1866 
f 2010//1867 2024//1866 2117//1866 
f 2011//1868 2010//1867 2135//1867 
f 2135//1867 2140//1868 2011//1868 
f 2117//1866 2135//1867 2010//1867 
f 2024//1866 2023//1865 2102//1865 
f 2023//1865 2046//1864 2096//1864 
f 2046//1864 2045//1863 2095//1863 
f 2090//1862 2095//1863 2045//1863 
f 2044//1862 2043//1869 2091//1861 
f 2091//1861 2043//1869 2063//1860 
f 2062//1859 2093//1859 2092//1860 
f 2042//1858 2094//1858 2093//1859 
f 2094//1858 2042//1858 2028//1857 
f 2027//1856 2116//1856 2101//1857 
f 2116//1856 2027//1856 2073//1855 
f 2124//1855 2073//1855 2072//1854 
f 2134//1854 2072//1854 2019//1852 
o mesh69
f 2011//1868 2140//1868 2074//1868 
f 2074//1868 2020//1868 2011//1868 
