# OBJ generated by ONSHAPE BY PTC INC, 1.217 Units = meters
mtllib ARCADA001 - ARCADP003 (1).mtl
g ARCADP003
v 0.13331 0 -0.0848162 
v 0.1333 0 -0.085 
v 0.1333 0.01 -0.085 
v 0.13334 0 -0.0846346 
v 0.13331 0.01 -0.0848162 
v 0.133389 0 -0.0844572 
v 0.13334 0.01 -0.0846346 
v 0.133457 0 -0.0842862 
v 0.133389 0.01 -0.0844572 
v 0.133543 0 -0.0841236 
v 0.133457 0.01 -0.0842862 
v 0.133647 0 -0.0839712 
v 0.133543 0.01 -0.0841236 
v 0.133766 0 -0.0838309 
v 0.133647 0.01 -0.0839712 
v 0.133899 0 -0.0837043 
v 0.133766 0.01 -0.0838309 
v 0.134046 0 -0.0835929 
v 0.133899 0.01 -0.0837043 
v 0.134204 0 -0.083498 
v 0.134046 0.01 -0.0835929 
v 0.134371 0 -0.0834207 
v 0.13435 0 -0.0834303 
v 0.13435 0.01 -0.0834303 
v 0.134204 0.01 -0.083498 
v 0.134545 0 -0.083362 
v 0.134371 0.01 -0.0834207 
v 0.134725 0 -0.0833224 
v 0.134545 0.01 -0.083362 
v 0.134908 0 -0.0833025 
v 0.134725 0.01 -0.0833224 
v 0.135092 0 -0.0833025 
v 0.134908 0.01 -0.0833025 
v 0.135275 0 -0.0833224 
v 0.135092 0.01 -0.0833025 
v 0.135455 0 -0.083362 
v 0.135275 0.01 -0.0833224 
v 0.135629 0 -0.0834207 
v 0.135455 0.01 -0.083362 
v 0.135796 0 -0.083498 
v 0.135629 0.01 -0.0834207 
v 0.135954 0 -0.0835929 
v 0.135796 0.01 -0.083498 
v 0.136101 0 -0.0837043 
v 0.135954 0.01 -0.0835929 
v 0.136234 0 -0.0838309 
v 0.136101 0.01 -0.0837043 
v 0.136353 0 -0.0839712 
v 0.136234 0.01 -0.0838309 
v 0.136457 0 -0.0841236 
v 0.136353 0.01 -0.0839712 
v 0.136543 0 -0.0842862 
v 0.136457 0.01 -0.0841236 
v 0.136611 0 -0.0844572 
v 0.136543 0.01 -0.0842862 
v 0.13666 0 -0.0846346 
v 0.136611 0.01 -0.0844572 
v 0.13669 0 -0.0848162 
v 0.13666 0.01 -0.0846346 
v 0.1367 0 -0.085 
v 0.13669 0.01 -0.0848162 
v 0.13669 0 -0.0851838 
v 0.1367 0.01 -0.085 
v 0.13666 0 -0.0853654 
v 0.13669 0.01 -0.0851838 
v 0.136611 0 -0.0855428 
v 0.13666 0.01 -0.0853654 
v 0.136543 0 -0.0857138 
v 0.136611 0.01 -0.0855428 
v 0.136457 0 -0.0858764 
v 0.136543 0.01 -0.0857138 
v 0.136353 0 -0.0860288 
v 0.136457 0.01 -0.0858764 
v 0.136234 0 -0.0861691 
v 0.136353 0.01 -0.0860288 
v 0.136101 0 -0.0862957 
v 0.136234 0.01 -0.0861691 
v 0.135954 0 -0.0864071 
v 0.136101 0.01 -0.0862957 
v 0.135796 0 -0.086502 
v 0.135954 0.01 -0.0864071 
v 0.135629 0 -0.0865793 
v 0.135796 0.01 -0.086502 
v 0.135455 0 -0.086638 
v 0.135629 0.01 -0.0865793 
v 0.135275 0 -0.0866776 
v 0.135455 0.01 -0.086638 
v 0.135092 0 -0.0866975 
v 0.135275 0.01 -0.0866776 
v 0.134908 0 -0.0866975 
v 0.135092 0.01 -0.0866975 
v 0.134725 0 -0.0866776 
v 0.134908 0.01 -0.0866975 
v 0.134545 0 -0.086638 
v 0.134725 0.01 -0.0866776 
v 0.134371 0 -0.0865793 
v 0.134545 0.01 -0.086638 
v 0.134204 0 -0.086502 
v 0.13435 0 -0.0865697 
v 0.13435 0.01 -0.0865697 
v 0.134371 0.01 -0.0865793 
v 0.134046 0 -0.0864071 
v 0.134204 0.01 -0.086502 
v 0.133899 0 -0.0862957 
v 0.134046 0.01 -0.0864071 
v 0.133766 0 -0.0861691 
v 0.133899 0.01 -0.0862957 
v 0.133647 0 -0.0860288 
v 0.133766 0.01 -0.0861691 
v 0.133543 0 -0.0858764 
v 0.133647 0.01 -0.0860288 
v 0.133457 0 -0.0857138 
v 0.133543 0.01 -0.0858764 
v 0.133389 0 -0.0855428 
v 0.133457 0.01 -0.0857138 
v 0.13334 0 -0.0853654 
v 0.133389 0.01 -0.0855428 
v 0.13331 0 -0.0851838 
v 0.13334 0.01 -0.0853654 
v 0.13331 0.01 -0.0851838 
v 0.13215 0 -0.095 
v 0.13435 0 -0.095 
v 0.145 0 -0.0298 
v 0.145 0 0.0298 
v 0.13435 0 0.095 
v 0.135 0 -0.095 
v 0.136045 0 -0.0949452 
v 0.13809 0 -0.0945106 
v 0.13815 0 -0.0944876 
v 0.137079 0 -0.0947815 
v 0.142431 0 -0.0916913 
v 0.14309 0 -0.0908779 
v 0.14366 0 -0.09 
v 0.140878 0 -0.0930902 
v 0.141691 0 -0.0924314 
v 0.139067 0 -0.0941355 
v 0.14 0 -0.0936603 
v 0.144511 0 -0.0880902 
v 0.144781 0 -0.0870791 
v 0.144135 0 -0.0890674 
v 0.144945 0 -0.0860453 
v 0.145 0 -0.085 
v 0.144093 0 -0.08915 
v 0.144945 0 0.0860453 
v 0.144781 0 0.0870791 
v 0.145 0 0.085 
v 0.145 0 0.0727 
v 0.144135 0 0.0890674 
v 0.144093 0 0.08915 
v 0.144709 0 0.08735 
v 0.144511 0 0.0880902 
v 0.142431 0 0.0916913 
v 0.141691 0 0.0924314 
v 0.14366 0 0.09 
v 0.14309 0 0.0908779 
v 0.139067 0 0.0941355 
v 0.138508 0 0.09435 
v 0.140878 0 0.0930902 
v 0.14 0 0.0936603 
v 0.137079 0 0.0947815 
v 0.136045 0 0.0949452 
v 0.13809 0 0.0945106 
v 0.13815 0 0.0944876 
v 0.135 0 0.095 
v 0.13215 0 0.095 
v -1.74512e-17 0 0.095 
v -0.0106097 0 0.09435 
v 0.00166025 0 0.0916346 
v 0.00161101 0 0.0914572 
v 0.0017 0 0.092 
v 0.00169003 0 0.0918162 
v 0.00154288 0 0.0912862 
v 0.00145666 0 0.0911236 
v 0.00166025 0 0.0923654 
v 0.00169003 0 0.0921838 
v 0.00154288 0 0.0927138 
v 0.00161101 0 0.0925428 
v 0.00135336 0 0.0930288 
v 0.00145666 0 0.0928764 
v 0.000796294 0 0.093502 
v 0.000954018 0 0.0934071 
v -0.00123419 0 0.0931691 
v -0.00110056 0 0.0932957 
v 0.00110056 0 0.0907043 
v 0.000954018 0 0.0905929 
v 0.00123419 0 0.0931691 
v 0.00110056 0 0.0932957 
v -0.000796294 0 0.093502 
v -0.000629235 0 0.0935793 
v -0.000954018 0 0.0934071 
v -0.00169003 0 0.0921838 
v -0.00166025 0 0.0923654 
v -0.0017 0 0.092 
v -0.0185336 0 0.0931746 
v -0.00169003 0 0.0918162 
v -0.027577 0 0.0909093 
v -0.032494 0 0.08915 
v -0.000796294 0 0.090498 
v -0.000954018 0 0.0905929 
v 0.00123419 0 0.0908309 
v -0.00154288 0 0.0927138 
v -0.00145666 0 0.0928764 
v -0.00135336 0 0.0909712 
v -0.00145666 0 0.0911236 
v -0.00110056 0 0.0907043 
v 0.000796294 0 0.090498 
v 0.000629235 0 0.0904207 
v 0.00135336 0 0.0909712 
v -0.00135336 0 0.0930288 
v -0.00161101 0 0.0925428 
v -0.00161101 0 0.0914572 
v -0.00166025 0 0.0916346 
v -0.00154288 0 0.0912862 
v -0.00123419 0 0.0908309 
v -0.000454798 0 0.090362 
v -0.000629235 0 0.0904207 
v 0.000454798 0 0.090362 
v 0.000454798 0 0.093638 
v 0.000629235 0 0.0935793 
v 0.000275029 0 0.0936776 
v -9.20361e-05 0 0.0936975 
v 9.20361e-05 0 0.0936975 
v -0.000275029 0 0.0903224 
v -0.000275029 0 0.0936776 
v -0.000454798 0 0.093638 
v 9.20361e-05 0 0.0903025 
v -9.20361e-05 0 0.0903025 
v 0.000275029 0 0.0903224 
v -0.091725 0 0.00167761 
v -0.0901139 0 0.0298 
v -0.091908 0 0.00169751 
v -0.0909093 0 0.027577 
v -0.0931746 0 0.0185336 
v -0.092275 0 0.00167761 
v -0.0945425 0 0.00931163 
v -0.0926292 0 0.00157926 
v -0.0924548 0 0.00163803 
v -0.0913708 0 0.00157926 
v -0.0912037 0 0.00150197 
v -0.092092 0 0.00169751 
v -0.0915452 0 0.00163803 
v -0.092275 0 -0.00167761 
v -0.0924548 0 -0.00163803 
v -0.0945425 0 -0.00931163 
v -0.0931006 0 0.00129568 
v -0.092954 0 0.00140707 
v -0.095 0 2.32683e-17 
v -0.0935429 0 0.000713811 
v -0.0934567 0 0.000876442 
v -0.0931746 0 -0.0185336 
v -0.091908 0 -0.00169751 
v -0.092092 0 -0.00169751 
v -0.0903397 0 -0.00036545 
v -0.090389 0 -0.000542813 
v -0.0905433 0 0.000876442 
v -0.0904571 0 0.000713811 
v -0.0907658 0 0.00116909 
v -0.0906466 0 0.0010288 
v -0.091046 0 0.00140707 
v -0.0908994 0 0.00129568 
v -0.0927963 0 0.00150197 
v -0.0932342 0 0.00116909 
v -0.0933534 0 0.0010288 
v -0.093611 0 0.000542813 
v -0.0909093 0 -0.027577 
v -0.091725 0 -0.00167761 
v -0.0901139 0 -0.0298 
v -0.091046 0 -0.00140707 
v -0.0912037 0 -0.00150197 
v -0.0906466 0 -0.0010288 
v -0.0907658 0 -0.00116909 
v -0.0904571 0 -0.000713811 
v -0.09031 0 0.000183802 
v -0.0903 0 -6.2457e-19 
v -0.090389 0 0.000542813 
v -0.0934567 0 -0.000876442 
v -0.0927963 0 -0.00150197 
v -0.092954 0 -0.00140707 
v -0.0915452 0 -0.00163803 
v -0.0913708 0 -0.00157926 
v -0.0908994 0 -0.00129568 
v -0.0905433 0 -0.000876442 
v -0.09031 0 -0.000183802 
v -0.0903397 0 0.00036545 
v -0.0935429 0 -0.000713811 
v -0.0932342 0 -0.00116909 
v -0.0933534 0 -0.0010288 
v -0.0931006 0 -0.00129568 
v -0.0926292 0 -0.00157926 
v -0.093611 0 -0.000542813 
v -0.0936603 0 -0.00036545 
v -0.09369 0 0.000183802 
v -0.0936603 0 0.00036545 
v -0.09369 0 -0.000183802 
v -0.0937 0 4.1638e-19 
v 0.00166025 0 -0.0923654 
v 0.00161101 0 -0.0925428 
v 0.0017 0 -0.092 
v 0.00169003 0 -0.0921838 
v 0.00154288 0 -0.0927138 
v 0.00145666 0 -0.0928764 
v 0.00166025 0 -0.0916346 
v 0.00169003 0 -0.0918162 
v 0.00154288 0 -0.0912862 
v 0.00161101 0 -0.0914572 
v 0.00135336 0 -0.0909712 
v 0.00145666 0 -0.0911236 
v 0.000796294 0 -0.090498 
v 0.000954018 0 -0.0905929 
v 5.81707e-18 0 -0.095 
v 0.00110056 0 -0.0932957 
v 0.000954018 0 -0.0934071 
v 0.00123419 0 -0.0908309 
v 0.00110056 0 -0.0907043 
v -0.032494 0 -0.08915 
v -0.000796294 0 -0.090498 
v -0.000629235 0 -0.0904207 
v -0.00110056 0 -0.0907043 
v -0.000954018 0 -0.0905929 
v 0.00123419 0 -0.0931691 
v 0.00135336 0 -0.0930288 
v -0.00135336 0 -0.0909712 
v -0.00123419 0 -0.0908309 
v -0.00154288 0 -0.0912862 
v -0.00145666 0 -0.0911236 
v -0.00169003 0 -0.0918162 
v -0.00166025 0 -0.0916346 
v -0.00169003 0 -0.0921838 
v -0.0017 0 -0.092 
v -0.00135336 0 -0.0930288 
v -0.00145666 0 -0.0928764 
v -0.000954018 0 -0.0934071 
v -0.00110056 0 -0.0932957 
v -0.000454798 0 -0.093638 
v -0.000629235 0 -0.0935793 
v 0.000796294 0 -0.093502 
v 0.000629235 0 -0.0935793 
v -0.00161101 0 -0.0914572 
v -0.00161101 0 -0.0925428 
v -0.00166025 0 -0.0923654 
v -0.00154288 0 -0.0927138 
v -0.00123419 0 -0.0931691 
v -0.000275029 0 -0.0936776 
v 0.000454798 0 -0.093638 
v 0.000454798 0 -0.090362 
v 0.000629235 0 -0.0904207 
v 0.000275029 0 -0.0903224 
v -0.000796294 0 -0.093502 
v -9.20361e-05 0 -0.0903025 
v 9.20361e-05 0 -0.0903025 
v -0.000275029 0 -0.0903224 
v -0.0185336 0 -0.0931746 
v -0.00931163 0 -0.0945425 
v -0.027577 0 -0.0909093 
v -0.000454798 0 -0.090362 
v -9.20361e-05 0 -0.0936975 
v 9.20361e-05 0 -0.0936975 
v 0.000275029 0 -0.0936776 
v 0.133899 0 0.00129568 
v 0.134046 0 0.00140707 
v 0.134204 0 -0.00150197 
v 0.134046 0 -0.00140707 
v 0.13435 0 -0.00156965 
v 0.134204 0 0.00150197 
v 0.133647 0 0.0010288 
v 0.133766 0 0.00116909 
v 0.133389 0 0.000542813 
v 0.133457 0 0.000713811 
v 0.1333 0 4.1638e-19 
v 0.13331 0 0.000183802 
v 0.13331 0 -0.000183802 
v 0.133647 0 -0.0010288 
v 0.133543 0 -0.000876442 
v 0.133899 0 -0.00129568 
v 0.133766 0 -0.00116909 
v 0.133543 0 0.000876442 
v 0.13334 0 -0.00036545 
v 0.133457 0 -0.000713811 
v 0.13334 0 0.00036545 
v 0.133389 0 -0.000542813 
v 0.135455 0 0.00163803 
v 0.135629 0 0.00157926 
v 0.134725 0 -0.00167761 
v 0.134545 0 -0.00163803 
v 0.135796 0 -0.00150197 
v 0.135629 0 -0.00157926 
v 0.135275 0 0.00167761 
v 0.134908 0 -0.00169751 
v 0.135455 0 -0.00163803 
v 0.135092 0 0.00169751 
v 0.134371 0 0.00157926 
v 0.134545 0 0.00163803 
v 0.135092 0 -0.00169751 
v 0.135275 0 -0.00167761 
v 0.134908 0 0.00169751 
v 0.134725 0 0.00167761 
v 0.136101 0 -0.00129568 
v 0.135954 0 -0.00140707 
v 0.135796 0 0.00150197 
v 0.135954 0 0.00140707 
v 0.136101 0 0.00129568 
v 0.136234 0 0.00116909 
v 0.134371 0 -0.00157926 
v 0.136353 0 -0.0010288 
v 0.136234 0 -0.00116909 
v 0.136611 0 -0.000542813 
v 0.136543 0 -0.000713811 
v 0.1367 0 -6.2457e-19 
v 0.13669 0 -0.000183802 
v 0.13669 0 0.000183802 
v 0.136353 0 0.0010288 
v 0.136457 0 0.000876442 
v 0.13435 0 0.00156965 
v 0.136457 0 -0.000876442 
v 0.13666 0 0.00036545 
v 0.136543 0 0.000713811 
v 0.13666 0 -0.00036545 
v 0.136611 0 0.000542813 
v 0.134046 0 0.0864071 
v 0.134204 0 0.086502 
v 0.133899 0 0.0862957 
v 0.134204 0 0.083498 
v 0.134046 0 0.0835929 
v 0.13435 0 0.0834303 
v 0.133647 0 0.0860288 
v 0.133766 0 0.0861691 
v 0.133457 0 0.0857138 
v 0.133543 0 0.0858764 
v 0.13334 0 0.0846346 
v 0.133647 0 0.0839712 
v 0.133543 0 0.0841236 
v 0.133899 0 0.0837043 
v 0.133766 0 0.0838309 
v 0.133389 0 0.0855428 
v 0.1333 0 0.085 
v 0.13331 0 0.0851838 
v 0.13331 0 0.0848162 
v 0.133457 0 0.0842862 
v 0.13334 0 0.0853654 
v 0.133389 0 0.0844572 
v 0.135092 0 0.0833025 
v 0.134908 0 0.0833025 
v 0.135275 0 0.0833224 
v 0.136101 0 0.0837043 
v 0.135954 0 0.0835929 
v 0.135796 0 0.086502 
v 0.135954 0 0.0864071 
v 0.135275 0 0.0866776 
v 0.135629 0 0.0834207 
v 0.135455 0 0.083362 
v 0.135796 0 0.083498 
v 0.135629 0 0.0865793 
v 0.135455 0 0.086638 
v 0.134908 0 0.0866975 
v 0.135092 0 0.0866975 
v 0.134725 0 0.0833224 
v 0.134725 0 0.0866776 
v 0.13435 0 0.0865697 
v 0.134371 0 0.0865793 
v 0.134545 0 0.083362 
v 0.134371 0 0.0834207 
v 0.134545 0 0.086638 
v 0.136353 0 0.0839712 
v 0.136234 0 0.0838309 
v 0.136543 0 0.0842862 
v 0.136457 0 0.0841236 
v 0.13669 0 0.0848162 
v 0.13666 0 0.0846346 
v 0.136457 0 0.0858764 
v 0.136543 0 0.0857138 
v 0.136101 0 0.0862957 
v 0.136234 0 0.0861691 
v 0.136611 0 0.0844572 
v 0.1367 0 0.085 
v 0.13666 0 0.0853654 
v 0.13669 0 0.0851838 
v 0.136353 0 0.0860288 
v 0.136611 0 0.0855428 
v 0.137386 0 0.0620969 
v 0.137614 0 0.0620969 
v 0.13716 0 0.0620723 
v 0.136723 0 0.0619509 
v 0.136938 0 0.0620235 
v 0.136322 0 0.0617381 
v 0.136516 0 0.0618554 
v 0.136723 0 0.0580491 
v 0.136516 0 0.0581446 
v 0.13716 0 0.0579277 
v 0.136938 0 0.0579765 
v 0.137614 0 0.0579031 
v 0.137386 0 0.0579031 
v 0.13784 0 0.0620723 
v 0.135975 0 0.0614442 
v 0.13614 0 0.0616005 
v 0.135701 0 0.0610827 
v 0.135828 0 0.0612709 
v 0.13784 0 0.0579277 
v 0.135412 0 0.059773 
v 0.1354 0 0.06 
v 0.135975 0 0.0585558 
v 0.135828 0 0.0587291 
v 0.136322 0 0.0582619 
v 0.13614 0 0.0583995 
v 0.135412 0 0.060227 
v 0.135449 0 0.0595486 
v 0.138062 0 0.0579765 
v 0.138062 0 0.0620235 
v 0.13551 0 0.0606705 
v 0.135594 0 0.0608818 
v 0.135449 0 0.0604514 
v 0.13551 0 0.0593295 
v 0.13815 0 0.0580063 
v 0.135701 0 0.0589173 
v 0.135594 0 0.0591182 
v 0.139588 0 0.059773 
v 0.139588 0 0.060227 
v 0.1396 0 0.06 
v 0.139025 0 0.0614442 
v 0.139172 0 0.0612709 
v 0.138678 0 0.0617381 
v 0.13886 0 0.0616005 
v 0.138277 0 0.0619509 
v 0.138484 0 0.0618554 
v 0.13815 0 0.0619937 
v 0.138277 0 0.0580491 
v 0.138678 0 0.0582619 
v 0.138484 0 0.0581446 
v 0.139025 0 0.0585558 
v 0.13886 0 0.0583995 
v 0.139299 0 0.0589173 
v 0.139172 0 0.0587291 
v 0.139551 0 0.0604514 
v 0.139551 0 0.0595486 
v 0.139299 0 0.0610827 
v 0.139406 0 0.0608818 
v 0.13949 0 0.0593295 
v 0.139406 0 0.0591182 
v 0.13949 0 0.0606705 
v 0.137386 0 -0.0579031 
v 0.137614 0 -0.0579031 
v 0.137386 0 -0.0620969 
v 0.13716 0 -0.0579277 
v 0.136723 0 -0.0580491 
v 0.136938 0 -0.0579765 
v 0.136322 0 -0.0582619 
v 0.136516 0 -0.0581446 
v 0.136723 0 -0.0619509 
v 0.136516 0 -0.0618554 
v 0.13716 0 -0.0620723 
v 0.136938 0 -0.0620235 
v 0.137614 0 -0.0620969 
v 0.13784 0 -0.0579277 
v 0.135975 0 -0.0585558 
v 0.13614 0 -0.0583995 
v 0.135701 0 -0.0589173 
v 0.135828 0 -0.0587291 
v 0.1354 0 -0.06 
v 0.13784 0 -0.0620723 
v 0.135412 0 -0.059773 
v 0.135449 0 -0.0604514 
v 0.135412 0 -0.060227 
v 0.135975 0 -0.0614442 
v 0.135828 0 -0.0612709 
v 0.136322 0 -0.0617381 
v 0.13614 0 -0.0616005 
v 0.138062 0 -0.0620235 
v 0.138062 0 -0.0579765 
v 0.13551 0 -0.0593295 
v 0.135594 0 -0.0591182 
v 0.135449 0 -0.0595486 
v 0.13551 0 -0.0606705 
v 0.135701 0 -0.0610827 
v 0.135594 0 -0.0608818 
v 0.13815 0 -0.0619937 
v 0.145 0 -0.0727 
v 0.1396 0 -0.06 
v 0.139588 0 -0.060227 
v 0.139551 0 -0.0595486 
v 0.139588 0 -0.059773 
v 0.139025 0 -0.0585558 
v 0.139172 0 -0.0587291 
v 0.138678 0 -0.0582619 
v 0.13886 0 -0.0583995 
v 0.138277 0 -0.0580491 
v 0.138484 0 -0.0581446 
v 0.13815 0 -0.0580063 
v 0.138277 0 -0.0619509 
v 0.138678 0 -0.0617381 
v 0.138484 0 -0.0618554 
v 0.139025 0 -0.0614442 
v 0.13886 0 -0.0616005 
v 0.139299 0 -0.0610827 
v 0.139172 0 -0.0612709 
v 0.139551 0 -0.0604514 
v 0.13949 0 -0.0593295 
v 0.139299 0 -0.0589173 
v 0.139406 0 -0.0591182 
v 0.13949 0 -0.0606705 
v 0.139406 0 -0.0608818 
v -0.0527792 0 -0.0789896 
v -0.04485 0 -0.0837422 
v -0.04485 0 -0.0756065 
v -0.049513 0 -0.0727 
v -0.0602674 0 -0.073436 
v -0.0610794 0 -0.0727 
v -0.0789896 0 -0.0527792 
v -0.073436 0 -0.0602674 
v -0.0695883 0 -0.0538653 
v -0.0671751 0 -0.0671751 
v -0.0637818 0 -0.0606291 
v -0.0877686 0 -0.0363549 
v -0.0837825 0 -0.0447827 
v -0.0790068 0 -0.0387547 
v -0.0746807 0 -0.0465488 
v -0.0825222 0 -0.0305629 
v -0.08915 0 -0.032494 
v -0.0573208 0 -0.0667707 
v -0.0502716 0 -0.0722272 
v -0.0827615 0 -0.0298 
v -0.0878871 0 -0.00445713 
v -0.0878871 0 0.00445713 
v -0.0869852 0 0.0133256 
v -0.0869852 0 -0.0133256 
v -0.0851908 0 -0.0220574 
v -0.0851908 0 0.0220574 
v -0.0877686 0 0.0363549 
v -0.0825222 0 0.0305629 
v -0.0790068 0 0.0387547 
v -0.0837825 0 0.0447827 
v -0.0746807 0 0.0465488 
v -0.0573208 0 0.0667707 
v -0.0610794 0 0.0727 
v -0.0671751 0 0.0671751 
v -0.08915 0 0.032494 
v -0.0827615 0 0.0298 
v -0.0637818 0 0.0606291 
v -0.073436 0 0.0602674 
v -0.0695883 0 0.0538653 
v -0.0789896 0 0.0527792 
v -0.0502716 0 0.0722272 
v -0.0527792 0 0.0789896 
v -0.049513 0 0.0727 
v -0.04485 0 0.0756065 
v -0.04485 0 0.0837422 
v -0.0602674 0 0.073436 
v -0.0372399 0 0.08735 
v -0.026344 0 0.0839643 
v -0.0177143 0 0.0861986 
v -0.0347033 0 0.0808683 
v -0.0447827 0 0.0837825 
v -0.0427066 0 0.0769425 
v 0 0 0.088 
v -0.00890281 0 0.0875485 
v -0.0363549 0 0.0877686 
v -0.0101986 0 0.08735 
v 0.126 0 0.088 
v 0.128034 0 0.0875677 
v 0.128461 0 0.08735 
v 0.126523 0 0.0879726 
v 0.127545 0 0.0877553 
v 0.12704 0 0.0878907 
v 0.129716 0 0.0863457 
v 0.130045 0 0.0859389 
v 0.128939 0 0.0870451 
v 0.129346 0 0.0867157 
v 0.1285 0 0.0873301 
v 0.131 0 0.083 
v 0.13033 0 0.0855 
v 0.130973 0 0.0835226 
v 0.130568 0 0.0850337 
v 0.130755 0 0.0845451 
v 0.130891 0 0.0840396 
v 0.131 0 0.0298 
v 0.131 0 -0.0298 
v 0.131 0 -0.0727 
v 0.126 0 -0.088 
v 0 0 -0.088 
v 0.126523 0 -0.0879726 
v -0.0447827 0 -0.0837825 
v -0.0363549 0 -0.0877686 
v -0.0347033 0 -0.0808683 
v -0.00890281 0 -0.0875485 
v -0.0427066 0 -0.0769425 
v -0.0177143 0 -0.0861986 
v 0.128939 0 -0.0870451 
v 0.1285 0 -0.0873301 
v -0.026344 0 -0.0839643 
v 0.128034 0 -0.0875677 
v 0.129716 0 -0.0863457 
v 0.129346 0 -0.0867157 
v 0.13033 0 -0.0855 
v 0.130045 0 -0.0859389 
v 0.130973 0 -0.0835226 
v 0.130891 0 -0.0840396 
v 0.131 0 -0.083 
v 0.130568 0 -0.0850337 
v 0.130755 0 -0.0845451 
v 0.12704 0 -0.0878907 
v 0.127545 0 -0.0877553 
v 0.131 0 0.0727 
v -0.00931163 0 0.0945425 
v 0.13435 0 -0.08915 
v 0.13215 0 -0.0727 
v 0.13435 0 -0.0727 
v 0.13435 0 -0.0298 
v 0.13815 0 -0.0298 
v 0.13215 0 0.0298 
v 0.13435 0 0.0298 
v 0.13435 0 0.0727 
v 0.13215 0 0.08735 
v 0.13435 0 0.08735 
v 0.13435 0 0.08915 
v 0.13815 0 0.08735 
v 0.13815 0 0.08915 
v 0.13215 0 0.08915 
v 0.13435 0 0.09435 
v 0.13815 0 0.09435 
v 0.13215 0 0.09435 
v 0.13815 0 -0.08915 
v 0.13815 0 -0.0727 
v 0.13815 0 0.0727 
v -0.08915 0 0.0298 
v -0.08915 0 -0.0298 
v 0.13215 0 -0.08915 
v 0.13215 0 -0.0298 
v 0.13815 0 0.0298 
v 0.13215 0 0.0727 
v 0.13215 0.01 0.095 
v 0.13435 0.01 0.095 
v 0.145 0.01 0.0298 
v 0.13215 0.01 -0.095 
v 0.144945 0.01 -0.0860453 
v 0.144781 0.01 -0.0870791 
v 0.144511 0.01 -0.0880902 
v 0.145 0.01 -0.085 
v 0.144135 0.01 -0.0890674 
v 0.145 0.01 -0.0727 
v 0.140878 0.01 -0.0930902 
v 0.14 0.01 -0.0936603 
v 0.139067 0.01 -0.0941355 
v 0.142431 0.01 -0.0916913 
v 0.141691 0.01 -0.0924314 
v 0.14366 0.01 -0.09 
v 0.14309 0.01 -0.0908779 
v 0.144093 0.01 -0.08915 
v 0.137079 0.01 -0.0947815 
v 0.136045 0.01 -0.0949452 
v 0.13809 0.01 -0.0945106 
v 0.13815 0.01 -0.0944876 
v 0.135 0.01 -0.095 
v 0.00166025 0.01 -0.0923654 
v 0.00169003 0.01 -0.0921838 
v 0.00154288 0.01 -0.0912862 
v 0.00145666 0.01 -0.0911236 
v 0.0017 0.01 -0.092 
v 0.00169003 0.01 -0.0918162 
v 0.00135336 0.01 -0.0930288 
v 0.00145666 0.01 -0.0928764 
v 0.00123419 0.01 -0.0908309 
v 0.00110056 0.01 -0.0907043 
v 0.00135336 0.01 -0.0909712 
v 0.00166025 0.01 -0.0916346 
v 0.00161101 0.01 -0.0914572 
v 0.00154288 0.01 -0.0927138 
v 5.81707e-18 0.01 -0.095 
v 0.000796294 0.01 -0.093502 
v -0.00931163 0.01 -0.0945425 
v -0.00110056 0.01 -0.0932957 
v -0.000954018 0.01 -0.0934071 
v 0.00161101 0.01 -0.0925428 
v 0.000954018 0.01 -0.0934071 
v -0.000796294 0.01 -0.093502 
v -0.00123419 0.01 -0.0931691 
v -0.00154288 0.01 -0.0927138 
v -0.00145666 0.01 -0.0928764 
v -0.00169003 0.01 -0.0921838 
v -0.00166025 0.01 -0.0923654 
v -0.0185336 0.01 -0.0931746 
v -0.000454798 0.01 -0.090362 
v -0.000629235 0.01 -0.0904207 
v 0.000954018 0.01 -0.0905929 
v 0.00110056 0.01 -0.0932957 
v -0.000629235 0.01 -0.0935793 
v -0.00135336 0.01 -0.0930288 
v -0.00161101 0.01 -0.0925428 
v -0.00169003 0.01 -0.0918162 
v -0.0017 0.01 -0.092 
v -0.000954018 0.01 -0.0905929 
v -0.00110056 0.01 -0.0907043 
v -0.000796294 0.01 -0.090498 
v 0.000796294 0.01 -0.090498 
v 0.000629235 0.01 -0.0904207 
v 0.00123419 0.01 -0.0931691 
v -0.000454798 0.01 -0.093638 
v -0.00161101 0.01 -0.0914572 
v -0.00166025 0.01 -0.0916346 
v -0.00135336 0.01 -0.0909712 
v -0.00145666 0.01 -0.0911236 
v 0.000454798 0.01 -0.090362 
v 0.000454798 0.01 -0.093638 
v 0.000629235 0.01 -0.0935793 
v -0.00154288 0.01 -0.0912862 
v -0.00123419 0.01 -0.0908309 
v 0.000275029 0.01 -0.0936776 
v -0.027577 0.01 -0.0909093 
v -9.20361e-05 0.01 -0.0936975 
v 9.20361e-05 0.01 -0.0936975 
v -0.032494 0.01 -0.08915 
v -0.000275029 0.01 -0.0903224 
v 9.20361e-05 0.01 -0.0903025 
v 0.000275029 0.01 -0.0903224 
v -0.000275029 0.01 -0.0936776 
v -9.20361e-05 0.01 -0.0903025 
v -0.091725 0.01 -0.00167761 
v -0.0901139 0.01 -0.0298 
v -0.091908 0.01 -0.00169751 
v -0.0909093 0.01 -0.027577 
v -0.0931746 0.01 -0.0185336 
v -0.092275 0.01 -0.00167761 
v -0.0945425 0.01 -0.00931163 
v -0.0926292 0.01 -0.00157926 
v -0.0924548 0.01 -0.00163803 
v -0.0913708 0.01 -0.00157926 
v -0.0912037 0.01 -0.00150197 
v -0.092092 0.01 -0.00169751 
v -0.0915452 0.01 -0.00163803 
v -0.091725 0.01 0.00167761 
v -0.091908 0.01 0.00169751 
v -0.0901139 0.01 0.0298 
v -0.091046 0.01 0.00140707 
v -0.0912037 0.01 0.00150197 
v -0.0907658 0.01 0.00116909 
v -0.0908994 0.01 0.00129568 
v -0.0905433 0.01 0.000876442 
v -0.0906466 0.01 0.0010288 
v -0.0903397 0.01 0.00036545 
v -0.090389 0.01 0.000542813 
v -0.09031 0.01 -0.000183802 
v -0.0903 0.01 -2.0819e-19 
v -0.0931006 0.01 -0.00129568 
v -0.092954 0.01 -0.00140707 
v -0.095 0.01 2.32683e-17 
v -0.0935429 0.01 -0.000713811 
v -0.0934567 0.01 -0.000876442 
v -0.092275 0.01 0.00167761 
v -0.0924548 0.01 0.00163803 
v -0.0945425 0.01 0.00931163 
v -0.0915452 0.01 0.00163803 
v -0.0913708 0.01 0.00157926 
v -0.0904571 0.01 0.000713811 
v -0.0903397 0.01 -0.00036545 
v -0.0904571 0.01 -0.000713811 
v -0.090389 0.01 -0.000542813 
v -0.0906466 0.01 -0.0010288 
v -0.0905433 0.01 -0.000876442 
v -0.091046 0.01 -0.00140707 
v -0.0908994 0.01 -0.00129568 
v -0.0927963 0.01 -0.00150197 
v -0.0932342 0.01 -0.00116909 
v -0.0933534 0.01 -0.0010288 
v -0.093611 0.01 -0.000542813 
v -0.0931746 0.01 0.0185336 
v -0.092092 0.01 0.00169751 
v -0.0907658 0.01 -0.00116909 
v -0.0909093 0.01 0.027577 
v -0.09031 0.01 0.000183802 
v -0.0934567 0.01 0.000876442 
v -0.0927963 0.01 0.00150197 
v -0.092954 0.01 0.00140707 
v -0.0935429 0.01 0.000713811 
v -0.0932342 0.01 0.00116909 
v -0.0933534 0.01 0.0010288 
v -0.0931006 0.01 0.00129568 
v -0.0926292 0.01 0.00157926 
v -0.09369 0.01 -0.000183802 
v -0.0936603 0.01 -0.00036545 
v -0.09369 0.01 0.000183802 
v -0.0937 0.01 0 
v -0.093611 0.01 0.000542813 
v -0.0936603 0.01 0.00036545 
v 0.00154288 0.01 0.0927138 
v 0.00145666 0.01 0.0928764 
v 0.00123419 0.01 0.0931691 
v 0.00110056 0.01 0.0932957 
v 0.00135336 0.01 0.0930288 
v 0.00166025 0.01 0.0923654 
v 0.00161101 0.01 0.0925428 
v 0.0017 0.01 0.092 
v 0.00169003 0.01 0.0921838 
v 0.00166025 0.01 0.0916346 
v 0.00169003 0.01 0.0918162 
v 0.00154288 0.01 0.0912862 
v 0.00161101 0.01 0.0914572 
v 0.000796294 0.01 0.090498 
v 0.000954018 0.01 0.0905929 
v 0.00110056 0.01 0.0907043 
v -0.032494 0.01 0.08915 
v -0.00110056 0.01 0.0907043 
v -0.000954018 0.01 0.0905929 
v -0.00135336 0.01 0.0909712 
v -0.00123419 0.01 0.0908309 
v -0.00154288 0.01 0.0912862 
v -0.00145666 0.01 0.0911236 
v -0.00169003 0.01 0.0918162 
v -0.027577 0.01 0.0909093 
v -0.0017 0.01 0.092 
v -0.0185336 0.01 0.0931746 
v -0.0106097 0.01 0.09435 
v -0.000954018 0.01 0.0934071 
v -0.00110056 0.01 0.0932957 
v 0.000954018 0.01 0.0934071 
v 0.00135336 0.01 0.0909712 
v 0.00145666 0.01 0.0911236 
v 0.00123419 0.01 0.0908309 
v -0.000796294 0.01 0.090498 
v -0.000629235 0.01 0.0904207 
v -0.00161101 0.01 0.0914572 
v -0.00166025 0.01 0.0916346 
v -0.00169003 0.01 0.0921838 
v -0.000796294 0.01 0.093502 
v -0.000454798 0.01 0.093638 
v -0.000629235 0.01 0.0935793 
v 0.000796294 0.01 0.093502 
v 0.000629235 0.01 0.0935793 
v -0.000454798 0.01 0.090362 
v -0.00161101 0.01 0.0925428 
v -0.00166025 0.01 0.0923654 
v -0.00135336 0.01 0.0930288 
v -0.00145666 0.01 0.0928764 
v 0.000454798 0.01 0.093638 
v 0.000454798 0.01 0.090362 
v 0.000629235 0.01 0.0904207 
v 0.000275029 0.01 0.0903224 
v -0.00154288 0.01 0.0927138 
v -0.00123419 0.01 0.0931691 
v -9.20361e-05 0.01 0.0903025 
v 9.20361e-05 0.01 0.0903025 
v -0.000275029 0.01 0.0903224 
v 9.20361e-05 0.01 0.0936975 
v 0.000275029 0.01 0.0936776 
v -0.000275029 0.01 0.0936776 
v -9.20361e-05 0.01 0.0936975 
v -1.74512e-17 0.01 0.095 
v -0.00931163 0.01 0.0945425 
v 0.137079 0.01 0.0947815 
v 0.135 0.01 0.095 
v 0.136045 0.01 0.0949452 
v 0.13809 0.01 0.0945106 
v 0.142431 0.01 0.0916913 
v 0.14309 0.01 0.0908779 
v 0.140878 0.01 0.0930902 
v 0.141691 0.01 0.0924314 
v 0.139067 0.01 0.0941355 
v 0.14 0.01 0.0936603 
v 0.138508 0.01 0.09435 
v 0.14366 0.01 0.09 
v 0.144135 0.01 0.0890674 
v 0.144511 0.01 0.0880902 
v 0.144093 0.01 0.08915 
v 0.144709 0.01 0.08735 
v 0.144781 0.01 0.0870791 
v 0.145 0.01 0.085 
v 0.144945 0.01 0.0860453 
v 0.135455 0.01 -0.00163803 
v 0.135629 0.01 -0.00157926 
v 0.134725 0.01 0.00167761 
v 0.134545 0.01 0.00163803 
v 0.135796 0.01 0.00150197 
v 0.135629 0.01 0.00157926 
v 0.135275 0.01 -0.00167761 
v 0.134908 0.01 0.00169751 
v 0.135092 0.01 0.00169751 
v 0.135455 0.01 0.00163803 
v 0.135092 0.01 -0.00169751 
v 0.134371 0.01 -0.00157926 
v 0.134545 0.01 -0.00163803 
v 0.135275 0.01 0.00167761 
v 0.134908 0.01 -0.00169751 
v 0.134725 0.01 -0.00167761 
v 0.136101 0.01 0.00129568 
v 0.135954 0.01 0.00140707 
v 0.135796 0.01 -0.00150197 
v 0.135954 0.01 -0.00140707 
v 0.136353 0.01 0.0010288 
v 0.136234 0.01 0.00116909 
v 0.13435 0.01 -0.00156965 
v 0.136611 0.01 0.000542813 
v 0.136543 0.01 0.000713811 
v 0.1367 0.01 -2.0819e-19 
v 0.136353 0.01 -0.0010288 
v 0.136457 0.01 -0.000876442 
v 0.136101 0.01 -0.00129568 
v 0.136234 0.01 -0.00116909 
v 0.134371 0.01 0.00157926 
v 0.136457 0.01 0.000876442 
v 0.13669 0.01 0.000183802 
v 0.13666 0.01 -0.00036545 
v 0.13669 0.01 -0.000183802 
v 0.136543 0.01 -0.000713811 
v 0.13666 0.01 0.00036545 
v 0.136611 0.01 -0.000542813 
v 0.133899 0.01 -0.00129568 
v 0.134046 0.01 -0.00140707 
v 0.134204 0.01 0.00150197 
v 0.134046 0.01 0.00140707 
v 0.13435 0.01 0.00156965 
v 0.134204 0.01 -0.00150197 
v 0.133647 0.01 -0.0010288 
v 0.133766 0.01 -0.00116909 
v 0.133389 0.01 -0.000542813 
v 0.133457 0.01 -0.000713811 
v 0.1333 0.01 0 
v 0.13331 0.01 -0.000183802 
v 0.13331 0.01 0.000183802 
v 0.133647 0.01 0.0010288 
v 0.133543 0.01 0.000876442 
v 0.133899 0.01 0.00129568 
v 0.133766 0.01 0.00116909 
v 0.133543 0.01 -0.000876442 
v 0.13334 0.01 0.00036545 
v 0.133457 0.01 0.000713811 
v 0.13334 0.01 -0.00036545 
v 0.133389 0.01 0.000542813 
v 0.135796 0.01 0.083498 
v 0.135954 0.01 0.0835929 
v 0.135092 0.01 0.0833025 
v 0.135629 0.01 0.0834207 
v 0.135275 0.01 0.0833224 
v 0.135455 0.01 0.083362 
v 0.134908 0.01 0.0833025 
v 0.134545 0.01 0.086638 
v 0.134371 0.01 0.0865793 
v 0.135092 0.01 0.0866975 
v 0.134908 0.01 0.0866975 
v 0.135455 0.01 0.086638 
v 0.135275 0.01 0.0866776 
v 0.136101 0.01 0.0862957 
v 0.135954 0.01 0.0864071 
v 0.134725 0.01 0.0833224 
v 0.134725 0.01 0.0866776 
v 0.135629 0.01 0.0865793 
v 0.135796 0.01 0.086502 
v 0.134545 0.01 0.083362 
v 0.13435 0.01 0.0834303 
v 0.134371 0.01 0.0834207 
v 0.136353 0.01 0.0860288 
v 0.136234 0.01 0.0861691 
v 0.136611 0.01 0.0855428 
v 0.136543 0.01 0.0857138 
v 0.13666 0.01 0.0846346 
v 0.136353 0.01 0.0839712 
v 0.136457 0.01 0.0841236 
v 0.136101 0.01 0.0837043 
v 0.136234 0.01 0.0838309 
v 0.136457 0.01 0.0858764 
v 0.1367 0.01 0.085 
v 0.13669 0.01 0.0851838 
v 0.13669 0.01 0.0848162 
v 0.136543 0.01 0.0842862 
v 0.13666 0.01 0.0853654 
v 0.136611 0.01 0.0844572 
v 0.134204 0.01 0.086502 
v 0.134204 0.01 0.083498 
v 0.133899 0.01 0.0837043 
v 0.134046 0.01 0.0835929 
v 0.134046 0.01 0.0864071 
v 0.133647 0.01 0.0839712 
v 0.133766 0.01 0.0838309 
v 0.133457 0.01 0.0842862 
v 0.133543 0.01 0.0841236 
v 0.13331 0.01 0.0848162 
v 0.13334 0.01 0.0846346 
v 0.133647 0.01 0.0860288 
v 0.133543 0.01 0.0858764 
v 0.133899 0.01 0.0862957 
v 0.133766 0.01 0.0861691 
v 0.13435 0.01 0.0865697 
v 0.133389 0.01 0.0844572 
v 0.1333 0.01 0.085 
v 0.13334 0.01 0.0853654 
v 0.13331 0.01 0.0851838 
v 0.133457 0.01 0.0857138 
v 0.133389 0.01 0.0855428 
v 0.145 0.01 0.0727 
v 0.138277 0.01 0.0619509 
v 0.13815 0.01 0.0619937 
v 0.138678 0.01 0.0617381 
v 0.138484 0.01 0.0618554 
v 0.139025 0.01 0.0614442 
v 0.13886 0.01 0.0616005 
v 0.139299 0.01 0.0610827 
v 0.139172 0.01 0.0612709 
v 0.1396 0.01 0.06 
v 0.139588 0.01 0.060227 
v 0.139551 0.01 0.0595486 
v 0.139588 0.01 0.059773 
v 0.139025 0.01 0.0585558 
v 0.139172 0.01 0.0587291 
v 0.138678 0.01 0.0582619 
v 0.13886 0.01 0.0583995 
v 0.138277 0.01 0.0580491 
v 0.138484 0.01 0.0581446 
v 0.13815 0.01 0.0580063 
v 0.13949 0.01 0.0606705 
v 0.139406 0.01 0.0608818 
v 0.139551 0.01 0.0604514 
v 0.13949 0.01 0.0593295 
v 0.139299 0.01 0.0589173 
v 0.139406 0.01 0.0591182 
v 0.137386 0.01 0.0620969 
v 0.137386 0.01 0.0579031 
v 0.136723 0.01 0.0619509 
v 0.136516 0.01 0.0618554 
v 0.13716 0.01 0.0620723 
v 0.136938 0.01 0.0620235 
v 0.137614 0.01 0.0620969 
v 0.137614 0.01 0.0579031 
v 0.13784 0.01 0.0620723 
v 0.13716 0.01 0.0579277 
v 0.136723 0.01 0.0580491 
v 0.136938 0.01 0.0579765 
v 0.136322 0.01 0.0582619 
v 0.136516 0.01 0.0581446 
v 0.1354 0.01 0.06 
v 0.135975 0.01 0.0614442 
v 0.135828 0.01 0.0612709 
v 0.136322 0.01 0.0617381 
v 0.13614 0.01 0.0616005 
v 0.13784 0.01 0.0579277 
v 0.135975 0.01 0.0585558 
v 0.13614 0.01 0.0583995 
v 0.135701 0.01 0.0589173 
v 0.135828 0.01 0.0587291 
v 0.135412 0.01 0.059773 
v 0.135449 0.01 0.0604514 
v 0.135412 0.01 0.060227 
v 0.138062 0.01 0.0620235 
v 0.135449 0.01 0.0595486 
v 0.135701 0.01 0.0610827 
v 0.135594 0.01 0.0608818 
v 0.138062 0.01 0.0579765 
v 0.13551 0.01 0.0593295 
v 0.135594 0.01 0.0591182 
v 0.13551 0.01 0.0606705 
v 0.145 0.01 -0.0298 
v 0.139588 0.01 -0.059773 
v 0.139588 0.01 -0.060227 
v 0.1396 0.01 -0.06 
v 0.138277 0.01 -0.0580491 
v 0.13815 0.01 -0.0580063 
v 0.138678 0.01 -0.0582619 
v 0.138484 0.01 -0.0581446 
v 0.139025 0.01 -0.0585558 
v 0.13886 0.01 -0.0583995 
v 0.139299 0.01 -0.0589173 
v 0.139172 0.01 -0.0587291 
v 0.139551 0.01 -0.0604514 
v 0.139025 0.01 -0.0614442 
v 0.139172 0.01 -0.0612709 
v 0.138678 0.01 -0.0617381 
v 0.13886 0.01 -0.0616005 
v 0.138277 0.01 -0.0619509 
v 0.138484 0.01 -0.0618554 
v 0.13815 0.01 -0.0619937 
v 0.13949 0.01 -0.0593295 
v 0.139406 0.01 -0.0591182 
v 0.139551 0.01 -0.0595486 
v 0.13949 0.01 -0.0606705 
v 0.139299 0.01 -0.0610827 
v 0.139406 0.01 -0.0608818 
v 0.136723 0.01 -0.0580491 
v 0.136516 0.01 -0.0581446 
v 0.13716 0.01 -0.0579277 
v 0.136938 0.01 -0.0579765 
v 0.137614 0.01 -0.0579031 
v 0.137386 0.01 -0.0579031 
v 0.137386 0.01 -0.0620969 
v 0.137614 0.01 -0.0620969 
v 0.13716 0.01 -0.0620723 
v 0.13784 0.01 -0.0579277 
v 0.136723 0.01 -0.0619509 
v 0.136938 0.01 -0.0620235 
v 0.136322 0.01 -0.0617381 
v 0.136516 0.01 -0.0618554 
v 0.135975 0.01 -0.0585558 
v 0.135828 0.01 -0.0587291 
v 0.136322 0.01 -0.0582619 
v 0.13614 0.01 -0.0583995 
v 0.13784 0.01 -0.0620723 
v 0.135975 0.01 -0.0614442 
v 0.13614 0.01 -0.0616005 
v 0.135701 0.01 -0.0610827 
v 0.135828 0.01 -0.0612709 
v 0.135412 0.01 -0.059773 
v 0.1354 0.01 -0.06 
v 0.138062 0.01 -0.0579765 
v 0.135412 0.01 -0.060227 
v 0.135449 0.01 -0.0595486 
v 0.135449 0.01 -0.0604514 
v 0.13551 0.01 -0.0593295 
v 0.135701 0.01 -0.0589173 
v 0.135594 0.01 -0.0591182 
v 0.138062 0.01 -0.0620235 
v 0.13551 0.01 -0.0606705 
v 0.135594 0.01 -0.0608818 
v -0.0347033 0.01 0.0808683 
v -0.0427066 0.01 0.0769425 
v -0.0447827 0.01 0.0837825 
v -0.0372399 0.01 0.08735 
v -0.0101986 0.01 0.08735 
v -0.0177143 0.01 0.0861986 
v -0.04485 0.01 0.0837422 
v -0.026344 0.01 0.0839643 
v -0.0527792 0.01 0.0789896 
v -0.04485 0.01 0.0756065 
v -0.049513 0.01 0.0727 
v -0.0602674 0.01 0.073436 
v -0.0610794 0.01 0.0727 
v -0.0877686 0.01 0.0363549 
v -0.0837825 0.01 0.0447827 
v -0.0790068 0.01 0.0387547 
v -0.0825222 0.01 0.0305629 
v -0.08915 0.01 0.032494 
v -0.0789896 0.01 0.0527792 
v -0.0746807 0.01 0.0465488 
v -0.0827615 0.01 0.0298 
v -0.0573208 0.01 0.0667707 
v -0.0637818 0.01 0.0606291 
v -0.0671751 0.01 0.0671751 
v -0.073436 0.01 0.0602674 
v -0.0695883 0.01 0.0538653 
v -0.0502716 0.01 0.0722272 
v -0.0878871 0.01 0.00445713 
v -0.0869852 0.01 -0.0133256 
v -0.0851908 0.01 -0.0220574 
v -0.0878871 0.01 -0.00445713 
v -0.0851908 0.01 0.0220574 
v -0.0869852 0.01 0.0133256 
v -0.073436 0.01 -0.0602674 
v -0.0695883 0.01 -0.0538653 
v -0.0637818 0.01 -0.0606291 
v -0.0789896 0.01 -0.0527792 
v -0.0746807 0.01 -0.0465488 
v -0.0610794 0.01 -0.0727 
v -0.0573208 0.01 -0.0667707 
v -0.0502716 0.01 -0.0722272 
v -0.0671751 0.01 -0.0671751 
v -0.0837825 0.01 -0.0447827 
v -0.0790068 0.01 -0.0387547 
v -0.0877686 0.01 -0.0363549 
v -0.0825222 0.01 -0.0305629 
v -0.08915 0.01 -0.032494 
v -0.0827615 0.01 -0.0298 
v -0.0527792 0.01 -0.0789896 
v -0.049513 0.01 -0.0727 
v -0.04485 0.01 -0.0756065 
v -0.04485 0.01 -0.0837422 
v -0.0602674 0.01 -0.073436 
v 0 0.01 -0.088 
v -0.00890281 0.01 -0.0875485 
v 0.126 0.01 -0.088 
v -0.0177143 0.01 -0.0861986 
v -0.0447827 0.01 -0.0837825 
v -0.0427066 0.01 -0.0769425 
v -0.0347033 0.01 -0.0808683 
v 0.128034 0.01 -0.0875677 
v 0.1285 0.01 -0.0873301 
v -0.026344 0.01 -0.0839643 
v -0.0363549 0.01 -0.0877686 
v 0.131 0.01 -0.083 
v 0.130755 0.01 -0.0845451 
v 0.130891 0.01 -0.0840396 
v 0.129716 0.01 -0.0863457 
v 0.130045 0.01 -0.0859389 
v 0.128939 0.01 -0.0870451 
v 0.129346 0.01 -0.0867157 
v 0.127545 0.01 -0.0877553 
v 0.130973 0.01 -0.0835226 
v 0.130568 0.01 -0.0850337 
v 0.13033 0.01 -0.0855 
v 0.126523 0.01 -0.0879726 
v 0.12704 0.01 -0.0878907 
v 0.131 0.01 -0.0727 
v 0.131 0.01 -0.0298 
v 0.131 0.01 0.0298 
v 0.131 0.01 0.0727 
v 0.128939 0.01 0.0870451 
v 0.1285 0.01 0.0873301 
v 0.129716 0.01 0.0863457 
v 0.129346 0.01 0.0867157 
v 0.13033 0.01 0.0855 
v 0.130045 0.01 0.0859389 
v 0.130568 0.01 0.0850337 
v 0.131 0.01 0.083 
v 0.130891 0.01 0.0840396 
v 0.130755 0.01 0.0845451 
v 0.130973 0.01 0.0835226 
v 0.126 0.01 0.088 
v 0 0.01 0.088 
v -0.00890281 0.01 0.0875485 
v -0.0363549 0.01 0.0877686 
v 0.126523 0.01 0.0879726 
v 0.127545 0.01 0.0877553 
v 0.12704 0.01 0.0878907 
v 0.128461 0.01 0.08735 
v 0.128034 0.01 0.0875677 
v 0.13815 0.01 0.0944876 
v 0.13435 0.01 -0.095 
v 0.13215 0.01 0.09435 
v 0.13215 0.01 0.08915 
v 0.13435 0.01 0.09435 
v 0.13435 0.01 0.08915 
v 0.13815 0.01 0.09435 
v 0.13215 0.01 0.08735 
v 0.13435 0.01 0.08735 
v 0.13815 0.01 0.08915 
v 0.13215 0.01 0.0298 
v 0.13215 0.01 0.0727 
v 0.13435 0.01 0.0727 
v 0.13815 0.01 -0.0298 
v 0.13815 0.01 0.0298 
v 0.13215 0.01 -0.0727 
v 0.13215 0.01 -0.0298 
v 0.13435 0.01 -0.0298 
v 0.13215 0.01 -0.08915 
v 0.13435 0.01 -0.08915 
v 0.13815 0.01 -0.08915 
v 0.13815 0.01 -0.0727 
v -0.08915 0.01 -0.0298 
v -0.08915 0.01 0.0298 
v 0.13815 0.01 0.08735 
v 0.13815 0.01 0.0727 
v 0.13435 0.01 -0.0727 
v 0.13435 0.01 0.0298 
vn 0.994138 0 -0.108119 
vn 1 0 -2.44929e-16 
vn 0.976621 0 -0.21497 
vn 0.994138 0 -0.108119 
vn 0.947653 0 -0.319302 
vn 0.976621 0 -0.21497 
vn 0.907575 0 -0.419889 
vn 0.947653 0 -0.319302 
vn 0.856857 0 -0.515554 
vn 0.907575 0 -0.419889 
vn 0.796093 0 -0.605174 
vn 0.856857 0 -0.515554 
vn 0.725995 0 -0.687699 
vn 0.796093 0 -0.605174 
vn 0.647386 0 -0.762162 
vn 0.725995 0 -0.687699 
vn 0.561187 0 -0.827689 
vn 0.647386 0 -0.762162 
vn 0.468408 0 -0.883512 
vn 0.561187 0 -0.827689 
vn 0.370138 0 -0.928977 
vn 0.382597 0 -0.923915 
vn 0.468408 0 -0.883512 
vn 0.267528 0 -0.96355 
vn 0.370138 0 -0.928977 
vn 0.161782 0 -0.986827 
vn 0.267528 0 -0.96355 
vn 0.0541389 0 -0.998533 
vn 0.161782 0 -0.986827 
vn -0.0541389 0 -0.998533 
vn 0.0541389 0 -0.998533 
vn -0.161782 0 -0.986827 
vn -0.0541389 0 -0.998533 
vn -0.267528 0 -0.96355 
vn -0.161782 0 -0.986827 
vn -0.370138 0 -0.928977 
vn -0.267528 0 -0.96355 
vn -0.468408 0 -0.883512 
vn -0.370138 0 -0.928977 
vn -0.561187 0 -0.827689 
vn -0.468408 0 -0.883512 
vn -0.647386 0 -0.762162 
vn -0.561187 0 -0.827689 
vn -0.725995 0 -0.687699 
vn -0.647386 0 -0.762162 
vn -0.796093 0 -0.605174 
vn -0.725995 0 -0.687699 
vn -0.856857 0 -0.515554 
vn -0.796093 0 -0.605174 
vn -0.907575 0 -0.419889 
vn -0.856857 0 -0.515554 
vn -0.947653 0 -0.319302 
vn -0.907575 0 -0.419889 
vn -0.976621 0 -0.21497 
vn -0.947653 0 -0.319302 
vn -0.994138 0 -0.108119 
vn -0.976621 0 -0.21497 
vn -1 0 1.22465e-16 
vn -0.994138 0 -0.108119 
vn -0.994138 0 0.108119 
vn -1 0 1.22465e-16 
vn -0.976621 0 0.21497 
vn -0.994138 0 0.108119 
vn -0.947653 0 0.319302 
vn -0.976621 0 0.21497 
vn -0.907575 0 0.419889 
vn -0.947653 0 0.319302 
vn -0.856857 0 0.515554 
vn -0.907575 0 0.419889 
vn -0.796093 0 0.605174 
vn -0.856857 0 0.515554 
vn -0.725995 0 0.687699 
vn -0.796093 0 0.605174 
vn -0.647386 0 0.762162 
vn -0.725995 0 0.687699 
vn -0.561187 0 0.827689 
vn -0.647386 0 0.762162 
vn -0.468408 0 0.883512 
vn -0.561187 0 0.827689 
vn -0.370138 0 0.928977 
vn -0.468408 0 0.883512 
vn -0.267528 0 0.96355 
vn -0.370138 0 0.928977 
vn -0.161782 0 0.986827 
vn -0.267528 0 0.96355 
vn -0.0541389 0 0.998533 
vn -0.161782 0 0.986827 
vn 0.0541389 0 0.998533 
vn -0.0541389 0 0.998533 
vn 0.161782 0 0.986827 
vn 0.0541389 0 0.998533 
vn 0.267528 0 0.96355 
vn 0.161782 0 0.986827 
vn 0.370138 0 0.928977 
vn 0.267528 0 0.96355 
vn 0.468408 0 0.883512 
vn 0.382597 0 0.923915 
vn 0.370138 0 0.928977 
vn 0.561187 0 0.827689 
vn 0.468408 0 0.883512 
vn 0.647386 0 0.762162 
vn 0.561187 0 0.827689 
vn 0.725995 0 0.687699 
vn 0.647386 0 0.762162 
vn 0.796093 0 0.605174 
vn 0.725995 0 0.687699 
vn 0.856857 0 0.515554 
vn 0.796093 0 0.605174 
vn 0.907575 0 0.419889 
vn 0.856857 0 0.515554 
vn 0.947653 0 0.319302 
vn 0.907575 0 0.419889 
vn 0.976621 0 0.21497 
vn 0.947653 0 0.319302 
vn 0.994138 0 0.108119 
vn 0.976621 0 0.21497 
vn 0 -1 0 
vn 0 1 0 
vn 1 0 0 
vn 0 0 -1 
vn 1.83697e-16 0 1 
vn -0.0980171 0 0.995185 
vn -0.19509 0 0.980785 
vn -0.111746 0 0.993737 
vn -0.0980171 0 0.995185 
vn -0.19509 0 0.980785 
vn -0.290285 0 0.95694 
vn -0.382683 0 0.92388 
vn -0.342449 0 0.939536 
vn -0.290285 0 0.95694 
vn -0.471397 0 0.881921 
vn -0.392176 0 0.91989 
vn -0.382683 0 0.92388 
vn -0.55557 0 0.83147 
vn -0.472124 0 0.881532 
vn -0.471397 0 0.881921 
vn -0.55557 0 0.83147 
vn -0.634393 0 0.77301 
vn -0.707107 0 0.707107 
vn -0.643263 0 0.765646 
vn -0.634393 0 0.77301 
vn -0.707107 0 0.707107 
vn -0.77301 0 0.634393 
vn -0.83147 0 0.55557 
vn -0.881921 0 0.471397 
vn -0.92388 0 0.382683 
vn -0.95694 0 0.290285 
vn -0.949433 0 0.31397 
vn -0.939536 0 0.342449 
vn -0.92388 0 0.382683 
vn -0.95694 0 0.290285 
vn -0.980785 0 0.19509 
vn -0.995185 0 0.0980171 
vn -1 0 2.44929e-16 
vn -0.995185 0 -0.0980171 
vn -0.980785 0 -0.19509 
vn -0.95694 0 -0.290285 
vn -0.92388 0 -0.382683 
vn -0.939536 0 -0.342449 
vn -0.949433 0 -0.31397 
vn -0.95694 0 -0.290285 
vn -0.92388 0 -0.382683 
vn -0.881921 0 -0.471397 
vn -0.83147 0 -0.55557 
vn -0.77301 0 -0.634393 
vn -0.707107 0 -0.707107 
vn -0.634393 0 -0.77301 
vn -0.643263 0 -0.765646 
vn -0.707107 0 -0.707107 
vn -0.634393 0 -0.77301 
vn -0.55557 0 -0.83147 
vn -0.471397 0 -0.881921 
vn -0.472124 0 -0.881532 
vn -0.55557 0 -0.83147 
vn -0.471397 0 -0.881921 
vn -0.382683 0 -0.92388 
vn -0.290285 0 -0.95694 
vn -0.342449 0 -0.939536 
vn -0.382683 0 -0.92388 
vn -0.290285 0 -0.95694 
vn -0.19509 0 -0.980785 
vn -0.0980171 0 -0.995185 
vn -3.06162e-16 0 -1 
vn 0 0 1 
vn 0.104528 0 -0.994522 
vn 0.207912 0 -0.978148 
vn 0.309017 0 -0.951057 
vn 0.406737 0 -0.913545 
vn 0.315099 0 -0.949059 
vn 0.309017 0 -0.951057 
vn 0.406737 0 -0.913545 
vn 0.5 0 -0.866025 
vn 0.587785 0 -0.809017 
vn 0.669131 0 -0.743145 
vn 0.743145 0 -0.669131 
vn 0.809017 0 -0.587785 
vn 0.866025 0 -0.5 
vn 0.913545 0 -0.406737 
vn 0.909738 0 -0.415184 
vn 0.866025 0 -0.5 
vn 0.913545 0 -0.406737 
vn 0.951057 0 -0.309017 
vn 0.978148 0 -0.207912 
vn 0.994522 0 -0.104528 
vn 1 0 -1.22465e-16 
vn -1.83697e-16 0 1 
vn 0.104528 0 0.994522 
vn 0.207912 0 0.978148 
vn 0.309017 0 0.951057 
vn 0.406737 0 0.913545 
vn 0.351317 0 0.936257 
vn 0.315099 0 0.949059 
vn 0.309017 0 0.951057 
vn 0.406737 0 0.913545 
vn 0.5 0 0.866025 
vn 0.587785 0 0.809017 
vn 0.669131 0 0.743145 
vn 0.743145 0 0.669131 
vn 0.809017 0 0.587785 
vn 0.866025 0 0.5 
vn 0.913545 0 0.406737 
vn 0.909738 0 0.415184 
vn 0.866025 0 0.5 
vn 0.913545 0 0.406737 
vn 0.951057 0 0.309017 
vn 0.978148 0 0.207912 
vn 0.971934 0 0.235253 
vn 0.951057 0 0.309017 
vn 0.978148 0 0.207912 
vn 0.994522 0 0.104528 
vn 1 0 2.44929e-16 
vn 0 0 1 
vn 0.101168 0 -0.994869 
vn 1.83697e-16 0 -1 
vn 0.115967 0 -0.993253 
vn 0.201299 0 -0.97953 
vn 0.299363 0 -0.954139 
vn 0.394356 0 -0.918958 
vn 0.485302 0 -0.874347 
vn 0.510191 0 -0.860061 
vn 0.562909 0 -0.826519 
vn 0.571268 0 -0.820763 
vn 0.651372 0 -0.758758 
vn 0.724793 0 -0.688967 
vn 0.790776 0 -0.612106 
vn 0.848644 0 -0.528964 
vn 0.897805 0 -0.440394 
vn 0.937752 0 -0.347305 
vn 0.940866 0 -0.338778 
vn 0.968077 0 -0.250653 
vn 0.988468 0 -0.151428 
vn 0.998717 0 -0.0506492 
vn 0.998717 0 0.0506492 
vn 0.988468 0 0.151428 
vn 0.968077 0 0.250653 
vn 0.940866 0 0.338778 
vn 0.937752 0 0.347305 
vn 0.897805 0 0.440394 
vn 0.848644 0 0.528964 
vn 0.790776 0 0.612106 
vn 0.724793 0 0.688967 
vn 0.651372 0 0.758758 
vn 0.571268 0 0.820763 
vn 0.562909 0 0.826519 
vn 0.510191 0 0.860061 
vn 0.485302 0 0.874347 
vn 0.394356 0 0.918958 
vn 0.299363 0 0.954139 
vn 0.201299 0 0.97953 
vn 0.101168 0 0.994869 
vn -6.12323e-17 0 1 
vn 0 0 -1 
vn -1 0 0 
vn -0.104528 0 -0.994522 
vn -1.83697e-16 0 -1 
vn -0.207912 0 -0.978148 
vn -0.104528 0 -0.994522 
vn -0.309017 0 -0.951057 
vn -0.207912 0 -0.978148 
vn -0.406737 0 -0.913545 
vn -0.309017 0 -0.951057 
vn -0.5 0 -0.866025 
vn -0.492406 0 -0.870366 
vn -0.406737 0 -0.913545 
vn -0.587785 0 -0.809017 
vn -0.5 0 -0.866025 
vn -0.669131 0 -0.743145 
vn -0.587785 0 -0.809017 
vn -0.743145 0 -0.669131 
vn -0.669131 0 -0.743145 
vn -0.809017 0 -0.587785 
vn -0.743145 0 -0.669131 
vn -0.866025 0 -0.5 
vn -0.809017 0 -0.587785 
vn -0.913545 0 -0.406737 
vn -0.866025 0 -0.5 
vn -0.951057 0 -0.309017 
vn -0.913545 0 -0.406737 
vn -0.978148 0 -0.207912 
vn -0.951057 0 -0.309017 
vn -0.994522 0 -0.104528 
vn -0.978148 0 -0.207912 
vn -1 0 1.22465e-16 
vn -0.994522 0 -0.104528 
vn -0.104528 0 0.994522 
vn -6.12323e-17 0 1 
vn -0.207912 0 0.978148 
vn -0.104528 0 0.994522 
vn -0.309017 0 0.951057 
vn -0.207912 0 0.978148 
vn -0.406737 0 0.913545 
vn -0.309017 0 0.951057 
vn -0.5 0 0.866025 
vn -0.406737 0 0.913545 
vn -0.587785 0 0.809017 
vn -0.5 0 0.866025 
vn -0.669131 0 0.743145 
vn -0.587785 0 0.809017 
vn -0.743145 0 0.669131 
vn -0.669131 0 0.743145 
vn -0.809017 0 0.587785 
vn -0.743145 0 0.669131 
vn -0.866025 0 0.5 
vn -0.809017 0 0.587785 
vn -0.913545 0 0.406737 
vn -0.866025 0 0.5 
vn -0.951057 0 0.309017 
vn -0.913545 0 0.406737 
vn -0.978148 0 0.207912 
vn -0.951057 0 0.309017 
vn -0.994522 0 0.104528 
vn -0.978148 0 0.207912 
vn -1 0 0 
vn -0.994522 0 0.104528 
vn 0.994138 0 -0.108119 
vn 1 0 -2.44929e-16 
vn 0.976621 0 -0.21497 
vn 0.994138 0 -0.108119 
vn 0.947653 0 -0.319302 
vn 0.976621 0 -0.21497 
vn 0.907575 0 -0.419889 
vn 0.947653 0 -0.319302 
vn 0.856857 0 -0.515554 
vn 0.907575 0 -0.419889 
vn 0.796093 0 -0.605174 
vn 0.856857 0 -0.515554 
vn 0.725995 0 -0.687699 
vn 0.796093 0 -0.605174 
vn 0.647386 0 -0.762162 
vn 0.725995 0 -0.687699 
vn 0.561187 0 -0.827689 
vn 0.647386 0 -0.762162 
vn 0.468408 0 -0.883512 
vn 0.561187 0 -0.827689 
vn 0.370138 0 -0.928977 
vn 0.382597 0 -0.923915 
vn 0.468408 0 -0.883512 
vn 0.267528 0 -0.96355 
vn 0.370138 0 -0.928977 
vn 0.161782 0 -0.986827 
vn 0.267528 0 -0.96355 
vn 0.0541389 0 -0.998533 
vn 0.161782 0 -0.986827 
vn -0.0541389 0 -0.998533 
vn 0.0541389 0 -0.998533 
vn -0.161782 0 -0.986827 
vn -0.0541389 0 -0.998533 
vn -0.267528 0 -0.96355 
vn -0.161782 0 -0.986827 
vn -0.370138 0 -0.928977 
vn -0.267528 0 -0.96355 
vn -0.468408 0 -0.883512 
vn -0.370138 0 -0.928977 
vn -0.561187 0 -0.827689 
vn -0.468408 0 -0.883512 
vn -0.647386 0 -0.762162 
vn -0.561187 0 -0.827689 
vn -0.725995 0 -0.687699 
vn -0.647386 0 -0.762162 
vn -0.796093 0 -0.605174 
vn -0.725995 0 -0.687699 
vn -0.856857 0 -0.515554 
vn -0.796093 0 -0.605174 
vn -0.907575 0 -0.419889 
vn -0.856857 0 -0.515554 
vn -0.947653 0 -0.319302 
vn -0.907575 0 -0.419889 
vn -0.976621 0 -0.21497 
vn -0.947653 0 -0.319302 
vn -0.994138 0 -0.108119 
vn -0.976621 0 -0.21497 
vn -1 0 1.22465e-16 
vn -0.994138 0 -0.108119 
vn -0.994138 0 0.108119 
vn -1 0 1.22465e-16 
vn -0.976621 0 0.21497 
vn -0.994138 0 0.108119 
vn -0.947653 0 0.319302 
vn -0.976621 0 0.21497 
vn -0.907575 0 0.419889 
vn -0.947653 0 0.319302 
vn -0.856857 0 0.515554 
vn -0.907575 0 0.419889 
vn -0.796093 0 0.605174 
vn -0.856857 0 0.515554 
vn -0.725995 0 0.687699 
vn -0.796093 0 0.605174 
vn -0.647386 0 0.762162 
vn -0.725995 0 0.687699 
vn -0.561187 0 0.827689 
vn -0.647386 0 0.762162 
vn -0.468408 0 0.883512 
vn -0.561187 0 0.827689 
vn -0.370138 0 0.928977 
vn -0.468408 0 0.883512 
vn -0.267528 0 0.96355 
vn -0.370138 0 0.928977 
vn -0.161782 0 0.986827 
vn -0.267528 0 0.96355 
vn -0.0541389 0 0.998533 
vn -0.161782 0 0.986827 
vn 0.0541389 0 0.998533 
vn -0.0541389 0 0.998533 
vn 0.161782 0 0.986827 
vn 0.0541389 0 0.998533 
vn 0.267528 0 0.96355 
vn 0.161782 0 0.986827 
vn 0.370138 0 0.928977 
vn 0.267528 0 0.96355 
vn 0.468408 0 0.883512 
vn 0.382597 0 0.923915 
vn 0.370138 0 0.928977 
vn 0.561187 0 0.827689 
vn 0.468408 0 0.883512 
vn 0.647386 0 0.762162 
vn 0.561187 0 0.827689 
vn 0.725995 0 0.687699 
vn 0.647386 0 0.762162 
vn 0.796093 0 0.605174 
vn 0.725995 0 0.687699 
vn 0.856857 0 0.515554 
vn 0.796093 0 0.605174 
vn 0.907575 0 0.419889 
vn 0.856857 0 0.515554 
vn 0.947653 0 0.319302 
vn 0.907575 0 0.419889 
vn 0.976621 0 0.21497 
vn 0.947653 0 0.319302 
vn 0.994138 0 0.108119 
vn 0.976621 0 0.21497 
vn 0.994138 0 -0.108119 
vn 1 0 -2.44929e-16 
vn 0.976621 0 -0.21497 
vn 0.994138 0 -0.108119 
vn 0.947653 0 -0.319302 
vn 0.976621 0 -0.21497 
vn 0.907575 0 -0.419889 
vn 0.947653 0 -0.319302 
vn 0.856857 0 -0.515554 
vn 0.907575 0 -0.419889 
vn 0.796093 0 -0.605174 
vn 0.856857 0 -0.515554 
vn 0.725995 0 -0.687699 
vn 0.796093 0 -0.605174 
vn 0.647386 0 -0.762162 
vn 0.725995 0 -0.687699 
vn 0.561187 0 -0.827689 
vn 0.647386 0 -0.762162 
vn 0.468408 0 -0.883512 
vn 0.561187 0 -0.827689 
vn 0.370138 0 -0.928977 
vn 0.468408 0 -0.883512 
vn 0.267528 0 -0.96355 
vn 0.370138 0 -0.928977 
vn 0.161782 0 -0.986827 
vn 0.267528 0 -0.96355 
vn 0.0541389 0 -0.998533 
vn 0.161782 0 -0.986827 
vn -0.0541389 0 -0.998533 
vn 0.0541389 0 -0.998533 
vn -0.161782 0 -0.986827 
vn -0.0541389 0 -0.998533 
vn -0.267528 0 -0.96355 
vn -0.161782 0 -0.986827 
vn -0.370138 0 -0.928977 
vn -0.267528 0 -0.96355 
vn -0.468408 0 -0.883512 
vn -0.370138 0 -0.928977 
vn -0.561187 0 -0.827689 
vn -0.468408 0 -0.883512 
vn -0.647386 0 -0.762162 
vn -0.561187 0 -0.827689 
vn -0.725995 0 -0.687699 
vn -0.647386 0 -0.762162 
vn -0.796093 0 -0.605174 
vn -0.725995 0 -0.687699 
vn -0.856857 0 -0.515554 
vn -0.796093 0 -0.605174 
vn -0.907575 0 -0.419889 
vn -0.856857 0 -0.515554 
vn -0.947653 0 -0.319302 
vn -0.907575 0 -0.419889 
vn -0.976621 0 -0.21497 
vn -0.947653 0 -0.319302 
vn -0.994138 0 -0.108119 
vn -0.976621 0 -0.21497 
vn -1 0 1.22465e-16 
vn -0.994138 0 -0.108119 
vn -0.994138 0 0.108119 
vn -1 0 1.22465e-16 
vn -0.976621 0 0.21497 
vn -0.994138 0 0.108119 
vn -0.947653 0 0.319302 
vn -0.976621 0 0.21497 
vn -0.907575 0 0.419889 
vn -0.947653 0 0.319302 
vn -0.856857 0 0.515554 
vn -0.907575 0 0.419889 
vn -0.796093 0 0.605174 
vn -0.856857 0 0.515554 
vn -0.725995 0 0.687699 
vn -0.796093 0 0.605174 
vn -0.647386 0 0.762162 
vn -0.725995 0 0.687699 
vn -0.561187 0 0.827689 
vn -0.647386 0 0.762162 
vn -0.468408 0 0.883512 
vn -0.561187 0 0.827689 
vn -0.370138 0 0.928977 
vn -0.468408 0 0.883512 
vn -0.267528 0 0.96355 
vn -0.370138 0 0.928977 
vn -0.161782 0 0.986827 
vn -0.267528 0 0.96355 
vn -0.0541389 0 0.998533 
vn -0.161782 0 0.986827 
vn 0.0541389 0 0.998533 
vn -0.0541389 0 0.998533 
vn 0.161782 0 0.986827 
vn 0.0541389 0 0.998533 
vn 0.267528 0 0.96355 
vn 0.161782 0 0.986827 
vn 0.370138 0 0.928977 
vn 0.267528 0 0.96355 
vn 0.468408 0 0.883512 
vn 0.370138 0 0.928977 
vn 0.561187 0 0.827689 
vn 0.468408 0 0.883512 
vn 0.647386 0 0.762162 
vn 0.561187 0 0.827689 
vn 0.725995 0 0.687699 
vn 0.647386 0 0.762162 
vn 0.796093 0 0.605174 
vn 0.725995 0 0.687699 
vn 0.856857 0 0.515554 
vn 0.796093 0 0.605174 
vn 0.907575 0 0.419889 
vn 0.856857 0 0.515554 
vn 0.947653 0 0.319302 
vn 0.907575 0 0.419889 
vn 0.976621 0 0.21497 
vn 0.947653 0 0.319302 
vn 0.994138 0 0.108119 
vn 0.976621 0 0.21497 
vn 0.994138 0 -0.108119 
vn 1 0 -2.44929e-16 
vn 0.976621 0 -0.21497 
vn 0.994138 0 -0.108119 
vn 0.947653 0 -0.319302 
vn 0.976621 0 -0.21497 
vn 0.907575 0 -0.419889 
vn 0.947653 0 -0.319302 
vn 0.856857 0 -0.515554 
vn 0.907575 0 -0.419889 
vn 0.796093 0 -0.605174 
vn 0.856857 0 -0.515554 
vn 0.725995 0 -0.687699 
vn 0.796093 0 -0.605174 
vn 0.647386 0 -0.762162 
vn 0.725995 0 -0.687699 
vn 0.561187 0 -0.827689 
vn 0.647386 0 -0.762162 
vn 0.468408 0 -0.883512 
vn 0.561187 0 -0.827689 
vn 0.370138 0 -0.928977 
vn 0.468408 0 -0.883512 
vn 0.267528 0 -0.96355 
vn 0.370138 0 -0.928977 
vn 0.161782 0 -0.986827 
vn 0.267528 0 -0.96355 
vn 0.0541389 0 -0.998533 
vn 0.161782 0 -0.986827 
vn -0.0541389 0 -0.998533 
vn 0.0541389 0 -0.998533 
vn -0.161782 0 -0.986827 
vn -0.0541389 0 -0.998533 
vn -0.267528 0 -0.96355 
vn -0.161782 0 -0.986827 
vn -0.370138 0 -0.928977 
vn -0.267528 0 -0.96355 
vn -0.468408 0 -0.883512 
vn -0.370138 0 -0.928977 
vn -0.561187 0 -0.827689 
vn -0.468408 0 -0.883512 
vn -0.647386 0 -0.762162 
vn -0.561187 0 -0.827689 
vn -0.725995 0 -0.687699 
vn -0.647386 0 -0.762162 
vn -0.796093 0 -0.605174 
vn -0.725995 0 -0.687699 
vn -0.856857 0 -0.515554 
vn -0.796093 0 -0.605174 
vn -0.907575 0 -0.419889 
vn -0.856857 0 -0.515554 
vn -0.947653 0 -0.319302 
vn -0.907575 0 -0.419889 
vn -0.976621 0 -0.21497 
vn -0.947653 0 -0.319302 
vn -0.994138 0 -0.108119 
vn -0.976621 0 -0.21497 
vn -1 0 1.22465e-16 
vn -0.994138 0 -0.108119 
vn -0.994138 0 0.108119 
vn -1 0 1.22465e-16 
vn -0.976621 0 0.21497 
vn -0.994138 0 0.108119 
vn -0.947653 0 0.319302 
vn -0.976621 0 0.21497 
vn -0.907575 0 0.419889 
vn -0.947653 0 0.319302 
vn -0.856857 0 0.515554 
vn -0.907575 0 0.419889 
vn -0.796093 0 0.605174 
vn -0.856857 0 0.515554 
vn -0.725995 0 0.687699 
vn -0.796093 0 0.605174 
vn -0.647386 0 0.762162 
vn -0.725995 0 0.687699 
vn -0.561187 0 0.827689 
vn -0.647386 0 0.762162 
vn -0.468408 0 0.883512 
vn -0.561187 0 0.827689 
vn -0.370138 0 0.928977 
vn -0.468408 0 0.883512 
vn -0.267528 0 0.96355 
vn -0.370138 0 0.928977 
vn -0.161782 0 0.986827 
vn -0.267528 0 0.96355 
vn -0.0541389 0 0.998533 
vn -0.161782 0 0.986827 
vn 0.0541389 0 0.998533 
vn -0.0541389 0 0.998533 
vn 0.161782 0 0.986827 
vn 0.0541389 0 0.998533 
vn 0.267528 0 0.96355 
vn 0.161782 0 0.986827 
vn 0.370138 0 0.928977 
vn 0.267528 0 0.96355 
vn 0.468408 0 0.883512 
vn 0.370138 0 0.928977 
vn 0.561187 0 0.827689 
vn 0.468408 0 0.883512 
vn 0.647386 0 0.762162 
vn 0.561187 0 0.827689 
vn 0.725995 0 0.687699 
vn 0.647386 0 0.762162 
vn 0.796093 0 0.605174 
vn 0.725995 0 0.687699 
vn 0.856857 0 0.515554 
vn 0.796093 0 0.605174 
vn 0.907575 0 0.419889 
vn 0.856857 0 0.515554 
vn 0.947653 0 0.319302 
vn 0.907575 0 0.419889 
vn 0.976621 0 0.21497 
vn 0.947653 0 0.319302 
vn 0.994138 0 0.108119 
vn 0.976621 0 0.21497 
vn 0.994138 0 -0.108119 
vn 1 0 -2.44929e-16 
vn 0.976621 0 -0.21497 
vn 0.994138 0 -0.108119 
vn 0.947653 0 -0.319302 
vn 0.976621 0 -0.21497 
vn 0.907575 0 -0.419889 
vn 0.947653 0 -0.319302 
vn 0.856857 0 -0.515554 
vn 0.907575 0 -0.419889 
vn 0.796093 0 -0.605174 
vn 0.856857 0 -0.515554 
vn 0.725995 0 -0.687699 
vn 0.796093 0 -0.605174 
vn 0.647386 0 -0.762162 
vn 0.725995 0 -0.687699 
vn 0.561187 0 -0.827689 
vn 0.647386 0 -0.762162 
vn 0.468408 0 -0.883512 
vn 0.561187 0 -0.827689 
vn 0.370138 0 -0.928977 
vn 0.468408 0 -0.883512 
vn 0.267528 0 -0.96355 
vn 0.370138 0 -0.928977 
vn 0.161782 0 -0.986827 
vn 0.267528 0 -0.96355 
vn 0.0541389 0 -0.998533 
vn 0.161782 0 -0.986827 
vn -0.0541389 0 -0.998533 
vn 0.0541389 0 -0.998533 
vn -0.161782 0 -0.986827 
vn -0.0541389 0 -0.998533 
vn -0.267528 0 -0.96355 
vn -0.161782 0 -0.986827 
vn -0.370138 0 -0.928977 
vn -0.267528 0 -0.96355 
vn -0.468408 0 -0.883512 
vn -0.370138 0 -0.928977 
vn -0.561187 0 -0.827689 
vn -0.468408 0 -0.883512 
vn -0.647386 0 -0.762162 
vn -0.561187 0 -0.827689 
vn -0.725995 0 -0.687699 
vn -0.647386 0 -0.762162 
vn -0.796093 0 -0.605174 
vn -0.725995 0 -0.687699 
vn -0.856857 0 -0.515554 
vn -0.796093 0 -0.605174 
vn -0.907575 0 -0.419889 
vn -0.856857 0 -0.515554 
vn -0.947653 0 -0.319302 
vn -0.907575 0 -0.419889 
vn -0.976621 0 -0.21497 
vn -0.947653 0 -0.319302 
vn -0.994138 0 -0.108119 
vn -0.976621 0 -0.21497 
vn -1 0 1.22465e-16 
vn -0.994138 0 -0.108119 
vn -0.994138 0 0.108119 
vn -1 0 1.22465e-16 
vn -0.976621 0 0.21497 
vn -0.994138 0 0.108119 
vn -0.947653 0 0.319302 
vn -0.976621 0 0.21497 
vn -0.907575 0 0.419889 
vn -0.947653 0 0.319302 
vn -0.856857 0 0.515554 
vn -0.907575 0 0.419889 
vn -0.796093 0 0.605174 
vn -0.856857 0 0.515554 
vn -0.725995 0 0.687699 
vn -0.796093 0 0.605174 
vn -0.647386 0 0.762162 
vn -0.725995 0 0.687699 
vn -0.561187 0 0.827689 
vn -0.647386 0 0.762162 
vn -0.468408 0 0.883512 
vn -0.561187 0 0.827689 
vn -0.370138 0 0.928977 
vn -0.468408 0 0.883512 
vn -0.267528 0 0.96355 
vn -0.370138 0 0.928977 
vn -0.161782 0 0.986827 
vn -0.267528 0 0.96355 
vn -0.0541389 0 0.998533 
vn -0.161782 0 0.986827 
vn 0.0541389 0 0.998533 
vn -0.0541389 0 0.998533 
vn 0.161782 0 0.986827 
vn 0.0541389 0 0.998533 
vn 0.267528 0 0.96355 
vn 0.161782 0 0.986827 
vn 0.370138 0 0.928977 
vn 0.267528 0 0.96355 
vn 0.468408 0 0.883512 
vn 0.370138 0 0.928977 
vn 0.561187 0 0.827689 
vn 0.468408 0 0.883512 
vn 0.647386 0 0.762162 
vn 0.561187 0 0.827689 
vn 0.725995 0 0.687699 
vn 0.647386 0 0.762162 
vn 0.796093 0 0.605174 
vn 0.725995 0 0.687699 
vn 0.856857 0 0.515554 
vn 0.796093 0 0.605174 
vn 0.907575 0 0.419889 
vn 0.856857 0 0.515554 
vn 0.947653 0 0.319302 
vn 0.907575 0 0.419889 
vn 0.976621 0 0.21497 
vn 0.947653 0 0.319302 
vn 0.994138 0 0.108119 
vn 0.976621 0 0.21497 
vn 0.994138 0 -0.108119 
vn 1 0 -2.44929e-16 
vn 0.976621 0 -0.21497 
vn 0.994138 0 -0.108119 
vn 0.947653 0 -0.319302 
vn 0.976621 0 -0.21497 
vn 0.907575 0 -0.419889 
vn 0.947653 0 -0.319302 
vn 0.856857 0 -0.515554 
vn 0.907575 0 -0.419889 
vn 0.796093 0 -0.605174 
vn 0.856857 0 -0.515554 
vn 0.725995 0 -0.687699 
vn 0.796093 0 -0.605174 
vn 0.647386 0 -0.762162 
vn 0.725995 0 -0.687699 
vn 0.561187 0 -0.827689 
vn 0.647386 0 -0.762162 
vn 0.468408 0 -0.883512 
vn 0.561187 0 -0.827689 
vn 0.370138 0 -0.928977 
vn 0.382597 0 -0.923915 
vn 0.468408 0 -0.883512 
vn 0.267528 0 -0.96355 
vn 0.370138 0 -0.928977 
vn 0.161782 0 -0.986827 
vn 0.267528 0 -0.96355 
vn 0.0541389 0 -0.998533 
vn 0.161782 0 -0.986827 
vn -0.0541389 0 -0.998533 
vn 0.0541389 0 -0.998533 
vn -0.161782 0 -0.986827 
vn -0.0541389 0 -0.998533 
vn -0.267528 0 -0.96355 
vn -0.161782 0 -0.986827 
vn -0.370138 0 -0.928977 
vn -0.267528 0 -0.96355 
vn -0.468408 0 -0.883512 
vn -0.370138 0 -0.928977 
vn -0.561187 0 -0.827689 
vn -0.468408 0 -0.883512 
vn -0.647386 0 -0.762162 
vn -0.561187 0 -0.827689 
vn -0.725995 0 -0.687699 
vn -0.647386 0 -0.762162 
vn -0.796093 0 -0.605174 
vn -0.725995 0 -0.687699 
vn -0.856857 0 -0.515554 
vn -0.796093 0 -0.605174 
vn -0.907575 0 -0.419889 
vn -0.856857 0 -0.515554 
vn -0.947653 0 -0.319302 
vn -0.907575 0 -0.419889 
vn -0.976621 0 -0.21497 
vn -0.947653 0 -0.319302 
vn -0.994138 0 -0.108119 
vn -0.976621 0 -0.21497 
vn -1 0 1.22465e-16 
vn -0.994138 0 -0.108119 
vn -0.994138 0 0.108119 
vn -1 0 1.22465e-16 
vn -0.976621 0 0.21497 
vn -0.994138 0 0.108119 
vn -0.947653 0 0.319302 
vn -0.976621 0 0.21497 
vn -0.907575 0 0.419889 
vn -0.947653 0 0.319302 
vn -0.856857 0 0.515554 
vn -0.907575 0 0.419889 
vn -0.796093 0 0.605174 
vn -0.856857 0 0.515554 
vn -0.725995 0 0.687699 
vn -0.796093 0 0.605174 
vn -0.647386 0 0.762162 
vn -0.725995 0 0.687699 
vn -0.561187 0 0.827689 
vn -0.647386 0 0.762162 
vn -0.468408 0 0.883512 
vn -0.561187 0 0.827689 
vn -0.370138 0 0.928977 
vn -0.468408 0 0.883512 
vn -0.267528 0 0.96355 
vn -0.370138 0 0.928977 
vn -0.161782 0 0.986827 
vn -0.267528 0 0.96355 
vn -0.0541389 0 0.998533 
vn -0.161782 0 0.986827 
vn 0.0541389 0 0.998533 
vn -0.0541389 0 0.998533 
vn 0.161782 0 0.986827 
vn 0.0541389 0 0.998533 
vn 0.267528 0 0.96355 
vn 0.161782 0 0.986827 
vn 0.370138 0 0.928977 
vn 0.267528 0 0.96355 
vn 0.468408 0 0.883512 
vn 0.382597 0 0.923915 
vn 0.370138 0 0.928977 
vn 0.561187 0 0.827689 
vn 0.468408 0 0.883512 
vn 0.647386 0 0.762162 
vn 0.561187 0 0.827689 
vn 0.725995 0 0.687699 
vn 0.647386 0 0.762162 
vn 0.796093 0 0.605174 
vn 0.725995 0 0.687699 
vn 0.856857 0 0.515554 
vn 0.796093 0 0.605174 
vn 0.907575 0 0.419889 
vn 0.856857 0 0.515554 
vn 0.947653 0 0.319302 
vn 0.907575 0 0.419889 
vn 0.976621 0 0.21497 
vn 0.947653 0 0.319302 
vn 0.994138 0 0.108119 
vn 0.976621 0 0.21497 
vn 0.994138 0 -0.108119 
vn 1 0 -2.44929e-16 
vn 0.976621 0 -0.21497 
vn 0.994138 0 -0.108119 
vn 0.947653 0 -0.319302 
vn 0.976621 0 -0.21497 
vn 0.907575 0 -0.419889 
vn 0.947653 0 -0.319302 
vn 0.856857 0 -0.515554 
vn 0.907575 0 -0.419889 
vn 0.796093 0 -0.605174 
vn 0.856857 0 -0.515554 
vn 0.725995 0 -0.687699 
vn 0.796093 0 -0.605174 
vn 0.647386 0 -0.762162 
vn 0.725995 0 -0.687699 
vn 0.561187 0 -0.827689 
vn 0.647386 0 -0.762162 
vn 0.468408 0 -0.883512 
vn 0.561187 0 -0.827689 
vn 0.370138 0 -0.928977 
vn 0.468408 0 -0.883512 
vn 0.267528 0 -0.96355 
vn 0.370138 0 -0.928977 
vn 0.161782 0 -0.986827 
vn 0.267528 0 -0.96355 
vn 0.0541389 0 -0.998533 
vn 0.161782 0 -0.986827 
vn -0.0541389 0 -0.998533 
vn 0.0541389 0 -0.998533 
vn -0.161782 0 -0.986827 
vn -0.0541389 0 -0.998533 
vn -0.267528 0 -0.96355 
vn -0.161782 0 -0.986827 
vn -0.370138 0 -0.928977 
vn -0.309963 0 -0.950748 
vn -0.267528 0 -0.96355 
vn -0.468408 0 -0.883512 
vn -0.370138 0 -0.928977 
vn -0.561187 0 -0.827689 
vn -0.468408 0 -0.883512 
vn -0.647386 0 -0.762162 
vn -0.561187 0 -0.827689 
vn -0.725995 0 -0.687699 
vn -0.647386 0 -0.762162 
vn -0.796093 0 -0.605174 
vn -0.725995 0 -0.687699 
vn -0.856857 0 -0.515554 
vn -0.796093 0 -0.605174 
vn -0.907575 0 -0.419889 
vn -0.856857 0 -0.515554 
vn -0.947653 0 -0.319302 
vn -0.907575 0 -0.419889 
vn -0.976621 0 -0.21497 
vn -0.947653 0 -0.319302 
vn -0.994138 0 -0.108119 
vn -0.976621 0 -0.21497 
vn -1 0 1.22465e-16 
vn -0.994138 0 -0.108119 
vn -0.994138 0 0.108119 
vn -1 0 1.22465e-16 
vn -0.976621 0 0.21497 
vn -0.994138 0 0.108119 
vn -0.947653 0 0.319302 
vn -0.976621 0 0.21497 
vn -0.907575 0 0.419889 
vn -0.947653 0 0.319302 
vn -0.856857 0 0.515554 
vn -0.907575 0 0.419889 
vn -0.796093 0 0.605174 
vn -0.856857 0 0.515554 
vn -0.725995 0 0.687699 
vn -0.796093 0 0.605174 
vn -0.647386 0 0.762162 
vn -0.725995 0 0.687699 
vn -0.561187 0 0.827689 
vn -0.647386 0 0.762162 
vn -0.468408 0 0.883512 
vn -0.561187 0 0.827689 
vn -0.370138 0 0.928977 
vn -0.468408 0 0.883512 
vn -0.267528 0 0.96355 
vn -0.309963 0 0.950748 
vn -0.370138 0 0.928977 
vn -0.161782 0 0.986827 
vn -0.267528 0 0.96355 
vn -0.0541389 0 0.998533 
vn -0.161782 0 0.986827 
vn 0.0541389 0 0.998533 
vn -0.0541389 0 0.998533 
vn 0.161782 0 0.986827 
vn 0.0541389 0 0.998533 
vn 0.267528 0 0.96355 
vn 0.161782 0 0.986827 
vn 0.370138 0 0.928977 
vn 0.267528 0 0.96355 
vn 0.468408 0 0.883512 
vn 0.370138 0 0.928977 
vn 0.561187 0 0.827689 
vn 0.468408 0 0.883512 
vn 0.647386 0 0.762162 
vn 0.561187 0 0.827689 
vn 0.725995 0 0.687699 
vn 0.647386 0 0.762162 
vn 0.796093 0 0.605174 
vn 0.725995 0 0.687699 
vn 0.856857 0 0.515554 
vn 0.796093 0 0.605174 
vn 0.907575 0 0.419889 
vn 0.856857 0 0.515554 
vn 0.947653 0 0.319302 
vn 0.907575 0 0.419889 
vn 0.976621 0 0.21497 
vn 0.947653 0 0.319302 
vn 0.994138 0 0.108119 
vn 0.976621 0 0.21497 
vn 0.994138 0 -0.108119 
vn 1 0 -2.44929e-16 
vn 0.976621 0 -0.21497 
vn 0.994138 0 -0.108119 
vn 0.947653 0 -0.319302 
vn 0.976621 0 -0.21497 
vn 0.907575 0 -0.419889 
vn 0.947653 0 -0.319302 
vn 0.856857 0 -0.515554 
vn 0.907575 0 -0.419889 
vn 0.796093 0 -0.605174 
vn 0.856857 0 -0.515554 
vn 0.725995 0 -0.687699 
vn 0.796093 0 -0.605174 
vn 0.647386 0 -0.762162 
vn 0.725995 0 -0.687699 
vn 0.561187 0 -0.827689 
vn 0.647386 0 -0.762162 
vn 0.468408 0 -0.883512 
vn 0.561187 0 -0.827689 
vn 0.370138 0 -0.928977 
vn 0.468408 0 -0.883512 
vn 0.267528 0 -0.96355 
vn 0.370138 0 -0.928977 
vn 0.161782 0 -0.986827 
vn 0.267528 0 -0.96355 
vn 0.0541389 0 -0.998533 
vn 0.161782 0 -0.986827 
vn -0.0541389 0 -0.998533 
vn 0.0541389 0 -0.998533 
vn -0.161782 0 -0.986827 
vn -0.0541389 0 -0.998533 
vn -0.267528 0 -0.96355 
vn -0.161782 0 -0.986827 
vn -0.370138 0 -0.928977 
vn -0.309963 0 -0.950748 
vn -0.267528 0 -0.96355 
vn -0.468408 0 -0.883512 
vn -0.370138 0 -0.928977 
vn -0.561187 0 -0.827689 
vn -0.468408 0 -0.883512 
vn -0.647386 0 -0.762162 
vn -0.561187 0 -0.827689 
vn -0.725995 0 -0.687699 
vn -0.647386 0 -0.762162 
vn -0.796093 0 -0.605174 
vn -0.725995 0 -0.687699 
vn -0.856857 0 -0.515554 
vn -0.796093 0 -0.605174 
vn -0.907575 0 -0.419889 
vn -0.856857 0 -0.515554 
vn -0.947653 0 -0.319302 
vn -0.907575 0 -0.419889 
vn -0.976621 0 -0.21497 
vn -0.947653 0 -0.319302 
vn -0.994138 0 -0.108119 
vn -0.976621 0 -0.21497 
vn -1 0 1.22465e-16 
vn -0.994138 0 -0.108119 
vn -0.994138 0 0.108119 
vn -1 0 1.22465e-16 
vn -0.976621 0 0.21497 
vn -0.994138 0 0.108119 
vn -0.947653 0 0.319302 
vn -0.976621 0 0.21497 
vn -0.907575 0 0.419889 
vn -0.947653 0 0.319302 
vn -0.856857 0 0.515554 
vn -0.907575 0 0.419889 
vn -0.796093 0 0.605174 
vn -0.856857 0 0.515554 
vn -0.725995 0 0.687699 
vn -0.796093 0 0.605174 
vn -0.647386 0 0.762162 
vn -0.725995 0 0.687699 
vn -0.561187 0 0.827689 
vn -0.647386 0 0.762162 
vn -0.468408 0 0.883512 
vn -0.561187 0 0.827689 
vn -0.370138 0 0.928977 
vn -0.468408 0 0.883512 
vn -0.267528 0 0.96355 
vn -0.309963 0 0.950748 
vn -0.370138 0 0.928977 
vn -0.161782 0 0.986827 
vn -0.267528 0 0.96355 
vn -0.0541389 0 0.998533 
vn -0.161782 0 0.986827 
vn 0.0541389 0 0.998533 
vn -0.0541389 0 0.998533 
vn 0.161782 0 0.986827 
vn 0.0541389 0 0.998533 
vn 0.267528 0 0.96355 
vn 0.161782 0 0.986827 
vn 0.370138 0 0.928977 
vn 0.267528 0 0.96355 
vn 0.468408 0 0.883512 
vn 0.370138 0 0.928977 
vn 0.561187 0 0.827689 
vn 0.468408 0 0.883512 
vn 0.647386 0 0.762162 
vn 0.561187 0 0.827689 
vn 0.725995 0 0.687699 
vn 0.647386 0 0.762162 
vn 0.796093 0 0.605174 
vn 0.725995 0 0.687699 
vn 0.856857 0 0.515554 
vn 0.796093 0 0.605174 
vn 0.907575 0 0.419889 
vn 0.856857 0 0.515554 
vn 0.947653 0 0.319302 
vn 0.907575 0 0.419889 
vn 0.976621 0 0.21497 
vn 0.947653 0 0.319302 
vn 0.994138 0 0.108119 
vn 0.976621 0 0.21497 
usemtl 0.615686_0.811765_0.929412_0.000000_0.000000
o mesh0
f 1//1 2//2 3//2 
f 4//3 1//1 5//4 
f 6//5 4//3 7//6 
f 8//7 6//5 9//8 
f 10//9 8//7 11//10 
f 12//11 10//9 13//12 
f 14//13 12//11 15//14 
f 16//15 14//13 17//16 
f 18//17 16//15 19//18 
f 20//19 18//17 21//20 
f 22//21 23//22 24//22 
f 25//23 24//22 23//22 
f 23//22 20//19 25//23 
f 26//24 22//21 27//25 
f 28//26 26//24 29//27 
f 30//28 28//26 31//29 
f 32//30 30//28 33//31 
f 34//32 32//30 35//33 
f 36//34 34//32 37//35 
f 38//36 36//34 39//37 
f 40//38 38//36 41//39 
f 42//40 40//38 43//41 
f 44//42 42//40 45//43 
f 46//44 44//42 47//45 
f 48//46 46//44 49//47 
f 50//48 48//46 51//49 
f 52//50 50//48 53//51 
f 54//52 52//50 55//53 
f 56//54 54//52 57//55 
f 58//56 56//54 59//57 
f 60//58 58//56 61//59 
f 62//60 60//58 63//61 
f 64//62 62//60 65//63 
f 66//64 64//62 67//65 
f 68//66 66//64 69//67 
f 70//68 68//66 71//69 
f 72//70 70//68 73//71 
f 74//72 72//70 75//73 
f 76//74 74//72 77//75 
f 78//76 76//74 79//77 
f 80//78 78//76 81//79 
f 82//80 80//78 83//81 
f 84//82 82//80 85//83 
f 86//84 84//82 87//85 
f 88//86 86//84 89//87 
f 90//88 88//86 91//89 
f 92//90 90//88 93//91 
f 94//92 92//90 95//93 
f 96//94 94//92 97//95 
f 98//96 99//97 100//97 
f 101//98 100//97 99//97 
f 99//97 96//94 101//98 
f 102//99 98//96 103//100 
f 104//101 102//99 105//102 
f 106//103 104//101 107//104 
f 108//105 106//103 109//106 
f 110//107 108//105 111//108 
f 112//109 110//107 113//110 
f 114//111 112//109 115//112 
f 116//113 114//111 117//114 
f 118//115 116//113 119//116 
f 2//2 118//115 120//115 
f 120//115 3//2 2//2 
f 119//116 120//115 118//115 
f 117//114 119//116 116//113 
f 115//112 117//114 114//111 
f 113//110 115//112 112//109 
f 111//108 113//110 110//107 
f 109//106 111//108 108//105 
f 107//104 109//106 106//103 
f 105//102 107//104 104//101 
f 103//100 105//102 102//99 
f 100//97 103//100 98//96 
f 97//95 101//98 96//94 
f 95//93 97//95 94//92 
f 93//91 95//93 92//90 
f 91//89 93//91 90//88 
f 89//87 91//89 88//86 
f 87//85 89//87 86//84 
f 85//83 87//85 84//82 
f 83//81 85//83 82//80 
f 81//79 83//81 80//78 
f 79//77 81//79 78//76 
f 77//75 79//77 76//74 
f 75//73 77//75 74//72 
f 73//71 75//73 72//70 
f 71//69 73//71 70//68 
f 69//67 71//69 68//66 
f 67//65 69//67 66//64 
f 65//63 67//65 64//62 
f 63//61 65//63 62//60 
f 61//59 63//61 60//58 
f 59//57 61//59 58//56 
f 57//55 59//57 56//54 
f 55//53 57//55 54//52 
f 53//51 55//53 52//50 
f 51//49 53//51 50//48 
f 49//47 51//49 48//46 
f 47//45 49//47 46//44 
f 45//43 47//45 44//42 
f 43//41 45//43 42//40 
f 41//39 43//41 40//38 
f 39//37 41//39 38//36 
f 37//35 39//37 36//34 
f 35//33 37//35 34//32 
f 33//31 35//33 32//30 
f 31//29 33//31 30//28 
f 29//27 31//29 28//26 
f 27//25 29//27 26//24 
f 24//22 27//25 22//21 
f 21//20 25//23 20//19 
f 19//18 21//20 18//17 
f 17//16 19//18 16//15 
f 15//14 17//16 14//13 
f 13//12 15//14 12//11 
f 11//10 13//12 10//9 
f 9//8 11//10 8//7 
f 7//6 9//8 6//5 
f 5//4 7//6 4//3 
f 3//2 5//4 1//1 
o mesh1
f 121//117 122//117 702//117 
f 703//117 704//117 705//117 
f 706//117 123//117 124//117 
f 707//117 708//117 709//117 
f 710//117 711//117 712//117 
f 711//117 713//117 714//117 
f 715//117 712//117 716//117 
f 712//117 714//117 717//117 
f 718//117 716//117 125//117 
f 702//117 126//117 127//117 
f 702//117 128//117 129//117 
f 127//117 130//117 702//117 
f 130//117 128//117 702//117 
f 702//117 122//117 126//117 
f 719//117 131//117 132//117 
f 132//117 133//117 719//117 
f 719//117 134//117 135//117 
f 719//117 136//117 137//117 
f 135//117 131//117 719//117 
f 719//117 129//117 136//117 
f 137//117 134//117 719//117 
f 719//117 138//117 139//117 
f 719//117 140//117 138//117 
f 139//117 141//117 719//117 
f 720//117 719//117 142//117 
f 719//117 143//117 140//117 
f 141//117 142//117 719//117 
f 713//117 144//117 145//117 
f 713//117 146//117 144//117 
f 721//117 147//117 146//117 
f 146//117 713//117 721//117 
f 713//117 148//117 149//117 
f 713//117 150//117 151//117 
f 151//117 148//117 713//117 
f 714//117 152//117 153//117 
f 714//117 154//117 155//117 
f 714//117 156//117 157//117 
f 714//117 158//117 159//117 
f 155//117 152//117 714//117 
f 159//117 156//117 714//117 
f 714//117 149//117 154//117 
f 153//117 158//117 714//117 
f 716//117 160//117 161//117 
f 717//117 162//117 160//117 
f 160//117 716//117 717//117 
f 717//117 163//117 162//117 
f 161//117 164//117 716//117 
f 718//117 165//117 166//117 
f 166//117 167//117 718//117 
f 715//117 168//117 169//117 
f 715//117 170//117 171//117 
f 715//117 172//117 173//117 
f 171//117 168//117 715//117 
f 715//117 174//117 175//117 
f 715//117 176//117 177//117 
f 715//117 178//117 179//117 
f 715//117 180//117 181//117 
f 167//117 182//117 183//117 
f 715//117 184//117 185//117 
f 169//117 172//117 715//117 
f 177//117 174//117 715//117 
f 715//117 186//117 178//117 
f 181//117 187//117 715//117 
f 167//117 188//117 189//117 
f 183//117 190//117 167//117 
f 191//117 192//117 167//117 
f 193//117 191//117 194//117 
f 195//117 193//117 196//117 
f 197//117 198//117 199//117 
f 715//117 200//117 184//117 
f 175//117 170//117 715//117 
f 187//117 186//117 715//117 
f 190//117 188//117 167//117 
f 167//117 201//117 202//117 
f 167//117 194//117 191//117 
f 196//117 197//117 195//117 
f 197//117 203//117 204//117 
f 199//117 205//117 197//117 
f 715//117 206//117 207//117 
f 715//117 208//117 200//117 
f 179//117 176//117 715//117 
f 167//117 209//117 182//117 
f 167//117 210//117 201//117 
f 194//117 196//117 193//117 
f 197//117 211//117 212//117 
f 204//117 213//117 197//117 
f 205//117 214//117 197//117 
f 197//117 215//117 216//117 
f 207//117 217//117 715//117 
f 173//117 208//117 715//117 
f 715//117 218//117 219//117 
f 718//117 220//117 218//117 
f 167//117 221//117 222//117 
f 202//117 209//117 167//117 
f 212//117 195//117 197//117 
f 214//117 203//117 197//117 
f 197//117 223//117 215//117 
f 185//117 206//117 715//117 
f 218//117 715//117 718//117 
f 222//117 718//117 167//117 
f 192//117 210//117 167//117 
f 216//117 198//117 197//117 
f 219//117 180//117 715//117 
f 167//117 224//117 221//117 
f 213//117 211//117 197//117 
f 222//117 220//117 718//117 
f 189//117 225//117 167//117 
f 197//117 715//117 226//117 
f 225//117 224//117 167//117 
f 226//117 227//117 197//117 
f 227//117 223//117 197//117 
f 217//117 228//117 715//117 
f 229//117 722//117 230//117 
f 231//117 232//117 233//117 
f 234//117 233//117 235//117 
f 230//117 231//117 229//117 
f 231//117 230//117 232//117 
f 235//117 236//117 237//117 
f 722//117 238//117 239//117 
f 233//117 240//117 231//117 
f 235//117 237//117 234//117 
f 722//117 241//117 238//117 
f 234//117 240//117 233//117 
f 242//117 243//117 244//117 
f 229//117 241//117 722//117 
f 235//117 245//117 246//117 
f 247//117 248//117 249//117 
f 244//117 250//117 242//117 
f 251//117 252//117 250//117 
f 723//117 253//117 254//117 
f 722//117 255//117 256//117 
f 722//117 257//117 258//117 
f 722//117 259//117 260//117 
f 235//117 261//117 236//117 
f 235//117 262//117 245//117 
f 235//117 249//117 263//117 
f 247//117 264//117 248//117 
f 250//117 252//117 242//117 
f 250//117 265//117 251//117 
f 266//117 251//117 267//117 
f 723//117 268//117 269//117 
f 723//117 270//117 271//117 
f 254//117 272//117 723//117 
f 722//117 273//117 274//117 
f 256//117 275//117 722//117 
f 260//117 257//117 722//117 
f 246//117 261//117 235//117 
f 249//117 235//117 247//117 
f 247//117 244//117 276//117 
f 244//117 277//117 278//117 
f 265//117 267//117 251//117 
f 723//117 279//117 266//117 
f 269//117 280//117 723//117 
f 271//117 281//117 723//117 
f 272//117 282//117 723//117 
f 723//117 274//117 283//117 
f 722//117 284//117 273//117 
f 258//117 255//117 722//117 
f 263//117 262//117 235//117 
f 276//117 285//117 247//117 
f 244//117 286//117 287//117 
f 278//117 288//117 244//117 
f 243//117 289//117 244//117 
f 280//117 279//117 723//117 
f 282//117 270//117 723//117 
f 274//117 723//117 722//117 
f 239//117 259//117 722//117 
f 287//117 276//117 244//117 
f 289//117 277//117 244//117 
f 281//117 268//117 723//117 
f 275//117 284//117 722//117 
f 247//117 290//117 291//117 
f 288//117 286//117 244//117 
f 283//117 253//117 723//117 
f 247//117 292//117 293//117 
f 247//117 294//117 295//117 
f 285//117 290//117 247//117 
f 293//117 264//117 247//117 
f 291//117 294//117 247//117 
f 295//117 292//117 247//117 
f 121//117 296//117 297//117 
f 121//117 298//117 299//117 
f 121//117 300//117 301//117 
f 299//117 296//117 121//117 
f 121//117 302//117 303//117 
f 121//117 304//117 305//117 
f 121//117 306//117 307//117 
f 121//117 308//117 309//117 
f 310//117 311//117 312//117 
f 297//117 300//117 121//117 
f 305//117 302//117 121//117 
f 121//117 313//117 306//117 
f 309//117 314//117 121//117 
f 315//117 316//117 317//117 
f 315//117 318//117 319//117 
f 310//117 320//117 311//117 
f 121//117 321//117 320//117 
f 303//117 298//117 121//117 
f 314//117 313//117 121//117 
f 319//117 316//117 315//117 
f 315//117 322//117 323//117 
f 315//117 324//117 325//117 
f 315//117 326//117 327//117 
f 315//117 328//117 329//117 
f 315//117 330//117 331//117 
f 315//117 332//117 333//117 
f 315//117 334//117 335//117 
f 310//117 336//117 337//117 
f 320//117 310//117 121//117 
f 307//117 304//117 121//117 
f 323//117 318//117 315//117 
f 315//117 338//117 324//117 
f 329//117 326//117 315//117 
f 315//117 339//117 340//117 
f 331//117 341//117 315//117 
f 333//117 342//117 315//117 
f 315//117 343//117 334//117 
f 337//117 344//117 310//117 
f 301//117 321//117 121//117 
f 121//117 345//117 346//117 
f 724//117 347//117 345//117 
f 325//117 322//117 315//117 
f 340//117 328//117 315//117 
f 342//117 330//117 315//117 
f 335//117 348//117 315//117 
f 312//117 336//117 310//117 
f 345//117 121//117 724//117 
f 724//117 349//117 350//117 
f 315//117 351//117 349//117 
f 327//117 338//117 315//117 
f 348//117 332//117 315//117 
f 343//117 352//117 353//117 
f 343//117 315//117 354//117 
f 346//117 308//117 121//117 
f 349//117 724//117 315//117 
f 341//117 339//117 315//117 
f 354//117 352//117 343//117 
f 350//117 347//117 724//117 
f 317//117 355//117 315//117 
f 310//117 356//117 343//117 
f 355//117 351//117 315//117 
f 310//117 357//117 356//117 
f 353//117 310//117 343//117 
f 344//117 358//117 310//117 
f 703//117 20//117 23//117 
f 703//117 16//117 18//117 
f 724//117 98//117 102//117 
f 724//117 702//117 99//117 
f 18//117 20//117 703//117 
f 703//117 12//117 14//117 
f 703//117 8//117 10//117 
f 724//117 2//117 1//117 
f 724//117 108//117 110//117 
f 724//117 104//117 106//117 
f 99//117 98//117 724//117 
f 14//117 16//117 703//117 
f 703//117 6//117 8//117 
f 1//117 703//117 724//117 
f 724//117 116//117 118//117 
f 110//117 112//117 724//117 
f 102//117 104//117 724//117 
f 10//117 12//117 703//117 
f 1//117 4//117 703//117 
f 724//117 114//117 116//117 
f 106//117 108//117 724//117 
f 4//117 6//117 703//117 
f 112//117 114//117 724//117 
f 118//117 2//117 724//117 
f 702//117 88//117 90//117 
f 702//117 719//117 84//117 
f 719//117 76//117 78//117 
f 720//117 40//117 42//117 
f 720//117 704//117 32//117 
f 702//117 86//117 88//117 
f 719//117 82//117 84//117 
f 78//117 80//117 719//117 
f 720//117 38//117 40//117 
f 720//117 34//117 36//117 
f 704//117 30//117 32//117 
f 90//117 92//117 702//117 
f 80//117 82//117 719//117 
f 36//117 38//117 720//117 
f 704//117 28//117 30//117 
f 704//117 23//117 22//117 
f 702//117 94//117 96//117 
f 84//117 86//117 702//117 
f 32//117 34//117 720//117 
f 22//117 26//117 704//117 
f 92//117 94//117 702//117 
f 719//117 72//117 74//117 
f 719//117 68//117 70//117 
f 720//117 56//117 58//117 
f 720//117 50//117 52//117 
f 720//117 44//117 46//117 
f 26//117 28//117 704//117 
f 74//117 76//117 719//117 
f 719//117 66//117 68//117 
f 719//117 60//117 62//117 
f 58//117 719//117 720//117 
f 720//117 48//117 50//117 
f 42//117 44//117 720//117 
f 70//117 72//117 719//117 
f 62//117 64//117 719//117 
f 720//117 54//117 56//117 
f 46//117 48//117 720//117 
f 64//117 66//117 719//117 
f 52//117 54//117 720//117 
f 58//117 60//117 719//117 
f 708//117 359//117 360//117 
f 725//117 361//117 362//117 
f 725//117 705//117 363//117 
f 360//117 364//117 708//117 
f 708//117 365//117 366//117 
f 708//117 367//117 368//117 
f 707//117 369//117 370//117 
f 725//117 371//117 369//117 
f 725//117 372//117 373//117 
f 725//117 374//117 375//117 
f 363//117 361//117 725//117 
f 366//117 359//117 708//117 
f 368//117 376//117 708//117 
f 370//117 708//117 707//117 
f 725//117 377//117 371//117 
f 373//117 378//117 725//117 
f 362//117 374//117 725//117 
f 376//117 365//117 708//117 
f 370//117 379//117 708//117 
f 725//117 380//117 377//117 
f 375//117 372//117 725//117 
f 379//117 367//117 708//117 
f 378//117 380//117 725//117 
f 369//117 707//117 725//117 
f 726//117 381//117 382//117 
f 705//117 383//117 384//117 
f 705//117 385//117 386//117 
f 726//117 387//117 381//117 
f 705//117 388//117 383//117 
f 386//117 389//117 705//117 
f 726//117 390//117 387//117 
f 726//117 391//117 392//117 
f 705//117 393//117 388//117 
f 389//117 394//117 705//117 
f 726//117 395//117 390//117 
f 392//117 396//117 726//117 
f 394//117 393//117 705//117 
f 705//117 397//117 398//117 
f 726//117 399//117 400//117 
f 396//117 395//117 726//117 
f 398//117 385//117 705//117 
f 726//117 401//117 402//117 
f 382//117 399//117 726//117 
f 384//117 403//117 705//117 
f 705//117 404//117 405//117 
f 705//117 406//117 407//117 
f 706//117 408//117 409//117 
f 726//117 410//117 408//117 
f 726//117 411//117 412//117 
f 400//117 401//117 726//117 
f 708//117 413//117 391//117 
f 405//117 397//117 705//117 
f 407//117 414//117 705//117 
f 409//117 705//117 706//117 
f 726//117 415//117 410//117 
f 412//117 416//117 726//117 
f 391//117 726//117 708//117 
f 414//117 404//117 705//117 
f 409//117 417//117 705//117 
f 726//117 418//117 415//117 
f 402//117 411//117 726//117 
f 417//117 406//117 705//117 
f 416//117 418//117 726//117 
f 408//117 706//117 726//117 
f 710//117 419//117 420//117 
f 710//117 421//117 419//117 
f 727//117 422//117 423//117 
f 727//117 709//117 424//117 
f 420//117 711//117 710//117 
f 710//117 425//117 426//117 
f 710//117 427//117 428//117 
f 710//117 727//117 429//117 
f 727//117 430//117 431//117 
f 727//117 432//117 433//117 
f 424//117 422//117 727//117 
f 426//117 421//117 710//117 
f 710//117 434//117 427//117 
f 710//117 435//117 436//117 
f 429//117 437//117 710//117 
f 431//117 438//117 727//117 
f 423//117 432//117 727//117 
f 428//117 425//117 710//117 
f 436//117 439//117 710//117 
f 727//117 440//117 429//117 
f 433//117 430//117 727//117 
f 439//117 434//117 710//117 
f 438//117 440//117 727//117 
f 437//117 435//117 710//117 
f 709//117 441//117 442//117 
f 721//117 443//117 441//117 
f 721//117 444//117 445//117 
f 713//117 446//117 447//117 
f 713//117 711//117 448//117 
f 441//117 709//117 721//117 
f 721//117 449//117 450//117 
f 445//117 451//117 721//117 
f 713//117 452//117 446//117 
f 448//117 453//117 713//117 
f 711//117 454//117 455//117 
f 442//117 456//117 709//117 
f 451//117 449//117 721//117 
f 453//117 452//117 713//117 
f 711//117 457//117 454//117 
f 711//117 458//117 459//117 
f 709//117 460//117 461//117 
f 450//117 443//117 721//117 
f 455//117 448//117 711//117 
f 459//117 462//117 711//117 
f 456//117 460//117 709//117 
f 721//117 463//117 464//117 
f 721//117 465//117 466//117 
f 713//117 467//117 468//117 
f 713//117 469//117 470//117 
f 713//117 471//117 472//117 
f 462//117 457//117 711//117 
f 464//117 444//117 721//117 
f 721//117 473//117 465//117 
f 713//117 474//117 467//117 
f 713//117 475//117 476//117 
f 713//117 477//117 469//117 
f 447//117 471//117 713//117 
f 466//117 463//117 721//117 
f 468//117 721//117 713//117 
f 713//117 478//117 475//117 
f 472//117 477//117 713//117 
f 468//117 473//117 721//117 
f 470//117 478//117 713//117 
f 476//117 474//117 713//117 
f 721//117 479//117 480//117 
f 709//117 481//117 479//117 
f 479//117 721//117 709//117 
f 709//117 482//117 483//117 
f 709//117 484//117 485//117 
f 708//117 486//117 487//117 
f 708//117 488//117 489//117 
f 708//117 490//117 491//117 
f 480//117 492//117 721//117 
f 485//117 482//117 709//117 
f 709//117 493//117 494//117 
f 709//117 495//117 496//117 
f 489//117 486//117 708//117 
f 708//117 497//117 490//117 
f 483//117 481//117 709//117 
f 496//117 493//117 709//117 
f 709//117 498//117 499//117 
f 708//117 500//117 501//117 
f 708//117 502//117 503//117 
f 491//117 488//117 708//117 
f 494//117 484//117 709//117 
f 499//117 504//117 709//117 
f 708//117 505//117 498//117 
f 503//117 500//117 708//117 
f 708//117 506//117 497//117 
f 492//117 507//117 721//117 
f 709//117 508//117 509//117 
f 504//117 510//117 709//117 
f 708//117 511//117 505//117 
f 487//117 502//117 708//117 
f 726//117 512//117 506//117 
f 509//117 495//117 709//117 
f 498//117 709//117 708//117 
f 708//117 513//117 514//117 
f 506//117 708//117 726//117 
f 510//117 508//117 709//117 
f 501//117 513//117 708//117 
f 514//117 511//117 708//117 
f 124//117 147//117 515//117 
f 147//117 516//117 517//117 
f 517//117 515//117 147//117 
f 147//117 518//117 519//117 
f 147//117 520//117 521//117 
f 147//117 522//117 523//117 
f 147//117 721//117 524//117 
f 124//117 525//117 512//117 
f 124//117 526//117 527//117 
f 124//117 528//117 529//117 
f 124//117 530//117 531//117 
f 147//117 532//117 516//117 
f 521//117 518//117 147//117 
f 524//117 522//117 147//117 
f 527//117 525//117 124//117 
f 531//117 528//117 124//117 
f 515//117 533//117 124//117 
f 147//117 534//117 535//117 
f 523//117 520//117 147//117 
f 529//117 526//117 124//117 
f 124//117 536//117 537//117 
f 147//117 538//117 532//117 
f 519//117 534//117 147//117 
f 537//117 530//117 124//117 
f 535//117 538//117 147//117 
f 533//117 536//117 124//117 
f 706//117 705//117 539//117 
f 539//117 540//117 706//117 
f 704//117 720//117 541//117 
f 705//117 542//117 539//117 
f 705//117 543//117 544//117 
f 705//117 545//117 546//117 
f 704//117 547//117 548//117 
f 704//117 549//117 550//117 
f 720//117 551//117 541//117 
f 540//117 552//117 706//117 
f 546//117 543//117 705//117 
f 705//117 553//117 554//117 
f 705//117 555//117 556//117 
f 705//117 704//117 557//117 
f 550//117 547//117 704//117 
f 720//117 558//117 551//117 
f 544//117 542//117 705//117 
f 556//117 553//117 705//117 
f 557//117 559//117 705//117 
f 704//117 560//117 561//117 
f 704//117 562//117 563//117 
f 704//117 564//117 565//117 
f 541//117 549//117 704//117 
f 554//117 545//117 705//117 
f 561//117 557//117 704//117 
f 565//117 562//117 704//117 
f 720//117 566//117 558//117 
f 552//117 567//117 706//117 
f 705//117 568//117 569//117 
f 559//117 570//117 705//117 
f 548//117 564//117 704//117 
f 569//117 555//117 705//117 
f 704//117 571//117 560//117 
f 704//117 572//117 573//117 
f 720//117 574//117 566//117 
f 570//117 568//117 705//117 
f 563//117 572//117 704//117 
f 573//117 571//117 704//117 
f 575//117 576//117 577//117 
f 575//117 578//117 579//117 
f 123//117 580//117 581//117 
f 123//117 582//117 583//117 
f 123//117 584//117 585//117 
f 123//117 706//117 586//117 
f 575//117 587//117 574//117 
f 575//117 588//117 589//117 
f 575//117 590//117 591//117 
f 575//117 592//117 593//117 
f 579//117 576//117 575//117 
f 583//117 580//117 123//117 
f 586//117 584//117 123//117 
f 589//117 587//117 575//117 
f 593//117 590//117 575//117 
f 577//117 594//117 575//117 
f 123//117 595//117 578//117 
f 123//117 596//117 597//117 
f 585//117 582//117 123//117 
f 591//117 588//117 575//117 
f 575//117 598//117 599//117 
f 578//117 575//117 123//117 
f 581//117 596//117 123//117 
f 599//117 592//117 575//117 
f 597//117 595//117 123//117 
f 594//117 598//117 575//117 
f 600//117 601//117 602//117 
f 603//117 604//117 600//117 
f 603//117 605//117 604//117 
f 606//117 607//117 608//117 
f 607//117 609//117 610//117 
f 611//117 612//117 613//117 
f 612//117 606//117 614//117 
f 610//117 608//117 607//117 
f 615//117 616//117 611//117 
f 608//117 614//117 606//117 
f 617//117 610//117 609//117 
f 605//117 603//117 618//117 
f 614//117 613//117 612//117 
f 618//117 617//117 605//117 
f 616//117 615//117 619//117 
f 609//117 605//117 617//117 
f 613//117 615//117 611//117 
f 723//117 620//117 621//117 
f 722//117 621//117 622//117 
f 723//117 623//117 620//117 
f 723//117 619//117 624//117 
f 622//117 625//117 722//117 
f 624//117 623//117 723//117 
f 621//117 722//117 723//117 
f 626//117 627//117 628//117 
f 629//117 628//117 630//117 
f 628//117 629//117 626//117 
f 631//117 632//117 633//117 
f 626//117 634//117 627//117 
f 634//117 722//117 635//117 
f 633//117 636//117 631//117 
f 637//117 638//117 636//117 
f 639//117 630//117 638//117 
f 635//117 627//117 634//117 
f 636//117 633//117 637//117 
f 630//117 639//117 629//117 
f 638//117 637//117 639//117 
f 631//117 640//117 632//117 
f 641//117 642//117 643//117 
f 643//117 644//117 641//117 
f 641//117 645//117 642//117 
f 646//117 647//117 648//117 
f 649//117 646//117 650//117 
f 646//117 649//117 647//117 
f 650//117 651//117 649//117 
f 650//117 644//117 651//117 
f 644//117 643//117 651//117 
f 715//117 197//117 652//117 
f 197//117 653//117 652//117 
f 197//117 654//117 655//117 
f 652//117 656//117 715//117 
f 655//117 653//117 197//117 
f 654//117 646//117 655//117 
f 715//117 657//117 658//117 
f 656//117 659//117 715//117 
f 715//117 660//117 657//117 
f 659//117 661//117 715//117 
f 661//117 660//117 715//117 
f 710//117 662//117 663//117 
f 710//117 664//117 665//117 
f 710//117 658//117 666//117 
f 727//117 710//117 667//117 
f 663//117 668//117 710//117 
f 666//117 664//117 710//117 
f 710//117 669//117 667//117 
f 710//117 670//117 671//117 
f 665//117 662//117 710//117 
f 710//117 672//117 669//117 
f 668//117 670//117 710//117 
f 671//117 672//117 710//117 
f 673//117 707//117 727//117 
f 674//117 725//117 707//117 
f 675//117 703//117 725//117 
f 724//117 676//117 677//117 
f 677//117 315//117 724//117 
f 724//117 678//117 676//117 
f 679//117 680//117 681//117 
f 677//117 682//117 315//117 
f 683//117 601//117 679//117 
f 681//117 680//117 315//117 
f 682//117 684//117 315//117 
f 724//117 685//117 686//117 
f 681//117 683//117 679//117 
f 684//117 687//117 315//117 
f 686//117 688//117 724//117 
f 724//117 689//117 690//117 
f 724//117 691//117 692//117 
f 724//117 693//117 694//117 
f 703//117 675//117 695//117 
f 315//117 687//117 681//117 
f 690//117 685//117 724//117 
f 724//117 696//117 691//117 
f 694//117 697//117 724//117 
f 695//117 724//117 703//117 
f 724//117 698//117 678//117 
f 692//117 689//117 724//117 
f 695//117 693//117 724//117 
f 724//117 699//117 698//117 
f 697//117 696//117 724//117 
f 688//117 699//117 724//117 
f 683//117 602//117 601//117 
f 725//117 674//117 675//117 
f 707//117 673//117 674//117 
f 727//117 700//117 673//117 
f 667//117 700//117 727//117 
f 658//117 710//117 715//117 
f 648//117 655//117 646//117 
f 645//117 632//117 642//117 
f 640//117 642//117 632//117 
f 625//117 635//117 722//117 
f 619//117 723//117 616//117 
f 602//117 603//117 600//117 
f 574//117 720//117 575//117 
f 567//117 586//117 706//117 
f 512//117 726//117 124//117 
f 507//117 524//117 721//117 
f 461//117 424//117 709//117 
f 420//117 458//117 711//117 
f 403//117 363//117 705//117 
f 364//117 413//117 708//117 
f 96//117 99//117 702//117 
f 23//117 704//117 703//117 
f 358//117 357//117 310//117 
f 616//117 723//117 267//117 
f 267//117 723//117 266//117 
f 230//117 722//117 634//117 
f 228//117 226//117 715//117 
f 166//117 701//117 167//117 
f 164//117 125//117 716//117 
f 163//117 717//117 157//117 
f 157//117 717//117 714//117 
f 149//117 714//117 713//117 
f 145//117 150//117 713//117 
f 142//117 575//117 720//117 
f 133//117 143//117 719//117 
f 129//117 719//117 702//117 
f 125//117 165//117 718//117 
f 717//117 716//117 712//117 
f 716//117 718//117 715//117 
f 714//117 712//117 711//117 
f 712//117 715//117 710//117 
f 709//117 727//117 707//117 
f 124//117 726//117 706//117 
f 705//117 725//117 703//117 
f 702//117 724//117 121//117 
o mesh2
f 1309//118 728//118 729//118 
f 1310//118 1309//118 1311//118 
f 1312//118 1311//118 1313//118 
f 1314//118 1310//118 1312//118 
f 1315//118 1312//118 1316//118 
f 1317//118 1318//118 1319//118 
f 1320//118 1321//118 730//118 
f 1322//118 1323//118 1324//118 
f 731//118 1325//118 1326//118 
f 1327//118 732//118 733//118 
f 733//118 734//118 1327//118 
f 1327//118 735//118 732//118 
f 734//118 736//118 1327//118 
f 1328//118 737//118 735//118 
f 735//118 1327//118 1328//118 
f 1327//118 738//118 739//118 
f 739//118 740//118 1327//118 
f 1327//118 741//118 742//118 
f 1327//118 743//118 744//118 
f 742//118 738//118 1327//118 
f 1327//118 745//118 743//118 
f 744//118 741//118 1327//118 
f 1326//118 746//118 747//118 
f 1326//118 748//118 746//118 
f 1326//118 1327//118 749//118 
f 749//118 748//118 1326//118 
f 747//118 750//118 1326//118 
f 731//118 751//118 752//118 
f 1325//118 753//118 754//118 
f 1325//118 755//118 756//118 
f 752//118 1325//118 731//118 
f 731//118 757//118 758//118 
f 1325//118 759//118 760//118 
f 754//118 761//118 1325//118 
f 1325//118 762//118 763//118 
f 752//118 755//118 1325//118 
f 758//118 764//118 731//118 
f 731//118 765//118 766//118 
f 767//118 768//118 769//118 
f 761//118 759//118 1325//118 
f 756//118 762//118 1325//118 
f 764//118 770//118 731//118 
f 766//118 771//118 731//118 
f 765//118 767//118 772//118 
f 767//118 773//118 768//118 
f 767//118 774//118 775//118 
f 776//118 777//118 767//118 
f 778//118 779//118 780//118 
f 760//118 781//118 1325//118 
f 770//118 751//118 731//118 
f 771//118 782//118 731//118 
f 772//118 783//118 765//118 
f 767//118 784//118 773//118 
f 767//118 785//118 774//118 
f 767//118 778//118 776//118 
f 778//118 786//118 787//118 
f 778//118 788//118 789//118 
f 780//118 790//118 778//118 
f 1325//118 791//118 792//118 
f 763//118 753//118 1325//118 
f 782//118 793//118 731//118 
f 783//118 794//118 765//118 
f 775//118 784//118 767//118 
f 787//118 776//118 778//118 
f 778//118 795//118 796//118 
f 778//118 797//118 798//118 
f 790//118 788//118 778//118 
f 792//118 799//118 1325//118 
f 793//118 757//118 731//118 
f 765//118 800//118 801//118 
f 769//118 772//118 767//118 
f 796//118 786//118 778//118 
f 798//118 802//118 778//118 
f 789//118 803//118 778//118 
f 781//118 791//118 1325//118 
f 765//118 804//118 800//118 
f 777//118 785//118 767//118 
f 803//118 797//118 778//118 
f 779//118 778//118 805//118 
f 801//118 766//118 765//118 
f 765//118 806//118 807//118 
f 802//118 795//118 778//118 
f 808//118 809//118 779//118 
f 808//118 1325//118 810//118 
f 799//118 811//118 1325//118 
f 765//118 812//118 806//118 
f 805//118 808//118 779//118 
f 810//118 813//118 808//118 
f 807//118 804//118 765//118 
f 813//118 809//118 808//118 
f 794//118 812//118 765//118 
f 814//118 1329//118 815//118 
f 816//118 817//118 818//118 
f 819//118 818//118 820//118 
f 815//118 816//118 814//118 
f 816//118 815//118 817//118 
f 820//118 821//118 822//118 
f 1329//118 823//118 824//118 
f 818//118 825//118 816//118 
f 820//118 822//118 819//118 
f 1329//118 826//118 823//118 
f 819//118 825//118 818//118 
f 827//118 828//118 829//118 
f 1330//118 830//118 831//118 
f 1330//118 832//118 833//118 
f 1330//118 834//118 835//118 
f 1330//118 836//118 837//118 
f 1329//118 838//118 839//118 
f 814//118 826//118 1329//118 
f 820//118 840//118 841//118 
f 842//118 843//118 844//118 
f 845//118 846//118 847//118 
f 1330//118 848//118 827//118 
f 831//118 849//118 1330//118 
f 835//118 832//118 1330//118 
f 837//118 850//118 1330//118 
f 1329//118 851//118 838//118 
f 1329//118 852//118 853//118 
f 1329//118 854//118 855//118 
f 1329//118 856//118 857//118 
f 820//118 858//118 821//118 
f 820//118 859//118 840//118 
f 820//118 844//118 860//118 
f 842//118 861//118 843//118 
f 847//118 862//118 845//118 
f 828//118 863//118 862//118 
f 849//118 848//118 1330//118 
f 850//118 834//118 1330//118 
f 839//118 1330//118 1329//118 
f 855//118 852//118 1329//118 
f 857//118 864//118 1329//118 
f 841//118 858//118 820//118 
f 844//118 820//118 842//118 
f 862//118 863//118 845//118 
f 862//118 865//118 828//118 
f 833//118 830//118 1330//118 
f 839//118 866//118 1330//118 
f 864//118 854//118 1329//118 
f 860//118 859//118 820//118 
f 842//118 847//118 867//118 
f 847//118 868//118 869//118 
f 865//118 829//118 828//118 
f 866//118 836//118 1330//118 
f 824//118 856//118 1329//118 
f 867//118 870//118 842//118 
f 847//118 871//118 872//118 
f 869//118 873//118 847//118 
f 846//118 874//118 847//118 
f 853//118 851//118 1329//118 
f 842//118 875//118 876//118 
f 872//118 867//118 847//118 
f 874//118 868//118 847//118 
f 876//118 861//118 842//118 
f 842//118 877//118 878//118 
f 842//118 879//118 880//118 
f 873//118 871//118 847//118 
f 878//118 875//118 842//118 
f 870//118 879//118 842//118 
f 880//118 877//118 842//118 
f 1309//118 881//118 882//118 
f 1309//118 883//118 884//118 
f 882//118 885//118 1309//118 
f 1309//118 886//118 887//118 
f 1309//118 888//118 889//118 
f 1309//118 890//118 891//118 
f 1309//118 892//118 893//118 
f 1309//118 894//118 895//118 
f 885//118 883//118 1309//118 
f 889//118 886//118 1309//118 
f 893//118 890//118 1309//118 
f 895//118 896//118 1309//118 
f 897//118 898//118 899//118 
f 897//118 900//118 901//118 
f 897//118 902//118 903//118 
f 904//118 897//118 905//118 
f 906//118 905//118 907//118 
f 908//118 909//118 910//118 
f 884//118 911//118 1309//118 
f 891//118 888//118 1309//118 
f 1309//118 912//118 913//118 
f 896//118 914//118 1309//118 
f 897//118 915//118 916//118 
f 901//118 898//118 897//118 
f 897//118 917//118 902//118 
f 897//118 904//118 918//118 
f 907//118 919//118 906//118 
f 919//118 907//118 908//118 
f 908//118 920//118 909//118 
f 908//118 921//118 922//118 
f 1309//118 923//118 924//118 
f 887//118 881//118 1309//118 
f 914//118 912//118 1309//118 
f 916//118 925//118 897//118 
f 903//118 900//118 897//118 
f 905//118 906//118 904//118 
f 908//118 926//118 927//118 
f 908//118 928//118 929//118 
f 922//118 920//118 908//118 
f 924//118 930//118 1309//118 
f 913//118 892//118 1309//118 
f 1309//118 931//118 932//118 
f 1310//118 933//118 931//118 
f 899//118 915//118 897//118 
f 908//118 927//118 919//118 
f 929//118 934//118 908//118 
f 910//118 935//118 908//118 
f 911//118 923//118 1309//118 
f 931//118 1309//118 1310//118 
f 918//118 917//118 897//118 
f 935//118 928//118 908//118 
f 932//118 894//118 1309//118 
f 1310//118 936//118 937//118 
f 897//118 938//118 936//118 
f 934//118 926//118 908//118 
f 908//118 1309//118 939//118 
f 930//118 940//118 1309//118 
f 936//118 1310//118 897//118 
f 908//118 941//118 921//118 
f 939//118 942//118 908//118 
f 937//118 933//118 1310//118 
f 942//118 941//118 908//118 
f 925//118 938//118 897//118 
f 1309//118 908//118 943//118 
f 908//118 944//118 943//118 
f 1313//118 1311//118 945//118 
f 1311//118 946//118 947//118 
f 947//118 945//118 1311//118 
f 945//118 948//118 1313//118 
f 1311//118 729//118 946//118 
f 1316//118 949//118 950//118 
f 1316//118 951//118 952//118 
f 952//118 949//118 1316//118 
f 1316//118 953//118 954//118 
f 1316//118 1313//118 955//118 
f 950//118 956//118 1316//118 
f 955//118 953//118 1316//118 
f 954//118 951//118 1316//118 
f 1331//118 957//118 958//118 
f 1331//118 1316//118 959//118 
f 959//118 957//118 1331//118 
f 1331//118 960//118 961//118 
f 1332//118 1331//118 962//118 
f 961//118 963//118 1331//118 
f 963//118 962//118 1331//118 
f 1327//118 83//118 81//118 
f 1326//118 89//118 87//118 
f 1327//118 85//118 83//118 
f 87//118 1327//118 1326//118 
f 1326//118 93//118 91//118 
f 1333//118 29//118 27//118 
f 1333//118 35//118 33//118 
f 1328//118 37//118 35//118 
f 1328//118 47//118 45//118 
f 87//118 85//118 1327//118 
f 1326//118 95//118 93//118 
f 1333//118 31//118 29//118 
f 35//118 1333//118 1328//118 
f 1328//118 41//118 39//118 
f 45//118 43//118 1328//118 
f 91//118 89//118 1326//118 
f 33//118 31//118 1333//118 
f 43//118 41//118 1328//118 
f 1326//118 97//118 95//118 
f 1326//118 100//118 101//118 
f 39//118 37//118 1328//118 
f 1328//118 51//118 49//118 
f 1328//118 57//118 55//118 
f 1327//118 63//118 61//118 
f 1327//118 75//118 73//118 
f 1327//118 79//118 77//118 
f 101//118 97//118 1326//118 
f 49//118 47//118 1328//118 
f 55//118 53//118 1328//118 
f 61//118 1328//118 1327//118 
f 1327//118 67//118 65//118 
f 73//118 71//118 1327//118 
f 81//118 79//118 1327//118 
f 53//118 51//118 1328//118 
f 61//118 59//118 1328//118 
f 1327//118 69//118 67//118 
f 77//118 75//118 1327//118 
f 59//118 57//118 1328//118 
f 71//118 69//118 1327//118 
f 65//118 63//118 1327//118 
f 1325//118 103//118 100//118 
f 1325//118 107//118 105//118 
f 1322//118 25//118 21//118 
f 1322//118 1333//118 24//118 
f 105//118 103//118 1325//118 
f 1325//118 111//118 109//118 
f 1325//118 115//118 113//118 
f 1322//118 7//118 5//118 
f 1322//118 15//118 13//118 
f 1322//118 19//118 17//118 
f 24//118 25//118 1322//118 
f 109//118 107//118 1325//118 
f 1325//118 117//118 115//118 
f 1325//118 3//118 120//118 
f 5//118 1325//118 1322//118 
f 13//118 11//118 1322//118 
f 21//118 19//118 1322//118 
f 113//118 111//118 1325//118 
f 120//118 119//118 1325//118 
f 1322//118 9//118 7//118 
f 17//118 15//118 1322//118 
f 119//118 117//118 1325//118 
f 11//118 9//118 1322//118 
f 5//118 3//118 1325//118 
f 1320//118 964//118 965//118 
f 1334//118 966//118 967//118 
f 1321//118 968//118 969//118 
f 1320//118 970//118 964//118 
f 1334//118 971//118 966//118 
f 1334//118 1321//118 972//118 
f 969//118 973//118 1321//118 
f 1320//118 974//118 970//118 
f 1320//118 975//118 976//118 
f 972//118 971//118 1334//118 
f 973//118 977//118 1321//118 
f 1320//118 978//118 974//118 
f 976//118 979//118 1320//118 
f 977//118 972//118 1321//118 
f 1321//118 980//118 981//118 
f 1320//118 982//118 983//118 
f 979//118 978//118 1320//118 
f 981//118 968//118 1321//118 
f 1321//118 984//118 985//118 
f 965//118 982//118 1320//118 
f 1324//118 986//118 975//118 
f 985//118 980//118 1321//118 
f 1321//118 987//118 988//118 
f 1321//118 1320//118 989//118 
f 1320//118 990//118 991//118 
f 1320//118 992//118 993//118 
f 975//118 1320//118 1324//118 
f 967//118 994//118 1334//118 
f 988//118 995//118 1321//118 
f 989//118 996//118 1321//118 
f 1320//118 997//118 998//118 
f 991//118 999//118 1320//118 
f 983//118 992//118 1320//118 
f 995//118 984//118 1321//118 
f 996//118 1000//118 1321//118 
f 1320//118 1001//118 997//118 
f 993//118 990//118 1320//118 
f 1000//118 987//118 1321//118 
f 999//118 1001//118 1320//118 
f 998//118 989//118 1320//118 
f 1324//118 1002//118 1003//118 
f 1317//118 1004//118 1005//118 
f 1317//118 1334//118 1006//118 
f 1003//118 1007//118 1324//118 
f 1324//118 1008//118 1009//118 
f 1324//118 1010//118 1011//118 
f 1323//118 1012//118 1013//118 
f 1317//118 1014//118 1012//118 
f 1317//118 1015//118 1016//118 
f 1317//118 1017//118 1018//118 
f 1006//118 1004//118 1317//118 
f 1009//118 1002//118 1324//118 
f 1011//118 1019//118 1324//118 
f 1013//118 1324//118 1323//118 
f 1317//118 1020//118 1014//118 
f 1016//118 1021//118 1317//118 
f 1005//118 1017//118 1317//118 
f 1019//118 1008//118 1324//118 
f 1013//118 1022//118 1324//118 
f 1317//118 1023//118 1020//118 
f 1018//118 1015//118 1317//118 
f 1022//118 1010//118 1324//118 
f 1021//118 1023//118 1317//118 
f 1012//118 1323//118 1317//118 
f 1332//118 1024//118 1025//118 
f 1332//118 1319//118 1026//118 
f 1332//118 1027//118 1024//118 
f 1332//118 1028//118 1029//118 
f 1319//118 1030//118 1026//118 
f 1315//118 1031//118 1032//118 
f 1315//118 1033//118 1034//118 
f 1331//118 1035//118 1036//118 
f 1331//118 1037//118 1038//118 
f 1029//118 1027//118 1332//118 
f 1319//118 1039//118 1030//118 
f 1315//118 1040//118 1031//118 
f 1315//118 1036//118 1033//118 
f 1331//118 1041//118 1035//118 
f 1038//118 1042//118 1331//118 
f 1026//118 1028//118 1332//118 
f 1034//118 1040//118 1315//118 
f 1042//118 1041//118 1331//118 
f 1319//118 1043//118 1039//118 
f 1319//118 1044//118 1045//118 
f 1036//118 1315//118 1331//118 
f 1331//118 1046//118 1047//118 
f 1331//118 1048//118 1049//118 
f 1331//118 1332//118 1050//118 
f 1332//118 1051//118 1052//118 
f 1332//118 1053//118 1054//118 
f 1045//118 1043//118 1319//118 
f 1047//118 1037//118 1331//118 
f 1049//118 1055//118 1331//118 
f 1331//118 1056//118 1057//118 
f 1050//118 1058//118 1331//118 
f 1052//118 1059//118 1332//118 
f 1025//118 1053//118 1332//118 
f 1055//118 1046//118 1331//118 
f 1057//118 1060//118 1331//118 
f 1332//118 1061//118 1050//118 
f 1054//118 1051//118 1332//118 
f 1060//118 1048//118 1331//118 
f 1059//118 1061//118 1332//118 
f 1058//118 1056//118 1331//118 
f 1314//118 1315//118 1062//118 
f 1318//118 1063//118 1044//118 
f 1318//118 1064//118 1065//118 
f 1062//118 1066//118 1314//118 
f 1065//118 1063//118 1318//118 
f 1318//118 1067//118 1068//118 
f 1318//118 1069//118 1070//118 
f 1314//118 1071//118 1072//118 
f 1314//118 1073//118 1074//118 
f 1314//118 1075//118 1076//118 
f 1315//118 1077//118 1062//118 
f 1068//118 1064//118 1318//118 
f 1318//118 1078//118 1069//118 
f 1314//118 1079//118 1071//118 
f 1314//118 1080//118 1081//118 
f 1074//118 1082//118 1314//118 
f 1066//118 1075//118 1314//118 
f 1070//118 1067//118 1318//118 
f 1072//118 1318//118 1314//118 
f 1314//118 1083//118 1080//118 
f 1076//118 1073//118 1314//118 
f 1072//118 1078//118 1318//118 
f 1082//118 1083//118 1314//118 
f 1081//118 1079//118 1314//118 
f 1084//118 1085//118 1086//118 
f 1084//118 1087//118 1088//118 
f 1084//118 1089//118 1090//118 
f 1084//118 1091//118 1092//118 
f 1084//118 1093//118 1094//118 
f 1084//118 1095//118 1096//118 
f 1088//118 1085//118 1084//118 
f 1092//118 1089//118 1084//118 
f 1096//118 1093//118 1084//118 
f 730//118 1097//118 1098//118 
f 730//118 1099//118 1100//118 
f 730//118 1101//118 1102//118 
f 730//118 1321//118 1103//118 
f 1090//118 1087//118 1084//118 
f 1084//118 1104//118 1105//118 
f 1094//118 1106//118 1084//118 
f 730//118 1107//118 1095//118 
f 1100//118 1097//118 730//118 
f 1103//118 1101//118 730//118 
f 1105//118 1091//118 1084//118 
f 1095//118 1084//118 730//118 
f 730//118 1108//118 1109//118 
f 1102//118 1099//118 730//118 
f 1106//118 1104//118 1084//118 
f 1098//118 1108//118 730//118 
f 1109//118 1107//118 730//118 
f 1319//118 1332//118 1110//118 
f 1321//118 1334//118 1111//118 
f 1319//118 1112//118 1113//118 
f 1319//118 1114//118 1115//118 
f 1332//118 1116//118 1110//118 
f 1111//118 1117//118 1321//118 
f 1115//118 1112//118 1319//118 
f 1332//118 1118//118 1116//118 
f 1334//118 1119//118 1111//118 
f 1334//118 1120//118 1121//118 
f 1334//118 1122//118 1123//118 
f 1334//118 1319//118 1124//118 
f 1319//118 1125//118 1126//118 
f 1319//118 1127//118 1128//118 
f 1110//118 1114//118 1319//118 
f 1117//118 1129//118 1321//118 
f 1123//118 1120//118 1334//118 
f 1334//118 1130//118 1131//118 
f 1334//118 1132//118 1133//118 
f 1124//118 1134//118 1334//118 
f 1319//118 1135//118 1136//118 
f 1128//118 1125//118 1319//118 
f 1332//118 1137//118 1118//118 
f 1121//118 1119//118 1334//118 
f 1133//118 1130//118 1334//118 
f 1136//118 1124//118 1319//118 
f 1113//118 1127//118 1319//118 
f 1131//118 1122//118 1334//118 
f 1134//118 1138//118 1334//118 
f 1319//118 1139//118 1140//118 
f 1332//118 1086//118 1137//118 
f 1129//118 1141//118 1321//118 
f 1334//118 1142//118 1143//118 
f 1319//118 1144//118 1135//118 
f 1126//118 1139//118 1319//118 
f 1143//118 1132//118 1334//118 
f 1140//118 1144//118 1319//118 
f 1138//118 1142//118 1334//118 
f 1145//118 737//118 1146//118 
f 737//118 1147//118 1148//118 
f 1145//118 1149//118 1150//118 
f 1145//118 1151//118 1152//118 
f 1145//118 1153//118 1154//118 
f 1145//118 1155//118 1156//118 
f 1148//118 1146//118 737//118 
f 1152//118 1149//118 1145//118 
f 1156//118 1153//118 1145//118 
f 737//118 1157//118 1147//118 
f 737//118 1158//118 1159//118 
f 737//118 1160//118 1161//118 
f 737//118 1162//118 1163//118 
f 737//118 1328//118 1164//118 
f 1154//118 1151//118 1145//118 
f 1145//118 1165//118 1166//118 
f 1146//118 1167//118 1145//118 
f 1161//118 1158//118 737//118 
f 1164//118 1162//118 737//118 
f 1166//118 1155//118 1145//118 
f 737//118 1168//118 1157//118 
f 737//118 1169//118 1170//118 
f 1163//118 1160//118 737//118 
f 1167//118 1165//118 1145//118 
f 1159//118 1169//118 737//118 
f 1170//118 1168//118 737//118 
f 1324//118 1171//118 1172//118 
f 1324//118 1173//118 1174//118 
f 1324//118 1175//118 1176//118 
f 1328//118 1177//118 1178//118 
f 1333//118 1179//118 1177//118 
f 1174//118 1171//118 1324//118 
f 1324//118 1180//118 1175//118 
f 1177//118 1328//118 1333//118 
f 1333//118 1181//118 1182//118 
f 1333//118 1183//118 1184//118 
f 1324//118 1185//118 1186//118 
f 1324//118 1187//118 1188//118 
f 1176//118 1173//118 1324//118 
f 1178//118 1189//118 1328//118 
f 1184//118 1181//118 1333//118 
f 1333//118 1190//118 1191//118 
f 1333//118 1192//118 1193//118 
f 1333//118 1194//118 1195//118 
f 1188//118 1185//118 1324//118 
f 1324//118 1196//118 1180//118 
f 1182//118 1179//118 1333//118 
f 1193//118 1190//118 1333//118 
f 1195//118 1197//118 1333//118 
f 1324//118 1198//118 1194//118 
f 1172//118 1187//118 1324//118 
f 1320//118 1150//118 1196//118 
f 1191//118 1183//118 1333//118 
f 1197//118 1199//118 1333//118 
f 1324//118 1200//118 1198//118 
f 1324//118 1201//118 1202//118 
f 1196//118 1324//118 1320//118 
f 1189//118 1203//118 1328//118 
f 1333//118 1204//118 1205//118 
f 1194//118 1333//118 1324//118 
f 1186//118 1201//118 1324//118 
f 1205//118 1192//118 1333//118 
f 1202//118 1200//118 1324//118 
f 1199//118 1204//118 1333//118 
f 1206//118 1207//118 1208//118 
f 1209//118 1210//118 1211//118 
f 1207//118 1212//118 1208//118 
f 1211//118 1213//118 1209//118 
f 1213//118 1206//118 1209//118 
f 1208//118 1209//118 1206//118 
f 1214//118 1212//118 1215//118 
f 1216//118 1217//118 1214//118 
f 1216//118 1218//118 1217//118 
f 1219//118 1220//118 1221//118 
f 1222//118 1223//118 1219//118 
f 1220//118 1224//118 1225//118 
f 1223//118 1222//118 1226//118 
f 1225//118 1221//118 1220//118 
f 1227//118 1228//118 1229//118 
f 1221//118 1222//118 1219//118 
f 1224//118 1230//118 1231//118 
f 1230//118 1229//118 1228//118 
f 1218//118 1232//118 1227//118 
f 1231//118 1225//118 1224//118 
f 1229//118 1218//118 1227//118 
f 1228//118 1231//118 1230//118 
f 1218//118 1216//118 1232//118 
f 1329//118 1330//118 1233//118 
f 1329//118 1234//118 1235//118 
f 1233//118 1236//118 1329//118 
f 1330//118 1237//118 1238//118 
f 1236//118 1234//118 1329//118 
f 1330//118 1226//118 1237//118 
f 1238//118 1233//118 1330//118 
f 1239//118 1240//118 1241//118 
f 1242//118 1243//118 1240//118 
f 1244//118 1245//118 1246//118 
f 1245//118 1244//118 1247//118 
f 1240//118 1239//118 1242//118 
f 1248//118 1249//118 1243//118 
f 1247//118 1241//118 1245//118 
f 1243//118 1242//118 1248//118 
f 1250//118 1251//118 1249//118 
f 1241//118 1247//118 1239//118 
f 1249//118 1248//118 1250//118 
f 1250//118 1252//118 1251//118 
f 1252//118 1329//118 1253//118 
f 1253//118 1251//118 1252//118 
f 1254//118 1255//118 1256//118 
f 1256//118 1257//118 1254//118 
f 1254//118 1258//118 1255//118 
f 1325//118 808//118 1259//118 
f 808//118 1260//118 1259//118 
f 1259//118 1261//118 1325//118 
f 808//118 1262//118 1260//118 
f 1263//118 1264//118 1265//118 
f 1325//118 1266//118 1267//118 
f 808//118 1268//118 1262//118 
f 1265//118 1268//118 808//118 
f 1265//118 1269//118 1263//118 
f 1322//118 1325//118 1270//118 
f 1325//118 1271//118 1272//118 
f 1325//118 1273//118 1274//118 
f 1325//118 1275//118 1276//118 
f 1325//118 1277//118 1266//118 
f 808//118 1269//118 1265//118 
f 1257//118 1256//118 1264//118 
f 1325//118 1278//118 1270//118 
f 1325//118 1279//118 1271//118 
f 1274//118 1280//118 1325//118 
f 1267//118 1275//118 1325//118 
f 1263//118 1257//118 1264//118 
f 1272//118 1278//118 1325//118 
f 1276//118 1273//118 1325//118 
f 1261//118 1281//118 1325//118 
f 1280//118 1279//118 1325//118 
f 1281//118 1282//118 1325//118 
f 1282//118 1277//118 1325//118 
f 1283//118 1284//118 1323//118 
f 1284//118 1285//118 1317//118 
f 1285//118 1286//118 1318//118 
f 1314//118 1287//118 1288//118 
f 1314//118 1289//118 1290//118 
f 1314//118 1291//118 1292//118 
f 1290//118 1287//118 1314//118 
f 1314//118 1293//118 1291//118 
f 1318//118 1286//118 1294//118 
f 1292//118 1289//118 1314//118 
f 1314//118 1295//118 1296//118 
f 1294//118 1314//118 1318//118 
f 1296//118 1293//118 1314//118 
f 1294//118 1297//118 1314//118 
f 1297//118 1295//118 1314//118 
f 1310//118 1298//118 1299//118 
f 897//118 1300//118 1210//118 
f 1299//118 897//118 1310//118 
f 1210//118 1209//118 1301//118 
f 1310//118 1302//118 1298//118 
f 1299//118 1300//118 897//118 
f 1310//118 1303//118 1304//118 
f 1310//118 1314//118 1305//118 
f 1304//118 1302//118 1310//118 
f 1305//118 1306//118 1310//118 
f 1306//118 1303//118 1310//118 
f 1210//118 1301//118 897//118 
f 1288//118 1305//118 1314//118 
f 1318//118 1317//118 1285//118 
f 1317//118 1323//118 1284//118 
f 1323//118 1322//118 1283//118 
f 1270//118 1283//118 1322//118 
f 1258//118 1244//118 1255//118 
f 1246//118 1255//118 1244//118 
f 1235//118 1253//118 1329//118 
f 1226//118 1330//118 1223//118 
f 1215//118 1216//118 1214//118 
f 1207//118 1215//118 1212//118 
f 1203//118 1164//118 1328//118 
f 1150//118 1320//118 1145//118 
f 1141//118 1103//118 1321//118 
f 1086//118 1332//118 1084//118 
f 1044//118 1319//118 1318//118 
f 1032//118 1077//118 1315//118 
f 1007//118 986//118 1324//118 
f 994//118 1006//118 1334//118 
f 100//118 1326//118 1325//118 
f 27//118 24//118 1333//118 
f 962//118 1084//118 1332//118 
f 958//118 960//118 1331//118 
f 956//118 959//118 1316//118 
f 955//118 1313//118 1307//118 
f 948//118 1307//118 1313//118 
f 943//118 728//118 1309//118 
f 940//118 939//118 1309//118 
f 1223//118 1330//118 829//118 
f 829//118 1330//118 827//118 
f 815//118 1329//118 1252//118 
f 811//118 810//118 1325//118 
f 750//118 1308//118 1326//118 
f 740//118 749//118 1327//118 
f 736//118 745//118 1327//118 
f 1326//118 1308//118 731//118 
f 1324//118 1333//118 1322//118 
f 730//118 1145//118 1320//118 
f 1319//118 1334//118 1317//118 
f 1316//118 1331//118 1315//118 
f 1312//118 1315//118 1314//118 
f 1313//118 1316//118 1312//118 
f 1311//118 1312//118 1310//118 
f 729//118 1311//118 1309//118 
o mesh3
f 735//119 737//119 575//119 
f 123//119 575//119 737//119 
f 737//119 1145//119 123//119 
f 124//119 123//119 1145//119 
f 1145//119 730//119 124//119 
f 147//119 124//119 730//119 
f 730//119 1084//119 147//119 
f 146//119 147//119 1084//119 
f 1084//119 962//119 146//119 
f 575//119 142//119 735//119 
o mesh4
f 126//120 122//120 1308//120 
f 731//120 1308//120 122//120 
f 122//120 121//120 731//120 
f 765//120 731//120 121//120 
f 121//120 310//120 765//120 
f 1308//120 750//120 126//120 
o mesh5
f 166//121 943//121 944//122 
f 194//123 167//124 908//124 
f 944//122 908//124 167//124 
f 167//124 701//125 944//122 
f 194//123 907//126 905//127 
f 654//128 197//129 897//129 
f 905//127 897//129 197//129 
f 197//129 196//130 905//127 
f 650//131 646//132 1209//132 
f 1301//133 1209//132 646//132 
f 646//132 654//128 1301//133 
f 641//134 644//135 1212//135 
f 1208//136 1212//135 644//135 
f 644//135 650//131 1208//136 
f 641//134 1214//137 1217//138 
f 633//139 632//140 1218//140 
f 1217//138 1218//140 632//140 
f 632//140 645//141 1217//138 
f 633//139 1229//142 1230//143 
f 637//143 1230//143 1224//144 
f 639//144 1224//144 1220//145 
f 629//145 1220//145 1219//146 
f 232//147 230//148 829//148 
f 1223//149 829//148 230//148 
f 230//148 634//149 1223//149 
f 1219//146 1223//149 634//149 
f 634//149 626//150 1219//146 
f 232//147 865//151 862//152 
f 233//152 862//152 847//153 
f 235//153 847//153 842//154 
f 247//154 842//154 820//155 
f 244//155 820//155 818//156 
f 250//156 818//156 817//157 
f 611//158 616//159 1252//159 
f 815//160 1252//159 616//159 
f 616//159 267//160 815//160 
f 817//157 815//160 267//160 
f 267//160 265//161 817//157 
f 611//158 1250//162 1248//163 
f 612//163 1248//163 1242//164 
f 606//164 1242//164 1239//165 
f 607//165 1239//165 1247//166 
f 604//167 605//168 1244//168 
f 1247//166 1244//168 605//168 
f 605//168 609//169 1247//166 
f 604//167 1258//170 1254//171 
f 679//172 601//173 1257//173 
f 1254//171 1257//173 601//173 
f 601//173 600//174 1254//171 
f 679//172 1263//175 1269//176 
f 354//177 315//178 808//178 
f 1269//176 808//178 315//178 
f 315//178 680//179 1269//176 
f 354//177 805//180 778//181 
f 352//181 778//181 767//182 
f 353//182 767//182 765//183 
f 765//183 310//183 353//182 
f 767//182 353//182 352//181 
f 778//181 352//181 354//177 
f 808//178 805//180 354//177 
f 1269//176 680//179 679//172 
f 1257//173 1263//175 679//172 
f 1254//171 600//174 604//167 
f 1244//168 1258//170 604//167 
f 1247//166 609//169 607//165 
f 1239//165 607//165 606//164 
f 1242//164 606//164 612//163 
f 1248//163 612//163 611//158 
f 1252//159 1250//162 611//158 
f 817//157 265//161 250//156 
f 818//156 250//156 244//155 
f 820//155 244//155 247//154 
f 842//154 247//154 235//153 
f 847//153 235//153 233//152 
f 862//152 233//152 232//147 
f 829//148 865//151 232//147 
f 1219//146 626//150 629//145 
f 1220//145 629//145 639//144 
f 1224//144 639//144 637//143 
f 1230//143 637//143 633//139 
f 1218//140 1229//142 633//139 
f 1217//138 645//141 641//134 
f 1212//135 1214//137 641//134 
f 1209//132 1208//136 650//131 
f 897//129 1301//133 654//128 
f 905//127 196//130 194//123 
f 908//124 907//126 194//123 
f 944//122 701//125 166//121 
o mesh6
f 946//184 729//184 125//184 
f 165//184 125//184 729//184 
f 729//184 728//184 165//184 
f 166//184 165//184 728//184 
f 728//184 943//184 166//184 
f 125//184 164//184 946//184 
o mesh7
f 126//183 750//183 747//185 
f 127//185 747//185 746//186 
f 130//186 746//186 748//187 
f 136//188 129//189 749//189 
f 748//187 749//189 129//189 
f 129//189 128//190 748//187 
f 136//188 740//191 739//192 
f 137//192 739//192 738//193 
f 134//193 738//193 742//194 
f 135//194 742//194 741//195 
f 131//195 741//195 744//196 
f 132//196 744//196 743//197 
f 140//198 143//199 745//199 
f 743//197 745//199 143//199 
f 143//199 133//200 743//197 
f 140//198 736//201 734//202 
f 138//202 734//202 733//203 
f 139//203 733//203 732//204 
f 141//204 732//204 735//205 
f 735//205 142//205 141//204 
f 732//204 141//204 139//203 
f 733//203 139//203 138//202 
f 734//202 138//202 140//198 
f 745//199 736//201 140//198 
f 743//197 133//200 132//196 
f 744//196 132//196 131//195 
f 741//195 131//195 135//194 
f 742//194 135//194 134//193 
f 738//193 134//193 137//192 
f 739//192 137//192 136//188 
f 749//189 740//191 136//188 
f 748//187 128//190 130//186 
f 746//186 130//186 127//185 
f 747//185 127//185 126//183 
o mesh8
f 946//206 164//206 161//207 
f 947//207 161//207 160//208 
f 945//208 160//208 162//209 
f 953//210 955//211 157//211 
f 163//212 157//211 955//211 
f 955//211 1307//212 163//212 
f 162//209 163//212 1307//212 
f 1307//212 948//213 162//209 
f 953//210 156//214 159//215 
f 954//215 159//215 158//216 
f 951//216 158//216 153//217 
f 952//217 153//217 152//218 
f 949//218 152//218 155//219 
f 950//219 155//219 154//220 
f 957//221 959//222 149//222 
f 154//220 149//222 959//222 
f 959//222 956//223 154//220 
f 957//221 148//224 151//225 
f 961//226 960//227 150//227 
f 151//225 150//227 960//227 
f 960//227 958//228 151//225 
f 961//226 145//229 144//230 
f 963//230 144//230 146//231 
f 146//231 962//231 963//230 
f 144//230 963//230 961//226 
f 150//227 145//229 961//226 
f 151//225 958//228 957//221 
f 149//222 148//224 957//221 
f 154//220 956//223 950//219 
f 155//219 950//219 949//218 
f 152//218 949//218 952//217 
f 153//217 952//217 951//216 
f 158//216 951//216 954//215 
f 159//215 954//215 953//210 
f 157//211 156//214 953//210 
f 162//209 948//213 945//208 
f 160//208 945//208 947//207 
f 161//207 947//207 946//206 
o mesh9
f 1259//232 677//232 676//232 
f 676//232 1261//232 1259//232 
o mesh10
f 1300//233 1299//234 652//234 
f 653//233 655//235 1210//235 
f 648//236 1211//236 1210//235 
f 1210//235 655//235 648//236 
f 1213//237 1211//236 648//236 
f 1206//238 1213//237 647//237 
f 1207//239 1206//238 649//238 
f 651//239 643//240 1215//240 
f 1216//241 1215//240 643//240 
f 643//240 642//241 1216//241 
f 640//242 1232//242 1216//241 
f 1216//241 642//241 640//242 
f 1227//243 1232//242 640//242 
f 1228//244 1227//243 631//243 
f 1231//245 1228//244 636//244 
f 1225//246 1231//245 638//245 
f 1221//247 1225//246 630//246 
f 1222//248 1221//247 628//247 
f 627//248 635//249 1226//249 
f 625//250 1237//250 1226//249 
f 1226//249 635//249 625//250 
f 1238//251 1237//250 625//250 
f 1233//252 1238//251 622//251 
f 1236//253 1233//252 621//252 
f 1234//254 1236//253 620//253 
f 1235//255 1234//254 623//254 
f 624//255 619//256 1253//256 
f 615//257 1251//257 1253//256 
f 1253//256 619//256 615//257 
f 1249//258 1251//257 615//257 
f 1243//259 1249//258 613//258 
f 1240//260 1243//259 614//259 
f 1241//261 1240//260 608//260 
f 1245//262 1241//261 610//261 
f 1246//263 1245//262 617//262 
f 618//263 603//264 1255//264 
f 603//264 602//265 1256//265 
f 683//266 1264//266 1256//265 
f 1256//265 602//265 683//266 
f 1256//265 1255//264 603//264 
f 1265//267 1264//266 683//266 
f 1268//268 1265//267 681//267 
f 1262//269 1268//268 687//268 
f 1260//270 1262//269 684//269 
f 1259//271 1260//270 682//270 
f 682//270 677//271 1259//271 
f 684//269 682//270 1260//270 
f 687//268 684//269 1262//269 
f 681//267 687//268 1268//268 
f 683//266 681//267 1265//267 
f 1255//264 1246//263 618//263 
f 617//262 618//263 1246//263 
f 610//261 617//262 1245//262 
f 608//260 610//261 1241//261 
f 614//259 608//260 1240//260 
f 613//258 614//259 1243//259 
f 615//257 613//258 1249//258 
f 1253//256 1235//255 624//255 
f 623//254 624//255 1235//255 
f 620//253 623//254 1234//254 
f 621//252 620//253 1236//253 
f 622//251 621//252 1233//252 
f 625//250 622//251 1238//251 
f 1226//249 1222//248 627//248 
f 628//247 627//248 1222//248 
f 630//246 628//247 1221//247 
f 638//245 630//246 1225//246 
f 636//244 638//245 1231//245 
f 631//243 636//244 1228//244 
f 640//242 631//243 1227//243 
f 1215//240 1207//239 651//239 
f 649//238 651//239 1207//239 
f 647//237 649//238 1206//238 
f 648//236 647//237 1213//237 
f 1210//235 1300//233 653//233 
f 652//234 653//233 1300//233 
o mesh11
f 656//272 652//272 1299//272 
f 1299//272 1298//272 656//272 
o mesh12
f 1294//273 1286//273 700//273 
f 673//273 700//273 1286//273 
f 1286//273 1285//273 673//273 
f 674//273 673//273 1285//273 
f 1285//273 1284//273 674//273 
f 675//273 674//273 1284//273 
f 1284//273 1283//273 675//273 
f 695//273 675//273 1283//273 
f 1283//273 1270//273 695//273 
f 700//273 667//273 1294//273 
o mesh13
f 659//274 656//275 1298//275 
f 661//276 659//274 1302//277 
f 660//278 661//276 1304//279 
f 657//280 660//278 1303//281 
f 666//282 658//283 1305//283 
f 657//280 1306//284 1305//283 
f 1305//283 658//283 657//280 
f 664//285 666//282 1288//286 
f 665//287 664//285 1287//288 
f 662//289 665//287 1290//290 
f 663//291 662//289 1289//292 
f 668//293 663//291 1292//294 
f 670//295 668//293 1291//296 
f 671//297 670//295 1293//298 
f 672//299 671//297 1296//300 
f 669//301 672//299 1295//302 
f 667//303 669//301 1297//304 
f 1297//304 1294//303 667//303 
f 1295//302 1297//304 669//301 
f 1296//300 1295//302 672//299 
f 1293//298 1296//300 671//297 
f 1291//296 1293//298 670//295 
f 1292//294 1291//296 668//293 
f 1289//292 1292//294 663//291 
f 1290//290 1289//292 662//289 
f 1287//288 1290//290 665//287 
f 1288//286 1287//288 664//285 
f 1305//283 1288//286 666//282 
f 1303//281 1306//284 657//280 
f 1304//279 1303//281 660//278 
f 1302//277 1304//279 661//276 
f 1298//275 1302//277 659//274 
o mesh14
f 1281//305 1261//306 676//306 
f 1282//307 1281//305 678//308 
f 1277//309 1282//307 698//310 
f 1266//311 1277//309 699//312 
f 1267//313 1266//311 688//314 
f 1275//315 1267//313 686//316 
f 1276//317 1275//315 685//318 
f 1273//319 1276//317 690//320 
f 1274//321 1273//319 689//322 
f 1280//323 1274//321 692//324 
f 1279//325 1280//323 691//326 
f 1271//327 1279//325 696//328 
f 1272//329 1271//327 697//330 
f 1278//331 1272//329 694//332 
f 1270//333 1278//331 693//334 
f 693//334 695//333 1270//333 
f 694//332 693//334 1278//331 
f 697//330 694//332 1272//329 
f 696//328 697//330 1271//327 
f 691//326 696//328 1279//325 
f 692//324 691//326 1280//323 
f 689//322 692//324 1274//321 
f 690//320 689//322 1273//319 
f 685//318 690//320 1276//317 
f 686//316 685//318 1275//315 
f 688//314 686//316 1267//313 
f 699//312 688//314 1266//311 
f 698//310 699//312 1277//309 
f 678//308 698//310 1282//307 
f 676//306 678//308 1281//305 
o mesh15
f 370//335 369//336 1012//336 
f 379//337 370//335 1014//338 
f 367//339 379//337 1020//340 
f 368//341 367//339 1023//342 
f 376//343 368//341 1021//344 
f 365//345 376//343 1016//346 
f 366//347 365//345 1015//348 
f 359//349 366//347 1018//350 
f 360//351 359//349 1017//352 
f 364//353 360//351 1005//354 
f 391//355 413//356 1006//356 
f 1004//357 1006//356 413//356 
f 413//356 364//353 1004//357 
f 392//358 391//355 994//359 
f 396//360 392//358 967//361 
f 395//362 396//360 966//363 
f 390//364 395//362 971//365 
f 387//366 390//364 972//367 
f 381//368 387//366 977//369 
f 382//370 381//368 973//371 
f 399//372 382//370 969//373 
f 400//374 399//372 968//375 
f 401//376 400//374 981//377 
f 402//378 401//376 980//379 
f 411//380 402//378 985//381 
f 412//382 411//380 984//383 
f 416//384 412//382 995//385 
f 418//386 416//384 988//387 
f 415//388 418//386 987//389 
f 410//390 415//388 1000//391 
f 408//392 410//390 996//393 
f 409//394 408//392 989//395 
f 417//396 409//394 998//397 
f 406//398 417//396 997//399 
f 407//400 406//398 1001//401 
f 414//402 407//400 999//403 
f 404//404 414//402 991//405 
f 405//406 404//404 990//407 
f 397//408 405//406 993//409 
f 398//410 397//408 992//411 
f 385//412 398//410 983//413 
f 386//414 385//412 982//415 
f 389//416 386//414 965//417 
f 394//418 389//416 964//419 
f 393//420 394//418 970//421 
f 388//422 393//420 974//423 
f 383//424 388//422 978//425 
f 384//426 383//424 979//427 
f 403//428 384//426 976//429 
f 361//430 363//431 986//431 
f 975//432 986//431 363//431 
f 363//431 403//428 975//432 
f 362//433 361//430 1007//434 
f 374//435 362//433 1003//436 
f 375//437 374//435 1002//438 
f 372//439 375//437 1009//440 
f 373//441 372//439 1008//442 
f 378//443 373//441 1019//444 
f 380//445 378//443 1011//446 
f 377//447 380//445 1010//448 
f 371//449 377//447 1022//450 
f 369//336 371//449 1013//449 
f 1013//449 1012//336 369//336 
f 1022//450 1013//449 371//449 
f 1010//448 1022//450 377//447 
f 1011//446 1010//448 380//445 
f 1019//444 1011//446 378//443 
f 1008//442 1019//444 373//441 
f 1009//440 1008//442 372//439 
f 1002//438 1009//440 375//437 
f 1003//436 1002//438 374//435 
f 1007//434 1003//436 362//433 
f 986//431 1007//434 361//430 
f 976//429 975//432 403//428 
f 979//427 976//429 384//426 
f 978//425 979//427 383//424 
f 974//423 978//425 388//422 
f 970//421 974//423 393//420 
f 964//419 970//421 394//418 
f 965//417 964//419 389//416 
f 982//415 965//417 386//414 
f 983//413 982//415 385//412 
f 992//411 983//413 398//410 
f 993//409 992//411 397//408 
f 990//407 993//409 405//406 
f 991//405 990//407 404//404 
f 999//403 991//405 414//402 
f 1001//401 999//403 407//400 
f 997//399 1001//401 406//398 
f 998//397 997//399 417//396 
f 989//395 998//397 409//394 
f 996//393 989//395 408//392 
f 1000//391 996//393 410//390 
f 987//389 1000//391 415//388 
f 988//387 987//389 418//386 
f 995//385 988//387 416//384 
f 984//383 995//385 412//382 
f 985//381 984//383 411//380 
f 980//379 985//381 402//378 
f 981//377 980//379 401//376 
f 968//375 981//377 400//374 
f 969//373 968//375 399//372 
f 973//371 969//373 382//370 
f 977//369 973//371 381//368 
f 972//367 977//369 387//366 
f 971//365 972//367 390//364 
f 966//363 971//365 395//362 
f 967//361 966//363 396//360 
f 994//359 967//361 392//358 
f 1006//356 994//359 391//355 
f 1005//354 1004//357 364//353 
f 1017//352 1005//354 360//351 
f 1018//350 1017//352 359//349 
f 1015//348 1018//350 366//347 
f 1016//346 1015//348 365//345 
f 1021//344 1016//346 376//343 
f 1023//342 1021//344 368//341 
f 1020//340 1023//342 367//339 
f 1014//338 1020//340 379//337 
f 1012//336 1014//338 370//335 
o mesh16
f 326//451 329//452 787//452 
f 327//453 326//451 786//454 
f 338//455 327//453 796//456 
f 324//457 338//455 795//458 
f 325//459 324//457 802//460 
f 322//461 325//459 798//462 
f 323//463 322//461 797//464 
f 318//465 323//463 803//466 
f 319//467 318//465 789//468 
f 316//469 319//467 788//470 
f 317//471 316//469 790//472 
f 355//473 317//471 780//474 
f 351//475 355//473 779//476 
f 349//477 351//475 809//478 
f 350//479 349//477 813//480 
f 347//481 350//479 810//482 
f 345//483 347//481 811//484 
f 346//485 345//483 799//486 
f 308//487 346//485 792//488 
f 309//489 308//487 791//490 
f 314//491 309//489 781//492 
f 313//493 314//491 760//494 
f 306//495 313//493 759//496 
f 307//497 306//495 761//498 
f 304//499 307//497 754//500 
f 305//501 304//499 753//502 
f 302//503 305//501 763//504 
f 303//505 302//503 762//506 
f 298//507 303//505 756//508 
f 299//509 298//507 755//510 
f 296//511 299//509 752//512 
f 297//513 296//511 751//514 
f 300//515 297//513 770//516 
f 301//517 300//515 764//518 
f 321//519 301//517 758//520 
f 320//521 321//519 757//522 
f 311//523 320//521 793//524 
f 312//525 311//523 782//526 
f 336//527 312//525 771//528 
f 337//529 336//527 766//530 
f 344//531 337//529 801//532 
f 358//533 344//531 800//534 
f 357//535 358//533 804//536 
f 356//537 357//535 807//538 
f 343//539 356//537 806//540 
f 334//541 343//539 812//542 
f 335//543 334//541 794//544 
f 348//545 335//543 783//546 
f 332//547 348//545 772//548 
f 333//549 332//547 769//550 
f 342//551 333//549 768//552 
f 330//553 342//551 773//554 
f 331//555 330//553 784//556 
f 341//557 331//555 775//558 
f 339//559 341//557 774//560 
f 340//561 339//559 785//562 
f 328//563 340//561 777//564 
f 329//452 328//563 776//563 
f 776//563 787//452 329//452 
f 777//564 776//563 328//563 
f 785//562 777//564 340//561 
f 774//560 785//562 339//559 
f 775//558 774//560 341//557 
f 784//556 775//558 331//555 
f 773//554 784//556 330//553 
f 768//552 773//554 342//551 
f 769//550 768//552 333//549 
f 772//548 769//550 332//547 
f 783//546 772//548 348//545 
f 794//544 783//546 335//543 
f 812//542 794//544 334//541 
f 806//540 812//542 343//539 
f 807//538 806//540 356//537 
f 804//536 807//538 357//535 
f 800//534 804//536 358//533 
f 801//532 800//534 344//531 
f 766//530 801//532 337//529 
f 771//528 766//530 336//527 
f 782//526 771//528 312//525 
f 793//524 782//526 311//523 
f 757//522 793//524 320//521 
f 758//520 757//522 321//519 
f 764//518 758//520 301//517 
f 770//516 764//518 300//515 
f 751//514 770//516 297//513 
f 752//512 751//514 296//511 
f 755//510 752//512 299//509 
f 756//508 755//510 298//507 
f 762//506 756//508 303//505 
f 763//504 762//506 302//503 
f 753//502 763//504 305//501 
f 754//500 753//502 304//499 
f 761//498 754//500 307//497 
f 759//496 761//498 306//495 
f 760//494 759//496 313//493 
f 781//492 760//494 314//491 
f 791//490 781//492 309//489 
f 792//488 791//490 308//487 
f 799//486 792//488 346//485 
f 811//484 799//486 345//483 
f 810//482 811//484 347//481 
f 813//480 810//482 350//479 
f 809//478 813//480 349//477 
f 779//476 809//478 351//475 
f 780//474 779//476 355//473 
f 790//472 780//474 317//471 
f 788//470 790//472 316//469 
f 789//468 788//470 319//467 
f 803//466 789//468 318//465 
f 797//464 803//466 323//463 
f 798//462 797//464 322//461 
f 802//460 798//462 325//459 
f 795//458 802//460 324//457 
f 796//456 795//458 338//455 
f 786//454 796//456 327//453 
f 787//452 786//454 326//451 
o mesh17
f 292//565 295//566 878//566 
f 293//567 292//565 877//568 
f 264//569 293//567 880//570 
f 248//571 264//569 879//572 
f 249//573 248//571 870//574 
f 263//575 249//573 867//576 
f 262//577 263//575 872//578 
f 245//579 262//577 871//580 
f 246//581 245//579 873//582 
f 261//583 246//581 869//584 
f 236//585 261//583 868//586 
f 237//587 236//585 874//588 
f 234//589 237//587 846//590 
f 240//591 234//589 845//592 
f 231//593 240//591 863//594 
f 229//595 231//593 828//596 
f 241//597 229//595 827//598 
f 238//599 241//597 848//600 
f 239//601 238//599 849//602 
f 259//603 239//601 831//604 
f 260//605 259//603 830//606 
f 257//607 260//605 833//608 
f 258//609 257//607 832//610 
f 255//611 258//609 835//612 
f 256//613 255//611 834//614 
f 275//615 256//613 850//616 
f 284//617 275//615 837//618 
f 273//619 284//617 836//620 
f 274//621 273//619 866//622 
f 283//623 274//621 839//624 
f 253//625 283//623 838//626 
f 254//627 253//625 851//628 
f 272//629 254//627 853//630 
f 282//631 272//629 852//632 
f 270//633 282//631 855//634 
f 271//635 270//633 854//636 
f 281//637 271//635 864//638 
f 268//639 281//637 857//640 
f 269//641 268//639 856//642 
f 280//643 269//641 824//644 
f 279//645 280//643 823//646 
f 266//647 279//645 826//648 
f 251//649 266//647 814//650 
f 252//651 251//649 816//652 
f 242//653 252//651 825//654 
f 243//655 242//653 819//656 
f 289//657 243//655 822//658 
f 277//659 289//657 821//660 
f 278//661 277//659 858//662 
f 288//663 278//661 841//664 
f 286//665 288//663 840//666 
f 287//667 286//665 859//668 
f 276//669 287//667 860//670 
f 285//671 276//669 844//672 
f 290//673 285//671 843//674 
f 291//675 290//673 861//676 
f 294//677 291//675 876//678 
f 295//566 294//677 875//677 
f 875//677 878//566 295//566 
f 876//678 875//677 294//677 
f 861//676 876//678 291//675 
f 843//674 861//676 290//673 
f 844//672 843//674 285//671 
f 860//670 844//672 276//669 
f 859//668 860//670 287//667 
f 840//666 859//668 286//665 
f 841//664 840//666 288//663 
f 858//662 841//664 278//661 
f 821//660 858//662 277//659 
f 822//658 821//660 289//657 
f 819//656 822//658 243//655 
f 825//654 819//656 242//653 
f 816//652 825//654 252//651 
f 814//650 816//652 251//649 
f 826//648 814//650 266//647 
f 823//646 826//648 279//645 
f 824//644 823//646 280//643 
f 856//642 824//644 269//641 
f 857//640 856//642 268//639 
f 864//638 857//640 281//637 
f 854//636 864//638 271//635 
f 855//634 854//636 270//633 
f 852//632 855//634 282//631 
f 853//630 852//632 272//629 
f 851//628 853//630 254//627 
f 838//626 851//628 253//625 
f 839//624 838//626 283//623 
f 866//622 839//624 274//621 
f 836//620 866//622 273//619 
f 837//618 836//620 284//617 
f 850//616 837//618 275//615 
f 834//614 850//616 256//613 
f 835//612 834//614 255//611 
f 832//610 835//612 258//609 
f 833//608 832//610 257//607 
f 830//606 833//608 260//605 
f 831//604 830//606 259//603 
f 849//602 831//604 239//601 
f 848//600 849//602 238//599 
f 827//598 848//600 241//597 
f 828//596 827//598 229//595 
f 863//594 828//596 231//593 
f 845//592 863//594 240//591 
f 846//590 845//592 234//589 
f 874//588 846//590 237//587 
f 868//586 874//588 236//585 
f 869//584 868//586 261//583 
f 873//582 869//584 246//581 
f 871//580 873//582 245//579 
f 872//578 871//580 262//577 
f 867//576 872//578 263//575 
f 870//574 867//576 249//573 
f 879//572 870//574 248//571 
f 880//570 879//572 264//569 
f 877//568 880//570 293//567 
f 878//566 877//568 292//565 
o mesh18
f 191//679 193//680 906//680 
f 192//681 191//679 919//682 
f 210//683 192//681 927//684 
f 201//685 210//683 926//686 
f 202//687 201//685 934//688 
f 209//689 202//687 929//690 
f 182//691 209//689 928//692 
f 183//693 182//691 935//694 
f 190//695 183//693 910//696 
f 188//697 190//695 909//698 
f 189//699 188//697 920//700 
f 225//701 189//699 922//702 
f 224//703 225//701 921//704 
f 221//705 224//703 941//706 
f 222//707 221//705 942//708 
f 220//709 222//707 939//710 
f 218//711 220//709 940//712 
f 219//713 218//711 930//714 
f 180//715 219//713 924//716 
f 181//717 180//715 923//718 
f 187//719 181//717 911//720 
f 186//721 187//719 884//722 
f 178//723 186//721 883//724 
f 179//725 178//723 885//726 
f 176//727 179//725 882//728 
f 177//729 176//727 881//730 
f 174//731 177//729 887//732 
f 175//733 174//731 886//734 
f 170//735 175//733 889//736 
f 171//737 170//735 888//738 
f 168//739 171//737 891//740 
f 169//741 168//739 890//742 
f 172//743 169//741 893//744 
f 173//745 172//743 892//746 
f 208//747 173//745 913//748 
f 200//749 208//747 912//750 
f 184//751 200//749 914//752 
f 185//753 184//751 896//754 
f 206//755 185//753 895//756 
f 207//757 206//755 894//758 
f 217//759 207//757 932//760 
f 228//761 217//759 931//762 
f 226//763 228//761 933//764 
f 227//765 226//763 937//766 
f 223//767 227//765 936//768 
f 215//769 223//767 938//770 
f 216//771 215//769 925//772 
f 198//773 216//771 916//774 
f 199//775 198//773 915//776 
f 205//777 199//775 899//778 
f 214//779 205//777 898//780 
f 203//781 214//779 901//782 
f 204//783 203//781 900//784 
f 213//785 204//783 903//786 
f 211//787 213//785 902//788 
f 212//789 211//787 917//790 
f 195//791 212//789 918//792 
f 193//680 195//791 904//791 
f 904//791 906//680 193//680 
f 918//792 904//791 195//791 
f 917//790 918//792 212//789 
f 902//788 917//790 211//787 
f 903//786 902//788 213//785 
f 900//784 903//786 204//783 
f 901//782 900//784 203//781 
f 898//780 901//782 214//779 
f 899//778 898//780 205//777 
f 915//776 899//778 199//775 
f 916//774 915//776 198//773 
f 925//772 916//774 216//771 
f 938//770 925//772 215//769 
f 936//768 938//770 223//767 
f 937//766 936//768 227//765 
f 933//764 937//766 226//763 
f 931//762 933//764 228//761 
f 932//760 931//762 217//759 
f 894//758 932//760 207//757 
f 895//756 894//758 206//755 
f 896//754 895//756 185//753 
f 914//752 896//754 184//751 
f 912//750 914//752 200//749 
f 913//748 912//750 208//747 
f 892//746 913//748 173//745 
f 893//744 892//746 172//743 
f 890//742 893//744 169//741 
f 891//740 890//742 168//739 
f 888//738 891//740 171//737 
f 889//736 888//738 170//735 
f 886//734 889//736 175//733 
f 887//732 886//734 174//731 
f 881//730 887//732 177//729 
f 882//728 881//730 176//727 
f 885//726 882//728 179//725 
f 883//724 885//726 178//723 
f 884//722 883//724 186//721 
f 911//720 884//722 187//719 
f 923//718 911//720 181//717 
f 924//716 923//718 180//715 
f 930//714 924//716 219//713 
f 940//712 930//714 218//711 
f 939//710 940//712 220//709 
f 942//708 939//710 222//707 
f 941//706 942//708 221//705 
f 921//704 941//706 224//703 
f 922//702 921//704 225//701 
f 920//700 922//702 189//699 
f 909//698 920//700 188//697 
f 910//696 909//698 190//695 
f 935//694 910//696 183//693 
f 928//692 935//694 182//691 
f 929//690 928//692 209//689 
f 934//688 929//690 202//687 
f 926//686 934//688 201//685 
f 927//684 926//686 210//683 
f 919//682 927//684 192//681 
f 906//680 919//682 191//679 
o mesh19
f 436//793 435//794 1079//794 
f 439//795 436//793 1081//796 
f 434//797 439//795 1080//798 
f 427//799 434//797 1083//800 
f 428//801 427//799 1082//802 
f 425//803 428//801 1074//804 
f 426//805 425//803 1073//806 
f 421//807 426//805 1076//808 
f 419//809 421//807 1075//810 
f 420//811 419//809 1066//812 
f 459//813 458//814 1077//814 
f 1062//815 1077//814 458//814 
f 458//814 420//811 1062//815 
f 462//816 459//813 1032//817 
f 457//818 462//816 1031//819 
f 454//820 457//818 1040//821 
f 455//822 454//820 1034//823 
f 448//824 455//822 1033//825 
f 453//826 448//824 1036//827 
f 452//828 453//826 1035//829 
f 446//830 452//828 1041//831 
f 447//832 446//830 1042//833 
f 471//834 447//832 1038//835 
f 472//836 471//834 1037//837 
f 477//838 472//836 1047//839 
f 469//840 477//838 1046//841 
f 470//842 469//840 1055//843 
f 478//844 470//842 1049//845 
f 475//846 478//844 1048//847 
f 476//848 475//846 1060//849 
f 474//850 476//848 1057//851 
f 467//852 474//850 1056//853 
f 468//854 467//852 1058//855 
f 473//856 468//854 1050//857 
f 465//858 473//856 1061//859 
f 466//860 465//858 1059//861 
f 463//862 466//860 1052//863 
f 464//864 463//862 1051//865 
f 444//866 464//864 1054//867 
f 445//868 444//866 1053//869 
f 451//870 445//868 1025//871 
f 449//872 451//870 1024//873 
f 450//874 449//872 1027//875 
f 443//876 450//874 1029//877 
f 441//878 443//876 1028//879 
f 442//880 441//878 1026//881 
f 456//882 442//880 1030//883 
f 460//884 456//882 1039//885 
f 461//886 460//884 1043//887 
f 422//888 424//889 1044//889 
f 1045//890 1044//889 424//889 
f 424//889 461//886 1045//890 
f 423//891 422//888 1063//892 
f 432//893 423//891 1065//894 
f 433//895 432//893 1064//896 
f 430//897 433//895 1068//898 
f 431//899 430//897 1067//900 
f 438//901 431//899 1070//902 
f 440//903 438//901 1069//904 
f 429//905 440//903 1078//906 
f 437//907 429//905 1072//908 
f 435//794 437//907 1071//907 
f 1071//907 1079//794 435//794 
f 1072//908 1071//907 437//907 
f 1078//906 1072//908 429//905 
f 1069//904 1078//906 440//903 
f 1070//902 1069//904 438//901 
f 1067//900 1070//902 431//899 
f 1068//898 1067//900 430//897 
f 1064//896 1068//898 433//895 
f 1065//894 1064//896 432//893 
f 1063//892 1065//894 423//891 
f 1044//889 1063//892 422//888 
f 1043//887 1045//890 461//886 
f 1039//885 1043//887 460//884 
f 1030//883 1039//885 456//882 
f 1026//881 1030//883 442//880 
f 1028//879 1026//881 441//878 
f 1029//877 1028//879 443//876 
f 1027//875 1029//877 450//874 
f 1024//873 1027//875 449//872 
f 1025//871 1024//873 451//870 
f 1053//869 1025//871 445//868 
f 1054//867 1053//869 444//866 
f 1051//865 1054//867 464//864 
f 1052//863 1051//865 463//862 
f 1059//861 1052//863 466//860 
f 1061//859 1059//861 465//858 
f 1050//857 1061//859 473//856 
f 1058//855 1050//857 468//854 
f 1056//853 1058//855 467//852 
f 1057//851 1056//853 474//850 
f 1060//849 1057//851 476//848 
f 1048//847 1060//849 475//846 
f 1049//845 1048//847 478//844 
f 1055//843 1049//845 470//842 
f 1046//841 1055//843 469//840 
f 1047//839 1046//841 477//838 
f 1037//837 1047//839 472//836 
f 1038//835 1037//837 471//834 
f 1042//833 1038//835 447//832 
f 1041//831 1042//833 446//830 
f 1035//829 1041//831 452//828 
f 1036//827 1035//829 453//826 
f 1033//825 1036//827 448//824 
f 1034//823 1033//825 455//822 
f 1040//821 1034//823 454//820 
f 1031//819 1040//821 457//818 
f 1032//817 1031//819 462//816 
f 1077//814 1032//817 459//813 
f 1066//812 1062//815 420//811 
f 1075//810 1066//812 419//809 
f 1076//808 1075//810 421//807 
f 1073//806 1076//808 426//805 
f 1074//804 1073//806 425//803 
f 1082//802 1074//804 428//801 
f 1083//800 1082//802 427//799 
f 1080//798 1083//800 434//797 
f 1081//796 1080//798 439//795 
f 1079//794 1081//796 436//793 
o mesh20
f 504//909 499//910 1124//910 
f 510//911 504//909 1136//912 
f 508//913 510//911 1135//914 
f 509//915 508//913 1144//916 
f 495//917 509//915 1140//918 
f 496//919 495//917 1139//920 
f 493//921 496//919 1126//922 
f 494//923 493//921 1125//924 
f 484//925 494//923 1128//926 
f 485//927 484//925 1127//928 
f 482//929 485//927 1113//930 
f 483//931 482//929 1112//932 
f 481//933 483//931 1115//934 
f 479//935 481//933 1114//936 
f 480//937 479//935 1110//938 
f 492//939 480//937 1116//940 
f 507//941 492//939 1118//942 
f 522//943 524//944 1086//944 
f 1137//945 1086//944 524//944 
f 524//944 507//941 1137//945 
f 523//946 522//943 1085//947 
f 520//948 523//946 1088//949 
f 521//950 520//948 1087//951 
f 518//952 521//950 1090//953 
f 519//954 518//952 1089//955 
f 534//956 519//954 1092//957 
f 535//958 534//956 1091//959 
f 538//960 535//958 1105//961 
f 532//962 538//960 1104//963 
f 516//964 532//962 1106//965 
f 517//966 516//964 1094//967 
f 515//968 517//966 1093//969 
f 533//970 515//968 1096//971 
f 536//972 533//970 1095//973 
f 537//974 536//972 1107//975 
f 530//976 537//974 1109//977 
f 531//978 530//976 1108//979 
f 528//980 531//978 1098//981 
f 529//982 528//980 1097//983 
f 526//984 529//982 1100//985 
f 527//986 526//984 1099//987 
f 525//988 527//986 1102//989 
f 506//990 512//991 1103//991 
f 1101//992 1103//991 512//991 
f 512//991 525//988 1101//992 
f 497//993 506//990 1141//994 
f 490//995 497//993 1129//996 
f 491//997 490//995 1117//998 
f 488//999 491//997 1111//1000 
f 489//1001 488//999 1119//1002 
f 486//1003 489//1001 1121//1004 
f 487//1005 486//1003 1120//1006 
f 502//1007 487//1005 1123//1008 
f 503//1009 502//1007 1122//1010 
f 500//1011 503//1009 1131//1012 
f 501//1013 500//1011 1130//1014 
f 513//1015 501//1013 1133//1016 
f 514//1017 513//1015 1132//1018 
f 511//1019 514//1017 1143//1020 
f 505//1021 511//1019 1142//1022 
f 498//1023 505//1021 1138//1024 
f 499//910 498//1023 1134//1023 
f 1134//1023 1124//910 499//910 
f 1138//1024 1134//1023 498//1023 
f 1142//1022 1138//1024 505//1021 
f 1143//1020 1142//1022 511//1019 
f 1132//1018 1143//1020 514//1017 
f 1133//1016 1132//1018 513//1015 
f 1130//1014 1133//1016 501//1013 
f 1131//1012 1130//1014 500//1011 
f 1122//1010 1131//1012 503//1009 
f 1123//1008 1122//1010 502//1007 
f 1120//1006 1123//1008 487//1005 
f 1121//1004 1120//1006 486//1003 
f 1119//1002 1121//1004 489//1001 
f 1111//1000 1119//1002 488//999 
f 1117//998 1111//1000 491//997 
f 1129//996 1117//998 490//995 
f 1141//994 1129//996 497//993 
f 1103//991 1141//994 506//990 
f 1102//989 1101//992 525//988 
f 1099//987 1102//989 527//986 
f 1100//985 1099//987 526//984 
f 1097//983 1100//985 529//982 
f 1098//981 1097//983 528//980 
f 1108//979 1098//981 531//978 
f 1109//977 1108//979 530//976 
f 1107//975 1109//977 537//974 
f 1095//973 1107//975 536//972 
f 1096//971 1095//973 533//970 
f 1093//969 1096//971 515//968 
f 1094//967 1093//969 517//966 
f 1106//965 1094//967 516//964 
f 1104//963 1106//965 532//962 
f 1105//961 1104//963 538//960 
f 1091//959 1105//961 535//958 
f 1092//957 1091//959 534//956 
f 1089//955 1092//957 519//954 
f 1090//953 1089//955 518//952 
f 1087//951 1090//953 521//950 
f 1088//949 1087//951 520//948 
f 1085//947 1088//949 523//946 
f 1086//944 1085//947 522//943 
f 1118//942 1137//945 507//941 
f 1116//940 1118//942 492//939 
f 1110//938 1116//940 480//937 
f 1114//936 1110//938 479//935 
f 1115//934 1114//936 481//933 
f 1112//932 1115//934 483//931 
f 1113//930 1112//932 482//929 
f 1127//928 1113//930 485//927 
f 1128//926 1127//928 484//925 
f 1125//924 1128//926 494//923 
f 1126//922 1125//924 493//921 
f 1139//920 1126//922 496//919 
f 1140//918 1139//920 495//917 
f 1144//916 1140//918 509//915 
f 1135//914 1144//916 508//913 
f 1136//912 1135//914 510//911 
f 1124//910 1136//912 504//909 
o mesh21
f 559//1025 557//1026 1195//1026 
f 570//1027 559//1025 1194//1028 
f 568//1029 570//1027 1198//1030 
f 569//1031 568//1029 1200//1032 
f 555//1033 569//1031 1202//1034 
f 556//1035 555//1033 1201//1036 
f 553//1037 556//1035 1186//1038 
f 554//1039 553//1037 1185//1040 
f 545//1041 554//1039 1188//1042 
f 546//1043 545//1041 1187//1044 
f 543//1045 546//1043 1172//1046 
f 544//1047 543//1045 1171//1048 
f 542//1049 544//1047 1174//1050 
f 539//1051 542//1049 1173//1052 
f 540//1053 539//1051 1176//1054 
f 552//1055 540//1053 1175//1056 
f 567//1057 552//1055 1180//1058 
f 584//1059 586//1060 1150//1060 
f 1196//1061 1150//1060 586//1060 
f 586//1060 567//1057 1196//1061 
f 585//1062 584//1059 1149//1063 
f 582//1064 585//1062 1152//1065 
f 583//1066 582//1064 1151//1067 
f 580//1068 583//1066 1154//1069 
f 581//1070 580//1068 1153//1071 
f 596//1072 581//1070 1156//1073 
f 597//1074 596//1072 1155//1075 
f 595//1076 597//1074 1166//1077 
f 578//1078 595//1076 1165//1079 
f 579//1080 578//1078 1167//1081 
f 576//1082 579//1080 1146//1083 
f 577//1084 576//1082 1148//1085 
f 594//1086 577//1084 1147//1087 
f 598//1088 594//1086 1157//1089 
f 599//1090 598//1088 1168//1091 
f 592//1092 599//1090 1170//1093 
f 593//1094 592//1092 1169//1095 
f 590//1096 593//1094 1159//1097 
f 591//1098 590//1096 1158//1099 
f 588//1100 591//1098 1161//1101 
f 589//1102 588//1100 1160//1103 
f 587//1104 589//1102 1163//1105 
f 566//1106 574//1107 1164//1107 
f 1162//1108 1164//1107 574//1107 
f 574//1107 587//1104 1162//1108 
f 558//1109 566//1106 1203//1110 
f 551//1111 558//1109 1189//1112 
f 541//1113 551//1111 1178//1114 
f 549//1115 541//1113 1177//1116 
f 550//1117 549//1115 1179//1118 
f 547//1119 550//1117 1182//1120 
f 548//1121 547//1119 1181//1122 
f 564//1123 548//1121 1184//1124 
f 565//1125 564//1123 1183//1126 
f 562//1127 565//1125 1191//1128 
f 563//1129 562//1127 1190//1130 
f 572//1131 563//1129 1193//1132 
f 573//1133 572//1131 1192//1134 
f 571//1135 573//1133 1205//1136 
f 560//1137 571//1135 1204//1138 
f 561//1139 560//1137 1199//1140 
f 557//1026 561//1139 1197//1139 
f 1197//1139 1195//1026 557//1026 
f 1199//1140 1197//1139 561//1139 
f 1204//1138 1199//1140 560//1137 
f 1205//1136 1204//1138 571//1135 
f 1192//1134 1205//1136 573//1133 
f 1193//1132 1192//1134 572//1131 
f 1190//1130 1193//1132 563//1129 
f 1191//1128 1190//1130 562//1127 
f 1183//1126 1191//1128 565//1125 
f 1184//1124 1183//1126 564//1123 
f 1181//1122 1184//1124 548//1121 
f 1182//1120 1181//1122 547//1119 
f 1179//1118 1182//1120 550//1117 
f 1177//1116 1179//1118 549//1115 
f 1178//1114 1177//1116 541//1113 
f 1189//1112 1178//1114 551//1111 
f 1203//1110 1189//1112 558//1109 
f 1164//1107 1203//1110 566//1106 
f 1163//1105 1162//1108 587//1104 
f 1160//1103 1163//1105 589//1102 
f 1161//1101 1160//1103 588//1100 
f 1158//1099 1161//1101 591//1098 
f 1159//1097 1158//1099 590//1096 
f 1169//1095 1159//1097 593//1094 
f 1170//1093 1169//1095 592//1092 
f 1168//1091 1170//1093 599//1090 
f 1157//1089 1168//1091 598//1088 
f 1147//1087 1157//1089 594//1086 
f 1148//1085 1147//1087 577//1084 
f 1146//1083 1148//1085 576//1082 
f 1167//1081 1146//1083 579//1080 
f 1165//1079 1167//1081 578//1078 
f 1166//1077 1165//1079 595//1076 
f 1155//1075 1166//1077 597//1074 
f 1156//1073 1155//1075 596//1072 
f 1153//1071 1156//1073 581//1070 
f 1154//1069 1153//1071 580//1068 
f 1151//1067 1154//1069 583//1066 
f 1152//1065 1151//1067 582//1064 
f 1149//1063 1152//1065 585//1062 
f 1150//1060 1149//1063 584//1059 
f 1180//1058 1196//1061 567//1057 
f 1175//1056 1180//1058 552//1055 
f 1176//1054 1175//1056 540//1053 
f 1173//1052 1176//1054 539//1051 
f 1174//1050 1173//1052 542//1049 
f 1171//1048 1174//1050 544//1047 
f 1172//1046 1171//1048 543//1045 
f 1187//1044 1172//1046 546//1043 
f 1188//1042 1187//1044 545//1041 
f 1185//1040 1188//1042 554//1039 
f 1186//1038 1185//1040 553//1037 
f 1201//1036 1186//1038 556//1035 
f 1202//1034 1201//1036 555//1033 
f 1200//1032 1202//1034 569//1031 
f 1198//1030 1200//1032 568//1029 
f 1194//1028 1198//1030 570//1027 
f 1195//1026 1194//1028 559//1025 
