# OBJ generated by ONSHAPE BY PTC INC, 1.217 Units = meters
mtllib ARCADA001 - -------- v2.mtl
g ???????? v2
v 0.01446 0.02515 0 
v 0.01446 0.024 1.09238e-18 
v 0.0144339 0.024 -0.000482211 
v 0.0144339 0.02515 -0.000482211 
v 0.0143557 0.024 -0.000958768 
v 0.0143557 0.02515 -0.000958768 
v 0.0142265 0.024 -0.00142408 
v 0.0142265 0.02515 -0.00142408 
v 0.0140478 0.024 -0.00187271 
v 0.0140478 0.02515 -0.00187271 
v 0.0138216 0.024 -0.00229937 
v 0.0138216 0.02515 -0.00229937 
v 0.0135506 0.024 -0.00269908 
v 0.0132379 0.02515 -0.00306714 
v 0.0135506 0.02515 -0.00269908 
v 0.0134181 0.024 -0.002855 
v 0.0132379 0.024 -0.00306714 
v 0.0128873 0.024 -0.00339924 
v 0.0128873 0.02515 -0.00339924 
v 0.0125029 0.024 -0.00369149 
v 0.0125029 0.02515 -0.00369149 
v 0.0120891 0.024 -0.00394046 
v 0.0120891 0.02515 -0.00394046 
v 0.0116508 0.024 -0.00414324 
v 0.0116508 0.02515 -0.00414324 
v 0.0111932 0.024 -0.00429743 
v 0.0111932 0.02515 -0.00429743 
v 0.0107215 0.024 -0.00440125 
v 0.0107215 0.02515 -0.00440125 
v 0.0102415 0.024 -0.00445346 
v 0.0102415 0.02515 -0.00445346 
v 0.00975854 0.024 -0.00445346 
v 0.00975854 0.02515 -0.00445346 
v 0.00927845 0.024 -0.00440125 
v 0.00927845 0.02515 -0.00440125 
v 0.00880682 0.024 -0.00429743 
v 0.00880682 0.02515 -0.00429743 
v 0.00834918 0.024 -0.00414324 
v 0.00834918 0.02515 -0.00414324 
v 0.0079109 0.024 -0.00394046 
v 0.0079109 0.02515 -0.00394046 
v 0.00749711 0.024 -0.00369149 
v 0.00749711 0.02515 -0.00369149 
v 0.007145 0.024 -0.00342383 
v 0.00711266 0.02515 -0.00339924 
v 0.00711266 0.024 -0.00339924 
v 0.00676206 0.024 -0.00306714 
v 0.00676206 0.02515 -0.00306714 
v 0.00658187 0.024 -0.002855 
v 0.00644942 0.02515 -0.00269908 
v 0.00644942 0.024 -0.00269908 
v 0.00617842 0.024 -0.00229937 
v 0.00617842 0.02515 -0.00229937 
v 0.00595221 0.024 -0.00187271 
v 0.00595221 0.02515 -0.00187271 
v 0.00577347 0.024 -0.00142408 
v 0.00577347 0.02515 -0.00142408 
v 0.00564427 0.024 -0.000958768 
v 0.00564427 0.02515 -0.000958768 
v 0.00556614 0.024 -0.000482211 
v 0.00556614 0.02515 -0.000482211 
v 0.00554 0.024 -5.46192e-19 
v 0.00554 0.02515 -5.46192e-19 
v 0.00556614 0.024 0.000482211 
v 0.00556614 0.02515 0.000482211 
v 0.00564427 0.024 0.000958768 
v 0.00564427 0.02515 0.000958768 
v 0.00577347 0.024 0.00142408 
v 0.00577347 0.02515 0.00142408 
v 0.00595221 0.024 0.00187271 
v 0.00595221 0.02515 0.00187271 
v 0.00617842 0.024 0.00229937 
v 0.00617842 0.02515 0.00229937 
v 0.00644942 0.024 0.00269908 
v 0.00644942 0.02515 0.00269908 
v 0.00676206 0.024 0.00306714 
v 0.00676206 0.02515 0.00306714 
v 0.00711266 0.024 0.00339924 
v 0.00749711 0.02515 0.00369149 
v 0.00711266 0.02515 0.00339924 
v 0.007145 0.024 0.00342383 
v 0.00749711 0.024 0.00369149 
v 0.0079109 0.024 0.00394046 
v 0.0079109 0.02515 0.00394046 
v 0.00834918 0.024 0.00414324 
v 0.00834918 0.02515 0.00414324 
v 0.00880682 0.024 0.00429743 
v 0.00880682 0.02515 0.00429743 
v 0.00927845 0.024 0.00440125 
v 0.00927845 0.02515 0.00440125 
v 0.00975854 0.024 0.00445346 
v 0.00975854 0.02515 0.00445346 
v 0.0102415 0.024 0.00445346 
v 0.0102415 0.02515 0.00445346 
v 0.0107215 0.024 0.00440125 
v 0.0107215 0.02515 0.00440125 
v 0.0111932 0.024 0.00429743 
v 0.0111932 0.02515 0.00429743 
v 0.0116508 0.024 0.00414324 
v 0.0116508 0.02515 0.00414324 
v 0.0120891 0.024 0.00394046 
v 0.0120891 0.02515 0.00394046 
v 0.0125029 0.024 0.00369149 
v 0.0125029 0.02515 0.00369149 
v 0.0128873 0.024 0.00339924 
v 0.0128873 0.02515 0.00339924 
v 0.0132379 0.024 0.00306714 
v 0.0132379 0.02515 0.00306714 
v 0.0135506 0.024 0.00269908 
v 0.0135506 0.02515 0.00269908 
v 0.0138216 0.024 0.00229937 
v 0.0138216 0.02515 0.00229937 
v 0.0140478 0.024 0.00187271 
v 0.0140478 0.02515 0.00187271 
v 0.0142265 0.024 0.00142408 
v 0.0142265 0.02515 0.00142408 
v 0.0143557 0.024 0.000958768 
v 0.0143557 0.02515 0.000958768 
v 0.0144339 0.024 0.000482211 
v 0.0144339 0.02515 0.000482211 
v 0.0116976 0.02515 -0.00250376 
v 0.0119583 0.02515 -0.00230554 
v 0.0114169 0.02515 -0.00267262 
v 0.013025 0.02515 0 
v 0.0130073 0.02515 0.00032706 
v 0.0130073 0.02515 -0.00032706 
v 0.0111197 0.02515 -0.00281015 
v 0.0108093 0.02515 -0.00291474 
v 0.0104894 0.02515 -0.00298515 
v 0.0101638 0.02515 -0.00302056 
v 0.00983623 0.02515 -0.00302056 
v 0.0129543 0.02515 0.000650286 
v 0.00951061 0.02515 -0.00298515 
v 0.00888033 0.02515 -0.00281015 
v 0.00919073 0.02515 -0.00291474 
v 0.00858306 0.02515 -0.00267262 
v 0.00725458 0.02515 0.00127016 
v 0.00713335 0.02515 0.000965887 
v 0.00740801 0.02515 0.00155955 
v 0.0129543 0.02515 -0.000650286 
v 0.00699273 0.02515 0.00032706 
v 0.00704572 0.02515 0.000650286 
v 0.00919073 0.02515 0.00291474 
v 0.00888033 0.02515 0.00281015 
v 0.00951061 0.02515 0.00298515 
v 0.0128667 0.02515 -0.000965887 
v 0.0127454 0.02515 -0.00127016 
v 0.012592 0.02515 -0.00155955 
v 0.0124082 0.02515 -0.00183065 
v 0.0121961 0.02515 -0.00208029 
v 0.00780386 0.02515 -0.00208029 
v 0.00804166 0.02515 -0.00230554 
v 0.00759182 0.02515 -0.00183065 
v 0.00983623 0.02515 0.00302056 
v 0.0101638 0.02515 0.00302056 
v 0.0104894 0.02515 0.00298515 
v 0.0108093 0.02515 0.00291474 
v 0.0111197 0.02515 0.00281015 
v 0.0114169 0.02515 0.00267262 
v 0.0116976 0.02515 0.00250376 
v 0.0128667 0.02515 0.000965887 
v 0.00830241 0.02515 -0.00250376 
v 0.00759182 0.02515 0.00183065 
v 0.00780386 0.02515 0.00208029 
v 0.00804166 0.02515 0.00230554 
v 0.00858306 0.02515 0.00267262 
v 0.00830241 0.02515 0.00250376 
v 0.0124082 0.02515 0.00183065 
v 0.0121961 0.02515 0.00208029 
v 0.012592 0.02515 0.00155955 
v 0.0127454 0.02515 0.00127016 
v 0.00740801 0.02515 -0.00155955 
v 0.00725458 0.02515 -0.00127016 
v 0.00713335 0.02515 -0.000965887 
v 0.00704572 0.02515 -0.000650286 
v 0.0119583 0.02515 0.00230554 
v 0.00699273 0.02515 -0.00032706 
v 0.006975 0.02515 -1.11137e-18 
v 0.0130206 0.0221 0.00016377 
v 0.0130206 0.0221 7.31836e-19 
v 0.0129852 0.0221 0.000489391 
v 0.0130029 0.0221 0.00032658 
v 0.0129147 0.0221 0.000809273 
v 0.0129499 0.0221 0.000649332 
v 0.0128102 0.0221 0.00111967 
v 0.0128624 0.0221 0.000964471 
v 0.0126726 0.0221 0.00141694 
v 0.0127414 0.0221 0.0012683 
v 0.0125038 0.0221 0.00169759 
v 0.0125882 0.0221 0.00155726 
v 0.0123055 0.0221 0.00195834 
v 0.0124046 0.0221 0.00182797 
v 0.0120803 0.0221 0.00219614 
v 0.0121929 0.0221 0.00207724 
v 0.0118307 0.0221 0.00240818 
v 0.0119555 0.0221 0.00230216 
v 0.0115596 0.0221 0.00259199 
v 0.0116951 0.0221 0.00250009 
v 0.0112702 0.0221 0.00274542 
v 0.0114149 0.0221 0.0026687 
v 0.0109659 0.0221 0.00286665 
v 0.011118 0.0221 0.00280603 
v 0.0106503 0.0221 0.00295428 
v 0.0108081 0.0221 0.00291046 
v 0.0103271 0.0221 0.00300727 
v 0.0104887 0.0221 0.00298077 
v 0.01 0.0221 0.003025 
v 0.0101635 0.0221 0.00301613 
v 0.00983647 0.0221 0.00301613 
v 0.00967294 0.0221 0.00300727 
v 0.00951133 0.0221 0.00298077 
v 0.00934971 0.0221 0.00295428 
v 0.00903411 0.0221 0.00286665 
v 0.00919191 0.0221 0.00291046 
v 0.00888197 0.0221 0.00280603 
v 0.00872984 0.0221 0.00274542 
v 0.00858514 0.0221 0.0026687 
v 0.00844045 0.0221 0.00259199 
v 0.0083049 0.0221 0.00250009 
v 0.00816935 0.0221 0.00240818 
v 0.00804453 0.0221 0.00230216 
v 0.00791971 0.0221 0.00219614 
v 0.00780708 0.0221 0.00207724 
v 0.00769446 0.0221 0.00195834 
v 0.00759535 0.0221 0.00182797 
v 0.00749624 0.0221 0.00169759 
v 0.00741181 0.0221 0.00155726 
v 0.00732738 0.0221 0.00141694 
v 0.00725861 0.0221 0.0012683 
v 0.00718985 0.0221 0.00111967 
v 0.00713755 0.0221 0.000964471 
v 0.00708526 0.0221 0.000809273 
v 0.00705006 0.0221 0.000649332 
v 0.00701485 0.0221 0.000489391 
v 0.00697944 0.0221 0.00016377 
v 0.00699714 0.0221 0.00032658 
v 0.006975 0.0221 3.68674e-13 
v 0.00697944 0.0221 -0.00016377 
v 0.00699714 0.0221 -0.00032658 
v 0.00701485 0.0221 -0.000489391 
v 0.00705006 0.0221 -0.000649332 
v 0.00708526 0.0221 -0.000809273 
v 0.00713755 0.0221 -0.000964471 
v 0.00718985 0.0221 -0.00111967 
v 0.00725861 0.0221 -0.0012683 
v 0.00732738 0.0221 -0.00141694 
v 0.00741181 0.0221 -0.00155726 
v 0.00749624 0.0221 -0.00169759 
v 0.00759535 0.0221 -0.00182797 
v 0.00769446 0.0221 -0.00195834 
v 0.00780708 0.0221 -0.00207724 
v 0.00791971 0.0221 -0.00219614 
v 0.00804453 0.0221 -0.00230216 
v 0.00816935 0.0221 -0.00240818 
v 0.0083049 0.0221 -0.00250009 
v 0.00844045 0.0221 -0.00259199 
v 0.00858514 0.0221 -0.0026687 
v 0.00872984 0.0221 -0.00274542 
v 0.00888197 0.0221 -0.00280603 
v 0.00903411 0.0221 -0.00286665 
v 0.00919191 0.0221 -0.00291046 
v 0.00934971 0.0221 -0.00295428 
v 0.00951133 0.0221 -0.00298077 
v 0.00967294 0.0221 -0.00300727 
v 0.00983647 0.0221 -0.00301613 
v 0.01 0.0221 -0.003025 
v 0.0101635 0.0221 -0.00301613 
v 0.0103271 0.0221 -0.00300727 
v 0.0104887 0.0221 -0.00298077 
v 0.0106503 0.0221 -0.00295428 
v 0.0108081 0.0221 -0.00291046 
v 0.0109659 0.0221 -0.00286665 
v 0.011118 0.0221 -0.00280603 
v 0.0112702 0.0221 -0.00274542 
v 0.0114149 0.0221 -0.0026687 
v 0.0115596 0.0221 -0.00259199 
v 0.0116951 0.0221 -0.00250009 
v 0.0118307 0.0221 -0.00240818 
v 0.0119555 0.0221 -0.00230216 
v 0.0120803 0.0221 -0.00219614 
v 0.0121929 0.0221 -0.00207724 
v 0.0123055 0.0221 -0.00195834 
v 0.0124046 0.0221 -0.00182797 
v 0.0125038 0.0221 -0.00169759 
v 0.0125882 0.0221 -0.00155726 
v 0.0126726 0.0221 -0.00141694 
v 0.0128102 0.0221 -0.00111967 
v 0.0127414 0.0221 -0.0012683 
v 0.0129147 0.0221 -0.000809273 
v 0.0128624 0.0221 -0.000964471 
v 0.0129852 0.0221 -0.000489391 
v 0.0129499 0.0221 -0.000649332 
v 0.0130206 0.0221 -0.00016377 
v 0.0130029 0.0221 -0.00032658 
v 0.01 0.0218 0.003325 
v 0.0096405 0.0218 0.00330551 
v 0.00928522 0.0218 0.00324726 
v 0.00893832 0.0218 0.00315095 
v 0.00860387 0.0218 0.00301769 
v 0.00828578 0.0218 0.00284905 
v 0.0079878 0.0218 0.00264701 
v 0.0077134 0.0218 0.00241394 
v 0.0077125 0.0218 0.00241299 
v 0.00746581 0.0218 0.00215256 
v 0.00724793 0.0218 0.00186595 
v 0.00706232 0.0218 0.00155746 
v 0.00691115 0.0218 0.00123071 
v 0.0067962 0.0218 0.000889532 
v 0.0067188 0.0218 0.000537925 
v 0.00667988 0.0218 0.000180012 
v 0.006675 0.0218 1.01799e-18 
v 0.00667988 0.0218 -0.000180012 
v 0.0067188 0.0218 -0.000537925 
v 0.0067962 0.0218 -0.000889532 
v 0.00691115 0.0218 -0.00123071 
v 0.00706232 0.0218 -0.00155746 
v 0.00724793 0.0218 -0.00186595 
v 0.00746581 0.0218 -0.00215256 
v 0.00759363 0.0218 -0.0022875 
v 0.0077125 0.0218 -0.00241299 
v 0.0077134 0.0218 -0.00241394 
v 0.0079878 0.0218 -0.00264701 
v 0.00828578 0.0218 -0.00284905 
v 0.00860387 0.0218 -0.00301769 
v 0.00893832 0.0218 -0.00315095 
v 0.00928522 0.0218 -0.00324726 
v 0.0096405 0.0218 -0.00330551 
v 0.01 0.0218 -0.003325 
v 0.0103595 0.0218 -0.00330551 
v 0.0107148 0.0218 -0.00324726 
v 0.0110617 0.0218 -0.00315095 
v 0.0113961 0.0218 -0.00301769 
v 0.0117142 0.0218 -0.00284905 
v 0.0120122 0.0218 -0.00264701 
v 0.0122866 0.0218 -0.00241394 
v 0.0124064 0.0218 -0.0022875 
v 0.0125342 0.0218 -0.00215256 
v 0.0127521 0.0218 -0.00186595 
v 0.0129377 0.0218 -0.00155746 
v 0.0130888 0.0218 -0.00123071 
v 0.0132038 0.0218 -0.000889532 
v 0.0132812 0.0218 -0.000537925 
v 0.0133201 0.0218 -0.000180012 
v 0.0133201 0.0218 0.000180012 
v 0.0132812 0.0218 0.000537925 
v 0.0132038 0.0218 0.000889532 
v 0.0130888 0.0218 0.00123071 
v 0.0129377 0.0218 0.00155746 
v 0.0127521 0.0218 0.00186595 
v 0.0125342 0.0218 0.00215256 
v 0.0122866 0.0218 0.00241394 
v 0.0120122 0.0218 0.00264701 
v 0.0117142 0.0218 0.00284905 
v 0.0113961 0.0218 0.00301769 
v 0.0110617 0.0218 0.00315095 
v 0.0107148 0.0218 0.00324726 
v 0.0103595 0.0218 0.00330551 
v 0.0109075 0.0218 0.00785962 
v 0.0125148 0.0218 0.00905737 
v 0.0115208 0.0218 0.00927617 
v 0.0193449 0.0218 -0.00101632 
v 0.0194 0.0218 5.75584e-19 
v 0.0182335 0.0218 -0.000202227 
v 0.0105855 0.0218 0.00589561 
v 0.0157665 0.0218 0.000202227 
v 0.0157956 0.0218 0.00033441 
v 0.0108092 0.0218 0.0079527 
v 0.0182482 0.0218 -6.76736e-05 
v 0.0175249 0.0218 0.00113447 
v 0.0176444 0.0218 0.00107107 
v 0.0189079 0.0218 0.00300143 
v 0.0172687 0.0218 0.00122078 
v 0.0173991 0.0218 0.00118457 
v 0.0185312 0.0218 0.00394696 
v 0.0171351 0.0218 0.00124267 
v 0.0180545 0.0218 0.00484621 
v 0.0168648 0.0218 0.00124267 
v 0.017 0.0218 0.00125 
v 0.0168244 0.0218 0.00646437 
v 0.0167313 0.0218 0.00122078 
v 0.0160854 0.0218 0.00716432 
v 0.0160473 0.0218 0.000809233 
v 0.0161404 0.0218 0.000907494 
v 0.0109075 0.0218 0.00614037 
v 0.0157518 0.0218 6.76736e-05 
v 0.0107015 0.0218 0.00803461 
v 0.00953733 0.0218 0.00583878 
v 0.0161404 0.0218 -0.000907494 
v 0.0160473 0.0218 -0.000809233 
v 0.0191062 0.0218 -0.0022875 
v 0.0173991 0.0218 -0.00118457 
v 0.0172687 0.0218 -0.00122078 
v 0.0181044 0.0218 -0.000585511 
v 0.0180346 0.0218 -0.000701484 
v 0.0182044 0.0218 -0.00033441 
v 0.0174833 0.0218 0.00568864 
v 0.0152752 0.0218 0.00778028 
v 0.0164751 0.0218 0.00113447 
v 0.0166009 0.0218 0.00118457 
v 0.014403 0.0218 0.00830501 
v 0.0108092 0.0218 0.0060473 
v 0.0158956 0.0218 0.000585511 
v 0.0159654 0.0218 0.000701484 
v 0.0158388 0.0218 0.000462673 
v 0.0157956 0.0218 -0.00033441 
v 0.0157665 0.0218 -0.000202227 
v 0.0159654 0.0218 -0.000701484 
v 0.0162435 0.0218 0.000995116 
v 0.0109951 0.0218 0.00775647 
v 0.0110711 0.0218 0.00764444 
v 0.0105855 0.0218 0.00810439 
v 0.0105089 0.0218 0.00938621 
v 0.0104627 0.0218 0.00816122 
v 0.00847925 0.0218 0.00927617 
v 0.00941449 0.0218 0.00810439 
v 0.00953733 0.0218 0.00816122 
v 0.00919077 0.0218 0.0079527 
v 0.00929852 0.0218 0.00803461 
v 0.0077125 0.0218 0.0091074 
v 0.00875733 0.0218 0.00686485 
v 0.00966559 0.0218 0.00579556 
v 0.00941449 0.0218 0.00589561 
v 0.00979777 0.0218 0.00576646 
v 0.0103344 0.0218 0.00579556 
v 0.0175249 0.0218 -0.00113447 
v 0.0178596 0.0218 -0.000907494 
v 0.0191802 0.0218 -0.00202072 
v 0.0181612 0.0218 -0.000462673 
v 0.0193449 0.0218 0.00101632 
v 0.0182044 0.0218 0.00033441 
v 0.0182335 0.0218 0.000202227 
v 0.0134793 0.0218 0.00873238 
v 0.0109951 0.0218 0.00624353 
v 0.0111345 0.0218 0.00647514 
v 0.0110711 0.0218 0.00635556 
v 0.0158388 0.0218 -0.000462673 
v 0.0158956 0.0218 -0.000585511 
v 0.01125 0.0218 0.007 
v 0.0112427 0.0218 0.00686485 
v 0.0112208 0.0218 0.00726871 
v 0.0112427 0.0218 0.00713515 
v 0.0111345 0.0218 0.00752486 
v 0.01 0.0218 0.0094 
v 0.0100677 0.0218 0.00824816 
v 0.00909251 0.0218 0.00785962 
v 0.00881543 0.0218 0.00739913 
v 0.00886553 0.0218 0.00752486 
v 0.00875 0.0218 0.007 
v 0.00875733 0.0218 0.00713515 
v 0.00877922 0.0218 0.00673129 
v 0.00993233 0.0218 0.00575183 
v 0.0102022 0.0218 0.00576646 
v 0.0100677 0.0218 0.00575183 
v 0.0171351 0.0218 -0.00124267 
v 0.0177565 0.0218 -0.000995116 
v 0.0176444 0.0218 -0.00107107 
v 0.0179527 0.0218 -0.000809233 
v 0.0177565 0.0218 0.000995116 
v 0.0178596 0.0218 0.000907494 
v 0.0191802 0.0218 0.00202072 
v 0.0107015 0.0218 0.00596539 
v 0.0157518 0.0218 -6.76736e-05 
v 0.0111846 0.0218 0.00739913 
v 0.0103344 0.0218 0.00820444 
v 0.0102022 0.0218 0.00823353 
v 0.00949109 0.0218 0.00938621 
v 0.00979777 0.0218 0.00823353 
v 0.00993233 0.0218 0.00824816 
v 0.00877922 0.0218 0.00726871 
v 0.00892893 0.0218 0.00635556 
v 0.00886553 0.0218 0.00647514 
v 0.0168648 0.0218 -0.00124267 
v 0.0167313 0.0218 -0.00122078 
v 0.0181612 0.0218 0.000462673 
v 0.0180346 0.0218 0.000701484 
v 0.0179527 0.0218 0.000809233 
v 0.0163556 0.0218 0.00107107 
v 0.0112208 0.0218 0.00673129 
v 0.0111846 0.0218 0.00660087 
v 0.00966559 0.0218 0.00820444 
v 0.00881543 0.0218 0.00660087 
v 0.00929852 0.0218 0.00596539 
v 0.0166009 0.0218 -0.00118457 
v 0.0181044 0.0218 0.000585511 
v 0.00892893 0.0218 0.00764444 
v 0.00900488 0.0218 0.00775647 
v 0.00919077 0.0218 0.0060473 
v 0.00909251 0.0218 0.00614037 
v 0.0164751 0.0218 -0.00113447 
v 0.017 0.0218 -0.00125 
v 0.0182482 0.0218 6.76736e-05 
v 0.00900488 0.0218 0.00624353 
v 0.0104627 0.0218 0.00583878 
v 0.0163556 0.0218 -0.00107107 
v 0.0162435 0.0218 -0.000995116 
v 0.0104627 0.0218 -0.00583878 
v 0.0103344 0.0218 -0.00579556 
v 0.0102022 0.0218 -0.00576646 
v 0.0105855 0.0218 -0.00589561 
v 0.0100677 0.0218 -0.00575183 
v 0.0115208 0.0218 -0.00927617 
v 0.0105855 0.0218 -0.00810439 
v 0.0104627 0.0218 -0.00816122 
v 0.0077125 0.0218 -0.0091074 
v 0.00900488 0.0218 -0.00775647 
v 0.00892893 0.0218 -0.00764444 
v 0.0107015 0.0218 -0.00803461 
v 0.0109075 0.0218 -0.00785962 
v 0.0108092 0.0218 -0.0079527 
v 0.00875 0.0218 -0.007 
v 0.00875733 0.0218 -0.00686485 
v 0.00886553 0.0218 -0.00752486 
v 0.0125148 0.0218 -0.00905737 
v 0.0109951 0.0218 -0.00775647 
v 0.01125 0.0218 -0.007 
v 0.0112427 0.0218 -0.00713515 
v 0.0152752 0.0218 -0.00778028 
v 0.0112427 0.0218 -0.00686485 
v 0.0160854 0.0218 -0.00716432 
v 0.0112208 0.0218 -0.00673129 
v 0.0168244 0.0218 -0.00646437 
v 0.0111846 0.0218 -0.00660087 
v 0.0174833 0.0218 -0.00568864 
v 0.0111345 0.0218 -0.00647514 
v 0.0185312 0.0218 -0.00394696 
v 0.0110711 0.0218 -0.00635556 
v 0.0189079 0.0218 -0.00300143 
v 0.0107015 0.0218 -0.00596539 
v 0.00993233 0.0218 -0.00575183 
v 0.00979777 0.0218 -0.00576646 
v 0.00877922 0.0218 -0.00726871 
v 0.00875733 0.0218 -0.00713515 
v 0.00909251 0.0218 -0.00785962 
v 0.0111846 0.0218 -0.00739913 
v 0.0111345 0.0218 -0.00752486 
v 0.0134793 0.0218 -0.00873238 
v 0.0180545 0.0218 -0.00484621 
v 0.0109075 0.0218 -0.00614037 
v 0.00966559 0.0218 -0.00579556 
v 0.00900488 0.0218 -0.00624353 
v 0.00909251 0.0218 -0.00614037 
v 0.00886553 0.0218 -0.00647514 
v 0.00892893 0.0218 -0.00635556 
v 0.00881543 0.0218 -0.00739913 
v 0.00919077 0.0218 -0.0079527 
v 0.00847925 0.0218 -0.00927617 
v 0.0105089 0.0218 -0.00938621 
v 0.0103344 0.0218 -0.00820444 
v 0.0102022 0.0218 -0.00823353 
v 0.014403 0.0218 -0.00830501 
v 0.0112208 0.0218 -0.00726871 
v 0.0108092 0.0218 -0.0060473 
v 0.00941449 0.0218 -0.00589561 
v 0.00953733 0.0218 -0.00583878 
v 0.00919077 0.0218 -0.0060473 
v 0.00929852 0.0218 -0.00596539 
v 0.00877922 0.0218 -0.00673129 
v 0.00881543 0.0218 -0.00660087 
v 0.00929852 0.0218 -0.00803461 
v 0.00949109 0.0218 -0.00938621 
v 0.00953733 0.0218 -0.00816122 
v 0.0110711 0.0218 -0.00764444 
v 0.0109951 0.0218 -0.00624353 
v 0.00941449 0.0218 -0.00810439 
v 0.00966559 0.0218 -0.00820444 
v 0.00993233 0.0218 -0.00824816 
v 0.00979777 0.0218 -0.00823353 
v 0.0100677 0.0218 -0.00824816 
v 0.00317564 0.0218 -0.00646437 
v 0.00391457 0.0218 -0.00716432 
v 0.00472484 0.0218 -0.00778028 
v 0.00109206 0.0218 -0.00300143 
v 0.00146879 0.0218 -0.00394696 
v 0.00251673 0.0218 -0.00568864 
v 0.00194554 0.0218 -0.00484621 
v 0.00559696 0.0218 -0.00830501 
v 0.0065207 0.0218 -0.00873238 
v 0.000893837 0.0218 -0.0022875 
v 0.00748523 0.0218 -0.00905737 
v 0.00352486 0.0218 0.00113447 
v 0.0065207 0.0218 0.00873238 
v 0.00559696 0.0218 0.00830501 
v 0.00748523 0.0218 0.00905737 
v 0.00339913 0.0218 0.00118457 
v 0.00472484 0.0218 0.00778028 
v 0.00326871 0.0218 0.00122078 
v 0.00391457 0.0218 0.00716432 
v 0.00313515 0.0218 0.00124267 
v 0.00317564 0.0218 0.00646437 
v 0.003 0.0218 0.00125 
v 0.00251673 0.0218 0.00568864 
v 0.00286485 0.0218 0.00124267 
v 0.00194554 0.0218 0.00484621 
v 0.00410439 0.0218 0.000585511 
v 0.00416122 0.0218 0.000462673 
v 0.0039527 0.0218 0.000809233 
v 0.00403461 0.0218 0.000701484 
v 0.00364444 0.0218 0.00107107 
v 0.00273129 0.0218 0.00122078 
v 0.00146879 0.0218 0.00394696 
v 0.00247514 0.0218 0.00113447 
v 0.00260087 0.0218 0.00118457 
v 0.00109206 0.0218 0.00300143 
v 0.00403461 0.0218 -0.000701484 
v 0.0039527 0.0218 -0.000809233 
v 0.00410439 0.0218 -0.000585511 
v 0.00420444 0.0218 0.00033441 
v 0.00423354 0.0218 0.000202227 
v 0.00385963 0.0218 0.000907494 
v 0.00224353 0.0218 0.000995116 
v 0.00235556 0.0218 0.00107107 
v 0.000819767 0.0218 0.00202072 
v 0.00273129 0.0218 -0.00122078 
v 0.00260087 0.0218 -0.00118457 
v 0.00385963 0.0218 -0.000907494 
v 0.00416122 0.0218 -0.000462673 
v 0.00375647 0.0218 0.000995116 
v 0.0020473 0.0218 0.000809233 
v 0.00214038 0.0218 0.000907494 
v 0.00247514 0.0218 -0.00113447 
v 0.00364444 0.0218 -0.00107107 
v 0.00352486 0.0218 -0.00113447 
v 0.00375647 0.0218 -0.000995116 
v 0.00420444 0.0218 -0.00033441 
v 0.000655103 0.0218 0.00101632 
v 0.00189561 0.0218 0.000585511 
v 0.00196539 0.0218 0.000701484 
v 0.00179556 0.0218 0.00033441 
v 0.00183878 0.0218 0.000462673 
v 0.0006 0.0218 -4.02909e-18 
v 0.00176647 0.0218 0.000202227 
v 0.00214038 0.0218 -0.000907494 
v 0.0020473 0.0218 -0.000809233 
v 0.000819767 0.0218 -0.00202072 
v 0.00235556 0.0218 -0.00107107 
v 0.003 0.0218 -0.00125 
v 0.00286485 0.0218 -0.00124267 
v 0.00313515 0.0218 -0.00124267 
v 0.00339913 0.0218 -0.00118457 
v 0.00326871 0.0218 -0.00122078 
v 0.00423354 0.0218 -0.000202227 
v 0.00424817 0.0218 -6.76736e-05 
v 0.000655103 0.0218 -0.00101632 
v 0.00196539 0.0218 -0.000701484 
v 0.00224353 0.0218 -0.000995116 
v 0.00424817 0.0218 6.76736e-05 
v 0.00175184 0.0218 -6.76736e-05 
v 0.00175184 0.0218 6.76736e-05 
v 0.00179556 0.0218 -0.00033441 
v 0.00176647 0.0218 -0.000202227 
v 0.00189561 0.0218 -0.000585511 
v 0.00183878 0.0218 -0.000462673 
v 0.00875733 0.024 0.00686485 
v 0.00875 0.024 0.007 
v 0.00877922 0.024 0.00673129 
v 0.00881543 0.024 0.00660087 
v 0.00886553 0.024 0.00647514 
v 0.00892893 0.024 0.00635556 
v 0.00900488 0.024 0.00624353 
v 0.00909251 0.024 0.00614037 
v 0.00919077 0.024 0.0060473 
v 0.00929852 0.024 0.00596539 
v 0.00941449 0.024 0.00589561 
v 0.00953733 0.024 0.00583878 
v 0.00966559 0.024 0.00579556 
v 0.00979777 0.024 0.00576646 
v 0.00993233 0.024 0.00575183 
v 0.0100677 0.024 0.00575183 
v 0.0102022 0.024 0.00576646 
v 0.0103344 0.024 0.00579556 
v 0.0104627 0.024 0.00583878 
v 0.0105855 0.024 0.00589561 
v 0.0107015 0.024 0.00596539 
v 0.0108092 0.024 0.0060473 
v 0.0109075 0.024 0.00614037 
v 0.0109951 0.024 0.00624353 
v 0.0110711 0.024 0.00635556 
v 0.0111345 0.024 0.00647514 
v 0.0111846 0.024 0.00660087 
v 0.0112208 0.024 0.00673129 
v 0.0112427 0.024 0.00686485 
v 0.01125 0.024 0.007 
v 0.0112427 0.024 0.00713515 
v 0.0112208 0.024 0.00726871 
v 0.0111846 0.024 0.00739913 
v 0.0111345 0.024 0.00752486 
v 0.0110711 0.024 0.00764444 
v 0.0109951 0.024 0.00775647 
v 0.0109075 0.024 0.00785962 
v 0.0108092 0.024 0.0079527 
v 0.0107015 0.024 0.00803461 
v 0.0105855 0.024 0.00810439 
v 0.0104627 0.024 0.00816122 
v 0.0103344 0.024 0.00820444 
v 0.0102022 0.024 0.00823353 
v 0.0100677 0.024 0.00824816 
v 0.00993233 0.024 0.00824816 
v 0.00979777 0.024 0.00823353 
v 0.00966559 0.024 0.00820444 
v 0.00953733 0.024 0.00816122 
v 0.00941449 0.024 0.00810439 
v 0.00929852 0.024 0.00803461 
v 0.00919077 0.024 0.0079527 
v 0.00909251 0.024 0.00785962 
v 0.00900488 0.024 0.00775647 
v 0.00892893 0.024 0.00764444 
v 0.00886553 0.024 0.00752486 
v 0.00881543 0.024 0.00739913 
v 0.00877922 0.024 0.00726871 
v 0.00875733 0.024 0.00713515 
v 0.0168648 0.024 0.00124267 
v 0.017 0.024 0.00125 
v 0.0167313 0.024 0.00122078 
v 0.0166009 0.024 0.00118457 
v 0.0164751 0.024 0.00113447 
v 0.0163556 0.024 0.00107107 
v 0.0162435 0.024 0.000995116 
v 0.0161404 0.024 0.000907494 
v 0.0160473 0.024 0.000809233 
v 0.0159654 0.024 0.000701484 
v 0.0158956 0.024 0.000585511 
v 0.0158388 0.024 0.000462673 
v 0.0157956 0.024 0.00033441 
v 0.0157665 0.024 0.000202227 
v 0.0157518 0.024 6.76736e-05 
v 0.0157518 0.024 -6.76736e-05 
v 0.0157665 0.024 -0.000202227 
v 0.0157956 0.024 -0.00033441 
v 0.0158388 0.024 -0.000462673 
v 0.0158956 0.024 -0.000585511 
v 0.0159654 0.024 -0.000701484 
v 0.0160473 0.024 -0.000809233 
v 0.0161404 0.024 -0.000907494 
v 0.0162435 0.024 -0.000995116 
v 0.0163556 0.024 -0.00107107 
v 0.0164751 0.024 -0.00113447 
v 0.0166009 0.024 -0.00118457 
v 0.0167313 0.024 -0.00122078 
v 0.0168648 0.024 -0.00124267 
v 0.017 0.024 -0.00125 
v 0.0171351 0.024 -0.00124267 
v 0.0172687 0.024 -0.00122078 
v 0.0173991 0.024 -0.00118457 
v 0.0175249 0.024 -0.00113447 
v 0.0176444 0.024 -0.00107107 
v 0.0177565 0.024 -0.000995116 
v 0.0178596 0.024 -0.000907494 
v 0.0179527 0.024 -0.000809233 
v 0.0180346 0.024 -0.000701484 
v 0.0181044 0.024 -0.000585511 
v 0.0181612 0.024 -0.000462673 
v 0.0182044 0.024 -0.00033441 
v 0.0182335 0.024 -0.000202227 
v 0.0182482 0.024 -6.76736e-05 
v 0.0182482 0.024 6.76736e-05 
v 0.0182335 0.024 0.000202227 
v 0.0182044 0.024 0.00033441 
v 0.0181612 0.024 0.000462673 
v 0.0181044 0.024 0.000585511 
v 0.0180346 0.024 0.000701484 
v 0.0179527 0.024 0.000809233 
v 0.0178596 0.024 0.000907494 
v 0.0177565 0.024 0.000995116 
v 0.0176444 0.024 0.00107107 
v 0.0175249 0.024 0.00113447 
v 0.0173991 0.024 0.00118457 
v 0.0172687 0.024 0.00122078 
v 0.0171351 0.024 0.00124267 
v 0.0112427 0.024 -0.00686485 
v 0.01125 0.024 -0.007 
v 0.0112208 0.024 -0.00673129 
v 0.0111846 0.024 -0.00660087 
v 0.0111345 0.024 -0.00647514 
v 0.0110711 0.024 -0.00635556 
v 0.0109951 0.024 -0.00624353 
v 0.0109075 0.024 -0.00614037 
v 0.0108092 0.024 -0.0060473 
v 0.0107015 0.024 -0.00596539 
v 0.0105855 0.024 -0.00589561 
v 0.0104627 0.024 -0.00583878 
v 0.0103344 0.024 -0.00579556 
v 0.0102022 0.024 -0.00576646 
v 0.0100677 0.024 -0.00575183 
v 0.00993233 0.024 -0.00575183 
v 0.00979777 0.024 -0.00576646 
v 0.00966559 0.024 -0.00579556 
v 0.00953733 0.024 -0.00583878 
v 0.00941449 0.024 -0.00589561 
v 0.00929852 0.024 -0.00596539 
v 0.00919077 0.024 -0.0060473 
v 0.00909251 0.024 -0.00614037 
v 0.00900488 0.024 -0.00624353 
v 0.00892893 0.024 -0.00635556 
v 0.00886553 0.024 -0.00647514 
v 0.00881543 0.024 -0.00660087 
v 0.00877922 0.024 -0.00673129 
v 0.00875733 0.024 -0.00686485 
v 0.00875 0.024 -0.007 
v 0.00875733 0.024 -0.00713515 
v 0.00877922 0.024 -0.00726871 
v 0.00881543 0.024 -0.00739913 
v 0.00886553 0.024 -0.00752486 
v 0.00892893 0.024 -0.00764444 
v 0.00900488 0.024 -0.00775647 
v 0.00909251 0.024 -0.00785962 
v 0.00919077 0.024 -0.0079527 
v 0.00929852 0.024 -0.00803461 
v 0.00941449 0.024 -0.00810439 
v 0.00953733 0.024 -0.00816122 
v 0.00966559 0.024 -0.00820444 
v 0.00979777 0.024 -0.00823353 
v 0.00993233 0.024 -0.00824816 
v 0.0100677 0.024 -0.00824816 
v 0.0102022 0.024 -0.00823353 
v 0.0103344 0.024 -0.00820444 
v 0.0104627 0.024 -0.00816122 
v 0.0105855 0.024 -0.00810439 
v 0.0107015 0.024 -0.00803461 
v 0.0108092 0.024 -0.0079527 
v 0.0109075 0.024 -0.00785962 
v 0.0109951 0.024 -0.00775647 
v 0.0110711 0.024 -0.00764444 
v 0.0111345 0.024 -0.00752486 
v 0.0111846 0.024 -0.00739913 
v 0.0112208 0.024 -0.00726871 
v 0.0112427 0.024 -0.00713515 
v 0.00313515 0.024 -0.00124267 
v 0.003 0.024 -0.00125 
v 0.00326871 0.024 -0.00122078 
v 0.00339913 0.024 -0.00118457 
v 0.00352486 0.024 -0.00113447 
v 0.00364444 0.024 -0.00107107 
v 0.00375647 0.024 -0.000995116 
v 0.00385963 0.024 -0.000907494 
v 0.0039527 0.024 -0.000809233 
v 0.00403461 0.024 -0.000701484 
v 0.00410439 0.024 -0.000585511 
v 0.00416122 0.024 -0.000462673 
v 0.00420444 0.024 -0.00033441 
v 0.00423354 0.024 -0.000202227 
v 0.00424817 0.024 -6.76736e-05 
v 0.00424817 0.024 6.76736e-05 
v 0.00423354 0.024 0.000202227 
v 0.00420444 0.024 0.00033441 
v 0.00416122 0.024 0.000462673 
v 0.00410439 0.024 0.000585511 
v 0.00403461 0.024 0.000701484 
v 0.0039527 0.024 0.000809233 
v 0.00385963 0.024 0.000907494 
v 0.00375647 0.024 0.000995116 
v 0.00364444 0.024 0.00107107 
v 0.00352486 0.024 0.00113447 
v 0.00339913 0.024 0.00118457 
v 0.00326871 0.024 0.00122078 
v 0.00313515 0.024 0.00124267 
v 0.003 0.024 0.00125 
v 0.00286485 0.024 0.00124267 
v 0.00273129 0.024 0.00122078 
v 0.00260087 0.024 0.00118457 
v 0.00247514 0.024 0.00113447 
v 0.00235556 0.024 0.00107107 
v 0.00224353 0.024 0.000995116 
v 0.00214038 0.024 0.000907494 
v 0.0020473 0.024 0.000809233 
v 0.00196539 0.024 0.000701484 
v 0.00189561 0.024 0.000585511 
v 0.00183878 0.024 0.000462673 
v 0.00179556 0.024 0.00033441 
v 0.00176647 0.024 0.000202227 
v 0.00175184 0.024 6.76736e-05 
v 0.00175184 0.024 -6.76736e-05 
v 0.00176647 0.024 -0.000202227 
v 0.00179556 0.024 -0.00033441 
v 0.00183878 0.024 -0.000462673 
v 0.00189561 0.024 -0.000585511 
v 0.00196539 0.024 -0.000701484 
v 0.0020473 0.024 -0.000809233 
v 0.00214038 0.024 -0.000907494 
v 0.00224353 0.024 -0.000995116 
v 0.00235556 0.024 -0.00107107 
v 0.00247514 0.024 -0.00113447 
v 0.00260087 0.024 -0.00118457 
v 0.00273129 0.024 -0.00122078 
v 0.00286485 0.024 -0.00124267 
v 0.0010514 0.024 -0.002855 
v 0.000819767 0.024 -0.00202072 
v 0.000655103 0.024 -0.00101632 
v 0.00559696 0.024 0.00830501 
v 0.00109206 0.024 0.00300143 
v 0.00146879 0.024 0.00394696 
v 0.00472484 0.024 0.00778028 
v 0.0065207 0.024 0.00873238 
v 0.007145 0.024 0.00894273 
v 0.0006 0.024 2.87792e-18 
v 0.000655103 0.024 0.00101632 
v 0.00194554 0.024 0.00484621 
v 0.00251673 0.024 0.00568864 
v 0.00317564 0.024 0.00646437 
v 0.00391457 0.024 0.00716432 
v 0.000819767 0.024 0.00202072 
v 0.00391457 0.024 -0.00716432 
v 0.00559696 0.024 -0.00830501 
v 0.00472484 0.024 -0.00778028 
v 0.007145 0.024 -0.00894273 
v 0.0065207 0.024 -0.00873238 
v 0.00251673 0.024 -0.00568864 
v 0.00194554 0.024 -0.00484621 
v 0.00317564 0.024 -0.00646437 
v 0.00146879 0.024 -0.00394696 
v 0.00109206 0.024 -0.00300143 
v 0.0125148 0.024 -0.00905737 
v 0.0115208 0.024 -0.00927617 
v 0.0189079 0.024 -0.00300143 
v 0.0185312 0.024 -0.00394696 
v 0.0189486 0.024 -0.002855 
v 0.0180545 0.024 -0.00484621 
v 0.0174833 0.024 -0.00568864 
v 0.0168244 0.024 -0.00646437 
v 0.0160854 0.024 -0.00716432 
v 0.0152752 0.024 -0.00778028 
v 0.0105089 0.024 -0.00938621 
v 0.00748523 0.024 -0.00905737 
v 0.014403 0.024 -0.00830501 
v 0.0134793 0.024 -0.00873238 
v 0.00847925 0.024 -0.00927617 
v 0.00949109 0.024 -0.00938621 
v 0.0193449 0.024 -0.00101632 
v 0.0194 0.024 -1.72675e-18 
v 0.0193449 0.024 0.00101632 
v 0.0191802 0.024 -0.00202072 
v 0.00748523 0.024 0.00905737 
v 0.00847925 0.024 0.00927617 
v 0.0174833 0.024 0.00568864 
v 0.0180545 0.024 0.00484621 
v 0.0185312 0.024 0.00394696 
v 0.0189079 0.024 0.00300143 
v 0.0191802 0.024 0.00202072 
v 0.0134793 0.024 0.00873238 
v 0.014403 0.024 0.00830501 
v 0.0115208 0.024 0.00927617 
v 0.0125148 0.024 0.00905737 
v 0.0152752 0.024 0.00778028 
v 0.0160854 0.024 0.00716432 
v 0.0168244 0.024 0.00646437 
v 0.00949109 0.024 0.00938621 
v 0.01 0.024 0.0094 
v 0.0105089 0.024 0.00938621 
v 0.01 0.022 0.0096 
v 0.0105197 0.022 0.00958592 
v 0.0115531 0.022 0.00947353 
v 0.0125683 0.022 0.00925008 
v 0.0135533 0.022 0.00891818 
v 0.0144967 0.022 0.00848172 
v 0.0153874 0.022 0.00794581 
v 0.0162149 0.022 0.00731676 
v 0.0169696 0.022 0.00660191 
v 0.0176425 0.022 0.00580967 
v 0.0182258 0.022 0.00494932 
v 0.0187127 0.022 0.00403094 
v 0.0190975 0.022 0.00306529 
v 0.0193756 0.022 0.00206372 
v 0.0195437 0.022 0.00103794 
v 0.0196 0.022 5.8783e-19 
v 0.0195437 0.022 -0.00103794 
v 0.0190975 0.022 -0.00306529 
v 0.0193756 0.022 -0.00206372 
v 0.0187127 0.022 -0.00403094 
v 0.0182258 0.022 -0.00494932 
v 0.0176425 0.022 -0.00580967 
v 0.0169696 0.022 -0.00660191 
v 0.0162149 0.022 -0.00731676 
v 0.0153874 0.022 -0.00794581 
v 0.0144967 0.022 -0.00848172 
v 0.0135533 0.022 -0.00891818 
v 0.0125683 0.022 -0.00925008 
v 0.0115531 0.022 -0.00947353 
v 0.01 0.022 -0.0096 
v 0.00948027 0.022 -0.00958592 
v 0.00844689 0.022 -0.00947353 
v 0.00743173 0.022 -0.00925008 
v 0.00644667 0.022 -0.00891818 
v 0.00550328 0.022 -0.00848172 
v 0.0046126 0.022 -0.00794581 
v 0.00378509 0.022 -0.00731676 
v 0.00303044 0.022 -0.00660191 
v 0.00235751 0.022 -0.00580967 
v 0.00177417 0.022 -0.00494932 
v 0.00128728 0.022 -0.00403094 
v 0.00090253 0.022 -0.00306529 
v 0.000624443 0.022 -0.00206372 
v 0.000456276 0.022 -0.00103794 
v 0.0004 0.022 -1.76349e-18 
v 0.000456276 0.022 0.00103794 
v 0.000624443 0.022 0.00206372 
v 0.00090253 0.022 0.00306529 
v 0.00128728 0.022 0.00403094 
v 0.00177417 0.022 0.00494932 
v 0.00235751 0.022 0.00580967 
v 0.00303044 0.022 0.00660191 
v 0.00378509 0.022 0.00731676 
v 0.0046126 0.022 0.00794581 
v 0.00550328 0.022 0.00848172 
v 0.00644667 0.022 0.00891818 
v 0.00844689 0.022 0.00947353 
v 0.00743173 0.022 0.00925008 
v 0.00948027 0.022 0.00958592 
v 0.0105197 0.022 -0.00958592 
v 0.0196 0.0238 -1.76349e-18 
v 0.0195437 0.0238 -0.00103794 
v 0.0193756 0.0238 -0.00206372 
v 0.0190975 0.0238 -0.00306529 
v 0.0187127 0.0238 -0.00403094 
v 0.0182258 0.0238 -0.00494932 
v 0.0176425 0.0238 -0.00580967 
v 0.0169696 0.0238 -0.00660191 
v 0.0162149 0.0238 -0.00731676 
v 0.0153874 0.0238 -0.00794581 
v 0.0144967 0.0238 -0.00848172 
v 0.0135533 0.0238 -0.00891818 
v 0.0125683 0.0238 -0.00925008 
v 0.0115531 0.0238 -0.00947353 
v 0.00948027 0.0238 -0.00958592 
v 0.0105197 0.0238 -0.00958592 
v 0.00844689 0.0238 -0.00947353 
v 0.00743173 0.0238 -0.00925008 
v 0.00644667 0.0238 -0.00891818 
v 0.00550328 0.0238 -0.00848172 
v 0.0046126 0.0238 -0.00794581 
v 0.00378509 0.0238 -0.00731676 
v 0.00303044 0.0238 -0.00660191 
v 0.00235751 0.0238 -0.00580967 
v 0.00177417 0.0238 -0.00494932 
v 0.00128728 0.0238 -0.00403094 
v 0.00090253 0.0238 -0.00306529 
v 0.000624443 0.0238 -0.00206372 
v 0.000456276 0.0238 -0.00103794 
v 0.0004 0.0238 -1.45066e-12 
v 0.000456276 0.0238 0.00103794 
v 0.000624443 0.0238 0.00206372 
v 0.00090253 0.0238 0.00306529 
v 0.00128728 0.0238 0.00403094 
v 0.00177417 0.0238 0.00494932 
v 0.00235751 0.0238 0.00580967 
v 0.00303044 0.0238 0.00660191 
v 0.00378509 0.0238 0.00731676 
v 0.0046126 0.0238 0.00794581 
v 0.00550328 0.0238 0.00848172 
v 0.00644667 0.0238 0.00891818 
v 0.00743173 0.0238 0.00925008 
v 0.00844689 0.0238 0.00947353 
v 0.01 0.0238 0.0096 
v 0.00948027 0.0238 0.00958592 
v 0.0105197 0.0238 0.00958592 
v 0.0115531 0.0238 0.00947353 
v 0.0125683 0.0238 0.00925008 
v 0.0135533 0.0238 0.00891818 
v 0.0144967 0.0238 0.00848172 
v 0.0153874 0.0238 0.00794581 
v 0.0162149 0.0238 0.00731676 
v 0.0169696 0.0238 0.00660191 
v 0.0176425 0.0238 0.00580967 
v 0.0182258 0.0238 0.00494932 
v 0.0187127 0.0238 0.00403094 
v 0.0190975 0.0238 0.00306529 
v 0.0193756 0.0238 0.00206372 
v 0.0195437 0.0238 0.00103794 
vn 1 -5.7623e-16 0 
vn 0.994138 -5.72852e-16 -0.108119 
vn 0.976621 -5.62758e-16 -0.21497 
vn 0.947653 -5.46066e-16 -0.319302 
vn 0.907575 -5.22972e-16 -0.419889 
vn 0.856857 -4.93747e-16 -0.515554 
vn 0.796093 -4.58733e-16 -0.605174 
vn 0.725995 -4.1834e-16 -0.687699 
vn 0.767497 -4.42255e-16 -0.641053 
vn 0.647386 -3.73043e-16 -0.762162 
vn 0.561187 -3.23373e-16 -0.827689 
vn 0.468408 -2.69911e-16 -0.883512 
vn 0.370138 -2.13285e-16 -0.928977 
vn 0.267528 -1.54158e-16 -0.96355 
vn 0.161782 -9.32236e-17 -0.986827 
vn 0.0541389 -3.11965e-17 -0.998533 
vn -0.0541389 3.11965e-17 -0.998533 
vn -0.161782 9.32236e-17 -0.986827 
vn -0.267528 1.54158e-16 -0.96355 
vn -0.370138 2.13285e-16 -0.928977 
vn -0.468408 2.69911e-16 -0.883512 
vn -0.561187 3.23373e-16 -0.827689 
vn -0.640424 3.69031e-16 -0.768022 
vn -0.647386 3.73043e-16 -0.762162 
vn -0.725995 4.1834e-16 -0.687699 
vn -0.767497 4.42255e-16 -0.641053 
vn -0.796093 4.58733e-16 -0.605174 
vn -0.856857 4.93747e-16 -0.515554 
vn -0.907575 5.22972e-16 -0.419889 
vn -0.947653 5.46066e-16 -0.319302 
vn -0.976621 5.62758e-16 -0.21497 
vn -0.994138 5.72852e-16 -0.108119 
vn -1 5.7623e-16 -1.22465e-16 
vn -0.994138 5.72852e-16 0.108119 
vn -0.976621 5.62758e-16 0.21497 
vn -0.947653 5.46066e-16 0.319302 
vn -0.907575 5.22972e-16 0.419889 
vn -0.856857 4.93747e-16 0.515554 
vn -0.796093 4.58733e-16 0.605174 
vn -0.725995 4.1834e-16 0.687699 
vn -0.647386 3.73043e-16 0.762162 
vn -0.561187 3.23373e-16 0.827689 
vn -0.640424 3.69031e-16 0.768022 
vn -0.468408 2.69911e-16 0.883512 
vn -0.370138 2.13285e-16 0.928977 
vn -0.267528 1.54158e-16 0.96355 
vn -0.161782 9.32236e-17 0.986827 
vn -0.0541389 3.11965e-17 0.998533 
vn 0.0541389 -3.11965e-17 0.998533 
vn 0.161782 -9.32236e-17 0.986827 
vn 0.267528 -1.54158e-16 0.96355 
vn 0.370138 -2.13285e-16 0.928977 
vn 0.468408 -2.69911e-16 0.883512 
vn 0.561187 -3.23373e-16 0.827689 
vn 0.647386 -3.73043e-16 0.762162 
vn 0.725995 -4.1834e-16 0.687699 
vn 0.796093 -4.58733e-16 0.605174 
vn 0.856857 -4.93747e-16 0.515554 
vn 0.907575 -5.22972e-16 0.419889 
vn 0.947653 -5.46066e-16 0.319302 
vn 0.976621 -5.62758e-16 0.21497 
vn 0.994138 -5.72852e-16 0.108119 
vn -9.46633e-30 1 0 
vn -0.994138 0 -0.108119 
vn -1 0 -2.44929e-16 
vn -0.998533 0 -0.0541389 
vn -0.976621 0 -0.21497 
vn -0.986827 0 -0.161782 
vn -0.994138 0 -0.108119 
vn -0.947653 0 -0.319302 
vn -0.96355 0 -0.267528 
vn -0.976621 0 -0.21497 
vn -0.907575 0 -0.419889 
vn -0.928977 0 -0.370138 
vn -0.947653 0 -0.319302 
vn -0.856857 0 -0.515554 
vn -0.883512 0 -0.468408 
vn -0.907575 0 -0.419889 
vn -0.796093 0 -0.605174 
vn -0.827689 0 -0.561187 
vn -0.856857 0 -0.515554 
vn -0.725995 0 -0.687699 
vn -0.762162 0 -0.647386 
vn -0.796093 0 -0.605174 
vn -0.647386 0 -0.762162 
vn -0.687699 0 -0.725995 
vn -0.725995 0 -0.687699 
vn -0.561187 0 -0.827689 
vn -0.605174 0 -0.796093 
vn -0.647386 0 -0.762162 
vn -0.468408 0 -0.883512 
vn -0.515554 0 -0.856857 
vn -0.561187 0 -0.827689 
vn -0.370138 0 -0.928977 
vn -0.419889 0 -0.907575 
vn -0.468408 0 -0.883512 
vn -0.267528 0 -0.96355 
vn -0.319302 0 -0.947653 
vn -0.370138 0 -0.928977 
vn -0.161782 0 -0.986827 
vn -0.21497 0 -0.976621 
vn -0.267528 0 -0.96355 
vn -0.0541389 0 -0.998533 
vn -0.108119 0 -0.994138 
vn -0.161782 0 -0.986827 
vn 0.0541389 0 -0.998533 
vn 0 0 -1 
vn -0.0541389 0 -0.998533 
vn 0.0541389 0 -0.998533 
vn 0.108119 0 -0.994138 
vn 0.161782 0 -0.986827 
vn 0.21497 0 -0.976621 
vn 0.267528 0 -0.96355 
vn 0.370138 0 -0.928977 
vn 0.319302 0 -0.947653 
vn 0.267528 0 -0.96355 
vn 0.370138 0 -0.928977 
vn 0.419889 0 -0.907575 
vn 0.468408 0 -0.883512 
vn 0.515554 0 -0.856857 
vn 0.561187 0 -0.827689 
vn 0.605174 0 -0.796093 
vn 0.647386 0 -0.762162 
vn 0.687699 0 -0.725995 
vn 0.725995 0 -0.687699 
vn 0.762162 0 -0.647386 
vn 0.796093 0 -0.605174 
vn 0.827689 0 -0.561187 
vn 0.856857 0 -0.515554 
vn 0.883512 0 -0.468408 
vn 0.907575 0 -0.419889 
vn 0.928977 0 -0.370138 
vn 0.947653 0 -0.319302 
vn 0.96355 0 -0.267528 
vn 0.976621 0 -0.21497 
vn 0.986827 0 -0.161782 
vn 0.994138 0 -0.108119 
vn 1 0 1.22465e-16 
vn 0.998533 0 -0.0541389 
vn 0.994138 0 -0.108119 
vn 1 0 1.22465e-16 
vn 0.998533 0 0.0541389 
vn 0.994138 0 0.108119 
vn 0.986827 0 0.161782 
vn 0.976621 0 0.21497 
vn 0.96355 0 0.267528 
vn 0.947653 0 0.319302 
vn 0.928977 0 0.370138 
vn 0.907575 0 0.419889 
vn 0.883512 0 0.468408 
vn 0.856857 0 0.515554 
vn 0.827689 0 0.561187 
vn 0.796093 0 0.605174 
vn 0.762162 0 0.647386 
vn 0.725995 0 0.687699 
vn 0.687699 0 0.725995 
vn 0.647386 0 0.762162 
vn 0.605174 0 0.796093 
vn 0.561187 0 0.827689 
vn 0.515554 0 0.856857 
vn 0.468408 0 0.883512 
vn 0.419889 0 0.907575 
vn 0.370138 0 0.928977 
vn 0.319302 0 0.947653 
vn 0.267528 0 0.96355 
vn 0.21497 0 0.976621 
vn 0.161782 0 0.986827 
vn 0.108119 0 0.994138 
vn 0.0541389 0 0.998533 
vn -5.73462e-16 0 1 
vn -0.0541389 0 0.998533 
vn -0.108119 0 0.994138 
vn -0.161782 0 0.986827 
vn -0.21497 0 0.976621 
vn -0.267528 0 0.96355 
vn -0.319302 0 0.947653 
vn -0.370138 0 0.928977 
vn -0.419889 0 0.907575 
vn -0.468408 0 0.883512 
vn -0.515554 0 0.856857 
vn -0.561187 0 0.827689 
vn -0.605174 0 0.796093 
vn -0.647386 0 0.762162 
vn -0.687699 0 0.725995 
vn -0.725995 0 0.687699 
vn -0.762162 0 0.647386 
vn -0.796093 0 0.605174 
vn -0.827689 0 0.561187 
vn -0.856857 0 0.515554 
vn -0.883512 0 0.468408 
vn -0.907575 0 0.419889 
vn -0.947653 0 0.319302 
vn -0.928977 0 0.370138 
vn -0.907575 0 0.419889 
vn -0.976621 0 0.21497 
vn -0.96355 0 0.267528 
vn -0.947653 0 0.319302 
vn -0.994138 0 0.108119 
vn -0.986827 0 0.161782 
vn -0.976621 0 0.21497 
vn -0.998533 0 0.0541389 
vn -0.994138 0 0.108119 
vn 0 -0.707107 -0.707107 
vn 0.0764517 -0.707107 -0.702962 
vn 0.038282 -0.707107 -0.70607 
vn 0.152007 -0.707107 -0.690575 
vn 0.114397 -0.707107 -0.697792 
vn 0.22578 -0.707107 -0.670092 
vn 0.189171 -0.707107 -0.681333 
vn 0.296906 -0.707107 -0.641753 
vn 0.261727 -0.707107 -0.656886 
vn 0.364552 -0.707107 -0.60589 
vn 0.331215 -0.707107 -0.624737 
vn 0.427923 -0.707107 -0.562923 
vn 0.396819 -0.707107 -0.585265 
vn 0.486277 -0.707107 -0.513356 
vn 0.457771 -0.707107 -0.53893 
vn 0.486479 -0.707107 -0.513165 
vn 0.53893 -0.707107 -0.457771 
vn 0.513356 -0.707107 -0.486277 
vn 0.585265 -0.707107 -0.396819 
vn 0.562923 -0.707107 -0.427923 
vn 0.624737 -0.707107 -0.331215 
vn 0.60589 -0.707107 -0.364552 
vn 0.656886 -0.707107 -0.261727 
vn 0.641753 -0.707107 -0.296906 
vn 0.681333 -0.707107 -0.189171 
vn 0.670092 -0.707107 -0.22578 
vn 0.697792 -0.707107 -0.114397 
vn 0.690575 -0.707107 -0.152007 
vn 0.70607 -0.707107 -0.038282 
vn 0.702962 -0.707107 -0.0764517 
vn 0.707107 -0.707107 -2.16489e-16 
vn 0.707107 -0.707107 -8.61791e-11 
vn 0.70607 -0.707107 0.038282 
vn 0.697792 -0.707107 0.114397 
vn 0.702962 -0.707107 0.0764517 
vn 0.681333 -0.707107 0.189171 
vn 0.690575 -0.707107 0.152007 
vn 0.656886 -0.707107 0.261727 
vn 0.670092 -0.707107 0.22578 
vn 0.624737 -0.707107 0.331215 
vn 0.641753 -0.707107 0.296906 
vn 0.585265 -0.707107 0.396819 
vn 0.60589 -0.707107 0.364552 
vn 0.53893 -0.707107 0.457771 
vn 0.562923 -0.707107 0.427923 
vn 0.512498 -0.707107 0.487182 
vn 0.513356 -0.707107 0.486277 
vn 0.486479 -0.707107 0.513165 
vn 0.486277 -0.707107 0.513356 
vn 0.427923 -0.707107 0.562923 
vn 0.457771 -0.707107 0.53893 
vn 0.364552 -0.707107 0.60589 
vn 0.396819 -0.707107 0.585265 
vn 0.296906 -0.707107 0.641753 
vn 0.331215 -0.707107 0.624737 
vn 0.22578 -0.707107 0.670092 
vn 0.261727 -0.707107 0.656886 
vn 0.152007 -0.707107 0.690575 
vn 0.189171 -0.707107 0.681333 
vn 0.0764517 -0.707107 0.702962 
vn 0.114397 -0.707107 0.697792 
vn -1.47196e-16 -0.707107 0.707107 
vn 0.038282 -0.707107 0.70607 
vn -0.0764517 -0.707107 0.702962 
vn -0.038282 -0.707107 0.70607 
vn -0.152007 -0.707107 0.690575 
vn -0.114397 -0.707107 0.697792 
vn -0.22578 -0.707107 0.670092 
vn -0.189171 -0.707107 0.681333 
vn -0.296906 -0.707107 0.641753 
vn -0.261727 -0.707107 0.656886 
vn -0.364552 -0.707107 0.60589 
vn -0.331215 -0.707107 0.624737 
vn -0.427923 -0.707107 0.562923 
vn -0.396819 -0.707107 0.585265 
vn -0.486277 -0.707107 0.513356 
vn -0.457771 -0.707107 0.53893 
vn -0.512498 -0.707107 0.487182 
vn -0.513356 -0.707107 0.486277 
vn -0.53893 -0.707107 0.457771 
vn -0.585265 -0.707107 0.396819 
vn -0.562923 -0.707107 0.427923 
vn -0.624737 -0.707107 0.331215 
vn -0.60589 -0.707107 0.364552 
vn -0.656886 -0.707107 0.261727 
vn -0.641753 -0.707107 0.296906 
vn -0.681333 -0.707107 0.189171 
vn -0.670092 -0.707107 0.22578 
vn -0.697792 -0.707107 0.114397 
vn -0.690575 -0.707107 0.152007 
vn -0.70607 -0.707107 0.038282 
vn -0.702962 -0.707107 0.0764517 
vn -0.70607 -0.707107 -0.038282 
vn -0.707107 -0.707107 1.29893e-16 
vn -0.697792 -0.707107 -0.114397 
vn -0.702962 -0.707107 -0.0764517 
vn -0.681333 -0.707107 -0.189171 
vn -0.690575 -0.707107 -0.152007 
vn -0.656886 -0.707107 -0.261727 
vn -0.670092 -0.707107 -0.22578 
vn -0.624737 -0.707107 -0.331215 
vn -0.641753 -0.707107 -0.296906 
vn -0.585265 -0.707107 -0.396819 
vn -0.60589 -0.707107 -0.364552 
vn -0.53893 -0.707107 -0.457771 
vn -0.562923 -0.707107 -0.427923 
vn -0.486277 -0.707107 -0.513356 
vn -0.513356 -0.707107 -0.486277 
vn -0.427923 -0.707107 -0.562923 
vn -0.457771 -0.707107 -0.53893 
vn -0.364552 -0.707107 -0.60589 
vn -0.396819 -0.707107 -0.585265 
vn -0.296906 -0.707107 -0.641753 
vn -0.331215 -0.707107 -0.624737 
vn -0.22578 -0.707107 -0.670092 
vn -0.261727 -0.707107 -0.656886 
vn -0.152007 -0.707107 -0.690575 
vn -0.189171 -0.707107 -0.681333 
vn -0.0764517 -0.707107 -0.702962 
vn -0.114397 -0.707107 -0.697792 
vn 0 -0.707107 -0.707107 
vn -0.038282 -0.707107 -0.70607 
vn 0 -1 0 
vn 0.994138 0 0.108119 
vn 1 0 2.44929e-16 
vn 0.976621 0 0.21497 
vn 0.994138 0 0.108119 
vn 0.947653 0 0.319302 
vn 0.976621 0 0.21497 
vn 0.907575 0 0.419889 
vn 0.947653 0 0.319302 
vn 0.856857 0 0.515554 
vn 0.907575 0 0.419889 
vn 0.796093 0 0.605174 
vn 0.856857 0 0.515554 
vn 0.725995 0 0.687699 
vn 0.796093 0 0.605174 
vn 0.647386 0 0.762162 
vn 0.725995 0 0.687699 
vn 0.561187 0 0.827689 
vn 0.647386 0 0.762162 
vn 0.468408 0 0.883512 
vn 0.561187 0 0.827689 
vn 0.370138 0 0.928977 
vn 0.468408 0 0.883512 
vn 0.267528 0 0.96355 
vn 0.370138 0 0.928977 
vn 0.161782 0 0.986827 
vn 0.267528 0 0.96355 
vn 0.0541389 0 0.998533 
vn 0.161782 0 0.986827 
vn -0.0541389 0 0.998533 
vn 0.0541389 0 0.998533 
vn -0.161782 0 0.986827 
vn -0.0541389 0 0.998533 
vn -0.267528 0 0.96355 
vn -0.161782 0 0.986827 
vn -0.370138 0 0.928977 
vn -0.267528 0 0.96355 
vn -0.468408 0 0.883512 
vn -0.370138 0 0.928977 
vn -0.561187 0 0.827689 
vn -0.468408 0 0.883512 
vn -0.647386 0 0.762162 
vn -0.561187 0 0.827689 
vn -0.725995 0 0.687699 
vn -0.647386 0 0.762162 
vn -0.796093 0 0.605174 
vn -0.725995 0 0.687699 
vn -0.856857 0 0.515554 
vn -0.796093 0 0.605174 
vn -0.907575 0 0.419889 
vn -0.856857 0 0.515554 
vn -0.947653 0 0.319302 
vn -0.907575 0 0.419889 
vn -0.976621 0 0.21497 
vn -0.947653 0 0.319302 
vn -0.994138 0 0.108119 
vn -0.976621 0 0.21497 
vn -1 0 -1.22465e-16 
vn -0.994138 0 0.108119 
vn -0.994138 0 -0.108119 
vn -1 0 -1.22465e-16 
vn -0.976621 0 -0.21497 
vn -0.994138 0 -0.108119 
vn -0.947653 0 -0.319302 
vn -0.976621 0 -0.21497 
vn -0.907575 0 -0.419889 
vn -0.947653 0 -0.319302 
vn -0.856857 0 -0.515554 
vn -0.907575 0 -0.419889 
vn -0.796093 0 -0.605174 
vn -0.856857 0 -0.515554 
vn -0.725995 0 -0.687699 
vn -0.796093 0 -0.605174 
vn -0.647386 0 -0.762162 
vn -0.725995 0 -0.687699 
vn -0.561187 0 -0.827689 
vn -0.647386 0 -0.762162 
vn -0.468408 0 -0.883512 
vn -0.561187 0 -0.827689 
vn -0.370138 0 -0.928977 
vn -0.468408 0 -0.883512 
vn -0.267528 0 -0.96355 
vn -0.370138 0 -0.928977 
vn -0.161782 0 -0.986827 
vn -0.267528 0 -0.96355 
vn -0.0541389 0 -0.998533 
vn -0.161782 0 -0.986827 
vn 0.0541389 0 -0.998533 
vn -0.0541389 0 -0.998533 
vn 0.161782 0 -0.986827 
vn 0.0541389 0 -0.998533 
vn 0.267528 0 -0.96355 
vn 0.161782 0 -0.986827 
vn 0.370138 0 -0.928977 
vn 0.267528 0 -0.96355 
vn 0.468408 0 -0.883512 
vn 0.370138 0 -0.928977 
vn 0.561187 0 -0.827689 
vn 0.468408 0 -0.883512 
vn 0.647386 0 -0.762162 
vn 0.561187 0 -0.827689 
vn 0.725995 0 -0.687699 
vn 0.647386 0 -0.762162 
vn 0.796093 0 -0.605174 
vn 0.725995 0 -0.687699 
vn 0.856857 0 -0.515554 
vn 0.796093 0 -0.605174 
vn 0.907575 0 -0.419889 
vn 0.856857 0 -0.515554 
vn 0.947653 0 -0.319302 
vn 0.907575 0 -0.419889 
vn 0.976621 0 -0.21497 
vn 0.947653 0 -0.319302 
vn 0.994138 0 -0.108119 
vn 0.976621 0 -0.21497 
vn 0.108119 0 -0.994138 
vn 2.44929e-16 0 -1 
vn 0.21497 0 -0.976621 
vn 0.108119 0 -0.994138 
vn 0.319302 0 -0.947653 
vn 0.21497 0 -0.976621 
vn 0.419889 0 -0.907575 
vn 0.319302 0 -0.947653 
vn 0.515554 0 -0.856857 
vn 0.419889 0 -0.907575 
vn 0.605174 0 -0.796093 
vn 0.515554 0 -0.856857 
vn 0.687699 0 -0.725995 
vn 0.605174 0 -0.796093 
vn 0.762162 0 -0.647386 
vn 0.687699 0 -0.725995 
vn 0.827689 0 -0.561187 
vn 0.762162 0 -0.647386 
vn 0.883512 0 -0.468408 
vn 0.827689 0 -0.561187 
vn 0.928977 0 -0.370138 
vn 0.883512 0 -0.468408 
vn 0.96355 0 -0.267528 
vn 0.928977 0 -0.370138 
vn 0.986827 0 -0.161782 
vn 0.96355 0 -0.267528 
vn 0.998533 0 -0.0541389 
vn 0.986827 0 -0.161782 
vn 0.998533 0 0.0541389 
vn 0.998533 0 -0.0541389 
vn 0.986827 0 0.161782 
vn 0.998533 0 0.0541389 
vn 0.96355 0 0.267528 
vn 0.986827 0 0.161782 
vn 0.928977 0 0.370138 
vn 0.96355 0 0.267528 
vn 0.883512 0 0.468408 
vn 0.928977 0 0.370138 
vn 0.827689 0 0.561187 
vn 0.883512 0 0.468408 
vn 0.762162 0 0.647386 
vn 0.827689 0 0.561187 
vn 0.687699 0 0.725995 
vn 0.762162 0 0.647386 
vn 0.605174 0 0.796093 
vn 0.687699 0 0.725995 
vn 0.515554 0 0.856857 
vn 0.605174 0 0.796093 
vn 0.419889 0 0.907575 
vn 0.515554 0 0.856857 
vn 0.319302 0 0.947653 
vn 0.419889 0 0.907575 
vn 0.21497 0 0.976621 
vn 0.319302 0 0.947653 
vn 0.108119 0 0.994138 
vn 0.21497 0 0.976621 
vn -1.22465e-16 0 1 
vn 0.108119 0 0.994138 
vn -0.108119 0 0.994138 
vn -1.22465e-16 0 1 
vn -0.21497 0 0.976621 
vn -0.108119 0 0.994138 
vn -0.319302 0 0.947653 
vn -0.21497 0 0.976621 
vn -0.419889 0 0.907575 
vn -0.319302 0 0.947653 
vn -0.515554 0 0.856857 
vn -0.419889 0 0.907575 
vn -0.605174 0 0.796093 
vn -0.515554 0 0.856857 
vn -0.687699 0 0.725995 
vn -0.605174 0 0.796093 
vn -0.762162 0 0.647386 
vn -0.687699 0 0.725995 
vn -0.827689 0 0.561187 
vn -0.762162 0 0.647386 
vn -0.883512 0 0.468408 
vn -0.827689 0 0.561187 
vn -0.928977 0 0.370138 
vn -0.883512 0 0.468408 
vn -0.96355 0 0.267528 
vn -0.928977 0 0.370138 
vn -0.986827 0 0.161782 
vn -0.96355 0 0.267528 
vn -0.998533 0 0.0541389 
vn -0.986827 0 0.161782 
vn -0.998533 0 -0.0541389 
vn -0.998533 0 0.0541389 
vn -0.986827 0 -0.161782 
vn -0.998533 0 -0.0541389 
vn -0.96355 0 -0.267528 
vn -0.986827 0 -0.161782 
vn -0.928977 0 -0.370138 
vn -0.96355 0 -0.267528 
vn -0.883512 0 -0.468408 
vn -0.928977 0 -0.370138 
vn -0.827689 0 -0.561187 
vn -0.883512 0 -0.468408 
vn -0.762162 0 -0.647386 
vn -0.827689 0 -0.561187 
vn -0.687699 0 -0.725995 
vn -0.762162 0 -0.647386 
vn -0.605174 0 -0.796093 
vn -0.687699 0 -0.725995 
vn -0.515554 0 -0.856857 
vn -0.605174 0 -0.796093 
vn -0.419889 0 -0.907575 
vn -0.515554 0 -0.856857 
vn -0.319302 0 -0.947653 
vn -0.419889 0 -0.907575 
vn -0.21497 0 -0.976621 
vn -0.319302 0 -0.947653 
vn -0.108119 0 -0.994138 
vn -0.21497 0 -0.976621 
vn -0.994138 0 -0.108119 
vn -1 0 -2.44929e-16 
vn -0.976621 0 -0.21497 
vn -0.994138 0 -0.108119 
vn -0.947653 0 -0.319302 
vn -0.976621 0 -0.21497 
vn -0.907575 0 -0.419889 
vn -0.947653 0 -0.319302 
vn -0.856857 0 -0.515554 
vn -0.907575 0 -0.419889 
vn -0.796093 0 -0.605174 
vn -0.856857 0 -0.515554 
vn -0.725995 0 -0.687699 
vn -0.796093 0 -0.605174 
vn -0.647386 0 -0.762162 
vn -0.725995 0 -0.687699 
vn -0.561187 0 -0.827689 
vn -0.647386 0 -0.762162 
vn -0.468408 0 -0.883512 
vn -0.561187 0 -0.827689 
vn -0.370138 0 -0.928977 
vn -0.468408 0 -0.883512 
vn -0.267528 0 -0.96355 
vn -0.370138 0 -0.928977 
vn -0.161782 0 -0.986827 
vn -0.267528 0 -0.96355 
vn -0.0541389 0 -0.998533 
vn -0.161782 0 -0.986827 
vn 0.0541389 0 -0.998533 
vn -0.0541389 0 -0.998533 
vn 0.161782 0 -0.986827 
vn 0.0541389 0 -0.998533 
vn 0.267528 0 -0.96355 
vn 0.161782 0 -0.986827 
vn 0.370138 0 -0.928977 
vn 0.267528 0 -0.96355 
vn 0.468408 0 -0.883512 
vn 0.370138 0 -0.928977 
vn 0.561187 0 -0.827689 
vn 0.468408 0 -0.883512 
vn 0.647386 0 -0.762162 
vn 0.561187 0 -0.827689 
vn 0.725995 0 -0.687699 
vn 0.647386 0 -0.762162 
vn 0.796093 0 -0.605174 
vn 0.725995 0 -0.687699 
vn 0.856857 0 -0.515554 
vn 0.796093 0 -0.605174 
vn 0.907575 0 -0.419889 
vn 0.856857 0 -0.515554 
vn 0.947653 0 -0.319302 
vn 0.907575 0 -0.419889 
vn 0.976621 0 -0.21497 
vn 0.947653 0 -0.319302 
vn 0.994138 0 -0.108119 
vn 0.976621 0 -0.21497 
vn 1 0 1.22465e-16 
vn 0.994138 0 -0.108119 
vn 0.994138 0 0.108119 
vn 1 0 1.22465e-16 
vn 0.976621 0 0.21497 
vn 0.994138 0 0.108119 
vn 0.947653 0 0.319302 
vn 0.976621 0 0.21497 
vn 0.907575 0 0.419889 
vn 0.947653 0 0.319302 
vn 0.856857 0 0.515554 
vn 0.907575 0 0.419889 
vn 0.796093 0 0.605174 
vn 0.856857 0 0.515554 
vn 0.725995 0 0.687699 
vn 0.796093 0 0.605174 
vn 0.647386 0 0.762162 
vn 0.725995 0 0.687699 
vn 0.561187 0 0.827689 
vn 0.647386 0 0.762162 
vn 0.468408 0 0.883512 
vn 0.561187 0 0.827689 
vn 0.370138 0 0.928977 
vn 0.468408 0 0.883512 
vn 0.267528 0 0.96355 
vn 0.370138 0 0.928977 
vn 0.161782 0 0.986827 
vn 0.267528 0 0.96355 
vn 0.0541389 0 0.998533 
vn 0.161782 0 0.986827 
vn -0.0541389 0 0.998533 
vn 0.0541389 0 0.998533 
vn -0.161782 0 0.986827 
vn -0.0541389 0 0.998533 
vn -0.267528 0 0.96355 
vn -0.161782 0 0.986827 
vn -0.370138 0 0.928977 
vn -0.267528 0 0.96355 
vn -0.468408 0 0.883512 
vn -0.370138 0 0.928977 
vn -0.561187 0 0.827689 
vn -0.468408 0 0.883512 
vn -0.647386 0 0.762162 
vn -0.561187 0 0.827689 
vn -0.725995 0 0.687699 
vn -0.647386 0 0.762162 
vn -0.796093 0 0.605174 
vn -0.725995 0 0.687699 
vn -0.856857 0 0.515554 
vn -0.796093 0 0.605174 
vn -0.907575 0 0.419889 
vn -0.856857 0 0.515554 
vn -0.947653 0 0.319302 
vn -0.907575 0 0.419889 
vn -0.976621 0 0.21497 
vn -0.947653 0 0.319302 
vn -0.994138 0 0.108119 
vn -0.976621 0 0.21497 
vn -0.108119 0 0.994138 
vn -2.44929e-16 0 1 
vn -0.21497 0 0.976621 
vn -0.108119 0 0.994138 
vn -0.319302 0 0.947653 
vn -0.21497 0 0.976621 
vn -0.419889 0 0.907575 
vn -0.319302 0 0.947653 
vn -0.515554 0 0.856857 
vn -0.419889 0 0.907575 
vn -0.605174 0 0.796093 
vn -0.515554 0 0.856857 
vn -0.687699 0 0.725995 
vn -0.605174 0 0.796093 
vn -0.762162 0 0.647386 
vn -0.687699 0 0.725995 
vn -0.827689 0 0.561187 
vn -0.762162 0 0.647386 
vn -0.883512 0 0.468408 
vn -0.827689 0 0.561187 
vn -0.928977 0 0.370138 
vn -0.883512 0 0.468408 
vn -0.96355 0 0.267528 
vn -0.928977 0 0.370138 
vn -0.986827 0 0.161782 
vn -0.96355 0 0.267528 
vn -0.998533 0 0.0541389 
vn -0.986827 0 0.161782 
vn -0.998533 0 -0.0541389 
vn -0.998533 0 0.0541389 
vn -0.986827 0 -0.161782 
vn -0.998533 0 -0.0541389 
vn -0.96355 0 -0.267528 
vn -0.986827 0 -0.161782 
vn -0.928977 0 -0.370138 
vn -0.96355 0 -0.267528 
vn -0.883512 0 -0.468408 
vn -0.928977 0 -0.370138 
vn -0.827689 0 -0.561187 
vn -0.883512 0 -0.468408 
vn -0.762162 0 -0.647386 
vn -0.827689 0 -0.561187 
vn -0.687699 0 -0.725995 
vn -0.762162 0 -0.647386 
vn -0.605174 0 -0.796093 
vn -0.687699 0 -0.725995 
vn -0.515554 0 -0.856857 
vn -0.605174 0 -0.796093 
vn -0.419889 0 -0.907575 
vn -0.515554 0 -0.856857 
vn -0.319302 0 -0.947653 
vn -0.419889 0 -0.907575 
vn -0.21497 0 -0.976621 
vn -0.319302 0 -0.947653 
vn -0.108119 0 -0.994138 
vn -0.21497 0 -0.976621 
vn -3.21625e-16 0 -1 
vn -0.108119 0 -0.994138 
vn 0.108119 0 -0.994138 
vn -3.21625e-16 0 -1 
vn 0.21497 0 -0.976621 
vn 0.108119 0 -0.994138 
vn 0.319302 0 -0.947653 
vn 0.21497 0 -0.976621 
vn 0.419889 0 -0.907575 
vn 0.319302 0 -0.947653 
vn 0.515554 0 -0.856857 
vn 0.419889 0 -0.907575 
vn 0.605174 0 -0.796093 
vn 0.515554 0 -0.856857 
vn 0.687699 0 -0.725995 
vn 0.605174 0 -0.796093 
vn 0.762162 0 -0.647386 
vn 0.687699 0 -0.725995 
vn 0.827689 0 -0.561187 
vn 0.762162 0 -0.647386 
vn 0.883512 0 -0.468408 
vn 0.827689 0 -0.561187 
vn 0.928977 0 -0.370138 
vn 0.883512 0 -0.468408 
vn 0.96355 0 -0.267528 
vn 0.928977 0 -0.370138 
vn 0.986827 0 -0.161782 
vn 0.96355 0 -0.267528 
vn 0.998533 0 -0.0541389 
vn 0.986827 0 -0.161782 
vn 0.998533 0 0.0541389 
vn 0.998533 0 -0.0541389 
vn 0.986827 0 0.161782 
vn 0.998533 0 0.0541389 
vn 0.96355 0 0.267528 
vn 0.986827 0 0.161782 
vn 0.928977 0 0.370138 
vn 0.96355 0 0.267528 
vn 0.883512 0 0.468408 
vn 0.928977 0 0.370138 
vn 0.827689 0 0.561187 
vn 0.883512 0 0.468408 
vn 0.762162 0 0.647386 
vn 0.827689 0 0.561187 
vn 0.687699 0 0.725995 
vn 0.762162 0 0.647386 
vn 0.605174 0 0.796093 
vn 0.687699 0 0.725995 
vn 0.515554 0 0.856857 
vn 0.605174 0 0.796093 
vn 0.419889 0 0.907575 
vn 0.515554 0 0.856857 
vn 0.319302 0 0.947653 
vn 0.419889 0 0.907575 
vn 0.21497 0 0.976621 
vn 0.319302 0 0.947653 
vn 0.108119 0 0.994138 
vn 0.21497 0 0.976621 
vn 0 1 0 
vn 0 -0.707107 0.707107 
vn 0.038282 -0.707107 0.70607 
vn 0.114397 -0.707107 0.697792 
vn 0.189171 -0.707107 0.681333 
vn 0.261727 -0.707107 0.656886 
vn 0.331215 -0.707107 0.624737 
vn 0.396819 -0.707107 0.585265 
vn 0.457771 -0.707107 0.53893 
vn 0.513356 -0.707107 0.486277 
vn 0.562923 -0.707107 0.427923 
vn 0.60589 -0.707107 0.364552 
vn 0.641753 -0.707107 0.296906 
vn 0.670092 -0.707107 0.22578 
vn 0.690575 -0.707107 0.152007 
vn 0.702962 -0.707107 0.0764517 
vn 0.707107 -0.707107 4.32978e-17 
vn 0.702962 -0.707107 -0.0764517 
vn 0.690575 -0.707107 -0.152007 
vn 0.670092 -0.707107 -0.22578 
vn 0.6858 -0.707107 -0.172275 
vn 0.641753 -0.707107 -0.296906 
vn 0.60589 -0.707107 -0.364552 
vn 0.562923 -0.707107 -0.427923 
vn 0.513356 -0.707107 -0.486277 
vn 0.457771 -0.707107 -0.53893 
vn 0.396819 -0.707107 -0.585265 
vn 0.331215 -0.707107 -0.624737 
vn 0.261727 -0.707107 -0.656886 
vn 0.189171 -0.707107 -0.681333 
vn 0.114397 -0.707107 -0.697792 
vn 0.038282 -0.707107 -0.70607 
vn -0.038282 -0.707107 -0.70607 
vn 8.65956e-17 -0.707107 -0.707107 
vn -0.114397 -0.707107 -0.697792 
vn -0.172253 -0.707107 -0.685805 
vn -0.189171 -0.707107 -0.681333 
vn -0.261727 -0.707107 -0.656886 
vn -0.331215 -0.707107 -0.624737 
vn -0.396819 -0.707107 -0.585265 
vn -0.457771 -0.707107 -0.53893 
vn -0.513356 -0.707107 -0.486277 
vn -0.562923 -0.707107 -0.427923 
vn -0.60589 -0.707107 -0.364552 
vn -0.641753 -0.707107 -0.296906 
vn -0.670092 -0.707107 -0.22578 
vn -0.6858 -0.707107 -0.172275 
vn -0.690575 -0.707107 -0.152007 
vn -0.702962 -0.707107 -0.0764517 
vn -0.707107 -0.707107 -1.29893e-16 
vn -0.702962 -0.707107 0.0764517 
vn -0.690575 -0.707107 0.152007 
vn -0.670092 -0.707107 0.22578 
vn -0.641753 -0.707107 0.296906 
vn -0.60589 -0.707107 0.364552 
vn -0.562923 -0.707107 0.427923 
vn -0.513356 -0.707107 0.486277 
vn -0.457771 -0.707107 0.53893 
vn -0.396819 -0.707107 0.585265 
vn -0.331215 -0.707107 0.624737 
vn -0.261727 -0.707107 0.656886 
vn -0.189171 -0.707107 0.681333 
vn -0.114397 -0.707107 0.697792 
vn -0.172253 -0.707107 0.685805 
vn -0.038282 -0.707107 0.70607 
vn 0.038282 -0.707107 -0.70607 
vn 1 0 0 
vn 0.994138 0 -0.108119 
vn 0.976621 0 -0.21497 
vn 0.947653 0 -0.319302 
vn 0.907575 0 -0.419889 
vn 0.856857 0 -0.515554 
vn 0.796093 0 -0.605174 
vn 0.725995 0 -0.687699 
vn 0.647386 0 -0.762162 
vn 0.561187 0 -0.827689 
vn 0.468408 0 -0.883512 
vn 0.370138 0 -0.928977 
vn 0.267528 0 -0.96355 
vn 0.161782 0 -0.986827 
vn 0.0541389 0 -0.998533 
vn -0.0541389 0 -0.998533 
vn 3.61401e-16 0 -1 
vn -0.161782 0 -0.986827 
vn -0.267528 0 -0.96355 
vn -0.370138 0 -0.928977 
vn -0.468408 0 -0.883512 
vn -0.561187 0 -0.827689 
vn -0.647386 0 -0.762162 
vn -0.725995 0 -0.687699 
vn -0.796093 0 -0.605174 
vn -0.856857 0 -0.515554 
vn -0.907575 0 -0.419889 
vn -0.947653 0 -0.319302 
vn -0.976621 0 -0.21497 
vn -0.994138 0 -0.108119 
vn -1 0 -1.22465e-16 
vn -0.994138 0 0.108119 
vn -0.976621 0 0.21497 
vn -0.947653 0 0.319302 
vn -0.907575 0 0.419889 
vn -0.856857 0 0.515554 
vn -0.796093 0 0.605174 
vn -0.725995 0 0.687699 
vn -0.647386 0 0.762162 
vn -0.561187 0 0.827689 
vn -0.468408 0 0.883512 
vn -0.370138 0 0.928977 
vn -0.267528 0 0.96355 
vn -0.161782 0 0.986827 
vn -0.0541389 0 0.998533 
vn -1.807e-16 0 1 
vn 0.0541389 0 0.998533 
vn 0.161782 0 0.986827 
vn 0.267528 0 0.96355 
vn 0.370138 0 0.928977 
vn 0.468408 0 0.883512 
vn 0.561187 0 0.827689 
vn 0.647386 0 0.762162 
vn 0.725995 0 0.687699 
vn 0.796093 0 0.605174 
vn 0.856857 0 0.515554 
vn 0.907575 0 0.419889 
vn 0.947653 0 0.319302 
vn 0.976621 0 0.21497 
vn 0.994138 0 0.108119 
vn 0 0.707107 0.707107 
vn -0.038282 0.707107 0.70607 
vn -0.114397 0.707107 0.697792 
vn -0.189171 0.707107 0.681333 
vn -0.261727 0.707107 0.656886 
vn -0.215053 0.707107 0.673611 
vn -0.331215 0.707107 0.624737 
vn -0.396819 0.707107 0.585265 
vn -0.457771 0.707107 0.53893 
vn -0.513356 0.707107 0.486277 
vn -0.562923 0.707107 0.427923 
vn -0.60589 0.707107 0.364552 
vn -0.641753 0.707107 0.296906 
vn -0.670092 0.707107 0.22578 
vn -0.690575 0.707107 0.152007 
vn -0.702962 0.707107 0.0764517 
vn -0.707107 0.707107 2.00307e-16 
vn -0.702962 0.707107 -0.0764517 
vn -0.690575 0.707107 -0.152007 
vn -0.673652 0.707107 -0.214925 
vn -0.670092 0.707107 -0.22578 
vn -0.641753 0.707107 -0.296906 
vn -0.60589 0.707107 -0.364552 
vn -0.562923 0.707107 -0.427923 
vn -0.513356 0.707107 -0.486277 
vn -0.457771 0.707107 -0.53893 
vn -0.396819 0.707107 -0.585265 
vn -0.331215 0.707107 -0.624737 
vn -0.261727 0.707107 -0.656886 
vn -0.215053 0.707107 -0.673611 
vn -0.189171 0.707107 -0.681333 
vn -0.114397 0.707107 -0.697792 
vn -0.038282 0.707107 -0.70607 
vn 0.038282 0.707107 -0.70607 
vn 0.114397 0.707107 -0.697792 
vn 0.189171 0.707107 -0.681333 
vn 0.261727 0.707107 -0.656886 
vn 0.331215 0.707107 -0.624737 
vn 0.396819 0.707107 -0.585265 
vn 0.457771 0.707107 -0.53893 
vn 0.513356 0.707107 -0.486277 
vn 0.562923 0.707107 -0.427923 
vn 0.60589 0.707107 -0.364552 
vn 0.641753 0.707107 -0.296906 
vn 0.670092 0.707107 -0.22578 
vn 0.690575 0.707107 -0.152007 
vn 0.673652 0.707107 -0.214925 
vn 0.702962 0.707107 -0.0764517 
vn 0.707107 0.707107 -1.29893e-16 
vn 0.702962 0.707107 0.0764517 
vn 0.690575 0.707107 0.152007 
vn 0.670092 0.707107 0.22578 
vn 0.641753 0.707107 0.296906 
vn 0.60589 0.707107 0.364552 
vn 0.562923 0.707107 0.427923 
vn 0.513356 0.707107 0.486277 
vn 0.457771 0.707107 0.53893 
vn 0.396819 0.707107 0.585265 
vn 0.331215 0.707107 0.624737 
vn 0.261727 0.707107 0.656886 
vn 0.189171 0.707107 0.681333 
vn 0.114397 0.707107 0.697792 
vn 0.038282 0.707107 0.70607 
usemtl 0.960784_0.960784_0.964706_0.000000_0.000000
o mesh0
f 1//1 2//1 3//2 
f 4//2 3//2 5//3 
f 6//3 5//3 7//4 
f 8//4 7//4 9//5 
f 10//5 9//5 11//6 
f 12//6 11//6 13//7 
f 14//8 15//7 16//9 
f 15//7 13//7 16//9 
f 14//8 17//8 18//10 
f 19//10 18//10 20//11 
f 21//11 20//11 22//12 
f 23//12 22//12 24//13 
f 25//13 24//13 26//14 
f 27//14 26//14 28//15 
f 29//15 28//15 30//16 
f 31//16 30//16 32//17 
f 33//17 32//17 34//18 
f 35//18 34//18 36//19 
f 37//19 36//19 38//20 
f 39//20 38//20 40//21 
f 41//21 40//21 42//22 
f 43//22 42//22 44//23 
f 44//23 45//24 43//22 
f 45//24 46//24 47//25 
f 48//25 47//25 49//26 
f 49//26 50//27 48//25 
f 50//27 51//27 52//28 
f 53//28 52//28 54//29 
f 55//29 54//29 56//30 
f 57//30 56//30 58//31 
f 59//31 58//31 60//32 
f 61//32 60//32 62//33 
f 63//33 62//33 64//34 
f 65//34 64//34 66//35 
f 67//35 66//35 68//36 
f 69//36 68//36 70//37 
f 71//37 70//37 72//38 
f 73//38 72//38 74//39 
f 75//39 74//39 76//40 
f 77//40 76//40 78//41 
f 79//42 80//41 81//43 
f 80//41 78//41 81//43 
f 79//42 82//42 83//44 
f 84//44 83//44 85//45 
f 86//45 85//45 87//46 
f 88//46 87//46 89//47 
f 90//47 89//47 91//48 
f 92//48 91//48 93//49 
f 94//49 93//49 95//50 
f 96//50 95//50 97//51 
f 98//51 97//51 99//52 
f 100//52 99//52 101//53 
f 102//53 101//53 103//54 
f 104//54 103//54 105//55 
f 106//55 105//55 107//56 
f 108//56 107//56 109//57 
f 110//57 109//57 111//58 
f 112//58 111//58 113//59 
f 114//59 113//59 115//60 
f 116//60 115//60 117//61 
f 118//61 117//61 119//62 
f 120//62 119//62 2//1 
f 2//1 1//1 120//62 
f 119//62 120//62 118//61 
f 117//61 118//61 116//60 
f 115//60 116//60 114//59 
f 113//59 114//59 112//58 
f 111//58 112//58 110//57 
f 109//57 110//57 108//56 
f 107//56 108//56 106//55 
f 105//55 106//55 104//54 
f 103//54 104//54 102//53 
f 101//53 102//53 100//52 
f 99//52 100//52 98//51 
f 97//51 98//51 96//50 
f 95//50 96//50 94//49 
f 93//49 94//49 92//48 
f 91//48 92//48 90//47 
f 89//47 90//47 88//46 
f 87//46 88//46 86//45 
f 85//45 86//45 84//44 
f 83//44 84//44 79//42 
f 81//43 82//42 79//42 
f 78//41 80//41 77//40 
f 76//40 77//40 75//39 
f 74//39 75//39 73//38 
f 72//38 73//38 71//37 
f 70//37 71//37 69//36 
f 68//36 69//36 67//35 
f 66//35 67//35 65//34 
f 64//34 65//34 63//33 
f 62//33 63//33 61//32 
f 60//32 61//32 59//31 
f 58//31 59//31 57//30 
f 56//30 57//30 55//29 
f 54//29 55//29 53//28 
f 52//28 53//28 50//27 
f 49//26 51//27 50//27 
f 47//25 48//25 45//24 
f 44//23 46//24 45//24 
f 42//22 43//22 41//21 
f 40//21 41//21 39//20 
f 38//20 39//20 37//19 
f 36//19 37//19 35//18 
f 34//18 35//18 33//17 
f 32//17 33//17 31//16 
f 30//16 31//16 29//15 
f 28//15 29//15 27//14 
f 26//14 27//14 25//13 
f 24//13 25//13 23//12 
f 22//12 23//12 21//11 
f 20//11 21//11 19//10 
f 18//10 19//10 14//8 
f 16//9 17//8 14//8 
f 13//7 15//7 12//6 
f 11//6 12//6 10//5 
f 9//5 10//5 8//4 
f 7//4 8//4 6//3 
f 5//3 6//3 4//2 
f 3//2 4//2 1//1 
o mesh1
f 21//63 121//63 122//63 
f 21//63 23//63 123//63 
f 1//63 124//63 125//63 
f 1//63 4//63 126//63 
f 123//63 121//63 21//63 
f 25//63 127//63 123//63 
f 27//63 128//63 127//63 
f 27//63 29//63 129//63 
f 31//63 130//63 129//63 
f 31//63 33//63 131//63 
f 120//63 125//63 132//63 
f 126//63 124//63 1//63 
f 123//63 23//63 25//63 
f 129//63 128//63 27//63 
f 131//63 130//63 31//63 
f 33//63 35//63 133//63 
f 39//63 134//63 135//63 
f 41//63 136//63 134//63 
f 71//63 137//63 138//63 
f 73//63 139//63 137//63 
f 125//63 120//63 1//63 
f 4//63 6//63 140//63 
f 127//63 25//63 27//63 
f 133//63 131//63 33//63 
f 37//63 135//63 133//63 
f 134//63 39//63 41//63 
f 63//63 65//63 141//63 
f 65//63 67//63 142//63 
f 67//63 69//63 138//63 
f 137//63 71//63 73//63 
f 88//63 143//63 144//63 
f 88//63 90//63 145//63 
f 140//63 126//63 4//63 
f 8//63 146//63 140//63 
f 10//63 147//63 146//63 
f 10//63 12//63 148//63 
f 15//63 149//63 148//63 
f 15//63 14//63 150//63 
f 129//63 29//63 31//63 
f 135//63 37//63 39//63 
f 48//63 151//63 152//63 
f 48//63 50//63 153//63 
f 142//63 141//63 65//63 
f 138//63 69//63 71//63 
f 145//63 143//63 88//63 
f 90//63 92//63 154//63 
f 92//63 94//63 155//63 
f 94//63 96//63 156//63 
f 98//63 157//63 156//63 
f 98//63 100//63 158//63 
f 100//63 102//63 159//63 
f 102//63 104//63 160//63 
f 114//63 116//63 161//63 
f 116//63 118//63 132//63 
f 140//63 6//63 8//63 
f 148//63 147//63 10//63 
f 150//63 149//63 15//63 
f 14//63 19//63 122//63 
f 133//63 35//63 37//63 
f 43//63 162//63 136//63 
f 45//63 152//63 162//63 
f 153//63 151//63 48//63 
f 138//63 142//63 67//63 
f 75//63 163//63 139//63 
f 77//63 164//63 163//63 
f 77//63 80//63 165//63 
f 84//63 166//63 167//63 
f 84//63 86//63 144//63 
f 154//63 145//63 90//63 
f 156//63 155//63 94//63 
f 158//63 157//63 98//63 
f 160//63 159//63 102//63 
f 110//63 168//63 169//63 
f 110//63 112//63 170//63 
f 112//63 114//63 171//63 
f 132//63 161//63 116//63 
f 146//63 8//63 10//63 
f 122//63 150//63 14//63 
f 136//63 41//63 43//63 
f 152//63 45//63 48//63 
f 53//63 172//63 153//63 
f 53//63 55//63 173//63 
f 55//63 57//63 174//63 
f 57//63 59//63 175//63 
f 139//63 73//63 75//63 
f 165//63 164//63 77//63 
f 79//63 167//63 165//63 
f 144//63 166//63 84//63 
f 155//63 154//63 92//63 
f 159//63 158//63 100//63 
f 106//63 176//63 160//63 
f 106//63 108//63 169//63 
f 170//63 168//63 110//63 
f 161//63 171//63 114//63 
f 148//63 12//63 15//63 
f 162//63 43//63 45//63 
f 173//63 172//63 53//63 
f 175//63 174//63 57//63 
f 61//63 177//63 175//63 
f 63//63 178//63 177//63 
f 163//63 75//63 77//63 
f 167//63 79//63 84//63 
f 156//63 96//63 98//63 
f 169//63 176//63 106//63 
f 171//63 170//63 112//63 
f 122//63 19//63 21//63 
f 174//63 173//63 55//63 
f 177//63 61//63 63//63 
f 165//63 80//63 79//63 
f 160//63 104//63 106//63 
f 132//63 118//63 120//63 
f 175//63 59//63 61//63 
f 144//63 86//63 88//63 
f 153//63 50//63 53//63 
f 169//63 108//63 110//63 
f 141//63 178//63 63//63 
o mesh2
f 125//64 124//65 179//66 
f 124//65 180//65 179//66 
f 132//67 125//64 181//68 
f 125//64 182//69 181//68 
f 161//70 132//67 183//71 
f 132//67 184//72 183//71 
f 171//73 161//70 185//74 
f 161//70 186//75 185//74 
f 170//76 171//73 187//77 
f 171//73 188//78 187//77 
f 168//79 170//76 189//80 
f 170//76 190//81 189//80 
f 169//82 168//79 191//83 
f 168//79 192//84 191//83 
f 176//85 169//82 193//86 
f 169//82 194//87 193//86 
f 160//88 176//85 195//89 
f 176//85 196//90 195//89 
f 159//91 160//88 197//92 
f 160//88 198//93 197//92 
f 158//94 159//91 199//95 
f 159//91 200//96 199//95 
f 157//97 158//94 201//98 
f 158//94 202//99 201//98 
f 156//100 157//97 203//101 
f 157//97 204//102 203//101 
f 155//103 156//100 205//104 
f 156//100 206//105 205//104 
f 154//106 155//103 207//107 
f 155//103 208//108 207//107 
f 154//106 209//109 210//110 
f 210//110 145//111 154//106 
f 145//111 211//111 212//112 
f 212//112 143//113 145//111 
f 144//114 143//113 213//115 
f 143//113 214//116 213//115 
f 144//114 215//117 216//118 
f 216//118 166//119 144//114 
f 166//119 217//119 218//120 
f 218//120 167//121 166//119 
f 167//121 219//121 220//122 
f 220//122 165//123 167//121 
f 165//123 221//123 222//124 
f 222//124 164//125 165//123 
f 164//125 223//125 224//126 
f 224//126 163//127 164//125 
f 163//127 225//127 226//128 
f 226//128 139//129 163//127 
f 139//129 227//129 228//130 
f 228//130 137//131 139//129 
f 137//131 229//131 230//132 
f 230//132 138//133 137//131 
f 138//133 231//133 232//134 
f 232//134 142//135 138//133 
f 142//135 233//135 234//136 
f 234//136 141//137 142//135 
f 178//138 141//137 235//139 
f 141//137 236//140 235//139 
f 178//138 237//141 238//142 
f 238//142 177//143 178//138 
f 177//143 239//143 240//144 
f 240//144 175//145 177//143 
f 175//145 241//145 242//146 
f 242//146 174//147 175//145 
f 174//147 243//147 244//148 
f 244//148 173//149 174//147 
f 173//149 245//149 246//150 
f 246//150 172//151 173//149 
f 172//151 247//151 248//152 
f 248//152 153//153 172//151 
f 153//153 249//153 250//154 
f 250//154 151//155 153//153 
f 151//155 251//155 252//156 
f 252//156 152//157 151//155 
f 152//157 253//157 254//158 
f 254//158 162//159 152//157 
f 162//159 255//159 256//160 
f 256//160 136//161 162//159 
f 136//161 257//161 258//162 
f 258//162 134//163 136//161 
f 134//163 259//163 260//164 
f 260//164 135//165 134//163 
f 135//165 261//165 262//166 
f 262//166 133//167 135//165 
f 133//167 263//167 264//168 
f 264//168 131//169 133//167 
f 131//169 265//169 266//170 
f 266//170 130//171 131//169 
f 130//171 267//171 268//172 
f 268//172 129//173 130//171 
f 129//173 269//173 270//174 
f 270//174 128//175 129//173 
f 128//175 271//175 272//176 
f 272//176 127//177 128//175 
f 127//177 273//177 274//178 
f 274//178 123//179 127//177 
f 123//179 275//179 276//180 
f 276//180 121//181 123//179 
f 121//181 277//181 278//182 
f 278//182 122//183 121//181 
f 122//183 279//183 280//184 
f 280//184 150//185 122//183 
f 150//185 281//185 282//186 
f 282//186 149//187 150//185 
f 149//187 283//187 284//188 
f 284//188 148//189 149//187 
f 148//189 285//189 286//190 
f 286//190 147//191 148//189 
f 146//192 147//191 287//193 
f 147//191 288//194 287//193 
f 140//195 146//192 289//196 
f 146//192 290//197 289//196 
f 126//198 140//195 291//199 
f 140//195 292//200 291//199 
f 124//65 126//198 293//201 
f 126//198 294//202 293//201 
f 293//201 180//65 124//65 
f 291//199 294//202 126//198 
f 289//196 292//200 140//195 
f 287//193 290//197 146//192 
f 286//190 288//194 147//191 
f 284//188 285//189 148//189 
f 282//186 283//187 149//187 
f 280//184 281//185 150//185 
f 278//182 279//183 122//183 
f 276//180 277//181 121//181 
f 274//178 275//179 123//179 
f 272//176 273//177 127//177 
f 270//174 271//175 128//175 
f 268//172 269//173 129//173 
f 266//170 267//171 130//171 
f 264//168 265//169 131//169 
f 262//166 263//167 133//167 
f 260//164 261//165 135//165 
f 258//162 259//163 134//163 
f 256//160 257//161 136//161 
f 254//158 255//159 162//159 
f 252//156 253//157 152//157 
f 250//154 251//155 151//155 
f 248//152 249//153 153//153 
f 246//150 247//151 172//151 
f 244//148 245//149 173//149 
f 242//146 243//147 174//147 
f 240//144 241//145 175//145 
f 238//142 239//143 177//143 
f 235//139 237//141 178//138 
f 234//136 236//140 141//137 
f 232//134 233//135 142//135 
f 230//132 231//133 138//133 
f 228//130 229//131 137//131 
f 226//128 227//129 139//129 
f 224//126 225//127 163//127 
f 222//124 223//125 164//125 
f 220//122 221//123 165//123 
f 218//120 219//121 167//121 
f 216//118 217//119 166//119 
f 213//115 215//117 144//114 
f 212//112 214//116 143//113 
f 210//110 211//111 145//111 
f 207//107 209//109 154//106 
f 205//104 208//108 155//103 
f 203//101 206//105 156//100 
f 201//98 204//102 157//97 
f 199//95 202//99 158//94 
f 197//92 200//96 159//91 
f 195//89 198//93 160//88 
f 193//86 196//90 176//85 
f 191//83 194//87 169//82 
f 189//80 192//84 168//79 
f 187//77 190//81 170//76 
f 185//74 188//78 171//73 
f 183//71 186//75 161//70 
f 181//68 184//72 132//67 
f 179//66 182//69 125//64 
o mesh3
f 295//203 296//204 209//205 
f 296//204 210//204 209//205 
f 297//206 212//206 211//207 
f 211//207 296//204 297//206 
f 298//208 213//208 214//209 
f 214//209 297//206 298//208 
f 298//208 299//210 215//211 
f 299//210 216//210 215//211 
f 299//210 300//212 217//213 
f 300//212 218//212 217//213 
f 300//212 301//214 219//215 
f 301//214 220//214 219//215 
f 302//216 222//216 221//217 
f 221//217 301//214 302//216 
f 222//216 302//216 303//218 
f 304//219 224//219 223//220 
f 223//220 303//218 304//219 
f 305//221 226//221 225//222 
f 225//222 304//219 305//221 
f 305//221 306//223 227//224 
f 306//223 228//223 227//224 
f 306//223 307//225 229//226 
f 307//225 230//225 229//226 
f 308//227 232//227 231//228 
f 231//228 307//225 308//227 
f 308//227 309//229 233//230 
f 309//229 234//229 233//230 
f 309//229 310//231 236//232 
f 310//231 235//231 236//232 
f 310//231 311//233 237//234 
f 311//233 312//235 238//235 
f 238//235 237//234 311//233 
f 313//236 240//236 239//237 
f 239//237 312//235 313//236 
f 314//238 242//238 241//239 
f 241//239 313//236 314//238 
f 314//238 315//240 243//241 
f 315//240 244//240 243//241 
f 316//242 246//242 245//243 
f 245//243 315//240 316//242 
f 317//244 248//244 247//245 
f 247//245 316//242 317//244 
f 318//246 250//246 249//247 
f 249//247 317//244 318//246 
f 319//248 251//249 250//246 
f 319//248 320//250 252//251 
f 252//251 251//249 319//248 
f 320//250 321//251 252//251 
f 322//252 254//252 253//253 
f 253//253 321//251 322//252 
f 323//254 256//254 255//255 
f 255//255 322//252 323//254 
f 324//256 258//256 257//257 
f 257//257 323//254 324//256 
f 325//258 260//258 259//259 
f 259//259 324//256 325//258 
f 326//260 262//260 261//261 
f 261//261 325//258 326//260 
f 327//262 264//262 263//263 
f 263//263 326//260 327//262 
f 328//264 266//264 265//265 
f 265//265 327//262 328//264 
f 329//266 268//266 267//267 
f 267//267 328//264 329//266 
f 330//268 270//268 269//269 
f 269//269 329//266 330//268 
f 330//268 331//270 271//271 
f 331//270 272//270 271//271 
f 332//272 274//272 273//273 
f 273//273 331//270 332//272 
f 332//272 333//274 275//275 
f 333//274 276//274 275//275 
f 334//276 278//276 277//277 
f 277//277 333//274 334//276 
f 334//276 335//278 279//279 
f 335//278 280//278 279//279 
f 336//280 281//281 280//278 
f 336//280 337//282 282//282 
f 282//282 281//281 336//280 
f 338//283 284//283 283//284 
f 283//284 337//282 338//283 
f 338//283 339//285 285//286 
f 339//285 286//285 285//286 
f 339//285 340//287 288//288 
f 340//287 287//287 288//288 
f 341//289 289//289 290//290 
f 290//290 340//287 341//289 
f 341//289 342//291 292//292 
f 342//291 291//291 292//292 
f 343//293 293//293 294//294 
f 294//294 342//291 343//293 
f 344//295 179//295 180//296 
f 180//296 343//293 344//295 
f 345//297 181//297 182//298 
f 182//298 344//295 345//297 
f 346//299 183//299 184//300 
f 184//300 345//297 346//299 
f 346//299 347//301 186//302 
f 347//301 185//301 186//302 
f 348//303 187//303 188//304 
f 188//304 347//301 348//303 
f 349//305 189//305 190//306 
f 190//306 348//303 349//305 
f 350//307 191//307 192//308 
f 192//308 349//305 350//307 
f 351//309 193//309 194//310 
f 194//310 350//307 351//309 
f 352//311 195//311 196//312 
f 196//312 351//309 352//311 
f 353//313 197//313 198//314 
f 198//314 352//311 353//313 
f 354//315 199//315 200//316 
f 200//316 353//313 354//315 
f 355//317 201//317 202//318 
f 202//318 354//315 355//317 
f 356//319 203//319 204//320 
f 204//320 355//317 356//319 
f 357//321 205//321 206//322 
f 206//322 356//319 357//321 
f 295//203 207//323 208//324 
f 208//324 357//321 295//203 
f 208//324 205//321 357//321 
f 206//322 203//319 356//319 
f 204//320 201//317 355//317 
f 202//318 199//315 354//315 
f 200//316 197//313 353//313 
f 198//314 195//311 352//311 
f 196//312 193//309 351//309 
f 194//310 191//307 350//307 
f 192//308 189//305 349//305 
f 190//306 187//303 348//303 
f 188//304 185//301 347//301 
f 186//302 183//299 346//299 
f 184//300 181//297 345//297 
f 182//298 179//295 344//295 
f 180//296 293//293 343//293 
f 294//294 291//291 342//291 
f 292//292 289//289 341//289 
f 290//290 287//287 340//287 
f 288//288 286//285 339//285 
f 285//286 284//283 338//283 
f 283//284 282//282 337//282 
f 280//278 335//278 336//280 
f 279//279 278//276 334//276 
f 277//277 276//274 333//274 
f 275//275 274//272 332//272 
f 273//273 272//270 331//270 
f 271//271 270//268 330//268 
f 269//269 268//266 329//266 
f 267//267 266//264 328//264 
f 265//265 264//262 327//262 
f 263//263 262//260 326//260 
f 261//261 260//258 325//258 
f 259//259 258//256 324//256 
f 257//257 256//254 323//254 
f 255//255 254//252 322//252 
f 253//253 252//251 321//251 
f 250//246 318//246 319//248 
f 249//247 248//244 317//244 
f 247//245 246//242 316//242 
f 245//243 244//240 315//240 
f 243//241 242//238 314//238 
f 241//239 240//236 313//236 
f 239//237 238//235 312//235 
f 237//234 235//231 310//231 
f 236//232 234//229 309//229 
f 233//230 232//227 308//227 
f 231//228 230//225 307//225 
f 229//226 228//223 306//223 
f 227//224 226//221 305//221 
f 225//222 224//219 304//219 
f 303//218 223//220 222//216 
f 221//217 220//214 301//214 
f 219//215 218//212 300//212 
f 217//213 216//210 299//210 
f 215//211 213//208 298//208 
f 214//209 212//206 297//206 
f 211//207 210//204 296//204 
f 209//205 207//323 295//203 
o mesh4
f 358//325 359//325 360//325 
f 361//325 362//325 363//325 
f 364//325 365//325 366//325 
f 360//325 367//325 358//325 
f 362//325 368//325 363//325 
f 369//325 370//325 371//325 
f 372//325 373//325 374//325 
f 375//325 372//325 376//325 
f 377//325 378//325 379//325 
f 380//325 377//325 381//325 
f 382//325 383//325 384//325 
f 364//325 385//325 365//325 
f 360//325 386//325 367//325 
f 387//325 299//325 298//325 
f 342//325 388//325 389//325 
f 390//325 391//325 392//325 
f 361//325 393//325 394//325 
f 363//325 395//325 361//325 
f 374//325 373//325 369//325 
f 376//325 396//325 375//325 
f 378//325 375//325 396//325 
f 381//325 397//325 380//325 
f 398//325 399//325 400//325 
f 384//325 401//325 382//325 
f 364//325 402//325 403//325 
f 366//325 404//325 364//325 
f 364//325 405//325 406//325 
f 364//325 389//325 407//325 
f 408//325 409//325 410//325 
f 360//325 411//325 386//325 
f 360//325 412//325 413//325 
f 414//325 415//325 416//325 
f 417//325 418//325 414//325 
f 419//325 303//325 420//325 
f 298//325 421//325 387//325 
f 422//325 303//325 302//325 
f 423//325 297//325 296//325 
f 389//325 343//325 342//325 
f 424//325 351//325 350//325 
f 390//325 425//325 391//325 
f 426//325 390//325 427//325 
f 394//325 427//325 361//325 
f 395//325 428//325 361//325 
f 429//325 430//325 431//325 
f 374//325 376//325 372//325 
f 379//325 381//325 377//325 
f 399//325 380//325 397//325 
f 400//325 432//325 398//325 
f 408//325 433//325 384//325 
f 408//325 434//325 435//325 
f 404//325 402//325 364//325 
f 364//325 436//325 405//325 
f 407//325 437//325 364//325 
f 408//325 438//325 439//325 
f 408//325 440//325 441//325 
f 410//325 442//325 408//325 
f 413//325 411//325 360//325 
f 412//325 443//325 444//325 
f 414//325 418//325 415//325 
f 419//325 445//325 417//325 
f 419//325 446//325 447//325 
f 419//325 448//325 449//325 
f 303//325 450//325 420//325 
f 422//325 300//325 299//325 
f 302//325 301//325 422//325 
f 296//325 451//325 423//325 
f 388//325 338//325 337//325 
f 342//325 341//325 388//325 
f 389//325 345//325 344//325 
f 424//325 352//325 351//325 
f 424//325 354//325 353//325 
f 424//325 356//325 355//325 
f 452//325 453//325 357//325 
f 392//325 454//325 390//325 
f 390//325 455//325 456//325 
f 427//325 457//325 426//325 
f 428//325 393//325 361//325 
f 431//325 362//325 429//325 
f 458//325 459//325 460//325 
f 396//325 379//325 378//325 
f 432//325 359//325 398//325 
f 382//325 401//325 461//325 
f 435//325 433//325 408//325 
f 364//325 462//325 385//325 
f 437//325 436//325 364//325 
f 441//325 438//325 408//325 
f 442//325 463//325 408//325 
f 412//325 464//325 413//325 
f 444//325 465//325 412//325 
f 466//325 467//325 468//325 
f 414//325 419//325 417//325 
f 419//325 469//325 446//325 
f 420//325 448//325 419//325 
f 303//325 470//325 471//325 
f 301//325 300//325 422//325 
f 421//325 298//325 297//325 
f 388//325 339//325 338//325 
f 344//325 343//325 389//325 
f 389//325 347//325 346//325 
f 389//325 349//325 348//325 
f 350//325 389//325 424//325 
f 355//325 354//325 424//325 
f 356//325 424//325 452//325 
f 336//325 472//325 473//325 
f 456//325 425//325 390//325 
f 394//325 457//325 427//325 
f 429//325 474//325 430//325 
f 429//325 460//325 475//325 
f 460//325 459//325 476//325 
f 371//325 370//325 458//325 
f 397//325 400//325 399//325 
f 409//325 408//325 477//325 
f 383//325 408//325 384//325 
f 406//325 462//325 364//325 
f 408//325 478//325 479//325 
f 463//325 440//325 408//325 
f 465//325 464//325 412//325 
f 466//325 480//325 467//325 
f 416//325 466//325 414//325 
f 449//325 469//325 419//325 
f 471//325 481//325 303//325 
f 303//325 422//325 482//325 
f 423//325 421//325 297//325 
f 295//325 453//325 451//325 
f 388//325 340//325 339//325 
f 346//325 345//325 389//325 
f 350//325 349//325 389//325 
f 357//325 356//325 452//325 
f 473//325 483//325 336//325 
f 426//325 455//325 390//325 
f 429//325 484//325 474//325 
f 476//325 475//325 460//325 
f 371//325 374//325 369//325 
f 477//325 359//325 409//325 
f 403//325 382//325 364//325 
f 439//325 478//325 408//325 
f 443//325 468//325 444//325 
f 416//325 480//325 466//325 
f 419//325 485//325 486//325 
f 481//325 450//325 303//325 
f 303//325 487//325 488//325 
f 387//325 422//325 299//325 
f 451//325 296//325 295//325 
f 341//325 340//325 388//325 
f 353//325 352//325 424//325 
f 483//325 489//325 336//325 
f 390//325 490//325 472//325 
f 362//325 491//325 368//325 
f 475//325 484//325 429//325 
f 477//325 398//325 359//325 
f 479//325 434//325 408//325 
f 468//325 443//325 466//325 
f 447//325 485//325 419//325 
f 488//325 492//325 303//325 
f 295//325 357//325 453//325 
f 348//325 347//325 389//325 
f 389//325 364//325 493//325 
f 336//325 494//325 495//325 
f 472//325 336//325 390//325 
f 431//325 491//325 362//325 
f 461//325 364//325 382//325 
f 486//325 445//325 419//325 
f 482//325 487//325 303//325 
f 493//325 424//325 389//325 
f 489//325 494//325 336//325 
f 460//325 371//325 458//325 
f 492//325 470//325 303//325 
f 495//325 388//325 336//325 
f 358//325 409//325 359//325 
f 454//325 490//325 390//325 
f 496//325 332//325 331//325 
f 331//325 497//325 496//325 
f 498//325 330//325 329//325 
f 499//325 333//325 332//325 
f 499//325 335//325 334//325 
f 329//325 500//325 498//325 
f 501//325 502//325 503//325 
f 334//325 333//325 499//325 
f 497//325 331//325 330//325 
f 504//325 505//325 506//325 
f 501//325 507//325 502//325 
f 508//325 509//325 501//325 
f 498//325 497//325 330//325 
f 504//325 510//325 511//325 
f 506//325 512//325 504//325 
f 501//325 509//325 507//325 
f 513//325 514//325 508//325 
f 515//325 516//325 517//325 
f 518//325 515//325 519//325 
f 520//325 518//325 521//325 
f 522//325 520//325 523//325 
f 524//325 522//325 525//325 
f 526//325 524//325 527//325 
f 336//325 499//325 528//325 
f 499//325 336//325 335//325 
f 328//325 327//325 529//325 
f 530//325 529//325 327//325 
f 511//325 320//325 504//325 
f 504//325 531//325 532//325 
f 504//325 533//325 505//325 
f 501//325 513//325 508//325 
f 534//325 535//325 536//325 
f 517//325 519//325 515//325 
f 521//325 523//325 520//325 
f 523//325 537//325 522//325 
f 527//325 390//325 526//325 
f 538//325 390//325 336//325 
f 496//325 499//325 332//325 
f 500//325 329//325 328//325 
f 326//325 539//325 530//325 
f 320//325 540//325 541//325 
f 320//325 542//325 543//325 
f 532//325 510//325 504//325 
f 512//325 544//325 504//325 
f 545//325 504//325 546//325 
f 547//325 548//325 549//325 
f 503//325 547//325 501//325 
f 536//325 550//325 534//325 
f 551//325 534//325 550//325 
f 519//325 521//325 518//325 
f 525//325 527//325 524//325 
f 336//325 552//325 538//325 
f 529//325 500//325 328//325 
f 327//325 326//325 530//325 
f 553//325 322//325 321//325 
f 553//325 324//325 323//325 
f 554//325 539//325 325//325 
f 320//325 555//325 556//325 
f 543//325 540//325 320//325 
f 320//325 557//325 558//325 
f 544//325 531//325 504//325 
f 546//325 559//325 545//325 
f 546//325 560//325 561//325 
f 503//325 548//325 547//325 
f 562//325 514//325 513//325 
f 550//325 517//325 551//325 
f 537//325 525//325 522//325 
f 538//325 563//325 390//325 
f 326//325 325//325 539//325 
f 323//325 322//325 553//325 
f 324//325 553//325 554//325 
f 541//325 555//325 320//325 
f 511//325 557//325 320//325 
f 546//325 564//325 559//325 
f 560//325 565//325 561//325 
f 513//325 536//325 562//325 
f 516//325 551//325 517//325 
f 528//325 552//325 336//325 
f 325//325 324//325 554//325 
f 558//325 542//325 320//325 
f 561//325 564//325 546//325 
f 560//325 566//325 567//325 
f 560//325 547//325 568//325 
f 535//325 562//325 536//325 
f 321//325 320//325 553//325 
f 545//325 533//325 504//325 
f 568//325 566//325 560//325 
f 563//325 526//325 390//325 
f 567//325 565//325 560//325 
f 556//325 553//325 320//325 
f 569//325 570//325 320//325 
f 320//325 319//325 569//325 
f 570//325 571//325 320//325 
f 319//325 572//325 573//325 
f 319//325 574//325 569//325 
f 573//325 575//325 319//325 
f 320//325 576//325 577//325 
f 575//325 574//325 319//325 
f 571//325 576//325 320//325 
f 319//325 578//325 572//325 
f 577//325 579//325 320//325 
f 580//325 581//325 582//325 
f 580//325 583//325 581//325 
f 584//325 582//325 585//325 
f 586//325 585//325 587//325 
f 588//325 587//325 589//325 
f 590//325 589//325 591//325 
f 592//325 591//325 593//325 
f 594//325 595//325 306//325 
f 305//325 596//325 597//325 
f 598//325 419//325 583//325 
f 585//325 586//325 584//325 
f 589//325 590//325 588//325 
f 593//325 599//325 592//325 
f 597//325 594//325 305//325 
f 582//325 584//325 580//325 
f 591//325 592//325 590//325 
f 599//325 593//325 600//325 
f 306//325 305//325 594//325 
f 587//325 588//325 586//325 
f 600//325 601//325 602//325 
f 601//325 600//325 603//325 
f 317//325 604//325 605//325 
f 606//325 317//325 316//325 
f 607//325 608//325 309//325 
f 305//325 304//325 596//325 
f 609//325 596//325 303//325 
f 600//325 602//325 599//325 
f 603//325 610//325 611//325 
f 610//325 603//325 612//325 
f 578//325 613//325 614//325 
f 605//325 615//325 317//325 
f 316//325 616//325 606//325 
f 308//325 595//325 607//325 
f 303//325 419//325 609//325 
f 419//325 598//325 617//325 
f 603//325 611//325 601//325 
f 612//325 618//325 619//325 
f 614//325 620//325 578//325 
f 319//325 621//325 622//325 
f 606//325 604//325 317//325 
f 623//325 319//325 318//325 
f 624//325 314//325 313//325 
f 309//325 308//325 607//325 
f 617//325 609//325 419//325 
f 612//325 619//325 610//325 
f 625//325 626//325 627//325 
f 625//325 628//325 629//325 
f 625//325 630//325 631//325 
f 632//325 633//325 634//325 
f 620//325 635//325 578//325 
f 578//325 636//325 637//325 
f 578//325 319//325 638//325 
f 319//325 639//325 640//325 
f 319//325 623//325 621//325 
f 318//325 317//325 623//325 
f 313//325 641//325 624//325 
f 642//325 312//325 311//325 
f 308//325 307//325 595//325 
f 583//325 580//325 598//325 
f 627//325 612//325 625//325 
f 631//325 628//325 625//325 
f 643//325 634//325 644//325 
f 578//325 645//325 632//325 
f 637//325 613//325 578//325 
f 640//325 638//325 319//325 
f 615//325 623//325 317//325 
f 616//325 315//325 314//325 
f 641//325 313//325 312//325 
f 311//325 646//325 642//325 
f 304//325 303//325 596//325 
f 629//325 626//325 625//325 
f 630//325 647//325 648//325 
f 643//325 649//325 650//325 
f 643//325 651//325 652//325 
f 634//325 633//325 644//325 
f 635//325 645//325 578//325 
f 622//325 639//325 319//325 
f 616//325 316//325 315//325 
f 311//325 310//325 646//325 
f 608//325 646//325 310//325 
f 627//325 618//325 612//325 
f 630//325 650//325 647//325 
f 652//325 649//325 643//325 
f 634//325 578//325 632//325 
f 624//325 616//325 314//325 
f 310//325 309//325 608//325 
f 648//325 631//325 630//325 
f 644//325 651//325 643//325 
f 312//325 642//325 641//325 
f 650//325 630//325 643//325 
f 307//325 306//325 595//325 
f 638//325 636//325 578//325 
f 579//325 504//325 320//325 
f 549//325 568//325 547//325 
f 337//325 336//325 388//325 
o mesh5
f 653//326 654//327 448//327 
f 655//328 653//326 420//329 
f 656//330 655//328 450//331 
f 657//332 656//330 481//333 
f 658//334 657//332 471//335 
f 659//336 658//334 470//337 
f 660//338 659//336 492//339 
f 661//340 660//338 488//341 
f 662//342 661//340 487//343 
f 663//344 662//342 482//345 
f 664//346 663//344 422//347 
f 665//348 664//346 387//349 
f 666//350 665//348 421//351 
f 667//352 666//350 423//353 
f 668//354 667//352 451//355 
f 669//356 668//354 453//357 
f 670//358 669//356 452//359 
f 671//360 670//358 424//361 
f 672//362 671//360 493//363 
f 673//364 672//362 364//365 
f 674//366 673//364 461//367 
f 675//368 674//366 401//369 
f 676//370 675//368 384//371 
f 677//372 676//370 433//373 
f 678//374 677//372 435//375 
f 679//376 678//374 434//377 
f 680//378 679//376 479//379 
f 681//380 680//378 478//381 
f 682//382 681//380 439//383 
f 683//384 682//382 438//385 
f 684//386 683//384 441//387 
f 685//388 684//386 440//389 
f 686//390 685//388 463//391 
f 687//392 686//390 442//393 
f 688//394 687//392 410//395 
f 689//396 688//394 409//397 
f 690//398 689//396 358//399 
f 691//400 690//398 367//401 
f 692//402 691//400 386//403 
f 693//404 692//402 411//405 
f 694//406 693//404 413//407 
f 695//408 694//406 464//409 
f 696//410 695//408 465//411 
f 697//412 696//410 444//413 
f 698//414 697//412 468//415 
f 699//416 698//414 467//417 
f 700//418 699//416 480//419 
f 701//420 700//418 416//421 
f 702//422 701//420 415//423 
f 703//424 702//422 418//425 
f 704//426 703//424 417//427 
f 705//428 704//426 445//429 
f 706//430 705//428 486//431 
f 707//432 706//430 485//433 
f 708//434 707//432 447//435 
f 709//436 708//434 446//437 
f 710//438 709//436 469//439 
f 654//327 710//438 449//438 
f 449//438 448//327 654//327 
f 469//439 449//438 710//438 
f 446//437 469//439 709//436 
f 447//435 446//437 708//434 
f 485//433 447//435 707//432 
f 486//431 485//433 706//430 
f 445//429 486//431 705//428 
f 417//427 445//429 704//426 
f 418//425 417//427 703//424 
f 415//423 418//425 702//422 
f 416//421 415//423 701//420 
f 480//419 416//421 700//418 
f 467//417 480//419 699//416 
f 468//415 467//417 698//414 
f 444//413 468//415 697//412 
f 465//411 444//413 696//410 
f 464//409 465//411 695//408 
f 413//407 464//409 694//406 
f 411//405 413//407 693//404 
f 386//403 411//405 692//402 
f 367//401 386//403 691//400 
f 358//399 367//401 690//398 
f 409//397 358//399 689//396 
f 410//395 409//397 688//394 
f 442//393 410//395 687//392 
f 463//391 442//393 686//390 
f 440//389 463//391 685//388 
f 441//387 440//389 684//386 
f 438//385 441//387 683//384 
f 439//383 438//385 682//382 
f 478//381 439//383 681//380 
f 479//379 478//381 680//378 
f 434//377 479//379 679//376 
f 435//375 434//377 678//374 
f 433//373 435//375 677//372 
f 384//371 433//373 676//370 
f 401//369 384//371 675//368 
f 461//367 401//369 674//366 
f 364//365 461//367 673//364 
f 493//363 364//365 672//362 
f 424//361 493//363 671//360 
f 452//359 424//361 670//358 
f 453//357 452//359 669//356 
f 451//355 453//357 668//354 
f 423//353 451//355 667//352 
f 421//351 423//353 666//350 
f 387//349 421//351 665//348 
f 422//347 387//349 664//346 
f 482//345 422//347 663//344 
f 487//343 482//345 662//342 
f 488//341 487//343 661//340 
f 492//339 488//341 660//338 
f 470//337 492//339 659//336 
f 471//335 470//337 658//334 
f 481//333 471//335 657//332 
f 450//331 481//333 656//330 
f 420//329 450//331 655//328 
f 448//327 420//329 653//326 
o mesh6
f 711//440 712//441 378//441 
f 713//442 711//440 377//443 
f 714//444 713//442 380//445 
f 715//446 714//444 399//447 
f 716//448 715//446 398//449 
f 717//450 716//448 477//451 
f 718//452 717//450 408//453 
f 719//454 718//452 383//455 
f 720//456 719//454 382//457 
f 721//458 720//456 403//459 
f 722//460 721//458 402//461 
f 723//462 722//460 404//463 
f 724//464 723//462 366//465 
f 725//466 724//464 365//467 
f 726//468 725//466 385//469 
f 727//470 726//468 462//471 
f 728//472 727//470 406//473 
f 729//474 728//472 405//475 
f 730//476 729//474 436//477 
f 731//478 730//476 437//479 
f 732//480 731//478 407//481 
f 733//482 732//480 389//483 
f 734//484 733//482 388//485 
f 735//486 734//484 495//487 
f 736//488 735//486 494//489 
f 737//490 736//488 489//491 
f 738//492 737//490 483//493 
f 739//494 738//492 473//495 
f 740//496 739//494 472//497 
f 741//498 740//496 490//499 
f 742//500 741//498 454//501 
f 743//502 742//500 392//503 
f 744//504 743//502 391//505 
f 745//506 744//504 425//507 
f 746//508 745//506 456//509 
f 747//510 746//508 455//511 
f 748//512 747//510 426//513 
f 749//514 748//512 457//515 
f 750//516 749//514 394//517 
f 751//518 750//516 393//519 
f 752//520 751//518 428//521 
f 753//522 752//520 395//523 
f 754//524 753//522 363//525 
f 755//526 754//524 368//527 
f 756//528 755//526 491//529 
f 757//530 756//528 431//531 
f 758//532 757//530 430//533 
f 759//534 758//532 474//535 
f 760//536 759//534 484//537 
f 761//538 760//536 475//539 
f 762//540 761//538 476//541 
f 763//542 762//540 459//543 
f 764//544 763//542 458//545 
f 765//546 764//544 370//547 
f 766//548 765//546 369//549 
f 767//550 766//548 373//551 
f 768//552 767//550 372//553 
f 712//441 768//552 375//552 
f 375//552 378//441 712//441 
f 372//553 375//552 768//552 
f 373//551 372//553 767//550 
f 369//549 373//551 766//548 
f 370//547 369//549 765//546 
f 458//545 370//547 764//544 
f 459//543 458//545 763//542 
f 476//541 459//543 762//540 
f 475//539 476//541 761//538 
f 484//537 475//539 760//536 
f 474//535 484//537 759//534 
f 430//533 474//535 758//532 
f 431//531 430//533 757//530 
f 491//529 431//531 756//528 
f 368//527 491//529 755//526 
f 363//525 368//527 754//524 
f 395//523 363//525 753//522 
f 428//521 395//523 752//520 
f 393//519 428//521 751//518 
f 394//517 393//519 750//516 
f 457//515 394//517 749//514 
f 426//513 457//515 748//512 
f 455//511 426//513 747//510 
f 456//509 455//511 746//508 
f 425//507 456//509 745//506 
f 391//505 425//507 744//504 
f 392//503 391//505 743//502 
f 454//501 392//503 742//500 
f 490//499 454//501 741//498 
f 472//497 490//499 740//496 
f 473//495 472//497 739//494 
f 483//493 473//495 738//492 
f 489//491 483//493 737//490 
f 494//489 489//491 736//488 
f 495//487 494//489 735//486 
f 388//485 495//487 734//484 
f 389//483 388//485 733//482 
f 407//481 389//483 732//480 
f 437//479 407//481 731//478 
f 436//477 437//479 730//476 
f 405//475 436//477 729//474 
f 406//473 405//475 728//472 
f 462//471 406//473 727//470 
f 385//469 462//471 726//468 
f 365//467 385//469 725//466 
f 366//465 365//467 724//464 
f 404//463 366//465 723//462 
f 402//461 404//463 722//460 
f 403//459 402//461 721//458 
f 382//457 403//459 720//456 
f 383//455 382//457 719//454 
f 408//453 383//455 718//452 
f 477//451 408//453 717//450 
f 398//449 477//451 716//448 
f 399//447 398//449 715//446 
f 380//445 399//447 714//444 
f 377//443 380//445 713//442 
f 378//441 377//443 711//440 
o mesh7
f 769//554 770//555 515//555 
f 771//556 769//554 518//557 
f 772//558 771//556 520//559 
f 773//560 772//558 522//561 
f 774//562 773//560 524//563 
f 775//564 774//562 526//565 
f 776//566 775//564 563//567 
f 777//568 776//566 538//569 
f 778//570 777//568 552//571 
f 779//572 778//570 528//573 
f 780//574 779//572 499//575 
f 781//576 780//574 496//577 
f 782//578 781//576 497//579 
f 783//580 782//578 498//581 
f 784//582 783//580 500//583 
f 785//584 784//582 529//585 
f 786//586 785//584 530//587 
f 787//588 786//586 539//589 
f 788//590 787//588 554//591 
f 789//592 788//590 553//593 
f 790//594 789//592 556//595 
f 791//596 790//594 555//597 
f 792//598 791//596 541//599 
f 793//600 792//598 540//601 
f 794//602 793//600 543//603 
f 795//604 794//602 542//605 
f 796//606 795//604 558//607 
f 797//608 796//606 557//609 
f 798//610 797//608 511//611 
f 799//612 798//610 510//613 
f 800//614 799//612 532//615 
f 801//616 800//614 531//617 
f 802//618 801//616 544//619 
f 803//620 802//618 512//621 
f 804//622 803//620 506//623 
f 805//624 804//622 505//625 
f 806//626 805//624 533//627 
f 807//628 806//626 545//629 
f 808//630 807//628 559//631 
f 809//632 808//630 564//633 
f 810//634 809//632 561//635 
f 811//636 810//634 565//637 
f 812//638 811//636 567//639 
f 813//640 812//638 566//641 
f 814//642 813//640 568//643 
f 815//644 814//642 549//645 
f 816//646 815//644 548//647 
f 817//648 816//646 503//649 
f 818//650 817//648 502//651 
f 819//652 818//650 507//653 
f 820//654 819//652 509//655 
f 821//656 820//654 508//657 
f 822//658 821//656 514//659 
f 823//660 822//658 562//661 
f 824//662 823//660 535//663 
f 825//664 824//662 534//665 
f 826//666 825//664 551//667 
f 770//555 826//666 516//666 
f 516//666 515//555 770//555 
f 551//667 516//666 826//666 
f 534//665 551//667 825//664 
f 535//663 534//665 824//662 
f 562//661 535//663 823//660 
f 514//659 562//661 822//658 
f 508//657 514//659 821//656 
f 509//655 508//657 820//654 
f 507//653 509//655 819//652 
f 502//651 507//653 818//650 
f 503//649 502//651 817//648 
f 548//647 503//649 816//646 
f 549//645 548//647 815//644 
f 568//643 549//645 814//642 
f 566//641 568//643 813//640 
f 567//639 566//641 812//638 
f 565//637 567//639 811//636 
f 561//635 565//637 810//634 
f 564//633 561//635 809//632 
f 559//631 564//633 808//630 
f 545//629 559//631 807//628 
f 533//627 545//629 806//626 
f 505//625 533//627 805//624 
f 506//623 505//625 804//622 
f 512//621 506//623 803//620 
f 544//619 512//621 802//618 
f 531//617 544//619 801//616 
f 532//615 531//617 800//614 
f 510//613 532//615 799//612 
f 511//611 510//613 798//610 
f 557//609 511//611 797//608 
f 558//607 557//609 796//606 
f 542//605 558//607 795//604 
f 543//603 542//605 794//602 
f 540//601 543//603 793//600 
f 541//599 540//601 792//598 
f 555//597 541//599 791//596 
f 556//595 555//597 790//594 
f 553//593 556//595 789//592 
f 554//591 553//593 788//590 
f 539//589 554//591 787//588 
f 530//587 539//589 786//586 
f 529//585 530//587 785//584 
f 500//583 529//585 784//582 
f 498//581 500//583 783//580 
f 497//579 498//581 782//578 
f 496//577 497//579 781//576 
f 499//575 496//577 780//574 
f 528//573 499//575 779//572 
f 552//571 528//573 778//570 
f 538//569 552//571 777//568 
f 563//567 538//569 776//566 
f 526//565 563//567 775//564 
f 524//563 526//565 774//562 
f 522//561 524//563 773//560 
f 520//559 522//561 772//558 
f 518//557 520//559 771//556 
f 515//555 518//557 769//554 
o mesh8
f 827//668 828//669 636//669 
f 829//670 827//668 638//671 
f 830//672 829//670 640//673 
f 831//674 830//672 639//675 
f 832//676 831//674 622//677 
f 833//678 832//676 621//679 
f 834//680 833//678 623//681 
f 835//682 834//680 615//683 
f 836//684 835//682 605//685 
f 837//686 836//684 604//687 
f 838//688 837//686 606//689 
f 839//690 838//688 616//691 
f 840//692 839//690 624//693 
f 841//694 840//692 641//695 
f 842//696 841//694 642//697 
f 843//698 842//696 646//699 
f 844//700 843//698 608//701 
f 845//702 844//700 607//703 
f 846//704 845//702 595//705 
f 847//706 846//704 594//707 
f 848//708 847//706 597//709 
f 849//710 848//708 596//711 
f 850//712 849//710 609//713 
f 851//714 850//712 617//715 
f 852//716 851//714 598//717 
f 853//718 852//716 580//719 
f 854//720 853//718 584//721 
f 855//722 854//720 586//723 
f 856//724 855//722 588//725 
f 857//726 856//724 590//727 
f 858//728 857//726 592//729 
f 859//730 858//728 599//731 
f 860//732 859//730 602//733 
f 861//734 860//732 601//735 
f 862//736 861//734 611//737 
f 863//738 862//736 610//739 
f 864//740 863//738 619//741 
f 865//742 864//740 618//743 
f 866//744 865//742 627//745 
f 867//746 866//744 626//747 
f 868//748 867//746 629//749 
f 869//750 868//748 628//751 
f 870//752 869//750 631//753 
f 871//754 870//752 648//755 
f 872//756 871//754 647//757 
f 873//758 872//756 650//759 
f 874//760 873//758 649//761 
f 875//762 874//760 652//763 
f 876//764 875//762 651//765 
f 877//766 876//764 644//767 
f 878//768 877//766 633//769 
f 879//770 878//768 632//771 
f 880//772 879//770 645//773 
f 881//774 880//772 635//775 
f 882//776 881//774 620//777 
f 883//778 882//776 614//779 
f 884//780 883//778 613//781 
f 828//669 884//780 637//780 
f 637//780 636//669 828//669 
f 613//781 637//780 884//780 
f 614//779 613//781 883//778 
f 620//777 614//779 882//776 
f 635//775 620//777 881//774 
f 645//773 635//775 880//772 
f 632//771 645//773 879//770 
f 633//769 632//771 878//768 
f 644//767 633//769 877//766 
f 651//765 644//767 876//764 
f 652//763 651//765 875//762 
f 649//761 652//763 874//760 
f 650//759 649//761 873//758 
f 647//757 650//759 872//756 
f 648//755 647//757 871//754 
f 631//753 648//755 870//752 
f 628//751 631//753 869//750 
f 629//749 628//751 868//748 
f 626//747 629//749 867//746 
f 627//745 626//747 866//744 
f 618//743 627//745 865//742 
f 619//741 618//743 864//740 
f 610//739 619//741 863//738 
f 611//737 610//739 862//736 
f 601//735 611//737 861//734 
f 602//733 601//735 860//732 
f 599//731 602//733 859//730 
f 592//729 599//731 858//728 
f 590//727 592//729 857//726 
f 588//725 590//727 856//724 
f 586//723 588//725 855//722 
f 584//721 586//723 854//720 
f 580//719 584//721 853//718 
f 598//717 580//719 852//716 
f 617//715 598//717 851//714 
f 609//713 617//715 850//712 
f 596//711 609//713 849//710 
f 597//709 596//711 848//708 
f 594//707 597//709 847//706 
f 595//705 594//707 846//704 
f 607//703 595//705 845//702 
f 608//701 607//703 844//700 
f 646//699 608//701 843//698 
f 642//697 646//699 842//696 
f 641//695 642//697 841//694 
f 624//693 641//695 840//692 
f 616//691 624//693 839//690 
f 606//689 616//691 838//688 
f 604//687 606//689 837//686 
f 605//685 604//687 836//684 
f 615//683 605//685 835//682 
f 623//681 615//683 834//680 
f 621//679 623//681 833//678 
f 622//677 621//679 832//676 
f 639//675 622//677 831//674 
f 640//673 639//675 830//672 
f 638//671 640//673 829//670 
f 636//669 638//671 827//668 
o mesh9
f 835//782 836//782 52//782 
f 837//782 838//782 58//782 
f 51//782 834//782 835//782 
f 49//782 885//782 827//782 
f 836//782 56//782 54//782 
f 56//782 836//782 837//782 
f 51//782 833//782 834//782 
f 827//782 829//782 49//782 
f 885//782 881//782 882//782 
f 58//782 56//782 837//782 
f 52//782 51//782 835//782 
f 49//782 830//782 831//782 
f 885//782 828//782 827//782 
f 885//782 883//782 884//782 
f 885//782 880//782 881//782 
f 51//782 49//782 833//782 
f 831//782 832//782 49//782 
f 884//782 828//782 885//782 
f 885//782 879//782 880//782 
f 832//782 833//782 49//782 
f 882//782 883//782 885//782 
f 879//782 885//782 886//782 
f 829//782 830//782 49//782 
f 886//782 877//782 878//782 
f 887//782 875//782 876//782 
f 852//782 853//782 888//782 
f 68//782 846//782 847//782 
f 846//782 68//782 66//782 
f 849//782 72//782 70//782 
f 839//782 840//782 60//782 
f 886//782 878//782 879//782 
f 876//782 886//782 887//782 
f 860//782 861//782 889//782 
f 858//782 859//782 890//782 
f 853//782 854//782 891//782 
f 888//782 892//782 852//782 
f 850//782 893//782 78//782 
f 66//782 845//782 846//782 
f 849//782 74//782 72//782 
f 849//782 78//782 76//782 
f 64//782 62//782 842//782 
f 58//782 838//782 839//782 
f 876//782 877//782 886//782 
f 887//782 873//782 874//782 
f 887//782 894//782 872//782 
f 895//782 868//782 869//782 
f 889//782 890//782 860//782 
f 890//782 896//782 858//782 
f 857//782 858//782 896//782 
f 856//782 857//782 897//782 
f 855//782 856//782 898//782 
f 854//782 855//782 899//782 
f 892//782 893//782 852//782 
f 893//782 81//782 78//782 
f 847//782 848//782 68//782 
f 76//782 74//782 849//782 
f 60//782 840//782 841//782 
f 62//782 841//782 842//782 
f 54//782 52//782 836//782 
f 872//782 873//782 887//782 
f 895//782 867//782 868//782 
f 895//782 900//782 865//782 
f 862//782 863//782 900//782 
f 859//782 860//782 890//782 
f 897//782 898//782 856//782 
f 899//782 891//782 854//782 
f 893//782 851//782 852//782 
f 78//782 849//782 850//782 
f 70//782 68//782 849//782 
f 842//782 843//782 64//782 
f 874//782 875//782 887//782 
f 894//782 869//782 870//782 
f 895//782 866//782 867//782 
f 900//782 864//782 865//782 
f 900//782 889//782 862//782 
f 896//782 897//782 857//782 
f 891//782 888//782 853//782 
f 848//782 849//782 68//782 
f 844//782 66//782 64//782 
f 60//782 58//782 839//782 
f 870//782 871//782 894//782 
f 865//782 866//782 895//782 
f 861//782 862//782 889//782 
f 850//782 851//782 893//782 
f 64//782 843//782 844//782 
f 871//782 872//782 894//782 
f 863//782 864//782 900//782 
f 844//782 845//782 66//782 
f 869//782 894//782 895//782 
f 841//782 62//782 60//782 
f 901//782 46//782 44//782 
f 44//782 902//782 903//782 
f 44//782 904//782 905//782 
f 49//782 906//782 907//782 
f 908//782 906//782 49//782 
f 905//782 902//782 44//782 
f 901//782 908//782 47//782 
f 49//782 909//782 910//782 
f 49//782 47//782 908//782 
f 47//782 46//782 901//782 
f 907//782 909//782 49//782 
f 910//782 885//782 49//782 
f 820//782 911//782 912//782 
f 912//782 819//782 820//782 
f 773//782 913//782 914//782 
f 912//782 818//782 819//782 
f 773//782 915//782 913//782 
f 772//782 916//782 917//782 
f 771//782 917//782 918//782 
f 769//782 918//782 919//782 
f 770//782 919//782 920//782 
f 912//782 817//782 818//782 
f 912//782 921//782 816//782 
f 803//782 804//782 922//782 
f 914//782 772//782 773//782 
f 772//782 914//782 916//782 
f 919//782 770//782 769//782 
f 920//782 825//782 826//782 
f 824//782 923//782 924//782 
f 816//782 817//782 912//782 
f 904//782 802//782 803//782 
f 780//782 781//782 28//782 
f 917//782 771//782 772//782 
f 920//782 826//782 770//782 
f 825//782 920//782 923//782 
f 924//782 822//782 823//782 
f 822//782 924//782 911//782 
f 921//782 815//782 816//782 
f 904//782 801//782 802//782 
f 44//782 796//782 797//782 
f 28//782 781//782 782//782 
f 26//782 779//782 780//782 
f 777//782 18//782 17//782 
f 777//782 22//782 20//782 
f 778//782 779//782 24//782 
f 918//782 769//782 771//782 
f 924//782 823//782 824//782 
f 820//782 821//782 911//782 
f 921//782 813//782 814//782 
f 925//782 808//782 809//782 
f 922//782 904//782 803//782 
f 904//782 798//782 799//782 
f 797//782 904//782 44//782 
f 789//782 40//782 38//782 
f 782//782 30//782 28//782 
f 28//782 26//782 780//782 
f 20//782 18//782 777//782 
f 22//782 777//782 778//782 
f 775//782 776//782 16//782 
f 923//782 824//782 825//782 
f 814//782 815//782 921//782 
f 809//782 926//782 925//782 
f 805//782 806//782 925//782 
f 904//782 800//782 801//782 
f 797//782 798//782 904//782 
f 38//782 788//782 789//782 
f 26//782 24//782 779//782 
f 24//782 22//782 778//782 
f 16//782 915//782 775//782 
f 911//782 821//782 822//782 
f 921//782 926//782 812//782 
f 925//782 807//782 808//782 
f 925//782 922//782 805//782 
f 799//782 800//782 904//782 
f 44//782 794//782 795//782 
f 44//782 792//782 793//782 
f 44//782 790//782 791//782 
f 790//782 42//782 40//782 
f 17//782 16//782 777//782 
f 915//782 774//782 775//782 
f 812//782 813//782 921//782 
f 926//782 810//782 811//782 
f 806//782 807//782 925//782 
f 795//782 796//782 44//782 
f 791//782 792//782 44//782 
f 790//782 44//782 42//782 
f 787//782 36//782 34//782 
f 34//782 32//782 785//782 
f 776//782 777//782 16//782 
f 811//782 812//782 926//782 
f 804//782 805//782 922//782 
f 789//782 790//782 40//782 
f 34//782 786//782 787//782 
f 32//782 784//782 785//782 
f 32//782 30//782 783//782 
f 773//782 774//782 915//782 
f 793//782 794//782 44//782 
f 788//782 38//782 36//782 
f 783//782 784//782 32//782 
f 809//782 810//782 926//782 
f 785//782 786//782 34//782 
f 787//782 788//782 36//782 
f 915//782 741//782 742//782 
f 16//782 738//782 739//782 
f 119//782 724//782 725//782 
f 119//782 722//782 723//782 
f 927//782 752//782 753//782 
f 742//782 743//782 915//782 
f 915//782 739//782 740//782 
f 16//782 737//782 738//782 
f 723//782 724//782 119//782 
f 675//782 718//782 107//782 
f 753//782 928//782 927//782 
f 740//782 741//782 915//782 
f 16//782 736//782 737//782 
f 731//782 9//782 7//782 
f 3//782 2//782 726//782 
f 719//782 113//782 111//782 
f 721//782 119//782 117//782 
f 119//782 721//782 722//782 
f 717//782 685//782 686//782 
f 718//782 719//782 107//782 
f 929//782 757//782 758//782 
f 929//782 928//782 756//782 
f 927//782 751//782 752//782 
f 927//782 930//782 749//782 
f 739//782 915//782 16//782 
f 11//782 731//782 732//782 
f 731//782 11//782 9//782 
f 3//782 728//782 729//782 
f 726//782 727//782 3//782 
f 719//782 115//782 113//782 
f 725//782 2//782 119//782 
f 115//782 719//782 720//782 
f 686//782 687//782 717//782 
f 717//782 682//782 683//782 
f 717//782 680//782 681//782 
f 675//782 717//782 718//782 
f 664//782 665//782 89//782 
f 704//782 931//782 932//782 
f 768//782 933//782 934//782 
f 767//782 934//782 935//782 
f 765//782 935//782 936//782 
f 937//782 760//782 761//782 
f 929//782 759//782 760//782 
f 756//782 757//782 929//782 
f 927//782 750//782 751//782 
f 930//782 748//782 749//782 
f 746//782 747//782 930//782 
f 16//782 735//782 736//782 
f 16//782 733//782 734//782 
f 7//782 730//782 731//782 
f 733//782 16//782 13//782 
f 727//782 728//782 3//782 
f 730//782 7//782 5//782 
f 111//782 109//782 719//782 
f 720//782 721//782 115//782 
f 717//782 684//782 685//782 
f 681//782 682//782 717//782 
f 717//782 676//782 677//782 
f 107//782 674//782 675//782 
f 715//782 938//782 939//782 
f 89//782 665//782 666//782 
f 87//782 663//782 664//782 
f 662//782 663//782 85//782 
f 81//782 893//782 653//782 
f 932//782 702//782 703//782 
f 940//782 692//782 693//782 
f 935//782 766//782 767//782 
f 936//782 764//782 765//782 
f 760//782 937//782 929//782 
f 928//782 755//782 756//782 
f 749//782 750//782 927//782 
f 930//782 915//782 746//782 
f 915//782 744//782 745//782 
f 734//782 735//782 16//782 
f 13//782 11//782 733//782 
f 5//782 3//782 730//782 
f 117//782 115//782 721//782 
f 683//782 684//782 717//782 
f 717//782 678//782 679//782 
f 675//782 676//782 717//782 
f 107//782 672//782 673//782 
f 715//782 941//782 938//782 
f 714//782 939//782 942//782 
f 713//782 942//782 943//782 
f 711//782 943//782 944//782 
f 95//782 93//782 669//782 
f 666//782 91//782 89//782 
f 89//782 87//782 664//782 
f 661//782 83//782 82//782 
f 83//782 661//782 662//782 
f 81//782 656//782 657//782 
f 893//782 654//782 653//782 
f 893//782 709//782 710//782 
f 932//782 701//782 702//782 
f 932//782 945//782 700//782 
f 940//782 691//782 692//782 
f 689//782 690//782 940//782 
f 712//782 944//782 933//782 
f 765//782 766//782 935//782 
f 763//782 936//782 937//782 
f 758//782 759//782 929//782 
f 747//782 748//782 930//782 
f 743//782 744//782 915//782 
f 729//782 730//782 3//782 
f 109//782 107//782 719//782 
f 679//782 680//782 717//782 
f 673//782 674//782 107//782 
f 688//782 941//782 716//782 
f 942//782 713//782 714//782 
f 944//782 712//782 711//782 
f 671//782 97//782 95//782 
f 672//782 105//782 103//782 
f 93//782 668//782 669//782 
f 93//782 91//782 667//782 
f 87//782 85//782 663//782 
f 85//782 83//782 662//782 
f 81//782 655//782 656//782 
f 710//782 654//782 893//782 
f 893//782 706//782 707//782 
f 700//782 701//782 932//782 
f 945//782 946//782 697//782 
f 940//782 690//782 691//782 
f 941//782 688//782 689//782 
f 934//782 767//782 768//782 
f 937//782 762//782 763//782 
f 928//782 754//782 755//782 
f 745//782 746//782 915//782 
f 725//782 726//782 2//782 
f 677//782 678//782 717//782 
f 941//782 715//782 716//782 
f 943//782 711//782 713//782 
f 95//782 670//782 671//782 
f 103//782 101//782 672//782 
f 667//782 668//782 93//782 
f 82//782 81//782 661//782 
f 81//782 659//782 660//782 
f 653//782 655//782 81//782 
f 707//782 708//782 893//782 
f 706//782 893//782 931//782 
f 945//782 699//782 700//782 
f 697//782 698//782 945//782 
f 947//782 695//782 696//782 
f 940//782 941//782 689//782 
f 763//782 764//782 936//782 
f 753//782 754//782 928//782 
f 687//782 688//782 717//782 
f 939//782 714//782 715//782 
f 672//782 99//782 97//782 
f 672//782 107//782 105//782 
f 666//782 667//782 91//782 
f 81//782 658//782 659//782 
f 708//782 709//782 893//782 
f 931//782 704//782 705//782 
f 698//782 699//782 945//782 
f 947//782 694//782 695//782 
f 693//782 947//782 940//782 
f 761//782 762//782 937//782 
f 716//782 717//782 688//782 
f 101//782 99//782 672//782 
f 660//782 661//782 81//782 
f 931//782 705//782 706//782 
f 946//782 696//782 697//782 
f 693//782 694//782 947//782 
f 732//782 733//782 11//782 
f 669//782 670//782 95//782 
f 932//782 703//782 704//782 
f 933//782 768//782 712//782 
f 657//782 658//782 81//782 
f 671//782 672//782 97//782 
f 696//782 946//782 947//782 
f 782//782 783//782 30//782 
f 44//782 903//782 901//782 
f 898//782 899//782 855//782 
o mesh10
f 948//783 443//783 412//784 
f 949//784 412//784 360//785 
f 950//785 360//785 359//786 
f 951//786 359//786 432//787 
f 952//787 432//787 400//788 
f 953//788 400//788 397//789 
f 954//789 397//789 381//790 
f 955//790 381//790 379//791 
f 956//791 379//791 396//792 
f 957//792 396//792 376//793 
f 958//793 376//793 374//794 
f 959//794 374//794 371//795 
f 960//795 371//795 460//796 
f 961//796 460//796 429//797 
f 962//797 429//797 362//798 
f 963//798 362//798 361//799 
f 964//799 361//799 427//800 
f 965//801 966//800 390//802 
f 966//800 427//800 390//802 
f 965//801 527//801 525//803 
f 967//803 525//803 537//804 
f 968//804 537//804 523//805 
f 969//805 523//805 521//806 
f 970//806 521//806 519//807 
f 971//807 519//807 517//808 
f 972//808 517//808 550//809 
f 973//809 550//809 536//810 
f 974//810 536//810 513//811 
f 975//811 513//811 501//812 
f 976//812 501//812 547//813 
f 547//813 560//814 977//815 
f 560//814 978//814 977//815 
f 978//814 560//814 546//816 
f 979//816 546//816 504//817 
f 504//817 980//818 979//816 
f 980//818 579//818 577//819 
f 981//819 577//819 576//820 
f 982//820 576//820 571//821 
f 983//821 571//821 570//822 
f 984//822 570//822 569//823 
f 985//823 569//823 574//824 
f 986//824 574//824 575//825 
f 987//825 575//825 573//826 
f 988//826 573//826 572//827 
f 989//827 572//827 578//828 
f 578//828 990//829 989//827 
f 990//829 634//829 643//830 
f 991//830 643//830 630//831 
f 992//831 630//831 625//832 
f 993//832 625//832 612//833 
f 994//833 612//833 603//834 
f 995//834 603//834 600//835 
f 996//835 600//835 593//836 
f 997//836 593//836 591//837 
f 998//837 591//837 589//838 
f 999//838 589//838 587//839 
f 1000//839 587//839 585//840 
f 1001//840 585//840 582//841 
f 1002//841 582//841 581//842 
f 1003//842 581//842 583//843 
f 1004//844 1005//843 419//845 
f 1005//843 583//843 419//845 
f 1004//844 414//844 466//846 
f 1006//846 466//846 443//783 
f 443//783 948//783 1006//846 
f 466//846 1006//846 1004//844 
f 419//845 414//844 1004//844 
f 583//843 1005//843 1003//842 
f 581//842 1003//842 1002//841 
f 582//841 1002//841 1001//840 
f 585//840 1001//840 1000//839 
f 587//839 1000//839 999//838 
f 589//838 999//838 998//837 
f 591//837 998//837 997//836 
f 593//836 997//836 996//835 
f 600//835 996//835 995//834 
f 603//834 995//834 994//833 
f 612//833 994//833 993//832 
f 625//832 993//832 992//831 
f 630//831 992//831 991//830 
f 643//830 991//830 990//829 
f 578//828 634//829 990//829 
f 572//827 989//827 988//826 
f 573//826 988//826 987//825 
f 575//825 987//825 986//824 
f 574//824 986//824 985//823 
f 569//823 985//823 984//822 
f 570//822 984//822 983//821 
f 571//821 983//821 982//820 
f 576//820 982//820 981//819 
f 577//819 981//819 980//818 
f 504//817 579//818 980//818 
f 546//816 979//816 978//814 
f 977//815 1007//847 547//813 
f 547//813 1007//847 976//812 
f 501//812 976//812 975//811 
f 513//811 975//811 974//810 
f 536//810 974//810 973//809 
f 550//809 973//809 972//808 
f 517//808 972//808 971//807 
f 519//807 971//807 970//806 
f 521//806 970//806 969//805 
f 523//805 969//805 968//804 
f 537//804 968//804 967//803 
f 525//803 967//803 965//801 
f 390//802 527//801 965//801 
f 427//800 966//800 964//799 
f 361//799 964//799 963//798 
f 362//798 963//798 962//797 
f 429//797 962//797 961//796 
f 460//796 961//796 960//795 
f 371//795 960//795 959//794 
f 374//794 959//794 958//793 
f 376//793 958//793 957//792 
f 396//792 957//792 956//791 
f 379//791 956//791 955//790 
f 381//790 955//790 954//789 
f 397//789 954//789 953//788 
f 400//788 953//788 952//787 
f 432//787 952//787 951//786 
f 359//786 951//786 950//785 
f 360//785 950//785 949//784 
f 412//784 949//784 948//783 
o mesh11
f 1008//848 963//848 964//849 
f 1009//849 964//849 966//850 
f 1010//850 966//850 965//851 
f 1011//851 965//851 967//852 
f 1012//852 967//852 968//853 
f 1013//853 968//853 969//854 
f 1014//854 969//854 970//855 
f 1015//855 970//855 971//856 
f 1016//856 971//856 972//857 
f 1017//857 972//857 973//858 
f 1018//858 973//858 974//859 
f 1019//859 974//859 975//860 
f 1020//860 975//860 976//861 
f 1021//861 976//861 1007//862 
f 1022//863 1023//862 977//864 
f 1023//862 1007//862 977//864 
f 1022//863 978//863 979//865 
f 1024//865 979//865 980//866 
f 1025//866 980//866 981//867 
f 1026//867 981//867 982//868 
f 1027//868 982//868 983//869 
f 1028//869 983//869 984//870 
f 1029//870 984//870 985//871 
f 1030//871 985//871 986//872 
f 1031//872 986//872 987//873 
f 1032//873 987//873 988//874 
f 1033//874 988//874 989//875 
f 1034//875 989//875 990//876 
f 1035//876 990//876 991//877 
f 1036//877 991//877 992//878 
f 1037//878 992//878 993//879 
f 1038//879 993//879 994//880 
f 1039//880 994//880 995//881 
f 1040//881 995//881 996//882 
f 1041//882 996//882 997//883 
f 1042//883 997//883 998//884 
f 1043//884 998//884 999//885 
f 1044//885 999//885 1000//886 
f 1045//886 1000//886 1001//887 
f 1046//887 1001//887 1002//888 
f 1047//888 1002//888 1003//889 
f 1048//889 1003//889 1005//890 
f 1049//890 1005//890 1004//891 
f 1050//891 1004//891 1006//892 
f 1051//893 1052//892 1006//892 
f 1051//893 948//893 949//894 
f 949//894 1053//894 1051//893 
f 1053//894 949//894 950//895 
f 1054//895 950//895 951//896 
f 1055//896 951//896 952//897 
f 1056//897 952//897 953//898 
f 1057//898 953//898 954//899 
f 1058//899 954//899 955//900 
f 1059//900 955//900 956//901 
f 1060//901 956//901 957//902 
f 1061//902 957//902 958//903 
f 1062//903 958//903 959//904 
f 1063//904 959//904 960//905 
f 1064//905 960//905 961//906 
f 1065//906 961//906 962//907 
f 1066//907 962//907 963//848 
f 963//848 1008//848 1066//907 
f 962//907 1066//907 1065//906 
f 961//906 1065//906 1064//905 
f 960//905 1064//905 1063//904 
f 959//904 1063//904 1062//903 
f 958//903 1062//903 1061//902 
f 957//902 1061//902 1060//901 
f 956//901 1060//901 1059//900 
f 955//900 1059//900 1058//899 
f 954//899 1058//899 1057//898 
f 953//898 1057//898 1056//897 
f 952//897 1056//897 1055//896 
f 951//896 1055//896 1054//895 
f 950//895 1054//895 1053//894 
f 1006//892 948//893 1051//893 
f 1006//892 1052//892 1050//891 
f 1004//891 1050//891 1049//890 
f 1005//890 1049//890 1048//889 
f 1003//889 1048//889 1047//888 
f 1002//888 1047//888 1046//887 
f 1001//887 1046//887 1045//886 
f 1000//886 1045//886 1044//885 
f 999//885 1044//885 1043//884 
f 998//884 1043//884 1042//883 
f 997//883 1042//883 1041//882 
f 996//882 1041//882 1040//881 
f 995//881 1040//881 1039//880 
f 994//880 1039//880 1038//879 
f 993//879 1038//879 1037//878 
f 992//878 1037//878 1036//877 
f 991//877 1036//877 1035//876 
f 990//876 1035//876 1034//875 
f 989//875 1034//875 1033//874 
f 988//874 1033//874 1032//873 
f 987//873 1032//873 1031//872 
f 986//872 1031//872 1030//871 
f 985//871 1030//871 1029//870 
f 984//870 1029//870 1028//869 
f 983//869 1028//869 1027//868 
f 982//868 1027//868 1026//867 
f 981//867 1026//867 1025//866 
f 980//866 1025//866 1024//865 
f 979//865 1024//865 1022//863 
f 977//864 978//863 1022//863 
f 1007//862 1023//862 1021//861 
f 976//861 1021//861 1020//860 
f 975//860 1020//860 1019//859 
f 974//859 1019//859 1018//858 
f 973//858 1018//858 1017//857 
f 972//857 1017//857 1016//856 
f 971//856 1016//856 1015//855 
f 970//855 1015//855 1014//854 
f 969//854 1014//854 1013//853 
f 968//853 1013//853 1012//852 
f 967//852 1012//852 1011//851 
f 965//851 1011//851 1010//850 
f 966//850 1010//850 1009//849 
f 964//849 1009//849 1008//848 
o mesh12
f 1051//908 946//908 945//909 
f 1052//909 945//909 932//910 
f 1050//910 932//910 931//911 
f 1048//912 1049//911 893//913 
f 1049//911 931//911 893//913 
f 1048//912 892//912 888//914 
f 1047//914 888//914 891//915 
f 1046//915 891//915 899//916 
f 1045//916 899//916 898//917 
f 1044//917 898//917 897//918 
f 1043//918 897//918 896//919 
f 1042//919 896//919 890//920 
f 1041//920 890//920 889//921 
f 1040//921 889//921 900//922 
f 1039//922 900//922 895//923 
f 1038//923 895//923 894//924 
f 1037//924 894//924 887//925 
f 1036//925 887//925 886//926 
f 1035//926 886//926 885//927 
f 885//927 1034//928 1035//926 
f 1034//928 910//928 909//929 
f 1033//929 909//929 907//930 
f 1032//930 907//930 906//931 
f 1031//931 906//931 908//932 
f 1030//932 908//932 901//933 
f 1029//933 901//933 903//934 
f 1028//934 903//934 902//935 
f 1027//935 902//935 905//936 
f 1026//936 905//936 904//937 
f 904//937 1025//938 1026//936 
f 1025//938 922//938 925//939 
f 1024//939 925//939 926//940 
f 1022//940 926//940 921//941 
f 1023//941 921//941 912//942 
f 1021//942 912//942 911//943 
f 1020//943 911//943 924//944 
f 1019//944 924//944 923//945 
f 1018//945 923//945 920//946 
f 1017//946 920//946 919//947 
f 1016//947 919//947 918//948 
f 1015//948 918//948 917//949 
f 1014//949 917//949 916//950 
f 1013//950 916//950 914//951 
f 1012//951 914//951 913//952 
f 1010//953 1011//952 915//954 
f 1011//952 913//952 915//954 
f 1010//953 930//953 927//955 
f 1009//955 927//955 928//956 
f 1008//956 928//956 929//957 
f 1066//957 929//957 937//958 
f 1065//958 937//958 936//959 
f 1064//959 936//959 935//960 
f 1063//960 935//960 934//961 
f 1062//961 934//961 933//962 
f 1061//962 933//962 944//963 
f 1060//963 944//963 943//964 
f 1059//964 943//964 942//965 
f 1058//965 942//965 939//966 
f 1057//966 939//966 938//967 
f 1056//967 938//967 941//968 
f 1055//968 941//968 940//969 
f 1054//969 940//969 947//970 
f 1053//970 947//970 946//908 
f 946//908 1051//908 1053//970 
f 947//970 1053//970 1054//969 
f 940//969 1054//969 1055//968 
f 941//968 1055//968 1056//967 
f 938//967 1056//967 1057//966 
f 939//966 1057//966 1058//965 
f 942//965 1058//965 1059//964 
f 943//964 1059//964 1060//963 
f 944//963 1060//963 1061//962 
f 933//962 1061//962 1062//961 
f 934//961 1062//961 1063//960 
f 935//960 1063//960 1064//959 
f 936//959 1064//959 1065//958 
f 937//958 1065//958 1066//957 
f 929//957 1066//957 1008//956 
f 928//956 1008//956 1009//955 
f 927//955 1009//955 1010//953 
f 915//954 930//953 1010//953 
f 913//952 1011//952 1012//951 
f 914//951 1012//951 1013//950 
f 916//950 1013//950 1014//949 
f 917//949 1014//949 1015//948 
f 918//948 1015//948 1016//947 
f 919//947 1016//947 1017//946 
f 920//946 1017//946 1018//945 
f 923//945 1018//945 1019//944 
f 924//944 1019//944 1020//943 
f 911//943 1020//943 1021//942 
f 912//942 1021//942 1023//941 
f 921//941 1023//941 1022//940 
f 926//940 1022//940 1024//939 
f 925//939 1024//939 1025//938 
f 904//937 922//938 1025//938 
f 905//936 1026//936 1027//935 
f 902//935 1027//935 1028//934 
f 903//934 1028//934 1029//933 
f 901//933 1029//933 1030//932 
f 908//932 1030//932 1031//931 
f 906//931 1031//931 1032//930 
f 907//930 1032//930 1033//929 
f 909//929 1033//929 1034//928 
f 885//927 910//928 1034//928 
f 886//926 1035//926 1036//925 
f 887//925 1036//925 1037//924 
f 894//924 1037//924 1038//923 
f 895//923 1038//923 1039//922 
f 900//922 1039//922 1040//921 
f 889//921 1040//921 1041//920 
f 890//920 1041//920 1042//919 
f 896//919 1042//919 1043//918 
f 897//918 1043//918 1044//917 
f 898//917 1044//917 1045//916 
f 899//916 1045//916 1046//915 
f 891//915 1046//915 1047//914 
f 888//914 1047//914 1048//912 
f 893//913 892//912 1048//912 
f 931//911 1049//911 1050//910 
f 932//910 1050//910 1052//909 
f 945//909 1052//909 1051//908 
