# OBJ generated by ONSHAPE BY PTC INC, 1.217 Units = meters
mtllib ARCADA001 - ARCADP003.mtl
g ARCADP003
v -0.0765 0.016 -4.68427e-18 
v -0.0760516 0.016 -0.0082711 
v -0.0762755 0.01 -0.00585602 
v -0.0759974 0.01 -0.00826486 
v -0.0747115 0.016 -0.0164452 
v -0.07468 0.01 -0.0164391 
v -0.0756035 0.01 -0.0116777 
v -0.0724955 0.016 -0.0244266 
v -0.0729348 0.01 -0.0230816 
v -0.0744877 0.01 -0.0174308 
v -0.0724568 0.01 -0.0244127 
v -0.0694295 0.016 -0.0321215 
v -0.0709539 0.01 -0.028597 
v -0.0693832 0.01 -0.0321008 
v -0.0655496 0.016 -0.0394399 
v -0.0657571 0.01 -0.0390929 
v -0.0685567 0.01 -0.0339446 
v -0.0655375 0.01 -0.039432 
v -0.0609011 0.016 -0.0462958 
v -0.0625716 0.01 -0.0440119 
v -0.0608565 0.01 -0.0462618 
v -0.0555387 0.016 -0.052609 
v -0.0555231 0.01 -0.0525952 
v -0.0590189 0.01 -0.0486725 
v -0.0495251 0.016 -0.0583054 
v -0.0508974 0.01 -0.0571113 
v -0.0551199 0.01 -0.0530476 
v -0.0494945 0.01 -0.0582683 
v -0.0429308 0.016 -0.0633182 
v -0.042905 0.01 -0.0632815 
v -0.0463762 0.01 -0.0608399 
v -0.0358332 0.016 -0.0675887 
v -0.0365456 0.01 -0.0672062 
v -0.0415829 0.01 -0.0642115 
v -0.0358214 0.01 -0.0675647 
v -0.0283156 0.016 -0.0710667 
v -0.0312938 0.01 -0.0698065 
v -0.0282948 0.01 -0.0710152 
v -0.0204659 0.016 -0.0737116 
v -0.0204637 0.01 -0.0737044 
v -0.0258583 0.01 -0.0719972 
v -0.0123763 0.016 -0.0754922 
v -0.0145649 0.01 -0.0751007 
v -0.0202711 0.01 -0.0737654 
v -0.0123683 0.01 -0.07544 
v -0.00414163 0.016 -0.0763878 
v -0.00413881 0.01 -0.0763511 
v -0.00877328 0.01 -0.0759953 
v 0.00414163 0.016 -0.0763878 
v 0.00293016 0.01 -0.0764439 
v -0.00293016 0.01 -0.0764439 
v 0.00413881 0.01 -0.0763511 
v 0.0123763 0.016 -0.0754922 
v 0.00877328 0.01 -0.0759953 
v 0.0123683 0.01 -0.07544 
v 0.0204659 0.016 -0.0737116 
v 0.0202711 0.01 -0.0737654 
v 0.0145649 0.01 -0.0751007 
v 0.0204637 0.01 -0.0737044 
v 0.0283156 0.016 -0.0710667 
v 0.0258583 0.01 -0.0719972 
v 0.0282948 0.01 -0.0710152 
v 0.0358332 0.016 -0.0675887 
v 0.0358214 0.01 -0.0675647 
v 0.0312938 0.01 -0.0698065 
v 0.0429308 0.016 -0.0633182 
v 0.0415829 0.01 -0.0642115 
v 0.0365456 0.01 -0.0672062 
v 0.042905 0.01 -0.0632815 
v 0.0495251 0.016 -0.0583054 
v 0.0463762 0.01 -0.0608399 
v 0.0494945 0.01 -0.0582683 
v 0.0555387 0.016 -0.052609 
v 0.0551199 0.01 -0.0530476 
v 0.0508974 0.01 -0.0571113 
v 0.0555231 0.01 -0.0525952 
v 0.0609011 0.016 -0.0462958 
v 0.0590189 0.01 -0.0486725 
v 0.0608565 0.01 -0.0462618 
v 0.0655496 0.016 -0.0394399 
v 0.0655375 0.01 -0.039432 
v 0.0625716 0.01 -0.0440119 
v 0.0694295 0.016 -0.0321215 
v 0.0685567 0.01 -0.0339446 
v 0.0657571 0.01 -0.0390929 
v 0.0693832 0.01 -0.0321008 
v 0.0724955 0.016 -0.0244266 
v 0.0724568 0.01 -0.0244127 
v 0.0709539 0.01 -0.028597 
v 0.0747115 0.016 -0.0164452 
v 0.0744877 0.01 -0.0174308 
v 0.0729348 0.01 -0.0230816 
v 0.07468 0.01 -0.0164391 
v 0.0760516 0.016 -0.0082711 
v 0.0756035 0.01 -0.0116777 
v 0.0759974 0.01 -0.00826486 
v 0.0765 0.016 -3.27899e-17 
v 0.0765 0.01 -4.68427e-18 
v 0.0762755 0.01 -0.00585602 
v 0.0760516 0.016 0.0082711 
v 0.0762755 0.01 0.00585602 
v 0.0759974 0.01 0.00826486 
v 0.0747115 0.016 0.0164452 
v 0.07468 0.01 0.0164391 
v 0.0756035 0.01 0.0116777 
v 0.0724955 0.016 0.0244266 
v 0.0729348 0.01 0.0230816 
v 0.0744877 0.01 0.0174308 
v 0.0724568 0.01 0.0244127 
v 0.0694295 0.016 0.0321215 
v 0.0709539 0.01 0.028597 
v 0.0693832 0.01 0.0321008 
v 0.0655496 0.016 0.0394399 
v 0.0657571 0.01 0.0390929 
v 0.0685567 0.01 0.0339446 
v 0.0655375 0.01 0.039432 
v 0.0609011 0.016 0.0462958 
v 0.0625716 0.01 0.0440119 
v 0.0608565 0.01 0.0462618 
v 0.0555387 0.016 0.052609 
v 0.0555231 0.01 0.0525952 
v 0.0590189 0.01 0.0486725 
v 0.0495251 0.016 0.0583054 
v 0.0508974 0.01 0.0571113 
v 0.0551199 0.01 0.0530476 
v 0.0494945 0.01 0.0582683 
v 0.0429308 0.016 0.0633182 
v 0.042905 0.01 0.0632815 
v 0.0463762 0.01 0.0608399 
v 0.0358332 0.016 0.0675887 
v 0.0365456 0.01 0.0672062 
v 0.0415829 0.01 0.0642115 
v 0.0358214 0.01 0.0675647 
v 0.0283156 0.016 0.0710667 
v 0.0312938 0.01 0.0698065 
v 0.0282948 0.01 0.0710152 
v 0.0204659 0.016 0.0737116 
v 0.0204637 0.01 0.0737044 
v 0.0258583 0.01 0.0719972 
v 0.0123763 0.016 0.0754922 
v 0.0145649 0.01 0.0751007 
v 0.0202711 0.01 0.0737654 
v 0.0123683 0.01 0.07544 
v 0.00414163 0.016 0.0763878 
v 0.00413881 0.01 0.0763511 
v 0.00877328 0.01 0.0759953 
v -0.00414163 0.016 0.0763878 
v -0.00293016 0.01 0.0764439 
v 0.00293016 0.01 0.0764439 
v -0.00413881 0.01 0.0763511 
v -0.0123763 0.016 0.0754922 
v -0.00877328 0.01 0.0759953 
v -0.0123683 0.01 0.07544 
v -0.0204659 0.016 0.0737116 
v -0.0202711 0.01 0.0737654 
v -0.0145649 0.01 0.0751007 
v -0.0204637 0.01 0.0737044 
v -0.0283156 0.016 0.0710667 
v -0.0258583 0.01 0.0719972 
v -0.0282948 0.01 0.0710152 
v -0.0358332 0.016 0.0675887 
v -0.0358214 0.01 0.0675647 
v -0.0312938 0.01 0.0698065 
v -0.0429308 0.016 0.0633182 
v -0.0415829 0.01 0.0642115 
v -0.0365456 0.01 0.0672062 
v -0.042905 0.01 0.0632815 
v -0.0495251 0.016 0.0583054 
v -0.0463762 0.01 0.0608399 
v -0.0494945 0.01 0.0582683 
v -0.0555387 0.016 0.052609 
v -0.0551199 0.01 0.0530476 
v -0.0508974 0.01 0.0571113 
v -0.0555231 0.01 0.0525952 
v -0.0609011 0.016 0.0462958 
v -0.0590189 0.01 0.0486725 
v -0.0608565 0.01 0.0462618 
v -0.0655496 0.016 0.0394399 
v -0.0655375 0.01 0.039432 
v -0.0625716 0.01 0.0440119 
v -0.0694295 0.016 0.0321215 
v -0.0685567 0.01 0.0339446 
v -0.0657571 0.01 0.0390929 
v -0.0693832 0.01 0.0321008 
v -0.0724955 0.016 0.0244266 
v -0.0724568 0.01 0.0244127 
v -0.0709539 0.01 0.028597 
v -0.0747115 0.016 0.0164452 
v -0.0744877 0.01 0.0174308 
v -0.0729348 0.01 0.0230816 
v -0.07468 0.01 0.0164391 
v -0.0760516 0.016 0.0082711 
v -0.0756035 0.01 0.0116777 
v -0.0759974 0.01 0.00826486 
v -0.0765 0.01 1.21838e-16 
v -0.0762755 0.01 0.00585602 
v 0.0727582 0.016 0.0160153 
v 0.0706002 0.016 0.023788 
v 0.0740633 0.016 0.00805487 
v 0.0745 0.016 -1.36854e-17 
v 0.0740633 0.016 -0.00805487 
v 0.0727582 0.016 -0.0160153 
v 0.0706002 0.016 -0.023788 
v 0.0199309 0.016 -0.0717845 
v 0.0275753 0.016 -0.0692088 
v 0.0120528 0.016 -0.0735186 
v -0.0638359 0.016 -0.0384088 
v -0.0676144 0.016 -0.0312817 
v 0.0348964 0.016 0.0658216 
v 0.0275753 0.016 0.0692088 
v 0.0418084 0.016 0.0616628 
v 0.0676144 0.016 -0.0312817 
v 0.00403335 0.016 -0.0743907 
v -0.0348964 0.016 -0.0658216 
v -0.0418084 0.016 -0.0616628 
v -0.0482303 0.016 -0.0567811 
v -0.0540867 0.016 -0.0512336 
v -0.0593089 0.016 -0.0450855 
v -0.0676144 0.016 0.0312817 
v -0.0706002 0.016 0.023788 
v -0.0638359 0.016 0.0384088 
v 0.0482303 0.016 0.0567811 
v 0.0593089 0.016 0.0450855 
v 0.0540867 0.016 0.0512336 
v 0.0638359 0.016 0.0384088 
v 0.0676144 0.016 0.0312817 
v 0.0638359 0.016 -0.0384088 
v 0.0593089 0.016 -0.0450855 
v 0.0540867 0.016 -0.0512336 
v 0.0482303 0.016 -0.0567811 
v 0.0418084 0.016 -0.0616628 
v 0.0348964 0.016 -0.0658216 
v -0.00403335 0.016 -0.0743907 
v -0.0120528 0.016 -0.0735186 
v -0.0199309 0.016 -0.0717845 
v -0.0275753 0.016 -0.0692088 
v -0.0593089 0.016 0.0450855 
v -0.0706002 0.016 -0.023788 
v -0.0727582 0.016 -0.0160153 
v -0.0740633 0.016 -0.00805487 
v -0.0745 0.016 -4.56181e-18 
v -0.0540867 0.016 0.0512336 
v -0.0482303 0.016 0.0567811 
v -0.0418084 0.016 0.0616628 
v -0.0348964 0.016 0.0658216 
v -0.0275753 0.016 0.0692088 
v -0.0199309 0.016 0.0717845 
v -0.0120528 0.016 0.0735186 
v 0.0120528 0.016 0.0735186 
v 0.00403335 0.016 0.0743907 
v 0.0199309 0.016 0.0717845 
v -0.0740633 0.016 0.00805487 
v -0.0727582 0.016 0.0160153 
v -0.00403335 0.016 0.0743907 
v 0.0815 0.005 1.52775e-17 
v 0.0812609 0.005 -0.00623876 
v 0.0805449 0.005 -0.0124409 
v 0.0793562 0.005 -0.0185701 
v 0.0777018 0.005 -0.0245902 
v 0.0758307 0.005 -0.0298 
v 0.0755914 0.005 -0.0304661 
v 0.0730375 0.005 -0.0361632 
v 0.0700549 0.005 -0.041648 
v 0.0666612 0.005 -0.0468885 
v 0.0628764 0.005 -0.0518538 
v 0.0587225 0.005 -0.0565147 
v 0.054224 0.005 -0.0608441 
v 0.0494074 0.005 -0.0648164 
v 0.0443008 0.005 -0.0684083 
v 0.0416 0.005 -0.0700139 
v 0.0385277 0.005 -0.0718 
v 0.0389342 0.005 -0.0715987 
v 0.0333391 0.005 -0.074369 
v 0.0275484 0.005 -0.0767029 
v 0.021596 0.005 -0.0785867 
v 0.0155169 0.005 -0.0800092 
v 0.0093467 0.005 -0.0809623 
v 0.00312167 0.005 -0.0814402 
v -0.00312167 0.005 -0.0814402 
v -0.0093467 0.005 -0.0809623 
v -0.0155169 0.005 -0.0800092 
v -0.021596 0.005 -0.0785867 
v -0.0275484 0.005 -0.0767029 
v -0.0333391 0.005 -0.074369 
v -0.0385277 0.005 -0.0718 
v -0.0416 0.005 -0.0700139 
v -0.0389342 0.005 -0.0715987 
v -0.0443008 0.005 -0.0684083 
v -0.0494074 0.005 -0.0648164 
v -0.054224 0.005 -0.0608441 
v -0.0587225 0.005 -0.0565147 
v -0.0628764 0.005 -0.0518538 
v -0.0666612 0.005 -0.0468885 
v -0.0700549 0.005 -0.041648 
v -0.0730375 0.005 -0.0361632 
v -0.0755914 0.005 -0.0304661 
v -0.0758307 0.005 -0.0298 
v -0.0777018 0.005 -0.0245902 
v -0.0793562 0.005 -0.0185701 
v -0.0805449 0.005 -0.0124409 
v -0.0812609 0.005 -0.00623876 
v -0.0815 0.005 1.30108e-16 
v -0.0812609 0.005 0.00623876 
v -0.0805449 0.005 0.0124409 
v -0.0793562 0.005 0.0185701 
v -0.0777018 0.005 0.0245902 
v -0.0758307 0.005 0.0298 
v -0.0755914 0.005 0.0304661 
v -0.0730375 0.005 0.0361632 
v -0.0700549 0.005 0.041648 
v -0.0666612 0.005 0.0468885 
v -0.0628764 0.005 0.0518538 
v -0.0587225 0.005 0.0565147 
v -0.054224 0.005 0.0608441 
v -0.0494074 0.005 0.0648164 
v -0.0443008 0.005 0.0684083 
v -0.0416 0.005 0.0700139 
v -0.0389342 0.005 0.0715987 
v -0.0333391 0.005 0.074369 
v -0.0275484 0.005 0.0767029 
v -0.021596 0.005 0.0785867 
v -0.0155169 0.005 0.0800092 
v -0.0093467 0.005 0.0809623 
v -0.00312167 0.005 0.0814402 
v 0.00312167 0.005 0.0814402 
v 0.0093467 0.005 0.0809623 
v 0.0155169 0.005 0.0800092 
v 0.021596 0.005 0.0785867 
v 0.0275484 0.005 0.0767029 
v 0.0333391 0.005 0.074369 
v 0.0389342 0.005 0.0715987 
v 0.0416 0.005 0.0700139 
v 0.0443008 0.005 0.0684083 
v 0.0494074 0.005 0.0648164 
v 0.054224 0.005 0.0608441 
v 0.0587225 0.005 0.0565147 
v 0.0628764 0.005 0.0518538 
v 0.0666612 0.005 0.0468885 
v 0.0700549 0.005 0.041648 
v 0.0730375 0.005 0.0361632 
v 0.0755914 0.005 0.0304661 
v 0.0758307 0.005 0.0298 
v 0.0777018 0.005 0.0245902 
v 0.0793562 0.005 0.0185701 
v 0.0805449 0.005 0.0124409 
v 0.0812609 0.005 0.00623876 
v 0.0807398 0.00502739 -0.00619876 
v 0.0800283 0.00502739 -0.0123611 
v 0.0788473 0.00502739 -0.018451 
v 0.0772035 0.00502739 -0.0244325 
v 0.0751067 0.00502739 -0.0302707 
v 0.0725691 0.00502739 -0.0359313 
v 0.0696057 0.00502739 -0.0413809 
v 0.0662338 0.00502739 -0.0465878 
v 0.0624732 0.00502739 -0.0515212 
v 0.0583459 0.00502739 -0.0561523 
v 0.0538763 0.00502739 -0.0604539 
v 0.0490905 0.00502739 -0.0644007 
v 0.0440167 0.00502739 -0.0679696 
v 0.0386845 0.00502739 -0.0711396 
v 0.0331253 0.00502739 -0.0738921 
v 0.0273717 0.00502739 -0.076211 
v 0.0214575 0.00502739 -0.0780827 
v 0.0154174 0.00502739 -0.0794961 
v 0.00928676 0.00502739 -0.0804431 
v 0.00310165 0.00502739 -0.0809179 
v -0.00310165 0.00502739 -0.0809179 
v -0.00928676 0.00502739 -0.0804431 
v -0.0154174 0.00502739 -0.0794961 
v -0.0214575 0.00502739 -0.0780827 
v -0.0273717 0.00502739 -0.076211 
v -0.0331253 0.00502739 -0.0738921 
v -0.0386845 0.00502739 -0.0711396 
v -0.0440167 0.00502739 -0.0679696 
v -0.0490905 0.00502739 -0.0644007 
v -0.0538763 0.00502739 -0.0604539 
v -0.0583459 0.00502739 -0.0561523 
v -0.0624732 0.00502739 -0.0515212 
v -0.0662338 0.00502739 -0.0465878 
v -0.0696057 0.00502739 -0.0413809 
v -0.0725691 0.00502739 -0.0359313 
v -0.0751067 0.00502739 -0.0302707 
v -0.0772035 0.00502739 -0.0244325 
v -0.0788473 0.00502739 -0.018451 
v -0.0800283 0.00502739 -0.0123611 
v -0.0807398 0.00502739 -0.00619876 
v -0.0809774 0.00502739 -2.15411e-17 
v -0.0807398 0.00502739 0.00619876 
v -0.0800283 0.00502739 0.0123611 
v -0.0788473 0.00502739 0.018451 
v -0.0772035 0.00502739 0.0244325 
v -0.0751067 0.00502739 0.0302707 
v -0.0725691 0.00502739 0.0359313 
v -0.0696057 0.00502739 0.0413809 
v -0.0662338 0.00502739 0.0465878 
v -0.0624732 0.00502739 0.0515212 
v -0.0583459 0.00502739 0.0561523 
v -0.0538763 0.00502739 0.0604539 
v -0.0490905 0.00502739 0.0644007 
v -0.0440167 0.00502739 0.0679696 
v -0.0386845 0.00502739 0.0711396 
v -0.0331253 0.00502739 0.0738921 
v -0.0273717 0.00502739 0.076211 
v -0.0214575 0.00502739 0.0780827 
v -0.0154174 0.00502739 0.0794961 
v -0.00928676 0.00502739 0.0804431 
v -0.00310165 0.00502739 0.0809179 
v 0.00310165 0.00502739 0.0809179 
v 0.00928676 0.00502739 0.0804431 
v 0.0154174 0.00502739 0.0794961 
v 0.0214575 0.00502739 0.0780827 
v 0.0273717 0.00502739 0.076211 
v 0.0331253 0.00502739 0.0738921 
v 0.0386845 0.00502739 0.0711396 
v 0.0440167 0.00502739 0.0679696 
v 0.0490905 0.00502739 0.0644007 
v 0.0538763 0.00502739 0.0604539 
v 0.0583459 0.00502739 0.0561523 
v 0.0624732 0.00502739 0.0515212 
v 0.0662338 0.00502739 0.0465878 
v 0.0696057 0.00502739 0.0413809 
v 0.0725691 0.00502739 0.0359313 
v 0.0751067 0.00502739 0.0302707 
v 0.0772035 0.00502739 0.0244325 
v 0.0788473 0.00502739 0.018451 
v 0.0800283 0.00502739 0.0123611 
v 0.0807398 0.00502739 0.00619876 
v 0.0809774 0.00502739 -4.68427e-18 
v 0.0802244 0.00510926 -0.00615919 
v 0.0795175 0.00510926 -0.0122822 
v 0.078344 0.00510926 -0.0183332 
v 0.0767107 0.00510926 -0.0242766 
v 0.0746273 0.00510926 -0.0300775 
v 0.0721059 0.00510926 -0.0357019 
v 0.0691614 0.00510926 -0.0411168 
v 0.065811 0.00510926 -0.0462904 
v 0.0620744 0.00510926 -0.0511923 
v 0.0579735 0.00510926 -0.0557939 
v 0.0535324 0.00510926 -0.060068 
v 0.0487772 0.00510926 -0.0639896 
v 0.0437357 0.00510926 -0.0675357 
v 0.0384375 0.00510926 -0.0706855 
v 0.0329138 0.00510926 -0.0734204 
v 0.027197 0.00510926 -0.0757245 
v 0.0213205 0.00510926 -0.0775843 
v 0.015319 0.00510926 -0.0789887 
v 0.00922748 0.00510926 -0.0799296 
v 0.00308185 0.00510926 -0.0804014 
v -0.00308185 0.00510926 -0.0804014 
v -0.00922748 0.00510926 -0.0799296 
v -0.015319 0.00510926 -0.0789887 
v -0.0213205 0.00510926 -0.0775843 
v -0.027197 0.00510926 -0.0757245 
v -0.0329138 0.00510926 -0.0734204 
v -0.0384375 0.00510926 -0.0706855 
v -0.0437357 0.00510926 -0.0675357 
v -0.0487772 0.00510926 -0.0639896 
v -0.0535324 0.00510926 -0.060068 
v -0.0579735 0.00510926 -0.0557939 
v -0.0620744 0.00510926 -0.0511923 
v -0.065811 0.00510926 -0.0462904 
v -0.0691614 0.00510926 -0.0411168 
v -0.0721059 0.00510926 -0.0357019 
v -0.0746273 0.00510926 -0.0300775 
v -0.0767107 0.00510926 -0.0242766 
v -0.078344 0.00510926 -0.0183332 
v -0.0795175 0.00510926 -0.0122822 
v -0.0802244 0.00510926 -0.00615919 
v -0.0804604 0.00510926 -2.14335e-17 
v -0.0802244 0.00510926 0.00615919 
v -0.0795175 0.00510926 0.0122822 
v -0.078344 0.00510926 0.0183332 
v -0.0767107 0.00510926 0.0242766 
v -0.0746273 0.00510926 0.0300775 
v -0.0721059 0.00510926 0.0357019 
v -0.0691614 0.00510926 0.0411168 
v -0.065811 0.00510926 0.0462904 
v -0.0620744 0.00510926 0.0511923 
v -0.0579735 0.00510926 0.0557939 
v -0.0535324 0.00510926 0.060068 
v -0.0487772 0.00510926 0.0639896 
v -0.0437357 0.00510926 0.0675357 
v -0.0384375 0.00510926 0.0706855 
v -0.0329138 0.00510926 0.0734204 
v -0.027197 0.00510926 0.0757245 
v -0.0213205 0.00510926 0.0775843 
v -0.015319 0.00510926 0.0789887 
v -0.00922748 0.00510926 0.0799296 
v -0.00308185 0.00510926 0.0804014 
v 0.00308185 0.00510926 0.0804014 
v 0.00922748 0.00510926 0.0799296 
v 0.015319 0.00510926 0.0789887 
v 0.0213205 0.00510926 0.0775843 
v 0.027197 0.00510926 0.0757245 
v 0.0329138 0.00510926 0.0734204 
v 0.0384375 0.00510926 0.0706855 
v 0.0437357 0.00510926 0.0675357 
v 0.0487772 0.00510926 0.0639896 
v 0.0535324 0.00510926 0.060068 
v 0.0579735 0.00510926 0.0557939 
v 0.0620744 0.00510926 0.0511923 
v 0.065811 0.00510926 0.0462904 
v 0.0691614 0.00510926 0.0411168 
v 0.0721059 0.00510926 0.0357019 
v 0.0746273 0.00510926 0.0300775 
v 0.0767107 0.00510926 0.0242766 
v 0.078344 0.00510926 0.0183332 
v 0.0795175 0.00510926 0.0122822 
v 0.0802244 0.00510926 0.00615919 
v 0.0804604 0.00510926 -4.68427e-18 
v 0.0797203 0.00524472 -0.00612049 
v 0.0790179 0.00524472 -0.0122051 
v 0.0778517 0.00524472 -0.018218 
v 0.0762287 0.00524472 -0.024124 
v 0.0741584 0.00524472 -0.0298885 
v 0.0716528 0.00524472 -0.0354776 
v 0.0687268 0.00524472 -0.0408585 
v 0.0653975 0.00524472 -0.0459996 
v 0.0616844 0.00524472 -0.0508707 
v 0.0576092 0.00524472 -0.0554433 
v 0.0531961 0.00524472 -0.0596906 
v 0.0484707 0.00524472 -0.0635876 
v 0.0434609 0.00524472 -0.0671114 
v 0.038196 0.00524472 -0.0702414 
v 0.032707 0.00524472 -0.0729591 
v 0.0270261 0.00524472 -0.0752488 
v 0.0211866 0.00524472 -0.0770968 
v 0.0152227 0.00524472 -0.0784924 
v 0.0091695 0.00524472 -0.0794274 
v 0.00306249 0.00524472 -0.0798962 
v -0.00306249 0.00524472 -0.0798962 
v -0.0091695 0.00524472 -0.0794274 
v -0.0152227 0.00524472 -0.0784924 
v -0.0211866 0.00524472 -0.0770968 
v -0.0270261 0.00524472 -0.0752488 
v -0.032707 0.00524472 -0.0729591 
v -0.038196 0.00524472 -0.0702414 
v -0.0434609 0.00524472 -0.0671114 
v -0.0484707 0.00524472 -0.0635876 
v -0.0531961 0.00524472 -0.0596906 
v -0.0576092 0.00524472 -0.0554433 
v -0.0616844 0.00524472 -0.0508707 
v -0.0653975 0.00524472 -0.0459996 
v -0.0687268 0.00524472 -0.0408585 
v -0.0716528 0.00524472 -0.0354776 
v -0.0741584 0.00524472 -0.0298885 
v -0.0762287 0.00524472 -0.024124 
v -0.0778517 0.00524472 -0.018218 
v -0.0790179 0.00524472 -0.0122051 
v -0.0797203 0.00524472 -0.00612049 
v -0.0799549 0.00524472 -2.13282e-17 
v -0.0797203 0.00524472 0.00612049 
v -0.0790179 0.00524472 0.0122051 
v -0.0778517 0.00524472 0.018218 
v -0.0762287 0.00524472 0.024124 
v -0.0741584 0.00524472 0.0298885 
v -0.0716528 0.00524472 0.0354776 
v -0.0687268 0.00524472 0.0408585 
v -0.0653975 0.00524472 0.0459996 
v -0.0616844 0.00524472 0.0508707 
v -0.0576092 0.00524472 0.0554433 
v -0.0531961 0.00524472 0.0596906 
v -0.0484707 0.00524472 0.0635876 
v -0.0434609 0.00524472 0.0671114 
v -0.038196 0.00524472 0.0702414 
v -0.032707 0.00524472 0.0729591 
v -0.0270261 0.00524472 0.0752488 
v -0.0211866 0.00524472 0.0770968 
v -0.0152227 0.00524472 0.0784924 
v -0.0091695 0.00524472 0.0794274 
v -0.00306249 0.00524472 0.0798962 
v 0.00306249 0.00524472 0.0798962 
v 0.0091695 0.00524472 0.0794274 
v 0.0152227 0.00524472 0.0784924 
v 0.0211866 0.00524472 0.0770968 
v 0.0270261 0.00524472 0.0752488 
v 0.032707 0.00524472 0.0729591 
v 0.038196 0.00524472 0.0702414 
v 0.0434609 0.00524472 0.0671114 
v 0.0484707 0.00524472 0.0635876 
v 0.0531961 0.00524472 0.0596906 
v 0.0576092 0.00524472 0.0554433 
v 0.0616844 0.00524472 0.0508707 
v 0.0653975 0.00524472 0.0459996 
v 0.0687268 0.00524472 0.0408585 
v 0.0716528 0.00524472 0.0354776 
v 0.0741584 0.00524472 0.0298885 
v 0.0762287 0.00524472 0.024124 
v 0.0778517 0.00524472 0.018218 
v 0.0790179 0.00524472 0.0122051 
v 0.0797203 0.00524472 0.00612049 
v 0.0799549 0.00524472 -4.68427e-18 
v 0.0792331 0.00543227 -0.00608309 
v 0.078535 0.00543227 -0.0121305 
v 0.077376 0.00543227 -0.0181067 
v 0.0757629 0.00543227 -0.0239766 
v 0.0737052 0.00543227 -0.0297059 
v 0.071215 0.00543227 -0.0352608 
v 0.0683068 0.00543227 -0.0406088 
v 0.0649978 0.00543227 -0.0457185 
v 0.0613074 0.00543227 -0.0505598 
v 0.0572572 0.00543227 -0.0551045 
v 0.052871 0.00543227 -0.0593258 
v 0.0481745 0.00543227 -0.063199 
v 0.0431953 0.00543227 -0.0667013 
v 0.0379626 0.00543227 -0.0698121 
v 0.0325072 0.00543227 -0.0725133 
v 0.026861 0.00543227 -0.0747889 
v 0.0210571 0.00543227 -0.0766257 
v 0.0151297 0.00543227 -0.0780127 
v 0.00911347 0.00543227 -0.078942 
v 0.00304378 0.00543227 -0.079408 
v -0.00304378 0.00543227 -0.079408 
v -0.00911347 0.00543227 -0.078942 
v -0.0151297 0.00543227 -0.0780127 
v -0.0210571 0.00543227 -0.0766257 
v -0.026861 0.00543227 -0.0747889 
v -0.0325072 0.00543227 -0.0725133 
v -0.0379626 0.00543227 -0.0698121 
v -0.0431953 0.00543227 -0.0667013 
v -0.0481745 0.00543227 -0.063199 
v -0.052871 0.00543227 -0.0593258 
v -0.0572572 0.00543227 -0.0551045 
v -0.0613074 0.00543227 -0.0505598 
v -0.0649978 0.00543227 -0.0457185 
v -0.0683068 0.00543227 -0.0406088 
v -0.071215 0.00543227 -0.0352608 
v -0.0737052 0.00543227 -0.0297059 
v -0.0757629 0.00543227 -0.0239766 
v -0.077376 0.00543227 -0.0181067 
v -0.078535 0.00543227 -0.0121305 
v -0.0792331 0.00543227 -0.00608309 
v -0.0794663 0.00543227 -2.12265e-17 
v -0.0792331 0.00543227 0.00608309 
v -0.078535 0.00543227 0.0121305 
v -0.077376 0.00543227 0.0181067 
v -0.0757629 0.00543227 0.0239766 
v -0.0737052 0.00543227 0.0297059 
v -0.071215 0.00543227 0.0352608 
v -0.0683068 0.00543227 0.0406088 
v -0.0649978 0.00543227 0.0457185 
v -0.0613074 0.00543227 0.0505598 
v -0.0572572 0.00543227 0.0551045 
v -0.052871 0.00543227 0.0593258 
v -0.0481745 0.00543227 0.063199 
v -0.0431953 0.00543227 0.0667013 
v -0.0379626 0.00543227 0.0698121 
v -0.0325072 0.00543227 0.0725133 
v -0.026861 0.00543227 0.0747889 
v -0.0210571 0.00543227 0.0766257 
v -0.0151297 0.00543227 0.0780127 
v -0.00911347 0.00543227 0.078942 
v -0.00304378 0.00543227 0.079408 
v 0.00304378 0.00543227 0.079408 
v 0.00911347 0.00543227 0.078942 
v 0.0151297 0.00543227 0.0780127 
v 0.0210571 0.00543227 0.0766257 
v 0.026861 0.00543227 0.0747889 
v 0.0325072 0.00543227 0.0725133 
v 0.0379626 0.00543227 0.0698121 
v 0.0431953 0.00543227 0.0667013 
v 0.0481745 0.00543227 0.063199 
v 0.052871 0.00543227 0.0593258 
v 0.0572572 0.00543227 0.0551045 
v 0.0613074 0.00543227 0.0505598 
v 0.0649978 0.00543227 0.0457185 
v 0.0683068 0.00543227 0.0406088 
v 0.071215 0.00543227 0.0352608 
v 0.0737052 0.00543227 0.0297059 
v 0.0757629 0.00543227 0.0239766 
v 0.077376 0.00543227 0.0181067 
v 0.078535 0.00543227 0.0121305 
v 0.0792331 0.00543227 0.00608309 
v 0.0794663 0.00543227 -4.68427e-18 
v 0.0787682 0.00566987 -0.00604739 
v 0.0780742 0.00566987 -0.0120593 
v 0.0769219 0.00566987 -0.0180004 
v 0.0753183 0.00566987 -0.0238359 
v 0.0732727 0.00566987 -0.0295315 
v 0.0707971 0.00566987 -0.0350539 
v 0.067906 0.00566987 -0.0403705 
v 0.0646164 0.00566987 -0.0454502 
v 0.0609476 0.00566987 -0.0502632 
v 0.0569212 0.00566987 -0.0547812 
v 0.0525607 0.00566987 -0.0589777 
v 0.0478918 0.00566987 -0.0628281 
v 0.0429418 0.00566987 -0.0663099 
v 0.0377399 0.00566987 -0.0694025 
v 0.0323164 0.00566987 -0.0720878 
v 0.0267033 0.00566987 -0.0743501 
v 0.0209335 0.00566987 -0.076176 
v 0.0150409 0.00566987 -0.077555 
v 0.00905999 0.00566987 -0.0784788 
v 0.00302592 0.00566987 -0.078942 
v -0.00302592 0.00566987 -0.078942 
v -0.00905999 0.00566987 -0.0784788 
v -0.0150409 0.00566987 -0.077555 
v -0.0209335 0.00566987 -0.076176 
v -0.0267033 0.00566987 -0.0743501 
v -0.0323164 0.00566987 -0.0720878 
v -0.0377399 0.00566987 -0.0694025 
v -0.0429418 0.00566987 -0.0663099 
v -0.0478918 0.00566987 -0.0628281 
v -0.0525607 0.00566987 -0.0589777 
v -0.0569212 0.00566987 -0.0547812 
v -0.0609476 0.00566987 -0.0502632 
v -0.0646164 0.00566987 -0.0454502 
v -0.067906 0.00566987 -0.0403705 
v -0.0707971 0.00566987 -0.0350539 
v -0.0732727 0.00566987 -0.0295315 
v -0.0753183 0.00566987 -0.0238359 
v -0.0769219 0.00566987 -0.0180004 
v -0.0780742 0.00566987 -0.0120593 
v -0.0787682 0.00566987 -0.00604739 
v -0.079 0.00566987 -2.11295e-17 
v -0.0787682 0.00566987 0.00604739 
v -0.0780742 0.00566987 0.0120593 
v -0.0769219 0.00566987 0.0180004 
v -0.0753183 0.00566987 0.0238359 
v -0.0732727 0.00566987 0.0295315 
v -0.0707971 0.00566987 0.0350539 
v -0.067906 0.00566987 0.0403705 
v -0.0646164 0.00566987 0.0454502 
v -0.0609476 0.00566987 0.0502632 
v -0.0569212 0.00566987 0.0547812 
v -0.0525607 0.00566987 0.0589777 
v -0.0478918 0.00566987 0.0628281 
v -0.0429418 0.00566987 0.0663099 
v -0.0377399 0.00566987 0.0694025 
v -0.0323164 0.00566987 0.0720878 
v -0.0267033 0.00566987 0.0743501 
v -0.0209335 0.00566987 0.076176 
v -0.0150409 0.00566987 0.077555 
v -0.00905999 0.00566987 0.0784788 
v -0.00302592 0.00566987 0.078942 
v 0.00302592 0.00566987 0.078942 
v 0.00905999 0.00566987 0.0784788 
v 0.0150409 0.00566987 0.077555 
v 0.0209335 0.00566987 0.076176 
v 0.0267033 0.00566987 0.0743501 
v 0.0323164 0.00566987 0.0720878 
v 0.0377399 0.00566987 0.0694025 
v 0.0429418 0.00566987 0.0663099 
v 0.0478918 0.00566987 0.0628281 
v 0.0525607 0.00566987 0.0589777 
v 0.0569212 0.00566987 0.0547812 
v 0.0609476 0.00566987 0.0502632 
v 0.0646164 0.00566987 0.0454502 
v 0.067906 0.00566987 0.0403705 
v 0.0707971 0.00566987 0.0350539 
v 0.0732727 0.00566987 0.0295315 
v 0.0753183 0.00566987 0.0238359 
v 0.0769219 0.00566987 0.0180004 
v 0.0780742 0.00566987 0.0120593 
v 0.0787682 0.00566987 0.00604739 
v 0.079 0.00566987 -4.68427e-18 
v 0.0783306 0.00595492 -0.00601379 
v 0.0776404 0.00595492 -0.0119923 
v 0.0764946 0.00595492 -0.0179004 
v 0.0748998 0.00595492 -0.0237035 
v 0.0728656 0.00595492 -0.0293675 
v 0.0704037 0.00595492 -0.0348591 
v 0.0675287 0.00595492 -0.0401462 
v 0.0642574 0.00595492 -0.0451977 
v 0.060609 0.00595492 -0.0499839 
v 0.056605 0.00595492 -0.0544768 
v 0.0522687 0.00595492 -0.05865 
v 0.0476257 0.00595492 -0.0624791 
v 0.0427033 0.00595492 -0.0659414 
v 0.0375302 0.00595492 -0.0690169 
v 0.0321369 0.00595492 -0.0716873 
v 0.026555 0.00595492 -0.073937 
v 0.0208172 0.00595492 -0.0757528 
v 0.0149573 0.00595492 -0.0771241 
v 0.00900965 0.00595492 -0.0780427 
v 0.0030091 0.00595492 -0.0785034 
v -0.0030091 0.00595492 -0.0785034 
v -0.00900965 0.00595492 -0.0780427 
v -0.0149573 0.00595492 -0.0771241 
v -0.0208172 0.00595492 -0.0757528 
v -0.026555 0.00595492 -0.073937 
v -0.0321369 0.00595492 -0.0716873 
v -0.0375302 0.00595492 -0.0690169 
v -0.0427033 0.00595492 -0.0659414 
v -0.0476257 0.00595492 -0.0624791 
v -0.0522687 0.00595492 -0.05865 
v -0.056605 0.00595492 -0.0544768 
v -0.060609 0.00595492 -0.0499839 
v -0.0642574 0.00595492 -0.0451977 
v -0.0675287 0.00595492 -0.0401462 
v -0.0704037 0.00595492 -0.0348591 
v -0.0728656 0.00595492 -0.0293675 
v -0.0748998 0.00595492 -0.0237035 
v -0.0764946 0.00595492 -0.0179004 
v -0.0776404 0.00595492 -0.0119923 
v -0.0783306 0.00595492 -0.00601379 
v -0.0785611 0.00595492 -2.10381e-17 
v -0.0783306 0.00595492 0.00601379 
v -0.0776404 0.00595492 0.0119923 
v -0.0764946 0.00595492 0.0179004 
v -0.0748998 0.00595492 0.0237035 
v -0.0728656 0.00595492 0.0293675 
v -0.0704037 0.00595492 0.0348591 
v -0.0675287 0.00595492 0.0401462 
v -0.0642574 0.00595492 0.0451977 
v -0.060609 0.00595492 0.0499839 
v -0.056605 0.00595492 0.0544768 
v -0.0522687 0.00595492 0.05865 
v -0.0476257 0.00595492 0.0624791 
v -0.0427033 0.00595492 0.0659414 
v -0.0375302 0.00595492 0.0690169 
v -0.0321369 0.00595492 0.0716873 
v -0.026555 0.00595492 0.073937 
v -0.0208172 0.00595492 0.0757528 
v -0.0149573 0.00595492 0.0771241 
v -0.00900965 0.00595492 0.0780427 
v -0.0030091 0.00595492 0.0785034 
v 0.0030091 0.00595492 0.0785034 
v 0.00900965 0.00595492 0.0780427 
v 0.0149573 0.00595492 0.0771241 
v 0.0208172 0.00595492 0.0757528 
v 0.026555 0.00595492 0.073937 
v 0.0321369 0.00595492 0.0716873 
v 0.0375302 0.00595492 0.0690169 
v 0.0427033 0.00595492 0.0659414 
v 0.0476257 0.00595492 0.0624791 
v 0.0522687 0.00595492 0.05865 
v 0.056605 0.00595492 0.0544768 
v 0.060609 0.00595492 0.0499839 
v 0.0642574 0.00595492 0.0451977 
v 0.0675287 0.00595492 0.0401462 
v 0.0704037 0.00595492 0.0348591 
v 0.0728656 0.00595492 0.0293675 
v 0.0748998 0.00595492 0.0237035 
v 0.0764946 0.00595492 0.0179004 
v 0.0776404 0.00595492 0.0119923 
v 0.0783306 0.00595492 0.00601379 
v 0.0785611 0.00595492 -4.68427e-18 
v 0.077925 0.00628428 -0.00598266 
v 0.0772384 0.00628428 -0.0119302 
v 0.0760985 0.00628428 -0.0178077 
v 0.0745121 0.00628428 -0.0235808 
v 0.0724883 0.00628428 -0.0292154 
v 0.0700392 0.00628428 -0.0346786 
v 0.0671791 0.00628428 -0.0399383 
v 0.0639247 0.00628428 -0.0449637 
v 0.0602952 0.00628428 -0.0497251 
v 0.0563119 0.00628428 -0.0541948 
v 0.0519981 0.00628428 -0.0583464 
v 0.0473792 0.00628428 -0.0621556 
v 0.0424822 0.00628428 -0.0656001 
v 0.0373359 0.00628428 -0.0686596 
v 0.0319705 0.00628428 -0.0713161 
v 0.0264175 0.00628428 -0.0735542 
v 0.0207095 0.00628428 -0.0753606 
v 0.0148799 0.00628428 -0.0767248 
v 0.00896301 0.00628428 -0.0776387 
v 0.00299353 0.00628428 -0.078097 
v -0.00299353 0.00628428 -0.078097 
v -0.00896301 0.00628428 -0.0776387 
v -0.0148799 0.00628428 -0.0767248 
v -0.0207095 0.00628428 -0.0753606 
v -0.0264175 0.00628428 -0.0735542 
v -0.0319705 0.00628428 -0.0713161 
v -0.0373359 0.00628428 -0.0686596 
v -0.0424822 0.00628428 -0.0656001 
v -0.0473792 0.00628428 -0.0621556 
v -0.0519981 0.00628428 -0.0583464 
v -0.0563119 0.00628428 -0.0541948 
v -0.0602952 0.00628428 -0.0497251 
v -0.0639247 0.00628428 -0.0449637 
v -0.0671791 0.00628428 -0.0399383 
v -0.0700392 0.00628428 -0.0346786 
v -0.0724883 0.00628428 -0.0292154 
v -0.0745121 0.00628428 -0.0235808 
v -0.0760985 0.00628428 -0.0178077 
v -0.0772384 0.00628428 -0.0119302 
v -0.077925 0.00628428 -0.00598266 
v -0.0781543 0.00628428 -2.09534e-17 
v -0.077925 0.00628428 0.00598266 
v -0.0772384 0.00628428 0.0119302 
v -0.0760985 0.00628428 0.0178077 
v -0.0745121 0.00628428 0.0235808 
v -0.0724883 0.00628428 0.0292154 
v -0.0700392 0.00628428 0.0346786 
v -0.0671791 0.00628428 0.0399383 
v -0.0639247 0.00628428 0.0449637 
v -0.0602952 0.00628428 0.0497251 
v -0.0563119 0.00628428 0.0541948 
v -0.0519981 0.00628428 0.0583464 
v -0.0473792 0.00628428 0.0621556 
v -0.0424822 0.00628428 0.0656001 
v -0.0373359 0.00628428 0.0686596 
v -0.0319705 0.00628428 0.0713161 
v -0.0264175 0.00628428 0.0735542 
v -0.0207095 0.00628428 0.0753606 
v -0.0148799 0.00628428 0.0767248 
v -0.00896301 0.00628428 0.0776387 
v -0.00299353 0.00628428 0.078097 
v 0.00299353 0.00628428 0.078097 
v 0.00896301 0.00628428 0.0776387 
v 0.0148799 0.00628428 0.0767248 
v 0.0207095 0.00628428 0.0753606 
v 0.0264175 0.00628428 0.0735542 
v 0.0319705 0.00628428 0.0713161 
v 0.0373359 0.00628428 0.0686596 
v 0.0424822 0.00628428 0.0656001 
v 0.0473792 0.00628428 0.0621556 
v 0.0519981 0.00628428 0.0583464 
v 0.0563119 0.00628428 0.0541948 
v 0.0602952 0.00628428 0.0497251 
v 0.0639247 0.00628428 0.0449637 
v 0.0671791 0.00628428 0.0399383 
v 0.0700392 0.00628428 0.0346786 
v 0.0724883 0.00628428 0.0292154 
v 0.0745121 0.00628428 0.0235808 
v 0.0760985 0.00628428 0.0178077 
v 0.0772384 0.00628428 0.0119302 
v 0.077925 0.00628428 0.00598266 
v 0.0781543 0.00628428 -4.68427e-18 
v 0.077556 0.00665435 -0.00595433 
v 0.0768727 0.00665435 -0.0118737 
v 0.0757382 0.00665435 -0.0177234 
v 0.0741592 0.00665435 -0.0234691 
v 0.0721451 0.00665435 -0.0290771 
v 0.0697076 0.00665435 -0.0345144 
v 0.066861 0.00665435 -0.0397492 
v 0.063622 0.00665435 -0.0447507 
v 0.0600097 0.00665435 -0.0494897 
v 0.0560453 0.00665435 -0.0539381 
v 0.0517519 0.00665435 -0.0580701 
v 0.0471548 0.00665435 -0.0618613 
v 0.042281 0.00665435 -0.0652894 
v 0.0371591 0.00665435 -0.0683344 
v 0.0318191 0.00665435 -0.0709784 
v 0.0262924 0.00665435 -0.0732059 
v 0.0206114 0.00665435 -0.0750038 
v 0.0148094 0.00665435 -0.0763615 
v 0.00892057 0.00665435 -0.0772711 
v 0.00297935 0.00665435 -0.0777272 
v -0.00297935 0.00665435 -0.0777272 
v -0.00892057 0.00665435 -0.0772711 
v -0.0148094 0.00665435 -0.0763615 
v -0.0206114 0.00665435 -0.0750038 
v -0.0262924 0.00665435 -0.0732059 
v -0.0318191 0.00665435 -0.0709784 
v -0.0371591 0.00665435 -0.0683344 
v -0.042281 0.00665435 -0.0652894 
v -0.0471548 0.00665435 -0.0618613 
v -0.0517519 0.00665435 -0.0580701 
v -0.0560453 0.00665435 -0.0539381 
v -0.0600097 0.00665435 -0.0494897 
v -0.063622 0.00665435 -0.0447507 
v -0.066861 0.00665435 -0.0397492 
v -0.0697076 0.00665435 -0.0345144 
v -0.0721451 0.00665435 -0.0290771 
v -0.0741592 0.00665435 -0.0234691 
v -0.0757382 0.00665435 -0.0177234 
v -0.0768727 0.00665435 -0.0118737 
v -0.077556 0.00665435 -0.00595433 
v -0.0777843 0.00665435 -2.08764e-17 
v -0.077556 0.00665435 0.00595433 
v -0.0768727 0.00665435 0.0118737 
v -0.0757382 0.00665435 0.0177234 
v -0.0741592 0.00665435 0.0234691 
v -0.0721451 0.00665435 0.0290771 
v -0.0697076 0.00665435 0.0345144 
v -0.066861 0.00665435 0.0397492 
v -0.063622 0.00665435 0.0447507 
v -0.0600097 0.00665435 0.0494897 
v -0.0560453 0.00665435 0.0539381 
v -0.0517519 0.00665435 0.0580701 
v -0.0471548 0.00665435 0.0618613 
v -0.042281 0.00665435 0.0652894 
v -0.0371591 0.00665435 0.0683344 
v -0.0318191 0.00665435 0.0709784 
v -0.0262924 0.00665435 0.0732059 
v -0.0206114 0.00665435 0.0750038 
v -0.0148094 0.00665435 0.0763615 
v -0.00892057 0.00665435 0.0772711 
v -0.00297935 0.00665435 0.0777272 
v 0.00297935 0.00665435 0.0777272 
v 0.00892057 0.00665435 0.0772711 
v 0.0148094 0.00665435 0.0763615 
v 0.0206114 0.00665435 0.0750038 
v 0.0262924 0.00665435 0.0732059 
v 0.0318191 0.00665435 0.0709784 
v 0.0371591 0.00665435 0.0683344 
v 0.042281 0.00665435 0.0652894 
v 0.0471548 0.00665435 0.0618613 
v 0.0517519 0.00665435 0.0580701 
v 0.0560453 0.00665435 0.0539381 
v 0.0600097 0.00665435 0.0494897 
v 0.063622 0.00665435 0.0447507 
v 0.066861 0.00665435 0.0397492 
v 0.0697076 0.00665435 0.0345144 
v 0.0721451 0.00665435 0.0290771 
v 0.0741592 0.00665435 0.0234691 
v 0.0757382 0.00665435 0.0177234 
v 0.0768727 0.00665435 0.0118737 
v 0.077556 0.00665435 0.00595433 
v 0.0777843 0.00665435 -4.68427e-18 
v 0.0772276 0.00706107 -0.00592912 
v 0.0765472 0.00706107 -0.0118234 
v 0.0754175 0.00706107 -0.0176484 
v 0.0738452 0.00706107 -0.0233697 
v 0.0718396 0.00706107 -0.028954 
v 0.0694124 0.00706107 -0.0343683 
v 0.0665779 0.00706107 -0.0395809 
v 0.0633526 0.00706107 -0.0445613 
v 0.0597556 0.00706107 -0.0492801 
v 0.0558079 0.00706107 -0.0537098 
v 0.0515327 0.00706107 -0.0578242 
v 0.0469551 0.00706107 -0.0615993 
v 0.042102 0.00706107 -0.065013 
v 0.0370017 0.00706107 -0.0680451 
v 0.0316844 0.00706107 -0.0706779 
v 0.0261811 0.00706107 -0.0728959 
v 0.0205241 0.00706107 -0.0746862 
v 0.0147467 0.00706107 -0.0760381 
v 0.00888279 0.00706107 -0.0769439 
v 0.00296673 0.00706107 -0.0773981 
v -0.00296673 0.00706107 -0.0773981 
v -0.00888279 0.00706107 -0.0769439 
v -0.0147467 0.00706107 -0.0760381 
v -0.0205241 0.00706107 -0.0746862 
v -0.0261811 0.00706107 -0.0728959 
v -0.0316844 0.00706107 -0.0706779 
v -0.0370017 0.00706107 -0.0680451 
v -0.042102 0.00706107 -0.065013 
v -0.0469551 0.00706107 -0.0615993 
v -0.0515327 0.00706107 -0.0578242 
v -0.0558079 0.00706107 -0.0537098 
v -0.0597556 0.00706107 -0.0492801 
v -0.0633526 0.00706107 -0.0445613 
v -0.0665779 0.00706107 -0.0395809 
v -0.0694124 0.00706107 -0.0343683 
v -0.0718396 0.00706107 -0.028954 
v -0.0738452 0.00706107 -0.0233697 
v -0.0754175 0.00706107 -0.0176484 
v -0.0765472 0.00706107 -0.0118234 
v -0.0772276 0.00706107 -0.00592912 
v -0.0774549 0.00706107 -2.08078e-17 
v -0.0772276 0.00706107 0.00592912 
v -0.0765472 0.00706107 0.0118234 
v -0.0754175 0.00706107 0.0176484 
v -0.0738452 0.00706107 0.0233697 
v -0.0718396 0.00706107 0.028954 
v -0.0694124 0.00706107 0.0343683 
v -0.0665779 0.00706107 0.0395809 
v -0.0633526 0.00706107 0.0445613 
v -0.0597556 0.00706107 0.0492801 
v -0.0558079 0.00706107 0.0537098 
v -0.0515327 0.00706107 0.0578242 
v -0.0469551 0.00706107 0.0615993 
v -0.042102 0.00706107 0.065013 
v -0.0370017 0.00706107 0.0680451 
v -0.0316844 0.00706107 0.0706779 
v -0.0261811 0.00706107 0.0728959 
v -0.0205241 0.00706107 0.0746862 
v -0.0147467 0.00706107 0.0760381 
v -0.00888279 0.00706107 0.0769439 
v -0.00296673 0.00706107 0.0773981 
v 0.00296673 0.00706107 0.0773981 
v 0.00888279 0.00706107 0.0769439 
v 0.0147467 0.00706107 0.0760381 
v 0.0205241 0.00706107 0.0746862 
v 0.0261811 0.00706107 0.0728959 
v 0.0316844 0.00706107 0.0706779 
v 0.0370017 0.00706107 0.0680451 
v 0.042102 0.00706107 0.065013 
v 0.0469551 0.00706107 0.0615993 
v 0.0515327 0.00706107 0.0578242 
v 0.0558079 0.00706107 0.0537098 
v 0.0597556 0.00706107 0.0492801 
v 0.0633526 0.00706107 0.0445613 
v 0.0665779 0.00706107 0.0395809 
v 0.0694124 0.00706107 0.0343683 
v 0.0718396 0.00706107 0.028954 
v 0.0738452 0.00706107 0.0233697 
v 0.0754175 0.00706107 0.0176484 
v 0.0765472 0.00706107 0.0118234 
v 0.0772276 0.00706107 0.00592912 
v 0.0774549 0.00706107 -4.68427e-18 
v 0.0769434 0.0075 -0.0059073 
v 0.0762655 0.0075 -0.0117799 
v 0.07514 0.0075 -0.0175834 
v 0.0735735 0.0075 -0.0232837 
v 0.0715752 0.0075 -0.0288474 
v 0.069157 0.0075 -0.0342418 
v 0.0663329 0.0075 -0.0394352 
v 0.0631195 0.0075 -0.0443973 
v 0.0595357 0.0075 -0.0490987 
v 0.0556026 0.0075 -0.0535121 
v 0.0513431 0.0075 -0.0576114 
v 0.0467823 0.0075 -0.0613726 
v 0.041947 0.0075 -0.0647737 
v 0.0368656 0.0075 -0.0677947 
v 0.0315678 0.0075 -0.0704178 
v 0.0260847 0.0075 -0.0726277 
v 0.0204486 0.0075 -0.0744113 
v 0.0146925 0.0075 -0.0757583 
v 0.00885011 0.0075 -0.0766607 
v 0.00295582 0.0075 -0.0771132 
v -0.00295582 0.0075 -0.0771132 
v -0.00885011 0.0075 -0.0766607 
v -0.0146925 0.0075 -0.0757583 
v -0.0204486 0.0075 -0.0744113 
v -0.0260847 0.0075 -0.0726277 
v -0.0315678 0.0075 -0.0704178 
v -0.0368656 0.0075 -0.0677947 
v -0.041947 0.0075 -0.0647737 
v -0.0467823 0.0075 -0.0613726 
v -0.0513431 0.0075 -0.0576114 
v -0.0556026 0.0075 -0.0535121 
v -0.0595357 0.0075 -0.0490987 
v -0.0631195 0.0075 -0.0443973 
v -0.0663329 0.0075 -0.0394352 
v -0.069157 0.0075 -0.0342418 
v -0.0715752 0.0075 -0.0288474 
v -0.0735735 0.0075 -0.0232837 
v -0.07514 0.0075 -0.0175834 
v -0.0762655 0.0075 -0.0117799 
v -0.0769434 0.0075 -0.0059073 
v -0.0771699 0.0075 -2.07485e-17 
v -0.0769434 0.0075 0.0059073 
v -0.0762655 0.0075 0.0117799 
v -0.07514 0.0075 0.0175834 
v -0.0735735 0.0075 0.0232837 
v -0.0715752 0.0075 0.0288474 
v -0.069157 0.0075 0.0342418 
v -0.0663329 0.0075 0.0394352 
v -0.0631195 0.0075 0.0443973 
v -0.0595357 0.0075 0.0490987 
v -0.0556026 0.0075 0.0535121 
v -0.0513431 0.0075 0.0576114 
v -0.0467823 0.0075 0.0613726 
v -0.041947 0.0075 0.0647737 
v -0.0368656 0.0075 0.0677947 
v -0.0315678 0.0075 0.0704178 
v -0.0260847 0.0075 0.0726277 
v -0.0204486 0.0075 0.0744113 
v -0.0146925 0.0075 0.0757583 
v -0.00885011 0.0075 0.0766607 
v -0.00295582 0.0075 0.0771132 
v 0.00295582 0.0075 0.0771132 
v 0.00885011 0.0075 0.0766607 
v 0.0146925 0.0075 0.0757583 
v 0.0204486 0.0075 0.0744113 
v 0.0260847 0.0075 0.0726277 
v 0.0315678 0.0075 0.0704178 
v 0.0368656 0.0075 0.0677947 
v 0.041947 0.0075 0.0647737 
v 0.0467823 0.0075 0.0613726 
v 0.0513431 0.0075 0.0576114 
v 0.0556026 0.0075 0.0535121 
v 0.0595357 0.0075 0.0490987 
v 0.0631195 0.0075 0.0443973 
v 0.0663329 0.0075 0.0394352 
v 0.069157 0.0075 0.0342418 
v 0.0715752 0.0075 0.0288474 
v 0.0735735 0.0075 0.0232837 
v 0.07514 0.0075 0.0175834 
v 0.0762655 0.0075 0.0117799 
v 0.0769434 0.0075 0.0059073 
v 0.0771699 0.0075 -4.68427e-18 
v 0.0767065 0.00796632 -0.00588911 
v 0.0760307 0.00796632 -0.0117437 
v 0.0749086 0.00796632 -0.0175293 
v 0.073347 0.00796632 -0.0232121 
v 0.0713549 0.00796632 -0.0287586 
v 0.0689441 0.00796632 -0.0341364 
v 0.0661286 0.00796632 -0.0393138 
v 0.0629252 0.00796632 -0.0442606 
v 0.0593524 0.00796632 -0.0489476 
v 0.0554314 0.00796632 -0.0533473 
v 0.051185 0.00796632 -0.057434 
v 0.0466383 0.00796632 -0.0611837 
v 0.0418179 0.00796632 -0.0645743 
v 0.0367521 0.00796632 -0.0675859 
v 0.0314706 0.00796632 -0.070201 
v 0.0260044 0.00796632 -0.072404 
v 0.0203856 0.00796632 -0.0741822 
v 0.0146472 0.00796632 -0.0755251 
v 0.00882286 0.00796632 -0.0764247 
v 0.00294672 0.00796632 -0.0768758 
v -0.00294672 0.00796632 -0.0768758 
v -0.00882286 0.00796632 -0.0764247 
v -0.0146472 0.00796632 -0.0755251 
v -0.0203856 0.00796632 -0.0741822 
v -0.0260044 0.00796632 -0.072404 
v -0.0314706 0.00796632 -0.070201 
v -0.0367521 0.00796632 -0.0675859 
v -0.0418179 0.00796632 -0.0645743 
v -0.0466383 0.00796632 -0.0611837 
v -0.051185 0.00796632 -0.057434 
v -0.0554314 0.00796632 -0.0533473 
v -0.0593524 0.00796632 -0.0489476 
v -0.0629252 0.00796632 -0.0442606 
v -0.0661286 0.00796632 -0.0393138 
v -0.0689441 0.00796632 -0.0341364 
v -0.0713549 0.00796632 -0.0287586 
v -0.073347 0.00796632 -0.0232121 
v -0.0749086 0.00796632 -0.0175293 
v -0.0760307 0.00796632 -0.0117437 
v -0.0767065 0.00796632 -0.00588911 
v -0.0769323 0.00796632 -2.0699e-17 
v -0.0767065 0.00796632 0.00588911 
v -0.0760307 0.00796632 0.0117437 
v -0.0749086 0.00796632 0.0175293 
v -0.073347 0.00796632 0.0232121 
v -0.0713549 0.00796632 0.0287586 
v -0.0689441 0.00796632 0.0341364 
v -0.0661286 0.00796632 0.0393138 
v -0.0629252 0.00796632 0.0442606 
v -0.0593524 0.00796632 0.0489476 
v -0.0554314 0.00796632 0.0533473 
v -0.051185 0.00796632 0.057434 
v -0.0466383 0.00796632 0.0611837 
v -0.0418179 0.00796632 0.0645743 
v -0.0367521 0.00796632 0.0675859 
v -0.0314706 0.00796632 0.070201 
v -0.0260044 0.00796632 0.072404 
v -0.0203856 0.00796632 0.0741822 
v -0.0146472 0.00796632 0.0755251 
v -0.00882286 0.00796632 0.0764247 
v -0.00294672 0.00796632 0.0768758 
v 0.00294672 0.00796632 0.0768758 
v 0.00882286 0.00796632 0.0764247 
v 0.0146472 0.00796632 0.0755251 
v 0.0203856 0.00796632 0.0741822 
v 0.0260044 0.00796632 0.072404 
v 0.0314706 0.00796632 0.070201 
v 0.0367521 0.00796632 0.0675859 
v 0.0418179 0.00796632 0.0645743 
v 0.0466383 0.00796632 0.0611837 
v 0.051185 0.00796632 0.057434 
v 0.0554314 0.00796632 0.0533473 
v 0.0593524 0.00796632 0.0489476 
v 0.0629252 0.00796632 0.0442606 
v 0.0661286 0.00796632 0.0393138 
v 0.0689441 0.00796632 0.0341364 
v 0.0713549 0.00796632 0.0287586 
v 0.073347 0.00796632 0.0232121 
v 0.0749086 0.00796632 0.0175293 
v 0.0760307 0.00796632 0.0117437 
v 0.0767065 0.00796632 0.00588911 
v 0.0769323 0.00796632 -4.68427e-18 
v 0.0765195 0.00845492 -0.00587475 
v 0.0758453 0.00845492 -0.011715 
v 0.074726 0.00845492 -0.0174866 
v 0.0731681 0.00845492 -0.0231555 
v 0.0711809 0.00845492 -0.0286885 
v 0.068776 0.00845492 -0.0340532 
v 0.0659674 0.00845492 -0.039218 
v 0.0627718 0.00845492 -0.0441527 
v 0.0592077 0.00845492 -0.0488282 
v 0.0552962 0.00845492 -0.0532173 
v 0.0510602 0.00845492 -0.057294 
v 0.0465246 0.00845492 -0.0610345 
v 0.0417159 0.00845492 -0.0644169 
v 0.0366625 0.00845492 -0.0674212 
v 0.0313939 0.00845492 -0.0700298 
v 0.025941 0.00845492 -0.0722275 
v 0.0203359 0.00845492 -0.0740014 
v 0.0146115 0.00845492 -0.0753409 
v 0.00880135 0.00845492 -0.0762384 
v 0.00293953 0.00845492 -0.0766884 
v -0.00293953 0.00845492 -0.0766884 
v -0.00880135 0.00845492 -0.0762384 
v -0.0146115 0.00845492 -0.0753409 
v -0.0203359 0.00845492 -0.0740014 
v -0.025941 0.00845492 -0.0722275 
v -0.0313939 0.00845492 -0.0700298 
v -0.0366625 0.00845492 -0.0674212 
v -0.0417159 0.00845492 -0.0644169 
v -0.0465246 0.00845492 -0.0610345 
v -0.0510602 0.00845492 -0.057294 
v -0.0552962 0.00845492 -0.0532173 
v -0.0592077 0.00845492 -0.0488282 
v -0.0627718 0.00845492 -0.0441527 
v -0.0659674 0.00845492 -0.039218 
v -0.068776 0.00845492 -0.0340532 
v -0.0711809 0.00845492 -0.0286885 
v -0.0731681 0.00845492 -0.0231555 
v -0.074726 0.00845492 -0.0174866 
v -0.0758453 0.00845492 -0.011715 
v -0.0765195 0.00845492 -0.00587475 
v -0.0767447 0.00845492 -2.066e-17 
v -0.0765195 0.00845492 0.00587475 
v -0.0758453 0.00845492 0.011715 
v -0.074726 0.00845492 0.0174866 
v -0.0731681 0.00845492 0.0231555 
v -0.0711809 0.00845492 0.0286885 
v -0.068776 0.00845492 0.0340532 
v -0.0659674 0.00845492 0.039218 
v -0.0627718 0.00845492 0.0441527 
v -0.0592077 0.00845492 0.0488282 
v -0.0552962 0.00845492 0.0532173 
v -0.0510602 0.00845492 0.057294 
v -0.0465246 0.00845492 0.0610345 
v -0.0417159 0.00845492 0.0644169 
v -0.0366625 0.00845492 0.0674212 
v -0.0313939 0.00845492 0.0700298 
v -0.025941 0.00845492 0.0722275 
v -0.0203359 0.00845492 0.0740014 
v -0.0146115 0.00845492 0.0753409 
v -0.00880135 0.00845492 0.0762384 
v -0.00293953 0.00845492 0.0766884 
v 0.00293953 0.00845492 0.0766884 
v 0.00880135 0.00845492 0.0762384 
v 0.0146115 0.00845492 0.0753409 
v 0.0203359 0.00845492 0.0740014 
v 0.025941 0.00845492 0.0722275 
v 0.0313939 0.00845492 0.0700298 
v 0.0366625 0.00845492 0.0674212 
v 0.0417159 0.00845492 0.0644169 
v 0.0465246 0.00845492 0.0610345 
v 0.0510602 0.00845492 0.057294 
v 0.0552962 0.00845492 0.0532173 
v 0.0592077 0.00845492 0.0488282 
v 0.0627718 0.00845492 0.0441527 
v 0.0659674 0.00845492 0.039218 
v 0.068776 0.00845492 0.0340532 
v 0.0711809 0.00845492 0.0286885 
v 0.0731681 0.00845492 0.0231555 
v 0.074726 0.00845492 0.0174866 
v 0.0758453 0.00845492 0.011715 
v 0.0765195 0.00845492 0.00587475 
v 0.0767447 0.00845492 -4.68427e-18 
v 0.0763845 0.00896044 -0.00586438 
v 0.0757114 0.00896044 -0.0116943 
v 0.0745941 0.00896044 -0.0174557 
v 0.073039 0.00896044 -0.0231146 
v 0.0710553 0.00896044 -0.0286378 
v 0.0686546 0.00896044 -0.033993 
v 0.065851 0.00896044 -0.0391488 
v 0.062661 0.00896044 -0.0440747 
v 0.0591032 0.00896044 -0.0487421 
v 0.0551986 0.00896044 -0.0531234 
v 0.0509701 0.00896044 -0.0571929 
v 0.0464425 0.00896044 -0.0609268 
v 0.0416423 0.00896044 -0.0643032 
v 0.0365978 0.00896044 -0.0673022 
v 0.0313384 0.00896044 -0.0699062 
v 0.0258952 0.00896044 -0.0721 
v 0.0203 0.00896044 -0.0738707 
v 0.0145857 0.00896044 -0.0752079 
v 0.00878581 0.00896044 -0.0761038 
v 0.00293434 0.00896044 -0.076553 
v -0.00293434 0.00896044 -0.076553 
v -0.00878581 0.00896044 -0.0761038 
v -0.0145857 0.00896044 -0.0752079 
v -0.0203 0.00896044 -0.0738707 
v -0.0258952 0.00896044 -0.0721 
v -0.0313384 0.00896044 -0.0699062 
v -0.0365978 0.00896044 -0.0673022 
v -0.0416423 0.00896044 -0.0643032 
v -0.0464425 0.00896044 -0.0609268 
v -0.0509701 0.00896044 -0.0571929 
v -0.0551986 0.00896044 -0.0531234 
v -0.0591032 0.00896044 -0.0487421 
v -0.062661 0.00896044 -0.0440747 
v -0.065851 0.00896044 -0.0391488 
v -0.0686546 0.00896044 -0.033993 
v -0.0710553 0.00896044 -0.0286378 
v -0.073039 0.00896044 -0.0231146 
v -0.0745941 0.00896044 -0.0174557 
v -0.0757114 0.00896044 -0.0116943 
v -0.0763845 0.00896044 -0.00586438 
v -0.0766093 0.00896044 -2.06318e-17 
v -0.0763845 0.00896044 0.00586438 
v -0.0757114 0.00896044 0.0116943 
v -0.0745941 0.00896044 0.0174557 
v -0.073039 0.00896044 0.0231146 
v -0.0710553 0.00896044 0.0286378 
v -0.0686546 0.00896044 0.033993 
v -0.065851 0.00896044 0.0391488 
v -0.062661 0.00896044 0.0440747 
v -0.0591032 0.00896044 0.0487421 
v -0.0551986 0.00896044 0.0531234 
v -0.0509701 0.00896044 0.0571929 
v -0.0464425 0.00896044 0.0609268 
v -0.0416423 0.00896044 0.0643032 
v -0.0365978 0.00896044 0.0673022 
v -0.0313384 0.00896044 0.0699062 
v -0.0258952 0.00896044 0.0721 
v -0.0203 0.00896044 0.0738707 
v -0.0145857 0.00896044 0.0752079 
v -0.00878581 0.00896044 0.0761038 
v -0.00293434 0.00896044 0.076553 
v 0.00293434 0.00896044 0.076553 
v 0.00878581 0.00896044 0.0761038 
v 0.0145857 0.00896044 0.0752079 
v 0.0203 0.00896044 0.0738707 
v 0.0258952 0.00896044 0.0721 
v 0.0313384 0.00896044 0.0699062 
v 0.0365978 0.00896044 0.0673022 
v 0.0416423 0.00896044 0.0643032 
v 0.0464425 0.00896044 0.0609268 
v 0.0509701 0.00896044 0.0571929 
v 0.0551986 0.00896044 0.0531234 
v 0.0591032 0.00896044 0.0487421 
v 0.062661 0.00896044 0.0440747 
v 0.065851 0.00896044 0.0391488 
v 0.0686546 0.00896044 0.033993 
v 0.0710553 0.00896044 0.0286378 
v 0.073039 0.00896044 0.0231146 
v 0.0745941 0.00896044 0.0174557 
v 0.0757114 0.00896044 0.0116943 
v 0.0763845 0.00896044 0.00586438 
v 0.0766093 0.00896044 -4.68427e-18 
v 0.0763028 0.00947736 -0.00585811 
v 0.0756305 0.00947736 -0.0116819 
v 0.0745144 0.00947736 -0.017437 
v 0.0729609 0.00947736 -0.0230899 
v 0.0709793 0.00947736 -0.0286072 
v 0.0685812 0.00947736 -0.0339567 
v 0.0657806 0.00947736 -0.0391069 
v 0.062594 0.00947736 -0.0440276 
v 0.0590401 0.00947736 -0.04869 
v 0.0551396 0.00947736 -0.0530666 
v 0.0509156 0.00947736 -0.0571318 
v 0.0463928 0.00947736 -0.0608617 
v 0.0415978 0.00947736 -0.0642344 
v 0.0365587 0.00947736 -0.0672303 
v 0.031305 0.00947736 -0.0698315 
v 0.0258675 0.00947736 -0.072023 
v 0.0202783 0.00947736 -0.0737918 
v 0.0145701 0.00947736 -0.0751276 
v 0.00877642 0.00947736 -0.0760225 
v 0.00293121 0.00947736 -0.0764712 
v -0.00293121 0.00947736 -0.0764712 
v -0.00877642 0.00947736 -0.0760225 
v -0.0145701 0.00947736 -0.0751276 
v -0.0202783 0.00947736 -0.0737918 
v -0.0258675 0.00947736 -0.072023 
v -0.031305 0.00947736 -0.0698315 
v -0.0365587 0.00947736 -0.0672303 
v -0.0415978 0.00947736 -0.0642344 
v -0.0463928 0.00947736 -0.0608617 
v -0.0509156 0.00947736 -0.0571318 
v -0.0551396 0.00947736 -0.0530666 
v -0.0590401 0.00947736 -0.04869 
v -0.062594 0.00947736 -0.0440276 
v -0.0657806 0.00947736 -0.0391069 
v -0.0685812 0.00947736 -0.0339567 
v -0.0709793 0.00947736 -0.0286072 
v -0.0729609 0.00947736 -0.0230899 
v -0.0745144 0.00947736 -0.017437 
v -0.0756305 0.00947736 -0.0116819 
v -0.0763028 0.00947736 -0.00585811 
v -0.0765274 0.00947736 -2.06147e-17 
v -0.0763028 0.00947736 0.00585811 
v -0.0756305 0.00947736 0.0116819 
v -0.0745144 0.00947736 0.017437 
v -0.0729609 0.00947736 0.0230899 
v -0.0709793 0.00947736 0.0286072 
v -0.0685812 0.00947736 0.0339567 
v -0.0657806 0.00947736 0.0391069 
v -0.062594 0.00947736 0.0440276 
v -0.0590401 0.00947736 0.04869 
v -0.0551396 0.00947736 0.0530666 
v -0.0509156 0.00947736 0.0571318 
v -0.0463928 0.00947736 0.0608617 
v -0.0415978 0.00947736 0.0642344 
v -0.0365587 0.00947736 0.0672303 
v -0.031305 0.00947736 0.0698315 
v -0.0258675 0.00947736 0.072023 
v -0.0202783 0.00947736 0.0737918 
v -0.0145701 0.00947736 0.0751276 
v -0.00877642 0.00947736 0.0760225 
v -0.00293121 0.00947736 0.0764712 
v 0.00293121 0.00947736 0.0764712 
v 0.00877642 0.00947736 0.0760225 
v 0.0145701 0.00947736 0.0751276 
v 0.0202783 0.00947736 0.0737918 
v 0.0258675 0.00947736 0.072023 
v 0.031305 0.00947736 0.0698315 
v 0.0365587 0.00947736 0.0672303 
v 0.0415978 0.00947736 0.0642344 
v 0.0463928 0.00947736 0.0608617 
v 0.0509156 0.00947736 0.0571318 
v 0.0551396 0.00947736 0.0530666 
v 0.0590401 0.00947736 0.04869 
v 0.062594 0.00947736 0.0440276 
v 0.0657806 0.00947736 0.0391069 
v 0.0685812 0.00947736 0.0339567 
v 0.0709793 0.00947736 0.0286072 
v 0.0729609 0.00947736 0.0230899 
v 0.0745144 0.00947736 0.017437 
v 0.0756305 0.00947736 0.0116819 
v 0.0763028 0.00947736 0.00585811 
v 0.0765274 0.00947736 -4.68427e-18 
v -0.0740997 0 0.00738254 
v -0.0740633 0 0.00805487 
v -0.0745 0 -4.56181e-18 
v -0.0740997 0 -0.00738254 
v -0.0727582 0.005 -0.0160153 
v -0.0706002 0.005 -0.023788 
v -0.0676144 0.005 -0.0312817 
v -0.0638359 0.005 -0.0384088 
v -0.0593089 0.005 -0.0450855 
v -0.0540867 0.005 -0.0512336 
v -0.0482303 0.005 -0.0567811 
v -0.0418084 0.005 -0.0616628 
v -0.0348964 0.005 -0.0658216 
v -0.0275753 0.005 -0.0692088 
v -0.0199309 0.005 -0.0717845 
v -0.0120528 0.005 -0.0735186 
v -0.00403335 0.005 -0.0743907 
v 0.00403335 0.005 -0.0743907 
v 0.0120528 0.005 -0.0735186 
v 0.0199309 0.005 -0.0717845 
v 0.0275753 0.005 -0.0692088 
v 0.0348964 0.005 -0.0658216 
v 0.0418084 0.005 -0.0616628 
v 0.0482303 0.005 -0.0567811 
v 0.0540867 0.005 -0.0512336 
v 0.0593089 0.005 -0.0450855 
v 0.0638359 0.005 -0.0384088 
v 0.0676144 0.005 -0.0312817 
v 0.0706002 0.005 -0.023788 
v 0.0727582 0.005 -0.0160153 
v 0.0740633 0.005 -0.00805487 
v 0.0745 0.005 -1.36854e-17 
v 0.0740633 0.005 0.00805487 
v 0.0727582 0.005 0.0160153 
v 0.0706002 0.005 0.023788 
v 0.0676144 0.005 0.0312817 
v 0.0638359 0.005 0.0384088 
v 0.0593089 0.005 0.0450855 
v 0.0540867 0.005 0.0512336 
v 0.0482303 0.005 0.0567811 
v 0.0418084 0.005 0.0616628 
v 0.0348964 0.005 0.0658216 
v 0.0275753 0.005 0.0692088 
v 0.0199309 0.005 0.0717845 
v 0.0120528 0.005 0.0735186 
v 0.00403335 0.005 0.0743907 
v -0.00403335 0.005 0.0743907 
v -0.0120528 0.005 0.0735186 
v -0.0199309 0.005 0.0717845 
v -0.0275753 0.005 0.0692088 
v -0.0348964 0.005 0.0658216 
v -0.0418084 0.005 0.0616628 
v -0.0482303 0.005 0.0567811 
v -0.0540867 0.005 0.0512336 
v -0.0593089 0.005 0.0450855 
v -0.0638359 0.005 0.0384088 
v -0.0676144 0.005 0.0312817 
v -0.0706002 0.005 0.023788 
v -0.0727582 0.005 0.0160153 
v -0.0736971 0.005 0.0109079 
v -0.0736971 0.005 -0.0109079 
v -0.0740633 0 -0.00805487 
v -0.0736971 0 -0.0109079 
v -0.0736971 0 0.0109079 
v -0.0736548 0 0.0111167 
v -0.0735904 0 0.0113197 
v -0.0736548 0.005 0.0111167 
v -0.0735049 0 0.0115148 
v -0.0735904 0.005 0.0113197 
v -0.073399 0 0.0116997 
v -0.0735049 0.005 0.0115148 
v -0.0732742 0 0.0118723 
v -0.073399 0.005 0.0116997 
v -0.0731316 0 0.0120306 
v -0.0732742 0.005 0.0118723 
v -0.0729731 0 0.0121728 
v -0.0731316 0.005 0.0120306 
v -0.0728003 0 0.0122974 
v -0.0729731 0.005 0.0121728 
v -0.0726152 0 0.0124029 
v -0.0728003 0.005 0.0122974 
v -0.07242 0 0.0124881 
v -0.0726152 0.005 0.0124029 
v -0.0722168 0 0.0125521 
v -0.07242 0.005 0.0124881 
v -0.072008 0 0.0125941 
v -0.0722168 0.005 0.0125521 
v -0.0717958 0 0.0126136 
v -0.072008 0.005 0.0125941 
v -0.0715828 0 0.0126105 
v -0.0717958 0.005 0.0126136 
v -0.0713714 0 0.0125847 
v -0.0715828 0.005 0.0126105 
v -0.0713714 0.005 0.0125847 
v -0.0679232 0.005 0.0119767 
v -0.0679232 0 0.0119767 
v -0.0677229 0 0.0119307 
v -0.0675284 0 0.0118643 
v -0.0677229 0.005 0.0119307 
v -0.0673418 0 0.0117784 
v -0.0675284 0.005 0.0118643 
v -0.0671649 0 0.0116737 
v -0.0673418 0.005 0.0117784 
v -0.0669998 0 0.0115515 
v -0.0671649 0.005 0.0116737 
v -0.066848 0 0.011413 
v -0.0669998 0.005 0.0115515 
v -0.0667113 0 0.0112596 
v -0.066848 0.005 0.011413 
v -0.066591 0 0.011093 
v -0.0667113 0.005 0.0112596 
v -0.0664884 0 0.0109149 
v -0.066591 0.005 0.011093 
v -0.0664047 0 0.0107273 
v -0.0664884 0.005 0.0109149 
v -0.0663406 0 0.0105321 
v -0.0664047 0.005 0.0107273 
v -0.0662969 0 0.0103313 
v -0.0663406 0.005 0.0105321 
v -0.0662741 0 0.0101271 
v -0.0662969 0.005 0.0103313 
v -0.0662723 0 0.00992159 
v -0.0662741 0.005 0.0101271 
v -0.0662916 0 0.00971701 
v -0.0662723 0.005 0.00992159 
v -0.0662916 0.005 0.00971701 
v -0.0715828 0 -0.0126105 
v -0.0713714 0 -0.0125847 
v -0.0713714 0.005 -0.0125847 
v -0.0717958 0 -0.0126136 
v -0.0715828 0.005 -0.0126105 
v -0.072008 0 -0.0125941 
v -0.0717958 0.005 -0.0126136 
v -0.0722168 0 -0.0125521 
v -0.072008 0.005 -0.0125941 
v -0.07242 0 -0.0124881 
v -0.0722168 0.005 -0.0125521 
v -0.0726152 0 -0.0124029 
v -0.07242 0.005 -0.0124881 
v -0.0728003 0 -0.0122974 
v -0.0726152 0.005 -0.0124029 
v -0.0729731 0 -0.0121728 
v -0.0728003 0.005 -0.0122974 
v -0.0731316 0 -0.0120306 
v -0.0729731 0.005 -0.0121728 
v -0.0732742 0 -0.0118723 
v -0.0731316 0.005 -0.0120306 
v -0.073399 0 -0.0116997 
v -0.0732742 0.005 -0.0118723 
v -0.0735049 0 -0.0115148 
v -0.073399 0.005 -0.0116997 
v -0.0735904 0 -0.0113197 
v -0.0735049 0.005 -0.0115148 
v -0.0736548 0 -0.0111167 
v -0.0735904 0.005 -0.0113197 
v -0.0736548 0.005 -0.0111167 
v -0.0679232 0 -0.0119767 
v -0.0679232 0.005 -0.0119767 
v -0.0662723 0 -0.00992159 
v -0.0662916 0 -0.00971701 
v -0.0662916 0.005 -0.00971701 
v -0.0662741 0 -0.0101271 
v -0.0662723 0.005 -0.00992159 
v -0.0662969 0 -0.0103313 
v -0.0662741 0.005 -0.0101271 
v -0.0663406 0 -0.0105321 
v -0.0662969 0.005 -0.0103313 
v -0.0664047 0 -0.0107273 
v -0.0663406 0.005 -0.0105321 
v -0.0664884 0 -0.0109149 
v -0.0664047 0.005 -0.0107273 
v -0.066591 0 -0.011093 
v -0.0664884 0.005 -0.0109149 
v -0.0667113 0 -0.0112596 
v -0.066591 0.005 -0.011093 
v -0.066848 0 -0.011413 
v -0.0667113 0.005 -0.0112596 
v -0.0669998 0 -0.0115515 
v -0.066848 0.005 -0.011413 
v -0.0671649 0 -0.0116737 
v -0.0669998 0.005 -0.0115515 
v -0.0673418 0 -0.0117784 
v -0.0671649 0.005 -0.0116737 
v -0.0675284 0 -0.0118643 
v -0.0673418 0.005 -0.0117784 
v -0.0677229 0 -0.0119307 
v -0.0675284 0.005 -0.0118643 
v -0.0677229 0.005 -0.0119307 
v -0.06459 0.005 0.0178081 
v -0.0661291 0.005 0.0107679 
v -0.06459 0.005 -0.0178081 
v 0.0658897 0.005 -0.012147 
v 0.0642039 0.005 -0.0191535 
v 0.0617754 0.005 -0.0259384 
v 0.0668132 0.005 -0.005 
v -0.0661291 0.005 -0.0107679 
v -0.0285917 0.005 0.060593 
v -0.0349342 0.005 0.0571717 
v -0.0219185 0.005 0.0633134 
v 0.0273197 0.005 0.0611771 
v 0.0205911 0.005 0.0637574 
v 0.0337323 0.005 0.057889 
v 0.0586322 0.005 -0.0324232 
v 0.0548107 0.005 -0.0385329 
v 0.0503551 0.005 -0.0441968 
v 0.045317 0.005 -0.0493495 
v 0.0397546 0.005 -0.0539312 
v 0.0337323 0.005 -0.057889 
v 0.0273197 0.005 -0.0611771 
v -0.046338 0.005 0.048392 
v -0.0512674 0.005 0.0431353 
v -0.0408725 0.005 0.053089 
v 0.0136243 0.005 0.0656001 
v 0.0397546 0.005 0.0539312 
v 0.045317 0.005 0.0493495 
v 0.0205911 0.005 -0.0637574 
v 0.0136243 0.005 -0.0656001 
v 0.00649981 0.005 -0.066684 
v -0.000699839 0.005 -0.0669963 
v -0.0592967 0.005 0.0311913 
v -0.0623038 0.005 0.0246422 
v -0.0556037 0.005 0.0373795 
v -0.0149916 0.005 0.0653012 
v -0.00789139 0.005 0.0665336 
v 0.00649981 0.005 0.066684 
v -0.000699839 0.005 0.0669963 
v 0.0503551 0.005 0.0441968 
v 0.0548107 0.005 0.0385329 
v 0.0617754 0.005 0.0259384 
v 0.0586322 0.005 0.0324232 
v 0.0642039 0.005 0.0191535 
v -0.0219185 0.005 -0.0633134 
v -0.0285917 0.005 -0.060593 
v -0.0349342 0.005 -0.0571717 
v -0.0408725 0.005 -0.053089 
v -0.0512674 0.005 -0.0431353 
v -0.0556037 0.005 -0.0373795 
v 0.0668132 0.005 0.005 
v 0.0658897 0.005 0.012147 
v -0.00789139 0.005 -0.0665336 
v -0.0149916 0.005 -0.0653012 
v -0.046338 0.005 -0.048392 
v -0.0592967 0.005 -0.0311913 
v -0.0623038 0.005 -0.0246422 
v 0.064 0.005 -1.17566e-17 
v 0.0638044 0.005 0.005 
v 0.0638044 0.005 -0.005 
v -0.066903 0 0.00360321 
v -0.066903 0.014 0.00360321 
v -0.066903 0.014 -0.00360321 
v -0.06459 0.014 0.0178081 
v -0.0661291 0.014 0.0107679 
v -0.0623038 0.014 0.0246422 
v -0.0592967 0.014 0.0311913 
v -0.0556037 0.014 0.0373795 
v -0.0512674 0.014 0.0431353 
v -0.046338 0.014 0.048392 
v -0.0408725 0.014 0.053089 
v -0.0349342 0.014 0.0571717 
v -0.0285917 0.014 0.060593 
v -0.0219185 0.014 0.0633134 
v -0.0149916 0.014 0.0653012 
v -0.00789139 0.014 0.0665336 
v -0.000699839 0.014 0.0669963 
v 0.00649981 0.014 0.066684 
v 0.0136243 0.014 0.0656001 
v 0.0205911 0.014 0.0637574 
v 0.0273197 0.014 0.0611771 
v 0.0337323 0.014 0.057889 
v 0.0397546 0.014 0.0539312 
v 0.045317 0.014 0.0493495 
v 0.0503551 0.014 0.0441968 
v 0.0548107 0.014 0.0385329 
v 0.0586322 0.014 0.0324232 
v 0.0617754 0.014 0.0259384 
v 0.0642039 0.014 0.0191535 
v 0.0658897 0.014 0.012147 
v 0.0668132 0.014 0.005 
v 0.0658897 0.014 -0.012147 
v 0.0668132 0.014 -0.005 
v 0.0642039 0.014 -0.0191535 
v 0.0617754 0.014 -0.0259384 
v 0.0586322 0.014 -0.0324232 
v 0.0548107 0.014 -0.0385329 
v 0.0503551 0.014 -0.0441968 
v 0.045317 0.014 -0.0493495 
v 0.0397546 0.014 -0.0539312 
v 0.0337323 0.014 -0.057889 
v 0.0273197 0.014 -0.0611771 
v 0.0205911 0.014 -0.0637574 
v 0.0136243 0.014 -0.0656001 
v 0.00649981 0.014 -0.066684 
v -0.000699839 0.014 -0.0669963 
v -0.00789139 0.014 -0.0665336 
v -0.0149916 0.014 -0.0653012 
v -0.0219185 0.014 -0.0633134 
v -0.0285917 0.014 -0.060593 
v -0.0349342 0.014 -0.0571717 
v -0.0408725 0.014 -0.053089 
v -0.046338 0.014 -0.048392 
v -0.0512674 0.014 -0.0431353 
v -0.0556037 0.014 -0.0373795 
v -0.0592967 0.014 -0.0311913 
v -0.0623038 0.014 -0.0246422 
v -0.06459 0.014 -0.0178081 
v -0.0661291 0.014 -0.0107679 
v -0.0665251 0 -0.00738254 
v -0.0665251 0 0.00738254 
v -0.066903 0 -0.00360321 
v -0.0144163 0.014 0.0623552 
v -0.00764365 0.014 0.0635419 
v -0.000782734 0.014 0.0639952 
v 0.00608722 0.014 0.0637099 
v -0.0595242 0.014 0.0235132 
v -0.0566582 0.014 0.0297633 
v -0.0490048 0.014 0.0411647 
v -0.0443058 0.014 0.0461844 
v -0.0273863 0.014 0.0578445 
v -0.0210226 0.014 0.0604487 
v 0.0195379 0.014 0.0609448 
v 0.0259633 0.014 0.0584971 
v 0.0628998 0.014 -0.0118161 
v 0.0638044 0.014 -0.005 
v 0.0612691 0.014 -0.0184958 
v 0.0559132 0.014 -0.0311402 
v 0.0589313 0.014 -0.0249621 
v 0.0522498 0.014 -0.0369589 
v -0.0617032 0.014 0.0169917 
v -0.0531381 0.014 0.0356698 
v 0.0128869 0.014 0.0626891 
v 0.043163 0.014 0.0472542 
v 0.0479833 0.014 0.0423509 
v 0.0559132 0.014 0.0311402 
v 0.0589313 0.014 0.0249621 
v 0.0479833 0.014 -0.0423509 
v 0.043163 0.014 -0.0472542 
v 0.0378444 0.014 -0.051612 
v 0.032089 0.014 -0.0553741 
v 0.0259633 0.014 -0.0584971 
v -0.0334338 0.014 -0.0545727 
v -0.0273863 0.014 -0.0578445 
v -0.0390954 0.014 -0.050671 
v -0.0490048 0.014 -0.0411647 
v -0.0443058 0.014 -0.0461844 
v -0.0531381 0.014 -0.0356698 
v -0.0566582 0.014 -0.0297633 
v -0.0595242 0.014 -0.0235132 
v -0.0390954 0.014 0.050671 
v -0.0334338 0.014 0.0545727 
v 0.032089 0.014 0.0553741 
v 0.0378444 0.014 0.051612 
v 0.0522498 0.014 0.0369589 
v 0.0612691 0.014 0.0184958 
v 0.0128869 0.014 -0.0626891 
v 0.0195379 0.014 -0.0609448 
v 0.00608722 0.014 -0.0637099 
v -0.000782734 0.014 -0.0639952 
v -0.00764365 0.014 -0.0635419 
v -0.0210226 0.014 -0.0604487 
v -0.0144163 0.014 -0.0623552 
v -0.0617032 0.014 -0.0169917 
v -0.0631699 0.014 -0.0102741 
v -0.0639076 0.014 -0.00343794 
v -0.0639076 0.014 0.00343794 
v 0.0628998 0.014 0.0118161 
v 0.0638044 0.014 0.005 
v -0.0631699 0.014 0.0102741 
v 0.0639664 0.0129732 0.005 
v 0.0639645 0.0129738 0.005 
v 0.0640983 0.0129052 0.005 
v 0.0640628 0.0129282 0.005 
v 0.0641148 0.0128927 0.005 
v 0.0641078 0.012898 0.005 
v 0.0642164 0.0127851 0.005 
v 0.0641866 0.0128237 0.005 
v 0.0639513 0.0129781 0.005 
v 0.0642279 0.0127678 0.005 
v 0.0642526 0.0127243 0.005 
v 0.0642471 0.012734 0.005 
v 0.0639035 0.0129901 0.005 
v 0.0638586 0.0129969 0.005 
v 0.0640131 0.0129547 0.005 
v 0.064057 0.0129319 0.005 
v 0.0641526 0.0128598 0.005 
v 0.0642879 0.0126329 0.005 
v 0.0642876 0.0126338 0.005 
v 0.0641864 0.0128239 0.005 
v 0.064293 0.0126128 0.005 
v 0.0643018 0.0125637 0.005 
v 0.0642987 0.0125808 0.005 
v 0.0640236 0.0120503 0.005 
v 0.0640412 0.0120592 0.005 
v 0.0638816 0.012006 0.005 
v 0.0639121 0.0120122 0.005 
v 0.0638619 0.0120033 0.005 
v 0.0638044 0.012 0.005 
v 0.0638126 0.0120001 0.005 
v 0.0638546 0.0129975 0.005 
v 0.0643029 0.0124454 0.005 
v 0.0643047 0.0124658 0.005 
v 0.064295 0.0123961 0.005 
v 0.0642987 0.0124192 0.005 
v 0.0642569 0.0122845 0.005 
v 0.0642652 0.0123028 0.005 
v 0.0642331 0.0122405 0.005 
v 0.064247 0.0122661 0.005 
v 0.064174 0.012162 0.005 
v 0.0641862 0.0121767 0.005 
v 0.0640626 0.0120721 0.005 
v 0.0639772 0.0120306 0.005 
v 0.0640148 0.0120466 0.005 
v 0.0638586 0.0120031 0.005 
v 0.0642725 0.0126793 0.005 
v 0.0643057 0.0125147 0.005 
v 0.0643047 0.012527 0.005 
v 0.0642698 0.0123151 0.005 
v 0.0641603 0.0121477 0.005 
v 0.0641231 0.012114 0.005 
v 0.0641489 0.0121374 0.005 
v 0.0640834 0.0120845 0.005 
v 0.0641076 0.0121024 0.005 
v 0.0639299 0.0120159 0.005 
v 0.0639644 0.0120266 0.005 
v 0.0642824 0.0123486 0.005 
v 0.0642871 0.0123664 0.005 
v 0.0642054 0.0121997 0.005 
v 0.064219 0.0122197 0.005 
v 0.0638044 0.013 0.005 
v 0.0641864 0.0128239 -0.005 
v 0.0641866 0.0128237 -0.005 
v 0.0640983 0.0129052 -0.005 
v 0.0641078 0.012898 -0.005 
v 0.064057 0.0129319 -0.005 
v 0.0640628 0.0129282 -0.005 
v 0.0639513 0.0129781 -0.005 
v 0.0639645 0.0129738 -0.005 
v 0.0642279 0.0127678 -0.005 
v 0.0642471 0.012734 -0.005 
v 0.0642164 0.0127851 -0.005 
v 0.0639035 0.0129901 -0.005 
v 0.0639299 0.0120159 -0.005 
v 0.0639121 0.0120122 -0.005 
v 0.0642725 0.0126793 -0.005 
v 0.0642876 0.0126338 -0.005 
v 0.0641148 0.0128927 -0.005 
v 0.0640131 0.0129547 -0.005 
v 0.0639664 0.0129732 -0.005 
v 0.0638546 0.0129975 -0.005 
v 0.0638586 0.0129969 -0.005 
v 0.0638619 0.0120033 -0.005 
v 0.0638586 0.0120031 -0.005 
v 0.0640834 0.0120845 -0.005 
v 0.0640626 0.0120721 -0.005 
v 0.0642824 0.0123486 -0.005 
v 0.064293 0.0126128 -0.005 
v 0.0642987 0.0125808 -0.005 
v 0.0642879 0.0126329 -0.005 
v 0.0641526 0.0128598 -0.005 
v 0.0638126 0.0120001 -0.005 
v 0.0638816 0.012006 -0.005 
v 0.0640236 0.0120503 -0.005 
v 0.0640148 0.0120466 -0.005 
v 0.0640412 0.0120592 -0.005 
v 0.0642054 0.0121997 -0.005 
v 0.0641862 0.0121767 -0.005 
v 0.0642698 0.0123151 -0.005 
v 0.0643029 0.0124454 -0.005 
v 0.0642987 0.0124192 -0.005 
v 0.0643057 0.0125147 -0.005 
v 0.0643047 0.0124658 -0.005 
v 0.0638044 0.013 -0.005 
v 0.0639772 0.0120306 -0.005 
v 0.0639644 0.0120266 -0.005 
v 0.0641231 0.012114 -0.005 
v 0.0641076 0.0121024 -0.005 
v 0.0641603 0.0121477 -0.005 
v 0.0641489 0.0121374 -0.005 
v 0.064174 0.012162 -0.005 
v 0.0642569 0.0122845 -0.005 
v 0.064247 0.0122661 -0.005 
v 0.0642652 0.0123028 -0.005 
v 0.0643018 0.0125637 -0.005 
v 0.0643047 0.012527 -0.005 
v 0.0642526 0.0127243 -0.005 
v 0.0642331 0.0122405 -0.005 
v 0.064219 0.0122197 -0.005 
v 0.064295 0.0123961 -0.005 
v 0.0642871 0.0123664 -0.005 
v 0.0638044 0.012 -0.005 
v 0.062849 0.013 -0.0118074 
v 0.0634849 0.013 -0.0081035 
v 0.0612541 0.013 -0.0184919 
v 0.0625525 0.013 -0.0135348 
v 0.0593066 0.013 -0.0240569 
v 0.0611562 0.013 -0.0188658 
v 0.0588997 0.013 -0.0249476 
v 0.0570172 0.013 -0.0290696 
v 0.0558627 0.013 -0.0311116 
v 0.0522068 0.013 -0.0369294 
v 0.0543051 0.013 -0.0338668 
v 0.04797 0.013 -0.0423401 
v 0.0511903 0.013 -0.0384129 
v 0.0438482 0.013 -0.0466191 
v 0.0476961 0.013 -0.0426742 
v 0.0431411 0.013 -0.0472289 
v 0.0396752 0.013 -0.0502183 
v 0.0378106 0.013 -0.0515652 
v 0.0320619 0.013 -0.0553288 
v 0.035208 0.013 -0.0534453 
v 0.0259551 0.013 -0.0584802 
v 0.0304798 0.013 -0.0562759 
v 0.0203822 0.013 -0.0606677 
v 0.0255256 0.013 -0.0586894 
v 0.019529 0.013 -0.060914 
v 0.0150876 0.013 -0.0621962 
v 0.0128758 0.013 -0.0626328 
v 0.00608141 0.013 -0.0636567 
v 0.00968123 0.013 -0.0632635 
v -0.000783196 0.013 -0.0639748 
v 0.00420303 0.013 -0.0638618 
v -0.006806 0.013 -0.0636371 
v -0.00130632 0.013 -0.0639867 
v -0.00763907 0.013 -0.0635115 
v -0.0122552 0.013 -0.0628157 
v -0.014403 0.013 -0.0622998 
v -0.0210055 0.013 -0.0603974 
v -0.0176136 0.013 -0.0615286 
v -0.0273776 0.013 -0.0578244 
v -0.0228413 0.013 -0.0597852 
v -0.0327513 0.013 -0.054985 
v -0.0278997 0.013 -0.0575987 
v -0.0334177 0.013 -0.0545481 
v -0.03736 0.013 -0.0519637 
v -0.0390605 0.013 -0.0506265 
v -0.0442685 0.013 -0.0461445 
v -0.0416917 0.013 -0.0485572 
v -0.0489873 0.013 -0.0411489 
v -0.0457144 0.013 -0.0447906 
v -0.0527155 0.013 -0.0362916 
v -0.049398 0.013 -0.0406919 
v -0.0531145 0.013 -0.035655 
v -0.0556421 0.013 -0.0316221 
v -0.0566082 0.013 -0.0297377 
v -0.0594731 0.013 -0.0234924 
v -0.0581561 0.013 -0.0267182 
v -0.0616793 0.013 -0.0169843 
v -0.060239 0.013 -0.0216163 
v -0.0630527 0.013 -0.0109705 
v -0.0618752 0.013 -0.016354 
v -0.0631437 0.013 -0.0102707 
v -0.0637627 0.013 -0.00550566 
v -0.063852 0.013 -0.00343554 
v -0.063852 0.013 0.00343554 
v -0.064 0.013 2.0584e-17 
v -0.0631437 0.013 0.0102707 
v -0.0637627 0.013 0.00550566 
v -0.0618752 0.013 0.016354 
v -0.0630527 0.013 0.0109705 
v -0.0616793 0.013 0.0169843 
v -0.060239 0.013 0.0216163 
v -0.0594731 0.013 0.0234924 
v -0.0581561 0.013 0.0267182 
v -0.0566082 0.013 0.0297377 
v -0.0531145 0.013 0.035655 
v -0.0556421 0.013 0.0316221 
v -0.049398 0.013 0.0406919 
v -0.0527155 0.013 0.0362916 
v -0.0489873 0.013 0.0411489 
v -0.0457144 0.013 0.0447906 
v -0.0442685 0.013 0.0461445 
v -0.0416917 0.013 0.0485572 
v -0.0390605 0.013 0.0506265 
v -0.0334177 0.013 0.0545481 
v -0.03736 0.013 0.0519637 
v -0.0278997 0.013 0.0575987 
v -0.0327513 0.013 0.054985 
v -0.0273776 0.013 0.0578244 
v -0.0228413 0.013 0.0597852 
v -0.0210055 0.013 0.0603974 
v -0.0176136 0.013 0.0615286 
v -0.014403 0.013 0.0622998 
v -0.00763907 0.013 0.0635115 
v -0.0122552 0.013 0.0628157 
v -0.00130632 0.013 0.0639867 
v -0.006806 0.013 0.0636371 
v -0.000783196 0.013 0.0639748 
v 0.00420303 0.013 0.0638618 
v 0.00608141 0.013 0.0636567 
v 0.00968123 0.013 0.0632635 
v 0.0128758 0.013 0.0626328 
v 0.019529 0.013 0.060914 
v 0.0150876 0.013 0.0621962 
v 0.0255256 0.013 0.0586894 
v 0.0203822 0.013 0.0606677 
v 0.0259551 0.013 0.0584802 
v 0.0304798 0.013 0.0562759 
v 0.0320619 0.013 0.0553288 
v 0.035208 0.013 0.0534453 
v 0.0378106 0.013 0.0515652 
v 0.0431411 0.013 0.0472289 
v 0.0396752 0.013 0.0502183 
v 0.0476961 0.013 0.0426742 
v 0.0438482 0.013 0.0466191 
v 0.04797 0.013 0.0423401 
v 0.0511903 0.013 0.0384129 
v 0.0522068 0.013 0.0369294 
v 0.0543051 0.013 0.0338668 
v 0.0558627 0.013 0.0311116 
v 0.0588997 0.013 0.0249476 
v 0.0570172 0.013 0.0290696 
v 0.0611562 0.013 0.0188658 
v 0.0593066 0.013 0.0240569 
v 0.0612541 0.013 0.0184919 
v 0.0625525 0.013 0.0135348 
v 0.062849 0.013 0.0118074 
v 0.0634849 0.013 0.0081035 
v 0.0625525 0.012 -0.0135348 
v 0.0611562 0.012 -0.0188658 
v 0.0624946 0.012 -0.0137557 
v 0.0593066 0.012 -0.0240569 
v 0.0606029 0.012 -0.0204186 
v 0.0580315 0.012 -0.0268486 
v 0.0570172 0.012 -0.0290696 
v 0.0548077 0.012 -0.0329778 
v 0.0543051 0.012 -0.0338668 
v 0.0511903 0.012 -0.0384129 
v 0.0476961 0.012 -0.0426742 
v 0.0509376 0.012 -0.038721 
v 0.0438482 0.012 -0.0466191 
v 0.0464261 0.012 -0.0439761 
v 0.0413952 0.012 -0.0487348 
v 0.0396752 0.012 -0.0502183 
v 0.0358978 0.012 -0.052947 
v 0.035208 0.012 -0.0534453 
v 0.0304798 0.012 -0.0562759 
v 0.0255256 0.012 -0.0586894 
v 0.0299685 0.012 -0.056525 
v 0.0203822 0.012 -0.0606677 
v 0.0236692 0.012 -0.0594034 
v 0.0171063 0.012 -0.0616134 
v 0.0150876 0.012 -0.0621962 
v 0.0103491 0.012 -0.0631317 
v 0.00968123 0.012 -0.0632635 
v 0.00420303 0.012 -0.0638618 
v -0.00130632 0.012 -0.0639867 
v 0.00346427 0.012 -0.0638786 
v -0.006806 0.012 -0.0636371 
v -0.0034613 0.012 -0.0638497 
v -0.010346 0.012 -0.0631035 
v -0.0122552 0.012 -0.0628157 
v -0.0171172 0.012 -0.0616478 
v -0.0176136 0.012 -0.0615286 
v -0.0228413 0.012 -0.0597852 
v -0.0278997 0.012 -0.0575987 
v -0.0236759 0.012 -0.0594245 
v -0.0327513 0.012 -0.054985 
v -0.0299507 0.012 -0.0564938 
v -0.0358877 0.012 -0.0529289 
v -0.03736 0.012 -0.0519637 
v -0.0414242 0.012 -0.0487676 
v -0.0416917 0.012 -0.0485572 
v -0.0457144 0.012 -0.0447906 
v -0.049398 0.012 -0.0406919 
v -0.0464359 0.012 -0.0439878 
v -0.0527155 0.012 -0.0362916 
v -0.050903 0.012 -0.0386957 
v -0.0547976 0.012 -0.0329696 
v -0.0556421 0.012 -0.0316221 
v -0.0580785 0.012 -0.0268697 
v -0.0581561 0.012 -0.0267182 
v -0.060239 0.012 -0.0216163 
v -0.0618752 0.012 -0.016354 
v -0.0606101 0.012 -0.0204229 
v -0.0630527 0.012 -0.0109705 
v -0.0624458 0.012 -0.0137454 
v -0.0635798 0.012 -0.00691377 
v -0.0637627 0.012 -0.00550566 
v -0.064 0.012 2.0584e-17 
v -0.0637627 0.012 0.00550566 
v -0.0630527 0.012 0.0109705 
v -0.0635798 0.012 0.00691377 
v -0.0624458 0.012 0.0137454 
v -0.0618752 0.012 0.016354 
v -0.0606101 0.012 0.0204229 
v -0.060239 0.012 0.0216163 
v -0.0581561 0.012 0.0267182 
v -0.0556421 0.012 0.0316221 
v -0.0580785 0.012 0.0268697 
v -0.0527155 0.012 0.0362916 
v -0.0547976 0.012 0.0329696 
v -0.050903 0.012 0.0386957 
v -0.049398 0.012 0.0406919 
v -0.0464359 0.012 0.0439878 
v -0.0457144 0.012 0.0447906 
v -0.0416917 0.012 0.0485572 
v -0.03736 0.012 0.0519637 
v -0.0414242 0.012 0.0487676 
v -0.0327513 0.012 0.054985 
v -0.0358877 0.012 0.0529289 
v -0.0299507 0.012 0.0564938 
v -0.0278997 0.012 0.0575987 
v -0.0236759 0.012 0.0594245 
v -0.0228413 0.012 0.0597852 
v -0.0176136 0.012 0.0615286 
v -0.0122552 0.012 0.0628157 
v -0.0171172 0.012 0.0616478 
v -0.006806 0.012 0.0636371 
v -0.010346 0.012 0.0631035 
v -0.0034613 0.012 0.0638497 
v -0.00130632 0.012 0.0639867 
v 0.00346427 0.012 0.0638786 
v 0.00420303 0.012 0.0638618 
v 0.00968123 0.012 0.0632635 
v 0.0150876 0.012 0.0621962 
v 0.0103491 0.012 0.0631317 
v 0.0203822 0.012 0.0606677 
v 0.0171063 0.012 0.0616134 
v 0.0236692 0.012 0.0594034 
v 0.0255256 0.012 0.0586894 
v 0.0299685 0.012 0.056525 
v 0.0304798 0.012 0.0562759 
v 0.035208 0.012 0.0534453 
v 0.0396752 0.012 0.0502183 
v 0.0358978 0.012 0.052947 
v 0.0438482 0.012 0.0466191 
v 0.0413952 0.012 0.0487348 
v 0.0464261 0.012 0.0439761 
v 0.0476961 0.012 0.0426742 
v 0.0509376 0.012 0.038721 
v 0.0511903 0.012 0.0384129 
v 0.0543051 0.012 0.0338668 
v 0.0570172 0.012 0.0290696 
v 0.0548077 0.012 0.0329778 
v 0.0593066 0.012 0.0240569 
v 0.0580315 0.012 0.0268486 
v 0.0606029 0.012 0.0204186 
v 0.0611562 0.012 0.0188658 
v 0.0624946 0.012 0.0137557 
v 0.0625525 0.012 0.0135348 
v 0.0634849 0.012 0.0081035 
v 0.063607 0.012 0.00691778 
v 0.063607 0.012 -0.00691778 
v 0.0634849 0.012 -0.0081035 
v 0.0635385 0.0129971 -0.00811034 
v 0.0626053 0.0129971 -0.0135462 
v 0.0612079 0.0129971 -0.0188817 
v 0.0593567 0.0129971 -0.0240772 
v 0.0570654 0.0129971 -0.0290941 
v 0.054351 0.0129971 -0.0338954 
v 0.0512336 0.0129971 -0.0384453 
v 0.0477364 0.0129971 -0.0427102 
v 0.0438852 0.0129971 -0.0466584 
v 0.0397087 0.0129971 -0.0502607 
v 0.0352378 0.0129971 -0.0534904 
v 0.0305056 0.0129971 -0.0563235 
v 0.0255472 0.0129971 -0.0587389 
v 0.0203994 0.0129971 -0.0607189 
v 0.0151004 0.0129971 -0.0622487 
v 0.0096894 0.0129971 -0.063317 
v 0.00420658 0.0129971 -0.0639158 
v -0.00130743 0.0129971 -0.0640407 
v -0.00681175 0.0129971 -0.0636908 
v -0.0122656 0.0129971 -0.0628687 
v -0.0176284 0.0129971 -0.0615805 
v -0.0228606 0.0129971 -0.0598357 
v -0.0279233 0.0129971 -0.0576473 
v -0.0327789 0.0129971 -0.0550315 
v -0.0373916 0.0129971 -0.0520076 
v -0.041727 0.0129971 -0.0485982 
v -0.045753 0.0129971 -0.0448284 
v -0.0494398 0.0129971 -0.0407263 
v -0.05276 0.0129971 -0.0363222 
v -0.0556891 0.0129971 -0.0316488 
v -0.0582053 0.0129971 -0.0267408 
v -0.0602899 0.0129971 -0.0216345 
v -0.0619275 0.0129971 -0.0163678 
v -0.063106 0.0129971 -0.0109798 
v -0.0638166 0.0129971 -0.00551031 
v -0.0640541 0.0129971 -3.16587e-17 
v -0.0638166 0.0129971 0.00551031 
v -0.063106 0.0129971 0.0109798 
v -0.0619275 0.0129971 0.0163678 
v -0.0602899 0.0129971 0.0216345 
v -0.0582053 0.0129971 0.0267408 
v -0.0556891 0.0129971 0.0316488 
v -0.05276 0.0129971 0.0363222 
v -0.0494398 0.0129971 0.0407263 
v -0.045753 0.0129971 0.0448284 
v -0.041727 0.0129971 0.0485982 
v -0.0373916 0.0129971 0.0520076 
v -0.0327789 0.0129971 0.0550315 
v -0.0279233 0.0129971 0.0576473 
v -0.0228606 0.0129971 0.0598357 
v -0.0176284 0.0129971 0.0615805 
v -0.0122656 0.0129971 0.0628687 
v -0.00681175 0.0129971 0.0636908 
v -0.00130743 0.0129971 0.0640407 
v 0.00420658 0.0129971 0.0639158 
v 0.0096894 0.0129971 0.063317 
v 0.0151004 0.0129971 0.0622487 
v 0.0203994 0.0129971 0.0607189 
v 0.0255472 0.0129971 0.0587389 
v 0.0305056 0.0129971 0.0563235 
v 0.0352378 0.0129971 0.0534904 
v 0.0397087 0.0129971 0.0502607 
v 0.0438852 0.0129971 0.0466584 
v 0.0477364 0.0129971 0.0427102 
v 0.0512336 0.0129971 0.0384453 
v 0.054351 0.0129971 0.0338954 
v 0.0570654 0.0129971 0.0290941 
v 0.0593567 0.0129971 0.0240772 
v 0.0612079 0.0129971 0.0188817 
v 0.0626053 0.0129971 0.0135462 
v 0.0635385 0.0129971 0.00811034 
v 0.0626575 0.0129883 -0.0135575 
v 0.0612589 0.0129883 -0.0188974 
v 0.0594062 0.0129883 -0.0240973 
v 0.0571129 0.0129883 -0.0291184 
v 0.0543963 0.0129883 -0.0339236 
v 0.0512763 0.0129883 -0.0384774 
v 0.0477762 0.0129883 -0.0427458 
v 0.0439218 0.0129883 -0.0466974 
v 0.0397418 0.0129883 -0.0503027 
v 0.0352671 0.0129883 -0.053535 
v 0.030531 0.0129883 -0.0563704 
v 0.0255685 0.0129883 -0.0587879 
v 0.0204164 0.0129883 -0.0607696 
v 0.015113 0.0129883 -0.0623006 
v 0.00969749 0.0129883 -0.0633698 
v 0.00421009 0.0129883 -0.0639691 
v -0.00130852 0.0129883 -0.0640941 
v -0.00681743 0.0129883 -0.063744 
v -0.0122758 0.0129883 -0.0629212 
v -0.0176431 0.0129883 -0.0616319 
v -0.0228797 0.0129883 -0.0598856 
v -0.0279466 0.0129883 -0.0576954 
v -0.0328063 0.0129883 -0.0550774 
v -0.0374227 0.0129883 -0.052051 
v -0.0417618 0.0129883 -0.0486387 
v -0.0457911 0.0129883 -0.0448658 
v -0.049481 0.0129883 -0.0407603 
v -0.052804 0.0129883 -0.0363525 
v -0.0557355 0.0129883 -0.0316752 
v -0.0582538 0.0129883 -0.0267631 
v -0.0603402 0.0129883 -0.0216526 
v -0.0619792 0.0129883 -0.0163815 
v -0.0631586 0.0129883 -0.0109889 
v -0.0638698 0.0129883 -0.00551491 
v -0.0641075 0.0129883 -3.07913e-17 
v -0.0638698 0.0129883 0.00551491 
v -0.0631586 0.0129883 0.0109889 
v -0.0619792 0.0129883 0.0163815 
v -0.0603402 0.0129883 0.0216526 
v -0.0582538 0.0129883 0.0267631 
v -0.0557355 0.0129883 0.0316752 
v -0.052804 0.0129883 0.0363525 
v -0.049481 0.0129883 0.0407603 
v -0.0457911 0.0129883 0.0448658 
v -0.0417618 0.0129883 0.0486387 
v -0.0374227 0.0129883 0.052051 
v -0.0328063 0.0129883 0.0550774 
v -0.0279466 0.0129883 0.0576954 
v -0.0228797 0.0129883 0.0598856 
v -0.0176431 0.0129883 0.0616319 
v -0.0122758 0.0129883 0.0629212 
v -0.00681743 0.0129883 0.063744 
v -0.00130852 0.0129883 0.0640941 
v 0.00421009 0.0129883 0.0639691 
v 0.00969749 0.0129883 0.0633698 
v 0.015113 0.0129883 0.0623006 
v 0.0204164 0.0129883 0.0607696 
v 0.0255685 0.0129883 0.0587879 
v 0.030531 0.0129883 0.0563704 
v 0.0352671 0.0129883 0.053535 
v 0.0397418 0.0129883 0.0503027 
v 0.0439218 0.0129883 0.0466974 
v 0.0477762 0.0129883 0.0427458 
v 0.0512763 0.0129883 0.0384774 
v 0.0543963 0.0129883 0.0339236 
v 0.0571129 0.0129883 0.0291184 
v 0.0594062 0.0129883 0.0240973 
v 0.0612589 0.0129883 0.0188974 
v 0.0626575 0.0129883 0.0135575 
v 0.0635915 0.0129883 0.00811711 
v 0.0635915 0.0129883 -0.00811711 
v 0.0627085 0.0129738 -0.0135686 
v 0.0613088 0.0129738 -0.0189128 
v 0.0594545 0.0129738 -0.0241169 
v 0.0571594 0.0129738 -0.0291421 
v 0.0544405 0.0129738 -0.0339512 
v 0.051318 0.0129738 -0.0385087 
v 0.0478151 0.0129738 -0.0427806 
v 0.0439576 0.0129738 -0.0467354 
v 0.0397741 0.0129738 -0.0503436 
v 0.0352958 0.0129738 -0.0535786 
v 0.0305558 0.0129738 -0.0564163 
v 0.0255893 0.0129738 -0.0588358 
v 0.020433 0.0129738 -0.060819 
v 0.0151253 0.0129738 -0.0623513 
v 0.00970538 0.0129738 -0.0634213 
v 0.00421352 0.0129738 -0.0640211 
v -0.00130958 0.0129738 -0.0641463 
v -0.00682297 0.0129738 -0.0637958 
v -0.0122858 0.0129738 -0.0629724 
v -0.0176575 0.0129738 -0.061682 
v -0.0228983 0.0129738 -0.0599344 
v -0.0279693 0.0129738 -0.0577423 
v -0.032833 0.0129738 -0.0551222 
v -0.0374532 0.0129738 -0.0520934 
v -0.0417957 0.0129738 -0.0486783 
v -0.0458284 0.0129738 -0.0449023 
v -0.0495213 0.0129738 -0.0407934 
v -0.052847 0.0129738 -0.0363821 
v -0.0557809 0.0129738 -0.031701 
v -0.0583012 0.0129738 -0.0267849 
v -0.0603893 0.0129738 -0.0216702 
v -0.0620296 0.0129738 -0.0163948 
v -0.06321 0.0129738 -0.0109979 
v -0.0639218 0.0129738 -0.0055194 
v -0.0641597 0.0129738 -3.1225e-17 
v -0.0639218 0.0129738 0.0055194 
v -0.06321 0.0129738 0.0109979 
v -0.0620296 0.0129738 0.0163948 
v -0.0603893 0.0129738 0.0216702 
v -0.0583012 0.0129738 0.0267849 
v -0.0557809 0.0129738 0.031701 
v -0.052847 0.0129738 0.0363821 
v -0.0495213 0.0129738 0.0407934 
v -0.0458284 0.0129738 0.0449023 
v -0.0417957 0.0129738 0.0486783 
v -0.0374532 0.0129738 0.0520934 
v -0.032833 0.0129738 0.0551222 
v -0.0279693 0.0129738 0.0577423 
v -0.0228983 0.0129738 0.0599344 
v -0.0176575 0.0129738 0.061682 
v -0.0122858 0.0129738 0.0629724 
v -0.00682297 0.0129738 0.0637958 
v -0.00130958 0.0129738 0.0641463 
v 0.00421352 0.0129738 0.0640211 
v 0.00970538 0.0129738 0.0634213 
v 0.0151253 0.0129738 0.0623513 
v 0.020433 0.0129738 0.060819 
v 0.0255893 0.0129738 0.0588358 
v 0.0305558 0.0129738 0.0564163 
v 0.0352958 0.0129738 0.0535786 
v 0.0397741 0.0129738 0.0503436 
v 0.0439576 0.0129738 0.0467354 
v 0.0478151 0.0129738 0.0427806 
v 0.051318 0.0129738 0.0385087 
v 0.0544405 0.0129738 0.0339512 
v 0.0571594 0.0129738 0.0291421 
v 0.0594545 0.0129738 0.0241169 
v 0.0613088 0.0129738 0.0189128 
v 0.0627085 0.0129738 0.0135686 
v 0.0636433 0.0129738 0.00812371 
v 0.0636433 0.0129738 -0.00812371 
v 0.0627576 0.0129538 -0.0135792 
v 0.0613568 0.0129538 -0.0189277 
v 0.0595011 0.0129538 -0.0241358 
v 0.0572042 0.0129538 -0.0291649 
v 0.0544832 0.0129538 -0.0339779 
v 0.0513583 0.0129538 -0.0385389 
v 0.0478525 0.0129538 -0.0428142 
v 0.043992 0.0129538 -0.046772 
v 0.0398053 0.0129538 -0.0503831 
v 0.0353235 0.0129538 -0.0536206 
v 0.0305798 0.0129538 -0.0564605 
v 0.0256094 0.0129538 -0.0588819 
v 0.0204491 0.0129538 -0.0608667 
v 0.0151371 0.0129538 -0.0624002 
v 0.00971299 0.0129538 -0.0634711 
v 0.00421682 0.0129538 -0.0640713 
v -0.00131061 0.0129538 -0.0641966 
v -0.00682832 0.0129538 -0.0638458 
v -0.0122954 0.0129538 -0.0630217 
v -0.0176713 0.0129538 -0.0617304 
v -0.0229162 0.0129538 -0.0599814 
v -0.0279912 0.0129538 -0.0577876 
v -0.0328587 0.0129538 -0.0551654 
v -0.0374826 0.0129538 -0.0521342 
v -0.0418285 0.0129538 -0.0487165 
v -0.0458643 0.0129538 -0.0449375 
v -0.0495601 0.0129538 -0.0408254 
v -0.0528884 0.0129538 -0.0364106 
v -0.0558246 0.0129538 -0.0317259 
v -0.0583469 0.0129538 -0.0268059 
v -0.0604366 0.0129538 -0.0216872 
v -0.0620782 0.0129538 -0.0164077 
v -0.0632596 0.0129538 -0.0110065 
v -0.0639719 0.0129538 -0.00552372 
v -0.0642099 0.0129538 -3.16587e-17 
v -0.0639719 0.0129538 0.00552372 
v -0.0632596 0.0129538 0.0110065 
v -0.0620782 0.0129538 0.0164077 
v -0.0604366 0.0129538 0.0216872 
v -0.0583469 0.0129538 0.0268059 
v -0.0558246 0.0129538 0.0317259 
v -0.0528884 0.0129538 0.0364106 
v -0.0495601 0.0129538 0.0408254 
v -0.0458643 0.0129538 0.0449375 
v -0.0418285 0.0129538 0.0487165 
v -0.0374826 0.0129538 0.0521342 
v -0.0328587 0.0129538 0.0551654 
v -0.0279912 0.0129538 0.0577876 
v -0.0229162 0.0129538 0.0599814 
v -0.0176713 0.0129538 0.0617304 
v -0.0122954 0.0129538 0.0630217 
v -0.00682832 0.0129538 0.0638458 
v -0.00131061 0.0129538 0.0641966 
v 0.00421682 0.0129538 0.0640713 
v 0.00971299 0.0129538 0.0634711 
v 0.0151371 0.0129538 0.0624002 
v 0.0204491 0.0129538 0.0608667 
v 0.0256094 0.0129538 0.0588819 
v 0.0305798 0.0129538 0.0564605 
v 0.0353235 0.0129538 0.0536206 
v 0.0398053 0.0129538 0.0503831 
v 0.043992 0.0129538 0.046772 
v 0.0478525 0.0129538 0.0428142 
v 0.0513583 0.0129538 0.0385389 
v 0.0544832 0.0129538 0.0339779 
v 0.0572042 0.0129538 0.0291649 
v 0.0595011 0.0129538 0.0241358 
v 0.0613568 0.0129538 0.0189277 
v 0.0627576 0.0129538 0.0135792 
v 0.0636932 0.0129538 0.00813008 
v 0.0636932 0.0129538 -0.00813008 
v 0.0628044 0.0129284 -0.0135893 
v 0.0614025 0.0129284 -0.0189418 
v 0.0595454 0.0129284 -0.0241537 
v 0.0572468 0.0129284 -0.0291867 
v 0.0545238 0.0129284 -0.0340032 
v 0.0513965 0.0129284 -0.0385676 
v 0.0478882 0.0129284 -0.042846 
v 0.0440248 0.0129284 -0.0468068 
v 0.039835 0.0129284 -0.0504206 
v 0.0353498 0.0129284 -0.0536605 
v 0.0306026 0.0129284 -0.0565026 
v 0.0256284 0.0129284 -0.0589258 
v 0.0204643 0.0129284 -0.060912 
v 0.0151484 0.0129284 -0.0624467 
v 0.00972022 0.0129284 -0.0635183 
v 0.00421996 0.0129284 -0.0641191 
v -0.00131159 0.0129284 -0.0642444 
v -0.00683341 0.0129284 -0.0638934 
v -0.0123046 0.0129284 -0.0630687 
v -0.0176845 0.0129284 -0.0617764 
v -0.0229333 0.0129284 -0.060026 
v -0.0280121 0.0129284 -0.0578307 
v -0.0328832 0.0129284 -0.0552065 
v -0.0375105 0.0129284 -0.052173 
v -0.0418597 0.0129284 -0.0487528 
v -0.0458985 0.0129284 -0.044971 
v -0.049597 0.0129284 -0.0408558 
v -0.0529278 0.0129284 -0.0364377 
v -0.0558662 0.0129284 -0.0317495 
v -0.0583904 0.0129284 -0.0268259 
v -0.0604816 0.0129284 -0.0217033 
v -0.0621245 0.0129284 -0.0164199 
v -0.0633067 0.0129284 -0.0110147 
v -0.0640196 0.0129284 -0.00552784 
v -0.0642578 0.0129284 -3.20924e-17 
v -0.0640196 0.0129284 0.00552784 
v -0.0633067 0.0129284 0.0110147 
v -0.0621245 0.0129284 0.0164199 
v -0.0604816 0.0129284 0.0217033 
v -0.0583904 0.0129284 0.0268259 
v -0.0558662 0.0129284 0.0317495 
v -0.0529278 0.0129284 0.0364377 
v -0.049597 0.0129284 0.0408558 
v -0.0458985 0.0129284 0.044971 
v -0.0418597 0.0129284 0.0487528 
v -0.0375105 0.0129284 0.052173 
v -0.0328832 0.0129284 0.0552065 
v -0.0280121 0.0129284 0.0578307 
v -0.0229333 0.0129284 0.060026 
v -0.0176845 0.0129284 0.0617764 
v -0.0123046 0.0129284 0.0630687 
v -0.00683341 0.0129284 0.0638934 
v -0.00131159 0.0129284 0.0642444 
v 0.00421996 0.0129284 0.0641191 
v 0.00972022 0.0129284 0.0635183 
v 0.0151484 0.0129284 0.0624467 
v 0.0204643 0.0129284 0.060912 
v 0.0256284 0.0129284 0.0589258 
v 0.0306026 0.0129284 0.0565026 
v 0.0353498 0.0129284 0.0536605 
v 0.039835 0.0129284 0.0504206 
v 0.0440248 0.0129284 0.0468068 
v 0.0478882 0.0129284 0.042846 
v 0.0513965 0.0129284 0.0385676 
v 0.0545238 0.0129284 0.0340032 
v 0.0572468 0.0129284 0.0291867 
v 0.0595454 0.0129284 0.0241537 
v 0.0614025 0.0129284 0.0189418 
v 0.0628044 0.0129284 0.0135893 
v 0.0637406 0.0129284 0.00813614 
v 0.0637406 0.0129284 -0.00813614 
v 0.0628482 0.012898 -0.0135988 
v 0.0614454 0.012898 -0.018955 
v 0.059587 0.012898 -0.0241706 
v 0.0572868 0.012898 -0.029207 
v 0.0545618 0.012898 -0.0340269 
v 0.0514324 0.012898 -0.0385945 
v 0.0479216 0.012898 -0.0428759 
v 0.0440555 0.012898 -0.0468395 
v 0.0398628 0.012898 -0.0504558 
v 0.0353745 0.012898 -0.0536979 
v 0.0306239 0.012898 -0.056542 
v 0.0256463 0.012898 -0.0589668 
v 0.0204786 0.012898 -0.0609545 
v 0.015159 0.012898 -0.0624902 
v 0.009727 0.012898 -0.0635626 
v 0.0042229 0.012898 -0.0641638 
v -0.0013125 0.012898 -0.0642892 
v -0.00683817 0.012898 -0.063938 
v -0.0123131 0.012898 -0.0631127 
v -0.0176968 0.012898 -0.0618195 
v -0.0229493 0.012898 -0.0600679 
v -0.0280316 0.012898 -0.057871 
v -0.0329061 0.012898 -0.055245 
v -0.0375366 0.012898 -0.0522094 
v -0.0418888 0.012898 -0.0487867 
v -0.0459305 0.012898 -0.0450024 
v -0.0496316 0.012898 -0.0408843 
v -0.0529647 0.012898 -0.0364632 
v -0.0559051 0.012898 -0.0317716 
v -0.0584311 0.012898 -0.0268446 
v -0.0605238 0.012898 -0.0217185 
v -0.0621678 0.012898 -0.0164313 
v -0.0633508 0.012898 -0.0110224 
v -0.0640642 0.012898 -0.00553169 
v -0.0643026 0.012898 -3.16587e-17 
v -0.0640642 0.012898 0.00553169 
v -0.0633508 0.012898 0.0110224 
v -0.0621678 0.012898 0.0164313 
v -0.0605238 0.012898 0.0217185 
v -0.0584311 0.012898 0.0268446 
v -0.0559051 0.012898 0.0317716 
v -0.0529647 0.012898 0.0364632 
v -0.0496316 0.012898 0.0408843 
v -0.0459305 0.012898 0.0450024 
v -0.0418888 0.012898 0.0487867 
v -0.0375366 0.012898 0.0522094 
v -0.0329061 0.012898 0.055245 
v -0.0280316 0.012898 0.057871 
v -0.0229493 0.012898 0.0600679 
v -0.0176968 0.012898 0.0618195 
v -0.0123131 0.012898 0.0631127 
v -0.00683817 0.012898 0.063938 
v -0.0013125 0.012898 0.0642892 
v 0.0042229 0.012898 0.0641638 
v 0.009727 0.012898 0.0635626 
v 0.015159 0.012898 0.0624902 
v 0.0204786 0.012898 0.0609545 
v 0.0256463 0.012898 0.0589668 
v 0.0306239 0.012898 0.056542 
v 0.0353745 0.012898 0.0536979 
v 0.0398628 0.012898 0.0504558 
v 0.0440555 0.012898 0.0468395 
v 0.0479216 0.012898 0.0428759 
v 0.0514324 0.012898 0.0385945 
v 0.0545618 0.012898 0.0340269 
v 0.0572868 0.012898 0.029207 
v 0.059587 0.012898 0.0241706 
v 0.0614454 0.012898 0.018955 
v 0.0628482 0.012898 0.0135988 
v 0.0637851 0.012898 0.00814181 
v 0.0637851 0.012898 -0.00814181 
v 0.0628885 0.012863 -0.0136075 
v 0.0614848 0.012863 -0.0189671 
v 0.0596252 0.012863 -0.0241861 
v 0.0573235 0.012863 -0.0292258 
v 0.0545968 0.012863 -0.0340487 
v 0.0514654 0.012863 -0.0386192 
v 0.0479523 0.012863 -0.0429034 
v 0.0440838 0.012863 -0.0468695 
v 0.0398883 0.012863 -0.0504881 
v 0.0353972 0.012863 -0.0537324 
v 0.0306436 0.012863 -0.0565783 
v 0.0256628 0.012863 -0.0590047 
v 0.0204917 0.012863 -0.0609936 
v 0.0151687 0.012863 -0.0625303 
v 0.00973324 0.012863 -0.0636034 
v 0.00422561 0.012863 -0.0642049 
v -0.00131334 0.012863 -0.0643304 
v -0.00684256 0.012863 -0.063979 
v -0.0123211 0.012863 -0.0631532 
v -0.0177082 0.012863 -0.0618591 
v -0.022964 0.012863 -0.0601064 
v -0.0280496 0.012863 -0.0579081 
v -0.0329272 0.012863 -0.0552805 
v -0.0375607 0.012863 -0.0522429 
v -0.0419157 0.012863 -0.0488181 
v -0.04596 0.012863 -0.0450312 
v -0.0496634 0.012863 -0.0409106 
v -0.0529987 0.012863 -0.0364866 
v -0.055941 0.012863 -0.031792 
v -0.0584686 0.012863 -0.0268618 
v -0.0605626 0.012863 -0.0217324 
v -0.0622077 0.012863 -0.0164419 
v -0.0633915 0.012863 -0.0110294 
v -0.0641053 0.012863 -0.00553524 
v -0.0643438 0.012863 -3.1225e-17 
v -0.0641053 0.012863 0.00553524 
v -0.0633915 0.012863 0.0110294 
v -0.0622077 0.012863 0.0164419 
v -0.0605626 0.012863 0.0217324 
v -0.0584686 0.012863 0.0268618 
v -0.055941 0.012863 0.031792 
v -0.0529987 0.012863 0.0364866 
v -0.0496634 0.012863 0.0409106 
v -0.04596 0.012863 0.0450312 
v -0.0419157 0.012863 0.0488181 
v -0.0375607 0.012863 0.0522429 
v -0.0329272 0.012863 0.0552805 
v -0.0280496 0.012863 0.0579081 
v -0.022964 0.012863 0.0601064 
v -0.0177082 0.012863 0.0618591 
v -0.0123211 0.012863 0.0631532 
v -0.00684256 0.012863 0.063979 
v -0.00131334 0.012863 0.0643304 
v 0.00422561 0.012863 0.0642049 
v 0.00973324 0.012863 0.0636034 
v 0.0151687 0.012863 0.0625303 
v 0.0204917 0.012863 0.0609936 
v 0.0256628 0.012863 0.0590047 
v 0.0306436 0.012863 0.0565783 
v 0.0353972 0.012863 0.0537324 
v 0.0398883 0.012863 0.0504881 
v 0.0440838 0.012863 0.0468695 
v 0.0479523 0.012863 0.0429034 
v 0.0514654 0.012863 0.0386192 
v 0.0545968 0.012863 0.0340487 
v 0.0573235 0.012863 0.0292258 
v 0.0596252 0.012863 0.0241861 
v 0.0614848 0.012863 0.0189671 
v 0.0628885 0.012863 0.0136075 
v 0.063826 0.012863 0.00814703 
v 0.063826 0.012863 -0.00814703 
v 0.0629249 0.0128237 -0.0136154 
v 0.0615204 0.0128237 -0.0189781 
v 0.0596597 0.0128237 -0.0242001 
v 0.0573567 0.0128237 -0.0292427 
v 0.0546284 0.0128237 -0.0340684 
v 0.0514952 0.0128237 -0.0386416 
v 0.0479801 0.0128237 -0.0429283 
v 0.0441093 0.0128237 -0.0468967 
v 0.0399114 0.0128237 -0.0505173 
v 0.0354177 0.0128237 -0.0537635 
v 0.0306613 0.0128237 -0.056611 
v 0.0256776 0.0128237 -0.0590388 
v 0.0205036 0.0128237 -0.0610289 
v 0.0151775 0.0128237 -0.0625665 
v 0.00973887 0.0128237 -0.0636402 
v 0.00422806 0.0128237 -0.0642421 
v -0.0013141 0.0128237 -0.0643677 
v -0.00684652 0.0128237 -0.064016 
v -0.0123282 0.0128237 -0.0631897 
v -0.0177184 0.0128237 -0.0618949 
v -0.0229773 0.0128237 -0.0601412 
v -0.0280658 0.0128237 -0.0579416 
v -0.0329463 0.0128237 -0.0553124 
v -0.0375825 0.0128237 -0.0522732 
v -0.04194 0.0128237 -0.0488463 
v -0.0459866 0.0128237 -0.0450573 
v -0.0496922 0.0128237 -0.0409342 
v -0.0530294 0.0128237 -0.0365077 
v -0.0559734 0.0128237 -0.0318104 
v -0.0585024 0.0128237 -0.0268773 
v -0.0605977 0.0128237 -0.021745 
v -0.0622437 0.0128237 -0.0164514 
v -0.0634282 0.0128237 -0.0110358 
v -0.0641424 0.0128237 -0.00553844 
v -0.0643811 0.0128237 -3.16587e-17 
v -0.0641424 0.0128237 0.00553844 
v -0.0634282 0.0128237 0.0110358 
v -0.0622437 0.0128237 0.0164514 
v -0.0605977 0.0128237 0.021745 
v -0.0585024 0.0128237 0.0268773 
v -0.0559734 0.0128237 0.0318104 
v -0.0530294 0.0128237 0.0365077 
v -0.0496922 0.0128237 0.0409342 
v -0.0459866 0.0128237 0.0450573 
v -0.04194 0.0128237 0.0488463 
v -0.0375825 0.0128237 0.0522732 
v -0.0329463 0.0128237 0.0553124 
v -0.0280658 0.0128237 0.0579416 
v -0.0229773 0.0128237 0.0601412 
v -0.0177184 0.0128237 0.0618949 
v -0.0123282 0.0128237 0.0631897 
v -0.00684652 0.0128237 0.064016 
v -0.0013141 0.0128237 0.0643677 
v 0.00422806 0.0128237 0.0642421 
v 0.00973887 0.0128237 0.0636402 
v 0.0151775 0.0128237 0.0625665 
v 0.0205036 0.0128237 0.0610289 
v 0.0256776 0.0128237 0.0590388 
v 0.0306613 0.0128237 0.056611 
v 0.0354177 0.0128237 0.0537635 
v 0.0399114 0.0128237 0.0505173 
v 0.0441093 0.0128237 0.0468967 
v 0.0479801 0.0128237 0.0429283 
v 0.0514952 0.0128237 0.0386416 
v 0.0546284 0.0128237 0.0340684 
v 0.0573567 0.0128237 0.0292427 
v 0.0596597 0.0128237 0.0242001 
v 0.0615204 0.0128237 0.0189781 
v 0.0629249 0.0128237 0.0136154 
v 0.0638629 0.0128237 0.00815175 
v 0.0638629 0.0128237 -0.00815175 
v 0.0629569 0.0127806 -0.0136223 
v 0.0615517 0.0127806 -0.0189878 
v 0.0596901 0.0127806 -0.0242124 
v 0.0573859 0.0127806 -0.0292575 
v 0.0546562 0.0127806 -0.0340858 
v 0.0515214 0.0127806 -0.0386613 
v 0.0480045 0.0127806 -0.0429501 
v 0.0441317 0.0127806 -0.0469205 
v 0.0399317 0.0127806 -0.0505431 
v 0.0354357 0.0127806 -0.0537909 
v 0.0306769 0.0127806 -0.0566398 
v 0.0256907 0.0127806 -0.0590689 
v 0.020514 0.0127806 -0.06106 
v 0.0151852 0.0127806 -0.0625983 
v 0.00974383 0.0127806 -0.0636726 
v 0.00423021 0.0127806 -0.0642748 
v -0.00131477 0.0127806 -0.0644004 
v -0.00685001 0.0127806 -0.0640486 
v -0.0123345 0.0127806 -0.0632219 
v -0.0177275 0.0127806 -0.0619264 
v -0.022989 0.0127806 -0.0601718 
v -0.0280801 0.0127806 -0.0579711 
v -0.0329631 0.0127806 -0.0553406 
v -0.0376016 0.0127806 -0.0522998 
v -0.0419613 0.0127806 -0.0488712 
v -0.04601 0.0127806 -0.0450802 
v -0.0497175 0.0127806 -0.0409551 
v -0.0530564 0.0127806 -0.0365262 
v -0.0560019 0.0127806 -0.0318266 
v -0.0585322 0.0127806 -0.026891 
v -0.0606285 0.0127806 -0.021756 
v -0.0622754 0.0127806 -0.0164598 
v -0.0634605 0.0127806 -0.0110414 
v -0.0641751 0.0127806 -0.00554126 
v -0.0644138 0.0127806 -3.16587e-17 
v -0.0641751 0.0127806 0.00554126 
v -0.0634605 0.0127806 0.0110414 
v -0.0622754 0.0127806 0.0164598 
v -0.0606285 0.0127806 0.021756 
v -0.0585322 0.0127806 0.026891 
v -0.0560019 0.0127806 0.0318266 
v -0.0530564 0.0127806 0.0365262 
v -0.0497175 0.0127806 0.0409551 
v -0.04601 0.0127806 0.0450802 
v -0.0419613 0.0127806 0.0488712 
v -0.0376016 0.0127806 0.0522998 
v -0.0329631 0.0127806 0.0553406 
v -0.0280801 0.0127806 0.0579711 
v -0.022989 0.0127806 0.0601718 
v -0.0177275 0.0127806 0.0619264 
v -0.0123345 0.0127806 0.0632219 
v -0.00685001 0.0127806 0.0640486 
v -0.00131477 0.0127806 0.0644004 
v 0.00423021 0.0127806 0.0642748 
v 0.00974383 0.0127806 0.0636726 
v 0.0151852 0.0127806 0.0625983 
v 0.020514 0.0127806 0.06106 
v 0.0256907 0.0127806 0.0590689 
v 0.0306769 0.0127806 0.0566398 
v 0.0354357 0.0127806 0.0537909 
v 0.0399317 0.0127806 0.0505431 
v 0.0441317 0.0127806 0.0469205 
v 0.0480045 0.0127806 0.0429501 
v 0.0515214 0.0127806 0.0386613 
v 0.0546562 0.0127806 0.0340858 
v 0.0573859 0.0127806 0.0292575 
v 0.0596901 0.0127806 0.0242124 
v 0.0615517 0.0127806 0.0189878 
v 0.0629569 0.0127806 0.0136223 
v 0.0638954 0.0127806 0.0081559 
v 0.0638954 0.0127806 -0.0081559 
v 0.0629842 0.0127342 -0.0136282 
v 0.0615783 0.0127342 -0.018996 
v 0.0597159 0.0127342 -0.0242229 
v 0.0574107 0.0127342 -0.0292702 
v 0.0546799 0.0127342 -0.0341005 
v 0.0515437 0.0127342 -0.038678 
v 0.0480253 0.0127342 -0.0429687 
v 0.0441508 0.0127342 -0.0469409 
v 0.039949 0.0127342 -0.050565 
v 0.035451 0.0127342 -0.0538142 
v 0.0306902 0.0127342 -0.0566644 
v 0.0257018 0.0127342 -0.0590945 
v 0.0205229 0.0127342 -0.0610864 
v 0.0151918 0.0127342 -0.0626255 
v 0.00974805 0.0127342 -0.0637002 
v 0.00423204 0.0127342 -0.0643026 
v -0.00131534 0.0127342 -0.0644283 
v -0.00685297 0.0127342 -0.0640763 
v -0.0123398 0.0127342 -0.0632493 
v -0.0177351 0.0127342 -0.0619532 
v -0.022999 0.0127342 -0.0601979 
v -0.0280923 0.0127342 -0.0579962 
v -0.0329773 0.0127342 -0.0553646 
v -0.0376179 0.0127342 -0.0523224 
v -0.0419795 0.0127342 -0.0488923 
v -0.0460299 0.0127342 -0.0450998 
v -0.049739 0.0127342 -0.0409728 
v -0.0530793 0.0127342 -0.0365421 
v -0.0560261 0.0127342 -0.0318404 
v -0.0585575 0.0127342 -0.0269027 
v -0.0606548 0.0127342 -0.0217655 
v -0.0623023 0.0127342 -0.0164669 
v -0.063488 0.0127342 -0.0110462 
v -0.0642029 0.0127342 -0.00554366 
v -0.0644418 0.0127342 -3.1225e-17 
v -0.0642029 0.0127342 0.00554366 
v -0.063488 0.0127342 0.0110462 
v -0.0623023 0.0127342 0.0164669 
v -0.0606548 0.0127342 0.0217655 
v -0.0585575 0.0127342 0.0269027 
v -0.0560261 0.0127342 0.0318404 
v -0.0530793 0.0127342 0.0365421 
v -0.049739 0.0127342 0.0409728 
v -0.0460299 0.0127342 0.0450998 
v -0.0419795 0.0127342 0.0488923 
v -0.0376179 0.0127342 0.0523224 
v -0.0329773 0.0127342 0.0553646 
v -0.0280923 0.0127342 0.0579962 
v -0.022999 0.0127342 0.0601979 
v -0.0177351 0.0127342 0.0619532 
v -0.0123398 0.0127342 0.0632493 
v -0.00685297 0.0127342 0.0640763 
v -0.00131534 0.0127342 0.0644283 
v 0.00423204 0.0127342 0.0643026 
v 0.00974805 0.0127342 0.0637002 
v 0.0151918 0.0127342 0.0626255 
v 0.0205229 0.0127342 0.0610864 
v 0.0257018 0.0127342 0.0590945 
v 0.0306902 0.0127342 0.0566644 
v 0.035451 0.0127342 0.0538142 
v 0.039949 0.0127342 0.050565 
v 0.0441508 0.0127342 0.0469409 
v 0.0480253 0.0127342 0.0429687 
v 0.0515437 0.0127342 0.038678 
v 0.0546799 0.0127342 0.0341005 
v 0.0574107 0.0127342 0.0292702 
v 0.0597159 0.0127342 0.0242229 
v 0.0615783 0.0127342 0.018996 
v 0.0629842 0.0127342 0.0136282 
v 0.0639231 0.0127342 0.00815943 
v 0.0639231 0.0127342 -0.00815943 
v 0.0630064 0.0126851 -0.013633 
v 0.0616001 0.0126851 -0.0190027 
v 0.059737 0.0126851 -0.0242314 
v 0.057431 0.0126851 -0.0292805 
v 0.0546992 0.0126851 -0.0341126 
v 0.0515619 0.0126851 -0.0386917 
v 0.0480422 0.0126851 -0.0429839 
v 0.0441664 0.0126851 -0.0469574 
v 0.0399631 0.0126851 -0.0505828 
v 0.0354635 0.0126851 -0.0538331 
v 0.030701 0.0126851 -0.0566844 
v 0.0257109 0.0126851 -0.0591153 
v 0.0205301 0.0126851 -0.061108 
v 0.0151971 0.0126851 -0.0626476 
v 0.00975149 0.0126851 -0.0637227 
v 0.00423354 0.0126851 -0.0643253 
v -0.00131581 0.0126851 -0.0644511 
v -0.00685539 0.0126851 -0.0640989 
v -0.0123442 0.0126851 -0.0632716 
v -0.0177414 0.0126851 -0.0619751 
v -0.0230071 0.0126851 -0.0602191 
v -0.0281022 0.0126851 -0.0580167 
v -0.032989 0.0126851 -0.0553841 
v -0.0376311 0.0126851 -0.0523409 
v -0.0419943 0.0126851 -0.0489096 
v -0.0460461 0.0126851 -0.0451157 
v -0.0497566 0.0126851 -0.0409873 
v -0.0530981 0.0126851 -0.036555 
v -0.0560459 0.0126851 -0.0318516 
v -0.0585782 0.0126851 -0.0269122 
v -0.0606762 0.0126851 -0.0217731 
v -0.0623243 0.0126851 -0.0164727 
v -0.0635104 0.0126851 -0.0110501 
v -0.0642255 0.0126851 -0.00554562 
v -0.0644645 0.0126851 -3.16587e-17 
v -0.0642255 0.0126851 0.00554562 
v -0.0635104 0.0126851 0.0110501 
v -0.0623243 0.0126851 0.0164727 
v -0.0606762 0.0126851 0.0217731 
v -0.0585782 0.0126851 0.0269122 
v -0.0560459 0.0126851 0.0318516 
v -0.0530981 0.0126851 0.036555 
v -0.0497566 0.0126851 0.0409873 
v -0.0460461 0.0126851 0.0451157 
v -0.0419943 0.0126851 0.0489096 
v -0.0376311 0.0126851 0.0523409 
v -0.032989 0.0126851 0.0553841 
v -0.0281022 0.0126851 0.0580167 
v -0.0230071 0.0126851 0.0602191 
v -0.0177414 0.0126851 0.0619751 
v -0.0123442 0.0126851 0.0632716 
v -0.00685539 0.0126851 0.0640989 
v -0.00131581 0.0126851 0.0644511 
v 0.00423354 0.0126851 0.0643253 
v 0.00975149 0.0126851 0.0637227 
v 0.0151971 0.0126851 0.0626476 
v 0.0205301 0.0126851 0.061108 
v 0.0257109 0.0126851 0.0591153 
v 0.030701 0.0126851 0.0566844 
v 0.0354635 0.0126851 0.0538331 
v 0.0399631 0.0126851 0.0505828 
v 0.0441664 0.0126851 0.0469574 
v 0.0480422 0.0126851 0.0429839 
v 0.0515619 0.0126851 0.0386917 
v 0.0546992 0.0126851 0.0341126 
v 0.057431 0.0126851 0.0292805 
v 0.059737 0.0126851 0.0242314 
v 0.0616001 0.0126851 0.0190027 
v 0.0630064 0.0126851 0.013633 
v 0.0639457 0.0126851 0.00816231 
v 0.0639457 0.0126851 -0.00816231 
v 0.0630233 0.0126338 -0.0136367 
v 0.0616166 0.0126338 -0.0190078 
v 0.059753 0.0126338 -0.0242379 
v 0.0574464 0.0126338 -0.0292884 
v 0.0547139 0.0126338 -0.0341217 
v 0.0515757 0.0126338 -0.038702 
v 0.0480551 0.0126338 -0.0429954 
v 0.0441783 0.0126338 -0.04697 
v 0.0399738 0.0126338 -0.0505964 
v 0.0354731 0.0126338 -0.0538476 
v 0.0307093 0.0126338 -0.0566996 
v 0.0257178 0.0126338 -0.0591312 
v 0.0205356 0.0126338 -0.0611244 
v 0.0152012 0.0126338 -0.0626644 
v 0.0097541 0.0126338 -0.0637398 
v 0.00423467 0.0126338 -0.0643426 
v -0.00131616 0.0126338 -0.0644683 
v -0.00685723 0.0126338 -0.0641161 
v -0.0123475 0.0126338 -0.0632885 
v -0.0177461 0.0126338 -0.0619917 
v -0.0230133 0.0126338 -0.0602353 
v -0.0281097 0.0126338 -0.0580322 
v -0.0329978 0.0126338 -0.0553989 
v -0.0376412 0.0126338 -0.0523549 
v -0.0420056 0.0126338 -0.0489227 
v -0.0460585 0.0126338 -0.0451278 
v -0.0497699 0.0126338 -0.0409983 
v -0.0531123 0.0126338 -0.0365648 
v -0.0560609 0.0126338 -0.0318602 
v -0.0585939 0.0126338 -0.0269194 
v -0.0606925 0.0126338 -0.021779 
v -0.062341 0.0126338 -0.0164771 
v -0.0635274 0.0126338 -0.0110531 
v -0.0642427 0.0126338 -0.00554711 
v -0.0644818 0.0126338 -3.16587e-17 
v -0.0642427 0.0126338 0.00554711 
v -0.0635274 0.0126338 0.0110531 
v -0.062341 0.0126338 0.0164771 
v -0.0606925 0.0126338 0.021779 
v -0.0585939 0.0126338 0.0269194 
v -0.0560609 0.0126338 0.0318602 
v -0.0531123 0.0126338 0.0365648 
v -0.0497699 0.0126338 0.0409983 
v -0.0460585 0.0126338 0.0451278 
v -0.0420056 0.0126338 0.0489227 
v -0.0376412 0.0126338 0.0523549 
v -0.0329978 0.0126338 0.0553989 
v -0.0281097 0.0126338 0.0580322 
v -0.0230133 0.0126338 0.0602353 
v -0.0177461 0.0126338 0.0619917 
v -0.0123475 0.0126338 0.0632885 
v -0.00685723 0.0126338 0.0641161 
v -0.00131616 0.0126338 0.0644683 
v 0.00423467 0.0126338 0.0643426 
v 0.0097541 0.0126338 0.0637398 
v 0.0152012 0.0126338 0.0626644 
v 0.0205356 0.0126338 0.0611244 
v 0.0257178 0.0126338 0.0591312 
v 0.0307093 0.0126338 0.0566996 
v 0.0354731 0.0126338 0.0538476 
v 0.0399738 0.0126338 0.0505964 
v 0.0441783 0.0126338 0.04697 
v 0.0480551 0.0126338 0.0429954 
v 0.0515757 0.0126338 0.038702 
v 0.0547139 0.0126338 0.0341217 
v 0.0574464 0.0126338 0.0292884 
v 0.059753 0.0126338 0.0242379 
v 0.0616166 0.0126338 0.0190078 
v 0.0630233 0.0126338 0.0136367 
v 0.0639628 0.0126338 0.0081645 
v 0.0639628 0.0126338 -0.0081645 
v 0.0630347 0.0125809 -0.0136392 
v 0.0616277 0.0125809 -0.0190112 
v 0.0597638 0.0125809 -0.0242423 
v 0.0574568 0.0125809 -0.0292937 
v 0.0547238 0.0125809 -0.0341279 
v 0.051585 0.0125809 -0.038709 
v 0.0480638 0.0125809 -0.0430032 
v 0.0441862 0.0125809 -0.0469785 
v 0.0399811 0.0125809 -0.0506055 
v 0.0354795 0.0125809 -0.0538573 
v 0.0307148 0.0125809 -0.0567098 
v 0.0257224 0.0125809 -0.0591418 
v 0.0205393 0.0125809 -0.0611354 
v 0.015204 0.0125809 -0.0626757 
v 0.00975587 0.0125809 -0.0637513 
v 0.00423544 0.0125809 -0.0643542 
v -0.0013164 0.0125809 -0.06448 
v -0.00685847 0.0125809 -0.0641277 
v -0.0123497 0.0125809 -0.0633 
v -0.0177493 0.0125809 -0.0620029 
v -0.0230174 0.0125809 -0.0602462 
v -0.0281148 0.0125809 -0.0580427 
v -0.0330038 0.0125809 -0.0554089 
v -0.037648 0.0125809 -0.0523644 
v -0.0420132 0.0125809 -0.0489315 
v -0.0460668 0.0125809 -0.0451359 
v -0.0497789 0.0125809 -0.0410057 
v -0.0531219 0.0125809 -0.0365714 
v -0.0560711 0.0125809 -0.0318659 
v -0.0586045 0.0125809 -0.0269242 
v -0.0607034 0.0125809 -0.0217829 
v -0.0623523 0.0125809 -0.0164801 
v -0.0635389 0.0125809 -0.0110551 
v -0.0642543 0.0125809 -0.00554811 
v -0.0644934 0.0125809 -3.16587e-17 
v -0.0642543 0.0125809 0.00554811 
v -0.0635389 0.0125809 0.0110551 
v -0.0623523 0.0125809 0.0164801 
v -0.0607034 0.0125809 0.0217829 
v -0.0586045 0.0125809 0.0269242 
v -0.0560711 0.0125809 0.0318659 
v -0.0531219 0.0125809 0.0365714 
v -0.0497789 0.0125809 0.0410057 
v -0.0460668 0.0125809 0.0451359 
v -0.0420132 0.0125809 0.0489315 
v -0.037648 0.0125809 0.0523644 
v -0.0330038 0.0125809 0.0554089 
v -0.0281148 0.0125809 0.0580427 
v -0.0230174 0.0125809 0.0602462 
v -0.0177493 0.0125809 0.0620029 
v -0.0123497 0.0125809 0.0633 
v -0.00685847 0.0125809 0.0641277 
v -0.0013164 0.0125809 0.06448 
v 0.00423544 0.0125809 0.0643542 
v 0.00975587 0.0125809 0.0637513 
v 0.015204 0.0125809 0.0626757 
v 0.0205393 0.0125809 0.0611354 
v 0.0257224 0.0125809 0.0591418 
v 0.0307148 0.0125809 0.0567098 
v 0.0354795 0.0125809 0.0538573 
v 0.0399811 0.0125809 0.0506055 
v 0.0441862 0.0125809 0.0469785 
v 0.0480638 0.0125809 0.0430032 
v 0.051585 0.0125809 0.038709 
v 0.0547238 0.0125809 0.0341279 
v 0.0574568 0.0125809 0.0292937 
v 0.0597638 0.0125809 0.0242423 
v 0.0616277 0.0125809 0.0190112 
v 0.0630347 0.0125809 0.0136392 
v 0.0639743 0.0125809 0.00816597 
v 0.0639743 0.0125809 -0.00816597 
v 0.0630404 0.0125271 -0.0136404 
v 0.0616333 0.0125271 -0.0190129 
v 0.0597692 0.0125271 -0.0242445 
v 0.057462 0.0125271 -0.0292963 
v 0.0547287 0.0125271 -0.034131 
v 0.0515897 0.0125271 -0.0387125 
v 0.0480682 0.0125271 -0.0430071 
v 0.0441902 0.0125271 -0.0469827 
v 0.0399847 0.0125271 -0.0506101 
v 0.0354827 0.0125271 -0.0538622 
v 0.0307176 0.0125271 -0.0567149 
v 0.0257248 0.0125271 -0.0591472 
v 0.0205412 0.0125271 -0.0611409 
v 0.0152053 0.0125271 -0.0626814 
v 0.00975675 0.0125271 -0.063757 
v 0.00423582 0.0125271 -0.06436 
v -0.00131652 0.0125271 -0.0644858 
v -0.00685909 0.0125271 -0.0641335 
v -0.0123508 0.0125271 -0.0633057 
v -0.017751 0.0125271 -0.0620085 
v -0.0230195 0.0125271 -0.0602516 
v -0.0281174 0.0125271 -0.058048 
v -0.0330068 0.0125271 -0.055414 
v -0.0376514 0.0125271 -0.0523691 
v -0.042017 0.0125271 -0.048936 
v -0.046071 0.0125271 -0.04514 
v -0.0497834 0.0125271 -0.0410094 
v -0.0531267 0.0125271 -0.0365747 
v -0.0560761 0.0125271 -0.0318688 
v -0.0586098 0.0125271 -0.0269267 
v -0.0607089 0.0125271 -0.0217849 
v -0.0623579 0.0125271 -0.0164816 
v -0.0635446 0.0125271 -0.0110561 
v -0.0642602 0.0125271 -0.00554861 
v -0.0644993 0.0125271 -3.20924e-17 
v -0.0642602 0.0125271 0.00554861 
v -0.0635446 0.0125271 0.0110561 
v -0.0623579 0.0125271 0.0164816 
v -0.0607089 0.0125271 0.0217849 
v -0.0586098 0.0125271 0.0269267 
v -0.0560761 0.0125271 0.0318688 
v -0.0531267 0.0125271 0.0365747 
v -0.0497834 0.0125271 0.0410094 
v -0.046071 0.0125271 0.04514 
v -0.042017 0.0125271 0.048936 
v -0.0376514 0.0125271 0.0523691 
v -0.0330068 0.0125271 0.055414 
v -0.0281174 0.0125271 0.058048 
v -0.0230195 0.0125271 0.0602516 
v -0.017751 0.0125271 0.0620085 
v -0.0123508 0.0125271 0.0633057 
v -0.00685909 0.0125271 0.0641335 
v -0.00131652 0.0125271 0.0644858 
v 0.00423582 0.0125271 0.06436 
v 0.00975675 0.0125271 0.063757 
v 0.0152053 0.0125271 0.0626814 
v 0.0205412 0.0125271 0.0611409 
v 0.0257248 0.0125271 0.0591472 
v 0.0307176 0.0125271 0.0567149 
v 0.0354827 0.0125271 0.0538622 
v 0.0399847 0.0125271 0.0506101 
v 0.0441902 0.0125271 0.0469827 
v 0.0480682 0.0125271 0.0430071 
v 0.0515897 0.0125271 0.0387125 
v 0.0547287 0.0125271 0.034131 
v 0.057462 0.0125271 0.0292963 
v 0.0597692 0.0125271 0.0242445 
v 0.0616333 0.0125271 0.0190129 
v 0.0630404 0.0125271 0.0136404 
v 0.0639802 0.0125271 0.00816671 
v 0.0639802 0.0125271 -0.00816671 
v 0.0630404 0.0124729 -0.0136404 
v 0.0616333 0.0124729 -0.0190129 
v 0.0597692 0.0124729 -0.0242445 
v 0.057462 0.0124729 -0.0292963 
v 0.0547287 0.0124729 -0.034131 
v 0.0515897 0.0124729 -0.0387125 
v 0.0480682 0.0124729 -0.0430071 
v 0.0441902 0.0124729 -0.0469827 
v 0.0399847 0.0124729 -0.0506101 
v 0.0354827 0.0124729 -0.0538622 
v 0.0307176 0.0124729 -0.0567149 
v 0.0257248 0.0124729 -0.0591472 
v 0.0205412 0.0124729 -0.0611409 
v 0.0152053 0.0124729 -0.0626814 
v 0.00975675 0.0124729 -0.063757 
v 0.00423582 0.0124729 -0.06436 
v -0.00131652 0.0124729 -0.0644858 
v -0.00685909 0.0124729 -0.0641335 
v -0.0123508 0.0124729 -0.0633057 
v -0.017751 0.0124729 -0.0620085 
v -0.0230195 0.0124729 -0.0602516 
v -0.0281174 0.0124729 -0.058048 
v -0.0330068 0.0124729 -0.055414 
v -0.0376514 0.0124729 -0.0523691 
v -0.042017 0.0124729 -0.048936 
v -0.046071 0.0124729 -0.04514 
v -0.0497834 0.0124729 -0.0410094 
v -0.0531267 0.0124729 -0.0365747 
v -0.0560761 0.0124729 -0.0318688 
v -0.0586098 0.0124729 -0.0269267 
v -0.0607089 0.0124729 -0.0217849 
v -0.0623579 0.0124729 -0.0164816 
v -0.0635446 0.0124729 -0.0110561 
v -0.0642602 0.0124729 -0.00554861 
v -0.0644993 0.0124729 -3.20924e-17 
v -0.0642602 0.0124729 0.00554861 
v -0.0635446 0.0124729 0.0110561 
v -0.0623579 0.0124729 0.0164816 
v -0.0607089 0.0124729 0.0217849 
v -0.0586098 0.0124729 0.0269267 
v -0.0560761 0.0124729 0.0318688 
v -0.0531267 0.0124729 0.0365747 
v -0.0497834 0.0124729 0.0410094 
v -0.046071 0.0124729 0.04514 
v -0.042017 0.0124729 0.048936 
v -0.0376514 0.0124729 0.0523691 
v -0.0330068 0.0124729 0.055414 
v -0.0281174 0.0124729 0.058048 
v -0.0230195 0.0124729 0.0602516 
v -0.017751 0.0124729 0.0620085 
v -0.0123508 0.0124729 0.0633057 
v -0.00685909 0.0124729 0.0641335 
v -0.00131652 0.0124729 0.0644858 
v 0.00423582 0.0124729 0.06436 
v 0.00975675 0.0124729 0.063757 
v 0.0152053 0.0124729 0.0626814 
v 0.0205412 0.0124729 0.0611409 
v 0.0257248 0.0124729 0.0591472 
v 0.0307176 0.0124729 0.0567149 
v 0.0354827 0.0124729 0.0538622 
v 0.0399847 0.0124729 0.0506101 
v 0.0441902 0.0124729 0.0469827 
v 0.0480682 0.0124729 0.0430071 
v 0.0515897 0.0124729 0.0387125 
v 0.0547287 0.0124729 0.034131 
v 0.057462 0.0124729 0.0292963 
v 0.0597692 0.0124729 0.0242445 
v 0.0616333 0.0124729 0.0190129 
v 0.0630404 0.0124729 0.0136404 
v 0.0639802 0.0124729 0.00816671 
v 0.0639802 0.0124729 -0.00816671 
v 0.0630347 0.0124191 -0.0136392 
v 0.0616277 0.0124191 -0.0190112 
v 0.0597638 0.0124191 -0.0242423 
v 0.0574568 0.0124191 -0.0292937 
v 0.0547238 0.0124191 -0.0341279 
v 0.051585 0.0124191 -0.038709 
v 0.0480638 0.0124191 -0.0430032 
v 0.0441862 0.0124191 -0.0469785 
v 0.0399811 0.0124191 -0.0506055 
v 0.0354795 0.0124191 -0.0538573 
v 0.0307148 0.0124191 -0.0567098 
v 0.0257224 0.0124191 -0.0591418 
v 0.0205393 0.0124191 -0.0611354 
v 0.015204 0.0124191 -0.0626757 
v 0.00975587 0.0124191 -0.0637513 
v 0.00423544 0.0124191 -0.0643542 
v -0.0013164 0.0124191 -0.06448 
v -0.00685847 0.0124191 -0.0641277 
v -0.0123497 0.0124191 -0.0633 
v -0.0177493 0.0124191 -0.0620029 
v -0.0230174 0.0124191 -0.0602462 
v -0.0281148 0.0124191 -0.0580427 
v -0.0330038 0.0124191 -0.0554089 
v -0.037648 0.0124191 -0.0523644 
v -0.0420132 0.0124191 -0.0489315 
v -0.0460668 0.0124191 -0.0451359 
v -0.0497789 0.0124191 -0.0410057 
v -0.0531219 0.0124191 -0.0365714 
v -0.0560711 0.0124191 -0.0318659 
v -0.0586045 0.0124191 -0.0269242 
v -0.0607034 0.0124191 -0.0217829 
v -0.0623523 0.0124191 -0.0164801 
v -0.0635389 0.0124191 -0.0110551 
v -0.0642543 0.0124191 -0.00554811 
v -0.0644934 0.0124191 -3.16587e-17 
v -0.0642543 0.0124191 0.00554811 
v -0.0635389 0.0124191 0.0110551 
v -0.0623523 0.0124191 0.0164801 
v -0.0607034 0.0124191 0.0217829 
v -0.0586045 0.0124191 0.0269242 
v -0.0560711 0.0124191 0.0318659 
v -0.0531219 0.0124191 0.0365714 
v -0.0497789 0.0124191 0.0410057 
v -0.0460668 0.0124191 0.0451359 
v -0.0420132 0.0124191 0.0489315 
v -0.037648 0.0124191 0.0523644 
v -0.0330038 0.0124191 0.0554089 
v -0.0281148 0.0124191 0.0580427 
v -0.0230174 0.0124191 0.0602462 
v -0.0177493 0.0124191 0.0620029 
v -0.0123497 0.0124191 0.0633 
v -0.00685847 0.0124191 0.0641277 
v -0.0013164 0.0124191 0.06448 
v 0.00423544 0.0124191 0.0643542 
v 0.00975587 0.0124191 0.0637513 
v 0.015204 0.0124191 0.0626757 
v 0.0205393 0.0124191 0.0611354 
v 0.0257224 0.0124191 0.0591418 
v 0.0307148 0.0124191 0.0567098 
v 0.0354795 0.0124191 0.0538573 
v 0.0399811 0.0124191 0.0506055 
v 0.0441862 0.0124191 0.0469785 
v 0.0480638 0.0124191 0.0430032 
v 0.051585 0.0124191 0.038709 
v 0.0547238 0.0124191 0.0341279 
v 0.0574568 0.0124191 0.0292937 
v 0.0597638 0.0124191 0.0242423 
v 0.0616277 0.0124191 0.0190112 
v 0.0630347 0.0124191 0.0136392 
v 0.0639743 0.0124191 0.00816597 
v 0.0639743 0.0124191 -0.00816597 
v 0.0630233 0.0123662 -0.0136367 
v 0.0616166 0.0123662 -0.0190078 
v 0.059753 0.0123662 -0.0242379 
v 0.0574464 0.0123662 -0.0292884 
v 0.0547139 0.0123662 -0.0341217 
v 0.0515757 0.0123662 -0.038702 
v 0.0480551 0.0123662 -0.0429954 
v 0.0441783 0.0123662 -0.04697 
v 0.0399738 0.0123662 -0.0505964 
v 0.0354731 0.0123662 -0.0538476 
v 0.0307093 0.0123662 -0.0566996 
v 0.0257178 0.0123662 -0.0591312 
v 0.0205356 0.0123662 -0.0611244 
v 0.0152012 0.0123662 -0.0626644 
v 0.0097541 0.0123662 -0.0637398 
v 0.00423467 0.0123662 -0.0643426 
v -0.00131616 0.0123662 -0.0644683 
v -0.00685723 0.0123662 -0.0641161 
v -0.0123475 0.0123662 -0.0632885 
v -0.0177461 0.0123662 -0.0619917 
v -0.0230133 0.0123662 -0.0602353 
v -0.0281097 0.0123662 -0.0580322 
v -0.0329978 0.0123662 -0.0553989 
v -0.0376412 0.0123662 -0.0523549 
v -0.0420056 0.0123662 -0.0489227 
v -0.0460585 0.0123662 -0.0451278 
v -0.0497699 0.0123662 -0.0409983 
v -0.0531123 0.0123662 -0.0365648 
v -0.0560609 0.0123662 -0.0318602 
v -0.0585939 0.0123662 -0.0269194 
v -0.0606925 0.0123662 -0.021779 
v -0.062341 0.0123662 -0.0164771 
v -0.0635274 0.0123662 -0.0110531 
v -0.0642427 0.0123662 -0.00554711 
v -0.0644818 0.0123662 -3.16587e-17 
v -0.0642427 0.0123662 0.00554711 
v -0.0635274 0.0123662 0.0110531 
v -0.062341 0.0123662 0.0164771 
v -0.0606925 0.0123662 0.021779 
v -0.0585939 0.0123662 0.0269194 
v -0.0560609 0.0123662 0.0318602 
v -0.0531123 0.0123662 0.0365648 
v -0.0497699 0.0123662 0.0409983 
v -0.0460585 0.0123662 0.0451278 
v -0.0420056 0.0123662 0.0489227 
v -0.0376412 0.0123662 0.0523549 
v -0.0329978 0.0123662 0.0553989 
v -0.0281097 0.0123662 0.0580322 
v -0.0230133 0.0123662 0.0602353 
v -0.0177461 0.0123662 0.0619917 
v -0.0123475 0.0123662 0.0632885 
v -0.00685723 0.0123662 0.0641161 
v -0.00131616 0.0123662 0.0644683 
v 0.00423467 0.0123662 0.0643426 
v 0.0097541 0.0123662 0.0637398 
v 0.0152012 0.0123662 0.0626644 
v 0.0205356 0.0123662 0.0611244 
v 0.0257178 0.0123662 0.0591312 
v 0.0307093 0.0123662 0.0566996 
v 0.0354731 0.0123662 0.0538476 
v 0.0399738 0.0123662 0.0505964 
v 0.0441783 0.0123662 0.04697 
v 0.0480551 0.0123662 0.0429954 
v 0.0515757 0.0123662 0.038702 
v 0.0547139 0.0123662 0.0341217 
v 0.0574464 0.0123662 0.0292884 
v 0.059753 0.0123662 0.0242379 
v 0.0616166 0.0123662 0.0190078 
v 0.0630233 0.0123662 0.0136367 
v 0.0639628 0.0123662 0.0081645 
v 0.0639628 0.0123662 -0.0081645 
v 0.0630064 0.0123149 -0.013633 
v 0.0616001 0.0123149 -0.0190027 
v 0.059737 0.0123149 -0.0242314 
v 0.057431 0.0123149 -0.0292805 
v 0.0546992 0.0123149 -0.0341126 
v 0.0515619 0.0123149 -0.0386917 
v 0.0480422 0.0123149 -0.0429839 
v 0.0441664 0.0123149 -0.0469574 
v 0.0399631 0.0123149 -0.0505828 
v 0.0354635 0.0123149 -0.0538331 
v 0.030701 0.0123149 -0.0566844 
v 0.0257109 0.0123149 -0.0591153 
v 0.0205301 0.0123149 -0.061108 
v 0.0151971 0.0123149 -0.0626476 
v 0.00975149 0.0123149 -0.0637227 
v 0.00423354 0.0123149 -0.0643253 
v -0.00131581 0.0123149 -0.0644511 
v -0.00685539 0.0123149 -0.0640989 
v -0.0123442 0.0123149 -0.0632716 
v -0.0177414 0.0123149 -0.0619751 
v -0.0230071 0.0123149 -0.0602191 
v -0.0281022 0.0123149 -0.0580167 
v -0.032989 0.0123149 -0.0553841 
v -0.0376311 0.0123149 -0.0523409 
v -0.0419943 0.0123149 -0.0489096 
v -0.0460461 0.0123149 -0.0451157 
v -0.0497566 0.0123149 -0.0409873 
v -0.0530981 0.0123149 -0.036555 
v -0.0560459 0.0123149 -0.0318516 
v -0.0585782 0.0123149 -0.0269122 
v -0.0606762 0.0123149 -0.0217731 
v -0.0623243 0.0123149 -0.0164727 
v -0.0635104 0.0123149 -0.0110501 
v -0.0642255 0.0123149 -0.00554562 
v -0.0644645 0.0123149 -3.16587e-17 
v -0.0642255 0.0123149 0.00554562 
v -0.0635104 0.0123149 0.0110501 
v -0.0623243 0.0123149 0.0164727 
v -0.0606762 0.0123149 0.0217731 
v -0.0585782 0.0123149 0.0269122 
v -0.0560459 0.0123149 0.0318516 
v -0.0530981 0.0123149 0.036555 
v -0.0497566 0.0123149 0.0409873 
v -0.0460461 0.0123149 0.0451157 
v -0.0419943 0.0123149 0.0489096 
v -0.0376311 0.0123149 0.0523409 
v -0.032989 0.0123149 0.0553841 
v -0.0281022 0.0123149 0.0580167 
v -0.0230071 0.0123149 0.0602191 
v -0.0177414 0.0123149 0.0619751 
v -0.0123442 0.0123149 0.0632716 
v -0.00685539 0.0123149 0.0640989 
v -0.00131581 0.0123149 0.0644511 
v 0.00423354 0.0123149 0.0643253 
v 0.00975149 0.0123149 0.0637227 
v 0.0151971 0.0123149 0.0626476 
v 0.0205301 0.0123149 0.061108 
v 0.0257109 0.0123149 0.0591153 
v 0.030701 0.0123149 0.0566844 
v 0.0354635 0.0123149 0.0538331 
v 0.0399631 0.0123149 0.0505828 
v 0.0441664 0.0123149 0.0469574 
v 0.0480422 0.0123149 0.0429839 
v 0.0515619 0.0123149 0.0386917 
v 0.0546992 0.0123149 0.0341126 
v 0.057431 0.0123149 0.0292805 
v 0.059737 0.0123149 0.0242314 
v 0.0616001 0.0123149 0.0190027 
v 0.0630064 0.0123149 0.013633 
v 0.0639457 0.0123149 0.00816231 
v 0.0639457 0.0123149 -0.00816231 
v 0.0629842 0.0122658 -0.0136282 
v 0.0615783 0.0122658 -0.018996 
v 0.0597159 0.0122658 -0.0242229 
v 0.0574107 0.0122658 -0.0292702 
v 0.0546799 0.0122658 -0.0341005 
v 0.0515437 0.0122658 -0.038678 
v 0.0480253 0.0122658 -0.0429687 
v 0.0441508 0.0122658 -0.0469409 
v 0.039949 0.0122658 -0.050565 
v 0.035451 0.0122658 -0.0538142 
v 0.0306902 0.0122658 -0.0566644 
v 0.0257018 0.0122658 -0.0590945 
v 0.0205229 0.0122658 -0.0610864 
v 0.0151918 0.0122658 -0.0626255 
v 0.00974805 0.0122658 -0.0637002 
v 0.00423204 0.0122658 -0.0643026 
v -0.00131534 0.0122658 -0.0644283 
v -0.00685297 0.0122658 -0.0640763 
v -0.0123398 0.0122658 -0.0632493 
v -0.0177351 0.0122658 -0.0619532 
v -0.022999 0.0122658 -0.0601979 
v -0.0280923 0.0122658 -0.0579962 
v -0.0329773 0.0122658 -0.0553646 
v -0.0376179 0.0122658 -0.0523224 
v -0.0419795 0.0122658 -0.0488923 
v -0.0460299 0.0122658 -0.0450998 
v -0.049739 0.0122658 -0.0409728 
v -0.0530793 0.0122658 -0.0365421 
v -0.0560261 0.0122658 -0.0318404 
v -0.0585575 0.0122658 -0.0269027 
v -0.0606548 0.0122658 -0.0217655 
v -0.0623023 0.0122658 -0.0164669 
v -0.063488 0.0122658 -0.0110462 
v -0.0642029 0.0122658 -0.00554366 
v -0.0644418 0.0122658 -3.1225e-17 
v -0.0642029 0.0122658 0.00554366 
v -0.063488 0.0122658 0.0110462 
v -0.0623023 0.0122658 0.0164669 
v -0.0606548 0.0122658 0.0217655 
v -0.0585575 0.0122658 0.0269027 
v -0.0560261 0.0122658 0.0318404 
v -0.0530793 0.0122658 0.0365421 
v -0.049739 0.0122658 0.0409728 
v -0.0460299 0.0122658 0.0450998 
v -0.0419795 0.0122658 0.0488923 
v -0.0376179 0.0122658 0.0523224 
v -0.0329773 0.0122658 0.0553646 
v -0.0280923 0.0122658 0.0579962 
v -0.022999 0.0122658 0.0601979 
v -0.0177351 0.0122658 0.0619532 
v -0.0123398 0.0122658 0.0632493 
v -0.00685297 0.0122658 0.0640763 
v -0.00131534 0.0122658 0.0644283 
v 0.00423204 0.0122658 0.0643026 
v 0.00974805 0.0122658 0.0637002 
v 0.0151918 0.0122658 0.0626255 
v 0.0205229 0.0122658 0.0610864 
v 0.0257018 0.0122658 0.0590945 
v 0.0306902 0.0122658 0.0566644 
v 0.035451 0.0122658 0.0538142 
v 0.039949 0.0122658 0.050565 
v 0.0441508 0.0122658 0.0469409 
v 0.0480253 0.0122658 0.0429687 
v 0.0515437 0.0122658 0.038678 
v 0.0546799 0.0122658 0.0341005 
v 0.0574107 0.0122658 0.0292702 
v 0.0597159 0.0122658 0.0242229 
v 0.0615783 0.0122658 0.018996 
v 0.0629842 0.0122658 0.0136282 
v 0.0639231 0.0122658 0.00815943 
v 0.0639231 0.0122658 -0.00815943 
v 0.0629569 0.0122194 -0.0136223 
v 0.0615517 0.0122194 -0.0189878 
v 0.0596901 0.0122194 -0.0242124 
v 0.0573859 0.0122194 -0.0292575 
v 0.0546562 0.0122194 -0.0340858 
v 0.0515214 0.0122194 -0.0386613 
v 0.0480045 0.0122194 -0.0429501 
v 0.0441317 0.0122194 -0.0469205 
v 0.0399317 0.0122194 -0.0505431 
v 0.0354357 0.0122194 -0.0537909 
v 0.0306769 0.0122194 -0.0566398 
v 0.0256907 0.0122194 -0.0590689 
v 0.020514 0.0122194 -0.06106 
v 0.0151852 0.0122194 -0.0625983 
v 0.00974383 0.0122194 -0.0636726 
v 0.00423021 0.0122194 -0.0642748 
v -0.00131477 0.0122194 -0.0644004 
v -0.00685001 0.0122194 -0.0640486 
v -0.0123345 0.0122194 -0.0632219 
v -0.0177275 0.0122194 -0.0619264 
v -0.022989 0.0122194 -0.0601718 
v -0.0280801 0.0122194 -0.0579711 
v -0.0329631 0.0122194 -0.0553406 
v -0.0376016 0.0122194 -0.0522998 
v -0.0419613 0.0122194 -0.0488712 
v -0.04601 0.0122194 -0.0450802 
v -0.0497175 0.0122194 -0.0409551 
v -0.0530564 0.0122194 -0.0365262 
v -0.0560019 0.0122194 -0.0318266 
v -0.0585322 0.0122194 -0.026891 
v -0.0606285 0.0122194 -0.021756 
v -0.0622754 0.0122194 -0.0164598 
v -0.0634605 0.0122194 -0.0110414 
v -0.0641751 0.0122194 -0.00554126 
v -0.0644138 0.0122194 -3.16587e-17 
v -0.0641751 0.0122194 0.00554126 
v -0.0634605 0.0122194 0.0110414 
v -0.0622754 0.0122194 0.0164598 
v -0.0606285 0.0122194 0.021756 
v -0.0585322 0.0122194 0.026891 
v -0.0560019 0.0122194 0.0318266 
v -0.0530564 0.0122194 0.0365262 
v -0.0497175 0.0122194 0.0409551 
v -0.04601 0.0122194 0.0450802 
v -0.0419613 0.0122194 0.0488712 
v -0.0376016 0.0122194 0.0522998 
v -0.0329631 0.0122194 0.0553406 
v -0.0280801 0.0122194 0.0579711 
v -0.022989 0.0122194 0.0601718 
v -0.0177275 0.0122194 0.0619264 
v -0.0123345 0.0122194 0.0632219 
v -0.00685001 0.0122194 0.0640486 
v -0.00131477 0.0122194 0.0644004 
v 0.00423021 0.0122194 0.0642748 
v 0.00974383 0.0122194 0.0636726 
v 0.0151852 0.0122194 0.0625983 
v 0.020514 0.0122194 0.06106 
v 0.0256907 0.0122194 0.0590689 
v 0.0306769 0.0122194 0.0566398 
v 0.0354357 0.0122194 0.0537909 
v 0.0399317 0.0122194 0.0505431 
v 0.0441317 0.0122194 0.0469205 
v 0.0480045 0.0122194 0.0429501 
v 0.0515214 0.0122194 0.0386613 
v 0.0546562 0.0122194 0.0340858 
v 0.0573859 0.0122194 0.0292575 
v 0.0596901 0.0122194 0.0242124 
v 0.0615517 0.0122194 0.0189878 
v 0.0629569 0.0122194 0.0136223 
v 0.0638954 0.0122194 0.0081559 
v 0.0638954 0.0122194 -0.0081559 
v 0.0629249 0.0121763 -0.0136154 
v 0.0615204 0.0121763 -0.0189781 
v 0.0596597 0.0121763 -0.0242001 
v 0.0573567 0.0121763 -0.0292427 
v 0.0546284 0.0121763 -0.0340684 
v 0.0514952 0.0121763 -0.0386416 
v 0.0479801 0.0121763 -0.0429283 
v 0.0441093 0.0121763 -0.0468967 
v 0.0399114 0.0121763 -0.0505173 
v 0.0354177 0.0121763 -0.0537635 
v 0.0306613 0.0121763 -0.056611 
v 0.0256776 0.0121763 -0.0590388 
v 0.0205036 0.0121763 -0.0610289 
v 0.0151775 0.0121763 -0.0625665 
v 0.00973887 0.0121763 -0.0636402 
v 0.00422806 0.0121763 -0.0642421 
v -0.0013141 0.0121763 -0.0643677 
v -0.00684652 0.0121763 -0.064016 
v -0.0123282 0.0121763 -0.0631897 
v -0.0177184 0.0121763 -0.0618949 
v -0.0229773 0.0121763 -0.0601412 
v -0.0280658 0.0121763 -0.0579416 
v -0.0329463 0.0121763 -0.0553124 
v -0.0375825 0.0121763 -0.0522732 
v -0.04194 0.0121763 -0.0488463 
v -0.0459866 0.0121763 -0.0450573 
v -0.0496922 0.0121763 -0.0409342 
v -0.0530294 0.0121763 -0.0365077 
v -0.0559734 0.0121763 -0.0318104 
v -0.0585024 0.0121763 -0.0268773 
v -0.0605977 0.0121763 -0.021745 
v -0.0622437 0.0121763 -0.0164514 
v -0.0634282 0.0121763 -0.0110358 
v -0.0641424 0.0121763 -0.00553844 
v -0.0643811 0.0121763 -3.16587e-17 
v -0.0641424 0.0121763 0.00553844 
v -0.0634282 0.0121763 0.0110358 
v -0.0622437 0.0121763 0.0164514 
v -0.0605977 0.0121763 0.021745 
v -0.0585024 0.0121763 0.0268773 
v -0.0559734 0.0121763 0.0318104 
v -0.0530294 0.0121763 0.0365077 
v -0.0496922 0.0121763 0.0409342 
v -0.0459866 0.0121763 0.0450573 
v -0.04194 0.0121763 0.0488463 
v -0.0375825 0.0121763 0.0522732 
v -0.0329463 0.0121763 0.0553124 
v -0.0280658 0.0121763 0.0579416 
v -0.0229773 0.0121763 0.0601412 
v -0.0177184 0.0121763 0.0618949 
v -0.0123282 0.0121763 0.0631897 
v -0.00684652 0.0121763 0.064016 
v -0.0013141 0.0121763 0.0643677 
v 0.00422806 0.0121763 0.0642421 
v 0.00973887 0.0121763 0.0636402 
v 0.0151775 0.0121763 0.0625665 
v 0.0205036 0.0121763 0.0610289 
v 0.0256776 0.0121763 0.0590388 
v 0.0306613 0.0121763 0.056611 
v 0.0354177 0.0121763 0.0537635 
v 0.0399114 0.0121763 0.0505173 
v 0.0441093 0.0121763 0.0468967 
v 0.0479801 0.0121763 0.0429283 
v 0.0514952 0.0121763 0.0386416 
v 0.0546284 0.0121763 0.0340684 
v 0.0573567 0.0121763 0.0292427 
v 0.0596597 0.0121763 0.0242001 
v 0.0615204 0.0121763 0.0189781 
v 0.0629249 0.0121763 0.0136154 
v 0.0638629 0.0121763 0.00815175 
v 0.0638629 0.0121763 -0.00815175 
v 0.0628885 0.012137 -0.0136075 
v 0.0614848 0.012137 -0.0189671 
v 0.0596252 0.012137 -0.0241861 
v 0.0573235 0.012137 -0.0292258 
v 0.0545968 0.012137 -0.0340487 
v 0.0514654 0.012137 -0.0386192 
v 0.0479523 0.012137 -0.0429034 
v 0.0440838 0.012137 -0.0468695 
v 0.0398883 0.012137 -0.0504881 
v 0.0353972 0.012137 -0.0537324 
v 0.0306436 0.012137 -0.0565783 
v 0.0256628 0.012137 -0.0590047 
v 0.0204917 0.012137 -0.0609936 
v 0.0151687 0.012137 -0.0625303 
v 0.00973324 0.012137 -0.0636034 
v 0.00422561 0.012137 -0.0642049 
v -0.00131334 0.012137 -0.0643304 
v -0.00684256 0.012137 -0.063979 
v -0.0123211 0.012137 -0.0631532 
v -0.0177082 0.012137 -0.0618591 
v -0.022964 0.012137 -0.0601064 
v -0.0280496 0.012137 -0.0579081 
v -0.0329272 0.012137 -0.0552805 
v -0.0375607 0.012137 -0.0522429 
v -0.0419157 0.012137 -0.0488181 
v -0.04596 0.012137 -0.0450312 
v -0.0496634 0.012137 -0.0409106 
v -0.0529987 0.012137 -0.0364866 
v -0.055941 0.012137 -0.031792 
v -0.0584686 0.012137 -0.0268618 
v -0.0605626 0.012137 -0.0217324 
v -0.0622077 0.012137 -0.0164419 
v -0.0633915 0.012137 -0.0110294 
v -0.0641053 0.012137 -0.00553524 
v -0.0643438 0.012137 -3.1225e-17 
v -0.0641053 0.012137 0.00553524 
v -0.0633915 0.012137 0.0110294 
v -0.0622077 0.012137 0.0164419 
v -0.0605626 0.012137 0.0217324 
v -0.0584686 0.012137 0.0268618 
v -0.055941 0.012137 0.031792 
v -0.0529987 0.012137 0.0364866 
v -0.0496634 0.012137 0.0409106 
v -0.04596 0.012137 0.0450312 
v -0.0419157 0.012137 0.0488181 
v -0.0375607 0.012137 0.0522429 
v -0.0329272 0.012137 0.0552805 
v -0.0280496 0.012137 0.0579081 
v -0.022964 0.012137 0.0601064 
v -0.0177082 0.012137 0.0618591 
v -0.0123211 0.012137 0.0631532 
v -0.00684256 0.012137 0.063979 
v -0.00131334 0.012137 0.0643304 
v 0.00422561 0.012137 0.0642049 
v 0.00973324 0.012137 0.0636034 
v 0.0151687 0.012137 0.0625303 
v 0.0204917 0.012137 0.0609936 
v 0.0256628 0.012137 0.0590047 
v 0.0306436 0.012137 0.0565783 
v 0.0353972 0.012137 0.0537324 
v 0.0398883 0.012137 0.0504881 
v 0.0440838 0.012137 0.0468695 
v 0.0479523 0.012137 0.0429034 
v 0.0514654 0.012137 0.0386192 
v 0.0545968 0.012137 0.0340487 
v 0.0573235 0.012137 0.0292258 
v 0.0596252 0.012137 0.0241861 
v 0.0614848 0.012137 0.0189671 
v 0.0628885 0.012137 0.0136075 
v 0.063826 0.012137 0.00814703 
v 0.063826 0.012137 -0.00814703 
v 0.0628482 0.012102 -0.0135988 
v 0.0614454 0.012102 -0.018955 
v 0.059587 0.012102 -0.0241706 
v 0.0572868 0.012102 -0.029207 
v 0.0545618 0.012102 -0.0340269 
v 0.0514324 0.012102 -0.0385945 
v 0.0479216 0.012102 -0.0428759 
v 0.0440555 0.012102 -0.0468395 
v 0.0398628 0.012102 -0.0504558 
v 0.0353745 0.012102 -0.0536979 
v 0.0306239 0.012102 -0.056542 
v 0.0256463 0.012102 -0.0589668 
v 0.0204786 0.012102 -0.0609545 
v 0.015159 0.012102 -0.0624902 
v 0.009727 0.012102 -0.0635626 
v 0.0042229 0.012102 -0.0641638 
v -0.0013125 0.012102 -0.0642892 
v -0.00683817 0.012102 -0.063938 
v -0.0123131 0.012102 -0.0631127 
v -0.0176968 0.012102 -0.0618195 
v -0.0229493 0.012102 -0.0600679 
v -0.0280316 0.012102 -0.057871 
v -0.0329061 0.012102 -0.055245 
v -0.0375366 0.012102 -0.0522094 
v -0.0418888 0.012102 -0.0487867 
v -0.0459305 0.012102 -0.0450024 
v -0.0496316 0.012102 -0.0408843 
v -0.0529647 0.012102 -0.0364632 
v -0.0559051 0.012102 -0.0317716 
v -0.0584311 0.012102 -0.0268446 
v -0.0605238 0.012102 -0.0217185 
v -0.0621678 0.012102 -0.0164313 
v -0.0633508 0.012102 -0.0110224 
v -0.0640642 0.012102 -0.00553169 
v -0.0643026 0.012102 -3.16587e-17 
v -0.0640642 0.012102 0.00553169 
v -0.0633508 0.012102 0.0110224 
v -0.0621678 0.012102 0.0164313 
v -0.0605238 0.012102 0.0217185 
v -0.0584311 0.012102 0.0268446 
v -0.0559051 0.012102 0.0317716 
v -0.0529647 0.012102 0.0364632 
v -0.0496316 0.012102 0.0408843 
v -0.0459305 0.012102 0.0450024 
v -0.0418888 0.012102 0.0487867 
v -0.0375366 0.012102 0.0522094 
v -0.0329061 0.012102 0.055245 
v -0.0280316 0.012102 0.057871 
v -0.0229493 0.012102 0.0600679 
v -0.0176968 0.012102 0.0618195 
v -0.0123131 0.012102 0.0631127 
v -0.00683817 0.012102 0.063938 
v -0.0013125 0.012102 0.0642892 
v 0.0042229 0.012102 0.0641638 
v 0.009727 0.012102 0.0635626 
v 0.015159 0.012102 0.0624902 
v 0.0204786 0.012102 0.0609545 
v 0.0256463 0.012102 0.0589668 
v 0.0306239 0.012102 0.056542 
v 0.0353745 0.012102 0.0536979 
v 0.0398628 0.012102 0.0504558 
v 0.0440555 0.012102 0.0468395 
v 0.0479216 0.012102 0.0428759 
v 0.0514324 0.012102 0.0385945 
v 0.0545618 0.012102 0.0340269 
v 0.0572868 0.012102 0.029207 
v 0.059587 0.012102 0.0241706 
v 0.0614454 0.012102 0.018955 
v 0.0628482 0.012102 0.0135988 
v 0.0637851 0.012102 0.00814181 
v 0.0637851 0.012102 -0.00814181 
v 0.0628044 0.0120716 -0.0135893 
v 0.0614025 0.0120716 -0.0189418 
v 0.0595454 0.0120716 -0.0241537 
v 0.0572468 0.0120716 -0.0291867 
v 0.0545238 0.0120716 -0.0340032 
v 0.0513965 0.0120716 -0.0385676 
v 0.0478882 0.0120716 -0.042846 
v 0.0440248 0.0120716 -0.0468068 
v 0.039835 0.0120716 -0.0504206 
v 0.0353498 0.0120716 -0.0536605 
v 0.0306026 0.0120716 -0.0565026 
v 0.0256284 0.0120716 -0.0589258 
v 0.0204643 0.0120716 -0.060912 
v 0.0151484 0.0120716 -0.0624467 
v 0.00972022 0.0120716 -0.0635183 
v 0.00421996 0.0120716 -0.0641191 
v -0.00131159 0.0120716 -0.0642444 
v -0.00683341 0.0120716 -0.0638934 
v -0.0123046 0.0120716 -0.0630687 
v -0.0176845 0.0120716 -0.0617764 
v -0.0229333 0.0120716 -0.060026 
v -0.0280121 0.0120716 -0.0578307 
v -0.0328832 0.0120716 -0.0552065 
v -0.0375105 0.0120716 -0.052173 
v -0.0418597 0.0120716 -0.0487528 
v -0.0458985 0.0120716 -0.044971 
v -0.049597 0.0120716 -0.0408558 
v -0.0529278 0.0120716 -0.0364377 
v -0.0558662 0.0120716 -0.0317495 
v -0.0583904 0.0120716 -0.0268259 
v -0.0604816 0.0120716 -0.0217033 
v -0.0621245 0.0120716 -0.0164199 
v -0.0633067 0.0120716 -0.0110147 
v -0.0640196 0.0120716 -0.00552784 
v -0.0642578 0.0120716 -3.20924e-17 
v -0.0640196 0.0120716 0.00552784 
v -0.0633067 0.0120716 0.0110147 
v -0.0621245 0.0120716 0.0164199 
v -0.0604816 0.0120716 0.0217033 
v -0.0583904 0.0120716 0.0268259 
v -0.0558662 0.0120716 0.0317495 
v -0.0529278 0.0120716 0.0364377 
v -0.049597 0.0120716 0.0408558 
v -0.0458985 0.0120716 0.044971 
v -0.0418597 0.0120716 0.0487528 
v -0.0375105 0.0120716 0.052173 
v -0.0328832 0.0120716 0.0552065 
v -0.0280121 0.0120716 0.0578307 
v -0.0229333 0.0120716 0.060026 
v -0.0176845 0.0120716 0.0617764 
v -0.0123046 0.0120716 0.0630687 
v -0.00683341 0.0120716 0.0638934 
v -0.00131159 0.0120716 0.0642444 
v 0.00421996 0.0120716 0.0641191 
v 0.00972022 0.0120716 0.0635183 
v 0.0151484 0.0120716 0.0624467 
v 0.0204643 0.0120716 0.060912 
v 0.0256284 0.0120716 0.0589258 
v 0.0306026 0.0120716 0.0565026 
v 0.0353498 0.0120716 0.0536605 
v 0.039835 0.0120716 0.0504206 
v 0.0440248 0.0120716 0.0468068 
v 0.0478882 0.0120716 0.042846 
v 0.0513965 0.0120716 0.0385676 
v 0.0545238 0.0120716 0.0340032 
v 0.0572468 0.0120716 0.0291867 
v 0.0595454 0.0120716 0.0241537 
v 0.0614025 0.0120716 0.0189418 
v 0.0628044 0.0120716 0.0135893 
v 0.0637406 0.0120716 0.00813614 
v 0.0637406 0.0120716 -0.00813614 
v 0.0627576 0.0120462 -0.0135792 
v 0.0613568 0.0120462 -0.0189277 
v 0.0595011 0.0120462 -0.0241358 
v 0.0572042 0.0120462 -0.0291649 
v 0.0544832 0.0120462 -0.0339779 
v 0.0513583 0.0120462 -0.0385389 
v 0.0478525 0.0120462 -0.0428142 
v 0.043992 0.0120462 -0.046772 
v 0.0398053 0.0120462 -0.0503831 
v 0.0353235 0.0120462 -0.0536206 
v 0.0305798 0.0120462 -0.0564605 
v 0.0256094 0.0120462 -0.0588819 
v 0.0204491 0.0120462 -0.0608667 
v 0.0151371 0.0120462 -0.0624002 
v 0.00971299 0.0120462 -0.0634711 
v 0.00421682 0.0120462 -0.0640713 
v -0.00131061 0.0120462 -0.0641966 
v -0.00682832 0.0120462 -0.0638458 
v -0.0122954 0.0120462 -0.0630217 
v -0.0176713 0.0120462 -0.0617304 
v -0.0229162 0.0120462 -0.0599814 
v -0.0279912 0.0120462 -0.0577876 
v -0.0328587 0.0120462 -0.0551654 
v -0.0374826 0.0120462 -0.0521342 
v -0.0418285 0.0120462 -0.0487165 
v -0.0458643 0.0120462 -0.0449375 
v -0.0495601 0.0120462 -0.0408254 
v -0.0528884 0.0120462 -0.0364106 
v -0.0558246 0.0120462 -0.0317259 
v -0.0583469 0.0120462 -0.0268059 
v -0.0604366 0.0120462 -0.0216872 
v -0.0620782 0.0120462 -0.0164077 
v -0.0632596 0.0120462 -0.0110065 
v -0.0639719 0.0120462 -0.00552372 
v -0.0642099 0.0120462 -3.16587e-17 
v -0.0639719 0.0120462 0.00552372 
v -0.0632596 0.0120462 0.0110065 
v -0.0620782 0.0120462 0.0164077 
v -0.0604366 0.0120462 0.0216872 
v -0.0583469 0.0120462 0.0268059 
v -0.0558246 0.0120462 0.0317259 
v -0.0528884 0.0120462 0.0364106 
v -0.0495601 0.0120462 0.0408254 
v -0.0458643 0.0120462 0.0449375 
v -0.0418285 0.0120462 0.0487165 
v -0.0374826 0.0120462 0.0521342 
v -0.0328587 0.0120462 0.0551654 
v -0.0279912 0.0120462 0.0577876 
v -0.0229162 0.0120462 0.0599814 
v -0.0176713 0.0120462 0.0617304 
v -0.0122954 0.0120462 0.0630217 
v -0.00682832 0.0120462 0.0638458 
v -0.00131061 0.0120462 0.0641966 
v 0.00421682 0.0120462 0.0640713 
v 0.00971299 0.0120462 0.0634711 
v 0.0151371 0.0120462 0.0624002 
v 0.0204491 0.0120462 0.0608667 
v 0.0256094 0.0120462 0.0588819 
v 0.0305798 0.0120462 0.0564605 
v 0.0353235 0.0120462 0.0536206 
v 0.0398053 0.0120462 0.0503831 
v 0.043992 0.0120462 0.046772 
v 0.0478525 0.0120462 0.0428142 
v 0.0513583 0.0120462 0.0385389 
v 0.0544832 0.0120462 0.0339779 
v 0.0572042 0.0120462 0.0291649 
v 0.0595011 0.0120462 0.0241358 
v 0.0613568 0.0120462 0.0189277 
v 0.0627576 0.0120462 0.0135792 
v 0.0636932 0.0120462 0.00813008 
v 0.0636932 0.0120462 -0.00813008 
v 0.0627085 0.0120262 -0.0135686 
v 0.0613088 0.0120262 -0.0189128 
v 0.0594545 0.0120262 -0.0241169 
v 0.0571594 0.0120262 -0.0291421 
v 0.0544405 0.0120262 -0.0339512 
v 0.051318 0.0120262 -0.0385087 
v 0.0478151 0.0120262 -0.0427806 
v 0.0439576 0.0120262 -0.0467354 
v 0.0397741 0.0120262 -0.0503436 
v 0.0352958 0.0120262 -0.0535786 
v 0.0305558 0.0120262 -0.0564163 
v 0.0255893 0.0120262 -0.0588358 
v 0.020433 0.0120262 -0.060819 
v 0.0151253 0.0120262 -0.0623513 
v 0.00970538 0.0120262 -0.0634213 
v 0.00421352 0.0120262 -0.0640211 
v -0.00130958 0.0120262 -0.0641463 
v -0.00682297 0.0120262 -0.0637958 
v -0.0122858 0.0120262 -0.0629724 
v -0.0176575 0.0120262 -0.061682 
v -0.0228983 0.0120262 -0.0599344 
v -0.0279693 0.0120262 -0.0577423 
v -0.032833 0.0120262 -0.0551222 
v -0.0374532 0.0120262 -0.0520934 
v -0.0417957 0.0120262 -0.0486783 
v -0.0458284 0.0120262 -0.0449023 
v -0.0495213 0.0120262 -0.0407934 
v -0.052847 0.0120262 -0.0363821 
v -0.0557809 0.0120262 -0.031701 
v -0.0583012 0.0120262 -0.0267849 
v -0.0603893 0.0120262 -0.0216702 
v -0.0620296 0.0120262 -0.0163948 
v -0.06321 0.0120262 -0.0109979 
v -0.0639218 0.0120262 -0.0055194 
v -0.0641597 0.0120262 -3.1225e-17 
v -0.0639218 0.0120262 0.0055194 
v -0.06321 0.0120262 0.0109979 
v -0.0620296 0.0120262 0.0163948 
v -0.0603893 0.0120262 0.0216702 
v -0.0583012 0.0120262 0.0267849 
v -0.0557809 0.0120262 0.031701 
v -0.052847 0.0120262 0.0363821 
v -0.0495213 0.0120262 0.0407934 
v -0.0458284 0.0120262 0.0449023 
v -0.0417957 0.0120262 0.0486783 
v -0.0374532 0.0120262 0.0520934 
v -0.032833 0.0120262 0.0551222 
v -0.0279693 0.0120262 0.0577423 
v -0.0228983 0.0120262 0.0599344 
v -0.0176575 0.0120262 0.061682 
v -0.0122858 0.0120262 0.0629724 
v -0.00682297 0.0120262 0.0637958 
v -0.00130958 0.0120262 0.0641463 
v 0.00421352 0.0120262 0.0640211 
v 0.00970538 0.0120262 0.0634213 
v 0.0151253 0.0120262 0.0623513 
v 0.020433 0.0120262 0.060819 
v 0.0255893 0.0120262 0.0588358 
v 0.0305558 0.0120262 0.0564163 
v 0.0352958 0.0120262 0.0535786 
v 0.0397741 0.0120262 0.0503436 
v 0.0439576 0.0120262 0.0467354 
v 0.0478151 0.0120262 0.0427806 
v 0.051318 0.0120262 0.0385087 
v 0.0544405 0.0120262 0.0339512 
v 0.0571594 0.0120262 0.0291421 
v 0.0594545 0.0120262 0.0241169 
v 0.0613088 0.0120262 0.0189128 
v 0.0627085 0.0120262 0.0135686 
v 0.0636433 0.0120262 0.00812371 
v 0.0636433 0.0120262 -0.00812371 
v 0.0626575 0.0120117 -0.0135575 
v 0.0612589 0.0120117 -0.0188974 
v 0.0594062 0.0120117 -0.0240973 
v 0.0571129 0.0120117 -0.0291184 
v 0.0543963 0.0120117 -0.0339236 
v 0.0512763 0.0120117 -0.0384774 
v 0.0477762 0.0120117 -0.0427458 
v 0.0439218 0.0120117 -0.0466974 
v 0.0397418 0.0120117 -0.0503027 
v 0.0352671 0.0120117 -0.053535 
v 0.030531 0.0120117 -0.0563704 
v 0.0255685 0.0120117 -0.0587879 
v 0.0204164 0.0120117 -0.0607696 
v 0.015113 0.0120117 -0.0623006 
v 0.00969749 0.0120117 -0.0633698 
v 0.00421009 0.0120117 -0.0639691 
v -0.00130852 0.0120117 -0.0640941 
v -0.00681743 0.0120117 -0.063744 
v -0.0122758 0.0120117 -0.0629212 
v -0.0176431 0.0120117 -0.0616319 
v -0.0228797 0.0120117 -0.0598856 
v -0.0279466 0.0120117 -0.0576954 
v -0.0328063 0.0120117 -0.0550774 
v -0.0374227 0.0120117 -0.052051 
v -0.0417618 0.0120117 -0.0486387 
v -0.0457911 0.0120117 -0.0448658 
v -0.049481 0.0120117 -0.0407603 
v -0.052804 0.0120117 -0.0363525 
v -0.0557355 0.0120117 -0.0316752 
v -0.0582538 0.0120117 -0.0267631 
v -0.0603402 0.0120117 -0.0216526 
v -0.0619792 0.0120117 -0.0163815 
v -0.0631586 0.0120117 -0.0109889 
v -0.0638698 0.0120117 -0.00551491 
v -0.0641075 0.0120117 -3.07913e-17 
v -0.0638698 0.0120117 0.00551491 
v -0.0631586 0.0120117 0.0109889 
v -0.0619792 0.0120117 0.0163815 
v -0.0603402 0.0120117 0.0216526 
v -0.0582538 0.0120117 0.0267631 
v -0.0557355 0.0120117 0.0316752 
v -0.052804 0.0120117 0.0363525 
v -0.049481 0.0120117 0.0407603 
v -0.0457911 0.0120117 0.0448658 
v -0.0417618 0.0120117 0.0486387 
v -0.0374227 0.0120117 0.052051 
v -0.0328063 0.0120117 0.0550774 
v -0.0279466 0.0120117 0.0576954 
v -0.0228797 0.0120117 0.0598856 
v -0.0176431 0.0120117 0.0616319 
v -0.0122758 0.0120117 0.0629212 
v -0.00681743 0.0120117 0.063744 
v -0.00130852 0.0120117 0.0640941 
v 0.00421009 0.0120117 0.0639691 
v 0.00969749 0.0120117 0.0633698 
v 0.015113 0.0120117 0.0623006 
v 0.0204164 0.0120117 0.0607696 
v 0.0255685 0.0120117 0.0587879 
v 0.030531 0.0120117 0.0563704 
v 0.0352671 0.0120117 0.053535 
v 0.0397418 0.0120117 0.0503027 
v 0.0439218 0.0120117 0.0466974 
v 0.0477762 0.0120117 0.0427458 
v 0.0512763 0.0120117 0.0384774 
v 0.0543963 0.0120117 0.0339236 
v 0.0571129 0.0120117 0.0291184 
v 0.0594062 0.0120117 0.0240973 
v 0.0612589 0.0120117 0.0188974 
v 0.0626575 0.0120117 0.0135575 
v 0.0635915 0.0120117 0.00811711 
v 0.0635915 0.0120117 -0.00811711 
v 0.0626053 0.0120029 -0.0135462 
v 0.0612079 0.0120029 -0.0188817 
v 0.0593567 0.0120029 -0.0240772 
v 0.0570654 0.0120029 -0.0290941 
v 0.054351 0.0120029 -0.0338954 
v 0.0512336 0.0120029 -0.0384453 
v 0.0477364 0.0120029 -0.0427102 
v 0.0438852 0.0120029 -0.0466584 
v 0.0397087 0.0120029 -0.0502607 
v 0.0352378 0.0120029 -0.0534904 
v 0.0305056 0.0120029 -0.0563235 
v 0.0255472 0.0120029 -0.0587389 
v 0.0203994 0.0120029 -0.0607189 
v 0.0151004 0.0120029 -0.0622487 
v 0.0096894 0.0120029 -0.063317 
v 0.00420658 0.0120029 -0.0639158 
v -0.00130743 0.0120029 -0.0640407 
v -0.00681175 0.0120029 -0.0636908 
v -0.0122656 0.0120029 -0.0628687 
v -0.0176284 0.0120029 -0.0615805 
v -0.0228606 0.0120029 -0.0598357 
v -0.0279233 0.0120029 -0.0576473 
v -0.0327789 0.0120029 -0.0550315 
v -0.0373916 0.0120029 -0.0520076 
v -0.041727 0.0120029 -0.0485982 
v -0.045753 0.0120029 -0.0448284 
v -0.0494398 0.0120029 -0.0407263 
v -0.05276 0.0120029 -0.0363222 
v -0.0556891 0.0120029 -0.0316488 
v -0.0582053 0.0120029 -0.0267408 
v -0.0602899 0.0120029 -0.0216345 
v -0.0619275 0.0120029 -0.0163678 
v -0.063106 0.0120029 -0.0109798 
v -0.0638166 0.0120029 -0.00551031 
v -0.0640541 0.0120029 -3.16587e-17 
v -0.0638166 0.0120029 0.00551031 
v -0.063106 0.0120029 0.0109798 
v -0.0619275 0.0120029 0.0163678 
v -0.0602899 0.0120029 0.0216345 
v -0.0582053 0.0120029 0.0267408 
v -0.0556891 0.0120029 0.0316488 
v -0.05276 0.0120029 0.0363222 
v -0.0494398 0.0120029 0.0407263 
v -0.045753 0.0120029 0.0448284 
v -0.041727 0.0120029 0.0485982 
v -0.0373916 0.0120029 0.0520076 
v -0.0327789 0.0120029 0.0550315 
v -0.0279233 0.0120029 0.0576473 
v -0.0228606 0.0120029 0.0598357 
v -0.0176284 0.0120029 0.0615805 
v -0.0122656 0.0120029 0.0628687 
v -0.00681175 0.0120029 0.0636908 
v -0.00130743 0.0120029 0.0640407 
v 0.00420658 0.0120029 0.0639158 
v 0.0096894 0.0120029 0.063317 
v 0.0151004 0.0120029 0.0622487 
v 0.0203994 0.0120029 0.0607189 
v 0.0255472 0.0120029 0.0587389 
v 0.0305056 0.0120029 0.0563235 
v 0.0352378 0.0120029 0.0534904 
v 0.0397087 0.0120029 0.0502607 
v 0.0438852 0.0120029 0.0466584 
v 0.0477364 0.0120029 0.0427102 
v 0.0512336 0.0120029 0.0384453 
v 0.054351 0.0120029 0.0338954 
v 0.0570654 0.0120029 0.0290941 
v 0.0593567 0.0120029 0.0240772 
v 0.0612079 0.0120029 0.0188817 
v 0.0626053 0.0120029 0.0135462 
v 0.0635385 0.0120029 0.00811034 
v 0.0635385 0.0120029 -0.00811034 
v -0.064 0 1.17566e-17 
v -0.0636248 0 0.00691962 
v -0.0635489 0 0.00738254 
v -0.0625037 0 0.0137581 
v -0.0606498 0 0.0204353 
v -0.0580848 0 0.0268729 
v -0.0548389 0 0.0329954 
v -0.05095 0 0.0387311 
v -0.0464637 0 0.0440128 
v -0.0414327 0 0.0487784 
v -0.0407958 0 0.0492625 
v -0.035916 0 0.0529721 
v 0.05095 0 0.0387311 
v 0.0548389 0 0.0329954 
v 0.0580848 0 0.0268729 
v 0.0606498 0 0.0204353 
v 0.0625037 0 0.0137581 
v 0.0636248 0 0.00691962 
v 0.0635489 0 0.00738254 
v 0.0625037 0 -0.0137581 
v 0.0635489 0 -0.00738254 
v 0.0636248 0 -0.00691962 
v 0.0616223 0 -0.0169325 
v 0.0606498 0 -0.0204353 
v 0.0580848 0 -0.0268729 
v 0.0548389 0 -0.0329954 
v 0.05095 0 -0.0387311 
v -0.0407958 0 -0.0492625 
v -0.035916 0 -0.0529721 
v -0.0414327 0 -0.0487784 
v -0.0464637 0 -0.0440128 
v -0.05095 0 -0.0387311 
v -0.0548389 0 -0.0329954 
v -0.0580848 0 -0.0268729 
v -0.0606498 0 -0.0204353 
v -0.0625037 0 -0.0137581 
v -0.0616223 0 -0.0169325 
v -0.0635489 0 -0.00738254 
v -0.0636248 0 -0.00691962 
v 0.064 0 -1.17566e-17 
v -0.0299781 0.005 -0.0565448 
v -0.03292 0.005 -0.0548842 
v -0.03292 0 -0.0548842 
v -0.0236888 0.005 -0.0594545 
v -0.0171218 0.005 -0.0616672 
v -0.010354 0.005 -0.0631569 
v -0.00346489 0.005 -0.0639061 
v 0.00346489 0.005 -0.0639061 
v 0.010354 0.005 -0.0631569 
v 0.0171218 0.005 -0.0616672 
v 0.0236888 0.005 -0.0594545 
v 0.0299781 0.005 -0.0565448 
v 0.035916 0.005 -0.0529721 
v 0.0414327 0.005 -0.0487784 
v 0.0464637 0.005 -0.0440128 
v 0.0468132 0.005 -0.0436409 
v 0.0468132 0.005 0.0436409 
v 0.0464637 0.005 0.0440128 
v 0.0468132 0 0.0436409 
v 0.0414327 0.005 0.0487784 
v 0.035916 0.005 0.0529721 
v 0.0299781 0.005 0.0565448 
v 0.0236888 0.005 0.0594545 
v 0.0171218 0.005 0.0616672 
v 0.010354 0.005 0.0631569 
v 0.00346489 0.005 0.0639061 
v -0.00346489 0.005 0.0639061 
v -0.010354 0.005 0.0631569 
v -0.0171218 0.005 0.0616672 
v -0.0236888 0.005 0.0594545 
v -0.0299781 0.005 0.0565448 
v -0.03292 0.005 0.0548842 
v -0.03292 0 0.0548842 
v 0.0468132 0 -0.0436409 
v -0.03292 0 0.00738254 
v -0.03292 0 0.0492625 
v -0.03292 0 -0.00738254 
v -0.03292 0 -0.0169325 
v -0.03292 0 -0.0492625 
v 0.0468132 0 -0.00738254 
v 0.0468132 0 -0.0169325 
v 0.0468132 0 0.00738254 
v 0.00957519 0.005 -0.0213284 
v 0.00934783 0.005 -0.0212783 
v 0.01115 0.005 0.0234 
v 0.0111374 0.005 0.0236325 
v -0.0209687 0.005 0.000902762 
v 0.0088836 0.005 0.0212532 
v 0.0091164 0.005 0.0212532 
v 0.0072884 0.005 0.0220989 
v -0.0210778 0.005 0.00110844 
v -0.0212084 0.005 0.00130112 
v 0.0097958 0.005 0.0253973 
v 0.00957519 0.005 0.0254716 
v 0.0100071 0.005 0.0252996 
v 0.0103919 0.005 0.0250386 
v 0.0110375 0.005 0.0240865 
v 0.0109513 0.005 0.0243028 
v 0.0091164 0.005 -0.0212532 
v 0.0097958 0.005 -0.0214027 
v 0.0102066 0.005 -0.0216205 
v 0.00934783 0.005 0.0212783 
v 0.00842481 0.005 0.0213284 
v 0.00865217 0.005 0.0212783 
v 0.00799292 0.005 0.0215004 
v 0.0082042 0.005 0.0214027 
v 0.00760812 0.005 0.0217614 
v 0.00779345 0.005 0.0216205 
v 0.0068626 0.005 0.0231675 
v 0.00690027 0.005 0.0229378 
v 0.00760812 0.005 0.0250386 
v 0.00743911 0.005 0.0248786 
v 0.00934783 0.005 0.0255217 
v 0.0102066 0.005 0.0251795 
v 0.0108422 0.005 0.0245084 
v 0.0110997 0.005 0.0238622 
v 0.0100071 0.005 -0.0215004 
v 0.0103919 0.005 -0.0217614 
v 0.0110375 0.005 -0.0227135 
v 0.0109513 0.005 -0.0224972 
v 0.0110997 0.005 -0.0229378 
v 0.01115 0.005 -0.0234 
v 0.0111374 0.005 -0.0231675 
v 0.00957519 0.005 0.0213284 
v 0.0097958 0.005 0.0214027 
v 0.00704871 0.005 0.0224972 
v 0.00715776 0.005 0.0222916 
v 0.00696255 0.005 0.0227135 
v 0.00704871 0.005 0.0243028 
v 0.00696255 0.005 0.0240865 
v 0.0072884 0.005 0.0247011 
v 0.0107116 0.005 0.0247011 
v 0.0105609 0.005 0.0248786 
v 0.0108422 0.005 -0.0222916 
v 0.0110997 0.005 -0.0238622 
v 0.0111374 0.005 -0.0236325 
v 0.0109513 0.005 -0.0243028 
v 0.0110375 0.005 -0.0240865 
v 0.0108422 0.005 -0.0245084 
v 0.0105609 0.005 -0.0248786 
v 0.0091164 0.005 -0.0255468 
v 0.00934783 0.005 -0.0255217 
v 0.0100071 0.005 0.0215004 
v 0.00743911 0.005 0.0219214 
v 0.00690027 0.005 0.0238622 
v 0.00715776 0.005 0.0245084 
v 0.0107116 0.005 -0.0220989 
v 0.0105609 0.005 -0.0219214 
v 0.0107116 0.005 -0.0247011 
v 0.0103919 0.005 -0.0250386 
v 0.0102066 0.005 -0.0251795 
v 0.0097958 0.005 -0.0253973 
v 0.0100071 0.005 -0.0252996 
v 0.0088836 0.005 -0.0255468 
v 0.00842481 0.005 -0.0254716 
v 0.00865217 0.005 -0.0255217 
v 0.00799292 0.005 -0.0252996 
v 0.0082042 0.005 -0.0253973 
v 0.00760812 0.005 -0.0250386 
v 0.00779345 0.005 -0.0251795 
v -0.0215281 0.005 -0.00163865 
v 0.00696255 0.005 -0.0227135 
v 0.00690027 0.005 -0.0229378 
v 0.00715776 0.005 -0.0222916 
v -0.0213591 0.005 -0.00147855 
v -0.0212084 0.005 -0.00130112 
v -0.0217134 0.005 0.00177953 
v 0.0068626 0.005 0.0236325 
v 0.00685 0.005 0.0234 
v 0.0110997 0.005 0.0229378 
v 0.0111374 0.005 0.0231675 
v 0.0109513 0.005 0.0224972 
v 0.0110375 0.005 0.0227135 
v 0.0107116 0.005 0.0220989 
v 0.0108422 0.005 0.0222916 
v 0.0103919 0.005 0.0217614 
v 0.0105609 0.005 0.0219214 
v -0.0207826 0.005 -0.000232456 
v -0.02077 0.005 3.08964e-18 
v 0.00957519 0.005 -0.0254716 
v 0.0068626 0.005 -0.0236325 
v 0.00690027 0.005 -0.0238622 
v 0.00704871 0.005 -0.0224972 
v 0.00760812 0.005 -0.0217614 
v 0.00743911 0.005 -0.0219214 
v -0.0221242 0.005 -0.0019973 
v -0.0223448 0.005 -0.00207163 
v -0.0232678 0.005 -0.00212168 
v -0.0230364 0.005 0.00214685 
v -0.0232678 0.005 0.00212168 
v -0.0221242 0.005 0.0019973 
v -0.0223448 0.005 0.00207163 
v 0.00779345 0.005 0.0251795 
v 0.0102066 0.005 0.0216205 
v -0.0207826 0.005 0.000232456 
v -0.0208203 0.005 0.000462186 
v 0.0072884 0.005 -0.0247011 
v 0.00704871 0.005 -0.0243028 
v 0.00715776 0.005 -0.0245084 
v 0.00696255 0.005 -0.0240865 
v 0.0072884 0.005 -0.0220989 
v 0.00799292 0.005 -0.0215004 
v 0.00779345 0.005 -0.0216205 
v 0.00842481 0.005 -0.0213284 
v 0.0082042 0.005 -0.0214027 
v 0.0088836 0.005 -0.0212532 
v -0.0217134 0.005 -0.00177953 
v -0.0219129 0.005 -0.00189955 
v -0.0225722 0.005 -0.00212168 
v -0.0228036 0.005 -0.00214685 
v -0.0228036 0.005 0.00214685 
v -0.0225722 0.005 0.00212168 
v -0.0219129 0.005 0.00189955 
v -0.0215281 0.005 0.00163865 
v -0.0208825 0.005 0.000686498 
v -0.0210778 0.005 -0.00110844 
v 0.00743911 0.005 -0.0248786 
v 0.0068626 0.005 -0.0231675 
v 0.00685 0.005 -0.0234 
v 0.00865217 0.005 -0.0212783 
v -0.0230364 0.005 -0.00214685 
v -0.0234952 0.005 -0.00207163 
v -0.0234952 0.005 0.00207163 
v 0.00799292 0.005 0.0252996 
v 0.0082042 0.005 0.0253973 
v 0.00842481 0.005 0.0254716 
v -0.0208825 0.005 -0.000686498 
v -0.0208203 0.005 -0.000462186 
v -0.0209687 0.005 -0.000902762 
v -0.0241266 0.005 -0.00177953 
v -0.0239271 0.005 -0.00189955 
v -0.0237158 0.005 0.0019973 
v -0.0239271 0.005 0.00189955 
v 0.0088836 0.005 0.0255468 
v 0.00865217 0.005 0.0255217 
v 0.0091164 0.005 0.0255468 
v -0.0237158 0.005 -0.0019973 
v -0.0249575 0.005 -0.000686498 
v -0.0248713 0.005 -0.000902762 
v -0.0250197 0.005 0.000462186 
v -0.0250574 0.005 0.000232456 
v -0.0241266 0.005 0.00177953 
v -0.0243119 0.005 0.00163865 
v -0.0244809 0.005 -0.00147855 
v -0.0243119 0.005 -0.00163865 
v -0.0247622 0.005 -0.00110844 
v -0.0246316 0.005 -0.00130112 
v -0.0250197 0.005 -0.000462186 
v -0.02507 0.005 2.29974e-18 
v -0.0250574 0.005 -0.000232456 
v -0.0247622 0.005 0.00110844 
v -0.0248713 0.005 0.000902762 
v -0.0244809 0.005 0.00147855 
v -0.0246316 0.005 0.00130112 
v -0.0213591 0.005 0.00147855 
v -0.0249575 0.005 0.000686498 
v 0.01115 0 -0.0234 
v 0.0111374 0 -0.0231675 
v 0.0110997 0 -0.0229378 
v 0.0110375 0 -0.0227135 
v 0.0109513 0 -0.0224972 
v 0.0108422 0 -0.0222916 
v 0.0107116 0 -0.0220989 
v 0.0105609 0 -0.0219214 
v 0.0103919 0 -0.0217614 
v 0.0102066 0 -0.0216205 
v 0.0100071 0 -0.0215004 
v 0.0097958 0 -0.0214027 
v 0.00957519 0 -0.0213284 
v 0.00934783 0 -0.0212783 
v 0.0091164 0 -0.0212532 
v 0.0088836 0 -0.0212532 
v 0.00865217 0 -0.0212783 
v 0.00842481 0 -0.0213284 
v 0.0082042 0 -0.0214027 
v 0.00799292 0 -0.0215004 
v 0.00779345 0 -0.0216205 
v 0.00760812 0 -0.0217614 
v 0.00743911 0 -0.0219214 
v 0.0072884 0 -0.0220989 
v 0.00715776 0 -0.0222916 
v 0.00704871 0 -0.0224972 
v 0.00696255 0 -0.0227135 
v 0.00690027 0 -0.0229378 
v 0.0068626 0 -0.0231675 
v 0.00685 0 -0.0234 
v 0.0068626 0 -0.0236325 
v 0.00690027 0 -0.0238622 
v 0.00696255 0 -0.0240865 
v 0.00704871 0 -0.0243028 
v 0.00715776 0 -0.0245084 
v 0.0072884 0 -0.0247011 
v 0.00743911 0 -0.0248786 
v 0.00760812 0 -0.0250386 
v 0.00779345 0 -0.0251795 
v 0.00799292 0 -0.0252996 
v 0.0082042 0 -0.0253973 
v 0.00842481 0 -0.0254716 
v 0.00865217 0 -0.0255217 
v 0.0088836 0 -0.0255468 
v 0.0091164 0 -0.0255468 
v 0.00934783 0 -0.0255217 
v 0.00957519 0 -0.0254716 
v 0.0097958 0 -0.0253973 
v 0.0100071 0 -0.0252996 
v 0.0102066 0 -0.0251795 
v 0.0103919 0 -0.0250386 
v 0.0105609 0 -0.0248786 
v 0.0107116 0 -0.0247011 
v 0.0108422 0 -0.0245084 
v 0.0109513 0 -0.0243028 
v 0.0110375 0 -0.0240865 
v 0.0110997 0 -0.0238622 
v 0.0111374 0 -0.0236325 
v 0.01115 0 0.0234 
v 0.0111374 0 0.0236325 
v 0.0110997 0 0.0238622 
v 0.0110375 0 0.0240865 
v 0.0109513 0 0.0243028 
v 0.0108422 0 0.0245084 
v 0.0107116 0 0.0247011 
v 0.0105609 0 0.0248786 
v 0.0103919 0 0.0250386 
v 0.0102066 0 0.0251795 
v 0.0100071 0 0.0252996 
v 0.0097958 0 0.0253973 
v 0.00957519 0 0.0254716 
v 0.00934783 0 0.0255217 
v 0.0091164 0 0.0255468 
v 0.0088836 0 0.0255468 
v 0.00865217 0 0.0255217 
v 0.00842481 0 0.0254716 
v 0.0082042 0 0.0253973 
v 0.00799292 0 0.0252996 
v 0.00779345 0 0.0251795 
v 0.00760812 0 0.0250386 
v 0.00743911 0 0.0248786 
v 0.0072884 0 0.0247011 
v 0.00715776 0 0.0245084 
v 0.00704871 0 0.0243028 
v 0.00696255 0 0.0240865 
v 0.00690027 0 0.0238622 
v 0.0068626 0 0.0236325 
v 0.00685 0 0.0234 
v 0.0068626 0 0.0231675 
v 0.00690027 0 0.0229378 
v 0.00696255 0 0.0227135 
v 0.00704871 0 0.0224972 
v 0.00715776 0 0.0222916 
v 0.0072884 0 0.0220989 
v 0.00743911 0 0.0219214 
v 0.00760812 0 0.0217614 
v 0.00779345 0 0.0216205 
v 0.00799292 0 0.0215004 
v 0.0082042 0 0.0214027 
v 0.00842481 0 0.0213284 
v 0.00865217 0 0.0212783 
v 0.0088836 0 0.0212532 
v 0.0091164 0 0.0212532 
v 0.00934783 0 0.0212783 
v 0.00957519 0 0.0213284 
v 0.0097958 0 0.0214027 
v 0.0100071 0 0.0215004 
v 0.0102066 0 0.0216205 
v 0.0103919 0 0.0217614 
v 0.0105609 0 0.0219214 
v 0.0107116 0 0.0220989 
v 0.0108422 0 0.0222916 
v 0.0109513 0 0.0224972 
v 0.0110375 0 0.0227135 
v 0.0110997 0 0.0229378 
v 0.0111374 0 0.0231675 
v -0.02077 0 2.56304e-18 
v -0.0207826 0 0.000232456 
v -0.0208203 0 0.000462186 
v -0.0208825 0 0.000686498 
v -0.0209687 0 0.000902762 
v -0.0210778 0 0.00110844 
v -0.0212084 0 0.00130112 
v -0.0213591 0 0.00147855 
v -0.0215281 0 0.00163865 
v -0.0217134 0 0.00177953 
v -0.0219129 0 0.00189955 
v -0.0221242 0 0.0019973 
v -0.0223448 0 0.00207163 
v -0.0225722 0 0.00212168 
v -0.0228036 0 0.00214685 
v -0.0230364 0 0.00214685 
v -0.0232678 0 0.00212168 
v -0.0234952 0 0.00207163 
v -0.0237158 0 0.0019973 
v -0.0239271 0 0.00189955 
v -0.0241266 0 0.00177953 
v -0.0243119 0 0.00163865 
v -0.0244809 0 0.00147855 
v -0.0246316 0 0.00130112 
v -0.0247622 0 0.00110844 
v -0.0248713 0 0.000902762 
v -0.0249575 0 0.000686498 
v -0.0250197 0 0.000462186 
v -0.0250574 0 0.000232456 
v -0.02507 0 2.29974e-18 
v -0.0250574 0 -0.000232456 
v -0.0250197 0 -0.000462186 
v -0.0249575 0 -0.000686498 
v -0.0248713 0 -0.000902762 
v -0.0247622 0 -0.00110844 
v -0.0246316 0 -0.00130112 
v -0.0244809 0 -0.00147855 
v -0.0243119 0 -0.00163865 
v -0.0241266 0 -0.00177953 
v -0.0239271 0 -0.00189955 
v -0.0237158 0 -0.0019973 
v -0.0234952 0 -0.00207163 
v -0.0232678 0 -0.00212168 
v -0.0230364 0 -0.00214685 
v -0.0228036 0 -0.00214685 
v -0.0225722 0 -0.00212168 
v -0.0223448 0 -0.00207163 
v -0.0221242 0 -0.0019973 
v -0.0219129 0 -0.00189955 
v -0.0217134 0 -0.00177953 
v -0.0215281 0 -0.00163865 
v -0.0213591 0 -0.00147855 
v -0.0212084 0 -0.00130112 
v -0.0210778 0 -0.00110844 
v -0.0209687 0 -0.000902762 
v -0.0208825 0 -0.000686498 
v -0.0208203 0 -0.000462186 
v -0.0207826 0 -0.000232456 
v 0.004275 0 -0.095 
v 0.0289816 0 -0.095 
v 0.0822 0 -0.095 
v 0.11895 0 -0.095 
v 0.13435 0 -0.095 
v 0.10114 0 -0.0583995 
v 0.101322 0 -0.0582619 
v 0.102386 0 -0.0579031 
v 0.102614 0 -0.0579031 
v 0.10216 0 -0.0579277 
v 0.101516 0 -0.0581446 
v 0.10284 0 -0.0579277 
v 0.103062 0 -0.0579765 
v 0.101723 0 -0.0580491 
v 0.101938 0 -0.0579765 
v 0.104025 0 -0.0585558 
v 0.104172 0 -0.0587291 
v 0.103277 0 -0.0580491 
v 0.103484 0 -0.0581446 
v 0.100701 0 -0.0589173 
v 0.100828 0 -0.0587291 
v 0.101516 0 -0.0618554 
v 0.101322 0 -0.0617381 
v 0.104299 0 -0.0589173 
v 0.103678 0 -0.0582619 
v 0.10386 0 -0.0583995 
v 0.100975 0 -0.0585558 
v 0.101723 0 -0.0619509 
v 0.104551 0 -0.0595486 
v 0.104588 0 -0.059773 
v 0.104406 0 -0.0591182 
v 0.10449 0 -0.0593295 
v 0.101938 0 -0.0620235 
v 0.102614 0 -0.0620969 
v 0.102386 0 -0.0620969 
v 0.103277 0 -0.0619509 
v 0.103062 0 -0.0620235 
v 0.104299 0 -0.0610827 
v 0.104172 0 -0.0612709 
v 0.10051 0 -0.0593295 
v 0.100594 0 -0.0591182 
v 0.100412 0 -0.059773 
v 0.100449 0 -0.0595486 
v 0.100449 0 -0.0604514 
v 0.100975 0 -0.0614442 
v 0.100828 0 -0.0612709 
v 0.10216 0 -0.0620723 
v 0.10284 0 -0.0620723 
v 0.103678 0 -0.0617381 
v 0.103484 0 -0.0618554 
v 0.104025 0 -0.0614442 
v 0.10386 0 -0.0616005 
v 0.104406 0 -0.0608818 
v 0.104588 0 -0.060227 
v 0.104551 0 -0.0604514 
v 0.10051 0 -0.0606705 
v 0.100701 0 -0.0610827 
v 0.100594 0 -0.0608818 
v 0.10114 0 -0.0616005 
v 0.10449 0 -0.0606705 
v 0.1046 0 -0.06 
v 0.100412 0 -0.060227 
v 0.1004 0 -0.06 
v 0.145 0 -0.0563921 
v 0.145 0 -0.0492625 
v 0.145 0 -0.0169325 
v 0.145 0 -0.00738254 
v 0.145 0 0.00738254 
v 0.145 0 0.0492625 
v 0.145 0 0.0563921 
v 0.102386 0 0.0620969 
v 0.10114 0 0.0616005 
v 0.101322 0 0.0617381 
v 0.102614 0 0.0620969 
v 0.101516 0 0.0618554 
v 0.10284 0 0.0620723 
v 0.103062 0 0.0620235 
v 0.10216 0 0.0620723 
v 0.101723 0 0.0619509 
v 0.101938 0 0.0620235 
v 0.104025 0 0.0614442 
v 0.104172 0 0.0612709 
v 0.103277 0 0.0619509 
v 0.103484 0 0.0618554 
v 0.100701 0 0.0610827 
v 0.100828 0 0.0612709 
v 0.104551 0 0.0604514 
v 0.104299 0 0.0610827 
v 0.103678 0 0.0617381 
v 0.10386 0 0.0616005 
v 0.100975 0 0.0614442 
v 0.101516 0 0.0581446 
v 0.101322 0 0.0582619 
v 0.104588 0 0.060227 
v 0.104406 0 0.0608818 
v 0.10449 0 0.0606705 
v 0.100412 0 0.060227 
v 0.100449 0 0.0604514 
v 0.101723 0 0.0580491 
v 0.10216 0 0.0579277 
v 0.101938 0 0.0579765 
v 0.102614 0 0.0579031 
v 0.102386 0 0.0579031 
v 0.103277 0 0.0580491 
v 0.103062 0 0.0579765 
v 0.104299 0 0.0589173 
v 0.104172 0 0.0587291 
v 0.10051 0 0.0606705 
v 0.100594 0 0.0608818 
v 0.100975 0 0.0585558 
v 0.100828 0 0.0587291 
v 0.10284 0 0.0579277 
v 0.103678 0 0.0582619 
v 0.103484 0 0.0581446 
v 0.104025 0 0.0585558 
v 0.10386 0 0.0583995 
v 0.104406 0 0.0591182 
v 0.10051 0 0.0593295 
v 0.100449 0 0.0595486 
v 0.100701 0 0.0589173 
v 0.100594 0 0.0591182 
v 0.10114 0 0.0583995 
v 0.104551 0 0.0595486 
v 0.10449 0 0.0593295 
v 0.1046 0 0.06 
v 0.104588 0 0.059773 
v 0.100412 0 0.059773 
v 0.1004 0 0.06 
v 0.0289816 0 0.095 
v 0.0822 0 0.095 
v 0.11895 0 0.095 
v 0.13435 0 0.095 
v 0.137386 0 -0.0579031 
v 0.137614 0 -0.0579031 
v 0.136938 0 -0.0579765 
v 0.137386 0 -0.0620969 
v 0.13716 0 -0.0579277 
v 0.136723 0 -0.0580491 
v 0.136322 0 -0.0582619 
v 0.136516 0 -0.0581446 
v 0.136723 0 -0.0619509 
v 0.136516 0 -0.0618554 
v 0.13716 0 -0.0620723 
v 0.136938 0 -0.0620235 
v 0.137614 0 -0.0620969 
v 0.13784 0 -0.0579277 
v 0.135975 0 -0.0585558 
v 0.13614 0 -0.0583995 
v 0.135701 0 -0.0589173 
v 0.135828 0 -0.0587291 
v 0.135412 0 -0.060227 
v 0.1354 0 -0.06 
v 0.13784 0 -0.0620723 
v 0.135412 0 -0.059773 
v 0.135449 0 -0.0604514 
v 0.135975 0 -0.0614442 
v 0.135828 0 -0.0612709 
v 0.136322 0 -0.0617381 
v 0.13614 0 -0.0616005 
v 0.138062 0 -0.0620235 
v 0.138062 0 -0.0579765 
v 0.13551 0 -0.0593295 
v 0.135594 0 -0.0591182 
v 0.135449 0 -0.0595486 
v 0.13551 0 -0.0606705 
v 0.135701 0 -0.0610827 
v 0.135594 0 -0.0608818 
v 0.13815 0 -0.0619937 
v 0.139588 0 -0.059773 
v 0.1396 0 -0.06 
v 0.138484 0 -0.0581446 
v 0.138678 0 -0.0582619 
v 0.139588 0 -0.060227 
v 0.139025 0 -0.0585558 
v 0.139172 0 -0.0587291 
v 0.13886 0 -0.0583995 
v 0.138277 0 -0.0580491 
v 0.145 0 -0.0727 
v 0.138277 0 -0.0619509 
v 0.138678 0 -0.0617381 
v 0.138484 0 -0.0618554 
v 0.139025 0 -0.0614442 
v 0.13886 0 -0.0616005 
v 0.139299 0 -0.0610827 
v 0.139172 0 -0.0612709 
v 0.139551 0 -0.0604514 
v 0.139551 0 -0.0595486 
v 0.13815 0 -0.0580063 
v 0.139299 0 -0.0589173 
v 0.139406 0 -0.0591182 
v 0.13949 0 -0.0606705 
v 0.139406 0 -0.0608818 
v 0.13949 0 -0.0593295 
v 0.137386 0 0.0620969 
v 0.137614 0 0.0620969 
v 0.13716 0 0.0620723 
v 0.13716 0 0.0579277 
v 0.136938 0 0.0579765 
v 0.136723 0 0.0619509 
v 0.136938 0 0.0620235 
v 0.136322 0 0.0617381 
v 0.136516 0 0.0618554 
v 0.1354 0 0.06 
v 0.135412 0 0.060227 
v 0.136723 0 0.0580491 
v 0.136516 0 0.0581446 
v 0.137614 0 0.0579031 
v 0.137386 0 0.0579031 
v 0.13784 0 0.0620723 
v 0.135975 0 0.0614442 
v 0.13614 0 0.0616005 
v 0.135701 0 0.0610827 
v 0.135828 0 0.0612709 
v 0.135412 0 0.059773 
v 0.13784 0 0.0579277 
v 0.135975 0 0.0585558 
v 0.135828 0 0.0587291 
v 0.136322 0 0.0582619 
v 0.13614 0 0.0583995 
v 0.135449 0 0.0595486 
v 0.138062 0 0.0579765 
v 0.138062 0 0.0620235 
v 0.13551 0 0.0606705 
v 0.135594 0 0.0608818 
v 0.135449 0 0.0604514 
v 0.13551 0 0.0593295 
v 0.135701 0 0.0589173 
v 0.135594 0 0.0591182 
v 0.13815 0 0.0580063 
v 0.139588 0 0.060227 
v 0.1396 0 0.06 
v 0.138678 0 0.0582619 
v 0.139588 0 0.059773 
v 0.145 0 0.0727 
v 0.139025 0 0.0614442 
v 0.139172 0 0.0612709 
v 0.138678 0 0.0617381 
v 0.13886 0 0.0616005 
v 0.138277 0 0.0619509 
v 0.138484 0 0.0618554 
v 0.13815 0 0.0619937 
v 0.138484 0 0.0581446 
v 0.139025 0 0.0585558 
v 0.13886 0 0.0583995 
v 0.139299 0 0.0589173 
v 0.139172 0 0.0587291 
v 0.139551 0 0.0604514 
v 0.138277 0 0.0580491 
v 0.139551 0 0.0595486 
v 0.13949 0 0.0606705 
v 0.139299 0 0.0610827 
v 0.139406 0 0.0608818 
v 0.13949 0 0.0593295 
v 0.139406 0 0.0591182 
v 0.133899 0 0.0862957 
v 0.134046 0 0.0864071 
v 0.134204 0 0.083498 
v 0.134046 0 0.0835929 
v 0.13435 0 0.0834303 
v 0.134204 0 0.086502 
v 0.133647 0 0.0860288 
v 0.133766 0 0.0861691 
v 0.133457 0 0.0857138 
v 0.133543 0 0.0858764 
v 0.13334 0 0.0846346 
v 0.133647 0 0.0839712 
v 0.133543 0 0.0841236 
v 0.133899 0 0.0837043 
v 0.133766 0 0.0838309 
v 0.133389 0 0.0855428 
v 0.1333 0 0.085 
v 0.13331 0 0.0851838 
v 0.13331 0 0.0848162 
v 0.133457 0 0.0842862 
v 0.13334 0 0.0853654 
v 0.133389 0 0.0844572 
v 0.135092 0 0.0833025 
v 0.134908 0 0.0833025 
v 0.135275 0 0.0833224 
v 0.136101 0 0.0837043 
v 0.135954 0 0.0835929 
v 0.135796 0 0.086502 
v 0.135954 0 0.0864071 
v 0.135275 0 0.0866776 
v 0.135455 0 0.086638 
v 0.135629 0 0.0834207 
v 0.135455 0 0.083362 
v 0.135796 0 0.083498 
v 0.135629 0 0.0865793 
v 0.134908 0 0.0866975 
v 0.135092 0 0.0866975 
v 0.134725 0 0.0833224 
v 0.134725 0 0.0866776 
v 0.13435 0 0.0865697 
v 0.134371 0 0.0865793 
v 0.134545 0 0.083362 
v 0.134371 0 0.0834207 
v 0.134545 0 0.086638 
v 0.136353 0 0.0839712 
v 0.136234 0 0.0838309 
v 0.136543 0 0.0842862 
v 0.136457 0 0.0841236 
v 0.13669 0 0.0848162 
v 0.136457 0 0.0858764 
v 0.136543 0 0.0857138 
v 0.136101 0 0.0862957 
v 0.136234 0 0.0861691 
v 0.136611 0 0.0844572 
v 0.1367 0 0.085 
v 0.13666 0 0.0853654 
v 0.13669 0 0.0851838 
v 0.136353 0 0.0860288 
v 0.13666 0 0.0846346 
v 0.136611 0 0.0855428 
v 0.134046 0 0.00140707 
v 0.134204 0 -0.00150197 
v 0.134046 0 -0.00140707 
v 0.133899 0 0.00129568 
v 0.134204 0 0.00150197 
v 0.133647 0 0.0010288 
v 0.133766 0 0.00116909 
v 0.133389 0 0.000542813 
v 0.133457 0 0.000713811 
v 0.13331 0 -0.000183802 
v 0.1333 0 4.1638e-19 
v 0.133543 0 -0.000876442 
v 0.133457 0 -0.000713811 
v 0.133899 0 -0.00129568 
v 0.133766 0 -0.00116909 
v 0.13435 0 -0.00156965 
v 0.133543 0 0.000876442 
v 0.13331 0 0.000183802 
v 0.13334 0 -0.00036545 
v 0.133647 0 -0.0010288 
v 0.13334 0 0.00036545 
v 0.133389 0 -0.000542813 
v 0.135455 0 0.00163803 
v 0.135629 0 0.00157926 
v 0.134725 0 -0.00167761 
v 0.134545 0 -0.00163803 
v 0.135796 0 -0.00150197 
v 0.135629 0 -0.00157926 
v 0.135275 0 0.00167761 
v 0.134908 0 -0.00169751 
v 0.135275 0 -0.00167761 
v 0.135455 0 -0.00163803 
v 0.135092 0 0.00169751 
v 0.134371 0 0.00157926 
v 0.134545 0 0.00163803 
v 0.135092 0 -0.00169751 
v 0.134908 0 0.00169751 
v 0.134725 0 0.00167761 
v 0.136101 0 -0.00129568 
v 0.135954 0 -0.00140707 
v 0.135796 0 0.00150197 
v 0.135954 0 0.00140707 
v 0.136101 0 0.00129568 
v 0.136234 0 0.00116909 
v 0.134371 0 -0.00157926 
v 0.136353 0 -0.0010288 
v 0.136234 0 -0.00116909 
v 0.136611 0 -0.000542813 
v 0.136543 0 -0.000713811 
v 0.13669 0 0.000183802 
v 0.1367 0 -6.2457e-19 
v 0.136457 0 0.000876442 
v 0.136543 0 0.000713811 
v 0.13435 0 0.00156965 
v 0.136457 0 -0.000876442 
v 0.13669 0 -0.000183802 
v 0.13666 0 0.00036545 
v 0.136353 0 0.0010288 
v 0.13666 0 -0.00036545 
v 0.136611 0 0.000542813 
v 0.134046 0 -0.0864071 
v 0.134204 0 -0.083498 
v 0.133899 0 -0.0837043 
v 0.134046 0 -0.0835929 
v 0.134204 0 -0.086502 
v 0.133647 0 -0.0839712 
v 0.133766 0 -0.0838309 
v 0.133457 0 -0.0842862 
v 0.133543 0 -0.0841236 
v 0.13331 0 -0.0848162 
v 0.13334 0 -0.0846346 
v 0.133647 0 -0.0860288 
v 0.133543 0 -0.0858764 
v 0.133899 0 -0.0862957 
v 0.133766 0 -0.0861691 
v 0.13435 0 -0.0865697 
v 0.133389 0 -0.0844572 
v 0.1333 0 -0.085 
v 0.13334 0 -0.0853654 
v 0.13331 0 -0.0851838 
v 0.133457 0 -0.0857138 
v 0.133389 0 -0.0855428 
v 0.135092 0 -0.0866975 
v 0.134908 0 -0.0866975 
v 0.135455 0 -0.086638 
v 0.136101 0 -0.0862957 
v 0.135954 0 -0.0864071 
v 0.135796 0 -0.083498 
v 0.135954 0 -0.0835929 
v 0.135092 0 -0.0833025 
v 0.135275 0 -0.0866776 
v 0.135629 0 -0.0865793 
v 0.135796 0 -0.086502 
v 0.135629 0 -0.0834207 
v 0.135275 0 -0.0833224 
v 0.135455 0 -0.083362 
v 0.134908 0 -0.0833025 
v 0.134725 0 -0.0866776 
v 0.134725 0 -0.0833224 
v 0.13435 0 -0.0834303 
v 0.134371 0 -0.0834207 
v 0.134545 0 -0.086638 
v 0.134371 0 -0.0865793 
v 0.134545 0 -0.083362 
v 0.136353 0 -0.0860288 
v 0.136234 0 -0.0861691 
v 0.136543 0 -0.0857138 
v 0.136457 0 -0.0858764 
v 0.13666 0 -0.0846346 
v 0.13669 0 -0.0848162 
v 0.136457 0 -0.0841236 
v 0.136543 0 -0.0842862 
v 0.136101 0 -0.0837043 
v 0.136234 0 -0.0838309 
v 0.136611 0 -0.0855428 
v 0.1367 0 -0.085 
v 0.13669 0 -0.0851838 
v 0.136353 0 -0.0839712 
v 0.13666 0 -0.0853654 
v 0.136611 0 -0.0844572 
v 0.135 0 -0.095 
v 0.136045 0 -0.0949452 
v 0.13809 0 -0.0945106 
v 0.13815 0 -0.0944876 
v 0.137079 0 -0.0947815 
v 0.142431 0 -0.0916913 
v 0.14309 0 -0.0908779 
v 0.14366 0 -0.09 
v 0.144135 0 -0.0890674 
v 0.140878 0 -0.0930902 
v 0.141691 0 -0.0924314 
v 0.139067 0 -0.0941355 
v 0.14 0 -0.0936603 
v 0.144511 0 -0.0880902 
v 0.144781 0 -0.0870791 
v 0.144353 0 -0.0885 
v 0.145 0 -0.085 
v 0.144945 0 -0.0860453 
v 0.144945 0 0.0860453 
v 0.144781 0 0.0870791 
v 0.144511 0 0.0880902 
v 0.145 0 0.085 
v 0.142431 0 0.0916913 
v 0.141691 0 0.0924314 
v 0.14366 0 0.09 
v 0.14309 0 0.0908779 
v 0.140878 0 0.0930902 
v 0.14 0 0.0936603 
v 0.144135 0 0.0890674 
v 0.139067 0 0.0941355 
v 0.144353 0 0.0885 
v 0.137079 0 0.0947815 
v 0.136045 0 0.0949452 
v 0.13809 0 0.0945106 
v 0.13815 0 0.0944876 
v 0.135 0 0.095 
v 0.00154288 0 0.0912862 
v 0.00145666 0 0.0911236 
v 0.004275 0 0.095 
v 0.0017 0 0.092 
v 0.00161101 0 0.0914572 
v 0.00169003 0 0.0918162 
v 0.00166025 0 0.0923654 
v 0.00169003 0 0.0921838 
v 0.00166025 0 0.0916346 
v 0.00135336 0 0.0930288 
v 0.00145666 0 0.0928764 
v 0.000796294 0 0.093502 
v 0.000954018 0 0.0934071 
v -1.74512e-17 0 0.095 
v -0.00931163 0 0.0945425 
v -0.000796294 0 0.093502 
v -0.00123419 0 0.0931691 
v -0.00110056 0 0.0932957 
v 0.00110056 0 0.0907043 
v 0.000954018 0 0.0905929 
v 0.00154288 0 0.0927138 
v 0.00161101 0 0.0925428 
v 0.00123419 0 0.0931691 
v 0.00110056 0 0.0932957 
v -0.000629235 0 0.0935793 
v -0.000954018 0 0.0934071 
v -0.00166025 0 0.0923654 
v -0.00161101 0 0.0925428 
v -0.00169003 0 0.0918162 
v -0.0017 0 0.092 
v -0.000796294 0 0.090498 
v -0.000954018 0 0.0905929 
v 0.00123419 0 0.0908309 
v -0.00154288 0 0.0927138 
v -0.00145666 0 0.0928764 
v -0.011235 0 0.0942572 
v -0.00169003 0 0.0921838 
v -0.00135336 0 0.0909712 
v -0.00145666 0 0.0911236 
v -0.00110056 0 0.0907043 
v 0.000796294 0 0.090498 
v 0.000629235 0 0.0904207 
v 0.00135336 0 0.0909712 
v 0.000629235 0 0.0935793 
v -0.00135336 0 0.0930288 
v -0.00161101 0 0.0914572 
v -0.00166025 0 0.0916346 
v -0.00154288 0 0.0912862 
v -0.00123419 0 0.0908309 
v -0.000454798 0 0.090362 
v -0.000629235 0 0.0904207 
v 0.000454798 0 0.090362 
v 0.000454798 0 0.093638 
v -0.000275029 0 0.0903224 
v 0.000275029 0 0.0936776 
v -9.20361e-05 0 0.0936975 
v 9.20361e-05 0 0.0936975 
v -0.000275029 0 0.0936776 
v -0.000454798 0 0.093638 
v -9.20361e-05 0 0.0903025 
v 9.20361e-05 0 0.0903025 
v 0.000275029 0 0.0903224 
v -0.0185336 0 0.0931746 
v -0.027577 0 0.0909093 
v -0.0447827 0 0.0837825 
v -0.0527792 0 0.0789896 
v -0.0363549 0 0.0877686 
v -0.0343107 0 0.0885 
v -0.0602674 0 0.073436 
v -0.0610794 0 0.0727 
v -0.0671751 0 0.0671751 
v -0.073436 0 0.0602674 
v -0.0651352 0 0.069024 
v -0.0763101 0 0.0563921 
v -0.0789896 0 0.0527792 
v -0.0810974 0 0.0492625 
v -0.0824 0 0.0470893 
v -0.0877686 0 0.0363549 
v -0.0909093 0 0.027577 
v -0.0837825 0 0.0447827 
v -0.0931746 0 0.0185336 
v -0.0945425 0 0.00931163 
v -0.0946373 0 0.00738254 
v -0.091725 0 0.00167761 
v -0.0915452 0 0.00163803 
v -0.091908 0 0.00169751 
v -0.0926292 0 0.00157926 
v -0.0924548 0 0.00163803 
v -0.0913708 0 0.00157926 
v -0.0912037 0 0.00150197 
v -0.092092 0 0.00169751 
v -0.092275 0 0.00167761 
v -0.0931006 0 0.00129568 
v -0.092954 0 0.00140707 
v -0.095 0 2.32683e-17 
v -0.0935429 0 0.000713811 
v -0.0946373 0 -0.00738254 
v -0.092275 0 -0.00167761 
v -0.0924548 0 -0.00163803 
v -0.09031 0 0.000183802 
v -0.0903 0 -6.2457e-19 
v -0.0904571 0 0.000713811 
v -0.090389 0 0.000542813 
v -0.0907658 0 0.00116909 
v -0.0906466 0 0.0010288 
v -0.091046 0 0.00140707 
v -0.0908994 0 0.00129568 
v -0.0927963 0 0.00150197 
v -0.0932342 0 0.00116909 
v -0.0934567 0 0.000876442 
v -0.0933534 0 0.0010288 
v -0.093611 0 0.000542813 
v -0.092092 0 -0.00169751 
v -0.0915452 0 -0.00163803 
v -0.091046 0 -0.00140707 
v -0.0912037 0 -0.00150197 
v -0.0907658 0 -0.00116909 
v -0.0908994 0 -0.00129568 
v -0.0904571 0 -0.000713811 
v -0.0905433 0 -0.000876442 
v -0.0903397 0 -0.00036545 
v -0.090389 0 -0.000542813 
v -0.0905433 0 0.000876442 
v -0.0934567 0 -0.000876442 
v -0.0935429 0 -0.000713811 
v -0.0927963 0 -0.00150197 
v -0.092954 0 -0.00140707 
v -0.091908 0 -0.00169751 
v -0.091725 0 -0.00167761 
v -0.0913708 0 -0.00157926 
v -0.0906466 0 -0.0010288 
v -0.09031 0 -0.000183802 
v -0.0932342 0 -0.00116909 
v -0.0933534 0 -0.0010288 
v -0.0931006 0 -0.00129568 
v -0.0926292 0 -0.00157926 
v -0.0903397 0 0.00036545 
v -0.093611 0 -0.000542813 
v -0.0936603 0 -0.00036545 
v -0.09369 0 0.000183802 
v -0.0936603 0 0.00036545 
v -0.09369 0 -0.000183802 
v -0.0937 0 4.1638e-19 
v -0.0945425 0 -0.00931163 
v -0.0934121 0 -0.0169325 
v -0.0909093 0 -0.027577 
v -0.0877686 0 -0.0363549 
v -0.0931746 0 -0.0185336 
v -0.0837825 0 -0.0447827 
v -0.0824 0 -0.0470893 
v -0.0789896 0 -0.0527792 
v -0.0763101 0 -0.0563921 
v -0.0810974 0 -0.0492625 
v -0.073436 0 -0.0602674 
v -0.0671751 0 -0.0671751 
v -0.0610794 0 -0.0727 
v -0.0651352 0 -0.069024 
v -0.0363549 0 -0.0877686 
v -0.0343107 0 -0.0885 
v -0.0447827 0 -0.0837825 
v -0.0602674 0 -0.073436 
v -0.0527792 0 -0.0789896 
v -0.027577 0 -0.0909093 
v -0.028995 0 -0.090402 
v -0.0185336 0 -0.0931746 
v 0.00154288 0 -0.0927138 
v 0.00145666 0 -0.0928764 
v 0.00169003 0 -0.0918162 
v 0.0017 0 -0.092 
v 0.00161101 0 -0.0925428 
v 0.00169003 0 -0.0921838 
v 0.00166025 0 -0.0916346 
v 0.00166025 0 -0.0923654 
v 0.00135336 0 -0.0909712 
v 0.00145666 0 -0.0911236 
v 0.000796294 0 -0.090498 
v 0.000954018 0 -0.0905929 
v -0.00123419 0 -0.0908309 
v -0.00110056 0 -0.0907043 
v 0.00110056 0 -0.0932957 
v 0.000954018 0 -0.0934071 
v 0.00154288 0 -0.0912862 
v 0.00161101 0 -0.0914572 
v 0.00123419 0 -0.0908309 
v 0.00110056 0 -0.0907043 
v -0.000796294 0 -0.090498 
v -0.000629235 0 -0.0904207 
v -0.000954018 0 -0.0905929 
v -0.011235 0 -0.0942572 
v -0.0017 0 -0.092 
v -0.000796294 0 -0.093502 
v -0.000954018 0 -0.0934071 
v 0.000796294 0 -0.093502 
v 0.000629235 0 -0.0935793 
v 0.00123419 0 -0.0931691 
v -0.00154288 0 -0.0912862 
v -0.00145666 0 -0.0911236 
v -0.00169003 0 -0.0918162 
v -0.00166025 0 -0.0916346 
v -0.00169003 0 -0.0921838 
v -0.00135336 0 -0.0930288 
v -0.00145666 0 -0.0928764 
v -0.00110056 0 -0.0932957 
v 5.81707e-18 0 -0.095 
v 0.00135336 0 -0.0930288 
v -0.00135336 0 -0.0909712 
v -0.00161101 0 -0.0914572 
v -0.00161101 0 -0.0925428 
v -0.00166025 0 -0.0923654 
v -0.00154288 0 -0.0927138 
v -0.00123419 0 -0.0931691 
v -0.000275029 0 -0.0936776 
v -0.000454798 0 -0.093638 
v 0.000454798 0 -0.093638 
v 0.000454798 0 -0.090362 
v 0.000629235 0 -0.0904207 
v -0.000629235 0 -0.0935793 
v 0.000275029 0 -0.0903224 
v -9.20361e-05 0 -0.0903025 
v 9.20361e-05 0 -0.0903025 
v -0.000275029 0 -0.0903224 
v -9.20361e-05 0 -0.0936975 
v -0.000454798 0 -0.090362 
v -0.00931163 0 -0.0945425 
v 9.20361e-05 0 -0.0936975 
v 0.000275029 0 -0.0936776 
v -0.028995 0 0.090402 
v 0.0289816 0 -0.0885 
v 0.0822 0 -0.0885 
v 0.11895 0 -0.0885 
v 0.13435 0 -0.0885 
v -0.028995 0 -0.0885 
v -0.011235 0 -0.0885 
v -0.011235 0 -0.0727 
v 0.004275 0 -0.0885 
v 0.004275 0 -0.0727 
v 0.0289816 0 -0.0727 
v 0.0822 0 -0.0727 
v 0.11895 0 -0.0727 
v -0.028995 0 -0.0727 
v -0.011235 0 -0.0563921 
v 0.004275 0 -0.0563921 
v 0.0289816 0 -0.0563921 
v 0.0822 0 -0.0563921 
v 0.11895 0 -0.0563921 
v 0.13435 0 -0.0727 
v 0.13435 0 -0.0563921 
v -0.028995 0 -0.0563921 
v -0.011235 0 -0.0492625 
v 0.004275 0 -0.0492625 
v 0.0289816 0 -0.0492625 
v 0.0822 0 -0.0492625 
v 0.11895 0 -0.0492625 
v 0.13435 0 -0.0492625 
v 0.13815 0 -0.0563921 
v 0.13815 0 -0.0492625 
v -0.028995 0 -0.0492625 
v -0.011235 0 -0.0169325 
v 0.004275 0 -0.0169325 
v 0.0289816 0 -0.0169325 
v 0.11895 0 -0.0169325 
v 0.13435 0 -0.0169325 
v 0.13815 0 -0.0169325 
v -0.028995 0 -0.0169325 
v -0.011235 0 -0.00738254 
v 0.004275 0 -0.00738254 
v 0.0289816 0 -0.00738254 
v 0.0822 0 -0.0169325 
v 0.11895 0 -0.00738254 
v 0.13435 0 -0.00738254 
v 0.13815 0 -0.00738254 
v -0.011235 0 0.00738254 
v -0.028995 0 0.00738254 
v -0.028995 0 -0.00738254 
v 0.004275 0 0.00738254 
v 0.0289816 0 0.00738254 
v 0.0822 0 -0.00738254 
v 0.11895 0 0.00738254 
v -0.011235 0 0.0492625 
v 0.004275 0 0.0492625 
v 0.0289816 0 0.0492625 
v 0.0822 0 0.00738254 
v 0.11895 0 0.0492625 
v 0.13435 0 0.00738254 
v 0.13435 0 0.0492625 
v 0.13815 0 0.00738254 
v 0.13815 0 0.0492625 
v -0.028995 0 0.0492625 
v -0.011235 0 0.0563921 
v 0.004275 0 0.0563921 
v 0.0289816 0 0.0563921 
v 0.0822 0 0.0492625 
v 0.0822 0 0.0563921 
v 0.11895 0 0.0563921 
v 0.13435 0 0.0563921 
v 0.13815 0 0.0563921 
v -0.028995 0 0.0563921 
v -0.011235 0 0.0727 
v 0.004275 0 0.0727 
v 0.0289816 0 0.0727 
v 0.0822 0 0.0727 
v 0.11895 0 0.0727 
v 0.13435 0 0.0727 
v -0.028995 0 0.0727 
v -0.011235 0 0.0885 
v 0.004275 0 0.0885 
v 0.0289816 0 0.0885 
v 0.0822 0 0.0885 
v 0.11895 0 0.0885 
v 0.13435 0 0.0885 
v 0.13815 0 -0.0727 
v 0.13815 0 0.0727 
v -0.0651352 0 -0.00738254 
v -0.0651352 0 0.00738254 
v -0.0651352 0 -0.0169325 
v -0.0824 0 -0.0169325 
v -0.0824 0 -0.00738254 
v -0.0824 0 0.00738254 
v 0.13815 0 0.0885 
v 0.13815 0 -0.0885 
v -0.0651352 0 -0.0492625 
v -0.0651352 0 0.0492625 
v -0.0651352 0 0.0563921 
v -0.0651352 0 -0.0563921 
v -0.028995 0 0.0885 
v 0.0416 0.005 0.095 
v 0.11895 0.005 0.095 
v 0.13435 0.005 0.095 
v 0.145 0.005 0.0298 
v 0.145 0.005 -0.0718 
v 0.0416 0.005 -0.095 
v 0.11895 0.005 -0.095 
v 0.145 0.005 -0.0298 
v 0.139588 0.005 -0.059773 
v 0.139588 0.005 -0.060227 
v 0.1396 0.005 -0.06 
v 0.138277 0.005 -0.0580491 
v 0.13815 0.005 -0.0580063 
v 0.138678 0.005 -0.0582619 
v 0.138484 0.005 -0.0581446 
v 0.139025 0.005 -0.0585558 
v 0.13886 0.005 -0.0583995 
v 0.139299 0.005 -0.0589173 
v 0.139172 0.005 -0.0587291 
v 0.139551 0.005 -0.0604514 
v 0.139025 0.005 -0.0614442 
v 0.139172 0.005 -0.0612709 
v 0.138678 0.005 -0.0617381 
v 0.13886 0.005 -0.0616005 
v 0.138277 0.005 -0.0619509 
v 0.138484 0.005 -0.0618554 
v 0.13815 0.005 -0.0619937 
v 0.13949 0.005 -0.0593295 
v 0.139406 0.005 -0.0591182 
v 0.139551 0.005 -0.0595486 
v 0.13949 0.005 -0.0606705 
v 0.139299 0.005 -0.0610827 
v 0.139406 0.005 -0.0608818 
v 0.136723 0.005 -0.0580491 
v 0.136516 0.005 -0.0581446 
v 0.13716 0.005 -0.0579277 
v 0.136938 0.005 -0.0579765 
v 0.137614 0.005 -0.0579031 
v 0.137386 0.005 -0.0579031 
v 0.137386 0.005 -0.0620969 
v 0.137614 0.005 -0.0620969 
v 0.13716 0.005 -0.0620723 
v 0.13784 0.005 -0.0579277 
v 0.136723 0.005 -0.0619509 
v 0.136938 0.005 -0.0620235 
v 0.136322 0.005 -0.0617381 
v 0.136516 0.005 -0.0618554 
v 0.135975 0.005 -0.0585558 
v 0.135828 0.005 -0.0587291 
v 0.136322 0.005 -0.0582619 
v 0.13614 0.005 -0.0583995 
v 0.13784 0.005 -0.0620723 
v 0.135975 0.005 -0.0614442 
v 0.13614 0.005 -0.0616005 
v 0.135701 0.005 -0.0610827 
v 0.135828 0.005 -0.0612709 
v 0.135412 0.005 -0.059773 
v 0.1354 0.005 -0.06 
v 0.138062 0.005 -0.0579765 
v 0.135412 0.005 -0.060227 
v 0.135449 0.005 -0.0595486 
v 0.135449 0.005 -0.0604514 
v 0.13551 0.005 -0.0593295 
v 0.135701 0.005 -0.0589173 
v 0.135594 0.005 -0.0591182 
v 0.138062 0.005 -0.0620235 
v 0.13551 0.005 -0.0606705 
v 0.135594 0.005 -0.0608818 
v 0.145 0.005 0.0824 
v 0.139588 0.005 0.059773 
v 0.1396 0.005 0.06 
v 0.138277 0.005 0.0619509 
v 0.13815 0.005 0.0619937 
v 0.138678 0.005 0.0617381 
v 0.138484 0.005 0.0618554 
v 0.139025 0.005 0.0614442 
v 0.13886 0.005 0.0616005 
v 0.139299 0.005 0.0610827 
v 0.139172 0.005 0.0612709 
v 0.139551 0.005 0.0595486 
v 0.139588 0.005 0.060227 
v 0.139025 0.005 0.0585558 
v 0.139172 0.005 0.0587291 
v 0.138678 0.005 0.0582619 
v 0.13886 0.005 0.0583995 
v 0.138277 0.005 0.0580491 
v 0.138484 0.005 0.0581446 
v 0.13815 0.005 0.0580063 
v 0.13949 0.005 0.0606705 
v 0.139406 0.005 0.0608818 
v 0.139551 0.005 0.0604514 
v 0.13949 0.005 0.0593295 
v 0.139299 0.005 0.0589173 
v 0.139406 0.005 0.0591182 
v 0.137386 0.005 0.0579031 
v 0.136723 0.005 0.0619509 
v 0.136516 0.005 0.0618554 
v 0.13716 0.005 0.0620723 
v 0.136938 0.005 0.0620235 
v 0.137614 0.005 0.0620969 
v 0.137386 0.005 0.0620969 
v 0.137614 0.005 0.0579031 
v 0.13784 0.005 0.0620723 
v 0.13716 0.005 0.0579277 
v 0.136723 0.005 0.0580491 
v 0.136938 0.005 0.0579765 
v 0.136322 0.005 0.0582619 
v 0.136516 0.005 0.0581446 
v 0.135412 0.005 0.060227 
v 0.1354 0.005 0.06 
v 0.135975 0.005 0.0614442 
v 0.135828 0.005 0.0612709 
v 0.136322 0.005 0.0617381 
v 0.13614 0.005 0.0616005 
v 0.13784 0.005 0.0579277 
v 0.135975 0.005 0.0585558 
v 0.13614 0.005 0.0583995 
v 0.135701 0.005 0.0589173 
v 0.135828 0.005 0.0587291 
v 0.138062 0.005 0.0620235 
v 0.135412 0.005 0.059773 
v 0.135449 0.005 0.0595486 
v 0.13551 0.005 0.0606705 
v 0.135449 0.005 0.0604514 
v 0.135701 0.005 0.0610827 
v 0.135594 0.005 0.0608818 
v 0.138062 0.005 0.0579765 
v 0.13551 0.005 0.0593295 
v 0.135594 0.005 0.0591182 
v 0.10216 0.005 0.0579277 
v 0.10114 0.005 0.0583995 
v 0.101322 0.005 0.0582619 
v 0.102386 0.005 0.0579031 
v 0.101516 0.005 0.0581446 
v 0.10284 0.005 0.0579277 
v 0.103062 0.005 0.0579765 
v 0.102614 0.005 0.0579031 
v 0.101723 0.005 0.0580491 
v 0.101938 0.005 0.0579765 
v 0.100975 0.005 0.0585558 
v 0.100701 0.005 0.0589173 
v 0.100828 0.005 0.0587291 
v 0.104025 0.005 0.0585558 
v 0.104172 0.005 0.0587291 
v 0.103277 0.005 0.0580491 
v 0.103484 0.005 0.0581446 
v 0.101723 0.005 0.0619509 
v 0.101516 0.005 0.0618554 
v 0.104551 0.005 0.0595486 
v 0.104588 0.005 0.059773 
v 0.104299 0.005 0.0589173 
v 0.103678 0.005 0.0582619 
v 0.10386 0.005 0.0583995 
v 0.101322 0.005 0.0617381 
v 0.101938 0.005 0.0620235 
v 0.104406 0.005 0.0591182 
v 0.10449 0.005 0.0593295 
v 0.10051 0.005 0.0593295 
v 0.100594 0.005 0.0591182 
v 0.100449 0.005 0.0595486 
v 0.100412 0.005 0.059773 
v 0.100449 0.005 0.0604514 
v 0.100412 0.005 0.060227 
v 0.103277 0.005 0.0619509 
v 0.103062 0.005 0.0620235 
v 0.104299 0.005 0.0610827 
v 0.104172 0.005 0.0612709 
v 0.10051 0.005 0.0606705 
v 0.10114 0.005 0.0616005 
v 0.100975 0.005 0.0614442 
v 0.10216 0.005 0.0620723 
v 0.102614 0.005 0.0620969 
v 0.102386 0.005 0.0620969 
v 0.10284 0.005 0.0620723 
v 0.103678 0.005 0.0617381 
v 0.103484 0.005 0.0618554 
v 0.104025 0.005 0.0614442 
v 0.10386 0.005 0.0616005 
v 0.104406 0.005 0.0608818 
v 0.1004 0.005 0.06 
v 0.100701 0.005 0.0610827 
v 0.100594 0.005 0.0608818 
v 0.100828 0.005 0.0612709 
v 0.104551 0.005 0.0604514 
v 0.10449 0.005 0.0606705 
v 0.1046 0.005 0.06 
v 0.104588 0.005 0.060227 
v 0.10114 0.005 -0.0616005 
v 0.101322 0.005 -0.0617381 
v 0.10216 0.005 -0.0620723 
v 0.102386 0.005 -0.0620969 
v 0.101516 0.005 -0.0618554 
v 0.10284 0.005 -0.0620723 
v 0.103062 0.005 -0.0620235 
v 0.102614 0.005 -0.0620969 
v 0.101938 0.005 -0.0620235 
v 0.101723 0.005 -0.0619509 
v 0.104025 0.005 -0.0614442 
v 0.104172 0.005 -0.0612709 
v 0.103277 0.005 -0.0619509 
v 0.103484 0.005 -0.0618554 
v 0.100701 0.005 -0.0610827 
v 0.100828 0.005 -0.0612709 
v 0.101516 0.005 -0.0581446 
v 0.101322 0.005 -0.0582619 
v 0.104299 0.005 -0.0610827 
v 0.103678 0.005 -0.0617381 
v 0.10386 0.005 -0.0616005 
v 0.100975 0.005 -0.0614442 
v 0.100449 0.005 -0.0604514 
v 0.101723 0.005 -0.0580491 
v 0.104551 0.005 -0.0604514 
v 0.104588 0.005 -0.060227 
v 0.104406 0.005 -0.0608818 
v 0.10449 0.005 -0.0606705 
v 0.100828 0.005 -0.0587291 
v 0.100975 0.005 -0.0585558 
v 0.101938 0.005 -0.0579765 
v 0.102386 0.005 -0.0579031 
v 0.10216 0.005 -0.0579277 
v 0.103277 0.005 -0.0580491 
v 0.103062 0.005 -0.0579765 
v 0.104299 0.005 -0.0589173 
v 0.104172 0.005 -0.0587291 
v 0.10051 0.005 -0.0606705 
v 0.100594 0.005 -0.0608818 
v 0.100412 0.005 -0.060227 
v 0.100412 0.005 -0.059773 
v 0.100449 0.005 -0.0595486 
v 0.100594 0.005 -0.0591182 
v 0.10114 0.005 -0.0583995 
v 0.102614 0.005 -0.0579031 
v 0.10284 0.005 -0.0579277 
v 0.103678 0.005 -0.0582619 
v 0.103484 0.005 -0.0581446 
v 0.104025 0.005 -0.0585558 
v 0.10386 0.005 -0.0583995 
v 0.104406 0.005 -0.0591182 
v 0.104588 0.005 -0.059773 
v 0.104551 0.005 -0.0595486 
v 0.1004 0.005 -0.06 
v 0.10051 0.005 -0.0593295 
v 0.100701 0.005 -0.0589173 
v 0.10449 0.005 -0.0593295 
v 0.1046 0.005 -0.06 
v 0.135796 0.005 0.083498 
v 0.135954 0.005 0.0835929 
v 0.135275 0.005 0.0833224 
v 0.135455 0.005 0.083362 
v 0.135629 0.005 0.0834207 
v 0.134908 0.005 0.0833025 
v 0.135092 0.005 0.0833025 
v 0.134545 0.005 0.086638 
v 0.134371 0.005 0.0865793 
v 0.135092 0.005 0.0866975 
v 0.134908 0.005 0.0866975 
v 0.135455 0.005 0.086638 
v 0.136101 0.005 0.0862957 
v 0.135954 0.005 0.0864071 
v 0.134725 0.005 0.0833224 
v 0.134725 0.005 0.0866776 
v 0.135275 0.005 0.0866776 
v 0.135629 0.005 0.0865793 
v 0.135796 0.005 0.086502 
v 0.134545 0.005 0.083362 
v 0.13435 0.005 0.0834303 
v 0.134371 0.005 0.0834207 
v 0.136353 0.005 0.0860288 
v 0.136234 0.005 0.0861691 
v 0.136611 0.005 0.0855428 
v 0.136543 0.005 0.0857138 
v 0.1367 0.005 0.085 
v 0.136353 0.005 0.0839712 
v 0.136457 0.005 0.0841236 
v 0.136101 0.005 0.0837043 
v 0.136234 0.005 0.0838309 
v 0.136457 0.005 0.0858764 
v 0.13669 0.005 0.0851838 
v 0.13666 0.005 0.0846346 
v 0.13669 0.005 0.0848162 
v 0.136543 0.005 0.0842862 
v 0.13666 0.005 0.0853654 
v 0.136611 0.005 0.0844572 
v 0.133899 0.005 0.0837043 
v 0.134046 0.005 0.0835929 
v 0.134046 0.005 0.0864071 
v 0.134204 0.005 0.086502 
v 0.134204 0.005 0.083498 
v 0.133647 0.005 0.0839712 
v 0.133766 0.005 0.0838309 
v 0.133457 0.005 0.0842862 
v 0.133543 0.005 0.0841236 
v 0.13331 0.005 0.0851838 
v 0.1333 0.005 0.085 
v 0.133647 0.005 0.0860288 
v 0.133543 0.005 0.0858764 
v 0.133899 0.005 0.0862957 
v 0.133766 0.005 0.0861691 
v 0.13435 0.005 0.0865697 
v 0.133389 0.005 0.0844572 
v 0.13331 0.005 0.0848162 
v 0.13334 0.005 0.0853654 
v 0.133457 0.005 0.0857138 
v 0.13334 0.005 0.0846346 
v 0.133389 0.005 0.0855428 
v 0.135455 0.005 -0.00163803 
v 0.135629 0.005 -0.00157926 
v 0.134725 0.005 0.00167761 
v 0.134545 0.005 0.00163803 
v 0.135796 0.005 0.00150197 
v 0.135629 0.005 0.00157926 
v 0.135275 0.005 -0.00167761 
v 0.134908 0.005 0.00169751 
v 0.135092 0.005 0.00169751 
v 0.135455 0.005 0.00163803 
v 0.135092 0.005 -0.00169751 
v 0.134371 0.005 -0.00157926 
v 0.134545 0.005 -0.00163803 
v 0.135275 0.005 0.00167761 
v 0.134908 0.005 -0.00169751 
v 0.134725 0.005 -0.00167761 
v 0.136101 0.005 0.00129568 
v 0.135954 0.005 0.00140707 
v 0.135796 0.005 -0.00150197 
v 0.135954 0.005 -0.00140707 
v 0.136353 0.005 0.0010288 
v 0.136234 0.005 0.00116909 
v 0.13435 0.005 -0.00156965 
v 0.136611 0.005 0.000542813 
v 0.136543 0.005 0.000713811 
v 0.1367 0.005 -2.0819e-19 
v 0.136353 0.005 -0.0010288 
v 0.136457 0.005 -0.000876442 
v 0.136101 0.005 -0.00129568 
v 0.136234 0.005 -0.00116909 
v 0.134371 0.005 0.00157926 
v 0.136457 0.005 0.000876442 
v 0.13669 0.005 0.000183802 
v 0.13666 0.005 -0.00036545 
v 0.13669 0.005 -0.000183802 
v 0.136543 0.005 -0.000713811 
v 0.13666 0.005 0.00036545 
v 0.136611 0.005 -0.000542813 
v 0.134204 0.005 -0.00150197 
v 0.133899 0.005 -0.00129568 
v 0.134046 0.005 -0.00140707 
v 0.134204 0.005 0.00150197 
v 0.134046 0.005 0.00140707 
v 0.13435 0.005 0.00156965 
v 0.133647 0.005 -0.0010288 
v 0.133766 0.005 -0.00116909 
v 0.133389 0.005 -0.000542813 
v 0.133457 0.005 -0.000713811 
v 0.1333 0.005 0 
v 0.133647 0.005 0.0010288 
v 0.133543 0.005 0.000876442 
v 0.133899 0.005 0.00129568 
v 0.133766 0.005 0.00116909 
v 0.133543 0.005 -0.000876442 
v 0.13331 0.005 -0.000183802 
v 0.133389 0.005 0.000542813 
v 0.13334 0.005 0.00036545 
v 0.133457 0.005 0.000713811 
v 0.13334 0.005 -0.00036545 
v 0.13331 0.005 0.000183802 
v 0.135796 0.005 -0.086502 
v 0.135954 0.005 -0.0864071 
v 0.135275 0.005 -0.0866776 
v 0.135455 0.005 -0.086638 
v 0.135629 0.005 -0.0865793 
v 0.134908 0.005 -0.0866975 
v 0.135092 0.005 -0.0866975 
v 0.134545 0.005 -0.083362 
v 0.134371 0.005 -0.0834207 
v 0.135092 0.005 -0.0833025 
v 0.134908 0.005 -0.0833025 
v 0.135455 0.005 -0.083362 
v 0.136101 0.005 -0.0837043 
v 0.135954 0.005 -0.0835929 
v 0.134725 0.005 -0.0866776 
v 0.134725 0.005 -0.0833224 
v 0.135275 0.005 -0.0833224 
v 0.135629 0.005 -0.0834207 
v 0.135796 0.005 -0.083498 
v 0.134545 0.005 -0.086638 
v 0.13435 0.005 -0.0865697 
v 0.134371 0.005 -0.0865793 
v 0.136353 0.005 -0.0839712 
v 0.136234 0.005 -0.0838309 
v 0.136611 0.005 -0.0844572 
v 0.136543 0.005 -0.0842862 
v 0.13669 0.005 -0.0851838 
v 0.1367 0.005 -0.085 
v 0.136353 0.005 -0.0860288 
v 0.136457 0.005 -0.0858764 
v 0.136101 0.005 -0.0862957 
v 0.136234 0.005 -0.0861691 
v 0.136457 0.005 -0.0841236 
v 0.13669 0.005 -0.0848162 
v 0.13666 0.005 -0.0853654 
v 0.136543 0.005 -0.0857138 
v 0.13666 0.005 -0.0846346 
v 0.136611 0.005 -0.0855428 
v 0.133899 0.005 -0.0862957 
v 0.134046 0.005 -0.0864071 
v 0.134046 0.005 -0.0835929 
v 0.134204 0.005 -0.083498 
v 0.134204 0.005 -0.086502 
v 0.133647 0.005 -0.0860288 
v 0.133766 0.005 -0.0861691 
v 0.133457 0.005 -0.0857138 
v 0.133543 0.005 -0.0858764 
v 0.1333 0.005 -0.085 
v 0.133647 0.005 -0.0839712 
v 0.133543 0.005 -0.0841236 
v 0.133899 0.005 -0.0837043 
v 0.133766 0.005 -0.0838309 
v 0.13435 0.005 -0.0834303 
v 0.133389 0.005 -0.0855428 
v 0.13331 0.005 -0.0851838 
v 0.13334 0.005 -0.0846346 
v 0.13331 0.005 -0.0848162 
v 0.133457 0.005 -0.0842862 
v 0.13334 0.005 -0.0853654 
v 0.133389 0.005 -0.0844572 
v 0.144781 0.005 -0.0870791 
v 0.144945 0.005 -0.0860453 
v 0.144511 0.005 -0.0880902 
v 0.145 0.005 -0.085 
v 0.145 0.005 -0.0824 
v 0.140878 0.005 -0.0930902 
v 0.14 0.005 -0.0936603 
v 0.14366 0.005 -0.09 
v 0.14309 0.005 -0.0908779 
v 0.139067 0.005 -0.0941355 
v 0.142431 0.005 -0.0916913 
v 0.141691 0.005 -0.0924314 
v 0.144135 0.005 -0.0890674 
v 0.144353 0.005 -0.0885 
v 0.137079 0.005 -0.0947815 
v 0.136045 0.005 -0.0949452 
v 0.13809 0.005 -0.0945106 
v 0.13815 0.005 -0.0944876 
v 0.135 0.005 -0.095 
v 0.0017 0.005 -0.092 
v 0.00169003 0.005 -0.0918162 
v 0.00166025 0.005 -0.0923654 
v 0.00169003 0.005 -0.0921838 
v 0.00135336 0.005 -0.0930288 
v 0.00145666 0.005 -0.0928764 
v 0.00123419 0.005 -0.0908309 
v 0.00110056 0.005 -0.0907043 
v 0.00154288 0.005 -0.0912862 
v 0.00145666 0.005 -0.0911236 
v 0.00166025 0.005 -0.0916346 
v 0.00161101 0.005 -0.0914572 
v 0.00154288 0.005 -0.0927138 
v 5.81707e-18 0.005 -0.095 
v 0.000796294 0.005 -0.093502 
v -0.00931163 0.005 -0.0945425 
v -0.00110056 0.005 -0.0932957 
v -0.000954018 0.005 -0.0934071 
v 0.000954018 0.005 -0.0905929 
v 0.00135336 0.005 -0.0909712 
v 0.00161101 0.005 -0.0925428 
v 0.000954018 0.005 -0.0934071 
v -0.000796294 0.005 -0.093502 
v -0.00123419 0.005 -0.0931691 
v -0.00154288 0.005 -0.0927138 
v -0.00145666 0.005 -0.0928764 
v -0.00169003 0.005 -0.0921838 
v -0.00166025 0.005 -0.0923654 
v -0.0185336 0.005 -0.0931746 
v -0.000454798 0.005 -0.090362 
v -0.000629235 0.005 -0.0904207 
v 0.00110056 0.005 -0.0932957 
v -0.000629235 0.005 -0.0935793 
v -0.00135336 0.005 -0.0930288 
v -0.00161101 0.005 -0.0925428 
v -0.00169003 0.005 -0.0918162 
v -0.0017 0.005 -0.092 
v -0.000954018 0.005 -0.0905929 
v -0.00110056 0.005 -0.0907043 
v -0.000796294 0.005 -0.090498 
v 0.000796294 0.005 -0.090498 
v 0.000629235 0.005 -0.0904207 
v 0.00123419 0.005 -0.0931691 
v -0.000454798 0.005 -0.093638 
v -0.00161101 0.005 -0.0914572 
v -0.00166025 0.005 -0.0916346 
v -0.00135336 0.005 -0.0909712 
v -0.00145666 0.005 -0.0911236 
v 0.000454798 0.005 -0.090362 
v 0.000454798 0.005 -0.093638 
v 0.000629235 0.005 -0.0935793 
v -0.00154288 0.005 -0.0912862 
v -0.00123419 0.005 -0.0908309 
v 0.000275029 0.005 -0.0936776 
v -0.027577 0.005 -0.0909093 
v -9.20361e-05 0.005 -0.0936975 
v 9.20361e-05 0.005 -0.0936975 
v -0.0343107 0.005 -0.0885 
v -0.000275029 0.005 -0.0903224 
v 9.20361e-05 0.005 -0.0903025 
v 0.000275029 0.005 -0.0903224 
v -0.000275029 0.005 -0.0936776 
v -9.20361e-05 0.005 -0.0903025 
v -0.0363549 0.005 -0.0877686 
v -0.0416 0.005 -0.0852878 
v -0.0447827 0.005 -0.0837825 
v -0.0527792 0.005 -0.0789896 
v -0.0602674 0.005 -0.073436 
v -0.0470893 0.005 -0.0824 
v -0.0671751 0.005 -0.0671751 
v -0.073436 0.005 -0.0602674 
v -0.0789896 0.005 -0.0527792 
v -0.0837825 0.005 -0.0447827 
v -0.0877686 0.005 -0.0363549 
v -0.0901139 0.005 -0.0298 
v -0.0620724 0.005 -0.0718 
v -0.0912037 0.005 -0.00150197 
v -0.091046 0.005 -0.00140707 
v -0.091908 0.005 -0.00169751 
v -0.0909093 0.005 -0.027577 
v -0.0931746 0.005 -0.0185336 
v -0.092275 0.005 -0.00167761 
v -0.0945425 0.005 -0.00931163 
v -0.091725 0.005 -0.00167761 
v -0.0926292 0.005 -0.00157926 
v -0.0924548 0.005 -0.00163803 
v -0.0912037 0.005 0.00150197 
v -0.0913708 0.005 -0.00157926 
v -0.0915452 0.005 -0.00163803 
v -0.092092 0.005 -0.00169751 
v -0.091046 0.005 0.00140707 
v -0.0907658 0.005 0.00116909 
v -0.0903397 0.005 0.00036545 
v -0.0913708 0.005 0.00157926 
v -0.0915452 0.005 0.00163803 
v -0.0908994 0.005 0.00129568 
v -0.0905433 0.005 0.000876442 
v -0.0906466 0.005 0.0010288 
v -0.090389 0.005 0.000542813 
v -0.090389 0.005 -0.000542813 
v -0.0903397 0.005 -0.00036545 
v -0.0908994 0.005 -0.00129568 
v -0.0931006 0.005 -0.00129568 
v -0.092954 0.005 -0.00140707 
v -0.095 0.005 2.32683e-17 
v -0.0935429 0.005 -0.000713811 
v -0.0934567 0.005 -0.000876442 
v -0.092275 0.005 0.00167761 
v -0.0924548 0.005 0.00163803 
v -0.0945425 0.005 0.00931163 
v -0.0901139 0.005 0.0298 
v -0.091725 0.005 0.00167761 
v -0.0904571 0.005 0.000713811 
v -0.09031 0.005 -0.000183802 
v -0.0903 0.005 -2.0819e-19 
v -0.0904571 0.005 -0.000713811 
v -0.0906466 0.005 -0.0010288 
v -0.0905433 0.005 -0.000876442 
v -0.0907658 0.005 -0.00116909 
v -0.0927963 0.005 -0.00150197 
v -0.0932342 0.005 -0.00116909 
v -0.0933534 0.005 -0.0010288 
v -0.093611 0.005 -0.000542813 
v -0.0931746 0.005 0.0185336 
v -0.091908 0.005 0.00169751 
v -0.092092 0.005 0.00169751 
v -0.0909093 0.005 0.027577 
v -0.09031 0.005 0.000183802 
v -0.0934567 0.005 0.000876442 
v -0.0927963 0.005 0.00150197 
v -0.092954 0.005 0.00140707 
v -0.0935429 0.005 0.000713811 
v -0.0932342 0.005 0.00116909 
v -0.0933534 0.005 0.0010288 
v -0.0931006 0.005 0.00129568 
v -0.0926292 0.005 0.00157926 
v -0.09369 0.005 -0.000183802 
v -0.0936603 0.005 -0.00036545 
v -0.09369 0.005 0.000183802 
v -0.0937 0.005 0 
v -0.093611 0.005 0.000542813 
v -0.0936603 0.005 0.00036545 
v -0.0470893 0.005 0.0824 
v -0.0671751 0.005 0.0671751 
v -0.0602674 0.005 0.073436 
v -0.0527792 0.005 0.0789896 
v -0.0789896 0.005 0.0527792 
v -0.073436 0.005 0.0602674 
v -0.0877686 0.005 0.0363549 
v -0.0837825 0.005 0.0447827 
v -0.0447827 0.005 0.0837825 
v -0.0363549 0.005 0.0877686 
v -0.0343107 0.005 0.0885 
v -0.0416 0.005 0.0852878 
v 0.0017 0.005 0.092 
v 0.00169003 0.005 0.0921838 
v 0.00166025 0.005 0.0916346 
v 0.00169003 0.005 0.0918162 
v 0.00135336 0.005 0.0909712 
v 0.00145666 0.005 0.0911236 
v 0.00123419 0.005 0.0931691 
v 0.00110056 0.005 0.0932957 
v 0.00154288 0.005 0.0927138 
v 0.00145666 0.005 0.0928764 
v 0.00166025 0.005 0.0923654 
v 0.00161101 0.005 0.0925428 
v 0.00154288 0.005 0.0912862 
v 0.000954018 0.005 0.0934071 
v 0.00135336 0.005 0.0930288 
v 0.00161101 0.005 0.0914572 
v 0.000796294 0.005 0.090498 
v 0.000954018 0.005 0.0905929 
v -0.00110056 0.005 0.0907043 
v -0.000954018 0.005 0.0905929 
v -0.00135336 0.005 0.0909712 
v -0.00123419 0.005 0.0908309 
v -0.00154288 0.005 0.0912862 
v -0.00145666 0.005 0.0911236 
v -0.00169003 0.005 0.0918162 
v -0.027577 0.005 0.0909093 
v -0.0017 0.005 0.092 
v -0.0185336 0.005 0.0931746 
v -0.0106097 0.005 0.09435 
v -0.000954018 0.005 0.0934071 
v -0.00110056 0.005 0.0932957 
v 0.00110056 0.005 0.0907043 
v -0.000796294 0.005 0.090498 
v -0.000629235 0.005 0.0904207 
v -0.00161101 0.005 0.0914572 
v -0.00166025 0.005 0.0916346 
v -0.00169003 0.005 0.0921838 
v -0.000796294 0.005 0.093502 
v -0.000454798 0.005 0.093638 
v -0.000629235 0.005 0.0935793 
v 0.000796294 0.005 0.093502 
v 0.000629235 0.005 0.0935793 
v 0.00123419 0.005 0.0908309 
v -0.000454798 0.005 0.090362 
v -0.00161101 0.005 0.0925428 
v -0.00166025 0.005 0.0923654 
v -0.00135336 0.005 0.0930288 
v -0.00145666 0.005 0.0928764 
v 0.000454798 0.005 0.093638 
v 0.000454798 0.005 0.090362 
v 0.000629235 0.005 0.0904207 
v 0.000275029 0.005 0.0903224 
v -0.00154288 0.005 0.0927138 
v -0.00123419 0.005 0.0931691 
v -9.20361e-05 0.005 0.0903025 
v 9.20361e-05 0.005 0.0903025 
v -0.000275029 0.005 0.0903224 
v 9.20361e-05 0.005 0.0936975 
v 0.000275029 0.005 0.0936776 
v -0.000275029 0.005 0.0936776 
v -9.20361e-05 0.005 0.0936975 
v -0.00931163 0.005 0.0945425 
v -1.74512e-17 0.005 0.095 
v 0.137079 0.005 0.0947815 
v 0.135 0.005 0.095 
v 0.136045 0.005 0.0949452 
v 0.13809 0.005 0.0945106 
v 0.142431 0.005 0.0916913 
v 0.14309 0.005 0.0908779 
v 0.140878 0.005 0.0930902 
v 0.141691 0.005 0.0924314 
v 0.14366 0.005 0.09 
v 0.139067 0.005 0.0941355 
v 0.14 0.005 0.0936603 
v 0.138508 0.005 0.09435 
v 0.144135 0.005 0.0890674 
v 0.144511 0.005 0.0880902 
v 0.144781 0.005 0.0870791 
v 0.144353 0.005 0.0885 
v 0.144945 0.005 0.0860453 
v 0.145 0.005 0.085 
v 0.13815 0.005 0.0944876 
v 0.13435 0.005 -0.095 
v 0.0416 0.005 0.09435 
v 0.11895 0.005 0.09435 
v 0.0416 0.005 0.0885 
v 0.11895 0.005 0.0885 
v 0.13435 0.005 0.09435 
v 0.13435 0.005 0.0885 
v 0.13815 0.005 0.09435 
v 0.0416 0.005 0.0824 
v 0.11895 0.005 0.0298 
v 0.11895 0.005 0.0824 
v 0.13435 0.005 0.0824 
v 0.13815 0.005 -0.0298 
v 0.13815 0.005 0.0298 
v 0.11895 0.005 -0.0718 
v 0.11895 0.005 -0.0298 
v 0.13435 0.005 -0.0298 
v 0.0416 0.005 -0.0824 
v 0.0416 0.005 -0.0718 
v 0.11895 0.005 -0.0824 
v 0.13435 0.005 -0.0718 
v 0.13435 0.005 -0.0824 
v 0.13815 0.005 -0.0718 
v 0.13815 0.005 -0.0824 
v 0.0416 0.005 -0.0885 
v 0.11895 0.005 -0.0885 
v 0.13435 0.005 -0.0885 
v 0.13435 0.005 0.0298 
v 0.13815 0.005 0.0824 
v -0.0416 0.005 0.0824 
v -0.0416 0.005 -0.0718 
v -0.0416 0.005 -0.0824 
v 0.13815 0.005 0.0885 
v 0.13815 0.005 -0.0885 
vn -1 0 0 
vn -0.994138 0 -0.108119 
vn -0.997066 0 -0.0765493 
vn -0.994138 0 -0.108114 
vn -0.976621 0 -0.21497 
vn -0.976618 0 -0.214981 
vn -0.98828 0 -0.152649 
vn -0.947653 0 -0.319302 
vn -0.953396 0 -0.301721 
vn -0.973695 0 -0.227854 
vn -0.947657 0 -0.319291 
vn -0.907575 0 -0.419889 
vn -0.927502 0 -0.373817 
vn -0.907572 0 -0.419896 
vn -0.856857 0 -0.515554 
vn -0.85957 0 -0.511019 
vn -0.896166 0 -0.44372 
vn -0.85686 0 -0.515549 
vn -0.796093 0 -0.605174 
vn -0.817929 0 -0.575319 
vn -0.796094 0 -0.605173 
vn -0.725995 0 -0.687699 
vn -0.72599 0 -0.687705 
vn -0.771489 0 -0.636242 
vn -0.647386 0 -0.762162 
vn -0.665326 0 -0.746553 
vn -0.720522 0 -0.693433 
vn -0.647393 0 -0.762156 
vn -0.561187 0 -0.827689 
vn -0.561179 0 -0.827695 
vn -0.606225 0 -0.795293 
vn -0.468408 0 -0.883512 
vn -0.47772 0 -0.878512 
vn -0.543568 0 -0.839365 
vn -0.468417 0 -0.883508 
vn -0.370138 0 -0.928977 
vn -0.409069 0 -0.912504 
vn -0.370135 0 -0.928978 
vn -0.267528 0 -0.96355 
vn -0.267525 0 -0.963551 
vn -0.338017 0 -0.94114 
vn -0.161782 0 -0.986827 
vn -0.190391 0 -0.981708 
vn -0.264982 0 -0.964253 
vn -0.161788 0 -0.986825 
vn -0.0541389 0 -0.998533 
vn -0.0541281 0 -0.998534 
vn -0.114683 0 -0.993402 
vn 0.0541389 0 -0.998533 
vn 0.0383027 0 -0.999266 
vn -0.0383027 0 -0.999266 
vn 0.0541281 0 -0.998534 
vn 0.161782 0 -0.986827 
vn 0.114683 0 -0.993402 
vn 0.161788 0 -0.986825 
vn 0.267528 0 -0.96355 
vn 0.264982 0 -0.964253 
vn 0.190391 0 -0.981708 
vn 0.267525 0 -0.963551 
vn 0.370138 0 -0.928977 
vn 0.338017 0 -0.94114 
vn 0.370135 0 -0.928978 
vn 0.468408 0 -0.883512 
vn 0.468417 0 -0.883508 
vn 0.409069 0 -0.912504 
vn 0.561187 0 -0.827689 
vn 0.543568 0 -0.839365 
vn 0.47772 0 -0.878512 
vn 0.561179 0 -0.827695 
vn 0.647386 0 -0.762162 
vn 0.606225 0 -0.795293 
vn 0.647393 0 -0.762156 
vn 0.725995 0 -0.687699 
vn 0.720522 0 -0.693433 
vn 0.665326 0 -0.746553 
vn 0.72599 0 -0.687705 
vn 0.796093 0 -0.605174 
vn 0.771489 0 -0.636242 
vn 0.796094 0 -0.605173 
vn 0.856857 0 -0.515554 
vn 0.85686 0 -0.515549 
vn 0.817929 0 -0.575319 
vn 0.907575 0 -0.419889 
vn 0.896166 0 -0.44372 
vn 0.85957 0 -0.511019 
vn 0.907572 0 -0.419896 
vn 0.947653 0 -0.319302 
vn 0.947657 0 -0.319291 
vn 0.927502 0 -0.373817 
vn 0.976621 0 -0.21497 
vn 0.973695 0 -0.227854 
vn 0.953396 0 -0.301721 
vn 0.976618 0 -0.214981 
vn 0.994138 0 -0.108119 
vn 0.98828 0 -0.152649 
vn 0.994138 0 -0.108114 
vn 1 0 -1.22465e-16 
vn 0.997066 0 -0.0765493 
vn 0.994138 0 0.108119 
vn 0.997066 0 0.0765493 
vn 0.994138 0 0.108114 
vn 0.976621 0 0.21497 
vn 0.976618 0 0.214981 
vn 0.98828 0 0.152649 
vn 0.947653 0 0.319302 
vn 0.953396 0 0.301721 
vn 0.973695 0 0.227854 
vn 0.947657 0 0.319291 
vn 0.907575 0 0.419889 
vn 0.927502 0 0.373817 
vn 0.907572 0 0.419896 
vn 0.856857 0 0.515554 
vn 0.85957 0 0.511019 
vn 0.896166 0 0.44372 
vn 0.85686 0 0.515549 
vn 0.796093 0 0.605174 
vn 0.817929 0 0.575319 
vn 0.796094 0 0.605173 
vn 0.725995 0 0.687699 
vn 0.72599 0 0.687705 
vn 0.771489 0 0.636242 
vn 0.647386 0 0.762162 
vn 0.665326 0 0.746553 
vn 0.720522 0 0.693433 
vn 0.647393 0 0.762156 
vn 0.561187 0 0.827689 
vn 0.561179 0 0.827695 
vn 0.606225 0 0.795293 
vn 0.468408 0 0.883512 
vn 0.47772 0 0.878512 
vn 0.543568 0 0.839365 
vn 0.468417 0 0.883508 
vn 0.370138 0 0.928977 
vn 0.409069 0 0.912504 
vn 0.370135 0 0.928978 
vn 0.267528 0 0.96355 
vn 0.267525 0 0.963551 
vn 0.338017 0 0.94114 
vn 0.161782 0 0.986827 
vn 0.190391 0 0.981708 
vn 0.264982 0 0.964253 
vn 0.161788 0 0.986825 
vn 0.0541389 0 0.998533 
vn 0.0541281 0 0.998534 
vn 0.114683 0 0.993402 
vn -0.0541389 0 0.998533 
vn -0.0383027 0 0.999266 
vn 0.0383027 0 0.999266 
vn -0.0541281 0 0.998534 
vn -0.161782 0 0.986827 
vn -0.114683 0 0.993402 
vn -0.161788 0 0.986825 
vn -0.267528 0 0.96355 
vn -0.264982 0 0.964253 
vn -0.190391 0 0.981708 
vn -0.267525 0 0.963551 
vn -0.370138 0 0.928977 
vn -0.338017 0 0.94114 
vn -0.370135 0 0.928978 
vn -0.468408 0 0.883512 
vn -0.468417 0 0.883508 
vn -0.409069 0 0.912504 
vn -0.561187 0 0.827689 
vn -0.543568 0 0.839365 
vn -0.47772 0 0.878512 
vn -0.561179 0 0.827695 
vn -0.647386 0 0.762162 
vn -0.606225 0 0.795293 
vn -0.647393 0 0.762156 
vn -0.725995 0 0.687699 
vn -0.720522 0 0.693433 
vn -0.665326 0 0.746553 
vn -0.72599 0 0.687705 
vn -0.796093 0 0.605174 
vn -0.771489 0 0.636242 
vn -0.796094 0 0.605173 
vn -0.856857 0 0.515554 
vn -0.85686 0 0.515549 
vn -0.817929 0 0.575319 
vn -0.907575 0 0.419889 
vn -0.896166 0 0.44372 
vn -0.85957 0 0.511019 
vn -0.907572 0 0.419896 
vn -0.947653 0 0.319302 
vn -0.947657 0 0.319291 
vn -0.927502 0 0.373817 
vn -0.976621 0 0.21497 
vn -0.973695 0 0.227854 
vn -0.953396 0 0.301721 
vn -0.976618 0 0.214981 
vn -0.994138 0 0.108119 
vn -0.98828 0 0.152649 
vn -0.994138 0 0.108114 
vn -1 0 0 
vn -0.997066 0 0.0765493 
vn 0 1 0 
vn 0.104222 0.994522 -0.00800158 
vn 0.103303 0.994522 -0.0159562 
vn -5.96216e-17 1 1.3952e-17 
vn 0.101779 0.994522 -0.0238172 
vn 0.0996571 0.994522 -0.0315384 
vn 0.00447467 0.999988 -0.00175846 
vn 0.0969504 0.994522 -0.0390745 
vn -5.67931e-17 1 2.28897e-17 
vn 0.0936748 0.994522 -0.0463814 
vn 0.0898495 0.994522 -0.053416 
vn -5.00837e-17 1 3.52281e-17 
vn 0.0854969 0.994522 -0.0601372 
vn 0.0806426 0.994522 -0.0665054 
vn -4.41192e-17 1 4.24605e-17 
vn 0.075315 0.994522 -0.0724834 
vn 0.0695455 0.994522 -0.0780361 
vn -3.71206e-17 1 4.86976e-17 
vn 0.0633678 0.994522 -0.0831307 
vn 0.0568183 0.994522 -0.0877376 
vn 0.00610916 0.999928 -0.0102819 
vn 0.0499353 0.994522 -0.0918295 
vn 0.0427593 0.994522 -0.0953826 
vn 0.00152362 0.999995 -0.00283942 
vn -2.92519e-17 1 5.37934e-17 
vn 0.0353324 0.994522 -0.0983759 
vn 0.0276981 0.994522 -0.100792 
vn -1.16581e-17 1 6.01123e-17 
vn 0.0199013 0.994522 -0.102616 
vn 0.0119877 0.994522 -0.103839 
vn -2.34537e-18 1 6.11874e-17 
vn 0.00400373 0.994522 -0.104452 
vn -0.00400373 0.994522 -0.104452 
vn 7.02233e-18 1 6.08283e-17 
vn -0.0119877 0.994522 -0.103839 
vn -0.0199013 0.994522 -0.102616 
vn 1.62254e-17 1 5.90435e-17 
vn -0.0276981 0.994522 -0.100792 
vn -0.0353324 0.994522 -0.0983759 
vn 2.50482e-17 1 5.58747e-17 
vn -0.0427593 0.994522 -0.0953826 
vn -0.00152362 0.999995 -0.00283942 
vn -0.0499353 0.994522 -0.0918295 
vn -0.0568183 0.994522 -0.0877376 
vn -0.00610916 0.999928 -0.0102819 
vn 2.92519e-17 1 5.37934e-17 
vn -0.0633678 0.994522 -0.0831307 
vn -0.0695455 0.994522 -0.0780361 
vn 4.41192e-17 1 4.24605e-17 
vn -0.075315 0.994522 -0.0724834 
vn -0.0806426 0.994522 -0.0665054 
vn 5.00837e-17 1 3.52281e-17 
vn -0.0854969 0.994522 -0.0601372 
vn -0.0898495 0.994522 -0.053416 
vn 5.48743e-17 1 2.717e-17 
vn -0.0936748 0.994522 -0.0463814 
vn -0.0969504 0.994522 -0.0390745 
vn -0.0996571 0.994522 -0.0315384 
vn -0.00447467 0.999988 -0.00175846 
vn 5.83787e-17 1 1.84751e-17 
vn -0.101779 0.994522 -0.0238172 
vn -0.103303 0.994522 -0.0159562 
vn 6.10527e-17 1 4.68729e-18 
vn -0.104222 0.994522 -0.00800158 
vn -0.104528 0.994522 -2.17594e-17 
vn 6.10527e-17 1 -4.68729e-18 
vn -0.104222 0.994522 0.00800158 
vn -0.103303 0.994522 0.0159562 
vn 5.96216e-17 1 -1.3952e-17 
vn -0.101779 0.994522 0.0238172 
vn -0.0996571 0.994522 0.0315384 
vn -0.00447467 0.999988 0.00175846 
vn -0.0969504 0.994522 0.0390745 
vn 5.67931e-17 1 -2.28897e-17 
vn -0.0936748 0.994522 0.0463814 
vn -0.0898495 0.994522 0.053416 
vn 5.00837e-17 1 -3.52281e-17 
vn -0.0854969 0.994522 0.0601372 
vn -0.0806426 0.994522 0.0665054 
vn 4.41192e-17 1 -4.24605e-17 
vn -0.075315 0.994522 0.0724834 
vn -0.0695455 0.994522 0.0780361 
vn 3.71206e-17 1 -4.86976e-17 
vn -0.0633678 0.994522 0.0831307 
vn -0.0568183 0.994522 0.0877376 
vn -0.00610916 0.999928 0.0102819 
vn -0.0499353 0.994522 0.0918295 
vn 2.92519e-17 1 -5.37934e-17 
vn -0.0427593 0.994522 0.0953826 
vn -0.0353324 0.994522 0.0983759 
vn 1.62254e-17 1 -5.90435e-17 
vn -0.0276981 0.994522 0.100792 
vn -0.0199013 0.994522 0.102616 
vn 7.02233e-18 1 -6.08283e-17 
vn -0.0119877 0.994522 0.103839 
vn -0.00400373 0.994522 0.104452 
vn -2.34537e-18 1 -6.11874e-17 
vn 0.00400373 0.994522 0.104452 
vn 0.0119877 0.994522 0.103839 
vn -1.16581e-17 1 -6.01123e-17 
vn 0.0199013 0.994522 0.102616 
vn 0.0276981 0.994522 0.100792 
vn -2.06976e-17 1 -5.76282e-17 
vn 0.0353324 0.994522 0.0983759 
vn 0.0427593 0.994522 0.0953826 
vn -2.92519e-17 1 -5.37934e-17 
vn 0.0499353 0.994522 0.0918295 
vn 0.0568183 0.994522 0.0877376 
vn 0.00610916 0.999928 0.0102819 
vn -3.32839e-17 1 -5.13963e-17 
vn 0.0633678 0.994522 0.0831307 
vn 0.0695455 0.994522 0.0780361 
vn -4.41192e-17 1 -4.24605e-17 
vn 0.075315 0.994522 0.0724834 
vn 0.0806426 0.994522 0.0665054 
vn -5.00837e-17 1 -3.52281e-17 
vn 0.0854969 0.994522 0.0601372 
vn 0.0898495 0.994522 0.053416 
vn -5.48743e-17 1 -2.717e-17 
vn 0.0936748 0.994522 0.0463814 
vn 0.0969504 0.994522 0.0390745 
vn 0.0996571 0.994522 0.0315384 
vn 0.00447467 0.999988 0.00175846 
vn -5.83787e-17 1 -1.84751e-17 
vn 0.101779 0.994522 0.0238172 
vn 0.103303 0.994522 0.0159562 
vn -6.10527e-17 1 -4.68729e-18 
vn 0.104222 0.994522 0.00800158 
vn 0.104528 0.994522 0 
vn 0.207302 0.978148 -0.0159155 
vn 0.205475 0.978148 -0.0317376 
vn 0.202443 0.978148 -0.0473734 
vn 0.198222 0.978148 -0.0627312 
vn 0.192839 0.978148 -0.0777209 
vn 0.186323 0.978148 -0.0922545 
vn 0.178715 0.978148 -0.106247 
vn 0.170057 0.978148 -0.119615 
vn 0.160402 0.978148 -0.132282 
vn 0.149805 0.978148 -0.144173 
vn 0.138329 0.978148 -0.155217 
vn 0.126041 0.978148 -0.165351 
vn 0.113014 0.978148 -0.174514 
vn 0.0993235 0.978148 -0.182653 
vn 0.0850502 0.978148 -0.18972 
vn 0.0702777 0.978148 -0.195674 
vn 0.0550928 0.978148 -0.20048 
vn 0.0395845 0.978148 -0.204109 
vn 0.023844 0.978148 -0.20654 
vn 0.00796359 0.978148 -0.207759 
vn -0.00796359 0.978148 -0.207759 
vn -0.023844 0.978148 -0.20654 
vn -0.0395845 0.978148 -0.204109 
vn -0.0550928 0.978148 -0.20048 
vn -0.0702777 0.978148 -0.195674 
vn -0.0850502 0.978148 -0.18972 
vn -0.0993235 0.978148 -0.182653 
vn -0.113014 0.978148 -0.174514 
vn -0.126041 0.978148 -0.165351 
vn -0.138329 0.978148 -0.155217 
vn -0.149805 0.978148 -0.144173 
vn -0.160402 0.978148 -0.132282 
vn -0.170057 0.978148 -0.119615 
vn -0.178715 0.978148 -0.106247 
vn -0.186323 0.978148 -0.0922545 
vn -0.192839 0.978148 -0.0777209 
vn -0.198222 0.978148 -0.0627312 
vn -0.202443 0.978148 -0.0473734 
vn -0.205475 0.978148 -0.0317376 
vn -0.207302 0.978148 -0.0159155 
vn -0.207912 0.978148 -4.32803e-17 
vn -0.207302 0.978148 0.0159155 
vn -0.205475 0.978148 0.0317376 
vn -0.202443 0.978148 0.0473734 
vn -0.198222 0.978148 0.0627312 
vn -0.192839 0.978148 0.0777209 
vn -0.186323 0.978148 0.0922545 
vn -0.178715 0.978148 0.106247 
vn -0.170057 0.978148 0.119615 
vn -0.160402 0.978148 0.132282 
vn -0.149805 0.978148 0.144173 
vn -0.138329 0.978148 0.155217 
vn -0.126041 0.978148 0.165351 
vn -0.113014 0.978148 0.174514 
vn -0.0993235 0.978148 0.182653 
vn -0.0850502 0.978148 0.18972 
vn -0.0702777 0.978148 0.195674 
vn -0.0550928 0.978148 0.20048 
vn -0.0395845 0.978148 0.204109 
vn -0.023844 0.978148 0.20654 
vn -0.00796359 0.978148 0.207759 
vn 0.00796359 0.978148 0.207759 
vn 0.023844 0.978148 0.20654 
vn 0.0395845 0.978148 0.204109 
vn 0.0550928 0.978148 0.20048 
vn 0.0702777 0.978148 0.195674 
vn 0.0850502 0.978148 0.18972 
vn 0.0993235 0.978148 0.182653 
vn 0.113014 0.978148 0.174514 
vn 0.126041 0.978148 0.165351 
vn 0.138329 0.978148 0.155217 
vn 0.149805 0.978148 0.144173 
vn 0.160402 0.978148 0.132282 
vn 0.170057 0.978148 0.119615 
vn 0.178715 0.978148 0.106247 
vn 0.186323 0.978148 0.0922545 
vn 0.192839 0.978148 0.0777209 
vn 0.198222 0.978148 0.0627312 
vn 0.202443 0.978148 0.0473734 
vn 0.205475 0.978148 0.0317376 
vn 0.207302 0.978148 0.0159155 
vn 0.207912 0.978148 0 
vn 0.30811 0.951057 -0.023655 
vn 0.305395 0.951057 -0.0471712 
vn 0.300888 0.951057 -0.0704106 
vn 0.294616 0.951057 -0.0932368 
vn 0.286614 0.951057 -0.115516 
vn 0.27693 0.951057 -0.137117 
vn 0.265622 0.951057 -0.157913 
vn 0.252754 0.951057 -0.177783 
vn 0.238403 0.951057 -0.19661 
vn 0.222653 0.951057 -0.214282 
vn 0.205597 0.951057 -0.230698 
vn 0.187334 0.951057 -0.245759 
vn 0.167972 0.951057 -0.259378 
vn 0.147624 0.951057 -0.271475 
vn 0.126409 0.951057 -0.281979 
vn 0.104453 0.951057 -0.290828 
vn 0.0818838 0.951057 -0.297971 
vn 0.0588341 0.951057 -0.303365 
vn 0.0354391 0.951057 -0.306978 
vn 0.0118362 0.951057 -0.30879 
vn -0.0118362 0.951057 -0.30879 
vn -0.0354391 0.951057 -0.306978 
vn -0.0588341 0.951057 -0.303365 
vn -0.0818838 0.951057 -0.297971 
vn -0.104453 0.951057 -0.290828 
vn -0.126409 0.951057 -0.281979 
vn -0.147624 0.951057 -0.271475 
vn -0.167972 0.951057 -0.259378 
vn -0.187334 0.951057 -0.245759 
vn -0.205597 0.951057 -0.230698 
vn -0.222653 0.951057 -0.214282 
vn -0.238403 0.951057 -0.19661 
vn -0.252754 0.951057 -0.177783 
vn -0.265622 0.951057 -0.157913 
vn -0.27693 0.951057 -0.137117 
vn -0.286614 0.951057 -0.115516 
vn -0.294616 0.951057 -0.0932368 
vn -0.300888 0.951057 -0.0704106 
vn -0.305395 0.951057 -0.0471712 
vn -0.30811 0.951057 -0.023655 
vn -0.309017 0.951057 -6.43271e-17 
vn -0.30811 0.951057 0.023655 
vn -0.305395 0.951057 0.0471712 
vn -0.300888 0.951057 0.0704106 
vn -0.294616 0.951057 0.0932368 
vn -0.286614 0.951057 0.115516 
vn -0.27693 0.951057 0.137117 
vn -0.265622 0.951057 0.157913 
vn -0.252754 0.951057 0.177783 
vn -0.238403 0.951057 0.19661 
vn -0.222653 0.951057 0.214282 
vn -0.205597 0.951057 0.230698 
vn -0.187334 0.951057 0.245759 
vn -0.167972 0.951057 0.259378 
vn -0.147624 0.951057 0.271475 
vn -0.126409 0.951057 0.281979 
vn -0.104453 0.951057 0.290828 
vn -0.0818838 0.951057 0.297971 
vn -0.0588341 0.951057 0.303365 
vn -0.0354391 0.951057 0.306978 
vn -0.0118362 0.951057 0.30879 
vn 0.0118362 0.951057 0.30879 
vn 0.0354391 0.951057 0.306978 
vn 0.0588341 0.951057 0.303365 
vn 0.0818838 0.951057 0.297971 
vn 0.104453 0.951057 0.290828 
vn 0.126409 0.951057 0.281979 
vn 0.147624 0.951057 0.271475 
vn 0.167972 0.951057 0.259378 
vn 0.187334 0.951057 0.245759 
vn 0.205597 0.951057 0.230698 
vn 0.222653 0.951057 0.214282 
vn 0.238403 0.951057 0.19661 
vn 0.252754 0.951057 0.177783 
vn 0.265622 0.951057 0.157913 
vn 0.27693 0.951057 0.137117 
vn 0.286614 0.951057 0.115516 
vn 0.294616 0.951057 0.0932368 
vn 0.300888 0.951057 0.0704106 
vn 0.305395 0.951057 0.0471712 
vn 0.30811 0.951057 0.023655 
vn 0.309017 0.951057 0 
vn 0.405543 0.913545 -0.0311354 
vn 0.40197 0.913545 -0.0620881 
vn 0.396038 0.913545 -0.0926764 
vn 0.387781 0.913545 -0.122721 
vn 0.377249 0.913545 -0.152045 
vn 0.364503 0.913545 -0.180477 
vn 0.349618 0.913545 -0.20785 
vn 0.332682 0.913545 -0.234003 
vn 0.313793 0.913545 -0.258783 
vn 0.293063 0.913545 -0.282044 
vn 0.270612 0.913545 -0.303651 
vn 0.246574 0.913545 -0.323475 
vn 0.221089 0.913545 -0.341401 
vn 0.194306 0.913545 -0.357323 
vn 0.166383 0.913545 -0.371149 
vn 0.137484 0.913545 -0.382796 
vn 0.107778 0.913545 -0.392197 
vn 0.077439 0.913545 -0.399297 
vn 0.046646 0.913545 -0.404053 
vn 0.0155791 0.913545 -0.406438 
vn -0.0155791 0.913545 -0.406438 
vn -0.046646 0.913545 -0.404053 
vn -0.077439 0.913545 -0.399297 
vn -0.107778 0.913545 -0.392197 
vn -0.137484 0.913545 -0.382796 
vn -0.166383 0.913545 -0.371149 
vn -0.194306 0.913545 -0.357323 
vn -0.221089 0.913545 -0.341401 
vn -0.246574 0.913545 -0.323475 
vn -0.270612 0.913545 -0.303651 
vn -0.293063 0.913545 -0.282044 
vn -0.313793 0.913545 -0.258783 
vn -0.332682 0.913545 -0.234003 
vn -0.349618 0.913545 -0.20785 
vn -0.364503 0.913545 -0.180477 
vn -0.377249 0.913545 -0.152045 
vn -0.387781 0.913545 -0.122721 
vn -0.396038 0.913545 -0.0926764 
vn -0.40197 0.913545 -0.0620881 
vn -0.405543 0.913545 -0.0311354 
vn -0.406737 0.913545 -8.46691e-17 
vn -0.405543 0.913545 0.0311354 
vn -0.40197 0.913545 0.0620881 
vn -0.396038 0.913545 0.0926764 
vn -0.387781 0.913545 0.122721 
vn -0.377249 0.913545 0.152045 
vn -0.364503 0.913545 0.180477 
vn -0.349618 0.913545 0.20785 
vn -0.332682 0.913545 0.234003 
vn -0.313793 0.913545 0.258783 
vn -0.293063 0.913545 0.282044 
vn -0.270612 0.913545 0.303651 
vn -0.246574 0.913545 0.323475 
vn -0.221089 0.913545 0.341401 
vn -0.194306 0.913545 0.357323 
vn -0.166383 0.913545 0.371149 
vn -0.137484 0.913545 0.382796 
vn -0.107778 0.913545 0.392197 
vn -0.077439 0.913545 0.399297 
vn -0.046646 0.913545 0.404053 
vn -0.0155791 0.913545 0.406438 
vn 0.0155791 0.913545 0.406438 
vn 0.046646 0.913545 0.404053 
vn 0.077439 0.913545 0.399297 
vn 0.107778 0.913545 0.392197 
vn 0.137484 0.913545 0.382796 
vn 0.166383 0.913545 0.371149 
vn 0.194306 0.913545 0.357323 
vn 0.221089 0.913545 0.341401 
vn 0.246574 0.913545 0.323475 
vn 0.270612 0.913545 0.303651 
vn 0.293063 0.913545 0.282044 
vn 0.313793 0.913545 0.258783 
vn 0.332682 0.913545 0.234003 
vn 0.349618 0.913545 0.20785 
vn 0.364503 0.913545 0.180477 
vn 0.377249 0.913545 0.152045 
vn 0.387781 0.913545 0.122721 
vn 0.396038 0.913545 0.0926764 
vn 0.40197 0.913545 0.0620881 
vn 0.405543 0.913545 0.0311354 
vn 0.406737 0.913545 0 
vn 0.498533 0.866025 -0.0382746 
vn 0.49414 0.866025 -0.0763246 
vn 0.486848 0.866025 -0.113927 
vn 0.476698 0.866025 -0.15086 
vn 0.463751 0.866025 -0.186909 
vn 0.448083 0.866025 -0.22186 
vn 0.429785 0.866025 -0.255509 
vn 0.408965 0.866025 -0.287659 
vn 0.385745 0.866025 -0.318121 
vn 0.360261 0.866025 -0.346716 
vn 0.332663 0.866025 -0.373277 
vn 0.303113 0.866025 -0.397646 
vn 0.271784 0.866025 -0.419683 
vn 0.23886 0.866025 -0.439256 
vn 0.204534 0.866025 -0.456252 
vn 0.169008 0.866025 -0.47057 
vn 0.132491 0.866025 -0.482127 
vn 0.0951956 0.866025 -0.490854 
vn 0.0573417 0.866025 -0.496701 
vn 0.0191514 0.866025 -0.499633 
vn -0.0191514 0.866025 -0.499633 
vn -0.0573417 0.866025 -0.496701 
vn -0.0951956 0.866025 -0.490854 
vn -0.132491 0.866025 -0.482127 
vn -0.169008 0.866025 -0.47057 
vn -0.204534 0.866025 -0.456252 
vn -0.23886 0.866025 -0.439256 
vn -0.271784 0.866025 -0.419683 
vn -0.303113 0.866025 -0.397646 
vn -0.332663 0.866025 -0.373277 
vn -0.360261 0.866025 -0.346716 
vn -0.385745 0.866025 -0.318121 
vn -0.408965 0.866025 -0.287659 
vn -0.429785 0.866025 -0.255509 
vn -0.448083 0.866025 -0.22186 
vn -0.463751 0.866025 -0.186909 
vn -0.476698 0.866025 -0.15086 
vn -0.486848 0.866025 -0.113927 
vn -0.49414 0.866025 -0.0763246 
vn -0.498533 0.866025 -0.0382746 
vn -0.5 0.866025 -1.04083e-16 
vn -0.498533 0.866025 0.0382746 
vn -0.49414 0.866025 0.0763246 
vn -0.486848 0.866025 0.113927 
vn -0.476698 0.866025 0.15086 
vn -0.463751 0.866025 0.186909 
vn -0.448083 0.866025 0.22186 
vn -0.429785 0.866025 0.255509 
vn -0.408965 0.866025 0.287659 
vn -0.385745 0.866025 0.318121 
vn -0.360261 0.866025 0.346716 
vn -0.332663 0.866025 0.373277 
vn -0.303113 0.866025 0.397646 
vn -0.271784 0.866025 0.419683 
vn -0.23886 0.866025 0.439256 
vn -0.204534 0.866025 0.456252 
vn -0.169008 0.866025 0.47057 
vn -0.132491 0.866025 0.482127 
vn -0.0951956 0.866025 0.490854 
vn -0.0573417 0.866025 0.496701 
vn -0.0191514 0.866025 0.499633 
vn 0.0191514 0.866025 0.499633 
vn 0.0573417 0.866025 0.496701 
vn 0.0951956 0.866025 0.490854 
vn 0.132491 0.866025 0.482127 
vn 0.169008 0.866025 0.47057 
vn 0.204534 0.866025 0.456252 
vn 0.23886 0.866025 0.439256 
vn 0.271784 0.866025 0.419683 
vn 0.303113 0.866025 0.397646 
vn 0.332663 0.866025 0.373277 
vn 0.360261 0.866025 0.346716 
vn 0.385745 0.866025 0.318121 
vn 0.408965 0.866025 0.287659 
vn 0.429785 0.866025 0.255509 
vn 0.448083 0.866025 0.22186 
vn 0.463751 0.866025 0.186909 
vn 0.476698 0.866025 0.15086 
vn 0.486848 0.866025 0.113927 
vn 0.49414 0.866025 0.0763246 
vn 0.498533 0.866025 0.0382746 
vn 0.5 0.866025 0 
vn 0.586061 0.809017 -0.0449945 
vn 0.580897 0.809017 -0.089725 
vn 0.572324 0.809017 -0.133929 
vn 0.560392 0.809017 -0.177347 
vn 0.545172 0.809017 -0.219724 
vn 0.526753 0.809017 -0.260812 
vn 0.505242 0.809017 -0.300369 
vn 0.480767 0.809017 -0.338164 
vn 0.45347 0.809017 -0.373974 
vn 0.423512 0.809017 -0.407589 
vn 0.391069 0.809017 -0.438813 
vn 0.35633 0.809017 -0.467461 
vn 0.319501 0.809017 -0.493367 
vn 0.280797 0.809017 -0.516377 
vn 0.240445 0.809017 -0.536356 
vn 0.198681 0.809017 -0.553188 
vn 0.155752 0.809017 -0.566774 
vn 0.111909 0.809017 -0.577034 
vn 0.0674092 0.809017 -0.583907 
vn 0.0225138 0.809017 -0.587354 
vn -0.0225138 0.809017 -0.587354 
vn -0.0674092 0.809017 -0.583907 
vn -0.111909 0.809017 -0.577034 
vn -0.155752 0.809017 -0.566774 
vn -0.198681 0.809017 -0.553188 
vn -0.240445 0.809017 -0.536356 
vn -0.280797 0.809017 -0.516377 
vn -0.319501 0.809017 -0.493367 
vn -0.35633 0.809017 -0.467461 
vn -0.391069 0.809017 -0.438813 
vn -0.423512 0.809017 -0.407589 
vn -0.45347 0.809017 -0.373974 
vn -0.480767 0.809017 -0.338164 
vn -0.505242 0.809017 -0.300369 
vn -0.526753 0.809017 -0.260812 
vn -0.545172 0.809017 -0.219724 
vn -0.560392 0.809017 -0.177347 
vn -0.572324 0.809017 -0.133929 
vn -0.580897 0.809017 -0.089725 
vn -0.586061 0.809017 -0.0449945 
vn -0.587785 0.809017 -1.22357e-16 
vn -0.586061 0.809017 0.0449945 
vn -0.580897 0.809017 0.089725 
vn -0.572324 0.809017 0.133929 
vn -0.560392 0.809017 0.177347 
vn -0.545172 0.809017 0.219724 
vn -0.526753 0.809017 0.260812 
vn -0.505242 0.809017 0.300369 
vn -0.480767 0.809017 0.338164 
vn -0.45347 0.809017 0.373974 
vn -0.423512 0.809017 0.407589 
vn -0.391069 0.809017 0.438813 
vn -0.35633 0.809017 0.467461 
vn -0.319501 0.809017 0.493367 
vn -0.280797 0.809017 0.516377 
vn -0.240445 0.809017 0.536356 
vn -0.198681 0.809017 0.553188 
vn -0.155752 0.809017 0.566774 
vn -0.111909 0.809017 0.577034 
vn -0.0674092 0.809017 0.583907 
vn -0.0225138 0.809017 0.587354 
vn 0.0225138 0.809017 0.587354 
vn 0.0674092 0.809017 0.583907 
vn 0.111909 0.809017 0.577034 
vn 0.155752 0.809017 0.566774 
vn 0.198681 0.809017 0.553188 
vn 0.240445 0.809017 0.536356 
vn 0.280797 0.809017 0.516377 
vn 0.319501 0.809017 0.493367 
vn 0.35633 0.809017 0.467461 
vn 0.391069 0.809017 0.438813 
vn 0.423512 0.809017 0.407589 
vn 0.45347 0.809017 0.373974 
vn 0.480767 0.809017 0.338164 
vn 0.505242 0.809017 0.300369 
vn 0.526753 0.809017 0.260812 
vn 0.545172 0.809017 0.219724 
vn 0.560392 0.809017 0.177347 
vn 0.572324 0.809017 0.133929 
vn 0.580897 0.809017 0.089725 
vn 0.586061 0.809017 0.0449945 
vn 0.587785 0.809017 0 
vn 0.667167 0.743145 -0.0512214 
vn 0.661289 0.743145 -0.102142 
vn 0.651529 0.743145 -0.152464 
vn 0.637947 0.743145 -0.20189 
vn 0.62062 0.743145 -0.250132 
vn 0.599652 0.743145 -0.296907 
vn 0.575164 0.743145 -0.341938 
vn 0.547302 0.743145 -0.384963 
vn 0.516227 0.743145 -0.425729 
vn 0.482123 0.743145 -0.463997 
vn 0.44519 0.743145 -0.499542 
vn 0.405644 0.743145 -0.532155 
vn 0.363718 0.743145 -0.561645 
vn 0.319657 0.743145 -0.587839 
vn 0.27372 0.743145 -0.610584 
vn 0.226177 0.743145 -0.629746 
vn 0.177307 0.743145 -0.645212 
vn 0.127397 0.743145 -0.656891 
vn 0.0767382 0.743145 -0.664716 
vn 0.0256295 0.743145 -0.66864 
vn -0.0256295 0.743145 -0.66864 
vn -0.0767382 0.743145 -0.664716 
vn -0.127397 0.743145 -0.656891 
vn -0.177307 0.743145 -0.645212 
vn -0.226177 0.743145 -0.629746 
vn -0.27372 0.743145 -0.610584 
vn -0.319657 0.743145 -0.587839 
vn -0.363718 0.743145 -0.561645 
vn -0.405644 0.743145 -0.532155 
vn -0.44519 0.743145 -0.499542 
vn -0.482123 0.743145 -0.463997 
vn -0.516227 0.743145 -0.425729 
vn -0.547302 0.743145 -0.384963 
vn -0.575164 0.743145 -0.341938 
vn -0.599652 0.743145 -0.296907 
vn -0.62062 0.743145 -0.250132 
vn -0.637947 0.743145 -0.20189 
vn -0.651529 0.743145 -0.152464 
vn -0.661289 0.743145 -0.102142 
vn -0.667167 0.743145 -0.0512214 
vn -0.669131 0.743145 -1.39291e-16 
vn -0.667167 0.743145 0.0512214 
vn -0.661289 0.743145 0.102142 
vn -0.651529 0.743145 0.152464 
vn -0.637947 0.743145 0.20189 
vn -0.62062 0.743145 0.250132 
vn -0.599652 0.743145 0.296907 
vn -0.575164 0.743145 0.341938 
vn -0.547302 0.743145 0.384963 
vn -0.516227 0.743145 0.425729 
vn -0.482123 0.743145 0.463997 
vn -0.44519 0.743145 0.499542 
vn -0.405644 0.743145 0.532155 
vn -0.363718 0.743145 0.561645 
vn -0.319657 0.743145 0.587839 
vn -0.27372 0.743145 0.610584 
vn -0.226177 0.743145 0.629746 
vn -0.177307 0.743145 0.645212 
vn -0.127397 0.743145 0.656891 
vn -0.0767382 0.743145 0.664716 
vn -0.0256295 0.743145 0.66864 
vn 0.0256295 0.743145 0.66864 
vn 0.0767382 0.743145 0.664716 
vn 0.127397 0.743145 0.656891 
vn 0.177307 0.743145 0.645212 
vn 0.226177 0.743145 0.629746 
vn 0.27372 0.743145 0.610584 
vn 0.319657 0.743145 0.587839 
vn 0.363718 0.743145 0.561645 
vn 0.405644 0.743145 0.532155 
vn 0.44519 0.743145 0.499542 
vn 0.482123 0.743145 0.463997 
vn 0.516227 0.743145 0.425729 
vn 0.547302 0.743145 0.384963 
vn 0.575164 0.743145 0.341938 
vn 0.599652 0.743145 0.296907 
vn 0.62062 0.743145 0.250132 
vn 0.637947 0.743145 0.20189 
vn 0.651529 0.743145 0.152464 
vn 0.661289 0.743145 0.102142 
vn 0.667167 0.743145 0.0512214 
vn 0.669131 0.743145 0 
vn 0.740964 0.669131 -0.0568872 
vn 0.734435 0.669131 -0.113441 
vn 0.723597 0.669131 -0.169328 
vn 0.708512 0.669131 -0.224222 
vn 0.689269 0.669131 -0.2778 
vn 0.665981 0.669131 -0.329748 
vn 0.638785 0.669131 -0.379761 
vn 0.60784 0.669131 -0.427545 
vn 0.573328 0.669131 -0.47282 
vn 0.535452 0.669131 -0.515321 
vn 0.494433 0.669131 -0.554797 
vn 0.450513 0.669131 -0.591018 
vn 0.403949 0.669131 -0.62377 
vn 0.355015 0.669131 -0.652862 
vn 0.303997 0.669131 -0.678122 
vn 0.251195 0.669131 -0.699403 
vn 0.19692 0.669131 -0.71658 
vn 0.141488 0.669131 -0.729551 
vn 0.0852264 0.669131 -0.738242 
vn 0.0284645 0.669131 -0.742599 
vn -0.0284645 0.669131 -0.742599 
vn -0.0852264 0.669131 -0.738242 
vn -0.141488 0.669131 -0.729551 
vn -0.19692 0.669131 -0.71658 
vn -0.251195 0.669131 -0.699403 
vn -0.303997 0.669131 -0.678122 
vn -0.355015 0.669131 -0.652862 
vn -0.403949 0.669131 -0.62377 
vn -0.450513 0.669131 -0.591018 
vn -0.494433 0.669131 -0.554797 
vn -0.535452 0.669131 -0.515321 
vn -0.573328 0.669131 -0.47282 
vn -0.60784 0.669131 -0.427545 
vn -0.638785 0.669131 -0.379761 
vn -0.665981 0.669131 -0.329748 
vn -0.689269 0.669131 -0.2778 
vn -0.708512 0.669131 -0.224222 
vn -0.723597 0.669131 -0.169328 
vn -0.734435 0.669131 -0.113441 
vn -0.740964 0.669131 -0.0568872 
vn -0.743145 0.669131 -1.54698e-16 
vn -0.740964 0.669131 0.0568872 
vn -0.734435 0.669131 0.113441 
vn -0.723597 0.669131 0.169328 
vn -0.708512 0.669131 0.224222 
vn -0.689269 0.669131 0.2778 
vn -0.665981 0.669131 0.329748 
vn -0.638785 0.669131 0.379761 
vn -0.60784 0.669131 0.427545 
vn -0.573328 0.669131 0.47282 
vn -0.535452 0.669131 0.515321 
vn -0.494433 0.669131 0.554797 
vn -0.450513 0.669131 0.591018 
vn -0.403949 0.669131 0.62377 
vn -0.355015 0.669131 0.652862 
vn -0.303997 0.669131 0.678122 
vn -0.251195 0.669131 0.699403 
vn -0.19692 0.669131 0.71658 
vn -0.141488 0.669131 0.729551 
vn -0.0852264 0.669131 0.738242 
vn -0.0284645 0.669131 0.742599 
vn 0.0284645 0.669131 0.742599 
vn 0.0852264 0.669131 0.738242 
vn 0.141488 0.669131 0.729551 
vn 0.19692 0.669131 0.71658 
vn 0.251195 0.669131 0.699403 
vn 0.303997 0.669131 0.678122 
vn 0.355015 0.669131 0.652862 
vn 0.403949 0.669131 0.62377 
vn 0.450513 0.669131 0.591018 
vn 0.494433 0.669131 0.554797 
vn 0.535452 0.669131 0.515321 
vn 0.573328 0.669131 0.47282 
vn 0.60784 0.669131 0.427545 
vn 0.638785 0.669131 0.379761 
vn 0.665981 0.669131 0.329748 
vn 0.689269 0.669131 0.2778 
vn 0.708512 0.669131 0.224222 
vn 0.723597 0.669131 0.169328 
vn 0.734435 0.669131 0.113441 
vn 0.740964 0.669131 0.0568872 
vn 0.743145 0.669131 0 
vn 0.806643 0.587785 -0.0619296 
vn 0.799536 0.587785 -0.123496 
vn 0.787736 0.587785 -0.184337 
vn 0.771314 0.587785 -0.244097 
vn 0.750365 0.587785 -0.302424 
vn 0.725013 0.587785 -0.358977 
vn 0.695406 0.587785 -0.413423 
vn 0.661719 0.587785 -0.465443 
vn 0.624148 0.587785 -0.514731 
vn 0.582914 0.587785 -0.560999 
vn 0.53826 0.587785 -0.603974 
vn 0.490447 0.587785 -0.643405 
vn 0.439755 0.587785 -0.679061 
vn 0.386483 0.587785 -0.710731 
vn 0.330943 0.587785 -0.738231 
vn 0.273461 0.587785 -0.761398 
vn 0.214375 0.587785 -0.780097 
vn 0.15403 0.587785 -0.794219 
vn 0.0927808 0.587785 -0.803679 
vn 0.0309876 0.587785 -0.808423 
vn -0.0309876 0.587785 -0.808423 
vn -0.0927808 0.587785 -0.803679 
vn -0.15403 0.587785 -0.794219 
vn -0.214375 0.587785 -0.780097 
vn -0.273461 0.587785 -0.761398 
vn -0.330943 0.587785 -0.738231 
vn -0.386483 0.587785 -0.710731 
vn -0.439755 0.587785 -0.679061 
vn -0.490447 0.587785 -0.643405 
vn -0.53826 0.587785 -0.603974 
vn -0.582914 0.587785 -0.560999 
vn -0.624148 0.587785 -0.514731 
vn -0.661719 0.587785 -0.465443 
vn -0.695406 0.587785 -0.413423 
vn -0.725013 0.587785 -0.358977 
vn -0.750365 0.587785 -0.302424 
vn -0.771314 0.587785 -0.244097 
vn -0.787736 0.587785 -0.184337 
vn -0.799536 0.587785 -0.123496 
vn -0.806643 0.587785 -0.0619296 
vn -0.809017 0.587785 -1.6841e-16 
vn -0.806643 0.587785 0.0619296 
vn -0.799536 0.587785 0.123496 
vn -0.787736 0.587785 0.184337 
vn -0.771314 0.587785 0.244097 
vn -0.750365 0.587785 0.302424 
vn -0.725013 0.587785 0.358977 
vn -0.695406 0.587785 0.413423 
vn -0.661719 0.587785 0.465443 
vn -0.624148 0.587785 0.514731 
vn -0.582914 0.587785 0.560999 
vn -0.53826 0.587785 0.603974 
vn -0.490447 0.587785 0.643405 
vn -0.439755 0.587785 0.679061 
vn -0.386483 0.587785 0.710731 
vn -0.330943 0.587785 0.738231 
vn -0.273461 0.587785 0.761398 
vn -0.214375 0.587785 0.780097 
vn -0.15403 0.587785 0.794219 
vn -0.0927808 0.587785 0.803679 
vn -0.0309876 0.587785 0.808423 
vn 0.0309876 0.587785 0.808423 
vn 0.0927808 0.587785 0.803679 
vn 0.15403 0.587785 0.794219 
vn 0.214375 0.587785 0.780097 
vn 0.273461 0.587785 0.761398 
vn 0.330943 0.587785 0.738231 
vn 0.386483 0.587785 0.710731 
vn 0.439755 0.587785 0.679061 
vn 0.490447 0.587785 0.643405 
vn 0.53826 0.587785 0.603974 
vn 0.582914 0.587785 0.560999 
vn 0.624148 0.587785 0.514731 
vn 0.661719 0.587785 0.465443 
vn 0.695406 0.587785 0.413423 
vn 0.725013 0.587785 0.358977 
vn 0.750365 0.587785 0.302424 
vn 0.771314 0.587785 0.244097 
vn 0.787736 0.587785 0.184337 
vn 0.799536 0.587785 0.123496 
vn 0.806643 0.587785 0.0619296 
vn 0.809017 0.587785 0 
vn 0.863484 0.5 -0.0662936 
vn 0.855876 0.5 -0.132198 
vn 0.843245 0.5 -0.197327 
vn 0.825665 0.5 -0.261298 
vn 0.803241 0.5 -0.323735 
vn 0.776102 0.5 -0.384273 
vn 0.744409 0.5 -0.442555 
vn 0.708348 0.5 -0.498241 
vn 0.668129 0.5 -0.551002 
vn 0.62399 0.5 -0.60053 
vn 0.576189 0.5 -0.646534 
vn 0.525007 0.5 -0.688744 
vn 0.470743 0.5 -0.726912 
vn 0.413717 0.5 -0.760814 
vn 0.354264 0.5 -0.790251 
vn 0.292731 0.5 -0.815051 
vn 0.229481 0.5 -0.835068 
vn 0.164884 0.5 -0.850184 
vn 0.0993188 0.5 -0.860311 
vn 0.0331711 0.5 -0.86539 
vn -0.0331711 0.5 -0.86539 
vn -0.0993188 0.5 -0.860311 
vn -0.164884 0.5 -0.850184 
vn -0.229481 0.5 -0.835068 
vn -0.292731 0.5 -0.815051 
vn -0.354264 0.5 -0.790251 
vn -0.413717 0.5 -0.760814 
vn -0.470743 0.5 -0.726912 
vn -0.525007 0.5 -0.688744 
vn -0.576189 0.5 -0.646534 
vn -0.62399 0.5 -0.60053 
vn -0.668129 0.5 -0.551002 
vn -0.708348 0.5 -0.498241 
vn -0.744409 0.5 -0.442555 
vn -0.776102 0.5 -0.384273 
vn -0.803241 0.5 -0.323735 
vn -0.825665 0.5 -0.261298 
vn -0.843245 0.5 -0.197327 
vn -0.855876 0.5 -0.132198 
vn -0.863484 0.5 -0.0662936 
vn -0.866025 0.5 -1.80278e-16 
vn -0.863484 0.5 0.0662936 
vn -0.855876 0.5 0.132198 
vn -0.843245 0.5 0.197327 
vn -0.825665 0.5 0.261298 
vn -0.803241 0.5 0.323735 
vn -0.776102 0.5 0.384273 
vn -0.744409 0.5 0.442555 
vn -0.708348 0.5 0.498241 
vn -0.668129 0.5 0.551002 
vn -0.62399 0.5 0.60053 
vn -0.576189 0.5 0.646534 
vn -0.525007 0.5 0.688744 
vn -0.470743 0.5 0.726912 
vn -0.413717 0.5 0.760814 
vn -0.354264 0.5 0.790251 
vn -0.292731 0.5 0.815051 
vn -0.229481 0.5 0.835068 
vn -0.164884 0.5 0.850184 
vn -0.0993188 0.5 0.860311 
vn -0.0331711 0.5 0.86539 
vn 0.0331711 0.5 0.86539 
vn 0.0993188 0.5 0.860311 
vn 0.164884 0.5 0.850184 
vn 0.229481 0.5 0.835068 
vn 0.292731 0.5 0.815051 
vn 0.354264 0.5 0.790251 
vn 0.413717 0.5 0.760814 
vn 0.470743 0.5 0.726912 
vn 0.525007 0.5 0.688744 
vn 0.576189 0.5 0.646534 
vn 0.62399 0.5 0.60053 
vn 0.668129 0.5 0.551002 
vn 0.708348 0.5 0.498241 
vn 0.744409 0.5 0.442555 
vn 0.776102 0.5 0.384273 
vn 0.803241 0.5 0.323735 
vn 0.825665 0.5 0.261298 
vn 0.843245 0.5 0.197327 
vn 0.855876 0.5 0.132198 
vn 0.863484 0.5 0.0662936 
vn 0.866025 0.5 0 
vn 0.910865 0.406737 -0.0699312 
vn 0.902839 0.406737 -0.139452 
vn 0.889515 0.406737 -0.208155 
vn 0.870971 0.406737 -0.275635 
vn 0.847316 0.406737 -0.341499 
vn 0.818688 0.406737 -0.405358 
vn 0.785256 0.406737 -0.466839 
vn 0.747216 0.406737 -0.52558 
vn 0.70479 0.406737 -0.581236 
vn 0.658229 0.406737 -0.633482 
vn 0.607805 0.406737 -0.68201 
vn 0.553814 0.406737 -0.726536 
vn 0.496574 0.406737 -0.766798 
vn 0.436419 0.406737 -0.802561 
vn 0.373703 0.406737 -0.833614 
vn 0.308794 0.406737 -0.859774 
vn 0.242073 0.406737 -0.880889 
vn 0.173931 0.406737 -0.896835 
vn 0.104769 0.406737 -0.907518 
vn 0.0349913 0.406737 -0.912875 
vn -0.0349913 0.406737 -0.912875 
vn -0.104769 0.406737 -0.907518 
vn -0.173931 0.406737 -0.896835 
vn -0.242073 0.406737 -0.880889 
vn -0.308794 0.406737 -0.859774 
vn -0.373703 0.406737 -0.833614 
vn -0.436419 0.406737 -0.802561 
vn -0.496574 0.406737 -0.766798 
vn -0.553814 0.406737 -0.726536 
vn -0.607805 0.406737 -0.68201 
vn -0.658229 0.406737 -0.633482 
vn -0.70479 0.406737 -0.581236 
vn -0.747216 0.406737 -0.52558 
vn -0.785256 0.406737 -0.466839 
vn -0.818688 0.406737 -0.405358 
vn -0.847316 0.406737 -0.341499 
vn -0.870971 0.406737 -0.275635 
vn -0.889515 0.406737 -0.208155 
vn -0.902839 0.406737 -0.139452 
vn -0.910865 0.406737 -0.0699312 
vn -0.913545 0.406737 -1.9017e-16 
vn -0.910865 0.406737 0.0699312 
vn -0.902839 0.406737 0.139452 
vn -0.889515 0.406737 0.208155 
vn -0.870971 0.406737 0.275635 
vn -0.847316 0.406737 0.341499 
vn -0.818688 0.406737 0.405358 
vn -0.785256 0.406737 0.466839 
vn -0.747216 0.406737 0.52558 
vn -0.70479 0.406737 0.581236 
vn -0.658229 0.406737 0.633482 
vn -0.607805 0.406737 0.68201 
vn -0.553814 0.406737 0.726536 
vn -0.496574 0.406737 0.766798 
vn -0.436419 0.406737 0.802561 
vn -0.373703 0.406737 0.833614 
vn -0.308794 0.406737 0.859774 
vn -0.242073 0.406737 0.880889 
vn -0.173931 0.406737 0.896835 
vn -0.104769 0.406737 0.907518 
vn -0.0349913 0.406737 0.912875 
vn 0.0349913 0.406737 0.912875 
vn 0.104769 0.406737 0.907518 
vn 0.173931 0.406737 0.896835 
vn 0.242073 0.406737 0.880889 
vn 0.308794 0.406737 0.859774 
vn 0.373703 0.406737 0.833614 
vn 0.436419 0.406737 0.802561 
vn 0.496574 0.406737 0.766798 
vn 0.553814 0.406737 0.726536 
vn 0.607805 0.406737 0.68201 
vn 0.658229 0.406737 0.633482 
vn 0.70479 0.406737 0.581236 
vn 0.747216 0.406737 0.52558 
vn 0.785256 0.406737 0.466839 
vn 0.818688 0.406737 0.405358 
vn 0.847316 0.406737 0.341499 
vn 0.870971 0.406737 0.275635 
vn 0.889515 0.406737 0.208155 
vn 0.902839 0.406737 0.139452 
vn 0.910865 0.406737 0.0699312 
vn 0.913545 0.406737 0 
vn 0.948266 0.309017 -0.0728027 
vn 0.939911 0.309017 -0.145178 
vn 0.926039 0.309017 -0.216702 
vn 0.906734 0.309017 -0.286953 
vn 0.882107 0.309017 -0.355521 
vn 0.852304 0.309017 -0.422003 
vn 0.817499 0.309017 -0.486008 
vn 0.777897 0.309017 -0.547161 
vn 0.73373 0.309017 -0.605103 
vn 0.685257 0.309017 -0.659493 
vn 0.632762 0.309017 -0.710014 
vn 0.576555 0.309017 -0.756368 
vn 0.516963 0.309017 -0.798284 
vn 0.454339 0.309017 -0.835515 
vn 0.389047 0.309017 -0.867843 
vn 0.321473 0.309017 -0.895077 
vn 0.252012 0.309017 -0.91706 
vn 0.181073 0.309017 -0.93366 
vn 0.10907 0.309017 -0.944782 
vn 0.0364281 0.309017 -0.950359 
vn -0.0364281 0.309017 -0.950359 
vn -0.10907 0.309017 -0.944782 
vn -0.181073 0.309017 -0.93366 
vn -0.252012 0.309017 -0.91706 
vn -0.321473 0.309017 -0.895077 
vn -0.389047 0.309017 -0.867843 
vn -0.454339 0.309017 -0.835515 
vn -0.516963 0.309017 -0.798284 
vn -0.576555 0.309017 -0.756368 
vn -0.632762 0.309017 -0.710014 
vn -0.685257 0.309017 -0.659493 
vn -0.73373 0.309017 -0.605103 
vn -0.777897 0.309017 -0.547161 
vn -0.817499 0.309017 -0.486008 
vn -0.852304 0.309017 -0.422003 
vn -0.882107 0.309017 -0.355521 
vn -0.906734 0.309017 -0.286953 
vn -0.926039 0.309017 -0.216702 
vn -0.939911 0.309017 -0.145178 
vn -0.948266 0.309017 -0.0728027 
vn -0.951057 0.309017 -1.97978e-16 
vn -0.948266 0.309017 0.0728027 
vn -0.939911 0.309017 0.145178 
vn -0.926039 0.309017 0.216702 
vn -0.906734 0.309017 0.286953 
vn -0.882107 0.309017 0.355521 
vn -0.852304 0.309017 0.422003 
vn -0.817499 0.309017 0.486008 
vn -0.777897 0.309017 0.547161 
vn -0.73373 0.309017 0.605103 
vn -0.685257 0.309017 0.659493 
vn -0.632762 0.309017 0.710014 
vn -0.576555 0.309017 0.756368 
vn -0.516963 0.309017 0.798284 
vn -0.454339 0.309017 0.835515 
vn -0.389047 0.309017 0.867843 
vn -0.321473 0.309017 0.895077 
vn -0.252012 0.309017 0.91706 
vn -0.181073 0.309017 0.93366 
vn -0.10907 0.309017 0.944782 
vn -0.0364281 0.309017 0.950359 
vn 0.0364281 0.309017 0.950359 
vn 0.10907 0.309017 0.944782 
vn 0.181073 0.309017 0.93366 
vn 0.252012 0.309017 0.91706 
vn 0.321473 0.309017 0.895077 
vn 0.389047 0.309017 0.867843 
vn 0.454339 0.309017 0.835515 
vn 0.516963 0.309017 0.798284 
vn 0.576555 0.309017 0.756368 
vn 0.632762 0.309017 0.710014 
vn 0.685257 0.309017 0.659493 
vn 0.73373 0.309017 0.605103 
vn 0.777897 0.309017 0.547161 
vn 0.817499 0.309017 0.486008 
vn 0.852304 0.309017 0.422003 
vn 0.882107 0.309017 0.355521 
vn 0.906734 0.309017 0.286953 
vn 0.926039 0.309017 0.216702 
vn 0.939911 0.309017 0.145178 
vn 0.948266 0.309017 0.0728027 
vn 0.951057 0.309017 0 
vn 0.975278 0.207912 -0.0748765 
vn 0.966684 0.207912 -0.149314 
vn 0.952418 0.207912 -0.222874 
vn 0.932562 0.207912 -0.295127 
vn 0.907234 0.207912 -0.365648 
vn 0.876582 0.207912 -0.434023 
vn 0.840786 0.207912 -0.499852 
vn 0.800056 0.207912 -0.562747 
vn 0.75463 0.207912 -0.622339 
vn 0.704776 0.207912 -0.678279 
vn 0.650787 0.207912 -0.730239 
vn 0.592978 0.207912 -0.777914 
vn 0.531689 0.207912 -0.821023 
vn 0.46728 0.207912 -0.859315 
vn 0.40013 0.207912 -0.892563 
vn 0.33063 0.207912 -0.920574 
vn 0.259191 0.207912 -0.943182 
vn 0.186231 0.207912 -0.960256 
vn 0.112177 0.207912 -0.971694 
vn 0.0374657 0.207912 -0.97743 
vn -0.0374657 0.207912 -0.97743 
vn -0.112177 0.207912 -0.971694 
vn -0.186231 0.207912 -0.960256 
vn -0.259191 0.207912 -0.943182 
vn -0.33063 0.207912 -0.920574 
vn -0.40013 0.207912 -0.892563 
vn -0.46728 0.207912 -0.859315 
vn -0.531689 0.207912 -0.821023 
vn -0.592978 0.207912 -0.777914 
vn -0.650787 0.207912 -0.730239 
vn -0.704776 0.207912 -0.678279 
vn -0.75463 0.207912 -0.622339 
vn -0.800056 0.207912 -0.562747 
vn -0.840786 0.207912 -0.499852 
vn -0.876582 0.207912 -0.434023 
vn -0.907234 0.207912 -0.365648 
vn -0.932562 0.207912 -0.295127 
vn -0.952418 0.207912 -0.222874 
vn -0.966684 0.207912 -0.149314 
vn -0.975278 0.207912 -0.0748765 
vn -0.978148 0.207912 -2.03618e-16 
vn -0.975278 0.207912 0.0748765 
vn -0.966684 0.207912 0.149314 
vn -0.952418 0.207912 0.222874 
vn -0.932562 0.207912 0.295127 
vn -0.907234 0.207912 0.365648 
vn -0.876582 0.207912 0.434023 
vn -0.840786 0.207912 0.499852 
vn -0.800056 0.207912 0.562747 
vn -0.75463 0.207912 0.622339 
vn -0.704776 0.207912 0.678279 
vn -0.650787 0.207912 0.730239 
vn -0.592978 0.207912 0.777914 
vn -0.531689 0.207912 0.821023 
vn -0.46728 0.207912 0.859315 
vn -0.40013 0.207912 0.892563 
vn -0.33063 0.207912 0.920574 
vn -0.259191 0.207912 0.943182 
vn -0.186231 0.207912 0.960256 
vn -0.112177 0.207912 0.971694 
vn -0.0374657 0.207912 0.97743 
vn 0.0374657 0.207912 0.97743 
vn 0.112177 0.207912 0.971694 
vn 0.186231 0.207912 0.960256 
vn 0.259191 0.207912 0.943182 
vn 0.33063 0.207912 0.920574 
vn 0.40013 0.207912 0.892563 
vn 0.46728 0.207912 0.859315 
vn 0.531689 0.207912 0.821023 
vn 0.592978 0.207912 0.777914 
vn 0.650787 0.207912 0.730239 
vn 0.704776 0.207912 0.678279 
vn 0.75463 0.207912 0.622339 
vn 0.800056 0.207912 0.562747 
vn 0.840786 0.207912 0.499852 
vn 0.876582 0.207912 0.434023 
vn 0.907234 0.207912 0.365648 
vn 0.932562 0.207912 0.295127 
vn 0.952418 0.207912 0.222874 
vn 0.966684 0.207912 0.149314 
vn 0.975278 0.207912 0.0748765 
vn 0.978148 0.207912 0 
vn 0.991604 0.104528 -0.0761299 
vn 0.982867 0.104528 -0.151813 
vn 0.968361 0.104528 -0.226605 
vn 0.948174 0.104528 -0.300068 
vn 0.922421 0.104528 -0.371769 
vn 0.891256 0.104528 -0.441289 
vn 0.854861 0.104528 -0.508219 
vn 0.813449 0.104528 -0.572167 
vn 0.767263 0.104528 -0.632757 
vn 0.716575 0.104528 -0.689634 
vn 0.661681 0.104528 -0.742464 
vn 0.602904 0.104528 -0.790936 
vn 0.54059 0.104528 -0.834767 
vn 0.475103 0.104528 -0.8737 
vn 0.406828 0.104528 -0.907505 
vn 0.336165 0.104528 -0.935984 
vn 0.26353 0.104528 -0.958971 
vn 0.189348 0.104528 -0.97633 
vn 0.114055 0.104528 -0.98796 
vn 0.0380929 0.104528 -0.993792 
vn -0.0380929 0.104528 -0.993792 
vn -0.114055 0.104528 -0.98796 
vn -0.189348 0.104528 -0.97633 
vn -0.26353 0.104528 -0.958971 
vn -0.336165 0.104528 -0.935984 
vn -0.406828 0.104528 -0.907505 
vn -0.475103 0.104528 -0.8737 
vn -0.54059 0.104528 -0.834767 
vn -0.602904 0.104528 -0.790936 
vn -0.661681 0.104528 -0.742464 
vn -0.716575 0.104528 -0.689634 
vn -0.767263 0.104528 -0.632757 
vn -0.813449 0.104528 -0.572167 
vn -0.854861 0.104528 -0.508219 
vn -0.891256 0.104528 -0.441289 
vn -0.922421 0.104528 -0.371769 
vn -0.948174 0.104528 -0.300068 
vn -0.968361 0.104528 -0.226605 
vn -0.982867 0.104528 -0.151813 
vn -0.991604 0.104528 -0.0761299 
vn -0.994522 0.104528 -2.07026e-16 
vn -0.991604 0.104528 0.0761299 
vn -0.982867 0.104528 0.151813 
vn -0.968361 0.104528 0.226605 
vn -0.948174 0.104528 0.300068 
vn -0.922421 0.104528 0.371769 
vn -0.891256 0.104528 0.441289 
vn -0.854861 0.104528 0.508219 
vn -0.813449 0.104528 0.572167 
vn -0.767263 0.104528 0.632757 
vn -0.716575 0.104528 0.689634 
vn -0.661681 0.104528 0.742464 
vn -0.602904 0.104528 0.790936 
vn -0.54059 0.104528 0.834767 
vn -0.475103 0.104528 0.8737 
vn -0.406828 0.104528 0.907505 
vn -0.336165 0.104528 0.935984 
vn -0.26353 0.104528 0.958971 
vn -0.189348 0.104528 0.97633 
vn -0.114055 0.104528 0.98796 
vn -0.0380929 0.104528 0.993792 
vn 0.0380929 0.104528 0.993792 
vn 0.114055 0.104528 0.98796 
vn 0.189348 0.104528 0.97633 
vn 0.26353 0.104528 0.958971 
vn 0.336165 0.104528 0.935984 
vn 0.406828 0.104528 0.907505 
vn 0.475103 0.104528 0.8737 
vn 0.54059 0.104528 0.834767 
vn 0.602904 0.104528 0.790936 
vn 0.661681 0.104528 0.742464 
vn 0.716575 0.104528 0.689634 
vn 0.767263 0.104528 0.632757 
vn 0.813449 0.104528 0.572167 
vn 0.854861 0.104528 0.508219 
vn 0.891256 0.104528 0.441289 
vn 0.922421 0.104528 0.371769 
vn 0.948174 0.104528 0.300068 
vn 0.968361 0.104528 0.226605 
vn 0.982867 0.104528 0.151813 
vn 0.991604 0.104528 0.0761299 
vn 0.994522 0.104528 0 
vn 0.997066 1.22465e-16 -0.0765493 
vn 0.98828 1.22465e-16 -0.152649 
vn 0.994138 0 -0.108114 
vn 0.976618 0 -0.214981 
vn 0.973695 1.22465e-16 -0.227854 
vn 0.953396 1.22465e-16 -0.301721 
vn 0.927502 1.22465e-16 -0.373817 
vn 0.947657 0 -0.319291 
vn 0.907572 0 -0.419896 
vn 0.896166 1.22465e-16 -0.44372 
vn 0.85957 1.22465e-16 -0.511019 
vn 0.817929 1.22465e-16 -0.575319 
vn 0.85686 0 -0.515549 
vn 0.771489 1.22465e-16 -0.636242 
vn 0.796094 0 -0.605173 
vn 0.72599 0 -0.687705 
vn 0.720522 1.22465e-16 -0.693433 
vn 0.665326 1.22465e-16 -0.746553 
vn 0.606225 1.22465e-16 -0.795293 
vn 0.647393 0 -0.762156 
vn 0.561179 0 -0.827695 
vn 0.543568 1.22465e-16 -0.839365 
vn 0.47772 1.22465e-16 -0.878512 
vn 0.409069 1.22465e-16 -0.912504 
vn 0.468417 0 -0.883508 
vn 0.370135 0 -0.928978 
vn 0.338017 1.22465e-16 -0.94114 
vn 0.267525 0 -0.963551 
vn 0.264982 1.22465e-16 -0.964253 
vn 0.190391 1.22465e-16 -0.981708 
vn 0.114683 1.22465e-16 -0.993402 
vn 0.161788 0 -0.986825 
vn 0.0541281 0 -0.998534 
vn 0.0383027 1.22465e-16 -0.999266 
vn -0.0383027 1.22465e-16 -0.999266 
vn -0.114683 1.22465e-16 -0.993402 
vn -0.0541281 0 -0.998534 
vn -0.161788 0 -0.986825 
vn -0.190391 1.22465e-16 -0.981708 
vn -0.264982 1.22465e-16 -0.964253 
vn -0.338017 1.22465e-16 -0.94114 
vn -0.267525 0 -0.963551 
vn -0.409069 1.22465e-16 -0.912504 
vn -0.370135 0 -0.928978 
vn -0.468417 0 -0.883508 
vn -0.47772 1.22465e-16 -0.878512 
vn -0.543568 1.22465e-16 -0.839365 
vn -0.606225 1.22465e-16 -0.795293 
vn -0.561179 0 -0.827695 
vn -0.647393 0 -0.762156 
vn -0.665326 1.22465e-16 -0.746553 
vn -0.720522 1.22465e-16 -0.693433 
vn -0.771489 1.22465e-16 -0.636242 
vn -0.72599 0 -0.687705 
vn -0.796094 0 -0.605173 
vn -0.817929 1.22465e-16 -0.575319 
vn -0.85686 0 -0.515549 
vn -0.85957 1.22465e-16 -0.511019 
vn -0.896166 1.22465e-16 -0.44372 
vn -0.927502 1.22465e-16 -0.373817 
vn -0.907572 0 -0.419896 
vn -0.947657 0 -0.319291 
vn -0.953396 1.22465e-16 -0.301721 
vn -0.973695 1.22465e-16 -0.227854 
vn -0.98828 1.22465e-16 -0.152649 
vn -0.976618 0 -0.214981 
vn -0.994138 0 -0.108114 
vn -0.997066 1.22465e-16 -0.0765493 
vn -1 1.22465e-16 -2.08167e-16 
vn -0.997066 1.22465e-16 0.0765493 
vn -0.98828 1.22465e-16 0.152649 
vn -0.994138 0 0.108114 
vn -0.976618 0 0.214981 
vn -0.973695 1.22465e-16 0.227854 
vn -0.953396 1.22465e-16 0.301721 
vn -0.927502 1.22465e-16 0.373817 
vn -0.947657 0 0.319291 
vn -0.907572 0 0.419896 
vn -0.896166 1.22465e-16 0.44372 
vn -0.85957 1.22465e-16 0.511019 
vn -0.817929 1.22465e-16 0.575319 
vn -0.85686 0 0.515549 
vn -0.771489 1.22465e-16 0.636242 
vn -0.796094 0 0.605173 
vn -0.72599 0 0.687705 
vn -0.720522 1.22465e-16 0.693433 
vn -0.665326 1.22465e-16 0.746553 
vn -0.606225 1.22465e-16 0.795293 
vn -0.647393 0 0.762156 
vn -0.561179 0 0.827695 
vn -0.543568 1.22465e-16 0.839365 
vn -0.47772 1.22465e-16 0.878512 
vn -0.409069 1.22465e-16 0.912504 
vn -0.468417 0 0.883508 
vn -0.370135 0 0.928978 
vn -0.338017 1.22465e-16 0.94114 
vn -0.267525 0 0.963551 
vn -0.264982 1.22465e-16 0.964253 
vn -0.190391 1.22465e-16 0.981708 
vn -0.114683 1.22465e-16 0.993402 
vn -0.161788 0 0.986825 
vn -0.0541281 0 0.998534 
vn -0.0383027 1.22465e-16 0.999266 
vn 0.0383027 1.22465e-16 0.999266 
vn 0.114683 1.22465e-16 0.993402 
vn 0.0541281 0 0.998534 
vn 0.161788 0 0.986825 
vn 0.190391 1.22465e-16 0.981708 
vn 0.264982 1.22465e-16 0.964253 
vn 0.338017 1.22465e-16 0.94114 
vn 0.267525 0 0.963551 
vn 0.409069 1.22465e-16 0.912504 
vn 0.370135 0 0.928978 
vn 0.468417 0 0.883508 
vn 0.47772 1.22465e-16 0.878512 
vn 0.543568 1.22465e-16 0.839365 
vn 0.606225 1.22465e-16 0.795293 
vn 0.561179 0 0.827695 
vn 0.647393 0 0.762156 
vn 0.665326 1.22465e-16 0.746553 
vn 0.720522 1.22465e-16 0.693433 
vn 0.771489 1.22465e-16 0.636242 
vn 0.72599 0 0.687705 
vn 0.796094 0 0.605173 
vn 0.817929 1.22465e-16 0.575319 
vn 0.85686 0 0.515549 
vn 0.85957 1.22465e-16 0.511019 
vn 0.896166 1.22465e-16 0.44372 
vn 0.927502 1.22465e-16 0.373817 
vn 0.907572 0 0.419896 
vn 0.947657 0 0.319291 
vn 0.953396 1.22465e-16 0.301721 
vn 0.973695 1.22465e-16 0.227854 
vn 0.98828 1.22465e-16 0.152649 
vn 0.976618 0 0.214981 
vn 0.994138 0 0.108114 
vn 0.997066 1.22465e-16 0.0765493 
vn 1 1.22465e-16 0 
vn 0.994138 0 -0.108119 
vn 0.995074 0 -0.099139 
vn 1 0 -2.44929e-16 
vn 0.995074 0 0.099139 
vn 0.994138 0 0.108119 
vn 0.976621 0 0.21497 
vn 0.947653 0 0.319302 
vn 0.907575 0 0.419889 
vn 0.856857 0 0.515554 
vn 0.796093 0 0.605174 
vn 0.725995 0 0.687699 
vn 0.647386 0 0.762162 
vn 0.561187 0 0.827689 
vn 0.468408 0 0.883512 
vn 0.370138 0 0.928977 
vn 0.267528 0 0.96355 
vn 0.161782 0 0.986827 
vn 0.0541389 0 0.998533 
vn -0.0541389 0 0.998533 
vn -0.161782 0 0.986827 
vn -0.267528 0 0.96355 
vn -0.370138 0 0.928977 
vn -0.468408 0 0.883512 
vn -0.561187 0 0.827689 
vn -0.647386 0 0.762162 
vn -0.725995 0 0.687699 
vn -0.796093 0 0.605174 
vn -0.856857 0 0.515554 
vn -0.907575 0 0.419889 
vn -0.947653 0 0.319302 
vn -0.976621 0 0.21497 
vn -0.994138 0 0.108119 
vn -1 0 1.22465e-16 
vn -0.994138 0 -0.108119 
vn -0.976621 0 -0.21497 
vn -0.947653 0 -0.319302 
vn -0.907575 0 -0.419889 
vn -0.856857 0 -0.515554 
vn -0.796093 0 -0.605174 
vn -0.725995 0 -0.687699 
vn -0.647386 0 -0.762162 
vn -0.561187 0 -0.827689 
vn -0.468408 0 -0.883512 
vn -0.370138 0 -0.928977 
vn -0.267528 0 -0.96355 
vn -0.161782 0 -0.986827 
vn -0.0541389 0 -0.998533 
vn 0.0541389 0 -0.998533 
vn 0.161782 0 -0.986827 
vn 0.267528 0 -0.96355 
vn 0.370138 0 -0.928977 
vn 0.468408 0 -0.883512 
vn 0.561187 0 -0.827689 
vn 0.647386 0 -0.762162 
vn 0.725995 0 -0.687699 
vn 0.796093 0 -0.605174 
vn 0.856857 0 -0.515554 
vn 0.907575 0 -0.419889 
vn 0.947653 0 -0.319302 
vn 0.976621 0 -0.21497 
vn 0.989223 0 -0.146415 
vn 0.976621 0 0.21497 
vn 0.989223 0 0.146415 
vn 0.994138 0 0.108119 
vn 0.989223 0 -0.146415 
vn 0.96804 0 -0.250796 
vn 0.935875 0 -0.352332 
vn 0.893094 0 -0.449871 
vn 0.840181 0 -0.542306 
vn 0.777737 0 -0.62859 
vn 0.70647 0 -0.707743 
vn 0.62719 0 -0.778867 
vn 0.540794 0 -0.841155 
vn 0.448263 0 -0.893902 
vn 0.350648 0 -0.936508 
vn 0.249054 0 -0.96849 
vn 0.144635 0 -0.989485 
vn 0.0385756 0 -0.999256 
vn -0.0679215 0 -0.997691 
vn -0.173648 0 -0.984808 
vn -0.273779 0 -0.961793 
vn -0.37102 0 -0.928625 
vn -0.464344 0 -0.885655 
vn -0.552767 0 -0.833336 
vn -0.635355 0 -0.77222 
vn -0.711236 0 -0.702953 
vn -0.77961 0 -0.626265 
vn -0.839754 0 -0.542967 
vn -0.891034 0 -0.453937 
vn -0.932908 0 -0.360116 
vn -0.964934 0 -0.262493 
vn -0.986774 0 -0.1621 
vn -0.998199 0 -0.0599948 
vn -0.999086 0 0.0427432 
vn -0.989427 0 0.14503 
vn -0.0679215 0 0.997691 
vn -0.173648 0 0.984808 
vn 0.0385756 0 0.999256 
vn -0.0679215 0 0.997691 
vn 0.144635 0 0.989485 
vn 0.0385756 0 0.999256 
vn 0.249054 0 0.96849 
vn 0.144635 0 0.989485 
vn 0.350648 0 0.936508 
vn 0.249054 0 0.96849 
vn 0.448263 0 0.893902 
vn 0.350648 0 0.936508 
vn 0.540794 0 0.841155 
vn 0.448263 0 0.893902 
vn 0.62719 0 0.778867 
vn 0.540794 0 0.841155 
vn 0.70647 0 0.707743 
vn 0.62719 0 0.778867 
vn 0.777737 0 0.62859 
vn 0.70647 0 0.707743 
vn 0.840181 0 0.542306 
vn 0.777737 0 0.62859 
vn 0.893094 0 0.449871 
vn 0.840181 0 0.542306 
vn 0.935875 0 0.352332 
vn 0.893094 0 0.449871 
vn 0.96804 0 0.250796 
vn 0.935875 0 0.352332 
vn 0.989223 0 0.146415 
vn 0.96804 0 0.250796 
vn -0.173648 0 0.984808 
vn -0.999086 0 -0.0427432 
vn -0.989427 0 -0.14503 
vn -0.998199 0 0.0599948 
vn -0.999086 0 -0.0427432 
vn -0.986774 0 0.1621 
vn -0.998199 0 0.0599948 
vn -0.964934 0 0.262493 
vn -0.986774 0 0.1621 
vn -0.932908 0 0.360116 
vn -0.964934 0 0.262493 
vn -0.891034 0 0.453937 
vn -0.932908 0 0.360116 
vn -0.839754 0 0.542967 
vn -0.891034 0 0.453937 
vn -0.77961 0 0.626265 
vn -0.839754 0 0.542967 
vn -0.711236 0 0.702953 
vn -0.77961 0 0.626265 
vn -0.635355 0 0.77222 
vn -0.711236 0 0.702953 
vn -0.552767 0 0.833336 
vn -0.635355 0 0.77222 
vn -0.464344 0 0.885655 
vn -0.552767 0 0.833336 
vn -0.37102 0 0.928625 
vn -0.464344 0 0.885655 
vn -0.273779 0 0.961793 
vn -0.37102 0 0.928625 
vn -0.173648 0 0.984808 
vn -0.273779 0 0.961793 
vn 0 1 0 
vn -0.998553 0 0.0537792 
vn -0.998553 0 -0.0537792 
vn -0.96403 0 0.265793 
vn -0.987001 0 0.160716 
vn -0.929907 0 0.367795 
vn -0.885026 0 0.465542 
vn -0.829906 0 0.557903 
vn -0.765185 0 0.64381 
vn -0.691612 0 0.722269 
vn -0.610038 0 0.792373 
vn -0.521406 0 0.853309 
vn -0.426742 0 0.904373 
vn -0.327141 0 0.944975 
vn -0.223756 0 0.974645 
vn -0.117782 0 0.993039 
vn -0.0104454 0 0.999945 
vn 0.097012 0 0.995283 
vn 0.203347 0 0.979107 
vn 0.30733 0 0.951603 
vn 0.407757 0 0.913091 
vn 0.503467 0 0.864015 
vn 0.593352 0 0.804943 
vn 0.676373 0 0.736559 
vn 0.751569 0 0.659654 
vn 0.818071 0 0.575118 
vn 0.875108 0 0.483928 
vn 0.922021 0 0.38714 
vn 0.958268 0 0.285873 
vn 0.983428 0 0.181299 
vn 0.997212 0 0.0746269 
vn 0.983428 0 -0.181299 
vn 0.997212 0 -0.0746269 
vn 0.958268 0 -0.285873 
vn 0.922021 0 -0.38714 
vn 0.875108 0 -0.483928 
vn 0.818071 0 -0.575118 
vn 0.751569 0 -0.659654 
vn 0.676373 0 -0.736559 
vn 0.593352 0 -0.804943 
vn 0.503467 0 -0.864015 
vn 0.407757 0 -0.913091 
vn 0.30733 0 -0.951603 
vn 0.203347 0 -0.979107 
vn 0.097012 0 -0.995283 
vn -0.0104454 0 -0.999945 
vn -0.117782 0 -0.993039 
vn -0.223756 0 -0.974645 
vn -0.327141 0 -0.944975 
vn -0.426742 0 -0.904373 
vn -0.521406 0 -0.853309 
vn -0.610038 0 -0.792373 
vn -0.691612 0 -0.722269 
vn -0.765185 0 -0.64381 
vn -0.829906 0 -0.557903 
vn -0.885026 0 -0.465542 
vn -0.929907 0 -0.367795 
vn -0.96403 0 -0.265793 
vn -0.987001 0 -0.160716 
vn -0.993899 0 -0.110297 
vn -0.989427 0 -0.14503 
vn -0.989427 0 0.14503 
vn -0.993899 0 0.110297 
vn -0.987001 0 0.160716 
vn -0.998553 0 -0.0537792 
vn 0.997212 0 -0.0746269 
vn 0 1 0 
vn 0 0 -1 
vn 0 0 1 
vn -0.982809 0 0.184627 
vn -0.982806 0 0.184639 
vn -0.991952 0 0.126617 
vn -0.996944 0 0.078125 
vn -0.95733 0 0.288997 
vn -0.957327 0 0.289006 
vn -0.977382 0 0.211481 
vn -0.920801 0 0.390032 
vn -0.926665 0 0.375888 
vn -0.955566 0 0.294778 
vn -0.920807 0 0.390018 
vn -0.873644 0 0.486565 
vn -0.890894 0 0.454212 
vn -0.873647 0 0.48656 
vn -0.816403 0 0.577482 
vn -0.816396 0 0.577492 
vn -0.848517 0 0.529168 
vn -0.749739 0 0.661733 
vn -0.749733 0 0.661741 
vn -0.799849 0 0.600201 
vn -0.674421 0 0.738347 
vn -0.685128 0 0.728423 
vn -0.745251 0 0.666784 
vn -0.674432 0 0.738337 
vn -0.591319 0 0.806438 
vn -0.619925 0 0.784661 
vn -0.591324 0 0.806434 
vn -0.501391 0 0.865221 
vn -0.501381 0 0.865227 
vn -0.550125 0 0.835082 
vn -0.405676 0 0.914017 
vn -0.405667 0 0.914021 
vn -0.476247 0 0.879311 
vn -0.305279 0 0.952263 
vn -0.318472 0 0.947932 
vn -0.398838 0 0.917021 
vn -0.305293 0 0.952258 
vn -0.201358 0 0.979518 
vn -0.235744 0 0.971815 
vn -0.201365 0 0.979516 
vn -0.0951128 0 0.995467 
vn -0.0951015 0 0.995468 
vn -0.151269 0 0.988493 
vn 0.0122302 0 0.999925 
vn 0.0122413 0 0.999925 
vn -0.0656724 0 0.997841 
vn 0.119432 0 0.992842 
vn 0.106344 0 0.994329 
vn 0.0204113 0 0.999792 
vn 0.119418 0 0.992844 
vn 0.225255 0 0.9743 
vn 0.191488 0 0.981495 
vn 0.225248 0 0.974301 
vn 0.328479 0 0.944511 
vn 0.328489 0 0.944508 
vn 0.275212 0 0.961384 
vn 0.427911 0 0.903821 
vn 0.427921 0 0.903816 
vn 0.356896 0 0.934144 
vn 0.522403 0 0.852699 
vn 0.511739 0 0.859141 
vn 0.435933 0 0.899979 
vn 0.522391 0 0.852706 
vn 0.610866 0 0.791734 
vn 0.58375 0 0.811933 
vn 0.61086 0 0.791739 
vn 0.692278 0 0.721631 
vn 0.692286 0 0.721623 
vn 0.651433 0 0.758706 
vn 0.7657 0 0.643198 
vn 0.765708 0 0.643188 
vn 0.714287 0 0.699853 
vn 0.830284 0 0.557341 
vn 0.823679 0 0.567056 
vn 0.771844 0 0.635811 
vn 0.830276 0 0.557353 
vn 0.885284 0 0.465052 
vn 0.869407 0 0.494096 
vn 0.88528 0 0.465059 
vn 0.930065 0 0.367394 
vn 0.930069 0 0.367385 
vn 0.90869 0 0.417473 
vn 0.964112 0 0.265496 
vn 0.964115 0 0.265484 
vn 0.941234 0 0.337754 
vn 0.98703 0 0.160533 
vn 0.985199 0 0.171414 
vn 0.966801 0 0.255531 
vn 0.987028 0 0.160546 
vn 0.998556 0 0.0537178 
vn 0.996293 0 0.086026 
vn 0.998556 0 0.0537271 
vn 0.998556 0 -0.0537178 
vn 0.998556 0 -0.0537271 
vn 1 0 0 
vn 0.98703 0 -0.160533 
vn 0.987028 0 -0.160546 
vn 0.996293 0 -0.086026 
vn 0.964112 0 -0.265496 
vn 0.966801 0 -0.255531 
vn 0.985199 0 -0.171414 
vn 0.964115 0 -0.265484 
vn 0.930065 0 -0.367394 
vn 0.941234 0 -0.337754 
vn 0.930069 0 -0.367385 
vn 0.885284 0 -0.465052 
vn 0.90869 0 -0.417473 
vn 0.88528 0 -0.465059 
vn 0.830284 0 -0.557341 
vn 0.830276 0 -0.557353 
vn 0.869407 0 -0.494096 
vn 0.7657 0 -0.643198 
vn 0.771844 0 -0.635811 
vn 0.823679 0 -0.567056 
vn 0.765708 0 -0.643188 
vn 0.692278 0 -0.721631 
vn 0.714287 0 -0.699853 
vn 0.692286 0 -0.721623 
vn 0.610866 0 -0.791734 
vn 0.651433 0 -0.758706 
vn 0.61086 0 -0.791739 
vn 0.522403 0 -0.852699 
vn 0.522391 0 -0.852706 
vn 0.58375 0 -0.811933 
vn 0.427911 0 -0.903821 
vn 0.435933 0 -0.899979 
vn 0.511739 0 -0.859141 
vn 0.427921 0 -0.903816 
vn 0.328479 0 -0.944511 
vn 0.356896 0 -0.934144 
vn 0.328489 0 -0.944508 
vn 0.225255 0 -0.9743 
vn 0.275212 0 -0.961384 
vn 0.225248 0 -0.974301 
vn 0.119432 0 -0.992842 
vn 0.119418 0 -0.992844 
vn 0.191488 0 -0.981495 
vn 0.0122302 0 -0.999925 
vn 0.0204113 0 -0.999792 
vn 0.106344 0 -0.994329 
vn 0.0122413 0 -0.999925 
vn -0.0951128 0 -0.995467 
vn -0.0656724 0 -0.997841 
vn -0.0951015 0 -0.995468 
vn -0.201358 0 -0.979518 
vn -0.151269 0 -0.988493 
vn -0.201365 0 -0.979516 
vn -0.305279 0 -0.952263 
vn -0.305293 0 -0.952258 
vn -0.235744 0 -0.971815 
vn -0.405676 0 -0.914017 
vn -0.398838 0 -0.917021 
vn -0.318472 0 -0.947932 
vn -0.405667 0 -0.914021 
vn -0.501391 0 -0.865221 
vn -0.476247 0 -0.879311 
vn -0.501381 0 -0.865227 
vn -0.591319 0 -0.806438 
vn -0.550125 0 -0.835082 
vn -0.591324 0 -0.806434 
vn -0.674421 0 -0.738347 
vn -0.674432 0 -0.738337 
vn -0.619925 0 -0.784661 
vn -0.749739 0 -0.661733 
vn -0.745251 0 -0.666784 
vn -0.685128 0 -0.728423 
vn -0.749733 0 -0.661741 
vn -0.816403 0 -0.577482 
vn -0.799849 0 -0.600201 
vn -0.816396 0 -0.577492 
vn -0.873644 0 -0.486565 
vn -0.848517 0 -0.529168 
vn -0.873647 0 -0.48656 
vn -0.920801 0 -0.390032 
vn -0.920807 0 -0.390018 
vn -0.890894 0 -0.454212 
vn -0.95733 0 -0.288997 
vn -0.955566 0 -0.294778 
vn -0.926665 0 -0.375888 
vn -0.957327 0 -0.289006 
vn -0.982809 0 -0.184627 
vn -0.977382 0 -0.211481 
vn -0.982806 0 -0.184639 
vn -0.996944 0 -0.078125 
vn -0.991952 0 -0.126617 
vn -0.996944 0 0.078125 
vn -0.107249 -0.994138 0.0136897 
vn -6.07395e-17 -1 7.75306e-18 
vn 0.100657 -0.994741 -0.0189103 
vn -0.105674 -0.994138 0.0228652 
vn -5.98474e-17 -1 1.29495e-17 
vn 0.0296126 -0.999521 -0.0089397 
vn -0.103315 -0.994138 0.0318711 
vn -5.85115e-17 -1 1.80499e-17 
vn -0.10019 -0.994138 0.0406407 
vn -0.0963225 -0.994138 0.049109 
vn 0.063712 -0.997603 -0.026986 
vn -0.0917408 -0.994138 0.0572132 
vn 0.100718 -0.993332 -0.056093 
vn -5.45515e-17 -1 2.78125e-17 
vn 0.0847368 -0.994599 -0.05994 
vn -0.0864789 -0.994138 0.0648931 
vn -4.89766e-17 -1 3.67517e-17 
vn 0.0256941 -0.999413 -0.0226785 
vn -0.0805758 -0.994138 0.072092 
vn -4.56335e-17 -1 4.08287e-17 
vn -0.0740753 -0.994138 0.0787564 
vn -0.0670256 -0.994138 0.0848368 
vn 0.0449468 -0.997777 -0.0492057 
vn -0.059479 -0.994138 0.0902883 
vn 0.067813 -0.993402 -0.0924818 
vn -3.79594e-17 -1 4.80467e-17 
vn 0.0526976 -0.994461 -0.0909396 
vn -0.0514914 -0.994138 0.0950703 
vn -2.91617e-17 -1 5.38423e-17 
vn 0.0152302 -0.999295 -0.0343157 
vn -0.043122 -0.994138 0.0991475 
vn -2.44218e-17 -1 5.61514e-17 
vn -0.0344329 -0.994138 0.10249 
vn -0.0254885 -0.994138 0.105072 
vn 0.0195481 -0.997948 -0.0609737 
vn -0.0163551 -0.994138 0.106875 
vn 0.0229578 -0.993479 -0.111676 
vn -1.44352e-17 -1 5.95065e-17 
vn 0.0101142 -0.994329 -0.10587 
vn -0.00710043 -0.994138 0.107886 
vn -4.02127e-18 -1 6.11002e-17 
vn -0.00049884 -0.999169 -0.0407474 
vn 0.00220685 -0.994138 0.108096 
vn 1.24983e-18 -1 6.12196e-17 
vn 0.0114978 -0.994138 0.107506 
vn 0.0207035 -0.994138 0.106118 
vn -0.00732644 -0.998116 -0.0609123 
vn 0.0297556 -0.994138 0.103944 
vn -0.0255157 -0.993563 -0.110367 
vn 1.17252e-17 -1 6.00992e-17 
vn -0.0353238 -0.994201 -0.101567 
vn 0.0385872 -0.994138 0.100999 
vn 2.18535e-17 -1 5.71998e-17 
vn -0.018782 -0.999036 -0.0396696 
vn 0.0471327 -0.994138 0.0973049 
vn 2.66932e-17 -1 5.51078e-17 
vn 0.0553287 -0.994138 0.0928895 
vn 0.0631145 -0.994138 0.0877854 
vn -0.0306154 -0.998281 -0.0499739 
vn 0.0704323 -0.994138 0.0820305 
vn -0.0687103 -0.993654 -0.0890558 
vn 3.57444e-17 -1 4.97166e-17 
vn -0.0752183 -0.99408 -0.0784059 
vn 0.077228 -0.994138 0.0756674 
vn 4.37375e-17 -1 4.28536e-17 
vn -0.0359624 -0.998896 -0.0302081 
vn 0.0834511 -0.994138 0.0687433 
vn 4.72618e-17 -1 3.89322e-17 
vn 0.0890554 -0.994138 0.0613095 
vn 0.0939995 -0.994138 0.0534212 
vn -0.0463253 -0.998442 -0.0310976 
vn 0.0982466 -0.994138 0.0451367 
vn -0.0988151 -0.993751 -0.05191 
vn 5.32359e-17 -1 3.02546e-17 
vn -0.102034 -0.993964 -0.0403042 
vn 0.101765 -0.994138 0.0365176 
vn 5.7634e-17 -1 2.06815e-17 
vn -0.0481818 -0.99875 -0.0132676 
vn 0.10453 -0.994138 0.0276278 
vn 5.91995e-17 -1 1.56468e-17 
vn 0.106519 -0.994138 0.0185331 
vn 0.107718 -0.994138 0.00930104 
vn -0.0522317 -0.998599 -0.00849581 
vn 0.108119 -0.994138 5.29091e-17 
vn -0.110535 -0.993854 -0.00594732 
vn 6.10053e-17 -1 5.26757e-18 
vn -0.110535 -0.993854 0.00594732 
vn 0.107718 -0.994138 -0.00930104 
vn 6.10053e-17 -1 -5.26757e-18 
vn -0.0522317 -0.998599 0.00849581 
vn 0.106519 -0.994138 -0.0185331 
vn 6.0326e-17 -1 -1.04961e-17 
vn 0.10453 -0.994138 -0.0276278 
vn 0.101765 -0.994138 -0.0365176 
vn -0.0481818 -0.99875 0.0132676 
vn 0.0982466 -0.994138 -0.0451367 
vn -0.102034 -0.993964 0.0403042 
vn 5.7634e-17 -1 -2.06815e-17 
vn -0.0988151 -0.993751 0.05191 
vn 0.0939995 -0.994138 -0.0534212 
vn 5.32359e-17 -1 -3.02546e-17 
vn -0.0463253 -0.998442 0.0310976 
vn 0.0890554 -0.994138 -0.0613095 
vn 5.04358e-17 -1 -3.47222e-17 
vn 0.0834511 -0.994138 -0.0687433 
vn 0.077228 -0.994138 -0.0756674 
vn -0.0359624 -0.998896 0.0302081 
vn 0.0704323 -0.994138 -0.0820305 
vn -0.0752183 -0.99408 0.0784059 
vn 4.37375e-17 -1 -4.28536e-17 
vn -0.0687103 -0.993654 0.0890558 
vn 0.0631145 -0.994138 -0.0877854 
vn 3.57444e-17 -1 -4.97166e-17 
vn -0.0306154 -0.998281 0.0499739 
vn 0.0553287 -0.994138 -0.0928895 
vn 3.1335e-17 -1 -5.26072e-17 
vn 0.0471327 -0.994138 -0.0973049 
vn 0.0385872 -0.994138 -0.100999 
vn -0.018782 -0.999036 0.0396696 
vn 0.0297556 -0.994138 -0.103944 
vn -0.0353238 -0.994201 0.101567 
vn 2.18535e-17 -1 -5.71998e-17 
vn -0.0255157 -0.993563 0.110367 
vn 0.0207035 -0.994138 -0.106118 
vn 1.17252e-17 -1 -6.00992e-17 
vn -0.00732644 -0.998116 0.0609123 
vn 0.0114978 -0.994138 -0.107506 
vn 6.51167e-18 -1 -6.08851e-17 
vn 0.00220685 -0.994138 -0.108096 
vn -0.00710043 -0.994138 -0.107886 
vn -0.00049884 -0.999169 0.0407474 
vn -0.0163551 -0.994138 -0.106875 
vn 0.0101142 -0.994329 0.10587 
vn -4.02127e-18 -1 -6.11002e-17 
vn 0.0229578 -0.993479 0.111676 
vn -0.0254885 -0.994138 -0.105072 
vn -1.44352e-17 -1 -5.95065e-17 
vn 0.0195481 -0.997948 0.0609737 
vn -0.0344329 -0.994138 -0.10249 
vn -1.95008e-17 -1 -5.80441e-17 
vn -0.043122 -0.994138 -0.0991475 
vn -0.0514914 -0.994138 -0.0950703 
vn 0.0152302 -0.999295 0.0343157 
vn -0.059479 -0.994138 -0.0902883 
vn 0.0526976 -0.994461 0.0909396 
vn -2.91617e-17 -1 -5.38423e-17 
vn 0.067813 -0.993402 0.0924818 
vn -0.0670256 -0.994138 -0.0848368 
vn -3.79594e-17 -1 -4.80467e-17 
vn 0.0449468 -0.997777 0.0492057 
vn -0.0740753 -0.994138 -0.0787564 
vn -4.1952e-17 -1 -4.4603e-17 
vn -0.0805758 -0.994138 -0.072092 
vn -0.0864789 -0.994138 -0.0648931 
vn 0.0256941 -0.999413 0.0226785 
vn -0.0917408 -0.994138 -0.0572132 
vn 0.0847368 -0.994599 0.05994 
vn -4.89766e-17 -1 -3.67517e-17 
vn 0.100718 -0.993332 0.056093 
vn -0.0963225 -0.994138 -0.049109 
vn -5.45515e-17 -1 -2.78125e-17 
vn 0.063712 -0.997603 0.026986 
vn -0.10019 -0.994138 -0.0406407 
vn -5.67419e-17 -1 -2.30165e-17 
vn -0.103315 -0.994138 -0.0318711 
vn -0.105674 -0.994138 -0.0228652 
vn 0.0296126 -0.999521 0.0089397 
vn -0.107249 -0.994138 -0.0136897 
vn 0.100657 -0.994741 0.0189103 
vn -5.98474e-17 -1 -1.29495e-17 
vn -0.210108 -0.976621 0.0454622 
vn -0.205418 -0.976621 0.0633685 
vn -0.199206 -0.976621 0.0808049 
vn -0.191516 -0.976621 0.0976422 
vn -0.182406 -0.976621 0.113756 
vn -0.171944 -0.976621 0.129025 
vn -0.160207 -0.976621 0.143339 
vn -0.147282 -0.976621 0.156589 
vn -0.133265 -0.976621 0.168679 
vn -0.118261 -0.976621 0.179518 
vn -0.102379 -0.976621 0.189026 
vn -0.0857384 -0.976621 0.197132 
vn -0.068462 -0.976621 0.203777 
vn -0.0506781 -0.976621 0.208912 
vn -0.0325184 -0.976621 0.212497 
vn -0.0141176 -0.976621 0.214506 
vn 0.00438783 -0.976621 0.214926 
vn 0.0228608 -0.976621 0.213751 
vn 0.0411642 -0.976621 0.210992 
vn 0.0591624 -0.976621 0.206669 
vn 0.076722 -0.976621 0.200813 
vn 0.0937127 -0.976621 0.193469 
vn 0.110009 -0.976621 0.18469 
vn 0.125489 -0.976621 0.174542 
vn 0.140039 -0.976621 0.163099 
vn 0.153551 -0.976621 0.150448 
vn 0.165924 -0.976621 0.136681 
vn 0.177067 -0.976621 0.1219 
vn 0.186897 -0.976621 0.106216 
vn 0.195341 -0.976621 0.0897443 
vn 0.202338 -0.976621 0.0726071 
vn 0.207834 -0.976621 0.0549317 
vn 0.211789 -0.976621 0.036849 
vn 0.214174 -0.976621 0.018493 
vn 0.21497 -0.976621 1.04083e-16 
vn 0.214174 -0.976621 -0.018493 
vn 0.211789 -0.976621 -0.036849 
vn 0.207834 -0.976621 -0.0549317 
vn 0.202338 -0.976621 -0.0726071 
vn 0.195341 -0.976621 -0.0897443 
vn 0.186897 -0.976621 -0.106216 
vn 0.177067 -0.976621 -0.1219 
vn 0.165924 -0.976621 -0.136681 
vn 0.153551 -0.976621 -0.150448 
vn 0.140039 -0.976621 -0.163099 
vn 0.125489 -0.976621 -0.174542 
vn 0.110009 -0.976621 -0.18469 
vn 0.0937127 -0.976621 -0.193469 
vn 0.076722 -0.976621 -0.200813 
vn 0.0591624 -0.976621 -0.206669 
vn 0.0411642 -0.976621 -0.210992 
vn 0.0228608 -0.976621 -0.213751 
vn 0.00438783 -0.976621 -0.214926 
vn -0.0141176 -0.976621 -0.214506 
vn -0.0325184 -0.976621 -0.212497 
vn -0.0506781 -0.976621 -0.208912 
vn -0.068462 -0.976621 -0.203777 
vn -0.0857384 -0.976621 -0.197132 
vn -0.102379 -0.976621 -0.189026 
vn -0.118261 -0.976621 -0.179518 
vn -0.133265 -0.976621 -0.168679 
vn -0.147282 -0.976621 -0.156589 
vn -0.160207 -0.976621 -0.143339 
vn -0.171944 -0.976621 -0.129025 
vn -0.182406 -0.976621 -0.113756 
vn -0.191516 -0.976621 -0.0976422 
vn -0.199206 -0.976621 -0.0808049 
vn -0.205418 -0.976621 -0.0633685 
vn -0.210108 -0.976621 -0.0454622 
vn -0.21324 -0.976621 -0.0272189 
vn -0.21324 -0.976621 0.0272189 
vn -0.31208 -0.947653 0.0675263 
vn -0.305114 -0.947653 0.0941229 
vn -0.295886 -0.947653 0.120022 
vn -0.284464 -0.947653 0.145031 
vn -0.270933 -0.947653 0.168964 
vn -0.255393 -0.947653 0.191645 
vn -0.23796 -0.947653 0.212905 
vn -0.218762 -0.947653 0.232587 
vn -0.197943 -0.947653 0.250544 
vn -0.175656 -0.947653 0.266643 
vn -0.152066 -0.947653 0.280766 
vn -0.12735 -0.947653 0.292806 
vn -0.101689 -0.947653 0.302676 
vn -0.0752736 -0.947653 0.310302 
vn -0.0483005 -0.947653 0.315627 
vn -0.0209693 -0.947653 0.318612 
vn 0.00651737 -0.947653 0.319235 
vn 0.0339557 -0.947653 0.317491 
vn 0.0611423 -0.947653 0.313393 
vn 0.0878756 -0.947653 0.306971 
vn 0.113957 -0.947653 0.298274 
vn 0.139194 -0.947653 0.287365 
vn 0.163399 -0.947653 0.274325 
vn 0.186392 -0.947653 0.259252 
vn 0.208004 -0.947653 0.242256 
vn 0.228073 -0.947653 0.223464 
vn 0.246451 -0.947653 0.203016 
vn 0.263002 -0.947653 0.181062 
vn 0.277603 -0.947653 0.157766 
vn 0.290146 -0.947653 0.1333 
vn 0.300538 -0.947653 0.107845 
vn 0.308701 -0.947653 0.0815916 
vn 0.314576 -0.947653 0.0547328 
vn 0.318118 -0.947653 0.0274682 
vn 0.319302 -0.947653 1.5786e-16 
vn 0.318118 -0.947653 -0.0274682 
vn 0.314576 -0.947653 -0.0547328 
vn 0.308701 -0.947653 -0.0815916 
vn 0.300538 -0.947653 -0.107845 
vn 0.290146 -0.947653 -0.1333 
vn 0.277603 -0.947653 -0.157766 
vn 0.263002 -0.947653 -0.181062 
vn 0.246451 -0.947653 -0.203016 
vn 0.228073 -0.947653 -0.223464 
vn 0.208004 -0.947653 -0.242256 
vn 0.186392 -0.947653 -0.259252 
vn 0.163399 -0.947653 -0.274325 
vn 0.139194 -0.947653 -0.287365 
vn 0.113957 -0.947653 -0.298274 
vn 0.0878756 -0.947653 -0.306971 
vn 0.0611423 -0.947653 -0.313393 
vn 0.0339557 -0.947653 -0.317491 
vn 0.00651737 -0.947653 -0.319235 
vn -0.0209693 -0.947653 -0.318612 
vn -0.0483005 -0.947653 -0.315627 
vn -0.0752736 -0.947653 -0.310302 
vn -0.101689 -0.947653 -0.302676 
vn -0.12735 -0.947653 -0.292806 
vn -0.152066 -0.947653 -0.280766 
vn -0.175656 -0.947653 -0.266643 
vn -0.197943 -0.947653 -0.250544 
vn -0.218762 -0.947653 -0.232587 
vn -0.23796 -0.947653 -0.212905 
vn -0.255393 -0.947653 -0.191645 
vn -0.270933 -0.947653 -0.168964 
vn -0.284464 -0.947653 -0.145031 
vn -0.295886 -0.947653 -0.120022 
vn -0.305114 -0.947653 -0.0941229 
vn -0.31208 -0.947653 -0.0675263 
vn -0.316732 -0.947653 -0.040429 
vn -0.316732 -0.947653 0.040429 
vn -0.410392 -0.907575 0.0887987 
vn -0.401232 -0.907575 0.123774 
vn -0.389097 -0.907575 0.157831 
vn -0.374077 -0.907575 0.190719 
vn -0.356283 -0.907575 0.222192 
vn -0.335848 -0.907575 0.252018 
vn -0.312923 -0.907575 0.279975 
vn -0.287678 -0.907575 0.305857 
vn -0.2603 -0.907575 0.329471 
vn -0.230992 -0.907575 0.350642 
vn -0.199971 -0.907575 0.369213 
vn -0.167468 -0.907575 0.385047 
vn -0.133723 -0.907575 0.398026 
vn -0.0989865 -0.907575 0.408055 
vn -0.0635163 -0.907575 0.415057 
vn -0.0275751 -0.907575 0.418983 
vn 0.00857049 -0.907575 0.419802 
vn 0.0446526 -0.907575 0.417508 
vn 0.0804036 -0.907575 0.412119 
vn 0.115558 -0.907575 0.403675 
vn 0.149857 -0.907575 0.392237 
vn 0.183044 -0.907575 0.377891 
vn 0.214873 -0.907575 0.360744 
vn 0.24511 -0.907575 0.340922 
vn 0.27353 -0.907575 0.318572 
vn 0.299921 -0.907575 0.293861 
vn 0.324089 -0.907575 0.26697 
vn 0.345854 -0.907575 0.238101 
vn 0.365055 -0.907575 0.207465 
vn 0.381549 -0.907575 0.175292 
vn 0.395214 -0.907575 0.141819 
vn 0.405949 -0.907575 0.107295 
vn 0.413674 -0.907575 0.0719749 
vn 0.418333 -0.907575 0.0361214 
vn 0.419889 -0.907575 2.08167e-16 
vn 0.418333 -0.907575 -0.0361214 
vn 0.413674 -0.907575 -0.0719749 
vn 0.405949 -0.907575 -0.107295 
vn 0.395214 -0.907575 -0.141819 
vn 0.381549 -0.907575 -0.175292 
vn 0.365055 -0.907575 -0.207465 
vn 0.345854 -0.907575 -0.238101 
vn 0.324089 -0.907575 -0.26697 
vn 0.299921 -0.907575 -0.293861 
vn 0.27353 -0.907575 -0.318572 
vn 0.24511 -0.907575 -0.340922 
vn 0.214873 -0.907575 -0.360744 
vn 0.183044 -0.907575 -0.377891 
vn 0.149857 -0.907575 -0.392237 
vn 0.115558 -0.907575 -0.403675 
vn 0.0804036 -0.907575 -0.412119 
vn 0.0446526 -0.907575 -0.417508 
vn 0.00857049 -0.907575 -0.419802 
vn -0.0275751 -0.907575 -0.418983 
vn -0.0635163 -0.907575 -0.415057 
vn -0.0989865 -0.907575 -0.408055 
vn -0.133723 -0.907575 -0.398026 
vn -0.167468 -0.907575 -0.385047 
vn -0.199971 -0.907575 -0.369213 
vn -0.230992 -0.907575 -0.350642 
vn -0.2603 -0.907575 -0.329471 
vn -0.287678 -0.907575 -0.305857 
vn -0.312923 -0.907575 -0.279975 
vn -0.335848 -0.907575 -0.252018 
vn -0.356283 -0.907575 -0.222192 
vn -0.374077 -0.907575 -0.190719 
vn -0.389097 -0.907575 -0.157831 
vn -0.401232 -0.907575 -0.123774 
vn -0.410392 -0.907575 -0.0887987 
vn -0.41651 -0.907575 -0.0531652 
vn -0.41651 -0.907575 0.0531652 
vn -0.503893 -0.856857 0.10903 
vn -0.492646 -0.856857 0.151974 
vn -0.477746 -0.856857 0.193791 
vn -0.459304 -0.856857 0.234171 
vn -0.437456 -0.856857 0.272815 
vn -0.412365 -0.856857 0.309436 
vn -0.384217 -0.856857 0.343763 
vn -0.35322 -0.856857 0.375541 
vn -0.319605 -0.856857 0.404535 
vn -0.283619 -0.856857 0.43053 
vn -0.245531 -0.856857 0.453332 
vn -0.205622 -0.856857 0.472774 
vn -0.164189 -0.856857 0.48871 
vn -0.121539 -0.856857 0.501023 
vn -0.0779874 -0.856857 0.509621 
vn -0.0338576 -0.856857 0.514441 
vn 0.0105231 -0.856857 0.515446 
vn 0.0548259 -0.856857 0.51263 
vn 0.0987222 -0.856857 0.506014 
vn 0.141887 -0.856857 0.495645 
vn 0.183999 -0.856857 0.481602 
vn 0.224747 -0.856857 0.463988 
vn 0.263829 -0.856857 0.442934 
vn 0.300955 -0.856857 0.418595 
vn 0.335849 -0.856857 0.391154 
vn 0.368253 -0.856857 0.360812 
vn 0.397927 -0.856857 0.327795 
vn 0.424651 -0.856857 0.292348 
vn 0.448226 -0.856857 0.254733 
vn 0.468478 -0.856857 0.21523 
vn 0.485257 -0.856857 0.17413 
vn 0.498438 -0.856857 0.13174 
vn 0.507923 -0.856857 0.0883732 
vn 0.513643 -0.856857 0.044351 
vn 0.515554 -0.856857 2.56739e-16 
vn 0.513643 -0.856857 -0.044351 
vn 0.507923 -0.856857 -0.0883732 
vn 0.498438 -0.856857 -0.13174 
vn 0.485257 -0.856857 -0.17413 
vn 0.468478 -0.856857 -0.21523 
vn 0.448226 -0.856857 -0.254733 
vn 0.424651 -0.856857 -0.292348 
vn 0.397927 -0.856857 -0.327795 
vn 0.368253 -0.856857 -0.360812 
vn 0.335849 -0.856857 -0.391154 
vn 0.300955 -0.856857 -0.418595 
vn 0.263829 -0.856857 -0.442934 
vn 0.224747 -0.856857 -0.463988 
vn 0.183999 -0.856857 -0.481602 
vn 0.141887 -0.856857 -0.495645 
vn 0.0987222 -0.856857 -0.506014 
vn 0.0548259 -0.856857 -0.51263 
vn 0.0105231 -0.856857 -0.515446 
vn -0.0338576 -0.856857 -0.514441 
vn -0.0779874 -0.856857 -0.509621 
vn -0.121539 -0.856857 -0.501023 
vn -0.164189 -0.856857 -0.48871 
vn -0.205622 -0.856857 -0.472774 
vn -0.245531 -0.856857 -0.453332 
vn -0.283619 -0.856857 -0.43053 
vn -0.319605 -0.856857 -0.404535 
vn -0.35322 -0.856857 -0.375541 
vn -0.384217 -0.856857 -0.343763 
vn -0.412365 -0.856857 -0.309436 
vn -0.437456 -0.856857 -0.272815 
vn -0.459304 -0.856857 -0.234171 
vn -0.477746 -0.856857 -0.193791 
vn -0.492646 -0.856857 -0.151974 
vn -0.503893 -0.856857 -0.10903 
vn -0.511405 -0.856857 -0.0652779 
vn -0.511405 -0.856857 0.0652779 
vn -0.591486 -0.796093 0.127983 
vn -0.578284 -0.796093 0.178392 
vn -0.560794 -0.796093 0.227478 
vn -0.539146 -0.796093 0.274877 
vn -0.513501 -0.796093 0.320239 
vn -0.484048 -0.796093 0.363226 
vn -0.451007 -0.796093 0.40352 
vn -0.414622 -0.796093 0.440823 
vn -0.375162 -0.796093 0.474857 
vn -0.332922 -0.796093 0.50537 
vn -0.288212 -0.796093 0.532137 
vn -0.241366 -0.796093 0.554958 
vn -0.192731 -0.796093 0.573664 
vn -0.142666 -0.796093 0.588117 
vn -0.0915442 -0.796093 0.59821 
vn -0.0397432 -0.796093 0.603868 
vn 0.0123524 -0.796093 0.605048 
vn 0.0643565 -0.796093 0.601743 
vn 0.115883 -0.796093 0.593975 
vn 0.166551 -0.796093 0.581805 
vn 0.215984 -0.796093 0.56532 
vn 0.263815 -0.796093 0.544644 
vn 0.309691 -0.796093 0.51993 
vn 0.35327 -0.796093 0.491361 
vn 0.394231 -0.796093 0.459149 
vn 0.432268 -0.796093 0.423533 
vn 0.4671 -0.796093 0.384777 
vn 0.49847 -0.796093 0.343168 
vn 0.526143 -0.796093 0.299014 
vn 0.549915 -0.796093 0.252644 
vn 0.569611 -0.796093 0.2044 
vn 0.585083 -0.796093 0.154641 
vn 0.596217 -0.796093 0.103735 
vn 0.602931 -0.796093 0.0520607 
vn 0.605174 -0.796093 2.94903e-16 
vn 0.602931 -0.796093 -0.0520607 
vn 0.596217 -0.796093 -0.103735 
vn 0.585083 -0.796093 -0.154641 
vn 0.569611 -0.796093 -0.2044 
vn 0.549915 -0.796093 -0.252644 
vn 0.526143 -0.796093 -0.299014 
vn 0.49847 -0.796093 -0.343168 
vn 0.4671 -0.796093 -0.384777 
vn 0.432268 -0.796093 -0.423533 
vn 0.394231 -0.796093 -0.459149 
vn 0.35327 -0.796093 -0.491361 
vn 0.309691 -0.796093 -0.51993 
vn 0.263815 -0.796093 -0.544644 
vn 0.215984 -0.796093 -0.56532 
vn 0.166551 -0.796093 -0.581805 
vn 0.115883 -0.796093 -0.593975 
vn 0.0643565 -0.796093 -0.601743 
vn 0.0123524 -0.796093 -0.605048 
vn -0.0397432 -0.796093 -0.603868 
vn -0.0915442 -0.796093 -0.59821 
vn -0.142666 -0.796093 -0.588117 
vn -0.192731 -0.796093 -0.573664 
vn -0.241366 -0.796093 -0.554958 
vn -0.288212 -0.796093 -0.532137 
vn -0.332922 -0.796093 -0.50537 
vn -0.375162 -0.796093 -0.474857 
vn -0.414622 -0.796093 -0.440823 
vn -0.451007 -0.796093 -0.40352 
vn -0.484048 -0.796093 -0.363226 
vn -0.513501 -0.796093 -0.320239 
vn -0.539146 -0.796093 -0.274877 
vn -0.560794 -0.796093 -0.227478 
vn -0.578284 -0.796093 -0.178392 
vn -0.591486 -0.796093 -0.127983 
vn -0.600304 -0.796093 -0.0766254 
vn -0.600304 -0.796093 0.0766254 
vn -0.672145 -0.725995 0.145436 
vn -0.657142 -0.725995 0.202718 
vn -0.637267 -0.725995 0.258498 
vn -0.612667 -0.725995 0.312361 
vn -0.583525 -0.725995 0.363909 
vn -0.550056 -0.725995 0.412758 
vn -0.512509 -0.725995 0.458547 
vn -0.471162 -0.725995 0.500936 
vn -0.426322 -0.725995 0.539611 
vn -0.378321 -0.725995 0.574286 
vn -0.327515 -0.725995 0.604702 
vn -0.274281 -0.725995 0.630635 
vn -0.219013 -0.725995 0.651893 
vn -0.162121 -0.725995 0.668317 
vn -0.104028 -0.725995 0.679786 
vn -0.0451629 -0.725995 0.686215 
vn 0.0140369 -0.725995 0.687556 
vn 0.0731325 -0.725995 0.6838 
vn 0.131686 -0.725995 0.674974 
vn 0.189263 -0.725995 0.661143 
vn 0.245437 -0.725995 0.642411 
vn 0.299791 -0.725995 0.618915 
vn 0.351922 -0.725995 0.590831 
vn 0.401445 -0.725995 0.558366 
vn 0.44799 -0.725995 0.521762 
vn 0.491215 -0.725995 0.481289 
vn 0.530797 -0.725995 0.437247 
vn 0.566444 -0.725995 0.389964 
vn 0.597891 -0.725995 0.339789 
vn 0.624905 -0.725995 0.287096 
vn 0.647286 -0.725995 0.232273 
vn 0.664868 -0.725995 0.175729 
vn 0.677521 -0.725995 0.117881 
vn 0.68515 -0.725995 0.05916 
vn 0.687699 -0.725995 3.33067e-16 
vn 0.68515 -0.725995 -0.05916 
vn 0.677521 -0.725995 -0.117881 
vn 0.664868 -0.725995 -0.175729 
vn 0.647286 -0.725995 -0.232273 
vn 0.624905 -0.725995 -0.287096 
vn 0.597891 -0.725995 -0.339789 
vn 0.566444 -0.725995 -0.389964 
vn 0.530797 -0.725995 -0.437247 
vn 0.491215 -0.725995 -0.481289 
vn 0.44799 -0.725995 -0.521762 
vn 0.401445 -0.725995 -0.558366 
vn 0.351922 -0.725995 -0.590831 
vn 0.299791 -0.725995 -0.618915 
vn 0.245437 -0.725995 -0.642411 
vn 0.189263 -0.725995 -0.661143 
vn 0.131686 -0.725995 -0.674974 
vn 0.0731325 -0.725995 -0.6838 
vn 0.0140369 -0.725995 -0.687556 
vn -0.0451629 -0.725995 -0.686215 
vn -0.104028 -0.725995 -0.679786 
vn -0.162121 -0.725995 -0.668317 
vn -0.219013 -0.725995 -0.651893 
vn -0.274281 -0.725995 -0.630635 
vn -0.327515 -0.725995 -0.604702 
vn -0.378321 -0.725995 -0.574286 
vn -0.426322 -0.725995 -0.539611 
vn -0.471162 -0.725995 -0.500936 
vn -0.512509 -0.725995 -0.458547 
vn -0.550056 -0.725995 -0.412758 
vn -0.583525 -0.725995 -0.363909 
vn -0.612667 -0.725995 -0.312361 
vn -0.637267 -0.725995 -0.258498 
vn -0.657142 -0.725995 -0.202718 
vn -0.672145 -0.725995 -0.145436 
vn -0.682165 -0.725995 -0.0870745 
vn -0.682165 -0.725995 0.0870745 
vn -0.744924 -0.647386 0.161183 
vn -0.728296 -0.647386 0.224668 
vn -0.706269 -0.647386 0.286488 
vn -0.679005 -0.647386 0.346183 
vn -0.646707 -0.647386 0.403312 
vn -0.609615 -0.647386 0.45745 
vn -0.568002 -0.647386 0.508197 
vn -0.522178 -0.647386 0.555176 
vn -0.472483 -0.647386 0.598039 
vn -0.419285 -0.647386 0.636468 
vn -0.362977 -0.647386 0.670178 
vn -0.303979 -0.647386 0.698919 
vn -0.242727 -0.647386 0.722478 
vn -0.179675 -0.647386 0.740681 
vn -0.115292 -0.647386 0.753392 
vn -0.050053 -0.647386 0.760517 
vn 0.0155567 -0.647386 0.762003 
vn 0.0810511 -0.647386 0.75784 
vn 0.145945 -0.647386 0.748058 
vn 0.209756 -0.647386 0.73273 
vn 0.272012 -0.647386 0.711969 
vn 0.332252 -0.647386 0.68593 
vn 0.390028 -0.647386 0.654805 
vn 0.444912 -0.647386 0.618825 
vn 0.496498 -0.647386 0.578257 
vn 0.544402 -0.647386 0.533401 
vn 0.588271 -0.647386 0.484591 
vn 0.627777 -0.647386 0.432188 
vn 0.662629 -0.647386 0.376581 
vn 0.692569 -0.647386 0.318182 
vn 0.717373 -0.647386 0.257423 
vn 0.736859 -0.647386 0.194756 
vn 0.750881 -0.647386 0.130645 
vn 0.759337 -0.647386 0.0655657 
vn 0.762162 -0.647386 3.747e-16 
vn 0.759337 -0.647386 -0.0655657 
vn 0.750881 -0.647386 -0.130645 
vn 0.736859 -0.647386 -0.194756 
vn 0.717373 -0.647386 -0.257423 
vn 0.692569 -0.647386 -0.318182 
vn 0.662629 -0.647386 -0.376581 
vn 0.627777 -0.647386 -0.432188 
vn 0.588271 -0.647386 -0.484591 
vn 0.544402 -0.647386 -0.533401 
vn 0.496498 -0.647386 -0.578257 
vn 0.444912 -0.647386 -0.618825 
vn 0.390028 -0.647386 -0.654805 
vn 0.332252 -0.647386 -0.68593 
vn 0.272012 -0.647386 -0.711969 
vn 0.209756 -0.647386 -0.73273 
vn 0.145945 -0.647386 -0.748058 
vn 0.0810511 -0.647386 -0.75784 
vn 0.0155567 -0.647386 -0.762003 
vn -0.050053 -0.647386 -0.760517 
vn -0.115292 -0.647386 -0.753392 
vn -0.179675 -0.647386 -0.740681 
vn -0.242727 -0.647386 -0.722478 
vn -0.303979 -0.647386 -0.698919 
vn -0.362977 -0.647386 -0.670178 
vn -0.419285 -0.647386 -0.636468 
vn -0.472483 -0.647386 -0.598039 
vn -0.522178 -0.647386 -0.555176 
vn -0.568002 -0.647386 -0.508197 
vn -0.609615 -0.647386 -0.45745 
vn -0.646707 -0.647386 -0.403312 
vn -0.679005 -0.647386 -0.346183 
vn -0.706269 -0.647386 -0.286488 
vn -0.728296 -0.647386 -0.224668 
vn -0.744924 -0.647386 -0.161183 
vn -0.756028 -0.647386 -0.0965028 
vn -0.756028 -0.647386 0.0965028 
vn -0.808968 -0.561187 0.175041 
vn -0.790911 -0.561187 0.243984 
vn -0.76699 -0.561187 0.311119 
vn -0.737383 -0.561187 0.375946 
vn -0.702308 -0.561187 0.437987 
vn -0.662026 -0.561187 0.49678 
vn -0.616836 -0.561187 0.55189 
vn -0.567073 -0.561187 0.602908 
vn -0.513105 -0.561187 0.649456 
vn -0.455333 -0.561187 0.691188 
vn -0.394185 -0.561187 0.727796 
vn -0.330114 -0.561187 0.759009 
vn -0.263596 -0.561187 0.784593 
vn -0.195123 -0.561187 0.804361 
vn -0.125204 -0.561187 0.818164 
vn -0.0543563 -0.561187 0.825902 
vn 0.0168942 -0.561187 0.827517 
vn 0.0880195 -0.561187 0.822996 
vn 0.158492 -0.561187 0.812373 
vn 0.22779 -0.561187 0.795727 
vn 0.295398 -0.561187 0.773181 
vn 0.360817 -0.561187 0.744903 
vn 0.42356 -0.561187 0.711102 
vn 0.483163 -0.561187 0.672028 
vn 0.539184 -0.561187 0.627972 
vn 0.591207 -0.561187 0.579261 
vn 0.638847 -0.561187 0.526254 
vn 0.68175 -0.561187 0.469346 
vn 0.719599 -0.561187 0.408958 
vn 0.752112 -0.561187 0.345537 
vn 0.779049 -0.561187 0.279555 
vn 0.80021 -0.561187 0.2115 
vn 0.815438 -0.561187 0.141878 
vn 0.824621 -0.561187 0.0712027 
vn 0.827689 -0.561187 4.02456e-16 
vn 0.824621 -0.561187 -0.0712027 
vn 0.815438 -0.561187 -0.141878 
vn 0.80021 -0.561187 -0.2115 
vn 0.779049 -0.561187 -0.279555 
vn 0.752112 -0.561187 -0.345537 
vn 0.719599 -0.561187 -0.408958 
vn 0.68175 -0.561187 -0.469346 
vn 0.638847 -0.561187 -0.526254 
vn 0.591207 -0.561187 -0.579261 
vn 0.539184 -0.561187 -0.627972 
vn 0.483163 -0.561187 -0.672028 
vn 0.42356 -0.561187 -0.711102 
vn 0.360817 -0.561187 -0.744903 
vn 0.295398 -0.561187 -0.773181 
vn 0.22779 -0.561187 -0.795727 
vn 0.158492 -0.561187 -0.812373 
vn 0.0880195 -0.561187 -0.822996 
vn 0.0168942 -0.561187 -0.827517 
vn -0.0543563 -0.561187 -0.825902 
vn -0.125204 -0.561187 -0.818164 
vn -0.195123 -0.561187 -0.804361 
vn -0.263596 -0.561187 -0.784593 
vn -0.330114 -0.561187 -0.759009 
vn -0.394185 -0.561187 -0.727796 
vn -0.455333 -0.561187 -0.691188 
vn -0.513105 -0.561187 -0.649456 
vn -0.567073 -0.561187 -0.602908 
vn -0.616836 -0.561187 -0.55189 
vn -0.662026 -0.561187 -0.49678 
vn -0.702308 -0.561187 -0.437987 
vn -0.737383 -0.561187 -0.375946 
vn -0.76699 -0.561187 -0.311119 
vn -0.790911 -0.561187 -0.243984 
vn -0.808968 -0.561187 -0.175041 
vn -0.821027 -0.561187 -0.1048 
vn -0.821027 -0.561187 0.1048 
vn -0.863529 -0.468408 0.186846 
vn -0.844254 -0.468408 0.26044 
vn -0.81872 -0.468408 0.332102 
vn -0.787115 -0.468408 0.401302 
vn -0.749675 -0.468408 0.467527 
vn -0.706676 -0.468408 0.530285 
vn -0.658438 -0.468408 0.589112 
vn -0.605319 -0.468408 0.64357 
vn -0.547711 -0.468408 0.693258 
vn -0.486042 -0.468408 0.737805 
vn -0.42077 -0.468408 0.776882 
vn -0.352378 -0.468408 0.810199 
vn -0.281374 -0.468408 0.83751 
vn -0.208283 -0.468408 0.85861 
vn -0.133648 -0.468408 0.873345 
vn -0.0580223 -0.468408 0.881605 
vn 0.0180337 -0.468408 0.883328 
vn 0.0939559 -0.468408 0.878502 
vn 0.169182 -0.468408 0.867163 
vn 0.243153 -0.468408 0.849394 
vn 0.315321 -0.468408 0.825328 
vn 0.385152 -0.468408 0.795142 
vn 0.452127 -0.468408 0.759062 
vn 0.51575 -0.468408 0.717353 
vn 0.575549 -0.468408 0.670326 
vn 0.631081 -0.468408 0.618329 
vn 0.681934 -0.468408 0.561747 
vn 0.727731 -0.468408 0.501001 
vn 0.768132 -0.468408 0.43654 
vn 0.802838 -0.468408 0.368842 
vn 0.831592 -0.468408 0.29841 
vn 0.85418 -0.468408 0.225765 
vn 0.870435 -0.468408 0.151446 
vn 0.880237 -0.468408 0.076005 
vn 0.883512 -0.468408 4.30211e-16 
vn 0.880237 -0.468408 -0.076005 
vn 0.870435 -0.468408 -0.151446 
vn 0.85418 -0.468408 -0.225765 
vn 0.831592 -0.468408 -0.29841 
vn 0.802838 -0.468408 -0.368842 
vn 0.768132 -0.468408 -0.43654 
vn 0.727731 -0.468408 -0.501001 
vn 0.681934 -0.468408 -0.561747 
vn 0.631081 -0.468408 -0.618329 
vn 0.575549 -0.468408 -0.670326 
vn 0.51575 -0.468408 -0.717353 
vn 0.452127 -0.468408 -0.759062 
vn 0.385152 -0.468408 -0.795142 
vn 0.315321 -0.468408 -0.825328 
vn 0.243153 -0.468408 -0.849394 
vn 0.169182 -0.468408 -0.867163 
vn 0.0939559 -0.468408 -0.878502 
vn 0.0180337 -0.468408 -0.883328 
vn -0.0580223 -0.468408 -0.881605 
vn -0.133648 -0.468408 -0.873345 
vn -0.208283 -0.468408 -0.85861 
vn -0.281374 -0.468408 -0.83751 
vn -0.352378 -0.468408 -0.810199 
vn -0.42077 -0.468408 -0.776882 
vn -0.486042 -0.468408 -0.737805 
vn -0.547711 -0.468408 -0.693258 
vn -0.605319 -0.468408 -0.64357 
vn -0.658438 -0.468408 -0.589112 
vn -0.706676 -0.468408 -0.530285 
vn -0.749675 -0.468408 -0.467527 
vn -0.787115 -0.468408 -0.401302 
vn -0.81872 -0.468408 -0.332102 
vn -0.844254 -0.468408 -0.26044 
vn -0.863529 -0.468408 -0.186846 
vn -0.876401 -0.468408 -0.111868 
vn -0.876401 -0.468408 0.111868 
vn -0.907965 -0.370138 0.196461 
vn -0.887698 -0.370138 0.273842 
vn -0.86085 -0.370138 0.349191 
vn -0.827619 -0.370138 0.421952 
vn -0.788252 -0.370138 0.491585 
vn -0.743041 -0.370138 0.557573 
vn -0.692321 -0.370138 0.619427 
vn -0.636468 -0.370138 0.676688 
vn -0.575896 -0.370138 0.728932 
vn -0.511054 -0.370138 0.775772 
vn -0.442422 -0.370138 0.81686 
vn -0.370511 -0.370138 0.851892 
vn -0.295853 -0.370138 0.880607 
vn -0.219001 -0.370138 0.902794 
vn -0.140526 -0.370138 0.918287 
vn -0.0610081 -0.370138 0.926971 
vn 0.0189616 -0.370138 0.928783 
vn 0.0987908 -0.370138 0.923709 
vn 0.177888 -0.370138 0.911786 
vn 0.255665 -0.370138 0.893103 
vn 0.331548 -0.370138 0.867798 
vn 0.404972 -0.370138 0.83606 
vn 0.475393 -0.370138 0.798122 
vn 0.54229 -0.370138 0.754267 
vn 0.605166 -0.370138 0.70482 
vn 0.663556 -0.370138 0.650147 
vn 0.717025 -0.370138 0.590654 
vn 0.765179 -0.370138 0.526782 
vn 0.807659 -0.370138 0.459004 
vn 0.844151 -0.370138 0.387822 
vn 0.874385 -0.370138 0.313766 
vn 0.898135 -0.370138 0.237383 
vn 0.915227 -0.370138 0.15924 
vn 0.925533 -0.370138 0.0799161 
vn 0.928977 -0.370138 4.57967e-16 
vn 0.925533 -0.370138 -0.0799161 
vn 0.915227 -0.370138 -0.15924 
vn 0.898135 -0.370138 -0.237383 
vn 0.874385 -0.370138 -0.313766 
vn 0.844151 -0.370138 -0.387822 
vn 0.807659 -0.370138 -0.459004 
vn 0.765179 -0.370138 -0.526782 
vn 0.717025 -0.370138 -0.590654 
vn 0.663556 -0.370138 -0.650147 
vn 0.605166 -0.370138 -0.70482 
vn 0.54229 -0.370138 -0.754267 
vn 0.475393 -0.370138 -0.798122 
vn 0.404972 -0.370138 -0.83606 
vn 0.331548 -0.370138 -0.867798 
vn 0.255665 -0.370138 -0.893103 
vn 0.177888 -0.370138 -0.911786 
vn 0.0987908 -0.370138 -0.923709 
vn 0.0189616 -0.370138 -0.928783 
vn -0.0610081 -0.370138 -0.926971 
vn -0.140526 -0.370138 -0.918287 
vn -0.219001 -0.370138 -0.902794 
vn -0.295853 -0.370138 -0.880607 
vn -0.370511 -0.370138 -0.851892 
vn -0.442422 -0.370138 -0.81686 
vn -0.511054 -0.370138 -0.775772 
vn -0.575896 -0.370138 -0.728932 
vn -0.636468 -0.370138 -0.676688 
vn -0.692321 -0.370138 -0.619427 
vn -0.743041 -0.370138 -0.557573 
vn -0.788252 -0.370138 -0.491585 
vn -0.827619 -0.370138 -0.421952 
vn -0.86085 -0.370138 -0.349191 
vn -0.887698 -0.370138 -0.273842 
vn -0.907965 -0.370138 -0.196461 
vn -0.9215 -0.370138 -0.117624 
vn -0.9215 -0.370138 0.117624 
vn -0.941756 -0.267528 0.203773 
vn -0.920736 -0.267528 0.284033 
vn -0.892888 -0.267528 0.362187 
vn -0.858421 -0.267528 0.437656 
vn -0.817588 -0.267528 0.50988 
vn -0.770695 -0.267528 0.578324 
vn -0.718087 -0.267528 0.64248 
vn -0.660155 -0.267528 0.701872 
vn -0.597328 -0.267528 0.75606 
vn -0.530073 -0.267528 0.804643 
vn -0.458888 -0.267528 0.847261 
vn -0.3843 -0.267528 0.883596 
vn -0.306864 -0.267528 0.91338 
vn -0.227152 -0.267528 0.936392 
vn -0.145755 -0.267528 0.952462 
vn -0.0632786 -0.267528 0.96147 
vn 0.0196673 -0.267528 0.963349 
vn 0.102467 -0.267528 0.958086 
vn 0.184508 -0.267528 0.94572 
vn 0.26518 -0.267528 0.926341 
vn 0.343887 -0.267528 0.900095 
vn 0.420043 -0.267528 0.867175 
vn 0.493086 -0.267528 0.827825 
vn 0.562472 -0.267528 0.782338 
vn 0.627689 -0.267528 0.731051 
vn 0.688251 -0.267528 0.674343 
vn 0.743711 -0.267528 0.612636 
vn 0.793656 -0.267528 0.546387 
vn 0.837718 -0.267528 0.476086 
vn 0.875568 -0.267528 0.402256 
vn 0.906926 -0.267528 0.325443 
vn 0.931561 -0.267528 0.246217 
vn 0.949289 -0.267528 0.165166 
vn 0.959978 -0.267528 0.0828903 
vn 0.96355 -0.267528 4.78784e-16 
vn 0.959978 -0.267528 -0.0828903 
vn 0.949289 -0.267528 -0.165166 
vn 0.931561 -0.267528 -0.246217 
vn 0.906926 -0.267528 -0.325443 
vn 0.875568 -0.267528 -0.402256 
vn 0.837718 -0.267528 -0.476086 
vn 0.793656 -0.267528 -0.546387 
vn 0.743711 -0.267528 -0.612636 
vn 0.688251 -0.267528 -0.674343 
vn 0.627689 -0.267528 -0.731051 
vn 0.562472 -0.267528 -0.782338 
vn 0.493086 -0.267528 -0.827825 
vn 0.420043 -0.267528 -0.867175 
vn 0.343887 -0.267528 -0.900095 
vn 0.26518 -0.267528 -0.926341 
vn 0.184508 -0.267528 -0.94572 
vn 0.102467 -0.267528 -0.958086 
vn 0.0196673 -0.267528 -0.963349 
vn -0.0632786 -0.267528 -0.96147 
vn -0.145755 -0.267528 -0.952462 
vn -0.227152 -0.267528 -0.936392 
vn -0.306864 -0.267528 -0.91338 
vn -0.3843 -0.267528 -0.883596 
vn -0.458888 -0.267528 -0.847261 
vn -0.530073 -0.267528 -0.804643 
vn -0.597328 -0.267528 -0.75606 
vn -0.660155 -0.267528 -0.701872 
vn -0.718087 -0.267528 -0.64248 
vn -0.770695 -0.267528 -0.578324 
vn -0.817588 -0.267528 -0.50988 
vn -0.858421 -0.267528 -0.437656 
vn -0.892888 -0.267528 -0.362187 
vn -0.920736 -0.267528 -0.284033 
vn -0.941756 -0.267528 -0.203773 
vn -0.955795 -0.267528 -0.122002 
vn -0.955795 -0.267528 0.122002 
vn -0.964507 -0.161782 0.208695 
vn -0.942978 -0.161782 0.290894 
vn -0.914458 -0.161782 0.370937 
vn -0.879157 -0.161782 0.448229 
vn -0.837339 -0.161782 0.522197 
vn -0.789312 -0.161782 0.592294 
vn -0.735434 -0.161782 0.658 
vn -0.676102 -0.161782 0.718827 
vn -0.611758 -0.161782 0.774325 
vn -0.542878 -0.161782 0.824081 
vn -0.469973 -0.161782 0.867728 
vn -0.393584 -0.161782 0.904941 
vn -0.314276 -0.161782 0.935445 
vn -0.232639 -0.161782 0.959013 
vn -0.149276 -0.161782 0.975471 
vn -0.0648072 -0.161782 0.984696 
vn 0.0201424 -0.161782 0.986621 
vn 0.104943 -0.161782 0.981231 
vn 0.188965 -0.161782 0.968565 
vn 0.271586 -0.161782 0.948719 
vn 0.352194 -0.161782 0.921838 
vn 0.43019 -0.161782 0.888123 
vn 0.504997 -0.161782 0.847823 
vn 0.57606 -0.161782 0.801237 
vn 0.642852 -0.161782 0.748711 
vn 0.704877 -0.161782 0.690634 
vn 0.761677 -0.161782 0.627436 
vn 0.812829 -0.161782 0.559586 
vn 0.857954 -0.161782 0.487587 
vn 0.896719 -0.161782 0.411973 
vn 0.928835 -0.161782 0.333305 
vn 0.954065 -0.161782 0.252165 
vn 0.972221 -0.161782 0.169156 
vn 0.983168 -0.161782 0.0848927 
vn 0.986827 -0.161782 4.78784e-16 
vn 0.983168 -0.161782 -0.0848927 
vn 0.972221 -0.161782 -0.169156 
vn 0.954065 -0.161782 -0.252165 
vn 0.928835 -0.161782 -0.333305 
vn 0.896719 -0.161782 -0.411973 
vn 0.857954 -0.161782 -0.487587 
vn 0.812829 -0.161782 -0.559586 
vn 0.761677 -0.161782 -0.627436 
vn 0.704877 -0.161782 -0.690634 
vn 0.642852 -0.161782 -0.748711 
vn 0.57606 -0.161782 -0.801237 
vn 0.504997 -0.161782 -0.847823 
vn 0.43019 -0.161782 -0.888123 
vn 0.352194 -0.161782 -0.921838 
vn 0.271586 -0.161782 -0.948719 
vn 0.188965 -0.161782 -0.968565 
vn 0.104943 -0.161782 -0.981231 
vn 0.0201424 -0.161782 -0.986621 
vn -0.0648072 -0.161782 -0.984696 
vn -0.149276 -0.161782 -0.975471 
vn -0.232639 -0.161782 -0.959013 
vn -0.314276 -0.161782 -0.935445 
vn -0.393584 -0.161782 -0.904941 
vn -0.469973 -0.161782 -0.867728 
vn -0.542878 -0.161782 -0.824081 
vn -0.611758 -0.161782 -0.774325 
vn -0.676102 -0.161782 -0.718827 
vn -0.735434 -0.161782 -0.658 
vn -0.789312 -0.161782 -0.592294 
vn -0.837339 -0.161782 -0.522197 
vn -0.879157 -0.161782 -0.448229 
vn -0.914458 -0.161782 -0.370937 
vn -0.942978 -0.161782 -0.290894 
vn -0.964507 -0.161782 -0.208695 
vn -0.978884 -0.161782 -0.124949 
vn -0.978884 -0.161782 0.124949 
vn -0.975949 -0.0541389 0.211171 
vn -0.954164 -0.0541389 0.294345 
vn -0.925306 -0.0541389 0.375337 
vn -0.889587 -0.0541389 0.453546 
vn -0.847273 -0.0541389 0.528392 
vn -0.798676 -0.0541389 0.599321 
vn -0.744158 -0.0541389 0.665806 
vn -0.684123 -0.0541389 0.727355 
vn -0.619015 -0.0541389 0.783511 
vn -0.549318 -0.0541389 0.833857 
vn -0.475549 -0.0541389 0.878022 
vn -0.398253 -0.0541389 0.915677 
vn -0.318005 -0.0541389 0.946542 
vn -0.235399 -0.0541389 0.97039 
vn -0.151047 -0.0541389 0.987043 
vn -0.0655761 -0.0541389 0.996378 
vn 0.0203814 -0.0541389 0.998325 
vn 0.106188 -0.0541389 0.992871 
vn 0.191207 -0.0541389 0.980056 
vn 0.274808 -0.0541389 0.959974 
vn 0.356372 -0.0541389 0.932774 
vn 0.435294 -0.0541389 0.898659 
vn 0.510988 -0.0541389 0.857881 
vn 0.582894 -0.0541389 0.810743 
vn 0.650478 -0.0541389 0.757593 
vn 0.713239 -0.0541389 0.698827 
vn 0.770712 -0.0541389 0.634879 
vn 0.822471 -0.0541389 0.566224 
vn 0.868132 -0.0541389 0.493371 
vn 0.907357 -0.0541389 0.41686 
vn 0.939854 -0.0541389 0.337259 
vn 0.965383 -0.0541389 0.255157 
vn 0.983754 -0.0541389 0.171163 
vn 0.994832 -0.0541389 0.0858998 
vn 0.998533 -0.0541389 4.92661e-16 
vn 0.994832 -0.0541389 -0.0858998 
vn 0.983754 -0.0541389 -0.171163 
vn 0.965383 -0.0541389 -0.255157 
vn 0.939854 -0.0541389 -0.337259 
vn 0.907357 -0.0541389 -0.41686 
vn 0.868132 -0.0541389 -0.493371 
vn 0.822471 -0.0541389 -0.566224 
vn 0.770712 -0.0541389 -0.634879 
vn 0.713239 -0.0541389 -0.698827 
vn 0.650478 -0.0541389 -0.757593 
vn 0.582894 -0.0541389 -0.810743 
vn 0.510988 -0.0541389 -0.857881 
vn 0.435294 -0.0541389 -0.898659 
vn 0.356372 -0.0541389 -0.932774 
vn 0.274808 -0.0541389 -0.959974 
vn 0.191207 -0.0541389 -0.980056 
vn 0.106188 -0.0541389 -0.992871 
vn 0.0203814 -0.0541389 -0.998325 
vn -0.0655761 -0.0541389 -0.996378 
vn -0.151047 -0.0541389 -0.987043 
vn -0.235399 -0.0541389 -0.97039 
vn -0.318005 -0.0541389 -0.946542 
vn -0.398253 -0.0541389 -0.915677 
vn -0.475549 -0.0541389 -0.878022 
vn -0.549318 -0.0541389 -0.833857 
vn -0.619015 -0.0541389 -0.783511 
vn -0.684123 -0.0541389 -0.727355 
vn -0.744158 -0.0541389 -0.665806 
vn -0.798676 -0.0541389 -0.599321 
vn -0.847273 -0.0541389 -0.528392 
vn -0.889587 -0.0541389 -0.453546 
vn -0.925306 -0.0541389 -0.375337 
vn -0.954164 -0.0541389 -0.294345 
vn -0.975949 -0.0541389 -0.211171 
vn -0.990497 -0.0541389 -0.126431 
vn -0.990497 -0.0541389 0.126431 
vn -0.975949 0.0541389 0.211171 
vn -0.954164 0.0541389 0.294345 
vn -0.925306 0.0541389 0.375337 
vn -0.889587 0.0541389 0.453546 
vn -0.847273 0.0541389 0.528392 
vn -0.798676 0.0541389 0.599321 
vn -0.744158 0.0541389 0.665806 
vn -0.684123 0.0541389 0.727355 
vn -0.619015 0.0541389 0.783511 
vn -0.549318 0.0541389 0.833857 
vn -0.475549 0.0541389 0.878022 
vn -0.398253 0.0541389 0.915677 
vn -0.318005 0.0541389 0.946542 
vn -0.235399 0.0541389 0.97039 
vn -0.151047 0.0541389 0.987043 
vn -0.0655761 0.0541389 0.996378 
vn 0.0203814 0.0541389 0.998325 
vn 0.106188 0.0541389 0.992871 
vn 0.191207 0.0541389 0.980056 
vn 0.274808 0.0541389 0.959974 
vn 0.356372 0.0541389 0.932774 
vn 0.435294 0.0541389 0.898659 
vn 0.510988 0.0541389 0.857881 
vn 0.582894 0.0541389 0.810743 
vn 0.650478 0.0541389 0.757593 
vn 0.713239 0.0541389 0.698827 
vn 0.770712 0.0541389 0.634879 
vn 0.822471 0.0541389 0.566224 
vn 0.868132 0.0541389 0.493371 
vn 0.907357 0.0541389 0.41686 
vn 0.939854 0.0541389 0.337259 
vn 0.965383 0.0541389 0.255157 
vn 0.983754 0.0541389 0.171163 
vn 0.994832 0.0541389 0.0858998 
vn 0.998533 0.0541389 4.92661e-16 
vn 0.994832 0.0541389 -0.0858998 
vn 0.983754 0.0541389 -0.171163 
vn 0.965383 0.0541389 -0.255157 
vn 0.939854 0.0541389 -0.337259 
vn 0.907357 0.0541389 -0.41686 
vn 0.868132 0.0541389 -0.493371 
vn 0.822471 0.0541389 -0.566224 
vn 0.770712 0.0541389 -0.634879 
vn 0.713239 0.0541389 -0.698827 
vn 0.650478 0.0541389 -0.757593 
vn 0.582894 0.0541389 -0.810743 
vn 0.510988 0.0541389 -0.857881 
vn 0.435294 0.0541389 -0.898659 
vn 0.356372 0.0541389 -0.932774 
vn 0.274808 0.0541389 -0.959974 
vn 0.191207 0.0541389 -0.980056 
vn 0.106188 0.0541389 -0.992871 
vn 0.0203814 0.0541389 -0.998325 
vn -0.0655761 0.0541389 -0.996378 
vn -0.151047 0.0541389 -0.987043 
vn -0.235399 0.0541389 -0.97039 
vn -0.318005 0.0541389 -0.946542 
vn -0.398253 0.0541389 -0.915677 
vn -0.475549 0.0541389 -0.878022 
vn -0.549318 0.0541389 -0.833857 
vn -0.619015 0.0541389 -0.783511 
vn -0.684123 0.0541389 -0.727355 
vn -0.744158 0.0541389 -0.665806 
vn -0.798676 0.0541389 -0.599321 
vn -0.847273 0.0541389 -0.528392 
vn -0.889587 0.0541389 -0.453546 
vn -0.925306 0.0541389 -0.375337 
vn -0.954164 0.0541389 -0.294345 
vn -0.975949 0.0541389 -0.211171 
vn -0.990497 0.0541389 -0.126431 
vn -0.990497 0.0541389 0.126431 
vn -0.964507 0.161782 0.208695 
vn -0.942978 0.161782 0.290894 
vn -0.914458 0.161782 0.370937 
vn -0.879157 0.161782 0.448229 
vn -0.837339 0.161782 0.522197 
vn -0.789312 0.161782 0.592294 
vn -0.735434 0.161782 0.658 
vn -0.676102 0.161782 0.718827 
vn -0.611758 0.161782 0.774325 
vn -0.542878 0.161782 0.824081 
vn -0.469973 0.161782 0.867728 
vn -0.393584 0.161782 0.904941 
vn -0.314276 0.161782 0.935445 
vn -0.232639 0.161782 0.959013 
vn -0.149276 0.161782 0.975471 
vn -0.0648072 0.161782 0.984696 
vn 0.0201424 0.161782 0.986621 
vn 0.104943 0.161782 0.981231 
vn 0.188965 0.161782 0.968565 
vn 0.271586 0.161782 0.948719 
vn 0.352194 0.161782 0.921838 
vn 0.43019 0.161782 0.888123 
vn 0.504997 0.161782 0.847823 
vn 0.57606 0.161782 0.801237 
vn 0.642852 0.161782 0.748711 
vn 0.704877 0.161782 0.690634 
vn 0.761677 0.161782 0.627436 
vn 0.812829 0.161782 0.559586 
vn 0.857954 0.161782 0.487587 
vn 0.896719 0.161782 0.411973 
vn 0.928835 0.161782 0.333305 
vn 0.954065 0.161782 0.252165 
vn 0.972221 0.161782 0.169156 
vn 0.983168 0.161782 0.0848927 
vn 0.986827 0.161782 4.78784e-16 
vn 0.983168 0.161782 -0.0848927 
vn 0.972221 0.161782 -0.169156 
vn 0.954065 0.161782 -0.252165 
vn 0.928835 0.161782 -0.333305 
vn 0.896719 0.161782 -0.411973 
vn 0.857954 0.161782 -0.487587 
vn 0.812829 0.161782 -0.559586 
vn 0.761677 0.161782 -0.627436 
vn 0.704877 0.161782 -0.690634 
vn 0.642852 0.161782 -0.748711 
vn 0.57606 0.161782 -0.801237 
vn 0.504997 0.161782 -0.847823 
vn 0.43019 0.161782 -0.888123 
vn 0.352194 0.161782 -0.921838 
vn 0.271586 0.161782 -0.948719 
vn 0.188965 0.161782 -0.968565 
vn 0.104943 0.161782 -0.981231 
vn 0.0201424 0.161782 -0.986621 
vn -0.0648072 0.161782 -0.984696 
vn -0.149276 0.161782 -0.975471 
vn -0.232639 0.161782 -0.959013 
vn -0.314276 0.161782 -0.935445 
vn -0.393584 0.161782 -0.904941 
vn -0.469973 0.161782 -0.867728 
vn -0.542878 0.161782 -0.824081 
vn -0.611758 0.161782 -0.774325 
vn -0.676102 0.161782 -0.718827 
vn -0.735434 0.161782 -0.658 
vn -0.789312 0.161782 -0.592294 
vn -0.837339 0.161782 -0.522197 
vn -0.879157 0.161782 -0.448229 
vn -0.914458 0.161782 -0.370937 
vn -0.942978 0.161782 -0.290894 
vn -0.964507 0.161782 -0.208695 
vn -0.978884 0.161782 -0.124949 
vn -0.978884 0.161782 0.124949 
vn -0.941756 0.267528 0.203773 
vn -0.920736 0.267528 0.284033 
vn -0.892888 0.267528 0.362187 
vn -0.858421 0.267528 0.437656 
vn -0.817588 0.267528 0.50988 
vn -0.770695 0.267528 0.578324 
vn -0.718087 0.267528 0.64248 
vn -0.660155 0.267528 0.701872 
vn -0.597328 0.267528 0.75606 
vn -0.530073 0.267528 0.804643 
vn -0.458888 0.267528 0.847261 
vn -0.3843 0.267528 0.883596 
vn -0.306864 0.267528 0.91338 
vn -0.227152 0.267528 0.936392 
vn -0.145755 0.267528 0.952462 
vn -0.0632786 0.267528 0.96147 
vn 0.0196673 0.267528 0.963349 
vn 0.102467 0.267528 0.958086 
vn 0.184508 0.267528 0.94572 
vn 0.26518 0.267528 0.926341 
vn 0.343887 0.267528 0.900095 
vn 0.420043 0.267528 0.867175 
vn 0.493086 0.267528 0.827825 
vn 0.562472 0.267528 0.782338 
vn 0.627689 0.267528 0.731051 
vn 0.688251 0.267528 0.674343 
vn 0.743711 0.267528 0.612636 
vn 0.793656 0.267528 0.546387 
vn 0.837718 0.267528 0.476086 
vn 0.875568 0.267528 0.402256 
vn 0.906926 0.267528 0.325443 
vn 0.931561 0.267528 0.246217 
vn 0.949289 0.267528 0.165166 
vn 0.959978 0.267528 0.0828903 
vn 0.96355 0.267528 4.78784e-16 
vn 0.959978 0.267528 -0.0828903 
vn 0.949289 0.267528 -0.165166 
vn 0.931561 0.267528 -0.246217 
vn 0.906926 0.267528 -0.325443 
vn 0.875568 0.267528 -0.402256 
vn 0.837718 0.267528 -0.476086 
vn 0.793656 0.267528 -0.546387 
vn 0.743711 0.267528 -0.612636 
vn 0.688251 0.267528 -0.674343 
vn 0.627689 0.267528 -0.731051 
vn 0.562472 0.267528 -0.782338 
vn 0.493086 0.267528 -0.827825 
vn 0.420043 0.267528 -0.867175 
vn 0.343887 0.267528 -0.900095 
vn 0.26518 0.267528 -0.926341 
vn 0.184508 0.267528 -0.94572 
vn 0.102467 0.267528 -0.958086 
vn 0.0196673 0.267528 -0.963349 
vn -0.0632786 0.267528 -0.96147 
vn -0.145755 0.267528 -0.952462 
vn -0.227152 0.267528 -0.936392 
vn -0.306864 0.267528 -0.91338 
vn -0.3843 0.267528 -0.883596 
vn -0.458888 0.267528 -0.847261 
vn -0.530073 0.267528 -0.804643 
vn -0.597328 0.267528 -0.75606 
vn -0.660155 0.267528 -0.701872 
vn -0.718087 0.267528 -0.64248 
vn -0.770695 0.267528 -0.578324 
vn -0.817588 0.267528 -0.50988 
vn -0.858421 0.267528 -0.437656 
vn -0.892888 0.267528 -0.362187 
vn -0.920736 0.267528 -0.284033 
vn -0.941756 0.267528 -0.203773 
vn -0.955795 0.267528 -0.122002 
vn -0.955795 0.267528 0.122002 
vn -0.907965 0.370138 0.196461 
vn -0.887698 0.370138 0.273842 
vn -0.86085 0.370138 0.349191 
vn -0.827619 0.370138 0.421952 
vn -0.788252 0.370138 0.491585 
vn -0.743041 0.370138 0.557573 
vn -0.692321 0.370138 0.619427 
vn -0.636468 0.370138 0.676688 
vn -0.575896 0.370138 0.728932 
vn -0.511054 0.370138 0.775772 
vn -0.442422 0.370138 0.81686 
vn -0.370511 0.370138 0.851892 
vn -0.295853 0.370138 0.880607 
vn -0.219001 0.370138 0.902794 
vn -0.140526 0.370138 0.918287 
vn -0.0610081 0.370138 0.926971 
vn 0.0189616 0.370138 0.928783 
vn 0.0987908 0.370138 0.923709 
vn 0.177888 0.370138 0.911786 
vn 0.255665 0.370138 0.893103 
vn 0.331548 0.370138 0.867798 
vn 0.404972 0.370138 0.83606 
vn 0.475393 0.370138 0.798122 
vn 0.54229 0.370138 0.754267 
vn 0.605166 0.370138 0.70482 
vn 0.663556 0.370138 0.650147 
vn 0.717025 0.370138 0.590654 
vn 0.765179 0.370138 0.526782 
vn 0.807659 0.370138 0.459004 
vn 0.844151 0.370138 0.387822 
vn 0.874385 0.370138 0.313766 
vn 0.898135 0.370138 0.237383 
vn 0.915227 0.370138 0.15924 
vn 0.925533 0.370138 0.0799161 
vn 0.928977 0.370138 4.57967e-16 
vn 0.925533 0.370138 -0.0799161 
vn 0.915227 0.370138 -0.15924 
vn 0.898135 0.370138 -0.237383 
vn 0.874385 0.370138 -0.313766 
vn 0.844151 0.370138 -0.387822 
vn 0.807659 0.370138 -0.459004 
vn 0.765179 0.370138 -0.526782 
vn 0.717025 0.370138 -0.590654 
vn 0.663556 0.370138 -0.650147 
vn 0.605166 0.370138 -0.70482 
vn 0.54229 0.370138 -0.754267 
vn 0.475393 0.370138 -0.798122 
vn 0.404972 0.370138 -0.83606 
vn 0.331548 0.370138 -0.867798 
vn 0.255665 0.370138 -0.893103 
vn 0.177888 0.370138 -0.911786 
vn 0.0987908 0.370138 -0.923709 
vn 0.0189616 0.370138 -0.928783 
vn -0.0610081 0.370138 -0.926971 
vn -0.140526 0.370138 -0.918287 
vn -0.219001 0.370138 -0.902794 
vn -0.295853 0.370138 -0.880607 
vn -0.370511 0.370138 -0.851892 
vn -0.442422 0.370138 -0.81686 
vn -0.511054 0.370138 -0.775772 
vn -0.575896 0.370138 -0.728932 
vn -0.636468 0.370138 -0.676688 
vn -0.692321 0.370138 -0.619427 
vn -0.743041 0.370138 -0.557573 
vn -0.788252 0.370138 -0.491585 
vn -0.827619 0.370138 -0.421952 
vn -0.86085 0.370138 -0.349191 
vn -0.887698 0.370138 -0.273842 
vn -0.907965 0.370138 -0.196461 
vn -0.9215 0.370138 -0.117624 
vn -0.9215 0.370138 0.117624 
vn -0.863529 0.468408 0.186846 
vn -0.844254 0.468408 0.26044 
vn -0.81872 0.468408 0.332102 
vn -0.787115 0.468408 0.401302 
vn -0.749675 0.468408 0.467527 
vn -0.706676 0.468408 0.530285 
vn -0.658438 0.468408 0.589112 
vn -0.605319 0.468408 0.64357 
vn -0.547711 0.468408 0.693258 
vn -0.486042 0.468408 0.737805 
vn -0.42077 0.468408 0.776882 
vn -0.352378 0.468408 0.810199 
vn -0.281374 0.468408 0.83751 
vn -0.208283 0.468408 0.85861 
vn -0.133648 0.468408 0.873345 
vn -0.0580223 0.468408 0.881605 
vn 0.0180337 0.468408 0.883328 
vn 0.0939559 0.468408 0.878502 
vn 0.169182 0.468408 0.867163 
vn 0.243153 0.468408 0.849394 
vn 0.315321 0.468408 0.825328 
vn 0.385152 0.468408 0.795142 
vn 0.452127 0.468408 0.759062 
vn 0.51575 0.468408 0.717353 
vn 0.575549 0.468408 0.670326 
vn 0.631081 0.468408 0.618329 
vn 0.681934 0.468408 0.561747 
vn 0.727731 0.468408 0.501001 
vn 0.768132 0.468408 0.43654 
vn 0.802838 0.468408 0.368842 
vn 0.831592 0.468408 0.29841 
vn 0.85418 0.468408 0.225765 
vn 0.870435 0.468408 0.151446 
vn 0.880237 0.468408 0.076005 
vn 0.883512 0.468408 4.30211e-16 
vn 0.880237 0.468408 -0.076005 
vn 0.870435 0.468408 -0.151446 
vn 0.85418 0.468408 -0.225765 
vn 0.831592 0.468408 -0.29841 
vn 0.802838 0.468408 -0.368842 
vn 0.768132 0.468408 -0.43654 
vn 0.727731 0.468408 -0.501001 
vn 0.681934 0.468408 -0.561747 
vn 0.631081 0.468408 -0.618329 
vn 0.575549 0.468408 -0.670326 
vn 0.51575 0.468408 -0.717353 
vn 0.452127 0.468408 -0.759062 
vn 0.385152 0.468408 -0.795142 
vn 0.315321 0.468408 -0.825328 
vn 0.243153 0.468408 -0.849394 
vn 0.169182 0.468408 -0.867163 
vn 0.0939559 0.468408 -0.878502 
vn 0.0180337 0.468408 -0.883328 
vn -0.0580223 0.468408 -0.881605 
vn -0.133648 0.468408 -0.873345 
vn -0.208283 0.468408 -0.85861 
vn -0.281374 0.468408 -0.83751 
vn -0.352378 0.468408 -0.810199 
vn -0.42077 0.468408 -0.776882 
vn -0.486042 0.468408 -0.737805 
vn -0.547711 0.468408 -0.693258 
vn -0.605319 0.468408 -0.64357 
vn -0.658438 0.468408 -0.589112 
vn -0.706676 0.468408 -0.530285 
vn -0.749675 0.468408 -0.467527 
vn -0.787115 0.468408 -0.401302 
vn -0.81872 0.468408 -0.332102 
vn -0.844254 0.468408 -0.26044 
vn -0.863529 0.468408 -0.186846 
vn -0.876401 0.468408 -0.111868 
vn -0.876401 0.468408 0.111868 
vn -0.808968 0.561187 0.175041 
vn -0.790911 0.561187 0.243984 
vn -0.76699 0.561187 0.311119 
vn -0.737383 0.561187 0.375946 
vn -0.702308 0.561187 0.437987 
vn -0.662026 0.561187 0.49678 
vn -0.616836 0.561187 0.55189 
vn -0.567073 0.561187 0.602908 
vn -0.513105 0.561187 0.649456 
vn -0.455333 0.561187 0.691188 
vn -0.394185 0.561187 0.727796 
vn -0.330114 0.561187 0.759009 
vn -0.263596 0.561187 0.784593 
vn -0.195123 0.561187 0.804361 
vn -0.125204 0.561187 0.818164 
vn -0.0543563 0.561187 0.825902 
vn 0.0168942 0.561187 0.827517 
vn 0.0880195 0.561187 0.822996 
vn 0.158492 0.561187 0.812373 
vn 0.22779 0.561187 0.795727 
vn 0.295398 0.561187 0.773181 
vn 0.360817 0.561187 0.744903 
vn 0.42356 0.561187 0.711102 
vn 0.483163 0.561187 0.672028 
vn 0.539184 0.561187 0.627972 
vn 0.591207 0.561187 0.579261 
vn 0.638847 0.561187 0.526254 
vn 0.68175 0.561187 0.469346 
vn 0.719599 0.561187 0.408958 
vn 0.752112 0.561187 0.345537 
vn 0.779049 0.561187 0.279555 
vn 0.80021 0.561187 0.2115 
vn 0.815438 0.561187 0.141878 
vn 0.824621 0.561187 0.0712027 
vn 0.827689 0.561187 4.02456e-16 
vn 0.824621 0.561187 -0.0712027 
vn 0.815438 0.561187 -0.141878 
vn 0.80021 0.561187 -0.2115 
vn 0.779049 0.561187 -0.279555 
vn 0.752112 0.561187 -0.345537 
vn 0.719599 0.561187 -0.408958 
vn 0.68175 0.561187 -0.469346 
vn 0.638847 0.561187 -0.526254 
vn 0.591207 0.561187 -0.579261 
vn 0.539184 0.561187 -0.627972 
vn 0.483163 0.561187 -0.672028 
vn 0.42356 0.561187 -0.711102 
vn 0.360817 0.561187 -0.744903 
vn 0.295398 0.561187 -0.773181 
vn 0.22779 0.561187 -0.795727 
vn 0.158492 0.561187 -0.812373 
vn 0.0880195 0.561187 -0.822996 
vn 0.0168942 0.561187 -0.827517 
vn -0.0543563 0.561187 -0.825902 
vn -0.125204 0.561187 -0.818164 
vn -0.195123 0.561187 -0.804361 
vn -0.263596 0.561187 -0.784593 
vn -0.330114 0.561187 -0.759009 
vn -0.394185 0.561187 -0.727796 
vn -0.455333 0.561187 -0.691188 
vn -0.513105 0.561187 -0.649456 
vn -0.567073 0.561187 -0.602908 
vn -0.616836 0.561187 -0.55189 
vn -0.662026 0.561187 -0.49678 
vn -0.702308 0.561187 -0.437987 
vn -0.737383 0.561187 -0.375946 
vn -0.76699 0.561187 -0.311119 
vn -0.790911 0.561187 -0.243984 
vn -0.808968 0.561187 -0.175041 
vn -0.821027 0.561187 -0.1048 
vn -0.821027 0.561187 0.1048 
vn -0.744924 0.647386 0.161183 
vn -0.728296 0.647386 0.224668 
vn -0.706269 0.647386 0.286488 
vn -0.679005 0.647386 0.346183 
vn -0.646707 0.647386 0.403312 
vn -0.609615 0.647386 0.45745 
vn -0.568002 0.647386 0.508197 
vn -0.522178 0.647386 0.555176 
vn -0.472483 0.647386 0.598039 
vn -0.419285 0.647386 0.636468 
vn -0.362977 0.647386 0.670178 
vn -0.303979 0.647386 0.698919 
vn -0.242727 0.647386 0.722478 
vn -0.179675 0.647386 0.740681 
vn -0.115292 0.647386 0.753392 
vn -0.050053 0.647386 0.760517 
vn 0.0155567 0.647386 0.762003 
vn 0.0810511 0.647386 0.75784 
vn 0.145945 0.647386 0.748058 
vn 0.209756 0.647386 0.73273 
vn 0.272012 0.647386 0.711969 
vn 0.332252 0.647386 0.68593 
vn 0.390028 0.647386 0.654805 
vn 0.444912 0.647386 0.618825 
vn 0.496498 0.647386 0.578257 
vn 0.544402 0.647386 0.533401 
vn 0.588271 0.647386 0.484591 
vn 0.627777 0.647386 0.432188 
vn 0.662629 0.647386 0.376581 
vn 0.692569 0.647386 0.318182 
vn 0.717373 0.647386 0.257423 
vn 0.736859 0.647386 0.194756 
vn 0.750881 0.647386 0.130645 
vn 0.759337 0.647386 0.0655657 
vn 0.762162 0.647386 3.747e-16 
vn 0.759337 0.647386 -0.0655657 
vn 0.750881 0.647386 -0.130645 
vn 0.736859 0.647386 -0.194756 
vn 0.717373 0.647386 -0.257423 
vn 0.692569 0.647386 -0.318182 
vn 0.662629 0.647386 -0.376581 
vn 0.627777 0.647386 -0.432188 
vn 0.588271 0.647386 -0.484591 
vn 0.544402 0.647386 -0.533401 
vn 0.496498 0.647386 -0.578257 
vn 0.444912 0.647386 -0.618825 
vn 0.390028 0.647386 -0.654805 
vn 0.332252 0.647386 -0.68593 
vn 0.272012 0.647386 -0.711969 
vn 0.209756 0.647386 -0.73273 
vn 0.145945 0.647386 -0.748058 
vn 0.0810511 0.647386 -0.75784 
vn 0.0155567 0.647386 -0.762003 
vn -0.050053 0.647386 -0.760517 
vn -0.115292 0.647386 -0.753392 
vn -0.179675 0.647386 -0.740681 
vn -0.242727 0.647386 -0.722478 
vn -0.303979 0.647386 -0.698919 
vn -0.362977 0.647386 -0.670178 
vn -0.419285 0.647386 -0.636468 
vn -0.472483 0.647386 -0.598039 
vn -0.522178 0.647386 -0.555176 
vn -0.568002 0.647386 -0.508197 
vn -0.609615 0.647386 -0.45745 
vn -0.646707 0.647386 -0.403312 
vn -0.679005 0.647386 -0.346183 
vn -0.706269 0.647386 -0.286488 
vn -0.728296 0.647386 -0.224668 
vn -0.744924 0.647386 -0.161183 
vn -0.756028 0.647386 -0.0965028 
vn -0.756028 0.647386 0.0965028 
vn -0.672145 0.725995 0.145436 
vn -0.657142 0.725995 0.202718 
vn -0.637267 0.725995 0.258498 
vn -0.612667 0.725995 0.312361 
vn -0.583525 0.725995 0.363909 
vn -0.550056 0.725995 0.412758 
vn -0.512509 0.725995 0.458547 
vn -0.471162 0.725995 0.500936 
vn -0.426322 0.725995 0.539611 
vn -0.378321 0.725995 0.574286 
vn -0.327515 0.725995 0.604702 
vn -0.274281 0.725995 0.630635 
vn -0.219013 0.725995 0.651893 
vn -0.162121 0.725995 0.668317 
vn -0.104028 0.725995 0.679786 
vn -0.0451629 0.725995 0.686215 
vn 0.0140369 0.725995 0.687556 
vn 0.0731325 0.725995 0.6838 
vn 0.131686 0.725995 0.674974 
vn 0.189263 0.725995 0.661143 
vn 0.245437 0.725995 0.642411 
vn 0.299791 0.725995 0.618915 
vn 0.351922 0.725995 0.590831 
vn 0.401445 0.725995 0.558366 
vn 0.44799 0.725995 0.521762 
vn 0.491215 0.725995 0.481289 
vn 0.530797 0.725995 0.437247 
vn 0.566444 0.725995 0.389964 
vn 0.597891 0.725995 0.339789 
vn 0.624905 0.725995 0.287096 
vn 0.647286 0.725995 0.232273 
vn 0.664868 0.725995 0.175729 
vn 0.677521 0.725995 0.117881 
vn 0.68515 0.725995 0.05916 
vn 0.687699 0.725995 3.33067e-16 
vn 0.68515 0.725995 -0.05916 
vn 0.677521 0.725995 -0.117881 
vn 0.664868 0.725995 -0.175729 
vn 0.647286 0.725995 -0.232273 
vn 0.624905 0.725995 -0.287096 
vn 0.597891 0.725995 -0.339789 
vn 0.566444 0.725995 -0.389964 
vn 0.530797 0.725995 -0.437247 
vn 0.491215 0.725995 -0.481289 
vn 0.44799 0.725995 -0.521762 
vn 0.401445 0.725995 -0.558366 
vn 0.351922 0.725995 -0.590831 
vn 0.299791 0.725995 -0.618915 
vn 0.245437 0.725995 -0.642411 
vn 0.189263 0.725995 -0.661143 
vn 0.131686 0.725995 -0.674974 
vn 0.0731325 0.725995 -0.6838 
vn 0.0140369 0.725995 -0.687556 
vn -0.0451629 0.725995 -0.686215 
vn -0.104028 0.725995 -0.679786 
vn -0.162121 0.725995 -0.668317 
vn -0.219013 0.725995 -0.651893 
vn -0.274281 0.725995 -0.630635 
vn -0.327515 0.725995 -0.604702 
vn -0.378321 0.725995 -0.574286 
vn -0.426322 0.725995 -0.539611 
vn -0.471162 0.725995 -0.500936 
vn -0.512509 0.725995 -0.458547 
vn -0.550056 0.725995 -0.412758 
vn -0.583525 0.725995 -0.363909 
vn -0.612667 0.725995 -0.312361 
vn -0.637267 0.725995 -0.258498 
vn -0.657142 0.725995 -0.202718 
vn -0.672145 0.725995 -0.145436 
vn -0.682165 0.725995 -0.0870745 
vn -0.682165 0.725995 0.0870745 
vn -0.591486 0.796093 0.127983 
vn -0.578284 0.796093 0.178392 
vn -0.560794 0.796093 0.227478 
vn -0.539146 0.796093 0.274877 
vn -0.513501 0.796093 0.320239 
vn -0.484048 0.796093 0.363226 
vn -0.451007 0.796093 0.40352 
vn -0.414622 0.796093 0.440823 
vn -0.375162 0.796093 0.474857 
vn -0.332922 0.796093 0.50537 
vn -0.288212 0.796093 0.532137 
vn -0.241366 0.796093 0.554958 
vn -0.192731 0.796093 0.573664 
vn -0.142666 0.796093 0.588117 
vn -0.0915442 0.796093 0.59821 
vn -0.0397432 0.796093 0.603868 
vn 0.0123524 0.796093 0.605048 
vn 0.0643565 0.796093 0.601743 
vn 0.115883 0.796093 0.593975 
vn 0.166551 0.796093 0.581805 
vn 0.215984 0.796093 0.56532 
vn 0.263815 0.796093 0.544644 
vn 0.309691 0.796093 0.51993 
vn 0.35327 0.796093 0.491361 
vn 0.394231 0.796093 0.459149 
vn 0.432268 0.796093 0.423533 
vn 0.4671 0.796093 0.384777 
vn 0.49847 0.796093 0.343168 
vn 0.526143 0.796093 0.299014 
vn 0.549915 0.796093 0.252644 
vn 0.569611 0.796093 0.2044 
vn 0.585083 0.796093 0.154641 
vn 0.596217 0.796093 0.103735 
vn 0.602931 0.796093 0.0520607 
vn 0.605174 0.796093 2.94903e-16 
vn 0.602931 0.796093 -0.0520607 
vn 0.596217 0.796093 -0.103735 
vn 0.585083 0.796093 -0.154641 
vn 0.569611 0.796093 -0.2044 
vn 0.549915 0.796093 -0.252644 
vn 0.526143 0.796093 -0.299014 
vn 0.49847 0.796093 -0.343168 
vn 0.4671 0.796093 -0.384777 
vn 0.432268 0.796093 -0.423533 
vn 0.394231 0.796093 -0.459149 
vn 0.35327 0.796093 -0.491361 
vn 0.309691 0.796093 -0.51993 
vn 0.263815 0.796093 -0.544644 
vn 0.215984 0.796093 -0.56532 
vn 0.166551 0.796093 -0.581805 
vn 0.115883 0.796093 -0.593975 
vn 0.0643565 0.796093 -0.601743 
vn 0.0123524 0.796093 -0.605048 
vn -0.0397432 0.796093 -0.603868 
vn -0.0915442 0.796093 -0.59821 
vn -0.142666 0.796093 -0.588117 
vn -0.192731 0.796093 -0.573664 
vn -0.241366 0.796093 -0.554958 
vn -0.288212 0.796093 -0.532137 
vn -0.332922 0.796093 -0.50537 
vn -0.375162 0.796093 -0.474857 
vn -0.414622 0.796093 -0.440823 
vn -0.451007 0.796093 -0.40352 
vn -0.484048 0.796093 -0.363226 
vn -0.513501 0.796093 -0.320239 
vn -0.539146 0.796093 -0.274877 
vn -0.560794 0.796093 -0.227478 
vn -0.578284 0.796093 -0.178392 
vn -0.591486 0.796093 -0.127983 
vn -0.600304 0.796093 -0.0766254 
vn -0.600304 0.796093 0.0766254 
vn -0.503893 0.856857 0.10903 
vn -0.492646 0.856857 0.151974 
vn -0.477746 0.856857 0.193791 
vn -0.459304 0.856857 0.234171 
vn -0.437456 0.856857 0.272815 
vn -0.412365 0.856857 0.309436 
vn -0.384217 0.856857 0.343763 
vn -0.35322 0.856857 0.375541 
vn -0.319605 0.856857 0.404535 
vn -0.283619 0.856857 0.43053 
vn -0.245531 0.856857 0.453332 
vn -0.205622 0.856857 0.472774 
vn -0.164189 0.856857 0.48871 
vn -0.121539 0.856857 0.501023 
vn -0.0779874 0.856857 0.509621 
vn -0.0338576 0.856857 0.514441 
vn 0.0105231 0.856857 0.515446 
vn 0.0548259 0.856857 0.51263 
vn 0.0987222 0.856857 0.506014 
vn 0.141887 0.856857 0.495645 
vn 0.183999 0.856857 0.481602 
vn 0.224747 0.856857 0.463988 
vn 0.263829 0.856857 0.442934 
vn 0.300955 0.856857 0.418595 
vn 0.335849 0.856857 0.391154 
vn 0.368253 0.856857 0.360812 
vn 0.397927 0.856857 0.327795 
vn 0.424651 0.856857 0.292348 
vn 0.448226 0.856857 0.254733 
vn 0.468478 0.856857 0.21523 
vn 0.485257 0.856857 0.17413 
vn 0.498438 0.856857 0.13174 
vn 0.507923 0.856857 0.0883732 
vn 0.513643 0.856857 0.044351 
vn 0.515554 0.856857 2.56739e-16 
vn 0.513643 0.856857 -0.044351 
vn 0.507923 0.856857 -0.0883732 
vn 0.498438 0.856857 -0.13174 
vn 0.485257 0.856857 -0.17413 
vn 0.468478 0.856857 -0.21523 
vn 0.448226 0.856857 -0.254733 
vn 0.424651 0.856857 -0.292348 
vn 0.397927 0.856857 -0.327795 
vn 0.368253 0.856857 -0.360812 
vn 0.335849 0.856857 -0.391154 
vn 0.300955 0.856857 -0.418595 
vn 0.263829 0.856857 -0.442934 
vn 0.224747 0.856857 -0.463988 
vn 0.183999 0.856857 -0.481602 
vn 0.141887 0.856857 -0.495645 
vn 0.0987222 0.856857 -0.506014 
vn 0.0548259 0.856857 -0.51263 
vn 0.0105231 0.856857 -0.515446 
vn -0.0338576 0.856857 -0.514441 
vn -0.0779874 0.856857 -0.509621 
vn -0.121539 0.856857 -0.501023 
vn -0.164189 0.856857 -0.48871 
vn -0.205622 0.856857 -0.472774 
vn -0.245531 0.856857 -0.453332 
vn -0.283619 0.856857 -0.43053 
vn -0.319605 0.856857 -0.404535 
vn -0.35322 0.856857 -0.375541 
vn -0.384217 0.856857 -0.343763 
vn -0.412365 0.856857 -0.309436 
vn -0.437456 0.856857 -0.272815 
vn -0.459304 0.856857 -0.234171 
vn -0.477746 0.856857 -0.193791 
vn -0.492646 0.856857 -0.151974 
vn -0.503893 0.856857 -0.10903 
vn -0.511405 0.856857 -0.0652779 
vn -0.511405 0.856857 0.0652779 
vn -0.410392 0.907575 0.0887987 
vn -0.401232 0.907575 0.123774 
vn -0.389097 0.907575 0.157831 
vn -0.374077 0.907575 0.190719 
vn -0.356283 0.907575 0.222192 
vn -0.335848 0.907575 0.252018 
vn -0.312923 0.907575 0.279975 
vn -0.287678 0.907575 0.305857 
vn -0.2603 0.907575 0.329471 
vn -0.230992 0.907575 0.350642 
vn -0.199971 0.907575 0.369213 
vn -0.167468 0.907575 0.385047 
vn -0.133723 0.907575 0.398026 
vn -0.0989865 0.907575 0.408055 
vn -0.0635163 0.907575 0.415057 
vn -0.0275751 0.907575 0.418983 
vn 0.00857049 0.907575 0.419802 
vn 0.0446526 0.907575 0.417508 
vn 0.0804036 0.907575 0.412119 
vn 0.115558 0.907575 0.403675 
vn 0.149857 0.907575 0.392237 
vn 0.183044 0.907575 0.377891 
vn 0.214873 0.907575 0.360744 
vn 0.24511 0.907575 0.340922 
vn 0.27353 0.907575 0.318572 
vn 0.299921 0.907575 0.293861 
vn 0.324089 0.907575 0.26697 
vn 0.345854 0.907575 0.238101 
vn 0.365055 0.907575 0.207465 
vn 0.381549 0.907575 0.175292 
vn 0.395214 0.907575 0.141819 
vn 0.405949 0.907575 0.107295 
vn 0.413674 0.907575 0.0719749 
vn 0.418333 0.907575 0.0361214 
vn 0.419889 0.907575 2.08167e-16 
vn 0.418333 0.907575 -0.0361214 
vn 0.413674 0.907575 -0.0719749 
vn 0.405949 0.907575 -0.107295 
vn 0.395214 0.907575 -0.141819 
vn 0.381549 0.907575 -0.175292 
vn 0.365055 0.907575 -0.207465 
vn 0.345854 0.907575 -0.238101 
vn 0.324089 0.907575 -0.26697 
vn 0.299921 0.907575 -0.293861 
vn 0.27353 0.907575 -0.318572 
vn 0.24511 0.907575 -0.340922 
vn 0.214873 0.907575 -0.360744 
vn 0.183044 0.907575 -0.377891 
vn 0.149857 0.907575 -0.392237 
vn 0.115558 0.907575 -0.403675 
vn 0.0804036 0.907575 -0.412119 
vn 0.0446526 0.907575 -0.417508 
vn 0.00857049 0.907575 -0.419802 
vn -0.0275751 0.907575 -0.418983 
vn -0.0635163 0.907575 -0.415057 
vn -0.0989865 0.907575 -0.408055 
vn -0.133723 0.907575 -0.398026 
vn -0.167468 0.907575 -0.385047 
vn -0.199971 0.907575 -0.369213 
vn -0.230992 0.907575 -0.350642 
vn -0.2603 0.907575 -0.329471 
vn -0.287678 0.907575 -0.305857 
vn -0.312923 0.907575 -0.279975 
vn -0.335848 0.907575 -0.252018 
vn -0.356283 0.907575 -0.222192 
vn -0.374077 0.907575 -0.190719 
vn -0.389097 0.907575 -0.157831 
vn -0.401232 0.907575 -0.123774 
vn -0.410392 0.907575 -0.0887987 
vn -0.41651 0.907575 -0.0531652 
vn -0.41651 0.907575 0.0531652 
vn -0.31208 0.947653 0.0675263 
vn -0.305114 0.947653 0.0941229 
vn -0.295886 0.947653 0.120022 
vn -0.284464 0.947653 0.145031 
vn -0.270933 0.947653 0.168964 
vn -0.255393 0.947653 0.191645 
vn -0.23796 0.947653 0.212905 
vn -0.218762 0.947653 0.232587 
vn -0.197943 0.947653 0.250544 
vn -0.175656 0.947653 0.266643 
vn -0.152066 0.947653 0.280766 
vn -0.12735 0.947653 0.292806 
vn -0.101689 0.947653 0.302676 
vn -0.0752736 0.947653 0.310302 
vn -0.0483005 0.947653 0.315627 
vn -0.0209693 0.947653 0.318612 
vn 0.00651737 0.947653 0.319235 
vn 0.0339557 0.947653 0.317491 
vn 0.0611423 0.947653 0.313393 
vn 0.0878756 0.947653 0.306971 
vn 0.113957 0.947653 0.298274 
vn 0.139194 0.947653 0.287365 
vn 0.163399 0.947653 0.274325 
vn 0.186392 0.947653 0.259252 
vn 0.208004 0.947653 0.242256 
vn 0.228073 0.947653 0.223464 
vn 0.246451 0.947653 0.203016 
vn 0.263002 0.947653 0.181062 
vn 0.277603 0.947653 0.157766 
vn 0.290146 0.947653 0.1333 
vn 0.300538 0.947653 0.107845 
vn 0.308701 0.947653 0.0815916 
vn 0.314576 0.947653 0.0547328 
vn 0.318118 0.947653 0.0274682 
vn 0.319302 0.947653 1.5786e-16 
vn 0.318118 0.947653 -0.0274682 
vn 0.314576 0.947653 -0.0547328 
vn 0.308701 0.947653 -0.0815916 
vn 0.300538 0.947653 -0.107845 
vn 0.290146 0.947653 -0.1333 
vn 0.277603 0.947653 -0.157766 
vn 0.263002 0.947653 -0.181062 
vn 0.246451 0.947653 -0.203016 
vn 0.228073 0.947653 -0.223464 
vn 0.208004 0.947653 -0.242256 
vn 0.186392 0.947653 -0.259252 
vn 0.163399 0.947653 -0.274325 
vn 0.139194 0.947653 -0.287365 
vn 0.113957 0.947653 -0.298274 
vn 0.0878756 0.947653 -0.306971 
vn 0.0611423 0.947653 -0.313393 
vn 0.0339557 0.947653 -0.317491 
vn 0.00651737 0.947653 -0.319235 
vn -0.0209693 0.947653 -0.318612 
vn -0.0483005 0.947653 -0.315627 
vn -0.0752736 0.947653 -0.310302 
vn -0.101689 0.947653 -0.302676 
vn -0.12735 0.947653 -0.292806 
vn -0.152066 0.947653 -0.280766 
vn -0.175656 0.947653 -0.266643 
vn -0.197943 0.947653 -0.250544 
vn -0.218762 0.947653 -0.232587 
vn -0.23796 0.947653 -0.212905 
vn -0.255393 0.947653 -0.191645 
vn -0.270933 0.947653 -0.168964 
vn -0.284464 0.947653 -0.145031 
vn -0.295886 0.947653 -0.120022 
vn -0.305114 0.947653 -0.0941229 
vn -0.31208 0.947653 -0.0675263 
vn -0.316732 0.947653 -0.040429 
vn -0.316732 0.947653 0.040429 
vn -0.210108 0.976621 0.0454622 
vn -0.205418 0.976621 0.0633685 
vn -0.199206 0.976621 0.0808049 
vn -0.191516 0.976621 0.0976422 
vn -0.182406 0.976621 0.113756 
vn -0.171944 0.976621 0.129025 
vn -0.160207 0.976621 0.143339 
vn -0.147282 0.976621 0.156589 
vn -0.133265 0.976621 0.168679 
vn -0.118261 0.976621 0.179518 
vn -0.102379 0.976621 0.189026 
vn -0.0857384 0.976621 0.197132 
vn -0.068462 0.976621 0.203777 
vn -0.0506781 0.976621 0.208912 
vn -0.0325184 0.976621 0.212497 
vn -0.0141176 0.976621 0.214506 
vn 0.00438783 0.976621 0.214926 
vn 0.0228608 0.976621 0.213751 
vn 0.0411642 0.976621 0.210992 
vn 0.0591624 0.976621 0.206669 
vn 0.076722 0.976621 0.200813 
vn 0.0937127 0.976621 0.193469 
vn 0.110009 0.976621 0.18469 
vn 0.125489 0.976621 0.174542 
vn 0.140039 0.976621 0.163099 
vn 0.153551 0.976621 0.150448 
vn 0.165924 0.976621 0.136681 
vn 0.177067 0.976621 0.1219 
vn 0.186897 0.976621 0.106216 
vn 0.195341 0.976621 0.0897443 
vn 0.202338 0.976621 0.0726071 
vn 0.207834 0.976621 0.0549317 
vn 0.211789 0.976621 0.036849 
vn 0.214174 0.976621 0.018493 
vn 0.21497 0.976621 1.04083e-16 
vn 0.214174 0.976621 -0.018493 
vn 0.211789 0.976621 -0.036849 
vn 0.207834 0.976621 -0.0549317 
vn 0.202338 0.976621 -0.0726071 
vn 0.195341 0.976621 -0.0897443 
vn 0.186897 0.976621 -0.106216 
vn 0.177067 0.976621 -0.1219 
vn 0.165924 0.976621 -0.136681 
vn 0.153551 0.976621 -0.150448 
vn 0.140039 0.976621 -0.163099 
vn 0.125489 0.976621 -0.174542 
vn 0.110009 0.976621 -0.18469 
vn 0.0937127 0.976621 -0.193469 
vn 0.076722 0.976621 -0.200813 
vn 0.0591624 0.976621 -0.206669 
vn 0.0411642 0.976621 -0.210992 
vn 0.0228608 0.976621 -0.213751 
vn 0.00438783 0.976621 -0.214926 
vn -0.0141176 0.976621 -0.214506 
vn -0.0325184 0.976621 -0.212497 
vn -0.0506781 0.976621 -0.208912 
vn -0.068462 0.976621 -0.203777 
vn -0.0857384 0.976621 -0.197132 
vn -0.102379 0.976621 -0.189026 
vn -0.118261 0.976621 -0.179518 
vn -0.133265 0.976621 -0.168679 
vn -0.147282 0.976621 -0.156589 
vn -0.160207 0.976621 -0.143339 
vn -0.171944 0.976621 -0.129025 
vn -0.182406 0.976621 -0.113756 
vn -0.191516 0.976621 -0.0976422 
vn -0.199206 0.976621 -0.0808049 
vn -0.205418 0.976621 -0.0633685 
vn -0.210108 0.976621 -0.0454622 
vn -0.21324 0.976621 -0.0272189 
vn -0.21324 0.976621 0.0272189 
vn -0.105674 0.994138 0.0228652 
vn -0.103315 0.994138 0.0318711 
vn -0.10019 0.994138 0.0406407 
vn -0.0963225 0.994138 0.049109 
vn -0.0917408 0.994138 0.0572132 
vn -0.0864789 0.994138 0.0648931 
vn -0.0805758 0.994138 0.072092 
vn -0.0740753 0.994138 0.0787564 
vn -0.0670256 0.994138 0.0848368 
vn -0.059479 0.994138 0.0902883 
vn -0.0514914 0.994138 0.0950703 
vn -0.043122 0.994138 0.0991475 
vn -0.0344329 0.994138 0.10249 
vn -0.0254885 0.994138 0.105072 
vn -0.0163551 0.994138 0.106875 
vn -0.00710043 0.994138 0.107886 
vn 0.00220685 0.994138 0.108096 
vn 0.0114978 0.994138 0.107506 
vn 0.0207035 0.994138 0.106118 
vn 0.0297556 0.994138 0.103944 
vn 0.0385872 0.994138 0.100999 
vn 0.0471327 0.994138 0.0973049 
vn 0.0553287 0.994138 0.0928895 
vn 0.0631145 0.994138 0.0877854 
vn 0.0704323 0.994138 0.0820305 
vn 0.077228 0.994138 0.0756674 
vn 0.0834511 0.994138 0.0687433 
vn 0.0890554 0.994138 0.0613095 
vn 0.0939995 0.994138 0.0534212 
vn 0.0982466 0.994138 0.0451367 
vn 0.101765 0.994138 0.0365176 
vn 0.10453 0.994138 0.0276278 
vn 0.106519 0.994138 0.0185331 
vn 0.107718 0.994138 0.00930104 
vn 0.108119 0.994138 5.29091e-17 
vn 0.107718 0.994138 -0.00930104 
vn 0.106519 0.994138 -0.0185331 
vn 0.10453 0.994138 -0.0276278 
vn 0.101765 0.994138 -0.0365176 
vn 0.0982466 0.994138 -0.0451367 
vn 0.0939995 0.994138 -0.0534212 
vn 0.0890554 0.994138 -0.0613095 
vn 0.0834511 0.994138 -0.0687433 
vn 0.077228 0.994138 -0.0756674 
vn 0.0704323 0.994138 -0.0820305 
vn 0.0631145 0.994138 -0.0877854 
vn 0.0553287 0.994138 -0.0928895 
vn 0.0471327 0.994138 -0.0973049 
vn 0.0385872 0.994138 -0.100999 
vn 0.0297556 0.994138 -0.103944 
vn 0.0207035 0.994138 -0.106118 
vn 0.0114978 0.994138 -0.107506 
vn 0.00220685 0.994138 -0.108096 
vn -0.00710043 0.994138 -0.107886 
vn -0.0163551 0.994138 -0.106875 
vn -0.0254885 0.994138 -0.105072 
vn -0.0344329 0.994138 -0.10249 
vn -0.043122 0.994138 -0.0991475 
vn -0.0514914 0.994138 -0.0950703 
vn -0.059479 0.994138 -0.0902883 
vn -0.0670256 0.994138 -0.0848368 
vn -0.0740753 0.994138 -0.0787564 
vn -0.0805758 0.994138 -0.072092 
vn -0.0864789 0.994138 -0.0648931 
vn -0.0917408 0.994138 -0.0572132 
vn -0.0963225 0.994138 -0.049109 
vn -0.10019 0.994138 -0.0406407 
vn -0.103315 0.994138 -0.0318711 
vn -0.105674 0.994138 -0.0228652 
vn -0.107249 0.994138 -0.0136897 
vn -0.107249 0.994138 0.0136897 
vn -5.98474e-17 1 1.29495e-17 
vn 0.0184061 0.999822 -0.00405137 
vn 0.0938481 0.995084 -0.0316197 
vn 0.105594 0.993209 -0.0488536 
vn -5.45515e-17 1 2.78125e-17 
vn 0.0612416 0.997443 -0.0368491 
vn 0.0253343 0.999494 -0.0192582 
vn -4.1952e-17 1 4.4603e-17 
vn 0.0757868 0.994537 -0.0717874 
vn 0.0739732 0.99345 -0.0870891 
vn -3.79594e-17 1 4.80467e-17 
vn 0.034711 0.998085 -0.0511964 
vn 0.0205557 0.999037 -0.038771 
vn -1.95008e-17 1 5.80441e-17 
vn 0.0402895 0.994059 -0.101116 
vn 0.0297726 0.993788 -0.107235 
vn -1.44352e-17 1 5.95065e-17 
vn 0.00830151 0.998682 -0.0506411 
vn 0.00297972 0.998485 -0.0549439 
vn 6.51167e-18 1 6.08851e-17 
vn -0.00608477 0.993662 -0.112244 
vn -0.0173803 0.994213 -0.106008 
vn 1.17252e-17 1 6.00992e-17 
vn -0.0106644 0.999205 -0.0384081 
vn -0.0241497 0.997869 -0.0606138 
vn 3.1335e-17 1 5.26072e-17 
vn -0.0539028 0.993356 -0.101673 
vn -0.0576114 0.994717 -0.0849681 
vn 3.57444e-17 1 4.97166e-17 
vn -0.0177951 0.999622 -0.0209497 
vn -0.0541243 0.997217 -0.0512708 
vn 5.04358e-17 1 3.47222e-17 
vn -0.0930277 0.993149 -0.0707184 
vn -0.083109 0.995285 -0.0500035 
vn 5.32359e-17 1 3.02546e-17 
vn -0.0128862 0.999899 -0.00596172 
vn -0.078601 0.996554 -0.0264851 
vn 6.0326e-17 1 1.04961e-17 
vn -0.114991 0.993044 -0.0253117 
vn -0.0898918 0.995904 -0.00977498 
vn 6.10053e-17 1 5.26757e-18 
vn -0.0898918 0.995904 0.00977498 
vn -0.114991 0.993044 0.0253117 
vn 5.91995e-17 1 -1.56468e-17 
vn -0.078601 0.996554 0.0264851 
vn -0.0128862 0.999899 0.00596172 
vn 5.04358e-17 1 -3.47222e-17 
vn -0.083109 0.995285 0.0500035 
vn -0.0930277 0.993149 0.0707184 
vn 4.72618e-17 1 -3.89322e-17 
vn -0.0541243 0.997217 0.0512708 
vn -0.0177951 0.999622 0.0209497 
vn 3.1335e-17 1 -5.26072e-17 
vn -0.0576114 0.994717 0.0849681 
vn -0.0539028 0.993356 0.101673 
vn 2.66932e-17 1 -5.51078e-17 
vn -0.0241497 0.997869 0.0606138 
vn -0.0106644 0.999205 0.0384081 
vn 6.51167e-18 1 -6.08851e-17 
vn -0.0173803 0.994213 0.106008 
vn -0.00608477 0.993662 0.112244 
vn 1.24983e-18 1 -6.12196e-17 
vn 0.00297972 0.998485 0.0549439 
vn 0.00830151 0.998682 0.0506411 
vn -1.95008e-17 1 -5.80441e-17 
vn 0.0297726 0.993788 0.107235 
vn 0.0402895 0.994059 0.101116 
vn -2.44218e-17 1 -5.61514e-17 
vn 0.0205557 0.999037 0.038771 
vn 0.034711 0.998085 0.0511964 
vn -4.1952e-17 1 -4.4603e-17 
vn 0.0739732 0.99345 0.0870891 
vn 0.0757868 0.994537 0.0717874 
vn -4.56335e-17 1 -4.08287e-17 
vn 0.0253343 0.999494 0.0192582 
vn 0.0612416 0.997443 0.0368491 
vn -5.67419e-17 1 -2.30165e-17 
vn 0.105594 0.993209 0.0488536 
vn 0.0938481 0.995084 0.0316197 
vn -5.85115e-17 1 -1.80499e-17 
vn 0.0184061 0.999822 0.00405137 
vn -6.07395e-17 -1 -7.75306e-18 
vn -0.0997484 -0.994982 -0.00781059 
vn -0.107774 -0.99414 -0.0084385 
vn -0.197088 -0.980264 -0.0154208 
vn -0.292079 -0.956121 -0.0228361 
vn -0.318331 -0.947653 -0.0248834 
vn -0.321976 -0.946413 -0.0251676 
vn -0.414816 -0.909328 -0.0324009 
vn -0.502157 -0.863888 -0.0391961 
vn -0.513973 -0.856868 -0.0401148 
vn -0.584163 -0.810356 -0.0455678 
vn -0.603342 -0.796093 -0.0470568 
vn -0.617082 -0.785426 -0.0481232 
vn -0.692236 -0.719652 -0.0539523 
vn -0.759463 -0.647855 -0.0591607 
vn -0.759859 -0.647387 -0.0591914 
vn -0.819008 -0.570228 -0.0637694 
vn -0.841984 -0.535506 -0.0655465 
vn -0.88086 -0.468387 -0.0685525 
vn -0.891041 -0.448595 -0.0693389 
vn -0.930662 -0.358647 -0.0723996 
vn -0.961138 -0.265756 -0.0747526 
vn -0.971299 -0.225547 -0.075537 
vn -0.96065 -0.267524 -0.074715 
vn -0.983859 -0.161765 -0.0765069 
vn -0.988877 -0.127315 -0.0768934 
vn -0.996562 -0.029341 -0.0774863 
vn -0.994657 0.0683858 -0.0773393 
vn -0.99553 -0.0541167 -0.0774072 
vn -0.991038 0.10911 -0.0770601 
vn -0.983856 0.161786 -0.0765067 
vn -0.975247 0.207704 -0.0758416 
vn -0.960645 0.267542 -0.0747153 
vn -0.950189 0.302783 -0.0739075 
vn -0.92617 0.370158 -0.0720533 
vn -0.899619 0.431027 -0.0700017 
vn -0.880853 0.4684 -0.0685521 
vn -0.916145 0.394458 -0.0712784 
vn -0.852192 0.519006 -0.0663359 
vn -0.825191 0.561188 -0.0642482 
vn -0.797144 0.600589 -0.0620777 
vn -0.759852 0.647396 -0.0591912 
vn -0.707454 0.704605 -0.0551318 
vn -0.685635 0.725981 -0.0534409 
vn -0.734704 0.675968 -0.0572431 
vn -0.633594 0.772087 -0.0494045 
vn -0.603352 0.796086 -0.0470578 
vn -0.554623 0.830976 -0.0432735 
vn -0.513992 0.856857 -0.0401163 
vn -0.435683 0.899457 -0.0340252 
vn -0.418636 0.907565 -0.0326984 
vn -0.470697 0.881529 -0.0367496 
vn -0.34361 0.938728 -0.0268541 
vn -0.318351 0.947646 -0.024885 
vn -0.249544 0.968167 -0.019517 
vn -0.21433 0.976617 -0.0167675 
vn -0.114278 0.993409 -0.00894727 
vn -0.107802 0.994137 -0.00844067 
vn -0.153553 0.988067 -0.0120186 
vn -0.0162581 0.999867 -0.0012739 
vn -6.10452e-17 1 -4.78378e-18 
vn 0.0356784 0.999356 0.00388032 
vn -0.0162581 0.999867 0.0012739 
vn 0.0356784 0.999356 -0.00388032 
vn -1.47105e-12 1 1.16226e-13 
vn -0.107802 0.994137 0.00844067 
vn -0.114278 0.993409 0.00894727 
vn -0.153553 0.988067 0.0120186 
vn -0.21433 0.976617 0.0167675 
vn -0.249544 0.968167 0.019517 
vn -0.318351 0.947646 0.024885 
vn -0.34361 0.938728 0.0268541 
vn -0.418636 0.907565 0.0326984 
vn -0.435683 0.899457 0.0340252 
vn -0.470697 0.881529 0.0367496 
vn -0.513992 0.856857 0.0401163 
vn -0.554623 0.830976 0.0432735 
vn -0.603352 0.796086 0.0470578 
vn -0.633594 0.772087 0.0494045 
vn -0.685635 0.725981 0.0534409 
vn -0.707454 0.704605 0.0551318 
vn -0.734704 0.675968 0.0572431 
vn -0.759852 0.647396 0.0591912 
vn -0.797144 0.600589 0.0620777 
vn -0.825191 0.561188 0.0642482 
vn -0.852192 0.519006 0.0663359 
vn -0.880853 0.4684 0.0685521 
vn -0.899619 0.431027 0.0700017 
vn -0.916145 0.394458 0.0712784 
vn -0.92617 0.370158 0.0720533 
vn -0.950189 0.302783 0.0739075 
vn -0.960645 0.267542 0.0747153 
vn -0.975247 0.207704 0.0758416 
vn -0.983856 0.161786 0.0765067 
vn -0.991038 0.10911 0.0770601 
vn -0.996562 -0.029341 0.0774863 
vn -0.994657 0.0683858 0.0773393 
vn -0.988877 -0.127315 0.0768934 
vn -0.983859 -0.161765 0.0765069 
vn -0.99553 -0.0541167 0.0774072 
vn -0.961138 -0.265756 0.0747526 
vn -0.96065 -0.267524 0.074715 
vn -0.971299 -0.225547 0.075537 
vn -0.930662 -0.358647 0.0723996 
vn -0.891041 -0.448595 0.0693389 
vn -0.88086 -0.468387 0.0685525 
vn -0.841984 -0.535506 0.0655465 
vn -0.819008 -0.570228 0.0637694 
vn -0.759859 -0.647387 0.0591914 
vn -0.759463 -0.647855 0.0591607 
vn -0.692236 -0.719652 0.0539523 
vn -0.617082 -0.785426 0.0481232 
vn -0.603342 -0.796093 0.0470568 
vn -0.584163 -0.810356 0.0455678 
vn -0.513973 -0.856868 0.0401148 
vn -0.502157 -0.863888 0.0391961 
vn -0.414816 -0.909328 0.0324009 
vn -0.321976 -0.946413 0.0251676 
vn -0.318331 -0.947653 0.0248834 
vn -0.292079 -0.956121 0.0228361 
vn -0.197088 -0.980264 0.0154208 
vn -0.107774 -0.99414 0.0084385 
vn -0.0997484 -0.994982 0.00781059 
vn -5.55112e-14 -1 5.20417e-15 
vn 1 0 -2.44929e-16 
vn 0.996293 0 -0.086026 
vn 0.994138 0 -0.108119 
vn 0.99332 0 -0.115395 
vn 0.99414 0 -0.108104 
vn 0.985199 0 -0.171414 
vn 0.976621 0 -0.21497 
vn 0.947653 0 -0.319302 
vn 0.966801 0 -0.255531 
vn 0.97662 0 -0.214972 
vn 0.907575 0 -0.419889 
vn 0.941234 0 -0.337754 
vn 0.90869 0 -0.417473 
vn 0.947648 0 -0.319316 
vn 0.907577 0 -0.419885 
vn 0.869407 0 -0.494096 
vn 0.856857 0 -0.515554 
vn 0.856864 0 -0.515542 
vn 0.823679 0 -0.567056 
vn 0.796093 0 -0.605174 
vn 0.725995 0 -0.687699 
vn 0.771844 0 -0.635811 
vn 0.796091 0 -0.605177 
vn 0.647386 0 -0.762162 
vn 0.714287 0 -0.699853 
vn 0.651433 0 -0.758706 
vn 0.725985 0 -0.687711 
vn 0.637817 0 -0.770188 
vn 0.647392 0 -0.762157 
vn 0.58375 0 -0.811933 
vn 0.561187 0 -0.827689 
vn -0.796093 0 -0.605174 
vn -0.799849 0 -0.600201 
vn -0.848517 0 -0.529168 
vn -0.856857 0 -0.515554 
vn -0.796099 0 -0.605167 
vn -0.856849 0 -0.515567 
vn -0.890894 0 -0.454212 
vn -0.907575 0 -0.419889 
vn -0.947653 0 -0.319302 
vn -0.926665 0 -0.375888 
vn -0.907574 0 -0.419893 
vn -0.976621 0 -0.21497 
vn -0.955566 0 -0.294778 
vn -0.947657 0 -0.319289 
vn -0.994138 0 -0.108121 
vn -0.994138 0 -0.108119 
vn -0.99332 0 -0.115395 
vn -0.977382 0 -0.211481 
vn -0.991952 0 -0.126617 
vn -0.976622 0 -0.214965 
vn -0.976621 0 0.21497 
vn -0.99332 0 0.115395 
vn -0.991952 0 0.126617 
vn -0.977382 0 0.211481 
vn -0.994138 0 0.108121 
vn -0.994138 0 0.108119 
vn -0.976622 0 0.214965 
vn -0.955566 0 0.294778 
vn -0.96426 0 0.264959 
vn -0.947653 0 0.319302 
vn -0.947657 0 0.319289 
vn -0.926665 0 0.375888 
vn -0.907575 0 0.419889 
vn -0.856857 0 0.515554 
vn -0.890894 0 0.454212 
vn -0.907574 0 0.419893 
vn -0.796093 0 0.605174 
vn -0.848517 0 0.529168 
vn -0.799849 0 0.600201 
vn -0.856849 0 0.515567 
vn 0.637817 0 0.770188 
vn 0.561187 0 0.827689 
vn 0.58375 0 0.811933 
vn 0.647392 0 0.762157 
vn 0.647386 0 0.762162 
vn 0.561197 0 0.827682 
vn 0.651433 0 0.758706 
vn 0.714287 0 0.699853 
vn 0.725995 0 0.687699 
vn 0.725985 0 0.687711 
vn 0.771844 0 0.635811 
vn 0.796093 0 0.605174 
vn 0.856857 0 0.515554 
vn 0.823679 0 0.567056 
vn 0.796091 0 0.605177 
vn 0.907575 0 0.419889 
vn 0.869407 0 0.494096 
vn 0.856864 0 0.515542 
vn 0.90869 0 0.417473 
vn 0.941234 0 0.337754 
vn 0.947653 0 0.319302 
vn 0.907577 0 0.419885 
vn 0.976621 0 0.21497 
vn 0.96426 0 0.264959 
vn 0.966801 0 0.255531 
vn 0.947648 0 0.319316 
vn 0.99332 0 0.115395 
vn 0.985199 0 0.171414 
vn 0.99414 0 0.108104 
vn 0.994138 0 0.108119 
vn 0.97662 0 0.214972 
vn 0.996293 0 0.086026 
vn -1 0 1.22465e-16 
vn -0.996944 0 -0.078125 
vn -0.996944 0 0.078125 
vn -1 0 1.22465e-16 
vn 0.468408 0 0.883512 
vn 0.468403 0 0.883515 
vn 0.511739 0 0.859141 
vn 0.514375 0 0.857565 
vn 0.370138 0 0.928977 
vn 0.370124 0 0.928982 
vn 0.435933 0 0.899979 
vn 0.267528 0 0.96355 
vn 0.275212 0 0.961384 
vn 0.356896 0 0.934144 
vn 0.267539 0 0.963547 
vn 0.161782 0 0.986827 
vn 0.191488 0 0.981495 
vn 0.161793 0 0.986825 
vn 0.0541389 0 0.998533 
vn 0.106344 0 0.994329 
vn 0.0541307 0 0.998534 
vn -0.0541389 0 0.998533 
vn -0.0541525 0 0.998533 
vn 0.0204113 0 0.999792 
vn -0.161782 0 0.986827 
vn -0.151269 0 0.988493 
vn -0.0656724 0 0.997841 
vn -0.161769 0 0.986829 
vn -0.267528 0 0.96355 
vn -0.235744 0 0.971815 
vn -0.26752 0 0.963552 
vn -0.370138 0 0.928977 
vn -0.370148 0 0.928973 
vn -0.318472 0 0.947932 
vn -0.468408 0 0.883512 
vn -0.468419 0 0.883507 
vn -0.398838 0 0.917021 
vn -0.561187 0 0.827689 
vn -0.550125 0 0.835082 
vn -0.476247 0 0.879311 
vn -0.561175 0 0.827697 
vn -0.647386 0 0.762162 
vn -0.619925 0 0.784661 
vn -0.647381 0 0.762166 
vn -0.725995 0 0.687699 
vn -0.726004 0 0.687691 
vn -0.685128 0 0.728423 
vn -0.796099 0 0.605167 
vn -0.731456 0 0.681889 
vn -0.745251 0 0.666784 
vn -0.726004 0 -0.687691 
vn -0.745251 0 -0.666784 
vn -0.731456 0 -0.681889 
vn -0.725995 0 -0.687699 
vn -0.647386 0 -0.762162 
vn -0.685128 0 -0.728423 
vn -0.647381 0 -0.762166 
vn -0.561187 0 -0.827689 
vn -0.561175 0 -0.827697 
vn -0.619925 0 -0.784661 
vn -0.468408 0 -0.883512 
vn -0.476247 0 -0.879311 
vn -0.550125 0 -0.835082 
vn -0.468419 0 -0.883507 
vn -0.370138 0 -0.928977 
vn -0.398838 0 -0.917021 
vn -0.370148 0 -0.928973 
vn -0.267528 0 -0.96355 
vn -0.318472 0 -0.947932 
vn -0.26752 0 -0.963552 
vn -0.161782 0 -0.986827 
vn -0.161769 0 -0.986829 
vn -0.235744 0 -0.971815 
vn -0.0541389 0 -0.998533 
vn -0.0656724 0 -0.997841 
vn -0.151269 0 -0.988493 
vn -0.0541525 0 -0.998533 
vn 0.0541389 0 -0.998533 
vn 0.0204113 0 -0.999792 
vn 0.0541307 0 -0.998534 
vn 0.161782 0 -0.986827 
vn 0.161793 0 -0.986825 
vn 0.106344 0 -0.994329 
vn 0.267528 0 -0.96355 
vn 0.267539 0 -0.963547 
vn 0.191488 0 -0.981495 
vn 0.370138 0 -0.928977 
vn 0.356896 0 -0.934144 
vn 0.275212 0 -0.961384 
vn 0.370124 0 -0.928982 
vn 0.468408 0 -0.883512 
vn 0.435933 0 -0.899979 
vn 0.468403 0 -0.883515 
vn 0.561197 0 -0.827682 
vn 0.514375 0 -0.857565 
vn 0.511739 0 -0.859141 
vn -0.731456 0 0.681889 
vn -0.996944 0 0.078125 
vn -1 0 0 
vn 1 0 0 
vn 0 1 0 
vn -0.994138 0 -0.108119 
vn -1 0 -2.44929e-16 
vn -0.976621 0 -0.21497 
vn -0.994138 0 -0.108119 
vn -0.947653 0 -0.319302 
vn -0.976621 0 -0.21497 
vn -0.907575 0 -0.419889 
vn -0.947653 0 -0.319302 
vn -0.856857 0 -0.515554 
vn -0.907575 0 -0.419889 
vn -0.796093 0 -0.605174 
vn -0.856857 0 -0.515554 
vn -0.725995 0 -0.687699 
vn -0.796093 0 -0.605174 
vn -0.647386 0 -0.762162 
vn -0.725995 0 -0.687699 
vn -0.561187 0 -0.827689 
vn -0.647386 0 -0.762162 
vn -0.468408 0 -0.883512 
vn -0.561187 0 -0.827689 
vn -0.370138 0 -0.928977 
vn -0.468408 0 -0.883512 
vn -0.267528 0 -0.96355 
vn -0.370138 0 -0.928977 
vn -0.161782 0 -0.986827 
vn -0.267528 0 -0.96355 
vn -0.0541389 0 -0.998533 
vn -0.161782 0 -0.986827 
vn 0.0541389 0 -0.998533 
vn -0.0541389 0 -0.998533 
vn 0.161782 0 -0.986827 
vn 0.0541389 0 -0.998533 
vn 0.267528 0 -0.96355 
vn 0.161782 0 -0.986827 
vn 0.370138 0 -0.928977 
vn 0.267528 0 -0.96355 
vn 0.468408 0 -0.883512 
vn 0.370138 0 -0.928977 
vn 0.561187 0 -0.827689 
vn 0.468408 0 -0.883512 
vn 0.647386 0 -0.762162 
vn 0.561187 0 -0.827689 
vn 0.725995 0 -0.687699 
vn 0.647386 0 -0.762162 
vn 0.796093 0 -0.605174 
vn 0.725995 0 -0.687699 
vn 0.856857 0 -0.515554 
vn 0.796093 0 -0.605174 
vn 0.907575 0 -0.419889 
vn 0.856857 0 -0.515554 
vn 0.947653 0 -0.319302 
vn 0.907575 0 -0.419889 
vn 0.976621 0 -0.21497 
vn 0.947653 0 -0.319302 
vn 0.994138 0 -0.108119 
vn 0.976621 0 -0.21497 
vn 1 0 1.22465e-16 
vn 0.994138 0 -0.108119 
vn 0.994138 0 0.108119 
vn 1 0 1.22465e-16 
vn 0.976621 0 0.21497 
vn 0.994138 0 0.108119 
vn 0.947653 0 0.319302 
vn 0.976621 0 0.21497 
vn 0.907575 0 0.419889 
vn 0.947653 0 0.319302 
vn 0.856857 0 0.515554 
vn 0.907575 0 0.419889 
vn 0.796093 0 0.605174 
vn 0.856857 0 0.515554 
vn 0.725995 0 0.687699 
vn 0.796093 0 0.605174 
vn 0.647386 0 0.762162 
vn 0.725995 0 0.687699 
vn 0.561187 0 0.827689 
vn 0.647386 0 0.762162 
vn 0.468408 0 0.883512 
vn 0.561187 0 0.827689 
vn 0.370138 0 0.928977 
vn 0.468408 0 0.883512 
vn 0.267528 0 0.96355 
vn 0.370138 0 0.928977 
vn 0.161782 0 0.986827 
vn 0.267528 0 0.96355 
vn 0.0541389 0 0.998533 
vn 0.161782 0 0.986827 
vn -0.0541389 0 0.998533 
vn 0.0541389 0 0.998533 
vn -0.161782 0 0.986827 
vn -0.0541389 0 0.998533 
vn -0.267528 0 0.96355 
vn -0.161782 0 0.986827 
vn -0.370138 0 0.928977 
vn -0.267528 0 0.96355 
vn -0.468408 0 0.883512 
vn -0.370138 0 0.928977 
vn -0.561187 0 0.827689 
vn -0.468408 0 0.883512 
vn -0.647386 0 0.762162 
vn -0.561187 0 0.827689 
vn -0.725995 0 0.687699 
vn -0.647386 0 0.762162 
vn -0.796093 0 0.605174 
vn -0.725995 0 0.687699 
vn -0.856857 0 0.515554 
vn -0.796093 0 0.605174 
vn -0.907575 0 0.419889 
vn -0.856857 0 0.515554 
vn -0.947653 0 0.319302 
vn -0.907575 0 0.419889 
vn -0.976621 0 0.21497 
vn -0.947653 0 0.319302 
vn -0.994138 0 0.108119 
vn -0.976621 0 0.21497 
vn -0.994138 0 -0.108119 
vn -1 0 -2.44929e-16 
vn -0.976621 0 -0.21497 
vn -0.994138 0 -0.108119 
vn -0.947653 0 -0.319302 
vn -0.976621 0 -0.21497 
vn -0.907575 0 -0.419889 
vn -0.947653 0 -0.319302 
vn -0.856857 0 -0.515554 
vn -0.907575 0 -0.419889 
vn -0.796093 0 -0.605174 
vn -0.856857 0 -0.515554 
vn -0.725995 0 -0.687699 
vn -0.796093 0 -0.605174 
vn -0.647386 0 -0.762162 
vn -0.725995 0 -0.687699 
vn -0.561187 0 -0.827689 
vn -0.647386 0 -0.762162 
vn -0.468408 0 -0.883512 
vn -0.561187 0 -0.827689 
vn -0.370138 0 -0.928977 
vn -0.468408 0 -0.883512 
vn -0.267528 0 -0.96355 
vn -0.370138 0 -0.928977 
vn -0.161782 0 -0.986827 
vn -0.267528 0 -0.96355 
vn -0.0541389 0 -0.998533 
vn -0.161782 0 -0.986827 
vn 0.0541389 0 -0.998533 
vn -0.0541389 0 -0.998533 
vn 0.161782 0 -0.986827 
vn 0.0541389 0 -0.998533 
vn 0.267528 0 -0.96355 
vn 0.161782 0 -0.986827 
vn 0.370138 0 -0.928977 
vn 0.267528 0 -0.96355 
vn 0.468408 0 -0.883512 
vn 0.370138 0 -0.928977 
vn 0.561187 0 -0.827689 
vn 0.468408 0 -0.883512 
vn 0.647386 0 -0.762162 
vn 0.561187 0 -0.827689 
vn 0.725995 0 -0.687699 
vn 0.647386 0 -0.762162 
vn 0.796093 0 -0.605174 
vn 0.725995 0 -0.687699 
vn 0.856857 0 -0.515554 
vn 0.796093 0 -0.605174 
vn 0.907575 0 -0.419889 
vn 0.856857 0 -0.515554 
vn 0.947653 0 -0.319302 
vn 0.907575 0 -0.419889 
vn 0.976621 0 -0.21497 
vn 0.947653 0 -0.319302 
vn 0.994138 0 -0.108119 
vn 0.976621 0 -0.21497 
vn 1 0 1.22465e-16 
vn 0.994138 0 -0.108119 
vn 0.994138 0 0.108119 
vn 1 0 1.22465e-16 
vn 0.976621 0 0.21497 
vn 0.994138 0 0.108119 
vn 0.947653 0 0.319302 
vn 0.976621 0 0.21497 
vn 0.907575 0 0.419889 
vn 0.947653 0 0.319302 
vn 0.856857 0 0.515554 
vn 0.907575 0 0.419889 
vn 0.796093 0 0.605174 
vn 0.856857 0 0.515554 
vn 0.725995 0 0.687699 
vn 0.796093 0 0.605174 
vn 0.647386 0 0.762162 
vn 0.725995 0 0.687699 
vn 0.561187 0 0.827689 
vn 0.647386 0 0.762162 
vn 0.468408 0 0.883512 
vn 0.561187 0 0.827689 
vn 0.370138 0 0.928977 
vn 0.468408 0 0.883512 
vn 0.267528 0 0.96355 
vn 0.370138 0 0.928977 
vn 0.161782 0 0.986827 
vn 0.267528 0 0.96355 
vn 0.0541389 0 0.998533 
vn 0.161782 0 0.986827 
vn -0.0541389 0 0.998533 
vn 0.0541389 0 0.998533 
vn -0.161782 0 0.986827 
vn -0.0541389 0 0.998533 
vn -0.267528 0 0.96355 
vn -0.161782 0 0.986827 
vn -0.370138 0 0.928977 
vn -0.267528 0 0.96355 
vn -0.468408 0 0.883512 
vn -0.370138 0 0.928977 
vn -0.561187 0 0.827689 
vn -0.468408 0 0.883512 
vn -0.647386 0 0.762162 
vn -0.561187 0 0.827689 
vn -0.725995 0 0.687699 
vn -0.647386 0 0.762162 
vn -0.796093 0 0.605174 
vn -0.725995 0 0.687699 
vn -0.856857 0 0.515554 
vn -0.796093 0 0.605174 
vn -0.907575 0 0.419889 
vn -0.856857 0 0.515554 
vn -0.947653 0 0.319302 
vn -0.907575 0 0.419889 
vn -0.976621 0 0.21497 
vn -0.947653 0 0.319302 
vn -0.994138 0 0.108119 
vn -0.976621 0 0.21497 
vn -0.994138 0 -0.108119 
vn -1 0 -2.44929e-16 
vn -0.976621 0 -0.21497 
vn -0.994138 0 -0.108119 
vn -0.947653 0 -0.319302 
vn -0.976621 0 -0.21497 
vn -0.907575 0 -0.419889 
vn -0.947653 0 -0.319302 
vn -0.856857 0 -0.515554 
vn -0.907575 0 -0.419889 
vn -0.796093 0 -0.605174 
vn -0.856857 0 -0.515554 
vn -0.725995 0 -0.687699 
vn -0.796093 0 -0.605174 
vn -0.647386 0 -0.762162 
vn -0.725995 0 -0.687699 
vn -0.561187 0 -0.827689 
vn -0.647386 0 -0.762162 
vn -0.468408 0 -0.883512 
vn -0.561187 0 -0.827689 
vn -0.370138 0 -0.928977 
vn -0.468408 0 -0.883512 
vn -0.267528 0 -0.96355 
vn -0.370138 0 -0.928977 
vn -0.161782 0 -0.986827 
vn -0.267528 0 -0.96355 
vn -0.0541389 0 -0.998533 
vn -0.161782 0 -0.986827 
vn 0.0541389 0 -0.998533 
vn -0.0541389 0 -0.998533 
vn 0.161782 0 -0.986827 
vn 0.0541389 0 -0.998533 
vn 0.267528 0 -0.96355 
vn 0.161782 0 -0.986827 
vn 0.370138 0 -0.928977 
vn 0.267528 0 -0.96355 
vn 0.468408 0 -0.883512 
vn 0.370138 0 -0.928977 
vn 0.561187 0 -0.827689 
vn 0.468408 0 -0.883512 
vn 0.647386 0 -0.762162 
vn 0.561187 0 -0.827689 
vn 0.725995 0 -0.687699 
vn 0.647386 0 -0.762162 
vn 0.796093 0 -0.605174 
vn 0.725995 0 -0.687699 
vn 0.856857 0 -0.515554 
vn 0.796093 0 -0.605174 
vn 0.907575 0 -0.419889 
vn 0.856857 0 -0.515554 
vn 0.947653 0 -0.319302 
vn 0.907575 0 -0.419889 
vn 0.976621 0 -0.21497 
vn 0.947653 0 -0.319302 
vn 0.994138 0 -0.108119 
vn 0.976621 0 -0.21497 
vn 1 0 1.22465e-16 
vn 0.994138 0 -0.108119 
vn 0.994138 0 0.108119 
vn 1 0 1.22465e-16 
vn 0.976621 0 0.21497 
vn 0.994138 0 0.108119 
vn 0.947653 0 0.319302 
vn 0.976621 0 0.21497 
vn 0.907575 0 0.419889 
vn 0.947653 0 0.319302 
vn 0.856857 0 0.515554 
vn 0.907575 0 0.419889 
vn 0.796093 0 0.605174 
vn 0.856857 0 0.515554 
vn 0.725995 0 0.687699 
vn 0.796093 0 0.605174 
vn 0.647386 0 0.762162 
vn 0.725995 0 0.687699 
vn 0.561187 0 0.827689 
vn 0.647386 0 0.762162 
vn 0.468408 0 0.883512 
vn 0.561187 0 0.827689 
vn 0.370138 0 0.928977 
vn 0.468408 0 0.883512 
vn 0.267528 0 0.96355 
vn 0.370138 0 0.928977 
vn 0.161782 0 0.986827 
vn 0.267528 0 0.96355 
vn 0.0541389 0 0.998533 
vn 0.161782 0 0.986827 
vn -0.0541389 0 0.998533 
vn 0.0541389 0 0.998533 
vn -0.161782 0 0.986827 
vn -0.0541389 0 0.998533 
vn -0.267528 0 0.96355 
vn -0.161782 0 0.986827 
vn -0.370138 0 0.928977 
vn -0.267528 0 0.96355 
vn -0.468408 0 0.883512 
vn -0.370138 0 0.928977 
vn -0.561187 0 0.827689 
vn -0.468408 0 0.883512 
vn -0.647386 0 0.762162 
vn -0.561187 0 0.827689 
vn -0.725995 0 0.687699 
vn -0.647386 0 0.762162 
vn -0.796093 0 0.605174 
vn -0.725995 0 0.687699 
vn -0.856857 0 0.515554 
vn -0.796093 0 0.605174 
vn -0.907575 0 0.419889 
vn -0.856857 0 0.515554 
vn -0.947653 0 0.319302 
vn -0.907575 0 0.419889 
vn -0.976621 0 0.21497 
vn -0.947653 0 0.319302 
vn -0.994138 0 0.108119 
vn -0.976621 0 0.21497 
vn 0 -1 0 
vn 0 1 0 
vn 1 0 0 
vn 0 0 -1 
vn 1.83697e-16 0 1 
vn -0.0980171 0 0.995185 
vn -0.19509 0 0.980785 
vn -0.118357 0 0.992971 
vn -0.0980171 0 0.995185 
vn -0.111746 0 0.993737 
vn -0.290285 0 0.95694 
vn -0.382683 0 0.92388 
vn -0.361476 0 0.932381 
vn -0.30541 0 0.952221 
vn -0.290285 0 0.95694 
vn -0.382683 0 0.92388 
vn -0.438391 0 0.898784 
vn -0.471397 0 0.881921 
vn -0.55557 0 0.83147 
vn -0.496167 0 0.868227 
vn -0.471397 0 0.881921 
vn -0.55557 0 0.83147 
vn -0.634393 0 0.77301 
vn -0.707107 0 0.707107 
vn -0.686322 0 0.727298 
vn -0.643263 0 0.765646 
vn -0.707107 0 0.707107 
vn -0.77301 0 0.634393 
vn -0.83147 0 0.55557 
vn -0.804232 0 0.594316 
vn -0.881921 0 0.471397 
vn -0.868227 0 0.496167 
vn -0.854671 0 0.519169 
vn -0.881921 0 0.471397 
vn -0.92388 0 0.382683 
vn -0.949433 0 0.31397 
vn -0.95694 0 0.290285 
vn -0.980785 0 0.19509 
vn -0.995185 0 0.0980171 
vn -1 0 2.44929e-16 
vn -0.996971 0 0.0777725 
vn -0.995185 0 -0.0980171 
vn -0.996971 0 -0.0777725 
vn -0.980785 0 -0.19509 
vn -0.983965 0 -0.178361 
vn -0.95694 0 -0.290285 
vn -0.92388 0 -0.382683 
vn -0.949433 0 -0.31397 
vn -0.881921 0 -0.471397 
vn -0.83147 0 -0.55557 
vn -0.854671 0 -0.519169 
vn -0.868227 0 -0.496167 
vn -0.83147 0 -0.55557 
vn -0.77301 0 -0.634393 
vn -0.804232 0 -0.594316 
vn -0.707107 0 -0.707107 
vn -0.634393 0 -0.77301 
vn -0.643263 0 -0.765646 
vn -0.654002 0 -0.756493 
vn -0.686322 0 -0.727298 
vn -0.707107 0 -0.707107 
vn -0.55557 0 -0.83147 
vn -0.496167 0 -0.868227 
vn -0.471397 0 -0.881921 
vn -0.382683 0 -0.92388 
vn -0.438391 0 -0.898784 
vn -0.471397 0 -0.881921 
vn -0.361476 0 -0.932381 
vn -0.290285 0 -0.95694 
vn -0.30541 0 -0.952221 
vn -0.382683 0 -0.92388 
vn -0.361476 0 -0.932381 
vn -0.19509 0 -0.980785 
vn -0.0980171 0 -0.995185 
vn -0.118357 0 -0.992971 
vn -3.06162e-16 0 -1 
vn -0.19509 0 -0.980785 
vn -0.881921 0 -0.471397 
vn -0.995185 0 0.0980171 
vn -0.77301 0 0.634393 
vn -0.634393 0 0.77301 
vn 0 0 1 
vn -6.12323e-17 0 -1 
vn 0.104528 0 -0.994522 
vn 0.207912 0 -0.978148 
vn 0.309017 0 -0.951057 
vn 0.406737 0 -0.913545 
vn 0.315099 0 -0.949059 
vn 0.309017 0 -0.951057 
vn 0.406737 0 -0.913545 
vn 0.5 0 -0.866025 
vn 0.587785 0 -0.809017 
vn 0.669131 0 -0.743145 
vn 0.743145 0 -0.669131 
vn 0.809017 0 -0.587785 
vn 0.866025 0 -0.5 
vn 0.913545 0 -0.406737 
vn 0.951057 0 -0.309017 
vn 0.936575 0 -0.350468 
vn 0.913545 0 -0.406737 
vn 0.951057 0 -0.309017 
vn 0.978148 0 -0.207912 
vn 0.994522 0 -0.104528 
vn 1 0 -1.22465e-16 
vn -1.83697e-16 0 1 
vn 0.104528 0 0.994522 
vn 0.207912 0 0.978148 
vn 0.309017 0 0.951057 
vn 0.406737 0 0.913545 
vn 0.351317 0 0.936257 
vn 0.315099 0 0.949059 
vn 0.309017 0 0.951057 
vn 0.5 0 0.866025 
vn 0.587785 0 0.809017 
vn 0.669131 0 0.743145 
vn 0.743145 0 0.669131 
vn 0.809017 0 0.587785 
vn 0.866025 0 0.5 
vn 0.913545 0 0.406737 
vn 0.951057 0 0.309017 
vn 0.936575 0 0.350468 
vn 0.913545 0 0.406737 
vn 0.951057 0 0.309017 
vn 0.978148 0 0.207912 
vn 0.994522 0 0.104528 
vn 1 0 2.44929e-16 
vn 0.994138 0 -0.108119 
vn 0.976621 0 -0.21497 
vn 0.947653 0 -0.319302 
vn 0.907575 0 -0.419889 
vn 0.856857 0 -0.515554 
vn 0.796093 0 -0.605174 
vn 0.725995 0 -0.687699 
vn 0.647386 0 -0.762162 
vn 0.561187 0 -0.827689 
vn 0.468408 0 -0.883512 
vn 0.370138 0 -0.928977 
vn 0.382597 0 -0.923915 
vn 0.468408 0 -0.883512 
vn 0.267528 0 -0.96355 
vn 0.370138 0 -0.928977 
vn 0.161782 0 -0.986827 
vn 0.267528 0 -0.96355 
vn 0.0541389 0 -0.998533 
vn 0.161782 0 -0.986827 
vn -0.0541389 0 -0.998533 
vn 0.0541389 0 -0.998533 
vn -0.161782 0 -0.986827 
vn -0.0541389 0 -0.998533 
vn -0.267528 0 -0.96355 
vn -0.161782 0 -0.986827 
vn -0.370138 0 -0.928977 
vn -0.267528 0 -0.96355 
vn -0.468408 0 -0.883512 
vn -0.370138 0 -0.928977 
vn -0.561187 0 -0.827689 
vn -0.468408 0 -0.883512 
vn -0.647386 0 -0.762162 
vn -0.561187 0 -0.827689 
vn -0.725995 0 -0.687699 
vn -0.647386 0 -0.762162 
vn -0.796093 0 -0.605174 
vn -0.725995 0 -0.687699 
vn -0.856857 0 -0.515554 
vn -0.796093 0 -0.605174 
vn -0.907575 0 -0.419889 
vn -0.856857 0 -0.515554 
vn -0.947653 0 -0.319302 
vn -0.907575 0 -0.419889 
vn -0.976621 0 -0.21497 
vn -0.947653 0 -0.319302 
vn -0.994138 0 -0.108119 
vn -0.976621 0 -0.21497 
vn -1 0 1.22465e-16 
vn -0.994138 0 -0.108119 
vn -0.994138 0 0.108119 
vn -1 0 1.22465e-16 
vn -0.976621 0 0.21497 
vn -0.994138 0 0.108119 
vn -0.947653 0 0.319302 
vn -0.976621 0 0.21497 
vn -0.907575 0 0.419889 
vn -0.947653 0 0.319302 
vn -0.856857 0 0.515554 
vn -0.907575 0 0.419889 
vn -0.796093 0 0.605174 
vn -0.856857 0 0.515554 
vn -0.725995 0 0.687699 
vn -0.796093 0 0.605174 
vn -0.647386 0 0.762162 
vn -0.725995 0 0.687699 
vn -0.561187 0 0.827689 
vn -0.647386 0 0.762162 
vn -0.468408 0 0.883512 
vn -0.561187 0 0.827689 
vn -0.370138 0 0.928977 
vn -0.468408 0 0.883512 
vn -0.267528 0 0.96355 
vn -0.370138 0 0.928977 
vn -0.161782 0 0.986827 
vn -0.267528 0 0.96355 
vn -0.0541389 0 0.998533 
vn -0.161782 0 0.986827 
vn 0.0541389 0 0.998533 
vn -0.0541389 0 0.998533 
vn 0.161782 0 0.986827 
vn 0.0541389 0 0.998533 
vn 0.267528 0 0.96355 
vn 0.161782 0 0.986827 
vn 0.370138 0 0.928977 
vn 0.267528 0 0.96355 
vn 0.468408 0 0.883512 
vn 0.382597 0 0.923915 
vn 0.370138 0 0.928977 
vn 0.561187 0 0.827689 
vn 0.468408 0 0.883512 
vn 0.647386 0 0.762162 
vn 0.561187 0 0.827689 
vn 0.725995 0 0.687699 
vn 0.647386 0 0.762162 
vn 0.796093 0 0.605174 
vn 0.725995 0 0.687699 
vn 0.856857 0 0.515554 
vn 0.796093 0 0.605174 
vn 0.907575 0 0.419889 
vn 0.856857 0 0.515554 
vn 0.947653 0 0.319302 
vn 0.907575 0 0.419889 
vn 0.976621 0 0.21497 
vn 0.947653 0 0.319302 
vn 0.994138 0 0.108119 
vn 0.976621 0 0.21497 
vn 0.994138 0 -0.108119 
vn 1 0 -2.44929e-16 
vn 0.976621 0 -0.21497 
vn 0.994138 0 -0.108119 
vn 0.947653 0 -0.319302 
vn 0.976621 0 -0.21497 
vn 0.907575 0 -0.419889 
vn 0.947653 0 -0.319302 
vn 0.856857 0 -0.515554 
vn 0.907575 0 -0.419889 
vn 0.796093 0 -0.605174 
vn 0.856857 0 -0.515554 
vn 0.725995 0 -0.687699 
vn 0.796093 0 -0.605174 
vn 0.647386 0 -0.762162 
vn 0.725995 0 -0.687699 
vn 0.561187 0 -0.827689 
vn 0.647386 0 -0.762162 
vn 0.468408 0 -0.883512 
vn 0.561187 0 -0.827689 
vn 0.370138 0 -0.928977 
vn 0.382597 0 -0.923915 
vn 0.468408 0 -0.883512 
vn 0.267528 0 -0.96355 
vn 0.370138 0 -0.928977 
vn 0.161782 0 -0.986827 
vn 0.267528 0 -0.96355 
vn 0.0541389 0 -0.998533 
vn 0.161782 0 -0.986827 
vn -0.0541389 0 -0.998533 
vn 0.0541389 0 -0.998533 
vn -0.161782 0 -0.986827 
vn -0.0541389 0 -0.998533 
vn -0.267528 0 -0.96355 
vn -0.161782 0 -0.986827 
vn -0.370138 0 -0.928977 
vn -0.267528 0 -0.96355 
vn -0.468408 0 -0.883512 
vn -0.370138 0 -0.928977 
vn -0.561187 0 -0.827689 
vn -0.468408 0 -0.883512 
vn -0.647386 0 -0.762162 
vn -0.561187 0 -0.827689 
vn -0.725995 0 -0.687699 
vn -0.647386 0 -0.762162 
vn -0.796093 0 -0.605174 
vn -0.725995 0 -0.687699 
vn -0.856857 0 -0.515554 
vn -0.796093 0 -0.605174 
vn -0.907575 0 -0.419889 
vn -0.856857 0 -0.515554 
vn -0.947653 0 -0.319302 
vn -0.907575 0 -0.419889 
vn -0.976621 0 -0.21497 
vn -0.947653 0 -0.319302 
vn -0.994138 0 -0.108119 
vn -0.976621 0 -0.21497 
vn -1 0 1.22465e-16 
vn -0.994138 0 -0.108119 
vn -0.994138 0 0.108119 
vn -1 0 1.22465e-16 
vn -0.976621 0 0.21497 
vn -0.994138 0 0.108119 
vn -0.947653 0 0.319302 
vn -0.976621 0 0.21497 
vn -0.907575 0 0.419889 
vn -0.947653 0 0.319302 
vn -0.856857 0 0.515554 
vn -0.907575 0 0.419889 
vn -0.796093 0 0.605174 
vn -0.856857 0 0.515554 
vn -0.725995 0 0.687699 
vn -0.796093 0 0.605174 
vn -0.647386 0 0.762162 
vn -0.725995 0 0.687699 
vn -0.561187 0 0.827689 
vn -0.647386 0 0.762162 
vn -0.468408 0 0.883512 
vn -0.561187 0 0.827689 
vn -0.370138 0 0.928977 
vn -0.468408 0 0.883512 
vn -0.267528 0 0.96355 
vn -0.370138 0 0.928977 
vn -0.161782 0 0.986827 
vn -0.267528 0 0.96355 
vn -0.0541389 0 0.998533 
vn -0.161782 0 0.986827 
vn 0.0541389 0 0.998533 
vn -0.0541389 0 0.998533 
vn 0.161782 0 0.986827 
vn 0.0541389 0 0.998533 
vn 0.267528 0 0.96355 
vn 0.161782 0 0.986827 
vn 0.370138 0 0.928977 
vn 0.267528 0 0.96355 
vn 0.468408 0 0.883512 
vn 0.382597 0 0.923915 
vn 0.370138 0 0.928977 
vn 0.561187 0 0.827689 
vn 0.468408 0 0.883512 
vn 0.647386 0 0.762162 
vn 0.561187 0 0.827689 
vn 0.725995 0 0.687699 
vn 0.647386 0 0.762162 
vn 0.796093 0 0.605174 
vn 0.725995 0 0.687699 
vn 0.856857 0 0.515554 
vn 0.796093 0 0.605174 
vn 0.907575 0 0.419889 
vn 0.856857 0 0.515554 
vn 0.947653 0 0.319302 
vn 0.907575 0 0.419889 
vn 0.976621 0 0.21497 
vn 0.947653 0 0.319302 
vn 0.994138 0 0.108119 
vn 0.976621 0 0.21497 
vn 0.994138 0 -0.108119 
vn 1 0 -2.44929e-16 
vn 0.976621 0 -0.21497 
vn 0.994138 0 -0.108119 
vn 0.947653 0 -0.319302 
vn 0.976621 0 -0.21497 
vn 0.907575 0 -0.419889 
vn 0.947653 0 -0.319302 
vn 0.856857 0 -0.515554 
vn 0.907575 0 -0.419889 
vn 0.796093 0 -0.605174 
vn 0.856857 0 -0.515554 
vn 0.725995 0 -0.687699 
vn 0.796093 0 -0.605174 
vn 0.647386 0 -0.762162 
vn 0.725995 0 -0.687699 
vn 0.561187 0 -0.827689 
vn 0.647386 0 -0.762162 
vn 0.468408 0 -0.883512 
vn 0.561187 0 -0.827689 
vn 0.370138 0 -0.928977 
vn 0.468408 0 -0.883512 
vn 0.267528 0 -0.96355 
vn 0.370138 0 -0.928977 
vn 0.161782 0 -0.986827 
vn 0.267528 0 -0.96355 
vn 0.0541389 0 -0.998533 
vn 0.161782 0 -0.986827 
vn -0.0541389 0 -0.998533 
vn 0.0541389 0 -0.998533 
vn -0.161782 0 -0.986827 
vn -0.0541389 0 -0.998533 
vn -0.267528 0 -0.96355 
vn -0.161782 0 -0.986827 
vn -0.370138 0 -0.928977 
vn -0.267528 0 -0.96355 
vn -0.468408 0 -0.883512 
vn -0.370138 0 -0.928977 
vn -0.561187 0 -0.827689 
vn -0.468408 0 -0.883512 
vn -0.647386 0 -0.762162 
vn -0.561187 0 -0.827689 
vn -0.725995 0 -0.687699 
vn -0.647386 0 -0.762162 
vn -0.796093 0 -0.605174 
vn -0.725995 0 -0.687699 
vn -0.856857 0 -0.515554 
vn -0.796093 0 -0.605174 
vn -0.907575 0 -0.419889 
vn -0.856857 0 -0.515554 
vn -0.947653 0 -0.319302 
vn -0.907575 0 -0.419889 
vn -0.976621 0 -0.21497 
vn -0.947653 0 -0.319302 
vn -0.994138 0 -0.108119 
vn -0.976621 0 -0.21497 
vn -1 0 1.22465e-16 
vn -0.994138 0 -0.108119 
vn -0.994138 0 0.108119 
vn -1 0 1.22465e-16 
vn -0.976621 0 0.21497 
vn -0.994138 0 0.108119 
vn -0.947653 0 0.319302 
vn -0.976621 0 0.21497 
vn -0.907575 0 0.419889 
vn -0.947653 0 0.319302 
vn -0.856857 0 0.515554 
vn -0.907575 0 0.419889 
vn -0.796093 0 0.605174 
vn -0.856857 0 0.515554 
vn -0.725995 0 0.687699 
vn -0.796093 0 0.605174 
vn -0.647386 0 0.762162 
vn -0.725995 0 0.687699 
vn -0.561187 0 0.827689 
vn -0.647386 0 0.762162 
vn -0.468408 0 0.883512 
vn -0.561187 0 0.827689 
vn -0.370138 0 0.928977 
vn -0.468408 0 0.883512 
vn -0.267528 0 0.96355 
vn -0.370138 0 0.928977 
vn -0.161782 0 0.986827 
vn -0.267528 0 0.96355 
vn -0.0541389 0 0.998533 
vn -0.161782 0 0.986827 
vn 0.0541389 0 0.998533 
vn -0.0541389 0 0.998533 
vn 0.161782 0 0.986827 
vn 0.0541389 0 0.998533 
vn 0.267528 0 0.96355 
vn 0.161782 0 0.986827 
vn 0.370138 0 0.928977 
vn 0.267528 0 0.96355 
vn 0.468408 0 0.883512 
vn 0.370138 0 0.928977 
vn 0.561187 0 0.827689 
vn 0.468408 0 0.883512 
vn 0.647386 0 0.762162 
vn 0.561187 0 0.827689 
vn 0.725995 0 0.687699 
vn 0.647386 0 0.762162 
vn 0.796093 0 0.605174 
vn 0.725995 0 0.687699 
vn 0.856857 0 0.515554 
vn 0.796093 0 0.605174 
vn 0.907575 0 0.419889 
vn 0.856857 0 0.515554 
vn 0.947653 0 0.319302 
vn 0.907575 0 0.419889 
vn 0.976621 0 0.21497 
vn 0.947653 0 0.319302 
vn 0.994138 0 0.108119 
vn 0.976621 0 0.21497 
vn 0.994138 0 -0.108119 
vn 1 0 -2.44929e-16 
vn 0.976621 0 -0.21497 
vn 0.994138 0 -0.108119 
vn 0.947653 0 -0.319302 
vn 0.976621 0 -0.21497 
vn 0.907575 0 -0.419889 
vn 0.947653 0 -0.319302 
vn 0.856857 0 -0.515554 
vn 0.907575 0 -0.419889 
vn 0.796093 0 -0.605174 
vn 0.856857 0 -0.515554 
vn 0.725995 0 -0.687699 
vn 0.796093 0 -0.605174 
vn 0.647386 0 -0.762162 
vn 0.725995 0 -0.687699 
vn 0.561187 0 -0.827689 
vn 0.647386 0 -0.762162 
vn 0.468408 0 -0.883512 
vn 0.561187 0 -0.827689 
vn 0.370138 0 -0.928977 
vn 0.468408 0 -0.883512 
vn 0.267528 0 -0.96355 
vn 0.370138 0 -0.928977 
vn 0.161782 0 -0.986827 
vn 0.267528 0 -0.96355 
vn 0.0541389 0 -0.998533 
vn 0.161782 0 -0.986827 
vn -0.0541389 0 -0.998533 
vn 0.0541389 0 -0.998533 
vn -0.161782 0 -0.986827 
vn -0.0541389 0 -0.998533 
vn -0.267528 0 -0.96355 
vn -0.161782 0 -0.986827 
vn -0.370138 0 -0.928977 
vn -0.267528 0 -0.96355 
vn -0.468408 0 -0.883512 
vn -0.370138 0 -0.928977 
vn -0.561187 0 -0.827689 
vn -0.468408 0 -0.883512 
vn -0.647386 0 -0.762162 
vn -0.561187 0 -0.827689 
vn -0.725995 0 -0.687699 
vn -0.647386 0 -0.762162 
vn -0.796093 0 -0.605174 
vn -0.725995 0 -0.687699 
vn -0.856857 0 -0.515554 
vn -0.796093 0 -0.605174 
vn -0.907575 0 -0.419889 
vn -0.856857 0 -0.515554 
vn -0.947653 0 -0.319302 
vn -0.907575 0 -0.419889 
vn -0.976621 0 -0.21497 
vn -0.947653 0 -0.319302 
vn -0.994138 0 -0.108119 
vn -0.976621 0 -0.21497 
vn -1 0 1.22465e-16 
vn -0.994138 0 -0.108119 
vn -0.994138 0 0.108119 
vn -1 0 1.22465e-16 
vn -0.976621 0 0.21497 
vn -0.994138 0 0.108119 
vn -0.947653 0 0.319302 
vn -0.976621 0 0.21497 
vn -0.907575 0 0.419889 
vn -0.947653 0 0.319302 
vn -0.856857 0 0.515554 
vn -0.907575 0 0.419889 
vn -0.796093 0 0.605174 
vn -0.856857 0 0.515554 
vn -0.725995 0 0.687699 
vn -0.796093 0 0.605174 
vn -0.647386 0 0.762162 
vn -0.725995 0 0.687699 
vn -0.561187 0 0.827689 
vn -0.647386 0 0.762162 
vn -0.468408 0 0.883512 
vn -0.561187 0 0.827689 
vn -0.370138 0 0.928977 
vn -0.468408 0 0.883512 
vn -0.267528 0 0.96355 
vn -0.370138 0 0.928977 
vn -0.161782 0 0.986827 
vn -0.267528 0 0.96355 
vn -0.0541389 0 0.998533 
vn -0.161782 0 0.986827 
vn 0.0541389 0 0.998533 
vn -0.0541389 0 0.998533 
vn 0.161782 0 0.986827 
vn 0.0541389 0 0.998533 
vn 0.267528 0 0.96355 
vn 0.161782 0 0.986827 
vn 0.370138 0 0.928977 
vn 0.267528 0 0.96355 
vn 0.468408 0 0.883512 
vn 0.370138 0 0.928977 
vn 0.561187 0 0.827689 
vn 0.468408 0 0.883512 
vn 0.647386 0 0.762162 
vn 0.561187 0 0.827689 
vn 0.725995 0 0.687699 
vn 0.647386 0 0.762162 
vn 0.796093 0 0.605174 
vn 0.725995 0 0.687699 
vn 0.856857 0 0.515554 
vn 0.796093 0 0.605174 
vn 0.907575 0 0.419889 
vn 0.856857 0 0.515554 
vn 0.947653 0 0.319302 
vn 0.907575 0 0.419889 
vn 0.976621 0 0.21497 
vn 0.947653 0 0.319302 
vn 0.994138 0 0.108119 
vn 0.976621 0 0.21497 
vn 0.994138 0 -0.108119 
vn 1 0 -2.44929e-16 
vn 0.976621 0 -0.21497 
vn 0.994138 0 -0.108119 
vn 0.947653 0 -0.319302 
vn 0.976621 0 -0.21497 
vn 0.907575 0 -0.419889 
vn 0.947653 0 -0.319302 
vn 0.856857 0 -0.515554 
vn 0.907575 0 -0.419889 
vn 0.796093 0 -0.605174 
vn 0.856857 0 -0.515554 
vn 0.725995 0 -0.687699 
vn 0.796093 0 -0.605174 
vn 0.647386 0 -0.762162 
vn 0.725995 0 -0.687699 
vn 0.561187 0 -0.827689 
vn 0.647386 0 -0.762162 
vn 0.468408 0 -0.883512 
vn 0.561187 0 -0.827689 
vn 0.370138 0 -0.928977 
vn 0.468408 0 -0.883512 
vn 0.267528 0 -0.96355 
vn 0.370138 0 -0.928977 
vn 0.161782 0 -0.986827 
vn 0.267528 0 -0.96355 
vn 0.0541389 0 -0.998533 
vn 0.161782 0 -0.986827 
vn -0.0541389 0 -0.998533 
vn 0.0541389 0 -0.998533 
vn -0.161782 0 -0.986827 
vn -0.0541389 0 -0.998533 
vn -0.267528 0 -0.96355 
vn -0.161782 0 -0.986827 
vn -0.370138 0 -0.928977 
vn -0.267528 0 -0.96355 
vn -0.468408 0 -0.883512 
vn -0.370138 0 -0.928977 
vn -0.561187 0 -0.827689 
vn -0.468408 0 -0.883512 
vn -0.647386 0 -0.762162 
vn -0.561187 0 -0.827689 
vn -0.725995 0 -0.687699 
vn -0.647386 0 -0.762162 
vn -0.796093 0 -0.605174 
vn -0.725995 0 -0.687699 
vn -0.856857 0 -0.515554 
vn -0.796093 0 -0.605174 
vn -0.907575 0 -0.419889 
vn -0.856857 0 -0.515554 
vn -0.947653 0 -0.319302 
vn -0.907575 0 -0.419889 
vn -0.976621 0 -0.21497 
vn -0.947653 0 -0.319302 
vn -0.994138 0 -0.108119 
vn -0.976621 0 -0.21497 
vn -1 0 1.22465e-16 
vn -0.994138 0 -0.108119 
vn -0.994138 0 0.108119 
vn -1 0 1.22465e-16 
vn -0.976621 0 0.21497 
vn -0.994138 0 0.108119 
vn -0.947653 0 0.319302 
vn -0.976621 0 0.21497 
vn -0.907575 0 0.419889 
vn -0.947653 0 0.319302 
vn -0.856857 0 0.515554 
vn -0.907575 0 0.419889 
vn -0.796093 0 0.605174 
vn -0.856857 0 0.515554 
vn -0.725995 0 0.687699 
vn -0.796093 0 0.605174 
vn -0.647386 0 0.762162 
vn -0.725995 0 0.687699 
vn -0.561187 0 0.827689 
vn -0.647386 0 0.762162 
vn -0.468408 0 0.883512 
vn -0.561187 0 0.827689 
vn -0.370138 0 0.928977 
vn -0.468408 0 0.883512 
vn -0.267528 0 0.96355 
vn -0.370138 0 0.928977 
vn -0.161782 0 0.986827 
vn -0.267528 0 0.96355 
vn -0.0541389 0 0.998533 
vn -0.161782 0 0.986827 
vn 0.0541389 0 0.998533 
vn -0.0541389 0 0.998533 
vn 0.161782 0 0.986827 
vn 0.0541389 0 0.998533 
vn 0.267528 0 0.96355 
vn 0.161782 0 0.986827 
vn 0.370138 0 0.928977 
vn 0.267528 0 0.96355 
vn 0.468408 0 0.883512 
vn 0.370138 0 0.928977 
vn 0.561187 0 0.827689 
vn 0.468408 0 0.883512 
vn 0.647386 0 0.762162 
vn 0.561187 0 0.827689 
vn 0.725995 0 0.687699 
vn 0.647386 0 0.762162 
vn 0.796093 0 0.605174 
vn 0.725995 0 0.687699 
vn 0.856857 0 0.515554 
vn 0.796093 0 0.605174 
vn 0.907575 0 0.419889 
vn 0.856857 0 0.515554 
vn 0.947653 0 0.319302 
vn 0.907575 0 0.419889 
vn 0.976621 0 0.21497 
vn 0.947653 0 0.319302 
vn 0.994138 0 0.108119 
vn 0.976621 0 0.21497 
vn 0.994138 0 -0.108119 
vn 1 0 -2.44929e-16 
vn 0.976621 0 -0.21497 
vn 0.994138 0 -0.108119 
vn 0.947653 0 -0.319302 
vn 0.976621 0 -0.21497 
vn 0.907575 0 -0.419889 
vn 0.947653 0 -0.319302 
vn 0.856857 0 -0.515554 
vn 0.907575 0 -0.419889 
vn 0.796093 0 -0.605174 
vn 0.856857 0 -0.515554 
vn 0.725995 0 -0.687699 
vn 0.796093 0 -0.605174 
vn 0.647386 0 -0.762162 
vn 0.725995 0 -0.687699 
vn 0.561187 0 -0.827689 
vn 0.647386 0 -0.762162 
vn 0.468408 0 -0.883512 
vn 0.561187 0 -0.827689 
vn 0.370138 0 -0.928977 
vn 0.382597 0 -0.923915 
vn 0.468408 0 -0.883512 
vn 0.267528 0 -0.96355 
vn 0.370138 0 -0.928977 
vn 0.161782 0 -0.986827 
vn 0.267528 0 -0.96355 
vn 0.0541389 0 -0.998533 
vn 0.161782 0 -0.986827 
vn -0.0541389 0 -0.998533 
vn 0.0541389 0 -0.998533 
vn -0.161782 0 -0.986827 
vn -0.0541389 0 -0.998533 
vn -0.267528 0 -0.96355 
vn -0.161782 0 -0.986827 
vn -0.370138 0 -0.928977 
vn -0.267528 0 -0.96355 
vn -0.468408 0 -0.883512 
vn -0.370138 0 -0.928977 
vn -0.561187 0 -0.827689 
vn -0.468408 0 -0.883512 
vn -0.647386 0 -0.762162 
vn -0.561187 0 -0.827689 
vn -0.725995 0 -0.687699 
vn -0.647386 0 -0.762162 
vn -0.796093 0 -0.605174 
vn -0.725995 0 -0.687699 
vn -0.856857 0 -0.515554 
vn -0.796093 0 -0.605174 
vn -0.907575 0 -0.419889 
vn -0.856857 0 -0.515554 
vn -0.947653 0 -0.319302 
vn -0.907575 0 -0.419889 
vn -0.976621 0 -0.21497 
vn -0.947653 0 -0.319302 
vn -0.994138 0 -0.108119 
vn -0.976621 0 -0.21497 
vn -1 0 1.22465e-16 
vn -0.994138 0 -0.108119 
vn -0.994138 0 0.108119 
vn -1 0 1.22465e-16 
vn -0.976621 0 0.21497 
vn -0.994138 0 0.108119 
vn -0.947653 0 0.319302 
vn -0.976621 0 0.21497 
vn -0.907575 0 0.419889 
vn -0.947653 0 0.319302 
vn -0.856857 0 0.515554 
vn -0.907575 0 0.419889 
vn -0.796093 0 0.605174 
vn -0.856857 0 0.515554 
vn -0.725995 0 0.687699 
vn -0.796093 0 0.605174 
vn -0.647386 0 0.762162 
vn -0.725995 0 0.687699 
vn -0.561187 0 0.827689 
vn -0.647386 0 0.762162 
vn -0.468408 0 0.883512 
vn -0.561187 0 0.827689 
vn -0.370138 0 0.928977 
vn -0.468408 0 0.883512 
vn -0.267528 0 0.96355 
vn -0.370138 0 0.928977 
vn -0.161782 0 0.986827 
vn -0.267528 0 0.96355 
vn -0.0541389 0 0.998533 
vn -0.161782 0 0.986827 
vn 0.0541389 0 0.998533 
vn -0.0541389 0 0.998533 
vn 0.161782 0 0.986827 
vn 0.0541389 0 0.998533 
vn 0.267528 0 0.96355 
vn 0.161782 0 0.986827 
vn 0.370138 0 0.928977 
vn 0.267528 0 0.96355 
vn 0.468408 0 0.883512 
vn 0.382597 0 0.923915 
vn 0.370138 0 0.928977 
vn 0.561187 0 0.827689 
vn 0.468408 0 0.883512 
vn 0.647386 0 0.762162 
vn 0.561187 0 0.827689 
vn 0.725995 0 0.687699 
vn 0.647386 0 0.762162 
vn 0.796093 0 0.605174 
vn 0.725995 0 0.687699 
vn 0.856857 0 0.515554 
vn 0.796093 0 0.605174 
vn 0.907575 0 0.419889 
vn 0.856857 0 0.515554 
vn 0.947653 0 0.319302 
vn 0.907575 0 0.419889 
vn 0.976621 0 0.21497 
vn 0.947653 0 0.319302 
vn 0.994138 0 0.108119 
vn 0.976621 0 0.21497 
vn 0.994138 0 -0.108119 
vn 1 0 -2.44929e-16 
vn 0.976621 0 -0.21497 
vn 0.994138 0 -0.108119 
vn 0.947653 0 -0.319302 
vn 0.976621 0 -0.21497 
vn 0.907575 0 -0.419889 
vn 0.947653 0 -0.319302 
vn 0.856857 0 -0.515554 
vn 0.907575 0 -0.419889 
vn 0.796093 0 -0.605174 
vn 0.856857 0 -0.515554 
vn 0.725995 0 -0.687699 
vn 0.796093 0 -0.605174 
vn 0.647386 0 -0.762162 
vn 0.725995 0 -0.687699 
vn 0.561187 0 -0.827689 
vn 0.647386 0 -0.762162 
vn 0.468408 0 -0.883512 
vn 0.561187 0 -0.827689 
vn 0.370138 0 -0.928977 
vn 0.468408 0 -0.883512 
vn 0.267528 0 -0.96355 
vn 0.370138 0 -0.928977 
vn 0.161782 0 -0.986827 
vn 0.267528 0 -0.96355 
vn 0.0541389 0 -0.998533 
vn 0.161782 0 -0.986827 
vn -0.0541389 0 -0.998533 
vn 0.0541389 0 -0.998533 
vn -0.161782 0 -0.986827 
vn -0.0541389 0 -0.998533 
vn -0.267528 0 -0.96355 
vn -0.161782 0 -0.986827 
vn -0.370138 0 -0.928977 
vn -0.267528 0 -0.96355 
vn -0.468408 0 -0.883512 
vn -0.370138 0 -0.928977 
vn -0.561187 0 -0.827689 
vn -0.468408 0 -0.883512 
vn -0.647386 0 -0.762162 
vn -0.561187 0 -0.827689 
vn -0.725995 0 -0.687699 
vn -0.647386 0 -0.762162 
vn -0.796093 0 -0.605174 
vn -0.725995 0 -0.687699 
vn -0.856857 0 -0.515554 
vn -0.796093 0 -0.605174 
vn -0.907575 0 -0.419889 
vn -0.856857 0 -0.515554 
vn -0.947653 0 -0.319302 
vn -0.907575 0 -0.419889 
vn -0.976621 0 -0.21497 
vn -0.947653 0 -0.319302 
vn -0.994138 0 -0.108119 
vn -0.976621 0 -0.21497 
vn -1 0 1.22465e-16 
vn -0.994138 0 -0.108119 
vn -0.994138 0 0.108119 
vn -1 0 1.22465e-16 
vn -0.976621 0 0.21497 
vn -0.994138 0 0.108119 
vn -0.947653 0 0.319302 
vn -0.976621 0 0.21497 
vn -0.907575 0 0.419889 
vn -0.947653 0 0.319302 
vn -0.856857 0 0.515554 
vn -0.907575 0 0.419889 
vn -0.796093 0 0.605174 
vn -0.856857 0 0.515554 
vn -0.725995 0 0.687699 
vn -0.796093 0 0.605174 
vn -0.647386 0 0.762162 
vn -0.725995 0 0.687699 
vn -0.561187 0 0.827689 
vn -0.647386 0 0.762162 
vn -0.468408 0 0.883512 
vn -0.561187 0 0.827689 
vn -0.370138 0 0.928977 
vn -0.468408 0 0.883512 
vn -0.267528 0 0.96355 
vn -0.370138 0 0.928977 
vn -0.161782 0 0.986827 
vn -0.267528 0 0.96355 
vn -0.0541389 0 0.998533 
vn -0.161782 0 0.986827 
vn 0.0541389 0 0.998533 
vn -0.0541389 0 0.998533 
vn 0.161782 0 0.986827 
vn 0.0541389 0 0.998533 
vn 0.267528 0 0.96355 
vn 0.161782 0 0.986827 
vn 0.370138 0 0.928977 
vn 0.267528 0 0.96355 
vn 0.468408 0 0.883512 
vn 0.370138 0 0.928977 
vn 0.561187 0 0.827689 
vn 0.468408 0 0.883512 
vn 0.647386 0 0.762162 
vn 0.561187 0 0.827689 
vn 0.725995 0 0.687699 
vn 0.647386 0 0.762162 
vn 0.796093 0 0.605174 
vn 0.725995 0 0.687699 
vn 0.856857 0 0.515554 
vn 0.796093 0 0.605174 
vn 0.907575 0 0.419889 
vn 0.856857 0 0.515554 
vn 0.947653 0 0.319302 
vn 0.907575 0 0.419889 
vn 0.976621 0 0.21497 
vn 0.947653 0 0.319302 
vn 0.994138 0 0.108119 
vn 0.976621 0 0.21497 
vn 0.994138 0 -0.108119 
vn 1 0 -2.44929e-16 
vn 0.976621 0 -0.21497 
vn 0.994138 0 -0.108119 
vn 0.947653 0 -0.319302 
vn 0.976621 0 -0.21497 
vn 0.907575 0 -0.419889 
vn 0.947653 0 -0.319302 
vn 0.856857 0 -0.515554 
vn 0.907575 0 -0.419889 
vn 0.796093 0 -0.605174 
vn 0.856857 0 -0.515554 
vn 0.725995 0 -0.687699 
vn 0.796093 0 -0.605174 
vn 0.647386 0 -0.762162 
vn 0.725995 0 -0.687699 
vn 0.561187 0 -0.827689 
vn 0.647386 0 -0.762162 
vn 0.468408 0 -0.883512 
vn 0.561187 0 -0.827689 
vn 0.370138 0 -0.928977 
vn 0.468408 0 -0.883512 
vn 0.267528 0 -0.96355 
vn 0.370138 0 -0.928977 
vn 0.161782 0 -0.986827 
vn 0.267528 0 -0.96355 
vn 0.0541389 0 -0.998533 
vn 0.161782 0 -0.986827 
vn -0.0541389 0 -0.998533 
vn 0.0541389 0 -0.998533 
vn -0.161782 0 -0.986827 
vn -0.0541389 0 -0.998533 
vn -0.267528 0 -0.96355 
vn -0.161782 0 -0.986827 
vn -0.370138 0 -0.928977 
vn -0.309963 0 -0.950748 
vn -0.267528 0 -0.96355 
vn -0.468408 0 -0.883512 
vn -0.370138 0 -0.928977 
vn -0.561187 0 -0.827689 
vn -0.468408 0 -0.883512 
vn -0.647386 0 -0.762162 
vn -0.561187 0 -0.827689 
vn -0.725995 0 -0.687699 
vn -0.647386 0 -0.762162 
vn -0.796093 0 -0.605174 
vn -0.725995 0 -0.687699 
vn -0.856857 0 -0.515554 
vn -0.796093 0 -0.605174 
vn -0.907575 0 -0.419889 
vn -0.856857 0 -0.515554 
vn -0.947653 0 -0.319302 
vn -0.907575 0 -0.419889 
vn -0.976621 0 -0.21497 
vn -0.947653 0 -0.319302 
vn -0.994138 0 -0.108119 
vn -0.976621 0 -0.21497 
vn -1 0 1.22465e-16 
vn -0.994138 0 -0.108119 
vn -0.994138 0 0.108119 
vn -1 0 1.22465e-16 
vn -0.976621 0 0.21497 
vn -0.994138 0 0.108119 
vn -0.947653 0 0.319302 
vn -0.976621 0 0.21497 
vn -0.907575 0 0.419889 
vn -0.947653 0 0.319302 
vn -0.856857 0 0.515554 
vn -0.907575 0 0.419889 
vn -0.796093 0 0.605174 
vn -0.856857 0 0.515554 
vn -0.725995 0 0.687699 
vn -0.796093 0 0.605174 
vn -0.647386 0 0.762162 
vn -0.725995 0 0.687699 
vn -0.561187 0 0.827689 
vn -0.647386 0 0.762162 
vn -0.468408 0 0.883512 
vn -0.561187 0 0.827689 
vn -0.370138 0 0.928977 
vn -0.468408 0 0.883512 
vn -0.267528 0 0.96355 
vn -0.309963 0 0.950748 
vn -0.370138 0 0.928977 
vn -0.161782 0 0.986827 
vn -0.267528 0 0.96355 
vn -0.0541389 0 0.998533 
vn -0.161782 0 0.986827 
vn 0.0541389 0 0.998533 
vn -0.0541389 0 0.998533 
vn 0.161782 0 0.986827 
vn 0.0541389 0 0.998533 
vn 0.267528 0 0.96355 
vn 0.161782 0 0.986827 
vn 0.370138 0 0.928977 
vn 0.267528 0 0.96355 
vn 0.468408 0 0.883512 
vn 0.370138 0 0.928977 
vn 0.561187 0 0.827689 
vn 0.468408 0 0.883512 
vn 0.647386 0 0.762162 
vn 0.561187 0 0.827689 
vn 0.725995 0 0.687699 
vn 0.647386 0 0.762162 
vn 0.796093 0 0.605174 
vn 0.725995 0 0.687699 
vn 0.856857 0 0.515554 
vn 0.796093 0 0.605174 
vn 0.907575 0 0.419889 
vn 0.856857 0 0.515554 
vn 0.947653 0 0.319302 
vn 0.907575 0 0.419889 
vn 0.976621 0 0.21497 
vn 0.947653 0 0.319302 
vn 0.994138 0 0.108119 
vn 0.976621 0 0.21497 
vn 0.994138 0 -0.108119 
vn 1 0 -2.44929e-16 
vn 0.976621 0 -0.21497 
vn 0.994138 0 -0.108119 
vn 0.947653 0 -0.319302 
vn 0.976621 0 -0.21497 
vn 0.907575 0 -0.419889 
vn 0.947653 0 -0.319302 
vn 0.856857 0 -0.515554 
vn 0.907575 0 -0.419889 
vn 0.796093 0 -0.605174 
vn 0.856857 0 -0.515554 
vn 0.725995 0 -0.687699 
vn 0.796093 0 -0.605174 
vn 0.647386 0 -0.762162 
vn 0.725995 0 -0.687699 
vn 0.561187 0 -0.827689 
vn 0.647386 0 -0.762162 
vn 0.468408 0 -0.883512 
vn 0.561187 0 -0.827689 
vn 0.370138 0 -0.928977 
vn 0.468408 0 -0.883512 
vn 0.267528 0 -0.96355 
vn 0.370138 0 -0.928977 
vn 0.161782 0 -0.986827 
vn 0.267528 0 -0.96355 
vn 0.0541389 0 -0.998533 
vn 0.161782 0 -0.986827 
vn -0.0541389 0 -0.998533 
vn 0.0541389 0 -0.998533 
vn -0.161782 0 -0.986827 
vn -0.0541389 0 -0.998533 
vn -0.267528 0 -0.96355 
vn -0.161782 0 -0.986827 
vn -0.370138 0 -0.928977 
vn -0.309963 0 -0.950748 
vn -0.267528 0 -0.96355 
vn -0.468408 0 -0.883512 
vn -0.370138 0 -0.928977 
vn -0.561187 0 -0.827689 
vn -0.468408 0 -0.883512 
vn -0.647386 0 -0.762162 
vn -0.561187 0 -0.827689 
vn -0.725995 0 -0.687699 
vn -0.647386 0 -0.762162 
vn -0.796093 0 -0.605174 
vn -0.725995 0 -0.687699 
vn -0.856857 0 -0.515554 
vn -0.796093 0 -0.605174 
vn -0.907575 0 -0.419889 
vn -0.856857 0 -0.515554 
vn -0.947653 0 -0.319302 
vn -0.907575 0 -0.419889 
vn -0.976621 0 -0.21497 
vn -0.947653 0 -0.319302 
vn -0.994138 0 -0.108119 
vn -0.976621 0 -0.21497 
vn -1 0 1.22465e-16 
vn -0.994138 0 -0.108119 
vn -0.994138 0 0.108119 
vn -1 0 1.22465e-16 
vn -0.976621 0 0.21497 
vn -0.994138 0 0.108119 
vn -0.947653 0 0.319302 
vn -0.976621 0 0.21497 
vn -0.907575 0 0.419889 
vn -0.947653 0 0.319302 
vn -0.856857 0 0.515554 
vn -0.907575 0 0.419889 
vn -0.796093 0 0.605174 
vn -0.856857 0 0.515554 
vn -0.725995 0 0.687699 
vn -0.796093 0 0.605174 
vn -0.647386 0 0.762162 
vn -0.725995 0 0.687699 
vn -0.561187 0 0.827689 
vn -0.647386 0 0.762162 
vn -0.468408 0 0.883512 
vn -0.561187 0 0.827689 
vn -0.370138 0 0.928977 
vn -0.468408 0 0.883512 
vn -0.267528 0 0.96355 
vn -0.309963 0 0.950748 
vn -0.370138 0 0.928977 
vn -0.161782 0 0.986827 
vn -0.267528 0 0.96355 
vn -0.0541389 0 0.998533 
vn -0.161782 0 0.986827 
vn 0.0541389 0 0.998533 
vn -0.0541389 0 0.998533 
vn 0.161782 0 0.986827 
vn 0.0541389 0 0.998533 
vn 0.267528 0 0.96355 
vn 0.161782 0 0.986827 
vn 0.370138 0 0.928977 
vn 0.267528 0 0.96355 
vn 0.468408 0 0.883512 
vn 0.370138 0 0.928977 
vn 0.561187 0 0.827689 
vn 0.468408 0 0.883512 
vn 0.647386 0 0.762162 
vn 0.561187 0 0.827689 
vn 0.725995 0 0.687699 
vn 0.647386 0 0.762162 
vn 0.796093 0 0.605174 
vn 0.725995 0 0.687699 
vn 0.856857 0 0.515554 
vn 0.796093 0 0.605174 
vn 0.907575 0 0.419889 
vn 0.856857 0 0.515554 
vn 0.947653 0 0.319302 
vn 0.907575 0 0.419889 
vn 0.976621 0 0.21497 
vn 0.947653 0 0.319302 
vn 0.994138 0 0.108119 
vn 0.976621 0 0.21497 
vn 0.994138 0 -0.108119 
vn 1 0 -2.44929e-16 
vn 0.976621 0 -0.21497 
vn 0.994138 0 -0.108119 
vn 0.947653 0 -0.319302 
vn 0.976621 0 -0.21497 
vn 0.907575 0 -0.419889 
vn 0.947653 0 -0.319302 
vn 0.856857 0 -0.515554 
vn 0.907575 0 -0.419889 
vn 0.796093 0 -0.605174 
vn 0.856857 0 -0.515554 
vn 0.725995 0 -0.687699 
vn 0.796093 0 -0.605174 
vn 0.647386 0 -0.762162 
vn 0.725995 0 -0.687699 
vn 0.561187 0 -0.827689 
vn 0.647386 0 -0.762162 
vn 0.468408 0 -0.883512 
vn 0.561187 0 -0.827689 
vn 0.370138 0 -0.928977 
vn 0.468408 0 -0.883512 
vn 0.267528 0 -0.96355 
vn 0.370138 0 -0.928977 
vn 0.161782 0 -0.986827 
vn 0.267528 0 -0.96355 
vn 0.0541389 0 -0.998533 
vn 0.161782 0 -0.986827 
vn -0.0541389 0 -0.998533 
vn 0.0541389 0 -0.998533 
vn -0.161782 0 -0.986827 
vn -0.0541389 0 -0.998533 
vn -0.267528 0 -0.96355 
vn -0.161782 0 -0.986827 
vn -0.370138 0 -0.928977 
vn -0.267528 0 -0.96355 
vn -0.468408 0 -0.883512 
vn -0.370138 0 -0.928977 
vn -0.561187 0 -0.827689 
vn -0.468408 0 -0.883512 
vn -0.647386 0 -0.762162 
vn -0.561187 0 -0.827689 
vn -0.725995 0 -0.687699 
vn -0.647386 0 -0.762162 
vn -0.796093 0 -0.605174 
vn -0.725995 0 -0.687699 
vn -0.856857 0 -0.515554 
vn -0.796093 0 -0.605174 
vn -0.907575 0 -0.419889 
vn -0.856857 0 -0.515554 
vn -0.947653 0 -0.319302 
vn -0.907575 0 -0.419889 
vn -0.976621 0 -0.21497 
vn -0.947653 0 -0.319302 
vn -0.994138 0 -0.108119 
vn -0.976621 0 -0.21497 
vn -1 0 1.22465e-16 
vn -0.994138 0 -0.108119 
vn -0.994138 0 0.108119 
vn -1 0 1.22465e-16 
vn -0.976621 0 0.21497 
vn -0.994138 0 0.108119 
vn -0.947653 0 0.319302 
vn -0.976621 0 0.21497 
vn -0.907575 0 0.419889 
vn -0.947653 0 0.319302 
vn -0.856857 0 0.515554 
vn -0.907575 0 0.419889 
vn -0.796093 0 0.605174 
vn -0.856857 0 0.515554 
vn -0.725995 0 0.687699 
vn -0.796093 0 0.605174 
vn -0.647386 0 0.762162 
vn -0.725995 0 0.687699 
vn -0.561187 0 0.827689 
vn -0.647386 0 0.762162 
vn -0.468408 0 0.883512 
vn -0.561187 0 0.827689 
vn -0.370138 0 0.928977 
vn -0.468408 0 0.883512 
vn -0.267528 0 0.96355 
vn -0.370138 0 0.928977 
vn -0.161782 0 0.986827 
vn -0.267528 0 0.96355 
vn -0.0541389 0 0.998533 
vn -0.161782 0 0.986827 
vn 0.0541389 0 0.998533 
vn -0.0541389 0 0.998533 
vn 0.161782 0 0.986827 
vn 0.0541389 0 0.998533 
vn 0.267528 0 0.96355 
vn 0.161782 0 0.986827 
vn 0.370138 0 0.928977 
vn 0.267528 0 0.96355 
vn 0.468408 0 0.883512 
vn 0.370138 0 0.928977 
vn 0.561187 0 0.827689 
vn 0.468408 0 0.883512 
vn 0.647386 0 0.762162 
vn 0.561187 0 0.827689 
vn 0.725995 0 0.687699 
vn 0.647386 0 0.762162 
vn 0.796093 0 0.605174 
vn 0.725995 0 0.687699 
vn 0.856857 0 0.515554 
vn 0.796093 0 0.605174 
vn 0.907575 0 0.419889 
vn 0.856857 0 0.515554 
vn 0.947653 0 0.319302 
vn 0.907575 0 0.419889 
vn 0.976621 0 0.21497 
vn 0.947653 0 0.319302 
vn 0.994138 0 0.108119 
vn 0.976621 0 0.21497 
usemtl 0.615686_0.811765_0.929412_0.000000_0.000000
o mesh0
f 1//1 2//2 3//3 
f 2//2 4//4 3//3 
f 5//5 6//6 7//7 
f 7//7 2//2 5//5 
f 5//5 8//8 9//9 
f 9//9 10//10 5//5 
f 8//8 11//11 9//9 
f 8//8 12//12 13//13 
f 12//12 14//14 13//13 
f 15//15 16//16 17//17 
f 17//17 12//12 15//15 
f 15//15 18//18 16//16 
f 15//15 19//19 20//20 
f 19//19 21//21 20//20 
f 22//22 23//23 24//24 
f 24//24 19//19 22//22 
f 22//22 25//25 26//26 
f 26//26 27//27 22//22 
f 25//25 28//28 26//26 
f 29//29 30//30 31//31 
f 31//31 25//25 29//29 
f 32//32 33//33 34//34 
f 34//34 29//29 32//32 
f 32//32 35//35 33//33 
f 32//32 36//36 37//37 
f 36//36 38//38 37//37 
f 39//39 40//40 41//41 
f 41//41 36//36 39//39 
f 39//39 42//42 43//43 
f 43//43 44//44 39//39 
f 42//42 45//45 43//43 
f 46//46 47//47 48//48 
f 48//48 42//42 46//46 
f 49//49 50//50 51//51 
f 51//51 46//46 49//49 
f 49//49 52//52 50//50 
f 49//49 53//53 54//54 
f 53//53 55//55 54//54 
f 56//56 57//57 58//58 
f 58//58 53//53 56//56 
f 56//56 59//59 57//57 
f 56//56 60//60 61//61 
f 60//60 62//62 61//61 
f 63//63 64//64 65//65 
f 65//65 60//60 63//63 
f 63//63 66//66 67//67 
f 67//67 68//68 63//63 
f 66//66 69//69 67//67 
f 66//66 70//70 71//71 
f 70//70 72//72 71//71 
f 73//73 74//74 75//75 
f 75//75 70//70 73//73 
f 73//73 76//76 74//74 
f 73//73 77//77 78//78 
f 77//77 79//79 78//78 
f 80//80 81//81 82//82 
f 82//82 77//77 80//80 
f 80//80 83//83 84//84 
f 84//84 85//85 80//80 
f 83//83 86//86 84//84 
f 87//87 88//88 89//89 
f 89//89 83//83 87//87 
f 90//90 91//91 92//92 
f 92//92 87//87 90//90 
f 90//90 93//93 91//91 
f 90//90 94//94 95//95 
f 94//94 96//96 95//95 
f 97//97 98//97 99//98 
f 99//98 94//94 97//97 
f 97//97 100//99 101//100 
f 100//99 102//101 101//100 
f 103//102 104//103 105//104 
f 105//104 100//99 103//102 
f 103//102 106//105 107//106 
f 107//106 108//107 103//102 
f 106//105 109//108 107//106 
f 106//105 110//109 111//110 
f 110//109 112//111 111//110 
f 113//112 114//113 115//114 
f 115//114 110//109 113//112 
f 113//112 116//115 114//113 
f 113//112 117//116 118//117 
f 117//116 119//118 118//117 
f 120//119 121//120 122//121 
f 122//121 117//116 120//119 
f 120//119 123//122 124//123 
f 124//123 125//124 120//119 
f 123//122 126//125 124//123 
f 127//126 128//127 129//128 
f 129//128 123//122 127//126 
f 130//129 131//130 132//131 
f 132//131 127//126 130//129 
f 130//129 133//132 131//130 
f 130//129 134//133 135//134 
f 134//133 136//135 135//134 
f 137//136 138//137 139//138 
f 139//138 134//133 137//136 
f 137//136 140//139 141//140 
f 141//140 142//141 137//136 
f 140//139 143//142 141//140 
f 144//143 145//144 146//145 
f 146//145 140//139 144//143 
f 144//143 147//146 148//147 
f 148//147 149//148 144//143 
f 147//146 150//149 148//147 
f 147//146 151//150 152//151 
f 151//150 153//152 152//151 
f 154//153 155//154 156//155 
f 156//155 151//150 154//153 
f 154//153 157//156 155//154 
f 154//153 158//157 159//158 
f 158//157 160//159 159//158 
f 161//160 162//161 163//162 
f 163//162 158//157 161//160 
f 161//160 164//163 165//164 
f 165//164 166//165 161//160 
f 164//163 167//166 165//164 
f 164//163 168//167 169//168 
f 168//167 170//169 169//168 
f 171//170 172//171 173//172 
f 173//172 168//167 171//170 
f 171//170 174//173 172//171 
f 171//170 175//174 176//175 
f 175//174 177//176 176//175 
f 178//177 179//178 180//179 
f 180//179 175//174 178//177 
f 178//177 181//180 182//181 
f 182//181 183//182 178//177 
f 181//180 184//183 182//181 
f 185//184 186//185 187//186 
f 187//186 181//180 185//184 
f 188//187 189//188 190//189 
f 190//189 185//184 188//187 
f 188//187 191//190 189//188 
f 188//187 192//191 193//192 
f 192//191 194//193 193//192 
f 1//1 195//194 196//195 
f 196//195 192//191 1//1 
f 196//195 194//193 192//191 
f 193//192 191//190 188//187 
f 190//189 186//185 185//184 
f 187//186 184//183 181//180 
f 183//182 179//178 178//177 
f 180//179 177//176 175//174 
f 176//175 174//173 171//170 
f 173//172 170//169 168//167 
f 169//168 167//166 164//163 
f 166//165 162//161 161//160 
f 163//162 160//159 158//157 
f 159//158 157//156 154//153 
f 156//155 153//152 151//150 
f 152//151 150//149 147//146 
f 149//148 145//144 144//143 
f 146//145 143//142 140//139 
f 142//141 138//137 137//136 
f 139//138 136//135 134//133 
f 135//134 133//132 130//129 
f 132//131 128//127 127//126 
f 129//128 126//125 123//122 
f 125//124 121//120 120//119 
f 122//121 119//118 117//116 
f 118//117 116//115 113//112 
f 115//114 112//111 110//109 
f 111//110 109//108 106//105 
f 108//107 104//103 103//102 
f 105//104 102//101 100//99 
f 101//100 98//97 97//97 
f 99//98 96//96 94//94 
f 95//95 93//93 90//90 
f 92//92 88//88 87//87 
f 89//89 86//86 83//83 
f 85//85 81//81 80//80 
f 82//82 79//79 77//77 
f 78//78 76//76 73//73 
f 75//75 72//72 70//70 
f 71//71 69//69 66//66 
f 68//68 64//64 63//63 
f 65//65 62//62 60//60 
f 61//61 59//59 56//56 
f 58//58 55//55 53//53 
f 54//54 52//52 49//49 
f 51//51 47//47 46//46 
f 48//48 45//45 42//42 
f 44//44 40//40 39//39 
f 41//41 38//38 36//36 
f 37//37 35//35 32//32 
f 34//34 30//30 29//29 
f 31//31 28//28 25//25 
f 27//27 23//23 22//22 
f 24//24 21//21 19//19 
f 20//20 18//18 15//15 
f 17//17 14//14 12//12 
f 13//13 11//11 8//8 
f 10//10 6//6 5//5 
f 7//7 4//4 2//2 
f 3//3 195//194 1//1 
o mesh1
f 103//196 197//196 198//196 
f 103//196 100//196 199//196 
f 97//196 200//196 199//196 
f 94//196 201//196 200//196 
f 199//196 197//196 103//196 
f 200//196 97//196 94//196 
f 90//196 202//196 201//196 
f 87//196 203//196 202//196 
f 199//196 100//196 97//196 
f 202//196 90//196 87//196 
f 56//196 204//196 205//196 
f 56//196 53//196 206//196 
f 19//196 15//196 207//196 
f 15//196 12//196 208//196 
f 130//196 209//196 210//196 
f 127//196 211//196 209//196 
f 201//196 94//196 90//196 
f 87//196 83//196 212//196 
f 206//196 204//196 56//196 
f 53//196 49//196 213//196 
f 36//196 32//196 214//196 
f 32//196 29//196 215//196 
f 29//196 25//196 216//196 
f 22//196 217//196 216//196 
f 22//196 19//196 218//196 
f 208//196 207//196 15//196 
f 181//196 219//196 220//196 
f 178//196 221//196 219//196 
f 209//196 130//196 127//196 
f 123//196 222//196 211//196 
f 117//196 223//196 224//196 
f 117//196 113//196 225//196 
f 113//196 110//196 226//196 
f 110//196 106//196 198//196 
f 212//196 203//196 87//196 
f 83//196 80//196 227//196 
f 77//196 228//196 227//196 
f 77//196 73//196 229//196 
f 70//196 230//196 229//196 
f 66//196 231//196 230//196 
f 63//196 232//196 231//196 
f 63//196 60//196 205//196 
f 213//196 206//196 53//196 
f 49//196 46//196 233//196 
f 42//196 234//196 233//196 
f 42//196 39//196 235//196 
f 39//196 36//196 236//196 
f 215//196 214//196 32//196 
f 216//196 25//196 22//196 
f 207//196 218//196 19//196 
f 219//196 181//196 178//196 
f 175//196 237//196 221//196 
f 211//196 127//196 123//196 
f 123//196 120//196 224//196 
f 225//196 223//196 117//196 
f 198//196 226//196 110//196 
f 227//196 212//196 83//196 
f 229//196 228//196 77//196 
f 230//196 70//196 66//196 
f 205//196 232//196 63//196 
f 233//196 213//196 49//196 
f 235//196 234//196 42//196 
f 214//196 236//196 36//196 
f 218//196 217//196 22//196 
f 8//196 238//196 208//196 
f 5//196 239//196 238//196 
f 2//196 240//196 239//196 
f 2//196 1//196 241//196 
f 221//196 178//196 175//196 
f 175//196 171//196 242//196 
f 224//196 222//196 123//196 
f 226//196 225//196 113//196 
f 227//196 80//196 77//196 
f 231//196 66//196 63//196 
f 233//196 46//196 42//196 
f 216//196 215//196 29//196 
f 238//196 8//196 5//196 
f 241//196 240//196 2//196 
f 188//196 185//196 220//196 
f 242//196 237//196 175//196 
f 168//196 243//196 242//196 
f 168//196 164//196 244//196 
f 164//196 161//196 245//196 
f 161//196 158//196 246//196 
f 158//196 154//196 247//196 
f 154//196 151//196 248//196 
f 140//196 249//196 250//196 
f 140//196 137//196 251//196 
f 224//196 120//196 117//196 
f 229//196 73//196 70//196 
f 236//196 235//196 39//196 
f 239//196 5//196 2//196 
f 192//196 252//196 241//196 
f 192//196 188//196 253//196 
f 220//196 185//196 181//196 
f 244//196 243//196 168//196 
f 246//196 245//196 161//196 
f 248//196 247//196 154//196 
f 151//196 147//196 254//196 
f 147//196 144//196 250//196 
f 251//196 249//196 140//196 
f 137//196 134//196 210//196 
f 198//196 106//196 103//196 
f 208//196 12//196 8//196 
f 253//196 252//196 192//196 
f 242//196 171//196 168//196 
f 247//196 246//196 158//196 
f 250//196 254//196 147//196 
f 210//196 251//196 137//196 
f 205//196 60//196 56//196 
f 220//196 253//196 188//196 
f 254//196 248//196 151//196 
f 210//196 134//196 130//196 
f 245//196 244//196 164//196 
f 241//196 1//196 192//196 
f 250//196 144//196 140//196 
o mesh2
f 255//196 256//196 347//197 
f 256//196 257//196 348//198 
f 257//196 258//199 349//200 
f 258//199 259//199 350//201 
f 350//201 259//199 260//202 
f 260//202 351//203 350//201 
f 261//204 262//204 352//205 
f 262//204 263//204 353//206 
f 263//204 264//207 354//208 
f 264//207 265//207 355//209 
f 265//207 266//210 356//211 
f 266//210 267//210 357//212 
f 267//210 268//213 358//214 
f 268//213 269//213 359//215 
f 359//215 269//213 270//216 
f 270//216 360//217 359//215 
f 361//218 360//217 271//219 
f 360//217 272//220 271//219 
f 273//220 274//220 362//221 
f 274//220 275//220 363//222 
f 275//220 276//223 364//224 
f 276//223 277//223 365//225 
f 277//223 278//226 366//227 
f 278//226 279//226 367//228 
f 279//226 280//229 368//230 
f 280//229 281//229 369//231 
f 281//229 282//232 370//233 
f 282//232 283//232 371//234 
f 283//232 284//235 372//236 
f 372//236 284//235 285//237 
f 285//237 373//238 372//236 
f 374//239 373//238 286//240 
f 373//238 287//241 286//240 
f 288//241 289//241 375//242 
f 289//241 290//241 376//243 
f 290//241 291//244 377//245 
f 291//244 292//244 378//246 
f 292//244 293//247 379//248 
f 293//247 294//247 380//249 
f 294//247 295//250 381//251 
f 295//250 296//250 382//252 
f 383//253 382//252 297//254 
f 382//252 296//250 297//254 
f 298//255 299//255 384//256 
f 299//255 300//255 385//257 
f 300//255 301//258 386//259 
f 301//258 302//258 387//260 
f 302//258 303//261 388//262 
f 303//261 304//261 389//263 
f 304//261 305//264 390//265 
f 305//264 306//264 391//266 
f 391//266 306//264 307//267 
f 307//267 392//268 391//266 
f 308//269 309//269 393//270 
f 309//269 310//269 394//271 
f 310//269 311//272 395//273 
f 311//272 312//272 396//274 
f 312//272 313//275 397//276 
f 313//275 314//275 398//277 
f 314//275 315//278 399//279 
f 315//278 316//278 400//280 
f 400//280 316//278 317//281 
f 317//281 401//282 400//280 
f 318//283 319//283 402//284 
f 319//283 320//283 403//285 
f 320//283 321//286 404//287 
f 321//286 322//286 405//288 
f 322//286 323//289 406//290 
f 323//289 324//289 407//291 
f 324//289 325//292 408//293 
f 325//292 326//292 409//294 
f 326//292 327//295 410//296 
f 327//295 328//295 411//297 
f 328//295 329//298 412//299 
f 329//298 330//298 413//300 
f 330//298 331//301 414//302 
f 415//303 414//302 332//304 
f 414//302 331//301 332//304 
f 333//305 334//305 416//306 
f 334//305 335//305 417//307 
f 335//305 336//308 418//309 
f 336//308 337//308 419//310 
f 337//308 338//311 420//312 
f 338//311 339//311 421//313 
f 339//311 340//314 422//315 
f 340//314 341//314 423//316 
f 424//317 423//316 342//318 
f 423//316 341//314 342//318 
f 343//319 344//319 425//320 
f 344//319 345//319 426//321 
f 345//319 346//322 427//323 
f 346//322 255//196 428//324 
f 428//324 347//197 429//325 
f 347//197 348//198 430//326 
f 348//198 349//200 431//327 
f 349//200 350//201 432//328 
f 350//201 351//203 433//329 
f 351//203 352//205 434//330 
f 352//205 353//206 435//331 
f 353//206 354//208 436//332 
f 354//208 355//209 437//333 
f 355//209 356//211 438//334 
f 356//211 357//212 439//335 
f 357//212 358//214 440//336 
f 358//214 359//215 441//337 
f 359//215 360//217 442//338 
f 360//217 361//218 443//339 
f 361//218 362//221 444//340 
f 362//221 363//222 445//341 
f 363//222 364//224 446//342 
f 364//224 365//225 447//343 
f 365//225 366//227 448//344 
f 366//227 367//228 449//345 
f 367//228 368//230 450//346 
f 368//230 369//231 451//347 
f 369//231 370//233 452//348 
f 370//233 371//234 453//349 
f 371//234 372//236 454//350 
f 372//236 373//238 455//351 
f 373//238 374//239 456//352 
f 374//239 375//242 457//353 
f 375//242 376//243 458//354 
f 376//243 377//245 459//355 
f 377//245 378//246 460//356 
f 378//246 379//248 461//357 
f 379//248 380//249 462//358 
f 380//249 381//251 463//359 
f 381//251 382//252 464//360 
f 382//252 383//253 465//361 
f 383//253 384//256 466//362 
f 384//256 385//257 467//363 
f 385//257 386//259 468//364 
f 386//259 387//260 469//365 
f 387//260 388//262 470//366 
f 388//262 389//263 471//367 
f 389//263 390//265 472//368 
f 390//265 391//266 473//369 
f 391//266 392//268 474//370 
f 392//268 393//270 475//371 
f 393//270 394//271 476//372 
f 394//271 395//273 477//373 
f 395//273 396//274 478//374 
f 396//274 397//276 479//375 
f 397//276 398//277 480//376 
f 398//277 399//279 481//377 
f 399//279 400//280 482//378 
f 400//280 401//282 483//379 
f 401//282 402//284 484//380 
f 402//284 403//285 485//381 
f 403//285 404//287 486//382 
f 404//287 405//288 487//383 
f 405//288 406//290 488//384 
f 406//290 407//291 489//385 
f 407//291 408//293 490//386 
f 408//293 409//294 491//387 
f 409//294 410//296 492//388 
f 410//296 411//297 493//389 
f 411//297 412//299 494//390 
f 412//299 413//300 495//391 
f 413//300 414//302 496//392 
f 414//302 415//303 497//393 
f 415//303 416//306 498//394 
f 416//306 417//307 499//395 
f 417//307 418//309 500//396 
f 418//309 419//310 501//397 
f 419//310 420//312 502//398 
f 420//312 421//313 503//399 
f 421//313 422//315 504//400 
f 422//315 423//316 505//401 
f 423//316 424//317 506//402 
f 424//317 425//320 507//403 
f 425//320 426//321 508//404 
f 426//321 427//323 509//405 
f 427//323 428//324 510//406 
f 510//406 429//325 511//407 
f 429//325 430//326 512//408 
f 430//326 431//327 513//409 
f 431//327 432//328 514//410 
f 432//328 433//329 515//411 
f 433//329 434//330 516//412 
f 434//330 435//331 517//413 
f 435//331 436//332 518//414 
f 436//332 437//333 519//415 
f 437//333 438//334 520//416 
f 438//334 439//335 521//417 
f 439//335 440//336 522//418 
f 440//336 441//337 523//419 
f 441//337 442//338 524//420 
f 442//338 443//339 525//421 
f 443//339 444//340 526//422 
f 444//340 445//341 527//423 
f 445//341 446//342 528//424 
f 446//342 447//343 529//425 
f 447//343 448//344 530//426 
f 448//344 449//345 531//427 
f 449//345 450//346 532//428 
f 450//346 451//347 533//429 
f 451//347 452//348 534//430 
f 452//348 453//349 535//431 
f 453//349 454//350 536//432 
f 454//350 455//351 537//433 
f 455//351 456//352 538//434 
f 456//352 457//353 539//435 
f 457//353 458//354 540//436 
f 458//354 459//355 541//437 
f 459//355 460//356 542//438 
f 460//356 461//357 543//439 
f 461//357 462//358 544//440 
f 462//358 463//359 545//441 
f 463//359 464//360 546//442 
f 464//360 465//361 547//443 
f 465//361 466//362 548//444 
f 466//362 467//363 549//445 
f 467//363 468//364 550//446 
f 468//364 469//365 551//447 
f 469//365 470//366 552//448 
f 470//366 471//367 553//449 
f 471//367 472//368 554//450 
f 472//368 473//369 555//451 
f 473//369 474//370 556//452 
f 474//370 475//371 557//453 
f 475//371 476//372 558//454 
f 476//372 477//373 559//455 
f 477//373 478//374 560//456 
f 478//374 479//375 561//457 
f 479//375 480//376 562//458 
f 480//376 481//377 563//459 
f 481//377 482//378 564//460 
f 482//378 483//379 565//461 
f 483//379 484//380 566//462 
f 484//380 485//381 567//463 
f 485//381 486//382 568//464 
f 486//382 487//383 569//465 
f 487//383 488//384 570//466 
f 488//384 489//385 571//467 
f 489//385 490//386 572//468 
f 490//386 491//387 573//469 
f 491//387 492//388 574//470 
f 492//388 493//389 575//471 
f 493//389 494//390 576//472 
f 494//390 495//391 577//473 
f 495//391 496//392 578//474 
f 496//392 497//393 579//475 
f 497//393 498//394 580//476 
f 498//394 499//395 581//477 
f 499//395 500//396 582//478 
f 500//396 501//397 583//479 
f 501//397 502//398 584//480 
f 502//398 503//399 585//481 
f 503//399 504//400 586//482 
f 504//400 505//401 587//483 
f 505//401 506//402 588//484 
f 506//402 507//403 589//485 
f 507//403 508//404 590//486 
f 508//404 509//405 591//487 
f 509//405 510//406 592//488 
f 592//488 511//407 593//489 
f 511//407 512//408 594//490 
f 512//408 513//409 595//491 
f 513//409 514//410 596//492 
f 514//410 515//411 597//493 
f 515//411 516//412 598//494 
f 516//412 517//413 599//495 
f 517//413 518//414 600//496 
f 518//414 519//415 601//497 
f 519//415 520//416 602//498 
f 520//416 521//417 603//499 
f 521//417 522//418 604//500 
f 522//418 523//419 605//501 
f 523//419 524//420 606//502 
f 524//420 525//421 607//503 
f 525//421 526//422 608//504 
f 526//422 527//423 609//505 
f 527//423 528//424 610//506 
f 528//424 529//425 611//507 
f 529//425 530//426 612//508 
f 530//426 531//427 613//509 
f 531//427 532//428 614//510 
f 532//428 533//429 615//511 
f 533//429 534//430 616//512 
f 534//430 535//431 617//513 
f 535//431 536//432 618//514 
f 536//432 537//433 619//515 
f 537//433 538//434 620//516 
f 538//434 539//435 621//517 
f 539//435 540//436 622//518 
f 540//436 541//437 623//519 
f 541//437 542//438 624//520 
f 542//438 543//439 625//521 
f 543//439 544//440 626//522 
f 544//440 545//441 627//523 
f 545//441 546//442 628//524 
f 546//442 547//443 629//525 
f 547//443 548//444 630//526 
f 548//444 549//445 631//527 
f 549//445 550//446 632//528 
f 550//446 551//447 633//529 
f 551//447 552//448 634//530 
f 552//448 553//449 635//531 
f 553//449 554//450 636//532 
f 554//450 555//451 637//533 
f 555//451 556//452 638//534 
f 556//452 557//453 639//535 
f 557//453 558//454 640//536 
f 558//454 559//455 641//537 
f 559//455 560//456 642//538 
f 560//456 561//457 643//539 
f 561//457 562//458 644//540 
f 562//458 563//459 645//541 
f 563//459 564//460 646//542 
f 564//460 565//461 647//543 
f 565//461 566//462 648//544 
f 566//462 567//463 649//545 
f 567//463 568//464 650//546 
f 568//464 569//465 651//547 
f 569//465 570//466 652//548 
f 570//466 571//467 653//549 
f 571//467 572//468 654//550 
f 572//468 573//469 655//551 
f 573//469 574//470 656//552 
f 574//470 575//471 657//553 
f 575//471 576//472 658//554 
f 576//472 577//473 659//555 
f 577//473 578//474 660//556 
f 578//474 579//475 661//557 
f 579//475 580//476 662//558 
f 580//476 581//477 663//559 
f 581//477 582//478 664//560 
f 582//478 583//479 665//561 
f 583//479 584//480 666//562 
f 584//480 585//481 667//563 
f 585//481 586//482 668//564 
f 586//482 587//483 669//565 
f 587//483 588//484 670//566 
f 588//484 589//485 671//567 
f 589//485 590//486 672//568 
f 590//486 591//487 673//569 
f 591//487 592//488 674//570 
f 674//570 593//489 675//571 
f 593//489 594//490 676//572 
f 594//490 595//491 677//573 
f 595//491 596//492 678//574 
f 596//492 597//493 679//575 
f 597//493 598//494 680//576 
f 598//494 599//495 681//577 
f 599//495 600//496 682//578 
f 600//496 601//497 683//579 
f 601//497 602//498 684//580 
f 602//498 603//499 685//581 
f 603//499 604//500 686//582 
f 604//500 605//501 687//583 
f 605//501 606//502 688//584 
f 606//502 607//503 689//585 
f 607//503 608//504 690//586 
f 608//504 609//505 691//587 
f 609//505 610//506 692//588 
f 610//506 611//507 693//589 
f 611//507 612//508 694//590 
f 612//508 613//509 695//591 
f 613//509 614//510 696//592 
f 614//510 615//511 697//593 
f 615//511 616//512 698//594 
f 616//512 617//513 699//595 
f 617//513 618//514 700//596 
f 618//514 619//515 701//597 
f 619//515 620//516 702//598 
f 620//516 621//517 703//599 
f 621//517 622//518 704//600 
f 622//518 623//519 705//601 
f 623//519 624//520 706//602 
f 624//520 625//521 707//603 
f 625//521 626//522 708//604 
f 626//522 627//523 709//605 
f 627//523 628//524 710//606 
f 628//524 629//525 711//607 
f 629//525 630//526 712//608 
f 630//526 631//527 713//609 
f 631//527 632//528 714//610 
f 632//528 633//529 715//611 
f 633//529 634//530 716//612 
f 634//530 635//531 717//613 
f 635//531 636//532 718//614 
f 636//532 637//533 719//615 
f 637//533 638//534 720//616 
f 638//534 639//535 721//617 
f 639//535 640//536 722//618 
f 640//536 641//537 723//619 
f 641//537 642//538 724//620 
f 642//538 643//539 725//621 
f 643//539 644//540 726//622 
f 644//540 645//541 727//623 
f 645//541 646//542 728//624 
f 646//542 647//543 729//625 
f 647//543 648//544 730//626 
f 648//544 649//545 731//627 
f 649//545 650//546 732//628 
f 650//546 651//547 733//629 
f 651//547 652//548 734//630 
f 652//548 653//549 735//631 
f 653//549 654//550 736//632 
f 654//550 655//551 737//633 
f 655//551 656//552 738//634 
f 656//552 657//553 739//635 
f 657//553 658//554 740//636 
f 658//554 659//555 741//637 
f 659//555 660//556 742//638 
f 660//556 661//557 743//639 
f 661//557 662//558 744//640 
f 662//558 663//559 745//641 
f 663//559 664//560 746//642 
f 664//560 665//561 747//643 
f 665//561 666//562 748//644 
f 666//562 667//563 749//645 
f 667//563 668//564 750//646 
f 668//564 669//565 751//647 
f 669//565 670//566 752//648 
f 670//566 671//567 753//649 
f 671//567 672//568 754//650 
f 672//568 673//569 755//651 
f 673//569 674//570 756//652 
f 756//652 675//571 757//653 
f 675//571 676//572 758//654 
f 676//572 677//573 759//655 
f 677//573 678//574 760//656 
f 678//574 679//575 761//657 
f 679//575 680//576 762//658 
f 680//576 681//577 763//659 
f 681//577 682//578 764//660 
f 682//578 683//579 765//661 
f 683//579 684//580 766//662 
f 684//580 685//581 767//663 
f 685//581 686//582 768//664 
f 686//582 687//583 769//665 
f 687//583 688//584 770//666 
f 688//584 689//585 771//667 
f 689//585 690//586 772//668 
f 690//586 691//587 773//669 
f 691//587 692//588 774//670 
f 692//588 693//589 775//671 
f 693//589 694//590 776//672 
f 694//590 695//591 777//673 
f 695//591 696//592 778//674 
f 696//592 697//593 779//675 
f 697//593 698//594 780//676 
f 698//594 699//595 781//677 
f 699//595 700//596 782//678 
f 700//596 701//597 783//679 
f 701//597 702//598 784//680 
f 702//598 703//599 785//681 
f 703//599 704//600 786//682 
f 704//600 705//601 787//683 
f 705//601 706//602 788//684 
f 706//602 707//603 789//685 
f 707//603 708//604 790//686 
f 708//604 709//605 791//687 
f 709//605 710//606 792//688 
f 710//606 711//607 793//689 
f 711//607 712//608 794//690 
f 712//608 713//609 795//691 
f 713//609 714//610 796//692 
f 714//610 715//611 797//693 
f 715//611 716//612 798//694 
f 716//612 717//613 799//695 
f 717//613 718//614 800//696 
f 718//614 719//615 801//697 
f 719//615 720//616 802//698 
f 720//616 721//617 803//699 
f 721//617 722//618 804//700 
f 722//618 723//619 805//701 
f 723//619 724//620 806//702 
f 724//620 725//621 807//703 
f 725//621 726//622 808//704 
f 726//622 727//623 809//705 
f 727//623 728//624 810//706 
f 728//624 729//625 811//707 
f 729//625 730//626 812//708 
f 730//626 731//627 813//709 
f 731//627 732//628 814//710 
f 732//628 733//629 815//711 
f 733//629 734//630 816//712 
f 734//630 735//631 817//713 
f 735//631 736//632 818//714 
f 736//632 737//633 819//715 
f 737//633 738//634 820//716 
f 738//634 739//635 821//717 
f 739//635 740//636 822//718 
f 740//636 741//637 823//719 
f 741//637 742//638 824//720 
f 742//638 743//639 825//721 
f 743//639 744//640 826//722 
f 744//640 745//641 827//723 
f 745//641 746//642 828//724 
f 746//642 747//643 829//725 
f 747//643 748//644 830//726 
f 748//644 749//645 831//727 
f 749//645 750//646 832//728 
f 750//646 751//647 833//729 
f 751//647 752//648 834//730 
f 752//648 753//649 835//731 
f 753//649 754//650 836//732 
f 754//650 755//651 837//733 
f 755//651 756//652 838//734 
f 838//734 757//653 839//735 
f 757//653 758//654 840//736 
f 758//654 759//655 841//737 
f 759//655 760//656 842//738 
f 760//656 761//657 843//739 
f 761//657 762//658 844//740 
f 762//658 763//659 845//741 
f 763//659 764//660 846//742 
f 764//660 765//661 847//743 
f 765//661 766//662 848//744 
f 766//662 767//663 849//745 
f 767//663 768//664 850//746 
f 768//664 769//665 851//747 
f 769//665 770//666 852//748 
f 770//666 771//667 853//749 
f 771//667 772//668 854//750 
f 772//668 773//669 855//751 
f 773//669 774//670 856//752 
f 774//670 775//671 857//753 
f 775//671 776//672 858//754 
f 776//672 777//673 859//755 
f 777//673 778//674 860//756 
f 778//674 779//675 861//757 
f 779//675 780//676 862//758 
f 780//676 781//677 863//759 
f 781//677 782//678 864//760 
f 782//678 783//679 865//761 
f 783//679 784//680 866//762 
f 784//680 785//681 867//763 
f 785//681 786//682 868//764 
f 786//682 787//683 869//765 
f 787//683 788//684 870//766 
f 788//684 789//685 871//767 
f 789//685 790//686 872//768 
f 790//686 791//687 873//769 
f 791//687 792//688 874//770 
f 792//688 793//689 875//771 
f 793//689 794//690 876//772 
f 794//690 795//691 877//773 
f 795//691 796//692 878//774 
f 796//692 797//693 879//775 
f 797//693 798//694 880//776 
f 798//694 799//695 881//777 
f 799//695 800//696 882//778 
f 800//696 801//697 883//779 
f 801//697 802//698 884//780 
f 802//698 803//699 885//781 
f 803//699 804//700 886//782 
f 804//700 805//701 887//783 
f 805//701 806//702 888//784 
f 806//702 807//703 889//785 
f 807//703 808//704 890//786 
f 808//704 809//705 891//787 
f 809//705 810//706 892//788 
f 810//706 811//707 893//789 
f 811//707 812//708 894//790 
f 812//708 813//709 895//791 
f 813//709 814//710 896//792 
f 814//710 815//711 897//793 
f 815//711 816//712 898//794 
f 816//712 817//713 899//795 
f 817//713 818//714 900//796 
f 818//714 819//715 901//797 
f 819//715 820//716 902//798 
f 820//716 821//717 903//799 
f 821//717 822//718 904//800 
f 822//718 823//719 905//801 
f 823//719 824//720 906//802 
f 824//720 825//721 907//803 
f 825//721 826//722 908//804 
f 826//722 827//723 909//805 
f 827//723 828//724 910//806 
f 828//724 829//725 911//807 
f 829//725 830//726 912//808 
f 830//726 831//727 913//809 
f 831//727 832//728 914//810 
f 832//728 833//729 915//811 
f 833//729 834//730 916//812 
f 834//730 835//731 917//813 
f 835//731 836//732 918//814 
f 836//732 837//733 919//815 
f 837//733 838//734 920//816 
f 920//816 839//735 921//817 
f 839//735 840//736 922//818 
f 840//736 841//737 923//819 
f 841//737 842//738 924//820 
f 842//738 843//739 925//821 
f 843//739 844//740 926//822 
f 844//740 845//741 927//823 
f 845//741 846//742 928//824 
f 846//742 847//743 929//825 
f 847//743 848//744 930//826 
f 848//744 849//745 931//827 
f 849//745 850//746 932//828 
f 850//746 851//747 933//829 
f 851//747 852//748 934//830 
f 852//748 853//749 935//831 
f 853//749 854//750 936//832 
f 854//750 855//751 937//833 
f 855//751 856//752 938//834 
f 856//752 857//753 939//835 
f 857//753 858//754 940//836 
f 858//754 859//755 941//837 
f 859//755 860//756 942//838 
f 860//756 861//757 943//839 
f 861//757 862//758 944//840 
f 862//758 863//759 945//841 
f 863//759 864//760 946//842 
f 864//760 865//761 947//843 
f 865//761 866//762 948//844 
f 866//762 867//763 949//845 
f 867//763 868//764 950//846 
f 868//764 869//765 951//847 
f 869//765 870//766 952//848 
f 870//766 871//767 953//849 
f 871//767 872//768 954//850 
f 872//768 873//769 955//851 
f 873//769 874//770 956//852 
f 874//770 875//771 957//853 
f 875//771 876//772 958//854 
f 876//772 877//773 959//855 
f 877//773 878//774 960//856 
f 878//774 879//775 961//857 
f 879//775 880//776 962//858 
f 880//776 881//777 963//859 
f 881//777 882//778 964//860 
f 882//778 883//779 965//861 
f 883//779 884//780 966//862 
f 884//780 885//781 967//863 
f 885//781 886//782 968//864 
f 886//782 887//783 969//865 
f 887//783 888//784 970//866 
f 888//784 889//785 971//867 
f 889//785 890//786 972//868 
f 890//786 891//787 973//869 
f 891//787 892//788 974//870 
f 892//788 893//789 975//871 
f 893//789 894//790 976//872 
f 894//790 895//791 977//873 
f 895//791 896//792 978//874 
f 896//792 897//793 979//875 
f 897//793 898//794 980//876 
f 898//794 899//795 981//877 
f 899//795 900//796 982//878 
f 900//796 901//797 983//879 
f 901//797 902//798 984//880 
f 902//798 903//799 985//881 
f 903//799 904//800 986//882 
f 904//800 905//801 987//883 
f 905//801 906//802 988//884 
f 906//802 907//803 989//885 
f 907//803 908//804 990//886 
f 908//804 909//805 991//887 
f 909//805 910//806 992//888 
f 910//806 911//807 993//889 
f 911//807 912//808 994//890 
f 912//808 913//809 995//891 
f 913//809 914//810 996//892 
f 914//810 915//811 997//893 
f 915//811 916//812 998//894 
f 916//812 917//813 999//895 
f 917//813 918//814 1000//896 
f 918//814 919//815 1001//897 
f 919//815 920//816 1002//898 
f 1002//898 921//817 1003//899 
f 921//817 922//818 1004//900 
f 922//818 923//819 1005//901 
f 923//819 924//820 1006//902 
f 924//820 925//821 1007//903 
f 925//821 926//822 1008//904 
f 926//822 927//823 1009//905 
f 927//823 928//824 1010//906 
f 928//824 929//825 1011//907 
f 929//825 930//826 1012//908 
f 930//826 931//827 1013//909 
f 931//827 932//828 1014//910 
f 932//828 933//829 1015//911 
f 933//829 934//830 1016//912 
f 934//830 935//831 1017//913 
f 935//831 936//832 1018//914 
f 936//832 937//833 1019//915 
f 937//833 938//834 1020//916 
f 938//834 939//835 1021//917 
f 939//835 940//836 1022//918 
f 940//836 941//837 1023//919 
f 941//837 942//838 1024//920 
f 942//838 943//839 1025//921 
f 943//839 944//840 1026//922 
f 944//840 945//841 1027//923 
f 945//841 946//842 1028//924 
f 946//842 947//843 1029//925 
f 947//843 948//844 1030//926 
f 948//844 949//845 1031//927 
f 949//845 950//846 1032//928 
f 950//846 951//847 1033//929 
f 951//847 952//848 1034//930 
f 952//848 953//849 1035//931 
f 953//849 954//850 1036//932 
f 954//850 955//851 1037//933 
f 955//851 956//852 1038//934 
f 956//852 957//853 1039//935 
f 957//853 958//854 1040//936 
f 958//854 959//855 1041//937 
f 959//855 960//856 1042//938 
f 960//856 961//857 1043//939 
f 961//857 962//858 1044//940 
f 962//858 963//859 1045//941 
f 963//859 964//860 1046//942 
f 964//860 965//861 1047//943 
f 965//861 966//862 1048//944 
f 966//862 967//863 1049//945 
f 967//863 968//864 1050//946 
f 968//864 969//865 1051//947 
f 969//865 970//866 1052//948 
f 970//866 971//867 1053//949 
f 971//867 972//868 1054//950 
f 972//868 973//869 1055//951 
f 973//869 974//870 1056//952 
f 974//870 975//871 1057//953 
f 975//871 976//872 1058//954 
f 976//872 977//873 1059//955 
f 977//873 978//874 1060//956 
f 978//874 979//875 1061//957 
f 979//875 980//876 1062//958 
f 980//876 981//877 1063//959 
f 981//877 982//878 1064//960 
f 982//878 983//879 1065//961 
f 983//879 984//880 1066//962 
f 984//880 985//881 1067//963 
f 985//881 986//882 1068//964 
f 986//882 987//883 1069//965 
f 987//883 988//884 1070//966 
f 988//884 989//885 1071//967 
f 989//885 990//886 1072//968 
f 990//886 991//887 1073//969 
f 991//887 992//888 1074//970 
f 992//888 993//889 1075//971 
f 993//889 994//890 1076//972 
f 994//890 995//891 1077//973 
f 995//891 996//892 1078//974 
f 996//892 997//893 1079//975 
f 997//893 998//894 1080//976 
f 998//894 999//895 1081//977 
f 999//895 1000//896 1082//978 
f 1000//896 1001//897 1083//979 
f 1001//897 1002//898 1084//980 
f 1084//980 1003//899 1085//981 
f 1003//899 1004//900 1086//982 
f 1004//900 1005//901 1087//983 
f 1005//901 1006//902 1088//984 
f 1006//902 1007//903 1089//985 
f 1007//903 1008//904 1090//986 
f 1008//904 1009//905 1091//987 
f 1009//905 1010//906 1092//988 
f 1010//906 1011//907 1093//989 
f 1011//907 1012//908 1094//990 
f 1012//908 1013//909 1095//991 
f 1013//909 1014//910 1096//992 
f 1014//910 1015//911 1097//993 
f 1015//911 1016//912 1098//994 
f 1016//912 1017//913 1099//995 
f 1017//913 1018//914 1100//996 
f 1018//914 1019//915 1101//997 
f 1019//915 1020//916 1102//998 
f 1020//916 1021//917 1103//999 
f 1021//917 1022//918 1104//1000 
f 1022//918 1023//919 1105//1001 
f 1023//919 1024//920 1106//1002 
f 1024//920 1025//921 1107//1003 
f 1025//921 1026//922 1108//1004 
f 1026//922 1027//923 1109//1005 
f 1027//923 1028//924 1110//1006 
f 1028//924 1029//925 1111//1007 
f 1029//925 1030//926 1112//1008 
f 1030//926 1031//927 1113//1009 
f 1031//927 1032//928 1114//1010 
f 1032//928 1033//929 1115//1011 
f 1033//929 1034//930 1116//1012 
f 1034//930 1035//931 1117//1013 
f 1035//931 1036//932 1118//1014 
f 1036//932 1037//933 1119//1015 
f 1037//933 1038//934 1120//1016 
f 1038//934 1039//935 1121//1017 
f 1039//935 1040//936 1122//1018 
f 1040//936 1041//937 1123//1019 
f 1041//937 1042//938 1124//1020 
f 1042//938 1043//939 1125//1021 
f 1043//939 1044//940 1126//1022 
f 1044//940 1045//941 1127//1023 
f 1045//941 1046//942 1128//1024 
f 1046//942 1047//943 1129//1025 
f 1047//943 1048//944 1130//1026 
f 1048//944 1049//945 1131//1027 
f 1049//945 1050//946 1132//1028 
f 1050//946 1051//947 1133//1029 
f 1051//947 1052//948 1134//1030 
f 1052//948 1053//949 1135//1031 
f 1053//949 1054//950 1136//1032 
f 1054//950 1055//951 1137//1033 
f 1055//951 1056//952 1138//1034 
f 1056//952 1057//953 1139//1035 
f 1057//953 1058//954 1140//1036 
f 1058//954 1059//955 1141//1037 
f 1059//955 1060//956 1142//1038 
f 1060//956 1061//957 1143//1039 
f 1061//957 1062//958 1144//1040 
f 1062//958 1063//959 1145//1041 
f 1063//959 1064//960 1146//1042 
f 1064//960 1065//961 1147//1043 
f 1065//961 1066//962 1148//1044 
f 1066//962 1067//963 1149//1045 
f 1067//963 1068//964 1150//1046 
f 1068//964 1069//965 1151//1047 
f 1069//965 1070//966 1152//1048 
f 1070//966 1071//967 1153//1049 
f 1071//967 1072//968 1154//1050 
f 1072//968 1073//969 1155//1051 
f 1073//969 1074//970 1156//1052 
f 1074//970 1075//971 1157//1053 
f 1075//971 1076//972 1158//1054 
f 1076//972 1077//973 1159//1055 
f 1077//973 1078//974 1160//1056 
f 1078//974 1079//975 1161//1057 
f 1079//975 1080//976 1162//1058 
f 1080//976 1081//977 1163//1059 
f 1081//977 1082//978 1164//1060 
f 1082//978 1083//979 1165//1061 
f 1083//979 1084//980 1166//1062 
f 1166//1062 1085//981 1167//1063 
f 1085//981 1086//982 1168//1064 
f 1086//982 1087//983 1169//1065 
f 1087//983 1088//984 1170//1066 
f 1088//984 1089//985 1171//1067 
f 1089//985 1090//986 1172//1068 
f 1090//986 1091//987 1173//1069 
f 1091//987 1092//988 1174//1070 
f 1092//988 1093//989 1175//1071 
f 1093//989 1094//990 1176//1072 
f 1094//990 1095//991 1177//1073 
f 1095//991 1096//992 1178//1074 
f 1096//992 1097//993 1179//1075 
f 1097//993 1098//994 1180//1076 
f 1098//994 1099//995 1181//1077 
f 1099//995 1100//996 1182//1078 
f 1100//996 1101//997 1183//1079 
f 1101//997 1102//998 1184//1080 
f 1102//998 1103//999 1185//1081 
f 1103//999 1104//1000 1186//1082 
f 1104//1000 1105//1001 1187//1083 
f 1105//1001 1106//1002 1188//1084 
f 1106//1002 1107//1003 1189//1085 
f 1107//1003 1108//1004 1190//1086 
f 1108//1004 1109//1005 1191//1087 
f 1109//1005 1110//1006 1192//1088 
f 1110//1006 1111//1007 1193//1089 
f 1111//1007 1112//1008 1194//1090 
f 1112//1008 1113//1009 1195//1091 
f 1113//1009 1114//1010 1196//1092 
f 1114//1010 1115//1011 1197//1093 
f 1115//1011 1116//1012 1198//1094 
f 1116//1012 1117//1013 1199//1095 
f 1117//1013 1118//1014 1200//1096 
f 1118//1014 1119//1015 1201//1097 
f 1119//1015 1120//1016 1202//1098 
f 1120//1016 1121//1017 1203//1099 
f 1121//1017 1122//1018 1204//1100 
f 1122//1018 1123//1019 1205//1101 
f 1123//1019 1124//1020 1206//1102 
f 1124//1020 1125//1021 1207//1103 
f 1125//1021 1126//1022 1208//1104 
f 1126//1022 1127//1023 1209//1105 
f 1127//1023 1128//1024 1210//1106 
f 1128//1024 1129//1025 1211//1107 
f 1129//1025 1130//1026 1212//1108 
f 1130//1026 1131//1027 1213//1109 
f 1131//1027 1132//1028 1214//1110 
f 1132//1028 1133//1029 1215//1111 
f 1133//1029 1134//1030 1216//1112 
f 1134//1030 1135//1031 1217//1113 
f 1135//1031 1136//1032 1218//1114 
f 1136//1032 1137//1033 1219//1115 
f 1137//1033 1138//1034 1220//1116 
f 1138//1034 1139//1035 1221//1117 
f 1139//1035 1140//1036 1222//1118 
f 1140//1036 1141//1037 1223//1119 
f 1141//1037 1142//1038 1224//1120 
f 1142//1038 1143//1039 1225//1121 
f 1143//1039 1144//1040 1226//1122 
f 1144//1040 1145//1041 1227//1123 
f 1145//1041 1146//1042 1228//1124 
f 1146//1042 1147//1043 1229//1125 
f 1147//1043 1148//1044 1230//1126 
f 1148//1044 1149//1045 1231//1127 
f 1149//1045 1150//1046 1232//1128 
f 1150//1046 1151//1047 1233//1129 
f 1151//1047 1152//1048 1234//1130 
f 1152//1048 1153//1049 1235//1131 
f 1153//1049 1154//1050 1236//1132 
f 1154//1050 1155//1051 1237//1133 
f 1155//1051 1156//1052 1238//1134 
f 1156//1052 1157//1053 1239//1135 
f 1157//1053 1158//1054 1240//1136 
f 1158//1054 1159//1055 1241//1137 
f 1159//1055 1160//1056 1242//1138 
f 1160//1056 1161//1057 1243//1139 
f 1161//1057 1162//1058 1244//1140 
f 1162//1058 1163//1059 1245//1141 
f 1163//1059 1164//1060 1246//1142 
f 1164//1060 1165//1061 1247//1143 
f 1165//1061 1166//1062 1248//1144 
f 1248//1144 1167//1063 1249//1145 
f 1167//1063 1168//1064 1250//1146 
f 1168//1064 1169//1065 1251//1147 
f 1169//1065 1170//1066 1252//1148 
f 1170//1066 1171//1067 1253//1149 
f 1171//1067 1172//1068 1254//1150 
f 1172//1068 1173//1069 1255//1151 
f 1173//1069 1174//1070 1256//1152 
f 1174//1070 1175//1071 1257//1153 
f 1175//1071 1176//1072 1258//1154 
f 1176//1072 1177//1073 1259//1155 
f 1177//1073 1178//1074 1260//1156 
f 1178//1074 1179//1075 1261//1157 
f 1179//1075 1180//1076 1262//1158 
f 1180//1076 1181//1077 1263//1159 
f 1181//1077 1182//1078 1264//1160 
f 1182//1078 1183//1079 1265//1161 
f 1183//1079 1184//1080 1266//1162 
f 1184//1080 1185//1081 1267//1163 
f 1185//1081 1186//1082 1268//1164 
f 1186//1082 1187//1083 1269//1165 
f 1187//1083 1188//1084 1270//1166 
f 1188//1084 1189//1085 1271//1167 
f 1189//1085 1190//1086 1272//1168 
f 1190//1086 1191//1087 1273//1169 
f 1191//1087 1192//1088 1274//1170 
f 1192//1088 1193//1089 1275//1171 
f 1193//1089 1194//1090 1276//1172 
f 1194//1090 1195//1091 1277//1173 
f 1195//1091 1196//1092 1278//1174 
f 1196//1092 1197//1093 1279//1175 
f 1197//1093 1198//1094 1280//1176 
f 1198//1094 1199//1095 1281//1177 
f 1199//1095 1200//1096 1282//1178 
f 1200//1096 1201//1097 1283//1179 
f 1201//1097 1202//1098 1284//1180 
f 1202//1098 1203//1099 1285//1181 
f 1203//1099 1204//1100 1286//1182 
f 1204//1100 1205//1101 1287//1183 
f 1205//1101 1206//1102 1288//1184 
f 1206//1102 1207//1103 1289//1185 
f 1207//1103 1208//1104 1290//1186 
f 1208//1104 1209//1105 1291//1187 
f 1209//1105 1210//1106 1292//1188 
f 1210//1106 1211//1107 1293//1189 
f 1211//1107 1212//1108 1294//1190 
f 1212//1108 1213//1109 1295//1191 
f 1213//1109 1214//1110 1296//1192 
f 1214//1110 1215//1111 1297//1193 
f 1215//1111 1216//1112 1298//1194 
f 1216//1112 1217//1113 1299//1195 
f 1217//1113 1218//1114 1300//1196 
f 1218//1114 1219//1115 1301//1197 
f 1219//1115 1220//1116 1302//1198 
f 1220//1116 1221//1117 1303//1199 
f 1221//1117 1222//1118 1304//1200 
f 1222//1118 1223//1119 1305//1201 
f 1223//1119 1224//1120 1306//1202 
f 1224//1120 1225//1121 1307//1203 
f 1225//1121 1226//1122 1308//1204 
f 1226//1122 1227//1123 1309//1205 
f 1227//1123 1228//1124 1310//1206 
f 1228//1124 1229//1125 1311//1207 
f 1229//1125 1230//1126 1312//1208 
f 1230//1126 1231//1127 1313//1209 
f 1231//1127 1232//1128 1314//1210 
f 1232//1128 1233//1129 1315//1211 
f 1233//1129 1234//1130 1316//1212 
f 1234//1130 1235//1131 1317//1213 
f 1235//1131 1236//1132 1318//1214 
f 1236//1132 1237//1133 1319//1215 
f 1237//1133 1238//1134 1320//1216 
f 1238//1134 1239//1135 1321//1217 
f 1239//1135 1240//1136 1322//1218 
f 1240//1136 1241//1137 1323//1219 
f 1241//1137 1242//1138 1324//1220 
f 1242//1138 1243//1139 1325//1221 
f 1243//1139 1244//1140 1326//1222 
f 1244//1140 1245//1141 1327//1223 
f 1245//1141 1246//1142 1328//1224 
f 1246//1142 1247//1143 1329//1225 
f 1247//1143 1248//1144 1330//1226 
f 1330//1226 1249//1145 1331//1227 
f 1249//1145 1250//1146 1332//1228 
f 1250//1146 1251//1147 1333//1229 
f 1251//1147 1252//1148 1334//1230 
f 1252//1148 1253//1149 1335//1231 
f 1253//1149 1254//1150 1336//1232 
f 1254//1150 1255//1151 1337//1233 
f 1255//1151 1256//1152 1338//1234 
f 1256//1152 1257//1153 1339//1235 
f 1257//1153 1258//1154 1340//1236 
f 1258//1154 1259//1155 1341//1237 
f 1259//1155 1260//1156 1342//1238 
f 1260//1156 1261//1157 1343//1239 
f 1261//1157 1262//1158 1344//1240 
f 1262//1158 1263//1159 1345//1241 
f 1263//1159 1264//1160 1346//1242 
f 1264//1160 1265//1161 1347//1243 
f 1265//1161 1266//1162 1348//1244 
f 1266//1162 1267//1163 1349//1245 
f 1267//1163 1268//1164 1350//1246 
f 1268//1164 1269//1165 1351//1247 
f 1269//1165 1270//1166 1352//1248 
f 1270//1166 1271//1167 1353//1249 
f 1271//1167 1272//1168 1354//1250 
f 1272//1168 1273//1169 1355//1251 
f 1273//1169 1274//1170 1356//1252 
f 1274//1170 1275//1171 1357//1253 
f 1275//1171 1276//1172 1358//1254 
f 1276//1172 1277//1173 1359//1255 
f 1277//1173 1278//1174 1360//1256 
f 1278//1174 1279//1175 1361//1257 
f 1279//1175 1280//1176 1362//1258 
f 1280//1176 1281//1177 1363//1259 
f 1281//1177 1282//1178 1364//1260 
f 1282//1178 1283//1179 1365//1261 
f 1283//1179 1284//1180 1366//1262 
f 1284//1180 1285//1181 1367//1263 
f 1285//1181 1286//1182 1368//1264 
f 1286//1182 1287//1183 1369//1265 
f 1287//1183 1288//1184 1370//1266 
f 1288//1184 1289//1185 1371//1267 
f 1289//1185 1290//1186 1372//1268 
f 1290//1186 1291//1187 1373//1269 
f 1291//1187 1292//1188 1374//1270 
f 1292//1188 1293//1189 1375//1271 
f 1293//1189 1294//1190 1376//1272 
f 1294//1190 1295//1191 1377//1273 
f 1295//1191 1296//1192 1378//1274 
f 1296//1192 1297//1193 1379//1275 
f 1297//1193 1298//1194 1380//1276 
f 1298//1194 1299//1195 1381//1277 
f 1299//1195 1300//1196 1382//1278 
f 1300//1196 1301//1197 1383//1279 
f 1301//1197 1302//1198 1384//1280 
f 1302//1198 1303//1199 1385//1281 
f 1303//1199 1304//1200 1386//1282 
f 1304//1200 1305//1201 1387//1283 
f 1305//1201 1306//1202 1388//1284 
f 1306//1202 1307//1203 1389//1285 
f 1307//1203 1308//1204 1390//1286 
f 1308//1204 1309//1205 1391//1287 
f 1309//1205 1310//1206 1392//1288 
f 1310//1206 1311//1207 1393//1289 
f 1311//1207 1312//1208 1394//1290 
f 1312//1208 1313//1209 1395//1291 
f 1313//1209 1314//1210 1396//1292 
f 1314//1210 1315//1211 1397//1293 
f 1315//1211 1316//1212 1398//1294 
f 1316//1212 1317//1213 1399//1295 
f 1317//1213 1318//1214 1400//1296 
f 1318//1214 1319//1215 1401//1297 
f 1319//1215 1320//1216 1402//1298 
f 1320//1216 1321//1217 1403//1299 
f 1321//1217 1322//1218 1404//1300 
f 1322//1218 1323//1219 1405//1301 
f 1323//1219 1324//1220 1406//1302 
f 1324//1220 1325//1221 1407//1303 
f 1325//1221 1326//1222 1408//1304 
f 1326//1222 1327//1223 1409//1305 
f 1327//1223 1328//1224 1410//1306 
f 1328//1224 1329//1225 1411//1307 
f 1329//1225 1330//1226 1412//1308 
f 1412//1308 1331//1227 1413//1309 
f 1331//1227 1332//1228 1414//1310 
f 1332//1228 1333//1229 1415//1311 
f 1333//1229 1334//1230 1416//1312 
f 1334//1230 1335//1231 1417//1313 
f 1335//1231 1336//1232 1418//1314 
f 1336//1232 1337//1233 1419//1315 
f 1337//1233 1338//1234 1420//1316 
f 1338//1234 1339//1235 1421//1317 
f 1339//1235 1340//1236 1422//1318 
f 1340//1236 1341//1237 1423//1319 
f 1341//1237 1342//1238 1424//1320 
f 1342//1238 1343//1239 1425//1321 
f 1343//1239 1344//1240 1426//1322 
f 1344//1240 1345//1241 1427//1323 
f 1345//1241 1346//1242 1428//1324 
f 1346//1242 1347//1243 1429//1325 
f 1347//1243 1348//1244 1430//1326 
f 1348//1244 1349//1245 1431//1327 
f 1349//1245 1350//1246 1432//1328 
f 1350//1246 1351//1247 1433//1329 
f 1351//1247 1352//1248 1434//1330 
f 1352//1248 1353//1249 1435//1331 
f 1353//1249 1354//1250 1436//1332 
f 1354//1250 1355//1251 1437//1333 
f 1355//1251 1356//1252 1438//1334 
f 1356//1252 1357//1253 1439//1335 
f 1357//1253 1358//1254 1440//1336 
f 1358//1254 1359//1255 1441//1337 
f 1359//1255 1360//1256 1442//1338 
f 1360//1256 1361//1257 1443//1339 
f 1361//1257 1362//1258 1444//1340 
f 1362//1258 1363//1259 1445//1341 
f 1363//1259 1364//1260 1446//1342 
f 1364//1260 1365//1261 1447//1343 
f 1365//1261 1366//1262 1448//1344 
f 1366//1262 1367//1263 1449//1345 
f 1367//1263 1368//1264 1450//1346 
f 1368//1264 1369//1265 1451//1347 
f 1369//1265 1370//1266 1452//1348 
f 1370//1266 1371//1267 1453//1349 
f 1371//1267 1372//1268 1454//1350 
f 1372//1268 1373//1269 1455//1351 
f 1373//1269 1374//1270 1456//1352 
f 1374//1270 1375//1271 1457//1353 
f 1375//1271 1376//1272 1458//1354 
f 1376//1272 1377//1273 1459//1355 
f 1377//1273 1378//1274 1460//1356 
f 1378//1274 1379//1275 1461//1357 
f 1379//1275 1380//1276 1462//1358 
f 1380//1276 1381//1277 1463//1359 
f 1381//1277 1382//1278 1464//1360 
f 1382//1278 1383//1279 1465//1361 
f 1383//1279 1384//1280 1466//1362 
f 1384//1280 1385//1281 1467//1363 
f 1385//1281 1386//1282 1468//1364 
f 1386//1282 1387//1283 1469//1365 
f 1387//1283 1388//1284 1470//1366 
f 1388//1284 1389//1285 1471//1367 
f 1389//1285 1390//1286 1472//1368 
f 1390//1286 1391//1287 1473//1369 
f 1391//1287 1392//1288 1474//1370 
f 1392//1288 1393//1289 1475//1371 
f 1393//1289 1394//1290 1476//1372 
f 1394//1290 1395//1291 1477//1373 
f 1395//1291 1396//1292 1478//1374 
f 1396//1292 1397//1293 1479//1375 
f 1397//1293 1398//1294 1480//1376 
f 1398//1294 1399//1295 1481//1377 
f 1399//1295 1400//1296 1482//1378 
f 1400//1296 1401//1297 1483//1379 
f 1401//1297 1402//1298 1484//1380 
f 1402//1298 1403//1299 1485//1381 
f 1403//1299 1404//1300 1486//1382 
f 1404//1300 1405//1301 1487//1383 
f 1405//1301 1406//1302 1488//1384 
f 1406//1302 1407//1303 1489//1385 
f 1407//1303 1408//1304 1490//1386 
f 1408//1304 1409//1305 1491//1387 
f 1409//1305 1410//1306 1492//1388 
f 1410//1306 1411//1307 1493//1389 
f 1411//1307 1412//1308 1494//1390 
f 1494//1390 1413//1309 99//1391 
f 1414//1310 95//1392 96//1393 
f 96//1393 1413//1309 1414//1310 
f 1414//1310 1415//1311 93//1394 
f 1415//1311 91//1395 93//1394 
f 1415//1311 1416//1312 92//1396 
f 1417//1313 89//1397 88//1398 
f 88//1398 1416//1312 1417//1313 
f 1417//1313 1418//1314 86//1399 
f 1418//1314 84//1400 86//1399 
f 1418//1314 1419//1315 85//1401 
f 1420//1316 82//1402 81//1403 
f 81//1403 1419//1315 1420//1316 
f 1421//1317 78//1404 79//1405 
f 79//1405 1420//1316 1421//1317 
f 1421//1317 1422//1318 76//1406 
f 1422//1318 74//1407 76//1406 
f 1422//1318 1423//1319 75//1408 
f 1424//1320 71//1409 72//1410 
f 72//1410 1423//1319 1424//1320 
f 1424//1320 1425//1321 69//1411 
f 1425//1321 67//1412 69//1411 
f 1425//1321 1426//1322 68//1413 
f 1427//1323 65//1414 64//1415 
f 64//1415 1426//1322 1427//1323 
f 1427//1323 1428//1324 62//1416 
f 1428//1324 61//1417 62//1416 
f 1428//1324 1429//1325 59//1418 
f 1429//1325 57//1419 59//1418 
f 1429//1325 1430//1326 58//1420 
f 1431//1327 54//1421 55//1422 
f 55//1422 1430//1326 1431//1327 
f 1431//1327 1432//1328 52//1423 
f 1432//1328 50//1424 52//1423 
f 1432//1328 1433//1329 51//1425 
f 1434//1330 48//1426 47//1427 
f 47//1427 1433//1329 1434//1330 
f 1434//1330 1435//1331 45//1428 
f 1435//1331 43//1429 45//1428 
f 1435//1331 1436//1332 44//1430 
f 1437//1333 41//1431 40//1432 
f 40//1432 1436//1332 1437//1333 
f 1438//1334 37//1433 38//1434 
f 38//1434 1437//1333 1438//1334 
f 1438//1334 1439//1335 35//1435 
f 1439//1335 33//1436 35//1435 
f 1439//1335 1440//1336 34//1437 
f 1441//1337 31//1438 30//1439 
f 30//1439 1440//1336 1441//1337 
f 1441//1337 1442//1338 28//1440 
f 1442//1338 26//1441 28//1440 
f 1442//1338 1443//1339 27//1442 
f 1444//1340 24//1443 23//1444 
f 23//1444 1443//1339 1444//1340 
f 1444//1340 1445//1341 21//1445 
f 1445//1341 20//1446 21//1445 
f 1445//1341 1446//1342 18//1447 
f 1446//1342 16//1448 18//1447 
f 1446//1342 1447//1343 17//1449 
f 1448//1344 13//1450 14//1451 
f 14//1451 1447//1343 1448//1344 
f 1448//1344 1449//1345 11//1452 
f 1449//1345 9//1453 11//1452 
f 1449//1345 1450//1346 10//1454 
f 1451//1347 7//1455 6//1456 
f 6//1456 1450//1346 1451//1347 
f 1451//1347 1452//1348 4//1457 
f 1452//1348 3//1458 4//1457 
f 1452//1348 1453//1349 195//1459 
f 1453//1349 1454//1350 196//1460 
f 1455//1351 193//1461 194//1462 
f 194//1462 1454//1350 1455//1351 
f 1455//1351 1456//1352 191//1463 
f 1456//1352 189//1464 191//1463 
f 1456//1352 1457//1353 190//1465 
f 1458//1354 187//1466 186//1467 
f 186//1467 1457//1353 1458//1354 
f 1458//1354 1459//1355 184//1468 
f 1459//1355 182//1469 184//1468 
f 1459//1355 1460//1356 183//1470 
f 1461//1357 180//1471 179//1472 
f 179//1472 1460//1356 1461//1357 
f 1462//1358 176//1473 177//1474 
f 177//1474 1461//1357 1462//1358 
f 1462//1358 1463//1359 174//1475 
f 1463//1359 172//1476 174//1475 
f 1463//1359 1464//1360 173//1477 
f 1465//1361 169//1478 170//1479 
f 170//1479 1464//1360 1465//1361 
f 1465//1361 1466//1362 167//1480 
f 1466//1362 165//1481 167//1480 
f 1466//1362 1467//1363 166//1482 
f 1468//1364 163//1483 162//1484 
f 162//1484 1467//1363 1468//1364 
f 1468//1364 1469//1365 160//1485 
f 1469//1365 159//1486 160//1485 
f 1469//1365 1470//1366 157//1487 
f 1470//1366 155//1488 157//1487 
f 1470//1366 1471//1367 156//1489 
f 1472//1368 152//1490 153//1491 
f 153//1491 1471//1367 1472//1368 
f 1472//1368 1473//1369 150//1492 
f 1473//1369 148//1493 150//1492 
f 1473//1369 1474//1370 149//1494 
f 1475//1371 146//1495 145//1496 
f 145//1496 1474//1370 1475//1371 
f 1475//1371 1476//1372 143//1497 
f 1476//1372 141//1498 143//1497 
f 1476//1372 1477//1373 142//1499 
f 1478//1374 139//1500 138//1501 
f 138//1501 1477//1373 1478//1374 
f 1479//1375 135//1502 136//1503 
f 136//1503 1478//1374 1479//1375 
f 1479//1375 1480//1376 133//1504 
f 1480//1376 131//1505 133//1504 
f 1480//1376 1481//1377 132//1506 
f 1482//1378 129//1507 128//1508 
f 128//1508 1481//1377 1482//1378 
f 1482//1378 1483//1379 126//1509 
f 1483//1379 124//1510 126//1509 
f 1483//1379 1484//1380 125//1511 
f 1485//1381 122//1512 121//1513 
f 121//1513 1484//1380 1485//1381 
f 1485//1381 1486//1382 119//1514 
f 1486//1382 118//1515 119//1514 
f 1486//1382 1487//1383 116//1516 
f 1487//1383 114//1517 116//1516 
f 1487//1383 1488//1384 115//1518 
f 1489//1385 111//1519 112//1520 
f 112//1520 1488//1384 1489//1385 
f 1489//1385 1490//1386 109//1521 
f 1490//1386 107//1522 109//1521 
f 1490//1386 1491//1387 108//1523 
f 1492//1388 105//1524 104//1525 
f 104//1525 1491//1387 1492//1388 
f 1492//1388 1493//1389 102//1526 
f 1493//1389 101//1527 102//1526 
f 1493//1389 1494//1390 98//1528 
f 98//1528 101//1527 1493//1389 
f 102//1526 105//1524 1492//1388 
f 104//1525 108//1523 1491//1387 
f 108//1523 107//1522 1490//1386 
f 109//1521 111//1519 1489//1385 
f 112//1520 115//1518 1488//1384 
f 115//1518 114//1517 1487//1383 
f 116//1516 118//1515 1486//1382 
f 119//1514 122//1512 1485//1381 
f 121//1513 125//1511 1484//1380 
f 125//1511 124//1510 1483//1379 
f 126//1509 129//1507 1482//1378 
f 128//1508 132//1506 1481//1377 
f 132//1506 131//1505 1480//1376 
f 133//1504 135//1502 1479//1375 
f 136//1503 139//1500 1478//1374 
f 138//1501 142//1499 1477//1373 
f 142//1499 141//1498 1476//1372 
f 143//1497 146//1495 1475//1371 
f 145//1496 149//1494 1474//1370 
f 149//1494 148//1493 1473//1369 
f 150//1492 152//1490 1472//1368 
f 153//1491 156//1489 1471//1367 
f 156//1489 155//1488 1470//1366 
f 157//1487 159//1486 1469//1365 
f 160//1485 163//1483 1468//1364 
f 162//1484 166//1482 1467//1363 
f 166//1482 165//1481 1466//1362 
f 167//1480 169//1478 1465//1361 
f 170//1479 173//1477 1464//1360 
f 173//1477 172//1476 1463//1359 
f 174//1475 176//1473 1462//1358 
f 177//1474 180//1471 1461//1357 
f 179//1472 183//1470 1460//1356 
f 183//1470 182//1469 1459//1355 
f 184//1468 187//1466 1458//1354 
f 186//1467 190//1465 1457//1353 
f 190//1465 189//1464 1456//1352 
f 191//1463 193//1461 1455//1351 
f 194//1462 196//1460 1454//1350 
f 196//1460 195//1459 1453//1349 
f 195//1459 3//1458 1452//1348 
f 4//1457 7//1455 1451//1347 
f 6//1456 10//1454 1450//1346 
f 10//1454 9//1453 1449//1345 
f 11//1452 13//1450 1448//1344 
f 14//1451 17//1449 1447//1343 
f 17//1449 16//1448 1446//1342 
f 18//1447 20//1446 1445//1341 
f 21//1445 24//1443 1444//1340 
f 23//1444 27//1442 1443//1339 
f 27//1442 26//1441 1442//1338 
f 28//1440 31//1438 1441//1337 
f 30//1439 34//1437 1440//1336 
f 34//1437 33//1436 1439//1335 
f 35//1435 37//1433 1438//1334 
f 38//1434 41//1431 1437//1333 
f 40//1432 44//1430 1436//1332 
f 44//1430 43//1429 1435//1331 
f 45//1428 48//1426 1434//1330 
f 47//1427 51//1425 1433//1329 
f 51//1425 50//1424 1432//1328 
f 52//1423 54//1421 1431//1327 
f 55//1422 58//1420 1430//1326 
f 58//1420 57//1419 1429//1325 
f 59//1418 61//1417 1428//1324 
f 62//1416 65//1414 1427//1323 
f 64//1415 68//1413 1426//1322 
f 68//1413 67//1412 1425//1321 
f 69//1411 71//1409 1424//1320 
f 72//1410 75//1408 1423//1319 
f 75//1408 74//1407 1422//1318 
f 76//1406 78//1404 1421//1317 
f 79//1405 82//1402 1420//1316 
f 81//1403 85//1401 1419//1315 
f 85//1401 84//1400 1418//1314 
f 86//1399 89//1397 1417//1313 
f 88//1398 92//1396 1416//1312 
f 92//1396 91//1395 1415//1311 
f 93//1394 95//1392 1414//1310 
f 96//1393 99//1391 1413//1309 
f 99//1391 98//1528 1494//1390 
f 1494//1390 1493//1389 1411//1307 
f 1493//1389 1492//1388 1410//1306 
f 1492//1388 1491//1387 1409//1305 
f 1491//1387 1490//1386 1408//1304 
f 1490//1386 1489//1385 1407//1303 
f 1489//1385 1488//1384 1406//1302 
f 1488//1384 1487//1383 1405//1301 
f 1487//1383 1486//1382 1404//1300 
f 1486//1382 1485//1381 1403//1299 
f 1485//1381 1484//1380 1402//1298 
f 1484//1380 1483//1379 1401//1297 
f 1483//1379 1482//1378 1400//1296 
f 1482//1378 1481//1377 1399//1295 
f 1481//1377 1480//1376 1398//1294 
f 1480//1376 1479//1375 1397//1293 
f 1479//1375 1478//1374 1396//1292 
f 1478//1374 1477//1373 1395//1291 
f 1477//1373 1476//1372 1394//1290 
f 1476//1372 1475//1371 1393//1289 
f 1475//1371 1474//1370 1392//1288 
f 1474//1370 1473//1369 1391//1287 
f 1473//1369 1472//1368 1390//1286 
f 1472//1368 1471//1367 1389//1285 
f 1471//1367 1470//1366 1388//1284 
f 1470//1366 1469//1365 1387//1283 
f 1469//1365 1468//1364 1386//1282 
f 1468//1364 1467//1363 1385//1281 
f 1467//1363 1466//1362 1384//1280 
f 1466//1362 1465//1361 1383//1279 
f 1465//1361 1464//1360 1382//1278 
f 1464//1360 1463//1359 1381//1277 
f 1463//1359 1462//1358 1380//1276 
f 1462//1358 1461//1357 1379//1275 
f 1461//1357 1460//1356 1378//1274 
f 1460//1356 1459//1355 1377//1273 
f 1459//1355 1458//1354 1376//1272 
f 1458//1354 1457//1353 1375//1271 
f 1457//1353 1456//1352 1374//1270 
f 1456//1352 1455//1351 1373//1269 
f 1455//1351 1454//1350 1372//1268 
f 1454//1350 1453//1349 1371//1267 
f 1453//1349 1452//1348 1370//1266 
f 1452//1348 1451//1347 1369//1265 
f 1451//1347 1450//1346 1368//1264 
f 1450//1346 1449//1345 1367//1263 
f 1449//1345 1448//1344 1366//1262 
f 1448//1344 1447//1343 1365//1261 
f 1447//1343 1446//1342 1364//1260 
f 1446//1342 1445//1341 1363//1259 
f 1445//1341 1444//1340 1362//1258 
f 1444//1340 1443//1339 1361//1257 
f 1443//1339 1442//1338 1360//1256 
f 1442//1338 1441//1337 1359//1255 
f 1441//1337 1440//1336 1358//1254 
f 1440//1336 1439//1335 1357//1253 
f 1439//1335 1438//1334 1356//1252 
f 1438//1334 1437//1333 1355//1251 
f 1437//1333 1436//1332 1354//1250 
f 1436//1332 1435//1331 1353//1249 
f 1435//1331 1434//1330 1352//1248 
f 1434//1330 1433//1329 1351//1247 
f 1433//1329 1432//1328 1350//1246 
f 1432//1328 1431//1327 1349//1245 
f 1431//1327 1430//1326 1348//1244 
f 1430//1326 1429//1325 1347//1243 
f 1429//1325 1428//1324 1346//1242 
f 1428//1324 1427//1323 1345//1241 
f 1427//1323 1426//1322 1344//1240 
f 1426//1322 1425//1321 1343//1239 
f 1425//1321 1424//1320 1342//1238 
f 1424//1320 1423//1319 1341//1237 
f 1423//1319 1422//1318 1340//1236 
f 1422//1318 1421//1317 1339//1235 
f 1421//1317 1420//1316 1338//1234 
f 1420//1316 1419//1315 1337//1233 
f 1419//1315 1418//1314 1336//1232 
f 1418//1314 1417//1313 1335//1231 
f 1417//1313 1416//1312 1334//1230 
f 1416//1312 1415//1311 1333//1229 
f 1415//1311 1414//1310 1332//1228 
f 1414//1310 1413//1309 1331//1227 
f 1413//1309 1494//1390 1412//1308 
f 1412//1308 1411//1307 1329//1225 
f 1411//1307 1410//1306 1328//1224 
f 1410//1306 1409//1305 1327//1223 
f 1409//1305 1408//1304 1326//1222 
f 1408//1304 1407//1303 1325//1221 
f 1407//1303 1406//1302 1324//1220 
f 1406//1302 1405//1301 1323//1219 
f 1405//1301 1404//1300 1322//1218 
f 1404//1300 1403//1299 1321//1217 
f 1403//1299 1402//1298 1320//1216 
f 1402//1298 1401//1297 1319//1215 
f 1401//1297 1400//1296 1318//1214 
f 1400//1296 1399//1295 1317//1213 
f 1399//1295 1398//1294 1316//1212 
f 1398//1294 1397//1293 1315//1211 
f 1397//1293 1396//1292 1314//1210 
f 1396//1292 1395//1291 1313//1209 
f 1395//1291 1394//1290 1312//1208 
f 1394//1290 1393//1289 1311//1207 
f 1393//1289 1392//1288 1310//1206 
f 1392//1288 1391//1287 1309//1205 
f 1391//1287 1390//1286 1308//1204 
f 1390//1286 1389//1285 1307//1203 
f 1389//1285 1388//1284 1306//1202 
f 1388//1284 1387//1283 1305//1201 
f 1387//1283 1386//1282 1304//1200 
f 1386//1282 1385//1281 1303//1199 
f 1385//1281 1384//1280 1302//1198 
f 1384//1280 1383//1279 1301//1197 
f 1383//1279 1382//1278 1300//1196 
f 1382//1278 1381//1277 1299//1195 
f 1381//1277 1380//1276 1298//1194 
f 1380//1276 1379//1275 1297//1193 
f 1379//1275 1378//1274 1296//1192 
f 1378//1274 1377//1273 1295//1191 
f 1377//1273 1376//1272 1294//1190 
f 1376//1272 1375//1271 1293//1189 
f 1375//1271 1374//1270 1292//1188 
f 1374//1270 1373//1269 1291//1187 
f 1373//1269 1372//1268 1290//1186 
f 1372//1268 1371//1267 1289//1185 
f 1371//1267 1370//1266 1288//1184 
f 1370//1266 1369//1265 1287//1183 
f 1369//1265 1368//1264 1286//1182 
f 1368//1264 1367//1263 1285//1181 
f 1367//1263 1366//1262 1284//1180 
f 1366//1262 1365//1261 1283//1179 
f 1365//1261 1364//1260 1282//1178 
f 1364//1260 1363//1259 1281//1177 
f 1363//1259 1362//1258 1280//1176 
f 1362//1258 1361//1257 1279//1175 
f 1361//1257 1360//1256 1278//1174 
f 1360//1256 1359//1255 1277//1173 
f 1359//1255 1358//1254 1276//1172 
f 1358//1254 1357//1253 1275//1171 
f 1357//1253 1356//1252 1274//1170 
f 1356//1252 1355//1251 1273//1169 
f 1355//1251 1354//1250 1272//1168 
f 1354//1250 1353//1249 1271//1167 
f 1353//1249 1352//1248 1270//1166 
f 1352//1248 1351//1247 1269//1165 
f 1351//1247 1350//1246 1268//1164 
f 1350//1246 1349//1245 1267//1163 
f 1349//1245 1348//1244 1266//1162 
f 1348//1244 1347//1243 1265//1161 
f 1347//1243 1346//1242 1264//1160 
f 1346//1242 1345//1241 1263//1159 
f 1345//1241 1344//1240 1262//1158 
f 1344//1240 1343//1239 1261//1157 
f 1343//1239 1342//1238 1260//1156 
f 1342//1238 1341//1237 1259//1155 
f 1341//1237 1340//1236 1258//1154 
f 1340//1236 1339//1235 1257//1153 
f 1339//1235 1338//1234 1256//1152 
f 1338//1234 1337//1233 1255//1151 
f 1337//1233 1336//1232 1254//1150 
f 1336//1232 1335//1231 1253//1149 
f 1335//1231 1334//1230 1252//1148 
f 1334//1230 1333//1229 1251//1147 
f 1333//1229 1332//1228 1250//1146 
f 1332//1228 1331//1227 1249//1145 
f 1331//1227 1412//1308 1330//1226 
f 1330//1226 1329//1225 1247//1143 
f 1329//1225 1328//1224 1246//1142 
f 1328//1224 1327//1223 1245//1141 
f 1327//1223 1326//1222 1244//1140 
f 1326//1222 1325//1221 1243//1139 
f 1325//1221 1324//1220 1242//1138 
f 1324//1220 1323//1219 1241//1137 
f 1323//1219 1322//1218 1240//1136 
f 1322//1218 1321//1217 1239//1135 
f 1321//1217 1320//1216 1238//1134 
f 1320//1216 1319//1215 1237//1133 
f 1319//1215 1318//1214 1236//1132 
f 1318//1214 1317//1213 1235//1131 
f 1317//1213 1316//1212 1234//1130 
f 1316//1212 1315//1211 1233//1129 
f 1315//1211 1314//1210 1232//1128 
f 1314//1210 1313//1209 1231//1127 
f 1313//1209 1312//1208 1230//1126 
f 1312//1208 1311//1207 1229//1125 
f 1311//1207 1310//1206 1228//1124 
f 1310//1206 1309//1205 1227//1123 
f 1309//1205 1308//1204 1226//1122 
f 1308//1204 1307//1203 1225//1121 
f 1307//1203 1306//1202 1224//1120 
f 1306//1202 1305//1201 1223//1119 
f 1305//1201 1304//1200 1222//1118 
f 1304//1200 1303//1199 1221//1117 
f 1303//1199 1302//1198 1220//1116 
f 1302//1198 1301//1197 1219//1115 
f 1301//1197 1300//1196 1218//1114 
f 1300//1196 1299//1195 1217//1113 
f 1299//1195 1298//1194 1216//1112 
f 1298//1194 1297//1193 1215//1111 
f 1297//1193 1296//1192 1214//1110 
f 1296//1192 1295//1191 1213//1109 
f 1295//1191 1294//1190 1212//1108 
f 1294//1190 1293//1189 1211//1107 
f 1293//1189 1292//1188 1210//1106 
f 1292//1188 1291//1187 1209//1105 
f 1291//1187 1290//1186 1208//1104 
f 1290//1186 1289//1185 1207//1103 
f 1289//1185 1288//1184 1206//1102 
f 1288//1184 1287//1183 1205//1101 
f 1287//1183 1286//1182 1204//1100 
f 1286//1182 1285//1181 1203//1099 
f 1285//1181 1284//1180 1202//1098 
f 1284//1180 1283//1179 1201//1097 
f 1283//1179 1282//1178 1200//1096 
f 1282//1178 1281//1177 1199//1095 
f 1281//1177 1280//1176 1198//1094 
f 1280//1176 1279//1175 1197//1093 
f 1279//1175 1278//1174 1196//1092 
f 1278//1174 1277//1173 1195//1091 
f 1277//1173 1276//1172 1194//1090 
f 1276//1172 1275//1171 1193//1089 
f 1275//1171 1274//1170 1192//1088 
f 1274//1170 1273//1169 1191//1087 
f 1273//1169 1272//1168 1190//1086 
f 1272//1168 1271//1167 1189//1085 
f 1271//1167 1270//1166 1188//1084 
f 1270//1166 1269//1165 1187//1083 
f 1269//1165 1268//1164 1186//1082 
f 1268//1164 1267//1163 1185//1081 
f 1267//1163 1266//1162 1184//1080 
f 1266//1162 1265//1161 1183//1079 
f 1265//1161 1264//1160 1182//1078 
f 1264//1160 1263//1159 1181//1077 
f 1263//1159 1262//1158 1180//1076 
f 1262//1158 1261//1157 1179//1075 
f 1261//1157 1260//1156 1178//1074 
f 1260//1156 1259//1155 1177//1073 
f 1259//1155 1258//1154 1176//1072 
f 1258//1154 1257//1153 1175//1071 
f 1257//1153 1256//1152 1174//1070 
f 1256//1152 1255//1151 1173//1069 
f 1255//1151 1254//1150 1172//1068 
f 1254//1150 1253//1149 1171//1067 
f 1253//1149 1252//1148 1170//1066 
f 1252//1148 1251//1147 1169//1065 
f 1251//1147 1250//1146 1168//1064 
f 1250//1146 1249//1145 1167//1063 
f 1249//1145 1330//1226 1248//1144 
f 1248//1144 1247//1143 1165//1061 
f 1247//1143 1246//1142 1164//1060 
f 1246//1142 1245//1141 1163//1059 
f 1245//1141 1244//1140 1162//1058 
f 1244//1140 1243//1139 1161//1057 
f 1243//1139 1242//1138 1160//1056 
f 1242//1138 1241//1137 1159//1055 
f 1241//1137 1240//1136 1158//1054 
f 1240//1136 1239//1135 1157//1053 
f 1239//1135 1238//1134 1156//1052 
f 1238//1134 1237//1133 1155//1051 
f 1237//1133 1236//1132 1154//1050 
f 1236//1132 1235//1131 1153//1049 
f 1235//1131 1234//1130 1152//1048 
f 1234//1130 1233//1129 1151//1047 
f 1233//1129 1232//1128 1150//1046 
f 1232//1128 1231//1127 1149//1045 
f 1231//1127 1230//1126 1148//1044 
f 1230//1126 1229//1125 1147//1043 
f 1229//1125 1228//1124 1146//1042 
f 1228//1124 1227//1123 1145//1041 
f 1227//1123 1226//1122 1144//1040 
f 1226//1122 1225//1121 1143//1039 
f 1225//1121 1224//1120 1142//1038 
f 1224//1120 1223//1119 1141//1037 
f 1223//1119 1222//1118 1140//1036 
f 1222//1118 1221//1117 1139//1035 
f 1221//1117 1220//1116 1138//1034 
f 1220//1116 1219//1115 1137//1033 
f 1219//1115 1218//1114 1136//1032 
f 1218//1114 1217//1113 1135//1031 
f 1217//1113 1216//1112 1134//1030 
f 1216//1112 1215//1111 1133//1029 
f 1215//1111 1214//1110 1132//1028 
f 1214//1110 1213//1109 1131//1027 
f 1213//1109 1212//1108 1130//1026 
f 1212//1108 1211//1107 1129//1025 
f 1211//1107 1210//1106 1128//1024 
f 1210//1106 1209//1105 1127//1023 
f 1209//1105 1208//1104 1126//1022 
f 1208//1104 1207//1103 1125//1021 
f 1207//1103 1206//1102 1124//1020 
f 1206//1102 1205//1101 1123//1019 
f 1205//1101 1204//1100 1122//1018 
f 1204//1100 1203//1099 1121//1017 
f 1203//1099 1202//1098 1120//1016 
f 1202//1098 1201//1097 1119//1015 
f 1201//1097 1200//1096 1118//1014 
f 1200//1096 1199//1095 1117//1013 
f 1199//1095 1198//1094 1116//1012 
f 1198//1094 1197//1093 1115//1011 
f 1197//1093 1196//1092 1114//1010 
f 1196//1092 1195//1091 1113//1009 
f 1195//1091 1194//1090 1112//1008 
f 1194//1090 1193//1089 1111//1007 
f 1193//1089 1192//1088 1110//1006 
f 1192//1088 1191//1087 1109//1005 
f 1191//1087 1190//1086 1108//1004 
f 1190//1086 1189//1085 1107//1003 
f 1189//1085 1188//1084 1106//1002 
f 1188//1084 1187//1083 1105//1001 
f 1187//1083 1186//1082 1104//1000 
f 1186//1082 1185//1081 1103//999 
f 1185//1081 1184//1080 1102//998 
f 1184//1080 1183//1079 1101//997 
f 1183//1079 1182//1078 1100//996 
f 1182//1078 1181//1077 1099//995 
f 1181//1077 1180//1076 1098//994 
f 1180//1076 1179//1075 1097//993 
f 1179//1075 1178//1074 1096//992 
f 1178//1074 1177//1073 1095//991 
f 1177//1073 1176//1072 1094//990 
f 1176//1072 1175//1071 1093//989 
f 1175//1071 1174//1070 1092//988 
f 1174//1070 1173//1069 1091//987 
f 1173//1069 1172//1068 1090//986 
f 1172//1068 1171//1067 1089//985 
f 1171//1067 1170//1066 1088//984 
f 1170//1066 1169//1065 1087//983 
f 1169//1065 1168//1064 1086//982 
f 1168//1064 1167//1063 1085//981 
f 1167//1063 1248//1144 1166//1062 
f 1166//1062 1165//1061 1083//979 
f 1165//1061 1164//1060 1082//978 
f 1164//1060 1163//1059 1081//977 
f 1163//1059 1162//1058 1080//976 
f 1162//1058 1161//1057 1079//975 
f 1161//1057 1160//1056 1078//974 
f 1160//1056 1159//1055 1077//973 
f 1159//1055 1158//1054 1076//972 
f 1158//1054 1157//1053 1075//971 
f 1157//1053 1156//1052 1074//970 
f 1156//1052 1155//1051 1073//969 
f 1155//1051 1154//1050 1072//968 
f 1154//1050 1153//1049 1071//967 
f 1153//1049 1152//1048 1070//966 
f 1152//1048 1151//1047 1069//965 
f 1151//1047 1150//1046 1068//964 
f 1150//1046 1149//1045 1067//963 
f 1149//1045 1148//1044 1066//962 
f 1148//1044 1147//1043 1065//961 
f 1147//1043 1146//1042 1064//960 
f 1146//1042 1145//1041 1063//959 
f 1145//1041 1144//1040 1062//958 
f 1144//1040 1143//1039 1061//957 
f 1143//1039 1142//1038 1060//956 
f 1142//1038 1141//1037 1059//955 
f 1141//1037 1140//1036 1058//954 
f 1140//1036 1139//1035 1057//953 
f 1139//1035 1138//1034 1056//952 
f 1138//1034 1137//1033 1055//951 
f 1137//1033 1136//1032 1054//950 
f 1136//1032 1135//1031 1053//949 
f 1135//1031 1134//1030 1052//948 
f 1134//1030 1133//1029 1051//947 
f 1133//1029 1132//1028 1050//946 
f 1132//1028 1131//1027 1049//945 
f 1131//1027 1130//1026 1048//944 
f 1130//1026 1129//1025 1047//943 
f 1129//1025 1128//1024 1046//942 
f 1128//1024 1127//1023 1045//941 
f 1127//1023 1126//1022 1044//940 
f 1126//1022 1125//1021 1043//939 
f 1125//1021 1124//1020 1042//938 
f 1124//1020 1123//1019 1041//937 
f 1123//1019 1122//1018 1040//936 
f 1122//1018 1121//1017 1039//935 
f 1121//1017 1120//1016 1038//934 
f 1120//1016 1119//1015 1037//933 
f 1119//1015 1118//1014 1036//932 
f 1118//1014 1117//1013 1035//931 
f 1117//1013 1116//1012 1034//930 
f 1116//1012 1115//1011 1033//929 
f 1115//1011 1114//1010 1032//928 
f 1114//1010 1113//1009 1031//927 
f 1113//1009 1112//1008 1030//926 
f 1112//1008 1111//1007 1029//925 
f 1111//1007 1110//1006 1028//924 
f 1110//1006 1109//1005 1027//923 
f 1109//1005 1108//1004 1026//922 
f 1108//1004 1107//1003 1025//921 
f 1107//1003 1106//1002 1024//920 
f 1106//1002 1105//1001 1023//919 
f 1105//1001 1104//1000 1022//918 
f 1104//1000 1103//999 1021//917 
f 1103//999 1102//998 1020//916 
f 1102//998 1101//997 1019//915 
f 1101//997 1100//996 1018//914 
f 1100//996 1099//995 1017//913 
f 1099//995 1098//994 1016//912 
f 1098//994 1097//993 1015//911 
f 1097//993 1096//992 1014//910 
f 1096//992 1095//991 1013//909 
f 1095//991 1094//990 1012//908 
f 1094//990 1093//989 1011//907 
f 1093//989 1092//988 1010//906 
f 1092//988 1091//987 1009//905 
f 1091//987 1090//986 1008//904 
f 1090//986 1089//985 1007//903 
f 1089//985 1088//984 1006//902 
f 1088//984 1087//983 1005//901 
f 1087//983 1086//982 1004//900 
f 1086//982 1085//981 1003//899 
f 1085//981 1166//1062 1084//980 
f 1084//980 1083//979 1001//897 
f 1083//979 1082//978 1000//896 
f 1082//978 1081//977 999//895 
f 1081//977 1080//976 998//894 
f 1080//976 1079//975 997//893 
f 1079//975 1078//974 996//892 
f 1078//974 1077//973 995//891 
f 1077//973 1076//972 994//890 
f 1076//972 1075//971 993//889 
f 1075//971 1074//970 992//888 
f 1074//970 1073//969 991//887 
f 1073//969 1072//968 990//886 
f 1072//968 1071//967 989//885 
f 1071//967 1070//966 988//884 
f 1070//966 1069//965 987//883 
f 1069//965 1068//964 986//882 
f 1068//964 1067//963 985//881 
f 1067//963 1066//962 984//880 
f 1066//962 1065//961 983//879 
f 1065//961 1064//960 982//878 
f 1064//960 1063//959 981//877 
f 1063//959 1062//958 980//876 
f 1062//958 1061//957 979//875 
f 1061//957 1060//956 978//874 
f 1060//956 1059//955 977//873 
f 1059//955 1058//954 976//872 
f 1058//954 1057//953 975//871 
f 1057//953 1056//952 974//870 
f 1056//952 1055//951 973//869 
f 1055//951 1054//950 972//868 
f 1054//950 1053//949 971//867 
f 1053//949 1052//948 970//866 
f 1052//948 1051//947 969//865 
f 1051//947 1050//946 968//864 
f 1050//946 1049//945 967//863 
f 1049//945 1048//944 966//862 
f 1048//944 1047//943 965//861 
f 1047//943 1046//942 964//860 
f 1046//942 1045//941 963//859 
f 1045//941 1044//940 962//858 
f 1044//940 1043//939 961//857 
f 1043//939 1042//938 960//856 
f 1042//938 1041//937 959//855 
f 1041//937 1040//936 958//854 
f 1040//936 1039//935 957//853 
f 1039//935 1038//934 956//852 
f 1038//934 1037//933 955//851 
f 1037//933 1036//932 954//850 
f 1036//932 1035//931 953//849 
f 1035//931 1034//930 952//848 
f 1034//930 1033//929 951//847 
f 1033//929 1032//928 950//846 
f 1032//928 1031//927 949//845 
f 1031//927 1030//926 948//844 
f 1030//926 1029//925 947//843 
f 1029//925 1028//924 946//842 
f 1028//924 1027//923 945//841 
f 1027//923 1026//922 944//840 
f 1026//922 1025//921 943//839 
f 1025//921 1024//920 942//838 
f 1024//920 1023//919 941//837 
f 1023//919 1022//918 940//836 
f 1022//918 1021//917 939//835 
f 1021//917 1020//916 938//834 
f 1020//916 1019//915 937//833 
f 1019//915 1018//914 936//832 
f 1018//914 1017//913 935//831 
f 1017//913 1016//912 934//830 
f 1016//912 1015//911 933//829 
f 1015//911 1014//910 932//828 
f 1014//910 1013//909 931//827 
f 1013//909 1012//908 930//826 
f 1012//908 1011//907 929//825 
f 1011//907 1010//906 928//824 
f 1010//906 1009//905 927//823 
f 1009//905 1008//904 926//822 
f 1008//904 1007//903 925//821 
f 1007//903 1006//902 924//820 
f 1006//902 1005//901 923//819 
f 1005//901 1004//900 922//818 
f 1004//900 1003//899 921//817 
f 1003//899 1084//980 1002//898 
f 1002//898 1001//897 919//815 
f 1001//897 1000//896 918//814 
f 1000//896 999//895 917//813 
f 999//895 998//894 916//812 
f 998//894 997//893 915//811 
f 997//893 996//892 914//810 
f 996//892 995//891 913//809 
f 995//891 994//890 912//808 
f 994//890 993//889 911//807 
f 993//889 992//888 910//806 
f 992//888 991//887 909//805 
f 991//887 990//886 908//804 
f 990//886 989//885 907//803 
f 989//885 988//884 906//802 
f 988//884 987//883 905//801 
f 987//883 986//882 904//800 
f 986//882 985//881 903//799 
f 985//881 984//880 902//798 
f 984//880 983//879 901//797 
f 983//879 982//878 900//796 
f 982//878 981//877 899//795 
f 981//877 980//876 898//794 
f 980//876 979//875 897//793 
f 979//875 978//874 896//792 
f 978//874 977//873 895//791 
f 977//873 976//872 894//790 
f 976//872 975//871 893//789 
f 975//871 974//870 892//788 
f 974//870 973//869 891//787 
f 973//869 972//868 890//786 
f 972//868 971//867 889//785 
f 971//867 970//866 888//784 
f 970//866 969//865 887//783 
f 969//865 968//864 886//782 
f 968//864 967//863 885//781 
f 967//863 966//862 884//780 
f 966//862 965//861 883//779 
f 965//861 964//860 882//778 
f 964//860 963//859 881//777 
f 963//859 962//858 880//776 
f 962//858 961//857 879//775 
f 961//857 960//856 878//774 
f 960//856 959//855 877//773 
f 959//855 958//854 876//772 
f 958//854 957//853 875//771 
f 957//853 956//852 874//770 
f 956//852 955//851 873//769 
f 955//851 954//850 872//768 
f 954//850 953//849 871//767 
f 953//849 952//848 870//766 
f 952//848 951//847 869//765 
f 951//847 950//846 868//764 
f 950//846 949//845 867//763 
f 949//845 948//844 866//762 
f 948//844 947//843 865//761 
f 947//843 946//842 864//760 
f 946//842 945//841 863//759 
f 945//841 944//840 862//758 
f 944//840 943//839 861//757 
f 943//839 942//838 860//756 
f 942//838 941//837 859//755 
f 941//837 940//836 858//754 
f 940//836 939//835 857//753 
f 939//835 938//834 856//752 
f 938//834 937//833 855//751 
f 937//833 936//832 854//750 
f 936//832 935//831 853//749 
f 935//831 934//830 852//748 
f 934//830 933//829 851//747 
f 933//829 932//828 850//746 
f 932//828 931//827 849//745 
f 931//827 930//826 848//744 
f 930//826 929//825 847//743 
f 929//825 928//824 846//742 
f 928//824 927//823 845//741 
f 927//823 926//822 844//740 
f 926//822 925//821 843//739 
f 925//821 924//820 842//738 
f 924//820 923//819 841//737 
f 923//819 922//818 840//736 
f 922//818 921//817 839//735 
f 921//817 1002//898 920//816 
f 920//816 919//815 837//733 
f 919//815 918//814 836//732 
f 918//814 917//813 835//731 
f 917//813 916//812 834//730 
f 916//812 915//811 833//729 
f 915//811 914//810 832//728 
f 914//810 913//809 831//727 
f 913//809 912//808 830//726 
f 912//808 911//807 829//725 
f 911//807 910//806 828//724 
f 910//806 909//805 827//723 
f 909//805 908//804 826//722 
f 908//804 907//803 825//721 
f 907//803 906//802 824//720 
f 906//802 905//801 823//719 
f 905//801 904//800 822//718 
f 904//800 903//799 821//717 
f 903//799 902//798 820//716 
f 902//798 901//797 819//715 
f 901//797 900//796 818//714 
f 900//796 899//795 817//713 
f 899//795 898//794 816//712 
f 898//794 897//793 815//711 
f 897//793 896//792 814//710 
f 896//792 895//791 813//709 
f 895//791 894//790 812//708 
f 894//790 893//789 811//707 
f 893//789 892//788 810//706 
f 892//788 891//787 809//705 
f 891//787 890//786 808//704 
f 890//786 889//785 807//703 
f 889//785 888//784 806//702 
f 888//784 887//783 805//701 
f 887//783 886//782 804//700 
f 886//782 885//781 803//699 
f 885//781 884//780 802//698 
f 884//780 883//779 801//697 
f 883//779 882//778 800//696 
f 882//778 881//777 799//695 
f 881//777 880//776 798//694 
f 880//776 879//775 797//693 
f 879//775 878//774 796//692 
f 878//774 877//773 795//691 
f 877//773 876//772 794//690 
f 876//772 875//771 793//689 
f 875//771 874//770 792//688 
f 874//770 873//769 791//687 
f 873//769 872//768 790//686 
f 872//768 871//767 789//685 
f 871//767 870//766 788//684 
f 870//766 869//765 787//683 
f 869//765 868//764 786//682 
f 868//764 867//763 785//681 
f 867//763 866//762 784//680 
f 866//762 865//761 783//679 
f 865//761 864//760 782//678 
f 864//760 863//759 781//677 
f 863//759 862//758 780//676 
f 862//758 861//757 779//675 
f 861//757 860//756 778//674 
f 860//756 859//755 777//673 
f 859//755 858//754 776//672 
f 858//754 857//753 775//671 
f 857//753 856//752 774//670 
f 856//752 855//751 773//669 
f 855//751 854//750 772//668 
f 854//750 853//749 771//667 
f 853//749 852//748 770//666 
f 852//748 851//747 769//665 
f 851//747 850//746 768//664 
f 850//746 849//745 767//663 
f 849//745 848//744 766//662 
f 848//744 847//743 765//661 
f 847//743 846//742 764//660 
f 846//742 845//741 763//659 
f 845//741 844//740 762//658 
f 844//740 843//739 761//657 
f 843//739 842//738 760//656 
f 842//738 841//737 759//655 
f 841//737 840//736 758//654 
f 840//736 839//735 757//653 
f 839//735 920//816 838//734 
f 838//734 837//733 755//651 
f 837//733 836//732 754//650 
f 836//732 835//731 753//649 
f 835//731 834//730 752//648 
f 834//730 833//729 751//647 
f 833//729 832//728 750//646 
f 832//728 831//727 749//645 
f 831//727 830//726 748//644 
f 830//726 829//725 747//643 
f 829//725 828//724 746//642 
f 828//724 827//723 745//641 
f 827//723 826//722 744//640 
f 826//722 825//721 743//639 
f 825//721 824//720 742//638 
f 824//720 823//719 741//637 
f 823//719 822//718 740//636 
f 822//718 821//717 739//635 
f 821//717 820//716 738//634 
f 820//716 819//715 737//633 
f 819//715 818//714 736//632 
f 818//714 817//713 735//631 
f 817//713 816//712 734//630 
f 816//712 815//711 733//629 
f 815//711 814//710 732//628 
f 814//710 813//709 731//627 
f 813//709 812//708 730//626 
f 812//708 811//707 729//625 
f 811//707 810//706 728//624 
f 810//706 809//705 727//623 
f 809//705 808//704 726//622 
f 808//704 807//703 725//621 
f 807//703 806//702 724//620 
f 806//702 805//701 723//619 
f 805//701 804//700 722//618 
f 804//700 803//699 721//617 
f 803//699 802//698 720//616 
f 802//698 801//697 719//615 
f 801//697 800//696 718//614 
f 800//696 799//695 717//613 
f 799//695 798//694 716//612 
f 798//694 797//693 715//611 
f 797//693 796//692 714//610 
f 796//692 795//691 713//609 
f 795//691 794//690 712//608 
f 794//690 793//689 711//607 
f 793//689 792//688 710//606 
f 792//688 791//687 709//605 
f 791//687 790//686 708//604 
f 790//686 789//685 707//603 
f 789//685 788//684 706//602 
f 788//684 787//683 705//601 
f 787//683 786//682 704//600 
f 786//682 785//681 703//599 
f 785//681 784//680 702//598 
f 784//680 783//679 701//597 
f 783//679 782//678 700//596 
f 782//678 781//677 699//595 
f 781//677 780//676 698//594 
f 780//676 779//675 697//593 
f 779//675 778//674 696//592 
f 778//674 777//673 695//591 
f 777//673 776//672 694//590 
f 776//672 775//671 693//589 
f 775//671 774//670 692//588 
f 774//670 773//669 691//587 
f 773//669 772//668 690//586 
f 772//668 771//667 689//585 
f 771//667 770//666 688//584 
f 770//666 769//665 687//583 
f 769//665 768//664 686//582 
f 768//664 767//663 685//581 
f 767//663 766//662 684//580 
f 766//662 765//661 683//579 
f 765//661 764//660 682//578 
f 764//660 763//659 681//577 
f 763//659 762//658 680//576 
f 762//658 761//657 679//575 
f 761//657 760//656 678//574 
f 760//656 759//655 677//573 
f 759//655 758//654 676//572 
f 758//654 757//653 675//571 
f 757//653 838//734 756//652 
f 756//652 755//651 673//569 
f 755//651 754//650 672//568 
f 754//650 753//649 671//567 
f 753//649 752//648 670//566 
f 752//648 751//647 669//565 
f 751//647 750//646 668//564 
f 750//646 749//645 667//563 
f 749//645 748//644 666//562 
f 748//644 747//643 665//561 
f 747//643 746//642 664//560 
f 746//642 745//641 663//559 
f 745//641 744//640 662//558 
f 744//640 743//639 661//557 
f 743//639 742//638 660//556 
f 742//638 741//637 659//555 
f 741//637 740//636 658//554 
f 740//636 739//635 657//553 
f 739//635 738//634 656//552 
f 738//634 737//633 655//551 
f 737//633 736//632 654//550 
f 736//632 735//631 653//549 
f 735//631 734//630 652//548 
f 734//630 733//629 651//547 
f 733//629 732//628 650//546 
f 732//628 731//627 649//545 
f 731//627 730//626 648//544 
f 730//626 729//625 647//543 
f 729//625 728//624 646//542 
f 728//624 727//623 645//541 
f 727//623 726//622 644//540 
f 726//622 725//621 643//539 
f 725//621 724//620 642//538 
f 724//620 723//619 641//537 
f 723//619 722//618 640//536 
f 722//618 721//617 639//535 
f 721//617 720//616 638//534 
f 720//616 719//615 637//533 
f 719//615 718//614 636//532 
f 718//614 717//613 635//531 
f 717//613 716//612 634//530 
f 716//612 715//611 633//529 
f 715//611 714//610 632//528 
f 714//610 713//609 631//527 
f 713//609 712//608 630//526 
f 712//608 711//607 629//525 
f 711//607 710//606 628//524 
f 710//606 709//605 627//523 
f 709//605 708//604 626//522 
f 708//604 707//603 625//521 
f 707//603 706//602 624//520 
f 706//602 705//601 623//519 
f 705//601 704//600 622//518 
f 704//600 703//599 621//517 
f 703//599 702//598 620//516 
f 702//598 701//597 619//515 
f 701//597 700//596 618//514 
f 700//596 699//595 617//513 
f 699//595 698//594 616//512 
f 698//594 697//593 615//511 
f 697//593 696//592 614//510 
f 696//592 695//591 613//509 
f 695//591 694//590 612//508 
f 694//590 693//589 611//507 
f 693//589 692//588 610//506 
f 692//588 691//587 609//505 
f 691//587 690//586 608//504 
f 690//586 689//585 607//503 
f 689//585 688//584 606//502 
f 688//584 687//583 605//501 
f 687//583 686//582 604//500 
f 686//582 685//581 603//499 
f 685//581 684//580 602//498 
f 684//580 683//579 601//497 
f 683//579 682//578 600//496 
f 682//578 681//577 599//495 
f 681//577 680//576 598//494 
f 680//576 679//575 597//493 
f 679//575 678//574 596//492 
f 678//574 677//573 595//491 
f 677//573 676//572 594//490 
f 676//572 675//571 593//489 
f 675//571 756//652 674//570 
f 674//570 673//569 591//487 
f 673//569 672//568 590//486 
f 672//568 671//567 589//485 
f 671//567 670//566 588//484 
f 670//566 669//565 587//483 
f 669//565 668//564 586//482 
f 668//564 667//563 585//481 
f 667//563 666//562 584//480 
f 666//562 665//561 583//479 
f 665//561 664//560 582//478 
f 664//560 663//559 581//477 
f 663//559 662//558 580//476 
f 662//558 661//557 579//475 
f 661//557 660//556 578//474 
f 660//556 659//555 577//473 
f 659//555 658//554 576//472 
f 658//554 657//553 575//471 
f 657//553 656//552 574//470 
f 656//552 655//551 573//469 
f 655//551 654//550 572//468 
f 654//550 653//549 571//467 
f 653//549 652//548 570//466 
f 652//548 651//547 569//465 
f 651//547 650//546 568//464 
f 650//546 649//545 567//463 
f 649//545 648//544 566//462 
f 648//544 647//543 565//461 
f 647//543 646//542 564//460 
f 646//542 645//541 563//459 
f 645//541 644//540 562//458 
f 644//540 643//539 561//457 
f 643//539 642//538 560//456 
f 642//538 641//537 559//455 
f 641//537 640//536 558//454 
f 640//536 639//535 557//453 
f 639//535 638//534 556//452 
f 638//534 637//533 555//451 
f 637//533 636//532 554//450 
f 636//532 635//531 553//449 
f 635//531 634//530 552//448 
f 634//530 633//529 551//447 
f 633//529 632//528 550//446 
f 632//528 631//527 549//445 
f 631//527 630//526 548//444 
f 630//526 629//525 547//443 
f 629//525 628//524 546//442 
f 628//524 627//523 545//441 
f 627//523 626//522 544//440 
f 626//522 625//521 543//439 
f 625//521 624//520 542//438 
f 624//520 623//519 541//437 
f 623//519 622//518 540//436 
f 622//518 621//517 539//435 
f 621//517 620//516 538//434 
f 620//516 619//515 537//433 
f 619//515 618//514 536//432 
f 618//514 617//513 535//431 
f 617//513 616//512 534//430 
f 616//512 615//511 533//429 
f 615//511 614//510 532//428 
f 614//510 613//509 531//427 
f 613//509 612//508 530//426 
f 612//508 611//507 529//425 
f 611//507 610//506 528//424 
f 610//506 609//505 527//423 
f 609//505 608//504 526//422 
f 608//504 607//503 525//421 
f 607//503 606//502 524//420 
f 606//502 605//501 523//419 
f 605//501 604//500 522//418 
f 604//500 603//499 521//417 
f 603//499 602//498 520//416 
f 602//498 601//497 519//415 
f 601//497 600//496 518//414 
f 600//496 599//495 517//413 
f 599//495 598//494 516//412 
f 598//494 597//493 515//411 
f 597//493 596//492 514//410 
f 596//492 595//491 513//409 
f 595//491 594//490 512//408 
f 594//490 593//489 511//407 
f 593//489 674//570 592//488 
f 592//488 591//487 509//405 
f 591//487 590//486 508//404 
f 590//486 589//485 507//403 
f 589//485 588//484 506//402 
f 588//484 587//483 505//401 
f 587//483 586//482 504//400 
f 586//482 585//481 503//399 
f 585//481 584//480 502//398 
f 584//480 583//479 501//397 
f 583//479 582//478 500//396 
f 582//478 581//477 499//395 
f 581//477 580//476 498//394 
f 580//476 579//475 497//393 
f 579//475 578//474 496//392 
f 578//474 577//473 495//391 
f 577//473 576//472 494//390 
f 576//472 575//471 493//389 
f 575//471 574//470 492//388 
f 574//470 573//469 491//387 
f 573//469 572//468 490//386 
f 572//468 571//467 489//385 
f 571//467 570//466 488//384 
f 570//466 569//465 487//383 
f 569//465 568//464 486//382 
f 568//464 567//463 485//381 
f 567//463 566//462 484//380 
f 566//462 565//461 483//379 
f 565//461 564//460 482//378 
f 564//460 563//459 481//377 
f 563//459 562//458 480//376 
f 562//458 561//457 479//375 
f 561//457 560//456 478//374 
f 560//456 559//455 477//373 
f 559//455 558//454 476//372 
f 558//454 557//453 475//371 
f 557//453 556//452 474//370 
f 556//452 555//451 473//369 
f 555//451 554//450 472//368 
f 554//450 553//449 471//367 
f 553//449 552//448 470//366 
f 552//448 551//447 469//365 
f 551//447 550//446 468//364 
f 550//446 549//445 467//363 
f 549//445 548//444 466//362 
f 548//444 547//443 465//361 
f 547//443 546//442 464//360 
f 546//442 545//441 463//359 
f 545//441 544//440 462//358 
f 544//440 543//439 461//357 
f 543//439 542//438 460//356 
f 542//438 541//437 459//355 
f 541//437 540//436 458//354 
f 540//436 539//435 457//353 
f 539//435 538//434 456//352 
f 538//434 537//433 455//351 
f 537//433 536//432 454//350 
f 536//432 535//431 453//349 
f 535//431 534//430 452//348 
f 534//430 533//429 451//347 
f 533//429 532//428 450//346 
f 532//428 531//427 449//345 
f 531//427 530//426 448//344 
f 530//426 529//425 447//343 
f 529//425 528//424 446//342 
f 528//424 527//423 445//341 
f 527//423 526//422 444//340 
f 526//422 525//421 443//339 
f 525//421 524//420 442//338 
f 524//420 523//419 441//337 
f 523//419 522//418 440//336 
f 522//418 521//417 439//335 
f 521//417 520//416 438//334 
f 520//416 519//415 437//333 
f 519//415 518//414 436//332 
f 518//414 517//413 435//331 
f 517//413 516//412 434//330 
f 516//412 515//411 433//329 
f 515//411 514//410 432//328 
f 514//410 513//409 431//327 
f 513//409 512//408 430//326 
f 512//408 511//407 429//325 
f 511//407 592//488 510//406 
f 510//406 509//405 427//323 
f 509//405 508//404 426//321 
f 508//404 507//403 425//320 
f 507//403 506//402 424//317 
f 506//402 505//401 423//316 
f 505//401 504//400 422//315 
f 504//400 503//399 421//313 
f 503//399 502//398 420//312 
f 502//398 501//397 419//310 
f 501//397 500//396 418//309 
f 500//396 499//395 417//307 
f 499//395 498//394 416//306 
f 498//394 497//393 415//303 
f 497//393 496//392 414//302 
f 496//392 495//391 413//300 
f 495//391 494//390 412//299 
f 494//390 493//389 411//297 
f 493//389 492//388 410//296 
f 492//388 491//387 409//294 
f 491//387 490//386 408//293 
f 490//386 489//385 407//291 
f 489//385 488//384 406//290 
f 488//384 487//383 405//288 
f 487//383 486//382 404//287 
f 486//382 485//381 403//285 
f 485//381 484//380 402//284 
f 484//380 483//379 401//282 
f 483//379 482//378 400//280 
f 482//378 481//377 399//279 
f 481//377 480//376 398//277 
f 480//376 479//375 397//276 
f 479//375 478//374 396//274 
f 478//374 477//373 395//273 
f 477//373 476//372 394//271 
f 476//372 475//371 393//270 
f 475//371 474//370 392//268 
f 474//370 473//369 391//266 
f 473//369 472//368 390//265 
f 472//368 471//367 389//263 
f 471//367 470//366 388//262 
f 470//366 469//365 387//260 
f 469//365 468//364 386//259 
f 468//364 467//363 385//257 
f 467//363 466//362 384//256 
f 466//362 465//361 383//253 
f 465//361 464//360 382//252 
f 464//360 463//359 381//251 
f 463//359 462//358 380//249 
f 462//358 461//357 379//248 
f 461//357 460//356 378//246 
f 460//356 459//355 377//245 
f 459//355 458//354 376//243 
f 458//354 457//353 375//242 
f 457//353 456//352 374//239 
f 456//352 455//351 373//238 
f 455//351 454//350 372//236 
f 454//350 453//349 371//234 
f 453//349 452//348 370//233 
f 452//348 451//347 369//231 
f 451//347 450//346 368//230 
f 450//346 449//345 367//228 
f 449//345 448//344 366//227 
f 448//344 447//343 365//225 
f 447//343 446//342 364//224 
f 446//342 445//341 363//222 
f 445//341 444//340 362//221 
f 444//340 443//339 361//218 
f 443//339 442//338 360//217 
f 442//338 441//337 359//215 
f 441//337 440//336 358//214 
f 440//336 439//335 357//212 
f 439//335 438//334 356//211 
f 438//334 437//333 355//209 
f 437//333 436//332 354//208 
f 436//332 435//331 353//206 
f 435//331 434//330 352//205 
f 434//330 433//329 351//203 
f 433//329 432//328 350//201 
f 432//328 431//327 349//200 
f 431//327 430//326 348//198 
f 430//326 429//325 347//197 
f 429//325 510//406 428//324 
f 428//324 427//323 346//322 
f 427//323 426//321 345//319 
f 426//321 425//320 344//319 
f 425//320 424//317 343//319 
f 342//318 343//319 424//317 
f 423//316 422//315 340//314 
f 422//315 421//313 339//311 
f 421//313 420//312 338//311 
f 420//312 419//310 337//308 
f 419//310 418//309 336//308 
f 418//309 417//307 335//305 
f 417//307 416//306 334//305 
f 416//306 415//303 333//305 
f 332//304 333//305 415//303 
f 414//302 413//300 330//298 
f 413//300 412//299 329//298 
f 412//299 411//297 328//295 
f 411//297 410//296 327//295 
f 410//296 409//294 326//292 
f 409//294 408//293 325//292 
f 408//293 407//291 324//289 
f 407//291 406//290 323//289 
f 406//290 405//288 322//286 
f 405//288 404//287 321//286 
f 404//287 403//285 320//283 
f 403//285 402//284 319//283 
f 402//284 401//282 318//283 
f 317//281 318//283 401//282 
f 400//280 399//279 315//278 
f 399//279 398//277 314//275 
f 398//277 397//276 313//275 
f 397//276 396//274 312//272 
f 396//274 395//273 311//272 
f 395//273 394//271 310//269 
f 394//271 393//270 309//269 
f 393//270 392//268 308//269 
f 307//267 308//269 392//268 
f 391//266 390//265 305//264 
f 390//265 389//263 304//261 
f 389//263 388//262 303//261 
f 388//262 387//260 302//258 
f 387//260 386//259 301//258 
f 386//259 385//257 300//255 
f 385//257 384//256 299//255 
f 384//256 383//253 298//255 
f 297//254 298//255 383//253 
f 382//252 381//251 295//250 
f 381//251 380//249 294//247 
f 380//249 379//248 293//247 
f 379//248 378//246 292//244 
f 378//246 377//245 291//244 
f 377//245 376//243 290//241 
f 376//243 375//242 289//241 
f 375//242 374//239 288//241 
f 286//240 288//241 374//239 
f 285//237 287//241 373//238 
f 372//236 371//234 283//232 
f 371//234 370//233 282//232 
f 370//233 369//231 281//229 
f 369//231 368//230 280//229 
f 368//230 367//228 279//226 
f 367//228 366//227 278//226 
f 366//227 365//225 277//223 
f 365//225 364//224 276//223 
f 364//224 363//222 275//220 
f 363//222 362//221 274//220 
f 362//221 361//218 273//220 
f 271//219 273//220 361//218 
f 270//216 272//220 360//217 
f 359//215 358//214 268//213 
f 358//214 357//212 267//210 
f 357//212 356//211 266//210 
f 356//211 355//209 265//207 
f 355//209 354//208 264//207 
f 354//208 353//206 263//204 
f 353//206 352//205 262//204 
f 352//205 351//203 261//204 
f 260//202 261//204 351//203 
f 350//201 349//200 258//199 
f 349//200 348//198 257//196 
f 348//198 347//197 256//196 
f 347//197 428//324 255//196 
o mesh3
f 241//1528 252//1529 1495//1530 
f 252//1529 1496//1529 1495//1530 
f 241//1528 1497//1531 1498//1532 
f 1498//1532 240//1533 241//1528 
f 1499//1534 1500//1535 238//1535 
f 1500//1535 1501//1536 208//1536 
f 1501//1536 1502//1537 207//1537 
f 1502//1537 1503//1538 218//1538 
f 1503//1538 1504//1539 217//1539 
f 1504//1539 1505//1540 216//1540 
f 1505//1540 1506//1541 215//1541 
f 1506//1541 1507//1542 214//1542 
f 1507//1542 1508//1543 236//1543 
f 1508//1543 1509//1544 235//1544 
f 1509//1544 1510//1545 234//1545 
f 1510//1545 1511//1546 233//1546 
f 1511//1546 1512//1547 213//1547 
f 1512//1547 1513//1548 206//1548 
f 1513//1548 1514//1549 204//1549 
f 1514//1549 1515//1550 205//1550 
f 1515//1550 1516//1551 232//1551 
f 1516//1551 1517//1552 231//1552 
f 1517//1552 1518//1553 230//1553 
f 1518//1553 1519//1554 229//1554 
f 1519//1554 1520//1555 228//1555 
f 1520//1555 1521//1556 227//1556 
f 1521//1556 1522//1557 212//1557 
f 1522//1557 1523//1558 203//1558 
f 1523//1558 1524//1559 202//1559 
f 1524//1559 1525//1560 201//1560 
f 1525//1560 1526//1561 200//1561 
f 1526//1561 1527//1562 199//1562 
f 1527//1562 1528//1563 197//1563 
f 1528//1563 1529//1564 198//1564 
f 1529//1564 1530//1565 226//1565 
f 1530//1565 1531//1566 225//1566 
f 1531//1566 1532//1567 223//1567 
f 1532//1567 1533//1568 224//1568 
f 1533//1568 1534//1569 222//1569 
f 1534//1569 1535//1570 211//1570 
f 1535//1570 1536//1571 209//1571 
f 1536//1571 1537//1572 210//1572 
f 1537//1572 1538//1573 251//1573 
f 1538//1573 1539//1574 249//1574 
f 1539//1574 1540//1575 250//1575 
f 1540//1575 1541//1576 254//1576 
f 1541//1576 1542//1577 248//1577 
f 1542//1577 1543//1578 247//1578 
f 1543//1578 1544//1579 246//1579 
f 1544//1579 1545//1580 245//1580 
f 1545//1580 1546//1581 244//1581 
f 1546//1581 1547//1582 243//1582 
f 1547//1582 1548//1583 242//1583 
f 1548//1583 1549//1584 237//1584 
f 1549//1584 1550//1585 221//1585 
f 1550//1585 1551//1586 219//1586 
f 1551//1586 1552//1587 220//1587 
f 1552//1587 1553//1588 253//1588 
f 1496//1529 252//1529 1554//1589 
f 253//1588 1553//1588 1554//1589 
f 1554//1589 252//1529 253//1588 
f 239//1590 240//1533 1555//1591 
f 1556//1592 1557//1591 1555//1591 
f 1555//1591 240//1533 1556//1592 
f 1555//1591 1499//1534 239//1590 
f 1554//1589 1558//1593 1496//1529 
f 253//1588 220//1587 1552//1587 
f 220//1587 219//1586 1551//1586 
f 219//1586 221//1585 1550//1585 
f 221//1585 237//1584 1549//1584 
f 237//1584 242//1583 1548//1583 
f 242//1583 243//1582 1547//1582 
f 243//1582 244//1581 1546//1581 
f 244//1581 245//1580 1545//1580 
f 245//1580 246//1579 1544//1579 
f 246//1579 247//1578 1543//1578 
f 247//1578 248//1577 1542//1577 
f 248//1577 254//1576 1541//1576 
f 254//1576 250//1575 1540//1575 
f 250//1575 249//1574 1539//1574 
f 249//1574 251//1573 1538//1573 
f 251//1573 210//1572 1537//1572 
f 210//1572 209//1571 1536//1571 
f 209//1571 211//1570 1535//1570 
f 211//1570 222//1569 1534//1569 
f 222//1569 224//1568 1533//1568 
f 224//1568 223//1567 1532//1567 
f 223//1567 225//1566 1531//1566 
f 225//1566 226//1565 1530//1565 
f 226//1565 198//1564 1529//1564 
f 198//1564 197//1563 1528//1563 
f 197//1563 199//1562 1527//1562 
f 199//1562 200//1561 1526//1561 
f 200//1561 201//1560 1525//1560 
f 201//1560 202//1559 1524//1559 
f 202//1559 203//1558 1523//1558 
f 203//1558 212//1557 1522//1557 
f 212//1557 227//1556 1521//1556 
f 227//1556 228//1555 1520//1555 
f 228//1555 229//1554 1519//1554 
f 229//1554 230//1553 1518//1553 
f 230//1553 231//1552 1517//1552 
f 231//1552 232//1551 1516//1551 
f 232//1551 205//1550 1515//1550 
f 205//1550 204//1549 1514//1549 
f 204//1549 206//1548 1513//1548 
f 206//1548 213//1547 1512//1547 
f 213//1547 233//1546 1511//1546 
f 233//1546 234//1545 1510//1545 
f 234//1545 235//1544 1509//1544 
f 235//1544 236//1543 1508//1543 
f 236//1543 214//1542 1507//1542 
f 214//1542 215//1541 1506//1541 
f 215//1541 216//1540 1505//1540 
f 216//1540 217//1539 1504//1539 
f 217//1539 218//1538 1503//1538 
f 218//1538 207//1537 1502//1537 
f 207//1537 208//1536 1501//1536 
f 208//1536 238//1535 1500//1535 
f 238//1535 239//1590 1499//1534 
f 1498//1532 1556//1592 240//1533 
f 1495//1530 1497//1531 241//1528 
o mesh4
f 1559//1594 1558//1593 1554//1593 
f 1560//1595 1559//1594 1561//1594 
f 1562//1596 1560//1595 1563//1595 
f 1564//1597 1562//1596 1565//1596 
f 1566//1598 1564//1597 1567//1597 
f 1568//1599 1566//1598 1569//1598 
f 1570//1600 1568//1599 1571//1599 
f 1572//1601 1570//1600 1573//1600 
f 1574//1602 1572//1601 1575//1601 
f 1576//1603 1574//1602 1577//1602 
f 1578//1604 1576//1603 1579//1603 
f 1580//1605 1578//1604 1581//1604 
f 1582//1606 1580//1605 1583//1605 
f 1584//1607 1582//1606 1585//1606 
f 1586//1608 1584//1607 1587//1607 
f 1587//1607 1588//1608 1586//1608 
f 1585//1606 1587//1607 1584//1607 
f 1583//1605 1585//1606 1582//1606 
f 1581//1604 1583//1605 1580//1605 
f 1579//1603 1581//1604 1578//1604 
f 1577//1602 1579//1603 1576//1603 
f 1575//1601 1577//1602 1574//1602 
f 1573//1600 1575//1601 1572//1601 
f 1571//1599 1573//1600 1570//1600 
f 1569//1598 1571//1599 1568//1599 
f 1567//1597 1569//1598 1566//1598 
f 1565//1596 1567//1597 1564//1597 
f 1563//1595 1565//1596 1562//1596 
f 1561//1594 1563//1595 1560//1595 
f 1554//1593 1561//1594 1559//1594 
o mesh5
f 1589//1608 1590//1608 1586//1608 
f 1586//1608 1588//1608 1589//1608 
o mesh6
f 1591//1609 1590//1608 1589//1608 
f 1592//1610 1591//1609 1593//1609 
f 1594//1611 1592//1610 1595//1610 
f 1596//1612 1594//1611 1597//1611 
f 1598//1613 1596//1612 1599//1612 
f 1600//1614 1598//1613 1601//1613 
f 1602//1615 1600//1614 1603//1614 
f 1604//1616 1602//1615 1605//1615 
f 1606//1617 1604//1616 1607//1616 
f 1608//1618 1606//1617 1609//1617 
f 1610//1619 1608//1618 1611//1618 
f 1612//1620 1610//1619 1613//1619 
f 1614//1621 1612//1620 1615//1620 
f 1616//1622 1614//1621 1617//1621 
f 1618//1623 1616//1622 1619//1622 
f 1619//1622 1620//1623 1618//1623 
f 1617//1621 1619//1622 1616//1622 
f 1615//1620 1617//1621 1614//1621 
f 1613//1619 1615//1620 1612//1620 
f 1611//1618 1613//1619 1610//1619 
f 1609//1617 1611//1618 1608//1618 
f 1607//1616 1609//1617 1606//1617 
f 1605//1615 1607//1616 1604//1616 
f 1603//1614 1605//1615 1602//1615 
f 1601//1613 1603//1614 1600//1614 
f 1599//1612 1601//1613 1598//1613 
f 1597//1611 1599//1612 1596//1612 
f 1595//1610 1597//1611 1594//1611 
f 1593//1609 1595//1610 1592//1610 
f 1589//1608 1593//1609 1591//1609 
o mesh7
f 1621//1624 1622//1625 1623//1625 
f 1624//1626 1621//1624 1625//1627 
f 1626//1628 1624//1626 1627//1629 
f 1628//1630 1626//1628 1629//1631 
f 1630//1632 1628//1630 1631//1633 
f 1632//1634 1630//1632 1633//1635 
f 1634//1636 1632//1634 1635//1637 
f 1636//1638 1634//1636 1637//1639 
f 1638//1640 1636//1638 1639//1641 
f 1640//1642 1638//1640 1641//1643 
f 1642//1644 1640//1642 1643//1645 
f 1644//1646 1642//1644 1645//1647 
f 1646//1648 1644//1646 1647//1649 
f 1648//1650 1646//1648 1649//1651 
f 1557//1652 1648//1650 1650//1653 
f 1650//1653 1555//1652 1557//1652 
f 1649//1651 1650//1653 1648//1650 
f 1647//1649 1649//1651 1646//1648 
f 1645//1647 1647//1649 1644//1646 
f 1643//1645 1645//1647 1642//1644 
f 1641//1643 1643//1645 1640//1642 
f 1639//1641 1641//1643 1638//1640 
f 1637//1639 1639//1641 1636//1638 
f 1635//1637 1637//1639 1634//1636 
f 1633//1635 1635//1637 1632//1634 
f 1631//1633 1633//1635 1630//1632 
f 1629//1631 1631//1633 1628//1630 
f 1627//1629 1629//1631 1626//1628 
f 1625//1627 1627//1629 1624//1626 
f 1623//1625 1625//1627 1621//1624 
o mesh8
f 1623//1654 1622//1654 1651//1654 
f 1651//1654 1652//1654 1623//1654 
o mesh9
f 1653//1655 1654//1656 1655//1656 
f 1656//1657 1653//1655 1657//1658 
f 1658//1659 1656//1657 1659//1660 
f 1660//1661 1658//1659 1661//1662 
f 1662//1663 1660//1661 1663//1664 
f 1664//1665 1662//1663 1665//1666 
f 1666//1667 1664//1665 1667//1668 
f 1668//1669 1666//1667 1669//1670 
f 1670//1671 1668//1669 1671//1672 
f 1672//1673 1670//1671 1673//1674 
f 1674//1675 1672//1673 1675//1676 
f 1676//1677 1674//1675 1677//1678 
f 1678//1679 1676//1677 1679//1680 
f 1680//1681 1678//1679 1681//1682 
f 1651//1683 1680//1681 1682//1684 
f 1682//1684 1652//1683 1651//1683 
f 1681//1682 1682//1684 1680//1681 
f 1679//1680 1681//1682 1678//1679 
f 1677//1678 1679//1680 1676//1677 
f 1675//1676 1677//1678 1674//1675 
f 1673//1674 1675//1676 1672//1673 
f 1671//1672 1673//1674 1670//1671 
f 1669//1670 1671//1672 1668//1669 
f 1667//1668 1669//1670 1666//1667 
f 1665//1666 1667//1668 1664//1665 
f 1663//1664 1665//1666 1662//1663 
f 1661//1662 1663//1664 1660//1661 
f 1659//1660 1661//1662 1658//1659 
f 1657//1658 1659//1660 1656//1657 
f 1655//1656 1657//1658 1653//1655 
o mesh10
f 1683//1685 1589//1685 1588//1685 
f 1683//1685 1593//1685 1589//1685 
f 1588//1685 1553//1685 1683//1685 
f 1683//1685 1599//1685 1597//1685 
f 1683//1685 1603//1685 1601//1685 
f 1684//1685 1617//1685 1615//1685 
f 1684//1685 1620//1685 1619//1685 
f 1683//1685 1595//1685 1593//1685 
f 1601//1685 1599//1685 1683//1685 
f 1684//1685 1611//1685 1609//1685 
f 1619//1685 1617//1685 1684//1685 
f 1685//1685 1499//1685 1623//1685 
f 1597//1685 1595//1685 1683//1685 
f 1683//1685 1607//1685 1605//1685 
f 1609//1685 1683//1685 1684//1685 
f 1615//1685 1613//1685 1684//1685 
f 1525//1685 1524//1685 1686//1685 
f 1524//1685 1523//1685 1687//1685 
f 1523//1685 1522//1685 1688//1685 
f 1623//1685 1652//1685 1685//1685 
f 1605//1685 1603//1685 1683//1685 
f 1613//1685 1611//1685 1684//1685 
f 1689//1685 1526//1685 1525//1685 
f 1688//1685 1687//1685 1523//1685 
f 1690//1685 1659//1685 1657//1685 
f 1690//1685 1663//1685 1661//1685 
f 1685//1685 1677//1685 1675//1685 
f 1685//1685 1681//1685 1679//1685 
f 1499//1685 1625//1685 1623//1685 
f 1499//1685 1631//1685 1629//1685 
f 1609//1685 1607//1685 1683//1685 
f 1545//1685 1691//1685 1692//1685 
f 1544//1685 1693//1685 1691//1685 
f 1537//1685 1694//1685 1695//1685 
f 1536//1685 1696//1685 1694//1685 
f 1687//1685 1686//1685 1524//1685 
f 1522//1685 1521//1685 1697//1685 
f 1521//1685 1520//1685 1698//1685 
f 1520//1685 1519//1685 1699//1685 
f 1519//1685 1518//1685 1700//1685 
f 1518//1685 1517//1685 1701//1685 
f 1517//1685 1516//1685 1702//1685 
f 1516//1685 1515//1685 1703//1685 
f 1661//1685 1659//1685 1690//1685 
f 1690//1685 1685//1685 1667//1685 
f 1679//1685 1677//1685 1685//1685 
f 1652//1685 1682//1685 1685//1685 
f 1629//1685 1627//1685 1499//1685 
f 1499//1685 1635//1685 1633//1685 
f 1553//1685 1585//1685 1583//1685 
f 1588//1685 1587//1685 1553//1685 
f 1548//1685 1704//1685 1705//1685 
f 1547//1685 1706//1685 1704//1685 
f 1546//1685 1692//1685 1706//1685 
f 1691//1685 1545//1685 1544//1685 
f 1538//1685 1695//1685 1707//1685 
f 1694//1685 1537//1685 1536//1685 
f 1535//1685 1708//1685 1696//1685 
f 1534//1685 1709//1685 1708//1685 
f 1697//1685 1688//1685 1522//1685 
f 1699//1685 1698//1685 1520//1685 
f 1701//1685 1700//1685 1518//1685 
f 1703//1685 1702//1685 1516//1685 
f 1515//1685 1514//1685 1710//1685 
f 1514//1685 1513//1685 1711//1685 
f 1513//1685 1512//1685 1712//1685 
f 1512//1685 1511//1685 1713//1685 
f 1690//1685 1665//1685 1663//1685 
f 1685//1685 1669//1685 1667//1685 
f 1685//1685 1673//1685 1671//1685 
f 1682//1685 1681//1685 1685//1685 
f 1633//1685 1631//1685 1499//1685 
f 1499//1685 1639//1685 1637//1685 
f 1499//1685 1645//1685 1643//1685 
f 1553//1685 1581//1685 1579//1685 
f 1587//1685 1585//1685 1553//1685 
f 1551//1685 1714//1685 1715//1685 
f 1550//1685 1716//1685 1714//1685 
f 1704//1685 1548//1685 1547//1685 
f 1692//1685 1546//1685 1545//1685 
f 1543//1685 1717//1685 1693//1685 
f 1542//1685 1718//1685 1717//1685 
f 1540//1685 1719//1685 1720//1685 
f 1539//1685 1707//1685 1719//1685 
f 1695//1685 1538//1685 1537//1685 
f 1708//1685 1535//1685 1534//1685 
f 1533//1685 1721//1685 1709//1685 
f 1532//1685 1722//1685 1721//1685 
f 1530//1685 1723//1685 1724//1685 
f 1529//1685 1725//1685 1723//1685 
f 1698//1685 1697//1685 1521//1685 
f 1702//1685 1701//1685 1517//1685 
f 1711//1685 1710//1685 1514//1685 
f 1713//1685 1712//1685 1512//1685 
f 1509//1685 1508//1685 1726//1685 
f 1508//1685 1507//1685 1727//1685 
f 1507//1685 1506//1685 1728//1685 
f 1506//1685 1505//1685 1729//1685 
f 1504//1685 1503//1685 1730//1685 
f 1503//1685 1502//1685 1731//1685 
f 1667//1685 1665//1685 1690//1685 
f 1675//1685 1673//1685 1685//1685 
f 1637//1685 1635//1685 1499//1685 
f 1643//1685 1641//1685 1499//1685 
f 1553//1685 1571//1685 1569//1685 
f 1553//1685 1577//1685 1575//1685 
f 1583//1685 1581//1685 1553//1685 
f 1714//1685 1551//1685 1550//1685 
f 1549//1685 1705//1685 1716//1685 
f 1706//1685 1547//1685 1546//1685 
f 1717//1685 1543//1685 1542//1685 
f 1541//1685 1720//1685 1718//1685 
f 1719//1685 1540//1685 1539//1685 
f 1696//1685 1536//1685 1535//1685 
f 1721//1685 1533//1685 1532//1685 
f 1531//1685 1724//1685 1722//1685 
f 1723//1685 1530//1685 1529//1685 
f 1527//1685 1732//1685 1733//1685 
f 1700//1685 1699//1685 1519//1685 
f 1712//1685 1711//1685 1513//1685 
f 1511//1685 1510//1685 1734//1685 
f 1510//1685 1509//1685 1735//1685 
f 1727//1685 1726//1685 1508//1685 
f 1729//1685 1728//1685 1506//1685 
f 1505//1685 1504//1685 1736//1685 
f 1731//1685 1730//1685 1503//1685 
f 1502//1685 1501//1685 1737//1685 
f 1501//1685 1500//1685 1738//1685 
f 1671//1685 1669//1685 1685//1685 
f 1641//1685 1639//1685 1499//1685 
f 1499//1685 1649//1685 1647//1685 
f 1499//1685 1555//1685 1650//1685 
f 1553//1685 1567//1685 1565//1685 
f 1553//1685 1573//1685 1571//1685 
f 1579//1685 1577//1685 1553//1685 
f 1552//1685 1715//1685 1683//1685 
f 1716//1685 1550//1685 1549//1685 
f 1693//1685 1544//1685 1543//1685 
f 1720//1685 1541//1685 1540//1685 
f 1709//1685 1534//1685 1533//1685 
f 1724//1685 1531//1685 1530//1685 
f 1528//1685 1733//1685 1725//1685 
f 1733//1685 1528//1685 1527//1685 
f 1710//1685 1703//1685 1515//1685 
f 1735//1685 1734//1685 1510//1685 
f 1728//1685 1727//1685 1507//1685 
f 1730//1685 1736//1685 1504//1685 
f 1738//1685 1737//1685 1501//1685 
f 1500//1685 1499//1685 1685//1685 
f 1627//1685 1625//1685 1499//1685 
f 1650//1685 1649//1685 1499//1685 
f 1565//1685 1563//1685 1553//1685 
f 1575//1685 1573//1685 1553//1685 
f 1715//1685 1552//1685 1551//1685 
f 1718//1685 1542//1685 1541//1685 
f 1722//1685 1532//1685 1531//1685 
f 1527//1685 1526//1685 1732//1685 
f 1734//1685 1713//1685 1511//1685 
f 1736//1685 1729//1685 1505//1685 
f 1685//1685 1738//1685 1500//1685 
f 1647//1685 1645//1685 1499//1685 
f 1569//1685 1567//1685 1553//1685 
f 1705//1685 1549//1685 1548//1685 
f 1725//1685 1529//1685 1528//1685 
f 1739//1685 1740//1685 1732//1685 
f 1739//1685 1526//1685 1689//1685 
f 1726//1685 1735//1685 1509//1685 
f 1657//1685 1655//1685 1690//1685 
f 1563//1685 1561//1685 1553//1685 
f 1707//1685 1539//1685 1538//1685 
f 1689//1685 1741//1685 1739//1685 
f 1737//1685 1731//1685 1502//1685 
f 1683//1685 1553//1685 1552//1685 
f 1686//1685 1689//1685 1525//1685 
f 1732//1685 1526//1685 1739//1685 
f 1561//1685 1554//1685 1553//1685 
o mesh11
f 1742//1686 1743//1686 1744//1687 
f 1683//1688 1745//1688 1746//1689 
f 1715//1690 1747//1690 1745//1688 
f 1714//1691 1748//1691 1747//1690 
f 1716//1692 1749//1692 1748//1691 
f 1705//1693 1750//1693 1749//1692 
f 1704//1694 1751//1694 1750//1693 
f 1706//1695 1752//1695 1751//1694 
f 1692//1696 1753//1696 1752//1695 
f 1691//1697 1754//1697 1753//1696 
f 1693//1698 1755//1698 1754//1697 
f 1717//1699 1756//1699 1755//1698 
f 1718//1700 1757//1700 1756//1699 
f 1720//1701 1758//1701 1757//1700 
f 1719//1702 1759//1702 1758//1701 
f 1707//1703 1760//1703 1759//1702 
f 1695//1704 1761//1704 1760//1703 
f 1694//1705 1762//1705 1761//1704 
f 1696//1706 1763//1706 1762//1705 
f 1708//1707 1764//1707 1763//1706 
f 1709//1708 1765//1708 1764//1707 
f 1721//1709 1766//1709 1765//1708 
f 1722//1710 1767//1710 1766//1709 
f 1724//1711 1768//1711 1767//1710 
f 1723//1712 1769//1712 1768//1711 
f 1725//1713 1770//1713 1769//1712 
f 1733//1714 1771//1714 1770//1713 
f 1732//1715 1772//1715 1771//1714 
f 1686//1716 1773//1716 1774//1717 
f 1687//1718 1775//1718 1773//1716 
f 1688//1719 1776//1719 1775//1718 
f 1697//1720 1777//1720 1776//1719 
f 1698//1721 1778//1721 1777//1720 
f 1699//1722 1779//1722 1778//1721 
f 1700//1723 1780//1723 1779//1722 
f 1701//1724 1781//1724 1780//1723 
f 1702//1725 1782//1725 1781//1724 
f 1703//1726 1783//1726 1782//1725 
f 1710//1727 1784//1727 1783//1726 
f 1711//1728 1785//1728 1784//1727 
f 1712//1729 1786//1729 1785//1728 
f 1713//1730 1787//1730 1786//1729 
f 1734//1731 1788//1731 1787//1730 
f 1735//1732 1789//1732 1788//1731 
f 1726//1733 1790//1733 1789//1732 
f 1727//1734 1791//1734 1790//1733 
f 1728//1735 1792//1735 1791//1734 
f 1729//1736 1793//1736 1792//1735 
f 1736//1737 1794//1737 1793//1736 
f 1730//1738 1795//1738 1794//1737 
f 1731//1739 1796//1739 1795//1738 
f 1737//1740 1797//1740 1796//1739 
f 1738//1741 1798//1741 1797//1740 
f 1685//1742 1799//1742 1798//1741 
f 1690//1743 1800//1743 1799//1742 
f 1801//1744 1744//1687 1655//1745 
f 1655//1745 1654//1745 1801//1744 
f 1800//1743 1690//1743 1655//1745 
f 1655//1745 1744//1687 1800//1743 
f 1746//1689 1743//1686 1620//1746 
f 1802//1747 1618//1746 1620//1746 
f 1743//1686 1742//1686 1802//1747 
f 1620//1746 1743//1686 1802//1747 
f 1620//1746 1684//1748 1746//1689 
f 1801//1744 1803//1749 1744//1687 
f 1799//1742 1685//1742 1690//1743 
f 1798//1741 1738//1741 1685//1742 
f 1797//1740 1737//1740 1738//1741 
f 1796//1739 1731//1739 1737//1740 
f 1795//1738 1730//1738 1731//1739 
f 1794//1737 1736//1737 1730//1738 
f 1793//1736 1729//1736 1736//1737 
f 1792//1735 1728//1735 1729//1736 
f 1791//1734 1727//1734 1728//1735 
f 1790//1733 1726//1733 1727//1734 
f 1789//1732 1735//1732 1726//1733 
f 1788//1731 1734//1731 1735//1732 
f 1787//1730 1713//1730 1734//1731 
f 1786//1729 1712//1729 1713//1730 
f 1785//1728 1711//1728 1712//1729 
f 1784//1727 1710//1727 1711//1728 
f 1783//1726 1703//1726 1710//1727 
f 1782//1725 1702//1725 1703//1726 
f 1781//1724 1701//1724 1702//1725 
f 1780//1723 1700//1723 1701//1724 
f 1779//1722 1699//1722 1700//1723 
f 1778//1721 1698//1721 1699//1722 
f 1777//1720 1697//1720 1698//1721 
f 1776//1719 1688//1719 1697//1720 
f 1775//1718 1687//1718 1688//1719 
f 1773//1716 1686//1716 1687//1718 
f 1774//1717 1689//1750 1686//1716 
f 1771//1714 1733//1714 1732//1715 
f 1770//1713 1725//1713 1733//1714 
f 1769//1712 1723//1712 1725//1713 
f 1768//1711 1724//1711 1723//1712 
f 1767//1710 1722//1710 1724//1711 
f 1766//1709 1721//1709 1722//1710 
f 1765//1708 1709//1708 1721//1709 
f 1764//1707 1708//1707 1709//1708 
f 1763//1706 1696//1706 1708//1707 
f 1762//1705 1694//1705 1696//1706 
f 1761//1704 1695//1704 1694//1705 
f 1760//1703 1707//1703 1695//1704 
f 1759//1702 1719//1702 1707//1703 
f 1758//1701 1720//1701 1719//1702 
f 1757//1700 1718//1700 1720//1701 
f 1756//1699 1717//1699 1718//1700 
f 1755//1698 1693//1698 1717//1699 
f 1754//1697 1691//1697 1693//1698 
f 1753//1696 1692//1696 1691//1697 
f 1752//1695 1706//1695 1692//1696 
f 1751//1694 1704//1694 1706//1695 
f 1750//1693 1705//1693 1704//1694 
f 1749//1692 1716//1692 1705//1693 
f 1748//1691 1714//1691 1716//1692 
f 1747//1690 1715//1690 1714//1691 
f 1745//1688 1683//1688 1715//1690 
f 1746//1689 1684//1748 1683//1688 
f 1744//1687 1803//1749 1742//1686 
o mesh12
f 1755//1751 1756//1751 1804//1751 
f 1756//1751 1757//1751 1805//1751 
f 1757//1751 1758//1751 1806//1751 
f 1758//1751 1759//1751 1807//1751 
f 1745//1751 1747//1751 1808//1751 
f 1747//1751 1748//1751 1809//1751 
f 1749//1751 1750//1751 1810//1751 
f 1750//1751 1751//1751 1811//1751 
f 1753//1751 1754//1751 1812//1751 
f 1754//1751 1755//1751 1813//1751 
f 1805//1751 1804//1751 1756//1751 
f 1807//1751 1806//1751 1758//1751 
f 1760//1751 1761//1751 1814//1751 
f 1761//1751 1762//1751 1815//1751 
f 1773//1751 1816//1751 1817//1751 
f 1775//1751 1818//1751 1816//1751 
f 1777//1751 1819//1751 1820//1751 
f 1778//1751 1821//1751 1819//1751 
f 1746//1751 1745//1751 1822//1751 
f 1809//1751 1808//1751 1747//1751 
f 1748//1751 1749//1751 1823//1751 
f 1811//1751 1810//1751 1750//1751 
f 1813//1751 1812//1751 1754//1751 
f 1806//1751 1805//1751 1757//1751 
f 1759//1751 1760//1751 1824//1751 
f 1815//1751 1814//1751 1761//1751 
f 1764//1751 1765//1751 1825//1751 
f 1765//1751 1766//1751 1826//1751 
f 1767//1751 1768//1751 1827//1751 
f 1768//1751 1769//1751 1828//1751 
f 1816//1751 1773//1751 1775//1751 
f 1776//1751 1820//1751 1818//1751 
f 1819//1751 1777//1751 1778//1751 
f 1779//1751 1829//1751 1821//1751 
f 1780//1751 1830//1751 1829//1751 
f 1781//1751 1831//1751 1830//1751 
f 1782//1751 1832//1751 1831//1751 
f 1783//1751 1833//1751 1832//1751 
f 1792//1751 1834//1751 1835//1751 
f 1793//1751 1836//1751 1834//1751 
f 1795//1751 1837//1751 1838//1751 
f 1796//1751 1839//1751 1837//1751 
f 1797//1751 1840//1751 1839//1751 
f 1798//1751 1841//1751 1840//1751 
f 1808//1751 1822//1751 1745//1751 
f 1810//1751 1823//1751 1749//1751 
f 1751//1751 1752//1751 1842//1751 
f 1752//1751 1753//1751 1843//1751 
f 1804//1751 1813//1751 1755//1751 
f 1814//1751 1824//1751 1760//1751 
f 1762//1751 1763//1751 1844//1751 
f 1763//1751 1764//1751 1845//1751 
f 1826//1751 1825//1751 1765//1751 
f 1766//1751 1767//1751 1846//1751 
f 1828//1751 1827//1751 1768//1751 
f 1769//1751 1770//1751 1847//1751 
f 1818//1751 1775//1751 1776//1751 
f 1821//1751 1778//1751 1779//1751 
f 1830//1751 1780//1751 1781//1751 
f 1832//1751 1782//1751 1783//1751 
f 1785//1751 1848//1751 1849//1751 
f 1786//1751 1850//1751 1848//1751 
f 1787//1751 1851//1751 1850//1751 
f 1788//1751 1852//1751 1851//1751 
f 1790//1751 1853//1751 1854//1751 
f 1791//1751 1835//1751 1853//1751 
f 1834//1751 1792//1751 1793//1751 
f 1794//1751 1838//1751 1836//1751 
f 1837//1751 1795//1751 1796//1751 
f 1840//1751 1797//1751 1798//1751 
f 1799//1751 1855//1751 1841//1751 
f 1800//1751 1856//1751 1855//1751 
f 1744//1751 1857//1751 1856//1751 
f 1743//1751 1858//1751 1857//1751 
f 1823//1751 1809//1751 1748//1751 
f 1843//1751 1842//1751 1752//1751 
f 1824//1751 1807//1751 1759//1751 
f 1845//1751 1844//1751 1763//1751 
f 1846//1751 1826//1751 1766//1751 
f 1847//1751 1828//1751 1769//1751 
f 1770//1751 1771//1751 1859//1751 
f 1771//1751 1772//1751 1860//1751 
f 1820//1751 1776//1751 1777//1751 
f 1831//1751 1781//1751 1782//1751 
f 1784//1751 1849//1751 1833//1751 
f 1848//1751 1785//1751 1786//1751 
f 1851//1751 1787//1751 1788//1751 
f 1789//1751 1854//1751 1852//1751 
f 1853//1751 1790//1751 1791//1751 
f 1836//1751 1793//1751 1794//1751 
f 1839//1751 1796//1751 1797//1751 
f 1855//1751 1799//1751 1800//1751 
f 1857//1751 1744//1751 1743//1751 
f 1743//1751 1746//1751 1861//1751 
f 1842//1751 1811//1751 1751//1751 
f 1844//1751 1815//1751 1762//1751 
f 1827//1751 1846//1751 1767//1751 
f 1860//1751 1859//1751 1771//1751 
f 1829//1751 1779//1751 1780//1751 
f 1849//1751 1784//1751 1785//1751 
f 1852//1751 1788//1751 1789//1751 
f 1835//1751 1791//1751 1792//1751 
f 1841//1751 1798//1751 1799//1751 
f 1861//1751 1858//1751 1743//1751 
f 1812//1751 1843//1751 1753//1751 
f 1859//1751 1847//1751 1770//1751 
f 1833//1751 1783//1751 1784//1751 
f 1854//1751 1789//1751 1790//1751 
f 1856//1751 1800//1751 1744//1751 
f 1825//1751 1845//1751 1764//1751 
f 1850//1751 1786//1751 1787//1751 
f 1822//1751 1861//1751 1746//1751 
f 1838//1751 1794//1751 1795//1751 
f 1817//1751 1774//1751 1773//1751 
o mesh13
f 1860//1752 1862//1752 1863//1752 
f 1772//1752 1864//1752 1865//1752 
f 1772//1752 1866//1752 1867//1752 
f 1772//1752 1868//1752 1869//1752 
f 1863//1752 1870//1752 1860//1752 
f 1867//1752 1864//1752 1772//1752 
f 1772//1752 1871//1752 1868//1752 
f 1772//1752 1872//1752 1873//1752 
f 1860//1752 1874//1752 1875//1752 
f 1860//1752 1876//1752 1862//1752 
f 1860//1752 1772//1752 1877//1752 
f 1772//1752 1878//1752 1866//1752 
f 1873//1752 1871//1752 1772//1752 
f 1772//1752 1879//1752 1880//1752 
f 1870//1752 1874//1752 1860//1752 
f 1865//1752 1877//1752 1772//1752 
f 1869//1752 1881//1752 1772//1752 
f 1772//1752 1882//1752 1879//1752 
f 1772//1752 1883//1752 1884//1752 
f 1732//1752 1885//1752 1886//1752 
f 1732//1752 1887//1752 1888//1752 
f 1740//1752 1889//1752 1887//1752 
f 1740//1752 1890//1752 1891//1752 
f 1875//1752 1892//1752 1860//1752 
f 1881//1752 1878//1752 1772//1752 
f 1884//1752 1882//1752 1772//1752 
f 1772//1752 1893//1752 1894//1752 
f 1772//1752 1895//1752 1896//1752 
f 1772//1752 1897//1752 1898//1752 
f 1732//1752 1899//1752 1900//1752 
f 1732//1752 1901//1752 1902//1752 
f 1886//1752 1903//1752 1732//1752 
f 1732//1752 1904//1752 1905//1752 
f 1887//1752 1732//1752 1740//1752 
f 1891//1752 1906//1752 1740//1752 
f 1877//1752 1876//1752 1860//1752 
f 1880//1752 1907//1752 1772//1752 
f 1772//1752 1908//1752 1909//1752 
f 1896//1752 1893//1752 1772//1752 
f 1898//1752 1910//1752 1772//1752 
f 1900//1752 1772//1752 1732//1752 
f 1732//1752 1911//1752 1901//1752 
f 1732//1752 1912//1752 1913//1752 
f 1732//1752 1914//1752 1915//1752 
f 1905//1752 1885//1752 1732//1752 
f 1732//1752 1916//1752 1917//1752 
f 1906//1752 1889//1752 1740//1752 
f 1907//1752 1872//1752 1772//1752 
f 1894//1752 1908//1752 1772//1752 
f 1772//1752 1918//1752 1919//1752 
f 1900//1752 1897//1752 1772//1752 
f 1732//1752 1920//1752 1921//1752 
f 1913//1752 1911//1752 1732//1752 
f 1903//1752 1914//1752 1732//1752 
f 1888//1752 1916//1752 1732//1752 
f 1909//1752 1883//1752 1772//1752 
f 1910//1752 1918//1752 1772//1752 
f 1902//1752 1920//1752 1732//1752 
f 1917//1752 1904//1752 1732//1752 
f 1919//1752 1895//1752 1772//1752 
f 1915//1752 1912//1752 1732//1752 
f 1921//1752 1899//1752 1732//1752 
f 1892//1752 1922//1752 1860//1752 
o mesh14
f 1774//1753 1923//1753 1924//1753 
f 1774//1753 1925//1753 1926//1753 
f 1774//1753 1927//1753 1928//1753 
f 1817//1753 1929//1753 1930//1753 
f 1774//1753 1931//1753 1932//1753 
f 1924//1753 1933//1753 1774//1753 
f 1928//1753 1925//1753 1774//1753 
f 1817//1753 1934//1753 1929//1753 
f 1689//1753 1935//1753 1936//1753 
f 1774//1753 1937//1753 1938//1753 
f 1933//1753 1931//1753 1774//1753 
f 1926//1753 1939//1753 1774//1753 
f 1817//1753 1940//1753 1927//1753 
f 1930//1753 1941//1753 1817//1753 
f 1817//1753 1942//1753 1943//1753 
f 1741//1753 1944//1753 1945//1753 
f 1936//1753 1741//1753 1689//1753 
f 1689//1753 1946//1753 1947//1753 
f 1689//1753 1774//1753 1948//1753 
f 1774//1753 1949//1753 1950//1753 
f 1938//1753 1951//1753 1774//1753 
f 1774//1753 1952//1753 1923//1753 
f 1927//1753 1774//1753 1817//1753 
f 1943//1753 1934//1753 1817//1753 
f 1945//1753 1953//1753 1741//1753 
f 1936//1753 1954//1753 1741//1753 
f 1689//1753 1955//1753 1956//1753 
f 1947//1753 1957//1753 1689//1753 
f 1689//1753 1958//1753 1959//1753 
f 1948//1753 1960//1753 1689//1753 
f 1774//1753 1961//1753 1962//1753 
f 1774//1753 1963//1753 1964//1753 
f 1951//1753 1949//1753 1774//1753 
f 1939//1753 1952//1753 1774//1753 
f 1817//1753 1965//1753 1942//1753 
f 1954//1753 1944//1753 1741//1753 
f 1689//1753 1966//1753 1967//1753 
f 1957//1753 1955//1753 1689//1753 
f 1689//1753 1968//1753 1969//1753 
f 1689//1753 1970//1753 1971//1753 
f 1959//1753 1972//1753 1689//1753 
f 1689//1753 1973//1753 1974//1753 
f 1960//1753 1975//1753 1689//1753 
f 1964//1753 1961//1753 1774//1753 
f 1774//1753 1976//1753 1977//1753 
f 1774//1753 1978//1753 1937//1753 
f 1941//1753 1940//1753 1817//1753 
f 1967//1753 1935//1753 1689//1753 
f 1969//1753 1946//1753 1689//1753 
f 1972//1753 1970//1753 1689//1753 
f 1689//1753 1979//1753 1980//1753 
f 1975//1753 1973//1753 1689//1753 
f 1774//1753 1981//1753 1982//1753 
f 1977//1753 1963//1753 1774//1753 
f 1932//1753 1978//1753 1774//1753 
f 1956//1753 1966//1753 1689//1753 
f 1980//1753 1958//1753 1689//1753 
f 1982//1753 1948//1753 1774//1753 
f 1950//1753 1976//1753 1774//1753 
f 1971//1753 1968//1753 1689//1753 
f 1962//1753 1981//1753 1774//1753 
f 1974//1753 1979//1753 1689//1753 
f 1953//1753 1983//1753 1741//1753 
o mesh15
f 1816//1754 1984//1755 1985//1756 
f 1985//1756 1817//1757 1816//1754 
f 1818//1758 1986//1759 1987//1760 
f 1987//1760 1816//1754 1818//1758 
f 1818//1758 1820//1761 1988//1762 
f 1988//1762 1989//1763 1818//1758 
f 1820//1761 1990//1764 1988//1762 
f 1820//1761 1819//1765 1991//1766 
f 1819//1765 1992//1767 1991//1766 
f 1821//1768 1993//1769 1994//1770 
f 1994//1770 1819//1765 1821//1768 
f 1829//1771 1995//1772 1996//1773 
f 1996//1773 1821//1768 1829//1771 
f 1829//1771 1830//1774 1997//1775 
f 1997//1775 1998//1776 1829//1771 
f 1830//1774 1999//1777 1997//1775 
f 1830//1774 1831//1778 2000//1779 
f 1831//1778 2001//1780 2000//1779 
f 1832//1781 2002//1782 2003//1783 
f 2003//1783 1831//1778 1832//1781 
f 1833//1784 2004//1785 2005//1786 
f 2005//1786 1832//1781 1833//1784 
f 1833//1784 1849//1787 2006//1788 
f 2006//1788 2007//1789 1833//1784 
f 1849//1787 2008//1790 2006//1788 
f 1849//1787 1848//1791 2009//1792 
f 1848//1791 2010//1793 2009//1792 
f 1850//1794 2011//1795 2012//1796 
f 2012//1796 1848//1791 1850//1794 
f 1851//1797 2013//1798 2014//1799 
f 2014//1799 1850//1794 1851//1797 
f 1851//1797 1852//1800 2015//1801 
f 2015//1801 2016//1802 1851//1797 
f 1852//1800 2017//1803 2015//1801 
f 1852//1800 1854//1804 2018//1805 
f 1854//1804 2019//1806 2018//1805 
f 1853//1807 2020//1808 2021//1809 
f 2021//1809 1854//1804 1853//1807 
f 1835//1810 2022//1811 2023//1812 
f 2023//1812 1853//1807 1835//1810 
f 1835//1810 1834//1813 2024//1814 
f 2024//1814 2025//1815 1835//1810 
f 1834//1813 2026//1816 2024//1814 
f 1834//1813 1836//1817 2027//1818 
f 1836//1817 2028//1819 2027//1818 
f 1838//1820 2029//1821 2030//1822 
f 2030//1822 1836//1817 1838//1820 
f 1837//1823 2031//1824 2032//1825 
f 2032//1825 1838//1820 1837//1823 
f 1837//1823 1839//1826 2033//1827 
f 2033//1827 2034//1828 1837//1823 
f 1839//1826 2035//1829 2033//1827 
f 1839//1826 1840//1830 2036//1831 
f 1840//1830 2037//1832 2036//1831 
f 1841//1833 2038//1834 2039//1835 
f 2039//1835 1840//1830 1841//1833 
f 1855//1836 2040//1837 2041//1838 
f 2041//1838 1841//1833 1855//1836 
f 1855//1836 1856//1839 2042//1840 
f 2042//1840 2043//1841 1855//1836 
f 1856//1839 2044//1842 2042//1840 
f 1856//1839 1857//1843 2045//1844 
f 1857//1843 2046//1845 2045//1844 
f 1858//1846 2047//1847 2048//1848 
f 2048//1848 1857//1843 1858//1846 
f 1861//1849 2049//1850 2050//1851 
f 2050//1851 1858//1846 1861//1849 
f 1822//1852 2051//1853 2052//1854 
f 2052//1854 1861//1849 1822//1852 
f 1822//1852 2053//1855 2051//1853 
f 1822//1852 1808//1856 2054//1857 
f 1808//1856 2055//1858 2054//1857 
f 1808//1856 1809//1859 2056//1860 
f 1809//1859 2057//1861 2056//1860 
f 1823//1862 2058//1863 2059//1864 
f 2059//1864 1809//1859 1823//1862 
f 1810//1865 2060//1866 2061//1867 
f 2061//1867 1823//1862 1810//1865 
f 1810//1865 2062//1868 2060//1866 
f 1810//1865 1811//1869 2063//1870 
f 1811//1869 2064//1871 2063//1870 
f 1811//1869 1842//1872 2065//1873 
f 1842//1872 2066//1874 2065//1873 
f 1843//1875 2067//1876 2068//1877 
f 2068//1877 1842//1872 1843//1875 
f 1812//1878 2069//1879 2070//1880 
f 2070//1880 1843//1875 1812//1878 
f 1812//1878 2071//1881 2069//1879 
f 1812//1878 1813//1882 2072//1883 
f 1813//1882 2073//1884 2072//1883 
f 1813//1882 1804//1885 2074//1886 
f 1804//1885 2075//1887 2074//1886 
f 1805//1888 2076//1889 2077//1890 
f 2077//1890 1804//1885 1805//1888 
f 1806//1891 2078//1892 2079//1893 
f 2079//1893 1805//1888 1806//1891 
f 1806//1891 2080//1894 2078//1892 
f 1806//1891 1807//1895 2081//1896 
f 1807//1895 2082//1897 2081//1896 
f 1807//1895 1824//1898 2083//1899 
f 1824//1898 2084//1900 2083//1899 
f 1814//1901 2085//1902 2086//1903 
f 2086//1903 1824//1898 1814//1901 
f 1815//1904 2087//1905 2088//1906 
f 2088//1906 1814//1901 1815//1904 
f 1815//1904 2089//1907 2087//1905 
f 1815//1904 1844//1908 2090//1909 
f 1844//1908 2091//1910 2090//1909 
f 1844//1908 1845//1911 2092//1912 
f 1845//1911 2093//1913 2092//1912 
f 1825//1914 2094//1915 2095//1916 
f 2095//1916 1845//1911 1825//1914 
f 1826//1917 2096//1918 2097//1919 
f 2097//1919 1825//1914 1826//1917 
f 1826//1917 2098//1920 2096//1918 
f 1826//1917 1846//1921 2099//1922 
f 1846//1921 2100//1923 2099//1922 
f 1846//1921 1827//1924 2101//1925 
f 1827//1924 2102//1926 2101//1925 
f 1828//1927 2103//1928 2104//1929 
f 2104//1929 1827//1924 1828//1927 
f 1847//1930 2105//1931 2106//1932 
f 2106//1932 1828//1927 1847//1930 
f 1847//1930 2107//1933 2105//1931 
f 1847//1930 1859//1934 2108//1935 
f 1859//1934 2109//1936 2108//1935 
f 1859//1934 1860//1937 2110//1938 
f 1860//1937 1922//1937 2110//1938 
f 2110//1938 2109//1936 1859//1934 
f 2108//1935 2107//1933 1847//1930 
f 2106//1932 2103//1928 1828//1927 
f 2104//1929 2102//1926 1827//1924 
f 2101//1925 2100//1923 1846//1921 
f 2099//1922 2098//1920 1826//1917 
f 2097//1919 2094//1915 1825//1914 
f 2095//1916 2093//1913 1845//1911 
f 2092//1912 2091//1910 1844//1908 
f 2090//1909 2089//1907 1815//1904 
f 2088//1906 2085//1902 1814//1901 
f 2086//1903 2084//1900 1824//1898 
f 2083//1899 2082//1897 1807//1895 
f 2081//1896 2080//1894 1806//1891 
f 2079//1893 2076//1889 1805//1888 
f 2077//1890 2075//1887 1804//1885 
f 2074//1886 2073//1884 1813//1882 
f 2072//1883 2071//1881 1812//1878 
f 2070//1880 2067//1876 1843//1875 
f 2068//1877 2066//1874 1842//1872 
f 2065//1873 2064//1871 1811//1869 
f 2063//1870 2062//1868 1810//1865 
f 2061//1867 2058//1863 1823//1862 
f 2059//1864 2057//1861 1809//1859 
f 2056//1860 2055//1858 1808//1856 
f 2054//1857 2053//1855 1822//1852 
f 2052//1854 2049//1850 1861//1849 
f 2050//1851 2047//1847 1858//1846 
f 2048//1848 2046//1845 1857//1843 
f 2045//1844 2044//1842 1856//1839 
f 2043//1841 2040//1837 1855//1836 
f 2041//1838 2038//1834 1841//1833 
f 2039//1835 2037//1832 1840//1830 
f 2036//1831 2035//1829 1839//1826 
f 2034//1828 2031//1824 1837//1823 
f 2032//1825 2029//1821 1838//1820 
f 2030//1822 2028//1819 1836//1817 
f 2027//1818 2026//1816 1834//1813 
f 2025//1815 2022//1811 1835//1810 
f 2023//1812 2020//1808 1853//1807 
f 2021//1809 2019//1806 1854//1804 
f 2018//1805 2017//1803 1852//1800 
f 2016//1802 2013//1798 1851//1797 
f 2014//1799 2011//1795 1850//1794 
f 2012//1796 2010//1793 1848//1791 
f 2009//1792 2008//1790 1849//1787 
f 2007//1789 2004//1785 1833//1784 
f 2005//1786 2002//1782 1832//1781 
f 2003//1783 2001//1780 1831//1778 
f 2000//1779 1999//1777 1830//1774 
f 1998//1776 1995//1772 1829//1771 
f 1996//1773 1993//1769 1821//1768 
f 1994//1770 1992//1767 1819//1765 
f 1991//1766 1990//1764 1820//1761 
f 1989//1763 1986//1759 1818//1758 
f 1987//1760 1984//1755 1816//1754 
f 1985//1756 1965//1939 1817//1757 
o mesh16
f 2238//1940 1985//1941 1984//1942 
f 1984//1942 2239//1943 2238//1940 
f 2239//1943 1987//1944 1986//1945 
f 1986//1945 2240//1946 2239//1943 
f 1989//1947 1988//1947 2241//1948 
f 2242//1949 2241//1948 1990//1950 
f 2241//1948 1988//1947 1990//1950 
f 2243//1951 2242//1949 1992//1952 
f 2242//1949 1991//1953 1992//1952 
f 2243//1951 1994//1953 1993//1954 
f 1993//1954 2244//1955 2243//1951 
f 2244//1955 1996//1956 1995//1957 
f 1995//1957 2245//1958 2244//1955 
f 1998//1959 1997//1959 2246//1960 
f 2247//1961 2246//1960 1999//1962 
f 2246//1960 1997//1959 1999//1962 
f 2248//1963 2247//1961 2001//1964 
f 2247//1961 2000//1965 2001//1964 
f 2248//1963 2003//1965 2002//1966 
f 2002//1966 2249//1967 2248//1963 
f 2249//1967 2005//1968 2004//1969 
f 2004//1969 2250//1970 2249//1967 
f 2007//1971 2006//1971 2251//1972 
f 2252//1973 2251//1972 2008//1974 
f 2251//1972 2006//1971 2008//1974 
f 2253//1975 2252//1973 2010//1976 
f 2252//1973 2009//1977 2010//1976 
f 2253//1975 2012//1977 2011//1978 
f 2011//1978 2254//1979 2253//1975 
f 2254//1979 2014//1980 2013//1981 
f 2013//1981 2255//1982 2254//1979 
f 2016//1983 2015//1983 2256//1984 
f 2257//1985 2256//1984 2017//1986 
f 2256//1984 2015//1983 2017//1986 
f 2258//1987 2257//1985 2019//1988 
f 2257//1985 2018//1989 2019//1988 
f 2258//1987 2021//1989 2020//1990 
f 2020//1990 2259//1991 2258//1987 
f 2259//1991 2023//1992 2022//1993 
f 2022//1993 2260//1994 2259//1991 
f 2025//1995 2024//1995 2261//1996 
f 2262//1997 2261//1996 2026//1998 
f 2261//1996 2024//1995 2026//1998 
f 2263//1999 2262//1997 2028//2000 
f 2262//1997 2027//2001 2028//2000 
f 2263//1999 2030//2001 2029//2002 
f 2029//2002 2264//2003 2263//1999 
f 2264//2003 2032//2004 2031//2005 
f 2031//2005 2265//2006 2264//2003 
f 2034//2007 2033//2007 2266//2008 
f 2267//2009 2266//2008 2035//2010 
f 2266//2008 2033//2007 2035//2010 
f 2268//2011 2267//2009 2037//2012 
f 2267//2009 2036//2013 2037//2012 
f 2268//2011 2039//2013 2038//2014 
f 2038//2014 2269//2015 2268//2011 
f 2269//2015 2041//2016 2040//2017 
f 2040//2017 2270//2018 2269//2015 
f 2043//2019 2042//2019 2271//2020 
f 2272//2021 2271//2020 2044//2022 
f 2271//2020 2042//2019 2044//2022 
f 2273//2023 2272//2021 2046//2024 
f 2272//2021 2045//2025 2046//2024 
f 2273//2023 2048//2025 2047//2026 
f 2047//2026 2274//2027 2273//2023 
f 2274//2027 2050//2028 2049//2029 
f 2049//2029 2275//2030 2274//2027 
f 2052//2031 2051//2031 2276//2032 
f 2277//2033 2276//2032 2053//2034 
f 2276//2032 2051//2031 2053//2034 
f 2278//2035 2277//2033 2055//2036 
f 2277//2033 2054//2037 2055//2036 
f 2278//2035 2056//2037 2057//2038 
f 2057//2038 2279//2039 2278//2035 
f 2279//2039 2059//2040 2058//2041 
f 2058//2041 2280//2042 2279//2039 
f 2061//2043 2060//2043 2281//2044 
f 2282//2045 2281//2044 2062//2046 
f 2281//2044 2060//2043 2062//2046 
f 2283//2047 2282//2045 2064//2048 
f 2282//2045 2063//2049 2064//2048 
f 2283//2047 2065//2049 2066//2050 
f 2066//2050 2284//2051 2283//2047 
f 2284//2051 2068//2052 2067//2053 
f 2067//2053 2285//2054 2284//2051 
f 2070//2055 2069//2055 2286//2056 
f 2287//2057 2286//2056 2071//2058 
f 2286//2056 2069//2055 2071//2058 
f 2288//2059 2287//2057 2073//2060 
f 2287//2057 2072//2061 2073//2060 
f 2288//2059 2074//2061 2075//2062 
f 2075//2062 2289//2063 2288//2059 
f 2289//2063 2077//2064 2076//2065 
f 2076//2065 2290//2066 2289//2063 
f 2079//2067 2078//2067 2291//2068 
f 2292//2069 2291//2068 2080//2070 
f 2291//2068 2078//2067 2080//2070 
f 2293//2071 2292//2069 2082//2072 
f 2292//2069 2081//2073 2082//2072 
f 2293//2071 2083//2073 2084//2074 
f 2084//2074 2294//2075 2293//2071 
f 2294//2075 2086//2076 2085//2077 
f 2085//2077 2295//2078 2294//2075 
f 2088//2079 2087//2079 2296//2080 
f 2297//2081 2296//2080 2089//2082 
f 2296//2080 2087//2079 2089//2082 
f 2298//2083 2297//2081 2091//2084 
f 2297//2081 2090//2085 2091//2084 
f 2298//2083 2092//2085 2093//2086 
f 2093//2086 2299//2087 2298//2083 
f 2299//2087 2095//2088 2094//2089 
f 2094//2089 2300//2090 2299//2087 
f 2097//2091 2096//2091 2301//2092 
f 2302//2093 2301//2092 2098//2094 
f 2301//2092 2096//2091 2098//2094 
f 2303//2095 2302//2093 2100//2096 
f 2302//2093 2099//2097 2100//2096 
f 2303//2095 2101//2097 2102//2098 
f 2102//2098 2304//2099 2303//2095 
f 2304//2099 2104//2100 2103//2101 
f 2103//2101 2305//2102 2304//2099 
f 2106//2103 2105//2103 2306//2104 
f 2307//2105 2306//2104 2107//2106 
f 2306//2104 2105//2103 2107//2106 
f 2308//2107 2307//2105 2109//2108 
f 2307//2105 2108//2109 2109//2108 
f 2238//1940 2239//1943 2309//2110 
f 2239//1943 2240//1946 2310//2111 
f 2240//1946 2241//1948 2311//2112 
f 2241//1948 2242//1949 2312//2113 
f 2242//1949 2243//1951 2313//2114 
f 2243//1951 2244//1955 2314//2115 
f 2244//1955 2245//1958 2315//2116 
f 2245//1958 2246//1960 2316//2117 
f 2246//1960 2247//1961 2317//2118 
f 2247//1961 2248//1963 2318//2119 
f 2248//1963 2249//1967 2319//2120 
f 2249//1967 2250//1970 2320//2121 
f 2250//1970 2251//1972 2321//2122 
f 2251//1972 2252//1973 2322//2123 
f 2252//1973 2253//1975 2323//2124 
f 2253//1975 2254//1979 2324//2125 
f 2254//1979 2255//1982 2325//2126 
f 2255//1982 2256//1984 2326//2127 
f 2256//1984 2257//1985 2327//2128 
f 2257//1985 2258//1987 2328//2129 
f 2258//1987 2259//1991 2329//2130 
f 2259//1991 2260//1994 2330//2131 
f 2260//1994 2261//1996 2331//2132 
f 2261//1996 2262//1997 2332//2133 
f 2262//1997 2263//1999 2333//2134 
f 2263//1999 2264//2003 2334//2135 
f 2264//2003 2265//2006 2335//2136 
f 2265//2006 2266//2008 2336//2137 
f 2266//2008 2267//2009 2337//2138 
f 2267//2009 2268//2011 2338//2139 
f 2268//2011 2269//2015 2339//2140 
f 2269//2015 2270//2018 2340//2141 
f 2270//2018 2271//2020 2341//2142 
f 2271//2020 2272//2021 2342//2143 
f 2272//2021 2273//2023 2343//2144 
f 2273//2023 2274//2027 2344//2145 
f 2274//2027 2275//2030 2345//2146 
f 2275//2030 2276//2032 2346//2147 
f 2276//2032 2277//2033 2347//2148 
f 2277//2033 2278//2035 2348//2149 
f 2278//2035 2279//2039 2349//2150 
f 2279//2039 2280//2042 2350//2151 
f 2280//2042 2281//2044 2351//2152 
f 2281//2044 2282//2045 2352//2153 
f 2282//2045 2283//2047 2353//2154 
f 2283//2047 2284//2051 2354//2155 
f 2284//2051 2285//2054 2355//2156 
f 2285//2054 2286//2056 2356//2157 
f 2286//2056 2287//2057 2357//2158 
f 2287//2057 2288//2059 2358//2159 
f 2288//2059 2289//2063 2359//2160 
f 2289//2063 2290//2066 2360//2161 
f 2290//2066 2291//2068 2361//2162 
f 2291//2068 2292//2069 2362//2163 
f 2292//2069 2293//2071 2363//2164 
f 2293//2071 2294//2075 2364//2165 
f 2294//2075 2295//2078 2365//2166 
f 2295//2078 2296//2080 2366//2167 
f 2296//2080 2297//2081 2367//2168 
f 2297//2081 2298//2083 2368//2169 
f 2298//2083 2299//2087 2369//2170 
f 2299//2087 2300//2090 2370//2171 
f 2300//2090 2301//2092 2371//2172 
f 2301//2092 2302//2093 2372//2173 
f 2302//2093 2303//2095 2373//2174 
f 2303//2095 2304//2099 2374//2175 
f 2304//2099 2305//2102 2375//2176 
f 2305//2102 2306//2104 2376//2177 
f 2306//2104 2307//2105 2377//2178 
f 2307//2105 2308//2107 2378//2179 
f 2379//2180 2309//2110 2380//2181 
f 2309//2110 2310//2111 2381//2182 
f 2310//2111 2311//2112 2382//2183 
f 2311//2112 2312//2113 2383//2184 
f 2312//2113 2313//2114 2384//2185 
f 2313//2114 2314//2115 2385//2186 
f 2314//2115 2315//2116 2386//2187 
f 2315//2116 2316//2117 2387//2188 
f 2316//2117 2317//2118 2388//2189 
f 2317//2118 2318//2119 2389//2190 
f 2318//2119 2319//2120 2390//2191 
f 2319//2120 2320//2121 2391//2192 
f 2320//2121 2321//2122 2392//2193 
f 2321//2122 2322//2123 2393//2194 
f 2322//2123 2323//2124 2394//2195 
f 2323//2124 2324//2125 2395//2196 
f 2324//2125 2325//2126 2396//2197 
f 2325//2126 2326//2127 2397//2198 
f 2326//2127 2327//2128 2398//2199 
f 2327//2128 2328//2129 2399//2200 
f 2328//2129 2329//2130 2400//2201 
f 2329//2130 2330//2131 2401//2202 
f 2330//2131 2331//2132 2402//2203 
f 2331//2132 2332//2133 2403//2204 
f 2332//2133 2333//2134 2404//2205 
f 2333//2134 2334//2135 2405//2206 
f 2334//2135 2335//2136 2406//2207 
f 2335//2136 2336//2137 2407//2208 
f 2336//2137 2337//2138 2408//2209 
f 2337//2138 2338//2139 2409//2210 
f 2338//2139 2339//2140 2410//2211 
f 2339//2140 2340//2141 2411//2212 
f 2340//2141 2341//2142 2412//2213 
f 2341//2142 2342//2143 2413//2214 
f 2342//2143 2343//2144 2414//2215 
f 2343//2144 2344//2145 2415//2216 
f 2344//2145 2345//2146 2416//2217 
f 2345//2146 2346//2147 2417//2218 
f 2346//2147 2347//2148 2418//2219 
f 2347//2148 2348//2149 2419//2220 
f 2348//2149 2349//2150 2420//2221 
f 2349//2150 2350//2151 2421//2222 
f 2350//2151 2351//2152 2422//2223 
f 2351//2152 2352//2153 2423//2224 
f 2352//2153 2353//2154 2424//2225 
f 2353//2154 2354//2155 2425//2226 
f 2354//2155 2355//2156 2426//2227 
f 2355//2156 2356//2157 2427//2228 
f 2356//2157 2357//2158 2428//2229 
f 2357//2158 2358//2159 2429//2230 
f 2358//2159 2359//2160 2430//2231 
f 2359//2160 2360//2161 2431//2232 
f 2360//2161 2361//2162 2432//2233 
f 2361//2162 2362//2163 2433//2234 
f 2362//2163 2363//2164 2434//2235 
f 2363//2164 2364//2165 2435//2236 
f 2364//2165 2365//2166 2436//2237 
f 2365//2166 2366//2167 2437//2238 
f 2366//2167 2367//2168 2438//2239 
f 2367//2168 2368//2169 2439//2240 
f 2368//2169 2369//2170 2440//2241 
f 2369//2170 2370//2171 2441//2242 
f 2370//2171 2371//2172 2442//2243 
f 2371//2172 2372//2173 2443//2244 
f 2372//2173 2373//2174 2444//2245 
f 2373//2174 2374//2175 2445//2246 
f 2374//2175 2375//2176 2446//2247 
f 2375//2176 2376//2177 2447//2248 
f 2376//2177 2377//2178 2448//2249 
f 2377//2178 2378//2179 2449//2250 
f 2450//2251 2380//2181 2451//2252 
f 2380//2181 2381//2182 2452//2253 
f 2381//2182 2382//2183 2453//2254 
f 2382//2183 2383//2184 2454//2255 
f 2383//2184 2384//2185 2455//2256 
f 2384//2185 2385//2186 2456//2257 
f 2385//2186 2386//2187 2457//2258 
f 2386//2187 2387//2188 2458//2259 
f 2387//2188 2388//2189 2459//2260 
f 2388//2189 2389//2190 2460//2261 
f 2389//2190 2390//2191 2461//2262 
f 2390//2191 2391//2192 2462//2263 
f 2391//2192 2392//2193 2463//2264 
f 2392//2193 2393//2194 2464//2265 
f 2393//2194 2394//2195 2465//2266 
f 2394//2195 2395//2196 2466//2267 
f 2395//2196 2396//2197 2467//2268 
f 2396//2197 2397//2198 2468//2269 
f 2397//2198 2398//2199 2469//2270 
f 2398//2199 2399//2200 2470//2271 
f 2399//2200 2400//2201 2471//2272 
f 2400//2201 2401//2202 2472//2273 
f 2401//2202 2402//2203 2473//2274 
f 2402//2203 2403//2204 2474//2275 
f 2403//2204 2404//2205 2475//2276 
f 2404//2205 2405//2206 2476//2277 
f 2405//2206 2406//2207 2477//2278 
f 2406//2207 2407//2208 2478//2279 
f 2407//2208 2408//2209 2479//2280 
f 2408//2209 2409//2210 2480//2281 
f 2409//2210 2410//2211 2481//2282 
f 2410//2211 2411//2212 2482//2283 
f 2411//2212 2412//2213 2483//2284 
f 2412//2213 2413//2214 2484//2285 
f 2413//2214 2414//2215 2485//2286 
f 2414//2215 2415//2216 2486//2287 
f 2415//2216 2416//2217 2487//2288 
f 2416//2217 2417//2218 2488//2289 
f 2417//2218 2418//2219 2489//2290 
f 2418//2219 2419//2220 2490//2291 
f 2419//2220 2420//2221 2491//2292 
f 2420//2221 2421//2222 2492//2293 
f 2421//2222 2422//2223 2493//2294 
f 2422//2223 2423//2224 2494//2295 
f 2423//2224 2424//2225 2495//2296 
f 2424//2225 2425//2226 2496//2297 
f 2425//2226 2426//2227 2497//2298 
f 2426//2227 2427//2228 2498//2299 
f 2427//2228 2428//2229 2499//2300 
f 2428//2229 2429//2230 2500//2301 
f 2429//2230 2430//2231 2501//2302 
f 2430//2231 2431//2232 2502//2303 
f 2431//2232 2432//2233 2503//2304 
f 2432//2233 2433//2234 2504//2305 
f 2433//2234 2434//2235 2505//2306 
f 2434//2235 2435//2236 2506//2307 
f 2435//2236 2436//2237 2507//2308 
f 2436//2237 2437//2238 2508//2309 
f 2437//2238 2438//2239 2509//2310 
f 2438//2239 2439//2240 2510//2311 
f 2439//2240 2440//2241 2511//2312 
f 2440//2241 2441//2242 2512//2313 
f 2441//2242 2442//2243 2513//2314 
f 2442//2243 2443//2244 2514//2315 
f 2443//2244 2444//2245 2515//2316 
f 2444//2245 2445//2246 2516//2317 
f 2445//2246 2446//2247 2517//2318 
f 2446//2247 2447//2248 2518//2319 
f 2447//2248 2448//2249 2519//2320 
f 2448//2249 2449//2250 2520//2321 
f 2521//2322 2451//2252 2522//2323 
f 2451//2252 2452//2253 2523//2324 
f 2452//2253 2453//2254 2524//2325 
f 2453//2254 2454//2255 2525//2326 
f 2454//2255 2455//2256 2526//2327 
f 2455//2256 2456//2257 2527//2328 
f 2456//2257 2457//2258 2528//2329 
f 2457//2258 2458//2259 2529//2330 
f 2458//2259 2459//2260 2530//2331 
f 2459//2260 2460//2261 2531//2332 
f 2460//2261 2461//2262 2532//2333 
f 2461//2262 2462//2263 2533//2334 
f 2462//2263 2463//2264 2534//2335 
f 2463//2264 2464//2265 2535//2336 
f 2464//2265 2465//2266 2536//2337 
f 2465//2266 2466//2267 2537//2338 
f 2466//2267 2467//2268 2538//2339 
f 2467//2268 2468//2269 2539//2340 
f 2468//2269 2469//2270 2540//2341 
f 2469//2270 2470//2271 2541//2342 
f 2470//2271 2471//2272 2542//2343 
f 2471//2272 2472//2273 2543//2344 
f 2472//2273 2473//2274 2544//2345 
f 2473//2274 2474//2275 2545//2346 
f 2474//2275 2475//2276 2546//2347 
f 2475//2276 2476//2277 2547//2348 
f 2476//2277 2477//2278 2548//2349 
f 2477//2278 2478//2279 2549//2350 
f 2478//2279 2479//2280 2550//2351 
f 2479//2280 2480//2281 2551//2352 
f 2480//2281 2481//2282 2552//2353 
f 2481//2282 2482//2283 2553//2354 
f 2482//2283 2483//2284 2554//2355 
f 2483//2284 2484//2285 2555//2356 
f 2484//2285 2485//2286 2556//2357 
f 2485//2286 2486//2287 2557//2358 
f 2486//2287 2487//2288 2558//2359 
f 2487//2288 2488//2289 2559//2360 
f 2488//2289 2489//2290 2560//2361 
f 2489//2290 2490//2291 2561//2362 
f 2490//2291 2491//2292 2562//2363 
f 2491//2292 2492//2293 2563//2364 
f 2492//2293 2493//2294 2564//2365 
f 2493//2294 2494//2295 2565//2366 
f 2494//2295 2495//2296 2566//2367 
f 2495//2296 2496//2297 2567//2368 
f 2496//2297 2497//2298 2568//2369 
f 2497//2298 2498//2299 2569//2370 
f 2498//2299 2499//2300 2570//2371 
f 2499//2300 2500//2301 2571//2372 
f 2500//2301 2501//2302 2572//2373 
f 2501//2302 2502//2303 2573//2374 
f 2502//2303 2503//2304 2574//2375 
f 2503//2304 2504//2305 2575//2376 
f 2504//2305 2505//2306 2576//2377 
f 2505//2306 2506//2307 2577//2378 
f 2506//2307 2507//2308 2578//2379 
f 2507//2308 2508//2309 2579//2380 
f 2508//2309 2509//2310 2580//2381 
f 2509//2310 2510//2311 2581//2382 
f 2510//2311 2511//2312 2582//2383 
f 2511//2312 2512//2313 2583//2384 
f 2512//2313 2513//2314 2584//2385 
f 2513//2314 2514//2315 2585//2386 
f 2514//2315 2515//2316 2586//2387 
f 2515//2316 2516//2317 2587//2388 
f 2516//2317 2517//2318 2588//2389 
f 2517//2318 2518//2319 2589//2390 
f 2518//2319 2519//2320 2590//2391 
f 2519//2320 2520//2321 2591//2392 
f 2592//2393 2522//2323 2593//2394 
f 2522//2323 2523//2324 2594//2395 
f 2523//2324 2524//2325 2595//2396 
f 2524//2325 2525//2326 2596//2397 
f 2525//2326 2526//2327 2597//2398 
f 2526//2327 2527//2328 2598//2399 
f 2527//2328 2528//2329 2599//2400 
f 2528//2329 2529//2330 2600//2401 
f 2529//2330 2530//2331 2601//2402 
f 2530//2331 2531//2332 2602//2403 
f 2531//2332 2532//2333 2603//2404 
f 2532//2333 2533//2334 2604//2405 
f 2533//2334 2534//2335 2605//2406 
f 2534//2335 2535//2336 2606//2407 
f 2535//2336 2536//2337 2607//2408 
f 2536//2337 2537//2338 2608//2409 
f 2537//2338 2538//2339 2609//2410 
f 2538//2339 2539//2340 2610//2411 
f 2539//2340 2540//2341 2611//2412 
f 2540//2341 2541//2342 2612//2413 
f 2541//2342 2542//2343 2613//2414 
f 2542//2343 2543//2344 2614//2415 
f 2543//2344 2544//2345 2615//2416 
f 2544//2345 2545//2346 2616//2417 
f 2545//2346 2546//2347 2617//2418 
f 2546//2347 2547//2348 2618//2419 
f 2547//2348 2548//2349 2619//2420 
f 2548//2349 2549//2350 2620//2421 
f 2549//2350 2550//2351 2621//2422 
f 2550//2351 2551//2352 2622//2423 
f 2551//2352 2552//2353 2623//2424 
f 2552//2353 2553//2354 2624//2425 
f 2553//2354 2554//2355 2625//2426 
f 2554//2355 2555//2356 2626//2427 
f 2555//2356 2556//2357 2627//2428 
f 2556//2357 2557//2358 2628//2429 
f 2557//2358 2558//2359 2629//2430 
f 2558//2359 2559//2360 2630//2431 
f 2559//2360 2560//2361 2631//2432 
f 2560//2361 2561//2362 2632//2433 
f 2561//2362 2562//2363 2633//2434 
f 2562//2363 2563//2364 2634//2435 
f 2563//2364 2564//2365 2635//2436 
f 2564//2365 2565//2366 2636//2437 
f 2565//2366 2566//2367 2637//2438 
f 2566//2367 2567//2368 2638//2439 
f 2567//2368 2568//2369 2639//2440 
f 2568//2369 2569//2370 2640//2441 
f 2569//2370 2570//2371 2641//2442 
f 2570//2371 2571//2372 2642//2443 
f 2571//2372 2572//2373 2643//2444 
f 2572//2373 2573//2374 2644//2445 
f 2573//2374 2574//2375 2645//2446 
f 2574//2375 2575//2376 2646//2447 
f 2575//2376 2576//2377 2647//2448 
f 2576//2377 2577//2378 2648//2449 
f 2577//2378 2578//2379 2649//2450 
f 2578//2379 2579//2380 2650//2451 
f 2579//2380 2580//2381 2651//2452 
f 2580//2381 2581//2382 2652//2453 
f 2581//2382 2582//2383 2653//2454 
f 2582//2383 2583//2384 2654//2455 
f 2583//2384 2584//2385 2655//2456 
f 2584//2385 2585//2386 2656//2457 
f 2585//2386 2586//2387 2657//2458 
f 2586//2387 2587//2388 2658//2459 
f 2587//2388 2588//2389 2659//2460 
f 2588//2389 2589//2390 2660//2461 
f 2589//2390 2590//2391 2661//2462 
f 2590//2391 2591//2392 2662//2463 
f 2663//2464 2593//2394 2664//2465 
f 2593//2394 2594//2395 2665//2466 
f 2594//2395 2595//2396 2666//2467 
f 2595//2396 2596//2397 2667//2468 
f 2596//2397 2597//2398 2668//2469 
f 2597//2398 2598//2399 2669//2470 
f 2598//2399 2599//2400 2670//2471 
f 2599//2400 2600//2401 2671//2472 
f 2600//2401 2601//2402 2672//2473 
f 2601//2402 2602//2403 2673//2474 
f 2602//2403 2603//2404 2674//2475 
f 2603//2404 2604//2405 2675//2476 
f 2604//2405 2605//2406 2676//2477 
f 2605//2406 2606//2407 2677//2478 
f 2606//2407 2607//2408 2678//2479 
f 2607//2408 2608//2409 2679//2480 
f 2608//2409 2609//2410 2680//2481 
f 2609//2410 2610//2411 2681//2482 
f 2610//2411 2611//2412 2682//2483 
f 2611//2412 2612//2413 2683//2484 
f 2612//2413 2613//2414 2684//2485 
f 2613//2414 2614//2415 2685//2486 
f 2614//2415 2615//2416 2686//2487 
f 2615//2416 2616//2417 2687//2488 
f 2616//2417 2617//2418 2688//2489 
f 2617//2418 2618//2419 2689//2490 
f 2618//2419 2619//2420 2690//2491 
f 2619//2420 2620//2421 2691//2492 
f 2620//2421 2621//2422 2692//2493 
f 2621//2422 2622//2423 2693//2494 
f 2622//2423 2623//2424 2694//2495 
f 2623//2424 2624//2425 2695//2496 
f 2624//2425 2625//2426 2696//2497 
f 2625//2426 2626//2427 2697//2498 
f 2626//2427 2627//2428 2698//2499 
f 2627//2428 2628//2429 2699//2500 
f 2628//2429 2629//2430 2700//2501 
f 2629//2430 2630//2431 2701//2502 
f 2630//2431 2631//2432 2702//2503 
f 2631//2432 2632//2433 2703//2504 
f 2632//2433 2633//2434 2704//2505 
f 2633//2434 2634//2435 2705//2506 
f 2634//2435 2635//2436 2706//2507 
f 2635//2436 2636//2437 2707//2508 
f 2636//2437 2637//2438 2708//2509 
f 2637//2438 2638//2439 2709//2510 
f 2638//2439 2639//2440 2710//2511 
f 2639//2440 2640//2441 2711//2512 
f 2640//2441 2641//2442 2712//2513 
f 2641//2442 2642//2443 2713//2514 
f 2642//2443 2643//2444 2714//2515 
f 2643//2444 2644//2445 2715//2516 
f 2644//2445 2645//2446 2716//2517 
f 2645//2446 2646//2447 2717//2518 
f 2646//2447 2647//2448 2718//2519 
f 2647//2448 2648//2449 2719//2520 
f 2648//2449 2649//2450 2720//2521 
f 2649//2450 2650//2451 2721//2522 
f 2650//2451 2651//2452 2722//2523 
f 2651//2452 2652//2453 2723//2524 
f 2652//2453 2653//2454 2724//2525 
f 2653//2454 2654//2455 2725//2526 
f 2654//2455 2655//2456 2726//2527 
f 2655//2456 2656//2457 2727//2528 
f 2656//2457 2657//2458 2728//2529 
f 2657//2458 2658//2459 2729//2530 
f 2658//2459 2659//2460 2730//2531 
f 2659//2460 2660//2461 2731//2532 
f 2660//2461 2661//2462 2732//2533 
f 2661//2462 2662//2463 2733//2534 
f 2734//2535 2664//2465 2735//2536 
f 2664//2465 2665//2466 2736//2537 
f 2665//2466 2666//2467 2737//2538 
f 2666//2467 2667//2468 2738//2539 
f 2667//2468 2668//2469 2739//2540 
f 2668//2469 2669//2470 2740//2541 
f 2669//2470 2670//2471 2741//2542 
f 2670//2471 2671//2472 2742//2543 
f 2671//2472 2672//2473 2743//2544 
f 2672//2473 2673//2474 2744//2545 
f 2673//2474 2674//2475 2745//2546 
f 2674//2475 2675//2476 2746//2547 
f 2675//2476 2676//2477 2747//2548 
f 2676//2477 2677//2478 2748//2549 
f 2677//2478 2678//2479 2749//2550 
f 2678//2479 2679//2480 2750//2551 
f 2679//2480 2680//2481 2751//2552 
f 2680//2481 2681//2482 2752//2553 
f 2681//2482 2682//2483 2753//2554 
f 2682//2483 2683//2484 2754//2555 
f 2683//2484 2684//2485 2755//2556 
f 2684//2485 2685//2486 2756//2557 
f 2685//2486 2686//2487 2757//2558 
f 2686//2487 2687//2488 2758//2559 
f 2687//2488 2688//2489 2759//2560 
f 2688//2489 2689//2490 2760//2561 
f 2689//2490 2690//2491 2761//2562 
f 2690//2491 2691//2492 2762//2563 
f 2691//2492 2692//2493 2763//2564 
f 2692//2493 2693//2494 2764//2565 
f 2693//2494 2694//2495 2765//2566 
f 2694//2495 2695//2496 2766//2567 
f 2695//2496 2696//2497 2767//2568 
f 2696//2497 2697//2498 2768//2569 
f 2697//2498 2698//2499 2769//2570 
f 2698//2499 2699//2500 2770//2571 
f 2699//2500 2700//2501 2771//2572 
f 2700//2501 2701//2502 2772//2573 
f 2701//2502 2702//2503 2773//2574 
f 2702//2503 2703//2504 2774//2575 
f 2703//2504 2704//2505 2775//2576 
f 2704//2505 2705//2506 2776//2577 
f 2705//2506 2706//2507 2777//2578 
f 2706//2507 2707//2508 2778//2579 
f 2707//2508 2708//2509 2779//2580 
f 2708//2509 2709//2510 2780//2581 
f 2709//2510 2710//2511 2781//2582 
f 2710//2511 2711//2512 2782//2583 
f 2711//2512 2712//2513 2783//2584 
f 2712//2513 2713//2514 2784//2585 
f 2713//2514 2714//2515 2785//2586 
f 2714//2515 2715//2516 2786//2587 
f 2715//2516 2716//2517 2787//2588 
f 2716//2517 2717//2518 2788//2589 
f 2717//2518 2718//2519 2789//2590 
f 2718//2519 2719//2520 2790//2591 
f 2719//2520 2720//2521 2791//2592 
f 2720//2521 2721//2522 2792//2593 
f 2721//2522 2722//2523 2793//2594 
f 2722//2523 2723//2524 2794//2595 
f 2723//2524 2724//2525 2795//2596 
f 2724//2525 2725//2526 2796//2597 
f 2725//2526 2726//2527 2797//2598 
f 2726//2527 2727//2528 2798//2599 
f 2727//2528 2728//2529 2799//2600 
f 2728//2529 2729//2530 2800//2601 
f 2729//2530 2730//2531 2801//2602 
f 2730//2531 2731//2532 2802//2603 
f 2731//2532 2732//2533 2803//2604 
f 2732//2533 2733//2534 2804//2605 
f 2805//2606 2735//2536 2806//2607 
f 2735//2536 2736//2537 2807//2608 
f 2736//2537 2737//2538 2808//2609 
f 2737//2538 2738//2539 2809//2610 
f 2738//2539 2739//2540 2810//2611 
f 2739//2540 2740//2541 2811//2612 
f 2740//2541 2741//2542 2812//2613 
f 2741//2542 2742//2543 2813//2614 
f 2742//2543 2743//2544 2814//2615 
f 2743//2544 2744//2545 2815//2616 
f 2744//2545 2745//2546 2816//2617 
f 2745//2546 2746//2547 2817//2618 
f 2746//2547 2747//2548 2818//2619 
f 2747//2548 2748//2549 2819//2620 
f 2748//2549 2749//2550 2820//2621 
f 2749//2550 2750//2551 2821//2622 
f 2750//2551 2751//2552 2822//2623 
f 2751//2552 2752//2553 2823//2624 
f 2752//2553 2753//2554 2824//2625 
f 2753//2554 2754//2555 2825//2626 
f 2754//2555 2755//2556 2826//2627 
f 2755//2556 2756//2557 2827//2628 
f 2756//2557 2757//2558 2828//2629 
f 2757//2558 2758//2559 2829//2630 
f 2758//2559 2759//2560 2830//2631 
f 2759//2560 2760//2561 2831//2632 
f 2760//2561 2761//2562 2832//2633 
f 2761//2562 2762//2563 2833//2634 
f 2762//2563 2763//2564 2834//2635 
f 2763//2564 2764//2565 2835//2636 
f 2764//2565 2765//2566 2836//2637 
f 2765//2566 2766//2567 2837//2638 
f 2766//2567 2767//2568 2838//2639 
f 2767//2568 2768//2569 2839//2640 
f 2768//2569 2769//2570 2840//2641 
f 2769//2570 2770//2571 2841//2642 
f 2770//2571 2771//2572 2842//2643 
f 2771//2572 2772//2573 2843//2644 
f 2772//2573 2773//2574 2844//2645 
f 2773//2574 2774//2575 2845//2646 
f 2774//2575 2775//2576 2846//2647 
f 2775//2576 2776//2577 2847//2648 
f 2776//2577 2777//2578 2848//2649 
f 2777//2578 2778//2579 2849//2650 
f 2778//2579 2779//2580 2850//2651 
f 2779//2580 2780//2581 2851//2652 
f 2780//2581 2781//2582 2852//2653 
f 2781//2582 2782//2583 2853//2654 
f 2782//2583 2783//2584 2854//2655 
f 2783//2584 2784//2585 2855//2656 
f 2784//2585 2785//2586 2856//2657 
f 2785//2586 2786//2587 2857//2658 
f 2786//2587 2787//2588 2858//2659 
f 2787//2588 2788//2589 2859//2660 
f 2788//2589 2789//2590 2860//2661 
f 2789//2590 2790//2591 2861//2662 
f 2790//2591 2791//2592 2862//2663 
f 2791//2592 2792//2593 2863//2664 
f 2792//2593 2793//2594 2864//2665 
f 2793//2594 2794//2595 2865//2666 
f 2794//2595 2795//2596 2866//2667 
f 2795//2596 2796//2597 2867//2668 
f 2796//2597 2797//2598 2868//2669 
f 2797//2598 2798//2599 2869//2670 
f 2798//2599 2799//2600 2870//2671 
f 2799//2600 2800//2601 2871//2672 
f 2800//2601 2801//2602 2872//2673 
f 2801//2602 2802//2603 2873//2674 
f 2802//2603 2803//2604 2874//2675 
f 2803//2604 2804//2605 2875//2676 
f 2876//2677 2806//2607 2877//2678 
f 2806//2607 2807//2608 2878//2679 
f 2807//2608 2808//2609 2879//2680 
f 2808//2609 2809//2610 2880//2681 
f 2809//2610 2810//2611 2881//2682 
f 2810//2611 2811//2612 2882//2683 
f 2811//2612 2812//2613 2883//2684 
f 2812//2613 2813//2614 2884//2685 
f 2813//2614 2814//2615 2885//2686 
f 2814//2615 2815//2616 2886//2687 
f 2815//2616 2816//2617 2887//2688 
f 2816//2617 2817//2618 2888//2689 
f 2817//2618 2818//2619 2889//2690 
f 2818//2619 2819//2620 2890//2691 
f 2819//2620 2820//2621 2891//2692 
f 2820//2621 2821//2622 2892//2693 
f 2821//2622 2822//2623 2893//2694 
f 2822//2623 2823//2624 2894//2695 
f 2823//2624 2824//2625 2895//2696 
f 2824//2625 2825//2626 2896//2697 
f 2825//2626 2826//2627 2897//2698 
f 2826//2627 2827//2628 2898//2699 
f 2827//2628 2828//2629 2899//2700 
f 2828//2629 2829//2630 2900//2701 
f 2829//2630 2830//2631 2901//2702 
f 2830//2631 2831//2632 2902//2703 
f 2831//2632 2832//2633 2903//2704 
f 2832//2633 2833//2634 2904//2705 
f 2833//2634 2834//2635 2905//2706 
f 2834//2635 2835//2636 2906//2707 
f 2835//2636 2836//2637 2907//2708 
f 2836//2637 2837//2638 2908//2709 
f 2837//2638 2838//2639 2909//2710 
f 2838//2639 2839//2640 2910//2711 
f 2839//2640 2840//2641 2911//2712 
f 2840//2641 2841//2642 2912//2713 
f 2841//2642 2842//2643 2913//2714 
f 2842//2643 2843//2644 2914//2715 
f 2843//2644 2844//2645 2915//2716 
f 2844//2645 2845//2646 2916//2717 
f 2845//2646 2846//2647 2917//2718 
f 2846//2647 2847//2648 2918//2719 
f 2847//2648 2848//2649 2919//2720 
f 2848//2649 2849//2650 2920//2721 
f 2849//2650 2850//2651 2921//2722 
f 2850//2651 2851//2652 2922//2723 
f 2851//2652 2852//2653 2923//2724 
f 2852//2653 2853//2654 2924//2725 
f 2853//2654 2854//2655 2925//2726 
f 2854//2655 2855//2656 2926//2727 
f 2855//2656 2856//2657 2927//2728 
f 2856//2657 2857//2658 2928//2729 
f 2857//2658 2858//2659 2929//2730 
f 2858//2659 2859//2660 2930//2731 
f 2859//2660 2860//2661 2931//2732 
f 2860//2661 2861//2662 2932//2733 
f 2861//2662 2862//2663 2933//2734 
f 2862//2663 2863//2664 2934//2735 
f 2863//2664 2864//2665 2935//2736 
f 2864//2665 2865//2666 2936//2737 
f 2865//2666 2866//2667 2937//2738 
f 2866//2667 2867//2668 2938//2739 
f 2867//2668 2868//2669 2939//2740 
f 2868//2669 2869//2670 2940//2741 
f 2869//2670 2870//2671 2941//2742 
f 2870//2671 2871//2672 2942//2743 
f 2871//2672 2872//2673 2943//2744 
f 2872//2673 2873//2674 2944//2745 
f 2873//2674 2874//2675 2945//2746 
f 2874//2675 2875//2676 2946//2747 
f 2947//2748 2877//2678 2948//2749 
f 2877//2678 2878//2679 2949//2750 
f 2878//2679 2879//2680 2950//2751 
f 2879//2680 2880//2681 2951//2752 
f 2880//2681 2881//2682 2952//2753 
f 2881//2682 2882//2683 2953//2754 
f 2882//2683 2883//2684 2954//2755 
f 2883//2684 2884//2685 2955//2756 
f 2884//2685 2885//2686 2956//2757 
f 2885//2686 2886//2687 2957//2758 
f 2886//2687 2887//2688 2958//2759 
f 2887//2688 2888//2689 2959//2760 
f 2888//2689 2889//2690 2960//2761 
f 2889//2690 2890//2691 2961//2762 
f 2890//2691 2891//2692 2962//2763 
f 2891//2692 2892//2693 2963//2764 
f 2892//2693 2893//2694 2964//2765 
f 2893//2694 2894//2695 2965//2766 
f 2894//2695 2895//2696 2966//2767 
f 2895//2696 2896//2697 2967//2768 
f 2896//2697 2897//2698 2968//2769 
f 2897//2698 2898//2699 2969//2770 
f 2898//2699 2899//2700 2970//2771 
f 2899//2700 2900//2701 2971//2772 
f 2900//2701 2901//2702 2972//2773 
f 2901//2702 2902//2703 2973//2774 
f 2902//2703 2903//2704 2974//2775 
f 2903//2704 2904//2705 2975//2776 
f 2904//2705 2905//2706 2976//2777 
f 2905//2706 2906//2707 2977//2778 
f 2906//2707 2907//2708 2978//2779 
f 2907//2708 2908//2709 2979//2780 
f 2908//2709 2909//2710 2980//2781 
f 2909//2710 2910//2711 2981//2782 
f 2910//2711 2911//2712 2982//2783 
f 2911//2712 2912//2713 2983//2784 
f 2912//2713 2913//2714 2984//2785 
f 2913//2714 2914//2715 2985//2786 
f 2914//2715 2915//2716 2986//2787 
f 2915//2716 2916//2717 2987//2788 
f 2916//2717 2917//2718 2988//2789 
f 2917//2718 2918//2719 2989//2790 
f 2918//2719 2919//2720 2990//2791 
f 2919//2720 2920//2721 2991//2792 
f 2920//2721 2921//2722 2992//2793 
f 2921//2722 2922//2723 2993//2794 
f 2922//2723 2923//2724 2994//2795 
f 2923//2724 2924//2725 2995//2796 
f 2924//2725 2925//2726 2996//2797 
f 2925//2726 2926//2727 2997//2798 
f 2926//2727 2927//2728 2998//2799 
f 2927//2728 2928//2729 2999//2800 
f 2928//2729 2929//2730 3000//2801 
f 2929//2730 2930//2731 3001//2802 
f 2930//2731 2931//2732 3002//2803 
f 2931//2732 2932//2733 3003//2804 
f 2932//2733 2933//2734 3004//2805 
f 2933//2734 2934//2735 3005//2806 
f 2934//2735 2935//2736 3006//2807 
f 2935//2736 2936//2737 3007//2808 
f 2936//2737 2937//2738 3008//2809 
f 2937//2738 2938//2739 3009//2810 
f 2938//2739 2939//2740 3010//2811 
f 2939//2740 2940//2741 3011//2812 
f 2940//2741 2941//2742 3012//2813 
f 2941//2742 2942//2743 3013//2814 
f 2942//2743 2943//2744 3014//2815 
f 2943//2744 2944//2745 3015//2816 
f 2944//2745 2945//2746 3016//2817 
f 2945//2746 2946//2747 3017//2818 
f 3018//2819 2948//2749 3019//2820 
f 2948//2749 2949//2750 3020//2821 
f 2949//2750 2950//2751 3021//2822 
f 2950//2751 2951//2752 3022//2823 
f 2951//2752 2952//2753 3023//2824 
f 2952//2753 2953//2754 3024//2825 
f 2953//2754 2954//2755 3025//2826 
f 2954//2755 2955//2756 3026//2827 
f 2955//2756 2956//2757 3027//2828 
f 2956//2757 2957//2758 3028//2829 
f 2957//2758 2958//2759 3029//2830 
f 2958//2759 2959//2760 3030//2831 
f 2959//2760 2960//2761 3031//2832 
f 2960//2761 2961//2762 3032//2833 
f 2961//2762 2962//2763 3033//2834 
f 2962//2763 2963//2764 3034//2835 
f 2963//2764 2964//2765 3035//2836 
f 2964//2765 2965//2766 3036//2837 
f 2965//2766 2966//2767 3037//2838 
f 2966//2767 2967//2768 3038//2839 
f 2967//2768 2968//2769 3039//2840 
f 2968//2769 2969//2770 3040//2841 
f 2969//2770 2970//2771 3041//2842 
f 2970//2771 2971//2772 3042//2843 
f 2971//2772 2972//2773 3043//2844 
f 2972//2773 2973//2774 3044//2845 
f 2973//2774 2974//2775 3045//2846 
f 2974//2775 2975//2776 3046//2847 
f 2975//2776 2976//2777 3047//2848 
f 2976//2777 2977//2778 3048//2849 
f 2977//2778 2978//2779 3049//2850 
f 2978//2779 2979//2780 3050//2851 
f 2979//2780 2980//2781 3051//2852 
f 2980//2781 2981//2782 3052//2853 
f 2981//2782 2982//2783 3053//2854 
f 2982//2783 2983//2784 3054//2855 
f 2983//2784 2984//2785 3055//2856 
f 2984//2785 2985//2786 3056//2857 
f 2985//2786 2986//2787 3057//2858 
f 2986//2787 2987//2788 3058//2859 
f 2987//2788 2988//2789 3059//2860 
f 2988//2789 2989//2790 3060//2861 
f 2989//2790 2990//2791 3061//2862 
f 2990//2791 2991//2792 3062//2863 
f 2991//2792 2992//2793 3063//2864 
f 2992//2793 2993//2794 3064//2865 
f 2993//2794 2994//2795 3065//2866 
f 2994//2795 2995//2796 3066//2867 
f 2995//2796 2996//2797 3067//2868 
f 2996//2797 2997//2798 3068//2869 
f 2997//2798 2998//2799 3069//2870 
f 2998//2799 2999//2800 3070//2871 
f 2999//2800 3000//2801 3071//2872 
f 3000//2801 3001//2802 3072//2873 
f 3001//2802 3002//2803 3073//2874 
f 3002//2803 3003//2804 3074//2875 
f 3003//2804 3004//2805 3075//2876 
f 3004//2805 3005//2806 3076//2877 
f 3005//2806 3006//2807 3077//2878 
f 3006//2807 3007//2808 3078//2879 
f 3007//2808 3008//2809 3079//2880 
f 3008//2809 3009//2810 3080//2881 
f 3009//2810 3010//2811 3081//2882 
f 3010//2811 3011//2812 3082//2883 
f 3011//2812 3012//2813 3083//2884 
f 3012//2813 3013//2814 3084//2885 
f 3013//2814 3014//2815 3085//2886 
f 3014//2815 3015//2816 3086//2887 
f 3015//2816 3016//2817 3087//2888 
f 3016//2817 3017//2818 3088//2889 
f 3089//2890 3019//2820 3090//2891 
f 3019//2820 3020//2821 3091//2892 
f 3020//2821 3021//2822 3092//2893 
f 3021//2822 3022//2823 3093//2894 
f 3022//2823 3023//2824 3094//2895 
f 3023//2824 3024//2825 3095//2896 
f 3024//2825 3025//2826 3096//2897 
f 3025//2826 3026//2827 3097//2898 
f 3026//2827 3027//2828 3098//2899 
f 3027//2828 3028//2829 3099//2900 
f 3028//2829 3029//2830 3100//2901 
f 3029//2830 3030//2831 3101//2902 
f 3030//2831 3031//2832 3102//2903 
f 3031//2832 3032//2833 3103//2904 
f 3032//2833 3033//2834 3104//2905 
f 3033//2834 3034//2835 3105//2906 
f 3034//2835 3035//2836 3106//2907 
f 3035//2836 3036//2837 3107//2908 
f 3036//2837 3037//2838 3108//2909 
f 3037//2838 3038//2839 3109//2910 
f 3038//2839 3039//2840 3110//2911 
f 3039//2840 3040//2841 3111//2912 
f 3040//2841 3041//2842 3112//2913 
f 3041//2842 3042//2843 3113//2914 
f 3042//2843 3043//2844 3114//2915 
f 3043//2844 3044//2845 3115//2916 
f 3044//2845 3045//2846 3116//2917 
f 3045//2846 3046//2847 3117//2918 
f 3046//2847 3047//2848 3118//2919 
f 3047//2848 3048//2849 3119//2920 
f 3048//2849 3049//2850 3120//2921 
f 3049//2850 3050//2851 3121//2922 
f 3050//2851 3051//2852 3122//2923 
f 3051//2852 3052//2853 3123//2924 
f 3052//2853 3053//2854 3124//2925 
f 3053//2854 3054//2855 3125//2926 
f 3054//2855 3055//2856 3126//2927 
f 3055//2856 3056//2857 3127//2928 
f 3056//2857 3057//2858 3128//2929 
f 3057//2858 3058//2859 3129//2930 
f 3058//2859 3059//2860 3130//2931 
f 3059//2860 3060//2861 3131//2932 
f 3060//2861 3061//2862 3132//2933 
f 3061//2862 3062//2863 3133//2934 
f 3062//2863 3063//2864 3134//2935 
f 3063//2864 3064//2865 3135//2936 
f 3064//2865 3065//2866 3136//2937 
f 3065//2866 3066//2867 3137//2938 
f 3066//2867 3067//2868 3138//2939 
f 3067//2868 3068//2869 3139//2940 
f 3068//2869 3069//2870 3140//2941 
f 3069//2870 3070//2871 3141//2942 
f 3070//2871 3071//2872 3142//2943 
f 3071//2872 3072//2873 3143//2944 
f 3072//2873 3073//2874 3144//2945 
f 3073//2874 3074//2875 3145//2946 
f 3074//2875 3075//2876 3146//2947 
f 3075//2876 3076//2877 3147//2948 
f 3076//2877 3077//2878 3148//2949 
f 3077//2878 3078//2879 3149//2950 
f 3078//2879 3079//2880 3150//2951 
f 3079//2880 3080//2881 3151//2952 
f 3080//2881 3081//2882 3152//2953 
f 3081//2882 3082//2883 3153//2954 
f 3082//2883 3083//2884 3154//2955 
f 3083//2884 3084//2885 3155//2956 
f 3084//2885 3085//2886 3156//2957 
f 3085//2886 3086//2887 3157//2958 
f 3086//2887 3087//2888 3158//2959 
f 3087//2888 3088//2889 3159//2960 
f 3160//2961 3090//2891 3161//2962 
f 3090//2891 3091//2892 3162//2963 
f 3091//2892 3092//2893 3163//2964 
f 3092//2893 3093//2894 3164//2965 
f 3093//2894 3094//2895 3165//2966 
f 3094//2895 3095//2896 3166//2967 
f 3095//2896 3096//2897 3167//2968 
f 3096//2897 3097//2898 3168//2969 
f 3097//2898 3098//2899 3169//2970 
f 3098//2899 3099//2900 3170//2971 
f 3099//2900 3100//2901 3171//2972 
f 3100//2901 3101//2902 3172//2973 
f 3101//2902 3102//2903 3173//2974 
f 3102//2903 3103//2904 3174//2975 
f 3103//2904 3104//2905 3175//2976 
f 3104//2905 3105//2906 3176//2977 
f 3105//2906 3106//2907 3177//2978 
f 3106//2907 3107//2908 3178//2979 
f 3107//2908 3108//2909 3179//2980 
f 3108//2909 3109//2910 3180//2981 
f 3109//2910 3110//2911 3181//2982 
f 3110//2911 3111//2912 3182//2983 
f 3111//2912 3112//2913 3183//2984 
f 3112//2913 3113//2914 3184//2985 
f 3113//2914 3114//2915 3185//2986 
f 3114//2915 3115//2916 3186//2987 
f 3115//2916 3116//2917 3187//2988 
f 3116//2917 3117//2918 3188//2989 
f 3117//2918 3118//2919 3189//2990 
f 3118//2919 3119//2920 3190//2991 
f 3119//2920 3120//2921 3191//2992 
f 3120//2921 3121//2922 3192//2993 
f 3121//2922 3122//2923 3193//2994 
f 3122//2923 3123//2924 3194//2995 
f 3123//2924 3124//2925 3195//2996 
f 3124//2925 3125//2926 3196//2997 
f 3125//2926 3126//2927 3197//2998 
f 3126//2927 3127//2928 3198//2999 
f 3127//2928 3128//2929 3199//3000 
f 3128//2929 3129//2930 3200//3001 
f 3129//2930 3130//2931 3201//3002 
f 3130//2931 3131//2932 3202//3003 
f 3131//2932 3132//2933 3203//3004 
f 3132//2933 3133//2934 3204//3005 
f 3133//2934 3134//2935 3205//3006 
f 3134//2935 3135//2936 3206//3007 
f 3135//2936 3136//2937 3207//3008 
f 3136//2937 3137//2938 3208//3009 
f 3137//2938 3138//2939 3209//3010 
f 3138//2939 3139//2940 3210//3011 
f 3139//2940 3140//2941 3211//3012 
f 3140//2941 3141//2942 3212//3013 
f 3141//2942 3142//2943 3213//3014 
f 3142//2943 3143//2944 3214//3015 
f 3143//2944 3144//2945 3215//3016 
f 3144//2945 3145//2946 3216//3017 
f 3145//2946 3146//2947 3217//3018 
f 3146//2947 3147//2948 3218//3019 
f 3147//2948 3148//2949 3219//3020 
f 3148//2949 3149//2950 3220//3021 
f 3149//2950 3150//2951 3221//3022 
f 3150//2951 3151//2952 3222//3023 
f 3151//2952 3152//2953 3223//3024 
f 3152//2953 3153//2954 3224//3025 
f 3153//2954 3154//2955 3225//3026 
f 3154//2955 3155//2956 3226//3027 
f 3155//2956 3156//2957 3227//3028 
f 3156//2957 3157//2958 3228//3029 
f 3157//2958 3158//2959 3229//3030 
f 3158//2959 3159//2960 3230//3031 
f 3231//3032 3161//2962 3232//3033 
f 3161//2962 3162//2963 3233//3034 
f 3162//2963 3163//2964 3234//3035 
f 3163//2964 3164//2965 3235//3036 
f 3164//2965 3165//2966 3236//3037 
f 3165//2966 3166//2967 3237//3038 
f 3166//2967 3167//2968 3238//3039 
f 3167//2968 3168//2969 3239//3040 
f 3168//2969 3169//2970 3240//3041 
f 3169//2970 3170//2971 3241//3042 
f 3170//2971 3171//2972 3242//3043 
f 3171//2972 3172//2973 3243//3044 
f 3172//2973 3173//2974 3244//3045 
f 3173//2974 3174//2975 3245//3046 
f 3174//2975 3175//2976 3246//3047 
f 3175//2976 3176//2977 3247//3048 
f 3176//2977 3177//2978 3248//3049 
f 3177//2978 3178//2979 3249//3050 
f 3178//2979 3179//2980 3250//3051 
f 3179//2980 3180//2981 3251//3052 
f 3180//2981 3181//2982 3252//3053 
f 3181//2982 3182//2983 3253//3054 
f 3182//2983 3183//2984 3254//3055 
f 3183//2984 3184//2985 3255//3056 
f 3184//2985 3185//2986 3256//3057 
f 3185//2986 3186//2987 3257//3058 
f 3186//2987 3187//2988 3258//3059 
f 3187//2988 3188//2989 3259//3060 
f 3188//2989 3189//2990 3260//3061 
f 3189//2990 3190//2991 3261//3062 
f 3190//2991 3191//2992 3262//3063 
f 3191//2992 3192//2993 3263//3064 
f 3192//2993 3193//2994 3264//3065 
f 3193//2994 3194//2995 3265//3066 
f 3194//2995 3195//2996 3266//3067 
f 3195//2996 3196//2997 3267//3068 
f 3196//2997 3197//2998 3268//3069 
f 3197//2998 3198//2999 3269//3070 
f 3198//2999 3199//3000 3270//3071 
f 3199//3000 3200//3001 3271//3072 
f 3200//3001 3201//3002 3272//3073 
f 3201//3002 3202//3003 3273//3074 
f 3202//3003 3203//3004 3274//3075 
f 3203//3004 3204//3005 3275//3076 
f 3204//3005 3205//3006 3276//3077 
f 3205//3006 3206//3007 3277//3078 
f 3206//3007 3207//3008 3278//3079 
f 3207//3008 3208//3009 3279//3080 
f 3208//3009 3209//3010 3280//3081 
f 3209//3010 3210//3011 3281//3082 
f 3210//3011 3211//3012 3282//3083 
f 3211//3012 3212//3013 3283//3084 
f 3212//3013 3213//3014 3284//3085 
f 3213//3014 3214//3015 3285//3086 
f 3214//3015 3215//3016 3286//3087 
f 3215//3016 3216//3017 3287//3088 
f 3216//3017 3217//3018 3288//3089 
f 3217//3018 3218//3019 3289//3090 
f 3218//3019 3219//3020 3290//3091 
f 3219//3020 3220//3021 3291//3092 
f 3220//3021 3221//3022 3292//3093 
f 3221//3022 3222//3023 3293//3094 
f 3222//3023 3223//3024 3294//3095 
f 3223//3024 3224//3025 3295//3096 
f 3224//3025 3225//3026 3296//3097 
f 3225//3026 3226//3027 3297//3098 
f 3226//3027 3227//3028 3298//3099 
f 3227//3028 3228//3029 3299//3100 
f 3228//3029 3229//3030 3300//3101 
f 3229//3030 3230//3031 3301//3102 
f 3302//3103 3232//3033 3303//3104 
f 3232//3033 3233//3034 3304//3105 
f 3233//3034 3234//3035 3305//3106 
f 3234//3035 3235//3036 3306//3107 
f 3235//3036 3236//3037 3307//3108 
f 3236//3037 3237//3038 3308//3109 
f 3237//3038 3238//3039 3309//3110 
f 3238//3039 3239//3040 3310//3111 
f 3239//3040 3240//3041 3311//3112 
f 3240//3041 3241//3042 3312//3113 
f 3241//3042 3242//3043 3313//3114 
f 3242//3043 3243//3044 3314//3115 
f 3243//3044 3244//3045 3315//3116 
f 3244//3045 3245//3046 3316//3117 
f 3245//3046 3246//3047 3317//3118 
f 3246//3047 3247//3048 3318//3119 
f 3247//3048 3248//3049 3319//3120 
f 3248//3049 3249//3050 3320//3121 
f 3249//3050 3250//3051 3321//3122 
f 3250//3051 3251//3052 3322//3123 
f 3251//3052 3252//3053 3323//3124 
f 3252//3053 3253//3054 3324//3125 
f 3253//3054 3254//3055 3325//3126 
f 3254//3055 3255//3056 3326//3127 
f 3255//3056 3256//3057 3327//3128 
f 3256//3057 3257//3058 3328//3129 
f 3257//3058 3258//3059 3329//3130 
f 3258//3059 3259//3060 3330//3131 
f 3259//3060 3260//3061 3331//3132 
f 3260//3061 3261//3062 3332//3133 
f 3261//3062 3262//3063 3333//3134 
f 3262//3063 3263//3064 3334//3135 
f 3263//3064 3264//3065 3335//3136 
f 3264//3065 3265//3066 3336//3137 
f 3265//3066 3266//3067 3337//3138 
f 3266//3067 3267//3068 3338//3139 
f 3267//3068 3268//3069 3339//3140 
f 3268//3069 3269//3070 3340//3141 
f 3269//3070 3270//3071 3341//3142 
f 3270//3071 3271//3072 3342//3143 
f 3271//3072 3272//3073 3343//3144 
f 3272//3073 3273//3074 3344//3145 
f 3273//3074 3274//3075 3345//3146 
f 3274//3075 3275//3076 3346//3147 
f 3275//3076 3276//3077 3347//3148 
f 3276//3077 3277//3078 3348//3149 
f 3277//3078 3278//3079 3349//3150 
f 3278//3079 3279//3080 3350//3151 
f 3279//3080 3280//3081 3351//3152 
f 3280//3081 3281//3082 3352//3153 
f 3281//3082 3282//3083 3353//3154 
f 3282//3083 3283//3084 3354//3155 
f 3283//3084 3284//3085 3355//3156 
f 3284//3085 3285//3086 3356//3157 
f 3285//3086 3286//3087 3357//3158 
f 3286//3087 3287//3088 3358//3159 
f 3287//3088 3288//3089 3359//3160 
f 3288//3089 3289//3090 3360//3161 
f 3289//3090 3290//3091 3361//3162 
f 3290//3091 3291//3092 3362//3163 
f 3291//3092 3292//3093 3363//3164 
f 3292//3093 3293//3094 3364//3165 
f 3293//3094 3294//3095 3365//3166 
f 3294//3095 3295//3096 3366//3167 
f 3295//3096 3296//3097 3367//3168 
f 3296//3097 3297//3098 3368//3169 
f 3297//3098 3298//3099 3369//3170 
f 3298//3099 3299//3100 3370//3171 
f 3299//3100 3300//3101 3371//3172 
f 3300//3101 3301//3102 3372//3173 
f 3373//3174 3303//3104 3374//3175 
f 3303//3104 3304//3105 3375//3176 
f 3304//3105 3305//3106 3376//3177 
f 3305//3106 3306//3107 3377//3178 
f 3306//3107 3307//3108 3378//3179 
f 3307//3108 3308//3109 3379//3180 
f 3308//3109 3309//3110 3380//3181 
f 3309//3110 3310//3111 3381//3182 
f 3310//3111 3311//3112 3382//3183 
f 3311//3112 3312//3113 3383//3184 
f 3312//3113 3313//3114 3384//3185 
f 3313//3114 3314//3115 3385//3186 
f 3314//3115 3315//3116 3386//3187 
f 3315//3116 3316//3117 3387//3188 
f 3316//3117 3317//3118 3388//3189 
f 3317//3118 3318//3119 3389//3190 
f 3318//3119 3319//3120 3390//3191 
f 3319//3120 3320//3121 3391//3192 
f 3320//3121 3321//3122 3392//3193 
f 3321//3122 3322//3123 3393//3194 
f 3322//3123 3323//3124 3394//3195 
f 3323//3124 3324//3125 3395//3196 
f 3324//3125 3325//3126 3396//3197 
f 3325//3126 3326//3127 3397//3198 
f 3326//3127 3327//3128 3398//3199 
f 3327//3128 3328//3129 3399//3200 
f 3328//3129 3329//3130 3400//3201 
f 3329//3130 3330//3131 3401//3202 
f 3330//3131 3331//3132 3402//3203 
f 3331//3132 3332//3133 3403//3204 
f 3332//3133 3333//3134 3404//3205 
f 3333//3134 3334//3135 3405//3206 
f 3334//3135 3335//3136 3406//3207 
f 3335//3136 3336//3137 3407//3208 
f 3336//3137 3337//3138 3408//3209 
f 3337//3138 3338//3139 3409//3210 
f 3338//3139 3339//3140 3410//3211 
f 3339//3140 3340//3141 3411//3212 
f 3340//3141 3341//3142 3412//3213 
f 3341//3142 3342//3143 3413//3214 
f 3342//3143 3343//3144 3414//3215 
f 3343//3144 3344//3145 3415//3216 
f 3344//3145 3345//3146 3416//3217 
f 3345//3146 3346//3147 3417//3218 
f 3346//3147 3347//3148 3418//3219 
f 3347//3148 3348//3149 3419//3220 
f 3348//3149 3349//3150 3420//3221 
f 3349//3150 3350//3151 3421//3222 
f 3350//3151 3351//3152 3422//3223 
f 3351//3152 3352//3153 3423//3224 
f 3352//3153 3353//3154 3424//3225 
f 3353//3154 3354//3155 3425//3226 
f 3354//3155 3355//3156 3426//3227 
f 3355//3156 3356//3157 3427//3228 
f 3356//3157 3357//3158 3428//3229 
f 3357//3158 3358//3159 3429//3230 
f 3358//3159 3359//3160 3430//3231 
f 3359//3160 3360//3161 3431//3232 
f 3360//3161 3361//3162 3432//3233 
f 3361//3162 3362//3163 3433//3234 
f 3362//3163 3363//3164 3434//3235 
f 3363//3164 3364//3165 3435//3236 
f 3364//3165 3365//3166 3436//3237 
f 3365//3166 3366//3167 3437//3238 
f 3366//3167 3367//3168 3438//3239 
f 3367//3168 3368//3169 3439//3240 
f 3368//3169 3369//3170 3440//3241 
f 3369//3170 3370//3171 3441//3242 
f 3370//3171 3371//3172 3442//3243 
f 3371//3172 3372//3173 3443//3244 
f 3444//3245 3374//3175 3445//3246 
f 3374//3175 3375//3176 3446//3247 
f 3375//3176 3376//3177 3447//3248 
f 3376//3177 3377//3178 3448//3249 
f 3377//3178 3378//3179 3449//3250 
f 3378//3179 3379//3180 3450//3251 
f 3379//3180 3380//3181 3451//3252 
f 3380//3181 3381//3182 3452//3253 
f 3381//3182 3382//3183 3453//3254 
f 3382//3183 3383//3184 3454//3255 
f 3383//3184 3384//3185 3455//3256 
f 3384//3185 3385//3186 3456//3257 
f 3385//3186 3386//3187 3457//3258 
f 3386//3187 3387//3188 3458//3259 
f 3387//3188 3388//3189 3459//3260 
f 3388//3189 3389//3190 3460//3261 
f 3389//3190 3390//3191 3461//3262 
f 3390//3191 3391//3192 3462//3263 
f 3391//3192 3392//3193 3463//3264 
f 3392//3193 3393//3194 3464//3265 
f 3393//3194 3394//3195 3465//3266 
f 3394//3195 3395//3196 3466//3267 
f 3395//3196 3396//3197 3467//3268 
f 3396//3197 3397//3198 3468//3269 
f 3397//3198 3398//3199 3469//3270 
f 3398//3199 3399//3200 3470//3271 
f 3399//3200 3400//3201 3471//3272 
f 3400//3201 3401//3202 3472//3273 
f 3401//3202 3402//3203 3473//3274 
f 3402//3203 3403//3204 3474//3275 
f 3403//3204 3404//3205 3475//3276 
f 3404//3205 3405//3206 3476//3277 
f 3405//3206 3406//3207 3477//3278 
f 3406//3207 3407//3208 3478//3279 
f 3407//3208 3408//3209 3479//3280 
f 3408//3209 3409//3210 3480//3281 
f 3409//3210 3410//3211 3481//3282 
f 3410//3211 3411//3212 3482//3283 
f 3411//3212 3412//3213 3483//3284 
f 3412//3213 3413//3214 3484//3285 
f 3413//3214 3414//3215 3485//3286 
f 3414//3215 3415//3216 3486//3287 
f 3415//3216 3416//3217 3487//3288 
f 3416//3217 3417//3218 3488//3289 
f 3417//3218 3418//3219 3489//3290 
f 3418//3219 3419//3220 3490//3291 
f 3419//3220 3420//3221 3491//3292 
f 3420//3221 3421//3222 3492//3293 
f 3421//3222 3422//3223 3493//3294 
f 3422//3223 3423//3224 3494//3295 
f 3423//3224 3424//3225 3495//3296 
f 3424//3225 3425//3226 3496//3297 
f 3425//3226 3426//3227 3497//3298 
f 3426//3227 3427//3228 3498//3299 
f 3427//3228 3428//3229 3499//3300 
f 3428//3229 3429//3230 3500//3301 
f 3429//3230 3430//3231 3501//3302 
f 3430//3231 3431//3232 3502//3303 
f 3431//3232 3432//3233 3503//3304 
f 3432//3233 3433//3234 3504//3305 
f 3433//3234 3434//3235 3505//3306 
f 3434//3235 3435//3236 3506//3307 
f 3435//3236 3436//3237 3507//3308 
f 3436//3237 3437//3238 3508//3309 
f 3437//3238 3438//3239 3509//3310 
f 3438//3239 3439//3240 3510//3311 
f 3439//3240 3440//3241 3511//3312 
f 3440//3241 3441//3242 3512//3313 
f 3441//3242 3442//3243 3513//3314 
f 3442//3243 3443//3244 3514//3315 
f 3515//3316 3445//3246 3516//3317 
f 3445//3246 3446//3247 3517//3318 
f 3446//3247 3447//3248 3518//3319 
f 3447//3248 3448//3249 3519//3320 
f 3448//3249 3449//3250 3520//3321 
f 3449//3250 3450//3251 3521//3322 
f 3450//3251 3451//3252 3522//3323 
f 3451//3252 3452//3253 3523//3324 
f 3452//3253 3453//3254 3524//3325 
f 3453//3254 3454//3255 3525//3326 
f 3454//3255 3455//3256 3526//3327 
f 3455//3256 3456//3257 3527//3328 
f 3456//3257 3457//3258 3528//3329 
f 3457//3258 3458//3259 3529//3330 
f 3458//3259 3459//3260 3530//3331 
f 3459//3260 3460//3261 3531//3332 
f 3460//3261 3461//3262 3532//3333 
f 3461//3262 3462//3263 3533//3334 
f 3462//3263 3463//3264 3534//3335 
f 3463//3264 3464//3265 3535//3336 
f 3464//3265 3465//3266 3536//3337 
f 3465//3266 3466//3267 3537//3338 
f 3466//3267 3467//3268 3538//3339 
f 3467//3268 3468//3269 3539//3340 
f 3468//3269 3469//3270 3540//3341 
f 3469//3270 3470//3271 3541//3342 
f 3470//3271 3471//3272 3542//3343 
f 3471//3272 3472//3273 3543//3344 
f 3472//3273 3473//3274 3544//3345 
f 3473//3274 3474//3275 3545//3346 
f 3474//3275 3475//3276 3546//3347 
f 3475//3276 3476//3277 3547//3348 
f 3476//3277 3477//3278 3548//3349 
f 3477//3278 3478//3279 3549//3350 
f 3478//3279 3479//3280 3550//3351 
f 3479//3280 3480//3281 3551//3352 
f 3480//3281 3481//3282 3552//3353 
f 3481//3282 3482//3283 3553//3354 
f 3482//3283 3483//3284 3554//3355 
f 3483//3284 3484//3285 3555//3356 
f 3484//3285 3485//3286 3556//3357 
f 3485//3286 3486//3287 3557//3358 
f 3486//3287 3487//3288 3558//3359 
f 3487//3288 3488//3289 3559//3360 
f 3488//3289 3489//3290 3560//3361 
f 3489//3290 3490//3291 3561//3362 
f 3490//3291 3491//3292 3562//3363 
f 3491//3292 3492//3293 3563//3364 
f 3492//3293 3493//3294 3564//3365 
f 3493//3294 3494//3295 3565//3366 
f 3494//3295 3495//3296 3566//3367 
f 3495//3296 3496//3297 3567//3368 
f 3496//3297 3497//3298 3568//3369 
f 3497//3298 3498//3299 3569//3370 
f 3498//3299 3499//3300 3570//3371 
f 3499//3300 3500//3301 3571//3372 
f 3500//3301 3501//3302 3572//3373 
f 3501//3302 3502//3303 3573//3374 
f 3502//3303 3503//3304 3574//3375 
f 3503//3304 3504//3305 3575//3376 
f 3504//3305 3505//3306 3576//3377 
f 3505//3306 3506//3307 3577//3378 
f 3506//3307 3507//3308 3578//3379 
f 3507//3308 3508//3309 3579//3380 
f 3508//3309 3509//3310 3580//3381 
f 3509//3310 3510//3311 3581//3382 
f 3510//3311 3511//3312 3582//3383 
f 3511//3312 3512//3313 3583//3384 
f 3512//3313 3513//3314 3584//3385 
f 3513//3314 3514//3315 3585//3386 
f 3586//3387 3516//3317 3587//3388 
f 3516//3317 3517//3318 3588//3389 
f 3517//3318 3518//3319 3589//3390 
f 3518//3319 3519//3320 3590//3391 
f 3519//3320 3520//3321 3591//3392 
f 3520//3321 3521//3322 3592//3393 
f 3521//3322 3522//3323 3593//3394 
f 3522//3323 3523//3324 3594//3395 
f 3523//3324 3524//3325 3595//3396 
f 3524//3325 3525//3326 3596//3397 
f 3525//3326 3526//3327 3597//3398 
f 3526//3327 3527//3328 3598//3399 
f 3527//3328 3528//3329 3599//3400 
f 3528//3329 3529//3330 3600//3401 
f 3529//3330 3530//3331 3601//3402 
f 3530//3331 3531//3332 3602//3403 
f 3531//3332 3532//3333 3603//3404 
f 3532//3333 3533//3334 3604//3405 
f 3533//3334 3534//3335 3605//3406 
f 3534//3335 3535//3336 3606//3407 
f 3535//3336 3536//3337 3607//3408 
f 3536//3337 3537//3338 3608//3409 
f 3537//3338 3538//3339 3609//3410 
f 3538//3339 3539//3340 3610//3411 
f 3539//3340 3540//3341 3611//3412 
f 3540//3341 3541//3342 3612//3413 
f 3541//3342 3542//3343 3613//3414 
f 3542//3343 3543//3344 3614//3415 
f 3543//3344 3544//3345 3615//3416 
f 3544//3345 3545//3346 3616//3417 
f 3545//3346 3546//3347 3617//3418 
f 3546//3347 3547//3348 3618//3419 
f 3547//3348 3548//3349 3619//3420 
f 3548//3349 3549//3350 3620//3421 
f 3549//3350 3550//3351 3621//3422 
f 3550//3351 3551//3352 3622//3423 
f 3551//3352 3552//3353 3623//3424 
f 3552//3353 3553//3354 3624//3425 
f 3553//3354 3554//3355 3625//3426 
f 3554//3355 3555//3356 3626//3427 
f 3555//3356 3556//3357 3627//3428 
f 3556//3357 3557//3358 3628//3429 
f 3557//3358 3558//3359 3629//3430 
f 3558//3359 3559//3360 3630//3431 
f 3559//3360 3560//3361 3631//3432 
f 3560//3361 3561//3362 3632//3433 
f 3561//3362 3562//3363 3633//3434 
f 3562//3363 3563//3364 3634//3435 
f 3563//3364 3564//3365 3635//3436 
f 3564//3365 3565//3366 3636//3437 
f 3565//3366 3566//3367 3637//3438 
f 3566//3367 3567//3368 3638//3439 
f 3567//3368 3568//3369 3639//3440 
f 3568//3369 3569//3370 3640//3441 
f 3569//3370 3570//3371 3641//3442 
f 3570//3371 3571//3372 3642//3443 
f 3571//3372 3572//3373 3643//3444 
f 3572//3373 3573//3374 3644//3445 
f 3573//3374 3574//3375 3645//3446 
f 3574//3375 3575//3376 3646//3447 
f 3575//3376 3576//3377 3647//3448 
f 3576//3377 3577//3378 3648//3449 
f 3577//3378 3578//3379 3649//3450 
f 3578//3379 3579//3380 3650//3451 
f 3579//3380 3580//3381 3651//3452 
f 3580//3381 3581//3382 3652//3453 
f 3581//3382 3582//3383 3653//3454 
f 3582//3383 3583//3384 3654//3455 
f 3583//3384 3584//3385 3655//3456 
f 3584//3385 3585//3386 3656//3457 
f 3657//3458 3587//3388 3658//3459 
f 3587//3388 3588//3389 3659//3460 
f 3588//3389 3589//3390 3660//3461 
f 3589//3390 3590//3391 3661//3462 
f 3590//3391 3591//3392 3662//3463 
f 3591//3392 3592//3393 3663//3464 
f 3592//3393 3593//3394 3664//3465 
f 3593//3394 3594//3395 3665//3466 
f 3594//3395 3595//3396 3666//3467 
f 3595//3396 3596//3397 3667//3468 
f 3596//3397 3597//3398 3668//3469 
f 3597//3398 3598//3399 3669//3470 
f 3598//3399 3599//3400 3670//3471 
f 3599//3400 3600//3401 3671//3472 
f 3600//3401 3601//3402 3672//3473 
f 3601//3402 3602//3403 3673//3474 
f 3602//3403 3603//3404 3674//3475 
f 3603//3404 3604//3405 3675//3476 
f 3604//3405 3605//3406 3676//3477 
f 3605//3406 3606//3407 3677//3478 
f 3606//3407 3607//3408 3678//3479 
f 3607//3408 3608//3409 3679//3480 
f 3608//3409 3609//3410 3680//3481 
f 3609//3410 3610//3411 3681//3482 
f 3610//3411 3611//3412 3682//3483 
f 3611//3412 3612//3413 3683//3484 
f 3612//3413 3613//3414 3684//3485 
f 3613//3414 3614//3415 3685//3486 
f 3614//3415 3615//3416 3686//3487 
f 3615//3416 3616//3417 3687//3488 
f 3616//3417 3617//3418 3688//3489 
f 3617//3418 3618//3419 3689//3490 
f 3618//3419 3619//3420 3690//3491 
f 3619//3420 3620//3421 3691//3492 
f 3620//3421 3621//3422 3692//3493 
f 3621//3422 3622//3423 3693//3494 
f 3622//3423 3623//3424 3694//3495 
f 3623//3424 3624//3425 3695//3496 
f 3624//3425 3625//3426 3696//3497 
f 3625//3426 3626//3427 3697//3498 
f 3626//3427 3627//3428 3698//3499 
f 3627//3428 3628//3429 3699//3500 
f 3628//3429 3629//3430 3700//3501 
f 3629//3430 3630//3431 3701//3502 
f 3630//3431 3631//3432 3702//3503 
f 3631//3432 3632//3433 3703//3504 
f 3632//3433 3633//3434 3704//3505 
f 3633//3434 3634//3435 3705//3506 
f 3634//3435 3635//3436 3706//3507 
f 3635//3436 3636//3437 3707//3508 
f 3636//3437 3637//3438 3708//3509 
f 3637//3438 3638//3439 3709//3510 
f 3638//3439 3639//3440 3710//3511 
f 3639//3440 3640//3441 3711//3512 
f 3640//3441 3641//3442 3712//3513 
f 3641//3442 3642//3443 3713//3514 
f 3642//3443 3643//3444 3714//3515 
f 3643//3444 3644//3445 3715//3516 
f 3644//3445 3645//3446 3716//3517 
f 3645//3446 3646//3447 3717//3518 
f 3646//3447 3647//3448 3718//3519 
f 3647//3448 3648//3449 3719//3520 
f 3648//3449 3649//3450 3720//3521 
f 3649//3450 3650//3451 3721//3522 
f 3650//3451 3651//3452 3722//3523 
f 3651//3452 3652//3453 3723//3524 
f 3652//3453 3653//3454 3724//3525 
f 3653//3454 3654//3455 3725//3526 
f 3654//3455 3655//3456 3726//3527 
f 3655//3456 3656//3457 3727//3528 
f 3728//3529 3658//3459 3729//3530 
f 3658//3459 3659//3460 3730//3531 
f 3659//3460 3660//3461 3731//3532 
f 3660//3461 3661//3462 3732//3533 
f 3661//3462 3662//3463 3733//3534 
f 3662//3463 3663//3464 3734//3535 
f 3663//3464 3664//3465 3735//3536 
f 3664//3465 3665//3466 3736//3537 
f 3665//3466 3666//3467 3737//3538 
f 3666//3467 3667//3468 3738//3539 
f 3667//3468 3668//3469 3739//3540 
f 3668//3469 3669//3470 3740//3541 
f 3669//3470 3670//3471 3741//3542 
f 3670//3471 3671//3472 3742//3543 
f 3671//3472 3672//3473 3743//3544 
f 3672//3473 3673//3474 3744//3545 
f 3673//3474 3674//3475 3745//3546 
f 3674//3475 3675//3476 3746//3547 
f 3675//3476 3676//3477 3747//3548 
f 3676//3477 3677//3478 3748//3549 
f 3677//3478 3678//3479 3749//3550 
f 3678//3479 3679//3480 3750//3551 
f 3679//3480 3680//3481 3751//3552 
f 3680//3481 3681//3482 3752//3553 
f 3681//3482 3682//3483 3753//3554 
f 3682//3483 3683//3484 3754//3555 
f 3683//3484 3684//3485 3755//3556 
f 3684//3485 3685//3486 3756//3557 
f 3685//3486 3686//3487 3757//3558 
f 3686//3487 3687//3488 3758//3559 
f 3687//3488 3688//3489 3759//3560 
f 3688//3489 3689//3490 3760//3561 
f 3689//3490 3690//3491 3761//3562 
f 3690//3491 3691//3492 3762//3563 
f 3691//3492 3692//3493 3763//3564 
f 3692//3493 3693//3494 3764//3565 
f 3693//3494 3694//3495 3765//3566 
f 3694//3495 3695//3496 3766//3567 
f 3695//3496 3696//3497 3767//3568 
f 3696//3497 3697//3498 3768//3569 
f 3697//3498 3698//3499 3769//3570 
f 3698//3499 3699//3500 3770//3571 
f 3699//3500 3700//3501 3771//3572 
f 3700//3501 3701//3502 3772//3573 
f 3701//3502 3702//3503 3773//3574 
f 3702//3503 3703//3504 3774//3575 
f 3703//3504 3704//3505 3775//3576 
f 3704//3505 3705//3506 3776//3577 
f 3705//3506 3706//3507 3777//3578 
f 3706//3507 3707//3508 3778//3579 
f 3707//3508 3708//3509 3779//3580 
f 3708//3509 3709//3510 3780//3581 
f 3709//3510 3710//3511 3781//3582 
f 3710//3511 3711//3512 3782//3583 
f 3711//3512 3712//3513 3783//3584 
f 3712//3513 3713//3514 3784//3585 
f 3713//3514 3714//3515 3785//3586 
f 3714//3515 3715//3516 3786//3587 
f 3715//3516 3716//3517 3787//3588 
f 3716//3517 3717//3518 3788//3589 
f 3717//3518 3718//3519 3789//3590 
f 3718//3519 3719//3520 3790//3591 
f 3719//3520 3720//3521 3791//3592 
f 3720//3521 3721//3522 3792//3593 
f 3721//3522 3722//3523 3793//3594 
f 3722//3523 3723//3524 3794//3595 
f 3723//3524 3724//3525 3795//3596 
f 3724//3525 3725//3526 3796//3597 
f 3725//3526 3726//3527 3797//3598 
f 3726//3527 3727//3528 3798//3599 
f 3799//3600 3729//3530 3800//3601 
f 3729//3530 3730//3531 3801//3602 
f 3730//3531 3731//3532 3802//3603 
f 3731//3532 3732//3533 3803//3604 
f 3732//3533 3733//3534 3804//3605 
f 3733//3534 3734//3535 3805//3606 
f 3734//3535 3735//3536 3806//3607 
f 3735//3536 3736//3537 3807//3608 
f 3736//3537 3737//3538 3808//3609 
f 3737//3538 3738//3539 3809//3610 
f 3738//3539 3739//3540 3810//3611 
f 3739//3540 3740//3541 3811//3612 
f 3740//3541 3741//3542 3812//3613 
f 3741//3542 3742//3543 3813//3614 
f 3742//3543 3743//3544 3814//3615 
f 3743//3544 3744//3545 3815//3616 
f 3744//3545 3745//3546 3816//3617 
f 3745//3546 3746//3547 3817//3618 
f 3746//3547 3747//3548 3818//3619 
f 3747//3548 3748//3549 3819//3620 
f 3748//3549 3749//3550 3820//3621 
f 3749//3550 3750//3551 3821//3622 
f 3750//3551 3751//3552 3822//3623 
f 3751//3552 3752//3553 3823//3624 
f 3752//3553 3753//3554 3824//3625 
f 3753//3554 3754//3555 3825//3626 
f 3754//3555 3755//3556 3826//3627 
f 3755//3556 3756//3557 3827//3628 
f 3756//3557 3757//3558 3828//3629 
f 3757//3558 3758//3559 3829//3630 
f 3758//3559 3759//3560 3830//3631 
f 3759//3560 3760//3561 3831//3632 
f 3760//3561 3761//3562 3832//3633 
f 3761//3562 3762//3563 3833//3634 
f 3762//3563 3763//3564 3834//3635 
f 3763//3564 3764//3565 3835//3636 
f 3764//3565 3765//3566 3836//3637 
f 3765//3566 3766//3567 3837//3638 
f 3766//3567 3767//3568 3838//3639 
f 3767//3568 3768//3569 3839//3640 
f 3768//3569 3769//3570 3840//3641 
f 3769//3570 3770//3571 3841//3642 
f 3770//3571 3771//3572 3842//3643 
f 3771//3572 3772//3573 3843//3644 
f 3772//3573 3773//3574 3844//3645 
f 3773//3574 3774//3575 3845//3646 
f 3774//3575 3775//3576 3846//3647 
f 3775//3576 3776//3577 3847//3648 
f 3776//3577 3777//3578 3848//3649 
f 3777//3578 3778//3579 3849//3650 
f 3778//3579 3779//3580 3850//3651 
f 3779//3580 3780//3581 3851//3652 
f 3780//3581 3781//3582 3852//3653 
f 3781//3582 3782//3583 3853//3654 
f 3782//3583 3783//3584 3854//3655 
f 3783//3584 3784//3585 3855//3656 
f 3784//3585 3785//3586 3856//3657 
f 3785//3586 3786//3587 3857//3658 
f 3786//3587 3787//3588 3858//3659 
f 3787//3588 3788//3589 3859//3660 
f 3788//3589 3789//3590 3860//3661 
f 3789//3590 3790//3591 3861//3662 
f 3790//3591 3791//3592 3862//3663 
f 3791//3592 3792//3593 3863//3664 
f 3792//3593 3793//3594 3864//3665 
f 3793//3594 3794//3595 3865//3666 
f 3794//3595 3795//3596 3866//3667 
f 3795//3596 3796//3597 3867//3668 
f 3796//3597 3797//3598 3868//3669 
f 3797//3598 3798//3599 3869//3670 
f 3870//3671 3800//3601 3871//3672 
f 3800//3601 3801//3602 3872//3673 
f 3801//3602 3802//3603 3873//3674 
f 3802//3603 3803//3604 3874//3675 
f 3803//3604 3804//3605 3875//3676 
f 3804//3605 3805//3606 3876//3677 
f 3805//3606 3806//3607 3877//3678 
f 3806//3607 3807//3608 3878//3679 
f 3807//3608 3808//3609 3879//3680 
f 3808//3609 3809//3610 3880//3681 
f 3809//3610 3810//3611 3881//3682 
f 3810//3611 3811//3612 3882//3683 
f 3811//3612 3812//3613 3883//3684 
f 3812//3613 3813//3614 3884//3685 
f 3813//3614 3814//3615 3885//3686 
f 3814//3615 3815//3616 3886//3687 
f 3815//3616 3816//3617 3887//3688 
f 3816//3617 3817//3618 3888//3689 
f 3817//3618 3818//3619 3889//3690 
f 3818//3619 3819//3620 3890//3691 
f 3819//3620 3820//3621 3891//3692 
f 3820//3621 3821//3622 3892//3693 
f 3821//3622 3822//3623 3893//3694 
f 3822//3623 3823//3624 3894//3695 
f 3823//3624 3824//3625 3895//3696 
f 3824//3625 3825//3626 3896//3697 
f 3825//3626 3826//3627 3897//3698 
f 3826//3627 3827//3628 3898//3699 
f 3827//3628 3828//3629 3899//3700 
f 3828//3629 3829//3630 3900//3701 
f 3829//3630 3830//3631 3901//3702 
f 3830//3631 3831//3632 3902//3703 
f 3831//3632 3832//3633 3903//3704 
f 3832//3633 3833//3634 3904//3705 
f 3833//3634 3834//3635 3905//3706 
f 3834//3635 3835//3636 3906//3707 
f 3835//3636 3836//3637 3907//3708 
f 3836//3637 3837//3638 3908//3709 
f 3837//3638 3838//3639 3909//3710 
f 3838//3639 3839//3640 3910//3711 
f 3839//3640 3840//3641 3911//3712 
f 3840//3641 3841//3642 3912//3713 
f 3841//3642 3842//3643 3913//3714 
f 3842//3643 3843//3644 3914//3715 
f 3843//3644 3844//3645 3915//3716 
f 3844//3645 3845//3646 3916//3717 
f 3845//3646 3846//3647 3917//3718 
f 3846//3647 3847//3648 3918//3719 
f 3847//3648 3848//3649 3919//3720 
f 3848//3649 3849//3650 3920//3721 
f 3849//3650 3850//3651 3921//3722 
f 3850//3651 3851//3652 3922//3723 
f 3851//3652 3852//3653 3923//3724 
f 3852//3653 3853//3654 3924//3725 
f 3853//3654 3854//3655 3925//3726 
f 3854//3655 3855//3656 3926//3727 
f 3855//3656 3856//3657 3927//3728 
f 3856//3657 3857//3658 3928//3729 
f 3857//3658 3858//3659 3929//3730 
f 3858//3659 3859//3660 3930//3731 
f 3859//3660 3860//3661 3931//3732 
f 3860//3661 3861//3662 3932//3733 
f 3861//3662 3862//3663 3933//3734 
f 3862//3663 3863//3664 3934//3735 
f 3863//3664 3864//3665 3935//3736 
f 3864//3665 3865//3666 3936//3737 
f 3865//3666 3866//3667 3937//3738 
f 3866//3667 3867//3668 3938//3739 
f 3867//3668 3868//3669 3939//3740 
f 3868//3669 3869//3670 3940//3741 
f 3941//3742 3871//3672 3942//3743 
f 3871//3672 3872//3673 3943//3744 
f 3872//3673 3873//3674 3944//3745 
f 3873//3674 3874//3675 3945//3746 
f 3874//3675 3875//3676 3946//3747 
f 3875//3676 3876//3677 3947//3748 
f 3876//3677 3877//3678 3948//3749 
f 3877//3678 3878//3679 3949//3750 
f 3878//3679 3879//3680 3950//3751 
f 3879//3680 3880//3681 3951//3752 
f 3880//3681 3881//3682 3952//3753 
f 3881//3682 3882//3683 3953//3754 
f 3882//3683 3883//3684 3954//3755 
f 3883//3684 3884//3685 3955//3756 
f 3884//3685 3885//3686 3956//3757 
f 3885//3686 3886//3687 3957//3758 
f 3886//3687 3887//3688 3958//3759 
f 3887//3688 3888//3689 3959//3760 
f 3888//3689 3889//3690 3960//3761 
f 3889//3690 3890//3691 3961//3762 
f 3890//3691 3891//3692 3962//3763 
f 3891//3692 3892//3693 3963//3764 
f 3892//3693 3893//3694 3964//3765 
f 3893//3694 3894//3695 3965//3766 
f 3894//3695 3895//3696 3966//3767 
f 3895//3696 3896//3697 3967//3768 
f 3896//3697 3897//3698 3968//3769 
f 3897//3698 3898//3699 3969//3770 
f 3898//3699 3899//3700 3970//3771 
f 3899//3700 3900//3701 3971//3772 
f 3900//3701 3901//3702 3972//3773 
f 3901//3702 3902//3703 3973//3774 
f 3902//3703 3903//3704 3974//3775 
f 3903//3704 3904//3705 3975//3776 
f 3904//3705 3905//3706 3976//3777 
f 3905//3706 3906//3707 3977//3778 
f 3906//3707 3907//3708 3978//3779 
f 3907//3708 3908//3709 3979//3780 
f 3908//3709 3909//3710 3980//3781 
f 3909//3710 3910//3711 3981//3782 
f 3910//3711 3911//3712 3982//3783 
f 3911//3712 3912//3713 3983//3784 
f 3912//3713 3913//3714 3984//3785 
f 3913//3714 3914//3715 3985//3786 
f 3914//3715 3915//3716 3986//3787 
f 3915//3716 3916//3717 3987//3788 
f 3916//3717 3917//3718 3988//3789 
f 3917//3718 3918//3719 3989//3790 
f 3918//3719 3919//3720 3990//3791 
f 3919//3720 3920//3721 3991//3792 
f 3920//3721 3921//3722 3992//3793 
f 3921//3722 3922//3723 3993//3794 
f 3922//3723 3923//3724 3994//3795 
f 3923//3724 3924//3725 3995//3796 
f 3924//3725 3925//3726 3996//3797 
f 3925//3726 3926//3727 3997//3798 
f 3926//3727 3927//3728 3998//3799 
f 3927//3728 3928//3729 3999//3800 
f 3928//3729 3929//3730 4000//3801 
f 3929//3730 3930//3731 4001//3802 
f 3930//3731 3931//3732 4002//3803 
f 3931//3732 3932//3733 4003//3804 
f 3932//3733 3933//3734 4004//3805 
f 3933//3734 3934//3735 4005//3806 
f 3934//3735 3935//3736 4006//3807 
f 3935//3736 3936//3737 4007//3808 
f 3936//3737 3937//3738 4008//3809 
f 3937//3738 3938//3739 4009//3810 
f 3938//3739 3939//3740 4010//3811 
f 3939//3740 3940//3741 4011//3812 
f 4012//3813 3942//3743 4013//3814 
f 3942//3743 3943//3744 4014//3815 
f 3943//3744 3944//3745 4015//3816 
f 3944//3745 3945//3746 4016//3817 
f 3945//3746 3946//3747 4017//3818 
f 3946//3747 3947//3748 4018//3819 
f 3947//3748 3948//3749 4019//3820 
f 3948//3749 3949//3750 4020//3821 
f 3949//3750 3950//3751 4021//3822 
f 3950//3751 3951//3752 4022//3823 
f 3951//3752 3952//3753 4023//3824 
f 3952//3753 3953//3754 4024//3825 
f 3953//3754 3954//3755 4025//3826 
f 3954//3755 3955//3756 4026//3827 
f 3955//3756 3956//3757 4027//3828 
f 3956//3757 3957//3758 4028//3829 
f 3957//3758 3958//3759 4029//3830 
f 3958//3759 3959//3760 4030//3831 
f 3959//3760 3960//3761 4031//3832 
f 3960//3761 3961//3762 4032//3833 
f 3961//3762 3962//3763 4033//3834 
f 3962//3763 3963//3764 4034//3835 
f 3963//3764 3964//3765 4035//3836 
f 3964//3765 3965//3766 4036//3837 
f 3965//3766 3966//3767 4037//3838 
f 3966//3767 3967//3768 4038//3839 
f 3967//3768 3968//3769 4039//3840 
f 3968//3769 3969//3770 4040//3841 
f 3969//3770 3970//3771 4041//3842 
f 3970//3771 3971//3772 4042//3843 
f 3971//3772 3972//3773 4043//3844 
f 3972//3773 3973//3774 4044//3845 
f 3973//3774 3974//3775 4045//3846 
f 3974//3775 3975//3776 4046//3847 
f 3975//3776 3976//3777 4047//3848 
f 3976//3777 3977//3778 4048//3849 
f 3977//3778 3978//3779 4049//3850 
f 3978//3779 3979//3780 4050//3851 
f 3979//3780 3980//3781 4051//3852 
f 3980//3781 3981//3782 4052//3853 
f 3981//3782 3982//3783 4053//3854 
f 3982//3783 3983//3784 4054//3855 
f 3983//3784 3984//3785 4055//3856 
f 3984//3785 3985//3786 4056//3857 
f 3985//3786 3986//3787 4057//3858 
f 3986//3787 3987//3788 4058//3859 
f 3987//3788 3988//3789 4059//3860 
f 3988//3789 3989//3790 4060//3861 
f 3989//3790 3990//3791 4061//3862 
f 3990//3791 3991//3792 4062//3863 
f 3991//3792 3992//3793 4063//3864 
f 3992//3793 3993//3794 4064//3865 
f 3993//3794 3994//3795 4065//3866 
f 3994//3795 3995//3796 4066//3867 
f 3995//3796 3996//3797 4067//3868 
f 3996//3797 3997//3798 4068//3869 
f 3997//3798 3998//3799 4069//3870 
f 3998//3799 3999//3800 4070//3871 
f 3999//3800 4000//3801 4071//3872 
f 4000//3801 4001//3802 4072//3873 
f 4001//3802 4002//3803 4073//3874 
f 4002//3803 4003//3804 4074//3875 
f 4003//3804 4004//3805 4075//3876 
f 4004//3805 4005//3806 4076//3877 
f 4005//3806 4006//3807 4077//3878 
f 4006//3807 4007//3808 4078//3879 
f 4007//3808 4008//3809 4079//3880 
f 4008//3809 4009//3810 4080//3881 
f 4009//3810 4010//3811 4081//3882 
f 4010//3811 4011//3812 4082//3883 
f 4083//3884 4013//3814 4084//3885 
f 4013//3814 4014//3815 4085//3886 
f 4014//3815 4015//3816 4086//3887 
f 4015//3816 4016//3817 4087//3888 
f 4016//3817 4017//3818 4088//3889 
f 4017//3818 4018//3819 4089//3890 
f 4018//3819 4019//3820 4090//3891 
f 4019//3820 4020//3821 4091//3892 
f 4020//3821 4021//3822 4092//3893 
f 4021//3822 4022//3823 4093//3894 
f 4022//3823 4023//3824 4094//3895 
f 4023//3824 4024//3825 4095//3896 
f 4024//3825 4025//3826 4096//3897 
f 4025//3826 4026//3827 4097//3898 
f 4026//3827 4027//3828 4098//3899 
f 4027//3828 4028//3829 4099//3900 
f 4028//3829 4029//3830 4100//3901 
f 4029//3830 4030//3831 4101//3902 
f 4030//3831 4031//3832 4102//3903 
f 4031//3832 4032//3833 4103//3904 
f 4032//3833 4033//3834 4104//3905 
f 4033//3834 4034//3835 4105//3906 
f 4034//3835 4035//3836 4106//3907 
f 4035//3836 4036//3837 4107//3908 
f 4036//3837 4037//3838 4108//3909 
f 4037//3838 4038//3839 4109//3910 
f 4038//3839 4039//3840 4110//3911 
f 4039//3840 4040//3841 4111//3912 
f 4040//3841 4041//3842 4112//3913 
f 4041//3842 4042//3843 4113//3914 
f 4042//3843 4043//3844 4114//3915 
f 4043//3844 4044//3845 4115//3916 
f 4044//3845 4045//3846 4116//3917 
f 4045//3846 4046//3847 4117//3918 
f 4046//3847 4047//3848 4118//3919 
f 4047//3848 4048//3849 4119//3920 
f 4048//3849 4049//3850 4120//3921 
f 4049//3850 4050//3851 4121//3922 
f 4050//3851 4051//3852 4122//3923 
f 4051//3852 4052//3853 4123//3924 
f 4052//3853 4053//3854 4124//3925 
f 4053//3854 4054//3855 4125//3926 
f 4054//3855 4055//3856 4126//3927 
f 4055//3856 4056//3857 4127//3928 
f 4056//3857 4057//3858 4128//3929 
f 4057//3858 4058//3859 4129//3930 
f 4058//3859 4059//3860 4130//3931 
f 4059//3860 4060//3861 4131//3932 
f 4060//3861 4061//3862 4132//3933 
f 4061//3862 4062//3863 4133//3934 
f 4062//3863 4063//3864 4134//3935 
f 4063//3864 4064//3865 4135//3936 
f 4064//3865 4065//3866 4136//3937 
f 4065//3866 4066//3867 4137//3938 
f 4066//3867 4067//3868 4138//3939 
f 4067//3868 4068//3869 4139//3940 
f 4068//3869 4069//3870 4140//3941 
f 4069//3870 4070//3871 4141//3942 
f 4070//3871 4071//3872 4142//3943 
f 4071//3872 4072//3873 4143//3944 
f 4072//3873 4073//3874 4144//3945 
f 4073//3874 4074//3875 4145//3946 
f 4074//3875 4075//3876 4146//3947 
f 4075//3876 4076//3877 4147//3948 
f 4076//3877 4077//3878 4148//3949 
f 4077//3878 4078//3879 4149//3950 
f 4078//3879 4079//3880 4150//3951 
f 4079//3880 4080//3881 4151//3952 
f 4080//3881 4081//3882 4152//3953 
f 4081//3882 4082//3883 4153//3954 
f 4154//3955 4084//3885 4155//3956 
f 4084//3885 4085//3886 4156//3957 
f 4085//3886 4086//3887 4157//3958 
f 4086//3887 4087//3888 4158//3959 
f 4087//3888 4088//3889 4159//3960 
f 4088//3889 4089//3890 4160//3961 
f 4089//3890 4090//3891 4161//3962 
f 4090//3891 4091//3892 4162//3963 
f 4091//3892 4092//3893 4163//3964 
f 4092//3893 4093//3894 4164//3965 
f 4093//3894 4094//3895 4165//3966 
f 4094//3895 4095//3896 4166//3967 
f 4095//3896 4096//3897 4167//3968 
f 4096//3897 4097//3898 4168//3969 
f 4097//3898 4098//3899 4169//3970 
f 4098//3899 4099//3900 4170//3971 
f 4099//3900 4100//3901 4171//3972 
f 4100//3901 4101//3902 4172//3973 
f 4101//3902 4102//3903 4173//3974 
f 4102//3903 4103//3904 4174//3975 
f 4103//3904 4104//3905 4175//3976 
f 4104//3905 4105//3906 4176//3977 
f 4105//3906 4106//3907 4177//3978 
f 4106//3907 4107//3908 4178//3979 
f 4107//3908 4108//3909 4179//3980 
f 4108//3909 4109//3910 4180//3981 
f 4109//3910 4110//3911 4181//3982 
f 4110//3911 4111//3912 4182//3983 
f 4111//3912 4112//3913 4183//3984 
f 4112//3913 4113//3914 4184//3985 
f 4113//3914 4114//3915 4185//3986 
f 4114//3915 4115//3916 4186//3987 
f 4115//3916 4116//3917 4187//3988 
f 4116//3917 4117//3918 4188//3989 
f 4117//3918 4118//3919 4189//3990 
f 4118//3919 4119//3920 4190//3991 
f 4119//3920 4120//3921 4191//3992 
f 4120//3921 4121//3922 4192//3993 
f 4121//3922 4122//3923 4193//3994 
f 4122//3923 4123//3924 4194//3995 
f 4123//3924 4124//3925 4195//3996 
f 4124//3925 4125//3926 4196//3997 
f 4125//3926 4126//3927 4197//3998 
f 4126//3927 4127//3928 4198//3999 
f 4127//3928 4128//3929 4199//4000 
f 4128//3929 4129//3930 4200//4001 
f 4129//3930 4130//3931 4201//4002 
f 4130//3931 4131//3932 4202//4003 
f 4131//3932 4132//3933 4203//4004 
f 4132//3933 4133//3934 4204//4005 
f 4133//3934 4134//3935 4205//4006 
f 4134//3935 4135//3936 4206//4007 
f 4135//3936 4136//3937 4207//4008 
f 4136//3937 4137//3938 4208//4009 
f 4137//3938 4138//3939 4209//4010 
f 4138//3939 4139//3940 4210//4011 
f 4139//3940 4140//3941 4211//4012 
f 4140//3941 4141//3942 4212//4013 
f 4141//3942 4142//3943 4213//4014 
f 4142//3943 4143//3944 4214//4015 
f 4143//3944 4144//3945 4215//4016 
f 4144//3945 4145//3946 4216//4017 
f 4145//3946 4146//3947 4217//4018 
f 4146//3947 4147//3948 4218//4019 
f 4147//3948 4148//3949 4219//4020 
f 4148//3949 4149//3950 4220//4021 
f 4149//3950 4150//3951 4221//4022 
f 4150//3951 4151//3952 4222//4023 
f 4151//3952 4152//3953 4223//4024 
f 4152//3953 4153//3954 4224//4025 
f 4225//4026 4155//3956 2111//4027 
f 4156//3957 2112//4027 2113//4028 
f 2113//4028 4155//3956 4156//3957 
f 4157//3958 2114//4027 2115//4029 
f 2115//4029 4156//3957 4157//3958 
f 4157//3958 4158//3959 2116//4030 
f 4158//3959 2117//4031 2116//4030 
f 4158//3959 4159//3960 2118//4032 
f 4159//3960 2119//4031 2118//4032 
f 4159//3960 4160//3961 2120//4031 
f 4161//3962 2121//4031 2122//4033 
f 2122//4033 4160//3961 4161//3962 
f 4162//3963 2123//4034 2124//4035 
f 2124//4035 4161//3962 4162//3963 
f 4162//3963 4163//3964 2125//4036 
f 4163//3964 2126//4037 2125//4036 
f 4163//3964 4164//3965 2127//4038 
f 4164//3965 2128//4037 2127//4038 
f 4164//3965 4165//3966 2129//4037 
f 4166//3967 2130//4037 2131//4039 
f 2131//4039 4165//3966 4166//3967 
f 4167//3968 2132//4040 2133//4041 
f 2133//4041 4166//3967 4167//3968 
f 4167//3968 4168//3969 2134//4042 
f 4168//3969 2135//4043 2134//4042 
f 4168//3969 4169//3970 2136//4044 
f 4169//3970 2137//4043 2136//4044 
f 4169//3970 4170//3971 2138//4043 
f 4171//3972 2139//4043 2140//4045 
f 2140//4045 4170//3971 4171//3972 
f 4172//3973 2141//4046 2142//4047 
f 2142//4047 4171//3972 4172//3973 
f 4172//3973 4173//3974 2143//4048 
f 4173//3974 2144//4049 2143//4048 
f 4173//3974 4174//3975 2145//4050 
f 4174//3975 2146//4049 2145//4050 
f 4174//3975 4175//3976 2147//4049 
f 4176//3977 2148//4049 2149//4051 
f 2149//4051 4175//3976 4176//3977 
f 4177//3978 2150//4052 2151//4053 
f 2151//4053 4176//3977 4177//3978 
f 4177//3978 4178//3979 2152//4054 
f 4178//3979 2153//4055 2152//4054 
f 4178//3979 4179//3980 2154//4056 
f 4179//3980 2155//4055 2154//4056 
f 4179//3980 4180//3981 2156//4055 
f 4181//3982 2157//4055 2158//4057 
f 2158//4057 4180//3981 4181//3982 
f 4182//3983 2159//4058 2160//4059 
f 2160//4059 4181//3982 4182//3983 
f 4182//3983 4183//3984 2161//4060 
f 4183//3984 2162//4061 2161//4060 
f 4183//3984 4184//3985 2163//4062 
f 4184//3985 2164//4061 2163//4062 
f 4184//3985 4185//3986 2165//4061 
f 4186//3987 2166//4061 2167//4063 
f 2167//4063 4185//3986 4186//3987 
f 4187//3988 2168//4064 2169//4065 
f 2169//4065 4186//3987 4187//3988 
f 4187//3988 4188//3989 2170//4066 
f 4188//3989 2171//4067 2170//4066 
f 4188//3989 4189//3990 2172//4067 
f 4189//3990 4190//3991 2173//4067 
f 4191//3992 2174//4067 2175//4068 
f 2175//4068 4190//3991 4191//3992 
f 4191//3992 4192//3993 2176//4069 
f 4192//3993 2177//4070 2176//4069 
f 4192//3993 4193//3994 2178//4071 
f 4193//3994 2179//4070 2178//4071 
f 4193//3994 4194//3995 2180//4070 
f 4195//3996 2181//4070 2182//4072 
f 2182//4072 4194//3995 4195//3996 
f 4196//3997 2183//4073 2184//4074 
f 2184//4074 4195//3996 4196//3997 
f 4196//3997 4197//3998 2185//4075 
f 4197//3998 2186//4076 2185//4075 
f 4197//3998 4198//3999 2187//4077 
f 4198//3999 2188//4076 2187//4077 
f 4198//3999 4199//4000 2189//4076 
f 4200//4001 2190//4076 2191//4078 
f 2191//4078 4199//4000 4200//4001 
f 4201//4002 2192//4079 2193//4080 
f 2193//4080 4200//4001 4201//4002 
f 4201//4002 4202//4003 2194//4081 
f 4202//4003 2195//4082 2194//4081 
f 4202//4003 4203//4004 2196//4083 
f 4203//4004 2197//4082 2196//4083 
f 4203//4004 4204//4005 2198//4082 
f 4205//4006 2199//4082 2200//4084 
f 2200//4084 4204//4005 4205//4006 
f 4206//4007 2201//4085 2202//4086 
f 2202//4086 4205//4006 4206//4007 
f 4206//4007 4207//4008 2203//4087 
f 4207//4008 2204//4088 2203//4087 
f 4207//4008 4208//4009 2205//4089 
f 4208//4009 2206//4088 2205//4089 
f 4208//4009 4209//4010 2207//4088 
f 4210//4011 2208//4088 2209//4090 
f 2209//4090 4209//4010 4210//4011 
f 4211//4012 2210//4091 2211//4092 
f 2211//4092 4210//4011 4211//4012 
f 4211//4012 4212//4013 2212//4093 
f 4212//4013 2213//4094 2212//4093 
f 4212//4013 4213//4014 2214//4095 
f 4213//4014 2215//4094 2214//4095 
f 4213//4014 4214//4015 2216//4094 
f 4215//4016 2217//4094 2218//4096 
f 2218//4096 4214//4015 4215//4016 
f 4216//4017 2219//4097 2220//4098 
f 2220//4098 4215//4016 4216//4017 
f 4216//4017 4217//4018 2221//4099 
f 4217//4018 2222//4100 2221//4099 
f 4217//4018 4218//4019 2223//4101 
f 4218//4019 2224//4100 2223//4101 
f 4218//4019 4219//4020 2225//4100 
f 4220//4021 2226//4100 2227//4102 
f 2227//4102 4219//4020 4220//4021 
f 4221//4022 2228//4103 2229//4104 
f 2229//4104 4220//4021 4221//4022 
f 4221//4022 4222//4023 2230//4105 
f 4222//4023 2231//4106 2230//4105 
f 4222//4023 4223//4024 2232//4107 
f 4223//4024 2233//4106 2232//4107 
f 4223//4024 4224//4025 2234//4106 
f 2308//2107 2110//4108 1922//4108 
f 1922//4108 1892//4109 2308//2107 
f 2378//2179 2308//2107 1875//4110 
f 2449//2250 2378//2179 1874//4111 
f 1874//4111 1870//4112 2449//2250 
f 2520//2321 2449//2250 1863//4113 
f 1863//4113 1862//4114 2520//2321 
f 2591//2392 2520//2321 1876//4115 
f 1876//4115 1877//4116 2591//2392 
f 2662//2463 2591//2392 1865//4117 
f 1865//4117 1864//4118 2662//2463 
f 2733//2534 2662//2463 1867//4119 
f 1867//4119 1866//4120 2733//2534 
f 2804//2605 2733//2534 1878//4121 
f 1878//4121 1881//4122 2804//2605 
f 2875//2676 2804//2605 1869//4123 
f 2946//2747 2875//2676 1868//4124 
f 1868//4124 1871//4125 2946//2747 
f 3017//2818 2946//2747 1873//4126 
f 1873//4126 1872//4127 3017//2818 
f 3088//2889 3017//2818 1907//4128 
f 3159//2960 1879//4129 1882//4130 
f 3159//2960 3088//2889 1880//4131 
f 1880//4131 1879//4129 3159//2960 
f 3230//3031 3159//2960 1884//4132 
f 1884//4132 1883//4133 3230//3031 
f 1908//4134 1894//4135 3301//3102 
f 3230//3031 1909//4136 1908//4134 
f 3301//3102 1893//4137 1896//4138 
f 3301//3102 1894//4135 1893//4137 
f 3372//3173 1895//4139 1919//4140 
f 3372//3173 1896//4138 1895//4139 
f 3443//3244 1918//4141 1910//4142 
f 3443//3244 1919//4140 1918//4141 
f 3514//3315 1897//4143 1900//4144 
f 3514//3315 1898//4145 1897//4143 
f 3514//3315 1910//4142 1898//4145 
f 3585//3386 1899//4146 1921//4147 
f 3585//3386 1900//4144 1899//4146 
f 3656//3457 1920//4148 1902//4149 
f 3656//3457 1921//4147 1920//4148 
f 3727//3528 1911//4150 1913//4151 
f 3727//3528 1901//4152 1911//4150 
f 3727//3528 1902//4149 1901//4152 
f 3798//3599 1912//4153 1915//4154 
f 3798//3599 1913//4151 1912//4153 
f 3869//3670 1914//4155 1903//4156 
f 3869//3670 1915//4154 1914//4155 
f 3940//3741 1885//4157 1905//4158 
f 3940//3741 1886//4159 1885//4157 
f 3940//3741 1903//4156 1886//4159 
f 4011//3812 1904//4160 1917//4161 
f 4011//3812 1905//4158 1904//4160 
f 4082//3883 1916//4162 1888//4163 
f 4082//3883 1917//4161 1916//4162 
f 4153//3954 1889//4164 1906//4165 
f 4153//3954 1887//4166 1889//4164 
f 4153//3954 1888//4163 1887//4166 
f 1891//4167 1890//4168 2235//4169 
f 4224//4025 1906//4165 1891//4167 
f 2235//4169 4224//4025 1891//4167 
f 1953//4170 4225//4026 2236//4171 
f 2236//4171 1983//4172 1953//4170 
f 4225//4026 2237//4172 2236//4171 
f 4154//3955 4225//4026 1945//4173 
f 1945//4173 1944//4174 4154//3955 
f 1944//4174 1954//4175 4154//3955 
f 4083//3884 4154//3955 1936//4176 
f 1936//4176 1935//4177 4083//3884 
f 4012//3813 4083//3884 1967//4178 
f 1967//4178 1966//4179 4012//3813 
f 3941//3742 4012//3813 1956//4180 
f 1956//4180 1955//4181 3941//3742 
f 1955//4181 1957//4182 3941//3742 
f 3870//3671 3941//3742 1947//4183 
f 1947//4183 1946//4184 3870//3671 
f 3799//3600 3870//3671 1969//4185 
f 1969//4185 1968//4186 3799//3600 
f 3728//3529 3799//3600 1971//4187 
f 1971//4187 1970//4188 3728//3529 
f 1970//4188 1972//4189 3728//3529 
f 3657//3458 3728//3529 1959//4190 
f 1959//4190 1958//4191 3657//3458 
f 3586//3387 3657//3458 1980//4192 
f 1980//4192 1979//4193 3586//3387 
f 3515//3316 3586//3387 1974//4194 
f 1974//4194 1973//4195 3515//3316 
f 1973//4195 1975//4196 3515//3316 
f 3444//3245 3515//3316 1960//4197 
f 1960//4197 1948//4198 3444//3245 
f 3373//3174 3444//3245 1982//4199 
f 1982//4199 1981//4200 3373//3174 
f 3302//3103 3373//3174 1962//4201 
f 1962//4201 1961//4202 3302//3103 
f 1963//4203 3231//3032 3302//3103 
f 3302//3103 1964//4204 1963//4203 
f 3231//3032 1976//4205 1950//4206 
f 3231//3032 1977//4207 1976//4205 
f 3160//2961 1951//4208 1938//4209 
f 3160//2961 1950//4206 1949//4210 
f 1949//4210 1951//4208 3160//2961 
f 3089//2890 1938//4209 1937//4211 
f 3018//2819 1978//4212 1932//4213 
f 3018//2819 1937//4211 1978//4212 
f 2947//2748 1931//4214 1933//4215 
f 2947//2748 1932//4213 1931//4214 
f 2876//2677 1933//4215 1924//4216 
f 2805//2606 1923//4217 1952//4218 
f 2805//2606 1924//4216 1923//4217 
f 2734//2535 1939//4219 1926//4220 
f 2734//2535 1952//4218 1939//4219 
f 2663//2464 1925//4221 1928//4222 
f 2663//2464 1926//4220 1925//4221 
f 2592//2393 1927//4223 1940//4224 
f 2592//2393 1928//4222 1927//4223 
f 2521//2322 1941//4225 1930//4226 
f 2521//2322 1940//4224 1941//4225 
f 2450//2251 1929//4227 1934//4228 
f 2450//2251 1930//4226 1929//4227 
f 2379//2180 1934//4228 1943//4229 
f 2238//1940 1942//4230 1965//4231 
f 2238//1940 1943//4229 1942//4230 
f 1965//4231 1985//1941 2238//1940 
f 1943//4229 2238//1940 2379//2180 
f 1934//4228 2379//2180 2450//2251 
f 1930//4226 2450//2251 2521//2322 
f 1940//4224 2521//2322 2592//2393 
f 1928//4222 2592//2393 2663//2464 
f 1926//4220 2663//2464 2734//2535 
f 1952//4218 2734//2535 2805//2606 
f 1924//4216 2805//2606 2876//2677 
f 1933//4215 2876//2677 2947//2748 
f 1932//4213 2947//2748 3018//2819 
f 1937//4211 3018//2819 3089//2890 
f 1938//4209 3089//2890 3160//2961 
f 1950//4206 3160//2961 3231//3032 
f 1963//4203 1977//4207 3231//3032 
f 1961//4202 1964//4204 3302//3103 
f 1981//4200 1962//4201 3373//3174 
f 1948//4198 1982//4199 3444//3245 
f 1975//4196 1960//4197 3515//3316 
f 1979//4193 1974//4194 3586//3387 
f 1958//4191 1980//4192 3657//3458 
f 1972//4189 1959//4190 3728//3529 
f 1968//4186 1971//4187 3799//3600 
f 1946//4184 1969//4185 3870//3671 
f 1957//4182 1947//4183 3941//3742 
f 1966//4179 1956//4180 4012//3813 
f 1935//4177 1967//4178 4083//3884 
f 1954//4175 1936//4176 4154//3955 
f 1953//4170 1945//4173 4225//4026 
f 2235//4169 2234//4106 4224//4025 
f 1906//4165 4224//4025 4153//3954 
f 1888//4163 4153//3954 4082//3883 
f 1917//4161 4082//3883 4011//3812 
f 1905//4158 4011//3812 3940//3741 
f 1903//4156 3940//3741 3869//3670 
f 1915//4154 3869//3670 3798//3599 
f 1913//4151 3798//3599 3727//3528 
f 1902//4149 3727//3528 3656//3457 
f 1921//4147 3656//3457 3585//3386 
f 1900//4144 3585//3386 3514//3315 
f 1910//4142 3514//3315 3443//3244 
f 1919//4140 3443//3244 3372//3173 
f 1896//4138 3372//3173 3301//3102 
f 3301//3102 3230//3031 1908//4134 
f 1883//4133 1909//4136 3230//3031 
f 1882//4130 1884//4132 3159//2960 
f 1907//4128 1880//4131 3088//2889 
f 1872//4127 1907//4128 3017//2818 
f 1871//4125 1873//4126 2946//2747 
f 1869//4123 1868//4124 2875//2676 
f 1881//4122 1869//4123 2804//2605 
f 1866//4120 1878//4121 2733//2534 
f 1864//4118 1867//4119 2662//2463 
f 1877//4116 1865//4117 2591//2392 
f 1862//4114 1876//4115 2520//2321 
f 1870//4112 1863//4113 2449//2250 
f 1875//4110 1874//4111 2378//2179 
f 1892//4109 1875//4110 2308//2107 
f 2234//4106 2233//4106 4223//4024 
f 2232//4107 2231//4106 4222//4023 
f 2230//4105 2228//4103 4221//4022 
f 2229//4104 2226//4100 4220//4021 
f 2227//4102 2225//4100 4219//4020 
f 2225//4100 2224//4100 4218//4019 
f 2223//4101 2222//4100 4217//4018 
f 2221//4099 2219//4097 4216//4017 
f 2220//4098 2217//4094 4215//4016 
f 2218//4096 2216//4094 4214//4015 
f 2216//4094 2215//4094 4213//4014 
f 2214//4095 2213//4094 4212//4013 
f 2212//4093 2210//4091 4211//4012 
f 2211//4092 2208//4088 4210//4011 
f 2209//4090 2207//4088 4209//4010 
f 2207//4088 2206//4088 4208//4009 
f 2205//4089 2204//4088 4207//4008 
f 2203//4087 2201//4085 4206//4007 
f 2202//4086 2199//4082 4205//4006 
f 2200//4084 2198//4082 4204//4005 
f 2198//4082 2197//4082 4203//4004 
f 2196//4083 2195//4082 4202//4003 
f 2194//4081 2192//4079 4201//4002 
f 2193//4080 2190//4076 4200//4001 
f 2191//4078 2189//4076 4199//4000 
f 2189//4076 2188//4076 4198//3999 
f 2187//4077 2186//4076 4197//3998 
f 2185//4075 2183//4073 4196//3997 
f 2184//4074 2181//4070 4195//3996 
f 2182//4072 2180//4070 4194//3995 
f 2180//4070 2179//4070 4193//3994 
f 2178//4071 2177//4070 4192//3993 
f 2176//4069 2174//4067 4191//3992 
f 2175//4068 2173//4067 4190//3991 
f 2173//4067 2172//4067 4189//3990 
f 2172//4067 2171//4067 4188//3989 
f 2170//4066 2168//4064 4187//3988 
f 2169//4065 2166//4061 4186//3987 
f 2167//4063 2165//4061 4185//3986 
f 2165//4061 2164//4061 4184//3985 
f 2163//4062 2162//4061 4183//3984 
f 2161//4060 2159//4058 4182//3983 
f 2160//4059 2157//4055 4181//3982 
f 2158//4057 2156//4055 4180//3981 
f 2156//4055 2155//4055 4179//3980 
f 2154//4056 2153//4055 4178//3979 
f 2152//4054 2150//4052 4177//3978 
f 2151//4053 2148//4049 4176//3977 
f 2149//4051 2147//4049 4175//3976 
f 2147//4049 2146//4049 4174//3975 
f 2145//4050 2144//4049 4173//3974 
f 2143//4048 2141//4046 4172//3973 
f 2142//4047 2139//4043 4171//3972 
f 2140//4045 2138//4043 4170//3971 
f 2138//4043 2137//4043 4169//3970 
f 2136//4044 2135//4043 4168//3969 
f 2134//4042 2132//4040 4167//3968 
f 2133//4041 2130//4037 4166//3967 
f 2131//4039 2129//4037 4165//3966 
f 2129//4037 2128//4037 4164//3965 
f 2127//4038 2126//4037 4163//3964 
f 2125//4036 2123//4034 4162//3963 
f 2124//4035 2121//4031 4161//3962 
f 2122//4033 2120//4031 4160//3961 
f 2120//4031 2119//4031 4159//3960 
f 2118//4032 2117//4031 4158//3959 
f 2116//4030 2114//4027 4157//3958 
f 2115//4029 2112//4027 4156//3957 
f 2113//4028 2111//4027 4155//3956 
f 2111//4027 2237//4172 4225//4026 
f 4224//4025 4223//4024 4152//3953 
f 4223//4024 4222//4023 4151//3952 
f 4222//4023 4221//4022 4150//3951 
f 4221//4022 4220//4021 4149//3950 
f 4220//4021 4219//4020 4148//3949 
f 4219//4020 4218//4019 4147//3948 
f 4218//4019 4217//4018 4146//3947 
f 4217//4018 4216//4017 4145//3946 
f 4216//4017 4215//4016 4144//3945 
f 4215//4016 4214//4015 4143//3944 
f 4214//4015 4213//4014 4142//3943 
f 4213//4014 4212//4013 4141//3942 
f 4212//4013 4211//4012 4140//3941 
f 4211//4012 4210//4011 4139//3940 
f 4210//4011 4209//4010 4138//3939 
f 4209//4010 4208//4009 4137//3938 
f 4208//4009 4207//4008 4136//3937 
f 4207//4008 4206//4007 4135//3936 
f 4206//4007 4205//4006 4134//3935 
f 4205//4006 4204//4005 4133//3934 
f 4204//4005 4203//4004 4132//3933 
f 4203//4004 4202//4003 4131//3932 
f 4202//4003 4201//4002 4130//3931 
f 4201//4002 4200//4001 4129//3930 
f 4200//4001 4199//4000 4128//3929 
f 4199//4000 4198//3999 4127//3928 
f 4198//3999 4197//3998 4126//3927 
f 4197//3998 4196//3997 4125//3926 
f 4196//3997 4195//3996 4124//3925 
f 4195//3996 4194//3995 4123//3924 
f 4194//3995 4193//3994 4122//3923 
f 4193//3994 4192//3993 4121//3922 
f 4192//3993 4191//3992 4120//3921 
f 4191//3992 4190//3991 4119//3920 
f 4190//3991 4189//3990 4118//3919 
f 4189//3990 4188//3989 4117//3918 
f 4188//3989 4187//3988 4116//3917 
f 4187//3988 4186//3987 4115//3916 
f 4186//3987 4185//3986 4114//3915 
f 4185//3986 4184//3985 4113//3914 
f 4184//3985 4183//3984 4112//3913 
f 4183//3984 4182//3983 4111//3912 
f 4182//3983 4181//3982 4110//3911 
f 4181//3982 4180//3981 4109//3910 
f 4180//3981 4179//3980 4108//3909 
f 4179//3980 4178//3979 4107//3908 
f 4178//3979 4177//3978 4106//3907 
f 4177//3978 4176//3977 4105//3906 
f 4176//3977 4175//3976 4104//3905 
f 4175//3976 4174//3975 4103//3904 
f 4174//3975 4173//3974 4102//3903 
f 4173//3974 4172//3973 4101//3902 
f 4172//3973 4171//3972 4100//3901 
f 4171//3972 4170//3971 4099//3900 
f 4170//3971 4169//3970 4098//3899 
f 4169//3970 4168//3969 4097//3898 
f 4168//3969 4167//3968 4096//3897 
f 4167//3968 4166//3967 4095//3896 
f 4166//3967 4165//3966 4094//3895 
f 4165//3966 4164//3965 4093//3894 
f 4164//3965 4163//3964 4092//3893 
f 4163//3964 4162//3963 4091//3892 
f 4162//3963 4161//3962 4090//3891 
f 4161//3962 4160//3961 4089//3890 
f 4160//3961 4159//3960 4088//3889 
f 4159//3960 4158//3959 4087//3888 
f 4158//3959 4157//3958 4086//3887 
f 4157//3958 4156//3957 4085//3886 
f 4156//3957 4155//3956 4084//3885 
f 4155//3956 4225//4026 4154//3955 
f 4153//3954 4152//3953 4081//3882 
f 4152//3953 4151//3952 4080//3881 
f 4151//3952 4150//3951 4079//3880 
f 4150//3951 4149//3950 4078//3879 
f 4149//3950 4148//3949 4077//3878 
f 4148//3949 4147//3948 4076//3877 
f 4147//3948 4146//3947 4075//3876 
f 4146//3947 4145//3946 4074//3875 
f 4145//3946 4144//3945 4073//3874 
f 4144//3945 4143//3944 4072//3873 
f 4143//3944 4142//3943 4071//3872 
f 4142//3943 4141//3942 4070//3871 
f 4141//3942 4140//3941 4069//3870 
f 4140//3941 4139//3940 4068//3869 
f 4139//3940 4138//3939 4067//3868 
f 4138//3939 4137//3938 4066//3867 
f 4137//3938 4136//3937 4065//3866 
f 4136//3937 4135//3936 4064//3865 
f 4135//3936 4134//3935 4063//3864 
f 4134//3935 4133//3934 4062//3863 
f 4133//3934 4132//3933 4061//3862 
f 4132//3933 4131//3932 4060//3861 
f 4131//3932 4130//3931 4059//3860 
f 4130//3931 4129//3930 4058//3859 
f 4129//3930 4128//3929 4057//3858 
f 4128//3929 4127//3928 4056//3857 
f 4127//3928 4126//3927 4055//3856 
f 4126//3927 4125//3926 4054//3855 
f 4125//3926 4124//3925 4053//3854 
f 4124//3925 4123//3924 4052//3853 
f 4123//3924 4122//3923 4051//3852 
f 4122//3923 4121//3922 4050//3851 
f 4121//3922 4120//3921 4049//3850 
f 4120//3921 4119//3920 4048//3849 
f 4119//3920 4118//3919 4047//3848 
f 4118//3919 4117//3918 4046//3847 
f 4117//3918 4116//3917 4045//3846 
f 4116//3917 4115//3916 4044//3845 
f 4115//3916 4114//3915 4043//3844 
f 4114//3915 4113//3914 4042//3843 
f 4113//3914 4112//3913 4041//3842 
f 4112//3913 4111//3912 4040//3841 
f 4111//3912 4110//3911 4039//3840 
f 4110//3911 4109//3910 4038//3839 
f 4109//3910 4108//3909 4037//3838 
f 4108//3909 4107//3908 4036//3837 
f 4107//3908 4106//3907 4035//3836 
f 4106//3907 4105//3906 4034//3835 
f 4105//3906 4104//3905 4033//3834 
f 4104//3905 4103//3904 4032//3833 
f 4103//3904 4102//3903 4031//3832 
f 4102//3903 4101//3902 4030//3831 
f 4101//3902 4100//3901 4029//3830 
f 4100//3901 4099//3900 4028//3829 
f 4099//3900 4098//3899 4027//3828 
f 4098//3899 4097//3898 4026//3827 
f 4097//3898 4096//3897 4025//3826 
f 4096//3897 4095//3896 4024//3825 
f 4095//3896 4094//3895 4023//3824 
f 4094//3895 4093//3894 4022//3823 
f 4093//3894 4092//3893 4021//3822 
f 4092//3893 4091//3892 4020//3821 
f 4091//3892 4090//3891 4019//3820 
f 4090//3891 4089//3890 4018//3819 
f 4089//3890 4088//3889 4017//3818 
f 4088//3889 4087//3888 4016//3817 
f 4087//3888 4086//3887 4015//3816 
f 4086//3887 4085//3886 4014//3815 
f 4085//3886 4084//3885 4013//3814 
f 4084//3885 4154//3955 4083//3884 
f 4082//3883 4081//3882 4010//3811 
f 4081//3882 4080//3881 4009//3810 
f 4080//3881 4079//3880 4008//3809 
f 4079//3880 4078//3879 4007//3808 
f 4078//3879 4077//3878 4006//3807 
f 4077//3878 4076//3877 4005//3806 
f 4076//3877 4075//3876 4004//3805 
f 4075//3876 4074//3875 4003//3804 
f 4074//3875 4073//3874 4002//3803 
f 4073//3874 4072//3873 4001//3802 
f 4072//3873 4071//3872 4000//3801 
f 4071//3872 4070//3871 3999//3800 
f 4070//3871 4069//3870 3998//3799 
f 4069//3870 4068//3869 3997//3798 
f 4068//3869 4067//3868 3996//3797 
f 4067//3868 4066//3867 3995//3796 
f 4066//3867 4065//3866 3994//3795 
f 4065//3866 4064//3865 3993//3794 
f 4064//3865 4063//3864 3992//3793 
f 4063//3864 4062//3863 3991//3792 
f 4062//3863 4061//3862 3990//3791 
f 4061//3862 4060//3861 3989//3790 
f 4060//3861 4059//3860 3988//3789 
f 4059//3860 4058//3859 3987//3788 
f 4058//3859 4057//3858 3986//3787 
f 4057//3858 4056//3857 3985//3786 
f 4056//3857 4055//3856 3984//3785 
f 4055//3856 4054//3855 3983//3784 
f 4054//3855 4053//3854 3982//3783 
f 4053//3854 4052//3853 3981//3782 
f 4052//3853 4051//3852 3980//3781 
f 4051//3852 4050//3851 3979//3780 
f 4050//3851 4049//3850 3978//3779 
f 4049//3850 4048//3849 3977//3778 
f 4048//3849 4047//3848 3976//3777 
f 4047//3848 4046//3847 3975//3776 
f 4046//3847 4045//3846 3974//3775 
f 4045//3846 4044//3845 3973//3774 
f 4044//3845 4043//3844 3972//3773 
f 4043//3844 4042//3843 3971//3772 
f 4042//3843 4041//3842 3970//3771 
f 4041//3842 4040//3841 3969//3770 
f 4040//3841 4039//3840 3968//3769 
f 4039//3840 4038//3839 3967//3768 
f 4038//3839 4037//3838 3966//3767 
f 4037//3838 4036//3837 3965//3766 
f 4036//3837 4035//3836 3964//3765 
f 4035//3836 4034//3835 3963//3764 
f 4034//3835 4033//3834 3962//3763 
f 4033//3834 4032//3833 3961//3762 
f 4032//3833 4031//3832 3960//3761 
f 4031//3832 4030//3831 3959//3760 
f 4030//3831 4029//3830 3958//3759 
f 4029//3830 4028//3829 3957//3758 
f 4028//3829 4027//3828 3956//3757 
f 4027//3828 4026//3827 3955//3756 
f 4026//3827 4025//3826 3954//3755 
f 4025//3826 4024//3825 3953//3754 
f 4024//3825 4023//3824 3952//3753 
f 4023//3824 4022//3823 3951//3752 
f 4022//3823 4021//3822 3950//3751 
f 4021//3822 4020//3821 3949//3750 
f 4020//3821 4019//3820 3948//3749 
f 4019//3820 4018//3819 3947//3748 
f 4018//3819 4017//3818 3946//3747 
f 4017//3818 4016//3817 3945//3746 
f 4016//3817 4015//3816 3944//3745 
f 4015//3816 4014//3815 3943//3744 
f 4014//3815 4013//3814 3942//3743 
f 4013//3814 4083//3884 4012//3813 
f 4011//3812 4010//3811 3939//3740 
f 4010//3811 4009//3810 3938//3739 
f 4009//3810 4008//3809 3937//3738 
f 4008//3809 4007//3808 3936//3737 
f 4007//3808 4006//3807 3935//3736 
f 4006//3807 4005//3806 3934//3735 
f 4005//3806 4004//3805 3933//3734 
f 4004//3805 4003//3804 3932//3733 
f 4003//3804 4002//3803 3931//3732 
f 4002//3803 4001//3802 3930//3731 
f 4001//3802 4000//3801 3929//3730 
f 4000//3801 3999//3800 3928//3729 
f 3999//3800 3998//3799 3927//3728 
f 3998//3799 3997//3798 3926//3727 
f 3997//3798 3996//3797 3925//3726 
f 3996//3797 3995//3796 3924//3725 
f 3995//3796 3994//3795 3923//3724 
f 3994//3795 3993//3794 3922//3723 
f 3993//3794 3992//3793 3921//3722 
f 3992//3793 3991//3792 3920//3721 
f 3991//3792 3990//3791 3919//3720 
f 3990//3791 3989//3790 3918//3719 
f 3989//3790 3988//3789 3917//3718 
f 3988//3789 3987//3788 3916//3717 
f 3987//3788 3986//3787 3915//3716 
f 3986//3787 3985//3786 3914//3715 
f 3985//3786 3984//3785 3913//3714 
f 3984//3785 3983//3784 3912//3713 
f 3983//3784 3982//3783 3911//3712 
f 3982//3783 3981//3782 3910//3711 
f 3981//3782 3980//3781 3909//3710 
f 3980//3781 3979//3780 3908//3709 
f 3979//3780 3978//3779 3907//3708 
f 3978//3779 3977//3778 3906//3707 
f 3977//3778 3976//3777 3905//3706 
f 3976//3777 3975//3776 3904//3705 
f 3975//3776 3974//3775 3903//3704 
f 3974//3775 3973//3774 3902//3703 
f 3973//3774 3972//3773 3901//3702 
f 3972//3773 3971//3772 3900//3701 
f 3971//3772 3970//3771 3899//3700 
f 3970//3771 3969//3770 3898//3699 
f 3969//3770 3968//3769 3897//3698 
f 3968//3769 3967//3768 3896//3697 
f 3967//3768 3966//3767 3895//3696 
f 3966//3767 3965//3766 3894//3695 
f 3965//3766 3964//3765 3893//3694 
f 3964//3765 3963//3764 3892//3693 
f 3963//3764 3962//3763 3891//3692 
f 3962//3763 3961//3762 3890//3691 
f 3961//3762 3960//3761 3889//3690 
f 3960//3761 3959//3760 3888//3689 
f 3959//3760 3958//3759 3887//3688 
f 3958//3759 3957//3758 3886//3687 
f 3957//3758 3956//3757 3885//3686 
f 3956//3757 3955//3756 3884//3685 
f 3955//3756 3954//3755 3883//3684 
f 3954//3755 3953//3754 3882//3683 
f 3953//3754 3952//3753 3881//3682 
f 3952//3753 3951//3752 3880//3681 
f 3951//3752 3950//3751 3879//3680 
f 3950//3751 3949//3750 3878//3679 
f 3949//3750 3948//3749 3877//3678 
f 3948//3749 3947//3748 3876//3677 
f 3947//3748 3946//3747 3875//3676 
f 3946//3747 3945//3746 3874//3675 
f 3945//3746 3944//3745 3873//3674 
f 3944//3745 3943//3744 3872//3673 
f 3943//3744 3942//3743 3871//3672 
f 3942//3743 4012//3813 3941//3742 
f 3940//3741 3939//3740 3868//3669 
f 3939//3740 3938//3739 3867//3668 
f 3938//3739 3937//3738 3866//3667 
f 3937//3738 3936//3737 3865//3666 
f 3936//3737 3935//3736 3864//3665 
f 3935//3736 3934//3735 3863//3664 
f 3934//3735 3933//3734 3862//3663 
f 3933//3734 3932//3733 3861//3662 
f 3932//3733 3931//3732 3860//3661 
f 3931//3732 3930//3731 3859//3660 
f 3930//3731 3929//3730 3858//3659 
f 3929//3730 3928//3729 3857//3658 
f 3928//3729 3927//3728 3856//3657 
f 3927//3728 3926//3727 3855//3656 
f 3926//3727 3925//3726 3854//3655 
f 3925//3726 3924//3725 3853//3654 
f 3924//3725 3923//3724 3852//3653 
f 3923//3724 3922//3723 3851//3652 
f 3922//3723 3921//3722 3850//3651 
f 3921//3722 3920//3721 3849//3650 
f 3920//3721 3919//3720 3848//3649 
f 3919//3720 3918//3719 3847//3648 
f 3918//3719 3917//3718 3846//3647 
f 3917//3718 3916//3717 3845//3646 
f 3916//3717 3915//3716 3844//3645 
f 3915//3716 3914//3715 3843//3644 
f 3914//3715 3913//3714 3842//3643 
f 3913//3714 3912//3713 3841//3642 
f 3912//3713 3911//3712 3840//3641 
f 3911//3712 3910//3711 3839//3640 
f 3910//3711 3909//3710 3838//3639 
f 3909//3710 3908//3709 3837//3638 
f 3908//3709 3907//3708 3836//3637 
f 3907//3708 3906//3707 3835//3636 
f 3906//3707 3905//3706 3834//3635 
f 3905//3706 3904//3705 3833//3634 
f 3904//3705 3903//3704 3832//3633 
f 3903//3704 3902//3703 3831//3632 
f 3902//3703 3901//3702 3830//3631 
f 3901//3702 3900//3701 3829//3630 
f 3900//3701 3899//3700 3828//3629 
f 3899//3700 3898//3699 3827//3628 
f 3898//3699 3897//3698 3826//3627 
f 3897//3698 3896//3697 3825//3626 
f 3896//3697 3895//3696 3824//3625 
f 3895//3696 3894//3695 3823//3624 
f 3894//3695 3893//3694 3822//3623 
f 3893//3694 3892//3693 3821//3622 
f 3892//3693 3891//3692 3820//3621 
f 3891//3692 3890//3691 3819//3620 
f 3890//3691 3889//3690 3818//3619 
f 3889//3690 3888//3689 3817//3618 
f 3888//3689 3887//3688 3816//3617 
f 3887//3688 3886//3687 3815//3616 
f 3886//3687 3885//3686 3814//3615 
f 3885//3686 3884//3685 3813//3614 
f 3884//3685 3883//3684 3812//3613 
f 3883//3684 3882//3683 3811//3612 
f 3882//3683 3881//3682 3810//3611 
f 3881//3682 3880//3681 3809//3610 
f 3880//3681 3879//3680 3808//3609 
f 3879//3680 3878//3679 3807//3608 
f 3878//3679 3877//3678 3806//3607 
f 3877//3678 3876//3677 3805//3606 
f 3876//3677 3875//3676 3804//3605 
f 3875//3676 3874//3675 3803//3604 
f 3874//3675 3873//3674 3802//3603 
f 3873//3674 3872//3673 3801//3602 
f 3872//3673 3871//3672 3800//3601 
f 3871//3672 3941//3742 3870//3671 
f 3869//3670 3868//3669 3797//3598 
f 3868//3669 3867//3668 3796//3597 
f 3867//3668 3866//3667 3795//3596 
f 3866//3667 3865//3666 3794//3595 
f 3865//3666 3864//3665 3793//3594 
f 3864//3665 3863//3664 3792//3593 
f 3863//3664 3862//3663 3791//3592 
f 3862//3663 3861//3662 3790//3591 
f 3861//3662 3860//3661 3789//3590 
f 3860//3661 3859//3660 3788//3589 
f 3859//3660 3858//3659 3787//3588 
f 3858//3659 3857//3658 3786//3587 
f 3857//3658 3856//3657 3785//3586 
f 3856//3657 3855//3656 3784//3585 
f 3855//3656 3854//3655 3783//3584 
f 3854//3655 3853//3654 3782//3583 
f 3853//3654 3852//3653 3781//3582 
f 3852//3653 3851//3652 3780//3581 
f 3851//3652 3850//3651 3779//3580 
f 3850//3651 3849//3650 3778//3579 
f 3849//3650 3848//3649 3777//3578 
f 3848//3649 3847//3648 3776//3577 
f 3847//3648 3846//3647 3775//3576 
f 3846//3647 3845//3646 3774//3575 
f 3845//3646 3844//3645 3773//3574 
f 3844//3645 3843//3644 3772//3573 
f 3843//3644 3842//3643 3771//3572 
f 3842//3643 3841//3642 3770//3571 
f 3841//3642 3840//3641 3769//3570 
f 3840//3641 3839//3640 3768//3569 
f 3839//3640 3838//3639 3767//3568 
f 3838//3639 3837//3638 3766//3567 
f 3837//3638 3836//3637 3765//3566 
f 3836//3637 3835//3636 3764//3565 
f 3835//3636 3834//3635 3763//3564 
f 3834//3635 3833//3634 3762//3563 
f 3833//3634 3832//3633 3761//3562 
f 3832//3633 3831//3632 3760//3561 
f 3831//3632 3830//3631 3759//3560 
f 3830//3631 3829//3630 3758//3559 
f 3829//3630 3828//3629 3757//3558 
f 3828//3629 3827//3628 3756//3557 
f 3827//3628 3826//3627 3755//3556 
f 3826//3627 3825//3626 3754//3555 
f 3825//3626 3824//3625 3753//3554 
f 3824//3625 3823//3624 3752//3553 
f 3823//3624 3822//3623 3751//3552 
f 3822//3623 3821//3622 3750//3551 
f 3821//3622 3820//3621 3749//3550 
f 3820//3621 3819//3620 3748//3549 
f 3819//3620 3818//3619 3747//3548 
f 3818//3619 3817//3618 3746//3547 
f 3817//3618 3816//3617 3745//3546 
f 3816//3617 3815//3616 3744//3545 
f 3815//3616 3814//3615 3743//3544 
f 3814//3615 3813//3614 3742//3543 
f 3813//3614 3812//3613 3741//3542 
f 3812//3613 3811//3612 3740//3541 
f 3811//3612 3810//3611 3739//3540 
f 3810//3611 3809//3610 3738//3539 
f 3809//3610 3808//3609 3737//3538 
f 3808//3609 3807//3608 3736//3537 
f 3807//3608 3806//3607 3735//3536 
f 3806//3607 3805//3606 3734//3535 
f 3805//3606 3804//3605 3733//3534 
f 3804//3605 3803//3604 3732//3533 
f 3803//3604 3802//3603 3731//3532 
f 3802//3603 3801//3602 3730//3531 
f 3801//3602 3800//3601 3729//3530 
f 3800//3601 3870//3671 3799//3600 
f 3798//3599 3797//3598 3726//3527 
f 3797//3598 3796//3597 3725//3526 
f 3796//3597 3795//3596 3724//3525 
f 3795//3596 3794//3595 3723//3524 
f 3794//3595 3793//3594 3722//3523 
f 3793//3594 3792//3593 3721//3522 
f 3792//3593 3791//3592 3720//3521 
f 3791//3592 3790//3591 3719//3520 
f 3790//3591 3789//3590 3718//3519 
f 3789//3590 3788//3589 3717//3518 
f 3788//3589 3787//3588 3716//3517 
f 3787//3588 3786//3587 3715//3516 
f 3786//3587 3785//3586 3714//3515 
f 3785//3586 3784//3585 3713//3514 
f 3784//3585 3783//3584 3712//3513 
f 3783//3584 3782//3583 3711//3512 
f 3782//3583 3781//3582 3710//3511 
f 3781//3582 3780//3581 3709//3510 
f 3780//3581 3779//3580 3708//3509 
f 3779//3580 3778//3579 3707//3508 
f 3778//3579 3777//3578 3706//3507 
f 3777//3578 3776//3577 3705//3506 
f 3776//3577 3775//3576 3704//3505 
f 3775//3576 3774//3575 3703//3504 
f 3774//3575 3773//3574 3702//3503 
f 3773//3574 3772//3573 3701//3502 
f 3772//3573 3771//3572 3700//3501 
f 3771//3572 3770//3571 3699//3500 
f 3770//3571 3769//3570 3698//3499 
f 3769//3570 3768//3569 3697//3498 
f 3768//3569 3767//3568 3696//3497 
f 3767//3568 3766//3567 3695//3496 
f 3766//3567 3765//3566 3694//3495 
f 3765//3566 3764//3565 3693//3494 
f 3764//3565 3763//3564 3692//3493 
f 3763//3564 3762//3563 3691//3492 
f 3762//3563 3761//3562 3690//3491 
f 3761//3562 3760//3561 3689//3490 
f 3760//3561 3759//3560 3688//3489 
f 3759//3560 3758//3559 3687//3488 
f 3758//3559 3757//3558 3686//3487 
f 3757//3558 3756//3557 3685//3486 
f 3756//3557 3755//3556 3684//3485 
f 3755//3556 3754//3555 3683//3484 
f 3754//3555 3753//3554 3682//3483 
f 3753//3554 3752//3553 3681//3482 
f 3752//3553 3751//3552 3680//3481 
f 3751//3552 3750//3551 3679//3480 
f 3750//3551 3749//3550 3678//3479 
f 3749//3550 3748//3549 3677//3478 
f 3748//3549 3747//3548 3676//3477 
f 3747//3548 3746//3547 3675//3476 
f 3746//3547 3745//3546 3674//3475 
f 3745//3546 3744//3545 3673//3474 
f 3744//3545 3743//3544 3672//3473 
f 3743//3544 3742//3543 3671//3472 
f 3742//3543 3741//3542 3670//3471 
f 3741//3542 3740//3541 3669//3470 
f 3740//3541 3739//3540 3668//3469 
f 3739//3540 3738//3539 3667//3468 
f 3738//3539 3737//3538 3666//3467 
f 3737//3538 3736//3537 3665//3466 
f 3736//3537 3735//3536 3664//3465 
f 3735//3536 3734//3535 3663//3464 
f 3734//3535 3733//3534 3662//3463 
f 3733//3534 3732//3533 3661//3462 
f 3732//3533 3731//3532 3660//3461 
f 3731//3532 3730//3531 3659//3460 
f 3730//3531 3729//3530 3658//3459 
f 3729//3530 3799//3600 3728//3529 
f 3727//3528 3726//3527 3655//3456 
f 3726//3527 3725//3526 3654//3455 
f 3725//3526 3724//3525 3653//3454 
f 3724//3525 3723//3524 3652//3453 
f 3723//3524 3722//3523 3651//3452 
f 3722//3523 3721//3522 3650//3451 
f 3721//3522 3720//3521 3649//3450 
f 3720//3521 3719//3520 3648//3449 
f 3719//3520 3718//3519 3647//3448 
f 3718//3519 3717//3518 3646//3447 
f 3717//3518 3716//3517 3645//3446 
f 3716//3517 3715//3516 3644//3445 
f 3715//3516 3714//3515 3643//3444 
f 3714//3515 3713//3514 3642//3443 
f 3713//3514 3712//3513 3641//3442 
f 3712//3513 3711//3512 3640//3441 
f 3711//3512 3710//3511 3639//3440 
f 3710//3511 3709//3510 3638//3439 
f 3709//3510 3708//3509 3637//3438 
f 3708//3509 3707//3508 3636//3437 
f 3707//3508 3706//3507 3635//3436 
f 3706//3507 3705//3506 3634//3435 
f 3705//3506 3704//3505 3633//3434 
f 3704//3505 3703//3504 3632//3433 
f 3703//3504 3702//3503 3631//3432 
f 3702//3503 3701//3502 3630//3431 
f 3701//3502 3700//3501 3629//3430 
f 3700//3501 3699//3500 3628//3429 
f 3699//3500 3698//3499 3627//3428 
f 3698//3499 3697//3498 3626//3427 
f 3697//3498 3696//3497 3625//3426 
f 3696//3497 3695//3496 3624//3425 
f 3695//3496 3694//3495 3623//3424 
f 3694//3495 3693//3494 3622//3423 
f 3693//3494 3692//3493 3621//3422 
f 3692//3493 3691//3492 3620//3421 
f 3691//3492 3690//3491 3619//3420 
f 3690//3491 3689//3490 3618//3419 
f 3689//3490 3688//3489 3617//3418 
f 3688//3489 3687//3488 3616//3417 
f 3687//3488 3686//3487 3615//3416 
f 3686//3487 3685//3486 3614//3415 
f 3685//3486 3684//3485 3613//3414 
f 3684//3485 3683//3484 3612//3413 
f 3683//3484 3682//3483 3611//3412 
f 3682//3483 3681//3482 3610//3411 
f 3681//3482 3680//3481 3609//3410 
f 3680//3481 3679//3480 3608//3409 
f 3679//3480 3678//3479 3607//3408 
f 3678//3479 3677//3478 3606//3407 
f 3677//3478 3676//3477 3605//3406 
f 3676//3477 3675//3476 3604//3405 
f 3675//3476 3674//3475 3603//3404 
f 3674//3475 3673//3474 3602//3403 
f 3673//3474 3672//3473 3601//3402 
f 3672//3473 3671//3472 3600//3401 
f 3671//3472 3670//3471 3599//3400 
f 3670//3471 3669//3470 3598//3399 
f 3669//3470 3668//3469 3597//3398 
f 3668//3469 3667//3468 3596//3397 
f 3667//3468 3666//3467 3595//3396 
f 3666//3467 3665//3466 3594//3395 
f 3665//3466 3664//3465 3593//3394 
f 3664//3465 3663//3464 3592//3393 
f 3663//3464 3662//3463 3591//3392 
f 3662//3463 3661//3462 3590//3391 
f 3661//3462 3660//3461 3589//3390 
f 3660//3461 3659//3460 3588//3389 
f 3659//3460 3658//3459 3587//3388 
f 3658//3459 3728//3529 3657//3458 
f 3656//3457 3655//3456 3584//3385 
f 3655//3456 3654//3455 3583//3384 
f 3654//3455 3653//3454 3582//3383 
f 3653//3454 3652//3453 3581//3382 
f 3652//3453 3651//3452 3580//3381 
f 3651//3452 3650//3451 3579//3380 
f 3650//3451 3649//3450 3578//3379 
f 3649//3450 3648//3449 3577//3378 
f 3648//3449 3647//3448 3576//3377 
f 3647//3448 3646//3447 3575//3376 
f 3646//3447 3645//3446 3574//3375 
f 3645//3446 3644//3445 3573//3374 
f 3644//3445 3643//3444 3572//3373 
f 3643//3444 3642//3443 3571//3372 
f 3642//3443 3641//3442 3570//3371 
f 3641//3442 3640//3441 3569//3370 
f 3640//3441 3639//3440 3568//3369 
f 3639//3440 3638//3439 3567//3368 
f 3638//3439 3637//3438 3566//3367 
f 3637//3438 3636//3437 3565//3366 
f 3636//3437 3635//3436 3564//3365 
f 3635//3436 3634//3435 3563//3364 
f 3634//3435 3633//3434 3562//3363 
f 3633//3434 3632//3433 3561//3362 
f 3632//3433 3631//3432 3560//3361 
f 3631//3432 3630//3431 3559//3360 
f 3630//3431 3629//3430 3558//3359 
f 3629//3430 3628//3429 3557//3358 
f 3628//3429 3627//3428 3556//3357 
f 3627//3428 3626//3427 3555//3356 
f 3626//3427 3625//3426 3554//3355 
f 3625//3426 3624//3425 3553//3354 
f 3624//3425 3623//3424 3552//3353 
f 3623//3424 3622//3423 3551//3352 
f 3622//3423 3621//3422 3550//3351 
f 3621//3422 3620//3421 3549//3350 
f 3620//3421 3619//3420 3548//3349 
f 3619//3420 3618//3419 3547//3348 
f 3618//3419 3617//3418 3546//3347 
f 3617//3418 3616//3417 3545//3346 
f 3616//3417 3615//3416 3544//3345 
f 3615//3416 3614//3415 3543//3344 
f 3614//3415 3613//3414 3542//3343 
f 3613//3414 3612//3413 3541//3342 
f 3612//3413 3611//3412 3540//3341 
f 3611//3412 3610//3411 3539//3340 
f 3610//3411 3609//3410 3538//3339 
f 3609//3410 3608//3409 3537//3338 
f 3608//3409 3607//3408 3536//3337 
f 3607//3408 3606//3407 3535//3336 
f 3606//3407 3605//3406 3534//3335 
f 3605//3406 3604//3405 3533//3334 
f 3604//3405 3603//3404 3532//3333 
f 3603//3404 3602//3403 3531//3332 
f 3602//3403 3601//3402 3530//3331 
f 3601//3402 3600//3401 3529//3330 
f 3600//3401 3599//3400 3528//3329 
f 3599//3400 3598//3399 3527//3328 
f 3598//3399 3597//3398 3526//3327 
f 3597//3398 3596//3397 3525//3326 
f 3596//3397 3595//3396 3524//3325 
f 3595//3396 3594//3395 3523//3324 
f 3594//3395 3593//3394 3522//3323 
f 3593//3394 3592//3393 3521//3322 
f 3592//3393 3591//3392 3520//3321 
f 3591//3392 3590//3391 3519//3320 
f 3590//3391 3589//3390 3518//3319 
f 3589//3390 3588//3389 3517//3318 
f 3588//3389 3587//3388 3516//3317 
f 3587//3388 3657//3458 3586//3387 
f 3585//3386 3584//3385 3513//3314 
f 3584//3385 3583//3384 3512//3313 
f 3583//3384 3582//3383 3511//3312 
f 3582//3383 3581//3382 3510//3311 
f 3581//3382 3580//3381 3509//3310 
f 3580//3381 3579//3380 3508//3309 
f 3579//3380 3578//3379 3507//3308 
f 3578//3379 3577//3378 3506//3307 
f 3577//3378 3576//3377 3505//3306 
f 3576//3377 3575//3376 3504//3305 
f 3575//3376 3574//3375 3503//3304 
f 3574//3375 3573//3374 3502//3303 
f 3573//3374 3572//3373 3501//3302 
f 3572//3373 3571//3372 3500//3301 
f 3571//3372 3570//3371 3499//3300 
f 3570//3371 3569//3370 3498//3299 
f 3569//3370 3568//3369 3497//3298 
f 3568//3369 3567//3368 3496//3297 
f 3567//3368 3566//3367 3495//3296 
f 3566//3367 3565//3366 3494//3295 
f 3565//3366 3564//3365 3493//3294 
f 3564//3365 3563//3364 3492//3293 
f 3563//3364 3562//3363 3491//3292 
f 3562//3363 3561//3362 3490//3291 
f 3561//3362 3560//3361 3489//3290 
f 3560//3361 3559//3360 3488//3289 
f 3559//3360 3558//3359 3487//3288 
f 3558//3359 3557//3358 3486//3287 
f 3557//3358 3556//3357 3485//3286 
f 3556//3357 3555//3356 3484//3285 
f 3555//3356 3554//3355 3483//3284 
f 3554//3355 3553//3354 3482//3283 
f 3553//3354 3552//3353 3481//3282 
f 3552//3353 3551//3352 3480//3281 
f 3551//3352 3550//3351 3479//3280 
f 3550//3351 3549//3350 3478//3279 
f 3549//3350 3548//3349 3477//3278 
f 3548//3349 3547//3348 3476//3277 
f 3547//3348 3546//3347 3475//3276 
f 3546//3347 3545//3346 3474//3275 
f 3545//3346 3544//3345 3473//3274 
f 3544//3345 3543//3344 3472//3273 
f 3543//3344 3542//3343 3471//3272 
f 3542//3343 3541//3342 3470//3271 
f 3541//3342 3540//3341 3469//3270 
f 3540//3341 3539//3340 3468//3269 
f 3539//3340 3538//3339 3467//3268 
f 3538//3339 3537//3338 3466//3267 
f 3537//3338 3536//3337 3465//3266 
f 3536//3337 3535//3336 3464//3265 
f 3535//3336 3534//3335 3463//3264 
f 3534//3335 3533//3334 3462//3263 
f 3533//3334 3532//3333 3461//3262 
f 3532//3333 3531//3332 3460//3261 
f 3531//3332 3530//3331 3459//3260 
f 3530//3331 3529//3330 3458//3259 
f 3529//3330 3528//3329 3457//3258 
f 3528//3329 3527//3328 3456//3257 
f 3527//3328 3526//3327 3455//3256 
f 3526//3327 3525//3326 3454//3255 
f 3525//3326 3524//3325 3453//3254 
f 3524//3325 3523//3324 3452//3253 
f 3523//3324 3522//3323 3451//3252 
f 3522//3323 3521//3322 3450//3251 
f 3521//3322 3520//3321 3449//3250 
f 3520//3321 3519//3320 3448//3249 
f 3519//3320 3518//3319 3447//3248 
f 3518//3319 3517//3318 3446//3247 
f 3517//3318 3516//3317 3445//3246 
f 3516//3317 3586//3387 3515//3316 
f 3514//3315 3513//3314 3442//3243 
f 3513//3314 3512//3313 3441//3242 
f 3512//3313 3511//3312 3440//3241 
f 3511//3312 3510//3311 3439//3240 
f 3510//3311 3509//3310 3438//3239 
f 3509//3310 3508//3309 3437//3238 
f 3508//3309 3507//3308 3436//3237 
f 3507//3308 3506//3307 3435//3236 
f 3506//3307 3505//3306 3434//3235 
f 3505//3306 3504//3305 3433//3234 
f 3504//3305 3503//3304 3432//3233 
f 3503//3304 3502//3303 3431//3232 
f 3502//3303 3501//3302 3430//3231 
f 3501//3302 3500//3301 3429//3230 
f 3500//3301 3499//3300 3428//3229 
f 3499//3300 3498//3299 3427//3228 
f 3498//3299 3497//3298 3426//3227 
f 3497//3298 3496//3297 3425//3226 
f 3496//3297 3495//3296 3424//3225 
f 3495//3296 3494//3295 3423//3224 
f 3494//3295 3493//3294 3422//3223 
f 3493//3294 3492//3293 3421//3222 
f 3492//3293 3491//3292 3420//3221 
f 3491//3292 3490//3291 3419//3220 
f 3490//3291 3489//3290 3418//3219 
f 3489//3290 3488//3289 3417//3218 
f 3488//3289 3487//3288 3416//3217 
f 3487//3288 3486//3287 3415//3216 
f 3486//3287 3485//3286 3414//3215 
f 3485//3286 3484//3285 3413//3214 
f 3484//3285 3483//3284 3412//3213 
f 3483//3284 3482//3283 3411//3212 
f 3482//3283 3481//3282 3410//3211 
f 3481//3282 3480//3281 3409//3210 
f 3480//3281 3479//3280 3408//3209 
f 3479//3280 3478//3279 3407//3208 
f 3478//3279 3477//3278 3406//3207 
f 3477//3278 3476//3277 3405//3206 
f 3476//3277 3475//3276 3404//3205 
f 3475//3276 3474//3275 3403//3204 
f 3474//3275 3473//3274 3402//3203 
f 3473//3274 3472//3273 3401//3202 
f 3472//3273 3471//3272 3400//3201 
f 3471//3272 3470//3271 3399//3200 
f 3470//3271 3469//3270 3398//3199 
f 3469//3270 3468//3269 3397//3198 
f 3468//3269 3467//3268 3396//3197 
f 3467//3268 3466//3267 3395//3196 
f 3466//3267 3465//3266 3394//3195 
f 3465//3266 3464//3265 3393//3194 
f 3464//3265 3463//3264 3392//3193 
f 3463//3264 3462//3263 3391//3192 
f 3462//3263 3461//3262 3390//3191 
f 3461//3262 3460//3261 3389//3190 
f 3460//3261 3459//3260 3388//3189 
f 3459//3260 3458//3259 3387//3188 
f 3458//3259 3457//3258 3386//3187 
f 3457//3258 3456//3257 3385//3186 
f 3456//3257 3455//3256 3384//3185 
f 3455//3256 3454//3255 3383//3184 
f 3454//3255 3453//3254 3382//3183 
f 3453//3254 3452//3253 3381//3182 
f 3452//3253 3451//3252 3380//3181 
f 3451//3252 3450//3251 3379//3180 
f 3450//3251 3449//3250 3378//3179 
f 3449//3250 3448//3249 3377//3178 
f 3448//3249 3447//3248 3376//3177 
f 3447//3248 3446//3247 3375//3176 
f 3446//3247 3445//3246 3374//3175 
f 3445//3246 3515//3316 3444//3245 
f 3443//3244 3442//3243 3371//3172 
f 3442//3243 3441//3242 3370//3171 
f 3441//3242 3440//3241 3369//3170 
f 3440//3241 3439//3240 3368//3169 
f 3439//3240 3438//3239 3367//3168 
f 3438//3239 3437//3238 3366//3167 
f 3437//3238 3436//3237 3365//3166 
f 3436//3237 3435//3236 3364//3165 
f 3435//3236 3434//3235 3363//3164 
f 3434//3235 3433//3234 3362//3163 
f 3433//3234 3432//3233 3361//3162 
f 3432//3233 3431//3232 3360//3161 
f 3431//3232 3430//3231 3359//3160 
f 3430//3231 3429//3230 3358//3159 
f 3429//3230 3428//3229 3357//3158 
f 3428//3229 3427//3228 3356//3157 
f 3427//3228 3426//3227 3355//3156 
f 3426//3227 3425//3226 3354//3155 
f 3425//3226 3424//3225 3353//3154 
f 3424//3225 3423//3224 3352//3153 
f 3423//3224 3422//3223 3351//3152 
f 3422//3223 3421//3222 3350//3151 
f 3421//3222 3420//3221 3349//3150 
f 3420//3221 3419//3220 3348//3149 
f 3419//3220 3418//3219 3347//3148 
f 3418//3219 3417//3218 3346//3147 
f 3417//3218 3416//3217 3345//3146 
f 3416//3217 3415//3216 3344//3145 
f 3415//3216 3414//3215 3343//3144 
f 3414//3215 3413//3214 3342//3143 
f 3413//3214 3412//3213 3341//3142 
f 3412//3213 3411//3212 3340//3141 
f 3411//3212 3410//3211 3339//3140 
f 3410//3211 3409//3210 3338//3139 
f 3409//3210 3408//3209 3337//3138 
f 3408//3209 3407//3208 3336//3137 
f 3407//3208 3406//3207 3335//3136 
f 3406//3207 3405//3206 3334//3135 
f 3405//3206 3404//3205 3333//3134 
f 3404//3205 3403//3204 3332//3133 
f 3403//3204 3402//3203 3331//3132 
f 3402//3203 3401//3202 3330//3131 
f 3401//3202 3400//3201 3329//3130 
f 3400//3201 3399//3200 3328//3129 
f 3399//3200 3398//3199 3327//3128 
f 3398//3199 3397//3198 3326//3127 
f 3397//3198 3396//3197 3325//3126 
f 3396//3197 3395//3196 3324//3125 
f 3395//3196 3394//3195 3323//3124 
f 3394//3195 3393//3194 3322//3123 
f 3393//3194 3392//3193 3321//3122 
f 3392//3193 3391//3192 3320//3121 
f 3391//3192 3390//3191 3319//3120 
f 3390//3191 3389//3190 3318//3119 
f 3389//3190 3388//3189 3317//3118 
f 3388//3189 3387//3188 3316//3117 
f 3387//3188 3386//3187 3315//3116 
f 3386//3187 3385//3186 3314//3115 
f 3385//3186 3384//3185 3313//3114 
f 3384//3185 3383//3184 3312//3113 
f 3383//3184 3382//3183 3311//3112 
f 3382//3183 3381//3182 3310//3111 
f 3381//3182 3380//3181 3309//3110 
f 3380//3181 3379//3180 3308//3109 
f 3379//3180 3378//3179 3307//3108 
f 3378//3179 3377//3178 3306//3107 
f 3377//3178 3376//3177 3305//3106 
f 3376//3177 3375//3176 3304//3105 
f 3375//3176 3374//3175 3303//3104 
f 3374//3175 3444//3245 3373//3174 
f 3372//3173 3371//3172 3300//3101 
f 3371//3172 3370//3171 3299//3100 
f 3370//3171 3369//3170 3298//3099 
f 3369//3170 3368//3169 3297//3098 
f 3368//3169 3367//3168 3296//3097 
f 3367//3168 3366//3167 3295//3096 
f 3366//3167 3365//3166 3294//3095 
f 3365//3166 3364//3165 3293//3094 
f 3364//3165 3363//3164 3292//3093 
f 3363//3164 3362//3163 3291//3092 
f 3362//3163 3361//3162 3290//3091 
f 3361//3162 3360//3161 3289//3090 
f 3360//3161 3359//3160 3288//3089 
f 3359//3160 3358//3159 3287//3088 
f 3358//3159 3357//3158 3286//3087 
f 3357//3158 3356//3157 3285//3086 
f 3356//3157 3355//3156 3284//3085 
f 3355//3156 3354//3155 3283//3084 
f 3354//3155 3353//3154 3282//3083 
f 3353//3154 3352//3153 3281//3082 
f 3352//3153 3351//3152 3280//3081 
f 3351//3152 3350//3151 3279//3080 
f 3350//3151 3349//3150 3278//3079 
f 3349//3150 3348//3149 3277//3078 
f 3348//3149 3347//3148 3276//3077 
f 3347//3148 3346//3147 3275//3076 
f 3346//3147 3345//3146 3274//3075 
f 3345//3146 3344//3145 3273//3074 
f 3344//3145 3343//3144 3272//3073 
f 3343//3144 3342//3143 3271//3072 
f 3342//3143 3341//3142 3270//3071 
f 3341//3142 3340//3141 3269//3070 
f 3340//3141 3339//3140 3268//3069 
f 3339//3140 3338//3139 3267//3068 
f 3338//3139 3337//3138 3266//3067 
f 3337//3138 3336//3137 3265//3066 
f 3336//3137 3335//3136 3264//3065 
f 3335//3136 3334//3135 3263//3064 
f 3334//3135 3333//3134 3262//3063 
f 3333//3134 3332//3133 3261//3062 
f 3332//3133 3331//3132 3260//3061 
f 3331//3132 3330//3131 3259//3060 
f 3330//3131 3329//3130 3258//3059 
f 3329//3130 3328//3129 3257//3058 
f 3328//3129 3327//3128 3256//3057 
f 3327//3128 3326//3127 3255//3056 
f 3326//3127 3325//3126 3254//3055 
f 3325//3126 3324//3125 3253//3054 
f 3324//3125 3323//3124 3252//3053 
f 3323//3124 3322//3123 3251//3052 
f 3322//3123 3321//3122 3250//3051 
f 3321//3122 3320//3121 3249//3050 
f 3320//3121 3319//3120 3248//3049 
f 3319//3120 3318//3119 3247//3048 
f 3318//3119 3317//3118 3246//3047 
f 3317//3118 3316//3117 3245//3046 
f 3316//3117 3315//3116 3244//3045 
f 3315//3116 3314//3115 3243//3044 
f 3314//3115 3313//3114 3242//3043 
f 3313//3114 3312//3113 3241//3042 
f 3312//3113 3311//3112 3240//3041 
f 3311//3112 3310//3111 3239//3040 
f 3310//3111 3309//3110 3238//3039 
f 3309//3110 3308//3109 3237//3038 
f 3308//3109 3307//3108 3236//3037 
f 3307//3108 3306//3107 3235//3036 
f 3306//3107 3305//3106 3234//3035 
f 3305//3106 3304//3105 3233//3034 
f 3304//3105 3303//3104 3232//3033 
f 3303//3104 3373//3174 3302//3103 
f 3301//3102 3300//3101 3229//3030 
f 3300//3101 3299//3100 3228//3029 
f 3299//3100 3298//3099 3227//3028 
f 3298//3099 3297//3098 3226//3027 
f 3297//3098 3296//3097 3225//3026 
f 3296//3097 3295//3096 3224//3025 
f 3295//3096 3294//3095 3223//3024 
f 3294//3095 3293//3094 3222//3023 
f 3293//3094 3292//3093 3221//3022 
f 3292//3093 3291//3092 3220//3021 
f 3291//3092 3290//3091 3219//3020 
f 3290//3091 3289//3090 3218//3019 
f 3289//3090 3288//3089 3217//3018 
f 3288//3089 3287//3088 3216//3017 
f 3287//3088 3286//3087 3215//3016 
f 3286//3087 3285//3086 3214//3015 
f 3285//3086 3284//3085 3213//3014 
f 3284//3085 3283//3084 3212//3013 
f 3283//3084 3282//3083 3211//3012 
f 3282//3083 3281//3082 3210//3011 
f 3281//3082 3280//3081 3209//3010 
f 3280//3081 3279//3080 3208//3009 
f 3279//3080 3278//3079 3207//3008 
f 3278//3079 3277//3078 3206//3007 
f 3277//3078 3276//3077 3205//3006 
f 3276//3077 3275//3076 3204//3005 
f 3275//3076 3274//3075 3203//3004 
f 3274//3075 3273//3074 3202//3003 
f 3273//3074 3272//3073 3201//3002 
f 3272//3073 3271//3072 3200//3001 
f 3271//3072 3270//3071 3199//3000 
f 3270//3071 3269//3070 3198//2999 
f 3269//3070 3268//3069 3197//2998 
f 3268//3069 3267//3068 3196//2997 
f 3267//3068 3266//3067 3195//2996 
f 3266//3067 3265//3066 3194//2995 
f 3265//3066 3264//3065 3193//2994 
f 3264//3065 3263//3064 3192//2993 
f 3263//3064 3262//3063 3191//2992 
f 3262//3063 3261//3062 3190//2991 
f 3261//3062 3260//3061 3189//2990 
f 3260//3061 3259//3060 3188//2989 
f 3259//3060 3258//3059 3187//2988 
f 3258//3059 3257//3058 3186//2987 
f 3257//3058 3256//3057 3185//2986 
f 3256//3057 3255//3056 3184//2985 
f 3255//3056 3254//3055 3183//2984 
f 3254//3055 3253//3054 3182//2983 
f 3253//3054 3252//3053 3181//2982 
f 3252//3053 3251//3052 3180//2981 
f 3251//3052 3250//3051 3179//2980 
f 3250//3051 3249//3050 3178//2979 
f 3249//3050 3248//3049 3177//2978 
f 3248//3049 3247//3048 3176//2977 
f 3247//3048 3246//3047 3175//2976 
f 3246//3047 3245//3046 3174//2975 
f 3245//3046 3244//3045 3173//2974 
f 3244//3045 3243//3044 3172//2973 
f 3243//3044 3242//3043 3171//2972 
f 3242//3043 3241//3042 3170//2971 
f 3241//3042 3240//3041 3169//2970 
f 3240//3041 3239//3040 3168//2969 
f 3239//3040 3238//3039 3167//2968 
f 3238//3039 3237//3038 3166//2967 
f 3237//3038 3236//3037 3165//2966 
f 3236//3037 3235//3036 3164//2965 
f 3235//3036 3234//3035 3163//2964 
f 3234//3035 3233//3034 3162//2963 
f 3233//3034 3232//3033 3161//2962 
f 3232//3033 3302//3103 3231//3032 
f 3230//3031 3229//3030 3158//2959 
f 3229//3030 3228//3029 3157//2958 
f 3228//3029 3227//3028 3156//2957 
f 3227//3028 3226//3027 3155//2956 
f 3226//3027 3225//3026 3154//2955 
f 3225//3026 3224//3025 3153//2954 
f 3224//3025 3223//3024 3152//2953 
f 3223//3024 3222//3023 3151//2952 
f 3222//3023 3221//3022 3150//2951 
f 3221//3022 3220//3021 3149//2950 
f 3220//3021 3219//3020 3148//2949 
f 3219//3020 3218//3019 3147//2948 
f 3218//3019 3217//3018 3146//2947 
f 3217//3018 3216//3017 3145//2946 
f 3216//3017 3215//3016 3144//2945 
f 3215//3016 3214//3015 3143//2944 
f 3214//3015 3213//3014 3142//2943 
f 3213//3014 3212//3013 3141//2942 
f 3212//3013 3211//3012 3140//2941 
f 3211//3012 3210//3011 3139//2940 
f 3210//3011 3209//3010 3138//2939 
f 3209//3010 3208//3009 3137//2938 
f 3208//3009 3207//3008 3136//2937 
f 3207//3008 3206//3007 3135//2936 
f 3206//3007 3205//3006 3134//2935 
f 3205//3006 3204//3005 3133//2934 
f 3204//3005 3203//3004 3132//2933 
f 3203//3004 3202//3003 3131//2932 
f 3202//3003 3201//3002 3130//2931 
f 3201//3002 3200//3001 3129//2930 
f 3200//3001 3199//3000 3128//2929 
f 3199//3000 3198//2999 3127//2928 
f 3198//2999 3197//2998 3126//2927 
f 3197//2998 3196//2997 3125//2926 
f 3196//2997 3195//2996 3124//2925 
f 3195//2996 3194//2995 3123//2924 
f 3194//2995 3193//2994 3122//2923 
f 3193//2994 3192//2993 3121//2922 
f 3192//2993 3191//2992 3120//2921 
f 3191//2992 3190//2991 3119//2920 
f 3190//2991 3189//2990 3118//2919 
f 3189//2990 3188//2989 3117//2918 
f 3188//2989 3187//2988 3116//2917 
f 3187//2988 3186//2987 3115//2916 
f 3186//2987 3185//2986 3114//2915 
f 3185//2986 3184//2985 3113//2914 
f 3184//2985 3183//2984 3112//2913 
f 3183//2984 3182//2983 3111//2912 
f 3182//2983 3181//2982 3110//2911 
f 3181//2982 3180//2981 3109//2910 
f 3180//2981 3179//2980 3108//2909 
f 3179//2980 3178//2979 3107//2908 
f 3178//2979 3177//2978 3106//2907 
f 3177//2978 3176//2977 3105//2906 
f 3176//2977 3175//2976 3104//2905 
f 3175//2976 3174//2975 3103//2904 
f 3174//2975 3173//2974 3102//2903 
f 3173//2974 3172//2973 3101//2902 
f 3172//2973 3171//2972 3100//2901 
f 3171//2972 3170//2971 3099//2900 
f 3170//2971 3169//2970 3098//2899 
f 3169//2970 3168//2969 3097//2898 
f 3168//2969 3167//2968 3096//2897 
f 3167//2968 3166//2967 3095//2896 
f 3166//2967 3165//2966 3094//2895 
f 3165//2966 3164//2965 3093//2894 
f 3164//2965 3163//2964 3092//2893 
f 3163//2964 3162//2963 3091//2892 
f 3162//2963 3161//2962 3090//2891 
f 3161//2962 3231//3032 3160//2961 
f 3159//2960 3158//2959 3087//2888 
f 3158//2959 3157//2958 3086//2887 
f 3157//2958 3156//2957 3085//2886 
f 3156//2957 3155//2956 3084//2885 
f 3155//2956 3154//2955 3083//2884 
f 3154//2955 3153//2954 3082//2883 
f 3153//2954 3152//2953 3081//2882 
f 3152//2953 3151//2952 3080//2881 
f 3151//2952 3150//2951 3079//2880 
f 3150//2951 3149//2950 3078//2879 
f 3149//2950 3148//2949 3077//2878 
f 3148//2949 3147//2948 3076//2877 
f 3147//2948 3146//2947 3075//2876 
f 3146//2947 3145//2946 3074//2875 
f 3145//2946 3144//2945 3073//2874 
f 3144//2945 3143//2944 3072//2873 
f 3143//2944 3142//2943 3071//2872 
f 3142//2943 3141//2942 3070//2871 
f 3141//2942 3140//2941 3069//2870 
f 3140//2941 3139//2940 3068//2869 
f 3139//2940 3138//2939 3067//2868 
f 3138//2939 3137//2938 3066//2867 
f 3137//2938 3136//2937 3065//2866 
f 3136//2937 3135//2936 3064//2865 
f 3135//2936 3134//2935 3063//2864 
f 3134//2935 3133//2934 3062//2863 
f 3133//2934 3132//2933 3061//2862 
f 3132//2933 3131//2932 3060//2861 
f 3131//2932 3130//2931 3059//2860 
f 3130//2931 3129//2930 3058//2859 
f 3129//2930 3128//2929 3057//2858 
f 3128//2929 3127//2928 3056//2857 
f 3127//2928 3126//2927 3055//2856 
f 3126//2927 3125//2926 3054//2855 
f 3125//2926 3124//2925 3053//2854 
f 3124//2925 3123//2924 3052//2853 
f 3123//2924 3122//2923 3051//2852 
f 3122//2923 3121//2922 3050//2851 
f 3121//2922 3120//2921 3049//2850 
f 3120//2921 3119//2920 3048//2849 
f 3119//2920 3118//2919 3047//2848 
f 3118//2919 3117//2918 3046//2847 
f 3117//2918 3116//2917 3045//2846 
f 3116//2917 3115//2916 3044//2845 
f 3115//2916 3114//2915 3043//2844 
f 3114//2915 3113//2914 3042//2843 
f 3113//2914 3112//2913 3041//2842 
f 3112//2913 3111//2912 3040//2841 
f 3111//2912 3110//2911 3039//2840 
f 3110//2911 3109//2910 3038//2839 
f 3109//2910 3108//2909 3037//2838 
f 3108//2909 3107//2908 3036//2837 
f 3107//2908 3106//2907 3035//2836 
f 3106//2907 3105//2906 3034//2835 
f 3105//2906 3104//2905 3033//2834 
f 3104//2905 3103//2904 3032//2833 
f 3103//2904 3102//2903 3031//2832 
f 3102//2903 3101//2902 3030//2831 
f 3101//2902 3100//2901 3029//2830 
f 3100//2901 3099//2900 3028//2829 
f 3099//2900 3098//2899 3027//2828 
f 3098//2899 3097//2898 3026//2827 
f 3097//2898 3096//2897 3025//2826 
f 3096//2897 3095//2896 3024//2825 
f 3095//2896 3094//2895 3023//2824 
f 3094//2895 3093//2894 3022//2823 
f 3093//2894 3092//2893 3021//2822 
f 3092//2893 3091//2892 3020//2821 
f 3091//2892 3090//2891 3019//2820 
f 3090//2891 3160//2961 3089//2890 
f 3088//2889 3087//2888 3016//2817 
f 3087//2888 3086//2887 3015//2816 
f 3086//2887 3085//2886 3014//2815 
f 3085//2886 3084//2885 3013//2814 
f 3084//2885 3083//2884 3012//2813 
f 3083//2884 3082//2883 3011//2812 
f 3082//2883 3081//2882 3010//2811 
f 3081//2882 3080//2881 3009//2810 
f 3080//2881 3079//2880 3008//2809 
f 3079//2880 3078//2879 3007//2808 
f 3078//2879 3077//2878 3006//2807 
f 3077//2878 3076//2877 3005//2806 
f 3076//2877 3075//2876 3004//2805 
f 3075//2876 3074//2875 3003//2804 
f 3074//2875 3073//2874 3002//2803 
f 3073//2874 3072//2873 3001//2802 
f 3072//2873 3071//2872 3000//2801 
f 3071//2872 3070//2871 2999//2800 
f 3070//2871 3069//2870 2998//2799 
f 3069//2870 3068//2869 2997//2798 
f 3068//2869 3067//2868 2996//2797 
f 3067//2868 3066//2867 2995//2796 
f 3066//2867 3065//2866 2994//2795 
f 3065//2866 3064//2865 2993//2794 
f 3064//2865 3063//2864 2992//2793 
f 3063//2864 3062//2863 2991//2792 
f 3062//2863 3061//2862 2990//2791 
f 3061//2862 3060//2861 2989//2790 
f 3060//2861 3059//2860 2988//2789 
f 3059//2860 3058//2859 2987//2788 
f 3058//2859 3057//2858 2986//2787 
f 3057//2858 3056//2857 2985//2786 
f 3056//2857 3055//2856 2984//2785 
f 3055//2856 3054//2855 2983//2784 
f 3054//2855 3053//2854 2982//2783 
f 3053//2854 3052//2853 2981//2782 
f 3052//2853 3051//2852 2980//2781 
f 3051//2852 3050//2851 2979//2780 
f 3050//2851 3049//2850 2978//2779 
f 3049//2850 3048//2849 2977//2778 
f 3048//2849 3047//2848 2976//2777 
f 3047//2848 3046//2847 2975//2776 
f 3046//2847 3045//2846 2974//2775 
f 3045//2846 3044//2845 2973//2774 
f 3044//2845 3043//2844 2972//2773 
f 3043//2844 3042//2843 2971//2772 
f 3042//2843 3041//2842 2970//2771 
f 3041//2842 3040//2841 2969//2770 
f 3040//2841 3039//2840 2968//2769 
f 3039//2840 3038//2839 2967//2768 
f 3038//2839 3037//2838 2966//2767 
f 3037//2838 3036//2837 2965//2766 
f 3036//2837 3035//2836 2964//2765 
f 3035//2836 3034//2835 2963//2764 
f 3034//2835 3033//2834 2962//2763 
f 3033//2834 3032//2833 2961//2762 
f 3032//2833 3031//2832 2960//2761 
f 3031//2832 3030//2831 2959//2760 
f 3030//2831 3029//2830 2958//2759 
f 3029//2830 3028//2829 2957//2758 
f 3028//2829 3027//2828 2956//2757 
f 3027//2828 3026//2827 2955//2756 
f 3026//2827 3025//2826 2954//2755 
f 3025//2826 3024//2825 2953//2754 
f 3024//2825 3023//2824 2952//2753 
f 3023//2824 3022//2823 2951//2752 
f 3022//2823 3021//2822 2950//2751 
f 3021//2822 3020//2821 2949//2750 
f 3020//2821 3019//2820 2948//2749 
f 3019//2820 3089//2890 3018//2819 
f 3017//2818 3016//2817 2945//2746 
f 3016//2817 3015//2816 2944//2745 
f 3015//2816 3014//2815 2943//2744 
f 3014//2815 3013//2814 2942//2743 
f 3013//2814 3012//2813 2941//2742 
f 3012//2813 3011//2812 2940//2741 
f 3011//2812 3010//2811 2939//2740 
f 3010//2811 3009//2810 2938//2739 
f 3009//2810 3008//2809 2937//2738 
f 3008//2809 3007//2808 2936//2737 
f 3007//2808 3006//2807 2935//2736 
f 3006//2807 3005//2806 2934//2735 
f 3005//2806 3004//2805 2933//2734 
f 3004//2805 3003//2804 2932//2733 
f 3003//2804 3002//2803 2931//2732 
f 3002//2803 3001//2802 2930//2731 
f 3001//2802 3000//2801 2929//2730 
f 3000//2801 2999//2800 2928//2729 
f 2999//2800 2998//2799 2927//2728 
f 2998//2799 2997//2798 2926//2727 
f 2997//2798 2996//2797 2925//2726 
f 2996//2797 2995//2796 2924//2725 
f 2995//2796 2994//2795 2923//2724 
f 2994//2795 2993//2794 2922//2723 
f 2993//2794 2992//2793 2921//2722 
f 2992//2793 2991//2792 2920//2721 
f 2991//2792 2990//2791 2919//2720 
f 2990//2791 2989//2790 2918//2719 
f 2989//2790 2988//2789 2917//2718 
f 2988//2789 2987//2788 2916//2717 
f 2987//2788 2986//2787 2915//2716 
f 2986//2787 2985//2786 2914//2715 
f 2985//2786 2984//2785 2913//2714 
f 2984//2785 2983//2784 2912//2713 
f 2983//2784 2982//2783 2911//2712 
f 2982//2783 2981//2782 2910//2711 
f 2981//2782 2980//2781 2909//2710 
f 2980//2781 2979//2780 2908//2709 
f 2979//2780 2978//2779 2907//2708 
f 2978//2779 2977//2778 2906//2707 
f 2977//2778 2976//2777 2905//2706 
f 2976//2777 2975//2776 2904//2705 
f 2975//2776 2974//2775 2903//2704 
f 2974//2775 2973//2774 2902//2703 
f 2973//2774 2972//2773 2901//2702 
f 2972//2773 2971//2772 2900//2701 
f 2971//2772 2970//2771 2899//2700 
f 2970//2771 2969//2770 2898//2699 
f 2969//2770 2968//2769 2897//2698 
f 2968//2769 2967//2768 2896//2697 
f 2967//2768 2966//2767 2895//2696 
f 2966//2767 2965//2766 2894//2695 
f 2965//2766 2964//2765 2893//2694 
f 2964//2765 2963//2764 2892//2693 
f 2963//2764 2962//2763 2891//2692 
f 2962//2763 2961//2762 2890//2691 
f 2961//2762 2960//2761 2889//2690 
f 2960//2761 2959//2760 2888//2689 
f 2959//2760 2958//2759 2887//2688 
f 2958//2759 2957//2758 2886//2687 
f 2957//2758 2956//2757 2885//2686 
f 2956//2757 2955//2756 2884//2685 
f 2955//2756 2954//2755 2883//2684 
f 2954//2755 2953//2754 2882//2683 
f 2953//2754 2952//2753 2881//2682 
f 2952//2753 2951//2752 2880//2681 
f 2951//2752 2950//2751 2879//2680 
f 2950//2751 2949//2750 2878//2679 
f 2949//2750 2948//2749 2877//2678 
f 2948//2749 3018//2819 2947//2748 
f 2946//2747 2945//2746 2874//2675 
f 2945//2746 2944//2745 2873//2674 
f 2944//2745 2943//2744 2872//2673 
f 2943//2744 2942//2743 2871//2672 
f 2942//2743 2941//2742 2870//2671 
f 2941//2742 2940//2741 2869//2670 
f 2940//2741 2939//2740 2868//2669 
f 2939//2740 2938//2739 2867//2668 
f 2938//2739 2937//2738 2866//2667 
f 2937//2738 2936//2737 2865//2666 
f 2936//2737 2935//2736 2864//2665 
f 2935//2736 2934//2735 2863//2664 
f 2934//2735 2933//2734 2862//2663 
f 2933//2734 2932//2733 2861//2662 
f 2932//2733 2931//2732 2860//2661 
f 2931//2732 2930//2731 2859//2660 
f 2930//2731 2929//2730 2858//2659 
f 2929//2730 2928//2729 2857//2658 
f 2928//2729 2927//2728 2856//2657 
f 2927//2728 2926//2727 2855//2656 
f 2926//2727 2925//2726 2854//2655 
f 2925//2726 2924//2725 2853//2654 
f 2924//2725 2923//2724 2852//2653 
f 2923//2724 2922//2723 2851//2652 
f 2922//2723 2921//2722 2850//2651 
f 2921//2722 2920//2721 2849//2650 
f 2920//2721 2919//2720 2848//2649 
f 2919//2720 2918//2719 2847//2648 
f 2918//2719 2917//2718 2846//2647 
f 2917//2718 2916//2717 2845//2646 
f 2916//2717 2915//2716 2844//2645 
f 2915//2716 2914//2715 2843//2644 
f 2914//2715 2913//2714 2842//2643 
f 2913//2714 2912//2713 2841//2642 
f 2912//2713 2911//2712 2840//2641 
f 2911//2712 2910//2711 2839//2640 
f 2910//2711 2909//2710 2838//2639 
f 2909//2710 2908//2709 2837//2638 
f 2908//2709 2907//2708 2836//2637 
f 2907//2708 2906//2707 2835//2636 
f 2906//2707 2905//2706 2834//2635 
f 2905//2706 2904//2705 2833//2634 
f 2904//2705 2903//2704 2832//2633 
f 2903//2704 2902//2703 2831//2632 
f 2902//2703 2901//2702 2830//2631 
f 2901//2702 2900//2701 2829//2630 
f 2900//2701 2899//2700 2828//2629 
f 2899//2700 2898//2699 2827//2628 
f 2898//2699 2897//2698 2826//2627 
f 2897//2698 2896//2697 2825//2626 
f 2896//2697 2895//2696 2824//2625 
f 2895//2696 2894//2695 2823//2624 
f 2894//2695 2893//2694 2822//2623 
f 2893//2694 2892//2693 2821//2622 
f 2892//2693 2891//2692 2820//2621 
f 2891//2692 2890//2691 2819//2620 
f 2890//2691 2889//2690 2818//2619 
f 2889//2690 2888//2689 2817//2618 
f 2888//2689 2887//2688 2816//2617 
f 2887//2688 2886//2687 2815//2616 
f 2886//2687 2885//2686 2814//2615 
f 2885//2686 2884//2685 2813//2614 
f 2884//2685 2883//2684 2812//2613 
f 2883//2684 2882//2683 2811//2612 
f 2882//2683 2881//2682 2810//2611 
f 2881//2682 2880//2681 2809//2610 
f 2880//2681 2879//2680 2808//2609 
f 2879//2680 2878//2679 2807//2608 
f 2878//2679 2877//2678 2806//2607 
f 2877//2678 2947//2748 2876//2677 
f 2875//2676 2874//2675 2803//2604 
f 2874//2675 2873//2674 2802//2603 
f 2873//2674 2872//2673 2801//2602 
f 2872//2673 2871//2672 2800//2601 
f 2871//2672 2870//2671 2799//2600 
f 2870//2671 2869//2670 2798//2599 
f 2869//2670 2868//2669 2797//2598 
f 2868//2669 2867//2668 2796//2597 
f 2867//2668 2866//2667 2795//2596 
f 2866//2667 2865//2666 2794//2595 
f 2865//2666 2864//2665 2793//2594 
f 2864//2665 2863//2664 2792//2593 
f 2863//2664 2862//2663 2791//2592 
f 2862//2663 2861//2662 2790//2591 
f 2861//2662 2860//2661 2789//2590 
f 2860//2661 2859//2660 2788//2589 
f 2859//2660 2858//2659 2787//2588 
f 2858//2659 2857//2658 2786//2587 
f 2857//2658 2856//2657 2785//2586 
f 2856//2657 2855//2656 2784//2585 
f 2855//2656 2854//2655 2783//2584 
f 2854//2655 2853//2654 2782//2583 
f 2853//2654 2852//2653 2781//2582 
f 2852//2653 2851//2652 2780//2581 
f 2851//2652 2850//2651 2779//2580 
f 2850//2651 2849//2650 2778//2579 
f 2849//2650 2848//2649 2777//2578 
f 2848//2649 2847//2648 2776//2577 
f 2847//2648 2846//2647 2775//2576 
f 2846//2647 2845//2646 2774//2575 
f 2845//2646 2844//2645 2773//2574 
f 2844//2645 2843//2644 2772//2573 
f 2843//2644 2842//2643 2771//2572 
f 2842//2643 2841//2642 2770//2571 
f 2841//2642 2840//2641 2769//2570 
f 2840//2641 2839//2640 2768//2569 
f 2839//2640 2838//2639 2767//2568 
f 2838//2639 2837//2638 2766//2567 
f 2837//2638 2836//2637 2765//2566 
f 2836//2637 2835//2636 2764//2565 
f 2835//2636 2834//2635 2763//2564 
f 2834//2635 2833//2634 2762//2563 
f 2833//2634 2832//2633 2761//2562 
f 2832//2633 2831//2632 2760//2561 
f 2831//2632 2830//2631 2759//2560 
f 2830//2631 2829//2630 2758//2559 
f 2829//2630 2828//2629 2757//2558 
f 2828//2629 2827//2628 2756//2557 
f 2827//2628 2826//2627 2755//2556 
f 2826//2627 2825//2626 2754//2555 
f 2825//2626 2824//2625 2753//2554 
f 2824//2625 2823//2624 2752//2553 
f 2823//2624 2822//2623 2751//2552 
f 2822//2623 2821//2622 2750//2551 
f 2821//2622 2820//2621 2749//2550 
f 2820//2621 2819//2620 2748//2549 
f 2819//2620 2818//2619 2747//2548 
f 2818//2619 2817//2618 2746//2547 
f 2817//2618 2816//2617 2745//2546 
f 2816//2617 2815//2616 2744//2545 
f 2815//2616 2814//2615 2743//2544 
f 2814//2615 2813//2614 2742//2543 
f 2813//2614 2812//2613 2741//2542 
f 2812//2613 2811//2612 2740//2541 
f 2811//2612 2810//2611 2739//2540 
f 2810//2611 2809//2610 2738//2539 
f 2809//2610 2808//2609 2737//2538 
f 2808//2609 2807//2608 2736//2537 
f 2807//2608 2806//2607 2735//2536 
f 2806//2607 2876//2677 2805//2606 
f 2804//2605 2803//2604 2732//2533 
f 2803//2604 2802//2603 2731//2532 
f 2802//2603 2801//2602 2730//2531 
f 2801//2602 2800//2601 2729//2530 
f 2800//2601 2799//2600 2728//2529 
f 2799//2600 2798//2599 2727//2528 
f 2798//2599 2797//2598 2726//2527 
f 2797//2598 2796//2597 2725//2526 
f 2796//2597 2795//2596 2724//2525 
f 2795//2596 2794//2595 2723//2524 
f 2794//2595 2793//2594 2722//2523 
f 2793//2594 2792//2593 2721//2522 
f 2792//2593 2791//2592 2720//2521 
f 2791//2592 2790//2591 2719//2520 
f 2790//2591 2789//2590 2718//2519 
f 2789//2590 2788//2589 2717//2518 
f 2788//2589 2787//2588 2716//2517 
f 2787//2588 2786//2587 2715//2516 
f 2786//2587 2785//2586 2714//2515 
f 2785//2586 2784//2585 2713//2514 
f 2784//2585 2783//2584 2712//2513 
f 2783//2584 2782//2583 2711//2512 
f 2782//2583 2781//2582 2710//2511 
f 2781//2582 2780//2581 2709//2510 
f 2780//2581 2779//2580 2708//2509 
f 2779//2580 2778//2579 2707//2508 
f 2778//2579 2777//2578 2706//2507 
f 2777//2578 2776//2577 2705//2506 
f 2776//2577 2775//2576 2704//2505 
f 2775//2576 2774//2575 2703//2504 
f 2774//2575 2773//2574 2702//2503 
f 2773//2574 2772//2573 2701//2502 
f 2772//2573 2771//2572 2700//2501 
f 2771//2572 2770//2571 2699//2500 
f 2770//2571 2769//2570 2698//2499 
f 2769//2570 2768//2569 2697//2498 
f 2768//2569 2767//2568 2696//2497 
f 2767//2568 2766//2567 2695//2496 
f 2766//2567 2765//2566 2694//2495 
f 2765//2566 2764//2565 2693//2494 
f 2764//2565 2763//2564 2692//2493 
f 2763//2564 2762//2563 2691//2492 
f 2762//2563 2761//2562 2690//2491 
f 2761//2562 2760//2561 2689//2490 
f 2760//2561 2759//2560 2688//2489 
f 2759//2560 2758//2559 2687//2488 
f 2758//2559 2757//2558 2686//2487 
f 2757//2558 2756//2557 2685//2486 
f 2756//2557 2755//2556 2684//2485 
f 2755//2556 2754//2555 2683//2484 
f 2754//2555 2753//2554 2682//2483 
f 2753//2554 2752//2553 2681//2482 
f 2752//2553 2751//2552 2680//2481 
f 2751//2552 2750//2551 2679//2480 
f 2750//2551 2749//2550 2678//2479 
f 2749//2550 2748//2549 2677//2478 
f 2748//2549 2747//2548 2676//2477 
f 2747//2548 2746//2547 2675//2476 
f 2746//2547 2745//2546 2674//2475 
f 2745//2546 2744//2545 2673//2474 
f 2744//2545 2743//2544 2672//2473 
f 2743//2544 2742//2543 2671//2472 
f 2742//2543 2741//2542 2670//2471 
f 2741//2542 2740//2541 2669//2470 
f 2740//2541 2739//2540 2668//2469 
f 2739//2540 2738//2539 2667//2468 
f 2738//2539 2737//2538 2666//2467 
f 2737//2538 2736//2537 2665//2466 
f 2736//2537 2735//2536 2664//2465 
f 2735//2536 2805//2606 2734//2535 
f 2733//2534 2732//2533 2661//2462 
f 2732//2533 2731//2532 2660//2461 
f 2731//2532 2730//2531 2659//2460 
f 2730//2531 2729//2530 2658//2459 
f 2729//2530 2728//2529 2657//2458 
f 2728//2529 2727//2528 2656//2457 
f 2727//2528 2726//2527 2655//2456 
f 2726//2527 2725//2526 2654//2455 
f 2725//2526 2724//2525 2653//2454 
f 2724//2525 2723//2524 2652//2453 
f 2723//2524 2722//2523 2651//2452 
f 2722//2523 2721//2522 2650//2451 
f 2721//2522 2720//2521 2649//2450 
f 2720//2521 2719//2520 2648//2449 
f 2719//2520 2718//2519 2647//2448 
f 2718//2519 2717//2518 2646//2447 
f 2717//2518 2716//2517 2645//2446 
f 2716//2517 2715//2516 2644//2445 
f 2715//2516 2714//2515 2643//2444 
f 2714//2515 2713//2514 2642//2443 
f 2713//2514 2712//2513 2641//2442 
f 2712//2513 2711//2512 2640//2441 
f 2711//2512 2710//2511 2639//2440 
f 2710//2511 2709//2510 2638//2439 
f 2709//2510 2708//2509 2637//2438 
f 2708//2509 2707//2508 2636//2437 
f 2707//2508 2706//2507 2635//2436 
f 2706//2507 2705//2506 2634//2435 
f 2705//2506 2704//2505 2633//2434 
f 2704//2505 2703//2504 2632//2433 
f 2703//2504 2702//2503 2631//2432 
f 2702//2503 2701//2502 2630//2431 
f 2701//2502 2700//2501 2629//2430 
f 2700//2501 2699//2500 2628//2429 
f 2699//2500 2698//2499 2627//2428 
f 2698//2499 2697//2498 2626//2427 
f 2697//2498 2696//2497 2625//2426 
f 2696//2497 2695//2496 2624//2425 
f 2695//2496 2694//2495 2623//2424 
f 2694//2495 2693//2494 2622//2423 
f 2693//2494 2692//2493 2621//2422 
f 2692//2493 2691//2492 2620//2421 
f 2691//2492 2690//2491 2619//2420 
f 2690//2491 2689//2490 2618//2419 
f 2689//2490 2688//2489 2617//2418 
f 2688//2489 2687//2488 2616//2417 
f 2687//2488 2686//2487 2615//2416 
f 2686//2487 2685//2486 2614//2415 
f 2685//2486 2684//2485 2613//2414 
f 2684//2485 2683//2484 2612//2413 
f 2683//2484 2682//2483 2611//2412 
f 2682//2483 2681//2482 2610//2411 
f 2681//2482 2680//2481 2609//2410 
f 2680//2481 2679//2480 2608//2409 
f 2679//2480 2678//2479 2607//2408 
f 2678//2479 2677//2478 2606//2407 
f 2677//2478 2676//2477 2605//2406 
f 2676//2477 2675//2476 2604//2405 
f 2675//2476 2674//2475 2603//2404 
f 2674//2475 2673//2474 2602//2403 
f 2673//2474 2672//2473 2601//2402 
f 2672//2473 2671//2472 2600//2401 
f 2671//2472 2670//2471 2599//2400 
f 2670//2471 2669//2470 2598//2399 
f 2669//2470 2668//2469 2597//2398 
f 2668//2469 2667//2468 2596//2397 
f 2667//2468 2666//2467 2595//2396 
f 2666//2467 2665//2466 2594//2395 
f 2665//2466 2664//2465 2593//2394 
f 2664//2465 2734//2535 2663//2464 
f 2662//2463 2661//2462 2590//2391 
f 2661//2462 2660//2461 2589//2390 
f 2660//2461 2659//2460 2588//2389 
f 2659//2460 2658//2459 2587//2388 
f 2658//2459 2657//2458 2586//2387 
f 2657//2458 2656//2457 2585//2386 
f 2656//2457 2655//2456 2584//2385 
f 2655//2456 2654//2455 2583//2384 
f 2654//2455 2653//2454 2582//2383 
f 2653//2454 2652//2453 2581//2382 
f 2652//2453 2651//2452 2580//2381 
f 2651//2452 2650//2451 2579//2380 
f 2650//2451 2649//2450 2578//2379 
f 2649//2450 2648//2449 2577//2378 
f 2648//2449 2647//2448 2576//2377 
f 2647//2448 2646//2447 2575//2376 
f 2646//2447 2645//2446 2574//2375 
f 2645//2446 2644//2445 2573//2374 
f 2644//2445 2643//2444 2572//2373 
f 2643//2444 2642//2443 2571//2372 
f 2642//2443 2641//2442 2570//2371 
f 2641//2442 2640//2441 2569//2370 
f 2640//2441 2639//2440 2568//2369 
f 2639//2440 2638//2439 2567//2368 
f 2638//2439 2637//2438 2566//2367 
f 2637//2438 2636//2437 2565//2366 
f 2636//2437 2635//2436 2564//2365 
f 2635//2436 2634//2435 2563//2364 
f 2634//2435 2633//2434 2562//2363 
f 2633//2434 2632//2433 2561//2362 
f 2632//2433 2631//2432 2560//2361 
f 2631//2432 2630//2431 2559//2360 
f 2630//2431 2629//2430 2558//2359 
f 2629//2430 2628//2429 2557//2358 
f 2628//2429 2627//2428 2556//2357 
f 2627//2428 2626//2427 2555//2356 
f 2626//2427 2625//2426 2554//2355 
f 2625//2426 2624//2425 2553//2354 
f 2624//2425 2623//2424 2552//2353 
f 2623//2424 2622//2423 2551//2352 
f 2622//2423 2621//2422 2550//2351 
f 2621//2422 2620//2421 2549//2350 
f 2620//2421 2619//2420 2548//2349 
f 2619//2420 2618//2419 2547//2348 
f 2618//2419 2617//2418 2546//2347 
f 2617//2418 2616//2417 2545//2346 
f 2616//2417 2615//2416 2544//2345 
f 2615//2416 2614//2415 2543//2344 
f 2614//2415 2613//2414 2542//2343 
f 2613//2414 2612//2413 2541//2342 
f 2612//2413 2611//2412 2540//2341 
f 2611//2412 2610//2411 2539//2340 
f 2610//2411 2609//2410 2538//2339 
f 2609//2410 2608//2409 2537//2338 
f 2608//2409 2607//2408 2536//2337 
f 2607//2408 2606//2407 2535//2336 
f 2606//2407 2605//2406 2534//2335 
f 2605//2406 2604//2405 2533//2334 
f 2604//2405 2603//2404 2532//2333 
f 2603//2404 2602//2403 2531//2332 
f 2602//2403 2601//2402 2530//2331 
f 2601//2402 2600//2401 2529//2330 
f 2600//2401 2599//2400 2528//2329 
f 2599//2400 2598//2399 2527//2328 
f 2598//2399 2597//2398 2526//2327 
f 2597//2398 2596//2397 2525//2326 
f 2596//2397 2595//2396 2524//2325 
f 2595//2396 2594//2395 2523//2324 
f 2594//2395 2593//2394 2522//2323 
f 2593//2394 2663//2464 2592//2393 
f 2591//2392 2590//2391 2519//2320 
f 2590//2391 2589//2390 2518//2319 
f 2589//2390 2588//2389 2517//2318 
f 2588//2389 2587//2388 2516//2317 
f 2587//2388 2586//2387 2515//2316 
f 2586//2387 2585//2386 2514//2315 
f 2585//2386 2584//2385 2513//2314 
f 2584//2385 2583//2384 2512//2313 
f 2583//2384 2582//2383 2511//2312 
f 2582//2383 2581//2382 2510//2311 
f 2581//2382 2580//2381 2509//2310 
f 2580//2381 2579//2380 2508//2309 
f 2579//2380 2578//2379 2507//2308 
f 2578//2379 2577//2378 2506//2307 
f 2577//2378 2576//2377 2505//2306 
f 2576//2377 2575//2376 2504//2305 
f 2575//2376 2574//2375 2503//2304 
f 2574//2375 2573//2374 2502//2303 
f 2573//2374 2572//2373 2501//2302 
f 2572//2373 2571//2372 2500//2301 
f 2571//2372 2570//2371 2499//2300 
f 2570//2371 2569//2370 2498//2299 
f 2569//2370 2568//2369 2497//2298 
f 2568//2369 2567//2368 2496//2297 
f 2567//2368 2566//2367 2495//2296 
f 2566//2367 2565//2366 2494//2295 
f 2565//2366 2564//2365 2493//2294 
f 2564//2365 2563//2364 2492//2293 
f 2563//2364 2562//2363 2491//2292 
f 2562//2363 2561//2362 2490//2291 
f 2561//2362 2560//2361 2489//2290 
f 2560//2361 2559//2360 2488//2289 
f 2559//2360 2558//2359 2487//2288 
f 2558//2359 2557//2358 2486//2287 
f 2557//2358 2556//2357 2485//2286 
f 2556//2357 2555//2356 2484//2285 
f 2555//2356 2554//2355 2483//2284 
f 2554//2355 2553//2354 2482//2283 
f 2553//2354 2552//2353 2481//2282 
f 2552//2353 2551//2352 2480//2281 
f 2551//2352 2550//2351 2479//2280 
f 2550//2351 2549//2350 2478//2279 
f 2549//2350 2548//2349 2477//2278 
f 2548//2349 2547//2348 2476//2277 
f 2547//2348 2546//2347 2475//2276 
f 2546//2347 2545//2346 2474//2275 
f 2545//2346 2544//2345 2473//2274 
f 2544//2345 2543//2344 2472//2273 
f 2543//2344 2542//2343 2471//2272 
f 2542//2343 2541//2342 2470//2271 
f 2541//2342 2540//2341 2469//2270 
f 2540//2341 2539//2340 2468//2269 
f 2539//2340 2538//2339 2467//2268 
f 2538//2339 2537//2338 2466//2267 
f 2537//2338 2536//2337 2465//2266 
f 2536//2337 2535//2336 2464//2265 
f 2535//2336 2534//2335 2463//2264 
f 2534//2335 2533//2334 2462//2263 
f 2533//2334 2532//2333 2461//2262 
f 2532//2333 2531//2332 2460//2261 
f 2531//2332 2530//2331 2459//2260 
f 2530//2331 2529//2330 2458//2259 
f 2529//2330 2528//2329 2457//2258 
f 2528//2329 2527//2328 2456//2257 
f 2527//2328 2526//2327 2455//2256 
f 2526//2327 2525//2326 2454//2255 
f 2525//2326 2524//2325 2453//2254 
f 2524//2325 2523//2324 2452//2253 
f 2523//2324 2522//2323 2451//2252 
f 2522//2323 2592//2393 2521//2322 
f 2520//2321 2519//2320 2448//2249 
f 2519//2320 2518//2319 2447//2248 
f 2518//2319 2517//2318 2446//2247 
f 2517//2318 2516//2317 2445//2246 
f 2516//2317 2515//2316 2444//2245 
f 2515//2316 2514//2315 2443//2244 
f 2514//2315 2513//2314 2442//2243 
f 2513//2314 2512//2313 2441//2242 
f 2512//2313 2511//2312 2440//2241 
f 2511//2312 2510//2311 2439//2240 
f 2510//2311 2509//2310 2438//2239 
f 2509//2310 2508//2309 2437//2238 
f 2508//2309 2507//2308 2436//2237 
f 2507//2308 2506//2307 2435//2236 
f 2506//2307 2505//2306 2434//2235 
f 2505//2306 2504//2305 2433//2234 
f 2504//2305 2503//2304 2432//2233 
f 2503//2304 2502//2303 2431//2232 
f 2502//2303 2501//2302 2430//2231 
f 2501//2302 2500//2301 2429//2230 
f 2500//2301 2499//2300 2428//2229 
f 2499//2300 2498//2299 2427//2228 
f 2498//2299 2497//2298 2426//2227 
f 2497//2298 2496//2297 2425//2226 
f 2496//2297 2495//2296 2424//2225 
f 2495//2296 2494//2295 2423//2224 
f 2494//2295 2493//2294 2422//2223 
f 2493//2294 2492//2293 2421//2222 
f 2492//2293 2491//2292 2420//2221 
f 2491//2292 2490//2291 2419//2220 
f 2490//2291 2489//2290 2418//2219 
f 2489//2290 2488//2289 2417//2218 
f 2488//2289 2487//2288 2416//2217 
f 2487//2288 2486//2287 2415//2216 
f 2486//2287 2485//2286 2414//2215 
f 2485//2286 2484//2285 2413//2214 
f 2484//2285 2483//2284 2412//2213 
f 2483//2284 2482//2283 2411//2212 
f 2482//2283 2481//2282 2410//2211 
f 2481//2282 2480//2281 2409//2210 
f 2480//2281 2479//2280 2408//2209 
f 2479//2280 2478//2279 2407//2208 
f 2478//2279 2477//2278 2406//2207 
f 2477//2278 2476//2277 2405//2206 
f 2476//2277 2475//2276 2404//2205 
f 2475//2276 2474//2275 2403//2204 
f 2474//2275 2473//2274 2402//2203 
f 2473//2274 2472//2273 2401//2202 
f 2472//2273 2471//2272 2400//2201 
f 2471//2272 2470//2271 2399//2200 
f 2470//2271 2469//2270 2398//2199 
f 2469//2270 2468//2269 2397//2198 
f 2468//2269 2467//2268 2396//2197 
f 2467//2268 2466//2267 2395//2196 
f 2466//2267 2465//2266 2394//2195 
f 2465//2266 2464//2265 2393//2194 
f 2464//2265 2463//2264 2392//2193 
f 2463//2264 2462//2263 2391//2192 
f 2462//2263 2461//2262 2390//2191 
f 2461//2262 2460//2261 2389//2190 
f 2460//2261 2459//2260 2388//2189 
f 2459//2260 2458//2259 2387//2188 
f 2458//2259 2457//2258 2386//2187 
f 2457//2258 2456//2257 2385//2186 
f 2456//2257 2455//2256 2384//2185 
f 2455//2256 2454//2255 2383//2184 
f 2454//2255 2453//2254 2382//2183 
f 2453//2254 2452//2253 2381//2182 
f 2452//2253 2451//2252 2380//2181 
f 2451//2252 2521//2322 2450//2251 
f 2449//2250 2448//2249 2377//2178 
f 2448//2249 2447//2248 2376//2177 
f 2447//2248 2446//2247 2375//2176 
f 2446//2247 2445//2246 2374//2175 
f 2445//2246 2444//2245 2373//2174 
f 2444//2245 2443//2244 2372//2173 
f 2443//2244 2442//2243 2371//2172 
f 2442//2243 2441//2242 2370//2171 
f 2441//2242 2440//2241 2369//2170 
f 2440//2241 2439//2240 2368//2169 
f 2439//2240 2438//2239 2367//2168 
f 2438//2239 2437//2238 2366//2167 
f 2437//2238 2436//2237 2365//2166 
f 2436//2237 2435//2236 2364//2165 
f 2435//2236 2434//2235 2363//2164 
f 2434//2235 2433//2234 2362//2163 
f 2433//2234 2432//2233 2361//2162 
f 2432//2233 2431//2232 2360//2161 
f 2431//2232 2430//2231 2359//2160 
f 2430//2231 2429//2230 2358//2159 
f 2429//2230 2428//2229 2357//2158 
f 2428//2229 2427//2228 2356//2157 
f 2427//2228 2426//2227 2355//2156 
f 2426//2227 2425//2226 2354//2155 
f 2425//2226 2424//2225 2353//2154 
f 2424//2225 2423//2224 2352//2153 
f 2423//2224 2422//2223 2351//2152 
f 2422//2223 2421//2222 2350//2151 
f 2421//2222 2420//2221 2349//2150 
f 2420//2221 2419//2220 2348//2149 
f 2419//2220 2418//2219 2347//2148 
f 2418//2219 2417//2218 2346//2147 
f 2417//2218 2416//2217 2345//2146 
f 2416//2217 2415//2216 2344//2145 
f 2415//2216 2414//2215 2343//2144 
f 2414//2215 2413//2214 2342//2143 
f 2413//2214 2412//2213 2341//2142 
f 2412//2213 2411//2212 2340//2141 
f 2411//2212 2410//2211 2339//2140 
f 2410//2211 2409//2210 2338//2139 
f 2409//2210 2408//2209 2337//2138 
f 2408//2209 2407//2208 2336//2137 
f 2407//2208 2406//2207 2335//2136 
f 2406//2207 2405//2206 2334//2135 
f 2405//2206 2404//2205 2333//2134 
f 2404//2205 2403//2204 2332//2133 
f 2403//2204 2402//2203 2331//2132 
f 2402//2203 2401//2202 2330//2131 
f 2401//2202 2400//2201 2329//2130 
f 2400//2201 2399//2200 2328//2129 
f 2399//2200 2398//2199 2327//2128 
f 2398//2199 2397//2198 2326//2127 
f 2397//2198 2396//2197 2325//2126 
f 2396//2197 2395//2196 2324//2125 
f 2395//2196 2394//2195 2323//2124 
f 2394//2195 2393//2194 2322//2123 
f 2393//2194 2392//2193 2321//2122 
f 2392//2193 2391//2192 2320//2121 
f 2391//2192 2390//2191 2319//2120 
f 2390//2191 2389//2190 2318//2119 
f 2389//2190 2388//2189 2317//2118 
f 2388//2189 2387//2188 2316//2117 
f 2387//2188 2386//2187 2315//2116 
f 2386//2187 2385//2186 2314//2115 
f 2385//2186 2384//2185 2313//2114 
f 2384//2185 2383//2184 2312//2113 
f 2383//2184 2382//2183 2311//2112 
f 2382//2183 2381//2182 2310//2111 
f 2381//2182 2380//2181 2309//2110 
f 2380//2181 2450//2251 2379//2180 
f 2378//2179 2377//2178 2307//2105 
f 2377//2178 2376//2177 2306//2104 
f 2376//2177 2375//2176 2305//2102 
f 2375//2176 2374//2175 2304//2099 
f 2374//2175 2373//2174 2303//2095 
f 2373//2174 2372//2173 2302//2093 
f 2372//2173 2371//2172 2301//2092 
f 2371//2172 2370//2171 2300//2090 
f 2370//2171 2369//2170 2299//2087 
f 2369//2170 2368//2169 2298//2083 
f 2368//2169 2367//2168 2297//2081 
f 2367//2168 2366//2167 2296//2080 
f 2366//2167 2365//2166 2295//2078 
f 2365//2166 2364//2165 2294//2075 
f 2364//2165 2363//2164 2293//2071 
f 2363//2164 2362//2163 2292//2069 
f 2362//2163 2361//2162 2291//2068 
f 2361//2162 2360//2161 2290//2066 
f 2360//2161 2359//2160 2289//2063 
f 2359//2160 2358//2159 2288//2059 
f 2358//2159 2357//2158 2287//2057 
f 2357//2158 2356//2157 2286//2056 
f 2356//2157 2355//2156 2285//2054 
f 2355//2156 2354//2155 2284//2051 
f 2354//2155 2353//2154 2283//2047 
f 2353//2154 2352//2153 2282//2045 
f 2352//2153 2351//2152 2281//2044 
f 2351//2152 2350//2151 2280//2042 
f 2350//2151 2349//2150 2279//2039 
f 2349//2150 2348//2149 2278//2035 
f 2348//2149 2347//2148 2277//2033 
f 2347//2148 2346//2147 2276//2032 
f 2346//2147 2345//2146 2275//2030 
f 2345//2146 2344//2145 2274//2027 
f 2344//2145 2343//2144 2273//2023 
f 2343//2144 2342//2143 2272//2021 
f 2342//2143 2341//2142 2271//2020 
f 2341//2142 2340//2141 2270//2018 
f 2340//2141 2339//2140 2269//2015 
f 2339//2140 2338//2139 2268//2011 
f 2338//2139 2337//2138 2267//2009 
f 2337//2138 2336//2137 2266//2008 
f 2336//2137 2335//2136 2265//2006 
f 2335//2136 2334//2135 2264//2003 
f 2334//2135 2333//2134 2263//1999 
f 2333//2134 2332//2133 2262//1997 
f 2332//2133 2331//2132 2261//1996 
f 2331//2132 2330//2131 2260//1994 
f 2330//2131 2329//2130 2259//1991 
f 2329//2130 2328//2129 2258//1987 
f 2328//2129 2327//2128 2257//1985 
f 2327//2128 2326//2127 2256//1984 
f 2326//2127 2325//2126 2255//1982 
f 2325//2126 2324//2125 2254//1979 
f 2324//2125 2323//2124 2253//1975 
f 2323//2124 2322//2123 2252//1973 
f 2322//2123 2321//2122 2251//1972 
f 2321//2122 2320//2121 2250//1970 
f 2320//2121 2319//2120 2249//1967 
f 2319//2120 2318//2119 2248//1963 
f 2318//2119 2317//2118 2247//1961 
f 2317//2118 2316//2117 2246//1960 
f 2316//2117 2315//2116 2245//1958 
f 2315//2116 2314//2115 2244//1955 
f 2314//2115 2313//2114 2243//1951 
f 2313//2114 2312//2113 2242//1949 
f 2312//2113 2311//2112 2241//1948 
f 2311//2112 2310//2111 2240//1946 
f 2310//2111 2309//2110 2239//1943 
f 2309//2110 2379//2180 2238//1940 
f 2109//2108 2110//4108 2308//2107 
f 2107//2106 2108//2109 2307//2105 
f 2306//2104 2305//2102 2106//2103 
f 2103//2101 2106//2103 2305//2102 
f 2102//2098 2104//2100 2304//2099 
f 2100//2096 2101//2097 2303//2095 
f 2098//2094 2099//2097 2302//2093 
f 2301//2092 2300//2090 2097//2091 
f 2094//2089 2097//2091 2300//2090 
f 2093//2086 2095//2088 2299//2087 
f 2091//2084 2092//2085 2298//2083 
f 2089//2082 2090//2085 2297//2081 
f 2296//2080 2295//2078 2088//2079 
f 2085//2077 2088//2079 2295//2078 
f 2084//2074 2086//2076 2294//2075 
f 2082//2072 2083//2073 2293//2071 
f 2080//2070 2081//2073 2292//2069 
f 2291//2068 2290//2066 2079//2067 
f 2076//2065 2079//2067 2290//2066 
f 2075//2062 2077//2064 2289//2063 
f 2073//2060 2074//2061 2288//2059 
f 2071//2058 2072//2061 2287//2057 
f 2286//2056 2285//2054 2070//2055 
f 2067//2053 2070//2055 2285//2054 
f 2066//2050 2068//2052 2284//2051 
f 2064//2048 2065//2049 2283//2047 
f 2062//2046 2063//2049 2282//2045 
f 2281//2044 2280//2042 2061//2043 
f 2058//2041 2061//2043 2280//2042 
f 2057//2038 2059//2040 2279//2039 
f 2055//2036 2056//2037 2278//2035 
f 2053//2034 2054//2037 2277//2033 
f 2276//2032 2275//2030 2052//2031 
f 2049//2029 2052//2031 2275//2030 
f 2047//2026 2050//2028 2274//2027 
f 2046//2024 2048//2025 2273//2023 
f 2044//2022 2045//2025 2272//2021 
f 2271//2020 2270//2018 2043//2019 
f 2040//2017 2043//2019 2270//2018 
f 2038//2014 2041//2016 2269//2015 
f 2037//2012 2039//2013 2268//2011 
f 2035//2010 2036//2013 2267//2009 
f 2266//2008 2265//2006 2034//2007 
f 2031//2005 2034//2007 2265//2006 
f 2029//2002 2032//2004 2264//2003 
f 2028//2000 2030//2001 2263//1999 
f 2026//1998 2027//2001 2262//1997 
f 2261//1996 2260//1994 2025//1995 
f 2022//1993 2025//1995 2260//1994 
f 2020//1990 2023//1992 2259//1991 
f 2019//1988 2021//1989 2258//1987 
f 2017//1986 2018//1989 2257//1985 
f 2256//1984 2255//1982 2016//1983 
f 2013//1981 2016//1983 2255//1982 
f 2011//1978 2014//1980 2254//1979 
f 2010//1976 2012//1977 2253//1975 
f 2008//1974 2009//1977 2252//1973 
f 2251//1972 2250//1970 2007//1971 
f 2004//1969 2007//1971 2250//1970 
f 2002//1966 2005//1968 2249//1967 
f 2001//1964 2003//1965 2248//1963 
f 1999//1962 2000//1965 2247//1961 
f 2246//1960 2245//1958 1998//1959 
f 1995//1957 1998//1959 2245//1958 
f 1993//1954 1996//1956 2244//1955 
f 1992//1952 1994//1953 2243//1951 
f 1990//1950 1991//1953 2242//1949 
f 2241//1948 2240//1946 1989//1947 
f 1986//1945 1989//1947 2240//1946 
f 1984//1942 1987//1944 2239//1943 
o mesh17
f 4226//4232 2172//4232 2173//4233 
f 2173//4233 4227//4234 4226//4232 
f 4228//4235 2175//4236 2174//4237 
f 2174//4237 4229//4238 4228//4235 
f 4228//4235 4227//4234 2175//4236 
f 4230//4239 4229//4238 2177//4240 
f 4229//4238 2176//4241 2177//4240 
f 4231//4242 4230//4239 2179//4243 
f 2179//4243 2180//4244 4231//4242 
f 4230//4239 2178//4245 2179//4243 
f 4231//4242 2182//4246 2181//4247 
f 2181//4247 4232//4248 4231//4242 
f 4232//4248 2184//4249 2183//4250 
f 2183//4250 4233//4251 4232//4248 
f 4234//4252 4233//4251 2186//4253 
f 4233//4251 2185//4254 2186//4253 
f 4235//4255 4234//4252 2188//4256 
f 2188//4256 2189//4257 4235//4255 
f 4234//4252 2187//4258 2188//4256 
f 4236//4259 2191//4260 2190//4261 
f 2190//4261 4237//4262 4236//4259 
f 4236//4259 4235//4255 2191//4260 
f 4238//4263 2224//4264 2225//4265 
f 2225//4265 4239//4266 4238//4263 
f 4238//4263 2223//4267 2224//4264 
f 4239//4266 2227//4268 2226//4269 
f 2226//4269 4240//4270 4239//4266 
f 4241//4271 4240//4270 2228//4272 
f 4240//4270 2229//4273 2228//4272 
f 4242//4274 4241//4271 2231//4275 
f 4241//4271 2230//4276 2231//4275 
f 2235//4277 4243//4278 4244//4279 
f 4242//4274 2233//4280 2234//4281 
f 2234//4281 4244//4279 4242//4274 
f 4242//4274 2232//4282 2233//4280 
f 4245//4283 4246//4284 2237//4285 
f 2237//4285 2111//4286 4245//4283 
f 2236//4287 2237//4285 4246//4284 
f 4246//4284 4247//4288 2236//4287 
f 2113//4289 2112//4290 4248//4291 
f 2112//4290 4249//4292 4248//4291 
f 4248//4291 4245//4283 2113//4289 
f 4249//4292 2115//4293 2114//4294 
f 2114//4294 4250//4295 4249//4292 
f 4251//4296 4250//4295 2117//4297 
f 4250//4295 2116//4298 2117//4297 
f 4252//4299 4251//4296 2119//4300 
f 2119//4300 2120//4301 4252//4299 
f 4251//4296 2118//4302 2119//4300 
f 4253//4303 4254//4304 2153//4305 
f 2154//4306 4255//4307 4253//4303 
f 4254//4304 2152//4308 2153//4305 
f 4255//4307 2155//4309 2156//4310 
f 2156//4310 4256//4311 4255//4307 
f 4255//4307 2154//4306 2155//4309 
f 4256//4311 2158//4312 2157//4313 
f 2157//4313 4257//4314 4256//4311 
f 4258//4315 4257//4314 2159//4316 
f 4257//4314 2160//4317 2159//4316 
f 4259//4318 4258//4315 2162//4319 
f 4258//4315 2161//4320 2162//4319 
f 4259//4318 2164//4321 2165//4322 
f 2165//4322 4260//4323 4259//4318 
f 4259//4318 2163//4324 2164//4321 
f 4261//4325 4262//4326 2166//4327 
f 2167//4328 2166//4327 4262//4326 
f 4262//4326 4260//4323 2167//4328 
f 4263//4329 4261//4325 2168//4330 
f 2170//4331 4264//4332 4263//4329 
f 4261//4325 2169//4333 2168//4330 
f 4226//4232 4264//4332 2171//4334 
f 4264//4332 2170//4331 2171//4334 
f 4265//4335 4243//4278 1740//4336 
f 2235//4277 1890//4336 1740//4336 
f 1740//4336 4243//4278 2235//4277 
f 2236//4287 4247//4288 1741//4337 
f 4265//4335 1739//4338 1741//4337 
f 1741//4337 4247//4288 4265//4335 
f 4266//4339 2151//4340 2150//4341 
f 2150//4341 4267//4342 4266//4339 
f 4254//4304 4268//4342 4267//4342 
f 4267//4342 2152//4308 4254//4304 
f 4269//4343 2149//4344 2148//4345 
f 2148//4345 4266//4339 4269//4343 
f 4270//4346 2146//4347 2147//4348 
f 2147//4348 4269//4343 4270//4346 
f 4270//4346 2145//4349 2146//4347 
f 4270//4346 4271//4350 2144//4351 
f 4271//4350 2143//4352 2144//4351 
f 4271//4350 4272//4353 2141//4354 
f 4272//4353 2142//4355 2141//4354 
f 4273//4356 2140//4357 2139//4358 
f 2139//4358 4272//4353 4273//4356 
f 4274//4359 2137//4360 2138//4361 
f 2138//4361 4273//4356 4274//4359 
f 4274//4359 2136//4362 2137//4360 
f 4274//4359 4275//4363 2135//4364 
f 4275//4363 2134//4365 2135//4364 
f 4276//4366 2133//4367 2132//4368 
f 2132//4368 4275//4363 4276//4366 
f 4277//4369 2131//4370 2130//4371 
f 2130//4371 4276//4366 4277//4369 
f 4277//4369 4278//4372 2128//4373 
f 2128//4373 2129//4374 4277//4369 
f 4278//4372 2127//4375 2128//4373 
f 4278//4372 4279//4376 2126//4377 
f 4279//4376 2125//4378 2126//4377 
f 4280//4379 2124//4380 2123//4381 
f 2123//4381 4279//4376 4280//4379 
f 4252//4299 2122//4382 4281//4383 
f 2124//4380 4280//4379 4281//4383 
f 4281//4383 2122//4382 2121//4384 
f 4281//4383 2121//4384 2124//4380 
f 2221//4385 2222//4386 4282//4387 
f 4282//4387 4283//4388 2221//4385 
f 4238//4263 4284//4387 4282//4387 
f 4282//4387 2223//4267 4238//4263 
f 4283//4388 4285//4389 2219//4390 
f 4285//4389 2220//4391 2219//4390 
f 4286//4392 2218//4393 2217//4394 
f 2217//4394 4285//4389 4286//4392 
f 4287//4395 2215//4396 2216//4397 
f 2216//4397 4286//4392 4287//4395 
f 4287//4395 2214//4398 2215//4396 
f 4287//4395 4288//4399 2213//4400 
f 4288//4399 2212//4401 2213//4400 
f 4288//4399 4289//4402 2210//4403 
f 4289//4402 2211//4404 2210//4403 
f 4290//4405 2209//4406 2208//4407 
f 2208//4407 4289//4402 4290//4405 
f 4290//4405 4291//4408 2206//4409 
f 2206//4409 2207//4410 4290//4405 
f 4291//4408 2205//4411 2206//4409 
f 4291//4408 4292//4412 2204//4413 
f 4292//4412 2203//4414 2204//4413 
f 4293//4415 2202//4416 2201//4417 
f 2201//4417 4292//4412 4293//4415 
f 4294//4418 2200//4419 2199//4420 
f 2199//4420 4293//4415 4294//4418 
f 4294//4418 4295//4421 2197//4422 
f 2197//4422 2198//4423 4294//4418 
f 4295//4421 2196//4424 2197//4422 
f 4295//4421 4296//4425 2195//4426 
f 4296//4425 2194//4427 2195//4426 
f 4237//4262 2193//4428 4297//4429 
f 4296//4425 4297//4429 2192//4430 
f 4297//4429 2193//4428 2192//4430 
f 2192//4430 2194//4427 4296//4425 
f 4297//4429 4298//4429 4237//4262 
f 2195//4426 2196//4424 4295//4421 
f 2198//4423 2200//4419 4294//4418 
f 2199//4420 2202//4416 4293//4415 
f 2201//4417 2203//4414 4292//4412 
f 2204//4413 2205//4411 4291//4408 
f 2207//4410 2209//4406 4290//4405 
f 2208//4407 2211//4404 4289//4402 
f 2210//4403 2212//4401 4288//4399 
f 2213//4400 2214//4398 4287//4395 
f 2216//4397 2218//4393 4286//4392 
f 2217//4394 2220//4391 4285//4389 
f 2219//4390 2221//4385 4283//4388 
f 2222//4386 2223//4267 4282//4387 
f 4281//4383 4299//4431 4252//4299 
f 2123//4381 2125//4378 4279//4376 
f 2126//4377 2127//4375 4278//4372 
f 2129//4374 2131//4370 4277//4369 
f 2130//4371 2133//4367 4276//4366 
f 2132//4368 2134//4365 4275//4363 
f 2135//4364 2136//4362 4274//4359 
f 2138//4361 2140//4357 4273//4356 
f 2139//4358 2142//4355 4272//4353 
f 2141//4354 2143//4352 4271//4350 
f 2144//4351 2145//4349 4270//4346 
f 2147//4348 2149//4344 4269//4343 
f 2148//4345 2151//4340 4266//4339 
f 2150//4341 2152//4308 4267//4342 
f 1741//4337 1983//4432 2236//4287 
f 1740//4336 1739//4338 4265//4335 
f 2171//4334 2172//4232 4226//4232 
f 2168//4330 2170//4331 4263//4329 
f 2166//4327 2169//4333 4261//4325 
f 2165//4322 2167//4328 4260//4323 
f 2162//4319 2163//4324 4259//4318 
f 2159//4316 2161//4320 4258//4315 
f 2157//4313 2160//4317 4257//4314 
f 2156//4310 2158//4312 4256//4311 
f 2153//4305 2154//4306 4253//4303 
f 2120//4301 2122//4382 4252//4299 
f 2117//4297 2118//4302 4251//4296 
f 2114//4294 2116//4298 4250//4295 
f 2112//4290 2115//4293 4249//4292 
f 2111//4286 2113//4289 4245//4283 
f 4244//4279 2234//4281 2235//4277 
f 2231//4275 2232//4282 4242//4274 
f 2228//4272 2230//4276 4241//4271 
f 2226//4269 2229//4273 4240//4270 
f 2225//4265 2227//4268 4239//4266 
f 2190//4261 2193//4428 4237//4262 
f 2189//4257 2191//4260 4235//4255 
f 2186//4253 2187//4258 4234//4252 
f 2183//4250 2185//4254 4233//4251 
f 2181//4247 2184//4249 4232//4248 
f 2180//4244 2182//4246 4231//4242 
f 2177//4240 2178//4245 4230//4239 
f 2174//4237 2176//4241 4229//4238 
f 2173//4233 2175//4236 4227//4234 
o mesh18
f 4297//4433 4300//4433 4301//4433 
f 4297//4433 4267//4433 4302//4433 
f 4302//4433 4300//4433 4297//4433 
f 4267//4433 4303//4433 4302//4433 
f 4267//4433 4304//4433 4303//4433 
f 4267//4433 4268//4433 4304//4433 
f 4301//4433 4298//4433 4297//4433 
o mesh19
f 4281//4434 4305//4434 4306//4434 
f 4281//4434 4282//4434 4307//4434 
f 4307//4434 4305//4434 4281//4434 
f 4282//4434 4284//4434 4307//4434 
f 4306//4434 4299//4434 4281//4434 
o mesh20
f 4308//4435 4309//4435 4310//4435 
f 4310//4435 4285//4435 4308//4435 
f 4310//4435 4311//4435 4285//4435 
f 4312//4435 4313//4435 4314//4435 
f 4315//4435 4316//4435 4317//4435 
f 4288//4435 4318//4435 4319//4435 
f 4288//4435 4287//4435 4320//4435 
f 4287//4435 4286//4435 4321//4435 
f 4285//4435 4322//4435 4323//4435 
f 4309//4435 4324//4435 4310//4435 
f 4325//4435 4285//4435 4283//4435 
f 4326//4435 4283//4435 4282//4435 
f 4314//4435 4327//4435 4312//4435 
f 4312//4435 4328//4435 4329//4435 
f 4312//4435 4330//4435 4331//4435 
f 4312//4435 4332//4435 4333//4435 
f 4315//4435 4312//4435 4316//4435 
f 4317//4435 4334//4435 4335//4435 
f 4317//4435 4336//4435 4337//4435 
f 4290//4435 4289//4435 4338//4435 
f 4320//4435 4318//4435 4288//4435 
f 4321//4435 4339//4435 4287//4435 
f 4323//4435 4340//4435 4285//4435 
f 4311//4435 4341//4435 4285//4435 
f 4283//4435 4342//4435 4325//4435 
f 4282//4435 4343//4435 4326//4435 
f 4282//4435 4344//4435 4345//4435 
f 4281//4435 4346//4435 4344//4435 
f 4281//4435 4347//4435 4348//4435 
f 4312//4435 4349//4435 4350//4435 
f 4329//4435 4313//4435 4312//4435 
f 4333//4435 4330//4435 4312//4435 
f 4317//4435 4351//4435 4352//4435 
f 4335//4435 4353//4435 4317//4435 
f 4317//4435 4354//4435 4355//4435 
f 4337//4435 4356//4435 4317//4435 
f 4289//4435 4319//4435 4338//4435 
f 4339//4435 4320//4435 4287//4435 
f 4285//4435 4357//4435 4358//4435 
f 4341//4435 4322//4435 4285//4435 
f 4326//4435 4342//4435 4283//4435 
f 4345//4435 4359//4435 4282//4435 
f 4348//4435 4346//4435 4281//4435 
f 4281//4435 4360//4435 4361//4435 
f 4281//4435 4362//4435 4363//4435 
f 4362//4435 4281//4435 4280//4435 
f 4364//4435 4280//4435 4279//4435 
f 4279//4435 4278//4435 4365//4435 
f 4276//4435 4366//4435 4367//4435 
f 4350//4435 4368//4435 4312//4435 
f 4331//4435 4328//4435 4312//4435 
f 4312//4435 4315//4435 4369//4435 
f 4353//4435 4351//4435 4317//4435 
f 4355//4435 4370//4435 4317//4435 
f 4356//4435 4371//4435 4317//4435 
f 4319//4435 4289//4435 4288//4435 
f 4358//4435 4286//4435 4285//4435 
f 4325//4435 4308//4435 4285//4435 
f 4282//4435 4372//4435 4373//4435 
f 4344//4435 4282//4435 4281//4435 
f 4363//4435 4360//4435 4281//4435 
f 4279//4435 4374//4435 4364//4435 
f 4278//4435 4375//4435 4365//4435 
f 4277//4435 4376//4435 4375//4435 
f 4276//4435 4377//4435 4378//4435 
f 4276//4435 4379//4435 4366//4435 
f 4276//4435 4380//4435 4381//4435 
f 4276//4435 4382//4435 4383//4435 
f 4276//4435 4384//4435 4385//4435 
f 4386//4435 4387//4435 4388//4435 
f 4389//4435 4390//4435 4391//4435 
f 4293//4435 4336//4435 4392//4435 
f 4327//4435 4349//4435 4312//4435 
f 4317//4435 4352//4435 4315//4435 
f 4317//4435 4393//4435 4394//4435 
f 4371//4435 4354//4435 4317//4435 
f 4324//4435 4395//4435 4396//4435 
f 4324//4435 4397//4435 4398//4435 
f 4324//4435 4399//4435 4400//4435 
f 4324//4435 4401//4435 4402//4435 
f 4324//4435 4403//4435 4404//4435 
f 4358//4435 4321//4435 4286//4435 
f 4373//4435 4343//4435 4282//4435 
f 4361//4435 4347//4435 4281//4435 
f 4365//4435 4374//4435 4279//4435 
f 4277//4435 4378//4435 4376//4435 
f 4276//4435 4405//4435 4377//4435 
f 4381//4435 4379//4435 4276//4435 
f 4385//4435 4382//4435 4276//4435 
f 4386//4435 4406//4435 4407//4435 
f 4386//4435 4408//4435 4387//4435 
f 4389//4435 4386//4435 4390//4435 
f 4391//4435 4409//4435 4410//4435 
f 4411//4435 4273//4435 4272//4435 
f 4412//4435 4272//4435 4271//4435 
f 4413//4435 4266//4435 4267//4435 
f 4414//4435 4415//4435 4297//4435 
f 4294//4435 4416//4435 4417//4435 
f 4293//4435 4418//4435 4336//4435 
f 4369//4435 4332//4435 4312//4435 
f 4370//4435 4393//4435 4317//4435 
f 4419//4435 4420//4435 4421//4435 
f 4398//4435 4395//4435 4324//4435 
f 4402//4435 4399//4435 4324//4435 
f 4404//4435 4419//4435 4324//4435 
f 4340//4435 4357//4435 4285//4435 
f 4280//4435 4364//4435 4362//4435 
f 4378//4435 4277//4435 4276//4435 
f 4383//4435 4380//4435 4276//4435 
f 4276//4435 4386//4435 4422//4435 
f 4386//4435 4423//4435 4424//4435 
f 4407//4435 4425//4435 4386//4435 
f 4386//4435 4389//4435 4408//4435 
f 4410//4435 4426//4435 4391//4435 
f 4391//4435 4427//4435 4428//4435 
f 4391//4435 4429//4435 4430//4435 
f 4391//4435 4324//4435 4431//4435 
f 4386//4435 4276//4435 4275//4435 
f 4432//4435 4275//4435 4274//4435 
f 4433//4435 4274//4435 4273//4435 
f 4271//4435 4434//4435 4412//4435 
f 4434//4435 4271//4435 4270//4435 
f 4435//4435 4270//4435 4269//4435 
f 4413//4435 4269//4435 4266//4435 
f 4297//4435 4296//4435 4414//4435 
f 4436//4435 4414//4435 4295//4435 
f 4417//4435 4437//4435 4294//4435 
f 4293//4435 4438//4435 4416//4435 
f 4336//4435 4439//4435 4392//4435 
f 4394//4435 4334//4435 4317//4435 
f 4421//4435 4440//4435 4419//4435 
f 4400//4435 4397//4435 4324//4435 
f 4419//4435 4401//4435 4324//4435 
f 4324//4435 4391//4435 4441//4435 
f 4359//4435 4372//4435 4282//4435 
f 4367//4435 4405//4435 4276//4435 
f 4422//4435 4442//4435 4276//4435 
f 4425//4435 4423//4435 4386//4435 
f 4386//4435 4443//4435 4444//4435 
f 4391//4435 4426//4435 4389//4435 
f 4430//4435 4427//4435 4391//4435 
f 4431//4435 4445//4435 4391//4435 
f 4274//4435 4433//4435 4432//4435 
f 4272//4435 4412//4435 4411//4435 
f 4269//4435 4446//4435 4435//4435 
f 4267//4435 4447//4435 4413//4435 
f 4297//4435 4415//4435 4448//4435 
f 4295//4435 4294//4435 4436//4435 
f 4416//4435 4294//4435 4293//4435 
f 4293//4435 4449//4435 4418//4435 
f 4450//4435 4293//4435 4292//4435 
f 4451//4435 4292//4435 4291//4435 
f 4440//4435 4312//4435 4419//4435 
f 4404//4435 4420//4435 4419//4435 
f 4324//4435 4452//4435 4453//4435 
f 4441//4435 4454//4435 4324//4435 
f 4375//4435 4278//4435 4277//4435 
f 4424//4435 4422//4435 4386//4435 
f 4388//4435 4443//4435 4386//4435 
f 4445//4435 4429//4435 4391//4435 
f 4273//4435 4411//4435 4433//4435 
f 4413//4435 4446//4435 4269//4435 
f 4267//4435 4455//4435 4456//4435 
f 4297//4435 4457//4435 4458//4435 
f 4296//4435 4295//4435 4414//4435 
f 4392//4435 4438//4435 4293//4435 
f 4292//4435 4451//4435 4450//4435 
f 4291//4435 4459//4435 4460//4435 
f 4290//4435 4461//4435 4459//4435 
f 4396//4435 4310//4435 4324//4435 
f 4454//4435 4452//4435 4324//4435 
f 4442//4435 4384//4435 4276//4435 
f 4428//4435 4409//4435 4391//4435 
f 4270//4435 4435//4435 4434//4435 
f 4456//4435 4462//4435 4267//4435 
f 4267//4435 4463//4435 4464//4435 
f 4297//4435 4465//4435 4466//4435 
f 4297//4435 4467//4435 4468//4435 
f 4448//4435 4457//4435 4297//4435 
f 4450//4435 4449//4435 4293//4435 
f 4459//4435 4291//4435 4290//4435 
f 4453//4435 4403//4435 4324//4435 
f 4444//4435 4406//4435 4386//4435 
f 4462//4435 4447//4435 4267//4435 
f 4267//4435 4469//4435 4470//4435 
f 4267//4435 4471//4435 4472//4435 
f 4267//4435 4473//4435 4463//4435 
f 4267//4435 4474//4435 4475//4435 
f 4466//4435 4267//4435 4297//4435 
f 4297//4435 4476//4435 4477//4435 
f 4297//4435 4478//4435 4479//4435 
f 4458//4435 4467//4435 4297//4435 
f 4291//4435 4460//4435 4451//4435 
f 4336//4435 4317//4435 4480//4435 
f 4338//4435 4461//4435 4290//4435 
f 4470//4435 4455//4435 4267//4435 
f 4464//4435 4471//4435 4267//4435 
f 4466//4435 4474//4435 4267//4435 
f 4477//4435 4481//4435 4297//4435 
f 4468//4435 4478//4435 4297//4435 
f 4480//4435 4439//4435 4336//4435 
f 4275//4435 4432//4435 4386//4435 
f 4475//4435 4473//4435 4267//4435 
f 4479//4435 4476//4435 4297//4435 
f 4368//4435 4419//4435 4312//4435 
f 4481//4435 4465//4435 4297//4435 
f 4472//4435 4469//4435 4267//4435 
f 4437//4435 4436//4435 4294//4435 
o mesh21
f 4348//4436 4347//4437 4482//4437 
f 4346//4438 4348//4436 4483//4439 
f 4344//4440 4346//4438 4484//4441 
f 4345//4442 4344//4440 4485//4443 
f 4359//4444 4345//4442 4486//4445 
f 4372//4446 4359//4444 4487//4447 
f 4373//4448 4372//4446 4488//4449 
f 4343//4450 4373//4448 4489//4451 
f 4326//4452 4343//4450 4490//4453 
f 4342//4454 4326//4452 4491//4455 
f 4325//4456 4342//4454 4492//4457 
f 4308//4458 4325//4456 4493//4459 
f 4309//4460 4308//4458 4494//4461 
f 4324//4462 4309//4460 4495//4463 
f 4431//4464 4324//4462 4496//4465 
f 4445//4466 4431//4464 4497//4467 
f 4429//4468 4445//4466 4498//4469 
f 4430//4470 4429//4468 4499//4471 
f 4427//4472 4430//4470 4500//4473 
f 4428//4474 4427//4472 4501//4475 
f 4409//4476 4428//4474 4502//4477 
f 4410//4478 4409//4476 4503//4479 
f 4426//4480 4410//4478 4504//4481 
f 4389//4482 4426//4480 4505//4483 
f 4408//4484 4389//4482 4506//4485 
f 4387//4486 4408//4484 4507//4487 
f 4388//4488 4387//4486 4508//4489 
f 4443//4490 4388//4488 4509//4491 
f 4444//4492 4443//4490 4510//4493 
f 4406//4494 4444//4492 4511//4495 
f 4407//4496 4406//4494 4512//4497 
f 4425//4498 4407//4496 4513//4499 
f 4423//4500 4425//4498 4514//4501 
f 4424//4502 4423//4500 4515//4503 
f 4422//4504 4424//4502 4516//4505 
f 4442//4506 4422//4504 4517//4507 
f 4384//4508 4442//4506 4518//4509 
f 4385//4510 4384//4508 4519//4511 
f 4382//4512 4385//4510 4520//4513 
f 4383//4514 4382//4512 4521//4515 
f 4380//4516 4383//4514 4522//4517 
f 4381//4518 4380//4516 4523//4519 
f 4379//4520 4381//4518 4524//4521 
f 4366//4522 4379//4520 4525//4523 
f 4367//4524 4366//4522 4526//4525 
f 4405//4526 4367//4524 4527//4527 
f 4377//4528 4405//4526 4528//4529 
f 4378//4530 4377//4528 4529//4531 
f 4376//4532 4378//4530 4530//4533 
f 4375//4534 4376//4532 4531//4535 
f 4365//4536 4375//4534 4532//4537 
f 4374//4538 4365//4536 4533//4539 
f 4364//4540 4374//4538 4534//4541 
f 4362//4542 4364//4540 4535//4543 
f 4363//4544 4362//4542 4536//4545 
f 4360//4546 4363//4544 4537//4547 
f 4361//4548 4360//4546 4538//4549 
f 4347//4437 4361//4548 4539//4548 
f 4539//4548 4482//4437 4347//4437 
f 4538//4549 4539//4548 4361//4548 
f 4537//4547 4538//4549 4360//4546 
f 4536//4545 4537//4547 4363//4544 
f 4535//4543 4536//4545 4362//4542 
f 4534//4541 4535//4543 4364//4540 
f 4533//4539 4534//4541 4374//4538 
f 4532//4537 4533//4539 4365//4536 
f 4531//4535 4532//4537 4375//4534 
f 4530//4533 4531//4535 4376//4532 
f 4529//4531 4530//4533 4378//4530 
f 4528//4529 4529//4531 4377//4528 
f 4527//4527 4528//4529 4405//4526 
f 4526//4525 4527//4527 4367//4524 
f 4525//4523 4526//4525 4366//4522 
f 4524//4521 4525//4523 4379//4520 
f 4523//4519 4524//4521 4381//4518 
f 4522//4517 4523//4519 4380//4516 
f 4521//4515 4522//4517 4383//4514 
f 4520//4513 4521//4515 4382//4512 
f 4519//4511 4520//4513 4385//4510 
f 4518//4509 4519//4511 4384//4508 
f 4517//4507 4518//4509 4442//4506 
f 4516//4505 4517//4507 4422//4504 
f 4515//4503 4516//4505 4424//4502 
f 4514//4501 4515//4503 4423//4500 
f 4513//4499 4514//4501 4425//4498 
f 4512//4497 4513//4499 4407//4496 
f 4511//4495 4512//4497 4406//4494 
f 4510//4493 4511//4495 4444//4492 
f 4509//4491 4510//4493 4443//4490 
f 4508//4489 4509//4491 4388//4488 
f 4507//4487 4508//4489 4387//4486 
f 4506//4485 4507//4487 4408//4484 
f 4505//4483 4506//4485 4389//4482 
f 4504//4481 4505//4483 4426//4480 
f 4503//4479 4504//4481 4410//4478 
f 4502//4477 4503//4479 4409//4476 
f 4501//4475 4502//4477 4428//4474 
f 4500//4473 4501//4475 4427//4472 
f 4499//4471 4500//4473 4430//4470 
f 4498//4469 4499//4471 4429//4468 
f 4497//4467 4498//4469 4445//4466 
f 4496//4465 4497//4467 4431//4464 
f 4495//4463 4496//4465 4324//4462 
f 4494//4461 4495//4463 4309//4460 
f 4493//4459 4494//4461 4308//4458 
f 4492//4457 4493//4459 4325//4456 
f 4491//4455 4492//4457 4342//4454 
f 4490//4453 4491//4455 4326//4452 
f 4489//4451 4490//4453 4343//4450 
f 4488//4449 4489//4451 4373//4448 
f 4487//4447 4488//4449 4372//4446 
f 4486//4445 4487//4447 4359//4444 
f 4485//4443 4486//4445 4345//4442 
f 4484//4441 4485//4443 4344//4440 
f 4483//4439 4484//4441 4346//4438 
f 4482//4437 4483//4439 4348//4436 
o mesh22
f 4311//4550 4310//4551 4540//4551 
f 4341//4552 4311//4550 4541//4553 
f 4322//4554 4341//4552 4542//4555 
f 4323//4556 4322//4554 4543//4557 
f 4340//4558 4323//4556 4544//4559 
f 4357//4560 4340//4558 4545//4561 
f 4358//4562 4357//4560 4546//4563 
f 4321//4564 4358//4562 4547//4565 
f 4339//4566 4321//4564 4548//4567 
f 4320//4568 4339//4566 4549//4569 
f 4318//4570 4320//4568 4550//4571 
f 4319//4572 4318//4570 4551//4573 
f 4338//4574 4319//4572 4552//4575 
f 4461//4576 4338//4574 4553//4577 
f 4459//4578 4461//4576 4554//4579 
f 4460//4580 4459//4578 4555//4581 
f 4451//4582 4460//4580 4556//4583 
f 4450//4584 4451//4582 4557//4585 
f 4449//4586 4450//4584 4558//4587 
f 4418//4588 4449//4586 4559//4589 
f 4336//4590 4418//4588 4560//4591 
f 4337//4592 4336//4590 4561//4593 
f 4356//4594 4337//4592 4562//4595 
f 4371//4596 4356//4594 4563//4597 
f 4354//4598 4371//4596 4564//4599 
f 4355//4600 4354//4598 4565//4601 
f 4370//4602 4355//4600 4566//4603 
f 4393//4604 4370//4602 4567//4605 
f 4394//4606 4393//4604 4568//4607 
f 4334//4608 4394//4606 4569//4609 
f 4335//4610 4334//4608 4570//4611 
f 4353//4612 4335//4610 4571//4613 
f 4351//4614 4353//4612 4572//4615 
f 4352//4616 4351//4614 4573//4617 
f 4315//4618 4352//4616 4574//4619 
f 4369//4620 4315//4618 4575//4621 
f 4332//4622 4369//4620 4576//4623 
f 4333//4624 4332//4622 4577//4625 
f 4330//4626 4333//4624 4578//4627 
f 4331//4628 4330//4626 4579//4629 
f 4328//4630 4331//4628 4580//4631 
f 4329//4632 4328//4630 4581//4633 
f 4313//4634 4329//4632 4582//4635 
f 4314//4636 4313//4634 4583//4637 
f 4327//4638 4314//4636 4584//4639 
f 4349//4640 4327//4638 4585//4641 
f 4350//4642 4349//4640 4586//4643 
f 4368//4644 4350//4642 4587//4645 
f 4419//4646 4368//4644 4588//4647 
f 4401//4648 4419//4646 4589//4649 
f 4402//4650 4401//4648 4590//4651 
f 4399//4652 4402//4650 4591//4653 
f 4400//4654 4399//4652 4592//4655 
f 4397//4656 4400//4654 4593//4657 
f 4398//4658 4397//4656 4594//4659 
f 4395//4660 4398//4658 4595//4661 
f 4396//4662 4395//4660 4596//4663 
f 4310//4551 4396//4662 4597//4662 
f 4597//4662 4540//4551 4310//4551 
f 4596//4663 4597//4662 4396//4662 
f 4595//4661 4596//4663 4395//4660 
f 4594//4659 4595//4661 4398//4658 
f 4593//4657 4594//4659 4397//4656 
f 4592//4655 4593//4657 4400//4654 
f 4591//4653 4592//4655 4399//4652 
f 4590//4651 4591//4653 4402//4650 
f 4589//4649 4590//4651 4401//4648 
f 4588//4647 4589//4649 4419//4646 
f 4587//4645 4588//4647 4368//4644 
f 4586//4643 4587//4645 4350//4642 
f 4585//4641 4586//4643 4349//4640 
f 4584//4639 4585//4641 4327//4638 
f 4583//4637 4584//4639 4314//4636 
f 4582//4635 4583//4637 4313//4634 
f 4581//4633 4582//4635 4329//4632 
f 4580//4631 4581//4633 4328//4630 
f 4579//4629 4580//4631 4331//4628 
f 4578//4627 4579//4629 4330//4626 
f 4577//4625 4578//4627 4333//4624 
f 4576//4623 4577//4625 4332//4622 
f 4575//4621 4576//4623 4369//4620 
f 4574//4619 4575//4621 4315//4618 
f 4573//4617 4574//4619 4352//4616 
f 4572//4615 4573//4617 4351//4614 
f 4571//4613 4572//4615 4353//4612 
f 4570//4611 4571//4613 4335//4610 
f 4569//4609 4570//4611 4334//4608 
f 4568//4607 4569//4609 4394//4606 
f 4567//4605 4568//4607 4393//4604 
f 4566//4603 4567//4605 4370//4602 
f 4565//4601 4566//4603 4355//4600 
f 4564//4599 4565//4601 4354//4598 
f 4563//4597 4564//4599 4371//4596 
f 4562//4595 4563//4597 4356//4594 
f 4561//4593 4562//4595 4337//4592 
f 4560//4591 4561//4593 4336//4590 
f 4559//4589 4560//4591 4418//4588 
f 4558//4587 4559//4589 4449//4586 
f 4557//4585 4558//4587 4450//4584 
f 4556//4583 4557//4585 4451//4582 
f 4555//4581 4556//4583 4460//4580 
f 4554//4579 4555//4581 4459//4578 
f 4553//4577 4554//4579 4461//4576 
f 4552//4575 4553//4577 4338//4574 
f 4551//4573 4552//4575 4319//4572 
f 4550//4571 4551//4573 4318//4570 
f 4549//4569 4550//4571 4320//4568 
f 4548//4567 4549//4569 4339//4566 
f 4547//4565 4548//4567 4321//4564 
f 4546//4563 4547//4565 4358//4562 
f 4545//4561 4546//4563 4357//4560 
f 4544//4559 4545//4561 4340//4558 
f 4543//4557 4544//4559 4323//4556 
f 4542//4555 4543//4557 4322//4554 
f 4541//4553 4542//4555 4341//4552 
f 4540//4551 4541//4553 4311//4550 
o mesh23
f 4420//4664 4404//4665 4598//4665 
f 4421//4666 4420//4664 4599//4667 
f 4440//4668 4421//4666 4600//4669 
f 4312//4670 4440//4668 4601//4671 
f 4316//4672 4312//4670 4602//4673 
f 4317//4674 4316//4672 4603//4675 
f 4480//4676 4317//4674 4604//4677 
f 4439//4678 4480//4676 4605//4679 
f 4392//4680 4439//4678 4606//4681 
f 4438//4682 4392//4680 4607//4683 
f 4416//4684 4438//4682 4608//4685 
f 4417//4686 4416//4684 4609//4687 
f 4437//4688 4417//4686 4610//4689 
f 4436//4690 4437//4688 4611//4691 
f 4414//4692 4436//4690 4612//4693 
f 4415//4694 4414//4692 4613//4695 
f 4448//4696 4415//4694 4614//4697 
f 4457//4698 4448//4696 4615//4699 
f 4458//4700 4457//4698 4616//4701 
f 4467//4702 4458//4700 4617//4703 
f 4468//4704 4467//4702 4618//4705 
f 4478//4706 4468//4704 4619//4707 
f 4479//4708 4478//4706 4620//4709 
f 4476//4710 4479//4708 4621//4711 
f 4477//4712 4476//4710 4622//4713 
f 4481//4714 4477//4712 4623//4715 
f 4465//4716 4481//4714 4624//4717 
f 4466//4718 4465//4716 4625//4719 
f 4474//4720 4466//4718 4626//4721 
f 4475//4722 4474//4720 4627//4723 
f 4473//4724 4475//4722 4628//4725 
f 4463//4726 4473//4724 4629//4727 
f 4464//4728 4463//4726 4630//4729 
f 4471//4730 4464//4728 4631//4731 
f 4472//4732 4471//4730 4632//4733 
f 4469//4734 4472//4732 4633//4735 
f 4470//4736 4469//4734 4634//4737 
f 4455//4738 4470//4736 4635//4739 
f 4456//4740 4455//4738 4636//4741 
f 4462//4742 4456//4740 4637//4743 
f 4447//4744 4462//4742 4638//4745 
f 4413//4746 4447//4744 4639//4747 
f 4446//4748 4413//4746 4640//4749 
f 4435//4750 4446//4748 4641//4751 
f 4434//4752 4435//4750 4642//4753 
f 4412//4754 4434//4752 4643//4755 
f 4411//4756 4412//4754 4644//4757 
f 4433//4758 4411//4756 4645//4759 
f 4432//4760 4433//4758 4646//4761 
f 4386//4762 4432//4760 4647//4763 
f 4390//4764 4386//4762 4648//4765 
f 4391//4766 4390//4764 4649//4767 
f 4441//4768 4391//4766 4650//4769 
f 4454//4770 4441//4768 4651//4771 
f 4452//4772 4454//4770 4652//4773 
f 4453//4774 4452//4772 4653//4775 
f 4403//4776 4453//4774 4654//4777 
f 4404//4665 4403//4776 4655//4776 
f 4655//4776 4598//4665 4404//4665 
f 4654//4777 4655//4776 4403//4776 
f 4653//4775 4654//4777 4453//4774 
f 4652//4773 4653//4775 4452//4772 
f 4651//4771 4652//4773 4454//4770 
f 4650//4769 4651//4771 4441//4768 
f 4649//4767 4650//4769 4391//4766 
f 4648//4765 4649//4767 4390//4764 
f 4647//4763 4648//4765 4386//4762 
f 4646//4761 4647//4763 4432//4760 
f 4645//4759 4646//4761 4433//4758 
f 4644//4757 4645//4759 4411//4756 
f 4643//4755 4644//4757 4412//4754 
f 4642//4753 4643//4755 4434//4752 
f 4641//4751 4642//4753 4435//4750 
f 4640//4749 4641//4751 4446//4748 
f 4639//4747 4640//4749 4413//4746 
f 4638//4745 4639//4747 4447//4744 
f 4637//4743 4638//4745 4462//4742 
f 4636//4741 4637//4743 4456//4740 
f 4635//4739 4636//4741 4455//4738 
f 4634//4737 4635//4739 4470//4736 
f 4633//4735 4634//4737 4469//4734 
f 4632//4733 4633//4735 4472//4732 
f 4631//4731 4632//4733 4471//4730 
f 4630//4729 4631//4731 4464//4728 
f 4629//4727 4630//4729 4463//4726 
f 4628//4725 4629//4727 4473//4724 
f 4627//4723 4628//4725 4475//4722 
f 4626//4721 4627//4723 4474//4720 
f 4625//4719 4626//4721 4466//4718 
f 4624//4717 4625//4719 4465//4716 
f 4623//4715 4624//4717 4481//4714 
f 4622//4713 4623//4715 4477//4712 
f 4621//4711 4622//4713 4476//4710 
f 4620//4709 4621//4711 4479//4708 
f 4619//4707 4620//4709 4478//4706 
f 4618//4705 4619//4707 4468//4704 
f 4617//4703 4618//4705 4467//4702 
f 4616//4701 4617//4703 4458//4700 
f 4615//4699 4616//4701 4457//4698 
f 4614//4697 4615//4699 4448//4696 
f 4613//4695 4614//4697 4415//4694 
f 4612//4693 4613//4695 4414//4692 
f 4611//4691 4612//4693 4436//4690 
f 4610//4689 4611//4691 4437//4688 
f 4609//4687 4610//4689 4417//4686 
f 4608//4685 4609//4687 4416//4684 
f 4607//4683 4608//4685 4438//4682 
f 4606//4681 4607//4683 4392//4680 
f 4605//4679 4606//4681 4439//4678 
f 4604//4677 4605//4679 4480//4676 
f 4603//4675 4604//4677 4317//4674 
f 4602//4673 4603//4675 4316//4672 
f 4601//4671 4602//4673 4312//4670 
f 4600//4669 4601//4671 4440//4668 
f 4599//4667 4600//4669 4421//4666 
f 4598//4665 4599//4667 4420//4664 
o mesh24
f 4656//4778 4657//4778 5353//4778 
f 4657//4778 4658//4778 5354//4778 
f 4658//4778 4659//4778 5355//4778 
f 4659//4778 4660//4778 5356//4778 
f 5357//4778 5358//4778 5359//4778 
f 5358//4778 5360//4778 5361//4778 
f 5360//4778 5353//4778 5362//4778 
f 5353//4778 5354//4778 5363//4778 
f 5354//4778 5355//4778 5364//4778 
f 5365//4778 5359//4778 5366//4778 
f 5359//4778 5361//4778 5367//4778 
f 5361//4778 5362//4778 5368//4778 
f 5362//4778 5363//4778 5369//4778 
f 5369//4778 4661//4778 4662//4778 
f 5370//4778 4663//4778 4664//4778 
f 5369//4778 4665//4778 4663//4778 
f 4662//4778 4666//4778 5369//4778 
f 5370//4778 4667//4778 4668//4778 
f 4663//4778 5370//4778 5369//4778 
f 4666//4778 4669//4778 5369//4778 
f 4664//4778 4667//4778 5370//4778 
f 4669//4778 4670//4778 5369//4778 
f 5370//4778 4671//4778 4672//4778 
f 5370//4778 4673//4778 4674//4778 
f 4670//4778 4665//4778 5369//4778 
f 5369//4778 4675//4778 4676//4778 
f 5363//4778 4677//4778 4678//4778 
f 4672//4778 4679//4778 5370//4778 
f 5370//4778 4680//4778 4681//4778 
f 4668//4778 4673//4778 5370//4778 
f 4676//4778 4682//4778 5369//4778 
f 5363//4778 4683//4778 4677//4778 
f 5370//4778 4684//4778 4685//4778 
f 5370//4778 4686//4778 4687//4778 
f 4681//4778 4671//4778 5370//4778 
f 4682//4778 4661//4778 5369//4778 
f 5363//4778 4688//4778 4683//4778 
f 5364//4778 4689//4778 4690//4778 
f 5364//4778 4691//4778 4692//4778 
f 5364//4778 4693//4778 4694//4778 
f 4687//4778 4684//4778 5370//4778 
f 4674//4778 4680//4778 5370//4778 
f 5369//4778 4695//4778 4696//4778 
f 5369//4778 4697//4778 4698//4778 
f 5369//4778 5363//4778 4699//4778 
f 5363//4778 4700//4778 4701//4778 
f 5363//4778 4702//4778 4688//4778 
f 4690//4778 5363//4778 5364//4778 
f 4692//4778 4703//4778 5364//4778 
f 5364//4778 4704//4778 4705//4778 
f 5364//4778 4706//4778 4707//4778 
f 5364//4778 4708//4778 4693//4778 
f 5370//4778 4709//4778 4710//4778 
f 4679//4778 4686//4778 5370//4778 
f 4698//4778 4695//4778 5369//4778 
f 5363//4778 4711//4778 4699//4778 
f 5363//4778 4712//4778 4713//4778 
f 5363//4778 4714//4778 4700//4778 
f 4690//4778 4702//4778 5363//4778 
f 4705//4778 4691//4778 5364//4778 
f 4694//4778 4706//4778 5364//4778 
f 5364//4778 4710//4778 4715//4778 
f 5370//4778 4716//4778 4709//4778 
f 4696//4778 4675//4778 5369//4778 
f 5369//4778 4717//4778 4718//4778 
f 4713//4778 4711//4778 5363//4778 
f 4678//4778 4714//4778 5363//4778 
f 4707//4778 4704//4778 5364//4778 
f 4710//4778 5364//4778 5370//4778 
f 4718//4778 4697//4778 5369//4778 
f 4701//4778 4712//4778 5363//4778 
f 4715//4778 4708//4778 5364//4778 
f 4699//4778 4717//4778 5369//4778 
f 4685//4778 4716//4778 5370//4778 
f 5364//4778 5371//4778 5372//4778 
f 5373//4778 5366//4778 5374//4778 
f 5366//4778 5367//4778 5375//4778 
f 5367//4778 5368//4778 5376//4778 
f 5368//4778 5369//4778 5377//4778 
f 5369//4778 5370//4778 5378//4778 
f 5370//4778 5372//4778 5379//4778 
f 5372//4778 5380//4778 5381//4778 
f 5380//4778 4719//4778 4720//4778 
f 5382//4778 5374//4778 5383//4778 
f 5374//4778 5375//4778 5384//4778 
f 5384//4778 4495//4778 4494//4778 
f 5384//4778 4499//4778 4498//4778 
f 5385//4778 4538//4778 4537//4778 
f 5384//4778 4496//4778 4495//4778 
f 4498//4778 4497//4778 5384//4778 
f 5384//4778 4501//4778 4500//4778 
f 5384//4778 4503//4778 4502//4778 
f 5376//4778 4534//4778 4533//4778 
f 5376//4778 4536//4778 4535//4778 
f 4537//4778 5376//4778 5385//4778 
f 5385//4778 4482//4778 4539//4778 
f 5385//4778 4484//4778 4483//4778 
f 5385//4778 4487//4778 4486//4778 
f 5385//4778 4492//4778 4491//4778 
f 5385//4778 4494//4778 4493//4778 
f 4497//4778 4496//4778 5384//4778 
f 4502//4778 4501//4778 5384//4778 
f 4535//4778 4534//4778 5376//4778 
f 4539//4778 4538//4778 5385//4778 
f 5385//4778 4485//4778 4484//4778 
f 5385//4778 4488//4778 4487//4778 
f 4493//4778 4492//4778 5385//4778 
f 4500//4778 4499//4778 5384//4778 
f 5375//4778 5376//4778 4528//4778 
f 5376//4778 4530//4778 4529//4778 
f 5376//4778 4532//4778 4531//4778 
f 4537//4778 4536//4778 5376//4778 
f 4486//4778 4485//4778 5385//4778 
f 5385//4778 4490//4778 4489//4778 
f 4494//4778 5385//4778 5384//4778 
f 5384//4778 4510//4778 4509//4778 
f 4528//4778 4527//4778 5375//4778 
f 4531//4778 4530//4778 5376//4778 
f 4483//4778 4482//4778 5385//4778 
f 4491//4778 4490//4778 5385//4778 
f 5384//4778 4505//4778 4504//4778 
f 4509//4778 4508//4778 5384//4778 
f 5384//4778 4514//4778 4513//4778 
f 5375//4778 4515//4778 4514//4778 
f 4529//4778 4528//4778 5376//4778 
f 4489//4778 4488//4778 5385//4778 
f 5384//4778 4506//4778 4505//4778 
f 4508//4778 4507//4778 5384//4778 
f 4514//4778 5384//4778 5375//4778 
f 5375//4778 4517//4778 4516//4778 
f 5375//4778 4521//4778 4520//4778 
f 5375//4778 4523//4778 4522//4778 
f 5375//4778 4525//4778 4524//4778 
f 4533//4778 4532//4778 5376//4778 
f 4507//4778 4506//4778 5384//4778 
f 4516//4778 4515//4778 5375//4778 
f 5375//4778 4519//4778 4518//4778 
f 4522//4778 4521//4778 5375//4778 
f 5375//4778 4526//4778 4525//4778 
f 4504//4778 4503//4778 5384//4778 
f 5384//4778 4512//4778 4511//4778 
f 4518//4778 4517//4778 5375//4778 
f 4524//4778 4523//4778 5375//4778 
f 4511//4778 4510//4778 5384//4778 
f 4520//4778 4519//4778 5375//4778 
f 4513//4778 4512//4778 5384//4778 
f 5377//4778 5378//4778 5386//4778 
f 5378//4778 5379//4778 5387//4778 
f 5379//4778 5381//4778 5388//4778 
f 5381//4778 4720//4778 4721//4778 
f 5389//4778 5383//4778 5390//4778 
f 5383//4778 5384//4778 5391//4778 
f 5384//4778 5385//4778 5392//4778 
f 5393//4778 5386//4778 5394//4778 
f 5386//4778 5387//4778 5395//4778 
f 5387//4778 5388//4778 5396//4778 
f 5388//4778 4721//4778 4722//4778 
f 5397//4778 4611//4778 4610//4778 
f 5398//4778 4612//4778 4611//4778 
f 4611//4778 5397//4778 5398//4778 
f 5398//4778 4614//4778 4613//4778 
f 4613//4778 4612//4778 5398//4778 
f 5398//4778 4616//4778 4615//4778 
f 4615//4778 4614//4778 5398//4778 
f 4610//4778 4609//4778 5397//4778 
f 5398//4778 4618//4778 4617//4778 
f 5397//4778 4608//4778 4607//4778 
f 4617//4778 4616//4778 5398//4778 
f 4609//4778 4608//4778 5397//4778 
f 5398//4778 4620//4778 4619//4778 
f 5390//4778 4652//4778 4651//4778 
f 5397//4778 4601//4778 4600//4778 
f 4619//4778 4618//4778 5398//4778 
f 5398//4778 4622//4778 4621//4778 
f 5398//4778 4624//4778 4623//4778 
f 5398//4778 5399//4778 4627//4778 
f 5390//4778 4645//4778 4644//4778 
f 5390//4778 4653//4778 4652//4778 
f 5390//4778 4655//4778 4654//4778 
f 5390//4778 5397//4778 4598//4778 
f 5397//4778 4602//4778 4601//4778 
f 5397//4778 4604//4778 4603//4778 
f 4621//4778 4620//4778 5398//4778 
f 5398//4778 4625//4778 4624//4778 
f 4627//4778 4626//4778 5398//4778 
f 5399//4778 4629//4778 4628//4778 
f 5399//4778 4632//4778 4631//4778 
f 5390//4778 4646//4778 4645//4778 
f 5390//4778 4648//4778 4647//4778 
f 5390//4778 4650//4778 4649//4778 
f 4654//4778 4653//4778 5390//4778 
f 5397//4778 4599//4778 4598//4778 
f 4603//4778 4602//4778 5397//4778 
f 4623//4778 4622//4778 5398//4778 
f 4628//4778 4627//4778 5399//4778 
f 4631//4778 4630//4778 5399//4778 
f 5399//4778 4634//4778 4633//4778 
f 5399//4778 5390//4778 4643//4778 
f 4647//4778 4646//4778 5390//4778 
f 4651//4778 4650//4778 5390//4778 
f 4600//4778 4599//4778 5397//4778 
f 4626//4778 4625//4778 5398//4778 
f 4633//4778 4632//4778 5399//4778 
f 5399//4778 4639//4778 4638//4778 
f 5399//4778 4641//4778 4640//4778 
f 4644//4778 4643//4778 5390//4778 
f 4598//4778 4655//4778 5390//4778 
f 5397//4778 4606//4778 4605//4778 
f 4630//4778 4629//4778 5399//4778 
f 4638//4778 4637//4778 5399//4778 
f 5399//4778 4642//4778 4641//4778 
f 4649//4778 4648//4778 5390//4778 
f 4607//4778 4606//4778 5397//4778 
f 5399//4778 4636//4778 4635//4778 
f 4640//4778 4639//4778 5399//4778 
f 4605//4778 4604//4778 5397//4778 
f 4637//4778 4636//4778 5399//4778 
f 4635//4778 4634//4778 5399//4778 
f 5390//4778 5391//4778 5400//4778 
f 5391//4778 5392//4778 5401//4778 
f 5402//4778 5394//4778 5403//4778 
f 5396//4778 4722//4778 4723//4778 
f 5398//4778 5397//4778 5404//4778 
f 5397//4778 5400//4778 5405//4778 
f 5405//4778 4553//4778 4552//4778 
f 5405//4778 4557//4778 4556//4778 
f 5406//4778 4542//4778 4541//4778 
f 5405//4778 4554//4778 4553//4778 
f 4556//4778 4555//4778 5405//4778 
f 5405//4778 4559//4778 4558//4778 
f 5405//4778 4561//4778 4560//4778 
f 5401//4778 4592//4778 4591//4778 
f 5401//4778 4594//4778 4593//4778 
f 5401//4778 4596//4778 4595//4778 
f 5401//4778 4540//4778 4597//4778 
f 4541//4778 5401//4778 5406//4778 
f 5406//4778 4545//4778 4544//4778 
f 5406//4778 4550//4778 4549//4778 
f 5406//4778 4552//4778 4551//4778 
f 4555//4778 4554//4778 5405//4778 
f 4560//4778 4559//4778 5405//4778 
f 5401//4778 4587//4778 4586//4778 
f 4593//4778 4592//4778 5401//4778 
f 4597//4778 4596//4778 5401//4778 
f 5406//4778 4543//4778 4542//4778 
f 5406//4778 4546//4778 4545//4778 
f 4551//4778 4550//4778 5406//4778 
f 4558//4778 4557//4778 5405//4778 
f 5401//4778 4588//4778 4587//4778 
f 5401//4778 4590//4778 4589//4778 
f 4595//4778 4594//4778 5401//4778 
f 4544//4778 4543//4778 5406//4778 
f 5406//4778 4548//4778 4547//4778 
f 4552//4778 5406//4778 5405//4778 
f 5405//4778 4568//4778 4567//4778 
f 5400//4778 4586//4778 4585//4778 
f 4589//4778 4588//4778 5401//4778 
f 4541//4778 4540//4778 5401//4778 
f 4549//4778 4548//4778 5406//4778 
f 5405//4778 4563//4778 4562//4778 
f 4567//4778 4566//4778 5405//4778 
f 5400//4778 4572//4778 4571//4778 
f 4586//4778 5400//4778 5401//4778 
f 4547//4778 4546//4778 5406//4778 
f 5405//4778 4564//4778 4563//4778 
f 4566//4778 4565//4778 5405//4778 
f 5400//4778 4573//4778 4572//4778 
f 5400//4778 4575//4778 4574//4778 
f 5400//4778 4579//4778 4578//4778 
f 5400//4778 4581//4778 4580//4778 
f 5400//4778 4583//4778 4582//4778 
f 4591//4778 4590//4778 5401//4778 
f 4565//4778 4564//4778 5405//4778 
f 5400//4778 4570//4778 4569//4778 
f 4574//4778 4573//4778 5400//4778 
f 5400//4778 4577//4778 4576//4778 
f 4580//4778 4579//4778 5400//4778 
f 5400//4778 4584//4778 4583//4778 
f 4562//4778 4561//4778 5405//4778 
f 4569//4778 5405//4778 5400//4778 
f 4576//4778 4575//4778 5400//4778 
f 4582//4778 4581//4778 5400//4778 
f 4569//4778 4568//4778 5405//4778 
f 4578//4778 4577//4778 5400//4778 
f 4571//4778 4570//4778 5400//4778 
f 5407//4778 5403//4778 5408//4778 
f 5403//4778 5409//4778 5410//4778 
f 5409//4778 5411//4778 5412//4778 
f 5411//4778 4723//4778 4724//4778 
f 5413//4778 5404//4778 5414//4778 
f 5404//4778 5405//4778 5415//4778 
f 5405//4778 5406//4778 5416//4778 
f 5406//4778 5417//4778 5418//4778 
f 5417//4778 5408//4778 5419//4778 
f 5408//4778 5410//4778 5420//4778 
f 5410//4778 5412//4778 5421//4778 
f 5412//4778 4724//4778 4725//4778 
f 5422//4778 5414//4778 5423//4778 
f 5414//4778 5415//4778 5424//4778 
f 5415//4778 5416//4778 5425//4778 
f 5416//4778 5418//4778 5426//4778 
f 5427//4778 5426//4778 4726//4778 
f 5426//4778 4727//4778 4728//4778 
f 4726//4778 4729//4778 5427//4778 
f 4728//4778 4730//4778 5426//4778 
f 5427//4778 4731//4778 4732//4778 
f 5426//4778 4733//4778 4726//4778 
f 4730//4778 4734//4778 5426//4778 
f 4729//4778 4731//4778 5427//4778 
f 4734//4778 4735//4778 5426//4778 
f 5427//4778 4736//4778 4737//4778 
f 5427//4778 4738//4778 4739//4778 
f 4735//4778 4733//4778 5426//4778 
f 5426//4778 4740//4778 4741//4778 
f 5419//4778 5427//4778 4742//4778 
f 4737//4778 4743//4778 5427//4778 
f 5427//4778 4744//4778 4745//4778 
f 4732//4778 4738//4778 5427//4778 
f 4741//4778 4746//4778 5426//4778 
f 5418//4778 4747//4778 4748//4778 
f 4742//4778 4749//4778 5419//4778 
f 5427//4778 4750//4778 4751//4778 
f 4745//4778 4736//4778 5427//4778 
f 4746//4778 4727//4778 5426//4778 
f 5418//4778 4752//4778 4753//4778 
f 5418//4778 4754//4778 4747//4778 
f 5418//4778 4755//4778 4756//4778 
f 5419//4778 4757//4778 4758//4778 
f 5419//4778 4759//4778 4760//4778 
f 5419//4778 4761//4778 4762//4778 
f 4751//4778 4742//4778 5427//4778 
f 4739//4778 4744//4778 5427//4778 
f 5426//4778 4763//4778 4764//4778 
f 4753//4778 5426//4778 5418//4778 
f 5418//4778 4765//4778 4766//4778 
f 4756//4778 4754//4778 5418//4778 
f 4758//4778 5418//4778 5419//4778 
f 4760//4778 4767//4778 5419//4778 
f 5419//4778 4768//4778 4769//4778 
f 5419//4778 4770//4778 4771//4778 
f 5419//4778 4772//4778 4761//4778 
f 4743//4778 4750//4778 5427//4778 
f 4753//4778 4763//4778 5426//4778 
f 5418//4778 4773//4778 4774//4778 
f 5418//4778 4775//4778 4776//4778 
f 5418//4778 4777//4778 4765//4778 
f 4758//4778 4755//4778 5418//4778 
f 4769//4778 4759//4778 5419//4778 
f 4762//4778 4770//4778 5419//4778 
f 5419//4778 4778//4778 4779//4778 
f 5419//4778 4780//4778 4781//4778 
f 4764//4778 4740//4778 5426//4778 
f 5418//4778 4782//4778 4783//4778 
f 4776//4778 4773//4778 5418//4778 
f 4748//4778 4777//4778 5418//4778 
f 4771//4778 4768//4778 5419//4778 
f 4781//4778 4778//4778 5419//4778 
f 4783//4778 4752//4778 5418//4778 
f 4766//4778 4775//4778 5418//4778 
f 4779//4778 4772//4778 5419//4778 
f 4774//4778 4782//4778 5418//4778 
f 4749//4778 4780//4778 5419//4778 
f 5419//4778 5420//4778 5428//4778 
f 5429//4778 5423//4778 5430//4778 
f 5423//4778 5424//4778 5431//4778 
f 5424//4778 5425//4778 5432//4778 
f 5425//4778 5426//4778 5433//4778 
f 5426//4778 5427//4778 5434//4778 
f 5431//4778 5432//4778 4784//4778 
f 5432//4778 5433//4778 4785//4778 
f 5433//4778 5434//4778 4786//4778 
f 5434//4778 5435//4778 4787//4778 
f 5380//4778 4788//4778 4789//4778 
f 5380//4778 5372//4778 4790//4778 
f 5371//4778 5436//4778 4791//4778 
f 5380//4778 4792//4778 4788//4778 
f 5372//4778 4793//4778 4790//4778 
f 5372//4778 4794//4778 4795//4778 
f 5371//4778 4796//4778 4797//4778 
f 5371//4778 4798//4778 4799//4778 
f 5436//4778 4800//4778 4791//4778 
f 4789//4778 4801//4778 5380//4778 
f 4795//4778 4793//4778 5372//4778 
f 5372//4778 4802//4778 4803//4778 
f 5372//4778 4804//4778 4805//4778 
f 5372//4778 4806//4778 4807//4778 
f 4799//4778 4796//4778 5371//4778 
f 5436//4778 4808//4778 4800//4778 
f 4790//4778 4792//4778 5380//4778 
f 4805//4778 4802//4778 5372//4778 
f 4807//4778 4809//4778 5372//4778 
f 5371//4778 4810//4778 4806//4778 
f 5371//4778 4811//4778 4812//4778 
f 5371//4778 4813//4778 4814//4778 
f 4791//4778 4798//4778 5371//4778 
f 4803//4778 4794//4778 5372//4778 
f 4806//4778 5372//4778 5371//4778 
f 4814//4778 4811//4778 5371//4778 
f 5436//4778 4815//4778 4808//4778 
f 4801//4778 4816//4778 5380//4778 
f 5372//4778 4817//4778 4818//4778 
f 4809//4778 4819//4778 5372//4778 
f 4797//4778 4813//4778 5371//4778 
f 4818//4778 4804//4778 5372//4778 
f 5371//4778 4820//4778 4810//4778 
f 5371//4778 4821//4778 4822//4778 
f 5436//4778 4823//4778 4815//4778 
f 4819//4778 4817//4778 5372//4778 
f 4812//4778 4821//4778 5371//4778 
f 4822//4778 4820//4778 5371//4778 
f 4719//4778 4824//4778 4825//4778 
f 5380//4778 4826//4778 4827//4778 
f 4825//4778 4828//4778 4719//4778 
f 4719//4778 4829//4778 4830//4778 
f 4719//4778 4827//4778 4831//4778 
f 5380//4778 4832//4778 4826//4778 
f 4833//4778 4834//4778 4823//4778 
f 4833//4778 4835//4778 4836//4778 
f 4833//4778 4837//4778 4838//4778 
f 4833//4778 4839//4778 4840//4778 
f 4833//4778 4719//4778 4841//4778 
f 4719//4778 4842//4778 4824//4778 
f 4831//4778 4829//4778 4719//4778 
f 5380//4778 4843//4778 4832//4778 
f 4836//4778 4834//4778 4833//4778 
f 4840//4778 4837//4778 4833//4778 
f 4828//4778 4841//4778 4719//4778 
f 4719//4778 4844//4778 4845//4778 
f 4827//4778 4719//4778 5380//4778 
f 4838//4778 4835//4778 4833//4778 
f 4833//4778 4846//4778 4847//4778 
f 4719//4778 4848//4778 4842//4778 
f 4830//4778 4844//4778 4719//4778 
f 4847//4778 4839//4778 4833//4778 
f 4845//4778 4848//4778 4719//4778 
f 4841//4778 4846//4778 4833//4778 
f 5437//4778 4849//4778 4850//4778 
f 5428//4778 4851//4778 4849//4778 
f 5421//4778 4852//4778 4853//4778 
f 4849//4778 5437//4778 5428//4778 
f 5428//4778 4854//4778 4855//4778 
f 5428//4778 4856//4778 4857//4778 
f 5420//4778 4858//4778 4859//4778 
f 5420//4778 4860//4778 4861//4778 
f 4853//4778 5420//4778 5421//4778 
f 5421//4778 4862//4778 4863//4778 
f 4850//4778 4864//4778 5437//4778 
f 4857//4778 4854//4778 5428//4778 
f 5428//4778 4865//4778 4866//4778 
f 5428//4778 4867//4778 4868//4778 
f 5420//4778 4869//4778 4858//4778 
f 4853//4778 4860//4778 5420//4778 
f 5421//4778 4870//4778 4862//4778 
f 4855//4778 4851//4778 5428//4778 
f 4868//4778 4865//4778 5428//4778 
f 4859//4778 5428//4778 5420//4778 
f 5420//4778 4871//4778 4872//4778 
f 5420//4778 4873//4778 4874//4778 
f 4863//4778 4852//4778 5421//4778 
f 4866//4778 4856//4778 5428//4778 
f 5420//4778 4875//4778 4869//4778 
f 4874//4778 4871//4778 5420//4778 
f 5421//4778 4876//4778 4870//4778 
f 4864//4778 4877//4778 5437//4778 
f 5428//4778 4878//4778 4879//4778 
f 4859//4778 4880//4778 5428//4778 
f 4861//4778 4873//4778 5420//4778 
f 4879//4778 4867//4778 5428//4778 
f 5420//4778 4881//4778 4875//4778 
f 5420//4778 4882//4778 4883//4778 
f 5421//4778 4884//4778 4876//4778 
f 4880//4778 4878//4778 5428//4778 
f 4872//4778 4882//4778 5420//4778 
f 4883//4778 4881//4778 5420//4778 
f 4725//4778 4885//4778 4886//4778 
f 5421//4778 4725//4778 4887//4778 
f 4886//4778 4888//4778 4725//4778 
f 4889//4778 4890//4778 4891//4778 
f 4889//4778 4892//4778 4893//4778 
f 4889//4778 4894//4778 4895//4778 
f 4889//4778 5437//4778 4896//4778 
f 4887//4778 4897//4778 5421//4778 
f 4725//4778 4898//4778 4899//4778 
f 4725//4778 4900//4778 4901//4778 
f 4725//4778 4902//4778 4885//4778 
f 4893//4778 4890//4778 4889//4778 
f 4896//4778 4894//4778 4889//4778 
f 4897//4778 4903//4778 5421//4778 
f 4901//4778 4898//4778 4725//4778 
f 4888//4778 4904//4778 4725//4778 
f 4889//4778 4905//4778 4902//4778 
f 4889//4778 4906//4778 4907//4778 
f 4895//4778 4892//4778 4889//4778 
f 4899//4778 4887//4778 4725//4778 
f 4725//4778 4908//4778 4909//4778 
f 4902//4778 4725//4778 4889//4778 
f 4891//4778 4906//4778 4889//4778 
f 4909//4778 4900//4778 4725//4778 
f 4907//4778 4905//4778 4889//4778 
f 4904//4778 4908//4778 4725//4778 
f 5438//4778 5439//4778 1742//4778 
f 5439//4778 1802//4778 1742//4778 
f 1742//4778 1803//4778 5438//4778 
f 5440//4778 1680//4778 1651//4778 
f 5440//4778 5438//4778 1656//4778 
f 5438//4778 1801//4778 1654//4778 
f 1651//4778 1622//4778 5440//4778 
f 5440//4778 1674//4778 1676//4778 
f 5440//4778 1670//4778 1672//4778 
f 1656//4778 1658//4778 5440//4778 
f 1654//4778 1653//4778 5438//4778 
f 5440//4778 1678//4778 1680//4778 
f 1672//4778 1674//4778 5440//4778 
f 1653//4778 1656//4778 5438//4778 
f 5441//4778 5440//4778 1624//4778 
f 1676//4778 1678//4778 5440//4778 
f 5440//4778 1666//4778 1668//4778 
f 5440//4778 1662//4778 1664//4778 
f 1658//4778 1660//4778 5440//4778 
f 1624//4778 1626//4778 5441//4778 
f 1668//4778 1670//4778 5440//4778 
f 1660//4778 1662//4778 5440//4778 
f 5440//4778 1621//4778 1624//4778 
f 1664//4778 1666//4778 5440//4778 
f 5441//4778 1628//4778 1630//4778 
f 1622//4778 1621//4778 5440//4778 
f 5441//4778 1638//4778 1640//4778 
f 5441//4778 1632//4778 1634//4778 
f 1626//4778 1628//4778 5441//4778 
f 5442//4778 5441//4778 1557//4778 
f 5441//4778 1642//4778 1644//4778 
f 5441//4778 1636//4778 1638//4778 
f 1630//4778 1632//4778 5441//4778 
f 5441//4778 1648//4778 1557//4778 
f 1644//4778 1646//4778 5441//4778 
f 1634//4778 1636//4778 5441//4778 
f 1557//4778 1556//4778 5442//4778 
f 1640//4778 1642//4778 5441//4778 
f 1646//4778 1648//4778 5441//4778 
f 5443//4778 5442//4778 1497//4778 
f 5442//4778 1498//4778 1497//4778 
f 5434//4778 4910//4778 4911//4778 
f 4911//4778 5435//4778 5434//4778 
f 5427//4778 4912//4778 4913//4778 
f 5428//4778 4914//4778 4912//4778 
f 4911//4778 4915//4778 5435//4778 
f 5434//4778 4916//4778 4917//4778 
f 5434//4778 4918//4778 4919//4778 
f 5434//4778 5427//4778 4920//4778 
f 5427//4778 4921//4778 4922//4778 
f 5427//4778 4923//4778 4924//4778 
f 4912//4778 5427//4778 5428//4778 
f 4917//4778 4910//4778 5434//4778 
f 5434//4778 4925//4778 4918//4778 
f 5434//4778 4926//4778 4927//4778 
f 4920//4778 4928//4778 5434//4778 
f 4922//4778 4929//4778 5427//4778 
f 4913//4778 4923//4778 5427//4778 
f 4919//4778 4916//4778 5434//4778 
f 4927//4778 4930//4778 5434//4778 
f 5427//4778 4931//4778 4920//4778 
f 4924//4778 4921//4778 5427//4778 
f 4930//4778 4925//4778 5434//4778 
f 4929//4778 4931//4778 5427//4778 
f 4928//4778 4926//4778 5434//4778 
f 5428//4778 4932//4778 4933//4778 
f 5437//4778 4934//4778 4932//4778 
f 5437//4778 4935//4778 4936//4778 
f 5444//4778 4937//4778 4938//4778 
f 5435//4778 4939//4778 4940//4778 
f 4932//4778 5428//4778 5437//4778 
f 5437//4778 4941//4778 4942//4778 
f 4936//4778 4943//4778 5437//4778 
f 5444//4778 4944//4778 4937//4778 
f 4940//4778 5444//4778 5435//4778 
f 5435//4778 4945//4778 4946//4778 
f 4933//4778 4947//4778 5428//4778 
f 4943//4778 4941//4778 5437//4778 
f 4940//4778 4944//4778 5444//4778 
f 5435//4778 4948//4778 4945//4778 
f 5435//4778 4949//4778 4950//4778 
f 5428//4778 4951//4778 4952//4778 
f 4942//4778 4934//4778 5437//4778 
f 4946//4778 4939//4778 5435//4778 
f 4950//4778 4953//4778 5435//4778 
f 4947//4778 4951//4778 5428//4778 
f 5437//4778 4954//4778 4955//4778 
f 5437//4778 4956//4778 4957//4778 
f 5437//4778 5444//4778 4958//4778 
f 5444//4778 4959//4778 4960//4778 
f 5444//4778 4961//4778 4962//4778 
f 4953//4778 4948//4778 5435//4778 
f 4955//4778 4935//4778 5437//4778 
f 5437//4778 4963//4778 4956//4778 
f 5444//4778 4964//4778 4958//4778 
f 5444//4778 4965//4778 4966//4778 
f 5444//4778 4967//4778 4959//4778 
f 4938//4778 4961//4778 5444//4778 
f 4957//4778 4954//4778 5437//4778 
f 4958//4778 4968//4778 5437//4778 
f 5444//4778 4969//4778 4965//4778 
f 4962//4778 4967//4778 5444//4778 
f 4968//4778 4963//4778 5437//4778 
f 4960//4778 4969//4778 5444//4778 
f 4966//4778 4964//4778 5444//4778 
f 5409//4778 5403//4778 4970//4778 
f 5395//4778 4971//4778 4972//4778 
f 5403//4778 4973//4778 4970//4778 
f 4972//4778 5394//4778 5395//4778 
f 4970//4778 4974//4778 5409//4778 
f 5403//4778 4975//4778 4976//4778 
f 5403//4778 4977//4778 4978//4778 
f 5394//4778 4979//4778 4980//4778 
f 5394//4778 4981//4778 4982//4778 
f 5394//4778 4983//4778 4984//4778 
f 5395//4778 4985//4778 4971//4778 
f 4976//4778 4973//4778 5403//4778 
f 4978//4778 4986//4778 5403//4778 
f 5403//4778 4980//4778 4987//4778 
f 5394//4778 4988//4778 4979//4778 
f 5394//4778 4989//4778 4981//4778 
f 4972//4778 4983//4778 5394//4778 
f 4986//4778 4975//4778 5403//4778 
f 4987//4778 4990//4778 5403//4778 
f 5394//4778 4991//4778 4988//4778 
f 4984//4778 4989//4778 5394//4778 
f 4990//4778 4977//4778 5403//4778 
f 4982//4778 4991//4778 5394//4778 
f 4980//4778 5403//4778 5394//4778 
f 5411//4778 4992//4778 4993//4778 
f 5395//4778 4994//4778 4995//4778 
f 5396//4778 4996//4778 4997//4778 
f 5411//4778 4998//4778 4992//4778 
f 5395//4778 4999//4778 4994//4778 
f 5395//4778 5396//4778 5000//4778 
f 4997//4778 5001//4778 5396//4778 
f 5411//4778 5002//4778 4998//4778 
f 5411//4778 5003//4778 5004//4778 
f 5395//4778 5005//4778 4999//4778 
f 5001//4778 5000//4778 5396//4778 
f 5411//4778 5006//4778 5002//4778 
f 5004//4778 5007//4778 5411//4778 
f 5000//4778 5005//4778 5395//4778 
f 5396//4778 5008//4778 5009//4778 
f 5411//4778 5010//4778 5011//4778 
f 5007//4778 5006//4778 5411//4778 
f 5009//4778 4996//4778 5396//4778 
f 5411//4778 5012//4778 5013//4778 
f 4993//4778 5010//4778 5411//4778 
f 4995//4778 5014//4778 5395//4778 
f 5396//4778 5015//4778 5016//4778 
f 5396//4778 5017//4778 5018//4778 
f 5411//4778 5019//4778 5020//4778 
f 5411//4778 5021//4778 5022//4778 
f 5011//4778 5012//4778 5411//4778 
f 5409//4778 5023//4778 5003//4778 
f 5016//4778 5008//4778 5396//4778 
f 5018//4778 5024//4778 5396//4778 
f 5396//4778 5020//4778 5025//4778 
f 5411//4778 5026//4778 5019//4778 
f 5411//4778 5027//4778 5021//4778 
f 5003//4778 5411//4778 5409//4778 
f 5024//4778 5015//4778 5396//4778 
f 5025//4778 5028//4778 5396//4778 
f 5411//4778 5029//4778 5026//4778 
f 5013//4778 5027//4778 5411//4778 
f 5028//4778 5017//4778 5396//4778 
f 5022//4778 5029//4778 5411//4778 
f 5020//4778 5396//4778 5411//4778 
f 5355//4778 5356//4778 5030//4778 
f 5371//4778 5364//4778 5031//4778 
f 5364//4778 5032//4778 5033//4778 
f 5356//4778 5034//4778 5030//4778 
f 5033//4778 5031//4778 5364//4778 
f 5364//4778 5035//4778 5036//4778 
f 5364//4778 5037//4778 5038//4778 
f 5355//4778 5039//4778 5040//4778 
f 5355//4778 5041//4778 5042//4778 
f 5355//4778 5043//4778 5044//4778 
f 5356//4778 5045//4778 5034//4778 
f 5036//4778 5032//4778 5364//4778 
f 5364//4778 5046//4778 5037//4778 
f 5355//4778 5047//4778 5039//4778 
f 5355//4778 5048//4778 5049//4778 
f 5042//4778 5050//4778 5355//4778 
f 5030//4778 5043//4778 5355//4778 
f 5038//4778 5035//4778 5364//4778 
f 5040//4778 5364//4778 5355//4778 
f 5355//4778 5051//4778 5048//4778 
f 5044//4778 5041//4778 5355//4778 
f 5040//4778 5046//4778 5364//4778 
f 5050//4778 5051//4778 5355//4778 
f 5049//4778 5047//4778 5355//4778 
f 5356//4778 5052//4778 5053//4778 
f 5356//4778 5445//4778 5054//4778 
f 5445//4778 5055//4778 5056//4778 
f 5436//4778 5057//4778 5058//4778 
f 5436//4778 5371//4778 5059//4778 
f 5356//4778 5060//4778 5052//4778 
f 5445//4778 5061//4778 5054//4778 
f 5056//4778 5062//4778 5445//4778 
f 5436//4778 5063//4778 5057//4778 
f 5436//4778 5064//4778 5065//4778 
f 5371//4778 5066//4778 5059//4778 
f 5053//4778 5067//4778 5356//4778 
f 5062//4778 5061//4778 5445//4778 
f 5065//4778 5063//4778 5436//4778 
f 5371//4778 5068//4778 5066//4778 
f 5371//4778 5069//4778 5070//4778 
f 5356//4778 5071//4778 5072//4778 
f 5054//4778 5060//4778 5356//4778 
f 5059//4778 5064//4778 5436//4778 
f 5070//4778 5073//4778 5371//4778 
f 5067//4778 5071//4778 5356//4778 
f 5445//4778 5074//4778 5075//4778 
f 5445//4778 5076//4778 5077//4778 
f 5436//4778 5078//4778 5079//4778 
f 5436//4778 5080//4778 5081//4778 
f 5436//4778 5082//4778 5083//4778 
f 5073//4778 5068//4778 5371//4778 
f 5075//4778 5055//4778 5445//4778 
f 5445//4778 5084//4778 5076//4778 
f 5445//4778 5085//4778 5086//4778 
f 5079//4778 5445//4778 5436//4778 
f 5436//4778 5087//4778 5080//4778 
f 5058//4778 5082//4778 5436//4778 
f 5077//4778 5074//4778 5445//4778 
f 5086//4778 5088//4778 5445//4778 
f 5436//4778 5089//4778 5078//4778 
f 5083//4778 5087//4778 5436//4778 
f 5088//4778 5084//4778 5445//4778 
f 5081//4778 5089//4778 5436//4778 
f 5079//4778 5085//4778 5445//4778 
f 5446//4778 4259//4778 4260//4778 
f 4260//4778 5440//4778 5446//4778 
f 5446//4778 4256//4778 4257//4778 
f 5446//4778 4253//4778 4255//4778 
f 5446//4778 4258//4778 4259//4778 
f 4255//4778 4256//4778 5446//4778 
f 4257//4778 4258//4778 5446//4778 
f 5438//4778 5440//4778 4261//4778 
f 5440//4778 4262//4778 4261//4778 
f 5438//4778 4264//4778 4226//4778 
f 4226//4778 5439//4778 5438//4778 
f 4226//4778 4227//4778 5439//4778 
f 5438//4778 4263//4778 4264//4778 
f 5447//4778 4233//4778 4234//4778 
f 4234//4778 4235//4778 5447//4778 
f 5447//4778 4229//4778 4230//4778 
f 5447//4778 4232//4778 4233//4778 
f 4230//4778 4231//4778 5447//4778 
f 4231//4778 4232//4778 5447//4778 
f 5439//4778 4228//4778 4229//4778 
f 4229//4778 5447//4778 5439//4778 
f 5448//4778 5447//4778 4236//4778 
f 4236//4778 4237//4778 5448//4778 
f 5413//4778 5422//4778 4298//4778 
f 4237//4778 4298//4778 5448//4778 
f 4298//4778 5422//4778 5448//4778 
f 4300//4778 5398//4778 5413//4778 
f 4302//4778 5399//4778 5398//4778 
f 4303//4778 5389//4778 5399//4778 
f 4304//4778 5382//4778 5389//4778 
f 5449//4778 4254//4778 4253//4778 
f 5449//4778 4268//4778 4254//4778 
f 5449//4778 5373//4778 4268//4778 
f 5382//4778 4304//4778 4268//4778 
f 4268//4778 5373//4778 5382//4778 
f 5356//4778 5090//4778 5091//4778 
f 5356//4778 5092//4778 5093//4778 
f 5091//4778 5094//4778 5356//4778 
f 5094//4778 5092//4778 5356//4778 
f 5356//4778 4660//4778 5090//4778 
f 5445//4778 5095//4778 5096//4778 
f 5096//4778 5097//4778 5445//4778 
f 5097//4778 5098//4778 5445//4778 
f 5445//4778 5099//4778 5100//4778 
f 5445//4778 5101//4778 5102//4778 
f 5100//4778 5095//4778 5445//4778 
f 5445//4778 5093//4778 5101//4778 
f 5102//4778 5099//4778 5445//4778 
f 5445//4778 5103//4778 5104//4778 
f 5445//4778 5105//4778 5103//4778 
f 5436//4778 5445//4778 5106//4778 
f 5104//4778 5107//4778 5445//4778 
f 5107//4778 5106//4778 5445//4778 
f 5444//4778 5108//4778 5109//4778 
f 5109//4778 5110//4778 5444//4778 
f 5444//4778 5111//4778 5108//4778 
f 5437//4778 4889//4778 5111//4778 
f 5111//4778 5444//4778 5437//4778 
f 5444//4778 5112//4778 5113//4778 
f 5444//4778 5114//4778 5115//4778 
f 5115//4778 5112//4778 5444//4778 
f 5444//4778 5116//4778 5117//4778 
f 5444//4778 5118//4778 5114//4778 
f 5117//4778 5119//4778 5444//4778 
f 5444//4778 5120//4778 5118//4778 
f 5113//4778 5116//4778 5444//4778 
f 5435//4778 5121//4778 5122//4778 
f 5435//4778 5123//4778 5121//4778 
f 5435//4778 5444//4778 5124//4778 
f 5124//4778 5123//4778 5435//4778 
f 5122//4778 5125//4778 5435//4778 
f 5431//4778 5126//4778 5127//4778 
f 5431//4778 5128//4778 5129//4778 
f 5431//4778 5130//4778 5126//4778 
f 5129//4778 5131//4778 5431//4778 
f 5128//4778 5132//4778 5133//4778 
f 5431//4778 5134//4778 5130//4778 
f 5133//4778 5129//4778 5128//4778 
f 5128//4778 5135//4778 5136//4778 
f 5128//4778 5137//4778 5138//4778 
f 5139//4778 5140//4778 5141//4778 
f 5140//4778 5142//4778 5143//4778 
f 5431//4778 5144//4778 5145//4778 
f 5131//4778 5134//4778 5431//4778 
f 5128//4778 5146//4778 5147//4778 
f 5128//4778 5148//4778 5135//4778 
f 5138//4778 5149//4778 5128//4778 
f 5141//4778 5150//4778 5139//4778 
f 5143//4778 5151//4778 5140//4778 
f 5152//4778 5153//4778 5140//4778 
f 5430//4778 5154//4778 5155//4778 
f 5430//4778 5156//4778 5157//4778 
f 5431//4778 5158//4778 5144//4778 
f 5147//4778 5132//4778 5128//4778 
f 5149//4778 5148//4778 5128//4778 
f 5151//4778 5141//4778 5140//4778 
f 5140//4778 5159//4778 5160//4778 
f 5161//4778 5162//4778 5152//4778 
f 5155//4778 5161//4778 5430//4778 
f 5430//4778 5163//4778 5164//4778 
f 5157//4778 5165//4778 5430//4778 
f 5431//4778 5166//4778 5167//4778 
f 5431//4778 5168//4778 5158//4778 
f 5136//4778 5146//4778 5128//4778 
f 5128//4778 5139//4778 5169//4778 
f 5140//4778 5170//4778 5142//4778 
f 5140//4778 5153//4778 5159//4778 
f 5155//4778 5162//4778 5161//4778 
f 5430//4778 5171//4778 5172//4778 
f 5164//4778 5173//4778 5430//4778 
f 5165//4778 5174//4778 5430//4778 
f 5430//4778 5175//4778 5176//4778 
f 5167//4778 5177//4778 5431//4778 
f 5127//4778 5168//4778 5431//4778 
f 5139//4778 5178//4778 5169//4778 
f 5160//4778 5170//4778 5140//4778 
f 5172//4778 5154//4778 5430//4778 
f 5174//4778 5163//4778 5430//4778 
f 5430//4778 5179//4778 5175//4778 
f 5145//4778 5166//4778 5431//4778 
f 5139//4778 5180//4778 5178//4778 
f 5139//4778 5181//4778 5182//4778 
f 5140//4778 5161//4778 5152//4778 
f 5176//4778 5156//4778 5430//4778 
f 5169//4778 5137//4778 5128//4778 
f 5139//4778 5183//4778 5181//4778 
f 5173//4778 5171//4778 5430//4778 
f 5182//4778 5180//4778 5139//4778 
f 5150//4778 5184//4778 5139//4778 
f 5431//4778 5185//4778 5179//4778 
f 5184//4778 5183//4778 5139//4778 
f 5431//4778 5186//4778 5185//4778 
f 5179//4778 5430//4778 5431//4778 
f 5177//4778 5187//4778 5431//4778 
f 5430//4778 5188//4778 5189//4778 
f 5430//4778 5161//4778 5188//4778 
f 5189//4778 5450//4778 5430//4778 
f 5429//4778 5190//4778 5191//4778 
f 5429//4778 5192//4778 5190//4778 
f 5429//4778 5450//4778 5193//4778 
f 5193//4778 5192//4778 5429//4778 
f 5191//4778 5194//4778 5429//4778 
f 5422//4778 5429//4778 5195//4778 
f 5195//4778 5448//4778 5422//4778 
f 5448//4778 5196//4778 5197//4778 
f 5448//4778 5198//4778 5196//4778 
f 5447//4778 5448//4778 5199//4778 
f 5199//4778 5200//4778 5447//4778 
f 5439//4778 1616//4778 1618//4778 
f 5447//4778 1586//4778 1590//4778 
f 5439//4778 1614//4778 1616//4778 
f 5439//4778 1610//4778 1612//4778 
f 5447//4778 1596//4778 1598//4778 
f 5447//4778 1592//4778 1594//4778 
f 5447//4778 1584//4778 1586//4778 
f 1612//4778 1614//4778 5439//4778 
f 5447//4778 1608//4778 1610//4778 
f 1594//4778 1596//4778 5447//4778 
f 1590//4778 1591//4778 5447//4778 
f 1610//4778 5439//4778 5447//4778 
f 5447//4778 1604//4778 1606//4778 
f 5447//4778 1600//4778 1602//4778 
f 1591//4778 1592//4778 5447//4778 
f 1606//4778 1608//4778 5447//4778 
f 1598//4778 1600//4778 5447//4778 
f 1602//4778 1604//4778 5447//4778 
f 5447//4778 5201//4778 1582//4778 
f 1582//4778 1584//4778 5447//4778 
f 5201//4778 1578//4778 1580//4778 
f 1578//4778 5201//4778 5202//4778 
f 1580//4778 1582//4778 5201//4778 
f 5202//4778 1574//4778 1576//4778 
f 5443//4778 1560//4778 1562//4778 
f 5202//4778 1576//4778 1578//4778 
f 5202//4778 1570//4778 1572//4778 
f 5202//4778 1564//4778 1566//4778 
f 1562//4778 5202//4778 5443//4778 
f 5443//4778 1496//4778 1558//4778 
f 1572//4778 1574//4778 5202//4778 
f 1566//4778 1568//4778 5202//4778 
f 5443//4778 1559//4778 1560//4778 
f 5443//4778 1495//4778 1496//4778 
f 1568//4778 1570//4778 5202//4778 
f 1558//4778 1559//4778 5443//4778 
f 1562//4778 1564//4778 5202//4778 
f 5443//4778 5203//4778 5204//4778 
f 5443//4778 5202//4778 5205//4778 
f 5443//4778 5206//4778 5207//4778 
f 5205//4778 5203//4778 5443//4778 
f 5204//4778 5206//4778 5443//4778 
f 5208//4778 5209//4778 5210//4778 
f 5208//4778 5211//4778 5209//4778 
f 5208//4778 5212//4778 5213//4778 
f 5443//4778 5214//4778 5215//4778 
f 5208//4778 5216//4778 5211//4778 
f 5213//4778 5217//4778 5208//4778 
f 5443//4778 5210//4778 5214//4778 
f 5217//4778 5216//4778 5208//4778 
f 5210//4778 5443//4778 5208//4778 
f 5208//4778 5218//4778 5219//4778 
f 5208//4778 5220//4778 5221//4778 
f 5222//4778 5223//4778 5224//4778 
f 5443//4778 5225//4778 5226//4778 
f 5443//4778 5227//4778 5228//4778 
f 5443//4778 5229//4778 5230//4778 
f 5443//4778 5231//4778 5232//4778 
f 5208//4778 5233//4778 5212//4778 
f 5208//4778 5234//4778 5218//4778 
f 5208//4778 5235//4778 5236//4778 
f 5220//4778 5237//4778 5221//4778 
f 5222//4778 5238//4778 5223//4778 
f 5222//4778 5442//4778 5239//4778 
f 5442//4778 5240//4778 5241//4778 
f 5442//4778 5242//4778 5243//4778 
f 5442//4778 5244//4778 5245//4778 
f 5442//4778 5246//4778 5247//4778 
f 5226//4778 5442//4778 5443//4778 
f 5443//4778 5248//4778 5227//4778 
f 5232//4778 5229//4778 5443//4778 
f 5219//4778 5233//4778 5208//4778 
f 5221//4778 5235//4778 5208//4778 
f 5222//4778 5249//4778 5250//4778 
f 5222//4778 5251//4778 5252//4778 
f 5222//4778 5253//4778 5238//4778 
f 5239//4778 5254//4778 5222//4778 
f 5241//4778 5255//4778 5442//4778 
f 5442//4778 5256//4778 5242//4778 
f 5247//4778 5244//4778 5442//4778 
f 5226//4778 5257//4778 5442//4778 
f 5230//4778 5248//4778 5443//4778 
f 5236//4778 5234//4778 5208//4778 
f 5250//4778 5220//4778 5222//4778 
f 5222//4778 5258//4778 5259//4778 
f 5252//4778 5260//4778 5222//4778 
f 5224//4778 5261//4778 5222//4778 
f 5255//4778 5239//4778 5442//4778 
f 5245//4778 5256//4778 5442//4778 
f 5443//4778 5262//4778 5225//4778 
f 5215//4778 5231//4778 5443//4778 
f 5259//4778 5249//4778 5222//4778 
f 5261//4778 5251//4778 5222//4778 
f 5243//4778 5240//4778 5442//4778 
f 5228//4778 5262//4778 5443//4778 
f 5220//4778 5263//4778 5264//4778 
f 5260//4778 5258//4778 5222//4778 
f 5257//4778 5246//4778 5442//4778 
f 5220//4778 5265//4778 5266//4778 
f 5220//4778 5267//4778 5268//4778 
f 5250//4778 5263//4778 5220//4778 
f 5266//4778 5237//4778 5220//4778 
f 5264//4778 5267//4778 5220//4778 
f 5268//4778 5265//4778 5220//4778 
f 5442//4778 5269//4778 5270//4778 
f 5442//4778 5222//4778 5269//4778 
f 5441//4778 5271//4778 5272//4778 
f 5441//4778 5273//4778 5271//4778 
f 5441//4778 5270//4778 5273//4778 
f 5272//4778 5274//4778 5441//4778 
f 5440//4778 5441//4778 5275//4778 
f 5275//4778 5446//4778 5440//4778 
f 5446//4778 5276//4778 5277//4778 
f 5446//4778 5278//4778 5276//4778 
f 5449//4778 5279//4778 5280//4778 
f 5449//4778 5277//4778 5279//4778 
f 5373//4778 5449//4778 5281//4778 
f 5449//4778 5282//4778 5281//4778 
f 5365//4778 5283//4778 5284//4778 
f 5365//4778 5285//4778 5283//4778 
f 5365//4778 5286//4778 5287//4778 
f 5287//4778 5285//4778 5365//4778 
f 5365//4778 5281//4778 5286//4778 
f 5358//4778 5357//4778 5288//4778 
f 5357//4778 5289//4778 5288//4778 
f 5288//4778 5290//4778 5358//4778 
f 4656//4778 5291//4778 5292//4778 
f 5360//4778 5293//4778 5294//4778 
f 4656//4778 5295//4778 5291//4778 
f 4656//4778 5294//4778 5296//4778 
f 5360//4778 5297//4778 5293//4778 
f 4656//4778 5298//4778 5295//4778 
f 5294//4778 4656//4778 5360//4778 
f 5360//4778 5299//4778 5300//4778 
f 5360//4778 5301//4778 5302//4778 
f 5358//4778 5303//4778 5304//4778 
f 4656//4778 5305//4778 5306//4778 
f 5296//4778 5298//4778 4656//4778 
f 5360//4778 5307//4778 5308//4778 
f 5360//4778 5309//4778 5299//4778 
f 5302//4778 5310//4778 5360//4778 
f 5358//4778 5311//4778 5312//4778 
f 5304//4778 5313//4778 5358//4778 
f 5358//4778 5314//4778 5315//4778 
f 5314//4778 5316//4778 5317//4778 
f 4656//4778 5318//4778 5319//4778 
f 4656//4778 5320//4778 5305//4778 
f 5308//4778 5297//4778 5360//4778 
f 5310//4778 5309//4778 5360//4778 
f 5313//4778 5311//4778 5358//4778 
f 5358//4778 5321//4778 5322//4778 
f 5358//4778 5323//4778 5324//4778 
f 5314//4778 5325//4778 5315//4778 
f 5314//4778 5326//4778 5327//4778 
f 5317//4778 5328//4778 5314//4778 
f 5319//4778 5329//4778 4656//4778 
f 4656//4778 5330//4778 5320//4778 
f 5300//4778 5307//4778 5360//4778 
f 5358//4778 5331//4778 5303//4778 
f 5358//4778 5332//4778 5321//4778 
f 5315//4778 5323//4778 5358//4778 
f 5314//4778 5333//4778 5334//4778 
f 5327//4778 5335//4778 5314//4778 
f 5328//4778 5336//4778 5314//4778 
f 5314//4778 5337//4778 5338//4778 
f 5319//4778 5339//4778 5329//4778 
f 5292//4778 5330//4778 4656//4778 
f 5360//4778 5340//4778 5341//4778 
f 5322//4778 5331//4778 5358//4778 
f 5334//4778 5325//4778 5314//4778 
f 5336//4778 5326//4778 5314//4778 
f 5338//4778 5342//4778 5314//4778 
f 5306//4778 5318//4778 4656//4778 
f 5360//4778 5343//4778 5340//4778 
f 5360//4778 5344//4778 5345//4778 
f 5360//4778 5358//4778 5346//4778 
f 5324//4778 5332//4778 5358//4778 
f 5342//4778 5316//4778 5314//4778 
f 5341//4778 5301//4778 5360//4778 
f 5346//4778 5344//4778 5360//4778 
f 5335//4778 5333//4778 5314//4778 
f 5329//4778 5347//4778 5337//4778 
f 5345//4778 5343//4778 5360//4778 
f 5312//4778 5348//4778 5358//4778 
f 5337//4778 5314//4778 5349//4778 
f 5348//4778 5346//4778 5358//4778 
f 5329//4778 5350//4778 5347//4778 
f 5337//4778 5349//4778 5329//4778 
f 5339//4778 5351//4778 5329//4778 
f 5407//4778 4243//4778 4265//4778 
f 4265//4778 5402//4778 5407//4778 
f 4265//4778 4247//4778 5402//4778 
f 5407//4778 4244//4778 4243//4778 
f 5393//4778 5402//4778 4246//4778 
f 4246//4778 4245//4778 5393//4778 
f 5377//4778 4251//4778 4252//4778 
f 5377//4778 5393//4778 4249//4778 
f 5377//4778 4250//4778 4251//4778 
f 5393//4778 4248//4778 4249//4778 
f 4249//4778 4250//4778 5377//4778 
f 5385//4778 5376//4778 4299//4778 
f 4252//4778 4299//4778 5377//4778 
f 4299//4778 5376//4778 5377//4778 
f 5385//4778 4306//4778 4305//4778 
f 5392//4778 4305//4778 4307//4778 
f 5407//4778 5417//4778 4241//4778 
f 5417//4778 4284//4778 4238//4778 
f 5417//4778 4240//4778 4241//4778 
f 4238//4778 4239//4778 5417//4778 
f 4239//4778 4240//4778 5417//4778 
f 4241//4778 4242//4778 5407//4778 
f 5417//4778 5406//4778 4284//4778 
f 5401//4778 4307//4778 4284//4778 
f 4284//4778 5406//4778 5401//4778 
f 4242//4778 4244//4778 5407//4778 
f 4307//4778 5401//4778 5392//4778 
f 4305//4778 5392//4778 5385//4778 
f 4299//4778 4306//4778 5385//4778 
f 4245//4778 4248//4778 5393//4778 
f 4247//4778 4246//4778 5402//4778 
f 5351//4778 5350//4778 5329//4778 
f 5290//4778 5314//4778 5358//4778 
f 5289//4778 5357//4778 5284//4778 
f 5284//4778 5357//4778 5365//4778 
f 5281//4778 5365//4778 5373//4778 
f 5280//4778 5282//4778 5449//4778 
f 5277//4778 5449//4778 5446//4778 
f 5275//4778 5278//4778 5446//4778 
f 5274//4778 5275//4778 5441//4778 
f 5270//4778 5441//4778 5442//4778 
f 5254//4778 5253//4778 5222//4778 
f 5207//4778 5208//4778 5443//4778 
f 1618//4778 1802//4778 5439//4778 
f 5200//4778 5201//4778 5447//4778 
f 5197//4778 5199//4778 5448//4778 
f 5195//4778 5198//4778 5448//4778 
f 5194//4778 5195//4778 5429//4778 
f 5193//4778 5450//4778 5352//4778 
f 5189//4778 5352//4778 5450//4778 
f 5187//4778 5186//4778 5431//4778 
f 5125//4778 4787//4778 5435//4778 
f 5119//4778 5124//4778 5444//4778 
f 5110//4778 5120//4778 5444//4778 
f 5106//4778 4833//4778 5436//4778 
f 5098//4778 5105//4778 5445//4778 
f 5093//4778 5445//4778 5356//4778 
f 4253//4778 5446//4778 5449//4778 
f 5389//4778 4303//4778 4304//4778 
f 5399//4778 4302//4778 4303//4778 
f 5398//4778 4300//4778 4302//4778 
f 5413//4778 4301//4778 4300//4778 
f 4298//4778 4301//4778 5413//4778 
f 4235//4778 4236//4778 5447//4778 
f 4227//4778 4228//4778 5439//4778 
f 4261//4778 4263//4778 5438//4778 
f 4260//4778 4262//4778 5440//4778 
f 5072//4778 5045//4778 5356//4778 
f 5031//4778 5069//4778 5371//4778 
f 5014//4778 4985//4778 5395//4778 
f 4974//4778 5023//4778 5409//4778 
f 4952//4778 4914//4778 5428//4778 
f 4915//4778 4949//4778 5435//4778 
f 1497//4778 1495//4778 5443//4778 
f 1556//4778 1498//4778 5442//4778 
f 1803//4778 1801//4778 5438//4778 
f 4903//4778 4884//4778 5421//4778 
f 4877//4778 4896//4778 5437//4778 
f 4823//4778 5436//4778 4833//4778 
f 4816//4778 4843//4778 5380//4778 
f 4787//4778 4786//4778 5434//4778 
f 4786//4778 4785//4778 5433//4778 
f 4785//4778 4784//4778 5432//4778 
f 4784//4778 5128//4778 5431//4778 
f 5434//4778 5433//4778 5426//4778 
f 5433//4778 5432//4778 5425//4778 
f 5432//4778 5431//4778 5424//4778 
f 5431//4778 5430//4778 5423//4778 
f 5430//4778 5450//4778 5429//4778 
f 5428//4778 5427//4778 5419//4778 
f 4767//4778 4757//4778 5419//4778 
f 5426//4778 5425//4778 5416//4778 
f 5425//4778 5424//4778 5415//4778 
f 5424//4778 5423//4778 5414//4778 
f 5423//4778 5429//4778 5422//4778 
f 4725//4778 5421//4778 5412//4778 
f 5421//4778 5420//4778 5410//4778 
f 5420//4778 5419//4778 5408//4778 
f 5419//4778 5418//4778 5417//4778 
f 5418//4778 5416//4778 5406//4778 
f 5416//4778 5415//4778 5405//4778 
f 5415//4778 5414//4778 5404//4778 
f 5414//4778 5422//4778 5413//4778 
f 4724//4778 5412//4778 5411//4778 
f 5412//4778 5410//4778 5409//4778 
f 5410//4778 5408//4778 5403//4778 
f 5408//4778 5417//4778 5407//4778 
f 4585//4778 4584//4778 5400//4778 
f 5405//4778 5404//4778 5397//4778 
f 5404//4778 5413//4778 5398//4778 
f 4723//4778 5411//4778 5396//4778 
f 5403//4778 5407//4778 5402//4778 
f 5401//4778 5400//4778 5391//4778 
f 5400//4778 5397//4778 5390//4778 
f 4643//4778 4642//4778 5399//4778 
f 4722//4778 5396//4778 5388//4778 
f 5396//4778 5395//4778 5387//4778 
f 5395//4778 5394//4778 5386//4778 
f 5394//4778 5402//4778 5393//4778 
f 5392//4778 5391//4778 5384//4778 
f 5391//4778 5390//4778 5383//4778 
f 5390//4778 5399//4778 5389//4778 
f 4721//4778 5388//4778 5381//4778 
f 5388//4778 5387//4778 5379//4778 
f 5387//4778 5386//4778 5378//4778 
f 5386//4778 5393//4778 5377//4778 
f 4527//4778 4526//4778 5375//4778 
f 5384//4778 5383//4778 5374//4778 
f 5383//4778 5389//4778 5382//4778 
f 4720//4778 5381//4778 5380//4778 
f 5381//4778 5379//4778 5372//4778 
f 5379//4778 5378//4778 5370//4778 
f 5378//4778 5377//4778 5369//4778 
f 5377//4778 5376//4778 5368//4778 
f 5376//4778 5375//4778 5367//4778 
f 5375//4778 5374//4778 5366//4778 
f 5374//4778 5382//4778 5373//4778 
f 5372//4778 5370//4778 5364//4778 
f 4703//4778 4689//4778 5364//4778 
f 5369//4778 5368//4778 5362//4778 
f 5368//4778 5367//4778 5361//4778 
f 5367//4778 5366//4778 5359//4778 
f 5366//4778 5373//4778 5365//4778 
f 5364//4778 5363//4778 5354//4778 
f 5363//4778 5362//4778 5353//4778 
f 5362//4778 5361//4778 5360//4778 
f 5361//4778 5359//4778 5358//4778 
f 5359//4778 5365//4778 5357//4778 
f 5356//4778 5355//4778 4659//4778 
f 5355//4778 5354//4778 4658//4778 
f 5354//4778 5353//4778 4657//4778 
f 5353//4778 5360//4778 4656//4778 
o mesh25
f 6132//4779 5451//4779 5452//4779 
f 6133//4779 5452//4779 5453//4779 
f 6134//4779 6132//4779 6133//4779 
f 6135//4779 6133//4779 6136//4779 
f 6137//4779 6136//4779 6138//4779 
f 6139//4779 6134//4779 6135//4779 
f 6140//4779 6141//4779 6142//4779 
f 6143//4779 6144//4779 5454//4779 
f 6145//4779 6146//4779 6147//4779 
f 6148//4779 6149//4779 6145//4779 
f 6150//4779 6145//4779 6151//4779 
f 6152//4779 6151//4779 6153//4779 
f 6154//4779 6153//4779 5455//4779 
f 6155//4779 6148//4779 6150//4779 
f 5456//4779 6155//4779 6156//4779 
f 5457//4779 6156//4779 6157//4779 
f 5458//4779 5455//4779 5459//4779 
f 5455//4779 5460//4779 5461//4779 
f 5458//4779 5462//4779 5463//4779 
f 5458//4779 5464//4779 5465//4779 
f 5458//4779 5466//4779 5467//4779 
f 5458//4779 5468//4779 5469//4779 
f 5461//4779 5459//4779 5455//4779 
f 5465//4779 5462//4779 5458//4779 
f 5469//4779 5466//4779 5458//4779 
f 5455//4779 5470//4779 5460//4779 
f 5455//4779 5471//4779 5472//4779 
f 5455//4779 5473//4779 5474//4779 
f 5455//4779 5475//4779 5476//4779 
f 5455//4779 6153//4779 5477//4779 
f 5467//4779 5464//4779 5458//4779 
f 5458//4779 5478//4779 5479//4779 
f 5459//4779 5480//4779 5458//4779 
f 5474//4779 5471//4779 5455//4779 
f 5477//4779 5475//4779 5455//4779 
f 5479//4779 5468//4779 5458//4779 
f 5455//4779 5481//4779 5470//4779 
f 5455//4779 5482//4779 5483//4779 
f 5476//4779 5473//4779 5455//4779 
f 5480//4779 5478//4779 5458//4779 
f 5472//4779 5482//4779 5455//4779 
f 5483//4779 5481//4779 5455//4779 
f 6147//4779 5484//4779 5485//4779 
f 6147//4779 5486//4779 5487//4779 
f 6147//4779 5488//4779 5489//4779 
f 6153//4779 5490//4779 5491//4779 
f 6151//4779 5492//4779 5490//4779 
f 5487//4779 5484//4779 6147//4779 
f 6147//4779 5493//4779 5488//4779 
f 5490//4779 6153//4779 6151//4779 
f 6151//4779 5494//4779 5495//4779 
f 6151//4779 5496//4779 5497//4779 
f 6147//4779 5498//4779 5499//4779 
f 6147//4779 5500//4779 5501//4779 
f 5489//4779 5486//4779 6147//4779 
f 5491//4779 5502//4779 6153//4779 
f 5497//4779 5494//4779 6151//4779 
f 6151//4779 5503//4779 5504//4779 
f 6151//4779 5505//4779 5506//4779 
f 6151//4779 5507//4779 5508//4779 
f 5501//4779 5498//4779 6147//4779 
f 6147//4779 5509//4779 5493//4779 
f 5495//4779 5492//4779 6151//4779 
f 5506//4779 5503//4779 6151//4779 
f 5508//4779 5510//4779 6151//4779 
f 6147//4779 5511//4779 5507//4779 
f 5485//4779 5500//4779 6147//4779 
f 6143//4779 5463//4779 5509//4779 
f 5504//4779 5496//4779 6151//4779 
f 5510//4779 5512//4779 6151//4779 
f 6147//4779 5513//4779 5511//4779 
f 6147//4779 5514//4779 5515//4779 
f 5509//4779 6147//4779 6143//4779 
f 5502//4779 5516//4779 6153//4779 
f 6151//4779 5517//4779 5518//4779 
f 5507//4779 6151//4779 6147//4779 
f 5499//4779 5514//4779 6147//4779 
f 5518//4779 5505//4779 6151//4779 
f 5515//4779 5513//4779 6147//4779 
f 5512//4779 5517//4779 6151//4779 
f 5519//4779 5520//4779 5521//4779 
f 5519//4779 5522//4779 5523//4779 
f 5519//4779 5524//4779 5525//4779 
f 5519//4779 5526//4779 5527//4779 
f 5519//4779 5528//4779 5529//4779 
f 5519//4779 5530//4779 5520//4779 
f 5525//4779 5522//4779 5519//4779 
f 5529//4779 5526//4779 5519//4779 
f 5521//4779 5531//4779 5519//4779 
f 5454//4779 5532//4779 5533//4779 
f 5454//4779 5534//4779 5535//4779 
f 5454//4779 5536//4779 5537//4779 
f 5454//4779 6144//4779 5538//4779 
f 5527//4779 5524//4779 5519//4779 
f 5519//4779 5539//4779 5540//4779 
f 5531//4779 5541//4779 5519//4779 
f 5454//4779 5542//4779 5530//4779 
f 5535//4779 5532//4779 5454//4779 
f 5538//4779 5536//4779 5454//4779 
f 5540//4779 5528//4779 5519//4779 
f 5530//4779 5519//4779 5454//4779 
f 5454//4779 5543//4779 5544//4779 
f 5537//4779 5534//4779 5454//4779 
f 5541//4779 5539//4779 5519//4779 
f 5533//4779 5543//4779 5454//4779 
f 5544//4779 5542//4779 5454//4779 
f 6144//4779 6158//4779 5545//4779 
f 6142//4779 5546//4779 5547//4779 
f 6142//4779 5548//4779 5549//4779 
f 6142//4779 5550//4779 5551//4779 
f 5545//4779 5552//4779 6144//4779 
f 5549//4779 5546//4779 6142//4779 
f 6142//4779 5553//4779 5550//4779 
f 6158//4779 5554//4779 5545//4779 
f 6158//4779 5555//4779 5556//4779 
f 6158//4779 5557//4779 5558//4779 
f 6142//4779 5559//4779 5560//4779 
f 6142//4779 5561//4779 5562//4779 
f 6142//4779 5563//4779 5564//4779 
f 5551//4779 5548//4779 6142//4779 
f 5552//4779 5565//4779 6144//4779 
f 5558//4779 5555//4779 6158//4779 
f 6158//4779 5566//4779 5567//4779 
f 6158//4779 5568//4779 5569//4779 
f 5560//4779 6158//4779 6142//4779 
f 5564//4779 5561//4779 6142//4779 
f 6142//4779 5570//4779 5553//4779 
f 5556//4779 5554//4779 6158//4779 
f 5569//4779 5566//4779 6158//4779 
f 5560//4779 5571//4779 6158//4779 
f 5547//4779 5563//4779 6142//4779 
f 6159//4779 5523//4779 5570//4779 
f 5567//4779 5557//4779 6158//4779 
f 5571//4779 5572//4779 6158//4779 
f 6142//4779 5573//4779 5574//4779 
f 6142//4779 5575//4779 5576//4779 
f 5570//4779 6142//4779 6159//4779 
f 5565//4779 5577//4779 6144//4779 
f 6158//4779 5578//4779 5579//4779 
f 5574//4779 5559//4779 6142//4779 
f 5562//4779 5575//4779 6142//4779 
f 5579//4779 5568//4779 6158//4779 
f 5576//4779 5573//4779 6142//4779 
f 5572//4779 5578//4779 6158//4779 
f 6140//4779 342//4779 5580//4779 
f 342//4779 5581//4779 5582//4779 
f 5580//4779 5583//4779 6140//4779 
f 5582//4779 5584//4779 342//4779 
f 6140//4779 5585//4779 5586//4779 
f 5583//4779 5587//4779 6140//4779 
f 5584//4779 5588//4779 342//4779 
f 5587//4779 5585//4779 6140//4779 
f 5588//4779 5589//4779 342//4779 
f 5590//4779 341//4779 340//4779 
f 339//4779 5591//4779 5592//4779 
f 6140//4779 5593//4779 5594//4779 
f 6140//4779 5595//4779 5596//4779 
f 5589//4779 5580//4779 342//4779 
f 5581//4779 342//4779 341//4779 
f 5592//4779 340//4779 339//4779 
f 6139//4779 5597//4779 5598//4779 
f 6140//4779 5599//4779 5600//4779 
f 5594//4779 5601//4779 6140//4779 
f 6140//4779 5602//4779 5603//4779 
f 5586//4779 5595//4779 6140//4779 
f 340//4779 5592//4779 5590//4779 
f 5598//4779 5604//4779 6139//4779 
f 6139//4779 6141//4779 5605//4779 
f 5600//4779 6141//4779 6140//4779 
f 6140//4779 5606//4779 5607//4779 
f 5603//4779 5593//4779 6140//4779 
f 341//4779 5590//4779 5581//4779 
f 338//4779 5608//4779 5609//4779 
f 5610//4779 5608//4779 338//4779 
f 5611//4779 5610//4779 337//4779 
f 5612//4779 5613//4779 334//4779 
f 5605//4779 5597//4779 6139//4779 
f 6141//4779 5614//4779 5615//4779 
f 6141//4779 5616//4779 5617//4779 
f 5607//4779 5599//4779 6140//4779 
f 5596//4779 5602//4779 6140//4779 
f 5609//4779 339//4779 338//4779 
f 337//4779 336//4779 5611//4779 
f 334//4779 333//4779 5612//4779 
f 5618//4779 5612//4779 332//4779 
f 6139//4779 5619//4779 5620//4779 
f 6141//4779 5621//4779 5605//4779 
f 6141//4779 5622//4779 5623//4779 
f 5615//4779 5624//4779 6141//4779 
f 6141//4779 5625//4779 5626//4779 
f 6141//4779 5627//4779 5628//4779 
f 6141//4779 5629//4779 5616//4779 
f 5601//4779 5606//4779 6140//4779 
f 338//4779 337//4779 5610//4779 
f 5630//4779 5611//4779 336//4779 
f 5613//4779 5630//4779 335//4779 
f 332//4779 6139//4779 5618//4779 
f 6139//4779 5631//4779 5632//4779 
f 5620//4779 5633//4779 6139//4779 
f 5623//4779 5621//4779 6141//4779 
f 5626//4779 5614//4779 6141//4779 
f 5617//4779 5627//4779 6141//4779 
f 6141//4779 5634//4779 5635//4779 
f 6141//4779 5636//4779 5637//4779 
f 5609//4779 5591//4779 339//4779 
f 335//4779 334//4779 5613//4779 
f 5632//4779 5618//4779 6139//4779 
f 5604//4779 5619//4779 6139//4779 
f 5628//4779 5625//4779 6141//4779 
f 5637//4779 5634//4779 6141//4779 
f 336//4779 335//4779 5630//4779 
f 5633//4779 5631//4779 6139//4779 
f 5635//4779 5629//4779 6141//4779 
f 333//4779 332//4779 5612//4779 
f 5600//4779 5636//4779 6141//4779 
f 6160//4779 324//4779 323//4779 
f 6139//4779 325//4779 324//4779 
f 6160//4779 320//4779 319//4779 
f 324//4779 6160//4779 6139//4779 
f 319//4779 318//4779 6160//4779 
f 6160//4779 322//4779 321//4779 
f 6139//4779 326//4779 325//4779 
f 321//4779 320//4779 6160//4779 
f 6139//4779 327//4779 326//4779 
f 6139//4779 330//4779 329//4779 
f 323//4779 322//4779 6160//4779 
f 329//4779 328//4779 6139//4779 
f 328//4779 327//4779 6139//4779 
f 6139//4779 332//4779 331//4779 
f 331//4779 330//4779 6139//4779 
f 6161//4779 286//4779 287//4779 
f 6148//4779 6162//4779 279//4779 
f 6148//4779 273//4779 271//4779 
f 6162//4779 280//4779 279//4779 
f 6148//4779 274//4779 273//4779 
f 6148//4779 277//4779 276//4779 
f 279//4779 278//4779 6148//4779 
f 6148//4779 275//4779 274//4779 
f 278//4779 277//4779 6148//4779 
f 276//4779 275//4779 6148//4779 
f 6162//4779 282//4779 281//4779 
f 6162//4779 284//4779 283//4779 
f 6162//4779 6161//4779 285//4779 
f 281//4779 280//4779 6162//4779 
f 285//4779 284//4779 6162//4779 
f 283//4779 282//4779 6162//4779 
f 6149//4779 271//4779 272//4779 
f 6149//4779 5638//4779 5639//4779 
f 6145//4779 5640//4779 5641//4779 
f 5639//4779 5642//4779 6149//4779 
f 6145//4779 5643//4779 5644//4779 
f 5641//4779 5645//4779 6145//4779 
f 6149//4779 5646//4779 5640//4779 
f 5642//4779 5647//4779 6149//4779 
f 5645//4779 5643//4779 6145//4779 
f 5647//4779 5646//4779 6149//4779 
f 6145//4779 5648//4779 5649//4779 
f 6145//4779 5650//4779 5651//4779 
f 5640//4779 6145//4779 6149//4779 
f 6149//4779 5652//4779 5653//4779 
f 260//4779 5654//4779 5655//4779 
f 5649//4779 5656//4779 6145//4779 
f 6145//4779 5657//4779 5658//4779 
f 5644//4779 5650//4779 6145//4779 
f 5653//4779 5659//4779 6149//4779 
f 5660//4779 269//4779 268//4779 
f 6149//4779 270//4779 269//4779 
f 260//4779 5661//4779 5654//4779 
f 6145//4779 5662//4779 5663//4779 
f 6145//4779 5664//4779 5665//4779 
f 5658//4779 5648//4779 6145//4779 
f 5659//4779 5638//4779 6149//4779 
f 269//4779 5660//4779 6149//4779 
f 263//4779 262//4779 5666//4779 
f 5667//4779 5666//4779 262//4779 
f 260//4779 5668//4779 5661//4779 
f 6146//4779 5669//4779 5670//4779 
f 6146//4779 5671//4779 5672//4779 
f 6146//4779 5673//4779 5674//4779 
f 5665//4779 5662//4779 6145//4779 
f 5651//4779 5657//4779 6145//4779 
f 6149//4779 5675//4779 5676//4779 
f 268//4779 5677//4779 5660//4779 
f 5678//4779 266//4779 265//4779 
f 5679//4779 265//4779 264//4779 
f 264//4779 263//4779 5680//4779 
f 262//4779 261//4779 5667//4779 
f 5681//4779 5667//4779 261//4779 
f 260//4779 5670//4779 5668//4779 
f 6146//4779 5682//4779 5669//4779 
f 5672//4779 5683//4779 6146//4779 
f 6146//4779 5684//4779 5685//4779 
f 6146//4779 5686//4779 5687//4779 
f 6146//4779 5688//4779 5673//4779 
f 6145//4779 5689//4779 5690//4779 
f 5656//4779 5664//4779 6145//4779 
f 5660//4779 5675//4779 6149//4779 
f 5677//4779 268//4779 267//4779 
f 5691//4779 267//4779 266//4779 
f 264//4779 5692//4779 5679//4779 
f 263//4779 5693//4779 5680//4779 
f 261//4779 260//4779 5681//4779 
f 5670//4779 260//4779 6146//4779 
f 5685//4779 5671//4779 6146//4779 
f 5674//4779 5686//4779 6146//4779 
f 6146//4779 5690//4779 5694//4779 
f 6145//4779 5695//4779 5689//4779 
f 5676//4779 5652//4779 6149//4779 
f 266//4779 5678//4779 5691//4779 
f 5680//4779 5692//4779 264//4779 
f 5655//4779 5681//4779 260//4779 
f 5687//4779 5684//4779 6146//4779 
f 5690//4779 6146//4779 6145//4779 
f 267//4779 5691//4779 5677//4779 
f 5666//4779 5693//4779 263//4779 
f 5694//4779 5688//4779 6146//4779 
f 265//4779 5679//4779 5678//4779 
f 5663//4779 5695//4779 6145//4779 
f 6140//4779 6146//4779 255//4779 
f 255//4779 346//4779 6140//4779 
f 6146//4779 256//4779 255//4779 
f 6140//4779 345//4779 344//4779 
f 6146//4779 257//4779 256//4779 
f 346//4779 345//4779 6140//4779 
f 6146//4779 259//4779 258//4779 
f 344//4779 343//4779 6140//4779 
f 6146//4779 260//4779 259//4779 
f 258//4779 257//4779 6146//4779 
f 6159//4779 5696//4779 5697//4779 
f 6142//4779 5698//4779 5699//4779 
f 6159//4779 5700//4779 5696//4779 
f 5699//4779 6159//4779 6142//4779 
f 6142//4779 5701//4779 5702//4779 
f 6137//4779 5703//4779 5704//4779 
f 6137//4779 5705//4779 5706//4779 
f 6137//4779 6163//4779 5707//4779 
f 6163//4779 5708//4779 5709//4779 
f 5699//4779 5700//4779 6159//4779 
f 6142//4779 5710//4779 5701//4779 
f 6137//4779 5711//4779 5703//4779 
f 6137//4779 5712//4779 5705//4779 
f 6163//4779 5713//4779 5707//4779 
f 5709//4779 5714//4779 6163//4779 
f 5702//4779 5698//4779 6142//4779 
f 5706//4779 5711//4779 6137//4779 
f 5714//4779 5713//4779 6163//4779 
f 6142//4779 5715//4779 5710//4779 
f 6142//4779 5716//4779 5717//4779 
f 5707//4779 5712//4779 6137//4779 
f 6163//4779 5718//4779 5719//4779 
f 6163//4779 5720//4779 5721//4779 
f 6163//4779 6159//4779 5722//4779 
f 6159//4779 5723//4779 5724//4779 
f 6159//4779 5725//4779 5726//4779 
f 5717//4779 5715//4779 6142//4779 
f 5719//4779 5708//4779 6163//4779 
f 5721//4779 5727//4779 6163//4779 
f 5722//4779 5728//4779 6163//4779 
f 6159//4779 5729//4779 5730//4779 
f 5724//4779 5731//4779 6159//4779 
f 5697//4779 5725//4779 6159//4779 
f 5727//4779 5718//4779 6163//4779 
f 5728//4779 5732//4779 6163//4779 
f 6159//4779 5733//4779 5729//4779 
f 5726//4779 5723//4779 6159//4779 
f 5732//4779 5720//4779 6163//4779 
f 5731//4779 5733//4779 6159//4779 
f 5730//4779 5722//4779 6159//4779 
f 6141//4779 5734//4779 5735//4779 
f 6135//4779 6137//4779 5736//4779 
f 5735//4779 6142//4779 6141//4779 
f 6137//4779 5737//4779 5736//4779 
f 5735//4779 5738//4779 6142//4779 
f 6141//4779 5739//4779 5740//4779 
f 6141//4779 5741//4779 5742//4779 
f 6135//4779 5743//4779 5744//4779 
f 6135//4779 5745//4779 5746//4779 
f 6135//4779 5747//4779 5748//4779 
f 6137//4779 5749//4779 5737//4779 
f 5740//4779 5734//4779 6141//4779 
f 6141//4779 5750//4779 5741//4779 
f 6141//4779 5744//4779 5751//4779 
f 6135//4779 5752//4779 5743//4779 
f 5746//4779 5753//4779 6135//4779 
f 5736//4779 5747//4779 6135//4779 
f 5742//4779 5739//4779 6141//4779 
f 5751//4779 5754//4779 6141//4779 
f 6135//4779 5755//4779 5752//4779 
f 5748//4779 5745//4779 6135//4779 
f 5754//4779 5750//4779 6141//4779 
f 5753//4779 5755//4779 6135//4779 
f 5744//4779 6141//4779 6135//4779 
f 6143//4779 5756//4779 5757//4779 
f 6158//4779 5758//4779 5759//4779 
f 6144//4779 5760//4779 5761//4779 
f 6143//4779 5762//4779 5756//4779 
f 6158//4779 5763//4779 5758//4779 
f 6158//4779 6144//4779 5764//4779 
f 5761//4779 5765//4779 6144//4779 
f 6143//4779 5766//4779 5762//4779 
f 6143//4779 5767//4779 5768//4779 
f 5764//4779 5763//4779 6158//4779 
f 5765//4779 5769//4779 6144//4779 
f 6143//4779 5770//4779 5766//4779 
f 5768//4779 5771//4779 6143//4779 
f 5769//4779 5764//4779 6144//4779 
f 6144//4779 5772//4779 5773//4779 
f 6143//4779 5774//4779 5775//4779 
f 5771//4779 5770//4779 6143//4779 
f 5773//4779 5760//4779 6144//4779 
f 6144//4779 5776//4779 5777//4779 
f 5757//4779 5774//4779 6143//4779 
f 6147//4779 5778//4779 5767//4779 
f 5777//4779 5772//4779 6144//4779 
f 6144//4779 5779//4779 5780//4779 
f 6144//4779 6143//4779 5781//4779 
f 6143//4779 5782//4779 5783//4779 
f 6143//4779 5784//4779 5785//4779 
f 5767//4779 6143//4779 6147//4779 
f 5759//4779 5786//4779 6158//4779 
f 5780//4779 5787//4779 6144//4779 
f 5781//4779 5788//4779 6144//4779 
f 6143//4779 5789//4779 5790//4779 
f 5783//4779 5791//4779 6143//4779 
f 5775//4779 5784//4779 6143//4779 
f 5787//4779 5776//4779 6144//4779 
f 5788//4779 5792//4779 6144//4779 
f 6143//4779 5793//4779 5789//4779 
f 5785//4779 5782//4779 6143//4779 
f 5792//4779 5779//4779 6144//4779 
f 5791//4779 5793//4779 6143//4779 
f 5790//4779 5781//4779 6143//4779 
f 6146//4779 5794//4779 5778//4779 
f 6146//4779 5795//4779 5796//4779 
f 6140//4779 5797//4779 5798//4779 
f 6140//4779 6158//4779 5799//4779 
f 5796//4779 5794//4779 6146//4779 
f 6146//4779 5800//4779 5801//4779 
f 6146//4779 5802//4779 5803//4779 
f 6146//4779 6140//4779 5804//4779 
f 6140//4779 5805//4779 5806//4779 
f 6140//4779 5807//4779 5808//4779 
f 5799//4779 5797//4779 6140//4779 
f 5801//4779 5795//4779 6146//4779 
f 5803//4779 5809//4779 6146//4779 
f 5804//4779 5810//4779 6146//4779 
f 6140//4779 5811//4779 5812//4779 
f 5806//4779 5813//4779 6140//4779 
f 5798//4779 5807//4779 6140//4779 
f 5809//4779 5800//4779 6146//4779 
f 5810//4779 5814//4779 6146//4779 
f 5812//4779 5815//4779 6140//4779 
f 5808//4779 5805//4779 6140//4779 
f 5814//4779 5802//4779 6146//4779 
f 5813//4779 5811//4779 6140//4779 
f 5815//4779 5804//4779 6140//4779 
f 6164//4779 5816//4779 5817//4779 
f 6157//4779 5818//4779 5819//4779 
f 6164//4779 5820//4779 5816//4779 
f 5819//4779 6164//4779 6157//4779 
f 6157//4779 5821//4779 5822//4779 
f 6152//4779 5823//4779 5824//4779 
f 6152//4779 5825//4779 5826//4779 
f 6152//4779 6154//4779 5827//4779 
f 6154//4779 5828//4779 5829//4779 
f 5819//4779 5820//4779 6164//4779 
f 6157//4779 5830//4779 5821//4779 
f 6152//4779 5831//4779 5823//4779 
f 6152//4779 5832//4779 5825//4779 
f 6154//4779 5833//4779 5827//4779 
f 5829//4779 5834//4779 6154//4779 
f 5822//4779 5818//4779 6157//4779 
f 5826//4779 5831//4779 6152//4779 
f 5834//4779 5833//4779 6154//4779 
f 6157//4779 5835//4779 5830//4779 
f 6157//4779 5836//4779 5837//4779 
f 5827//4779 5832//4779 6152//4779 
f 6154//4779 5838//4779 5839//4779 
f 6154//4779 5840//4779 5841//4779 
f 6164//4779 5842//4779 5843//4779 
f 6164//4779 5844//4779 5845//4779 
f 6164//4779 5846//4779 5847//4779 
f 5837//4779 5835//4779 6157//4779 
f 5839//4779 5828//4779 6154//4779 
f 5841//4779 5848//4779 6154//4779 
f 6154//4779 5843//4779 5849//4779 
f 6164//4779 5850//4779 5842//4779 
f 5845//4779 5851//4779 6164//4779 
f 5817//4779 5846//4779 6164//4779 
f 5848//4779 5838//4779 6154//4779 
f 5849//4779 5852//4779 6154//4779 
f 6164//4779 5853//4779 5850//4779 
f 5847//4779 5844//4779 6164//4779 
f 5852//4779 5840//4779 6154//4779 
f 5851//4779 5853//4779 6164//4779 
f 5843//4779 6154//4779 6164//4779 
f 6156//4779 5854//4779 5855//4779 
f 6150//4779 6152//4779 5856//4779 
f 5855//4779 6157//4779 6156//4779 
f 6152//4779 5857//4779 5856//4779 
f 5855//4779 5858//4779 6157//4779 
f 6156//4779 5859//4779 5860//4779 
f 6156//4779 5861//4779 5862//4779 
f 6156//4779 6150//4779 5863//4779 
f 6150//4779 5864//4779 5865//4779 
f 6150//4779 5866//4779 5867//4779 
f 6152//4779 5868//4779 5857//4779 
f 5860//4779 5854//4779 6156//4779 
f 6156//4779 5869//4779 5861//4779 
f 5863//4779 5870//4779 6156//4779 
f 6150//4779 5871//4779 5872//4779 
f 5865//4779 5873//4779 6150//4779 
f 5856//4779 5866//4779 6150//4779 
f 5862//4779 5859//4779 6156//4779 
f 5870//4779 5874//4779 6156//4779 
f 6150//4779 5875//4779 5871//4779 
f 5867//4779 5864//4779 6150//4779 
f 5874//4779 5869//4779 6156//4779 
f 5873//4779 5875//4779 6150//4779 
f 5872//4779 5863//4779 6150//4779 
f 6164//4779 6154//4779 5876//4779 
f 6154//4779 5877//4779 5876//4779 
f 5876//4779 5878//4779 6164//4779 
f 6154//4779 5879//4779 5877//4779 
f 6154//4779 5880//4779 5879//4779 
f 6164//4779 5881//4779 5882//4779 
f 6164//4779 5883//4779 5884//4779 
f 5882//4779 5885//4779 6164//4779 
f 6164//4779 5886//4779 5887//4779 
f 6164//4779 5888//4779 5883//4779 
f 5887//4779 5881//4779 6164//4779 
f 6164//4779 5889//4779 5888//4779 
f 5884//4779 5886//4779 6164//4779 
f 6157//4779 5890//4779 5891//4779 
f 6157//4779 5892//4779 5890//4779 
f 6157//4779 6164//4779 5893//4779 
f 5893//4779 5892//4779 6157//4779 
f 5891//4779 5894//4779 6157//4779 
f 6155//4779 5456//4779 5895//4779 
f 5895//4779 5896//4779 6155//4779 
f 5456//4779 5897//4779 5898//4779 
f 5456//4779 5899//4779 5900//4779 
f 6155//4779 5901//4779 5902//4779 
f 6155//4779 5903//4779 5904//4779 
f 6155//4779 5905//4779 5906//4779 
f 5898//4779 5895//4779 5456//4779 
f 5900//4779 5907//4779 5456//4779 
f 5456//4779 5908//4779 5909//4779 
f 5910//4779 5911//4779 5912//4779 
f 5902//4779 5913//4779 6155//4779 
f 5904//4779 5914//4779 6155//4779 
f 5896//4779 5905//4779 6155//4779 
f 5907//4779 5915//4779 5456//4779 
f 5909//4779 5916//4779 5456//4779 
f 5908//4779 5910//4779 5917//4779 
f 5910//4779 5918//4779 5911//4779 
f 5910//4779 5919//4779 5920//4779 
f 5921//4779 5922//4779 5910//4779 
f 5923//4779 5924//4779 5925//4779 
f 5914//4779 5901//4779 6155//4779 
f 5915//4779 5897//4779 5456//4779 
f 5916//4779 5926//4779 5456//4779 
f 5917//4779 5927//4779 5908//4779 
f 5910//4779 5928//4779 5918//4779 
f 5910//4779 5929//4779 5919//4779 
f 5910//4779 5923//4779 5921//4779 
f 5923//4779 5930//4779 5931//4779 
f 5923//4779 5932//4779 5933//4779 
f 5925//4779 5934//4779 5923//4779 
f 6155//4779 5935//4779 5936//4779 
f 5906//4779 5903//4779 6155//4779 
f 5926//4779 5937//4779 5456//4779 
f 5927//4779 5938//4779 5908//4779 
f 5920//4779 5928//4779 5910//4779 
f 5931//4779 5921//4779 5923//4779 
f 5923//4779 5939//4779 5940//4779 
f 5923//4779 5941//4779 5942//4779 
f 5934//4779 5932//4779 5923//4779 
f 5936//4779 5943//4779 6155//4779 
f 5937//4779 5899//4779 5456//4779 
f 5908//4779 5944//4779 5945//4779 
f 5912//4779 5917//4779 5910//4779 
f 5940//4779 5930//4779 5923//4779 
f 5942//4779 5946//4779 5923//4779 
f 5933//4779 5947//4779 5923//4779 
f 5913//4779 5935//4779 6155//4779 
f 5908//4779 5948//4779 5944//4779 
f 5922//4779 5929//4779 5910//4779 
f 5947//4779 5941//4779 5923//4779 
f 5924//4779 5923//4779 5949//4779 
f 5945//4779 5909//4779 5908//4779 
f 5908//4779 5950//4779 5951//4779 
f 5946//4779 5939//4779 5923//4779 
f 5952//4779 5953//4779 5924//4779 
f 5952//4779 6155//4779 5954//4779 
f 5943//4779 5955//4779 6155//4779 
f 5908//4779 5956//4779 5950//4779 
f 5949//4779 5952//4779 5924//4779 
f 5954//4779 5957//4779 5952//4779 
f 5951//4779 5948//4779 5908//4779 
f 5957//4779 5953//4779 5952//4779 
f 5938//4779 5956//4779 5908//4779 
f 6162//4779 6148//4779 5958//4779 
f 6148//4779 6155//4779 5952//4779 
f 5952//4779 5958//4779 6148//4779 
f 6162//4779 5959//4779 5960//4779 
f 6161//4779 5961//4779 5962//4779 
f 6161//4779 6162//4779 5963//4779 
f 5963//4779 5961//4779 6161//4779 
f 5964//4779 291//4779 290//4779 
f 5965//4779 292//4779 291//4779 
f 5965//4779 5966//4779 293//4779 
f 5966//4779 5967//4779 294//4779 
f 5968//4779 296//4779 295//4779 
f 5968//4779 5969//4779 297//4779 
f 291//4779 5964//4779 5965//4779 
f 294//4779 293//4779 5966//4779 
f 297//4779 296//4779 5968//4779 
f 6161//4779 5970//4779 288//4779 
f 5970//4779 290//4779 289//4779 
f 293//4779 292//4779 5965//4779 
f 295//4779 5967//4779 5968//4779 
f 289//4779 288//4779 5970//4779 
f 295//4779 294//4779 5967//4779 
f 290//4779 5970//4779 5964//4779 
f 5971//4779 5972//4779 299//4779 
f 5973//4779 5974//4779 5975//4779 
f 5976//4779 5975//4779 5977//4779 
f 299//4779 298//4779 5971//4779 
f 5969//4779 5973//4779 5978//4779 
f 5973//4779 5969//4779 5974//4779 
f 5977//4779 5979//4779 5980//4779 
f 5981//4779 306//4779 305//4779 
f 297//4779 5982//4779 5971//4779 
f 297//4779 5969//4779 5983//4779 
f 5975//4779 5984//4779 5973//4779 
f 5977//4779 5980//4779 5976//4779 
f 5981//4779 307//4779 306//4779 
f 5985//4779 305//4779 304//4779 
f 5986//4779 304//4779 303//4779 
f 303//4779 302//4779 5987//4779 
f 5983//4779 5982//4779 297//4779 
f 5976//4779 5984//4779 5975//4779 
f 307//4779 5988//4779 5989//4779 
f 305//4779 5985//4779 5981//4779 
f 304//4779 5986//4779 5990//4779 
f 303//4779 5991//4779 5992//4779 
f 5987//4779 5993//4779 303//4779 
f 301//4779 5994//4779 5995//4779 
f 5972//4779 5996//4779 300//4779 
f 5978//4779 5983//4779 5969//4779 
f 5977//4779 5997//4779 5998//4779 
f 5999//4779 6000//4779 6001//4779 
f 6002//4779 6003//4779 6004//4779 
f 6005//4779 5989//4779 6006//4779 
f 5981//4779 5988//4779 307//4779 
f 303//4779 5992//4779 5986//4779 
f 5993//4779 6007//4779 303//4779 
f 302//4779 6008//4779 6009//4779 
f 301//4779 6010//4779 5994//4779 
f 301//4779 6011//4779 6012//4779 
f 6013//4779 6011//4779 301//4779 
f 300//4779 299//4779 5972//4779 
f 5977//4779 6014//4779 5979//4779 
f 5977//4779 6015//4779 5997//4779 
f 5977//4779 6001//4779 6016//4779 
f 5999//4779 6017//4779 6000//4779 
f 6004//4779 6018//4779 6002//4779 
f 6019//4779 6020//4779 6018//4779 
f 5989//4779 6005//4779 307//4779 
f 6007//4779 5991//4779 303//4779 
f 302//4779 5995//4779 6008//4779 
f 6012//4779 6010//4779 301//4779 
f 5996//4779 6013//4779 300//4779 
f 5998//4779 6014//4779 5977//4779 
f 6001//4779 5977//4779 5999//4779 
f 6018//4779 6020//4779 6002//4779 
f 6018//4779 6021//4779 6019//4779 
f 304//4779 5990//4779 5985//4779 
f 6009//4779 6022//4779 302//4779 
f 301//4779 300//4779 6013//4779 
f 6016//4779 6015//4779 5977//4779 
f 5999//4779 6004//4779 6023//4779 
f 6004//4779 6024//4779 6025//4779 
f 6021//4779 6005//4779 6019//4779 
f 6022//4779 5987//4779 302//4779 
f 298//4779 297//4779 5971//4779 
f 6023//4779 6026//4779 5999//4779 
f 6004//4779 6027//4779 6028//4779 
f 6025//4779 6029//4779 6004//4779 
f 6003//4779 6030//4779 6004//4779 
f 5995//4779 302//4779 301//4779 
f 5999//4779 6031//4779 6032//4779 
f 6028//4779 6023//4779 6004//4779 
f 6030//4779 6024//4779 6004//4779 
f 6032//4779 6017//4779 5999//4779 
f 5999//4779 6033//4779 6034//4779 
f 5999//4779 6035//4779 6036//4779 
f 6029//4779 6027//4779 6004//4779 
f 6034//4779 6031//4779 5999//4779 
f 6026//4779 6035//4779 5999//4779 
f 6036//4779 6033//4779 5999//4779 
f 6037//4779 6160//4779 317//4779 
f 6038//4779 6039//4779 314//4779 
f 6040//4779 316//4779 315//4779 
f 316//4779 6040//4779 6037//4779 
f 6041//4779 311//4779 310//4779 
f 6042//4779 312//4779 311//4779 
f 6042//4779 6038//4779 313//4779 
f 6039//4779 315//4779 314//4779 
f 317//4779 316//4779 6037//4779 
f 6043//4779 6044//4779 309//4779 
f 310//4779 6044//4779 6041//4779 
f 313//4779 312//4779 6042//4779 
f 315//4779 6039//4779 6040//4779 
f 310//4779 309//4779 6044//4779 
f 314//4779 313//4779 6038//4779 
f 6043//4779 308//4779 307//4779 
f 311//4779 6041//4779 6042//4779 
f 309//4779 308//4779 6043//4779 
f 6160//4779 6037//4779 6045//4779 
f 6139//4779 6046//4779 6047//4779 
f 6160//4779 6048//4779 6046//4779 
f 6046//4779 6139//4779 6160//4779 
f 6132//4779 6049//4779 6050//4779 
f 6132//4779 6051//4779 6052//4779 
f 6132//4779 6053//4779 6054//4779 
f 6132//4779 6055//4779 6056//4779 
f 6132//4779 6057//4779 6058//4779 
f 6132//4779 6059//4779 6060//4779 
f 6052//4779 6049//4779 6132//4779 
f 6054//4779 6061//4779 6132//4779 
f 6056//4779 6062//4779 6132//4779 
f 6058//4779 6063//4779 6132//4779 
f 6050//4779 6059//4779 6132//4779 
f 6061//4779 6064//4779 6132//4779 
f 6132//4779 6065//4779 6066//4779 
f 6047//4779 6067//4779 6068//4779 
f 6047//4779 6069//4779 6070//4779 
f 6047//4779 6071//4779 6072//4779 
f 6073//4779 6047//4779 6074//4779 
f 6075//4779 6074//4779 6076//4779 
f 6077//4779 6078//4779 6079//4779 
f 6063//4779 6055//4779 6132//4779 
f 6064//4779 6051//4779 6132//4779 
f 6066//4779 6080//4779 6132//4779 
f 6047//4779 6081//4779 6082//4779 
f 6070//4779 6067//4779 6047//4779 
f 6047//4779 6083//4779 6071//4779 
f 6047//4779 6073//4779 6084//4779 
f 6076//4779 6085//4779 6075//4779 
f 6085//4779 6076//4779 6077//4779 
f 6077//4779 6086//4779 6078//4779 
f 6077//4779 6087//4779 6088//4779 
f 6132//4779 6089//4779 6090//4779 
f 6060//4779 6057//4779 6132//4779 
f 6080//4779 6091//4779 6132//4779 
f 6082//4779 6092//4779 6047//4779 
f 6072//4779 6069//4779 6047//4779 
f 6074//4779 6075//4779 6073//4779 
f 6077//4779 6093//4779 6094//4779 
f 6077//4779 6095//4779 6096//4779 
f 6088//4779 6086//4779 6077//4779 
f 6090//4779 6097//4779 6132//4779 
f 6091//4779 6053//4779 6132//4779 
f 6132//4779 6098//4779 6099//4779 
f 6134//4779 6100//4779 6098//4779 
f 6068//4779 6081//4779 6047//4779 
f 6077//4779 6094//4779 6085//4779 
f 6096//4779 6101//4779 6077//4779 
f 6079//4779 6102//4779 6077//4779 
f 6062//4779 6089//4779 6132//4779 
f 6098//4779 6132//4779 6134//4779 
f 6084//4779 6083//4779 6047//4779 
f 6102//4779 6095//4779 6077//4779 
f 6099//4779 6065//4779 6132//4779 
f 6134//4779 6103//4779 6104//4779 
f 6047//4779 6105//4779 6103//4779 
f 6101//4779 6093//4779 6077//4779 
f 6077//4779 6132//4779 6106//4779 
f 6097//4779 6107//4779 6132//4779 
f 6103//4779 6134//4779 6047//4779 
f 6077//4779 6108//4779 6087//4779 
f 6106//4779 6109//4779 6077//4779 
f 6104//4779 6100//4779 6134//4779 
f 6109//4779 6108//4779 6077//4779 
f 6092//4779 6105//4779 6047//4779 
f 6077//4779 6110//4779 6111//4779 
f 6111//4779 6132//4779 6077//4779 
f 6138//4779 6136//4779 6112//4779 
f 6136//4779 6113//4779 6114//4779 
f 6114//4779 6112//4779 6136//4779 
f 6112//4779 6115//4779 6138//4779 
f 6136//4779 5453//4779 6113//4779 
f 6163//4779 6116//4779 6117//4779 
f 6163//4779 6118//4779 6119//4779 
f 6119//4779 6116//4779 6163//4779 
f 6117//4779 6120//4779 6163//4779 
f 6163//4779 6121//4779 6122//4779 
f 6163//4779 6138//4779 6123//4779 
f 6120//4779 6124//4779 6163//4779 
f 6123//4779 6121//4779 6163//4779 
f 6122//4779 6118//4779 6163//4779 
f 6163//4779 6125//4779 6126//4779 
f 6126//4779 6159//4779 6163//4779 
f 6163//4779 6127//4779 6125//4779 
f 6126//4779 6128//4779 6159//4779 
f 6128//4779 6129//4779 6159//4779 
f 6129//4779 5519//4779 6159//4779 
f 6124//4779 6127//4779 6163//4779 
f 6123//4779 6138//4779 6130//4779 
f 6115//4779 6130//4779 6138//4779 
f 6111//4779 5451//4779 6132//4779 
f 6107//4779 6106//4779 6132//4779 
f 6047//4779 6134//4779 6139//4779 
f 6045//4779 6048//4779 6160//4779 
f 307//4779 6005//4779 6043//4779 
f 6006//4779 6019//4779 6005//4779 
f 288//4779 286//4779 6161//4779 
f 5962//4779 5970//4779 6161//4779 
f 5960//4779 5963//4779 6162//4779 
f 5958//4779 5959//4779 6162//4779 
f 5955//4779 5954//4779 6155//4779 
f 5894//4779 6131//4779 6157//4779 
f 5885//4779 5893//4779 6164//4779 
f 5878//4779 5889//4779 6164//4779 
f 5858//4779 5836//4779 6157//4779 
f 5824//4779 5868//4779 6152//4779 
f 5778//4779 6147//4779 6146//4779 
f 5786//4779 5799//4779 6158//4779 
f 5738//4779 5716//4779 6142//4779 
f 5704//4779 5749//4779 6137//4779 
f 343//4779 342//4779 6140//4779 
f 5683//4779 5682//4779 6146//4779 
f 272//4779 270//4779 6149//4779 
f 271//4779 6149//4779 6148//4779 
f 287//4779 285//4779 6161//4779 
f 318//4779 317//4779 6160//4779 
f 5624//4779 5622//4779 6141//4779 
f 5577//4779 5538//4779 6144//4779 
f 5523//4779 6159//4779 5519//4779 
f 5516//4779 5477//4779 6153//4779 
f 5463//4779 6143//4779 5458//4779 
f 6157//4779 6131//4779 5457//4779 
f 6156//4779 5457//4779 5456//4779 
f 6150//4779 6156//4779 6155//4779 
f 5455//4779 5880//4779 6154//4779 
f 6153//4779 6154//4779 6152//4779 
f 6151//4779 6152//4779 6150//4779 
f 6145//4779 6150//4779 6148//4779 
f 6147//4779 6151//4779 6145//4779 
f 5454//4779 5458//4779 6143//4779 
f 6142//4779 6158//4779 6140//4779 
f 6135//4779 6141//4779 6139//4779 
f 6138//4779 6163//4779 6137//4779 
f 6136//4779 6137//4779 6135//4779 
f 6133//4779 6135//4779 6134//4779 
f 5453//4779 6136//4779 6133//4779 
f 5452//4779 6133//4779 6132//4779 
o mesh26
f 4833//4780 5106//4780 5880//4780 
f 5106//4780 5879//4780 5880//4780 
f 5455//4780 4719//4780 4833//4780 
f 5455//4780 5458//4780 4720//4780 
f 4720//4780 4719//4780 5455//4780 
f 5458//4780 4721//4780 4720//4780 
f 5458//4780 4722//4780 4721//4780 
f 5458//4780 5454//4780 4723//4780 
f 4723//4780 4722//4780 5458//4780 
f 5454//4780 4724//4780 4723//4780 
f 5454//4780 5519//4780 4725//4780 
f 4725//4780 4724//4780 5454//4780 
f 5519//4780 4889//4780 4725//4780 
f 5111//4780 4889//4780 5519//4780 
f 5519//4780 6129//4780 5111//4780 
f 5880//4780 5455//4780 4833//4780 
o mesh27
f 5090//4781 4660//4781 6131//4781 
f 5457//4781 6131//4781 4660//4781 
f 5456//4781 5457//4781 4658//4781 
f 4660//4781 4659//4781 5457//4781 
f 5457//4781 4659//4781 4658//4781 
f 5908//4781 5456//4781 4657//4781 
f 4658//4781 4657//4781 5456//4781 
f 4657//4781 4656//4781 5908//4781 
f 4656//4781 5329//4781 5908//4781 
f 6131//4781 5894//4781 5090//4781 
o mesh28
f 5139//4782 6111//4782 6110//4783 
f 6076//4784 5188//4784 5161//4785 
f 5140//4786 6110//4783 6077//4787 
f 6077//4787 5161//4785 5140//4786 
f 5188//4784 6076//4784 6074//4788 
f 5192//4789 5193//4790 6047//4790 
f 6047//4790 5193//4790 5352//4791 
f 5352//4791 6074//4788 6047//4790 
f 5352//4791 5189//4792 6074//4788 
f 5192//4789 6046//4793 6048//4794 
f 6048//4794 5190//4795 5192//4789 
f 5191//4796 5190//4795 6037//4797 
f 5190//4795 6045//4798 6037//4797 
f 5191//4796 6040//4799 6039//4800 
f 6039//4800 6038//4801 5198//4802 
f 5198//4802 5195//4803 6039//4800 
f 6038//4801 5196//4804 5198//4802 
f 5196//4804 6038//4801 6042//4805 
f 6042//4805 6041//4806 5199//4807 
f 6041//4806 5200//4806 5199//4807 
f 6044//4808 5202//4809 5201//4810 
f 5201//4810 6041//4806 6044//4808 
f 6044//4808 5205//4811 5202//4809 
f 5205//4811 6044//4808 6043//4812 
f 5203//4812 6043//4812 6005//4813 
f 6005//4813 5204//4814 5203//4812 
f 5204//4814 6021//4814 6018//4815 
f 5206//4815 6018//4815 6004//4816 
f 5999//4817 5220//4817 5208//4818 
f 5208//4818 6004//4816 5999//4817 
f 5999//4817 5977//4819 5222//4820 
f 5977//4819 5269//4819 5222//4820 
f 5977//4819 5975//4821 5270//4822 
f 5975//4821 5273//4821 5270//4822 
f 5273//4821 5975//4821 5974//4823 
f 5272//4824 5271//4823 5969//4825 
f 5271//4823 5974//4823 5969//4825 
f 5272//4824 5968//4824 5967//4826 
f 5967//4826 5966//4827 5278//4828 
f 5278//4828 5275//4829 5967//4826 
f 5966//4827 5276//4830 5278//4828 
f 5965//4831 5279//4831 5277//4832 
f 5277//4832 5966//4827 5965//4831 
f 5279//4831 5965//4831 5964//4833 
f 5962//4834 5286//4834 5281//4835 
f 5970//4836 5281//4835 5282//4837 
f 5282//4837 5964//4833 5970//4836 
f 5282//4837 5280//4838 5964//4833 
f 5286//4834 5962//4834 5961//4839 
f 5287//4839 5961//4839 5963//4840 
f 5963//4840 5285//4841 5287//4839 
f 5283//4842 5285//4841 5959//4843 
f 5285//4841 5960//4844 5959//4843 
f 5952//4845 5949//4846 5289//4847 
f 5949//4846 5288//4846 5289//4847 
f 5958//4848 5952//4845 5284//4849 
f 5284//4849 5283//4842 5958//4848 
f 5288//4846 5949//4846 5923//4850 
f 5923//4850 5910//4851 5314//4852 
f 5910//4851 5349//4851 5314//4852 
f 5349//4851 5910//4851 5908//4853 
f 5908//4853 5329//4853 5349//4851 
f 5314//4852 5290//4854 5923//4850 
f 5923//4850 5290//4854 5288//4846 
f 5289//4847 5284//4849 5952//4845 
f 5959//4843 5958//4848 5283//4842 
f 5963//4840 5960//4844 5285//4841 
f 5961//4839 5287//4839 5286//4834 
f 5281//4835 5970//4836 5962//4834 
f 5964//4833 5280//4838 5279//4831 
f 5277//4832 5276//4830 5966//4827 
f 5275//4829 5274//4855 5967//4826 
f 5967//4826 5274//4855 5272//4824 
f 5969//4825 5968//4824 5272//4824 
f 5974//4823 5271//4823 5273//4821 
f 5270//4822 5269//4819 5977//4819 
f 5222//4820 5220//4817 5999//4817 
f 5208//4818 5207//4856 6004//4816 
f 6004//4816 5207//4856 5206//4815 
f 6018//4815 5206//4815 5204//4814 
f 6005//4813 6021//4814 5204//4814 
f 6043//4812 5203//4812 5205//4811 
f 5201//4810 5200//4806 6041//4806 
f 5199//4807 5197//4857 6042//4805 
f 6042//4805 5197//4857 5196//4804 
f 5195//4803 5194//4858 6039//4800 
f 6039//4800 5194//4858 5191//4796 
f 6037//4797 6040//4799 5191//4796 
f 6048//4794 6045//4798 5190//4795 
f 6047//4790 6046//4793 5192//4789 
f 6074//4788 5189//4792 5188//4784 
f 5161//4785 6077//4787 6076//4784 
f 6110//4783 5140//4786 5139//4782 
o mesh29
f 6113//4859 5453//4859 4787//4859 
f 4786//4859 4787//4859 5453//4859 
f 5453//4859 5452//4859 4786//4859 
f 5452//4859 4785//4859 4786//4859 
f 5451//4859 4784//4859 4785//4859 
f 4785//4859 5452//4859 5451//4859 
f 6111//4859 5128//4859 4784//4859 
f 4784//4859 5451//4859 6111//4859 
f 6111//4859 5139//4859 5128//4859 
f 4787//4859 5125//4859 6113//4859 
o mesh30
f 5090//4860 5894//4860 5891//4861 
f 5091//4861 5891//4861 5890//4862 
f 5094//4862 5890//4862 5892//4863 
f 5101//4864 5093//4865 5893//4865 
f 5892//4863 5893//4865 5093//4865 
f 5093//4865 5092//4866 5892//4863 
f 5101//4864 5885//4867 5882//4868 
f 5102//4868 5882//4868 5881//4869 
f 5099//4869 5881//4869 5887//4870 
f 5100//4870 5887//4870 5886//4871 
f 5095//4871 5886//4871 5884//4872 
f 5096//4872 5884//4872 5883//4873 
f 5097//4873 5883//4873 5888//4874 
f 5103//4875 5105//4876 5889//4876 
f 5888//4874 5889//4876 5105//4876 
f 5105//4876 5098//4877 5888//4874 
f 5103//4875 5878//4878 5876//4879 
f 5104//4879 5876//4879 5877//4880 
f 5107//4880 5877//4880 5879//4881 
f 5879//4881 5106//4881 5107//4880 
f 5877//4880 5107//4880 5104//4879 
f 5876//4879 5104//4879 5103//4875 
f 5889//4876 5878//4878 5103//4875 
f 5888//4874 5098//4877 5097//4873 
f 5883//4873 5097//4873 5096//4872 
f 5884//4872 5096//4872 5095//4871 
f 5886//4871 5095//4871 5100//4870 
f 5887//4870 5100//4870 5099//4869 
f 5881//4869 5099//4869 5102//4868 
f 5882//4868 5102//4868 5101//4864 
f 5893//4865 5885//4867 5101//4864 
f 5892//4863 5092//4866 5094//4862 
f 5890//4862 5094//4862 5091//4861 
f 5891//4861 5091//4861 5090//4860 
o mesh31
f 6113//4882 5125//4882 5122//4883 
f 6114//4883 5122//4883 5121//4884 
f 6112//4884 5121//4884 5123//4885 
f 5119//4886 6121//4886 6123//4887 
f 6123//4887 5124//4888 5119//4886 
f 5123//4885 5124//4888 6130//4888 
f 6130//4888 6115//4889 5123//4885 
f 6121//4886 5119//4886 5117//4890 
f 6122//4890 5117//4890 5116//4891 
f 6118//4891 5116//4891 5113//4892 
f 6119//4892 5113//4892 5112//4893 
f 6116//4893 5112//4893 5115//4894 
f 6117//4894 5115//4894 5114//4895 
f 6120//4895 5114//4895 5118//4896 
f 6125//4897 6127//4898 5120//4898 
f 5118//4896 5120//4898 6127//4898 
f 6127//4898 6124//4899 5118//4896 
f 6125//4897 5110//4900 5109//4901 
f 6126//4901 5109//4901 5108//4902 
f 6128//4902 5108//4902 5111//4903 
f 5111//4903 6129//4903 6128//4902 
f 5108//4902 6128//4902 6126//4901 
f 5109//4901 6126//4901 6125//4897 
f 5120//4898 5110//4900 6125//4897 
f 5118//4896 6124//4899 6120//4895 
f 5114//4895 6120//4895 6117//4894 
f 5115//4894 6117//4894 6116//4893 
f 5112//4893 6116//4893 6119//4892 
f 5113//4892 6119//4892 6118//4891 
f 5116//4891 6118//4891 6122//4890 
f 5117//4890 6122//4890 6121//4886 
f 6123//4887 6130//4888 5124//4888 
f 5123//4885 6115//4889 6112//4884 
f 5121//4884 6112//4884 6114//4883 
f 5122//4883 6114//4883 6113//4882 
o mesh32
f 5039//4904 5047//4903 5863//4903 
f 5040//4905 5039//4904 5872//4904 
f 5046//4906 5040//4905 5871//4905 
f 5037//4907 5046//4906 5875//4906 
f 5038//4908 5037//4907 5873//4907 
f 5035//4909 5038//4908 5865//4908 
f 5036//4910 5035//4909 5864//4909 
f 5032//4911 5036//4910 5867//4910 
f 5033//4912 5032//4911 5866//4911 
f 5031//4913 5033//4912 5856//4912 
f 5070//4914 5069//4915 5868//4915 
f 5857//4916 5868//4915 5069//4915 
f 5069//4915 5031//4913 5857//4916 
f 5073//4917 5070//4914 5824//4918 
f 5068//4919 5073//4917 5823//4920 
f 5066//4921 5068//4919 5831//4922 
f 5059//4923 5066//4921 5826//4924 
f 5064//4925 5059//4923 5825//4926 
f 5065//4927 5064//4925 5832//4928 
f 5063//4929 5065//4927 5827//4930 
f 5057//4931 5063//4929 5833//4932 
f 5058//4933 5057//4931 5834//4934 
f 5082//4935 5058//4933 5829//4936 
f 5083//4937 5082//4935 5828//4938 
f 5087//4939 5083//4937 5839//4940 
f 5080//4941 5087//4939 5838//4942 
f 5081//4943 5080//4941 5848//4944 
f 5089//4945 5081//4943 5841//4946 
f 5078//4947 5089//4945 5840//4948 
f 5079//4949 5078//4947 5852//4950 
f 5085//4951 5079//4949 5849//4952 
f 5086//4953 5085//4951 5843//4954 
f 5088//4955 5086//4953 5842//4956 
f 5084//4957 5088//4955 5850//4958 
f 5076//4959 5084//4957 5853//4960 
f 5077//4961 5076//4959 5851//4962 
f 5074//4963 5077//4961 5845//4964 
f 5075//4965 5074//4963 5844//4966 
f 5055//4967 5075//4965 5847//4968 
f 5056//4969 5055//4967 5846//4970 
f 5062//4971 5056//4969 5817//4972 
f 5061//4973 5062//4971 5816//4974 
f 5054//4975 5061//4973 5820//4976 
f 5060//4977 5054//4975 5819//4978 
f 5052//4979 5060//4977 5818//4980 
f 5053//4981 5052//4979 5822//4982 
f 5067//4983 5053//4981 5821//4984 
f 5071//4985 5067//4983 5830//4986 
f 5072//4987 5071//4985 5835//4988 
f 5034//4989 5045//4990 5836//4990 
f 5837//4991 5836//4990 5045//4990 
f 5045//4990 5072//4987 5837//4991 
f 5030//4992 5034//4989 5858//4993 
f 5043//4994 5030//4992 5855//4995 
f 5044//4996 5043//4994 5854//4997 
f 5041//4998 5044//4996 5860//4999 
f 5042//5000 5041//4998 5859//5001 
f 5050//5002 5042//5000 5862//5003 
f 5051//5004 5050//5002 5861//5005 
f 5048//5006 5051//5004 5869//5007 
f 5049//5008 5048//5006 5874//5009 
f 5047//4903 5049//5008 5870//5008 
f 5870//5008 5863//4903 5047//4903 
f 5874//5009 5870//5008 5049//5008 
f 5869//5007 5874//5009 5048//5006 
f 5861//5005 5869//5007 5051//5004 
f 5862//5003 5861//5005 5050//5002 
f 5859//5001 5862//5003 5042//5000 
f 5860//4999 5859//5001 5041//4998 
f 5854//4997 5860//4999 5044//4996 
f 5855//4995 5854//4997 5043//4994 
f 5858//4993 5855//4995 5030//4992 
f 5836//4990 5858//4993 5034//4989 
f 5835//4988 5837//4991 5072//4987 
f 5830//4986 5835//4988 5071//4985 
f 5821//4984 5830//4986 5067//4983 
f 5822//4982 5821//4984 5053//4981 
f 5818//4980 5822//4982 5052//4979 
f 5819//4978 5818//4980 5060//4977 
f 5820//4976 5819//4978 5054//4975 
f 5816//4974 5820//4976 5061//4973 
f 5817//4972 5816//4974 5062//4971 
f 5846//4970 5817//4972 5056//4969 
f 5847//4968 5846//4970 5055//4967 
f 5844//4966 5847//4968 5075//4965 
f 5845//4964 5844//4966 5074//4963 
f 5851//4962 5845//4964 5077//4961 
f 5853//4960 5851//4962 5076//4959 
f 5850//4958 5853//4960 5084//4957 
f 5842//4956 5850//4958 5088//4955 
f 5843//4954 5842//4956 5086//4953 
f 5849//4952 5843//4954 5085//4951 
f 5852//4950 5849//4952 5079//4949 
f 5840//4948 5852//4950 5078//4947 
f 5841//4946 5840//4948 5089//4945 
f 5848//4944 5841//4946 5081//4943 
f 5838//4942 5848//4944 5080//4941 
f 5839//4940 5838//4942 5087//4939 
f 5828//4938 5839//4940 5083//4937 
f 5829//4936 5828//4938 5082//4935 
f 5834//4934 5829//4936 5058//4933 
f 5833//4932 5834//4934 5057//4931 
f 5827//4930 5833//4932 5063//4929 
f 5832//4928 5827//4930 5065//4927 
f 5825//4926 5832//4928 5064//4925 
f 5826//4924 5825//4926 5059//4923 
f 5831//4922 5826//4924 5066//4921 
f 5823//4920 5831//4922 5068//4919 
f 5824//4918 5823//4920 5073//4917 
f 5868//4915 5824//4918 5070//4914 
f 5856//4912 5857//4916 5031//4913 
f 5866//4911 5856//4912 5033//4912 
f 5867//4910 5866//4911 5032//4911 
f 5864//4909 5867//4910 5036//4910 
f 5865//4908 5864//4909 5035//4909 
f 5873//4907 5865//4908 5038//4908 
f 5875//4906 5873//4907 5037//4907 
f 5871//4905 5875//4906 5046//4906 
f 5872//4904 5871//4905 5040//4905 
f 5863//4903 5872//4904 5039//4904 
o mesh33
f 4987//5010 4980//5011 5804//5011 
f 4990//5012 4987//5010 5815//5013 
f 4977//5014 4990//5012 5812//5015 
f 4978//5016 4977//5014 5811//5017 
f 4986//5018 4978//5016 5813//5019 
f 4975//5020 4986//5018 5806//5021 
f 4976//5022 4975//5020 5805//5023 
f 4973//5024 4976//5022 5808//5025 
f 4970//5026 4973//5024 5807//5027 
f 4974//5028 4970//5026 5798//5029 
f 5003//5030 5023//5031 5799//5031 
f 5797//5032 5799//5031 5023//5031 
f 5023//5031 4974//5028 5797//5032 
f 5004//5033 5003//5030 5786//5034 
f 5007//5035 5004//5033 5759//5036 
f 5006//5037 5007//5035 5758//5038 
f 5002//5039 5006//5037 5763//5040 
f 4998//5041 5002//5039 5764//5042 
f 4992//5043 4998//5041 5769//5044 
f 4993//5045 4992//5043 5765//5046 
f 5010//5047 4993//5045 5761//5048 
f 5011//5049 5010//5047 5760//5050 
f 5012//5051 5011//5049 5773//5052 
f 5013//5053 5012//5051 5772//5054 
f 5027//5055 5013//5053 5777//5056 
f 5021//5057 5027//5055 5776//5058 
f 5022//5059 5021//5057 5787//5060 
f 5029//5061 5022//5059 5780//5062 
f 5026//5063 5029//5061 5779//5064 
f 5019//5065 5026//5063 5792//5066 
f 5020//5067 5019//5065 5788//5068 
f 5025//5069 5020//5067 5781//5070 
f 5028//5071 5025//5069 5790//5072 
f 5017//5073 5028//5071 5789//5074 
f 5018//5075 5017//5073 5793//5076 
f 5024//5077 5018//5075 5791//5078 
f 5015//5079 5024//5077 5783//5080 
f 5016//5081 5015//5079 5782//5082 
f 5008//5083 5016//5081 5785//5084 
f 5009//5085 5008//5083 5784//5086 
f 4996//5087 5009//5085 5775//5088 
f 4997//5089 4996//5087 5774//5090 
f 5001//5091 4997//5089 5757//5092 
f 5000//5093 5001//5091 5756//5094 
f 5005//5095 5000//5093 5762//5096 
f 4999//5097 5005//5095 5766//5098 
f 4994//5099 4999//5097 5770//5100 
f 4995//5101 4994//5099 5771//5102 
f 5014//5103 4995//5101 5768//5104 
f 4971//5105 4985//5106 5778//5106 
f 5767//5107 5778//5106 4985//5106 
f 4985//5106 5014//5103 5767//5107 
f 4972//5108 4971//5105 5794//5109 
f 4983//5110 4972//5108 5796//5111 
f 4984//5112 4983//5110 5795//5113 
f 4989//5114 4984//5112 5801//5115 
f 4981//5116 4989//5114 5800//5117 
f 4982//5118 4981//5116 5809//5119 
f 4991//5120 4982//5118 5803//5121 
f 4988//5122 4991//5120 5802//5123 
f 4979//5124 4988//5122 5814//5125 
f 4980//5011 4979//5124 5810//5124 
f 5810//5124 5804//5011 4980//5011 
f 5814//5125 5810//5124 4979//5124 
f 5802//5123 5814//5125 4988//5122 
f 5803//5121 5802//5123 4991//5120 
f 5809//5119 5803//5121 4982//5118 
f 5800//5117 5809//5119 4981//5116 
f 5801//5115 5800//5117 4989//5114 
f 5795//5113 5801//5115 4984//5112 
f 5796//5111 5795//5113 4983//5110 
f 5794//5109 5796//5111 4972//5108 
f 5778//5106 5794//5109 4971//5105 
f 5768//5104 5767//5107 5014//5103 
f 5771//5102 5768//5104 4995//5101 
f 5770//5100 5771//5102 4994//5099 
f 5766//5098 5770//5100 4999//5097 
f 5762//5096 5766//5098 5005//5095 
f 5756//5094 5762//5096 5000//5093 
f 5757//5092 5756//5094 5001//5091 
f 5774//5090 5757//5092 4997//5089 
f 5775//5088 5774//5090 4996//5087 
f 5784//5086 5775//5088 5009//5085 
f 5785//5084 5784//5086 5008//5083 
f 5782//5082 5785//5084 5016//5081 
f 5783//5080 5782//5082 5015//5079 
f 5791//5078 5783//5080 5024//5077 
f 5793//5076 5791//5078 5018//5075 
f 5789//5074 5793//5076 5017//5073 
f 5790//5072 5789//5074 5028//5071 
f 5781//5070 5790//5072 5025//5069 
f 5788//5068 5781//5070 5020//5067 
f 5792//5066 5788//5068 5019//5065 
f 5779//5064 5792//5066 5026//5063 
f 5780//5062 5779//5064 5029//5061 
f 5787//5060 5780//5062 5022//5059 
f 5776//5058 5787//5060 5021//5057 
f 5777//5056 5776//5058 5027//5055 
f 5772//5054 5777//5056 5013//5053 
f 5773//5052 5772//5054 5012//5051 
f 5760//5050 5773//5052 5011//5049 
f 5761//5048 5760//5050 5010//5047 
f 5765//5046 5761//5048 4993//5045 
f 5769//5044 5765//5046 4992//5043 
f 5764//5042 5769//5044 4998//5041 
f 5763//5040 5764//5042 5002//5039 
f 5758//5038 5763//5040 5006//5037 
f 5759//5036 5758//5038 5007//5035 
f 5786//5034 5759//5036 5004//5033 
f 5799//5031 5786//5034 5003//5030 
f 5798//5029 5797//5032 4974//5028 
f 5807//5027 5798//5029 4970//5026 
f 5808//5025 5807//5027 4973//5024 
f 5805//5023 5808//5025 4976//5022 
f 5806//5021 5805//5023 4975//5020 
f 5813//5019 5806//5021 4986//5018 
f 5811//5017 5813//5019 4978//5016 
f 5812//5015 5811//5017 4977//5014 
f 5815//5013 5812//5015 4990//5012 
f 5804//5011 5815//5013 4987//5010 
o mesh34
f 5323//5126 5315//5127 5931//5127 
f 5324//5128 5323//5126 5930//5129 
f 5332//5130 5324//5128 5940//5131 
f 5321//5132 5332//5130 5939//5133 
f 5322//5134 5321//5132 5946//5135 
f 5331//5136 5322//5134 5942//5137 
f 5303//5138 5331//5136 5941//5139 
f 5304//5140 5303//5138 5947//5141 
f 5313//5142 5304//5140 5933//5143 
f 5311//5144 5313//5142 5932//5145 
f 5312//5146 5311//5144 5934//5147 
f 5348//5148 5312//5146 5925//5149 
f 5346//5150 5348//5148 5924//5151 
f 5344//5152 5346//5150 5953//5153 
f 5345//5154 5344//5152 5957//5155 
f 5343//5156 5345//5154 5954//5157 
f 5340//5158 5343//5156 5955//5159 
f 5341//5160 5340//5158 5943//5161 
f 5301//5162 5341//5160 5936//5163 
f 5302//5164 5301//5162 5935//5165 
f 5310//5166 5302//5164 5913//5167 
f 5309//5168 5310//5166 5902//5169 
f 5299//5170 5309//5168 5901//5171 
f 5300//5172 5299//5170 5914//5173 
f 5307//5174 5300//5172 5904//5175 
f 5308//5176 5307//5174 5903//5177 
f 5297//5178 5308//5176 5906//5179 
f 5293//5180 5297//5178 5905//5181 
f 5294//5182 5293//5180 5896//5183 
f 5296//5184 5294//5182 5895//5185 
f 5298//5186 5296//5184 5898//5187 
f 5295//5188 5298//5186 5897//5189 
f 5291//5190 5295//5188 5915//5191 
f 5292//5192 5291//5190 5907//5193 
f 5330//5194 5292//5192 5900//5195 
f 5320//5196 5330//5194 5899//5197 
f 5305//5198 5320//5196 5937//5199 
f 5306//5200 5305//5198 5926//5201 
f 5318//5202 5306//5200 5916//5203 
f 5319//5204 5318//5202 5909//5205 
f 5339//5206 5319//5204 5945//5207 
f 5351//5208 5339//5206 5944//5209 
f 5350//5210 5351//5208 5948//5211 
f 5347//5212 5350//5210 5951//5213 
f 5337//5214 5347//5212 5950//5215 
f 5338//5216 5337//5214 5956//5217 
f 5342//5218 5338//5216 5938//5219 
f 5316//5220 5342//5218 5927//5221 
f 5317//5222 5316//5220 5917//5223 
f 5328//5224 5317//5222 5912//5225 
f 5336//5226 5328//5224 5911//5227 
f 5326//5228 5336//5226 5918//5229 
f 5327//5230 5326//5228 5928//5231 
f 5335//5232 5327//5230 5920//5233 
f 5333//5234 5335//5232 5919//5235 
f 5334//5236 5333//5234 5929//5237 
f 5325//5238 5334//5236 5922//5239 
f 5315//5127 5325//5238 5921//5238 
f 5921//5238 5931//5127 5315//5127 
f 5922//5239 5921//5238 5325//5238 
f 5929//5237 5922//5239 5334//5236 
f 5919//5235 5929//5237 5333//5234 
f 5920//5233 5919//5235 5335//5232 
f 5928//5231 5920//5233 5327//5230 
f 5918//5229 5928//5231 5326//5228 
f 5911//5227 5918//5229 5336//5226 
f 5912//5225 5911//5227 5328//5224 
f 5917//5223 5912//5225 5317//5222 
f 5927//5221 5917//5223 5316//5220 
f 5938//5219 5927//5221 5342//5218 
f 5956//5217 5938//5219 5338//5216 
f 5950//5215 5956//5217 5337//5214 
f 5951//5213 5950//5215 5347//5212 
f 5948//5211 5951//5213 5350//5210 
f 5944//5209 5948//5211 5351//5208 
f 5945//5207 5944//5209 5339//5206 
f 5909//5205 5945//5207 5319//5204 
f 5916//5203 5909//5205 5318//5202 
f 5926//5201 5916//5203 5306//5200 
f 5937//5199 5926//5201 5305//5198 
f 5899//5197 5937//5199 5320//5196 
f 5900//5195 5899//5197 5330//5194 
f 5907//5193 5900//5195 5292//5192 
f 5915//5191 5907//5193 5291//5190 
f 5897//5189 5915//5191 5295//5188 
f 5898//5187 5897//5189 5298//5186 
f 5895//5185 5898//5187 5296//5184 
f 5896//5183 5895//5185 5294//5182 
f 5905//5181 5896//5183 5293//5180 
f 5906//5179 5905//5181 5297//5178 
f 5903//5177 5906//5179 5308//5176 
f 5904//5175 5903//5177 5307//5174 
f 5914//5173 5904//5175 5300//5172 
f 5901//5171 5914//5173 5299//5170 
f 5902//5169 5901//5171 5309//5168 
f 5913//5167 5902//5169 5310//5166 
f 5935//5165 5913//5167 5302//5164 
f 5936//5163 5935//5165 5301//5162 
f 5943//5161 5936//5163 5341//5160 
f 5955//5159 5943//5161 5340//5158 
f 5954//5157 5955//5159 5343//5156 
f 5957//5155 5954//5157 5345//5154 
f 5953//5153 5957//5155 5344//5152 
f 5924//5151 5953//5153 5346//5150 
f 5925//5149 5924//5151 5348//5148 
f 5934//5147 5925//5149 5312//5146 
f 5932//5145 5934//5147 5311//5144 
f 5933//5143 5932//5145 5313//5142 
f 5947//5141 5933//5143 5304//5140 
f 5941//5139 5947//5141 5303//5138 
f 5942//5137 5941//5139 5331//5136 
f 5946//5135 5942//5137 5322//5134 
f 5939//5133 5946//5135 5321//5132 
f 5940//5131 5939//5133 5332//5130 
f 5930//5129 5940//5131 5324//5128 
f 5931//5127 5930//5129 5323//5126 
o mesh35
f 5265//5240 5268//5241 6034//5241 
f 5266//5242 5265//5240 6033//5243 
f 5237//5244 5266//5242 6036//5245 
f 5221//5246 5237//5244 6035//5247 
f 5235//5248 5221//5246 6026//5249 
f 5236//5250 5235//5248 6023//5251 
f 5234//5252 5236//5250 6028//5253 
f 5218//5254 5234//5252 6027//5255 
f 5219//5256 5218//5254 6029//5257 
f 5233//5258 5219//5256 6025//5259 
f 5212//5260 5233//5258 6024//5261 
f 5213//5262 5212//5260 6030//5263 
f 5217//5264 5213//5262 6003//5265 
f 5216//5266 5217//5264 6002//5267 
f 5211//5268 5216//5266 6020//5269 
f 5209//5270 5211//5268 6019//5271 
f 5210//5272 5209//5270 6006//5273 
f 5214//5274 5210//5272 5989//5275 
f 5215//5276 5214//5274 5988//5277 
f 5231//5278 5215//5276 5981//5279 
f 5232//5280 5231//5278 5985//5281 
f 5229//5282 5232//5280 5990//5283 
f 5230//5284 5229//5282 5986//5285 
f 5248//5286 5230//5284 5992//5287 
f 5227//5288 5248//5286 5991//5289 
f 5228//5290 5227//5288 6007//5291 
f 5262//5292 5228//5290 5993//5293 
f 5225//5294 5262//5292 5987//5295 
f 5226//5296 5225//5294 6022//5297 
f 5257//5298 5226//5296 6009//5299 
f 5246//5300 5257//5298 6008//5301 
f 5247//5302 5246//5300 5995//5303 
f 5244//5304 5247//5302 5994//5305 
f 5245//5306 5244//5304 6010//5307 
f 5256//5308 5245//5306 6012//5309 
f 5242//5310 5256//5308 6011//5311 
f 5243//5312 5242//5310 6013//5313 
f 5240//5314 5243//5312 5996//5315 
f 5241//5316 5240//5314 5972//5317 
f 5255//5318 5241//5316 5971//5319 
f 5239//5320 5255//5318 5982//5321 
f 5254//5322 5239//5320 5983//5323 
f 5253//5324 5254//5322 5978//5325 
f 5238//5326 5253//5324 5973//5327 
f 5223//5328 5238//5326 5984//5329 
f 5224//5330 5223//5328 5976//5331 
f 5261//5332 5224//5330 5980//5333 
f 5251//5334 5261//5332 5979//5335 
f 5252//5336 5251//5334 6014//5337 
f 5260//5338 5252//5336 5998//5339 
f 5258//5340 5260//5338 5997//5341 
f 5259//5342 5258//5340 6015//5343 
f 5249//5344 5259//5342 6016//5345 
f 5250//5346 5249//5344 6001//5347 
f 5263//5348 5250//5346 6000//5349 
f 5264//5350 5263//5348 6017//5351 
f 5267//5352 5264//5350 6032//5353 
f 5268//5241 5267//5352 6031//5352 
f 6031//5352 6034//5241 5268//5241 
f 6032//5353 6031//5352 5267//5352 
f 6017//5351 6032//5353 5264//5350 
f 6000//5349 6017//5351 5263//5348 
f 6001//5347 6000//5349 5250//5346 
f 6016//5345 6001//5347 5249//5344 
f 6015//5343 6016//5345 5259//5342 
f 5997//5341 6015//5343 5258//5340 
f 5998//5339 5997//5341 5260//5338 
f 6014//5337 5998//5339 5252//5336 
f 5979//5335 6014//5337 5251//5334 
f 5980//5333 5979//5335 5261//5332 
f 5976//5331 5980//5333 5224//5330 
f 5984//5329 5976//5331 5223//5328 
f 5973//5327 5984//5329 5238//5326 
f 5978//5325 5973//5327 5253//5324 
f 5983//5323 5978//5325 5254//5322 
f 5982//5321 5983//5323 5239//5320 
f 5971//5319 5982//5321 5255//5318 
f 5972//5317 5971//5319 5241//5316 
f 5996//5315 5972//5317 5240//5314 
f 6013//5313 5996//5315 5243//5312 
f 6011//5311 6013//5313 5242//5310 
f 6012//5309 6011//5311 5256//5308 
f 6010//5307 6012//5309 5245//5306 
f 5994//5305 6010//5307 5244//5304 
f 5995//5303 5994//5305 5247//5302 
f 6008//5301 5995//5303 5246//5300 
f 6009//5299 6008//5301 5257//5298 
f 6022//5297 6009//5299 5226//5296 
f 5987//5295 6022//5297 5225//5294 
f 5993//5293 5987//5295 5262//5292 
f 6007//5291 5993//5293 5228//5290 
f 5991//5289 6007//5291 5227//5288 
f 5992//5287 5991//5289 5248//5286 
f 5986//5285 5992//5287 5230//5284 
f 5990//5283 5986//5285 5229//5282 
f 5985//5281 5990//5283 5232//5280 
f 5981//5279 5985//5281 5231//5278 
f 5988//5277 5981//5279 5215//5276 
f 5989//5275 5988//5277 5214//5274 
f 6006//5273 5989//5275 5210//5272 
f 6019//5271 6006//5273 5209//5270 
f 6020//5269 6019//5271 5211//5268 
f 6002//5267 6020//5269 5216//5266 
f 6003//5265 6002//5267 5217//5264 
f 6030//5263 6003//5265 5213//5262 
f 6024//5261 6030//5263 5212//5260 
f 6025//5259 6024//5261 5233//5258 
f 6029//5257 6025//5259 5219//5256 
f 6027//5255 6029//5257 5218//5254 
f 6028//5253 6027//5255 5234//5252 
f 6023//5251 6028//5253 5236//5250 
f 6026//5249 6023//5251 5235//5248 
f 6035//5247 6026//5249 5221//5246 
f 6036//5245 6035//5247 5237//5244 
f 6033//5243 6036//5245 5266//5242 
f 6034//5241 6033//5243 5265//5240 
o mesh36
f 5162//5354 5155//5355 6075//5355 
f 5152//5356 5162//5354 6085//5357 
f 5153//5358 5152//5356 6094//5359 
f 5159//5360 5153//5358 6093//5361 
f 5160//5362 5159//5360 6101//5363 
f 5170//5364 5160//5362 6096//5365 
f 5142//5366 5170//5364 6095//5367 
f 5143//5368 5142//5366 6102//5369 
f 5151//5370 5143//5368 6079//5371 
f 5141//5372 5151//5370 6078//5373 
f 5150//5374 5141//5372 6086//5375 
f 5184//5376 5150//5374 6088//5377 
f 5183//5378 5184//5376 6087//5379 
f 5181//5380 5183//5378 6108//5381 
f 5182//5382 5181//5380 6109//5383 
f 5180//5384 5182//5382 6106//5385 
f 5178//5386 5180//5384 6107//5387 
f 5169//5388 5178//5386 6097//5389 
f 5137//5390 5169//5388 6090//5391 
f 5138//5392 5137//5390 6089//5393 
f 5149//5394 5138//5392 6062//5395 
f 5148//5396 5149//5394 6056//5397 
f 5135//5398 5148//5396 6055//5399 
f 5136//5400 5135//5398 6063//5401 
f 5146//5402 5136//5400 6058//5403 
f 5147//5404 5146//5402 6057//5405 
f 5132//5406 5147//5404 6060//5407 
f 5133//5408 5132//5406 6059//5409 
f 5129//5410 5133//5408 6050//5411 
f 5131//5412 5129//5410 6049//5413 
f 5134//5414 5131//5412 6052//5415 
f 5130//5416 5134//5414 6051//5417 
f 5126//5418 5130//5416 6064//5419 
f 5127//5420 5126//5418 6061//5421 
f 5168//5422 5127//5420 6054//5423 
f 5158//5424 5168//5422 6053//5425 
f 5144//5426 5158//5424 6091//5427 
f 5145//5428 5144//5426 6080//5429 
f 5166//5430 5145//5428 6066//5431 
f 5167//5432 5166//5430 6065//5433 
f 5177//5434 5167//5432 6099//5435 
f 5187//5436 5177//5434 6098//5437 
f 5186//5438 5187//5436 6100//5439 
f 5185//5440 5186//5438 6104//5441 
f 5179//5442 5185//5440 6103//5443 
f 5175//5444 5179//5442 6105//5445 
f 5176//5446 5175//5444 6092//5447 
f 5156//5448 5176//5446 6082//5449 
f 5157//5450 5156//5448 6081//5451 
f 5165//5452 5157//5450 6068//5453 
f 5174//5454 5165//5452 6067//5455 
f 5163//5456 5174//5454 6070//5457 
f 5164//5458 5163//5456 6069//5459 
f 5173//5460 5164//5458 6072//5461 
f 5171//5462 5173//5460 6071//5463 
f 5172//5464 5171//5462 6083//5465 
f 5154//5466 5172//5464 6084//5467 
f 5155//5355 5154//5466 6073//5466 
f 6073//5466 6075//5355 5155//5355 
f 6084//5467 6073//5466 5154//5466 
f 6083//5465 6084//5467 5172//5464 
f 6071//5463 6083//5465 5171//5462 
f 6072//5461 6071//5463 5173//5460 
f 6069//5459 6072//5461 5164//5458 
f 6070//5457 6069//5459 5163//5456 
f 6067//5455 6070//5457 5174//5454 
f 6068//5453 6067//5455 5165//5452 
f 6081//5451 6068//5453 5157//5450 
f 6082//5449 6081//5451 5156//5448 
f 6092//5447 6082//5449 5176//5446 
f 6105//5445 6092//5447 5175//5444 
f 6103//5443 6105//5445 5179//5442 
f 6104//5441 6103//5443 5185//5440 
f 6100//5439 6104//5441 5186//5438 
f 6098//5437 6100//5439 5187//5436 
f 6099//5435 6098//5437 5177//5434 
f 6065//5433 6099//5435 5167//5432 
f 6066//5431 6065//5433 5166//5430 
f 6080//5429 6066//5431 5145//5428 
f 6091//5427 6080//5429 5144//5426 
f 6053//5425 6091//5427 5158//5424 
f 6054//5423 6053//5425 5168//5422 
f 6061//5421 6054//5423 5127//5420 
f 6064//5419 6061//5421 5126//5418 
f 6051//5417 6064//5419 5130//5416 
f 6052//5415 6051//5417 5134//5414 
f 6049//5413 6052//5415 5131//5412 
f 6050//5411 6049//5413 5129//5410 
f 6059//5409 6050//5411 5133//5408 
f 6060//5407 6059//5409 5132//5406 
f 6057//5405 6060//5407 5147//5404 
f 6058//5403 6057//5405 5146//5402 
f 6063//5401 6058//5403 5136//5400 
f 6055//5399 6063//5401 5135//5398 
f 6056//5397 6055//5399 5148//5396 
f 6062//5395 6056//5397 5149//5394 
f 6089//5393 6062//5395 5138//5392 
f 6090//5391 6089//5393 5137//5390 
f 6097//5389 6090//5391 5169//5388 
f 6107//5387 6097//5389 5178//5386 
f 6106//5385 6107//5387 5180//5384 
f 6109//5383 6106//5385 5182//5382 
f 6108//5381 6109//5383 5181//5380 
f 6087//5379 6108//5381 5183//5378 
f 6088//5377 6087//5379 5184//5376 
f 6086//5375 6088//5377 5150//5374 
f 6078//5373 6086//5375 5141//5372 
f 6079//5371 6078//5373 5151//5370 
f 6102//5369 6079//5371 5143//5368 
f 6095//5367 6102//5369 5142//5366 
f 6096//5365 6095//5367 5170//5364 
f 6101//5363 6096//5365 5160//5362 
f 6093//5361 6101//5363 5159//5360 
f 6094//5359 6093//5361 5153//5358 
f 6085//5357 6094//5359 5152//5356 
f 6075//5355 6085//5357 5162//5354 
o mesh37
f 4927//5468 4926//5469 5744//5469 
f 4930//5470 4927//5468 5743//5471 
f 4925//5472 4930//5470 5752//5473 
f 4918//5474 4925//5472 5755//5475 
f 4919//5476 4918//5474 5753//5477 
f 4916//5478 4919//5476 5746//5479 
f 4917//5480 4916//5478 5745//5481 
f 4910//5482 4917//5480 5748//5483 
f 4911//5484 4910//5482 5747//5485 
f 4915//5486 4911//5484 5736//5487 
f 4950//5488 4949//5489 5749//5489 
f 5737//5490 5749//5489 4949//5489 
f 4949//5489 4915//5486 5737//5490 
f 4953//5491 4950//5488 5704//5492 
f 4948//5493 4953//5491 5703//5494 
f 4945//5495 4948//5493 5711//5496 
f 4946//5497 4945//5495 5706//5498 
f 4939//5499 4946//5497 5705//5500 
f 4940//5501 4939//5499 5712//5502 
f 4944//5503 4940//5501 5707//5504 
f 4937//5505 4944//5503 5713//5506 
f 4938//5507 4937//5505 5714//5508 
f 4961//5509 4938//5507 5709//5510 
f 4962//5511 4961//5509 5708//5512 
f 4967//5513 4962//5511 5719//5514 
f 4959//5515 4967//5513 5718//5516 
f 4960//5517 4959//5515 5727//5518 
f 4969//5519 4960//5517 5721//5520 
f 4965//5521 4969//5519 5720//5522 
f 4966//5523 4965//5521 5732//5524 
f 4964//5525 4966//5523 5728//5526 
f 4958//5527 4964//5525 5722//5528 
f 4968//5529 4958//5527 5730//5530 
f 4963//5531 4968//5529 5729//5532 
f 4956//5533 4963//5531 5733//5534 
f 4957//5535 4956//5533 5731//5536 
f 4954//5537 4957//5535 5724//5538 
f 4955//5539 4954//5537 5723//5540 
f 4935//5541 4955//5539 5726//5542 
f 4936//5543 4935//5541 5725//5544 
f 4943//5545 4936//5543 5697//5546 
f 4941//5547 4943//5545 5696//5548 
f 4942//5549 4941//5547 5700//5550 
f 4934//5551 4942//5549 5699//5552 
f 4932//5553 4934//5551 5698//5554 
f 4933//5555 4932//5553 5702//5556 
f 4947//5557 4933//5555 5701//5558 
f 4951//5559 4947//5557 5710//5560 
f 4952//5561 4951//5559 5715//5562 
f 4912//5563 4914//5564 5716//5564 
f 5717//5565 5716//5564 4914//5564 
f 4914//5564 4952//5561 5717//5565 
f 4913//5566 4912//5563 5738//5567 
f 4923//5568 4913//5566 5735//5569 
f 4924//5570 4923//5568 5734//5571 
f 4921//5572 4924//5570 5740//5573 
f 4922//5574 4921//5572 5739//5575 
f 4929//5576 4922//5574 5742//5577 
f 4931//5578 4929//5576 5741//5579 
f 4920//5580 4931//5578 5750//5581 
f 4928//5582 4920//5580 5754//5583 
f 4926//5469 4928//5582 5751//5582 
f 5751//5582 5744//5469 4926//5469 
f 5754//5583 5751//5582 4928//5582 
f 5750//5581 5754//5583 4920//5580 
f 5741//5579 5750//5581 4931//5578 
f 5742//5577 5741//5579 4929//5576 
f 5739//5575 5742//5577 4922//5574 
f 5740//5573 5739//5575 4921//5572 
f 5734//5571 5740//5573 4924//5570 
f 5735//5569 5734//5571 4923//5568 
f 5738//5567 5735//5569 4913//5566 
f 5716//5564 5738//5567 4912//5563 
f 5715//5562 5717//5565 4952//5561 
f 5710//5560 5715//5562 4951//5559 
f 5701//5558 5710//5560 4947//5557 
f 5702//5556 5701//5558 4933//5555 
f 5698//5554 5702//5556 4932//5553 
f 5699//5552 5698//5554 4934//5551 
f 5700//5550 5699//5552 4942//5549 
f 5696//5548 5700//5550 4941//5547 
f 5697//5546 5696//5548 4943//5545 
f 5725//5544 5697//5546 4936//5543 
f 5726//5542 5725//5544 4935//5541 
f 5723//5540 5726//5542 4955//5539 
f 5724//5538 5723//5540 4954//5537 
f 5731//5536 5724//5538 4957//5535 
f 5733//5534 5731//5536 4956//5533 
f 5729//5532 5733//5534 4963//5531 
f 5730//5530 5729//5532 4968//5529 
f 5722//5528 5730//5530 4958//5527 
f 5728//5526 5722//5528 4964//5525 
f 5732//5524 5728//5526 4966//5523 
f 5720//5522 5732//5524 4965//5521 
f 5721//5520 5720//5522 4969//5519 
f 5727//5518 5721//5520 4960//5517 
f 5718//5516 5727//5518 4959//5515 
f 5719//5514 5718//5516 4967//5513 
f 5708//5512 5719//5514 4962//5511 
f 5709//5510 5708//5512 4961//5509 
f 5714//5508 5709//5510 4938//5507 
f 5713//5506 5714//5508 4937//5505 
f 5707//5504 5713//5506 4944//5503 
f 5712//5502 5707//5504 4940//5501 
f 5705//5500 5712//5502 4939//5499 
f 5706//5498 5705//5500 4946//5497 
f 5711//5496 5706//5498 4945//5495 
f 5703//5494 5711//5496 4948//5493 
f 5704//5492 5703//5494 4953//5491 
f 5749//5489 5704//5492 4950//5488 
f 5736//5487 5737//5490 4915//5486 
f 5747//5485 5736//5487 4911//5484 
f 5748//5483 5747//5485 4910//5482 
f 5745//5481 5748//5483 4917//5480 
f 5746//5479 5745//5481 4916//5478 
f 5753//5477 5746//5479 4919//5476 
f 5755//5475 5753//5477 4918//5474 
f 5752//5473 5755//5475 4925//5472 
f 5743//5471 5752//5473 4930//5470 
f 5744//5469 5743//5471 4927//5468 
o mesh38
f 4752//5584 4783//5585 5630//5585 
f 4753//5586 4752//5584 5613//5587 
f 4763//5588 4753//5586 5612//5589 
f 4764//5590 4763//5588 5618//5591 
f 4740//5592 4764//5590 5632//5593 
f 4741//5594 4740//5592 5631//5595 
f 4746//5596 4741//5594 5633//5597 
f 4727//5598 4746//5596 5620//5599 
f 4728//5600 4727//5598 5619//5601 
f 4730//5602 4728//5600 5604//5603 
f 4734//5604 4730//5602 5598//5605 
f 4735//5606 4734//5604 5597//5607 
f 4733//5608 4735//5606 5605//5609 
f 4726//5610 4733//5608 5621//5611 
f 4729//5612 4726//5610 5623//5613 
f 4731//5614 4729//5612 5622//5615 
f 4732//5616 4731//5614 5624//5617 
f 4738//5618 4732//5616 5615//5619 
f 4739//5620 4738//5618 5614//5621 
f 4744//5622 4739//5620 5626//5623 
f 4745//5624 4744//5622 5625//5625 
f 4736//5626 4745//5624 5628//5627 
f 4737//5628 4736//5626 5627//5629 
f 4743//5630 4737//5628 5617//5631 
f 4750//5632 4743//5630 5616//5633 
f 4751//5634 4750//5632 5629//5635 
f 4742//5636 4751//5634 5635//5637 
f 4749//5638 4742//5636 5634//5639 
f 4780//5640 4749//5638 5637//5641 
f 4781//5642 4780//5640 5636//5643 
f 4778//5644 4781//5642 5600//5645 
f 4779//5646 4778//5644 5599//5647 
f 4772//5648 4779//5646 5607//5649 
f 4761//5650 4772//5648 5606//5651 
f 4762//5652 4761//5650 5601//5653 
f 4770//5654 4762//5652 5594//5655 
f 4771//5656 4770//5654 5593//5657 
f 4768//5658 4771//5656 5603//5659 
f 4769//5660 4768//5658 5602//5661 
f 4759//5662 4769//5660 5596//5663 
f 4760//5664 4759//5662 5595//5665 
f 4767//5666 4760//5664 5586//5667 
f 4757//5668 4767//5666 5585//5669 
f 4758//5670 4757//5668 5587//5671 
f 4755//5672 4758//5670 5583//5673 
f 4756//5674 4755//5672 5580//5675 
f 4754//5676 4756//5674 5589//5677 
f 4747//5678 4754//5676 5588//5679 
f 4748//5680 4747//5678 5584//5681 
f 4777//5682 4748//5680 5582//5683 
f 4765//5684 4777//5682 5581//5685 
f 4766//5686 4765//5684 5590//5687 
f 4775//5688 4766//5686 5592//5689 
f 4776//5690 4775//5688 5591//5691 
f 4773//5692 4776//5690 5609//5693 
f 4774//5694 4773//5692 5608//5695 
f 4782//5696 4774//5694 5610//5697 
f 4783//5585 4782//5696 5611//5696 
f 5611//5696 5630//5585 4783//5585 
f 5610//5697 5611//5696 4782//5696 
f 5608//5695 5610//5697 4774//5694 
f 5609//5693 5608//5695 4773//5692 
f 5591//5691 5609//5693 4776//5690 
f 5592//5689 5591//5691 4775//5688 
f 5590//5687 5592//5689 4766//5686 
f 5581//5685 5590//5687 4765//5684 
f 5582//5683 5581//5685 4777//5682 
f 5584//5681 5582//5683 4748//5680 
f 5588//5679 5584//5681 4747//5678 
f 5589//5677 5588//5679 4754//5676 
f 5580//5675 5589//5677 4756//5674 
f 5583//5673 5580//5675 4755//5672 
f 5587//5671 5583//5673 4758//5670 
f 5585//5669 5587//5671 4757//5668 
f 5586//5667 5585//5669 4767//5666 
f 5595//5665 5586//5667 4760//5664 
f 5596//5663 5595//5665 4759//5662 
f 5602//5661 5596//5663 4769//5660 
f 5603//5659 5602//5661 4768//5658 
f 5593//5657 5603//5659 4771//5656 
f 5594//5655 5593//5657 4770//5654 
f 5601//5653 5594//5655 4762//5652 
f 5606//5651 5601//5653 4761//5650 
f 5607//5649 5606//5651 4772//5648 
f 5599//5647 5607//5649 4779//5646 
f 5600//5645 5599//5647 4778//5644 
f 5636//5643 5600//5645 4781//5642 
f 5637//5641 5636//5643 4780//5640 
f 5634//5639 5637//5641 4749//5638 
f 5635//5637 5634//5639 4742//5636 
f 5629//5635 5635//5637 4751//5634 
f 5616//5633 5629//5635 4750//5632 
f 5617//5631 5616//5633 4743//5630 
f 5627//5629 5617//5631 4737//5628 
f 5628//5627 5627//5629 4736//5626 
f 5625//5625 5628//5627 4745//5624 
f 5626//5623 5625//5625 4744//5622 
f 5614//5621 5626//5623 4739//5620 
f 5615//5619 5614//5621 4738//5618 
f 5624//5617 5615//5619 4732//5616 
f 5622//5615 5624//5617 4731//5614 
f 5623//5613 5622//5615 4729//5612 
f 5621//5611 5623//5613 4726//5610 
f 5605//5609 5621//5611 4733//5608 
f 5597//5607 5605//5609 4735//5606 
f 5598//5605 5597//5607 4734//5604 
f 5604//5603 5598//5605 4730//5602 
f 5619//5601 5604//5603 4728//5600 
f 5620//5599 5619//5601 4727//5598 
f 5633//5597 5620//5599 4746//5596 
f 5631//5595 5633//5597 4741//5594 
f 5632//5593 5631//5595 4740//5592 
f 5618//5591 5632//5593 4764//5590 
f 5612//5589 5618//5591 4763//5588 
f 5613//5587 5612//5589 4753//5586 
f 5630//5585 5613//5587 4752//5584 
o mesh39
f 4859//5698 4858//5699 5560//5699 
f 4880//5700 4859//5698 5559//5701 
f 4878//5702 4880//5700 5574//5703 
f 4879//5704 4878//5702 5573//5705 
f 4867//5706 4879//5704 5576//5707 
f 4868//5708 4867//5706 5575//5709 
f 4865//5710 4868//5708 5562//5711 
f 4866//5712 4865//5710 5561//5713 
f 4856//5714 4866//5712 5564//5715 
f 4857//5716 4856//5714 5563//5717 
f 4854//5718 4857//5716 5547//5719 
f 4855//5720 4854//5718 5546//5721 
f 4851//5722 4855//5720 5549//5723 
f 4849//5724 4851//5722 5548//5725 
f 4850//5726 4849//5724 5551//5727 
f 4864//5728 4850//5726 5550//5729 
f 4877//5730 4864//5728 5553//5731 
f 4894//5732 4896//5733 5523//5733 
f 5570//5734 5523//5733 4896//5733 
f 4896//5733 4877//5730 5570//5734 
f 4895//5735 4894//5732 5522//5736 
f 4892//5737 4895//5735 5525//5738 
f 4893//5739 4892//5737 5524//5740 
f 4890//5741 4893//5739 5527//5742 
f 4891//5743 4890//5741 5526//5744 
f 4906//5745 4891//5743 5529//5746 
f 4907//5747 4906//5745 5528//5748 
f 4905//5749 4907//5747 5540//5750 
f 4902//5751 4905//5749 5539//5752 
f 4885//5753 4902//5751 5541//5754 
f 4886//5755 4885//5753 5531//5756 
f 4888//5757 4886//5755 5521//5758 
f 4904//5759 4888//5757 5520//5760 
f 4908//5761 4904//5759 5530//5762 
f 4909//5763 4908//5761 5542//5764 
f 4900//5765 4909//5763 5544//5766 
f 4901//5767 4900//5765 5543//5768 
f 4898//5769 4901//5767 5533//5770 
f 4899//5771 4898//5769 5532//5772 
f 4887//5773 4899//5771 5535//5774 
f 4897//5775 4887//5773 5534//5776 
f 4903//5777 4897//5775 5537//5778 
f 4876//5779 4884//5780 5538//5780 
f 5536//5781 5538//5780 4884//5780 
f 4884//5780 4903//5777 5536//5781 
f 4870//5782 4876//5779 5577//5783 
f 4862//5784 4870//5782 5565//5785 
f 4863//5786 4862//5784 5552//5787 
f 4852//5788 4863//5786 5545//5789 
f 4853//5790 4852//5788 5554//5791 
f 4860//5792 4853//5790 5556//5793 
f 4861//5794 4860//5792 5555//5795 
f 4873//5796 4861//5794 5558//5797 
f 4874//5798 4873//5796 5557//5799 
f 4871//5800 4874//5798 5567//5801 
f 4872//5802 4871//5800 5566//5803 
f 4882//5804 4872//5802 5569//5805 
f 4883//5806 4882//5804 5568//5807 
f 4881//5808 4883//5806 5579//5809 
f 4875//5810 4881//5808 5578//5811 
f 4869//5812 4875//5810 5572//5813 
f 4858//5699 4869//5812 5571//5812 
f 5571//5812 5560//5699 4858//5699 
f 5572//5813 5571//5812 4869//5812 
f 5578//5811 5572//5813 4875//5810 
f 5579//5809 5578//5811 4881//5808 
f 5568//5807 5579//5809 4883//5806 
f 5569//5805 5568//5807 4882//5804 
f 5566//5803 5569//5805 4872//5802 
f 5567//5801 5566//5803 4871//5800 
f 5557//5799 5567//5801 4874//5798 
f 5558//5797 5557//5799 4873//5796 
f 5555//5795 5558//5797 4861//5794 
f 5556//5793 5555//5795 4860//5792 
f 5554//5791 5556//5793 4853//5790 
f 5545//5789 5554//5791 4852//5788 
f 5552//5787 5545//5789 4863//5786 
f 5565//5785 5552//5787 4862//5784 
f 5577//5783 5565//5785 4870//5782 
f 5538//5780 5577//5783 4876//5779 
f 5537//5778 5536//5781 4903//5777 
f 5534//5776 5537//5778 4897//5775 
f 5535//5774 5534//5776 4887//5773 
f 5532//5772 5535//5774 4899//5771 
f 5533//5770 5532//5772 4898//5769 
f 5543//5768 5533//5770 4901//5767 
f 5544//5766 5543//5768 4900//5765 
f 5542//5764 5544//5766 4909//5763 
f 5530//5762 5542//5764 4908//5761 
f 5520//5760 5530//5762 4904//5759 
f 5521//5758 5520//5760 4888//5757 
f 5531//5756 5521//5758 4886//5755 
f 5541//5754 5531//5756 4885//5753 
f 5539//5752 5541//5754 4902//5751 
f 5540//5750 5539//5752 4905//5749 
f 5528//5748 5540//5750 4907//5747 
f 5529//5746 5528//5748 4906//5745 
f 5526//5744 5529//5746 4891//5743 
f 5527//5742 5526//5744 4890//5741 
f 5524//5740 5527//5742 4893//5739 
f 5525//5738 5524//5740 4892//5737 
f 5522//5736 5525//5738 4895//5735 
f 5523//5733 5522//5736 4894//5732 
f 5553//5731 5570//5734 4877//5730 
f 5550//5729 5553//5731 4864//5728 
f 5551//5727 5550//5729 4850//5726 
f 5548//5725 5551//5727 4849//5724 
f 5549//5723 5548//5725 4851//5722 
f 5546//5721 5549//5723 4855//5720 
f 5547//5719 5546//5721 4854//5718 
f 5563//5717 5547//5719 4857//5716 
f 5564//5715 5563//5717 4856//5714 
f 5561//5713 5564//5715 4866//5712 
f 5562//5711 5561//5713 4865//5710 
f 5575//5709 5562//5711 4868//5708 
f 5576//5707 5575//5709 4867//5706 
f 5573//5705 5576//5707 4879//5704 
f 5574//5703 5573//5705 4878//5702 
f 5559//5701 5574//5703 4880//5700 
f 5560//5699 5559//5701 4859//5698 
o mesh40
f 4809//5814 4807//5815 5508//5815 
f 4819//5816 4809//5814 5507//5817 
f 4817//5818 4819//5816 5511//5819 
f 4818//5820 4817//5818 5513//5821 
f 4804//5822 4818//5820 5515//5823 
f 4805//5824 4804//5822 5514//5825 
f 4802//5826 4805//5824 5499//5827 
f 4803//5828 4802//5826 5498//5829 
f 4794//5830 4803//5828 5501//5831 
f 4795//5832 4794//5830 5500//5833 
f 4793//5834 4795//5832 5485//5835 
f 4790//5836 4793//5834 5484//5837 
f 4792//5838 4790//5836 5487//5839 
f 4788//5840 4792//5838 5486//5841 
f 4789//5842 4788//5840 5489//5843 
f 4801//5844 4789//5842 5488//5845 
f 4816//5846 4801//5844 5493//5847 
f 4832//5848 4843//5849 5463//5849 
f 5509//5850 5463//5849 4843//5849 
f 4843//5849 4816//5846 5509//5850 
f 4826//5851 4832//5848 5462//5852 
f 4827//5853 4826//5851 5465//5854 
f 4831//5855 4827//5853 5464//5856 
f 4829//5857 4831//5855 5467//5858 
f 4830//5859 4829//5857 5466//5860 
f 4844//5861 4830//5859 5469//5862 
f 4845//5863 4844//5861 5468//5864 
f 4848//5865 4845//5863 5479//5866 
f 4842//5867 4848//5865 5478//5868 
f 4824//5869 4842//5867 5480//5870 
f 4825//5871 4824//5869 5459//5872 
f 4828//5873 4825//5871 5461//5874 
f 4841//5875 4828//5873 5460//5876 
f 4846//5877 4841//5875 5470//5878 
f 4847//5879 4846//5877 5481//5880 
f 4839//5881 4847//5879 5483//5882 
f 4840//5883 4839//5881 5482//5884 
f 4837//5885 4840//5883 5472//5886 
f 4838//5887 4837//5885 5471//5888 
f 4835//5889 4838//5887 5474//5890 
f 4836//5891 4835//5889 5473//5892 
f 4834//5893 4836//5891 5476//5894 
f 4815//5895 4823//5896 5477//5896 
f 5475//5897 5477//5896 4823//5896 
f 4823//5896 4834//5893 5475//5897 
f 4808//5898 4815//5895 5516//5899 
f 4800//5900 4808//5898 5502//5901 
f 4791//5902 4800//5900 5491//5903 
f 4798//5904 4791//5902 5490//5905 
f 4799//5906 4798//5904 5492//5907 
f 4796//5908 4799//5906 5495//5909 
f 4797//5910 4796//5908 5494//5911 
f 4813//5912 4797//5910 5497//5913 
f 4814//5914 4813//5912 5496//5915 
f 4811//5916 4814//5914 5504//5917 
f 4812//5918 4811//5916 5503//5919 
f 4821//5920 4812//5918 5506//5921 
f 4822//5922 4821//5920 5505//5923 
f 4820//5924 4822//5922 5518//5925 
f 4810//5926 4820//5924 5517//5927 
f 4806//5928 4810//5926 5512//5929 
f 4807//5815 4806//5928 5510//5928 
f 5510//5928 5508//5815 4807//5815 
f 5512//5929 5510//5928 4806//5928 
f 5517//5927 5512//5929 4810//5926 
f 5518//5925 5517//5927 4820//5924 
f 5505//5923 5518//5925 4822//5922 
f 5506//5921 5505//5923 4821//5920 
f 5503//5919 5506//5921 4812//5918 
f 5504//5917 5503//5919 4811//5916 
f 5496//5915 5504//5917 4814//5914 
f 5497//5913 5496//5915 4813//5912 
f 5494//5911 5497//5913 4797//5910 
f 5495//5909 5494//5911 4796//5908 
f 5492//5907 5495//5909 4799//5906 
f 5490//5905 5492//5907 4798//5904 
f 5491//5903 5490//5905 4791//5902 
f 5502//5901 5491//5903 4800//5900 
f 5516//5899 5502//5901 4808//5898 
f 5477//5896 5516//5899 4815//5895 
f 5476//5894 5475//5897 4834//5893 
f 5473//5892 5476//5894 4836//5891 
f 5474//5890 5473//5892 4835//5889 
f 5471//5888 5474//5890 4838//5887 
f 5472//5886 5471//5888 4837//5885 
f 5482//5884 5472//5886 4840//5883 
f 5483//5882 5482//5884 4839//5881 
f 5481//5880 5483//5882 4847//5879 
f 5470//5878 5481//5880 4846//5877 
f 5460//5876 5470//5878 4841//5875 
f 5461//5874 5460//5876 4828//5873 
f 5459//5872 5461//5874 4825//5871 
f 5480//5870 5459//5872 4824//5869 
f 5478//5868 5480//5870 4842//5867 
f 5479//5866 5478//5868 4848//5865 
f 5468//5864 5479//5866 4845//5863 
f 5469//5862 5468//5864 4844//5861 
f 5466//5860 5469//5862 4830//5859 
f 5467//5858 5466//5860 4829//5857 
f 5464//5856 5467//5858 4831//5855 
f 5465//5854 5464//5856 4827//5853 
f 5462//5852 5465//5854 4826//5851 
f 5463//5849 5462//5852 4832//5848 
f 5493//5847 5509//5850 4816//5846 
f 5488//5845 5493//5847 4801//5844 
f 5489//5843 5488//5845 4789//5842 
f 5486//5841 5489//5843 4788//5840 
f 5487//5839 5486//5841 4792//5838 
f 5484//5837 5487//5839 4790//5836 
f 5485//5835 5484//5837 4793//5834 
f 5500//5833 5485//5835 4795//5832 
f 5501//5831 5500//5833 4794//5830 
f 5498//5829 5501//5831 4803//5828 
f 5499//5827 5498//5829 4802//5826 
f 5514//5825 5499//5827 4805//5824 
f 5515//5823 5514//5825 4804//5822 
f 5513//5821 5515//5823 4818//5820 
f 5511//5819 5513//5821 4817//5818 
f 5507//5817 5511//5819 4819//5816 
f 5508//5815 5507//5817 4809//5814 
o mesh41
f 4697//5930 4718//5931 5691//5931 
f 4698//5932 4697//5930 5678//5933 
f 4695//5934 4698//5932 5679//5935 
f 4696//5936 4695//5934 5692//5937 
f 4675//5938 4696//5936 5680//5939 
f 4676//5940 4675//5938 5693//5941 
f 4682//5942 4676//5940 5666//5943 
f 4661//5944 4682//5942 5667//5945 
f 4662//5946 4661//5944 5681//5947 
f 4666//5948 4662//5946 5655//5949 
f 4669//5950 4666//5948 5654//5951 
f 4670//5952 4669//5950 5661//5953 
f 4665//5954 4670//5952 5668//5955 
f 4663//5956 4665//5954 5670//5957 
f 4664//5958 4663//5956 5669//5959 
f 4667//5960 4664//5958 5682//5961 
f 4668//5962 4667//5960 5683//5963 
f 4673//5964 4668//5962 5672//5965 
f 4674//5966 4673//5964 5671//5967 
f 4680//5968 4674//5966 5685//5969 
f 4681//5970 4680//5968 5684//5971 
f 4671//5972 4681//5970 5687//5973 
f 4672//5974 4671//5972 5686//5975 
f 4679//5976 4672//5974 5674//5977 
f 4686//5978 4679//5976 5673//5979 
f 4687//5980 4686//5978 5688//5981 
f 4684//5982 4687//5980 5694//5983 
f 4685//5984 4684//5982 5690//5985 
f 4716//5986 4685//5984 5689//5987 
f 4709//5988 4716//5986 5695//5989 
f 4710//5990 4709//5988 5663//5991 
f 4715//5992 4710//5990 5662//5993 
f 4708//5994 4715//5992 5665//5995 
f 4693//5996 4708//5994 5664//5997 
f 4694//5998 4693//5996 5656//5999 
f 4706//6000 4694//5998 5649//6001 
f 4707//6002 4706//6000 5648//6003 
f 4704//6004 4707//6002 5658//6005 
f 4705//6006 4704//6004 5657//6007 
f 4691//6008 4705//6006 5651//6009 
f 4692//6010 4691//6008 5650//6011 
f 4703//6012 4692//6010 5644//6013 
f 4689//6014 4703//6012 5643//6015 
f 4690//6016 4689//6014 5645//6017 
f 4702//6018 4690//6016 5641//6019 
f 4688//6020 4702//6018 5640//6021 
f 4683//6022 4688//6020 5646//6023 
f 4677//6024 4683//6022 5647//6025 
f 4678//6026 4677//6024 5642//6027 
f 4714//6028 4678//6026 5639//6029 
f 4700//6030 4714//6028 5638//6031 
f 4701//6032 4700//6030 5659//6033 
f 4712//6034 4701//6032 5653//6035 
f 4713//6036 4712//6034 5652//6037 
f 4711//6038 4713//6036 5676//6039 
f 4699//6040 4711//6038 5675//6041 
f 4717//6042 4699//6040 5660//6043 
f 4718//5931 4717//6042 5677//6042 
f 5677//6042 5691//5931 4718//5931 
f 5660//6043 5677//6042 4717//6042 
f 5675//6041 5660//6043 4699//6040 
f 5676//6039 5675//6041 4711//6038 
f 5652//6037 5676//6039 4713//6036 
f 5653//6035 5652//6037 4712//6034 
f 5659//6033 5653//6035 4701//6032 
f 5638//6031 5659//6033 4700//6030 
f 5639//6029 5638//6031 4714//6028 
f 5642//6027 5639//6029 4678//6026 
f 5647//6025 5642//6027 4677//6024 
f 5646//6023 5647//6025 4683//6022 
f 5640//6021 5646//6023 4688//6020 
f 5641//6019 5640//6021 4702//6018 
f 5645//6017 5641//6019 4690//6016 
f 5643//6015 5645//6017 4689//6014 
f 5644//6013 5643//6015 4703//6012 
f 5650//6011 5644//6013 4692//6010 
f 5651//6009 5650//6011 4691//6008 
f 5657//6007 5651//6009 4705//6006 
f 5658//6005 5657//6007 4704//6004 
f 5648//6003 5658//6005 4707//6002 
f 5649//6001 5648//6003 4706//6000 
f 5656//5999 5649//6001 4694//5998 
f 5664//5997 5656//5999 4693//5996 
f 5665//5995 5664//5997 4708//5994 
f 5662//5993 5665//5995 4715//5992 
f 5663//5991 5662//5993 4710//5990 
f 5695//5989 5663//5991 4709//5988 
f 5689//5987 5695//5989 4716//5986 
f 5690//5985 5689//5987 4685//5984 
f 5694//5983 5690//5985 4684//5982 
f 5688//5981 5694//5983 4687//5980 
f 5673//5979 5688//5981 4686//5978 
f 5674//5977 5673//5979 4679//5976 
f 5686//5975 5674//5977 4672//5974 
f 5687//5973 5686//5975 4671//5972 
f 5684//5971 5687//5973 4681//5970 
f 5685//5969 5684//5971 4680//5968 
f 5671//5967 5685//5969 4674//5966 
f 5672//5965 5671//5967 4673//5964 
f 5683//5963 5672//5965 4668//5962 
f 5682//5961 5683//5963 4667//5960 
f 5669//5959 5682//5961 4664//5958 
f 5670//5957 5669//5959 4663//5956 
f 5668//5955 5670//5957 4665//5954 
f 5661//5953 5668//5955 4670//5952 
f 5654//5951 5661//5953 4669//5950 
f 5655//5949 5654//5951 4666//5948 
f 5681//5947 5655//5949 4662//5946 
f 5667//5945 5681//5947 4661//5944 
f 5666//5943 5667//5945 4682//5942 
f 5693//5941 5666//5943 4676//5940 
f 5680//5939 5693//5941 4675//5938 
f 5692//5937 5680//5939 4696//5936 
f 5679//5935 5692//5937 4695//5934 
f 5678//5933 5679//5935 4698//5932 
f 5691//5931 5678//5933 4697//5930 
