# OBJ generated by ONSHAPE BY PTC INC, 1.217 Units = meters
mtllib ARCADA001 - MOTOR-1723_3 (1).mtl
g MOTOR-1723_3
v -0.000549775 -0.02685 -1.57392e-05 
v -0.00054485 -0.02685 -7.5088e-05 
v -0.000533538 -0.02685 -0.000133557 
v -0.00051597 -0.02685 -0.000190459 
v -0.000492353 -0.02685 -0.000245129 
v -0.000462964 -0.02685 -0.000296925 
v -0.000428147 -0.02685 -0.000345239 
v -0.00038831 -0.02685 -0.000389506 
v -0.000343921 -0.02685 -0.000429207 
v -0.000295499 -0.02685 -0.000463875 
v -0.000243613 -0.02685 -0.000493105 
v -0.000188871 -0.02685 -0.000516554 
v -0.000131915 -0.02685 -0.000533946 
v -7.34118e-05 -0.02685 -0.000545079 
v -1.40481e-05 -0.02685 -0.000549821 
v 4.54803e-05 -0.02685 -0.000548116 
v 0.000104476 -0.02685 -0.000539986 
v 0.000162246 -0.02685 -0.000525525 
v 0.000218114 -0.02685 -0.000504902 
v 0.000271425 -0.02685 -0.00047836 
v 0.000321554 -0.02685 -0.00044621 
v 0.000367912 -0.02685 -0.000408828 
v 0.000409958 -0.02685 -0.000366653 
v 0.000447197 -0.02685 -0.00032018 
v 0.000479193 -0.02685 -0.000269952 
v 0.000505571 -0.02685 -0.00021656 
v 0.000526021 -0.02685 -0.000160629 
v 0.000540305 -0.02685 -0.000102814 
v 0.000548254 -0.02685 -4.37942e-05 
v 0.000549775 -0.02685 1.57392e-05 
v 0.00054485 -0.02685 7.5088e-05 
v 0.000533538 -0.02685 0.000133557 
v 0.00051597 -0.02685 0.000190459 
v 0.000492353 -0.02685 0.000245129 
v 0.000462964 -0.02685 0.000296925 
v 0.000428147 -0.02685 0.000345239 
v 0.00038831 -0.02685 0.000389506 
v 0.000343921 -0.02685 0.000429207 
v 0.000295499 -0.02685 0.000463875 
v 0.000243613 -0.02685 0.000493105 
v 0.000188871 -0.02685 0.000516554 
v 0.000131915 -0.02685 0.000533946 
v 7.34118e-05 -0.02685 0.000545079 
v 1.40481e-05 -0.02685 0.000549821 
v -4.54803e-05 -0.02685 0.000548116 
v -0.000104476 -0.02685 0.000539986 
v -0.000162246 -0.02685 0.000525525 
v -0.000218114 -0.02685 0.000504902 
v -0.000271425 -0.02685 0.00047836 
v -0.000321554 -0.02685 0.00044621 
v -0.000367912 -0.02685 0.000408828 
v -0.000409958 -0.02685 0.000366653 
v -0.000447197 -0.02685 0.00032018 
v -0.000479193 -0.02685 0.000269952 
v -0.000505571 -0.02685 0.00021656 
v -0.000526021 -0.02685 0.000160629 
v -0.000540305 -0.02685 0.000102814 
v -0.000548254 -0.02685 4.37942e-05 
v -0.00055 -0.02685 2.28983e-20 
v 0 -0.02685 0 
v 0.000747619 -0.02665 -5.97193e-05 
v 0.000749145 -0.02665 2.18448e-08 
v 0.000749693 -0.02665 2.14625e-05 
v 0.000744751 -0.02665 8.10185e-05 
v 0.000742978 -0.02665 0.000102393 
v 0.000731626 -0.02665 0.000161065 
v 0.000727552 -0.02665 0.000182123 
v 0.000709923 -0.02665 0.000239224 
v 0.000703596 -0.02665 0.000259717 
v 0.000679896 -0.02665 0.000314578 
v 0.000671391 -0.02665 0.000334267 
v 0.000641899 -0.02665 0.000386243 
v 0.000631315 -0.02665 0.000404897 
v 0.000596376 -0.02665 0.000453381 
v 0.000583837 -0.02665 0.000470781 
v 0.000543861 -0.02665 0.000515202 
v 0.000529514 -0.02665 0.000531145 
v 0.00048497 -0.02665 0.000570984 
v 0.000468983 -0.02665 0.000585282 
v 0.000420392 -0.02665 0.000620071 
v 0.000402954 -0.02665 0.000632557 
v 0.000350887 -0.02665 0.000661889 
v 0.0003322 -0.02665 0.000672416 
v 0.000277267 -0.02665 0.000695946 
v 0.000257552 -0.02665 0.000704391 
v 0.000200396 -0.02665 0.000721845 
v 0.000179884 -0.02665 0.000728108 
v 0.000121177 -0.02665 0.00073928 
v 0.000100107 -0.02665 0.000743289 
v 4.05361e-05 -0.02665 0.000748048 
v 1.91565e-05 -0.02665 0.000749755 
v -4.05797e-05 -0.02665 0.000748045 
v -6.20186e-05 -0.02665 0.000747431 
v -0.00012122 -0.02665 0.000739273 
v -0.000142467 -0.02665 0.000736345 
v -0.000200439 -0.02665 0.000721833 
v -0.000221244 -0.02665 0.000716625 
v -0.000277307 -0.02665 0.00069593 
v -0.000297428 -0.02665 0.000688503 
v -0.000350925 -0.02665 0.000661868 
v -0.000370125 -0.02665 0.000652309 
v -0.000420429 -0.02665 0.000620047 
v -0.000438482 -0.02665 0.000608468 
v -0.000485003 -0.02665 0.000570956 
v -0.000501699 -0.02665 0.000557493 
v -0.000543891 -0.02665 0.000515171 
v -0.000559033 -0.02665 0.000499982 
v -0.000596402 -0.02665 0.000453346 
v -0.000609814 -0.02665 0.000436609 
v -0.000641922 -0.02665 0.000386206 
v -0.000653445 -0.02665 0.000368117 
v -0.000679915 -0.02665 0.000314538 
v -0.000689415 -0.02665 0.000295309 
v -0.000709937 -0.02665 0.000239182 
v -0.000717302 -0.02665 0.000219039 
v -0.000731635 -0.02665 0.000161023 
v -0.000736779 -0.02665 0.000140201 
v -0.000744756 -0.02665 8.09751e-05 
v -0.000747619 -0.02665 5.97193e-05 
v -0.00075 -0.02665 1.21903e-12 
v -0.000749693 -0.02665 -2.14625e-05 
v -0.000744751 -0.02665 -8.10185e-05 
v -0.000742978 -0.02665 -0.000102393 
v -0.000731626 -0.02665 -0.000161065 
v -0.000727552 -0.02665 -0.000182123 
v -0.000709923 -0.02665 -0.000239224 
v -0.000703596 -0.02665 -0.000259717 
v -0.000679896 -0.02665 -0.000314578 
v -0.000671391 -0.02665 -0.000334267 
v -0.000641899 -0.02665 -0.000386243 
v -0.000631315 -0.02665 -0.000404897 
v -0.000596376 -0.02665 -0.000453381 
v -0.000583837 -0.02665 -0.000470781 
v -0.000543861 -0.02665 -0.000515202 
v -0.000529514 -0.02665 -0.000531145 
v -0.00048497 -0.02665 -0.000570984 
v -0.000468983 -0.02665 -0.000585282 
v -0.000420392 -0.02665 -0.000620071 
v -0.000402954 -0.02665 -0.000632557 
v -0.000350887 -0.02665 -0.000661889 
v -0.0003322 -0.02665 -0.000672416 
v -0.000277267 -0.02665 -0.000695946 
v -0.000257552 -0.02665 -0.000704391 
v -0.000200396 -0.02665 -0.000721845 
v -0.000179884 -0.02665 -0.000728108 
v -0.000121177 -0.02665 -0.00073928 
v -0.000100107 -0.02665 -0.000743289 
v -4.05361e-05 -0.02665 -0.000748048 
v -1.91565e-05 -0.02665 -0.000749755 
v 4.05797e-05 -0.02665 -0.000748045 
v 6.20186e-05 -0.02665 -0.000747431 
v 0.00012122 -0.02665 -0.000739273 
v 0.000142467 -0.02665 -0.000736345 
v 0.000200439 -0.02665 -0.000721833 
v 0.000221244 -0.02665 -0.000716625 
v 0.000277307 -0.02665 -0.00069593 
v 0.000297428 -0.02665 -0.000688503 
v 0.000350925 -0.02665 -0.000661868 
v 0.000370125 -0.02665 -0.000652309 
v 0.000420429 -0.02665 -0.000620047 
v 0.000438482 -0.02665 -0.000608468 
v 0.000485003 -0.02665 -0.000570956 
v 0.000501699 -0.02665 -0.000557493 
v 0.000543891 -0.02665 -0.000515171 
v 0.000559033 -0.02665 -0.000499982 
v 0.000596402 -0.02665 -0.000453346 
v 0.000609814 -0.02665 -0.000436609 
v 0.000641922 -0.02665 -0.000386206 
v 0.000653445 -0.02665 -0.000368117 
v 0.000679915 -0.02665 -0.000314538 
v 0.000689415 -0.02665 -0.000295309 
v 0.000709937 -0.02665 -0.000239182 
v 0.000717302 -0.02665 -0.000219039 
v 0.000731635 -0.02665 -0.000161023 
v 0.000736779 -0.02665 -0.000140201 
v 0.000744756 -0.02665 -8.09751e-05 
v 0.000746526 -0.0266709 -5.96321e-05 
v 0.000748598 -0.0266709 2.14312e-05 
v 0.000741892 -0.0266709 0.000102243 
v 0.000726489 -0.0266709 0.000181857 
v 0.000702568 -0.0266709 0.000259338 
v 0.00067041 -0.0266709 0.000333778 
v 0.000630392 -0.0266709 0.000404306 
v 0.000582984 -0.0266709 0.000470093 
v 0.00052874 -0.0266709 0.000530369 
v 0.000468298 -0.0266709 0.000584427 
v 0.000402365 -0.0266709 0.000631633 
v 0.000331715 -0.0266709 0.000671434 
v 0.000257175 -0.0266709 0.000703362 
v 0.000179621 -0.0266709 0.000727045 
v 9.99608e-05 -0.0266709 0.000742203 
v 1.91285e-05 -0.0266709 0.00074866 
v -6.1928e-05 -0.0266709 0.00074634 
v -0.000142258 -0.0266709 0.000735269 
v -0.000220921 -0.0266709 0.000715578 
v -0.000296994 -0.0266709 0.000687497 
v -0.000369584 -0.0266709 0.000651357 
v -0.000437842 -0.0266709 0.000607579 
v -0.000500966 -0.0266709 0.000556678 
v -0.000558217 -0.0266709 0.000499251 
v -0.000608923 -0.0266709 0.000435971 
v -0.00065249 -0.0266709 0.000367579 
v -0.000688408 -0.0266709 0.000294878 
v -0.000716254 -0.0266709 0.000218719 
v -0.000735703 -0.0266709 0.000139996 
v -0.000746526 -0.0266709 5.96321e-05 
v -0.000748598 -0.0266709 -2.14312e-05 
v -0.000741892 -0.0266709 -0.000102243 
v -0.000726489 -0.0266709 -0.000181857 
v -0.000702568 -0.0266709 -0.000259338 
v -0.00067041 -0.0266709 -0.000333778 
v -0.000630392 -0.0266709 -0.000404306 
v -0.000582984 -0.0266709 -0.000470093 
v -0.00052874 -0.0266709 -0.000530369 
v -0.000468298 -0.0266709 -0.000584427 
v -0.000402365 -0.0266709 -0.000631633 
v -0.000331715 -0.0266709 -0.000671434 
v -0.000257175 -0.0266709 -0.000703362 
v -0.000179621 -0.0266709 -0.000727045 
v -9.99608e-05 -0.0266709 -0.000742203 
v -1.91285e-05 -0.0266709 -0.00074866 
v 6.1928e-05 -0.0266709 -0.00074634 
v 0.000142258 -0.0266709 -0.000735269 
v 0.000220921 -0.0266709 -0.000715578 
v 0.000296994 -0.0266709 -0.000687497 
v 0.000369584 -0.0266709 -0.000651357 
v 0.000437842 -0.0266709 -0.000607579 
v 0.000500966 -0.0266709 -0.000556678 
v 0.000558217 -0.0266709 -0.000499251 
v 0.000608923 -0.0266709 -0.000435971 
v 0.00065249 -0.0266709 -0.000367579 
v 0.000688408 -0.0266709 -0.000294878 
v 0.000716254 -0.0266709 -0.000218719 
v 0.000735703 -0.0266709 -0.000139996 
v 0.000743262 -0.0266916 -5.93713e-05 
v 0.000745324 -0.0266916 2.13375e-05 
v 0.000738648 -0.0266916 0.000101796 
v 0.000723312 -0.0266916 0.000181061 
v 0.000699496 -0.0266916 0.000258204 
v 0.000667479 -0.0266916 0.000332319 
v 0.000627636 -0.0266916 0.000402538 
v 0.000580435 -0.0266916 0.000468038 
v 0.000526428 -0.0266916 0.00052805 
v 0.00046625 -0.0266916 0.000581871 
v 0.000400605 -0.0266916 0.000628871 
v 0.000330264 -0.0266916 0.000668498 
v 0.000256051 -0.0266916 0.000700287 
v 0.000178836 -0.0266916 0.000723865 
v 9.95237e-05 -0.0266916 0.000738958 
v 1.90449e-05 -0.0266916 0.000745386 
v -6.16572e-05 -0.0266916 0.000743076 
v -0.000141636 -0.0266916 0.000732054 
v -0.000219955 -0.0266916 0.000712449 
v -0.000295695 -0.0266916 0.000684491 
v -0.000367968 -0.0266916 0.000648508 
v -0.000435927 -0.0266916 0.000604922 
v -0.000498775 -0.0266916 0.000554244 
v -0.000555776 -0.0266916 0.000497068 
v -0.00060626 -0.0266916 0.000434064 
v -0.000649637 -0.0266916 0.000365972 
v -0.000685397 -0.0266916 0.000293588 
v -0.000713122 -0.0266916 0.000217763 
v -0.000732486 -0.0266916 0.000139384 
v -0.000743262 -0.0266916 5.93713e-05 
v -0.000745324 -0.0266916 -2.13375e-05 
v -0.000738648 -0.0266916 -0.000101796 
v -0.000723312 -0.0266916 -0.000181061 
v -0.000699496 -0.0266916 -0.000258204 
v -0.000667479 -0.0266916 -0.000332319 
v -0.000627636 -0.0266916 -0.000402538 
v -0.000580435 -0.0266916 -0.000468038 
v -0.000526428 -0.0266916 -0.00052805 
v -0.00046625 -0.0266916 -0.000581871 
v -0.000400605 -0.0266916 -0.000628871 
v -0.000330264 -0.0266916 -0.000668498 
v -0.000256051 -0.0266916 -0.000700287 
v -0.000178836 -0.0266916 -0.000723865 
v -9.95237e-05 -0.0266916 -0.000738958 
v -1.90449e-05 -0.0266916 -0.000745386 
v 6.16572e-05 -0.0266916 -0.000743076 
v 0.000141636 -0.0266916 -0.000732054 
v 0.000219955 -0.0266916 -0.000712449 
v 0.000295695 -0.0266916 -0.000684491 
v 0.000367968 -0.0266916 -0.000648508 
v 0.000435927 -0.0266916 -0.000604922 
v 0.000498775 -0.0266916 -0.000554244 
v 0.000555776 -0.0266916 -0.000497068 
v 0.00060626 -0.0266916 -0.000434064 
v 0.000649637 -0.0266916 -0.000365972 
v 0.000685397 -0.0266916 -0.000293588 
v 0.000713122 -0.0266916 -0.000217763 
v 0.000732486 -0.0266916 -0.000139384 
v 0.000737861 -0.0267118 -5.89399e-05 
v 0.000739908 -0.0267118 2.11824e-05 
v 0.000733281 -0.0267118 0.000101056 
v 0.000718056 -0.0267118 0.000179746 
v 0.000694413 -0.0267118 0.000256327 
v 0.000662628 -0.0267118 0.000329904 
v 0.000623075 -0.0267118 0.000399613 
v 0.000576217 -0.0267118 0.000464637 
v 0.000522603 -0.0267118 0.000524213 
v 0.000462862 -0.0267118 0.000577643 
v 0.000397694 -0.0267118 0.000624301 
v 0.000327864 -0.0267118 0.00066364 
v 0.00025419 -0.0267118 0.000695198 
v 0.000177536 -0.0267118 0.000718605 
v 9.88004e-05 -0.0267118 0.000733588 
v 1.89065e-05 -0.0267118 0.00073997 
v -6.12092e-05 -0.0267118 0.000737676 
v -0.000140607 -0.0267118 0.000726734 
v -0.000218357 -0.0267118 0.000707272 
v -0.000293546 -0.0267118 0.000679517 
v -0.000365294 -0.0267118 0.000643796 
v -0.000432759 -0.0267118 0.000600527 
v -0.000495151 -0.0267118 0.000550217 
v -0.000551737 -0.0267118 0.000493456 
v -0.000601855 -0.0267118 0.00043091 
v -0.000644916 -0.0267118 0.000363312 
v -0.000680417 -0.0267118 0.000291455 
v -0.00070794 -0.0267118 0.00021618 
v -0.000727163 -0.0267118 0.000138371 
v -0.000737861 -0.0267118 5.89399e-05 
v -0.000739908 -0.0267118 -2.11824e-05 
v -0.000733281 -0.0267118 -0.000101056 
v -0.000718056 -0.0267118 -0.000179746 
v -0.000694413 -0.0267118 -0.000256327 
v -0.000662628 -0.0267118 -0.000329904 
v -0.000623075 -0.0267118 -0.000399613 
v -0.000576217 -0.0267118 -0.000464637 
v -0.000522603 -0.0267118 -0.000524213 
v -0.000462862 -0.0267118 -0.000577643 
v -0.000397694 -0.0267118 -0.000624301 
v -0.000327864 -0.0267118 -0.00066364 
v -0.00025419 -0.0267118 -0.000695198 
v -0.000177536 -0.0267118 -0.000718605 
v -9.88004e-05 -0.0267118 -0.000733588 
v -1.89065e-05 -0.0267118 -0.00073997 
v 6.12092e-05 -0.0267118 -0.000737676 
v 0.000140607 -0.0267118 -0.000726734 
v 0.000218357 -0.0267118 -0.000707272 
v 0.000293546 -0.0267118 -0.000679517 
v 0.000365294 -0.0267118 -0.000643796 
v 0.000432759 -0.0267118 -0.000600527 
v 0.000495151 -0.0267118 -0.000550217 
v 0.000551737 -0.0267118 -0.000493456 
v 0.000601855 -0.0267118 -0.00043091 
v 0.000644916 -0.0267118 -0.000363312 
v 0.000680417 -0.0267118 -0.000291455 
v 0.00070794 -0.0267118 -0.00021618 
v 0.000727163 -0.0267118 -0.000138371 
v 0.000730383 -0.0267313 -5.83425e-05 
v 0.000732409 -0.0267313 2.09677e-05 
v 0.000725849 -0.0267313 0.000100032 
v 0.000710778 -0.0267313 0.000177924 
v 0.000687375 -0.0267313 0.000253729 
v 0.000655912 -0.0267313 0.00032656 
v 0.00061676 -0.0267313 0.000395563 
v 0.000570377 -0.0267313 0.000459927 
v 0.000517306 -0.0267313 0.0005189 
v 0.000458171 -0.0267313 0.000571789 
v 0.000393664 -0.0267313 0.000617974 
v 0.000324541 -0.0267313 0.000656914 
v 0.000251614 -0.0267313 0.000688152 
v 0.000175737 -0.0267313 0.000711322 
v 9.77991e-05 -0.0267313 0.000726153 
v 1.87148e-05 -0.0267313 0.00073247 
v -6.05888e-05 -0.0267313 0.0007302 
v -0.000139182 -0.0267313 0.000719368 
v -0.000216144 -0.0267313 0.000700103 
v -0.000290571 -0.0267313 0.00067263 
v -0.000361592 -0.0267313 0.000637271 
v -0.000428373 -0.0267313 0.00059444 
v -0.000490132 -0.0267313 0.00054464 
v -0.000546145 -0.0267313 0.000488455 
v -0.000595755 -0.0267313 0.000426543 
v -0.00063838 -0.0267313 0.00035963 
v -0.000673521 -0.0267313 0.000288501 
v -0.000700765 -0.0267313 0.000213989 
v -0.000719793 -0.0267313 0.000136969 
v -0.000730383 -0.0267313 5.83425e-05 
v -0.000732409 -0.0267313 -2.09677e-05 
v -0.000725849 -0.0267313 -0.000100032 
v -0.000710778 -0.0267313 -0.000177924 
v -0.000687375 -0.0267313 -0.000253729 
v -0.000655912 -0.0267313 -0.00032656 
v -0.00061676 -0.0267313 -0.000395563 
v -0.000570377 -0.0267313 -0.000459927 
v -0.000517306 -0.0267313 -0.0005189 
v -0.000458171 -0.0267313 -0.000571789 
v -0.000393664 -0.0267313 -0.000617974 
v -0.000324541 -0.0267313 -0.000656914 
v -0.000251614 -0.0267313 -0.000688152 
v -0.000175737 -0.0267313 -0.000711322 
v -9.77991e-05 -0.0267313 -0.000726153 
v -1.87148e-05 -0.0267313 -0.00073247 
v 6.05888e-05 -0.0267313 -0.0007302 
v 0.000139182 -0.0267313 -0.000719368 
v 0.000216144 -0.0267313 -0.000700103 
v 0.000290571 -0.0267313 -0.00067263 
v 0.000361592 -0.0267313 -0.000637271 
v 0.000428373 -0.0267313 -0.00059444 
v 0.000490132 -0.0267313 -0.00054464 
v 0.000546145 -0.0267313 -0.000488455 
v 0.000595755 -0.0267313 -0.000426543 
v 0.00063838 -0.0267313 -0.00035963 
v 0.000673521 -0.0267313 -0.000288501 
v 0.000700765 -0.0267313 -0.000213989 
v 0.000719793 -0.0267313 -0.000136969 
v 0.000720909 -0.02675 -5.75858e-05 
v 0.000722909 -0.02675 2.06958e-05 
v 0.000716434 -0.02675 9.87346e-05 
v 0.000701559 -0.02675 0.000175616 
v 0.000678459 -0.02675 0.000250438 
v 0.000647404 -0.02675 0.000322325 
v 0.00060876 -0.02675 0.000390432 
v 0.000562978 -0.02675 0.000453962 
v 0.000510596 -0.02675 0.000512169 
v 0.000452228 -0.02675 0.000564372 
v 0.000388557 -0.02675 0.000609958 
v 0.000320332 -0.02675 0.000648393 
v 0.00024835 -0.02675 0.000679226 
v 0.000173457 -0.02675 0.000702096 
v 9.65305e-05 -0.02675 0.000716734 
v 1.84721e-05 -0.02675 0.000722969 
v -5.98029e-05 -0.02675 0.000720728 
v -0.000137377 -0.02675 0.000710037 
v -0.00021334 -0.02675 0.000691022 
v -0.000286802 -0.02675 0.000663905 
v -0.000356902 -0.02675 0.000629005 
v -0.000422817 -0.02675 0.00058673 
v -0.000483775 -0.02675 0.000537576 
v -0.000539061 -0.02675 0.000482119 
v -0.000588027 -0.02675 0.00042101 
v -0.000630099 -0.02675 0.000354965 
v -0.000664784 -0.02675 0.000284759 
v -0.000691675 -0.02675 0.000211214 
v -0.000710457 -0.02675 0.000135192 
v -0.000720909 -0.02675 5.75858e-05 
v -0.000722909 -0.02675 -2.06958e-05 
v -0.000716434 -0.02675 -9.87346e-05 
v -0.000701559 -0.02675 -0.000175616 
v -0.000678459 -0.02675 -0.000250438 
v -0.000647404 -0.02675 -0.000322325 
v -0.00060876 -0.02675 -0.000390432 
v -0.000562978 -0.02675 -0.000453962 
v -0.000510596 -0.02675 -0.000512169 
v -0.000452228 -0.02675 -0.000564372 
v -0.000388557 -0.02675 -0.000609958 
v -0.000320332 -0.02675 -0.000648393 
v -0.00024835 -0.02675 -0.000679226 
v -0.000173457 -0.02675 -0.000702096 
v -9.65305e-05 -0.02675 -0.000716734 
v -1.84721e-05 -0.02675 -0.000722969 
v 5.98029e-05 -0.02675 -0.000720728 
v 0.000137377 -0.02675 -0.000710037 
v 0.00021334 -0.02675 -0.000691022 
v 0.000286802 -0.02675 -0.000663905 
v 0.000356902 -0.02675 -0.000629005 
v 0.000422817 -0.02675 -0.00058673 
v 0.000483775 -0.02675 -0.000537576 
v 0.000539061 -0.02675 -0.000482119 
v 0.000588027 -0.02675 -0.00042101 
v 0.000630099 -0.02675 -0.000354965 
v 0.000664784 -0.02675 -0.000284759 
v 0.000691675 -0.02675 -0.000211214 
v 0.000710457 -0.02675 -0.000135192 
v 0.000709543 -0.0267676 -5.66779e-05 
v 0.000711512 -0.0267676 2.03695e-05 
v 0.000705139 -0.0267676 9.7178e-05 
v 0.000690498 -0.0267676 0.000172847 
v 0.000667762 -0.0267676 0.00024649 
v 0.000637198 -0.0267676 0.000317243 
v 0.000599163 -0.0267676 0.000384276 
v 0.000554103 -0.0267676 0.000446805 
v 0.000502546 -0.0267676 0.000504094 
v 0.000445098 -0.0267676 0.000555474 
v 0.000382432 -0.0267676 0.000600342 
v 0.000315281 -0.0267676 0.000638171 
v 0.000244435 -0.0267676 0.000668517 
v 0.000170723 -0.0267676 0.000691027 
v 9.50087e-05 -0.0267676 0.000705434 
v 1.81809e-05 -0.0267676 0.000711571 
v -5.88601e-05 -0.0267676 0.000709366 
v -0.000135211 -0.0267676 0.000698843 
v -0.000209977 -0.0267676 0.000680128 
v -0.00028228 -0.0267676 0.000653438 
v -0.000351275 -0.0267676 0.000619088 
v -0.000416151 -0.0267676 0.000577479 
v -0.000476148 -0.0267676 0.0005291 
v -0.000530562 -0.0267676 0.000474518 
v -0.000578757 -0.0267676 0.000414373 
v -0.000620166 -0.0267676 0.000349369 
v -0.000654304 -0.0267676 0.000280269 
v -0.00068077 -0.0267676 0.000207884 
v -0.000699256 -0.0267676 0.000133061 
v -0.000709543 -0.0267676 5.66779e-05 
v -0.000711512 -0.0267676 -2.03695e-05 
v -0.000705139 -0.0267676 -9.7178e-05 
v -0.000690498 -0.0267676 -0.000172847 
v -0.000667762 -0.0267676 -0.00024649 
v -0.000637198 -0.0267676 -0.000317243 
v -0.000599163 -0.0267676 -0.000384276 
v -0.000554103 -0.0267676 -0.000446805 
v -0.000502546 -0.0267676 -0.000504094 
v -0.000445098 -0.0267676 -0.000555474 
v -0.000382432 -0.0267676 -0.000600342 
v -0.000315281 -0.0267676 -0.000638171 
v -0.000244435 -0.0267676 -0.000668517 
v -0.000170723 -0.0267676 -0.000691027 
v -9.50087e-05 -0.0267676 -0.000705434 
v -1.81809e-05 -0.0267676 -0.000711571 
v 5.88601e-05 -0.0267676 -0.000709366 
v 0.000135211 -0.0267676 -0.000698843 
v 0.000209977 -0.0267676 -0.000680128 
v 0.00028228 -0.0267676 -0.000653438 
v 0.000351275 -0.0267676 -0.000619088 
v 0.000416151 -0.0267676 -0.000577479 
v 0.000476148 -0.0267676 -0.0005291 
v 0.000530562 -0.0267676 -0.000474518 
v 0.000578757 -0.0267676 -0.000414373 
v 0.000620166 -0.0267676 -0.000349369 
v 0.000654304 -0.0267676 -0.000280269 
v 0.00068077 -0.0267676 -0.000207884 
v 0.000699256 -0.0267676 -0.000133061 
v 0.000696411 -0.0267838 -5.56289e-05 
v 0.000698343 -0.0267838 1.99925e-05 
v 0.000692088 -0.0267838 9.53794e-05 
v 0.000677718 -0.0267838 0.000169648 
v 0.000655403 -0.0267838 0.000241928 
v 0.000625404 -0.0267838 0.000311371 
v 0.000588073 -0.0267838 0.000377164 
v 0.000543847 -0.0267838 0.000438535 
v 0.000493245 -0.0267838 0.000494764 
v 0.00043686 -0.0267838 0.000545193 
v 0.000375353 -0.0267838 0.00058923 
v 0.000309446 -0.0267838 0.000626359 
v 0.000239911 -0.0267838 0.000656144 
v 0.000167563 -0.0267838 0.000678237 
v 9.32502e-05 -0.0267838 0.000692378 
v 1.78444e-05 -0.0267838 0.000698401 
v -5.77707e-05 -0.0267838 0.000696236 
v -0.000132708 -0.0267838 0.000685909 
v -0.00020609 -0.0267838 0.00066754 
v -0.000277056 -0.0267838 0.000641344 
v -0.000344773 -0.0267838 0.00060763 
v -0.000408449 -0.0267838 0.000566791 
v -0.000467335 -0.0267838 0.000519308 
v -0.000520743 -0.0267838 0.000465736 
v -0.000568045 -0.0267838 0.000406703 
v -0.000608687 -0.0267838 0.000342903 
v -0.000642193 -0.0267838 0.000275082 
v -0.00066817 -0.0267838 0.000204036 
v -0.000686314 -0.0267838 0.000130598 
v -0.000696411 -0.0267838 5.56289e-05 
v -0.000698343 -0.0267838 -1.99925e-05 
v -0.000692088 -0.0267838 -9.53794e-05 
v -0.000677718 -0.0267838 -0.000169648 
v -0.000655403 -0.0267838 -0.000241928 
v -0.000625404 -0.0267838 -0.000311371 
v -0.000588073 -0.0267838 -0.000377164 
v -0.000543847 -0.0267838 -0.000438535 
v -0.000493245 -0.0267838 -0.000494764 
v -0.00043686 -0.0267838 -0.000545193 
v -0.000375353 -0.0267838 -0.00058923 
v -0.000309446 -0.0267838 -0.000626359 
v -0.000239911 -0.0267838 -0.000656144 
v -0.000167563 -0.0267838 -0.000678237 
v -9.32502e-05 -0.0267838 -0.000692378 
v -1.78444e-05 -0.0267838 -0.000698401 
v 5.77707e-05 -0.0267838 -0.000696236 
v 0.000132708 -0.0267838 -0.000685909 
v 0.00020609 -0.0267838 -0.00066754 
v 0.000277056 -0.0267838 -0.000641344 
v 0.000344773 -0.0267838 -0.00060763 
v 0.000408449 -0.0267838 -0.000566791 
v 0.000467335 -0.0267838 -0.000519308 
v 0.000520743 -0.0267838 -0.000465736 
v 0.000568045 -0.0267838 -0.000406703 
v 0.000608687 -0.0267838 -0.000342903 
v 0.000642193 -0.0267838 -0.000275082 
v 0.00066817 -0.0267838 -0.000204036 
v 0.000686314 -0.0267838 -0.000130598 
v 0.000681655 -0.0267986 -5.44502e-05 
v 0.000683546 -0.0267986 1.95689e-05 
v 0.000677423 -0.0267986 9.33585e-05 
v 0.000663358 -0.0267986 0.000166054 
v 0.000641516 -0.0267986 0.000236802 
v 0.000612153 -0.0267986 0.000304774 
v 0.000575613 -0.0267986 0.000369173 
v 0.000532324 -0.0267986 0.000429243 
v 0.000482794 -0.0267986 0.000484281 
v 0.000427604 -0.0267986 0.000533641 
v 0.0003674 -0.0267986 0.000576745 
v 0.000302889 -0.0267986 0.000613087 
v 0.000234827 -0.0267986 0.000642242 
v 0.000164012 -0.0267986 0.000663866 
v 9.12744e-05 -0.0267986 0.000677707 
v 1.74663e-05 -0.0267986 0.000683603 
v -5.65466e-05 -0.0267986 0.000681484 
v -0.000129897 -0.0267986 0.000671375 
v -0.000201724 -0.0267986 0.000653396 
v -0.000271185 -0.0267986 0.000627755 
v -0.000337468 -0.0267986 0.000594755 
v -0.000399794 -0.0267986 0.000554782 
v -0.000457433 -0.0267986 0.000508304 
v -0.000509709 -0.0267986 0.000455867 
v -0.000556009 -0.0267986 0.000398086 
v -0.00059579 -0.0267986 0.000335637 
v -0.000628586 -0.0267986 0.000269253 
v -0.000654013 -0.0267986 0.000199713 
v -0.000671772 -0.0267986 0.000127831 
v -0.000681655 -0.0267986 5.44502e-05 
v -0.000683546 -0.0267986 -1.95689e-05 
v -0.000677423 -0.0267986 -9.33585e-05 
v -0.000663358 -0.0267986 -0.000166054 
v -0.000641516 -0.0267986 -0.000236802 
v -0.000612153 -0.0267986 -0.000304774 
v -0.000575613 -0.0267986 -0.000369173 
v -0.000532324 -0.0267986 -0.000429243 
v -0.000482794 -0.0267986 -0.000484281 
v -0.000427604 -0.0267986 -0.000533641 
v -0.0003674 -0.0267986 -0.000576745 
v -0.000302889 -0.0267986 -0.000613087 
v -0.000234827 -0.0267986 -0.000642242 
v -0.000164012 -0.0267986 -0.000663866 
v -9.12744e-05 -0.0267986 -0.000677707 
v -1.74663e-05 -0.0267986 -0.000683603 
v 5.65466e-05 -0.0267986 -0.000681484 
v 0.000129897 -0.0267986 -0.000671375 
v 0.000201724 -0.0267986 -0.000653396 
v 0.000271185 -0.0267986 -0.000627755 
v 0.000337468 -0.0267986 -0.000594755 
v 0.000399794 -0.0267986 -0.000554782 
v 0.000457433 -0.0267986 -0.000508304 
v 0.000509709 -0.0267986 -0.000455867 
v 0.000556009 -0.0267986 -0.000398086 
v 0.00059579 -0.0267986 -0.000335637 
v 0.000628586 -0.0267986 -0.000269253 
v 0.000654013 -0.0267986 -0.000199713 
v 0.000671772 -0.0267986 -0.000127831 
v 0.000665437 -0.0268118 -5.31547e-05 
v 0.000667284 -0.0268118 1.91033e-05 
v 0.000661307 -0.0268118 9.11374e-05 
v 0.000647576 -0.0268118 0.000162103 
v 0.000626254 -0.0268118 0.000231168 
v 0.000597589 -0.0268118 0.000297523 
v 0.000561918 -0.0268118 0.000360389 
v 0.000519659 -0.0268118 0.000419031 
v 0.000471308 -0.0268118 0.00047276 
v 0.00041743 -0.0268118 0.000520945 
v 0.000358659 -0.0268118 0.000563024 
v 0.000295683 -0.0268118 0.000598501 
v 0.000229241 -0.0268118 0.000626962 
v 0.00016011 -0.0268118 0.000648072 
v 8.91028e-05 -0.0268118 0.000661584 
v 1.70507e-05 -0.0268118 0.000667339 
v -5.52013e-05 -0.0268118 0.000665271 
v -0.000126806 -0.0268118 0.000655403 
v -0.000196924 -0.0268118 0.00063785 
v -0.000264734 -0.0268118 0.00061282 
v -0.000329439 -0.0268118 0.000580605 
v -0.000390283 -0.0268118 0.000541583 
v -0.00044655 -0.0268118 0.000496211 
v -0.000497582 -0.0268118 0.000445022 
v -0.000542781 -0.0268118 0.000388615 
v -0.000581616 -0.0268118 0.000327652 
v -0.000613632 -0.0268118 0.000262847 
v -0.000638453 -0.0268118 0.000194961 
v -0.00065579 -0.0268118 0.00012479 
v -0.000665437 -0.0268118 5.31547e-05 
v -0.000667284 -0.0268118 -1.91033e-05 
v -0.000661307 -0.0268118 -9.11374e-05 
v -0.000647576 -0.0268118 -0.000162103 
v -0.000626254 -0.0268118 -0.000231168 
v -0.000597589 -0.0268118 -0.000297523 
v -0.000561918 -0.0268118 -0.000360389 
v -0.000519659 -0.0268118 -0.000419031 
v -0.000471308 -0.0268118 -0.00047276 
v -0.00041743 -0.0268118 -0.000520945 
v -0.000358659 -0.0268118 -0.000563024 
v -0.000295683 -0.0268118 -0.000598501 
v -0.000229241 -0.0268118 -0.000626962 
v -0.00016011 -0.0268118 -0.000648072 
v -8.91028e-05 -0.0268118 -0.000661584 
v -1.70507e-05 -0.0268118 -0.000667339 
v 5.52013e-05 -0.0268118 -0.000665271 
v 0.000126806 -0.0268118 -0.000655403 
v 0.000196924 -0.0268118 -0.00063785 
v 0.000264734 -0.0268118 -0.00061282 
v 0.000329439 -0.0268118 -0.000580605 
v 0.000390283 -0.0268118 -0.000541583 
v 0.00044655 -0.0268118 -0.000496211 
v 0.000497582 -0.0268118 -0.000445022 
v 0.000542781 -0.0268118 -0.000388615 
v 0.000581616 -0.0268118 -0.000327652 
v 0.000613632 -0.0268118 -0.000262847 
v 0.000638453 -0.0268118 -0.000194961 
v 0.00065579 -0.0268118 -0.00012479 
v 0.000647936 -0.0268232 -5.17568e-05 
v 0.000649734 -0.0268232 1.86009e-05 
v 0.000643914 -0.0268232 8.87404e-05 
v 0.000630545 -0.0268232 0.00015784 
v 0.000609783 -0.0268232 0.000225088 
v 0.000581872 -0.0268232 0.000289698 
v 0.000547139 -0.0268232 0.000350911 
v 0.000505992 -0.0268232 0.00040801 
v 0.000458912 -0.0268232 0.000460326 
v 0.000406452 -0.0268232 0.000507244 
v 0.000349226 -0.0268232 0.000548216 
v 0.000287907 -0.0268232 0.00058276 
v 0.000223211 -0.0268232 0.000610472 
v 0.000155899 -0.0268232 0.000631027 
v 8.67594e-05 -0.0268232 0.000644184 
v 1.66023e-05 -0.0268232 0.000649788 
v -5.37495e-05 -0.0268232 0.000647774 
v -0.000123471 -0.0268232 0.000638165 
v -0.000191745 -0.0268232 0.000621075 
v -0.000257771 -0.0268232 0.000596703 
v -0.000320775 -0.0268232 0.000565335 
v -0.000380018 -0.0268232 0.000527339 
v -0.000434806 -0.0268232 0.000483161 
v -0.000484496 -0.0268232 0.000433317 
v -0.000528505 -0.0268232 0.000378394 
v -0.000566319 -0.0268232 0.000319034 
v -0.000597493 -0.0268232 0.000255934 
v -0.000621662 -0.0268232 0.000189834 
v -0.000638542 -0.0268232 0.000121508 
v -0.000647936 -0.0268232 5.17568e-05 
v -0.000649734 -0.0268232 -1.86009e-05 
v -0.000643914 -0.0268232 -8.87404e-05 
v -0.000630545 -0.0268232 -0.00015784 
v -0.000609783 -0.0268232 -0.000225088 
v -0.000581872 -0.0268232 -0.000289698 
v -0.000547139 -0.0268232 -0.000350911 
v -0.000505992 -0.0268232 -0.00040801 
v -0.000458912 -0.0268232 -0.000460326 
v -0.000406452 -0.0268232 -0.000507244 
v -0.000349226 -0.0268232 -0.000548216 
v -0.000287907 -0.0268232 -0.00058276 
v -0.000223211 -0.0268232 -0.000610472 
v -0.000155899 -0.0268232 -0.000631027 
v -8.67594e-05 -0.0268232 -0.000644184 
v -1.66023e-05 -0.0268232 -0.000649788 
v 5.37495e-05 -0.0268232 -0.000647774 
v 0.000123471 -0.0268232 -0.000638165 
v 0.000191745 -0.0268232 -0.000621075 
v 0.000257771 -0.0268232 -0.000596703 
v 0.000320775 -0.0268232 -0.000565335 
v 0.000380018 -0.0268232 -0.000527339 
v 0.000434806 -0.0268232 -0.000483161 
v 0.000484496 -0.0268232 -0.000433317 
v 0.000528505 -0.0268232 -0.000378394 
v 0.000566319 -0.0268232 -0.000319034 
v 0.000597493 -0.0268232 -0.000255934 
v 0.000621662 -0.0268232 -0.000189834 
v 0.000638542 -0.0268232 -0.000121508 
v 0.000629343 -0.0268327 -5.02715e-05 
v 0.000631089 -0.0268327 1.80671e-05 
v 0.000625436 -0.0268327 8.61939e-05 
v 0.00061245 -0.0268327 0.00015331 
v 0.000592284 -0.0268327 0.000218629 
v 0.000565174 -0.0268327 0.000281385 
v 0.000531438 -0.0268327 0.000340841 
v 0.000491472 -0.0268327 0.000396302 
v 0.000445743 -0.0268327 0.000447116 
v 0.000394788 -0.0268327 0.000492688 
v 0.000339205 -0.0268327 0.000532484 
v 0.000279645 -0.0268327 0.000566037 
v 0.000216806 -0.0268327 0.000592954 
v 0.000151426 -0.0268327 0.000612919 
v 8.42697e-05 -0.0268327 0.000625698 
v 1.61259e-05 -0.0268327 0.000631141 
v -5.2207e-05 -0.0268327 0.000629185 
v -0.000119928 -0.0268327 0.000619852 
v -0.000186243 -0.0268327 0.000603252 
v -0.000250374 -0.0268327 0.000579579 
v -0.00031157 -0.0268327 0.000549112 
v -0.000369113 -0.0268327 0.000512206 
v -0.000422328 -0.0268327 0.000469296 
v -0.000470592 -0.0268327 0.000420883 
v -0.000513339 -0.0268327 0.000367536 
v -0.000550067 -0.0268327 0.000309879 
v -0.000580347 -0.0268327 0.00024859 
v -0.000603822 -0.0268327 0.000184386 
v -0.000620218 -0.0268327 0.000118021 
v -0.000629343 -0.0268327 5.02715e-05 
v -0.000631089 -0.0268327 -1.80671e-05 
v -0.000625436 -0.0268327 -8.61939e-05 
v -0.00061245 -0.0268327 -0.00015331 
v -0.000592284 -0.0268327 -0.000218629 
v -0.000565174 -0.0268327 -0.000281385 
v -0.000531438 -0.0268327 -0.000340841 
v -0.000491472 -0.0268327 -0.000396302 
v -0.000445743 -0.0268327 -0.000447116 
v -0.000394788 -0.0268327 -0.000492688 
v -0.000339205 -0.0268327 -0.000532484 
v -0.000279645 -0.0268327 -0.000566037 
v -0.000216806 -0.0268327 -0.000592954 
v -0.000151426 -0.0268327 -0.000612919 
v -8.42697e-05 -0.0268327 -0.000625698 
v -1.61259e-05 -0.0268327 -0.000631141 
v 5.2207e-05 -0.0268327 -0.000629185 
v 0.000119928 -0.0268327 -0.000619852 
v 0.000186243 -0.0268327 -0.000603252 
v 0.000250374 -0.0268327 -0.000579579 
v 0.00031157 -0.0268327 -0.000549112 
v 0.000369113 -0.0268327 -0.000512206 
v 0.000422328 -0.0268327 -0.000469296 
v 0.000470592 -0.0268327 -0.000420883 
v 0.000513339 -0.0268327 -0.000367536 
v 0.000550067 -0.0268327 -0.000309879 
v 0.000580347 -0.0268327 -0.00024859 
v 0.000603822 -0.0268327 -0.000184386 
v 0.000620218 -0.0268327 -0.000118021 
v 0.000609861 -0.0268402 -4.87153e-05 
v 0.000611553 -0.0268402 1.75078e-05 
v 0.000606075 -0.0268402 8.35257e-05 
v 0.000593491 -0.0268402 0.000148564 
v 0.00057395 -0.0268402 0.000211861 
v 0.000547679 -0.0268402 0.000272674 
v 0.000514987 -0.0268402 0.00033029 
v 0.000476258 -0.0268402 0.000384034 
v 0.000431944 -0.0268402 0.000433275 
v 0.000382567 -0.0268402 0.000477437 
v 0.000328705 -0.0268402 0.000516001 
v 0.000270988 -0.0268402 0.000548515 
v 0.000210095 -0.0268402 0.000574599 
v 0.000146738 -0.0268402 0.000593946 
v 8.16611e-05 -0.0268402 0.000606329 
v 1.56267e-05 -0.0268402 0.000611604 
v -5.05909e-05 -0.0268402 0.000609708 
v -0.000116215 -0.0268402 0.000600664 
v -0.000180477 -0.0268402 0.000584578 
v -0.000242623 -0.0268402 0.000561638 
v -0.000301925 -0.0268402 0.000532113 
v -0.000357687 -0.0268402 0.00049635 
v -0.000409255 -0.0268402 0.000454768 
v -0.000456025 -0.0268402 0.000407854 
v -0.000497448 -0.0268402 0.000356158 
v -0.00053304 -0.0268402 0.000300287 
v -0.000562382 -0.0268402 0.000240895 
v -0.00058513 -0.0268402 0.000178678 
v -0.000601019 -0.0268402 0.000114367 
v -0.000609861 -0.0268402 4.87153e-05 
v -0.000611553 -0.0268402 -1.75078e-05 
v -0.000606075 -0.0268402 -8.35257e-05 
v -0.000593491 -0.0268402 -0.000148564 
v -0.00057395 -0.0268402 -0.000211861 
v -0.000547679 -0.0268402 -0.000272674 
v -0.000514987 -0.0268402 -0.00033029 
v -0.000476258 -0.0268402 -0.000384034 
v -0.000431944 -0.0268402 -0.000433275 
v -0.000382567 -0.0268402 -0.000477437 
v -0.000328705 -0.0268402 -0.000516001 
v -0.000270988 -0.0268402 -0.000548515 
v -0.000210095 -0.0268402 -0.000574599 
v -0.000146738 -0.0268402 -0.000593946 
v -8.16611e-05 -0.0268402 -0.000606329 
v -1.56267e-05 -0.0268402 -0.000611604 
v 5.05909e-05 -0.0268402 -0.000609708 
v 0.000116215 -0.0268402 -0.000600664 
v 0.000180477 -0.0268402 -0.000584578 
v 0.000242623 -0.0268402 -0.000561638 
v 0.000301925 -0.0268402 -0.000532113 
v 0.000357687 -0.0268402 -0.00049635 
v 0.000409255 -0.0268402 -0.000454768 
v 0.000456025 -0.0268402 -0.000407854 
v 0.000497448 -0.0268402 -0.000356158 
v 0.00053304 -0.0268402 -0.000300287 
v 0.000562382 -0.0268402 -0.000240895 
v 0.00058513 -0.0268402 -0.000178678 
v 0.000601019 -0.0268402 -0.000114367 
v 0.000589704 -0.0268456 -4.71052e-05 
v 0.00059134 -0.0268456 1.69291e-05 
v 0.000586043 -0.0268456 8.0765e-05 
v 0.000573876 -0.0268456 0.000143654 
v 0.00055498 -0.0268456 0.000204859 
v 0.000529577 -0.0268456 0.000263662 
v 0.000497966 -0.0268456 0.000319374 
v 0.000460517 -0.0268456 0.000371341 
v 0.000417668 -0.0268456 0.000418955 
v 0.000369923 -0.0268456 0.000461657 
v 0.00031784 -0.0268456 0.000498946 
v 0.000262032 -0.0268456 0.000530386 
v 0.000203151 -0.0268456 0.000555607 
v 0.000141888 -0.0268456 0.000574315 
v 7.8962e-05 -0.0268456 0.000586289 
v 1.51102e-05 -0.0268456 0.000591389 
v -4.89188e-05 -0.0268456 0.000589556 
v -0.000112374 -0.0268456 0.000580811 
v -0.000174512 -0.0268456 0.000565257 
v -0.000234604 -0.0268456 0.000543075 
v -0.000291946 -0.0268456 0.000514526 
v -0.000345864 -0.0268456 0.000479945 
v -0.000395728 -0.0268456 0.000439737 
v -0.000440952 -0.0268456 0.000394374 
v -0.000481007 -0.0268456 0.000344387 
v -0.000515422 -0.0268456 0.000290362 
v -0.000543794 -0.0268456 0.000232933 
v -0.000565791 -0.0268456 0.000172773 
v -0.000581154 -0.0268456 0.000110587 
v -0.000589704 -0.0268456 4.71052e-05 
v -0.00059134 -0.0268456 -1.69291e-05 
v -0.000586043 -0.0268456 -8.0765e-05 
v -0.000573876 -0.0268456 -0.000143654 
v -0.00055498 -0.0268456 -0.000204859 
v -0.000529577 -0.0268456 -0.000263662 
v -0.000497966 -0.0268456 -0.000319374 
v -0.000460517 -0.0268456 -0.000371341 
v -0.000417668 -0.0268456 -0.000418955 
v -0.000369923 -0.0268456 -0.000461657 
v -0.00031784 -0.0268456 -0.000498946 
v -0.000262032 -0.0268456 -0.000530386 
v -0.000203151 -0.0268456 -0.000555607 
v -0.000141888 -0.0268456 -0.000574315 
v -7.8962e-05 -0.0268456 -0.000586289 
v -1.51102e-05 -0.0268456 -0.000591389 
v 4.89188e-05 -0.0268456 -0.000589556 
v 0.000112374 -0.0268456 -0.000580811 
v 0.000174512 -0.0268456 -0.000565257 
v 0.000234604 -0.0268456 -0.000543075 
v 0.000291946 -0.0268456 -0.000514526 
v 0.000345864 -0.0268456 -0.000479945 
v 0.000395728 -0.0268456 -0.000439737 
v 0.000440952 -0.0268456 -0.000394374 
v 0.000481007 -0.0268456 -0.000344387 
v 0.000515422 -0.0268456 -0.000290362 
v 0.000543794 -0.0268456 -0.000232933 
v 0.000565791 -0.0268456 -0.000172773 
v 0.000581154 -0.0268456 -0.000110587 
v 0.000569093 -0.0268489 -4.54588e-05 
v 0.000570672 -0.0268489 1.63374e-05 
v 0.00056556 -0.0268489 7.79422e-05 
v 0.000553818 -0.0268489 0.000138633 
v 0.000535582 -0.0268489 0.000197699 
v 0.000511068 -0.0268489 0.000254446 
v 0.000480561 -0.0268489 0.000308211 
v 0.000444421 -0.0268489 0.000358362 
v 0.00040307 -0.0268489 0.000404312 
v 0.000356993 -0.0268489 0.000445521 
v 0.000306731 -0.0268489 0.000481507 
v 0.000252873 -0.0268489 0.000511848 
v 0.00019605 -0.0268489 0.000536188 
v 0.000136929 -0.0268489 0.000554242 
v 7.62022e-05 -0.0268489 0.000565797 
v 1.45821e-05 -0.0268489 0.000570719 
v -4.7209e-05 -0.0268489 0.00056895 
v -0.000108447 -0.0268489 0.000560511 
v -0.000168413 -0.0268489 0.0005455 
v -0.000226405 -0.0268489 0.000524094 
v -0.000281742 -0.0268489 0.000496543 
v -0.000333776 -0.0268489 0.00046317 
v -0.000381897 -0.0268489 0.000424368 
v -0.00042554 -0.0268489 0.00038059 
v -0.000464195 -0.0268489 0.00033235 
v -0.000497407 -0.0268489 0.000280213 
v -0.000524788 -0.0268489 0.000224791 
v -0.000546016 -0.0268489 0.000166734 
v -0.000560842 -0.0268489 0.000106722 
v -0.000569093 -0.0268489 4.54588e-05 
v -0.000570672 -0.0268489 -1.63374e-05 
v -0.00056556 -0.0268489 -7.79422e-05 
v -0.000553818 -0.0268489 -0.000138633 
v -0.000535582 -0.0268489 -0.000197699 
v -0.000511068 -0.0268489 -0.000254446 
v -0.000480561 -0.0268489 -0.000308211 
v -0.000444421 -0.0268489 -0.000358362 
v -0.00040307 -0.0268489 -0.000404312 
v -0.000356993 -0.0268489 -0.000445521 
v -0.000306731 -0.0268489 -0.000481507 
v -0.000252873 -0.0268489 -0.000511848 
v -0.00019605 -0.0268489 -0.000536188 
v -0.000136929 -0.0268489 -0.000554242 
v -7.62022e-05 -0.0268489 -0.000565797 
v -1.45821e-05 -0.0268489 -0.000570719 
v 4.7209e-05 -0.0268489 -0.00056895 
v 0.000108447 -0.0268489 -0.000560511 
v 0.000168413 -0.0268489 -0.0005455 
v 0.000226405 -0.0268489 -0.000524094 
v 0.000281742 -0.0268489 -0.000496543 
v 0.000333776 -0.0268489 -0.00046317 
v 0.000381897 -0.0268489 -0.000424368 
v 0.00042554 -0.0268489 -0.00038059 
v 0.000464195 -0.0268489 -0.00033235 
v 0.000497407 -0.0268489 -0.000280213 
v 0.000524788 -0.0268489 -0.000224791 
v 0.000546016 -0.0268489 -0.000166734 
v 0.000560842 -0.0268489 -0.000106722 
v 0.000745603 -0.02435 8.10893e-05 
v 0.00075 -0.02435 -1.83697e-19 
v 0.000732465 -0.02435 0.000161228 
v 0.00071074 -0.02435 0.000239476 
v 0.000680682 -0.02435 0.000314917 
v 0.000642643 -0.02435 0.000386665 
v 0.00059707 -0.02435 0.000453881 
v 0.000544497 -0.02435 0.000515775 
v 0.00048554 -0.02435 0.000571622 
v 0.00042089 -0.02435 0.000620767 
v 0.000351306 -0.02435 0.000662634 
v 0.000277604 -0.02435 0.000696733 
v 0.000200646 -0.02435 0.000722662 
v 0.000121336 -0.02435 0.00074012 
v 4.06042e-05 -0.02435 0.0007489 
v -4.06042e-05 -0.02435 0.0007489 
v -0.000121336 -0.02435 0.00074012 
v -0.000200646 -0.02435 0.000722662 
v -0.000277604 -0.02435 0.000696733 
v -0.000351306 -0.02435 0.000662634 
v -0.00042089 -0.02435 0.000620767 
v -0.00048554 -0.02435 0.000571622 
v -0.000544497 -0.02435 0.000515775 
v -0.00059707 -0.02435 0.000453881 
v -0.000642643 -0.02435 0.000386665 
v -0.000680682 -0.02435 0.000314917 
v -0.00071074 -0.02435 0.000239476 
v -0.000732465 -0.02435 0.000161228 
v -0.000745603 -0.02435 8.10893e-05 
v -0.00075 -0.02435 9.18485e-20 
v -0.000745603 -0.02435 -8.10893e-05 
v -0.000732465 -0.02435 -0.000161228 
v -0.00071074 -0.02435 -0.000239476 
v -0.000680682 -0.02435 -0.000314917 
v -0.000642643 -0.02435 -0.000386665 
v -0.00059707 -0.02435 -0.000453881 
v -0.000544497 -0.02435 -0.000515775 
v -0.00048554 -0.02435 -0.000571622 
v -0.00042089 -0.02435 -0.000620767 
v -0.000351306 -0.02435 -0.000662634 
v -0.000277604 -0.02435 -0.000696733 
v -0.000200646 -0.02435 -0.000722662 
v -0.000121336 -0.02435 -0.00074012 
v -4.06042e-05 -0.02435 -0.0007489 
v 4.06042e-05 -0.02435 -0.0007489 
v 0.000121336 -0.02435 -0.00074012 
v 0.000200646 -0.02435 -0.000722662 
v 0.000277604 -0.02435 -0.000696733 
v 0.000351306 -0.02435 -0.000662634 
v 0.00042089 -0.02435 -0.000620767 
v 0.00048554 -0.02435 -0.000571622 
v 0.000544497 -0.02435 -0.000515775 
v 0.00059707 -0.02435 -0.000453881 
v 0.000642643 -0.02435 -0.000386665 
v 0.000680682 -0.02435 -0.000314917 
v 0.00071074 -0.02435 -0.000239476 
v 0.000732465 -0.02435 -0.000161228 
v 0.000745603 -0.02435 -8.10893e-05 
v 0.000405867 -0.02435 -0.00282095 
v 0.000708486 -0.02435 -0.00276053 
v 0.0010028 -0.02435 -0.00266775 
v 0.00180212 -0.02435 -0.00220791 
v 0.00203028 -0.02435 -0.00200012 
v 0.00268246 -0.02435 -0.000962769 
v 0.00277083 -0.02435 -0.000667101 
v 0.00128536 -0.02435 -0.00254369 
v 0.00155284 -0.02435 -0.00238981 
v 0.00223463 -0.02435 -0.00176888 
v 0.00241278 -0.02435 -0.00151691 
v 0.00256264 -0.02435 -0.00124715 
v 0.00282671 -0.02435 -0.000363611 
v 0.00284945 -0.02435 -5.58589e-05 
v 0.00271813 -0.02435 0.0008569 
v 0.00260955 -0.02435 0.00114576 
v 0.000516113 -0.02435 0.00280288 
v 0.000210043 -0.02435 0.00284225 
v 0.00283879 -0.02435 0.000252549 
v 0.00279484 -0.02435 0.000557995 
v 0.00247037 -0.02435 0.00142118 
v 0.00230223 -0.02435 0.00167995 
v 0.0021071 -0.02435 0.00191901 
v 0.00188727 -0.02435 0.00213558 
v -9.84893e-05 -0.02435 0.0028483 
v -0.00260955 -0.02435 -0.00114576 
v -0.00247037 -0.02435 -0.00142118 
v -0.000405867 -0.02435 0.00282095 
v -0.000708486 -0.02435 0.00276053 
v -0.0010028 -0.02435 0.00266775 
v -0.00180212 -0.02435 0.00220791 
v -0.00203028 -0.02435 0.00200012 
v -0.00284945 -0.02435 5.58589e-05 
v -0.00230223 -0.02435 -0.00167995 
v 0.00164531 -0.02435 0.00232711 
v 0.00138406 -0.02435 0.00249136 
v 0.00110658 -0.02435 0.0026264 
v -0.00128536 -0.02435 0.00254369 
v -0.00155284 -0.02435 0.00238981 
v -0.00223463 -0.02435 0.00176888 
v -0.00241278 -0.02435 0.00151691 
v -0.00256264 -0.02435 0.00124715 
v -0.00282671 -0.02435 0.000363611 
v -0.00279484 -0.02435 -0.000557995 
v -0.00271813 -0.02435 -0.0008569 
v -0.0021071 -0.02435 -0.00191901 
v 0.000816132 -0.02435 0.00273065 
v -0.00285 -0.02435 6.22939e-19 
v -0.00283879 -0.02435 -0.000252549 
v -0.00188727 -0.02435 -0.00213558 
v -0.00164531 -0.02435 -0.00232711 
v -0.00138406 -0.02435 -0.00249136 
v -0.00110658 -0.02435 -0.0026264 
v -0.000816132 -0.02435 -0.00273065 
v -0.000516113 -0.02435 -0.00280288 
v -0.000210043 -0.02435 -0.00284225 
v -0.00268246 -0.02435 0.000962769 
v -0.00277083 -0.02435 0.000667101 
v 9.84893e-05 -0.02435 -0.0028483 
v 0.00304735 -0.02415 -9.16241e-08 
v 0.00304941 -0.02415 -5.97788e-05 
v 0.0030295 -0.02415 0.000329385 
v 0.003038 -0.02415 0.000270271 
v 0.00297612 -0.02415 0.000655001 
v 0.00299097 -0.02415 0.000597153 
v 0.00288786 -0.02415 0.000972937 
v 0.00290887 -0.02415 0.000917033 
v 0.00276574 -0.02415 0.00127947 
v 0.00279267 -0.02415 0.00122616 
v 0.00261119 -0.02415 0.00157099 
v 0.00264373 -0.02415 0.00152092 
v 0.00242603 -0.02415 0.0018441 
v 0.00246379 -0.02415 0.00179784 
v 0.00221243 -0.02415 0.00209559 
v 0.00225497 -0.02415 0.00205368 
v 0.00197288 -0.02415 0.00232252 
v 0.00201971 -0.02415 0.00228545 
v 0.00171021 -0.02415 0.00252221 
v 0.00176077 -0.02415 0.00249042 
v 0.00142749 -0.02415 0.00269233 
v 0.00148119 -0.02415 0.00266619 
v 0.00112803 -0.02415 0.00283088 
v 0.00118424 -0.02415 0.00281071 
v 0.000815341 -0.02415 0.00293625 
v 0.000873405 -0.02415 0.00292227 
v 0.000493097 -0.02415 0.00300719 
v 0.000552332 -0.02415 0.00299957 
v 0.000165072 -0.02415 0.00304288 
v 0.000224783 -0.02415 0.00304171 
v -0.000164889 -0.02415 0.00304289 
v -0.000105401 -0.02415 0.00304818 
v -0.000492916 -0.02415 0.00300722 
v -0.000434349 -0.02415 0.00301891 
v -0.000815164 -0.02415 0.0029363 
v -0.000758205 -0.02415 0.00295426 
v -0.00112786 -0.02415 0.00283095 
v -0.00107317 -0.02415 0.00285496 
v -0.00142732 -0.02415 0.00269241 
v -0.00137556 -0.02415 0.00272219 
v -0.00171006 -0.02415 0.00252231 
v -0.00166181 -0.02415 0.00255751 
v -0.00197274 -0.02415 0.00232263 
v -0.00192859 -0.02415 0.00236285 
v -0.0022123 -0.02415 0.00209573 
v -0.00217275 -0.02415 0.00214048 
v -0.00242592 -0.02415 0.00184425 
v -0.00239144 -0.02415 0.00189302 
v -0.0026111 -0.02415 0.00157115 
v -0.00258209 -0.02415 0.00162336 
v -0.00276566 -0.02415 0.00127963 
v -0.00274247 -0.02415 0.00133467 
v -0.0028878 -0.02415 0.00097311 
v -0.0028707 -0.02415 0.00103033 
v -0.00297609 -0.02415 0.00065518 
v -0.00296527 -0.02415 0.000713915 
v -0.00302948 -0.02415 0.000329568 
v -0.00302508 -0.02415 0.000389128 
v -0.00305 -0.02415 9.69979e-14 
v -0.00304941 -0.02415 5.97788e-05 
v -0.0030295 -0.02415 -0.000329385 
v -0.003038 -0.02415 -0.000270271 
v -0.00297612 -0.02415 -0.000655001 
v -0.00299097 -0.02415 -0.000597153 
v -0.00288786 -0.02415 -0.000972937 
v -0.00290887 -0.02415 -0.000917033 
v -0.00276574 -0.02415 -0.00127947 
v -0.00279267 -0.02415 -0.00122616 
v -0.00261119 -0.02415 -0.00157099 
v -0.00264373 -0.02415 -0.00152092 
v -0.00242603 -0.02415 -0.0018441 
v -0.00246379 -0.02415 -0.00179784 
v -0.00221243 -0.02415 -0.00209559 
v -0.00225497 -0.02415 -0.00205368 
v -0.00197288 -0.02415 -0.00232252 
v -0.00201971 -0.02415 -0.00228545 
v -0.00171021 -0.02415 -0.00252221 
v -0.00176077 -0.02415 -0.00249042 
v -0.00142749 -0.02415 -0.00269233 
v -0.00148119 -0.02415 -0.00266619 
v -0.00112803 -0.02415 -0.00283088 
v -0.00118424 -0.02415 -0.00281071 
v -0.000815341 -0.02415 -0.00293625 
v -0.000873405 -0.02415 -0.00292227 
v -0.000493097 -0.02415 -0.00300719 
v -0.000552332 -0.02415 -0.00299957 
v -0.000165072 -0.02415 -0.00304288 
v -0.000224783 -0.02415 -0.00304171 
v 0.000164889 -0.02415 -0.00304289 
v 0.000105401 -0.02415 -0.00304818 
v 0.000492916 -0.02415 -0.00300722 
v 0.000434349 -0.02415 -0.00301891 
v 0.000815164 -0.02415 -0.0029363 
v 0.000758205 -0.02415 -0.00295426 
v 0.00112786 -0.02415 -0.00283095 
v 0.00107317 -0.02415 -0.00285496 
v 0.00142732 -0.02415 -0.00269241 
v 0.00137556 -0.02415 -0.00272219 
v 0.00171006 -0.02415 -0.00252231 
v 0.00166181 -0.02415 -0.00255751 
v 0.00197274 -0.02415 -0.00232263 
v 0.00192859 -0.02415 -0.00236285 
v 0.0022123 -0.02415 -0.00209573 
v 0.00217275 -0.02415 -0.00214048 
v 0.00242592 -0.02415 -0.00184425 
v 0.00239144 -0.02415 -0.00189302 
v 0.0026111 -0.02415 -0.00157115 
v 0.00258209 -0.02415 -0.00162336 
v 0.00276566 -0.02415 -0.00127963 
v 0.00274247 -0.02415 -0.00133467 
v 0.0028878 -0.02415 -0.00097311 
v 0.0028707 -0.02415 -0.00103033 
v 0.00297609 -0.02415 -0.00065518 
v 0.00296527 -0.02415 -0.000713915 
v 0.00302948 -0.02415 -0.000329568 
v 0.00302508 -0.02415 -0.000389128 
v 0.00303691 -0.0241709 0.000270174 
v 0.00304832 -0.0241709 -5.97573e-05 
v 0.0029899 -0.0241709 0.000596938 
v 0.00290783 -0.0241709 0.000916704 
v 0.00279167 -0.0241709 0.00122572 
v 0.00264278 -0.0241709 0.00152037 
v 0.00246291 -0.0241709 0.00179719 
v 0.00225416 -0.0241709 0.00205294 
v 0.00201898 -0.0241709 0.00228463 
v 0.00176014 -0.0241709 0.00248952 
v 0.00148065 -0.0241709 0.00266524 
v 0.00118381 -0.0241709 0.0028097 
v 0.000873091 -0.0241709 0.00292122 
v 0.000552133 -0.0241709 0.00299849 
v 0.000224702 -0.0241709 0.00304061 
v -0.000105363 -0.0241709 0.00304708 
v -0.000434193 -0.0241709 0.00301783 
v -0.000757932 -0.0241709 0.00295319 
v -0.00107279 -0.0241709 0.00285394 
v -0.00137506 -0.0241709 0.00272122 
v -0.00166122 -0.0241709 0.00255659 
v -0.00192789 -0.0241709 0.002362 
v -0.00217197 -0.0241709 0.00213971 
v -0.00239058 -0.0241709 0.00189234 
v -0.00258117 -0.0241709 0.00162278 
v -0.00274149 -0.0241709 0.00133419 
v -0.00286967 -0.0241709 0.00102996 
v -0.0029642 -0.0241709 0.000713659 
v -0.00302399 -0.0241709 0.000388988 
v -0.00304832 -0.0241709 5.97573e-05 
v -0.00303691 -0.0241709 -0.000270174 
v -0.0029899 -0.0241709 -0.000596938 
v -0.00290783 -0.0241709 -0.000916704 
v -0.00279167 -0.0241709 -0.00122572 
v -0.00264278 -0.0241709 -0.00152037 
v -0.00246291 -0.0241709 -0.00179719 
v -0.00225416 -0.0241709 -0.00205294 
v -0.00201898 -0.0241709 -0.00228463 
v -0.00176014 -0.0241709 -0.00248952 
v -0.00148065 -0.0241709 -0.00266524 
v -0.00118381 -0.0241709 -0.0028097 
v -0.000873091 -0.0241709 -0.00292122 
v -0.000552133 -0.0241709 -0.00299849 
v -0.000224702 -0.0241709 -0.00304061 
v 0.000105363 -0.0241709 -0.00304708 
v 0.000434193 -0.0241709 -0.00301783 
v 0.000757932 -0.0241709 -0.00295319 
v 0.00107279 -0.0241709 -0.00285394 
v 0.00137506 -0.0241709 -0.00272122 
v 0.00166122 -0.0241709 -0.00255659 
v 0.00192789 -0.0241709 -0.002362 
v 0.00217197 -0.0241709 -0.00213971 
v 0.00239058 -0.0241709 -0.00189234 
v 0.00258117 -0.0241709 -0.00162278 
v 0.00274149 -0.0241709 -0.00133419 
v 0.00286967 -0.0241709 -0.00102996 
v 0.0029642 -0.0241709 -0.000713659 
v 0.00302399 -0.0241709 -0.000388988 
v 0.00304504 -0.0241916 -5.96931e-05 
v 0.00303365 -0.0241916 0.000269884 
v 0.00298669 -0.0241916 0.000596297 
v 0.00290471 -0.0241916 0.000915719 
v 0.00278867 -0.0241916 0.0012244 
v 0.00263994 -0.0241916 0.00151874 
v 0.00246026 -0.0241916 0.00179526 
v 0.00225174 -0.0241916 0.00205074 
v 0.00201682 -0.0241916 0.00228217 
v 0.00175825 -0.0241916 0.00248685 
v 0.00147906 -0.0241916 0.00266237 
v 0.00118254 -0.0241916 0.00280668 
v 0.000872153 -0.0241916 0.00291808 
v 0.00055154 -0.0241916 0.00299527 
v 0.000224461 -0.0241916 0.00303735 
v -0.00010525 -0.0241916 0.00304381 
v -0.000433727 -0.0241916 0.00301459 
v -0.000757118 -0.0241916 0.00295002 
v -0.00107163 -0.0241916 0.00285087 
v -0.00137358 -0.0241916 0.00271829 
v -0.00165943 -0.0241916 0.00255385 
v -0.00192582 -0.0241916 0.00235946 
v -0.00216964 -0.0241916 0.00213741 
v -0.00238801 -0.0241916 0.0018903 
v -0.00257839 -0.0241916 0.00162103 
v -0.00273854 -0.0241916 0.00133276 
v -0.00286659 -0.0241916 0.00102886 
v -0.00296102 -0.0241916 0.000712892 
v -0.00302074 -0.0241916 0.00038857 
v -0.00304504 -0.0241916 5.96931e-05 
v -0.00303365 -0.0241916 -0.000269884 
v -0.00298669 -0.0241916 -0.000596297 
v -0.00290471 -0.0241916 -0.000915719 
v -0.00278867 -0.0241916 -0.0012244 
v -0.00263994 -0.0241916 -0.00151874 
v -0.00246026 -0.0241916 -0.00179526 
v -0.00225174 -0.0241916 -0.00205074 
v -0.00201682 -0.0241916 -0.00228217 
v -0.00175825 -0.0241916 -0.00248685 
v -0.00147906 -0.0241916 -0.00266237 
v -0.00118254 -0.0241916 -0.00280668 
v -0.000872153 -0.0241916 -0.00291808 
v -0.00055154 -0.0241916 -0.00299527 
v -0.000224461 -0.0241916 -0.00303735 
v 0.00010525 -0.0241916 -0.00304381 
v 0.000433727 -0.0241916 -0.00301459 
v 0.000757118 -0.0241916 -0.00295002 
v 0.00107163 -0.0241916 -0.00285087 
v 0.00137358 -0.0241916 -0.00271829 
v 0.00165943 -0.0241916 -0.00255385 
v 0.00192582 -0.0241916 -0.00235946 
v 0.00216964 -0.0241916 -0.00213741 
v 0.00238801 -0.0241916 -0.0018903 
v 0.00257839 -0.0241916 -0.00162103 
v 0.00273854 -0.0241916 -0.00133276 
v 0.00286659 -0.0241916 -0.00102886 
v 0.00296102 -0.0241916 -0.000712892 
v 0.00302074 -0.0241916 -0.00038857 
v 0.00303963 -0.0242118 -5.95869e-05 
v 0.00302825 -0.0242118 0.000269404 
v 0.00298137 -0.0242118 0.000595236 
v 0.00289954 -0.0242118 0.00091409 
v 0.00278371 -0.0242118 0.00122223 
v 0.00263525 -0.0242118 0.00151603 
v 0.00245589 -0.0242118 0.00179207 
v 0.00224773 -0.0242118 0.00204709 
v 0.00201323 -0.0242118 0.00227811 
v 0.00175512 -0.0242118 0.00248243 
v 0.00147643 -0.0242118 0.00265764 
v 0.00118044 -0.0242118 0.00280169 
v 0.000870601 -0.0242118 0.00291289 
v 0.000550559 -0.0242118 0.00298994 
v 0.000224062 -0.0242118 0.00303194 
v -0.000105063 -0.0242118 0.0030384 
v -0.000432955 -0.0242118 0.00300922 
v -0.000755771 -0.0242118 0.00294477 
v -0.00106973 -0.0242118 0.0028458 
v -0.00137114 -0.0242118 0.00271346 
v -0.00165648 -0.0242118 0.00254931 
v -0.0019224 -0.0242118 0.00235526 
v -0.00216578 -0.0242118 0.00213361 
v -0.00238377 -0.0242118 0.00188694 
v -0.00257381 -0.0242118 0.00161815 
v -0.00273367 -0.0242118 0.00133039 
v -0.00286149 -0.0242118 0.00102703 
v -0.00295575 -0.0242118 0.000711624 
v -0.00301537 -0.0242118 0.000387879 
v -0.00303963 -0.0242118 5.95869e-05 
v -0.00302825 -0.0242118 -0.000269404 
v -0.00298137 -0.0242118 -0.000595236 
v -0.00289954 -0.0242118 -0.00091409 
v -0.00278371 -0.0242118 -0.00122223 
v -0.00263525 -0.0242118 -0.00151603 
v -0.00245589 -0.0242118 -0.00179207 
v -0.00224773 -0.0242118 -0.00204709 
v -0.00201323 -0.0242118 -0.00227811 
v -0.00175512 -0.0242118 -0.00248243 
v -0.00147643 -0.0242118 -0.00265764 
v -0.00118044 -0.0242118 -0.00280169 
v -0.000870601 -0.0242118 -0.00291289 
v -0.000550559 -0.0242118 -0.00298994 
v -0.000224062 -0.0242118 -0.00303194 
v 0.000105063 -0.0242118 -0.0030384 
v 0.000432955 -0.0242118 -0.00300922 
v 0.000755771 -0.0242118 -0.00294477 
v 0.00106973 -0.0242118 -0.0028458 
v 0.00137114 -0.0242118 -0.00271346 
v 0.00165648 -0.0242118 -0.00254931 
v 0.0019224 -0.0242118 -0.00235526 
v 0.00216578 -0.0242118 -0.00213361 
v 0.00238377 -0.0242118 -0.00188694 
v 0.00257381 -0.0242118 -0.00161815 
v 0.00273367 -0.0242118 -0.00133039 
v 0.00286149 -0.0242118 -0.00102703 
v 0.00295575 -0.0242118 -0.000711624 
v 0.00301537 -0.0242118 -0.000387879 
v 0.00303213 -0.0242313 -5.94399e-05 
v 0.00302078 -0.0242313 0.000268739 
v 0.00297401 -0.0242313 0.000593767 
v 0.00289238 -0.0242313 0.000911834 
v 0.00277684 -0.0242313 0.00121921 
v 0.00262874 -0.0242313 0.00151229 
v 0.00244983 -0.0242313 0.00178765 
v 0.00224219 -0.0242313 0.00204204 
v 0.00200826 -0.0242313 0.00227249 
v 0.00175079 -0.0242313 0.0024763 
v 0.00147279 -0.0242313 0.00265108 
v 0.00117752 -0.0242313 0.00279477 
v 0.000868453 -0.0242313 0.0029057 
v 0.0005492 -0.0242313 0.00298257 
v 0.000223509 -0.0242313 0.00302446 
v -0.000104803 -0.0242313 0.0030309 
v -0.000431887 -0.0242313 0.0030018 
v -0.000753906 -0.0242313 0.00293751 
v -0.00106709 -0.0242313 0.00283878 
v -0.00136776 -0.0242313 0.00270676 
v -0.00165239 -0.0242313 0.00254301 
v -0.00191765 -0.0242313 0.00234945 
v -0.00216043 -0.0242313 0.00212834 
v -0.00237788 -0.0242313 0.00188228 
v -0.00256745 -0.0242313 0.00161416 
v -0.00272693 -0.0242313 0.0013271 
v -0.00285443 -0.0242313 0.00102449 
v -0.00294846 -0.0242313 0.000709868 
v -0.00300793 -0.0242313 0.000386922 
v -0.00303213 -0.0242313 5.94399e-05 
v -0.00302078 -0.0242313 -0.000268739 
v -0.00297401 -0.0242313 -0.000593767 
v -0.00289238 -0.0242313 -0.000911834 
v -0.00277684 -0.0242313 -0.00121921 
v -0.00262874 -0.0242313 -0.00151229 
v -0.00244983 -0.0242313 -0.00178765 
v -0.00224219 -0.0242313 -0.00204204 
v -0.00200826 -0.0242313 -0.00227249 
v -0.00175079 -0.0242313 -0.0024763 
v -0.00147279 -0.0242313 -0.00265108 
v -0.00117752 -0.0242313 -0.00279477 
v -0.000868453 -0.0242313 -0.0029057 
v -0.0005492 -0.0242313 -0.00298257 
v -0.000223509 -0.0242313 -0.00302446 
v 0.000104803 -0.0242313 -0.0030309 
v 0.000431887 -0.0242313 -0.0030018 
v 0.000753906 -0.0242313 -0.00293751 
v 0.00106709 -0.0242313 -0.00283878 
v 0.00136776 -0.0242313 -0.00270676 
v 0.00165239 -0.0242313 -0.00254301 
v 0.00191765 -0.0242313 -0.00234945 
v 0.00216043 -0.0242313 -0.00212834 
v 0.00237788 -0.0242313 -0.00188228 
v 0.00256745 -0.0242313 -0.00161416 
v 0.00272693 -0.0242313 -0.0013271 
v 0.00285443 -0.0242313 -0.00102449 
v 0.00294846 -0.0242313 -0.000709868 
v 0.00300793 -0.0242313 -0.000386922 
v 0.00302262 -0.02425 -5.92536e-05 
v 0.00301131 -0.02425 0.000267897 
v 0.00296469 -0.02425 0.000591907 
v 0.00288332 -0.02425 0.000908977 
v 0.00276814 -0.02425 0.00121539 
v 0.00262051 -0.02425 0.00150755 
v 0.00244215 -0.02425 0.00178204 
v 0.00223516 -0.02425 0.00203564 
v 0.00200197 -0.02425 0.00226537 
v 0.0017453 -0.02425 0.00246854 
v 0.00146817 -0.02425 0.00264277 
v 0.00117383 -0.02425 0.00278602 
v 0.000865731 -0.02425 0.0028966 
v 0.000547479 -0.02425 0.00297322 
v 0.000222808 -0.02425 0.00301498 
v -0.000104475 -0.02425 0.0030214 
v -0.000430533 -0.02425 0.00299239 
v -0.000751544 -0.02425 0.0029283 
v -0.00106374 -0.02425 0.00282988 
v -0.00136347 -0.02425 0.00269828 
v -0.00164721 -0.02425 0.00253505 
v -0.00191164 -0.02425 0.00234209 
v -0.00215366 -0.02425 0.00212167 
v -0.00237043 -0.02425 0.00187639 
v -0.00255941 -0.02425 0.0016091 
v -0.00271838 -0.02425 0.00132294 
v -0.00284548 -0.02425 0.00102128 
v -0.00293922 -0.02425 0.000707643 
v -0.0029985 -0.02425 0.000385709 
v -0.00302262 -0.02425 5.92536e-05 
v -0.00301131 -0.02425 -0.000267897 
v -0.00296469 -0.02425 -0.000591907 
v -0.00288332 -0.02425 -0.000908977 
v -0.00276814 -0.02425 -0.00121539 
v -0.00262051 -0.02425 -0.00150755 
v -0.00244215 -0.02425 -0.00178204 
v -0.00223516 -0.02425 -0.00203564 
v -0.00200197 -0.02425 -0.00226537 
v -0.0017453 -0.02425 -0.00246854 
v -0.00146817 -0.02425 -0.00264277 
v -0.00117383 -0.02425 -0.00278602 
v -0.000865731 -0.02425 -0.0028966 
v -0.000547479 -0.02425 -0.00297322 
v -0.000222808 -0.02425 -0.00301498 
v 0.000104475 -0.02425 -0.0030214 
v 0.000430533 -0.02425 -0.00299239 
v 0.000751544 -0.02425 -0.0029283 
v 0.00106374 -0.02425 -0.00282988 
v 0.00136347 -0.02425 -0.00269828 
v 0.00164721 -0.02425 -0.00253505 
v 0.00191164 -0.02425 -0.00234209 
v 0.00215366 -0.02425 -0.00212167 
v 0.00237043 -0.02425 -0.00187639 
v 0.00255941 -0.02425 -0.0016091 
v 0.00271838 -0.02425 -0.00132294 
v 0.00284548 -0.02425 -0.00102128 
v 0.00293922 -0.02425 -0.000707643 
v 0.0029985 -0.02425 -0.000385709 
v 0.00301122 -0.0242676 -5.90302e-05 
v 0.00299996 -0.0242676 0.000266887 
v 0.00295351 -0.0242676 0.000589674 
v 0.00287245 -0.0242676 0.000905549 
v 0.0027577 -0.0242676 0.00121081 
v 0.00261062 -0.0242676 0.00150187 
v 0.00243294 -0.0242676 0.00177532 
v 0.00222673 -0.0242676 0.00202796 
v 0.00199442 -0.0242676 0.00225683 
v 0.00173872 -0.0242676 0.00245923 
v 0.00146264 -0.0242676 0.0026328 
v 0.00116941 -0.0242676 0.00277551 
v 0.000862466 -0.0242676 0.00288567 
v 0.000545414 -0.0242676 0.00296201 
v 0.000221968 -0.0242676 0.00300361 
v -0.000104081 -0.0242676 0.00301 
v -0.000428909 -0.0242676 0.00298111 
v -0.000748709 -0.0242676 0.00291726 
v -0.00105973 -0.0242676 0.00281921 
v -0.00135833 -0.0242676 0.0026881 
v -0.001641 -0.0242676 0.00252548 
v -0.00190444 -0.0242676 0.00233326 
v -0.00214554 -0.0242676 0.00211367 
v -0.00236149 -0.0242676 0.00186931 
v -0.00254976 -0.0242676 0.00160303 
v -0.00270813 -0.0242676 0.00131795 
v -0.00283475 -0.0242676 0.00101743 
v -0.00292813 -0.0242676 0.000704974 
v -0.00298719 -0.0242676 0.000384255 
v -0.00301122 -0.0242676 5.90302e-05 
v -0.00299996 -0.0242676 -0.000266887 
v -0.00295351 -0.0242676 -0.000589674 
v -0.00287245 -0.0242676 -0.000905549 
v -0.0027577 -0.0242676 -0.00121081 
v -0.00261062 -0.0242676 -0.00150187 
v -0.00243294 -0.0242676 -0.00177532 
v -0.00222673 -0.0242676 -0.00202796 
v -0.00199442 -0.0242676 -0.00225683 
v -0.00173872 -0.0242676 -0.00245923 
v -0.00146264 -0.0242676 -0.0026328 
v -0.00116941 -0.0242676 -0.00277551 
v -0.000862466 -0.0242676 -0.00288567 
v -0.000545414 -0.0242676 -0.00296201 
v -0.000221968 -0.0242676 -0.00300361 
v 0.000104081 -0.0242676 -0.00301 
v 0.000428909 -0.0242676 -0.00298111 
v 0.000748709 -0.0242676 -0.00291726 
v 0.00105973 -0.0242676 -0.00281921 
v 0.00135833 -0.0242676 -0.0026881 
v 0.001641 -0.0242676 -0.00252548 
v 0.00190444 -0.0242676 -0.00233326 
v 0.00214554 -0.0242676 -0.00211367 
v 0.00236149 -0.0242676 -0.00186931 
v 0.00254976 -0.0242676 -0.00160303 
v 0.00270813 -0.0242676 -0.00131795 
v 0.00283475 -0.0242676 -0.00101743 
v 0.00292813 -0.0242676 -0.000704974 
v 0.00298719 -0.0242676 -0.000384255 
v 0.00299805 -0.0242838 -5.87719e-05 
v 0.00298683 -0.0242838 0.000265719 
v 0.00294059 -0.0242838 0.000587095 
v 0.00285988 -0.0242838 0.000901587 
v 0.00274564 -0.0242838 0.00120551 
v 0.0025992 -0.0242838 0.0014953 
v 0.0024223 -0.0242838 0.00176756 
v 0.00221699 -0.0242838 0.00201909 
v 0.00198569 -0.0242838 0.00224695 
v 0.00173111 -0.0242838 0.00244847 
v 0.00145624 -0.0242838 0.00262129 
v 0.00116429 -0.0242838 0.00276337 
v 0.000858694 -0.0242838 0.00287305 
v 0.000543029 -0.0242838 0.00294905 
v 0.000220997 -0.0242838 0.00299047 
v -0.000103626 -0.0242838 0.00299684 
v -0.000427033 -0.0242838 0.00296807 
v -0.000745434 -0.0242838 0.0029045 
v -0.0010551 -0.0242838 0.00280688 
v -0.00135239 -0.0242838 0.00267635 
v -0.00163382 -0.0242838 0.00251444 
v -0.0018961 -0.0242838 0.00232305 
v -0.00213616 -0.0242838 0.00210443 
v -0.00235116 -0.0242838 0.00186113 
v -0.0025386 -0.0242838 0.00159602 
v -0.00269628 -0.0242838 0.00131219 
v -0.00282235 -0.0242838 0.00101298 
v -0.00291533 -0.0242838 0.000701891 
v -0.00297412 -0.0242838 0.000382574 
v -0.00299805 -0.0242838 5.87719e-05 
v -0.00298683 -0.0242838 -0.000265719 
v -0.00294059 -0.0242838 -0.000587095 
v -0.00285988 -0.0242838 -0.000901587 
v -0.00274564 -0.0242838 -0.00120551 
v -0.0025992 -0.0242838 -0.0014953 
v -0.0024223 -0.0242838 -0.00176756 
v -0.00221699 -0.0242838 -0.00201909 
v -0.00198569 -0.0242838 -0.00224695 
v -0.00173111 -0.0242838 -0.00244847 
v -0.00145624 -0.0242838 -0.00262129 
v -0.00116429 -0.0242838 -0.00276337 
v -0.000858694 -0.0242838 -0.00287305 
v -0.000543029 -0.0242838 -0.00294905 
v -0.000220997 -0.0242838 -0.00299047 
v 0.000103626 -0.0242838 -0.00299684 
v 0.000427033 -0.0242838 -0.00296807 
v 0.000745434 -0.0242838 -0.0029045 
v 0.0010551 -0.0242838 -0.00280688 
v 0.00135239 -0.0242838 -0.00267635 
v 0.00163382 -0.0242838 -0.00251444 
v 0.0018961 -0.0242838 -0.00232305 
v 0.00213616 -0.0242838 -0.00210443 
v 0.00235116 -0.0242838 -0.00186113 
v 0.0025386 -0.0242838 -0.00159602 
v 0.00269628 -0.0242838 -0.00131219 
v 0.00282235 -0.0242838 -0.00101298 
v 0.00291533 -0.0242838 -0.000701891 
v 0.00297412 -0.0242838 -0.000382574 
v 0.00298325 -0.0242986 -5.84818e-05 
v 0.00297209 -0.0242986 0.000264407 
v 0.00292608 -0.0242986 0.000584197 
v 0.00284576 -0.0242986 0.000897137 
v 0.00273208 -0.0242986 0.00119956 
v 0.00258637 -0.0242986 0.00148792 
v 0.00241034 -0.0242986 0.00175883 
v 0.00220605 -0.0242986 0.00200912 
v 0.00197589 -0.0242986 0.00223586 
v 0.00172257 -0.0242986 0.00243639 
v 0.00144905 -0.0242986 0.00260835 
v 0.00115854 -0.0242986 0.00274973 
v 0.000854455 -0.0242986 0.00285887 
v 0.000540348 -0.0242986 0.00293449 
v 0.000219906 -0.0242986 0.00297571 
v -0.000103114 -0.0242986 0.00298204 
v -0.000424925 -0.0242986 0.00295341 
v -0.000741755 -0.0242986 0.00289016 
v -0.00104989 -0.0242986 0.00279302 
v -0.00134571 -0.0242986 0.00266313 
v -0.00162576 -0.0242986 0.00250202 
v -0.00188674 -0.0242986 0.00231158 
v -0.00212561 -0.0242986 0.00209404 
v -0.00233956 -0.0242986 0.00185194 
v -0.00252607 -0.0242986 0.00158814 
v -0.00268297 -0.0242986 0.00130571 
v -0.00280842 -0.0242986 0.00100798 
v -0.00290093 -0.0242986 0.000698426 
v -0.00295944 -0.0242986 0.000380685 
v -0.00298325 -0.0242986 5.84818e-05 
v -0.00297209 -0.0242986 -0.000264407 
v -0.00292608 -0.0242986 -0.000584197 
v -0.00284576 -0.0242986 -0.000897137 
v -0.00273208 -0.0242986 -0.00119956 
v -0.00258637 -0.0242986 -0.00148792 
v -0.00241034 -0.0242986 -0.00175883 
v -0.00220605 -0.0242986 -0.00200912 
v -0.00197589 -0.0242986 -0.00223586 
v -0.00172257 -0.0242986 -0.00243639 
v -0.00144905 -0.0242986 -0.00260835 
v -0.00115854 -0.0242986 -0.00274973 
v -0.000854455 -0.0242986 -0.00285887 
v -0.000540348 -0.0242986 -0.00293449 
v -0.000219906 -0.0242986 -0.00297571 
v 0.000103114 -0.0242986 -0.00298204 
v 0.000424925 -0.0242986 -0.00295341 
v 0.000741755 -0.0242986 -0.00289016 
v 0.00104989 -0.0242986 -0.00279302 
v 0.00134571 -0.0242986 -0.00266313 
v 0.00162576 -0.0242986 -0.00250202 
v 0.00188674 -0.0242986 -0.00231158 
v 0.00212561 -0.0242986 -0.00209404 
v 0.00233956 -0.0242986 -0.00185194 
v 0.00252607 -0.0242986 -0.00158814 
v 0.00268297 -0.0242986 -0.00130571 
v 0.00280842 -0.0242986 -0.00100798 
v 0.00290093 -0.0242986 -0.000698426 
v 0.00295944 -0.0242986 -0.000380685 
v 0.00296699 -0.0243118 -5.81629e-05 
v 0.00295588 -0.0243118 0.000262966 
v 0.00291012 -0.0243118 0.000581011 
v 0.00283025 -0.0243118 0.000892245 
v 0.00271719 -0.0243118 0.00119302 
v 0.00257227 -0.0243118 0.0014798 
v 0.0023972 -0.0243118 0.00174924 
v 0.00219402 -0.0243118 0.00199817 
v 0.00196512 -0.0243118 0.00222367 
v 0.00171318 -0.0243118 0.0024231 
v 0.00144115 -0.0243118 0.00259412 
v 0.00115223 -0.0243118 0.00273473 
v 0.000849796 -0.0243118 0.00284328 
v 0.000537402 -0.0243118 0.00291849 
v 0.000218707 -0.0243118 0.00295949 
v -0.000102552 -0.0243118 0.00296578 
v -0.000422608 -0.0243118 0.00293731 
v -0.00073771 -0.0243118 0.0028744 
v -0.00104416 -0.0243118 0.00277779 
v -0.00133837 -0.0243118 0.00264861 
v -0.00161689 -0.0243118 0.00248838 
v -0.00187646 -0.0243118 0.00229898 
v -0.00211402 -0.0243118 0.00208262 
v -0.0023268 -0.0243118 0.00184185 
v -0.0025123 -0.0243118 0.00157948 
v -0.00266834 -0.0243118 0.00129859 
v -0.0027931 -0.0243118 0.00100248 
v -0.00288512 -0.0243118 0.000694618 
v -0.00294331 -0.0243118 0.00037861 
v -0.00296699 -0.0243118 5.81629e-05 
v -0.00295588 -0.0243118 -0.000262966 
v -0.00291012 -0.0243118 -0.000581011 
v -0.00283025 -0.0243118 -0.000892245 
v -0.00271719 -0.0243118 -0.00119302 
v -0.00257227 -0.0243118 -0.0014798 
v -0.0023972 -0.0243118 -0.00174924 
v -0.00219402 -0.0243118 -0.00199817 
v -0.00196512 -0.0243118 -0.00222367 
v -0.00171318 -0.0243118 -0.0024231 
v -0.00144115 -0.0243118 -0.00259412 
v -0.00115223 -0.0243118 -0.00273473 
v -0.000849796 -0.0243118 -0.00284328 
v -0.000537402 -0.0243118 -0.00291849 
v -0.000218707 -0.0243118 -0.00295949 
v 0.000102552 -0.0243118 -0.00296578 
v 0.000422608 -0.0243118 -0.00293731 
v 0.00073771 -0.0243118 -0.0028744 
v 0.00104416 -0.0243118 -0.00277779 
v 0.00133837 -0.0243118 -0.00264861 
v 0.00161689 -0.0243118 -0.00248838 
v 0.00187646 -0.0243118 -0.00229898 
v 0.00211402 -0.0243118 -0.00208262 
v 0.0023268 -0.0243118 -0.00184185 
v 0.0025123 -0.0243118 -0.00157948 
v 0.00266834 -0.0243118 -0.00129859 
v 0.0027931 -0.0243118 -0.00100248 
v 0.00288512 -0.0243118 -0.000694618 
v 0.00294331 -0.0243118 -0.00037861 
v 0.00294943 -0.0243232 -5.78188e-05 
v 0.00293839 -0.0243232 0.00026141 
v 0.00289291 -0.0243232 0.000577574 
v 0.0028135 -0.0243232 0.000886966 
v 0.00270111 -0.0243232 0.00118596 
v 0.00255705 -0.0243232 0.00147105 
v 0.00238301 -0.0243232 0.00173889 
v 0.00218104 -0.0243232 0.00198635 
v 0.00195349 -0.0243232 0.00221052 
v 0.00170304 -0.0243232 0.00240877 
v 0.00143262 -0.0243232 0.00257878 
v 0.00114541 -0.0243232 0.00271855 
v 0.000844768 -0.0243232 0.00282646 
v 0.000534222 -0.0243232 0.00290122 
v 0.000217413 -0.0243232 0.00294198 
v -0.000101945 -0.0243232 0.00294824 
v -0.000420108 -0.0243232 0.00291993 
v -0.000733346 -0.0243232 0.00285739 
v -0.00103799 -0.0243232 0.00276136 
v -0.00133046 -0.0243232 0.00263294 
v -0.00160733 -0.0243232 0.00247366 
v -0.00186536 -0.0243232 0.00228538 
v -0.00210151 -0.0243232 0.0020703 
v -0.00231303 -0.0243232 0.00183095 
v -0.00249743 -0.0243232 0.00157013 
v -0.00265256 -0.0243232 0.00129091 
v -0.00277658 -0.0243232 0.000996551 
v -0.00286805 -0.0243232 0.000690508 
v -0.00292589 -0.0243232 0.00037637 
v -0.00294943 -0.0243232 5.78188e-05 
v -0.00293839 -0.0243232 -0.00026141 
v -0.00289291 -0.0243232 -0.000577574 
v -0.0028135 -0.0243232 -0.000886966 
v -0.00270111 -0.0243232 -0.00118596 
v -0.00255705 -0.0243232 -0.00147105 
v -0.00238301 -0.0243232 -0.00173889 
v -0.00218104 -0.0243232 -0.00198635 
v -0.00195349 -0.0243232 -0.00221052 
v -0.00170304 -0.0243232 -0.00240877 
v -0.00143262 -0.0243232 -0.00257878 
v -0.00114541 -0.0243232 -0.00271855 
v -0.000844768 -0.0243232 -0.00282646 
v -0.000534222 -0.0243232 -0.00290122 
v -0.000217413 -0.0243232 -0.00294198 
v 0.000101945 -0.0243232 -0.00294824 
v 0.000420108 -0.0243232 -0.00291993 
v 0.000733346 -0.0243232 -0.00285739 
v 0.00103799 -0.0243232 -0.00276136 
v 0.00133046 -0.0243232 -0.00263294 
v 0.00160733 -0.0243232 -0.00247366 
v 0.00186536 -0.0243232 -0.00228538 
v 0.00210151 -0.0243232 -0.0020703 
v 0.00231303 -0.0243232 -0.00183095 
v 0.00249743 -0.0243232 -0.00157013 
v 0.00265256 -0.0243232 -0.00129091 
v 0.00277658 -0.0243232 -0.000996551 
v 0.00286805 -0.0243232 -0.000690508 
v 0.00292589 -0.0243232 -0.00037637 
v 0.00293078 -0.0243327 -5.74532e-05 
v 0.00291982 -0.0243327 0.000259757 
v 0.00287461 -0.0243327 0.000573922 
v 0.00279571 -0.0243327 0.000881358 
v 0.00268403 -0.0243327 0.00117846 
v 0.00254088 -0.0243327 0.00146175 
v 0.00236795 -0.0243327 0.0017279 
v 0.00216725 -0.0243327 0.00197379 
v 0.00194114 -0.0243327 0.00219654 
v 0.00169227 -0.0243327 0.00239354 
v 0.00142356 -0.0243327 0.00256247 
v 0.00113817 -0.0243327 0.00270136 
v 0.000839427 -0.0243327 0.00280859 
v 0.000530845 -0.0243327 0.00288288 
v 0.000216038 -0.0243327 0.00292338 
v -0.0001013 -0.0243327 0.0029296 
v -0.000417452 -0.0243327 0.00290147 
v -0.000728709 -0.0243327 0.00283933 
v -0.00103142 -0.0243327 0.0027439 
v -0.00132204 -0.0243327 0.00261629 
v -0.00159716 -0.0243327 0.00245802 
v -0.00185356 -0.0243327 0.00227093 
v -0.00208823 -0.0243327 0.00205721 
v -0.00229841 -0.0243327 0.00181937 
v -0.00248164 -0.0243327 0.00156021 
v -0.00263578 -0.0243327 0.00128275 
v -0.00275902 -0.0243327 0.00099025 
v -0.00284991 -0.0243327 0.000686142 
v -0.00290739 -0.0243327 0.00037399 
v -0.00293078 -0.0243327 5.74532e-05 
v -0.00291982 -0.0243327 -0.000259757 
v -0.00287461 -0.0243327 -0.000573922 
v -0.00279571 -0.0243327 -0.000881358 
v -0.00268403 -0.0243327 -0.00117846 
v -0.00254088 -0.0243327 -0.00146175 
v -0.00236795 -0.0243327 -0.0017279 
v -0.00216725 -0.0243327 -0.00197379 
v -0.00194114 -0.0243327 -0.00219654 
v -0.00169227 -0.0243327 -0.00239354 
v -0.00142356 -0.0243327 -0.00256247 
v -0.00113817 -0.0243327 -0.00270136 
v -0.000839427 -0.0243327 -0.00280859 
v -0.000530845 -0.0243327 -0.00288288 
v -0.000216038 -0.0243327 -0.00292338 
v 0.0001013 -0.0243327 -0.0029296 
v 0.000417452 -0.0243327 -0.00290147 
v 0.000728709 -0.0243327 -0.00283933 
v 0.00103142 -0.0243327 -0.0027439 
v 0.00132204 -0.0243327 -0.00261629 
v 0.00159716 -0.0243327 -0.00245802 
v 0.00185356 -0.0243327 -0.00227093 
v 0.00208823 -0.0243327 -0.00205721 
v 0.00229841 -0.0243327 -0.00181937 
v 0.00248164 -0.0243327 -0.00156021 
v 0.00263578 -0.0243327 -0.00128275 
v 0.00275902 -0.0243327 -0.00099025 
v 0.00284991 -0.0243327 -0.000686142 
v 0.00290739 -0.0243327 -0.00037399 
v 0.00291124 -0.0243402 -5.70702e-05 
v 0.00290035 -0.0243402 0.000258025 
v 0.00285545 -0.0243402 0.000570095 
v 0.00277707 -0.0243402 0.000875482 
v 0.00266614 -0.0243402 0.0011706 
v 0.00252394 -0.0243402 0.001452 
v 0.00235216 -0.0243402 0.00171638 
v 0.0021528 -0.0243402 0.00196063 
v 0.0019282 -0.0243402 0.00218189 
v 0.00168099 -0.0243402 0.00237758 
v 0.00141407 -0.0243402 0.00254539 
v 0.00113058 -0.0243402 0.00268335 
v 0.00083383 -0.0243402 0.00278986 
v 0.000527305 -0.0243402 0.00286366 
v 0.000214598 -0.0243402 0.00290388 
v -0.000100625 -0.0243402 0.00291006 
v -0.000414668 -0.0243402 0.00288213 
v -0.00072385 -0.0243402 0.0028204 
v -0.00102455 -0.0243402 0.0027256 
v -0.00131323 -0.0243402 0.00259885 
v -0.00158652 -0.0243402 0.00244163 
v -0.0018412 -0.0243402 0.00225579 
v -0.0020743 -0.0243402 0.00204349 
v -0.00228308 -0.0243402 0.00180724 
v -0.0024651 -0.0243402 0.0015498 
v -0.00261821 -0.0243402 0.0012742 
v -0.00274063 -0.0243402 0.000983647 
v -0.00283091 -0.0243402 0.000681567 
v -0.00288801 -0.0243402 0.000371496 
v -0.00291124 -0.0243402 5.70702e-05 
v -0.00290035 -0.0243402 -0.000258025 
v -0.00285545 -0.0243402 -0.000570095 
v -0.00277707 -0.0243402 -0.000875482 
v -0.00266614 -0.0243402 -0.0011706 
v -0.00252394 -0.0243402 -0.001452 
v -0.00235216 -0.0243402 -0.00171638 
v -0.0021528 -0.0243402 -0.00196063 
v -0.0019282 -0.0243402 -0.00218189 
v -0.00168099 -0.0243402 -0.00237758 
v -0.00141407 -0.0243402 -0.00254539 
v -0.00113058 -0.0243402 -0.00268335 
v -0.00083383 -0.0243402 -0.00278986 
v -0.000527305 -0.0243402 -0.00286366 
v -0.000214598 -0.0243402 -0.00290388 
v 0.000100625 -0.0243402 -0.00291006 
v 0.000414668 -0.0243402 -0.00288213 
v 0.00072385 -0.0243402 -0.0028204 
v 0.00102455 -0.0243402 -0.0027256 
v 0.00131323 -0.0243402 -0.00259885 
v 0.00158652 -0.0243402 -0.00244163 
v 0.0018412 -0.0243402 -0.00225579 
v 0.0020743 -0.0243402 -0.00204349 
v 0.00228308 -0.0243402 -0.00180724 
v 0.0024651 -0.0243402 -0.0015498 
v 0.00261821 -0.0243402 -0.0012742 
v 0.00274063 -0.0243402 -0.000983647 
v 0.00283091 -0.0243402 -0.000681567 
v 0.00288801 -0.0243402 -0.000371496 
v 0.00289103 -0.0243456 -5.66739e-05 
v 0.00288021 -0.0243456 0.000256233 
v 0.00283562 -0.0243456 0.000566136 
v 0.00275779 -0.0243456 0.000869402 
v 0.00264762 -0.0243456 0.00116247 
v 0.00250642 -0.0243456 0.00144192 
v 0.00233582 -0.0243456 0.00170446 
v 0.00213785 -0.0243456 0.00194701 
v 0.00191481 -0.0243456 0.00216674 
v 0.00166932 -0.0243456 0.00236107 
v 0.00140425 -0.0243456 0.00252771 
v 0.00112273 -0.0243456 0.00266472 
v 0.00082804 -0.0243456 0.00277049 
v 0.000523643 -0.0243456 0.00284377 
v 0.000213108 -0.0243456 0.00288372 
v -9.99263e-05 -0.0243456 0.00288986 
v -0.000411789 -0.0243456 0.00286211 
v -0.000718824 -0.0243456 0.00280081 
v -0.00101743 -0.0243456 0.00270667 
v -0.00130411 -0.0243456 0.0025808 
v -0.0015755 -0.0243456 0.00242468 
v -0.00182842 -0.0243456 0.00224012 
v -0.0020599 -0.0243456 0.0020293 
v -0.00226723 -0.0243456 0.00179469 
v -0.00244798 -0.0243456 0.00153904 
v -0.00260003 -0.0243456 0.00126535 
v -0.00272159 -0.0243456 0.000976816 
v -0.00281125 -0.0243456 0.000676834 
v -0.00286795 -0.0243456 0.000368917 
v -0.00289103 -0.0243456 5.66739e-05 
v -0.00288021 -0.0243456 -0.000256233 
v -0.00283562 -0.0243456 -0.000566136 
v -0.00275779 -0.0243456 -0.000869402 
v -0.00264762 -0.0243456 -0.00116247 
v -0.00250642 -0.0243456 -0.00144192 
v -0.00233582 -0.0243456 -0.00170446 
v -0.00213785 -0.0243456 -0.00194701 
v -0.00191481 -0.0243456 -0.00216674 
v -0.00166932 -0.0243456 -0.00236107 
v -0.00140425 -0.0243456 -0.00252771 
v -0.00112273 -0.0243456 -0.00266472 
v -0.00082804 -0.0243456 -0.00277049 
v -0.000523643 -0.0243456 -0.00284377 
v -0.000213108 -0.0243456 -0.00288372 
v 9.99263e-05 -0.0243456 -0.00288986 
v 0.000411789 -0.0243456 -0.00286211 
v 0.000718824 -0.0243456 -0.00280081 
v 0.00101743 -0.0243456 -0.00270667 
v 0.00130411 -0.0243456 -0.0025808 
v 0.0015755 -0.0243456 -0.00242468 
v 0.00182842 -0.0243456 -0.00224012 
v 0.0020599 -0.0243456 -0.0020293 
v 0.00226723 -0.0243456 -0.00179469 
v 0.00244798 -0.0243456 -0.00153904 
v 0.00260003 -0.0243456 -0.00126535 
v 0.00272159 -0.0243456 -0.000976816 
v 0.00281125 -0.0243456 -0.000676834 
v 0.00286795 -0.0243456 -0.000368917 
v 0.00287035 -0.0243489 -5.62686e-05 
v 0.00285961 -0.0243489 0.000254401 
v 0.00281534 -0.0243489 0.000562088 
v 0.00273807 -0.0243489 0.000863185 
v 0.00262869 -0.0243489 0.00115416 
v 0.00248849 -0.0243489 0.00143161 
v 0.00231912 -0.0243489 0.00169227 
v 0.00212256 -0.0243489 0.00193309 
v 0.00190111 -0.0243489 0.00215125 
v 0.00165738 -0.0243489 0.00234418 
v 0.00139421 -0.0243489 0.00250964 
v 0.0011147 -0.0243489 0.00264567 
v 0.000822119 -0.0243489 0.00275068 
v 0.000519899 -0.0243489 0.00282344 
v 0.000211584 -0.0243489 0.0028631 
v -9.92118e-05 -0.0243489 0.00286919 
v -0.000408844 -0.0243489 0.00284164 
v -0.000713683 -0.0243489 0.00278078 
v -0.00101016 -0.0243489 0.00268732 
v -0.00129478 -0.0243489 0.00256235 
v -0.00156423 -0.0243489 0.00240734 
v -0.00181534 -0.0243489 0.0022241 
v -0.00204517 -0.0243489 0.00201479 
v -0.00225102 -0.0243489 0.00178186 
v -0.00243047 -0.0243489 0.00152804 
v -0.00258144 -0.0243489 0.0012563 
v -0.00270213 -0.0243489 0.000969832 
v -0.00279115 -0.0243489 0.000671994 
v -0.00284744 -0.0243489 0.000366279 
v -0.00287035 -0.0243489 5.62686e-05 
v -0.00285961 -0.0243489 -0.000254401 
v -0.00281534 -0.0243489 -0.000562088 
v -0.00273807 -0.0243489 -0.000863185 
v -0.00262869 -0.0243489 -0.00115416 
v -0.00248849 -0.0243489 -0.00143161 
v -0.00231912 -0.0243489 -0.00169227 
v -0.00212256 -0.0243489 -0.00193309 
v -0.00190111 -0.0243489 -0.00215125 
v -0.00165738 -0.0243489 -0.00234418 
v -0.00139421 -0.0243489 -0.00250964 
v -0.0011147 -0.0243489 -0.00264567 
v -0.000822119 -0.0243489 -0.00275068 
v -0.000519899 -0.0243489 -0.00282344 
v -0.000211584 -0.0243489 -0.0028631 
v 9.92118e-05 -0.0243489 -0.00286919 
v 0.000408844 -0.0243489 -0.00284164 
v 0.000713683 -0.0243489 -0.00278078 
v 0.00101016 -0.0243489 -0.00268732 
v 0.00129478 -0.0243489 -0.00256235 
v 0.00156423 -0.0243489 -0.00240734 
v 0.00181534 -0.0243489 -0.0022241 
v 0.00204517 -0.0243489 -0.00201479 
v 0.00225102 -0.0243489 -0.00178186 
v 0.00243047 -0.0243489 -0.00152804 
v 0.00258144 -0.0243489 -0.0012563 
v 0.00270213 -0.0243489 -0.000969832 
v 0.00279115 -0.0243489 -0.000671994 
v 0.00284744 -0.0243489 -0.000366279 
v 0.00305 -0.02285 -7.47035e-19 
v 0.00303212 -0.02285 0.000329763 
v 0.00297869 -0.02285 0.00065566 
v 0.00289034 -0.02285 0.00097387 
v 0.00276811 -0.02285 0.00128066 
v 0.00261341 -0.02285 0.00157244 
v 0.00242808 -0.02285 0.00184578 
v 0.00221429 -0.02285 0.00209748 
v 0.00197453 -0.02285 0.00232459 
v 0.00171162 -0.02285 0.00252445 
v 0.00142865 -0.02285 0.00269471 
v 0.00112892 -0.02285 0.00283338 
v 0.000815961 -0.02285 0.00293883 
v 0.000493435 -0.02285 0.00300982 
v 0.000165124 -0.02285 0.00304553 
v -0.000165124 -0.02285 0.00304553 
v -0.000493435 -0.02285 0.00300982 
v -0.000815961 -0.02285 0.00293883 
v -0.00112892 -0.02285 0.00283338 
v -0.00142865 -0.02285 0.00269471 
v -0.00171162 -0.02285 0.00252445 
v -0.00197453 -0.02285 0.00232459 
v -0.00221429 -0.02285 0.00209748 
v -0.00242808 -0.02285 0.00184578 
v -0.00261341 -0.02285 0.00157244 
v -0.00276811 -0.02285 0.00128066 
v -0.00289034 -0.02285 0.00097387 
v -0.00297869 -0.02285 0.00065566 
v -0.00303212 -0.02285 0.000329763 
v -0.00305 -0.02285 3.73517e-19 
v -0.00303212 -0.02285 -0.000329763 
v -0.00297869 -0.02285 -0.00065566 
v -0.00289034 -0.02285 -0.00097387 
v -0.00276811 -0.02285 -0.00128066 
v -0.00261341 -0.02285 -0.00157244 
v -0.00242808 -0.02285 -0.00184578 
v -0.00221429 -0.02285 -0.00209748 
v -0.00197453 -0.02285 -0.00232459 
v -0.00171162 -0.02285 -0.00252445 
v -0.00142865 -0.02285 -0.00269471 
v -0.00112892 -0.02285 -0.00283338 
v -0.000815961 -0.02285 -0.00293883 
v -0.000493435 -0.02285 -0.00300982 
v -0.000165124 -0.02285 -0.00304553 
v 0.000165124 -0.02285 -0.00304553 
v 0.000493435 -0.02285 -0.00300982 
v 0.000815961 -0.02285 -0.00293883 
v 0.00112892 -0.02285 -0.00283338 
v 0.00142865 -0.02285 -0.00269471 
v 0.00171162 -0.02285 -0.00252445 
v 0.00197453 -0.02285 -0.00232459 
v 0.00221429 -0.02285 -0.00209748 
v 0.00242808 -0.02285 -0.00184578 
v 0.00261341 -0.02285 -0.00157244 
v 0.00276811 -0.02285 -0.00128066 
v 0.00289034 -0.02285 -0.00097387 
v 0.00297869 -0.02285 -0.00065566 
v 0.00303212 -0.02285 -0.000329763 
v -0.00439314 -0.02285 0.000515554 
v -0.00434242 -0.02285 0.000419889 
v 0.00445391 -0.02285 0.000605174 
v -0.00292182 -0.02285 0.00747419 
v -0.00468881 -0.02285 0.000827689 
v -0.00445391 -0.02285 0.000605174 
v 0.004524 -0.02285 0.000687699 
v 0.00434242 -0.02285 0.000419889 
v 0.00439314 -0.02285 0.000515554 
v -0.00460261 -0.02285 0.000762162 
v -0.00498247 -0.02285 0.00096355 
v -0.0037128 -0.02285 0.00711448 
v -0.00446024 -0.02285 0.00667135 
v -0.004524 -0.02285 0.000687699 
v -0.00487986 -0.02285 0.000928977 
v -0.00508822 -0.02285 0.000986827 
v -0.0051554 -0.02285 0.00615 
v -0.00519586 -0.02285 0.000998533 
v -0.00579011 -0.02285 0.00555655 
v 0.00562014 -0.02285 0.000928977 
v 0.00571841 -0.02285 0.000883512 
v 0.00730505 -0.02285 0.00332218 
v 0.00551753 -0.02285 0.00096355 
v 0.00690304 -0.02285 0.00409252 
v -0.00530414 -0.02285 0.000998533 
v -0.00635693 -0.02285 0.00489796 
v -0.00551753 -0.02285 0.00096355 
v -0.00684923 -0.02285 0.00418194 
v -0.00562014 -0.02285 0.000928977 
v -0.00726123 -0.02285 0.0034169 
v 0.00642009 -0.02285 0.00481488 
v 0.00541178 -0.02285 0.000986827 
v 0.00530414 -0.02285 0.000998533 
v 0.00586188 -0.02285 0.00548079 
v 0.00519586 -0.02285 0.000998533 
v 0.00523494 -0.02285 0.00608244 
v 0.00468881 -0.02285 0.000827689 
v 0.00478159 -0.02285 0.000883512 
v 0.00134977 -0.02285 0.00791067 
v -0.00425586 -0.02285 0.000108119 
v -0.00478159 -0.02285 0.000883512 
v -0.00541178 -0.02285 0.000986827 
v -0.00581119 -0.02285 0.000827689 
v -0.00571841 -0.02285 0.000883512 
v 0.00454662 -0.02285 0.00661278 
v 0.00508822 -0.02285 0.000986827 
v 0.00498247 -0.02285 0.00096355 
v 0.003805 -0.02285 0.00706559 
v 0.00487986 -0.02285 0.000928977 
v 0.00301877 -0.02285 0.00743557 
v 0.00219715 -0.02285 0.00771837 
v 0.00048656 -0.02285 0.00801024 
v -0.00427338 -0.02285 0.00021497 
v 0.00460261 -0.02285 0.000762162 
v -0.00124678 -0.02285 0.00792756 
v 0.00798343 -0.02285 0.000815762 
v 0.00622662 -0.02285 0.00021497 
v 0.00624414 -0.02285 0.000108119 
v 0.00784843 -0.02285 0.00167414 
v 0.00604609 -0.02285 0.000605174 
v 0.00610686 -0.02285 0.000515554 
v 0.005976 -0.02285 0.000687699 
v 0.00581119 -0.02285 0.000827689 
v 0.00589739 -0.02285 0.000762162 
v 0.00762142 -0.02285 0.00251289 
v -0.000382352 -0.02285 0.00801589 
v -0.00425 -0.02285 -2.44929e-19 
v -0.00209659 -0.02285 0.00774628 
v -0.007826 -0.02285 0.00177606 
v -0.00797215 -0.02285 0.000919511 
v -0.00615758 -0.02285 0.000419889 
v -0.00460261 -0.02285 -0.000762162 
v 0.000382352 -0.02285 -0.00801589 
v 0.00802483 -0.02285 -5.21805e-05 
v -0.00430235 -0.02285 0.000319302 
v -0.00758809 -0.02285 0.00261179 
v -0.005976 -0.02285 0.000687699 
v -0.00610686 -0.02285 0.000515554 
v 0.005976 -0.02285 -0.000687699 
v 0.00758809 -0.02285 -0.00261179 
v 0.007826 -0.02285 -0.00177606 
v 0.00619765 -0.02285 0.000319302 
v 0.00615758 -0.02285 0.000419889 
v -0.00589739 -0.02285 0.000762162 
v -0.00604609 -0.02285 0.000605174 
v -0.00445391 -0.02285 -0.000605174 
v -0.004524 -0.02285 -0.000687699 
v 0.00551753 -0.02285 -0.00096355 
v 0.00635693 -0.02285 -0.00489796 
v 0.00684923 -0.02285 -0.00418194 
v 0.00562014 -0.02285 -0.000928977 
v 0.00726123 -0.02285 -0.0034169 
v 0.00581119 -0.02285 -0.000827689 
v 0.00604609 -0.02285 -0.000605174 
v 0.00797215 -0.02285 -0.000919511 
v 0.00615758 -0.02285 -0.000419889 
v 0.00624414 -0.02285 -0.000108119 
v 0.00622662 -0.02285 -0.00021497 
v 0.00425 -0.02285 1.22465e-19 
v 0.00425586 -0.02285 0.000108119 
v -0.00802483 -0.02285 5.21805e-05 
v -0.00624414 -0.02285 0.000108119 
v -0.00622662 -0.02285 0.00021497 
v -0.00625 -0.02285 1.22465e-19 
v -0.00468881 -0.02285 -0.000827689 
v -0.00478159 -0.02285 -0.000883512 
v -0.00134977 -0.02285 -0.00791067 
v -0.00439314 -0.02285 -0.000515554 
v -0.00425586 -0.02285 -0.000108119 
v 0.00530414 -0.02285 -0.000998533 
v 0.00579011 -0.02285 -0.00555655 
v 0.00571841 -0.02285 -0.000883512 
v 0.00589739 -0.02285 -0.000762162 
v 0.00610686 -0.02285 -0.000515554 
v 0.00625 -0.02285 -2.44929e-19 
v 0.00427338 -0.02285 0.00021497 
v -0.00802484 -0.02285 5.08009e-05 
v -0.00498247 -0.02285 -0.00096355 
v -0.00508822 -0.02285 -0.000986827 
v -0.003805 -0.02285 -0.00706559 
v -0.00487986 -0.02285 -0.000928977 
v -0.00301877 -0.02285 -0.00743557 
v -0.00219715 -0.02285 -0.00771837 
v -0.00048656 -0.02285 -0.00801024 
v -0.00434242 -0.02285 -0.000419889 
v 0.00541178 -0.02285 -0.000986827 
v 0.00619765 -0.02285 -0.000319302 
v 0.00430235 -0.02285 0.000319302 
v -0.00519586 -0.02285 -0.000998533 
v -0.00454662 -0.02285 -0.00661278 
v -0.00427338 -0.02285 -0.00021497 
v -0.00619765 -0.02285 0.000319302 
v -0.005976 -0.02285 -0.000687699 
v -0.00604609 -0.02285 -0.000605174 
v -0.00784843 -0.02285 -0.00167414 
v -0.00581119 -0.02285 -0.000827689 
v -0.00589739 -0.02285 -0.000762162 
v -0.00762142 -0.02285 -0.00251289 
v -0.00562014 -0.02285 -0.000928977 
v -0.00571841 -0.02285 -0.000883512 
v -0.00730505 -0.02285 -0.00332218 
v -0.00551753 -0.02285 -0.00096355 
v -0.00690304 -0.02285 -0.00409252 
v 0.00439314 -0.02285 -0.000515554 
v 0.00430235 -0.02285 -0.000319302 
v -0.00430235 -0.02285 -0.000319302 
v 0.00427338 -0.02285 -0.00021497 
v 0.00425586 -0.02285 -0.000108119 
v -0.00642009 -0.02285 -0.00481488 
v -0.00541178 -0.02285 -0.000986827 
v -0.00530414 -0.02285 -0.000998533 
v -0.00586188 -0.02285 -0.00548079 
v -0.00523494 -0.02285 -0.00608244 
v 0.00434242 -0.02285 -0.000419889 
v 0.00478159 -0.02285 -0.000883512 
v 0.00124678 -0.02285 -0.00792756 
v 0.00209659 -0.02285 -0.00774628 
v 0.00487986 -0.02285 -0.000928977 
v 0.00292182 -0.02285 -0.00747419 
v 0.00498247 -0.02285 -0.00096355 
v 0.0037128 -0.02285 -0.00711448 
v 0.00446024 -0.02285 -0.00667135 
v -0.00798343 -0.02285 -0.000815762 
v -0.00622662 -0.02285 -0.00021497 
v -0.00624414 -0.02285 -0.000108119 
v 0.004524 -0.02285 -0.000687699 
v 0.00445391 -0.02285 -0.000605174 
v 0.00468881 -0.02285 -0.000827689 
v 0.00460261 -0.02285 -0.000762162 
v 0.00508822 -0.02285 -0.000986827 
v 0.0051554 -0.02285 -0.00615 
v 0.00519586 -0.02285 -0.000998533 
v -0.00615758 -0.02285 -0.000419889 
v -0.00619765 -0.02285 -0.000319302 
v -0.00610686 -0.02285 -0.000515554 
v 0.00852218 -0.02235 -1.34409e-07 
v 0.00852482 -0.02235 -5.54317e-05 
v 0.00847224 -0.02235 0.000921276 
v 0.00848084 -0.02235 0.000866588 
v 0.00832297 -0.02235 0.00183189 
v 0.00833743 -0.02235 0.00177845 
v 0.00807612 -0.02235 0.00272102 
v 0.00809627 -0.02235 0.00266946 
v 0.00773458 -0.02235 0.00357825 
v 0.00776019 -0.02235 0.00352917 
v 0.00730236 -0.02235 0.00439353 
v 0.00733313 -0.02235 0.00434751 
v 0.00678453 -0.02235 0.0051573 
v 0.0068201 -0.02235 0.00511487 
v 0.00618716 -0.02235 0.0058606 
v 0.0062271 -0.02235 0.00582227 
v 0.00551725 -0.02235 0.0064952 
v 0.0055611 -0.02235 0.00646141 
v 0.00478265 -0.02235 0.00705364 
v 0.0048299 -0.02235 0.00702479 
v 0.00399198 -0.02235 0.00752939 
v 0.00404207 -0.02235 0.00750582 
v 0.00315451 -0.02235 0.00791686 
v 0.00320686 -0.02235 0.00789884 
v 0.00228005 -0.02235 0.00821151 
v 0.00233404 -0.02235 0.00819926 
v 0.00137887 -0.02235 0.00840989 
v 0.00143386 -0.02235 0.00840355 
v 0.000461516 -0.02235 0.00850968 
v 0.000516875 -0.02235 0.00850932 
v -0.000461247 -0.02235 0.00850969 
v -0.000406174 -0.02235 0.00851532 
v -0.0013786 -0.02235 0.00840994 
v -0.00132446 -0.02235 0.00842149 
v -0.0022798 -0.02235 0.00821158 
v -0.00222722 -0.02235 0.00822892 
v -0.00315426 -0.02235 0.00791696 
v -0.00310387 -0.02235 0.00793988 
v -0.00399174 -0.02235 0.00752951 
v -0.00394412 -0.02235 0.00755775 
v -0.00478243 -0.02235 0.00705379 
v -0.00473814 -0.02235 0.00708701 
v -0.00551704 -0.02235 0.00649537 
v -0.0054766 -0.02235 0.00653318 
v -0.00618697 -0.02235 0.0058608 
v -0.00615086 -0.02235 0.00590276 
v -0.00678437 -0.02235 0.00515751 
v -0.006753 -0.02235 0.00520313 
v -0.00730222 -0.02235 0.00439376 
v -0.00727597 -0.02235 0.0044425 
v -0.00773447 -0.02235 0.00357849 
v -0.00771364 -0.02235 0.00362979 
v -0.00807603 -0.02235 0.00272127 
v -0.00806087 -0.02235 0.00277452 
v -0.00832291 -0.02235 0.00183215 
v -0.0083136 -0.02235 0.00188672 
v -0.00847221 -0.02235 0.000921544 
v -0.00846885 -0.02235 0.000976802 
v -0.008525 -0.02235 6.07771e-16 
v -0.00852482 -0.02235 5.54317e-05 
v -0.00847224 -0.02235 -0.000921276 
v -0.00848084 -0.02235 -0.000866588 
v -0.00832297 -0.02235 -0.00183189 
v -0.00833743 -0.02235 -0.00177845 
v -0.00807612 -0.02235 -0.00272102 
v -0.00809627 -0.02235 -0.00266946 
v -0.00773458 -0.02235 -0.00357825 
v -0.00776019 -0.02235 -0.00352917 
v -0.00730236 -0.02235 -0.00439353 
v -0.00733313 -0.02235 -0.00434751 
v -0.00678453 -0.02235 -0.0051573 
v -0.0068201 -0.02235 -0.00511487 
v -0.00618716 -0.02235 -0.0058606 
v -0.0062271 -0.02235 -0.00582227 
v -0.00551725 -0.02235 -0.0064952 
v -0.0055611 -0.02235 -0.00646141 
v -0.00478265 -0.02235 -0.00705364 
v -0.0048299 -0.02235 -0.00702479 
v -0.00399198 -0.02235 -0.00752939 
v -0.00404207 -0.02235 -0.00750582 
v -0.00315451 -0.02235 -0.00791686 
v -0.00320686 -0.02235 -0.00789884 
v -0.00228005 -0.02235 -0.00821151 
v -0.00233404 -0.02235 -0.00819926 
v -0.00137887 -0.02235 -0.00840989 
v -0.00143386 -0.02235 -0.00840355 
v -0.000461516 -0.02235 -0.00850968 
v -0.000516875 -0.02235 -0.00850932 
v 0.000461247 -0.02235 -0.00850969 
v 0.000406174 -0.02235 -0.00851532 
v 0.0013786 -0.02235 -0.00840994 
v 0.00132446 -0.02235 -0.00842149 
v 0.0022798 -0.02235 -0.00821158 
v 0.00222722 -0.02235 -0.00822892 
v 0.00315426 -0.02235 -0.00791696 
v 0.00310387 -0.02235 -0.00793988 
v 0.00399174 -0.02235 -0.00752951 
v 0.00394412 -0.02235 -0.00755775 
v 0.00478243 -0.02235 -0.00705379 
v 0.00473814 -0.02235 -0.00708701 
v 0.00551704 -0.02235 -0.00649537 
v 0.0054766 -0.02235 -0.00653318 
v 0.00618697 -0.02235 -0.0058608 
v 0.00615086 -0.02235 -0.00590276 
v 0.00678437 -0.02235 -0.00515751 
v 0.006753 -0.02235 -0.00520313 
v 0.00730222 -0.02235 -0.00439376 
v 0.00727597 -0.02235 -0.0044425 
v 0.00773447 -0.02235 -0.00357849 
v 0.00771364 -0.02235 -0.00362979 
v 0.00807603 -0.02235 -0.00272127 
v 0.00806087 -0.02235 -0.00277452 
v 0.00832291 -0.02235 -0.00183215 
v 0.0083136 -0.02235 -0.00188672 
v 0.00847221 -0.02235 -0.000921544 
v 0.00846885 -0.02235 -0.000976802 
v 0.00847812 -0.0224023 0.00086631 
v 0.00852208 -0.0224023 -5.54139e-05 
v 0.00833475 -0.0224023 0.00177788 
v 0.00809367 -0.0224023 0.0026686 
v 0.0077577 -0.0224023 0.00352804 
v 0.00733077 -0.0224023 0.00434611 
v 0.0068179 -0.0224023 0.00511323 
v 0.0062251 -0.0224023 0.0058204 
v 0.00555931 -0.0224023 0.00645933 
v 0.00482835 -0.0224023 0.00702253 
v 0.00404077 -0.0224023 0.0075034 
v 0.00320583 -0.0224023 0.0078963 
v 0.00233329 -0.0224023 0.00819663 
v 0.0014334 -0.0224023 0.00840085 
v 0.000516709 -0.0224023 0.00850658 
v -0.000406044 -0.0224023 0.00851258 
v -0.00132404 -0.0224023 0.00841878 
v -0.0022265 -0.0224023 0.00822628 
v -0.00310287 -0.0224023 0.00793733 
v -0.00394286 -0.0224023 0.00755532 
v -0.00473662 -0.0224023 0.00708473 
v -0.00547484 -0.0224023 0.00653108 
v -0.00614888 -0.0224023 0.00590086 
v -0.00675083 -0.0224023 0.00520146 
v -0.00727364 -0.0224023 0.00444107 
v -0.00771116 -0.0224023 0.00362862 
v -0.00805828 -0.0224023 0.00277363 
v -0.00831093 -0.0224023 0.00188611 
v -0.00846613 -0.0224023 0.000976488 
v -0.00852208 -0.0224023 5.54139e-05 
v -0.00847812 -0.0224023 -0.00086631 
v -0.00833475 -0.0224023 -0.00177788 
v -0.00809367 -0.0224023 -0.0026686 
v -0.0077577 -0.0224023 -0.00352804 
v -0.00733077 -0.0224023 -0.00434611 
v -0.0068179 -0.0224023 -0.00511323 
v -0.0062251 -0.0224023 -0.0058204 
v -0.00555931 -0.0224023 -0.00645933 
v -0.00482835 -0.0224023 -0.00702253 
v -0.00404077 -0.0224023 -0.0075034 
v -0.00320583 -0.0224023 -0.0078963 
v -0.00233329 -0.0224023 -0.00819663 
v -0.0014334 -0.0224023 -0.00840085 
v -0.000516709 -0.0224023 -0.00850658 
v 0.000406044 -0.0224023 -0.00851258 
v 0.00132404 -0.0224023 -0.00841878 
v 0.0022265 -0.0224023 -0.00822628 
v 0.00310287 -0.0224023 -0.00793733 
v 0.00394286 -0.0224023 -0.00755532 
v 0.00473662 -0.0224023 -0.00708473 
v 0.00547484 -0.0224023 -0.00653108 
v 0.00614888 -0.0224023 -0.00590086 
v 0.00675083 -0.0224023 -0.00520146 
v 0.00727364 -0.0224023 -0.00444107 
v 0.00771116 -0.0224023 -0.00362862 
v 0.00805828 -0.0224023 -0.00277363 
v 0.00831093 -0.0224023 -0.00188611 
v 0.00846613 -0.0224023 -0.000976488 
v 0.00851389 -0.022454 -5.53606e-05 
v 0.00846997 -0.022454 0.000865478 
v 0.00832674 -0.022454 0.00177617 
v 0.0080859 -0.022454 0.00266604 
v 0.00775025 -0.022454 0.00352465 
v 0.00732373 -0.022454 0.00434193 
v 0.00681135 -0.022454 0.00510832 
v 0.00621912 -0.022454 0.00581481 
v 0.00555397 -0.022454 0.00645313 
v 0.00482371 -0.022454 0.00701579 
v 0.00403689 -0.022454 0.0074962 
v 0.00320275 -0.022454 0.00788872 
v 0.00233105 -0.022454 0.00818875 
v 0.00143203 -0.022454 0.00839278 
v 0.000516212 -0.022454 0.00849841 
v -0.000405653 -0.022454 0.0085044 
v -0.00132276 -0.022454 0.00841069 
v -0.00222437 -0.022454 0.00821837 
v -0.00309989 -0.022454 0.0079297 
v -0.00393907 -0.022454 0.00754806 
v -0.00473207 -0.022454 0.00707792 
v -0.00546958 -0.022454 0.00652481 
v -0.00614298 -0.022454 0.00589519 
v -0.00674435 -0.022454 0.00519646 
v -0.00726665 -0.022454 0.00443681 
v -0.00770376 -0.022454 0.00362514 
v -0.00805054 -0.022454 0.00277096 
v -0.00830294 -0.022454 0.0018843 
v -0.008458 -0.022454 0.00097555 
v -0.00851389 -0.022454 5.53606e-05 
v -0.00846997 -0.022454 -0.000865478 
v -0.00832674 -0.022454 -0.00177617 
v -0.0080859 -0.022454 -0.00266604 
v -0.00775025 -0.022454 -0.00352465 
v -0.00732373 -0.022454 -0.00434193 
v -0.00681135 -0.022454 -0.00510832 
v -0.00621912 -0.022454 -0.00581481 
v -0.00555397 -0.022454 -0.00645313 
v -0.00482371 -0.022454 -0.00701579 
v -0.00403689 -0.022454 -0.0074962 
v -0.00320275 -0.022454 -0.00788872 
v -0.00233105 -0.022454 -0.00818875 
v -0.00143203 -0.022454 -0.00839278 
v -0.000516212 -0.022454 -0.00849841 
v 0.000405653 -0.022454 -0.0085044 
v 0.00132276 -0.022454 -0.00841069 
v 0.00222437 -0.022454 -0.00821837 
v 0.00309989 -0.022454 -0.0079297 
v 0.00393907 -0.022454 -0.00754806 
v 0.00473207 -0.022454 -0.00707792 
v 0.00546958 -0.022454 -0.00652481 
v 0.00614298 -0.022454 -0.00589519 
v 0.00674435 -0.022454 -0.00519646 
v 0.00726665 -0.022454 -0.00443681 
v 0.00770376 -0.022454 -0.00362514 
v 0.00805054 -0.022454 -0.00277096 
v 0.00830294 -0.022454 -0.0018843 
v 0.008458 -0.022454 -0.00097555 
v 0.00850035 -0.0225045 -5.52725e-05 
v 0.0084565 -0.0225045 0.000864101 
v 0.0083135 -0.0225045 0.00177334 
v 0.00807303 -0.0225045 0.0026618 
v 0.00773792 -0.0225045 0.00351904 
v 0.00731208 -0.0225045 0.00433503 
v 0.00680052 -0.0225045 0.00510019 
v 0.00620923 -0.0225045 0.00580556 
v 0.00554514 -0.0225045 0.00644286 
v 0.00481603 -0.0225045 0.00700463 
v 0.00403047 -0.0225045 0.00748427 
v 0.00319765 -0.0225045 0.00787617 
v 0.00232734 -0.0225045 0.00817572 
v 0.00142975 -0.0225045 0.00837943 
v 0.000515391 -0.0225045 0.00848489 
v -0.000405008 -0.0225045 0.00849087 
v -0.00132066 -0.0225045 0.00839731 
v -0.00222083 -0.0225045 0.0082053 
v -0.00309496 -0.0225045 0.00791708 
v -0.0039328 -0.0225045 0.00753605 
v -0.00472454 -0.0225045 0.00706666 
v -0.00546088 -0.0225045 0.00651443 
v -0.0061332 -0.0225045 0.00588581 
v -0.00673362 -0.0225045 0.00518819 
v -0.00725509 -0.0225045 0.00442975 
v -0.0076915 -0.0225045 0.00361937 
v -0.00803773 -0.0225045 0.00276655 
v -0.00828973 -0.0225045 0.0018813 
v -0.00844454 -0.0225045 0.000973998 
v -0.00850035 -0.0225045 5.52725e-05 
v -0.0084565 -0.0225045 -0.000864101 
v -0.0083135 -0.0225045 -0.00177334 
v -0.00807303 -0.0225045 -0.0026618 
v -0.00773792 -0.0225045 -0.00351904 
v -0.00731208 -0.0225045 -0.00433503 
v -0.00680052 -0.0225045 -0.00510019 
v -0.00620923 -0.0225045 -0.00580556 
v -0.00554514 -0.0225045 -0.00644286 
v -0.00481603 -0.0225045 -0.00700463 
v -0.00403047 -0.0225045 -0.00748427 
v -0.00319765 -0.0225045 -0.00787617 
v -0.00232734 -0.0225045 -0.00817572 
v -0.00142975 -0.0225045 -0.00837943 
v -0.000515391 -0.0225045 -0.00848489 
v 0.000405008 -0.0225045 -0.00849087 
v 0.00132066 -0.0225045 -0.00839731 
v 0.00222083 -0.0225045 -0.0082053 
v 0.00309496 -0.0225045 -0.00791708 
v 0.0039328 -0.0225045 -0.00753605 
v 0.00472454 -0.0225045 -0.00706666 
v 0.00546088 -0.0225045 -0.00651443 
v 0.0061332 -0.0225045 -0.00588581 
v 0.00673362 -0.0225045 -0.00518819 
v 0.00725509 -0.0225045 -0.00442975 
v 0.0076915 -0.0225045 -0.00361937 
v 0.00803773 -0.0225045 -0.00276655 
v 0.00828973 -0.0225045 -0.0018813 
v 0.00844454 -0.0225045 -0.000973998 
v 0.00848159 -0.0225534 -5.51506e-05 
v 0.00843784 -0.0225534 0.000862194 
v 0.00829515 -0.0225534 0.00176943 
v 0.00805522 -0.0225534 0.00265592 
v 0.00772084 -0.0225534 0.00351128 
v 0.00729595 -0.0225534 0.00432546 
v 0.00678551 -0.0225534 0.00508894 
v 0.00619553 -0.0225534 0.00579275 
v 0.0055329 -0.0225534 0.00642864 
v 0.00480541 -0.0225534 0.00698917 
v 0.00402158 -0.0225534 0.00746776 
v 0.00319059 -0.0225534 0.00785879 
v 0.00232221 -0.0225534 0.00815768 
v 0.00142659 -0.0225534 0.00836094 
v 0.000514254 -0.0225534 0.00846617 
v -0.000404115 -0.0225534 0.00847214 
v -0.00131775 -0.0225534 0.00837878 
v -0.00221593 -0.0225534 0.00818719 
v -0.00308813 -0.0225534 0.00789962 
v -0.00392412 -0.0225534 0.00751942 
v -0.00471411 -0.0225534 0.00705107 
v -0.00544883 -0.0225534 0.00650005 
v -0.00611967 -0.0225534 0.00587283 
v -0.00671876 -0.0225534 0.00517675 
v -0.00723908 -0.0225534 0.00441997 
v -0.00767453 -0.0225534 0.00361138 
v -0.00802 -0.0225534 0.00276045 
v -0.00827144 -0.0225534 0.00187715 
v -0.00842591 -0.0225534 0.000971849 
v -0.00848159 -0.0225534 5.51506e-05 
v -0.00843784 -0.0225534 -0.000862194 
v -0.00829515 -0.0225534 -0.00176943 
v -0.00805522 -0.0225534 -0.00265592 
v -0.00772084 -0.0225534 -0.00351128 
v -0.00729595 -0.0225534 -0.00432546 
v -0.00678551 -0.0225534 -0.00508894 
v -0.00619553 -0.0225534 -0.00579275 
v -0.0055329 -0.0225534 -0.00642864 
v -0.00480541 -0.0225534 -0.00698917 
v -0.00402158 -0.0225534 -0.00746776 
v -0.00319059 -0.0225534 -0.00785879 
v -0.00232221 -0.0225534 -0.00815768 
v -0.00142659 -0.0225534 -0.00836094 
v -0.000514254 -0.0225534 -0.00846617 
v 0.000404115 -0.0225534 -0.00847214 
v 0.00131775 -0.0225534 -0.00837878 
v 0.00221593 -0.0225534 -0.00818719 
v 0.00308813 -0.0225534 -0.00789962 
v 0.00392412 -0.0225534 -0.00751942 
v 0.00471411 -0.0225534 -0.00705107 
v 0.00544883 -0.0225534 -0.00650005 
v 0.00611967 -0.0225534 -0.00587283 
v 0.00671876 -0.0225534 -0.00517675 
v 0.00723908 -0.0225534 -0.00441997 
v 0.00767453 -0.0225534 -0.00361138 
v 0.00802 -0.0225534 -0.00276045 
v 0.00827144 -0.0225534 -0.00187715 
v 0.00842591 -0.0225534 -0.000971849 
v 0.00845783 -0.0226 -5.49961e-05 
v 0.0084142 -0.0226 0.000859779 
v 0.00827192 -0.0226 0.00176447 
v 0.00803265 -0.0226 0.00264848 
v 0.00769921 -0.0226 0.00350144 
v 0.00727551 -0.0226 0.00431335 
v 0.00676651 -0.0226 0.00507468 
v 0.00617817 -0.0226 0.00577652 
v 0.0055174 -0.0226 0.00641064 
v 0.00479195 -0.0226 0.00696959 
v 0.00401031 -0.0226 0.00744684 
v 0.00318166 -0.0226 0.00783677 
v 0.0023157 -0.0226 0.00813483 
v 0.0014226 -0.0226 0.00833752 
v 0.000512813 -0.0226 0.00844245 
v -0.000402982 -0.0226 0.00844841 
v -0.00131405 -0.0226 0.00835531 
v -0.00220972 -0.0226 0.00816426 
v -0.00307948 -0.0226 0.00787749 
v -0.00391313 -0.0226 0.00749836 
v -0.00470091 -0.0226 0.00703132 
v -0.00543357 -0.0226 0.00648184 
v -0.00610253 -0.0226 0.00585637 
v -0.00669994 -0.0226 0.00516225 
v -0.0072188 -0.0226 0.00440759 
v -0.00765303 -0.0226 0.00360127 
v -0.00799753 -0.0226 0.00275272 
v -0.00824827 -0.0226 0.00187189 
v -0.00840231 -0.0226 0.000969126 
v -0.00845783 -0.0226 5.49961e-05 
v -0.0084142 -0.0226 -0.000859779 
v -0.00827192 -0.0226 -0.00176447 
v -0.00803265 -0.0226 -0.00264848 
v -0.00769921 -0.0226 -0.00350144 
v -0.00727551 -0.0226 -0.00431335 
v -0.00676651 -0.0226 -0.00507468 
v -0.00617817 -0.0226 -0.00577652 
v -0.0055174 -0.0226 -0.00641064 
v -0.00479195 -0.0226 -0.00696959 
v -0.00401031 -0.0226 -0.00744684 
v -0.00318166 -0.0226 -0.00783677 
v -0.0023157 -0.0226 -0.00813483 
v -0.0014226 -0.0226 -0.00833752 
v -0.000512813 -0.0226 -0.00844245 
v 0.000402982 -0.0226 -0.00844841 
v 0.00131405 -0.0226 -0.00835531 
v 0.00220972 -0.0226 -0.00816426 
v 0.00307948 -0.0226 -0.00787749 
v 0.00391313 -0.0226 -0.00749836 
v 0.00470091 -0.0226 -0.00703132 
v 0.00543357 -0.0226 -0.00648184 
v 0.00610253 -0.0226 -0.00585637 
v 0.00669994 -0.0226 -0.00516225 
v 0.0072188 -0.0226 -0.00440759 
v 0.00765303 -0.0226 -0.00360127 
v 0.00799753 -0.0226 -0.00275272 
v 0.00824827 -0.0226 -0.00187189 
v 0.00840231 -0.0226 -0.000969126 
v 0.00842933 -0.0226439 -5.48108e-05 
v 0.00838584 -0.0226439 0.000856881 
v 0.00824404 -0.0226439 0.00175853 
v 0.00800558 -0.0226439 0.00263956 
v 0.00767327 -0.0226439 0.00348964 
v 0.00725099 -0.0226439 0.00429881 
v 0.0067437 -0.0226439 0.00505758 
v 0.00615735 -0.0226439 0.00575705 
v 0.00549881 -0.0226439 0.00638903 
v 0.0047758 -0.0226439 0.0069461 
v 0.0039968 -0.0226439 0.00742174 
v 0.00317093 -0.0226439 0.00781036 
v 0.0023079 -0.0226439 0.00810742 
v 0.0014178 -0.0226439 0.00830942 
v 0.000511085 -0.0226439 0.008414 
v -0.000401624 -0.0226439 0.00841994 
v -0.00130963 -0.0226439 0.00832715 
v -0.00220227 -0.0226439 0.00813674 
v -0.0030691 -0.0226439 0.00785094 
v -0.00389994 -0.0226439 0.00747309 
v -0.00468506 -0.0226439 0.00700762 
v -0.00541526 -0.0226439 0.00646 
v -0.00608196 -0.0226439 0.00583664 
v -0.00667736 -0.0226439 0.00514485 
v -0.00719447 -0.0226439 0.00439274 
v -0.00762724 -0.0226439 0.00358913 
v -0.00797058 -0.0226439 0.00274344 
v -0.00822047 -0.0226439 0.00186559 
v -0.00837399 -0.0226439 0.00096586 
v -0.00842933 -0.0226439 5.48108e-05 
v -0.00838584 -0.0226439 -0.000856881 
v -0.00824404 -0.0226439 -0.00175853 
v -0.00800558 -0.0226439 -0.00263956 
v -0.00767327 -0.0226439 -0.00348964 
v -0.00725099 -0.0226439 -0.00429881 
v -0.0067437 -0.0226439 -0.00505758 
v -0.00615735 -0.0226439 -0.00575705 
v -0.00549881 -0.0226439 -0.00638903 
v -0.0047758 -0.0226439 -0.0069461 
v -0.0039968 -0.0226439 -0.00742174 
v -0.00317093 -0.0226439 -0.00781036 
v -0.0023079 -0.0226439 -0.00810742 
v -0.0014178 -0.0226439 -0.00830942 
v -0.000511085 -0.0226439 -0.008414 
v 0.000401624 -0.0226439 -0.00841994 
v 0.00130963 -0.0226439 -0.00832715 
v 0.00220227 -0.0226439 -0.00813674 
v 0.0030691 -0.0226439 -0.00785094 
v 0.00389994 -0.0226439 -0.00747309 
v 0.00468506 -0.0226439 -0.00700762 
v 0.00541526 -0.0226439 -0.00646 
v 0.00608196 -0.0226439 -0.00583664 
v 0.00667736 -0.0226439 -0.00514485 
v 0.00719447 -0.0226439 -0.00439274 
v 0.00762724 -0.0226439 -0.00358913 
v 0.00797058 -0.0226439 -0.00274344 
v 0.00822047 -0.0226439 -0.00186559 
v 0.00837399 -0.0226439 -0.00096586 
v 0.00839639 -0.0226846 -5.45966e-05 
v 0.00835308 -0.0226846 0.000853533 
v 0.00821183 -0.0226846 0.00175166 
v 0.0079743 -0.0226846 0.00262924 
v 0.00764329 -0.0226846 0.003476 
v 0.00722266 -0.0226846 0.00428201 
v 0.00671735 -0.0226846 0.00503782 
v 0.00613329 -0.0226846 0.00573456 
v 0.00547732 -0.0226846 0.00636407 
v 0.00475714 -0.0226846 0.00691896 
v 0.00398118 -0.0226846 0.00739274 
v 0.00315855 -0.0226846 0.00777985 
v 0.00229888 -0.0226846 0.00807574 
v 0.00141226 -0.0226846 0.00827695 
v 0.000509088 -0.0226846 0.00838113 
v -0.000400055 -0.0226846 0.00838704 
v -0.00130451 -0.0226846 0.00829462 
v -0.00219367 -0.0226846 0.00810495 
v -0.00305711 -0.0226846 0.00782026 
v -0.00388471 -0.0226846 0.00744389 
v -0.00466676 -0.0226846 0.00698024 
v -0.0053941 -0.0226846 0.00643476 
v -0.0060582 -0.0226846 0.00581383 
v -0.00665127 -0.0226846 0.00512475 
v -0.00716636 -0.0226846 0.00437558 
v -0.00759744 -0.0226846 0.00357511 
v -0.00793944 -0.0226846 0.00273272 
v -0.00818836 -0.0226846 0.0018583 
v -0.00834127 -0.0226846 0.000962087 
v -0.00839639 -0.0226846 5.45966e-05 
v -0.00835308 -0.0226846 -0.000853533 
v -0.00821183 -0.0226846 -0.00175166 
v -0.0079743 -0.0226846 -0.00262924 
v -0.00764329 -0.0226846 -0.003476 
v -0.00722266 -0.0226846 -0.00428201 
v -0.00671735 -0.0226846 -0.00503782 
v -0.00613329 -0.0226846 -0.00573456 
v -0.00547732 -0.0226846 -0.00636407 
v -0.00475714 -0.0226846 -0.00691896 
v -0.00398118 -0.0226846 -0.00739274 
v -0.00315855 -0.0226846 -0.00777985 
v -0.00229888 -0.0226846 -0.00807574 
v -0.00141226 -0.0226846 -0.00827695 
v -0.000509088 -0.0226846 -0.00838113 
v 0.000400055 -0.0226846 -0.00838704 
v 0.00130451 -0.0226846 -0.00829462 
v 0.00219367 -0.0226846 -0.00810495 
v 0.00305711 -0.0226846 -0.00782026 
v 0.00388471 -0.0226846 -0.00744389 
v 0.00466676 -0.0226846 -0.00698024 
v 0.0053941 -0.0226846 -0.00643476 
v 0.0060582 -0.0226846 -0.00581383 
v 0.00665127 -0.0226846 -0.00512475 
v 0.00716636 -0.0226846 -0.00437558 
v 0.00759744 -0.0226846 -0.00357511 
v 0.00793944 -0.0226846 -0.00273272 
v 0.00818836 -0.0226846 -0.0018583 
v 0.00834127 -0.0226846 -0.000962087 
v 0.00835939 -0.0227216 -5.4356e-05 
v 0.00831626 -0.0227216 0.000849772 
v 0.00817564 -0.0227216 0.00174394 
v 0.00793916 -0.0227216 0.00261765 
v 0.0076096 -0.0227216 0.00346068 
v 0.00719083 -0.0227216 0.00426314 
v 0.00668775 -0.0227216 0.00501561 
v 0.00610626 -0.0227216 0.00570928 
v 0.00545318 -0.0227216 0.00633602 
v 0.00473617 -0.0227216 0.00688847 
v 0.00396363 -0.0227216 0.00736016 
v 0.00314462 -0.0227216 0.00774556 
v 0.00228875 -0.0227216 0.00804015 
v 0.00140604 -0.0227216 0.00824047 
v 0.000506844 -0.0227216 0.00834419 
v -0.000398292 -0.0227216 0.00835007 
v -0.00129876 -0.0227216 0.00825806 
v -0.002184 -0.0227216 0.00806923 
v -0.00304363 -0.0227216 0.0077858 
v -0.00386758 -0.0227216 0.00741108 
v -0.00464619 -0.0227216 0.00694948 
v -0.00537033 -0.0227216 0.0064064 
v -0.0060315 -0.0227216 0.00578821 
v -0.00662196 -0.0227216 0.00510216 
v -0.00713478 -0.0227216 0.00435629 
v -0.00756395 -0.0227216 0.00355935 
v -0.00790445 -0.0227216 0.00272068 
v -0.00815227 -0.0227216 0.00185011 
v -0.00830451 -0.0227216 0.000957846 
v -0.00835939 -0.0227216 5.4356e-05 
v -0.00831626 -0.0227216 -0.000849772 
v -0.00817564 -0.0227216 -0.00174394 
v -0.00793916 -0.0227216 -0.00261765 
v -0.0076096 -0.0227216 -0.00346068 
v -0.00719083 -0.0227216 -0.00426314 
v -0.00668775 -0.0227216 -0.00501561 
v -0.00610626 -0.0227216 -0.00570928 
v -0.00545318 -0.0227216 -0.00633602 
v -0.00473617 -0.0227216 -0.00688847 
v -0.00396363 -0.0227216 -0.00736016 
v -0.00314462 -0.0227216 -0.00774556 
v -0.00228875 -0.0227216 -0.00804015 
v -0.00140604 -0.0227216 -0.00824047 
v -0.000506844 -0.0227216 -0.00834419 
v 0.000398292 -0.0227216 -0.00835007 
v 0.00129876 -0.0227216 -0.00825806 
v 0.002184 -0.0227216 -0.00806923 
v 0.00304363 -0.0227216 -0.0077858 
v 0.00386758 -0.0227216 -0.00741108 
v 0.00464619 -0.0227216 -0.00694948 
v 0.00537033 -0.0227216 -0.0064064 
v 0.0060315 -0.0227216 -0.00578821 
v 0.00662196 -0.0227216 -0.00510216 
v 0.00713478 -0.0227216 -0.00435629 
v 0.00756395 -0.0227216 -0.00355935 
v 0.00790445 -0.0227216 -0.00272068 
v 0.00815227 -0.0227216 -0.00185011 
v 0.00830451 -0.0227216 -0.000957846 
v 0.00831872 -0.0227545 -5.40915e-05 
v 0.0082758 -0.0227545 0.000845637 
v 0.00813586 -0.0227545 0.00173545 
v 0.00790053 -0.0227545 0.00260492 
v 0.00757258 -0.0227545 0.00344385 
v 0.00715584 -0.0227545 0.0042424 
v 0.00665521 -0.0227545 0.00499121 
v 0.00607655 -0.0227545 0.00568151 
v 0.00542665 -0.0227545 0.00630519 
v 0.00471313 -0.0227545 0.00685495 
v 0.00394435 -0.0227545 0.00732435 
v 0.00312932 -0.0227545 0.00770787 
v 0.00227761 -0.0227545 0.00800103 
v 0.0013992 -0.0227545 0.00820038 
v 0.000504378 -0.0227545 0.00830359 
v -0.000396354 -0.0227545 0.00830945 
v -0.00129244 -0.0227545 0.00821788 
v -0.00217337 -0.0227545 0.00802997 
v -0.00302882 -0.0227545 0.00774792 
v -0.00384877 -0.0227545 0.00737502 
v -0.00462359 -0.0227545 0.00691567 
v -0.0053442 -0.0227545 0.00637523 
v -0.00600215 -0.0227545 0.00576005 
v -0.00658974 -0.0227545 0.00507733 
v -0.00710007 -0.0227545 0.0043351 
v -0.00752715 -0.0227545 0.00354203 
v -0.00786599 -0.0227545 0.00270744 
v -0.0081126 -0.0227545 0.00184111 
v -0.0082641 -0.0227545 0.000953186 
v -0.00831872 -0.0227545 5.40915e-05 
v -0.0082758 -0.0227545 -0.000845637 
v -0.00813586 -0.0227545 -0.00173545 
v -0.00790053 -0.0227545 -0.00260492 
v -0.00757258 -0.0227545 -0.00344385 
v -0.00715584 -0.0227545 -0.0042424 
v -0.00665521 -0.0227545 -0.00499121 
v -0.00607655 -0.0227545 -0.00568151 
v -0.00542665 -0.0227545 -0.00630519 
v -0.00471313 -0.0227545 -0.00685495 
v -0.00394435 -0.0227545 -0.00732435 
v -0.00312932 -0.0227545 -0.00770787 
v -0.00227761 -0.0227545 -0.00800103 
v -0.0013992 -0.0227545 -0.00820038 
v -0.000504378 -0.0227545 -0.00830359 
v 0.000396354 -0.0227545 -0.00830945 
v 0.00129244 -0.0227545 -0.00821788 
v 0.00217337 -0.0227545 -0.00802997 
v 0.00302882 -0.0227545 -0.00774792 
v 0.00384877 -0.0227545 -0.00737502 
v 0.00462359 -0.0227545 -0.00691567 
v 0.0053442 -0.0227545 -0.00637523 
v 0.00600215 -0.0227545 -0.00576005 
v 0.00658974 -0.0227545 -0.00507733 
v 0.00710007 -0.0227545 -0.0043351 
v 0.00752715 -0.0227545 -0.00354203 
v 0.00786599 -0.0227545 -0.00270744 
v 0.0081126 -0.0227545 -0.00184111 
v 0.0082641 -0.0227545 -0.000953186 
v 0.00827483 -0.022783 -5.38061e-05 
v 0.00823214 -0.022783 0.000841175 
v 0.00809293 -0.022783 0.00172629 
v 0.00785884 -0.022783 0.00259117 
v 0.00753262 -0.022783 0.00342568 
v 0.00711808 -0.022783 0.00422001 
v 0.00662009 -0.022783 0.00496488 
v 0.00604449 -0.022783 0.00565153 
v 0.00539802 -0.022783 0.00627192 
v 0.00468826 -0.022783 0.00681879 
v 0.00392354 -0.022783 0.0072857 
v 0.00311281 -0.022783 0.0076672 
v 0.0022656 -0.022783 0.00795881 
v 0.00139182 -0.022783 0.00815711 
v 0.000501717 -0.022783 0.00825978 
v -0.000394263 -0.022783 0.0082656 
v -0.00128562 -0.022783 0.00817452 
v -0.00216191 -0.022783 0.0079876 
v -0.00301284 -0.022783 0.00770704 
v -0.00382846 -0.022783 0.00733611 
v -0.00459919 -0.022783 0.00687918 
v -0.005316 -0.022783 0.00634159 
v -0.00597048 -0.022783 0.00572966 
v -0.00655497 -0.022783 0.00505055 
v -0.0070626 -0.022783 0.00431222 
v -0.00748744 -0.022783 0.00352334 
v -0.00782448 -0.022783 0.00269315 
v -0.0080698 -0.022783 0.00183139 
v -0.0082205 -0.022783 0.000948157 
v -0.00827483 -0.022783 5.38061e-05 
v -0.00823214 -0.022783 -0.000841175 
v -0.00809293 -0.022783 -0.00172629 
v -0.00785884 -0.022783 -0.00259117 
v -0.00753262 -0.022783 -0.00342568 
v -0.00711808 -0.022783 -0.00422001 
v -0.00662009 -0.022783 -0.00496488 
v -0.00604449 -0.022783 -0.00565153 
v -0.00539802 -0.022783 -0.00627192 
v -0.00468826 -0.022783 -0.00681879 
v -0.00392354 -0.022783 -0.0072857 
v -0.00311281 -0.022783 -0.0076672 
v -0.0022656 -0.022783 -0.00795881 
v -0.00139182 -0.022783 -0.00815711 
v -0.000501717 -0.022783 -0.00825978 
v 0.000394263 -0.022783 -0.0082656 
v 0.00128562 -0.022783 -0.00817452 
v 0.00216191 -0.022783 -0.0079876 
v 0.00301284 -0.022783 -0.00770704 
v 0.00382846 -0.022783 -0.00733611 
v 0.00459919 -0.022783 -0.00687918 
v 0.005316 -0.022783 -0.00634159 
v 0.00597048 -0.022783 -0.00572966 
v 0.00655497 -0.022783 -0.00505055 
v 0.0070626 -0.022783 -0.00431222 
v 0.00748744 -0.022783 -0.00352334 
v 0.00782448 -0.022783 -0.00269315 
v 0.0080698 -0.022783 -0.00183139 
v 0.0082205 -0.022783 -0.000948157 
v 0.00822819 -0.0228068 -5.35029e-05 
v 0.00818575 -0.0228068 0.000836435 
v 0.00804733 -0.0228068 0.00171657 
v 0.00781456 -0.0228068 0.00257657 
v 0.00749017 -0.0228068 0.00340637 
v 0.00707797 -0.0228068 0.00419623 
v 0.00658279 -0.0228068 0.0049369 
v 0.00601043 -0.0228068 0.00561968 
v 0.0053676 -0.0228068 0.00623658 
v 0.00466184 -0.0228068 0.00678036 
v 0.00390143 -0.0228068 0.00724465 
v 0.00309527 -0.0228068 0.007624 
v 0.00225283 -0.0228068 0.00791396 
v 0.00138397 -0.0228068 0.00811114 
v 0.00049889 -0.0228068 0.00821323 
v -0.000392041 -0.0228068 0.00821902 
v -0.00127838 -0.0228068 0.00812846 
v -0.00214972 -0.0228068 0.00794259 
v -0.00299587 -0.0228068 0.0076636 
v -0.00380689 -0.0228068 0.00729477 
v -0.00457327 -0.0228068 0.00684041 
v -0.00528604 -0.0228068 0.00630585 
v -0.00593684 -0.0228068 0.00569737 
v -0.00651803 -0.0228068 0.00502208 
v -0.0070228 -0.0228068 0.00428792 
v -0.00744524 -0.0228068 0.00350349 
v -0.00778039 -0.0228068 0.00267798 
v -0.00802432 -0.0228068 0.00182107 
v -0.00817418 -0.0228068 0.000942814 
v -0.00822819 -0.0228068 5.35029e-05 
v -0.00818575 -0.0228068 -0.000836435 
v -0.00804733 -0.0228068 -0.00171657 
v -0.00781456 -0.0228068 -0.00257657 
v -0.00749017 -0.0228068 -0.00340637 
v -0.00707797 -0.0228068 -0.00419623 
v -0.00658279 -0.0228068 -0.0049369 
v -0.00601043 -0.0228068 -0.00561968 
v -0.0053676 -0.0228068 -0.00623658 
v -0.00466184 -0.0228068 -0.00678036 
v -0.00390143 -0.0228068 -0.00724465 
v -0.00309527 -0.0228068 -0.007624 
v -0.00225283 -0.0228068 -0.00791396 
v -0.00138397 -0.0228068 -0.00811114 
v -0.00049889 -0.0228068 -0.00821323 
v 0.000392041 -0.0228068 -0.00821902 
v 0.00127838 -0.0228068 -0.00812846 
v 0.00214972 -0.0228068 -0.00794259 
v 0.00299587 -0.0228068 -0.0076636 
v 0.00380689 -0.0228068 -0.00729477 
v 0.00457327 -0.0228068 -0.00684041 
v 0.00528604 -0.0228068 -0.00630585 
v 0.00593684 -0.0228068 -0.00569737 
v 0.00651803 -0.0228068 -0.00502208 
v 0.0070228 -0.0228068 -0.00428792 
v 0.00744524 -0.0228068 -0.00350349 
v 0.00778039 -0.0228068 -0.00267798 
v 0.00802432 -0.0228068 -0.00182107 
v 0.00817418 -0.0228068 -0.000942814 
v 0.00817934 -0.0228255 -5.31852e-05 
v 0.00813714 -0.0228255 0.000831468 
v 0.00799954 -0.0228255 0.00170637 
v 0.00776816 -0.0228255 0.00256127 
v 0.0074457 -0.0228255 0.00338614 
v 0.00703594 -0.0228255 0.00417132 
v 0.0065437 -0.0228255 0.00490758 
v 0.00597474 -0.0228255 0.00558631 
v 0.00533573 -0.0228255 0.00619955 
v 0.00463416 -0.0228255 0.0067401 
v 0.00387826 -0.0228255 0.00720163 
v 0.00307689 -0.0228255 0.00757873 
v 0.00223945 -0.0228255 0.00786697 
v 0.00137575 -0.0228255 0.00806298 
v 0.000495927 -0.0228255 0.00816446 
v -0.000389713 -0.0228255 0.00817022 
v -0.00127078 -0.0228255 0.00808019 
v -0.00213696 -0.0228255 0.00789543 
v -0.00297808 -0.0228255 0.0076181 
v -0.00378428 -0.0228255 0.00725145 
v -0.00454612 -0.0228255 0.00679979 
v -0.00525465 -0.0228255 0.00626841 
v -0.00590159 -0.0228255 0.00566354 
v -0.00647933 -0.0228255 0.00499226 
v -0.0069811 -0.0228255 0.00426246 
v -0.00740103 -0.0228255 0.00348268 
v -0.00773419 -0.0228255 0.00266208 
v -0.00797667 -0.0228255 0.00181026 
v -0.00812564 -0.0228255 0.000937215 
v -0.00817934 -0.0228255 5.31852e-05 
v -0.00813714 -0.0228255 -0.000831468 
v -0.00799954 -0.0228255 -0.00170637 
v -0.00776816 -0.0228255 -0.00256127 
v -0.0074457 -0.0228255 -0.00338614 
v -0.00703594 -0.0228255 -0.00417132 
v -0.0065437 -0.0228255 -0.00490758 
v -0.00597474 -0.0228255 -0.00558631 
v -0.00533573 -0.0228255 -0.00619955 
v -0.00463416 -0.0228255 -0.0067401 
v -0.00387826 -0.0228255 -0.00720163 
v -0.00307689 -0.0228255 -0.00757873 
v -0.00223945 -0.0228255 -0.00786697 
v -0.00137575 -0.0228255 -0.00806298 
v -0.000495927 -0.0228255 -0.00816446 
v 0.000389713 -0.0228255 -0.00817022 
v 0.00127078 -0.0228255 -0.00808019 
v 0.00213696 -0.0228255 -0.00789543 
v 0.00297808 -0.0228255 -0.0076181 
v 0.00378428 -0.0228255 -0.00725145 
v 0.00454612 -0.0228255 -0.00679979 
v 0.00525465 -0.0228255 -0.00626841 
v 0.00590159 -0.0228255 -0.00566354 
v 0.00647933 -0.0228255 -0.00499226 
v 0.0069811 -0.0228255 -0.00426246 
v 0.00740103 -0.0228255 -0.00348268 
v 0.00773419 -0.0228255 -0.00266208 
v 0.00797667 -0.0228255 -0.00181026 
v 0.00812564 -0.0228255 -0.000937215 
v 0.00812878 -0.0228391 -5.28565e-05 
v 0.00808685 -0.0228391 0.00082633 
v 0.0079501 -0.0228391 0.00169583 
v 0.00772015 -0.0228391 0.00254544 
v 0.00739968 -0.0228391 0.00336522 
v 0.00699246 -0.0228391 0.00414554 
v 0.00650326 -0.0228391 0.00487725 
v 0.00593781 -0.0228391 0.00555179 
v 0.00530275 -0.0228391 0.00616123 
v 0.00460552 -0.0228391 0.00669844 
v 0.00385429 -0.0228391 0.00715712 
v 0.00305788 -0.0228391 0.00753189 
v 0.00222561 -0.0228391 0.00781835 
v 0.00136725 -0.0228391 0.00801315 
v 0.000492862 -0.0228391 0.008114 
v -0.000387305 -0.0228391 0.00811972 
v -0.00126293 -0.0228391 0.00803025 
v -0.00212375 -0.0228391 0.00784663 
v -0.00295967 -0.0228391 0.00757102 
v -0.00376089 -0.0228391 0.00720664 
v -0.00451802 -0.0228391 0.00675777 
v -0.00522218 -0.0228391 0.00622967 
v -0.00586511 -0.0228391 0.00562853 
v -0.00643928 -0.0228391 0.00496141 
v -0.00693796 -0.0228391 0.00423612 
v -0.00735529 -0.0228391 0.00346116 
v -0.00768639 -0.0228391 0.00264562 
v -0.00792737 -0.0228391 0.00179907 
v -0.00807542 -0.0228391 0.000931423 
v -0.00812878 -0.0228391 5.28565e-05 
v -0.00808685 -0.0228391 -0.00082633 
v -0.0079501 -0.0228391 -0.00169583 
v -0.00772015 -0.0228391 -0.00254544 
v -0.00739968 -0.0228391 -0.00336522 
v -0.00699246 -0.0228391 -0.00414554 
v -0.00650326 -0.0228391 -0.00487725 
v -0.00593781 -0.0228391 -0.00555179 
v -0.00530275 -0.0228391 -0.00616123 
v -0.00460552 -0.0228391 -0.00669844 
v -0.00385429 -0.0228391 -0.00715712 
v -0.00305788 -0.0228391 -0.00753189 
v -0.00222561 -0.0228391 -0.00781835 
v -0.00136725 -0.0228391 -0.00801315 
v -0.000492862 -0.0228391 -0.008114 
v 0.000387305 -0.0228391 -0.00811972 
v 0.00126293 -0.0228391 -0.00803025 
v 0.00212375 -0.0228391 -0.00784663 
v 0.00295967 -0.0228391 -0.00757102 
v 0.00376089 -0.0228391 -0.00720664 
v 0.00451802 -0.0228391 -0.00675777 
v 0.00522218 -0.0228391 -0.00622967 
v 0.00586511 -0.0228391 -0.00562853 
v 0.00643928 -0.0228391 -0.00496141 
v 0.00693796 -0.0228391 -0.00423612 
v 0.00735529 -0.0228391 -0.00346116 
v 0.00768639 -0.0228391 -0.00264562 
v 0.00792737 -0.0228391 -0.00179907 
v 0.00807542 -0.0228391 -0.000931423 
v 0.00807709 -0.0228473 -5.25204e-05 
v 0.00803542 -0.0228473 0.000821075 
v 0.00789955 -0.0228473 0.00168504 
v 0.00767105 -0.0228473 0.00252926 
v 0.00735262 -0.0228473 0.00334382 
v 0.00694799 -0.0228473 0.00411917 
v 0.0064619 -0.0228473 0.00484624 
v 0.00590005 -0.0228473 0.00551648 
v 0.00526903 -0.0228473 0.00612205 
v 0.00457623 -0.0228473 0.00665585 
v 0.00382978 -0.0228473 0.00711161 
v 0.00303843 -0.0228473 0.00748399 
v 0.00221146 -0.0228473 0.00776863 
v 0.00135856 -0.0228473 0.00796219 
v 0.000489728 -0.0228473 0.0080624 
v -0.000384842 -0.0228473 0.00806809 
v -0.0012549 -0.0228473 0.00797919 
v -0.00211025 -0.0228473 0.00779673 
v -0.00294085 -0.0228473 0.00752287 
v -0.00373698 -0.0228473 0.00716081 
v -0.00448929 -0.0228473 0.0067148 
v -0.00518897 -0.0228473 0.00619006 
v -0.00582782 -0.0228473 0.00559274 
v -0.00639833 -0.0228473 0.00492986 
v -0.00689384 -0.0228473 0.00420918 
v -0.00730852 -0.0228473 0.00343915 
v -0.00763751 -0.0228473 0.0026288 
v -0.00787697 -0.0228473 0.00178763 
v -0.00802407 -0.0228473 0.0009255 
v -0.00807709 -0.0228473 5.25204e-05 
v -0.00803542 -0.0228473 -0.000821075 
v -0.00789955 -0.0228473 -0.00168504 
v -0.00767105 -0.0228473 -0.00252926 
v -0.00735262 -0.0228473 -0.00334382 
v -0.00694799 -0.0228473 -0.00411917 
v -0.0064619 -0.0228473 -0.00484624 
v -0.00590005 -0.0228473 -0.00551648 
v -0.00526903 -0.0228473 -0.00612205 
v -0.00457623 -0.0228473 -0.00665585 
v -0.00382978 -0.0228473 -0.00711161 
v -0.00303843 -0.0228473 -0.00748399 
v -0.00221146 -0.0228473 -0.00776863 
v -0.00135856 -0.0228473 -0.00796219 
v -0.000489728 -0.0228473 -0.0080624 
v 0.000384842 -0.0228473 -0.00806809 
v 0.0012549 -0.0228473 -0.00797919 
v 0.00211025 -0.0228473 -0.00779673 
v 0.00294085 -0.0228473 -0.00752287 
v 0.00373698 -0.0228473 -0.00716081 
v 0.00448929 -0.0228473 -0.0067148 
v 0.00518897 -0.0228473 -0.00619006 
v 0.00582782 -0.0228473 -0.00559274 
v 0.00639833 -0.0228473 -0.00492986 
v 0.00689384 -0.0228473 -0.00420918 
v 0.00730852 -0.0228473 -0.00343915 
v 0.00763751 -0.0228473 -0.0026288 
v 0.00787697 -0.0228473 -0.00178763 
v 0.00802407 -0.0228473 -0.0009255 
v 0.00847503 0 0.000921715 
v 0.008525 0 -2.08802e-18 
v 0.00832569 0 0.00183262 
v 0.00807874 0 0.00272205 
v 0.00773708 0 0.00357955 
v 0.00730471 0 0.0043951 
v 0.00678669 0 0.00515911 
v 0.00618911 0 0.00586264 
v 0.00551897 0 0.00649743 
v 0.00478412 0 0.00705605 
v 0.00399318 0 0.00753194 
v 0.00315543 0 0.00791953 
v 0.00228068 0 0.00821426 
v 0.00137919 0 0.0084127 
v 0.000461534 0 0.0085125 
v -0.000461534 0 0.0085125 
v -0.00137919 0 0.0084127 
v -0.00228068 0 0.00821426 
v -0.00315543 0 0.00791953 
v -0.00399318 0 0.00753194 
v -0.00478412 0 0.00705605 
v -0.00551897 0 0.00649743 
v -0.00618911 0 0.00586264 
v -0.00678669 0 0.00515911 
v -0.00730471 0 0.0043951 
v -0.00773708 0 0.00357955 
v -0.00807874 0 0.00272205 
v -0.00832569 0 0.00183262 
v -0.00847503 0 0.000921715 
v -0.008525 0 1.04401e-18 
v -0.00847503 0 -0.000921715 
v -0.00832569 0 -0.00183262 
v -0.00807874 0 -0.00272205 
v -0.00773708 0 -0.00357955 
v -0.00730471 0 -0.0043951 
v -0.00678669 0 -0.00515911 
v -0.00618911 0 -0.00586264 
v -0.00551897 0 -0.00649743 
v -0.00478412 0 -0.00705605 
v -0.00399318 0 -0.00753194 
v -0.00315543 0 -0.00791953 
v -0.00228068 0 -0.00821426 
v -0.00137919 0 -0.0084127 
v -0.000461534 0 -0.0085125 
v 0.000461534 0 -0.0085125 
v 0.00137919 0 -0.0084127 
v 0.00228068 0 -0.00821426 
v 0.00315543 0 -0.00791953 
v 0.00399318 0 -0.00753194 
v 0.00478412 0 -0.00705605 
v 0.00551897 0 -0.00649743 
v 0.00618911 0 -0.00586264 
v 0.00678669 0 -0.00515911 
v 0.00730471 0 -0.0043951 
v 0.00773708 0 -0.00357955 
v 0.00807874 0 -0.00272205 
v 0.00832569 0 -0.00183262 
v 0.00847503 0 -0.000921715 
v -0.00425 -0.02085 0 
v -0.00425586 -0.02085 -0.000108119 
v -0.00427338 -0.02085 -0.00021497 
v -0.00430235 -0.02085 -0.000319302 
v -0.00434242 -0.02085 -0.000419889 
v -0.00439314 -0.02085 -0.000515554 
v -0.00445391 -0.02085 -0.000605174 
v -0.004524 -0.02085 -0.000687699 
v -0.00460261 -0.02085 -0.000762162 
v -0.00468881 -0.02085 -0.000827689 
v -0.00478159 -0.02085 -0.000883512 
v -0.00487986 -0.02085 -0.000928977 
v -0.00498247 -0.02085 -0.00096355 
v -0.00508822 -0.02085 -0.000986827 
v -0.00519586 -0.02085 -0.000998533 
v -0.00530414 -0.02085 -0.000998533 
v -0.00541178 -0.02085 -0.000986827 
v -0.00551753 -0.02085 -0.00096355 
v -0.00562014 -0.02085 -0.000928977 
v -0.00571841 -0.02085 -0.000883512 
v -0.00581119 -0.02085 -0.000827689 
v -0.00589739 -0.02085 -0.000762162 
v -0.005976 -0.02085 -0.000687699 
v -0.00604609 -0.02085 -0.000605174 
v -0.00610686 -0.02085 -0.000515554 
v -0.00615758 -0.02085 -0.000419889 
v -0.00619765 -0.02085 -0.000319302 
v -0.00622662 -0.02085 -0.00021497 
v -0.00624414 -0.02085 -0.000108119 
v -0.00625 -0.02085 1.22465e-19 
v -0.00624414 -0.02085 0.000108119 
v -0.00622662 -0.02085 0.00021497 
v -0.00619765 -0.02085 0.000319302 
v -0.00615758 -0.02085 0.000419889 
v -0.00610686 -0.02085 0.000515554 
v -0.00604609 -0.02085 0.000605174 
v -0.005976 -0.02085 0.000687699 
v -0.00589739 -0.02085 0.000762162 
v -0.00581119 -0.02085 0.000827689 
v -0.00571841 -0.02085 0.000883512 
v -0.00562014 -0.02085 0.000928977 
v -0.00551753 -0.02085 0.00096355 
v -0.00541178 -0.02085 0.000986827 
v -0.00530414 -0.02085 0.000998533 
v -0.00519586 -0.02085 0.000998533 
v -0.00508822 -0.02085 0.000986827 
v -0.00498247 -0.02085 0.00096355 
v -0.00487986 -0.02085 0.000928977 
v -0.00478159 -0.02085 0.000883512 
v -0.00468881 -0.02085 0.000827689 
v -0.00460261 -0.02085 0.000762162 
v -0.004524 -0.02085 0.000687699 
v -0.00445391 -0.02085 0.000605174 
v -0.00439314 -0.02085 0.000515554 
v -0.00434242 -0.02085 0.000419889 
v -0.00430235 -0.02085 0.000319302 
v -0.00427338 -0.02085 0.00021497 
v -0.00425586 -0.02085 0.000108119 
v -0.00525 -0.02085 0 
v 0.00625 -0.02085 0 
v 0.00624414 -0.02085 -0.000108119 
v 0.00622662 -0.02085 -0.00021497 
v 0.00619765 -0.02085 -0.000319302 
v 0.00615758 -0.02085 -0.000419889 
v 0.00610686 -0.02085 -0.000515554 
v 0.00604609 -0.02085 -0.000605174 
v 0.005976 -0.02085 -0.000687699 
v 0.00589739 -0.02085 -0.000762162 
v 0.00581119 -0.02085 -0.000827689 
v 0.00571841 -0.02085 -0.000883512 
v 0.00562014 -0.02085 -0.000928977 
v 0.00551753 -0.02085 -0.00096355 
v 0.00541178 -0.02085 -0.000986827 
v 0.00530414 -0.02085 -0.000998533 
v 0.00519586 -0.02085 -0.000998533 
v 0.00508822 -0.02085 -0.000986827 
v 0.00498247 -0.02085 -0.00096355 
v 0.00487986 -0.02085 -0.000928977 
v 0.00478159 -0.02085 -0.000883512 
v 0.00468881 -0.02085 -0.000827689 
v 0.00460261 -0.02085 -0.000762162 
v 0.004524 -0.02085 -0.000687699 
v 0.00445391 -0.02085 -0.000605174 
v 0.00439314 -0.02085 -0.000515554 
v 0.00434242 -0.02085 -0.000419889 
v 0.00430235 -0.02085 -0.000319302 
v 0.00427338 -0.02085 -0.00021497 
v 0.00425586 -0.02085 -0.000108119 
v 0.00425 -0.02085 1.22465e-19 
v 0.00425586 -0.02085 0.000108119 
v 0.00427338 -0.02085 0.00021497 
v 0.00430235 -0.02085 0.000319302 
v 0.00434242 -0.02085 0.000419889 
v 0.00439314 -0.02085 0.000515554 
v 0.00445391 -0.02085 0.000605174 
v 0.004524 -0.02085 0.000687699 
v 0.00460261 -0.02085 0.000762162 
v 0.00468881 -0.02085 0.000827689 
v 0.00478159 -0.02085 0.000883512 
v 0.00487986 -0.02085 0.000928977 
v 0.00498247 -0.02085 0.00096355 
v 0.00508822 -0.02085 0.000986827 
v 0.00519586 -0.02085 0.000998533 
v 0.00530414 -0.02085 0.000998533 
v 0.00541178 -0.02085 0.000986827 
v 0.00551753 -0.02085 0.00096355 
v 0.00562014 -0.02085 0.000928977 
v 0.00571841 -0.02085 0.000883512 
v 0.00581119 -0.02085 0.000827689 
v 0.00589739 -0.02085 0.000762162 
v 0.005976 -0.02085 0.000687699 
v 0.00604609 -0.02085 0.000605174 
v 0.00610686 -0.02085 0.000515554 
v 0.00615758 -0.02085 0.000419889 
v 0.00619765 -0.02085 0.000319302 
v 0.00622662 -0.02085 0.00021497 
v 0.00624414 -0.02085 0.000108119 
v 0.00525 -0.02085 0 
v 0.00025408 0 -0.00233622 
v 0.000505181 0 -0.00229506 
v 0.000750359 0 -0.00222698 
v 0.000986739 0 -0.0021328 
v 5.75584e-19 0 -0.00235 
v -0.006 0 -0.001265 
v -0.006 0 0.001265 
v -0.00234655 0 0.000127226 
v 0.000986739 0 0.0021328 
v 0.000750359 0 0.00222698 
v 0.00161609 0 0.00170609 
v 0.00142216 0 0.00187082 
v -0.00231904 0 0.000380188 
v 0.00121155 0 0.00201361 
v 0.006 0 0.001265 
v 0.00231904 0 0.000380188 
v 0.00226434 0 0.000628692 
v 0.006 0 -0.001265 
v 0.00142216 0 -0.00187082 
v -0.00025408 0 -0.00233622 
v -0.000750359 0 -0.00222698 
v -0.000505181 0 -0.00229506 
v -0.00179108 0 -0.00152136 
v -0.00161609 0 -0.00170609 
v -0.00234655 0 -0.000127226 
v -0.00231904 0 -0.000380188 
v -0.00226434 0 0.000628692 
v -0.00194507 0 0.00131879 
v -0.00207625 0 0.00110076 
v 0.00234655 0 0.000127226 
v 0.00121155 0 -0.00201361 
v -0.00142216 0 -0.00187082 
v -0.00194507 0 -0.00131879 
v -0.00226434 0 -0.000628692 
v -0.0021831 0 -0.000869825 
v -0.0021831 0 0.000869825 
v 0.000505181 0 0.00229506 
v 0.00179108 0 0.00152136 
v 0.00194507 0 0.00131879 
v 0.00234655 0 -0.000127226 
v 0.00226434 0 -0.000628692 
v 0.00231904 0 -0.000380188 
v 0.00194507 0 -0.00131879 
v 0.00207625 0 -0.00110076 
v -0.00121155 0 -0.00201361 
v -0.000986739 0 -0.0021328 
v -0.00207625 0 -0.00110076 
v -0.00161609 0 0.00170609 
v -0.00179108 0 0.00152136 
v -0.00121155 0 0.00201361 
v -0.00142216 0 0.00187082 
v 0.0021831 0 0.000869825 
v 0.00207625 0 0.00110076 
v 0.0021831 0 -0.000869825 
v 0.00161609 0 -0.00170609 
v -0.000750359 0 0.00222698 
v -0.000986739 0 0.0021328 
v 0.00025408 0 0.00233622 
v 0.00179108 0 -0.00152136 
v 0.0065 0 0.001265 
v -0.000505181 0 0.00229506 
v -2.87792e-19 0 0.00235 
v -0.00025408 0 0.00233622 
v -0.0065 0 -0.001265 
v -0.0065 0 0.001265 
v 0.0065 0 -0.001265 
v -0.006 0.00315 0.001265 
v -0.0065 0.00315 0.001265 
v -0.006 0.00365 0.000765 
v -0.0065 0.00365 0.000765 
v -0.0065 0.00364726 0.000817264 
v -0.006 0.00364726 0.000817264 
v -0.0065 0.00363907 0.000868956 
v -0.006 0.00363907 0.000868956 
v -0.0065 0.00362553 0.000919508 
v -0.006 0.00362553 0.000919508 
v -0.0065 0.00360677 0.000968368 
v -0.006 0.00360677 0.000968368 
v -0.0065 0.00358301 0.001015 
v -0.006 0.00358301 0.001015 
v -0.0065 0.00355451 0.00105889 
v -0.006 0.00355451 0.00105889 
v -0.0065 0.00352157 0.00109957 
v -0.006 0.00352157 0.00109957 
v -0.0065 0.00348457 0.00113657 
v -0.006 0.00348457 0.00113657 
v -0.0065 0.00344389 0.00116951 
v -0.006 0.00344389 0.00116951 
v -0.0065 0.0034 0.00119801 
v -0.006 0.0034 0.00119801 
v -0.0065 0.00335337 0.00122177 
v -0.006 0.00335337 0.00122177 
v -0.0065 0.00330451 0.00124053 
v -0.006 0.00330451 0.00124053 
v -0.0065 0.00325396 0.00125407 
v -0.006 0.00325396 0.00125407 
v -0.0065 0.00320226 0.00126226 
v -0.006 0.00320226 0.00126226 
v -0.006 0.00335337 -0.00122177 
v -0.006 0.00362553 -0.000919508 
v -0.006 0.00363907 -0.000868956 
v -0.006 0.00358301 -0.001015 
v -0.006 0.00360677 -0.000968368 
v -0.006 0.00344389 -0.00116951 
v -0.006 0.00348457 -0.00113657 
v -0.006 0.00352157 -0.00109957 
v -0.006 0.00355451 -0.00105889 
v -0.006 0.0034 -0.00119801 
v -0.006 0.00364726 -0.000817264 
v -0.006 0.00365 -0.000765 
v -0.006 0.00325396 -0.00125407 
v -0.006 0.00330451 -0.00124053 
v -0.006 0.00315 -0.001265 
v -0.006 0.00320226 -0.00126226 
v -0.0065 0.00315 -0.001265 
v -0.0065 0.00364726 -0.000817264 
v -0.0065 0.00363907 -0.000868956 
v -0.0065 0.00325396 -0.00125407 
v -0.0065 0.00344389 -0.00116951 
v -0.0065 0.0034 -0.00119801 
v -0.0065 0.00362553 -0.000919508 
v -0.0065 0.00335337 -0.00122177 
v -0.0065 0.00352157 -0.00109957 
v -0.0065 0.00348457 -0.00113657 
v -0.0065 0.00360677 -0.000968368 
v -0.0065 0.00320226 -0.00126226 
v -0.0065 0.00358301 -0.001015 
v -0.0065 0.00355451 -0.00105889 
v -0.0065 0.00365 -0.000765 
v -0.0065 0.00330451 -0.00124053 
v 0.006 0.00315 -0.001265 
v 0.0065 0.00315 -0.001265 
v 0.006 0.00365 -0.000765 
v 0.0065 0.00365 -0.000765 
v 0.0065 0.00364726 -0.000817264 
v 0.006 0.00364726 -0.000817264 
v 0.0065 0.00363907 -0.000868956 
v 0.006 0.00363907 -0.000868956 
v 0.0065 0.00362553 -0.000919508 
v 0.006 0.00362553 -0.000919508 
v 0.0065 0.00360677 -0.000968368 
v 0.006 0.00360677 -0.000968368 
v 0.0065 0.00358301 -0.001015 
v 0.006 0.00358301 -0.001015 
v 0.0065 0.00355451 -0.00105889 
v 0.006 0.00355451 -0.00105889 
v 0.0065 0.00352157 -0.00109957 
v 0.006 0.00352157 -0.00109957 
v 0.0065 0.00348457 -0.00113657 
v 0.006 0.00348457 -0.00113657 
v 0.0065 0.00344389 -0.00116951 
v 0.006 0.00344389 -0.00116951 
v 0.0065 0.0034 -0.00119801 
v 0.006 0.0034 -0.00119801 
v 0.0065 0.00335337 -0.00122177 
v 0.006 0.00335337 -0.00122177 
v 0.0065 0.00330451 -0.00124053 
v 0.006 0.00330451 -0.00124053 
v 0.0065 0.00325396 -0.00125407 
v 0.006 0.00325396 -0.00125407 
v 0.0065 0.00320226 -0.00126226 
v 0.006 0.00320226 -0.00126226 
v 0.006 0.00335337 0.00122177 
v 0.006 0.00362553 0.000919508 
v 0.006 0.00363907 0.000868956 
v 0.006 0.00358301 0.001015 
v 0.006 0.00360677 0.000968368 
v 0.006 0.00344389 0.00116951 
v 0.006 0.00348457 0.00113657 
v 0.006 0.00352157 0.00109957 
v 0.006 0.00355451 0.00105889 
v 0.006 0.0034 0.00119801 
v 0.006 0.00364726 0.000817264 
v 0.006 0.00365 0.000765 
v 0.006 0.00325396 0.00125407 
v 0.006 0.00330451 0.00124053 
v 0.006 0.00315 0.001265 
v 0.006 0.00320226 0.00126226 
v 0.0065 0.00315 0.001265 
v 0.0065 0.00364726 0.000817264 
v 0.0065 0.00363907 0.000868956 
v 0.0065 0.00325396 0.00125407 
v 0.0065 0.00344389 0.00116951 
v 0.0065 0.0034 0.00119801 
v 0.0065 0.00362553 0.000919508 
v 0.0065 0.00335337 0.00122177 
v 0.0065 0.00352157 0.00109957 
v 0.0065 0.00348457 0.00113657 
v 0.0065 0.00360677 0.000968368 
v 0.0065 0.00320226 0.00126226 
v 0.0065 0.00358301 0.001015 
v 0.0065 0.00355451 0.00105889 
v 0.0065 0.00365 0.000765 
v 0.0065 0.00330451 0.00124053 
v -0.000197061 0.0011 -0.00234172 
v -0.000253749 0.0011 -0.00233384 
v -0.000449091 0.0011 -0.00230669 
v -0.000504594 0.0011 -0.00229273 
v -0.000695855 0.0011 -0.00224461 
v -0.000749524 0.0011 -0.00222473 
v -0.000934461 0.0011 -0.00215622 
v -0.000985665 0.0011 -0.00213065 
v -0.00116211 0.0011 -0.00204255 
v -0.00121025 0.0011 -0.00201159 
v -0.00137614 0.0011 -0.00190493 
v -0.00142065 0.0011 -0.00186895 
v -0.00157403 0.0011 -0.00174497 
v -0.00161439 0.0011 -0.00170439 
v -0.00175347 0.0011 -0.00156456 
v -0.0017892 0.0011 -0.00151986 
v -0.00191235 0.0011 -0.00136581 
v -0.00194304 0.0011 -0.0013175 
v -0.00204881 0.0011 -0.00115104 
v -0.0020741 0.0011 -0.0010997 
v -0.00216125 0.0011 -0.000922777 
v -0.00218084 0.0011 -0.000869002 
v -0.00224835 0.0011 -0.000683696 
v -0.00226201 0.0011 -0.000628118 
v -0.00230909 0.0011 -0.000436599 
v -0.00231666 0.0011 -0.00037987 
v -0.00234276 0.0011 -0.000184384 
v -0.00234415 0.0011 -0.000127168 
v -0.00234896 0.0011 6.99937e-05 
v -0.00234416 0.0011 0.000127025 
v -0.00232762 0.0011 0.00032355 
v -0.00231668 0.0011 0.000379728 
v -0.00227899 0.0011 0.000573314 
v -0.00226205 0.0011 0.00062798 
v -0.00220365 0.0011 0.000816355 
v -0.00218089 0.0011 0.000868869 
v -0.00210247 0.0011 0.00104983 
v -0.00207416 0.0011 0.00109957 
v -0.00197664 0.0011 0.00127099 
v -0.00194312 0.0011 0.00131738 
v -0.00182763 0.0011 0.00147725 
v -0.0017893 0.0011 0.00151975 
v -0.0016572 0.0011 0.00166619 
v -0.00161449 0.0011 0.0017043 
v -0.00146734 0.0011 0.0018356 
v -0.00142076 0.0011 0.00186886 
v -0.00126027 0.0011 0.00198349 
v -0.00121037 0.0011 0.00201152 
v -0.00103843 0.0011 0.00210812 
v -0.000985795 0.0011 0.00213059 
v -0.000804416 0.0011 0.00220803 
v -0.000749659 0.0011 0.00222469 
v -0.00056097 0.0011 0.00228206 
v -0.000504734 0.0011 0.0022927 
v -0.000310947 0.0011 0.00232934 
v -0.000253891 0.0011 0.00233383 
v -5.72789e-05 0.0011 0.0023493 
v -9.46881e-14 0.0011 0.00235 
v 0.000197061 0.0011 0.00234172 
v 0.000253749 0.0011 0.00233384 
v 0.000449091 0.0011 0.00230669 
v 0.000504594 0.0011 0.00229273 
v 0.000695855 0.0011 0.00224461 
v 0.000749524 0.0011 0.00222473 
v 0.000934461 0.0011 0.00215622 
v 0.000985665 0.0011 0.00213065 
v 0.00116211 0.0011 0.00204255 
v 0.00121025 0.0011 0.00201159 
v 0.00137614 0.0011 0.00190493 
v 0.00142065 0.0011 0.00186895 
v 0.00157403 0.0011 0.00174497 
v 0.00161439 0.0011 0.00170439 
v 0.00175347 0.0011 0.00156456 
v 0.0017892 0.0011 0.00151986 
v 0.00191235 0.0011 0.00136581 
v 0.00194304 0.0011 0.0013175 
v 0.00204881 0.0011 0.00115104 
v 0.0020741 0.0011 0.0010997 
v 0.00216125 0.0011 0.000922777 
v 0.00218084 0.0011 0.000869002 
v 0.00224835 0.0011 0.000683696 
v 0.00226201 0.0011 0.000628118 
v 0.00230909 0.0011 0.000436599 
v 0.00231666 0.0011 0.00037987 
v 0.00234276 0.0011 0.000184384 
v 0.00234415 0.0011 0.000127168 
v 0.00234896 0.0011 -6.99937e-05 
v 0.00234416 0.0011 -0.000127025 
v 0.00232762 0.0011 -0.00032355 
v 0.00231668 0.0011 -0.000379728 
v 0.00227899 0.0011 -0.000573314 
v 0.00226205 0.0011 -0.00062798 
v 0.00220365 0.0011 -0.000816355 
v 0.00218089 0.0011 -0.000868869 
v 0.00210247 0.0011 -0.00104983 
v 0.00207416 0.0011 -0.00109957 
v 0.00197664 0.0011 -0.00127099 
v 0.00194312 0.0011 -0.00131738 
v 0.00182763 0.0011 -0.00147725 
v 0.0017893 0.0011 -0.00151975 
v 0.0016572 0.0011 -0.00166619 
v 0.00161449 0.0011 -0.0017043 
v 0.00146734 0.0011 -0.0018356 
v 0.00142076 0.0011 -0.00186886 
v 0.00126027 0.0011 -0.00198349 
v 0.00121037 0.0011 -0.00201152 
v 0.00103843 0.0011 -0.00210812 
v 0.000985795 0.0011 -0.00213059 
v 0.000804416 0.0011 -0.00220803 
v 0.000749659 0.0011 -0.00222469 
v 0.00056097 0.0011 -0.00228206 
v 0.000504734 0.0011 -0.0022927 
v 0.000310947 0.0011 -0.00232934 
v 0.000253891 0.0011 -0.00233383 
v 5.72789e-05 0.0011 -0.0023493 
v 7.15985e-08 0.0011 -0.0023476 
v 4.50919e-05 0.0016 -0.00184945 
v -0.000155133 0.0016 -0.00184348 
v -0.000353539 0.0016 -0.0018159 
v -0.000547801 0.0016 -0.00176704 
v -0.00073564 0.0016 -0.00169745 
v -0.000914854 0.0016 -0.00160796 
v -0.00108334 0.0016 -0.00149962 
v -0.00123913 0.0016 -0.0013737 
v -0.00138039 0.0016 -0.00123168 
v -0.00150546 0.0016 -0.00107521 
v -0.00161289 0.0016 -0.000906137 
v -0.00170141 0.0016 -0.000726441 
v -0.00176997 0.0016 -0.000538229 
v -0.00181779 0.0016 -0.000343706 
v -0.0018443 0.0016 -0.000145153 
v -0.00184918 0.0016 5.51014e-05 
v -0.00183238 0.0016 0.00025471 
v -0.0017941 0.0016 0.000451332 
v -0.00173479 0.0016 0.000642663 
v -0.00165513 0.0016 0.000826459 
v -0.00155607 0.0016 0.00100057 
v -0.00143877 0.0016 0.00116294 
v -0.0013046 0.0016 0.00131168 
v -0.00115514 0.0016 0.00144505 
v -0.000992129 0.0016 0.00156147 
v -0.000817488 0.0016 0.00165958 
v -0.000633264 0.0016 0.00173824 
v -0.000441615 0.0016 0.00179652 
v -0.000244788 0.0016 0.00183373 
v 0.000155133 0.0016 0.00184348 
v -6.93196e-19 0.0016 0.00185 
v 0.000353539 0.0016 0.0018159 
v 0.000547801 0.0016 0.00176704 
v 0.00073564 0.0016 0.00169745 
v 0.000914854 0.0016 0.00160796 
v 0.00108334 0.0016 0.00149962 
v 0.00123913 0.0016 0.0013737 
v 0.00138039 0.0016 0.00123168 
v 0.00150546 0.0016 0.00107521 
v 0.00161289 0.0016 0.000906137 
v 0.00170141 0.0016 0.000726441 
v 0.00176997 0.0016 0.000538229 
v 0.00181779 0.0016 0.000343706 
v 0.0018443 0.0016 0.000145153 
v 0.00184918 0.0016 -5.51014e-05 
v 0.00183238 0.0016 -0.00025471 
v 0.0017941 0.0016 -0.000451332 
v 0.00173479 0.0016 -0.000642663 
v 0.00165513 0.0016 -0.000826459 
v 0.00155607 0.0016 -0.00100057 
v 0.00143877 0.0016 -0.00116294 
v 0.0013046 0.0016 -0.00131168 
v 0.00115514 0.0016 -0.00144505 
v 0.000992129 0.0016 -0.00156147 
v 0.000817488 0.0016 -0.00165958 
v 0.000633264 0.0016 -0.00173824 
v 0.000441615 0.0016 -0.00179652 
v 0.000244788 0.0016 -0.00183373 
v -4.50919e-05 0.0016 0.00184945 
v -0.000196831 0.00115226 -0.00233899 
v 5.72122e-05 0.00115226 -0.00234656 
v -0.000448567 0.00115226 -0.002304 
v -0.000695044 0.00115226 -0.002242 
v -0.000933372 0.00115226 -0.00215371 
v -0.00116076 0.00115226 -0.00204017 
v -0.00137453 0.00115226 -0.00190271 
v -0.00157219 0.00115226 -0.00174294 
v -0.00175142 0.00115226 -0.00156274 
v -0.00191012 0.00115226 -0.00136422 
v -0.00204642 0.00115226 -0.0011497 
v -0.00215873 0.00115226 -0.000921701 
v -0.00224573 0.00115226 -0.000682899 
v -0.0023064 0.00115226 -0.00043609 
v -0.00234002 0.00115226 -0.000184169 
v -0.00234622 0.00115226 6.99121e-05 
v -0.00232491 0.00115226 0.000323173 
v -0.00227634 0.00115226 0.000572645 
v -0.00220108 0.00115226 0.000815404 
v -0.00210002 0.00115226 0.0010486 
v -0.00197433 0.00115226 0.00126951 
v -0.0018255 0.00115226 0.00147553 
v -0.00165527 0.00115226 0.00166425 
v -0.00146563 0.00115226 0.00183346 
v -0.0012588 0.00115226 0.00198117 
v -0.00103722 0.00115226 0.00210566 
v -0.000803479 0.00115226 0.00220546 
v -0.000560316 0.00115226 0.0022794 
v -0.000310585 0.00115226 0.00232662 
v -5.72122e-05 0.00115226 0.00234656 
v 0.000196831 0.00115226 0.00233899 
v 0.000448567 0.00115226 0.002304 
v 0.000695044 0.00115226 0.002242 
v 0.000933372 0.00115226 0.00215371 
v 0.00116076 0.00115226 0.00204017 
v 0.00137453 0.00115226 0.00190271 
v 0.00157219 0.00115226 0.00174294 
v 0.00175142 0.00115226 0.00156274 
v 0.00191012 0.00115226 0.00136422 
v 0.00204642 0.00115226 0.0011497 
v 0.00215873 0.00115226 0.000921701 
v 0.00224573 0.00115226 0.000682899 
v 0.0023064 0.00115226 0.00043609 
v 0.00234002 0.00115226 0.000184169 
v 0.00234622 0.00115226 -6.99121e-05 
v 0.00232491 0.00115226 -0.000323173 
v 0.00227634 0.00115226 -0.000572645 
v 0.00220108 0.00115226 -0.000815404 
v 0.00210002 0.00115226 -0.0010486 
v 0.00197433 0.00115226 -0.00126951 
v 0.0018255 0.00115226 -0.00147553 
v 0.00165527 0.00115226 -0.00166425 
v 0.00146563 0.00115226 -0.00183346 
v 0.0012588 0.00115226 -0.00198117 
v 0.00103722 0.00115226 -0.00210566 
v 0.000803479 0.00115226 -0.00220546 
v 0.000560316 0.00115226 -0.0022794 
v 0.000310585 0.00115226 -0.00232662 
v 5.70126e-05 0.00120396 -0.00233838 
v -0.000196145 0.00120396 -0.00233084 
v -0.000447003 0.00120396 -0.00229596 
v -0.00069262 0.00120396 -0.00223418 
v -0.000930117 0.00120396 -0.00214619 
v -0.00115671 0.00120396 -0.00203305 
v -0.00136974 0.00120396 -0.00189607 
v -0.00156671 0.00120396 -0.00173686 
v -0.00174531 0.00120396 -0.00155729 
v -0.00190346 0.00120396 -0.00135946 
v -0.00203928 0.00120396 -0.00114569 
v -0.0021512 0.00120396 -0.000918487 
v -0.00223789 0.00120396 -0.000680517 
v -0.00229835 0.00120396 -0.000434569 
v -0.00233186 0.00120396 -0.000183526 
v -0.00233804 0.00120396 6.96683e-05 
v -0.0023168 0.00120396 0.000322046 
v -0.0022684 0.00120396 0.000570648 
v -0.0021934 0.00120396 0.00081256 
v -0.00209269 0.00120396 0.00104495 
v -0.00196745 0.00120396 0.00126508 
v -0.00181913 0.00120396 0.00147038 
v -0.00164949 0.00120396 0.00165844 
v -0.00146051 0.00120396 0.00182706 
v -0.00125441 0.00120396 0.00197426 
v -0.0010336 0.00120396 0.00209832 
v -0.000800676 0.00120396 0.00219777 
v -0.000558362 0.00120396 0.00227145 
v -0.000309502 0.00120396 0.00231851 
v -5.70126e-05 0.00120396 0.00233838 
v 0.000196145 0.00120396 0.00233084 
v 0.000447003 0.00120396 0.00229596 
v 0.00069262 0.00120396 0.00223418 
v 0.000930117 0.00120396 0.00214619 
v 0.00115671 0.00120396 0.00203305 
v 0.00136974 0.00120396 0.00189607 
v 0.00156671 0.00120396 0.00173686 
v 0.00174531 0.00120396 0.00155729 
v 0.00190346 0.00120396 0.00135946 
v 0.00203928 0.00120396 0.00114569 
v 0.0021512 0.00120396 0.000918487 
v 0.00223789 0.00120396 0.000680517 
v 0.00229835 0.00120396 0.000434569 
v 0.00233186 0.00120396 0.000183526 
v 0.00233804 0.00120396 -6.96683e-05 
v 0.0023168 0.00120396 -0.000322046 
v 0.0022684 0.00120396 -0.000570648 
v 0.0021934 0.00120396 -0.00081256 
v 0.00209269 0.00120396 -0.00104495 
v 0.00196745 0.00120396 -0.00126508 
v 0.00181913 0.00120396 -0.00147038 
v 0.00164949 0.00120396 -0.00165844 
v 0.00146051 0.00120396 -0.00182706 
v 0.00125441 0.00120396 -0.00197426 
v 0.0010336 0.00120396 -0.00209832 
v 0.000800676 0.00120396 -0.00219777 
v 0.000558362 0.00120396 -0.00227145 
v 0.000309502 0.00120396 -0.00231851 
v 5.66824e-05 0.00125451 -0.00232484 
v -0.000195009 0.00125451 -0.00231734 
v -0.000444414 0.00125451 -0.00228267 
v -0.000688609 0.00125451 -0.00222124 
v -0.00092473 0.00125451 -0.00213377 
v -0.00115001 0.00125451 -0.00202128 
v -0.00136181 0.00125451 -0.00188509 
v -0.00155764 0.00125451 -0.0017268 
v -0.00173521 0.00125451 -0.00154827 
v -0.00189243 0.00125451 -0.00135158 
v -0.00202747 0.00125451 -0.00113905 
v -0.00213874 0.00125451 -0.000913168 
v -0.00222493 0.00125451 -0.000676576 
v -0.00228504 0.00125451 -0.000432053 
v -0.00231836 0.00125451 -0.000182463 
v -0.0023245 0.00125451 6.92648e-05 
v -0.00230338 0.00125451 0.000320181 
v -0.00225526 0.00125451 0.000567344 
v -0.0021807 0.00125451 0.000807854 
v -0.00208057 0.00125451 0.00103889 
v -0.00195605 0.00125451 0.00125775 
v -0.0018086 0.00125451 0.00146187 
v -0.00163994 0.00125451 0.00164884 
v -0.00145206 0.00125451 0.00181648 
v -0.00124715 0.00125451 0.00196283 
v -0.00102762 0.00125451 0.00208616 
v -0.000796039 0.00125451 0.00218504 
v -0.000555129 0.00125451 0.0022583 
v -0.000307709 0.00125451 0.00230508 
v -5.66824e-05 0.00125451 0.00232484 
v 0.000195009 0.00125451 0.00231734 
v 0.000444414 0.00125451 0.00228267 
v 0.000688609 0.00125451 0.00222124 
v 0.00092473 0.00125451 0.00213377 
v 0.00115001 0.00125451 0.00202128 
v 0.00136181 0.00125451 0.00188509 
v 0.00155764 0.00125451 0.0017268 
v 0.00173521 0.00125451 0.00154827 
v 0.00189243 0.00125451 0.00135158 
v 0.00202747 0.00125451 0.00113905 
v 0.00213874 0.00125451 0.000913168 
v 0.00222493 0.00125451 0.000676576 
v 0.00228504 0.00125451 0.000432053 
v 0.00231836 0.00125451 0.000182463 
v 0.0023245 0.00125451 -6.92648e-05 
v 0.00230338 0.00125451 -0.000320181 
v 0.00225526 0.00125451 -0.000567344 
v 0.0021807 0.00125451 -0.000807854 
v 0.00208057 0.00125451 -0.00103889 
v 0.00195605 0.00125451 -0.00125775 
v 0.0018086 0.00125451 -0.00146187 
v 0.00163994 0.00125451 -0.00164884 
v 0.00145206 0.00125451 -0.00181648 
v 0.00124715 0.00125451 -0.00196283 
v 0.00102762 0.00125451 -0.00208616 
v 0.000796039 0.00125451 -0.00218504 
v 0.000555129 0.00125451 -0.0022583 
v 0.000307709 0.00125451 -0.00230508 
v 5.62253e-05 0.00130337 -0.00230609 
v -0.000193436 0.00130337 -0.00229865 
v -0.00044083 0.00130337 -0.00226426 
v -0.000683055 0.00130337 -0.00220332 
v -0.000917272 0.00130337 -0.00211656 
v -0.00114074 0.00130337 -0.00200497 
v -0.00135082 0.00130337 -0.00186989 
v -0.00154508 0.00130337 -0.00171288 
v -0.00172121 0.00130337 -0.00153578 
v -0.00187717 0.00130337 -0.00134068 
v -0.00201112 0.00130337 -0.00112987 
v -0.00212149 0.00130337 -0.000905803 
v -0.00220699 0.00130337 -0.00067112 
v -0.00226661 0.00130337 -0.000428568 
v -0.00229966 0.00130337 -0.000180992 
v -0.00230575 0.00130337 6.87062e-05 
v -0.0022848 0.00130337 0.000317599 
v -0.00223707 0.00130337 0.000562768 
v -0.00216311 0.00130337 0.000801339 
v -0.00206379 0.00130337 0.00103052 
v -0.00194028 0.00130337 0.00124761 
v -0.00179401 0.00130337 0.00145008 
v -0.00162671 0.00130337 0.00163554 
v -0.00144035 0.00130337 0.00180183 
v -0.00123709 0.00130337 0.001947 
v -0.00101933 0.00130337 0.00206934 
v -0.000789619 0.00130337 0.00216742 
v -0.000550651 0.00130337 0.00224009 
v -0.000305228 0.00130337 0.00228649 
v -5.62253e-05 0.00130337 0.00230609 
v 0.000193436 0.00130337 0.00229865 
v 0.00044083 0.00130337 0.00226426 
v 0.000683055 0.00130337 0.00220332 
v 0.000917272 0.00130337 0.00211656 
v 0.00114074 0.00130337 0.00200497 
v 0.00135082 0.00130337 0.00186989 
v 0.00154508 0.00130337 0.00171288 
v 0.00172121 0.00130337 0.00153578 
v 0.00187717 0.00130337 0.00134068 
v 0.00201112 0.00130337 0.00112987 
v 0.00212149 0.00130337 0.000905803 
v 0.00220699 0.00130337 0.00067112 
v 0.00226661 0.00130337 0.000428568 
v 0.00229966 0.00130337 0.000180992 
v 0.00230575 0.00130337 -6.87062e-05 
v 0.0022848 0.00130337 -0.000317599 
v 0.00223707 0.00130337 -0.000562768 
v 0.00216311 0.00130337 -0.000801339 
v 0.00206379 0.00130337 -0.00103052 
v 0.00194028 0.00130337 -0.00124761 
v 0.00179401 0.00130337 -0.00145008 
v 0.00162671 0.00130337 -0.00163554 
v 0.00144035 0.00130337 -0.00180183 
v 0.00123709 0.00130337 -0.001947 
v 0.00101933 0.00130337 -0.00206934 
v 0.000789619 0.00130337 -0.00216742 
v 0.000550651 0.00130337 -0.00224009 
v 0.000305228 0.00130337 -0.00228649 
v 5.56462e-05 0.00135 -0.00228233 
v -0.000191444 0.00135 -0.00227497 
v -0.000436289 0.00135 -0.00224094 
v -0.00067602 0.00135 -0.00218063 
v -0.000907824 0.00135 -0.00209476 
v -0.00112899 0.00135 -0.00198432 
v -0.00133691 0.00135 -0.00185063 
v -0.00152916 0.00135 -0.00169523 
v -0.00170348 0.00135 -0.00151996 
v -0.00185784 0.00135 -0.00132687 
v -0.0019904 0.00135 -0.00111823 
v -0.00209964 0.00135 -0.000896473 
v -0.00218426 0.00135 -0.000664207 
v -0.00224327 0.00135 -0.000424154 
v -0.00227597 0.00135 -0.000179128 
v -0.002282 0.00135 6.79985e-05 
v -0.00226127 0.00135 0.000314328 
v -0.00221403 0.00135 0.000556971 
v -0.00214083 0.00135 0.000793085 
v -0.00204254 0.00135 0.0010199 
v -0.00192029 0.00135 0.00123476 
v -0.00177553 0.00135 0.00143514 
v -0.00160996 0.00135 0.0016187 
v -0.00142551 0.00135 0.00178327 
v -0.00122435 0.00135 0.00192695 
v -0.00100883 0.00135 0.00204803 
v -0.000781486 0.00135 0.00214509 
v -0.00054498 0.00135 0.00221701 
v -0.000302084 0.00135 0.00226294 
v -5.56462e-05 0.00135 0.00228233 
v 0.000191444 0.00135 0.00227497 
v 0.000436289 0.00135 0.00224094 
v 0.00067602 0.00135 0.00218063 
v 0.000907824 0.00135 0.00209476 
v 0.00112899 0.00135 0.00198432 
v 0.00133691 0.00135 0.00185063 
v 0.00152916 0.00135 0.00169523 
v 0.00170348 0.00135 0.00151996 
v 0.00185784 0.00135 0.00132687 
v 0.0019904 0.00135 0.00111823 
v 0.00209964 0.00135 0.000896473 
v 0.00218426 0.00135 0.000664207 
v 0.00224327 0.00135 0.000424154 
v 0.00227597 0.00135 0.000179128 
v 0.002282 0.00135 -6.79985e-05 
v 0.00226127 0.00135 -0.000314328 
v 0.00221403 0.00135 -0.000556971 
v 0.00214083 0.00135 -0.000793085 
v 0.00204254 0.00135 -0.0010199 
v 0.00192029 0.00135 -0.00123476 
v 0.00177553 0.00135 -0.00143514 
v 0.00160996 0.00135 -0.0016187 
v 0.00142551 0.00135 -0.00178327 
v 0.00122435 0.00135 -0.00192695 
v 0.00100883 0.00135 -0.00204803 
v 0.000781486 0.00135 -0.00214509 
v 0.00054498 0.00135 -0.00221701 
v 0.000302084 0.00135 -0.00226294 
v 5.49514e-05 0.00139389 -0.00225384 
v -0.000189054 0.00139389 -0.00224657 
v -0.000430842 0.00139389 -0.00221296 
v -0.000667579 0.00139389 -0.0021534 
v -0.00089649 0.00139389 -0.0020686 
v -0.00111489 0.00139389 -0.00195955 
v -0.00132022 0.00139389 -0.00182752 
v -0.00151007 0.00139389 -0.00167407 
v -0.00168222 0.00139389 -0.00150099 
v -0.00183464 0.00139389 -0.00131031 
v -0.00196555 0.00139389 -0.00110427 
v -0.00207342 0.00139389 -0.00088528 
v -0.00215699 0.00139389 -0.000655914 
v -0.00221526 0.00139389 -0.000418858 
v -0.00224756 0.00139389 -0.000176891 
v -0.00225351 0.00139389 6.71495e-05 
v -0.00223304 0.00139389 0.000310403 
v -0.00218639 0.00139389 0.000550017 
v -0.0021141 0.00139389 0.000783183 
v -0.00201703 0.00139389 0.00100717 
v -0.00189632 0.00139389 0.00121934 
v -0.00175337 0.00139389 0.00141722 
v -0.00158986 0.00139389 0.00159849 
v -0.00140771 0.00139389 0.00176101 
v -0.00120906 0.00139389 0.00190289 
v -0.000996235 0.00139389 0.00202246 
v -0.000771729 0.00139389 0.00211831 
v -0.000538175 0.00139389 0.00218933 
v -0.000298312 0.00139389 0.00223469 
v -5.49514e-05 0.00139389 0.00225384 
v 0.000189054 0.00139389 0.00224657 
v 0.000430842 0.00139389 0.00221296 
v 0.000667579 0.00139389 0.0021534 
v 0.00089649 0.00139389 0.0020686 
v 0.00111489 0.00139389 0.00195955 
v 0.00132022 0.00139389 0.00182752 
v 0.00151007 0.00139389 0.00167407 
v 0.00168222 0.00139389 0.00150099 
v 0.00183464 0.00139389 0.00131031 
v 0.00196555 0.00139389 0.00110427 
v 0.00207342 0.00139389 0.00088528 
v 0.00215699 0.00139389 0.000655914 
v 0.00221526 0.00139389 0.000418858 
v 0.00224756 0.00139389 0.000176891 
v 0.00225351 0.00139389 -6.71495e-05 
v 0.00223304 0.00139389 -0.000310403 
v 0.00218639 0.00139389 -0.000550017 
v 0.0021141 0.00139389 -0.000783183 
v 0.00201703 0.00139389 -0.00100717 
v 0.00189632 0.00139389 -0.00121934 
v 0.00175337 0.00139389 -0.00141722 
v 0.00158986 0.00139389 -0.00159849 
v 0.00140771 0.00139389 -0.00176101 
v 0.00120906 0.00139389 -0.00190289 
v 0.000996235 0.00139389 -0.00202246 
v 0.000771729 0.00139389 -0.00211831 
v 0.000538175 0.00139389 -0.00218933 
v 0.000298312 0.00139389 -0.00223469 
v 5.41486e-05 0.00143457 -0.00222091 
v -0.000186292 0.00143457 -0.00221375 
v -0.000424548 0.00143457 -0.00218063 
v -0.000657827 0.00143457 -0.00212194 
v -0.000883393 0.00143457 -0.00203838 
v -0.0010986 0.00143457 -0.00193092 
v -0.00130093 0.00143457 -0.00180082 
v -0.00148801 0.00143457 -0.00164961 
v -0.00165764 0.00143457 -0.00147906 
v -0.00180784 0.00143457 -0.00129117 
v -0.00193684 0.00143457 -0.00108814 
v -0.00204313 0.00143457 -0.000872347 
v -0.00212547 0.00143457 -0.000646332 
v -0.00218289 0.00143457 -0.000412739 
v -0.00221472 0.00143457 -0.000174307 
v -0.00222059 0.00143457 6.61686e-05 
v -0.00220042 0.00143457 0.000305868 
v -0.00215445 0.00143457 0.000541982 
v -0.00208322 0.00143457 0.000771742 
v -0.00198757 0.00143457 0.000992453 
v -0.00186861 0.00143457 0.00120153 
v -0.00172775 0.00143457 0.00139652 
v -0.00156663 0.00143457 0.00157513 
v -0.00138715 0.00143457 0.00173528 
v -0.0011914 0.00143457 0.00187509 
v -0.000981681 0.00143457 0.00199291 
v -0.000760455 0.00143457 0.00208736 
v -0.000530313 0.00143457 0.00215735 
v -0.000293954 0.00143457 0.00220204 
v -5.41486e-05 0.00143457 0.00222091 
v 0.000186292 0.00143457 0.00221375 
v 0.000424548 0.00143457 0.00218063 
v 0.000657827 0.00143457 0.00212194 
v 0.000883393 0.00143457 0.00203838 
v 0.0010986 0.00143457 0.00193092 
v 0.00130093 0.00143457 0.00180082 
v 0.00148801 0.00143457 0.00164961 
v 0.00165764 0.00143457 0.00147906 
v 0.00180784 0.00143457 0.00129117 
v 0.00193684 0.00143457 0.00108814 
v 0.00204313 0.00143457 0.000872347 
v 0.00212547 0.00143457 0.000646332 
v 0.00218289 0.00143457 0.000412739 
v 0.00221472 0.00143457 0.000174307 
v 0.00222059 0.00143457 -6.61686e-05 
v 0.00220042 0.00143457 -0.000305868 
v 0.00215445 0.00143457 -0.000541982 
v 0.00208322 0.00143457 -0.000771742 
v 0.00198757 0.00143457 -0.000992453 
v 0.00186861 0.00143457 -0.00120153 
v 0.00172775 0.00143457 -0.00139652 
v 0.00156663 0.00143457 -0.00157513 
v 0.00138715 0.00143457 -0.00173528 
v 0.0011914 0.00143457 -0.00187509 
v 0.000981681 0.00143457 -0.00199291 
v 0.000760455 0.00143457 -0.00208736 
v 0.000530313 0.00143457 -0.00215735 
v 0.000293954 0.00143457 -0.00220204 
v 5.32466e-05 0.00147157 -0.00218392 
v -0.000183188 0.00147157 -0.00217687 
v -0.000417476 0.00147157 -0.0021443 
v -0.000646868 0.00147157 -0.0020866 
v -0.000868677 0.00147157 -0.00200443 
v -0.0010803 0.00147157 -0.00189876 
v -0.00127926 0.00147157 -0.00177082 
v -0.00146322 0.00147157 -0.00162213 
v -0.00163003 0.00147157 -0.00145442 
v -0.00177772 0.00147157 -0.00126966 
v -0.00190458 0.00147157 -0.00107001 
v -0.0020091 0.00147157 -0.000857816 
v -0.00209007 0.00147157 -0.000635565 
v -0.00214653 0.00147157 -0.000405864 
v -0.00217783 0.00147157 -0.000171403 
v -0.0021836 0.00147157 6.50663e-05 
v -0.00216376 0.00147157 0.000300773 
v -0.00211856 0.00147157 0.000532954 
v -0.00204852 0.00147157 0.000758886 
v -0.00195446 0.00147157 0.000975921 
v -0.00183748 0.00147157 0.00118151 
v -0.00169897 0.00147157 0.00137325 
v -0.00154053 0.00147157 0.0015489 
v -0.00136404 0.00147157 0.00170638 
v -0.00117155 0.00147157 0.00184385 
v -0.000965328 0.00147157 0.00195971 
v -0.000747787 0.00147157 0.00205259 
v -0.000521479 0.00147157 0.00212141 
v -0.000289057 0.00147157 0.00216536 
v -5.32466e-05 0.00147157 0.00218392 
v 0.000183188 0.00147157 0.00217687 
v 0.000417476 0.00147157 0.0021443 
v 0.000646868 0.00147157 0.0020866 
v 0.000868677 0.00147157 0.00200443 
v 0.0010803 0.00147157 0.00189876 
v 0.00127926 0.00147157 0.00177082 
v 0.00146322 0.00147157 0.00162213 
v 0.00163003 0.00147157 0.00145442 
v 0.00177772 0.00147157 0.00126966 
v 0.00190458 0.00147157 0.00107001 
v 0.0020091 0.00147157 0.000857816 
v 0.00209007 0.00147157 0.000635565 
v 0.00214653 0.00147157 0.000405864 
v 0.00217783 0.00147157 0.000171403 
v 0.0021836 0.00147157 -6.50663e-05 
v 0.00216376 0.00147157 -0.000300773 
v 0.00211856 0.00147157 -0.000532954 
v 0.00204852 0.00147157 -0.000758886 
v 0.00195446 0.00147157 -0.000975921 
v 0.00183748 0.00147157 -0.00118151 
v 0.00169897 0.00147157 -0.00137325 
v 0.00154053 0.00147157 -0.0015489 
v 0.00136404 0.00147157 -0.00170638 
v 0.00117155 0.00147157 -0.00184385 
v 0.000965328 0.00147157 -0.00195971 
v 0.000747787 0.00147157 -0.00205259 
v 0.000521479 0.00147157 -0.00212141 
v 0.000289057 0.00147157 -0.00216536 
v 5.22553e-05 0.00150451 -0.00214326 
v -0.000179778 0.00150451 -0.00213634 
v -0.000409703 0.00150451 -0.00210438 
v -0.000634825 0.00150451 -0.00204775 
v -0.000852504 0.00150451 -0.00196711 
v -0.00106019 0.00150451 -0.0018634 
v -0.00125544 0.00150451 -0.00173785 
v -0.00143598 0.00150451 -0.00159193 
v -0.00159968 0.00150451 -0.00142734 
v -0.00174462 0.00150451 -0.00124602 
v -0.00186912 0.00150451 -0.00105009 
v -0.00197169 0.00150451 -0.000841845 
v -0.00205115 0.00150451 -0.000623732 
v -0.00210657 0.00150451 -0.000398307 
v -0.00213728 0.00150451 -0.000168212 
v -0.00214294 0.00150451 6.38549e-05 
v -0.00212348 0.00150451 0.000295173 
v -0.00207911 0.00150451 0.000523031 
v -0.00201038 0.00150451 0.000744757 
v -0.00191807 0.00150451 0.000957751 
v -0.00180327 0.00150451 0.00115952 
v -0.00166734 0.00150451 0.00134769 
v -0.00151185 0.00150451 0.00152006 
v -0.00133864 0.00150451 0.00167461 
v -0.00114974 0.00150451 0.00180952 
v -0.000947355 0.00150451 0.00192322 
v -0.000733865 0.00150451 0.00201438 
v -0.00051177 0.00150451 0.00208191 
v -0.000283676 0.00150451 0.00212504 
v -5.22553e-05 0.00150451 0.00214326 
v 0.000179778 0.00150451 0.00213634 
v 0.000409703 0.00150451 0.00210438 
v 0.000634825 0.00150451 0.00204775 
v 0.000852504 0.00150451 0.00196711 
v 0.00106019 0.00150451 0.0018634 
v 0.00125544 0.00150451 0.00173785 
v 0.00143598 0.00150451 0.00159193 
v 0.00159968 0.00150451 0.00142734 
v 0.00174462 0.00150451 0.00124602 
v 0.00186912 0.00150451 0.00105009 
v 0.00197169 0.00150451 0.000841845 
v 0.00205115 0.00150451 0.000623732 
v 0.00210657 0.00150451 0.000398307 
v 0.00213728 0.00150451 0.000168212 
v 0.00214294 0.00150451 -6.38549e-05 
v 0.00212348 0.00150451 -0.000295173 
v 0.00207911 0.00150451 -0.000523031 
v 0.00201038 0.00150451 -0.000744757 
v 0.00191807 0.00150451 -0.000957751 
v 0.00180327 0.00150451 -0.00115952 
v 0.00166734 0.00150451 -0.00134769 
v 0.00151185 0.00150451 -0.00152006 
v 0.00133864 0.00150451 -0.00167461 
v 0.00114974 0.00150451 -0.00180952 
v 0.000947355 0.00150451 -0.00192322 
v 0.000733865 0.00150451 -0.00201438 
v 0.00051177 0.00150451 -0.00208191 
v 0.000283676 0.00150451 -0.00212504 
v 5.11854e-05 0.00153301 -0.00209938 
v -0.000176097 0.00153301 -0.0020926 
v -0.000401315 0.00153301 -0.0020613 
v -0.000621828 0.00153301 -0.00200582 
v -0.000835051 0.00153301 -0.00192683 
v -0.00103848 0.00153301 -0.00182525 
v -0.00122974 0.00153301 -0.00170227 
v -0.00140658 0.00153301 -0.00155934 
v -0.00156693 0.00153301 -0.00139812 
v -0.00170891 0.00153301 -0.00122051 
v -0.00183085 0.00153301 -0.00102859 
v -0.00193133 0.00153301 -0.000824609 
v -0.00200916 0.00153301 -0.000610962 
v -0.00206344 0.00153301 -0.000390152 
v -0.00209353 0.00153301 -0.000164768 
v -0.00209907 0.00153301 6.25476e-05 
v -0.00208 0.00153301 0.00028913 
v -0.00203655 0.00153301 0.000512323 
v -0.00196922 0.00153301 0.000729509 
v -0.0018788 0.00153301 0.000938143 
v -0.00176636 0.00153301 0.00113578 
v -0.0016332 0.00153301 0.0013201 
v -0.0014809 0.00153301 0.00148894 
v -0.00131124 0.00153301 0.00164032 
v -0.0011262 0.00153301 0.00177248 
v -0.00092796 0.00153301 0.00188385 
v -0.00071884 0.00153301 0.00197314 
v -0.000501293 0.00153301 0.00203929 
v -0.000277868 0.00153301 0.00208154 
v -5.11854e-05 0.00153301 0.00209938 
v 0.000176097 0.00153301 0.0020926 
v 0.000401315 0.00153301 0.0020613 
v 0.000621828 0.00153301 0.00200582 
v 0.000835051 0.00153301 0.00192683 
v 0.00103848 0.00153301 0.00182525 
v 0.00122974 0.00153301 0.00170227 
v 0.00140658 0.00153301 0.00155934 
v 0.00156693 0.00153301 0.00139812 
v 0.00170891 0.00153301 0.00122051 
v 0.00183085 0.00153301 0.00102859 
v 0.00193133 0.00153301 0.000824609 
v 0.00200916 0.00153301 0.000610962 
v 0.00206344 0.00153301 0.000390152 
v 0.00209353 0.00153301 0.000164768 
v 0.00209907 0.00153301 -6.25476e-05 
v 0.00208 0.00153301 -0.00028913 
v 0.00203655 0.00153301 -0.000512323 
v 0.00196922 0.00153301 -0.000729509 
v 0.0018788 0.00153301 -0.000938143 
v 0.00176636 0.00153301 -0.00113578 
v 0.0016332 0.00153301 -0.0013201 
v 0.0014809 0.00153301 -0.00148894 
v 0.00131124 0.00153301 -0.00164032 
v 0.0011262 0.00153301 -0.00177248 
v 0.00092796 0.00153301 -0.00188385 
v 0.00071884 0.00153301 -0.00197314 
v 0.000501293 0.00153301 -0.00203929 
v 0.000277868 0.00153301 -0.00208154 
v 5.00488e-05 0.00155677 -0.00205276 
v -0.000172187 0.00155677 -0.00204614 
v -0.000392404 0.00155677 -0.00201552 
v -0.00060802 0.00155677 -0.00196128 
v -0.000816508 0.00155677 -0.00188405 
v -0.00101542 0.00155677 -0.00178472 
v -0.00120243 0.00155677 -0.00166447 
v -0.00137535 0.00155677 -0.00152471 
v -0.00153213 0.00155677 -0.00136707 
v -0.00167096 0.00155677 -0.00119341 
v -0.00179019 0.00155677 -0.00100575 
v -0.00188844 0.00155677 -0.000806298 
v -0.00196455 0.00155677 -0.000597396 
v -0.00201762 0.00155677 -0.000381489 
v -0.00204704 0.00155677 -0.00016111 
v -0.00205246 0.00155677 6.11587e-05 
v -0.00203381 0.00155677 0.00028271 
v -0.00199132 0.00155677 0.000500946 
v -0.00192549 0.00155677 0.00071331 
v -0.00183708 0.00155677 0.000917311 
v -0.00172713 0.00155677 0.00111056 
v -0.00159694 0.00155677 0.00129078 
v -0.00144802 0.00155677 0.00145587 
v -0.00128212 0.00155677 0.0016039 
v -0.00110119 0.00155677 0.00173312 
v -0.000907354 0.00155677 0.00184202 
v -0.000702878 0.00155677 0.00192932 
v -0.000490161 0.00155677 0.00199401 
v -0.000271698 0.00155677 0.00203531 
v -5.00488e-05 0.00155677 0.00205276 
v 0.000172187 0.00155677 0.00204614 
v 0.000392404 0.00155677 0.00201552 
v 0.00060802 0.00155677 0.00196128 
v 0.000816508 0.00155677 0.00188405 
v 0.00101542 0.00155677 0.00178472 
v 0.00120243 0.00155677 0.00166447 
v 0.00137535 0.00155677 0.00152471 
v 0.00153213 0.00155677 0.00136707 
v 0.00167096 0.00155677 0.00119341 
v 0.00179019 0.00155677 0.00100575 
v 0.00188844 0.00155677 0.000806298 
v 0.00196455 0.00155677 0.000597396 
v 0.00201762 0.00155677 0.000381489 
v 0.00204704 0.00155677 0.00016111 
v 0.00205246 0.00155677 -6.11587e-05 
v 0.00203381 0.00155677 -0.00028271 
v 0.00199132 0.00155677 -0.000500946 
v 0.00192549 0.00155677 -0.00071331 
v 0.00183708 0.00155677 -0.000917311 
v 0.00172713 0.00155677 -0.00111056 
v 0.00159694 0.00155677 -0.00129078 
v 0.00144802 0.00155677 -0.00145587 
v 0.00128212 0.00155677 -0.0016039 
v 0.00110119 0.00155677 -0.00173312 
v 0.000907354 0.00155677 -0.00184202 
v 0.000702878 0.00155677 -0.00192932 
v 0.000490161 0.00155677 -0.00199401 
v 0.000271698 0.00155677 -0.00203531 
v 4.88579e-05 0.00157553 -0.00200391 
v -0.00016809 0.00157553 -0.00199745 
v -0.000383066 0.00157553 -0.00196757 
v -0.000593552 0.00157553 -0.00191461 
v -0.000797079 0.00157553 -0.00183922 
v -0.000991261 0.00157553 -0.00174226 
v -0.00117382 0.00157553 -0.00162487 
v -0.00134262 0.00157553 -0.00148843 
v -0.00149568 0.00157553 -0.00133454 
v -0.0016312 0.00157553 -0.00116501 
v -0.0017476 0.00157553 -0.000981816 
v -0.0018435 0.00157553 -0.000787113 
v -0.0019178 0.00157553 -0.000583181 
v -0.00196961 0.00157553 -0.000372411 
v -0.00199833 0.00157553 -0.000157276 
v -0.00200362 0.00157553 5.97034e-05 
v -0.00198542 0.00157553 0.000275983 
v -0.00194394 0.00157553 0.000489026 
v -0.00187967 0.00157553 0.000696337 
v -0.00179337 0.00157553 0.000895483 
v -0.00168604 0.00157553 0.00108413 
v -0.00155894 0.00157553 0.00126007 
v -0.00141356 0.00157553 0.00142123 
v -0.00125161 0.00157553 0.00156573 
v -0.00107499 0.00157553 0.00169188 
v -0.000885763 0.00157553 0.00179819 
v -0.000686153 0.00157553 0.00188341 
v -0.000478498 0.00157553 0.00194656 
v -0.000265233 0.00157553 0.00198688 
v -4.88579e-05 0.00157553 0.00200391 
v 0.00016809 0.00157553 0.00199745 
v 0.000383066 0.00157553 0.00196757 
v 0.000593552 0.00157553 0.00191461 
v 0.000797079 0.00157553 0.00183922 
v 0.000991261 0.00157553 0.00174226 
v 0.00117382 0.00157553 0.00162487 
v 0.00134262 0.00157553 0.00148843 
v 0.00149568 0.00157553 0.00133454 
v 0.0016312 0.00157553 0.00116501 
v 0.0017476 0.00157553 0.000981816 
v 0.0018435 0.00157553 0.000787113 
v 0.0019178 0.00157553 0.000583181 
v 0.00196961 0.00157553 0.000372411 
v 0.00199833 0.00157553 0.000157276 
v 0.00200362 0.00157553 -5.97034e-05 
v 0.00198542 0.00157553 -0.000275983 
v 0.00194394 0.00157553 -0.000489026 
v 0.00187967 0.00157553 -0.000696337 
v 0.00179337 0.00157553 -0.000895483 
v 0.00168604 0.00157553 -0.00108413 
v 0.00155894 0.00157553 -0.00126007 
v 0.00141356 0.00157553 -0.00142123 
v 0.00125161 0.00157553 -0.00156573 
v 0.00107499 0.00157553 -0.00169188 
v 0.000885763 0.00157553 -0.00179819 
v 0.000686153 0.00157553 -0.00188341 
v 0.000478498 0.00157553 -0.00194656 
v 0.000265233 0.00157553 -0.00198688 
v 4.76257e-05 0.00158907 -0.00195338 
v -0.00016385 0.00158907 -0.00194707 
v -0.000373406 0.00158907 -0.00191794 
v -0.000578583 0.00158907 -0.00186633 
v -0.000776977 0.00158907 -0.00179283 
v -0.000966262 0.00158907 -0.00169832 
v -0.00114422 0.00158907 -0.00158389 
v -0.00130876 0.00158907 -0.00145089 
v -0.00145796 0.00158907 -0.00130089 
v -0.00159006 0.00158907 -0.00113563 
v -0.00170352 0.00158907 -0.000957055 
v -0.00179701 0.00158907 -0.000767262 
v -0.00186943 0.00158907 -0.000568473 
v -0.00191994 0.00158907 -0.000363019 
v -0.00194793 0.00158907 -0.00015331 
v -0.00195309 0.00158907 5.81977e-05 
v -0.00193535 0.00158907 0.000269023 
v -0.00189492 0.00158907 0.000476693 
v -0.00183227 0.00158907 0.000678776 
v -0.00174814 0.00158907 0.0008729 
v -0.00164351 0.00158907 0.00105679 
v -0.00151962 0.00158907 0.00122829 
v -0.00137791 0.00158907 0.00138539 
v -0.00122005 0.00158907 0.00152625 
v -0.00104788 0.00158907 0.00164921 
v -0.000863425 0.00158907 0.00175284 
v -0.000668848 0.00158907 0.00183592 
v -0.00046643 0.00158907 0.00189747 
v -0.000258544 0.00158907 0.00193678 
v -4.76257e-05 0.00158907 0.00195338 
v 0.00016385 0.00158907 0.00194707 
v 0.000373406 0.00158907 0.00191794 
v 0.000578583 0.00158907 0.00186633 
v 0.000776977 0.00158907 0.00179283 
v 0.000966262 0.00158907 0.00169832 
v 0.00114422 0.00158907 0.00158389 
v 0.00130876 0.00158907 0.00145089 
v 0.00145796 0.00158907 0.00130089 
v 0.00159006 0.00158907 0.00113563 
v 0.00170352 0.00158907 0.000957055 
v 0.00179701 0.00158907 0.000767262 
v 0.00186943 0.00158907 0.000568473 
v 0.00191994 0.00158907 0.000363019 
v 0.00194793 0.00158907 0.00015331 
v 0.00195309 0.00158907 -5.81977e-05 
v 0.00193535 0.00158907 -0.000269023 
v 0.00189492 0.00158907 -0.000476693 
v 0.00183227 0.00158907 -0.000678776 
v 0.00174814 0.00158907 -0.0008729 
v 0.00164351 0.00158907 -0.00105679 
v 0.00151962 0.00158907 -0.00122829 
v 0.00137791 0.00158907 -0.00138539 
v 0.00122005 0.00158907 -0.00152625 
v 0.00104788 0.00158907 -0.00164921 
v 0.000863425 0.00158907 -0.00175284 
v 0.000668848 0.00158907 -0.00183592 
v 0.00046643 0.00158907 -0.00189747 
v 0.000258544 0.00158907 -0.00193678 
v 4.63658e-05 0.00159726 -0.0019017 
v -0.000159516 0.00159726 -0.00189556 
v -0.000363527 0.00159726 -0.00186721 
v -0.000563277 0.00159726 -0.00181696 
v -0.000756422 0.00159726 -0.0017454 
v -0.000940699 0.00159726 -0.00165339 
v -0.00111395 0.00159726 -0.00154199 
v -0.00127414 0.00159726 -0.00141251 
v -0.00141939 0.00159726 -0.00126647 
v -0.001548 0.00159726 -0.00110559 
v -0.00165846 0.00159726 -0.000931737 
v -0.00174947 0.00159726 -0.000746964 
v -0.00181998 0.00159726 -0.000553434 
v -0.00186915 0.00159726 -0.000353416 
v -0.0018964 0.00159726 -0.000149254 
v -0.00190142 0.00159726 5.66581e-05 
v -0.00188415 0.00159726 0.000261906 
v -0.00184479 0.00159726 0.000464083 
v -0.0017838 0.00159726 0.000660819 
v -0.00170189 0.00159726 0.000849807 
v -0.00160004 0.00159726 0.00102883 
v -0.00147942 0.00159726 0.0011958 
v -0.00134146 0.00159726 0.00134874 
v -0.00118777 0.00159726 0.00148587 
v -0.00102016 0.00159726 0.00160558 
v -0.000840583 0.00159726 0.00170647 
v -0.000651154 0.00159726 0.00178735 
v -0.000454091 0.00159726 0.00184727 
v -0.000251704 0.00159726 0.00188554 
v -4.63658e-05 0.00159726 0.0019017 
v 0.000159516 0.00159726 0.00189556 
v 0.000363527 0.00159726 0.00186721 
v 0.000563277 0.00159726 0.00181696 
v 0.000756422 0.00159726 0.0017454 
v 0.000940699 0.00159726 0.00165339 
v 0.00111395 0.00159726 0.00154199 
v 0.00127414 0.00159726 0.00141251 
v 0.00141939 0.00159726 0.00126647 
v 0.001548 0.00159726 0.00110559 
v 0.00165846 0.00159726 0.000931737 
v 0.00174947 0.00159726 0.000746964 
v 0.00181998 0.00159726 0.000553434 
v 0.00186915 0.00159726 0.000353416 
v 0.0018964 0.00159726 0.000149254 
v 0.00190142 0.00159726 -5.66581e-05 
v 0.00188415 0.00159726 -0.000261906 
v 0.00184479 0.00159726 -0.000464083 
v 0.0017838 0.00159726 -0.000660819 
v 0.00170189 0.00159726 -0.000849807 
v 0.00160004 0.00159726 -0.00102883 
v 0.00147942 0.00159726 -0.0011958 
v 0.00134146 0.00159726 -0.00134874 
v 0.00118777 0.00159726 -0.00148587 
v 0.00102016 0.00159726 -0.00160558 
v 0.000840583 0.00159726 -0.00170647 
v 0.000651154 0.00159726 -0.00178735 
v 0.000454091 0.00159726 -0.00184727 
v 0.000251704 0.00159726 -0.00188554 
v 0 0.0016 0 
vn 0 -1 0 
vn 0.991364 -0.104528 -0.0791896 
vn 0.996825 0 -0.0796258 
vn 1 0 2.91597e-05 
vn 0.994115 -0.104528 0.02846 
vn 0.99959 0 0.0286167 
vn 0.994135 0 0.108148 
vn 0.98521 -0.104528 0.135776 
vn 0.990637 0 0.136524 
vn 0.976614 0 0.214999 
vn 0.964755 -0.104528 0.2415 
vn 0.970069 0 0.24283 
vn 0.947644 0 0.319329 
vn 0.932989 -0.104528 0.344392 
vn 0.938128 0 0.346289 
vn 0.907563 0 0.419916 
vn 0.890284 -0.104528 0.443247 
vn 0.895188 0 0.445689 
vn 0.856842 0 0.515579 
vn 0.837142 -0.104528 0.536906 
vn 0.841753 0 0.539863 
vn 0.796075 0 0.605197 
vn 0.774185 -0.104528 0.624269 
vn 0.778449 0 0.627708 
vn 0.725975 0 0.687721 
vn 0.702151 -0.104528 0.704314 
vn 0.706018 0 0.708193 
vn 0.647364 0 0.762181 
vn 0.621885 -0.104528 0.776101 
vn 0.625311 0 0.780376 
vn 0.561163 0 0.827705 
vn 0.534328 -0.104528 0.838789 
vn 0.537271 0 0.843409 
vn 0.468383 0 0.883526 
vn 0.440507 -0.104528 0.891643 
vn 0.442933 0 0.896555 
vn 0.370111 0 0.928988 
vn 0.341521 -0.104528 0.934043 
vn 0.343402 0 0.939188 
vn 0.2675 0 0.963558 
vn 0.238531 -0.104528 0.965493 
vn 0.239845 0 0.970811 
vn 0.161753 0 0.986831 
vn 0.132745 -0.104528 0.985623 
vn 0.133476 0 0.991052 
vn 0.0541098 0 0.998535 
vn 0.0254021 -0.104528 0.994197 
vn 0.025542 0 0.999674 
vn -0.054168 0 0.998532 
vn -0.0822385 -0.104528 0.991116 
vn -0.0826915 0 0.996575 
vn -0.161811 0 0.986822 
vn -0.188915 -0.104528 0.976414 
vn -0.189955 0 0.981793 
vn -0.267556 0 0.963542 
vn -0.293376 -0.104528 0.950265 
vn -0.294992 0 0.9555 
vn -0.370165 0 0.928966 
vn -0.394398 -0.104528 0.912975 
vn -0.396571 0 0.918004 
vn -0.468434 0 0.883498 
vn -0.490796 -0.104528 0.864981 
vn -0.4935 0 0.869746 
vn -0.561211 0 0.827673 
vn -0.58144 -0.104528 0.806846 
vn -0.584643 0 0.811291 
vn -0.647409 0 0.762143 
vn -0.665267 -0.104528 0.739252 
vn -0.668932 0 0.743324 
vn -0.726016 0 0.687678 
vn -0.741295 -0.104528 0.66299 
vn -0.745378 0 0.666642 
vn -0.796111 0 0.605151 
vn -0.808631 -0.104528 0.578956 
vn -0.813085 0 0.582145 
vn -0.856872 0 0.515529 
vn -0.866487 -0.104528 0.488134 
vn -0.87126 0 0.490822 
vn -0.907588 0 0.419863 
vn -0.914184 -0.104528 0.391588 
vn -0.91922 0 0.393745 
vn -0.947662 0 0.319274 
vn -0.951163 -0.104528 0.290452 
vn -0.956402 0 0.292052 
vn -0.976627 0 0.214942 
vn -0.976991 -0.104528 0.185911 
vn -0.982372 0 0.186935 
vn -0.994141 0 0.10809 
vn -0.991364 -0.104528 0.0791896 
vn -0.996825 0 0.0796258 
vn -1 0 1.62538e-09 
vn -0.994115 -0.104528 -0.02846 
vn -0.99959 0 -0.0286167 
vn -0.994135 0 -0.108148 
vn -0.98521 -0.104528 -0.135776 
vn -0.990637 0 -0.136524 
vn -0.976614 0 -0.214999 
vn -0.964755 -0.104528 -0.2415 
vn -0.970069 0 -0.24283 
vn -0.947644 0 -0.319329 
vn -0.932989 -0.104528 -0.344392 
vn -0.938128 0 -0.346289 
vn -0.907563 0 -0.419916 
vn -0.890284 -0.104528 -0.443247 
vn -0.895188 0 -0.445689 
vn -0.856842 0 -0.515579 
vn -0.837142 -0.104528 -0.536906 
vn -0.841753 0 -0.539863 
vn -0.796075 0 -0.605197 
vn -0.774185 -0.104528 -0.624269 
vn -0.778449 0 -0.627708 
vn -0.725975 0 -0.687721 
vn -0.702151 -0.104528 -0.704314 
vn -0.706018 0 -0.708193 
vn -0.647364 0 -0.762181 
vn -0.621885 -0.104528 -0.776101 
vn -0.625311 0 -0.780376 
vn -0.561163 0 -0.827705 
vn -0.534328 -0.104528 -0.838789 
vn -0.537271 0 -0.843409 
vn -0.468383 0 -0.883526 
vn -0.440507 -0.104528 -0.891643 
vn -0.442933 0 -0.896555 
vn -0.370111 0 -0.928988 
vn -0.341521 -0.104528 -0.934043 
vn -0.343402 0 -0.939188 
vn -0.2675 0 -0.963558 
vn -0.238531 -0.104528 -0.965493 
vn -0.239845 0 -0.970811 
vn -0.161753 0 -0.986831 
vn -0.132745 -0.104528 -0.985623 
vn -0.133476 0 -0.991052 
vn -0.0541098 0 -0.998535 
vn -0.0254021 -0.104528 -0.994197 
vn -0.025542 0 -0.999674 
vn 0.054168 0 -0.998532 
vn 0.0822385 -0.104528 -0.991116 
vn 0.0826915 0 -0.996575 
vn 0.161811 0 -0.986822 
vn 0.188915 -0.104528 -0.976414 
vn 0.189955 0 -0.981793 
vn 0.267556 0 -0.963542 
vn 0.293376 -0.104528 -0.950265 
vn 0.294992 0 -0.9555 
vn 0.370165 0 -0.928966 
vn 0.394398 -0.104528 -0.912975 
vn 0.396571 0 -0.918004 
vn 0.468434 0 -0.883498 
vn 0.490796 -0.104528 -0.864981 
vn 0.4935 0 -0.869746 
vn 0.561211 0 -0.827673 
vn 0.58144 -0.104528 -0.806846 
vn 0.584643 0 -0.811291 
vn 0.647409 0 -0.762143 
vn 0.665267 -0.104528 -0.739252 
vn 0.668932 0 -0.743324 
vn 0.726016 0 -0.687678 
vn 0.741295 -0.104528 -0.66299 
vn 0.745378 0 -0.666642 
vn 0.796111 0 -0.605151 
vn 0.808631 -0.104528 -0.578956 
vn 0.813085 0 -0.582145 
vn 0.856872 0 -0.515529 
vn 0.866487 -0.104528 -0.488134 
vn 0.87126 0 -0.490822 
vn 0.907588 0 -0.419863 
vn 0.914184 -0.104528 -0.391588 
vn 0.91922 0 -0.393745 
vn 0.947662 0 -0.319274 
vn 0.951163 -0.104528 -0.290452 
vn 0.956402 0 -0.292052 
vn 0.976627 0 -0.214942 
vn 0.976991 -0.104528 -0.185911 
vn 0.982372 0 -0.186935 
vn 0.994141 0 -0.10809 
vn 0.975042 -0.207912 -0.0778858 
vn 0.977747 -0.207912 0.0279914 
vn 0.968989 -0.207912 0.13354 
vn 0.948871 -0.207912 0.237524 
vn 0.917627 -0.207912 0.338722 
vn 0.875626 -0.207912 0.43595 
vn 0.823358 -0.207912 0.528066 
vn 0.761438 -0.207912 0.613991 
vn 0.69059 -0.207912 0.692718 
vn 0.611646 -0.207912 0.763323 
vn 0.525531 -0.207912 0.824979 
vn 0.433254 -0.207912 0.876963 
vn 0.335898 -0.207912 0.918665 
vn 0.234604 -0.207912 0.949597 
vn 0.130559 -0.207912 0.969395 
vn 0.0249838 -0.207912 0.977828 
vn -0.0808845 -0.207912 0.974798 
vn -0.185804 -0.207912 0.960338 
vn -0.288546 -0.207912 0.93462 
vn -0.387905 -0.207912 0.897944 
vn -0.482716 -0.207912 0.85074 
vn -0.571867 -0.207912 0.793562 
vn -0.654314 -0.207912 0.72708 
vn -0.72909 -0.207912 0.652074 
vn -0.795317 -0.207912 0.569424 
vn -0.852221 -0.207912 0.480097 
vn -0.899132 -0.207912 0.385141 
vn -0.935503 -0.207912 0.28567 
vn -0.960905 -0.207912 0.18285 
vn -0.975042 -0.207912 0.0778858 
vn -0.977747 -0.207912 -0.0279914 
vn -0.968989 -0.207912 -0.13354 
vn -0.948871 -0.207912 -0.237524 
vn -0.917627 -0.207912 -0.338722 
vn -0.875626 -0.207912 -0.43595 
vn -0.823358 -0.207912 -0.528066 
vn -0.761438 -0.207912 -0.613991 
vn -0.69059 -0.207912 -0.692718 
vn -0.611646 -0.207912 -0.763323 
vn -0.525531 -0.207912 -0.824979 
vn -0.433254 -0.207912 -0.876963 
vn -0.335898 -0.207912 -0.918665 
vn -0.234604 -0.207912 -0.949597 
vn -0.130559 -0.207912 -0.969395 
vn -0.0249838 -0.207912 -0.977828 
vn 0.0808845 -0.207912 -0.974798 
vn 0.185804 -0.207912 -0.960338 
vn 0.288546 -0.207912 -0.93462 
vn 0.387905 -0.207912 -0.897944 
vn 0.482716 -0.207912 -0.85074 
vn 0.571867 -0.207912 -0.793562 
vn 0.654314 -0.207912 -0.72708 
vn 0.72909 -0.207912 -0.652074 
vn 0.795317 -0.207912 -0.569424 
vn 0.852221 -0.207912 -0.480097 
vn 0.899132 -0.207912 -0.385141 
vn 0.935503 -0.207912 -0.28567 
vn 0.960905 -0.207912 -0.18285 
vn 0.948037 -0.309017 -0.0757286 
vn 0.950667 -0.309017 0.0272161 
vn 0.942152 -0.309017 0.129842 
vn 0.92259 -0.309017 0.230945 
vn 0.892212 -0.309017 0.329341 
vn 0.851374 -0.309017 0.423875 
vn 0.800554 -0.309017 0.51344 
vn 0.740349 -0.309017 0.596986 
vn 0.671463 -0.309017 0.673532 
vn 0.594706 -0.309017 0.742182 
vn 0.510976 -0.309017 0.80213 
vn 0.421255 -0.309017 0.852674 
vn 0.326595 -0.309017 0.893221 
vn 0.228106 -0.309017 0.923296 
vn 0.126943 -0.309017 0.942547 
vn 0.0242919 -0.309017 0.950746 
vn -0.0786443 -0.309017 0.947799 
vn -0.180658 -0.309017 0.93374 
vn -0.280554 -0.309017 0.908734 
vn -0.377161 -0.309017 0.873074 
vn -0.469346 -0.309017 0.827178 
vn -0.556029 -0.309017 0.771583 
vn -0.636192 -0.309017 0.706943 
vn -0.708896 -0.309017 0.634014 
vn -0.77329 -0.309017 0.553653 
vn -0.828617 -0.309017 0.4668 
vn -0.87423 -0.309017 0.374474 
vn -0.909593 -0.309017 0.277758 
vn -0.934292 -0.309017 0.177785 
vn -0.948037 -0.309017 0.0757286 
vn -0.950667 -0.309017 -0.0272161 
vn -0.942152 -0.309017 -0.129842 
vn -0.92259 -0.309017 -0.230945 
vn -0.892212 -0.309017 -0.329341 
vn -0.851374 -0.309017 -0.423875 
vn -0.800554 -0.309017 -0.51344 
vn -0.740349 -0.309017 -0.596986 
vn -0.671463 -0.309017 -0.673532 
vn -0.594706 -0.309017 -0.742182 
vn -0.510976 -0.309017 -0.80213 
vn -0.421255 -0.309017 -0.852674 
vn -0.326595 -0.309017 -0.893221 
vn -0.228106 -0.309017 -0.923296 
vn -0.126943 -0.309017 -0.942547 
vn -0.0242919 -0.309017 -0.950746 
vn 0.0786443 -0.309017 -0.947799 
vn 0.180658 -0.309017 -0.93374 
vn 0.280554 -0.309017 -0.908734 
vn 0.377161 -0.309017 -0.873074 
vn 0.469346 -0.309017 -0.827178 
vn 0.556029 -0.309017 -0.771583 
vn 0.636192 -0.309017 -0.706943 
vn 0.708896 -0.309017 -0.634014 
vn 0.77329 -0.309017 -0.553653 
vn 0.828617 -0.309017 -0.4668 
vn 0.87423 -0.309017 -0.374474 
vn 0.909593 -0.309017 -0.277758 
vn 0.934292 -0.309017 -0.177785 
vn 0.910645 -0.406737 -0.0727418 
vn 0.913171 -0.406737 0.0261427 
vn 0.904992 -0.406737 0.124721 
vn 0.886202 -0.406737 0.221836 
vn 0.857022 -0.406737 0.316351 
vn 0.817795 -0.406737 0.407157 
vn 0.768979 -0.406737 0.49319 
vn 0.711148 -0.406737 0.57344 
vn 0.64498 -0.406737 0.646967 
vn 0.57125 -0.406737 0.712909 
vn 0.490822 -0.406737 0.770493 
vn 0.40464 -0.406737 0.819043 
vn 0.313714 -0.406737 0.857991 
vn 0.219109 -0.406737 0.88688 
vn 0.121936 -0.406737 0.905371 
vn 0.0233338 -0.406737 0.913247 
vn -0.0755424 -0.406737 0.910417 
vn -0.173533 -0.406737 0.896912 
vn -0.269489 -0.406737 0.872892 
vn -0.362285 -0.406737 0.838638 
vn -0.450835 -0.406737 0.794552 
vn -0.534098 -0.406737 0.741151 
vn -0.6111 -0.406737 0.67906 
vn -0.680937 -0.406737 0.609008 
vn -0.74279 -0.406737 0.531816 
vn -0.795935 -0.406737 0.448388 
vn -0.839749 -0.406737 0.359704 
vn -0.873717 -0.406737 0.266803 
vn -0.897442 -0.406737 0.170773 
vn -0.910645 -0.406737 0.0727418 
vn -0.913171 -0.406737 -0.0261427 
vn -0.904992 -0.406737 -0.124721 
vn -0.886202 -0.406737 -0.221836 
vn -0.857022 -0.406737 -0.316351 
vn -0.817795 -0.406737 -0.407157 
vn -0.768979 -0.406737 -0.49319 
vn -0.711148 -0.406737 -0.57344 
vn -0.64498 -0.406737 -0.646967 
vn -0.57125 -0.406737 -0.712909 
vn -0.490822 -0.406737 -0.770493 
vn -0.40464 -0.406737 -0.819043 
vn -0.313714 -0.406737 -0.857991 
vn -0.219109 -0.406737 -0.88688 
vn -0.121936 -0.406737 -0.905371 
vn -0.0233338 -0.406737 -0.913247 
vn 0.0755424 -0.406737 -0.910417 
vn 0.173533 -0.406737 -0.896912 
vn 0.269489 -0.406737 -0.872892 
vn 0.362285 -0.406737 -0.838638 
vn 0.450835 -0.406737 -0.794552 
vn 0.534098 -0.406737 -0.741151 
vn 0.6111 -0.406737 -0.67906 
vn 0.680937 -0.406737 -0.609008 
vn 0.74279 -0.406737 -0.531816 
vn 0.795935 -0.406737 -0.448388 
vn 0.839749 -0.406737 -0.359704 
vn 0.873717 -0.406737 -0.266803 
vn 0.897442 -0.406737 -0.170773 
vn 0.863276 -0.5 -0.0689579 
vn 0.865671 -0.5 0.0247828 
vn 0.857917 -0.5 0.118233 
vn 0.840104 -0.5 0.210297 
vn 0.812442 -0.5 0.299895 
vn 0.775255 -0.5 0.385978 
vn 0.728979 -0.5 0.467535 
vn 0.674157 -0.5 0.543611 
vn 0.61143 -0.5 0.613313 
vn 0.541535 -0.5 0.675825 
vn 0.465291 -0.5 0.730414 
vn 0.383592 -0.5 0.776439 
vn 0.297395 -0.5 0.813361 
vn 0.207712 -0.5 0.840747 
vn 0.115594 -0.5 0.858276 
vn 0.02212 -0.5 0.865743 
vn -0.0716129 -0.5 0.863059 
vn -0.164506 -0.5 0.850257 
vn -0.255471 -0.5 0.827487 
vn -0.34344 -0.5 0.795015 
vn -0.427383 -0.5 0.753222 
vn -0.506316 -0.5 0.702598 
vn -0.579312 -0.5 0.643737 
vn -0.645516 -0.5 0.577329 
vn -0.704152 -0.5 0.504152 
vn -0.754533 -0.5 0.425065 
vn -0.796068 -0.5 0.340993 
vn -0.828269 -0.5 0.252924 
vn -0.850759 -0.5 0.16189 
vn -0.863276 -0.5 0.0689579 
vn -0.865671 -0.5 -0.0247828 
vn -0.857917 -0.5 -0.118233 
vn -0.840104 -0.5 -0.210297 
vn -0.812442 -0.5 -0.299895 
vn -0.775255 -0.5 -0.385978 
vn -0.728979 -0.5 -0.467535 
vn -0.674157 -0.5 -0.543611 
vn -0.61143 -0.5 -0.613313 
vn -0.541535 -0.5 -0.675825 
vn -0.465291 -0.5 -0.730414 
vn -0.383592 -0.5 -0.776439 
vn -0.297395 -0.5 -0.813361 
vn -0.207712 -0.5 -0.840747 
vn -0.115594 -0.5 -0.858276 
vn -0.02212 -0.5 -0.865743 
vn 0.0716129 -0.5 -0.863059 
vn 0.164506 -0.5 -0.850257 
vn 0.255471 -0.5 -0.827487 
vn 0.34344 -0.5 -0.795015 
vn 0.427383 -0.5 -0.753222 
vn 0.506316 -0.5 -0.702598 
vn 0.579312 -0.5 -0.643737 
vn 0.645516 -0.5 -0.577329 
vn 0.704152 -0.5 -0.504152 
vn 0.754533 -0.5 -0.425065 
vn 0.796068 -0.5 -0.340993 
vn 0.828269 -0.5 -0.252924 
vn 0.850759 -0.5 -0.16189 
vn 0.806448 -0.587785 -0.0644186 
vn 0.808686 -0.587785 0.0231514 
vn 0.801442 -0.587785 0.11045 
vn 0.784802 -0.587785 0.196454 
vn 0.758961 -0.587785 0.280154 
vn 0.724222 -0.587785 0.36057 
vn 0.680992 -0.587785 0.436758 
vn 0.629778 -0.587785 0.507826 
vn 0.571181 -0.587785 0.572941 
vn 0.505887 -0.587785 0.631337 
vn 0.434662 -0.587785 0.682333 
vn 0.358341 -0.587785 0.725328 
vn 0.277818 -0.587785 0.759819 
vn 0.194039 -0.587785 0.785403 
vn 0.107984 -0.587785 0.801778 
vn 0.0206639 -0.587785 0.808753 
vn -0.0668988 -0.587785 0.806246 
vn -0.153677 -0.587785 0.794287 
vn -0.238654 -0.587785 0.773015 
vn -0.320833 -0.587785 0.742681 
vn -0.39925 -0.587785 0.703639 
vn -0.472986 -0.587785 0.656348 
vn -0.541177 -0.587785 0.601362 
vn -0.603023 -0.587785 0.539325 
vn -0.6578 -0.587785 0.470965 
vn -0.704864 -0.587785 0.397084 
vn -0.743664 -0.587785 0.318547 
vn -0.773746 -0.587785 0.236275 
vn -0.794756 -0.587785 0.151233 
vn -0.806448 -0.587785 0.0644186 
vn -0.808686 -0.587785 -0.0231514 
vn -0.801442 -0.587785 -0.11045 
vn -0.784802 -0.587785 -0.196454 
vn -0.758961 -0.587785 -0.280154 
vn -0.724222 -0.587785 -0.36057 
vn -0.680992 -0.587785 -0.436758 
vn -0.629778 -0.587785 -0.507826 
vn -0.571181 -0.587785 -0.572941 
vn -0.505887 -0.587785 -0.631337 
vn -0.434662 -0.587785 -0.682333 
vn -0.358341 -0.587785 -0.725328 
vn -0.277818 -0.587785 -0.759819 
vn -0.194039 -0.587785 -0.785403 
vn -0.107984 -0.587785 -0.801778 
vn -0.0206639 -0.587785 -0.808753 
vn 0.0668988 -0.587785 -0.806246 
vn 0.153677 -0.587785 -0.794287 
vn 0.238654 -0.587785 -0.773015 
vn 0.320833 -0.587785 -0.742681 
vn 0.39925 -0.587785 -0.703639 
vn 0.472986 -0.587785 -0.656348 
vn 0.541177 -0.587785 -0.601362 
vn 0.603023 -0.587785 -0.539325 
vn 0.6578 -0.587785 -0.470965 
vn 0.704864 -0.587785 -0.397084 
vn 0.743664 -0.587785 -0.318547 
vn 0.773746 -0.587785 -0.236275 
vn 0.794756 -0.587785 -0.151233 
vn 0.740785 -0.669131 -0.0591735 
vn 0.74284 -0.669131 0.0212664 
vn 0.736187 -0.669131 0.101457 
vn 0.720902 -0.669131 0.180458 
vn 0.697165 -0.669131 0.257343 
vn 0.665254 -0.669131 0.331211 
vn 0.625544 -0.669131 0.401197 
vn 0.5785 -0.669131 0.466478 
vn 0.524674 -0.669131 0.52629 
vn 0.464696 -0.669131 0.579932 
vn 0.399271 -0.669131 0.626775 
vn 0.329164 -0.669131 0.66627 
vn 0.255198 -0.669131 0.697953 
vn 0.17824 -0.669131 0.721453 
vn 0.099192 -0.669131 0.736495 
vn 0.0189814 -0.669131 0.742902 
vn -0.0614517 -0.669131 0.7406 
vn -0.141164 -0.669131 0.729614 
vn -0.219222 -0.669131 0.710075 
vn -0.29471 -0.669131 0.68221 
vn -0.366742 -0.669131 0.646347 
vn -0.434474 -0.669131 0.602906 
vn -0.497113 -0.669131 0.552397 
vn -0.553924 -0.669131 0.495412 
vn -0.60424 -0.669131 0.432618 
vn -0.647472 -0.669131 0.364752 
vn -0.683113 -0.669131 0.29261 
vn -0.710746 -0.669131 0.217037 
vn -0.730045 -0.669131 0.13892 
vn -0.740785 -0.669131 0.0591735 
vn -0.74284 -0.669131 -0.0212664 
vn -0.736187 -0.669131 -0.101457 
vn -0.720902 -0.669131 -0.180458 
vn -0.697165 -0.669131 -0.257343 
vn -0.665254 -0.669131 -0.331211 
vn -0.625544 -0.669131 -0.401197 
vn -0.5785 -0.669131 -0.466478 
vn -0.524674 -0.669131 -0.52629 
vn -0.464696 -0.669131 -0.579932 
vn -0.399271 -0.669131 -0.626775 
vn -0.329164 -0.669131 -0.66627 
vn -0.255198 -0.669131 -0.697953 
vn -0.17824 -0.669131 -0.721453 
vn -0.099192 -0.669131 -0.736495 
vn -0.0189814 -0.669131 -0.742902 
vn 0.0614517 -0.669131 -0.7406 
vn 0.141164 -0.669131 -0.729614 
vn 0.219222 -0.669131 -0.710075 
vn 0.29471 -0.669131 -0.68221 
vn 0.366742 -0.669131 -0.646347 
vn 0.434474 -0.669131 -0.602906 
vn 0.497113 -0.669131 -0.552397 
vn 0.553924 -0.669131 -0.495412 
vn 0.60424 -0.669131 -0.432618 
vn 0.647472 -0.669131 -0.364752 
vn 0.683113 -0.669131 -0.29261 
vn 0.710746 -0.669131 -0.217037 
vn 0.730045 -0.669131 -0.13892 
vn 0.667006 -0.743145 -0.05328 
vn 0.668857 -0.743145 0.0191483 
vn 0.662865 -0.743145 0.0913522 
vn 0.649103 -0.743145 0.162485 
vn 0.62773 -0.743145 0.231713 
vn 0.598998 -0.743145 0.298224 
vn 0.563243 -0.743145 0.361239 
vn 0.520884 -0.743145 0.420019 
vn 0.472419 -0.743145 0.473874 
vn 0.418414 -0.743145 0.522173 
vn 0.359505 -0.743145 0.564351 
vn 0.29638 -0.743145 0.599912 
vn 0.229781 -0.743145 0.62844 
vn 0.160488 -0.743145 0.649599 
vn 0.0893129 -0.743145 0.663143 
vn 0.0170909 -0.743145 0.668912 
vn -0.0553314 -0.743145 0.666839 
vn -0.127105 -0.743145 0.656948 
vn -0.197388 -0.743145 0.639354 
vn -0.265358 -0.743145 0.614265 
vn -0.330216 -0.743145 0.581974 
vn -0.391203 -0.743145 0.542859 
vn -0.447603 -0.743145 0.497381 
vn -0.498755 -0.743145 0.446071 
vn -0.54406 -0.743145 0.389531 
vn -0.582987 -0.743145 0.328424 
vn -0.615078 -0.743145 0.263467 
vn -0.639958 -0.743145 0.195421 
vn -0.657335 -0.743145 0.125084 
vn -0.667006 -0.743145 0.05328 
vn -0.668857 -0.743145 -0.0191483 
vn -0.662865 -0.743145 -0.0913522 
vn -0.649103 -0.743145 -0.162485 
vn -0.62773 -0.743145 -0.231713 
vn -0.598998 -0.743145 -0.298224 
vn -0.563243 -0.743145 -0.361239 
vn -0.520884 -0.743145 -0.420019 
vn -0.472419 -0.743145 -0.473874 
vn -0.418414 -0.743145 -0.522173 
vn -0.359505 -0.743145 -0.564351 
vn -0.29638 -0.743145 -0.599912 
vn -0.229781 -0.743145 -0.62844 
vn -0.160488 -0.743145 -0.649599 
vn -0.0893129 -0.743145 -0.663143 
vn -0.0170909 -0.743145 -0.668912 
vn 0.0553314 -0.743145 -0.666839 
vn 0.127105 -0.743145 -0.656948 
vn 0.197388 -0.743145 -0.639354 
vn 0.265358 -0.743145 -0.614265 
vn 0.330216 -0.743145 -0.581974 
vn 0.391203 -0.743145 -0.542859 
vn 0.447603 -0.743145 -0.497381 
vn 0.498755 -0.743145 -0.446071 
vn 0.54406 -0.743145 -0.389531 
vn 0.582987 -0.743145 -0.328424 
vn 0.615078 -0.743145 -0.263467 
vn 0.639958 -0.743145 -0.195421 
vn 0.657335 -0.743145 -0.125084 
vn 0.585919 -0.809017 -0.0468029 
vn 0.587545 -0.809017 0.0168205 
vn 0.582282 -0.809017 0.0802466 
vn 0.570192 -0.809017 0.142732 
vn 0.551418 -0.809017 0.203544 
vn 0.526178 -0.809017 0.261969 
vn 0.49477 -0.809017 0.317324 
vn 0.457561 -0.809017 0.368957 
vn 0.414987 -0.809017 0.416266 
vn 0.367548 -0.809017 0.458693 
vn 0.3158 -0.809017 0.495744 
vn 0.26035 -0.809017 0.526982 
vn 0.201847 -0.809017 0.552041 
vn 0.140977 -0.809017 0.570628 
vn 0.0784552 -0.809017 0.582526 
vn 0.0150132 -0.809017 0.587593 
vn -0.0486048 -0.809017 0.585772 
vn -0.111653 -0.809017 0.577083 
vn -0.173392 -0.809017 0.561629 
vn -0.233098 -0.809017 0.539589 
vn -0.290072 -0.809017 0.511224 
vn -0.343645 -0.809017 0.476865 
vn -0.393188 -0.809017 0.436915 
vn -0.438122 -0.809017 0.391842 
vn -0.477919 -0.809017 0.342176 
vn -0.512114 -0.809017 0.288498 
vn -0.540304 -0.809017 0.231438 
vn -0.562159 -0.809017 0.171664 
vn -0.577424 -0.809017 0.109877 
vn -0.585919 -0.809017 0.0468029 
vn -0.587545 -0.809017 -0.0168205 
vn -0.582282 -0.809017 -0.0802466 
vn -0.570192 -0.809017 -0.142732 
vn -0.551418 -0.809017 -0.203544 
vn -0.526178 -0.809017 -0.261969 
vn -0.49477 -0.809017 -0.317324 
vn -0.457561 -0.809017 -0.368957 
vn -0.414987 -0.809017 -0.416266 
vn -0.367548 -0.809017 -0.458693 
vn -0.3158 -0.809017 -0.495744 
vn -0.26035 -0.809017 -0.526982 
vn -0.201847 -0.809017 -0.552041 
vn -0.140977 -0.809017 -0.570628 
vn -0.0784552 -0.809017 -0.582526 
vn -0.0150132 -0.809017 -0.587593 
vn 0.0486048 -0.809017 -0.585772 
vn 0.111653 -0.809017 -0.577083 
vn 0.173392 -0.809017 -0.561629 
vn 0.233098 -0.809017 -0.539589 
vn 0.290072 -0.809017 -0.511224 
vn 0.343645 -0.809017 -0.476865 
vn 0.393188 -0.809017 -0.436915 
vn 0.438122 -0.809017 -0.391842 
vn 0.477919 -0.809017 -0.342176 
vn 0.512114 -0.809017 -0.288498 
vn 0.540304 -0.809017 -0.231438 
vn 0.562159 -0.809017 -0.171664 
vn 0.577424 -0.809017 -0.109877 
vn 0.498412 -0.866025 -0.0398129 
vn 0.499795 -0.866025 0.0143084 
vn 0.495318 -0.866025 0.0682619 
vn 0.485034 -0.866025 0.121415 
vn 0.469064 -0.866025 0.173145 
vn 0.447594 -0.866025 0.222844 
vn 0.420876 -0.866025 0.269932 
vn 0.389224 -0.866025 0.313854 
vn 0.353009 -0.866025 0.354097 
vn 0.312655 -0.866025 0.390188 
vn 0.268636 -0.866025 0.421705 
vn 0.221467 -0.866025 0.448277 
vn 0.171701 -0.866025 0.469594 
vn 0.119923 -0.866025 0.485406 
vn 0.066738 -0.866025 0.495526 
vn 0.012771 -0.866025 0.499837 
vn -0.0413457 -0.866025 0.498288 
vn -0.0949777 -0.866025 0.490896 
vn -0.147496 -0.866025 0.47775 
vn -0.198285 -0.866025 0.459002 
vn -0.24675 -0.866025 0.434873 
vn -0.292321 -0.866025 0.405645 
vn -0.334466 -0.866025 0.371662 
vn -0.372689 -0.866025 0.333321 
vn -0.406543 -0.866025 0.291072 
vn -0.43563 -0.866025 0.245411 
vn -0.45961 -0.866025 0.196873 
vn -0.478201 -0.866025 0.146026 
vn -0.491186 -0.866025 0.0934674 
vn -0.498412 -0.866025 0.0398129 
vn -0.499795 -0.866025 -0.0143084 
vn -0.495318 -0.866025 -0.0682619 
vn -0.485034 -0.866025 -0.121415 
vn -0.469064 -0.866025 -0.173145 
vn -0.447594 -0.866025 -0.222844 
vn -0.420876 -0.866025 -0.269932 
vn -0.389224 -0.866025 -0.313854 
vn -0.353009 -0.866025 -0.354097 
vn -0.312655 -0.866025 -0.390188 
vn -0.268636 -0.866025 -0.421705 
vn -0.221467 -0.866025 -0.448277 
vn -0.171701 -0.866025 -0.469594 
vn -0.119923 -0.866025 -0.485406 
vn -0.066738 -0.866025 -0.495526 
vn -0.012771 -0.866025 -0.499837 
vn 0.0413457 -0.866025 -0.498288 
vn 0.0949777 -0.866025 -0.490896 
vn 0.147496 -0.866025 -0.47775 
vn 0.198285 -0.866025 -0.459002 
vn 0.24675 -0.866025 -0.434873 
vn 0.292321 -0.866025 -0.405645 
vn 0.334466 -0.866025 -0.371662 
vn 0.372689 -0.866025 -0.333321 
vn 0.406543 -0.866025 -0.291072 
vn 0.43563 -0.866025 -0.245411 
vn 0.45961 -0.866025 -0.196873 
vn 0.478201 -0.866025 -0.146026 
vn 0.491186 -0.866025 -0.0934674 
vn 0.405445 -0.913545 -0.0323867 
vn 0.40657 -0.913545 0.0116395 
vn 0.402928 -0.913545 0.0555292 
vn 0.394563 -0.913545 0.0987679 
vn 0.381571 -0.913545 0.140849 
vn 0.364106 -0.913545 0.181278 
vn 0.342372 -0.913545 0.219582 
vn 0.316624 -0.913545 0.255312 
vn 0.287164 -0.913545 0.288048 
vn 0.254337 -0.913545 0.317408 
vn 0.218528 -0.913545 0.343045 
vn 0.180157 -0.913545 0.364662 
vn 0.139674 -0.913545 0.382002 
vn 0.0975538 -0.913545 0.394864 
vn 0.0542896 -0.913545 0.403097 
vn 0.0103889 -0.913545 0.406604 
vn -0.0336337 -0.913545 0.405344 
vn -0.0772619 -0.913545 0.399331 
vn -0.119984 -0.913545 0.388637 
vn -0.1613 -0.913545 0.373386 
vn -0.200724 -0.913545 0.353758 
vn -0.237796 -0.913545 0.329982 
vn -0.272079 -0.913545 0.302337 
vn -0.303172 -0.913545 0.271148 
vn -0.330712 -0.913545 0.23678 
vn -0.354373 -0.913545 0.199635 
vn -0.37388 -0.913545 0.160151 
vn -0.389004 -0.913545 0.118788 
vn -0.399567 -0.913545 0.0760332 
vn -0.405445 -0.913545 0.0323867 
vn -0.40657 -0.913545 -0.0116395 
vn -0.402928 -0.913545 -0.0555292 
vn -0.394563 -0.913545 -0.0987679 
vn -0.381571 -0.913545 -0.140849 
vn -0.364106 -0.913545 -0.181278 
vn -0.342372 -0.913545 -0.219582 
vn -0.316624 -0.913545 -0.255312 
vn -0.287164 -0.913545 -0.288048 
vn -0.254337 -0.913545 -0.317408 
vn -0.218528 -0.913545 -0.343045 
vn -0.180157 -0.913545 -0.364662 
vn -0.139674 -0.913545 -0.382002 
vn -0.0975538 -0.913545 -0.394864 
vn -0.0542896 -0.913545 -0.403097 
vn -0.0103889 -0.913545 -0.406604 
vn 0.0336337 -0.913545 -0.405344 
vn 0.0772619 -0.913545 -0.399331 
vn 0.119984 -0.913545 -0.388637 
vn 0.1613 -0.913545 -0.373386 
vn 0.200724 -0.913545 -0.353758 
vn 0.237796 -0.913545 -0.329982 
vn 0.272079 -0.913545 -0.302337 
vn 0.303172 -0.913545 -0.271148 
vn 0.330712 -0.913545 -0.23678 
vn 0.354373 -0.913545 -0.199635 
vn 0.37388 -0.913545 -0.160151 
vn 0.389004 -0.913545 -0.118788 
vn 0.399567 -0.913545 -0.0760332 
vn 0.308036 -0.951057 -0.0246057 
vn 0.30889 -0.951057 0.00884305 
vn 0.306124 -0.951057 0.0421881 
vn 0.299768 -0.951057 0.0750386 
vn 0.289897 -0.951057 0.107009 
vn 0.276628 -0.951057 0.137725 
vn 0.260116 -0.951057 0.166827 
vn 0.240554 -0.951057 0.193972 
vn 0.218172 -0.951057 0.218844 
vn 0.193232 -0.951057 0.241149 
vn 0.166026 -0.951057 0.260628 
vn 0.136874 -0.951057 0.277051 
vn 0.106117 -0.951057 0.290225 
vn 0.0741162 -0.951057 0.299997 
vn 0.0412464 -0.951057 0.306252 
vn 0.00789291 -0.951057 0.308916 
vn -0.0255531 -0.951057 0.307959 
vn -0.0586995 -0.951057 0.303391 
vn -0.0911577 -0.951057 0.295266 
vn -0.122547 -0.951057 0.283679 
vn -0.1525 -0.951057 0.268766 
vn -0.180665 -0.951057 0.250703 
vn -0.206711 -0.951057 0.2297 
vn -0.230334 -0.951057 0.206004 
vn -0.251257 -0.951057 0.179893 
vn -0.269234 -0.951057 0.151672 
vn -0.284054 -0.951057 0.121674 
vn -0.295545 -0.951057 0.090249 
vn -0.30357 -0.951057 0.057766 
vn -0.308036 -0.951057 0.0246057 
vn -0.30889 -0.951057 -0.00884305 
vn -0.306124 -0.951057 -0.0421881 
vn -0.299768 -0.951057 -0.0750386 
vn -0.289897 -0.951057 -0.107009 
vn -0.276628 -0.951057 -0.137725 
vn -0.260116 -0.951057 -0.166827 
vn -0.240554 -0.951057 -0.193972 
vn -0.218172 -0.951057 -0.218844 
vn -0.193232 -0.951057 -0.241149 
vn -0.166026 -0.951057 -0.260628 
vn -0.136874 -0.951057 -0.277051 
vn -0.106117 -0.951057 -0.290225 
vn -0.0741162 -0.951057 -0.299997 
vn -0.0412464 -0.951057 -0.306252 
vn -0.00789291 -0.951057 -0.308916 
vn 0.0255531 -0.951057 -0.307959 
vn 0.0586995 -0.951057 -0.303391 
vn 0.0911577 -0.951057 -0.295266 
vn 0.122547 -0.951057 -0.283679 
vn 0.1525 -0.951057 -0.268766 
vn 0.180665 -0.951057 -0.250703 
vn 0.206711 -0.951057 -0.2297 
vn 0.230334 -0.951057 -0.206004 
vn 0.251257 -0.951057 -0.179893 
vn 0.269234 -0.951057 -0.151672 
vn 0.284054 -0.951057 -0.121674 
vn 0.295545 -0.951057 -0.090249 
vn 0.30357 -0.951057 -0.057766 
vn 0.207252 -0.978148 -0.0165551 
vn 0.207827 -0.978148 0.00594975 
vn 0.205965 -0.978148 0.0283849 
vn 0.201689 -0.978148 0.0504872 
vn 0.195048 -0.978148 0.0719976 
vn 0.18612 -0.978148 0.0926639 
vn 0.17501 -0.978148 0.112244 
vn 0.161849 -0.978148 0.130508 
vn 0.146789 -0.978148 0.147242 
vn 0.130009 -0.978148 0.162249 
vn 0.111705 -0.978148 0.175355 
vn 0.092091 -0.978148 0.186404 
vn 0.0713974 -0.978148 0.195268 
vn 0.0498666 -0.978148 0.201843 
vn 0.0277512 -0.978148 0.206051 
vn 0.00531048 -0.978148 0.207844 
vn -0.0171925 -0.978148 0.2072 
vn -0.039494 -0.978148 0.204126 
vn -0.0613324 -0.978148 0.19866 
vn -0.0824517 -0.978148 0.190864 
vn -0.102604 -0.978148 0.18083 
vn -0.121554 -0.978148 0.168677 
vn -0.139079 -0.978148 0.154546 
vn -0.154973 -0.978148 0.138603 
vn -0.16905 -0.978148 0.121035 
vn -0.181145 -0.978148 0.102048 
vn -0.191116 -0.978148 0.0818643 
vn -0.198847 -0.978148 0.060721 
vn -0.204247 -0.978148 0.0388659 
vn -0.207252 -0.978148 0.0165551 
vn -0.207827 -0.978148 -0.00594975 
vn -0.205965 -0.978148 -0.0283849 
vn -0.201689 -0.978148 -0.0504872 
vn -0.195048 -0.978148 -0.0719976 
vn -0.18612 -0.978148 -0.0926639 
vn -0.17501 -0.978148 -0.112244 
vn -0.161849 -0.978148 -0.130508 
vn -0.146789 -0.978148 -0.147242 
vn -0.130009 -0.978148 -0.162249 
vn -0.111705 -0.978148 -0.175355 
vn -0.092091 -0.978148 -0.186404 
vn -0.0713974 -0.978148 -0.195268 
vn -0.0498666 -0.978148 -0.201843 
vn -0.0277512 -0.978148 -0.206051 
vn -0.00531048 -0.978148 -0.207844 
vn 0.0171925 -0.978148 -0.2072 
vn 0.039494 -0.978148 -0.204126 
vn 0.0613324 -0.978148 -0.19866 
vn 0.0824517 -0.978148 -0.190864 
vn 0.102604 -0.978148 -0.18083 
vn 0.121554 -0.978148 -0.168677 
vn 0.139079 -0.978148 -0.154546 
vn 0.154973 -0.978148 -0.138603 
vn 0.16905 -0.978148 -0.121035 
vn 0.181145 -0.978148 -0.102048 
vn 0.191116 -0.978148 -0.0818643 
vn 0.198847 -0.978148 -0.060721 
vn 0.204247 -0.978148 -0.0388659 
vn 0.104197 -0.994522 -0.00832316 
vn 0.104486 -0.994522 0.00299126 
vn 0.10355 -0.994522 0.0142706 
vn 0.1014 -0.994522 0.0253827 
vn 0.098061 -0.994522 0.0361971 
vn 0.0935726 -0.994522 0.0465872 
vn 0.0879871 -0.994522 0.0564311 
vn 0.0813701 -0.994522 0.0656133 
vn 0.073799 -0.994522 0.0740264 
vn 0.0653628 -0.994522 0.0815715 
vn 0.0561602 -0.994522 0.0881603 
vn 0.0462991 -0.994522 0.0937155 
vn 0.0358953 -0.994522 0.0981719 
vn 0.0250706 -0.994522 0.101477 
vn 0.013952 -0.994522 0.103593 
vn 0.00266986 -0.994522 0.104494 
vn -0.00864361 -0.994522 0.10417 
vn -0.0198558 -0.994522 0.102625 
vn -0.0308351 -0.994522 0.0998769 
vn -0.0414529 -0.994522 0.0959576 
vn -0.0515848 -0.994522 0.0909132 
vn -0.0611118 -0.994522 0.084803 
vn -0.0699224 -0.994522 0.0776985 
vn -0.0779132 -0.994522 0.0696831 
vn -0.0849905 -0.994522 0.0608507 
vn -0.0910714 -0.994522 0.0513049 
vn -0.0960846 -0.994522 0.0411576 
vn -0.0999713 -0.994522 0.0305278 
vn -0.102686 -0.994522 0.01954 
vn -0.104197 -0.994522 0.00832316 
vn -0.104486 -0.994522 -0.00299126 
vn -0.10355 -0.994522 -0.0142706 
vn -0.1014 -0.994522 -0.0253827 
vn -0.098061 -0.994522 -0.0361971 
vn -0.0935726 -0.994522 -0.0465872 
vn -0.0879871 -0.994522 -0.0564311 
vn -0.0813701 -0.994522 -0.0656133 
vn -0.073799 -0.994522 -0.0740264 
vn -0.0653628 -0.994522 -0.0815715 
vn -0.0561602 -0.994522 -0.0881603 
vn -0.0462991 -0.994522 -0.0937155 
vn -0.0358953 -0.994522 -0.0981719 
vn -0.0250706 -0.994522 -0.101477 
vn -0.013952 -0.994522 -0.103593 
vn -0.00266986 -0.994522 -0.104494 
vn 0.00864361 -0.994522 -0.10417 
vn 0.0198558 -0.994522 -0.102625 
vn 0.0308351 -0.994522 -0.0998769 
vn 0.0414529 -0.994522 -0.0959576 
vn 0.0515848 -0.994522 -0.0909132 
vn 0.0611118 -0.994522 -0.084803 
vn 0.0699224 -0.994522 -0.0776985 
vn 0.0779132 -0.994522 -0.0696831 
vn 0.0849905 -0.994522 -0.0608507 
vn 0.0910714 -0.994522 -0.0513049 
vn 0.0960846 -0.994522 -0.0411576 
vn 0.0999713 -0.994522 -0.0305278 
vn 0.102686 -0.994522 -0.01954 
vn 6.10379e-17 -1 -4.87567e-18 
vn 0.994138 0 0.108119 
vn 0.994135 0 0.108148 
vn 0.99959 0 0.0286167 
vn 1 0 0 
vn 0.976621 0 0.21497 
vn 0.976614 0 0.214999 
vn 0.990637 0 0.136524 
vn 0.947653 0 0.319302 
vn 0.947644 0 0.319329 
vn 0.970069 0 0.24283 
vn 0.907575 0 0.419889 
vn 0.907563 0 0.419916 
vn 0.938128 0 0.346289 
vn 0.856857 0 0.515554 
vn 0.856842 0 0.515579 
vn 0.895188 0 0.445689 
vn 0.796093 0 0.605174 
vn 0.796075 0 0.605197 
vn 0.841753 0 0.539863 
vn 0.725995 0 0.687699 
vn 0.725975 0 0.687721 
vn 0.778449 0 0.627708 
vn 0.647386 0 0.762162 
vn 0.647364 0 0.762181 
vn 0.706018 0 0.708193 
vn 0.561187 0 0.827689 
vn 0.561163 0 0.827705 
vn 0.625311 0 0.780376 
vn 0.468408 0 0.883512 
vn 0.468383 0 0.883526 
vn 0.537271 0 0.843409 
vn 0.370138 0 0.928977 
vn 0.370111 0 0.928988 
vn 0.442933 0 0.896555 
vn 0.267528 0 0.96355 
vn 0.2675 0 0.963558 
vn 0.343402 0 0.939188 
vn 0.161782 0 0.986827 
vn 0.161753 0 0.986831 
vn 0.239845 0 0.970811 
vn 0.0541389 0 0.998533 
vn 0.0541098 0 0.998535 
vn 0.133476 0 0.991052 
vn -0.0541389 0 0.998533 
vn -0.054168 0 0.998532 
vn 0.025542 0 0.999674 
vn -0.161782 0 0.986827 
vn -0.161811 0 0.986822 
vn -0.0826915 0 0.996575 
vn -0.267528 0 0.96355 
vn -0.267556 0 0.963542 
vn -0.189955 0 0.981793 
vn -0.370138 0 0.928977 
vn -0.370165 0 0.928966 
vn -0.294992 0 0.9555 
vn -0.468408 0 0.883512 
vn -0.468434 0 0.883498 
vn -0.396571 0 0.918004 
vn -0.561187 0 0.827689 
vn -0.561211 0 0.827673 
vn -0.4935 0 0.869746 
vn -0.647386 0 0.762162 
vn -0.647409 0 0.762143 
vn -0.584643 0 0.811291 
vn -0.725995 0 0.687699 
vn -0.726016 0 0.687678 
vn -0.668932 0 0.743324 
vn -0.796093 0 0.605174 
vn -0.796111 0 0.605151 
vn -0.745378 0 0.666642 
vn -0.856857 0 0.515554 
vn -0.856872 0 0.515529 
vn -0.813085 0 0.582145 
vn -0.907575 0 0.419889 
vn -0.907588 0 0.419863 
vn -0.87126 0 0.490822 
vn -0.947653 0 0.319302 
vn -0.947662 0 0.319274 
vn -0.91922 0 0.393745 
vn -0.976621 0 0.21497 
vn -0.976627 0 0.214942 
vn -0.956402 0 0.292052 
vn -0.994138 0 0.108119 
vn -0.994141 0 0.10809 
vn -0.982372 0 0.186935 
vn -1 0 1.22465e-16 
vn -1 0 1.62538e-09 
vn -0.996825 0 0.0796258 
vn -0.994138 0 -0.108119 
vn -0.994135 0 -0.108148 
vn -0.99959 0 -0.0286167 
vn -0.976621 0 -0.21497 
vn -0.976614 0 -0.214999 
vn -0.990637 0 -0.136524 
vn -0.947653 0 -0.319302 
vn -0.947644 0 -0.319329 
vn -0.970069 0 -0.24283 
vn -0.907575 0 -0.419889 
vn -0.907563 0 -0.419916 
vn -0.938128 0 -0.346289 
vn -0.856857 0 -0.515554 
vn -0.856842 0 -0.515579 
vn -0.895188 0 -0.445689 
vn -0.796093 0 -0.605174 
vn -0.796075 0 -0.605197 
vn -0.841753 0 -0.539863 
vn -0.725995 0 -0.687699 
vn -0.725975 0 -0.687721 
vn -0.778449 0 -0.627708 
vn -0.647386 0 -0.762162 
vn -0.647364 0 -0.762181 
vn -0.706018 0 -0.708193 
vn -0.561187 0 -0.827689 
vn -0.561163 0 -0.827705 
vn -0.625311 0 -0.780376 
vn -0.468408 0 -0.883512 
vn -0.468383 0 -0.883526 
vn -0.537271 0 -0.843409 
vn -0.370138 0 -0.928977 
vn -0.370111 0 -0.928988 
vn -0.442933 0 -0.896555 
vn -0.267528 0 -0.96355 
vn -0.2675 0 -0.963558 
vn -0.343402 0 -0.939188 
vn -0.161782 0 -0.986827 
vn -0.161753 0 -0.986831 
vn -0.239845 0 -0.970811 
vn -0.0541389 0 -0.998533 
vn -0.0541098 0 -0.998535 
vn -0.133476 0 -0.991052 
vn 0.0541389 0 -0.998533 
vn 0.054168 0 -0.998532 
vn -0.025542 0 -0.999674 
vn 0.161782 0 -0.986827 
vn 0.161811 0 -0.986822 
vn 0.0826915 0 -0.996575 
vn 0.267528 0 -0.96355 
vn 0.267556 0 -0.963542 
vn 0.189955 0 -0.981793 
vn 0.370138 0 -0.928977 
vn 0.370165 0 -0.928966 
vn 0.294992 0 -0.9555 
vn 0.468408 0 -0.883512 
vn 0.468434 0 -0.883498 
vn 0.396571 0 -0.918004 
vn 0.561187 0 -0.827689 
vn 0.561211 0 -0.827673 
vn 0.4935 0 -0.869746 
vn 0.647386 0 -0.762162 
vn 0.647409 0 -0.762143 
vn 0.584643 0 -0.811291 
vn 0.725995 0 -0.687699 
vn 0.726016 0 -0.687678 
vn 0.668932 0 -0.743324 
vn 0.796093 0 -0.605174 
vn 0.796111 0 -0.605151 
vn 0.745378 0 -0.666642 
vn 0.856857 0 -0.515554 
vn 0.856872 0 -0.515529 
vn 0.813085 0 -0.582145 
vn 0.907575 0 -0.419889 
vn 0.907588 0 -0.419863 
vn 0.87126 0 -0.490822 
vn 0.947653 0 -0.319302 
vn 0.947662 0 -0.319274 
vn 0.91922 0 -0.393745 
vn 0.976621 0 -0.21497 
vn 0.976627 0 -0.214942 
vn 0.956402 0 -0.292052 
vn 0.994138 0 -0.108119 
vn 0.994141 0 -0.10809 
vn 0.982372 0 -0.186935 
vn 1 0 2.91597e-05 
vn 0.996825 0 -0.0796258 
vn 0 -1 0 
vn 0.99061 -0.104528 0.0881281 
vn 0.994331 -0.104528 -0.0194922 
vn 1 0 -3.00668e-05 
vn 0.999808 0 -0.0195996 
vn 0.975274 -0.104528 0.194715 
vn 0.994141 0 0.108089 
vn 0.996066 0 0.0886135 
vn 0.948505 -0.104528 0.299019 
vn 0.976627 0 0.214941 
vn 0.980646 0 0.195788 
vn 0.910615 -0.104528 0.399818 
vn 0.947663 0 0.319273 
vn 0.953729 0 0.300667 
vn 0.862049 -0.104528 0.495929 
vn 0.907588 0 0.419862 
vn 0.915631 0 0.40202 
vn 0.803376 -0.104528 0.586226 
vn 0.856873 0 0.515528 
vn 0.866797 0 0.498661 
vn 0.735285 -0.104528 0.66965 
vn 0.796111 0 0.60515 
vn 0.807801 0 0.589455 
vn 0.658572 -0.104528 0.745222 
vn 0.726016 0 0.687678 
vn 0.739335 0 0.673338 
vn 0.574139 -0.104528 0.812058 
vn 0.647409 0 0.762143 
vn 0.6622 0 0.749327 
vn 0.482975 -0.104528 0.869373 
vn 0.561212 0 0.827672 
vn 0.577302 0 0.816531 
vn 0.386148 -0.104528 0.916495 
vn 0.468435 0 0.883498 
vn 0.485635 0 0.874162 
vn 0.284793 -0.104528 0.952873 
vn 0.370166 0 0.928966 
vn 0.388275 0 0.921544 
vn 0.1801 -0.104528 0.978079 
vn 0.267557 0 0.963542 
vn 0.286362 0 0.958121 
vn 0.0732956 -0.104528 0.991817 
vn 0.161812 0 0.986822 
vn 0.181092 0 0.983466 
vn -0.0343683 -0.104528 0.993928 
vn 0.0541689 0 0.998532 
vn 0.0736994 0 0.997281 
vn -0.141629 -0.104528 0.984386 
vn -0.0541089 0 0.998535 
vn -0.0345576 0 0.999403 
vn -0.24723 -0.104528 0.963302 
vn -0.161752 0 0.986831 
vn -0.14241 0 0.989808 
vn -0.349932 -0.104528 0.930925 
vn -0.267499 0 0.963558 
vn -0.248592 0 0.968608 
vn -0.448531 -0.104528 0.887634 
vn -0.37011 0 0.928988 
vn -0.351859 0 0.936053 
vn -0.541872 -0.104528 0.833936 
vn -0.468382 0 0.883526 
vn -0.451002 0 0.892523 
vn -0.62886 -0.104528 0.77046 
vn -0.561162 0 0.827706 
vn -0.544857 0 0.838529 
vn -0.708475 -0.104528 0.697952 
vn -0.647363 0 0.762182 
vn -0.632324 0 0.774704 
vn -0.779784 -0.104528 0.617261 
vn -0.725975 0 0.687721 
vn -0.712377 0 0.701797 
vn -0.84195 -0.104528 0.529333 
vn -0.796075 0 0.605198 
vn -0.784079 0 0.620661 
vn -0.894246 -0.104528 0.435199 
vn -0.856842 0 0.51558 
vn -0.846588 0 0.532249 
vn -0.936057 -0.104528 0.335963 
vn -0.907563 0 0.419916 
vn -0.899171 0 0.437597 
vn -0.966894 -0.104528 0.232788 
vn -0.947644 0 0.31933 
vn -0.941213 0 0.337814 
vn -0.986395 -0.104528 0.126884 
vn -0.976614 0 0.215 
vn -0.97222 0 0.234071 
vn -0.994331 -0.104528 0.0194922 
vn -0.994135 0 0.108149 
vn -0.991828 0 0.127583 
vn -0.99061 -0.104528 -0.0881281 
vn -1 0 3.18028e-11 
vn -0.999808 0 0.0195996 
vn -0.975274 -0.104528 -0.194715 
vn -0.994141 0 -0.108089 
vn -0.996066 0 -0.0886135 
vn -0.948505 -0.104528 -0.299019 
vn -0.976627 0 -0.214941 
vn -0.980646 0 -0.195788 
vn -0.910615 -0.104528 -0.399818 
vn -0.947663 0 -0.319273 
vn -0.953729 0 -0.300667 
vn -0.862049 -0.104528 -0.495929 
vn -0.907588 0 -0.419862 
vn -0.915631 0 -0.40202 
vn -0.803376 -0.104528 -0.586226 
vn -0.856873 0 -0.515528 
vn -0.866797 0 -0.498661 
vn -0.735285 -0.104528 -0.66965 
vn -0.796111 0 -0.60515 
vn -0.807801 0 -0.589455 
vn -0.658572 -0.104528 -0.745222 
vn -0.726016 0 -0.687678 
vn -0.739335 0 -0.673338 
vn -0.574139 -0.104528 -0.812058 
vn -0.647409 0 -0.762143 
vn -0.6622 0 -0.749327 
vn -0.482975 -0.104528 -0.869373 
vn -0.561212 0 -0.827672 
vn -0.577302 0 -0.816531 
vn -0.386148 -0.104528 -0.916495 
vn -0.468435 0 -0.883498 
vn -0.485635 0 -0.874162 
vn -0.284793 -0.104528 -0.952873 
vn -0.370166 0 -0.928966 
vn -0.388275 0 -0.921544 
vn -0.1801 -0.104528 -0.978079 
vn -0.267557 0 -0.963542 
vn -0.286362 0 -0.958121 
vn -0.0732956 -0.104528 -0.991817 
vn -0.161812 0 -0.986822 
vn -0.181092 0 -0.983466 
vn 0.0343683 -0.104528 -0.993928 
vn -0.0541689 0 -0.998532 
vn -0.0736994 0 -0.997281 
vn 0.141629 -0.104528 -0.984386 
vn 0.0541089 0 -0.998535 
vn 0.0345576 0 -0.999403 
vn 0.24723 -0.104528 -0.963302 
vn 0.161752 0 -0.986831 
vn 0.14241 0 -0.989808 
vn 0.349932 -0.104528 -0.930925 
vn 0.267499 0 -0.963558 
vn 0.248592 0 -0.968608 
vn 0.448531 -0.104528 -0.887634 
vn 0.37011 0 -0.928988 
vn 0.351859 0 -0.936053 
vn 0.541872 -0.104528 -0.833936 
vn 0.468382 0 -0.883526 
vn 0.451002 0 -0.892523 
vn 0.62886 -0.104528 -0.77046 
vn 0.561162 0 -0.827706 
vn 0.544857 0 -0.838529 
vn 0.708475 -0.104528 -0.697952 
vn 0.647363 0 -0.762182 
vn 0.632324 0 -0.774704 
vn 0.779784 -0.104528 -0.617261 
vn 0.725975 0 -0.687721 
vn 0.712377 0 -0.701797 
vn 0.84195 -0.104528 -0.529333 
vn 0.796075 0 -0.605198 
vn 0.784079 0 -0.620661 
vn 0.894246 -0.104528 -0.435199 
vn 0.856842 0 -0.51558 
vn 0.846588 0 -0.532249 
vn 0.936057 -0.104528 -0.335963 
vn 0.907563 0 -0.419916 
vn 0.899171 0 -0.437597 
vn 0.966894 -0.104528 -0.232788 
vn 0.947644 0 -0.31933 
vn 0.941213 0 -0.337814 
vn 0.986395 -0.104528 -0.126884 
vn 0.976614 0 -0.215 
vn 0.97222 0 -0.234071 
vn 0.994135 0 -0.108149 
vn 0.991828 0 -0.127583 
vn 0.97796 -0.207912 -0.0191713 
vn 0.9743 -0.207912 0.0866771 
vn 0.959217 -0.207912 0.191509 
vn 0.932888 -0.207912 0.294096 
vn 0.895622 -0.207912 0.393235 
vn 0.847856 -0.207912 0.487764 
vn 0.790149 -0.207912 0.576574 
vn 0.723178 -0.207912 0.658624 
vn 0.647729 -0.207912 0.732953 
vn 0.564686 -0.207912 0.798688 
vn 0.475023 -0.207912 0.855059 
vn 0.37979 -0.207912 0.901406 
vn 0.280104 -0.207912 0.937184 
vn 0.177135 -0.207912 0.961975 
vn 0.0720889 -0.207912 0.975488 
vn -0.0338025 -0.207912 0.977563 
vn -0.139298 -0.207912 0.968178 
vn -0.243159 -0.207912 0.947442 
vn -0.344171 -0.207912 0.915598 
vn -0.441147 -0.207912 0.873019 
vn -0.53295 -0.207912 0.820205 
vn -0.618506 -0.207912 0.757775 
vn -0.69681 -0.207912 0.686461 
vn -0.766945 -0.207912 0.607098 
vn -0.828088 -0.207912 0.520618 
vn -0.879522 -0.207912 0.428034 
vn -0.920645 -0.207912 0.330432 
vn -0.950974 -0.207912 0.228956 
vn -0.970154 -0.207912 0.124795 
vn -0.97796 -0.207912 0.0191713 
vn -0.9743 -0.207912 -0.0866771 
vn -0.959217 -0.207912 -0.191509 
vn -0.932888 -0.207912 -0.294096 
vn -0.895622 -0.207912 -0.393235 
vn -0.847856 -0.207912 -0.487764 
vn -0.790149 -0.207912 -0.576574 
vn -0.723178 -0.207912 -0.658624 
vn -0.647729 -0.207912 -0.732953 
vn -0.564686 -0.207912 -0.798688 
vn -0.475023 -0.207912 -0.855059 
vn -0.37979 -0.207912 -0.901406 
vn -0.280104 -0.207912 -0.937184 
vn -0.177135 -0.207912 -0.961975 
vn -0.0720889 -0.207912 -0.975488 
vn 0.0338025 -0.207912 -0.977563 
vn 0.139298 -0.207912 -0.968178 
vn 0.243159 -0.207912 -0.947442 
vn 0.344171 -0.207912 -0.915598 
vn 0.441147 -0.207912 -0.873019 
vn 0.53295 -0.207912 -0.820205 
vn 0.618506 -0.207912 -0.757775 
vn 0.69681 -0.207912 -0.686461 
vn 0.766945 -0.207912 -0.607098 
vn 0.828088 -0.207912 -0.520618 
vn 0.879522 -0.207912 -0.428034 
vn 0.920645 -0.207912 -0.330432 
vn 0.950974 -0.207912 -0.228956 
vn 0.970154 -0.207912 -0.124795 
vn 0.950874 -0.309017 -0.0186403 
vn 0.947315 -0.309017 0.0842765 
vn 0.93265 -0.309017 0.186205 
vn 0.90705 -0.309017 0.285951 
vn 0.870817 -0.309017 0.382344 
vn 0.824373 -0.309017 0.474255 
vn 0.768265 -0.309017 0.560605 
vn 0.703149 -0.309017 0.640383 
vn 0.62979 -0.309017 0.712652 
vn 0.549046 -0.309017 0.776567 
vn 0.461866 -0.309017 0.831377 
vn 0.369271 -0.309017 0.87644 
vn 0.272347 -0.309017 0.911228 
vn 0.172229 -0.309017 0.935332 
vn 0.0700923 -0.309017 0.94847 
vn -0.0328663 -0.309017 0.950488 
vn -0.135439 -0.309017 0.941363 
vn -0.236425 -0.309017 0.921201 
vn -0.334638 -0.309017 0.890239 
vn -0.428928 -0.309017 0.84884 
vn -0.51819 -0.309017 0.797489 
vn -0.601376 -0.309017 0.736787 
vn -0.677511 -0.309017 0.667448 
vn -0.745703 -0.309017 0.590284 
vn -0.805153 -0.309017 0.506199 
vn -0.855163 -0.309017 0.416179 
vn -0.895147 -0.309017 0.32128 
vn -0.924636 -0.309017 0.222614 
vn -0.943284 -0.309017 0.121339 
vn -0.950874 -0.309017 0.0186403 
vn -0.947315 -0.309017 -0.0842765 
vn -0.93265 -0.309017 -0.186205 
vn -0.90705 -0.309017 -0.285951 
vn -0.870817 -0.309017 -0.382344 
vn -0.824373 -0.309017 -0.474255 
vn -0.768265 -0.309017 -0.560605 
vn -0.703149 -0.309017 -0.640383 
vn -0.62979 -0.309017 -0.712652 
vn -0.549046 -0.309017 -0.776567 
vn -0.461866 -0.309017 -0.831377 
vn -0.369271 -0.309017 -0.87644 
vn -0.272347 -0.309017 -0.911228 
vn -0.172229 -0.309017 -0.935332 
vn -0.0700923 -0.309017 -0.94847 
vn 0.0328663 -0.309017 -0.950488 
vn 0.135439 -0.309017 -0.941363 
vn 0.236425 -0.309017 -0.921201 
vn 0.334638 -0.309017 -0.890239 
vn 0.428928 -0.309017 -0.84884 
vn 0.51819 -0.309017 -0.797489 
vn 0.601376 -0.309017 -0.736787 
vn 0.677511 -0.309017 -0.667448 
vn 0.745703 -0.309017 -0.590284 
vn 0.805153 -0.309017 -0.506199 
vn 0.855163 -0.309017 -0.416179 
vn 0.895147 -0.309017 -0.32128 
vn 0.924636 -0.309017 -0.222614 
vn 0.943284 -0.309017 -0.121339 
vn 0.91337 -0.406737 -0.0179051 
vn 0.909952 -0.406737 0.0809525 
vn 0.895865 -0.406737 0.178861 
vn 0.871275 -0.406737 0.274673 
vn 0.83647 -0.406737 0.367264 
vn 0.791859 -0.406737 0.455549 
vn 0.737963 -0.406737 0.538494 
vn 0.675416 -0.406737 0.615125 
vn 0.60495 -0.406737 0.684544 
vn 0.527391 -0.406737 0.745938 
vn 0.44365 -0.406737 0.798586 
vn 0.354707 -0.406737 0.841872 
vn 0.261605 -0.406737 0.875288 
vn 0.165436 -0.406737 0.898441 
vn 0.0673277 -0.406737 0.911061 
vn -0.03157 -0.406737 0.913 
vn -0.130098 -0.406737 0.904234 
vn -0.2271 -0.406737 0.884868 
vn -0.32144 -0.406737 0.855127 
vn -0.412011 -0.406737 0.81536 
vn -0.497752 -0.406737 0.766034 
vn -0.577657 -0.406737 0.707727 
vn -0.650789 -0.406737 0.641123 
vn -0.716292 -0.406737 0.567002 
vn -0.773397 -0.406737 0.486234 
vn -0.821434 -0.406737 0.399764 
vn -0.859841 -0.406737 0.308608 
vn -0.888167 -0.406737 0.213834 
vn -0.90608 -0.406737 0.116553 
vn -0.91337 -0.406737 0.0179051 
vn -0.909952 -0.406737 -0.0809525 
vn -0.895865 -0.406737 -0.178861 
vn -0.871275 -0.406737 -0.274673 
vn -0.83647 -0.406737 -0.367264 
vn -0.791859 -0.406737 -0.455549 
vn -0.737963 -0.406737 -0.538494 
vn -0.675416 -0.406737 -0.615125 
vn -0.60495 -0.406737 -0.684544 
vn -0.527391 -0.406737 -0.745938 
vn -0.44365 -0.406737 -0.798586 
vn -0.354707 -0.406737 -0.841872 
vn -0.261605 -0.406737 -0.875288 
vn -0.165436 -0.406737 -0.898441 
vn -0.0673277 -0.406737 -0.911061 
vn 0.03157 -0.406737 -0.913 
vn 0.130098 -0.406737 -0.904234 
vn 0.2271 -0.406737 -0.884868 
vn 0.32144 -0.406737 -0.855127 
vn 0.412011 -0.406737 -0.81536 
vn 0.497752 -0.406737 -0.766034 
vn 0.577657 -0.406737 -0.707727 
vn 0.650789 -0.406737 -0.641123 
vn 0.716292 -0.406737 -0.567002 
vn 0.773397 -0.406737 -0.486234 
vn 0.821434 -0.406737 -0.399764 
vn 0.859841 -0.406737 -0.308608 
vn 0.888167 -0.406737 -0.213834 
vn 0.90608 -0.406737 -0.116553 
vn 0.865859 -0.5 -0.0169738 
vn 0.862619 -0.5 0.0767416 
vn 0.849265 -0.5 0.169557 
vn 0.825954 -0.5 0.260385 
vn 0.792959 -0.5 0.34816 
vn 0.750668 -0.5 0.431853 
vn 0.699576 -0.5 0.510483 
vn 0.640283 -0.5 0.583128 
vn 0.573482 -0.5 0.648936 
vn 0.499958 -0.5 0.707137 
vn 0.420572 -0.5 0.757046 
vn 0.336256 -0.5 0.79808 
vn 0.247997 -0.5 0.829758 
vn 0.156831 -0.5 0.851707 
vn 0.0638255 -0.5 0.86367 
vn -0.0299278 -0.5 0.865508 
vn -0.12333 -0.5 0.857199 
vn -0.215287 -0.5 0.838839 
vn -0.304719 -0.5 0.810646 
vn -0.390579 -0.5 0.772948 
vn -0.47186 -0.5 0.726187 
vn -0.547609 -0.5 0.670913 
vn -0.616937 -0.5 0.607774 
vn -0.679032 -0.5 0.537508 
vn -0.733167 -0.5 0.460941 
vn -0.778705 -0.5 0.37897 
vn -0.815114 -0.5 0.292555 
vn -0.841967 -0.5 0.202711 
vn -0.858948 -0.5 0.11049 
vn -0.865859 -0.5 0.0169738 
vn -0.862619 -0.5 -0.0767416 
vn -0.849265 -0.5 -0.169557 
vn -0.825954 -0.5 -0.260385 
vn -0.792959 -0.5 -0.34816 
vn -0.750668 -0.5 -0.431853 
vn -0.699576 -0.5 -0.510483 
vn -0.640283 -0.5 -0.583128 
vn -0.573482 -0.5 -0.648936 
vn -0.499958 -0.5 -0.707137 
vn -0.420572 -0.5 -0.757046 
vn -0.336256 -0.5 -0.79808 
vn -0.247997 -0.5 -0.829758 
vn -0.156831 -0.5 -0.851707 
vn -0.0638255 -0.5 -0.86367 
vn 0.0299278 -0.5 -0.865508 
vn 0.12333 -0.5 -0.857199 
vn 0.215287 -0.5 -0.838839 
vn 0.304719 -0.5 -0.810646 
vn 0.390579 -0.5 -0.772948 
vn 0.47186 -0.5 -0.726187 
vn 0.547609 -0.5 -0.670913 
vn 0.616937 -0.5 -0.607774 
vn 0.679032 -0.5 -0.537508 
vn 0.733167 -0.5 -0.460941 
vn 0.778705 -0.5 -0.37897 
vn 0.815114 -0.5 -0.292555 
vn 0.841967 -0.5 -0.202711 
vn 0.858948 -0.5 -0.11049 
vn 0.808862 -0.587785 -0.0158564 
vn 0.805834 -0.587785 0.0716899 
vn 0.79336 -0.587785 0.158396 
vn 0.771583 -0.587785 0.243244 
vn 0.740761 -0.587785 0.325241 
vn 0.701254 -0.587785 0.403425 
vn 0.653525 -0.587785 0.476879 
vn 0.598134 -0.587785 0.544742 
vn 0.535731 -0.587785 0.606218 
vn 0.467047 -0.587785 0.660587 
vn 0.392887 -0.587785 0.707212 
vn 0.314121 -0.587785 0.745545 
vn 0.231672 -0.587785 0.775137 
vn 0.146507 -0.587785 0.795641 
vn 0.059624 -0.587785 0.806817 
vn -0.0279577 -0.587785 0.808534 
vn -0.115212 -0.587785 0.800771 
vn -0.201115 -0.587785 0.783621 
vn -0.28466 -0.587785 0.757283 
vn -0.364868 -0.587785 0.722066 
vn -0.440798 -0.587785 0.678384 
vn -0.511561 -0.587785 0.626749 
vn -0.576325 -0.587785 0.567765 
vn -0.634333 -0.587785 0.502125 
vn -0.684904 -0.587785 0.430598 
vn -0.727445 -0.587785 0.354023 
vn -0.761457 -0.587785 0.273297 
vn -0.786542 -0.587785 0.189367 
vn -0.802406 -0.587785 0.103217 
vn -0.808862 -0.587785 0.0158564 
vn -0.805834 -0.587785 -0.0716899 
vn -0.79336 -0.587785 -0.158396 
vn -0.771583 -0.587785 -0.243244 
vn -0.740761 -0.587785 -0.325241 
vn -0.701254 -0.587785 -0.403425 
vn -0.653525 -0.587785 -0.476879 
vn -0.598134 -0.587785 -0.544742 
vn -0.535731 -0.587785 -0.606218 
vn -0.467047 -0.587785 -0.660587 
vn -0.392887 -0.587785 -0.707212 
vn -0.314121 -0.587785 -0.745545 
vn -0.231672 -0.587785 -0.775137 
vn -0.146507 -0.587785 -0.795641 
vn -0.059624 -0.587785 -0.806817 
vn 0.0279577 -0.587785 -0.808534 
vn 0.115212 -0.587785 -0.800771 
vn 0.201115 -0.587785 -0.783621 
vn 0.28466 -0.587785 -0.757283 
vn 0.364868 -0.587785 -0.722066 
vn 0.440798 -0.587785 -0.678384 
vn 0.511561 -0.587785 -0.626749 
vn 0.576325 -0.587785 -0.567765 
vn 0.634333 -0.587785 -0.502125 
vn 0.684904 -0.587785 -0.430598 
vn 0.727445 -0.587785 -0.354023 
vn 0.761457 -0.587785 -0.273297 
vn 0.786542 -0.587785 -0.189367 
vn 0.802406 -0.587785 -0.103217 
vn 0.743002 -0.669131 -0.0145653 
vn 0.740221 -0.669131 0.0658527 
vn 0.728762 -0.669131 0.145499 
vn 0.708759 -0.669131 0.223439 
vn 0.680446 -0.669131 0.298759 
vn 0.644156 -0.669131 0.370577 
vn 0.600313 -0.669131 0.43805 
vn 0.549433 -0.669131 0.500388 
vn 0.492111 -0.669131 0.556859 
vn 0.429019 -0.669131 0.606801 
vn 0.360897 -0.669131 0.649629 
vn 0.288544 -0.669131 0.68484 
vn 0.212809 -0.669131 0.712023 
vn 0.134578 -0.669131 0.730858 
vn 0.0547693 -0.669131 0.741124 
vn -0.0256813 -0.669131 0.742701 
vn -0.105831 -0.669131 0.735571 
vn -0.18474 -0.669131 0.719816 
vn -0.261483 -0.669131 0.695623 
vn -0.33516 -0.669131 0.663274 
vn -0.404908 -0.669131 0.623149 
vn -0.469908 -0.669131 0.575717 
vn -0.5294 -0.669131 0.521536 
vn -0.582684 -0.669131 0.461241 
vn -0.629137 -0.669131 0.395538 
vn -0.668215 -0.669131 0.325198 
vn -0.699458 -0.669131 0.251045 
vn -0.7225 -0.669131 0.173948 
vn -0.737072 -0.669131 0.0948126 
vn -0.743002 -0.669131 0.0145653 
vn -0.740221 -0.669131 -0.0658527 
vn -0.728762 -0.669131 -0.145499 
vn -0.708759 -0.669131 -0.223439 
vn -0.680446 -0.669131 -0.298759 
vn -0.644156 -0.669131 -0.370577 
vn -0.600313 -0.669131 -0.43805 
vn -0.549433 -0.669131 -0.500388 
vn -0.492111 -0.669131 -0.556859 
vn -0.429019 -0.669131 -0.606801 
vn -0.360897 -0.669131 -0.649629 
vn -0.288544 -0.669131 -0.68484 
vn -0.212809 -0.669131 -0.712023 
vn -0.134578 -0.669131 -0.730858 
vn -0.0547693 -0.669131 -0.741124 
vn 0.0256813 -0.669131 -0.742701 
vn 0.105831 -0.669131 -0.735571 
vn 0.18474 -0.669131 -0.719816 
vn 0.261483 -0.669131 -0.695623 
vn 0.33516 -0.669131 -0.663274 
vn 0.404908 -0.669131 -0.623149 
vn 0.469908 -0.669131 -0.575717 
vn 0.5294 -0.669131 -0.521536 
vn 0.582684 -0.669131 -0.461241 
vn 0.629137 -0.669131 -0.395538 
vn 0.668215 -0.669131 -0.325198 
vn 0.699458 -0.669131 -0.251045 
vn 0.7225 -0.669131 -0.173948 
vn 0.737072 -0.669131 -0.0948126 
vn 0.669002 -0.743145 -0.0131147 
vn 0.666498 -0.743145 0.059294 
vn 0.65618 -0.743145 0.131008 
vn 0.638169 -0.743145 0.201185 
vn 0.612677 -0.743145 0.269004 
vn 0.580001 -0.743145 0.333669 
vn 0.540525 -0.743145 0.394422 
vn 0.494711 -0.743145 0.450551 
vn 0.443098 -0.743145 0.501398 
vn 0.38629 -0.743145 0.546366 
vn 0.324953 -0.743145 0.584928 
vn 0.259806 -0.743145 0.616633 
vn 0.191614 -0.743145 0.641108 
vn 0.121174 -0.743145 0.658067 
vn 0.0493145 -0.743145 0.667311 
vn -0.0231236 -0.743145 0.668731 
vn -0.0952906 -0.743145 0.662311 
vn -0.16634 -0.743145 0.648125 
vn -0.23544 -0.743145 0.626342 
vn -0.301779 -0.743145 0.597214 
vn -0.36458 -0.743145 0.561085 
vn -0.423107 -0.743145 0.518378 
vn -0.476674 -0.743145 0.469594 
vn -0.524651 -0.743145 0.415303 
vn -0.566478 -0.743145 0.356144 
vn -0.601663 -0.743145 0.292809 
vn -0.629794 -0.743145 0.226042 
vn -0.650542 -0.743145 0.156624 
vn -0.663662 -0.743145 0.0853697 
vn -0.669002 -0.743145 0.0131147 
vn -0.666498 -0.743145 -0.059294 
vn -0.65618 -0.743145 -0.131008 
vn -0.638169 -0.743145 -0.201185 
vn -0.612677 -0.743145 -0.269004 
vn -0.580001 -0.743145 -0.333669 
vn -0.540525 -0.743145 -0.394422 
vn -0.494711 -0.743145 -0.450551 
vn -0.443098 -0.743145 -0.501398 
vn -0.38629 -0.743145 -0.546366 
vn -0.324953 -0.743145 -0.584928 
vn -0.259806 -0.743145 -0.616633 
vn -0.191614 -0.743145 -0.641108 
vn -0.121174 -0.743145 -0.658067 
vn -0.0493145 -0.743145 -0.667311 
vn 0.0231236 -0.743145 -0.668731 
vn 0.0952906 -0.743145 -0.662311 
vn 0.16634 -0.743145 -0.648125 
vn 0.23544 -0.743145 -0.626342 
vn 0.301779 -0.743145 -0.597214 
vn 0.36458 -0.743145 -0.561085 
vn 0.423107 -0.743145 -0.518378 
vn 0.476674 -0.743145 -0.469594 
vn 0.524651 -0.743145 -0.415303 
vn 0.566478 -0.743145 -0.356144 
vn 0.601663 -0.743145 -0.292809 
vn 0.629794 -0.743145 -0.226042 
vn 0.650542 -0.743145 -0.156624 
vn 0.663662 -0.743145 -0.0853697 
vn 0.587672 -0.809017 -0.0115204 
vn 0.585473 -0.809017 0.0520857 
vn 0.576409 -0.809017 0.115081 
vn 0.560588 -0.809017 0.176727 
vn 0.538194 -0.809017 0.236302 
vn 0.509491 -0.809017 0.293105 
vn 0.474814 -0.809017 0.346473 
vn 0.43457 -0.809017 0.395778 
vn 0.389231 -0.809017 0.440443 
vn 0.339329 -0.809017 0.479945 
vn 0.285449 -0.809017 0.513819 
vn 0.228222 -0.809017 0.54167 
vn 0.168319 -0.809017 0.56317 
vn 0.106443 -0.809017 0.578067 
vn 0.0433194 -0.809017 0.586187 
vn -0.0203125 -0.809017 0.587434 
vn -0.0837062 -0.809017 0.581794 
vn -0.146119 -0.809017 0.569334 
vn -0.206818 -0.809017 0.550198 
vn -0.265092 -0.809017 0.524612 
vn -0.320259 -0.809017 0.492875 
vn -0.371671 -0.809017 0.45536 
vn -0.418725 -0.809017 0.412506 
vn -0.46087 -0.809017 0.364815 
vn -0.497612 -0.809017 0.312848 
vn -0.52852 -0.809017 0.257213 
vn -0.553231 -0.809017 0.198562 
vn -0.571456 -0.809017 0.137583 
vn -0.582982 -0.809017 0.0749914 
vn -0.587672 -0.809017 0.0115204 
vn -0.585473 -0.809017 -0.0520857 
vn -0.576409 -0.809017 -0.115081 
vn -0.560588 -0.809017 -0.176727 
vn -0.538194 -0.809017 -0.236302 
vn -0.509491 -0.809017 -0.293105 
vn -0.474814 -0.809017 -0.346473 
vn -0.43457 -0.809017 -0.395778 
vn -0.389231 -0.809017 -0.440443 
vn -0.339329 -0.809017 -0.479945 
vn -0.285449 -0.809017 -0.513819 
vn -0.228222 -0.809017 -0.54167 
vn -0.168319 -0.809017 -0.56317 
vn -0.106443 -0.809017 -0.578067 
vn -0.0433194 -0.809017 -0.586187 
vn 0.0203125 -0.809017 -0.587434 
vn 0.0837062 -0.809017 -0.581794 
vn 0.146119 -0.809017 -0.569334 
vn 0.206818 -0.809017 -0.550198 
vn 0.265092 -0.809017 -0.524612 
vn 0.320259 -0.809017 -0.492875 
vn 0.371671 -0.809017 -0.45536 
vn 0.418725 -0.809017 -0.412506 
vn 0.46087 -0.809017 -0.364815 
vn 0.497612 -0.809017 -0.312848 
vn 0.52852 -0.809017 -0.257213 
vn 0.553231 -0.809017 -0.198562 
vn 0.571456 -0.809017 -0.137583 
vn 0.582982 -0.809017 -0.0749914 
vn 0.499904 -0.866025 -0.0097998 
vn 0.498033 -0.866025 0.0443068 
vn 0.490323 -0.866025 0.0978939 
vn 0.476865 -0.866025 0.150333 
vn 0.457815 -0.866025 0.20101 
vn 0.433399 -0.866025 0.24933 
vn 0.403901 -0.866025 0.294727 
vn 0.369667 -0.866025 0.336669 
vn 0.3311 -0.866025 0.374664 
vn 0.288651 -0.866025 0.408265 
vn 0.242817 -0.866025 0.437081 
vn 0.194137 -0.866025 0.460772 
vn 0.143181 -0.866025 0.479061 
vn 0.0905462 -0.866025 0.491733 
vn 0.0368497 -0.866025 0.49864 
vn -0.0172788 -0.866025 0.499701 
vn -0.0712048 -0.866025 0.494904 
vn -0.124296 -0.866025 0.484304 
vn -0.17593 -0.866025 0.468026 
vn -0.225501 -0.866025 0.446261 
vn -0.272428 -0.866025 0.419265 
vn -0.316162 -0.866025 0.387352 
vn -0.356189 -0.866025 0.350898 
vn -0.392039 -0.866025 0.310331 
vn -0.423294 -0.866025 0.266124 
vn -0.449586 -0.866025 0.218798 
vn -0.470606 -0.866025 0.168907 
vn -0.48611 -0.866025 0.117035 
vn -0.495914 -0.866025 0.0637915 
vn -0.499904 -0.866025 0.0097998 
vn -0.498033 -0.866025 -0.0443068 
vn -0.490323 -0.866025 -0.0978939 
vn -0.476865 -0.866025 -0.150333 
vn -0.457815 -0.866025 -0.20101 
vn -0.433399 -0.866025 -0.24933 
vn -0.403901 -0.866025 -0.294727 
vn -0.369667 -0.866025 -0.336669 
vn -0.3311 -0.866025 -0.374664 
vn -0.288651 -0.866025 -0.408265 
vn -0.242817 -0.866025 -0.437081 
vn -0.194137 -0.866025 -0.460772 
vn -0.143181 -0.866025 -0.479061 
vn -0.0905462 -0.866025 -0.491733 
vn -0.0368497 -0.866025 -0.49864 
vn 0.0172788 -0.866025 -0.499701 
vn 0.0712048 -0.866025 -0.494904 
vn 0.124296 -0.866025 -0.484304 
vn 0.17593 -0.866025 -0.468026 
vn 0.225501 -0.866025 -0.446261 
vn 0.272428 -0.866025 -0.419265 
vn 0.316162 -0.866025 -0.387352 
vn 0.356189 -0.866025 -0.350898 
vn 0.392039 -0.866025 -0.310331 
vn 0.423294 -0.866025 -0.266124 
vn 0.449586 -0.866025 -0.218798 
vn 0.470606 -0.866025 -0.168907 
vn 0.48611 -0.866025 -0.117035 
vn 0.495914 -0.866025 -0.0637915 
vn 0.406659 -0.913545 -0.00797188 
vn 0.405137 -0.913545 0.0360424 
vn 0.398865 -0.913545 0.0796341 
vn 0.387917 -0.913545 0.122292 
vn 0.372421 -0.913545 0.163516 
vn 0.352558 -0.913545 0.202824 
vn 0.328562 -0.913545 0.239753 
vn 0.300715 -0.913545 0.273871 
vn 0.269341 -0.913545 0.304779 
vn 0.23481 -0.913545 0.332113 
vn 0.197526 -0.913545 0.355554 
vn 0.157926 -0.913545 0.374826 
vn 0.116474 -0.913545 0.389703 
vn 0.0736569 -0.913545 0.400012 
vn 0.0299762 -0.913545 0.405631 
vn -0.0140559 -0.913545 0.406494 
vn -0.0579232 -0.913545 0.402591 
vn -0.101111 -0.913545 0.393969 
vn -0.143114 -0.913545 0.380727 
vn -0.183439 -0.913545 0.363022 
vn -0.221613 -0.913545 0.34106 
vn -0.257189 -0.913545 0.315101 
vn -0.28975 -0.913545 0.285446 
vn -0.318914 -0.913545 0.252446 
vn -0.344338 -0.913545 0.216485 
vn -0.365726 -0.913545 0.177987 
vn -0.382826 -0.913545 0.137401 
vn -0.395437 -0.913545 0.0952051 
vn -0.403413 -0.913545 0.0518927 
vn -0.406659 -0.913545 0.00797188 
vn -0.405137 -0.913545 -0.0360424 
vn -0.398865 -0.913545 -0.0796341 
vn -0.387917 -0.913545 -0.122292 
vn -0.372421 -0.913545 -0.163516 
vn -0.352558 -0.913545 -0.202824 
vn -0.328562 -0.913545 -0.239753 
vn -0.300715 -0.913545 -0.273871 
vn -0.269341 -0.913545 -0.304779 
vn -0.23481 -0.913545 -0.332113 
vn -0.197526 -0.913545 -0.355554 
vn -0.157926 -0.913545 -0.374826 
vn -0.116474 -0.913545 -0.389703 
vn -0.0736569 -0.913545 -0.400012 
vn -0.0299762 -0.913545 -0.405631 
vn 0.0140559 -0.913545 -0.406494 
vn 0.0579232 -0.913545 -0.402591 
vn 0.101111 -0.913545 -0.393969 
vn 0.143114 -0.913545 -0.380727 
vn 0.183439 -0.913545 -0.363022 
vn 0.221613 -0.913545 -0.34106 
vn 0.257189 -0.913545 -0.315101 
vn 0.28975 -0.913545 -0.285446 
vn 0.318914 -0.913545 -0.252446 
vn 0.344338 -0.913545 -0.216485 
vn 0.365726 -0.913545 -0.177987 
vn 0.382826 -0.913545 -0.137401 
vn 0.395437 -0.913545 -0.0952051 
vn 0.403413 -0.913545 -0.0518927 
vn 0.308958 -0.951057 -0.00605661 
vn 0.307801 -0.951057 0.0273831 
vn 0.303036 -0.951057 0.0605017 
vn 0.294719 -0.951057 0.0929111 
vn 0.282945 -0.951057 0.124231 
vn 0.267855 -0.951057 0.154095 
vn 0.249624 -0.951057 0.182152 
vn 0.228467 -0.951057 0.208073 
vn 0.204631 -0.951057 0.231555 
vn 0.178396 -0.951057 0.252322 
vn 0.150069 -0.951057 0.270131 
vn 0.119983 -0.951057 0.284773 
vn 0.0884908 -0.951057 0.296076 
vn 0.0559606 -0.951057 0.303908 
vn 0.0227744 -0.951057 0.308177 
vn -0.0106789 -0.951057 0.308832 
vn -0.044007 -0.951057 0.305867 
vn -0.0768191 -0.951057 0.299316 
vn -0.108731 -0.951057 0.289256 
vn -0.139367 -0.951057 0.275805 
vn -0.16837 -0.951057 0.25912 
vn -0.195399 -0.951057 0.239397 
vn -0.220137 -0.951057 0.216867 
vn -0.242294 -0.951057 0.191795 
vn -0.26161 -0.951057 0.164474 
vn -0.277859 -0.951057 0.135225 
vn -0.290851 -0.951057 0.10439 
vn -0.300432 -0.951057 0.0723318 
vn -0.306492 -0.951057 0.0394253 
vn -0.308958 -0.951057 0.00605661 
vn -0.307801 -0.951057 -0.0273831 
vn -0.303036 -0.951057 -0.0605017 
vn -0.294719 -0.951057 -0.0929111 
vn -0.282945 -0.951057 -0.124231 
vn -0.267855 -0.951057 -0.154095 
vn -0.249624 -0.951057 -0.182152 
vn -0.228467 -0.951057 -0.208073 
vn -0.204631 -0.951057 -0.231555 
vn -0.178396 -0.951057 -0.252322 
vn -0.150069 -0.951057 -0.270131 
vn -0.119983 -0.951057 -0.284773 
vn -0.0884908 -0.951057 -0.296076 
vn -0.0559606 -0.951057 -0.303908 
vn -0.0227744 -0.951057 -0.308177 
vn 0.0106789 -0.951057 -0.308832 
vn 0.044007 -0.951057 -0.305867 
vn 0.0768191 -0.951057 -0.299316 
vn 0.108731 -0.951057 -0.289256 
vn 0.139367 -0.951057 -0.275805 
vn 0.16837 -0.951057 -0.25912 
vn 0.195399 -0.951057 -0.239397 
vn 0.220137 -0.951057 -0.216867 
vn 0.242294 -0.951057 -0.191795 
vn 0.26161 -0.951057 -0.164474 
vn 0.277859 -0.951057 -0.135225 
vn 0.290851 -0.951057 -0.10439 
vn 0.300432 -0.951057 -0.0723318 
vn 0.306492 -0.951057 -0.0394253 
vn 0.207872 -0.978148 -0.00407499 
vn 0.207094 -0.978148 0.0184238 
vn 0.203888 -0.978148 0.0407066 
vn 0.198291 -0.978148 0.0625121 
vn 0.19037 -0.978148 0.0835847 
vn 0.180217 -0.978148 0.103677 
vn 0.167951 -0.978148 0.122555 
vn 0.153716 -0.978148 0.139995 
vn 0.137679 -0.978148 0.155794 
vn 0.120028 -0.978148 0.169766 
vn 0.100969 -0.978148 0.181748 
vn 0.0807268 -0.978148 0.1916 
vn 0.059538 -0.978148 0.199205 
vn 0.0376512 -0.978148 0.204474 
vn 0.015323 -0.978148 0.207346 
vn -0.00718494 -0.978148 0.207788 
vn -0.0296086 -0.978148 0.205793 
vn -0.0516851 -0.978148 0.201385 
vn -0.0731557 -0.978148 0.194616 
vn -0.0937686 -0.978148 0.185566 
vn -0.113282 -0.978148 0.17434 
vn -0.131468 -0.978148 0.16107 
vn -0.148112 -0.978148 0.145912 
vn -0.163019 -0.978148 0.129043 
vn -0.176016 -0.978148 0.110661 
vn -0.186948 -0.978148 0.0909814 
vn -0.195689 -0.978148 0.0702354 
vn -0.202136 -0.978148 0.048666 
vn -0.206213 -0.978148 0.026526 
vn -0.207872 -0.978148 0.00407499 
vn -0.207094 -0.978148 -0.0184238 
vn -0.203888 -0.978148 -0.0407066 
vn -0.198291 -0.978148 -0.0625121 
vn -0.19037 -0.978148 -0.0835847 
vn -0.180217 -0.978148 -0.103677 
vn -0.167951 -0.978148 -0.122555 
vn -0.153716 -0.978148 -0.139995 
vn -0.137679 -0.978148 -0.155794 
vn -0.120028 -0.978148 -0.169766 
vn -0.100969 -0.978148 -0.181748 
vn -0.0807268 -0.978148 -0.1916 
vn -0.059538 -0.978148 -0.199205 
vn -0.0376512 -0.978148 -0.204474 
vn -0.015323 -0.978148 -0.207346 
vn 0.00718494 -0.978148 -0.207788 
vn 0.0296086 -0.978148 -0.205793 
vn 0.0516851 -0.978148 -0.201385 
vn 0.0731557 -0.978148 -0.194616 
vn 0.0937686 -0.978148 -0.185566 
vn 0.113282 -0.978148 -0.17434 
vn 0.131468 -0.978148 -0.16107 
vn 0.148112 -0.978148 -0.145912 
vn 0.163019 -0.978148 -0.129043 
vn 0.176016 -0.978148 -0.110661 
vn 0.186948 -0.978148 -0.0909814 
vn 0.195689 -0.978148 -0.0702354 
vn 0.202136 -0.978148 -0.048666 
vn 0.206213 -0.978148 -0.026526 
vn 0.104508 -0.994522 -0.00204872 
vn 0.104117 -0.994522 0.00926264 
vn 0.102505 -0.994522 0.0204654 
vn 0.0996919 -0.994522 0.0314282 
vn 0.0957095 -0.994522 0.0420226 
vn 0.090605 -0.994522 0.0521242 
vn 0.0844382 -0.994522 0.0616148 
vn 0.0772815 -0.994522 0.070383 
vn 0.0692187 -0.994522 0.078326 
vn 0.0603445 -0.994522 0.0853507 
vn 0.0507627 -0.994522 0.0913748 
vn 0.0405858 -0.994522 0.0963275 
vn 0.029933 -0.994522 0.100151 
vn 0.0189293 -0.994522 0.1028 
vn 0.00770368 -0.994522 0.104244 
vn -0.00361226 -0.994522 0.104466 
vn -0.0148858 -0.994522 0.103463 
vn -0.0259849 -0.994522 0.101247 
vn -0.0367793 -0.994522 0.0978442 
vn -0.0471425 -0.994522 0.0932941 
vn -0.0569531 -0.994522 0.0876502 
vn -0.0660958 -0.994522 0.0809786 
vn -0.0744637 -0.994522 0.0733577 
vn -0.0819586 -0.994522 0.0648767 
vn -0.0884925 -0.994522 0.0556352 
vn -0.093989 -0.994522 0.0457413 
vn -0.0983835 -0.994522 0.0353112 
vn -0.101625 -0.994522 0.024467 
vn -0.103674 -0.994522 0.0133361 
vn -0.104508 -0.994522 0.00204872 
vn -0.104117 -0.994522 -0.00926264 
vn -0.102505 -0.994522 -0.0204654 
vn -0.0996919 -0.994522 -0.0314282 
vn -0.0957095 -0.994522 -0.0420226 
vn -0.090605 -0.994522 -0.0521242 
vn -0.0844382 -0.994522 -0.0616148 
vn -0.0772815 -0.994522 -0.070383 
vn -0.0692187 -0.994522 -0.078326 
vn -0.0603445 -0.994522 -0.0853507 
vn -0.0507627 -0.994522 -0.0913748 
vn -0.0405858 -0.994522 -0.0963275 
vn -0.029933 -0.994522 -0.100151 
vn -0.0189293 -0.994522 -0.1028 
vn -0.00770368 -0.994522 -0.104244 
vn 0.00361226 -0.994522 -0.104466 
vn 0.0148858 -0.994522 -0.103463 
vn 0.0259849 -0.994522 -0.101247 
vn 0.0367793 -0.994522 -0.0978442 
vn 0.0471425 -0.994522 -0.0932941 
vn 0.0569531 -0.994522 -0.0876502 
vn 0.0660958 -0.994522 -0.0809786 
vn 0.0744637 -0.994522 -0.0733577 
vn 0.0819586 -0.994522 -0.0648767 
vn 0.0884925 -0.994522 -0.0556352 
vn 0.093989 -0.994522 -0.0457413 
vn 0.0983835 -0.994522 -0.0353112 
vn 0.101625 -0.994522 -0.024467 
vn 0.103674 -0.994522 -0.0133361 
vn 4.27926e-15 -1 -8.38879e-17 
vn 1 0 0 
vn 0.994138 0 0.108119 
vn 0.996066 0 0.0886135 
vn 0.994141 0 0.108089 
vn 0.976621 0 0.21497 
vn 0.980646 0 0.195788 
vn 0.976627 0 0.214941 
vn 0.947653 0 0.319302 
vn 0.953729 0 0.300667 
vn 0.947663 0 0.319273 
vn 0.907575 0 0.419889 
vn 0.915631 0 0.40202 
vn 0.907588 0 0.419862 
vn 0.856857 0 0.515554 
vn 0.866797 0 0.498661 
vn 0.856873 0 0.515528 
vn 0.796093 0 0.605174 
vn 0.807801 0 0.589455 
vn 0.796111 0 0.60515 
vn 0.725995 0 0.687699 
vn 0.739335 0 0.673338 
vn 0.726016 0 0.687678 
vn 0.647386 0 0.762162 
vn 0.6622 0 0.749327 
vn 0.647409 0 0.762143 
vn 0.561187 0 0.827689 
vn 0.577302 0 0.816531 
vn 0.561212 0 0.827672 
vn 0.468408 0 0.883512 
vn 0.485635 0 0.874162 
vn 0.468435 0 0.883498 
vn 0.370138 0 0.928977 
vn 0.388275 0 0.921544 
vn 0.370166 0 0.928966 
vn 0.267528 0 0.96355 
vn 0.286362 0 0.958121 
vn 0.267557 0 0.963542 
vn 0.161782 0 0.986827 
vn 0.181092 0 0.983466 
vn 0.161812 0 0.986822 
vn 0.0541389 0 0.998533 
vn 0.0736994 0 0.997281 
vn 0.0541689 0 0.998532 
vn -0.0541389 0 0.998533 
vn -0.0345576 0 0.999403 
vn -0.0541089 0 0.998535 
vn -0.161782 0 0.986827 
vn -0.14241 0 0.989808 
vn -0.161752 0 0.986831 
vn -0.267528 0 0.96355 
vn -0.248592 0 0.968608 
vn -0.267499 0 0.963558 
vn -0.370138 0 0.928977 
vn -0.351859 0 0.936053 
vn -0.37011 0 0.928988 
vn -0.468408 0 0.883512 
vn -0.451002 0 0.892523 
vn -0.468382 0 0.883526 
vn -0.561187 0 0.827689 
vn -0.544857 0 0.838529 
vn -0.561162 0 0.827706 
vn -0.647386 0 0.762162 
vn -0.632324 0 0.774704 
vn -0.647363 0 0.762182 
vn -0.725995 0 0.687699 
vn -0.712377 0 0.701797 
vn -0.725975 0 0.687721 
vn -0.796093 0 0.605174 
vn -0.784079 0 0.620661 
vn -0.796075 0 0.605198 
vn -0.856857 0 0.515554 
vn -0.846588 0 0.532249 
vn -0.856842 0 0.51558 
vn -0.907575 0 0.419889 
vn -0.899171 0 0.437597 
vn -0.907563 0 0.419916 
vn -0.947653 0 0.319302 
vn -0.941213 0 0.337814 
vn -0.947644 0 0.31933 
vn -0.976621 0 0.21497 
vn -0.97222 0 0.234071 
vn -0.976614 0 0.215 
vn -0.994138 0 0.108119 
vn -0.991828 0 0.127583 
vn -0.994135 0 0.108149 
vn -1 0 1.22465e-16 
vn -0.999808 0 0.0195996 
vn -1 0 3.18027e-11 
vn -0.994138 0 -0.108119 
vn -0.996066 0 -0.0886135 
vn -0.994141 0 -0.108089 
vn -0.976621 0 -0.21497 
vn -0.980646 0 -0.195788 
vn -0.976627 0 -0.214941 
vn -0.947653 0 -0.319302 
vn -0.953729 0 -0.300667 
vn -0.947663 0 -0.319273 
vn -0.907575 0 -0.419889 
vn -0.915631 0 -0.40202 
vn -0.907588 0 -0.419862 
vn -0.856857 0 -0.515554 
vn -0.866797 0 -0.498661 
vn -0.856873 0 -0.515528 
vn -0.796093 0 -0.605174 
vn -0.807801 0 -0.589455 
vn -0.796111 0 -0.60515 
vn -0.725995 0 -0.687699 
vn -0.739335 0 -0.673338 
vn -0.726016 0 -0.687678 
vn -0.647386 0 -0.762162 
vn -0.6622 0 -0.749327 
vn -0.647409 0 -0.762143 
vn -0.561187 0 -0.827689 
vn -0.577302 0 -0.816531 
vn -0.561212 0 -0.827672 
vn -0.468408 0 -0.883512 
vn -0.485635 0 -0.874162 
vn -0.468435 0 -0.883498 
vn -0.370138 0 -0.928977 
vn -0.388275 0 -0.921544 
vn -0.370166 0 -0.928966 
vn -0.267528 0 -0.96355 
vn -0.286362 0 -0.958121 
vn -0.267557 0 -0.963542 
vn -0.161782 0 -0.986827 
vn -0.181092 0 -0.983466 
vn -0.161812 0 -0.986822 
vn -0.0541389 0 -0.998533 
vn -0.0736994 0 -0.997281 
vn -0.0541689 0 -0.998532 
vn 0.0541389 0 -0.998533 
vn 0.0345576 0 -0.999403 
vn 0.0541089 0 -0.998535 
vn 0.161782 0 -0.986827 
vn 0.14241 0 -0.989808 
vn 0.161752 0 -0.986831 
vn 0.267528 0 -0.96355 
vn 0.248592 0 -0.968608 
vn 0.267499 0 -0.963558 
vn 0.370138 0 -0.928977 
vn 0.351859 0 -0.936053 
vn 0.37011 0 -0.928988 
vn 0.468408 0 -0.883512 
vn 0.451002 0 -0.892523 
vn 0.468382 0 -0.883526 
vn 0.561187 0 -0.827689 
vn 0.544857 0 -0.838529 
vn 0.561162 0 -0.827706 
vn 0.647386 0 -0.762162 
vn 0.632324 0 -0.774704 
vn 0.647363 0 -0.762182 
vn 0.725995 0 -0.687699 
vn 0.712377 0 -0.701797 
vn 0.725975 0 -0.687721 
vn 0.796093 0 -0.605174 
vn 0.784079 0 -0.620661 
vn 0.796075 0 -0.605198 
vn 0.856857 0 -0.515554 
vn 0.846588 0 -0.532249 
vn 0.856842 0 -0.51558 
vn 0.907575 0 -0.419889 
vn 0.899171 0 -0.437597 
vn 0.907563 0 -0.419916 
vn 0.947653 0 -0.319302 
vn 0.941213 0 -0.337814 
vn 0.947644 0 -0.31933 
vn 0.976621 0 -0.21497 
vn 0.97222 0 -0.234071 
vn 0.976614 0 -0.215 
vn 0.994138 0 -0.108119 
vn 0.991828 0 -0.127583 
vn 0.994135 0 -0.108149 
vn 0.999808 0 -0.0195996 
vn 1 0 -3.00668e-05 
vn 0 -1 0 
vn 0.98937 -0.104528 0.101096 
vn 0.994501 -0.104528 -0.00646663 
vn 1 0 -1.57717e-05 
vn 0.999979 0 -0.00650225 
vn 0.97264 -0.104528 0.207473 
vn 0.99414 0 0.108103 
vn 0.99482 0 0.101653 
vn 0.944507 -0.104528 0.311418 
vn 0.976624 0 0.214955 
vn 0.977998 0 0.208616 
vn 0.9053 -0.104528 0.411711 
vn 0.947658 0 0.319287 
vn 0.949709 0 0.313133 
vn 0.855479 -0.104528 0.507178 
vn 0.907582 0 0.419875 
vn 0.910286 0 0.413979 
vn 0.795629 -0.104528 0.596698 
vn 0.856865 0 0.51554 
vn 0.860191 0 0.509971 
vn 0.72645 -0.104528 0.679223 
vn 0.796103 0 0.605162 
vn 0.800011 0 0.599985 
vn 0.648755 -0.104528 0.753784 
vn 0.726006 0 0.687688 
vn 0.730452 0 0.682964 
vn 0.563453 -0.104528 0.819508 
vn 0.647398 0 0.762152 
vn 0.652328 0 0.757936 
vn 0.471546 -0.104528 0.875624 
vn 0.5612 0 0.82768 
vn 0.566557 0 0.824023 
vn 0.37411 -0.104528 0.921475 
vn 0.468422 0 0.883505 
vn 0.474143 0 0.880448 
vn 0.272288 -0.104528 0.956521 
vn 0.370153 0 0.928971 
vn 0.376171 0 0.92655 
vn 0.167274 -0.104528 0.980354 
vn 0.267544 0 0.963546 
vn 0.273788 0 0.96179 
vn 0.0602983 -0.104528 0.992692 
vn 0.161798 0 0.986824 
vn 0.168195 0 0.985754 
vn -0.047384 -0.104528 0.993392 
vn 0.0541547 0 0.998533 
vn 0.0606305 0 0.99816 
vn -0.154511 -0.104528 0.982446 
vn -0.0541232 0 0.998534 
vn -0.0476451 0 0.998864 
vn -0.259826 -0.104528 0.959981 
vn -0.161766 0 0.986829 
vn -0.155362 0 0.987858 
vn -0.362095 -0.104528 0.926262 
vn -0.267513 0 0.963554 
vn -0.261257 0 0.965269 
vn -0.460119 -0.104528 0.881683 
vn -0.370124 0 0.928983 
vn -0.36409 0 0.931364 
vn -0.552749 -0.104528 0.826766 
vn -0.468395 0 0.883519 
vn -0.462654 0 0.886539 
vn -0.638898 -0.104528 0.762157 
vn -0.561174 0 0.827698 
vn -0.555793 0 0.83132 
vn -0.717556 -0.104528 0.688612 
vn -0.647374 0 0.762172 
vn -0.642417 0 0.766355 
vn -0.787802 -0.104528 0.606994 
vn -0.725985 0 0.687711 
vn -0.721509 0 0.692406 
vn -0.848811 -0.104528 0.51826 
vn -0.796084 0 0.605187 
vn -0.792141 0 0.610338 
vn -0.899869 -0.104528 0.423449 
vn -0.856849 0 0.515567 
vn -0.853487 0 0.521114 
vn -0.940377 -0.104528 0.323674 
vn -0.907569 0 0.419903 
vn -0.904826 0 0.425782 
vn -0.96986 -0.104528 0.220104 
vn -0.947648 0 0.319316 
vn -0.945557 0 0.325457 
vn -0.987972 -0.104528 0.113953 
vn -0.976617 0 0.214986 
vn -0.975202 0 0.221316 
vn -0.994501 -0.104528 0.00646663 
vn -0.994136 0 0.108135 
vn -0.993414 0 0.114581 
vn -0.98937 -0.104528 -0.101096 
vn -1 0 7.14923e-14 
vn -0.999979 0 0.00650225 
vn -0.97264 -0.104528 -0.207473 
vn -0.99414 0 -0.108103 
vn -0.99482 0 -0.101653 
vn -0.944507 -0.104528 -0.311418 
vn -0.976624 0 -0.214955 
vn -0.977998 0 -0.208616 
vn -0.9053 -0.104528 -0.411711 
vn -0.947658 0 -0.319287 
vn -0.949709 0 -0.313133 
vn -0.855479 -0.104528 -0.507178 
vn -0.907582 0 -0.419875 
vn -0.910286 0 -0.413979 
vn -0.795629 -0.104528 -0.596698 
vn -0.856865 0 -0.51554 
vn -0.860191 0 -0.509971 
vn -0.72645 -0.104528 -0.679223 
vn -0.796103 0 -0.605162 
vn -0.800011 0 -0.599985 
vn -0.648755 -0.104528 -0.753784 
vn -0.726006 0 -0.687688 
vn -0.730452 0 -0.682964 
vn -0.563453 -0.104528 -0.819508 
vn -0.647398 0 -0.762152 
vn -0.652328 0 -0.757936 
vn -0.471546 -0.104528 -0.875624 
vn -0.5612 0 -0.82768 
vn -0.566557 0 -0.824023 
vn -0.37411 -0.104528 -0.921475 
vn -0.468422 0 -0.883505 
vn -0.474143 0 -0.880448 
vn -0.272288 -0.104528 -0.956521 
vn -0.370153 0 -0.928971 
vn -0.376171 0 -0.92655 
vn -0.167274 -0.104528 -0.980354 
vn -0.267544 0 -0.963546 
vn -0.273788 0 -0.96179 
vn -0.0602983 -0.104528 -0.992692 
vn -0.161798 0 -0.986824 
vn -0.168195 0 -0.985754 
vn 0.047384 -0.104528 -0.993392 
vn -0.0541547 0 -0.998533 
vn -0.0606305 0 -0.99816 
vn 0.154511 -0.104528 -0.982446 
vn 0.0541232 0 -0.998534 
vn 0.0476451 0 -0.998864 
vn 0.259826 -0.104528 -0.959981 
vn 0.161766 0 -0.986829 
vn 0.155362 0 -0.987858 
vn 0.362095 -0.104528 -0.926262 
vn 0.267513 0 -0.963554 
vn 0.261257 0 -0.965269 
vn 0.460119 -0.104528 -0.881683 
vn 0.370124 0 -0.928983 
vn 0.36409 0 -0.931364 
vn 0.552749 -0.104528 -0.826766 
vn 0.468395 0 -0.883519 
vn 0.462654 0 -0.886539 
vn 0.638898 -0.104528 -0.762157 
vn 0.561174 0 -0.827698 
vn 0.555793 0 -0.83132 
vn 0.717556 -0.104528 -0.688612 
vn 0.647374 0 -0.762172 
vn 0.642417 0 -0.766355 
vn 0.787802 -0.104528 -0.606994 
vn 0.725985 0 -0.687711 
vn 0.721509 0 -0.692406 
vn 0.848811 -0.104528 -0.51826 
vn 0.796084 0 -0.605187 
vn 0.792141 0 -0.610338 
vn 0.899869 -0.104528 -0.423449 
vn 0.856849 0 -0.515567 
vn 0.853487 0 -0.521114 
vn 0.940377 -0.104528 -0.323674 
vn 0.907569 0 -0.419903 
vn 0.904826 0 -0.425782 
vn 0.96986 -0.104528 -0.220104 
vn 0.947648 0 -0.319316 
vn 0.945557 0 -0.325457 
vn 0.987972 -0.104528 -0.113953 
vn 0.976617 0 -0.214986 
vn 0.975202 0 -0.221316 
vn 0.994136 0 -0.108135 
vn 0.993414 0 -0.114581 
vn 0.978127 -0.207912 -0.00636016 
vn 0.973081 -0.207912 0.0994312 
vn 0.956626 -0.207912 0.204057 
vn 0.928956 -0.207912 0.30629 
vn 0.890395 -0.207912 0.404933 
vn 0.841394 -0.207912 0.498827 
vn 0.782529 -0.207912 0.586874 
vn 0.71449 -0.207912 0.66804 
vn 0.638073 -0.207912 0.741374 
vn 0.554176 -0.207912 0.806016 
vn 0.463782 -0.207912 0.861208 
vn 0.367951 -0.207912 0.906303 
vn 0.267805 -0.207912 0.940773 
vn 0.16452 -0.207912 0.964213 
vn 0.0593056 -0.207912 0.976348 
vn -0.0466039 -0.207912 0.977037 
vn -0.151967 -0.207912 0.966271 
vn -0.255548 -0.207912 0.944176 
vn -0.356134 -0.207912 0.911011 
vn -0.452544 -0.207912 0.867166 
vn -0.543648 -0.207912 0.813154 
vn -0.628378 -0.207912 0.749609 
vn -0.705742 -0.207912 0.677275 
vn -0.774831 -0.207912 0.597 
vn -0.834836 -0.207912 0.509727 
vn -0.885053 -0.207912 0.416477 
vn -0.924894 -0.207912 0.318345 
vn -0.953892 -0.207912 0.21648 
vn -0.971705 -0.207912 0.112077 
vn -0.978127 -0.207912 0.00636016 
vn -0.973081 -0.207912 -0.0994312 
vn -0.956626 -0.207912 -0.204057 
vn -0.928956 -0.207912 -0.30629 
vn -0.890395 -0.207912 -0.404933 
vn -0.841394 -0.207912 -0.498827 
vn -0.782529 -0.207912 -0.586874 
vn -0.71449 -0.207912 -0.66804 
vn -0.638073 -0.207912 -0.741374 
vn -0.554176 -0.207912 -0.806016 
vn -0.463782 -0.207912 -0.861208 
vn -0.367951 -0.207912 -0.906303 
vn -0.267805 -0.207912 -0.940773 
vn -0.16452 -0.207912 -0.964213 
vn -0.0593056 -0.207912 -0.976348 
vn 0.0466039 -0.207912 -0.977037 
vn 0.151967 -0.207912 -0.966271 
vn 0.255548 -0.207912 -0.944176 
vn 0.356134 -0.207912 -0.911011 
vn 0.452544 -0.207912 -0.867166 
vn 0.543648 -0.207912 -0.813154 
vn 0.628378 -0.207912 -0.749609 
vn 0.705742 -0.207912 -0.677275 
vn 0.774831 -0.207912 -0.597 
vn 0.834836 -0.207912 -0.509727 
vn 0.885053 -0.207912 -0.416477 
vn 0.924894 -0.207912 -0.318345 
vn 0.953892 -0.207912 -0.21648 
vn 0.971705 -0.207912 -0.112077 
vn 0.951036 -0.309017 -0.00618401 
vn 0.94613 -0.309017 0.0966774 
vn 0.930131 -0.309017 0.198405 
vn 0.903227 -0.309017 0.297807 
vn 0.865734 -0.309017 0.393717 
vn 0.818091 -0.309017 0.485012 
vn 0.760856 -0.309017 0.57062 
vn 0.694701 -0.309017 0.649538 
vn 0.620401 -0.309017 0.72084 
vn 0.538828 -0.309017 0.783692 
vn 0.450937 -0.309017 0.837355 
vn 0.35776 -0.309017 0.881202 
vn 0.260388 -0.309017 0.914717 
vn 0.159963 -0.309017 0.937507 
vn 0.057663 -0.309017 0.949307 
vn -0.0453131 -0.309017 0.949976 
vn -0.147758 -0.309017 0.939508 
vn -0.248471 -0.309017 0.918026 
vn -0.34627 -0.309017 0.88578 
vn -0.44001 -0.309017 0.843149 
vn -0.528591 -0.309017 0.790633 
vn -0.610975 -0.309017 0.728847 
vn -0.686195 -0.309017 0.658517 
vn -0.753371 -0.309017 0.580466 
vn -0.811714 -0.309017 0.495609 
vn -0.860541 -0.309017 0.404942 
vn -0.899278 -0.309017 0.309528 
vn -0.927472 -0.309017 0.210484 
vn -0.944793 -0.309017 0.108973 
vn -0.951036 -0.309017 0.00618401 
vn -0.94613 -0.309017 -0.0966774 
vn -0.930131 -0.309017 -0.198405 
vn -0.903227 -0.309017 -0.297807 
vn -0.865734 -0.309017 -0.393717 
vn -0.818091 -0.309017 -0.485012 
vn -0.760856 -0.309017 -0.57062 
vn -0.694701 -0.309017 -0.649538 
vn -0.620401 -0.309017 -0.72084 
vn -0.538828 -0.309017 -0.783692 
vn -0.450937 -0.309017 -0.837355 
vn -0.35776 -0.309017 -0.881202 
vn -0.260388 -0.309017 -0.914717 
vn -0.159963 -0.309017 -0.937507 
vn -0.057663 -0.309017 -0.949307 
vn 0.0453131 -0.309017 -0.949976 
vn 0.147758 -0.309017 -0.939508 
vn 0.248471 -0.309017 -0.918026 
vn 0.34627 -0.309017 -0.88578 
vn 0.44001 -0.309017 -0.843149 
vn 0.528591 -0.309017 -0.790633 
vn 0.610975 -0.309017 -0.728847 
vn 0.686195 -0.309017 -0.658517 
vn 0.753371 -0.309017 -0.580466 
vn 0.811714 -0.309017 -0.495609 
vn 0.860541 -0.309017 -0.404942 
vn 0.899278 -0.309017 -0.309528 
vn 0.927472 -0.309017 -0.210484 
vn 0.944793 -0.309017 -0.108973 
vn 0.913526 -0.406737 -0.0059401 
vn 0.908813 -0.406737 0.0928643 
vn 0.893445 -0.406737 0.19058 
vn 0.867603 -0.406737 0.286061 
vn 0.831588 -0.406737 0.378189 
vn 0.785824 -0.406737 0.465882 
vn 0.730847 -0.406737 0.548114 
vn 0.667301 -0.406737 0.623919 
vn 0.595932 -0.406737 0.692409 
vn 0.517576 -0.406737 0.752782 
vn 0.433152 -0.406737 0.804329 
vn 0.343649 -0.406737 0.846446 
vn 0.250118 -0.406737 0.878639 
vn 0.153654 -0.406737 0.900531 
vn 0.0553887 -0.406737 0.911865 
vn -0.0435259 -0.406737 0.912508 
vn -0.14193 -0.406737 0.902453 
vn -0.238671 -0.406737 0.881817 
vn -0.332613 -0.406737 0.850843 
vn -0.422655 -0.406737 0.809894 
vn -0.507743 -0.406737 0.759449 
vn -0.586877 -0.406737 0.700101 
vn -0.659131 -0.406737 0.632544 
vn -0.723657 -0.406737 0.557571 
vn -0.779699 -0.406737 0.476062 
vn -0.8266 -0.406737 0.388971 
vn -0.863809 -0.406737 0.297319 
vn -0.890891 -0.406737 0.202182 
vn -0.907529 -0.406737 0.104675 
vn -0.913526 -0.406737 0.0059401 
vn -0.908813 -0.406737 -0.0928643 
vn -0.893445 -0.406737 -0.19058 
vn -0.867603 -0.406737 -0.286061 
vn -0.831588 -0.406737 -0.378189 
vn -0.785824 -0.406737 -0.465882 
vn -0.730847 -0.406737 -0.548114 
vn -0.667301 -0.406737 -0.623919 
vn -0.595932 -0.406737 -0.692409 
vn -0.517576 -0.406737 -0.752782 
vn -0.433152 -0.406737 -0.804329 
vn -0.343649 -0.406737 -0.846446 
vn -0.250118 -0.406737 -0.878639 
vn -0.153654 -0.406737 -0.900531 
vn -0.0553887 -0.406737 -0.911865 
vn 0.0435259 -0.406737 -0.912508 
vn 0.14193 -0.406737 -0.902453 
vn 0.238671 -0.406737 -0.881817 
vn 0.332613 -0.406737 -0.850843 
vn 0.422655 -0.406737 -0.809894 
vn 0.507743 -0.406737 -0.759449 
vn 0.586877 -0.406737 -0.700101 
vn 0.659131 -0.406737 -0.632544 
vn 0.723657 -0.406737 -0.557571 
vn 0.779699 -0.406737 -0.476062 
vn 0.8266 -0.406737 -0.388971 
vn 0.863809 -0.406737 -0.297319 
vn 0.890891 -0.406737 -0.202182 
vn 0.907529 -0.406737 -0.104675 
vn 0.866007 -0.5 -0.00563111 
vn 0.861539 -0.5 0.0880337 
vn 0.846971 -0.5 0.180666 
vn 0.822472 -0.5 0.271181 
vn 0.788331 -0.5 0.358516 
vn 0.744948 -0.5 0.441648 
vn 0.69283 -0.5 0.519602 
vn 0.63259 -0.5 0.591464 
vn 0.564933 -0.5 0.656392 
vn 0.490653 -0.5 0.713624 
vn 0.41062 -0.5 0.76249 
vn 0.325773 -0.5 0.802416 
vn 0.237107 -0.5 0.832935 
vn 0.145661 -0.5 0.853688 
vn 0.0525075 -0.5 0.864432 
vn -0.0412618 -0.5 0.865042 
vn -0.134547 -0.5 0.85551 
vn -0.226256 -0.5 0.835948 
vn -0.315311 -0.5 0.806585 
vn -0.40067 -0.5 0.767765 
vn -0.481331 -0.5 0.719945 
vn -0.556349 -0.5 0.663683 
vn -0.624845 -0.5 0.599641 
vn -0.686014 -0.5 0.528568 
vn -0.739141 -0.5 0.451298 
vn -0.783602 -0.5 0.368738 
vn -0.818876 -0.5 0.281854 
vn -0.84455 -0.5 0.191665 
vn -0.860322 -0.5 0.0992299 
vn -0.866007 -0.5 0.00563111 
vn -0.861539 -0.5 -0.0880337 
vn -0.846971 -0.5 -0.180666 
vn -0.822472 -0.5 -0.271181 
vn -0.788331 -0.5 -0.358516 
vn -0.744948 -0.5 -0.441648 
vn -0.69283 -0.5 -0.519602 
vn -0.63259 -0.5 -0.591464 
vn -0.564933 -0.5 -0.656392 
vn -0.490653 -0.5 -0.713624 
vn -0.41062 -0.5 -0.76249 
vn -0.325773 -0.5 -0.802416 
vn -0.237107 -0.5 -0.832935 
vn -0.145661 -0.5 -0.853688 
vn -0.0525075 -0.5 -0.864432 
vn 0.0412618 -0.5 -0.865042 
vn 0.134547 -0.5 -0.85551 
vn 0.226256 -0.5 -0.835948 
vn 0.315311 -0.5 -0.806585 
vn 0.40067 -0.5 -0.767765 
vn 0.481331 -0.5 -0.719945 
vn 0.556349 -0.5 -0.663683 
vn 0.624845 -0.5 -0.599641 
vn 0.686014 -0.5 -0.528568 
vn 0.739141 -0.5 -0.451298 
vn 0.783602 -0.5 -0.368738 
vn 0.818876 -0.5 -0.281854 
vn 0.84455 -0.5 -0.191665 
vn 0.860322 -0.5 -0.0992299 
vn 0.809 -0.587785 -0.00526043 
vn 0.804826 -0.587785 0.0822387 
vn 0.791217 -0.587785 0.168774 
vn 0.768331 -0.587785 0.25333 
vn 0.736437 -0.587785 0.334916 
vn 0.695909 -0.587785 0.412576 
vn 0.647223 -0.587785 0.485398 
vn 0.590948 -0.587785 0.55253 
vn 0.527745 -0.587785 0.613183 
vn 0.458354 -0.587785 0.666648 
vn 0.38359 -0.587785 0.712297 
vn 0.304329 -0.587785 0.749595 
vn 0.221499 -0.587785 0.778105 
vn 0.136073 -0.587785 0.797492 
vn 0.0490511 -0.587785 0.807529 
vn -0.0385457 -0.587785 0.808098 
vn -0.12569 -0.587785 0.799194 
vn -0.211362 -0.587785 0.780919 
vn -0.294555 -0.587785 0.753489 
vn -0.374295 -0.587785 0.717225 
vn -0.449646 -0.587785 0.672552 
vn -0.519726 -0.587785 0.619995 
vn -0.583713 -0.587785 0.560168 
vn -0.640856 -0.587785 0.493774 
vn -0.690485 -0.587785 0.42159 
vn -0.73202 -0.587785 0.344464 
vn -0.764972 -0.587785 0.2633 
vn -0.788955 -0.587785 0.179049 
vn -0.803689 -0.587785 0.0926979 
vn -0.809 -0.587785 0.00526043 
vn -0.804826 -0.587785 -0.0822387 
vn -0.791217 -0.587785 -0.168774 
vn -0.768331 -0.587785 -0.25333 
vn -0.736437 -0.587785 -0.334916 
vn -0.695909 -0.587785 -0.412576 
vn -0.647223 -0.587785 -0.485398 
vn -0.590948 -0.587785 -0.55253 
vn -0.527745 -0.587785 -0.613183 
vn -0.458354 -0.587785 -0.666648 
vn -0.38359 -0.587785 -0.712297 
vn -0.304329 -0.587785 -0.749595 
vn -0.221499 -0.587785 -0.778105 
vn -0.136073 -0.587785 -0.797492 
vn -0.0490511 -0.587785 -0.807529 
vn 0.0385457 -0.587785 -0.808098 
vn 0.12569 -0.587785 -0.799194 
vn 0.211362 -0.587785 -0.780919 
vn 0.294555 -0.587785 -0.753489 
vn 0.374295 -0.587785 -0.717225 
vn 0.449646 -0.587785 -0.672552 
vn 0.519726 -0.587785 -0.619995 
vn 0.583713 -0.587785 -0.560168 
vn 0.640856 -0.587785 -0.493774 
vn 0.690485 -0.587785 -0.42159 
vn 0.73202 -0.587785 -0.344464 
vn 0.764972 -0.587785 -0.2633 
vn 0.788955 -0.587785 -0.179049 
vn 0.803689 -0.587785 -0.0926979 
vn 0.743129 -0.669131 -0.00483211 
vn 0.739295 -0.669131 0.0755426 
vn 0.726794 -0.669131 0.155032 
vn 0.705772 -0.669131 0.232703 
vn 0.676475 -0.669131 0.307646 
vn 0.639247 -0.669131 0.378983 
vn 0.594524 -0.669131 0.445876 
vn 0.542831 -0.669131 0.507541 
vn 0.484774 -0.669131 0.563257 
vn 0.421034 -0.669131 0.612368 
vn 0.352357 -0.669131 0.6543 
vn 0.279549 -0.669131 0.688561 
vn 0.203464 -0.669131 0.714749 
vn 0.124993 -0.669131 0.732558 
vn 0.0450572 -0.669131 0.741778 
vn -0.0354072 -0.669131 0.742301 
vn -0.115456 -0.669131 0.734121 
vn -0.194152 -0.669131 0.717335 
vn -0.270572 -0.669131 0.692138 
vn -0.343819 -0.669131 0.658827 
vn -0.413035 -0.669131 0.617792 
vn -0.477409 -0.669131 0.569513 
vn -0.536185 -0.669131 0.514558 
vn -0.588676 -0.669131 0.453569 
vn -0.634264 -0.669131 0.387264 
vn -0.672417 -0.669131 0.316417 
vn -0.702686 -0.669131 0.241861 
vn -0.724716 -0.669131 0.16447 
vn -0.73825 -0.669131 0.0851502 
vn -0.743129 -0.669131 0.00483211 
vn -0.739295 -0.669131 -0.0755426 
vn -0.726794 -0.669131 -0.155032 
vn -0.705772 -0.669131 -0.232703 
vn -0.676475 -0.669131 -0.307646 
vn -0.639247 -0.669131 -0.378983 
vn -0.594524 -0.669131 -0.445876 
vn -0.542831 -0.669131 -0.507541 
vn -0.484774 -0.669131 -0.563257 
vn -0.421034 -0.669131 -0.612368 
vn -0.352357 -0.669131 -0.6543 
vn -0.279549 -0.669131 -0.688561 
vn -0.203464 -0.669131 -0.714749 
vn -0.124993 -0.669131 -0.732558 
vn -0.0450572 -0.669131 -0.741778 
vn 0.0354072 -0.669131 -0.742301 
vn 0.115456 -0.669131 -0.734121 
vn 0.194152 -0.669131 -0.717335 
vn 0.270572 -0.669131 -0.692138 
vn 0.343819 -0.669131 -0.658827 
vn 0.413035 -0.669131 -0.617792 
vn 0.477409 -0.669131 -0.569513 
vn 0.536185 -0.669131 -0.514558 
vn 0.588676 -0.669131 -0.453569 
vn 0.634264 -0.669131 -0.387264 
vn 0.672417 -0.669131 -0.316417 
vn 0.702686 -0.669131 -0.241861 
vn 0.724716 -0.669131 -0.16447 
vn 0.73825 -0.669131 -0.0851502 
vn 0.669116 -0.743145 -0.00435085 
vn 0.665664 -0.743145 0.0680189 
vn 0.654408 -0.743145 0.139591 
vn 0.63548 -0.743145 0.209527 
vn 0.609101 -0.743145 0.277006 
vn 0.57558 -0.743145 0.341238 
vn 0.535312 -0.743145 0.401468 
vn 0.488768 -0.743145 0.456992 
vn 0.436493 -0.743145 0.507158 
vn 0.379101 -0.743145 0.551379 
vn 0.317264 -0.743145 0.589134 
vn 0.251707 -0.743145 0.619983 
vn 0.1832 -0.743145 0.643563 
vn 0.112545 -0.743145 0.659598 
vn 0.0405697 -0.743145 0.6679 
vn -0.0318808 -0.743145 0.668371 
vn -0.103957 -0.743145 0.661006 
vn -0.174815 -0.743145 0.645891 
vn -0.243624 -0.743145 0.623204 
vn -0.309576 -0.743145 0.59321 
vn -0.371898 -0.743145 0.556262 
vn -0.429861 -0.743145 0.512792 
vn -0.482783 -0.743145 0.46331 
vn -0.530046 -0.743145 0.408396 
vn -0.571094 -0.743145 0.348694 
vn -0.605447 -0.743145 0.284903 
vn -0.632701 -0.743145 0.217773 
vn -0.652538 -0.743145 0.148089 
vn -0.664724 -0.743145 0.0766696 
vn -0.669116 -0.743145 0.00435085 
vn -0.665664 -0.743145 -0.0680189 
vn -0.654408 -0.743145 -0.139591 
vn -0.63548 -0.743145 -0.209527 
vn -0.609101 -0.743145 -0.277006 
vn -0.57558 -0.743145 -0.341238 
vn -0.535312 -0.743145 -0.401468 
vn -0.488768 -0.743145 -0.456992 
vn -0.436493 -0.743145 -0.507158 
vn -0.379101 -0.743145 -0.551379 
vn -0.317264 -0.743145 -0.589134 
vn -0.251707 -0.743145 -0.619983 
vn -0.1832 -0.743145 -0.643563 
vn -0.112545 -0.743145 -0.659598 
vn -0.0405697 -0.743145 -0.6679 
vn 0.0318808 -0.743145 -0.668371 
vn 0.103957 -0.743145 -0.661006 
vn 0.174815 -0.743145 -0.645891 
vn 0.243624 -0.743145 -0.623204 
vn 0.309576 -0.743145 -0.59321 
vn 0.371898 -0.743145 -0.556262 
vn 0.429861 -0.743145 -0.512792 
vn 0.482783 -0.743145 -0.46331 
vn 0.530046 -0.743145 -0.408396 
vn 0.571094 -0.743145 -0.348694 
vn 0.605447 -0.743145 -0.284903 
vn 0.632701 -0.743145 -0.217773 
vn 0.652538 -0.743145 -0.148089 
vn 0.664724 -0.743145 -0.0766696 
vn 0.587773 -0.809017 -0.00382193 
vn 0.58474 -0.809017 0.0597499 
vn 0.574853 -0.809017 0.122621 
vn 0.558225 -0.809017 0.184055 
vn 0.535053 -0.809017 0.243331 
vn 0.505608 -0.809017 0.299754 
vn 0.470235 -0.809017 0.352662 
vn 0.429349 -0.809017 0.401436 
vn 0.383429 -0.809017 0.445504 
vn 0.333014 -0.809017 0.484348 
vn 0.278694 -0.809017 0.517514 
vn 0.221108 -0.809017 0.544613 
vn 0.160929 -0.809017 0.565326 
vn 0.0988626 -0.809017 0.579411 
vn 0.0356377 -0.809017 0.586704 
vn -0.0280051 -0.809017 0.587118 
vn -0.0913195 -0.809017 0.580648 
vn -0.153563 -0.809017 0.567371 
vn -0.214007 -0.809017 0.547442 
vn -0.271941 -0.809017 0.521095 
vn -0.326687 -0.809017 0.488638 
vn -0.377603 -0.809017 0.450452 
vn -0.424092 -0.809017 0.406986 
vn -0.465609 -0.809017 0.358748 
vn -0.501667 -0.809017 0.306303 
vn -0.531843 -0.809017 0.250268 
vn -0.555784 -0.809017 0.191299 
vn -0.573209 -0.809017 0.130086 
vn -0.583914 -0.809017 0.0673489 
vn -0.587773 -0.809017 0.00382193 
vn -0.58474 -0.809017 -0.0597499 
vn -0.574853 -0.809017 -0.122621 
vn -0.558225 -0.809017 -0.184055 
vn -0.535053 -0.809017 -0.243331 
vn -0.505608 -0.809017 -0.299754 
vn -0.470235 -0.809017 -0.352662 
vn -0.429349 -0.809017 -0.401436 
vn -0.383429 -0.809017 -0.445504 
vn -0.333014 -0.809017 -0.484348 
vn -0.278694 -0.809017 -0.517514 
vn -0.221108 -0.809017 -0.544613 
vn -0.160929 -0.809017 -0.565326 
vn -0.0988626 -0.809017 -0.579411 
vn -0.0356377 -0.809017 -0.586704 
vn 0.0280051 -0.809017 -0.587118 
vn 0.0913195 -0.809017 -0.580648 
vn 0.153563 -0.809017 -0.567371 
vn 0.214007 -0.809017 -0.547442 
vn 0.271941 -0.809017 -0.521095 
vn 0.326687 -0.809017 -0.488638 
vn 0.377603 -0.809017 -0.450452 
vn 0.424092 -0.809017 -0.406986 
vn 0.465609 -0.809017 -0.358748 
vn 0.501667 -0.809017 -0.306303 
vn 0.531843 -0.809017 -0.250268 
vn 0.555784 -0.809017 -0.191299 
vn 0.573209 -0.809017 -0.130086 
vn 0.583914 -0.809017 -0.0673489 
vn 0.499989 -0.866025 -0.00325112 
vn 0.49741 -0.866025 0.0508263 
vn 0.488999 -0.866025 0.104308 
vn 0.474855 -0.866025 0.156566 
vn 0.455143 -0.866025 0.206989 
vn 0.430096 -0.866025 0.254986 
vn 0.400006 -0.866025 0.299993 
vn 0.365226 -0.866025 0.341482 
vn 0.326164 -0.866025 0.378968 
vn 0.283279 -0.866025 0.412011 
vn 0.237072 -0.866025 0.440224 
vn 0.188085 -0.866025 0.463275 
vn 0.136894 -0.866025 0.480895 
vn 0.0840976 -0.866025 0.492877 
vn 0.0303152 -0.866025 0.49908 
vn -0.0238225 -0.866025 0.499432 
vn -0.077681 -0.866025 0.493929 
vn -0.130629 -0.866025 0.482635 
vn -0.182045 -0.866025 0.465682 
vn -0.231327 -0.866025 0.44327 
vn -0.277897 -0.866025 0.41566 
vn -0.321208 -0.866025 0.383178 
vn -0.360754 -0.866025 0.346203 
vn -0.396071 -0.866025 0.305169 
vn -0.426743 -0.866025 0.260557 
vn -0.452413 -0.866025 0.212891 
vn -0.472778 -0.866025 0.162728 
vn -0.487601 -0.866025 0.110658 
vn -0.496707 -0.866025 0.0572904 
vn -0.499989 -0.866025 0.00325112 
vn -0.49741 -0.866025 -0.0508263 
vn -0.488999 -0.866025 -0.104308 
vn -0.474855 -0.866025 -0.156566 
vn -0.455143 -0.866025 -0.206989 
vn -0.430096 -0.866025 -0.254986 
vn -0.400006 -0.866025 -0.299993 
vn -0.365226 -0.866025 -0.341482 
vn -0.326164 -0.866025 -0.378968 
vn -0.283279 -0.866025 -0.412011 
vn -0.237072 -0.866025 -0.440224 
vn -0.188085 -0.866025 -0.463275 
vn -0.136894 -0.866025 -0.480895 
vn -0.0840976 -0.866025 -0.492877 
vn -0.0303152 -0.866025 -0.49908 
vn 0.0238225 -0.866025 -0.499432 
vn 0.077681 -0.866025 -0.493929 
vn 0.130629 -0.866025 -0.482635 
vn 0.182045 -0.866025 -0.465682 
vn 0.231327 -0.866025 -0.44327 
vn 0.277897 -0.866025 -0.41566 
vn 0.321208 -0.866025 -0.383178 
vn 0.360754 -0.866025 -0.346203 
vn 0.396071 -0.866025 -0.305169 
vn 0.426743 -0.866025 -0.260557 
vn 0.452413 -0.866025 -0.212891 
vn 0.472778 -0.866025 -0.162728 
vn 0.487601 -0.866025 -0.110658 
vn 0.496707 -0.866025 -0.0572904 
vn 0.406728 -0.913545 -0.0026447 
vn 0.40463 -0.913545 0.0413458 
vn 0.397788 -0.913545 0.0848516 
vn 0.386282 -0.913545 0.127363 
vn 0.370247 -0.913545 0.16838 
vn 0.349871 -0.913545 0.207424 
vn 0.325394 -0.913545 0.244036 
vn 0.297101 -0.913545 0.277787 
vn 0.265326 -0.913545 0.308281 
vn 0.23044 -0.913545 0.33516 
vn 0.192851 -0.913545 0.35811 
vn 0.153002 -0.913545 0.376862 
vn 0.11136 -0.913545 0.391195 
vn 0.0684111 -0.913545 0.400942 
vn 0.0246606 -0.913545 0.405988 
vn -0.019379 -0.913545 0.406275 
vn -0.0631914 -0.913545 0.401798 
vn -0.106263 -0.913545 0.39261 
vn -0.148089 -0.913545 0.37882 
vn -0.188178 -0.913545 0.360588 
vn -0.226062 -0.913545 0.338129 
vn -0.261294 -0.913545 0.311705 
vn -0.293464 -0.913545 0.281627 
vn -0.322193 -0.913545 0.248247 
vn -0.347144 -0.913545 0.211956 
vn -0.368026 -0.913545 0.173181 
vn -0.384593 -0.913545 0.132375 
vn -0.39665 -0.913545 0.0900174 
vn -0.404058 -0.913545 0.0466042 
vn -0.406728 -0.913545 0.0026447 
vn -0.40463 -0.913545 -0.0413458 
vn -0.397788 -0.913545 -0.0848516 
vn -0.386282 -0.913545 -0.127363 
vn -0.370247 -0.913545 -0.16838 
vn -0.349871 -0.913545 -0.207424 
vn -0.325394 -0.913545 -0.244036 
vn -0.297101 -0.913545 -0.277787 
vn -0.265326 -0.913545 -0.308281 
vn -0.23044 -0.913545 -0.33516 
vn -0.192851 -0.913545 -0.35811 
vn -0.153002 -0.913545 -0.376862 
vn -0.11136 -0.913545 -0.391195 
vn -0.0684111 -0.913545 -0.400942 
vn -0.0246606 -0.913545 -0.405988 
vn 0.019379 -0.913545 -0.406275 
vn 0.0631914 -0.913545 -0.401798 
vn 0.106263 -0.913545 -0.39261 
vn 0.148089 -0.913545 -0.37882 
vn 0.188178 -0.913545 -0.360588 
vn 0.226062 -0.913545 -0.338129 
vn 0.261294 -0.913545 -0.311705 
vn 0.293464 -0.913545 -0.281627 
vn 0.322193 -0.913545 -0.248247 
vn 0.347144 -0.913545 -0.211956 
vn 0.368026 -0.913545 -0.173181 
vn 0.384593 -0.913545 -0.132375 
vn 0.39665 -0.913545 -0.0900174 
vn 0.404058 -0.913545 -0.0466042 
vn 0.30901 -0.951057 -0.00200931 
vn 0.307416 -0.951057 0.0314124 
vn 0.302218 -0.951057 0.0644658 
vn 0.293476 -0.951057 0.0967634 
vn 0.281294 -0.951057 0.127927 
vn 0.265814 -0.951057 0.15759 
vn 0.247217 -0.951057 0.185406 
vn 0.225722 -0.951057 0.211048 
vn 0.201581 -0.951057 0.234215 
vn 0.175076 -0.951057 0.254637 
vn 0.146518 -0.951057 0.272073 
vn 0.116243 -0.951057 0.28632 
vn 0.0846051 -0.951057 0.297209 
vn 0.0519752 -0.951057 0.304615 
vn 0.0187358 -0.951057 0.308448 
vn -0.0147231 -0.951057 0.308666 
vn -0.0480095 -0.951057 0.305265 
vn -0.080733 -0.951057 0.298285 
vn -0.11251 -0.951057 0.287807 
vn -0.142968 -0.951057 0.273956 
vn -0.17175 -0.951057 0.256892 
vn -0.198518 -0.951057 0.236817 
vn -0.222958 -0.951057 0.213965 
vn -0.244785 -0.951057 0.188605 
vn -0.263742 -0.951057 0.161033 
vn -0.279607 -0.951057 0.131574 
vn -0.292193 -0.951057 0.100572 
vn -0.301354 -0.951057 0.0683904 
vn -0.306982 -0.951057 0.0354074 
vn -0.30901 -0.951057 0.00200931 
vn -0.307416 -0.951057 -0.0314124 
vn -0.302218 -0.951057 -0.0644658 
vn -0.293476 -0.951057 -0.0967634 
vn -0.281294 -0.951057 -0.127927 
vn -0.265814 -0.951057 -0.15759 
vn -0.247217 -0.951057 -0.185406 
vn -0.225722 -0.951057 -0.211048 
vn -0.201581 -0.951057 -0.234215 
vn -0.175076 -0.951057 -0.254637 
vn -0.146518 -0.951057 -0.272073 
vn -0.116243 -0.951057 -0.28632 
vn -0.0846051 -0.951057 -0.297209 
vn -0.0519752 -0.951057 -0.304615 
vn -0.0187358 -0.951057 -0.308448 
vn 0.0147231 -0.951057 -0.308666 
vn 0.0480095 -0.951057 -0.305265 
vn 0.080733 -0.951057 -0.298285 
vn 0.11251 -0.951057 -0.287807 
vn 0.142968 -0.951057 -0.273956 
vn 0.17175 -0.951057 -0.256892 
vn 0.198518 -0.951057 -0.236817 
vn 0.222958 -0.951057 -0.213965 
vn 0.244785 -0.951057 -0.188605 
vn 0.263742 -0.951057 -0.161033 
vn 0.279607 -0.951057 -0.131574 
vn 0.292193 -0.951057 -0.100572 
vn 0.301354 -0.951057 -0.0683904 
vn 0.306982 -0.951057 -0.0354074 
vn 0.207907 -0.978148 -0.00135189 
vn 0.206835 -0.978148 0.0211348 
vn 0.203337 -0.978148 0.0433736 
vn 0.197456 -0.978148 0.065104 
vn 0.189259 -0.978148 0.0860711 
vn 0.178844 -0.978148 0.106029 
vn 0.166332 -0.978148 0.124744 
vn 0.151869 -0.978148 0.141996 
vn 0.135627 -0.978148 0.157584 
vn 0.117794 -0.978148 0.171324 
vn 0.0985799 -0.978148 0.183055 
vn 0.0782103 -0.978148 0.192641 
vn 0.0569237 -0.978148 0.199967 
vn 0.0349697 -0.978148 0.20495 
vn 0.0126058 -0.978148 0.207529 
vn -0.00990596 -0.978148 0.207676 
vn -0.0323016 -0.978148 0.205387 
vn -0.0543185 -0.978148 0.200691 
vn -0.0756985 -0.978148 0.193641 
vn -0.0961911 -0.978148 0.184322 
vn -0.115556 -0.978148 0.172841 
vn -0.133566 -0.978148 0.159334 
vn -0.15001 -0.978148 0.143959 
vn -0.164695 -0.978148 0.126896 
vn -0.17745 -0.978148 0.108346 
vn -0.188124 -0.978148 0.088525 
vn -0.196592 -0.978148 0.0676662 
vn -0.202756 -0.978148 0.0460142 
vn -0.206542 -0.978148 0.0238227 
vn -0.207907 -0.978148 0.00135189 
vn -0.206835 -0.978148 -0.0211348 
vn -0.203337 -0.978148 -0.0433736 
vn -0.197456 -0.978148 -0.065104 
vn -0.189259 -0.978148 -0.0860711 
vn -0.178844 -0.978148 -0.106029 
vn -0.166332 -0.978148 -0.124744 
vn -0.151869 -0.978148 -0.141996 
vn -0.135627 -0.978148 -0.157584 
vn -0.117794 -0.978148 -0.171324 
vn -0.0985799 -0.978148 -0.183055 
vn -0.0782103 -0.978148 -0.192641 
vn -0.0569237 -0.978148 -0.199967 
vn -0.0349697 -0.978148 -0.20495 
vn -0.0126058 -0.978148 -0.207529 
vn 0.00990596 -0.978148 -0.207676 
vn 0.0323016 -0.978148 -0.205387 
vn 0.0543185 -0.978148 -0.200691 
vn 0.0756985 -0.978148 -0.193641 
vn 0.0961911 -0.978148 -0.184322 
vn 0.115556 -0.978148 -0.172841 
vn 0.133566 -0.978148 -0.159334 
vn 0.15001 -0.978148 -0.143959 
vn 0.164695 -0.978148 -0.126896 
vn 0.17745 -0.978148 -0.108346 
vn 0.188124 -0.978148 -0.088525 
vn 0.196592 -0.978148 -0.0676662 
vn 0.202756 -0.978148 -0.0460142 
vn 0.206542 -0.978148 -0.0238227 
vn 0.104526 -0.994522 -0.00067967 
vn 0.103987 -0.994522 0.0106256 
vn 0.102229 -0.994522 0.0218063 
vn 0.0992717 -0.994522 0.0327313 
vn 0.0951508 -0.994522 0.0432726 
vn 0.0899145 -0.994522 0.0533065 
vn 0.0836239 -0.994522 0.0627155 
vn 0.076353 -0.994522 0.0713892 
vn 0.0681869 -0.994522 0.0792259 
vn 0.0592213 -0.994522 0.0861338 
vn 0.0495615 -0.994522 0.0920318 
vn 0.0393206 -0.994522 0.0968509 
vn 0.0286186 -0.994522 0.100534 
vn 0.0175812 -0.994522 0.103039 
vn 0.00633761 -0.994522 0.104336 
vn -0.00498026 -0.994522 0.10441 
vn -0.0162397 -0.994522 0.103259 
vn -0.0273088 -0.994522 0.100898 
vn -0.0380578 -0.994522 0.097354 
vn -0.0483605 -0.994522 0.0926686 
vn -0.0580962 -0.994522 0.0868967 
vn -0.0671508 -0.994522 0.080106 
vn -0.0754182 -0.994522 0.0723761 
vn -0.0828013 -0.994522 0.0637977 
vn -0.0892137 -0.994522 0.0544713 
vn -0.0945801 -0.994522 0.0445063 
vn -0.0988376 -0.994522 0.0340195 
vn -0.101936 -0.994522 0.0231338 
vn -0.10384 -0.994522 0.011977 
vn -0.104526 -0.994522 0.00067967 
vn -0.103987 -0.994522 -0.0106256 
vn -0.102229 -0.994522 -0.0218063 
vn -0.0992717 -0.994522 -0.0327313 
vn -0.0951508 -0.994522 -0.0432726 
vn -0.0899145 -0.994522 -0.0533065 
vn -0.0836239 -0.994522 -0.0627155 
vn -0.076353 -0.994522 -0.0713892 
vn -0.0681869 -0.994522 -0.0792259 
vn -0.0592213 -0.994522 -0.0861338 
vn -0.0495615 -0.994522 -0.0920318 
vn -0.0393206 -0.994522 -0.0968509 
vn -0.0286186 -0.994522 -0.100534 
vn -0.0175812 -0.994522 -0.103039 
vn -0.00633761 -0.994522 -0.104336 
vn 0.00498026 -0.994522 -0.10441 
vn 0.0162397 -0.994522 -0.103259 
vn 0.0273088 -0.994522 -0.100898 
vn 0.0380578 -0.994522 -0.097354 
vn 0.0483605 -0.994522 -0.0926686 
vn 0.0580962 -0.994522 -0.0868967 
vn 0.0671508 -0.994522 -0.080106 
vn 0.0754182 -0.994522 -0.0723761 
vn 0.0828013 -0.994522 -0.0637977 
vn 0.0892137 -0.994522 -0.0544713 
vn 0.0945801 -0.994522 -0.0445063 
vn 0.0988376 -0.994522 -0.0340195 
vn 0.101936 -0.994522 -0.0231338 
vn 0.10384 -0.994522 -0.011977 
vn -3.49141e-15 -1 2.27025e-17 
vn 0.994138 0 0.108119 
vn 0.99414 0 0.108103 
vn 0.99482 0 0.101653 
vn 1 0 0 
vn 0.976621 0 0.21497 
vn 0.976624 0 0.214955 
vn 0.977998 0 0.208616 
vn 0.947653 0 0.319302 
vn 0.947658 0 0.319287 
vn 0.949709 0 0.313133 
vn 0.907575 0 0.419889 
vn 0.907582 0 0.419875 
vn 0.910286 0 0.413979 
vn 0.856857 0 0.515554 
vn 0.856865 0 0.51554 
vn 0.860191 0 0.509971 
vn 0.796093 0 0.605174 
vn 0.796103 0 0.605162 
vn 0.800011 0 0.599985 
vn 0.725995 0 0.687699 
vn 0.726006 0 0.687688 
vn 0.730452 0 0.682964 
vn 0.647386 0 0.762162 
vn 0.647398 0 0.762152 
vn 0.652328 0 0.757936 
vn 0.561187 0 0.827689 
vn 0.5612 0 0.82768 
vn 0.566557 0 0.824023 
vn 0.468408 0 0.883512 
vn 0.468422 0 0.883505 
vn 0.474143 0 0.880448 
vn 0.370138 0 0.928977 
vn 0.370153 0 0.928971 
vn 0.376171 0 0.92655 
vn 0.267528 0 0.96355 
vn 0.267544 0 0.963546 
vn 0.273788 0 0.96179 
vn 0.161782 0 0.986827 
vn 0.161798 0 0.986824 
vn 0.168195 0 0.985754 
vn 0.0541389 0 0.998533 
vn 0.0541547 0 0.998533 
vn 0.0606305 0 0.99816 
vn -0.0541389 0 0.998533 
vn -0.0541232 0 0.998534 
vn -0.0476451 0 0.998864 
vn -0.161782 0 0.986827 
vn -0.161766 0 0.986829 
vn -0.155362 0 0.987858 
vn -0.267528 0 0.96355 
vn -0.267513 0 0.963554 
vn -0.261257 0 0.965269 
vn -0.370138 0 0.928977 
vn -0.370124 0 0.928983 
vn -0.36409 0 0.931364 
vn -0.468408 0 0.883512 
vn -0.468395 0 0.883519 
vn -0.462654 0 0.886539 
vn -0.561187 0 0.827689 
vn -0.561174 0 0.827698 
vn -0.555793 0 0.83132 
vn -0.647386 0 0.762162 
vn -0.647374 0 0.762172 
vn -0.642417 0 0.766355 
vn -0.725995 0 0.687699 
vn -0.725985 0 0.687711 
vn -0.721509 0 0.692406 
vn -0.796093 0 0.605174 
vn -0.796084 0 0.605187 
vn -0.792141 0 0.610338 
vn -0.856857 0 0.515554 
vn -0.856849 0 0.515567 
vn -0.853487 0 0.521114 
vn -0.907575 0 0.419889 
vn -0.907569 0 0.419903 
vn -0.904826 0 0.425782 
vn -0.947653 0 0.319302 
vn -0.947648 0 0.319316 
vn -0.945557 0 0.325457 
vn -0.976621 0 0.21497 
vn -0.976617 0 0.214986 
vn -0.975202 0 0.221316 
vn -0.994138 0 0.108119 
vn -0.994136 0 0.108135 
vn -0.993414 0 0.114581 
vn -1 0 1.22465e-16 
vn -0.999979 0 0.00650225 
vn -0.994138 0 -0.108119 
vn -0.99414 0 -0.108103 
vn -0.99482 0 -0.101653 
vn -0.976621 0 -0.21497 
vn -0.976624 0 -0.214955 
vn -0.977998 0 -0.208616 
vn -0.947653 0 -0.319302 
vn -0.947658 0 -0.319287 
vn -0.949709 0 -0.313133 
vn -0.907575 0 -0.419889 
vn -0.907582 0 -0.419875 
vn -0.910286 0 -0.413979 
vn -0.856857 0 -0.515554 
vn -0.856865 0 -0.51554 
vn -0.860191 0 -0.509971 
vn -0.796093 0 -0.605174 
vn -0.796103 0 -0.605162 
vn -0.800011 0 -0.599985 
vn -0.725995 0 -0.687699 
vn -0.726006 0 -0.687688 
vn -0.730452 0 -0.682964 
vn -0.647386 0 -0.762162 
vn -0.647398 0 -0.762152 
vn -0.652328 0 -0.757936 
vn -0.561187 0 -0.827689 
vn -0.5612 0 -0.82768 
vn -0.566557 0 -0.824023 
vn -0.468408 0 -0.883512 
vn -0.468422 0 -0.883505 
vn -0.474143 0 -0.880448 
vn -0.370138 0 -0.928977 
vn -0.370153 0 -0.928971 
vn -0.376171 0 -0.92655 
vn -0.267528 0 -0.96355 
vn -0.267544 0 -0.963546 
vn -0.273788 0 -0.96179 
vn -0.161782 0 -0.986827 
vn -0.161798 0 -0.986824 
vn -0.168195 0 -0.985754 
vn -0.0541389 0 -0.998533 
vn -0.0541547 0 -0.998533 
vn -0.0606305 0 -0.99816 
vn 0.0541389 0 -0.998533 
vn 0.0541232 0 -0.998534 
vn 0.0476451 0 -0.998864 
vn 0.161782 0 -0.986827 
vn 0.161766 0 -0.986829 
vn 0.155362 0 -0.987858 
vn 0.267528 0 -0.96355 
vn 0.267513 0 -0.963554 
vn 0.261257 0 -0.965269 
vn 0.370138 0 -0.928977 
vn 0.370124 0 -0.928983 
vn 0.36409 0 -0.931364 
vn 0.468408 0 -0.883512 
vn 0.468395 0 -0.883519 
vn 0.462654 0 -0.886539 
vn 0.561187 0 -0.827689 
vn 0.561174 0 -0.827698 
vn 0.555793 0 -0.83132 
vn 0.647386 0 -0.762162 
vn 0.647374 0 -0.762172 
vn 0.642417 0 -0.766355 
vn 0.725995 0 -0.687699 
vn 0.725985 0 -0.687711 
vn 0.721509 0 -0.692406 
vn 0.796093 0 -0.605174 
vn 0.796084 0 -0.605187 
vn 0.792141 0 -0.610338 
vn 0.856857 0 -0.515554 
vn 0.856849 0 -0.515567 
vn 0.853487 0 -0.521114 
vn 0.907575 0 -0.419889 
vn 0.907569 0 -0.419903 
vn 0.904826 0 -0.425782 
vn 0.947653 0 -0.319302 
vn 0.947648 0 -0.319316 
vn 0.945557 0 -0.325457 
vn 0.976621 0 -0.21497 
vn 0.976617 0 -0.214986 
vn 0.975202 0 -0.221316 
vn 0.994138 0 -0.108119 
vn 0.994136 0 -0.108135 
vn 0.993414 0 -0.114581 
vn 1 0 -1.57717e-05 
vn 0.999979 0 -0.00650225 
vn -0.994138 0 0.108119 
vn -1 0 0 
vn -0.976621 0 0.21497 
vn -0.994138 0 0.108119 
vn -0.947653 0 0.319302 
vn -0.976621 0 0.21497 
vn -0.907575 0 0.419889 
vn -0.947653 0 0.319302 
vn -0.856857 0 0.515554 
vn -0.907575 0 0.419889 
vn -0.796093 0 0.605174 
vn -0.856857 0 0.515554 
vn -0.725995 0 0.687699 
vn -0.796093 0 0.605174 
vn -0.647386 0 0.762162 
vn -0.725995 0 0.687699 
vn -0.561187 0 0.827689 
vn -0.647386 0 0.762162 
vn -0.468408 0 0.883512 
vn -0.561187 0 0.827689 
vn -0.370138 0 0.928977 
vn -0.468408 0 0.883512 
vn -0.267528 0 0.96355 
vn -0.370138 0 0.928977 
vn -0.161782 0 0.986827 
vn -0.267528 0 0.96355 
vn -0.0541389 0 0.998533 
vn -0.161782 0 0.986827 
vn 0.0541389 0 0.998533 
vn -0.0541389 0 0.998533 
vn 0.161782 0 0.986827 
vn 0.0541389 0 0.998533 
vn 0.267528 0 0.96355 
vn 0.161782 0 0.986827 
vn 0.370138 0 0.928977 
vn 0.267528 0 0.96355 
vn 0.468408 0 0.883512 
vn 0.370138 0 0.928977 
vn 0.561187 0 0.827689 
vn 0.468408 0 0.883512 
vn 0.647386 0 0.762162 
vn 0.561187 0 0.827689 
vn 0.725995 0 0.687699 
vn 0.647386 0 0.762162 
vn 0.796093 0 0.605174 
vn 0.725995 0 0.687699 
vn 0.856857 0 0.515554 
vn 0.796093 0 0.605174 
vn 0.907575 0 0.419889 
vn 0.856857 0 0.515554 
vn 0.947653 0 0.319302 
vn 0.907575 0 0.419889 
vn 0.976621 0 0.21497 
vn 0.947653 0 0.319302 
vn 0.994138 0 0.108119 
vn 0.976621 0 0.21497 
vn 1 0 -1.22465e-16 
vn 0.994138 0 0.108119 
vn 0.994138 0 -0.108119 
vn 1 0 -1.22465e-16 
vn 0.976621 0 -0.21497 
vn 0.994138 0 -0.108119 
vn 0.947653 0 -0.319302 
vn 0.976621 0 -0.21497 
vn 0.907575 0 -0.419889 
vn 0.947653 0 -0.319302 
vn 0.856857 0 -0.515554 
vn 0.907575 0 -0.419889 
vn 0.796093 0 -0.605174 
vn 0.856857 0 -0.515554 
vn 0.725995 0 -0.687699 
vn 0.796093 0 -0.605174 
vn 0.647386 0 -0.762162 
vn 0.725995 0 -0.687699 
vn 0.561187 0 -0.827689 
vn 0.647386 0 -0.762162 
vn 0.468408 0 -0.883512 
vn 0.561187 0 -0.827689 
vn 0.370138 0 -0.928977 
vn 0.468408 0 -0.883512 
vn 0.267528 0 -0.96355 
vn 0.370138 0 -0.928977 
vn 0.161782 0 -0.986827 
vn 0.267528 0 -0.96355 
vn 0.0541389 0 -0.998533 
vn 0.161782 0 -0.986827 
vn -0.0541389 0 -0.998533 
vn 0.0541389 0 -0.998533 
vn -0.161782 0 -0.986827 
vn -0.0541389 0 -0.998533 
vn -0.267528 0 -0.96355 
vn -0.161782 0 -0.986827 
vn -0.370138 0 -0.928977 
vn -0.267528 0 -0.96355 
vn -0.468408 0 -0.883512 
vn -0.370138 0 -0.928977 
vn -0.561187 0 -0.827689 
vn -0.468408 0 -0.883512 
vn -0.647386 0 -0.762162 
vn -0.561187 0 -0.827689 
vn -0.725995 0 -0.687699 
vn -0.647386 0 -0.762162 
vn -0.796093 0 -0.605174 
vn -0.725995 0 -0.687699 
vn -0.856857 0 -0.515554 
vn -0.796093 0 -0.605174 
vn -0.907575 0 -0.419889 
vn -0.856857 0 -0.515554 
vn -0.947653 0 -0.319302 
vn -0.907575 0 -0.419889 
vn -0.976621 0 -0.21497 
vn -0.947653 0 -0.319302 
vn -0.994138 0 -0.108119 
vn -0.976621 0 -0.21497 
vn 0 -1 0 
vn -0.994138 0 0.108119 
vn -1 0 0 
vn -0.976621 0 0.21497 
vn -0.994138 0 0.108119 
vn -0.947653 0 0.319302 
vn -0.976621 0 0.21497 
vn -0.907575 0 0.419889 
vn -0.947653 0 0.319302 
vn -0.856857 0 0.515554 
vn -0.907575 0 0.419889 
vn -0.796093 0 0.605174 
vn -0.856857 0 0.515554 
vn -0.725995 0 0.687699 
vn -0.796093 0 0.605174 
vn -0.647386 0 0.762162 
vn -0.725995 0 0.687699 
vn -0.561187 0 0.827689 
vn -0.647386 0 0.762162 
vn -0.468408 0 0.883512 
vn -0.561187 0 0.827689 
vn -0.370138 0 0.928977 
vn -0.468408 0 0.883512 
vn -0.267528 0 0.96355 
vn -0.370138 0 0.928977 
vn -0.161782 0 0.986827 
vn -0.267528 0 0.96355 
vn -0.0541389 0 0.998533 
vn -0.161782 0 0.986827 
vn 0.0541389 0 0.998533 
vn -0.0541389 0 0.998533 
vn 0.161782 0 0.986827 
vn 0.0541389 0 0.998533 
vn 0.267528 0 0.96355 
vn 0.161782 0 0.986827 
vn 0.370138 0 0.928977 
vn 0.267528 0 0.96355 
vn 0.468408 0 0.883512 
vn 0.370138 0 0.928977 
vn 0.561187 0 0.827689 
vn 0.468408 0 0.883512 
vn 0.647386 0 0.762162 
vn 0.561187 0 0.827689 
vn 0.725995 0 0.687699 
vn 0.647386 0 0.762162 
vn 0.796093 0 0.605174 
vn 0.725995 0 0.687699 
vn 0.856857 0 0.515554 
vn 0.796093 0 0.605174 
vn 0.907575 0 0.419889 
vn 0.856857 0 0.515554 
vn 0.947653 0 0.319302 
vn 0.907575 0 0.419889 
vn 0.976621 0 0.21497 
vn 0.947653 0 0.319302 
vn 0.994138 0 0.108119 
vn 0.976621 0 0.21497 
vn 1 0 -1.22465e-16 
vn 0.994138 0 0.108119 
vn 0.994138 0 -0.108119 
vn 1 0 -1.22465e-16 
vn 0.976621 0 -0.21497 
vn 0.994138 0 -0.108119 
vn 0.947653 0 -0.319302 
vn 0.976621 0 -0.21497 
vn 0.907575 0 -0.419889 
vn 0.947653 0 -0.319302 
vn 0.856857 0 -0.515554 
vn 0.907575 0 -0.419889 
vn 0.796093 0 -0.605174 
vn 0.856857 0 -0.515554 
vn 0.725995 0 -0.687699 
vn 0.796093 0 -0.605174 
vn 0.647386 0 -0.762162 
vn 0.725995 0 -0.687699 
vn 0.561187 0 -0.827689 
vn 0.647386 0 -0.762162 
vn 0.468408 0 -0.883512 
vn 0.561187 0 -0.827689 
vn 0.370138 0 -0.928977 
vn 0.468408 0 -0.883512 
vn 0.267528 0 -0.96355 
vn 0.370138 0 -0.928977 
vn 0.161782 0 -0.986827 
vn 0.267528 0 -0.96355 
vn 0.0541389 0 -0.998533 
vn 0.161782 0 -0.986827 
vn -0.0541389 0 -0.998533 
vn 0.0541389 0 -0.998533 
vn -0.161782 0 -0.986827 
vn -0.0541389 0 -0.998533 
vn -0.267528 0 -0.96355 
vn -0.161782 0 -0.986827 
vn -0.370138 0 -0.928977 
vn -0.267528 0 -0.96355 
vn -0.468408 0 -0.883512 
vn -0.370138 0 -0.928977 
vn -0.561187 0 -0.827689 
vn -0.468408 0 -0.883512 
vn -0.647386 0 -0.762162 
vn -0.561187 0 -0.827689 
vn -0.725995 0 -0.687699 
vn -0.647386 0 -0.762162 
vn -0.796093 0 -0.605174 
vn -0.725995 0 -0.687699 
vn -0.856857 0 -0.515554 
vn -0.796093 0 -0.605174 
vn -0.907575 0 -0.419889 
vn -0.856857 0 -0.515554 
vn -0.947653 0 -0.319302 
vn -0.907575 0 -0.419889 
vn -0.976621 0 -0.21497 
vn -0.947653 0 -0.319302 
vn -0.994138 0 -0.108119 
vn -0.976621 0 -0.21497 
vn 0 -1 0 
vn 0 1 0 
vn 0 0 1 
vn 0 0.994522 0.104528 
vn 0 0.978148 0.207912 
vn 0 0.951057 0.309017 
vn 0 0.913545 0.406737 
vn 0 0.866025 0.5 
vn 0 0.809017 0.587785 
vn 0 0.743145 0.669131 
vn 0 0.669131 0.743145 
vn 0 0.587785 0.809017 
vn 0 0.5 0.866025 
vn 0 0.406737 0.913545 
vn 0 0.309017 0.951057 
vn 0 0.207912 0.978148 
vn 0 0.104528 0.994522 
vn 0 0 1 
vn 1 0 0 
vn -1 0 0 
vn 0 1 0 
vn 0 0.994522 -0.104528 
vn 0 0.978148 -0.207912 
vn 0 0.951057 -0.309017 
vn 0 0.913545 -0.406737 
vn 0 0.866025 -0.5 
vn 0 0.809017 -0.587785 
vn 0 0.743145 -0.669131 
vn 0 0.669131 -0.743145 
vn 0 0.587785 -0.809017 
vn 0 0.5 -0.866025 
vn 0 0.406737 -0.913545 
vn 0 0.309017 -0.951057 
vn 0 0.207912 -0.978148 
vn 0 0.104528 -0.994522 
vn 0 0 -1 
vn 0 1 0 
vn 0 0.994522 -0.104528 
vn 0 0.978148 -0.207912 
vn 0 0.951057 -0.309017 
vn 0 0.913545 -0.406737 
vn 0 0.866025 -0.5 
vn 0 0.809017 -0.587785 
vn 0 0.743145 -0.669131 
vn 0 0.669131 -0.743145 
vn 0 0.587785 -0.809017 
vn 0 0.5 -0.866025 
vn 0 0.406737 -0.913545 
vn 0 0.309017 -0.951057 
vn 0 0.207912 -0.978148 
vn 0 0.104528 -0.994522 
vn 0 0 -1 
vn -1 0 0 
vn 1 0 0 
vn 0 0 1 
vn 0 1 0 
vn 0 0.994522 0.104528 
vn 0 0.978148 0.207912 
vn 0 0.951057 0.309017 
vn 0 0.913545 0.406737 
vn 0 0.866025 0.5 
vn 0 0.809017 0.587785 
vn 0 0.743145 0.669131 
vn 0 0.669131 0.743145 
vn 0 0.587785 0.809017 
vn 0 0.5 0.866025 
vn 0 0.406737 0.913545 
vn 0 0.309017 0.951057 
vn 0 0.207912 0.978148 
vn 0 0.104528 0.994522 
vn 0 0 1 
vn 0 1 0 
vn 0 0 -1 
vn -0.108119 0 -0.994138 
vn -0.0838558 0 -0.996478 
vn -0.108089 0 -0.994141 
vn -0.21497 0 -0.976621 
vn -0.191102 0 -0.98157 
vn -0.214941 0 -0.976627 
vn -0.319302 0 -0.947653 
vn -0.296109 0 -0.955154 
vn -0.319273 0 -0.947663 
vn -0.419889 0 -0.907575 
vn -0.397643 0 -0.91754 
vn -0.419861 0 -0.907588 
vn -0.515554 0 -0.856857 
vn -0.494516 0 -0.869169 
vn -0.515528 0 -0.856873 
vn -0.605174 0 -0.796093 
vn -0.58559 0 -0.810607 
vn -0.60515 0 -0.796112 
vn -0.687699 0 -0.725995 
vn -0.6698 0 -0.742542 
vn -0.687677 0 -0.726016 
vn -0.762162 0 -0.647386 
vn -0.746156 0 -0.665771 
vn -0.762142 0 -0.64741 
vn -0.827689 0 -0.561187 
vn -0.813765 0 -0.581194 
vn -0.827672 0 -0.561212 
vn -0.883512 0 -0.468408 
vn -0.871833 0 -0.489804 
vn -0.883498 0 -0.468435 
vn -0.928977 0 -0.370138 
vn -0.919679 0 -0.392671 
vn -0.928965 0 -0.370166 
vn -0.96355 0 -0.267528 
vn -0.956743 0 -0.290934 
vn -0.963542 0 -0.267558 
vn -0.986827 0 -0.161782 
vn -0.98259 0 -0.185787 
vn -0.986822 0 -0.161812 
vn -0.998533 0 -0.0541389 
vn -0.996917 0 -0.0784611 
vn -0.998532 0 -0.0541694 
vn -0.998533 0 0.0541389 
vn -0.999556 0 0.0297846 
vn -0.998535 0 0.0541085 
vn -0.986827 0 0.161782 
vn -0.990477 0 0.137681 
vn -0.986831 0 0.161752 
vn -0.96355 0 0.267528 
vn -0.969784 0 0.243963 
vn -0.963558 0 0.267499 
vn -0.928977 0 0.370138 
vn -0.937722 0 0.347385 
vn -0.928988 0 0.37011 
vn -0.883512 0 0.468408 
vn -0.894667 0 0.446735 
vn -0.883526 0 0.468381 
vn -0.827689 0 0.561187 
vn -0.841121 0 0.540846 
vn -0.827706 0 0.561162 
vn -0.762162 0 0.647386 
vn -0.777715 0 0.628617 
vn -0.762182 0 0.647363 
vn -0.687699 0 0.725995 
vn -0.705191 0 0.709018 
vn -0.687722 0 0.725975 
vn -0.605174 0 0.796093 
vn -0.624398 0 0.781106 
vn -0.605198 0 0.796075 
vn -0.515554 0 0.856857 
vn -0.536286 0 0.844036 
vn -0.51558 0 0.856841 
vn -0.419889 0 0.907575 
vn -0.441886 0 0.897071 
vn -0.419917 0 0.907563 
vn -0.319302 0 0.947653 
vn -0.342305 0 0.939589 
vn -0.31933 0 0.947643 
vn -0.21497 0 0.976621 
vn -0.238711 0 0.971091 
vn -0.215 0 0.976614 
vn -0.108119 0 0.994138 
vn -0.132318 0 0.991207 
vn -0.108149 0 0.994135 
vn -1.22465e-16 0 1 
vn -0.024374 0 0.999703 
vn -4.02928e-11 0 1 
vn 0.108119 0 0.994138 
vn 0.0838558 0 0.996478 
vn 0.108089 0 0.994141 
vn 0.21497 0 0.976621 
vn 0.191102 0 0.98157 
vn 0.214941 0 0.976627 
vn 0.319302 0 0.947653 
vn 0.296109 0 0.955154 
vn 0.319273 0 0.947663 
vn 0.419889 0 0.907575 
vn 0.397643 0 0.91754 
vn 0.419861 0 0.907588 
vn 0.515554 0 0.856857 
vn 0.494516 0 0.869169 
vn 0.515528 0 0.856873 
vn 0.605174 0 0.796093 
vn 0.58559 0 0.810607 
vn 0.60515 0 0.796112 
vn 0.687699 0 0.725995 
vn 0.6698 0 0.742542 
vn 0.687677 0 0.726016 
vn 0.762162 0 0.647386 
vn 0.746156 0 0.665771 
vn 0.762142 0 0.64741 
vn 0.827689 0 0.561187 
vn 0.813765 0 0.581194 
vn 0.827672 0 0.561212 
vn 0.883512 0 0.468408 
vn 0.871833 0 0.489804 
vn 0.883498 0 0.468435 
vn 0.928977 0 0.370138 
vn 0.919679 0 0.392671 
vn 0.928965 0 0.370166 
vn 0.96355 0 0.267528 
vn 0.956743 0 0.290934 
vn 0.963542 0 0.267558 
vn 0.986827 0 0.161782 
vn 0.98259 0 0.185787 
vn 0.986822 0 0.161812 
vn 0.998533 0 0.0541389 
vn 0.996917 0 0.0784611 
vn 0.998532 0 0.0541694 
vn 0.998533 0 -0.0541389 
vn 0.999556 0 -0.0297846 
vn 0.998535 0 -0.0541085 
vn 0.986827 0 -0.161782 
vn 0.990477 0 -0.137681 
vn 0.986831 0 -0.161752 
vn 0.96355 0 -0.267528 
vn 0.969784 0 -0.243963 
vn 0.963558 0 -0.267499 
vn 0.928977 0 -0.370138 
vn 0.937722 0 -0.347385 
vn 0.928988 0 -0.37011 
vn 0.883512 0 -0.468408 
vn 0.894667 0 -0.446735 
vn 0.883526 0 -0.468381 
vn 0.827689 0 -0.561187 
vn 0.841121 0 -0.540846 
vn 0.827706 0 -0.561162 
vn 0.762162 0 -0.647386 
vn 0.777715 0 -0.628617 
vn 0.762182 0 -0.647363 
vn 0.687699 0 -0.725995 
vn 0.705191 0 -0.709018 
vn 0.687722 0 -0.725975 
vn 0.605174 0 -0.796093 
vn 0.624398 0 -0.781106 
vn 0.605198 0 -0.796075 
vn 0.515554 0 -0.856857 
vn 0.536286 0 -0.844036 
vn 0.51558 0 -0.856841 
vn 0.419889 0 -0.907575 
vn 0.441886 0 -0.897071 
vn 0.419917 0 -0.907563 
vn 0.319302 0 -0.947653 
vn 0.342305 0 -0.939589 
vn 0.31933 0 -0.947643 
vn 0.21497 0 -0.976621 
vn 0.238711 0 -0.971091 
vn 0.215 0 -0.976614 
vn 0.108119 0 -0.994138 
vn 0.132318 0 -0.991207 
vn 0.108149 0 -0.994135 
vn 0.024374 0 -0.999703 
vn 3.04986e-05 0 -1 
vn -0.0833964 0.104528 -0.991019 
vn 0.0242405 0.104528 -0.994226 
vn 3.04986e-05 0 -1 
vn 0.024374 0 -0.999703 
vn -0.190056 0.104528 -0.976193 
vn -0.108089 0 -0.994141 
vn -0.0838558 0 -0.996478 
vn -0.294486 0.104528 -0.949922 
vn -0.214941 0 -0.976627 
vn -0.191102 0 -0.98157 
vn -0.395465 0.104528 -0.912514 
vn -0.319273 0 -0.947663 
vn -0.296109 0 -0.955154 
vn -0.491807 0.104528 -0.864407 
vn -0.419861 0 -0.907588 
vn -0.397643 0 -0.91754 
vn -0.582383 0.104528 -0.806166 
vn -0.515528 0 -0.856873 
vn -0.494516 0 -0.869169 
vn -0.66613 0.104528 -0.738474 
vn -0.60515 0 -0.796112 
vn -0.58559 0 -0.810607 
vn -0.742069 0.104528 -0.662124 
vn -0.687677 0 -0.726016 
vn -0.6698 0 -0.742542 
vn -0.809307 0.104528 -0.578011 
vn -0.762142 0 -0.64741 
vn -0.746156 0 -0.665771 
vn -0.867057 0.104528 -0.487121 
vn -0.827672 0 -0.561212 
vn -0.813765 0 -0.581194 
vn -0.914641 0.104528 -0.39052 
vn -0.883498 0 -0.468435 
vn -0.871833 0 -0.489804 
vn -0.951502 0.104528 -0.289341 
vn -0.928965 0 -0.370166 
vn -0.919679 0 -0.392671 
vn -0.977207 0.104528 -0.184769 
vn -0.963542 0 -0.267558 
vn -0.956743 0 -0.290934 
vn -0.991456 0.104528 -0.0780313 
vn -0.986822 0 -0.161812 
vn -0.98259 0 -0.185787 
vn -0.994081 0.104528 0.0296214 
vn -0.998532 0 -0.0541694 
vn -0.996917 0 -0.0784611 
vn -0.985051 0.104528 0.136927 
vn -0.998535 0 0.0541085 
vn -0.999556 0 0.0297846 
vn -0.964472 0.104528 0.242627 
vn -0.986831 0 0.161752 
vn -0.990477 0 0.137681 
vn -0.932586 0.104528 0.345482 
vn -0.963558 0 0.267499 
vn -0.969784 0 0.243963 
vn -0.889765 0.104528 0.444287 
vn -0.928988 0 0.37011 
vn -0.937722 0 0.347385 
vn -0.836514 0.104528 0.537883 
vn -0.883526 0 0.468381 
vn -0.894667 0 0.446735 
vn -0.773455 0.104528 0.625173 
vn -0.827706 0 0.561162 
vn -0.841121 0 0.540846 
vn -0.701327 0.104528 0.705134 
vn -0.762182 0 0.647363 
vn -0.777715 0 0.628617 
vn -0.620978 0.104528 0.776827 
vn -0.687722 0 0.725975 
vn -0.705191 0 0.709018 
vn -0.533348 0.104528 0.839413 
vn -0.605198 0 0.796075 
vn -0.624398 0 0.781106 
vn -0.439465 0.104528 0.892157 
vn -0.51558 0 0.856841 
vn -0.536286 0 0.844036 
vn -0.34043 0.104528 0.934442 
vn -0.419917 0 0.907563 
vn -0.441886 0 0.897071 
vn -0.237403 0.104528 0.965771 
vn -0.31933 0 0.947643 
vn -0.342305 0 0.939589 
vn -0.131593 0.104528 0.985777 
vn -0.215 0 0.976614 
vn -0.238711 0 0.971091 
vn -0.0242405 0.104528 0.994226 
vn -0.108149 0 0.994135 
vn -0.132318 0 0.991207 
vn 0.0833964 0.104528 0.991019 
vn -4.0293e-11 0 1 
vn -0.024374 0 0.999703 
vn 0.190056 0.104528 0.976193 
vn 0.108089 0 0.994141 
vn 0.0838558 0 0.996478 
vn 0.294486 0.104528 0.949922 
vn 0.214941 0 0.976627 
vn 0.191102 0 0.98157 
vn 0.395465 0.104528 0.912514 
vn 0.319273 0 0.947663 
vn 0.296109 0 0.955154 
vn 0.491807 0.104528 0.864407 
vn 0.419861 0 0.907588 
vn 0.397643 0 0.91754 
vn 0.582383 0.104528 0.806166 
vn 0.515528 0 0.856873 
vn 0.494516 0 0.869169 
vn 0.66613 0.104528 0.738474 
vn 0.60515 0 0.796112 
vn 0.58559 0 0.810607 
vn 0.742069 0.104528 0.662124 
vn 0.687677 0 0.726016 
vn 0.6698 0 0.742542 
vn 0.809307 0.104528 0.578011 
vn 0.762142 0 0.64741 
vn 0.746156 0 0.665771 
vn 0.867057 0.104528 0.487121 
vn 0.827672 0 0.561212 
vn 0.813765 0 0.581194 
vn 0.914641 0.104528 0.39052 
vn 0.883498 0 0.468435 
vn 0.871833 0 0.489804 
vn 0.951502 0.104528 0.289341 
vn 0.928965 0 0.370166 
vn 0.919679 0 0.392671 
vn 0.977207 0.104528 0.184769 
vn 0.963542 0 0.267558 
vn 0.956743 0 0.290934 
vn 0.991456 0.104528 0.0780313 
vn 0.986822 0 0.161812 
vn 0.98259 0 0.185787 
vn 0.994081 0.104528 -0.0296214 
vn 0.998532 0 0.0541694 
vn 0.996917 0 0.0784611 
vn 0.985051 0.104528 -0.136927 
vn 0.998535 0 -0.0541085 
vn 0.999556 0 -0.0297846 
vn 0.964472 0.104528 -0.242627 
vn 0.986831 0 -0.161752 
vn 0.990477 0 -0.137681 
vn 0.932586 0.104528 -0.345482 
vn 0.963558 0 -0.267499 
vn 0.969784 0 -0.243963 
vn 0.889765 0.104528 -0.444287 
vn 0.928988 0 -0.37011 
vn 0.937722 0 -0.347385 
vn 0.836514 0.104528 -0.537883 
vn 0.883526 0 -0.468381 
vn 0.894667 0 -0.446735 
vn 0.773455 0.104528 -0.625173 
vn 0.827706 0 -0.561162 
vn 0.841121 0 -0.540846 
vn 0.701327 0.104528 -0.705134 
vn 0.762182 0 -0.647363 
vn 0.777715 0 -0.628617 
vn 0.620978 0.104528 -0.776827 
vn 0.687722 0 -0.725975 
vn 0.705191 0 -0.709018 
vn 0.533348 0.104528 -0.839413 
vn 0.605198 0 -0.796075 
vn 0.624398 0 -0.781106 
vn 0.439465 0.104528 -0.892157 
vn 0.51558 0 -0.856841 
vn 0.536286 0 -0.844036 
vn 0.34043 0.104528 -0.934442 
vn 0.419917 0 -0.907563 
vn 0.441886 0 -0.897071 
vn 0.237403 0.104528 -0.965771 
vn 0.31933 0 -0.947643 
vn 0.342305 0 -0.939589 
vn 0.131593 0.104528 -0.985777 
vn 0.215 0 -0.976614 
vn 0.238711 0 -0.971091 
vn 0.108149 0 -0.994135 
vn 0.132318 0 -0.991207 
vn 0.0238414 0.207912 -0.977857 
vn -0.0820233 0.207912 -0.974702 
vn -0.186926 0.207912 -0.96012 
vn -0.289638 0.207912 -0.934282 
vn -0.388954 0.207912 -0.89749 
vn -0.483709 0.207912 -0.850175 
vn -0.572794 0.207912 -0.792893 
vn -0.655163 0.207912 -0.726315 
vn -0.729851 0.207912 -0.651222 
vn -0.795982 0.207912 -0.568494 
vn -0.852781 0.207912 -0.479101 
vn -0.899582 0.207912 -0.38409 
vn -0.935836 0.207912 -0.284577 
vn -0.961118 0.207912 -0.181727 
vn -0.975132 0.207912 -0.0767465 
vn -0.977714 0.207912 0.0291337 
vn -0.968832 0.207912 0.134672 
vn -0.948592 0.207912 0.238632 
vn -0.917231 0.207912 0.339794 
vn -0.875116 0.207912 0.436972 
vn -0.822741 0.207912 0.529027 
vn -0.76072 0.207912 0.61488 
vn -0.68978 0.207912 0.693524 
vn -0.610754 0.207912 0.764037 
vn -0.524567 0.207912 0.825592 
vn -0.432229 0.207912 0.877468 
vn -0.334825 0.207912 0.919057 
vn -0.233494 0.207912 0.94987 
vn -0.129427 0.207912 0.969547 
vn -0.0238414 0.207912 0.977857 
vn 0.0820233 0.207912 0.974702 
vn 0.186926 0.207912 0.96012 
vn 0.289638 0.207912 0.934282 
vn 0.388954 0.207912 0.89749 
vn 0.483709 0.207912 0.850175 
vn 0.572794 0.207912 0.792893 
vn 0.655163 0.207912 0.726315 
vn 0.729851 0.207912 0.651222 
vn 0.795982 0.207912 0.568494 
vn 0.852781 0.207912 0.479101 
vn 0.899582 0.207912 0.38409 
vn 0.935836 0.207912 0.284577 
vn 0.961118 0.207912 0.181727 
vn 0.975132 0.207912 0.0767465 
vn 0.977714 0.207912 -0.0291337 
vn 0.968832 0.207912 -0.134672 
vn 0.948592 0.207912 -0.238632 
vn 0.917231 0.207912 -0.339794 
vn 0.875116 0.207912 -0.436972 
vn 0.822741 0.207912 -0.529027 
vn 0.76072 0.207912 -0.61488 
vn 0.68978 0.207912 -0.693524 
vn 0.610754 0.207912 -0.764037 
vn 0.524567 0.207912 -0.825592 
vn 0.432229 0.207912 -0.877468 
vn 0.334825 0.207912 -0.919057 
vn 0.233494 0.207912 -0.94987 
vn 0.129427 0.207912 -0.969547 
vn 0.0231811 0.309017 -0.950774 
vn -0.0797516 0.309017 -0.947707 
vn -0.181749 0.309017 -0.933529 
vn -0.281616 0.309017 -0.908406 
vn -0.378181 0.309017 -0.872633 
vn -0.470312 0.309017 -0.826629 
vn -0.55693 0.309017 -0.770933 
vn -0.637017 0.309017 -0.706199 
vn -0.709637 0.309017 -0.633186 
vn -0.773936 0.309017 -0.552749 
vn -0.829162 0.309017 -0.465831 
vn -0.874667 0.309017 -0.373452 
vn -0.909917 0.309017 -0.276695 
vn -0.934499 0.309017 -0.176694 
vn -0.948125 0.309017 -0.0746209 
vn -0.950635 0.309017 0.0283268 
vn -0.941999 0.309017 0.130942 
vn -0.92232 0.309017 0.232023 
vn -0.891827 0.309017 0.330383 
vn -0.850878 0.309017 0.42487 
vn -0.799954 0.309017 0.514375 
vn -0.739651 0.309017 0.59785 
vn -0.670676 0.309017 0.674316 
vn -0.593838 0.309017 0.742876 
vn -0.510038 0.309017 0.802726 
vn -0.420258 0.309017 0.853166 
vn -0.325551 0.309017 0.893602 
vn -0.227027 0.309017 0.923562 
vn -0.125842 0.309017 0.942694 
vn -0.0231811 0.309017 0.950774 
vn 0.0797516 0.309017 0.947707 
vn 0.181749 0.309017 0.933529 
vn 0.281616 0.309017 0.908406 
vn 0.378181 0.309017 0.872633 
vn 0.470312 0.309017 0.826629 
vn 0.55693 0.309017 0.770933 
vn 0.637017 0.309017 0.706199 
vn 0.709637 0.309017 0.633186 
vn 0.773936 0.309017 0.552749 
vn 0.829162 0.309017 0.465831 
vn 0.874667 0.309017 0.373452 
vn 0.909917 0.309017 0.276695 
vn 0.934499 0.309017 0.176694 
vn 0.948125 0.309017 0.0746209 
vn 0.950635 0.309017 -0.0283268 
vn 0.941999 0.309017 -0.130942 
vn 0.92232 0.309017 -0.232023 
vn 0.891827 0.309017 -0.330383 
vn 0.850878 0.309017 -0.42487 
vn 0.799954 0.309017 -0.514375 
vn 0.739651 0.309017 -0.59785 
vn 0.670676 0.309017 -0.674316 
vn 0.593838 0.309017 -0.742876 
vn 0.510038 0.309017 -0.802726 
vn 0.420258 0.309017 -0.853166 
vn 0.325551 0.309017 -0.893602 
vn 0.227027 0.309017 -0.923562 
vn 0.125842 0.309017 -0.942694 
vn 0.0222668 0.406737 -0.913274 
vn -0.0766061 0.406737 -0.910328 
vn -0.174581 0.406737 -0.896709 
vn -0.270509 0.406737 -0.872577 
vn -0.363265 0.406737 -0.838215 
vn -0.451763 0.406737 -0.794025 
vn -0.534963 0.406737 -0.740526 
vn -0.611892 0.406737 -0.678346 
vn -0.681648 0.406737 -0.608212 
vn -0.743411 0.406737 -0.530948 
vn -0.796459 0.406737 -0.447458 
vn -0.840169 0.406737 -0.358723 
vn -0.874028 0.406737 -0.265782 
vn -0.897641 0.406737 -0.169725 
vn -0.910729 0.406737 -0.0716778 
vn -0.91314 0.406737 0.0272096 
vn -0.904845 0.406737 0.125778 
vn -0.885942 0.406737 0.222872 
vn -0.856652 0.406737 0.317352 
vn -0.817319 0.406737 0.408112 
vn -0.768403 0.406737 0.494088 
vn -0.710478 0.406737 0.57427 
vn -0.644224 0.406737 0.64772 
vn -0.570416 0.406737 0.713576 
vn -0.489921 0.406737 0.771066 
vn -0.403683 0.406737 0.819516 
vn -0.312711 0.406737 0.858357 
vn -0.218073 0.406737 0.887136 
vn -0.120879 0.406737 0.905513 
vn -0.0222668 0.406737 0.913274 
vn 0.0766061 0.406737 0.910328 
vn 0.174581 0.406737 0.896709 
vn 0.270509 0.406737 0.872577 
vn 0.363265 0.406737 0.838215 
vn 0.451763 0.406737 0.794025 
vn 0.534963 0.406737 0.740526 
vn 0.611892 0.406737 0.678346 
vn 0.681648 0.406737 0.608212 
vn 0.743411 0.406737 0.530948 
vn 0.796459 0.406737 0.447458 
vn 0.840169 0.406737 0.358723 
vn 0.874028 0.406737 0.265782 
vn 0.897641 0.406737 0.169725 
vn 0.910729 0.406737 0.0716778 
vn 0.91314 0.406737 -0.0272096 
vn 0.904845 0.406737 -0.125778 
vn 0.885942 0.406737 -0.222872 
vn 0.856652 0.406737 -0.317352 
vn 0.817319 0.406737 -0.408112 
vn 0.768403 0.406737 -0.494088 
vn 0.710478 0.406737 -0.57427 
vn 0.644224 0.406737 -0.64772 
vn 0.570416 0.406737 -0.713576 
vn 0.489921 0.406737 -0.771066 
vn 0.403683 0.406737 -0.819516 
vn 0.312711 0.406737 -0.858357 
vn 0.218073 0.406737 -0.887136 
vn 0.120879 0.406737 -0.905513 
vn 0.0211085 0.5 -0.865768 
vn -0.0726212 0.5 -0.862975 
vn -0.1655 0.5 -0.850065 
vn -0.256438 0.5 -0.827188 
vn -0.344369 0.5 -0.794613 
vn -0.428263 0.5 -0.752722 
vn -0.507136 0.5 -0.702006 
vn -0.580064 0.5 -0.64306 
vn -0.64619 0.5 -0.576575 
vn -0.704741 0.5 -0.503329 
vn -0.755029 0.5 -0.424183 
vn -0.796465 0.5 -0.340063 
vn -0.828564 0.5 -0.251957 
vn -0.850948 0.5 -0.160896 
vn -0.863356 0.5 -0.0679493 
vn -0.865641 0.5 0.0257942 
vn -0.857778 0.5 0.119235 
vn -0.839858 0.5 0.211278 
vn -0.812091 0.5 0.300844 
vn -0.774804 0.5 0.386883 
vn -0.728433 0.5 0.468387 
vn -0.673521 0.5 0.544398 
vn -0.610713 0.5 0.614027 
vn -0.540745 0.5 0.676458 
vn -0.464437 0.5 0.730957 
vn -0.382684 0.5 0.776887 
vn -0.296445 0.5 0.813708 
vn -0.20673 0.5 0.840989 
vn -0.114591 0.5 0.858411 
vn -0.0211085 0.5 0.865768 
vn 0.0726212 0.5 0.862975 
vn 0.1655 0.5 0.850065 
vn 0.256438 0.5 0.827188 
vn 0.344369 0.5 0.794613 
vn 0.428263 0.5 0.752722 
vn 0.507136 0.5 0.702006 
vn 0.580064 0.5 0.64306 
vn 0.64619 0.5 0.576575 
vn 0.704741 0.5 0.503329 
vn 0.755029 0.5 0.424183 
vn 0.796465 0.5 0.340063 
vn 0.828564 0.5 0.251957 
vn 0.850948 0.5 0.160896 
vn 0.863356 0.5 0.0679493 
vn 0.865641 0.5 -0.0257942 
vn 0.857778 0.5 -0.119235 
vn 0.839858 0.5 -0.211278 
vn 0.812091 0.5 -0.300844 
vn 0.774804 0.5 -0.386883 
vn 0.728433 0.5 -0.468387 
vn 0.673521 0.5 -0.544398 
vn 0.610713 0.5 -0.614027 
vn 0.540745 0.5 -0.676458 
vn 0.464437 0.5 -0.730957 
vn 0.382684 0.5 -0.776887 
vn 0.296445 0.5 -0.813708 
vn 0.20673 0.5 -0.840989 
vn 0.114591 0.5 -0.858411 
vn 0.019719 0.587785 -0.808777 
vn -0.0678407 0.587785 -0.806168 
vn -0.154605 0.587785 -0.794107 
vn -0.239557 0.587785 -0.772736 
vn -0.3217 0.587785 -0.742306 
vn -0.400072 0.587785 -0.703172 
vn -0.473753 0.587785 -0.655795 
vn -0.541879 0.587785 -0.600729 
vn -0.603653 0.587785 -0.53862 
vn -0.658349 0.587785 -0.470196 
vn -0.705327 0.587785 -0.39626 
vn -0.744036 0.587785 -0.317678 
vn -0.774021 0.587785 -0.235371 
vn -0.794932 0.587785 -0.150305 
vn -0.806523 0.587785 -0.0634764 
vn -0.808658 0.587785 0.0240962 
vn -0.801312 0.587785 0.111386 
vn -0.784572 0.587785 0.19737 
vn -0.758633 0.587785 0.281041 
vn -0.7238 0.587785 0.361416 
vn -0.680482 0.587785 0.437554 
vn -0.629185 0.587785 0.508562 
vn -0.570511 0.587785 0.573607 
vn -0.505149 0.587785 0.631928 
vn -0.433864 0.587785 0.68284 
vn -0.357493 0.587785 0.725746 
vn -0.27693 0.587785 0.760143 
vn -0.193121 0.587785 0.785629 
vn -0.107048 0.587785 0.801904 
vn -0.019719 0.587785 0.808777 
vn 0.0678407 0.587785 0.806168 
vn 0.154605 0.587785 0.794107 
vn 0.239557 0.587785 0.772736 
vn 0.3217 0.587785 0.742306 
vn 0.400072 0.587785 0.703172 
vn 0.473753 0.587785 0.655795 
vn 0.541879 0.587785 0.600729 
vn 0.603653 0.587785 0.53862 
vn 0.658349 0.587785 0.470196 
vn 0.705327 0.587785 0.39626 
vn 0.744036 0.587785 0.317678 
vn 0.774021 0.587785 0.235371 
vn 0.794932 0.587785 0.150305 
vn 0.806523 0.587785 0.0634764 
vn 0.808658 0.587785 -0.0240962 
vn 0.801312 0.587785 -0.111386 
vn 0.784572 0.587785 -0.19737 
vn 0.758633 0.587785 -0.281041 
vn 0.7238 0.587785 -0.361416 
vn 0.680482 0.587785 -0.437554 
vn 0.629185 0.587785 -0.508562 
vn 0.570511 0.587785 -0.573607 
vn 0.505149 0.587785 -0.631928 
vn 0.433864 0.587785 -0.68284 
vn 0.357493 0.587785 -0.725746 
vn 0.27693 0.587785 -0.760143 
vn 0.193121 0.587785 -0.785629 
vn 0.107048 0.587785 -0.801904 
vn 0.0181134 0.669131 -0.742924 
vn -0.062317 0.669131 -0.740527 
vn -0.142017 0.669131 -0.729449 
vn -0.220052 0.669131 -0.709818 
vn -0.295506 0.669131 -0.681865 
vn -0.367497 0.669131 -0.645918 
vn -0.435179 0.669131 -0.602398 
vn -0.497758 0.669131 -0.551816 
vn -0.554502 0.669131 -0.494764 
vn -0.604745 0.669131 -0.431912 
vn -0.647898 0.669131 -0.363995 
vn -0.683455 0.669131 -0.291811 
vn -0.710999 0.669131 -0.216206 
vn -0.730207 0.669131 -0.138067 
vn -0.740854 0.669131 -0.058308 
vn -0.742815 0.669131 0.0221342 
vn -0.736068 0.669131 0.102317 
vn -0.72069 0.669131 0.1813 
vn -0.696864 0.669131 0.258158 
vn -0.664867 0.669131 0.331988 
vn -0.625075 0.669131 0.401927 
vn -0.577955 0.669131 0.467153 
vn -0.524059 0.669131 0.526903 
vn -0.464018 0.669131 0.580475 
vn -0.398538 0.669131 0.627241 
vn -0.328385 0.669131 0.666654 
vn -0.254382 0.669131 0.698251 
vn -0.177397 0.669131 0.721661 
vn -0.0983315 0.669131 0.736611 
vn -0.0181134 0.669131 0.742924 
vn 0.062317 0.669131 0.740527 
vn 0.142017 0.669131 0.729449 
vn 0.220052 0.669131 0.709818 
vn 0.295506 0.669131 0.681865 
vn 0.367497 0.669131 0.645918 
vn 0.435179 0.669131 0.602398 
vn 0.497758 0.669131 0.551816 
vn 0.554502 0.669131 0.494764 
vn 0.604745 0.669131 0.431912 
vn 0.647898 0.669131 0.363995 
vn 0.683455 0.669131 0.291811 
vn 0.710999 0.669131 0.216206 
vn 0.730207 0.669131 0.138067 
vn 0.740854 0.669131 0.058308 
vn 0.742815 0.669131 -0.0221342 
vn 0.736068 0.669131 -0.102317 
vn 0.72069 0.669131 -0.1813 
vn 0.696864 0.669131 -0.258158 
vn 0.664867 0.669131 -0.331988 
vn 0.625075 0.669131 -0.401927 
vn 0.577955 0.669131 -0.467153 
vn 0.524059 0.669131 -0.526903 
vn 0.464018 0.669131 -0.580475 
vn 0.398538 0.669131 -0.627241 
vn 0.328385 0.669131 -0.666654 
vn 0.254382 0.669131 -0.698251 
vn 0.177397 0.669131 -0.721661 
vn 0.0983315 0.669131 -0.736611 
vn 0.0163094 0.743145 -0.668932 
vn -0.0561105 0.743145 -0.666774 
vn -0.127872 0.743145 -0.656799 
vn -0.198135 0.743145 -0.639123 
vn -0.266075 0.743145 -0.613954 
vn -0.330896 0.743145 -0.581587 
vn -0.391836 0.743145 -0.542402 
vn -0.448183 0.743145 -0.496857 
vn -0.499276 0.743145 -0.445488 
vn -0.544515 0.743145 -0.388895 
vn -0.58337 0.743145 -0.327743 
vn -0.615385 0.743145 -0.262748 
vn -0.640186 0.743145 -0.194673 
vn -0.657481 0.743145 -0.124316 
vn -0.667068 0.743145 -0.0525007 
vn -0.668834 0.743145 0.0199298 
vn -0.662758 0.743145 0.0921266 
vn -0.648912 0.743145 0.163243 
vn -0.627459 0.743145 0.232446 
vn -0.598649 0.743145 0.298924 
vn -0.56282 0.743145 0.361897 
vn -0.520393 0.743145 0.420627 
vn -0.471865 0.743145 0.474426 
vn -0.417804 0.743145 0.522662 
vn -0.358845 0.743145 0.564771 
vn -0.295679 0.743145 0.600258 
vn -0.229047 0.743145 0.628708 
vn -0.159729 0.743145 0.649787 
vn -0.088538 0.743145 0.663247 
vn -0.0163094 0.743145 0.668932 
vn 0.0561105 0.743145 0.666774 
vn 0.127872 0.743145 0.656799 
vn 0.198135 0.743145 0.639123 
vn 0.266075 0.743145 0.613954 
vn 0.330896 0.743145 0.581587 
vn 0.391836 0.743145 0.542402 
vn 0.448183 0.743145 0.496857 
vn 0.499276 0.743145 0.445488 
vn 0.544515 0.743145 0.388895 
vn 0.58337 0.743145 0.327743 
vn 0.615385 0.743145 0.262748 
vn 0.640186 0.743145 0.194673 
vn 0.657481 0.743145 0.124316 
vn 0.667068 0.743145 0.0525007 
vn 0.668834 0.743145 -0.0199298 
vn 0.662758 0.743145 -0.0921266 
vn 0.648912 0.743145 -0.163243 
vn 0.627459 0.743145 -0.232446 
vn 0.598649 0.743145 -0.298924 
vn 0.56282 0.743145 -0.361897 
vn 0.520393 0.743145 -0.420627 
vn 0.471865 0.743145 -0.474426 
vn 0.417804 0.743145 -0.522662 
vn 0.358845 0.743145 -0.564771 
vn 0.295679 0.743145 -0.600258 
vn 0.229047 0.743145 -0.628708 
vn 0.159729 0.743145 -0.649787 
vn 0.088538 0.743145 -0.663247 
vn 0.0143267 0.809017 -0.587611 
vn -0.0492892 0.809017 -0.585715 
vn -0.112327 0.809017 -0.576952 
vn -0.174048 0.809017 -0.561426 
vn -0.233729 0.809017 -0.539317 
vn -0.290669 0.809017 -0.510885 
vn -0.344201 0.809017 -0.476463 
vn -0.393698 0.809017 -0.436455 
vn -0.43858 0.809017 -0.39133 
vn -0.478319 0.809017 -0.341618 
vn -0.51245 0.809017 -0.2879 
vn -0.540574 0.809017 -0.230806 
vn -0.562359 0.809017 -0.171007 
vn -0.577552 0.809017 -0.109203 
vn -0.585973 0.809017 -0.0461183 
vn -0.587524 0.809017 0.0175069 
vn -0.582188 0.809017 0.0809269 
vn -0.570025 0.809017 0.143398 
vn -0.551179 0.809017 0.204188 
vn -0.525872 0.809017 0.262584 
vn -0.494399 0.809017 0.317901 
vn -0.457129 0.809017 0.369492 
vn -0.414501 0.809017 0.41675 
vn -0.367012 0.809017 0.459123 
vn -0.315221 0.809017 0.496112 
vn -0.259734 0.809017 0.527285 
vn -0.201202 0.809017 0.552277 
vn -0.140311 0.809017 0.570793 
vn -0.0777746 0.809017 0.582617 
vn -0.0143267 0.809017 0.587611 
vn 0.0492892 0.809017 0.585715 
vn 0.112327 0.809017 0.576952 
vn 0.174048 0.809017 0.561426 
vn 0.233729 0.809017 0.539317 
vn 0.290669 0.809017 0.510885 
vn 0.344201 0.809017 0.476463 
vn 0.393698 0.809017 0.436455 
vn 0.43858 0.809017 0.39133 
vn 0.478319 0.809017 0.341618 
vn 0.51245 0.809017 0.2879 
vn 0.540574 0.809017 0.230806 
vn 0.562359 0.809017 0.171007 
vn 0.577552 0.809017 0.109203 
vn 0.585973 0.809017 0.0461183 
vn 0.587524 0.809017 -0.0175069 
vn 0.582188 0.809017 -0.0809269 
vn 0.570025 0.809017 -0.143398 
vn 0.551179 0.809017 -0.204188 
vn 0.525872 0.809017 -0.262584 
vn 0.494399 0.809017 -0.317901 
vn 0.457129 0.809017 -0.369492 
vn 0.414501 0.809017 -0.41675 
vn 0.367012 0.809017 -0.459123 
vn 0.315221 0.809017 -0.496112 
vn 0.259734 0.809017 -0.527285 
vn 0.201202 0.809017 -0.552277 
vn 0.140311 0.809017 -0.570793 
vn 0.0777746 0.809017 -0.582617 
vn 0.012187 0.866025 -0.499851 
vn -0.0419279 0.866025 -0.498239 
vn -0.0955512 0.866025 -0.490785 
vn -0.148054 0.866025 -0.477577 
vn -0.198822 0.866025 -0.45877 
vn -0.247258 0.866025 -0.434584 
vn -0.292795 0.866025 -0.405304 
vn -0.3349 0.866025 -0.371271 
vn -0.373078 0.866025 -0.332885 
vn -0.406882 0.866025 -0.290597 
vn -0.435916 0.866025 -0.244902 
vn -0.459839 0.866025 -0.196336 
vn -0.478371 0.866025 -0.145467 
vn -0.491295 0.866025 -0.0928934 
vn -0.498459 0.866025 -0.0392305 
vn -0.499778 0.866025 0.0148923 
vn -0.495238 0.866025 0.0688405 
vn -0.484892 0.866025 0.121982 
vn -0.468861 0.866025 0.173693 
vn -0.447333 0.866025 0.223367 
vn -0.420561 0.866025 0.270423 
vn -0.388858 0.866025 0.314309 
vn -0.352595 0.866025 0.354509 
vn -0.312199 0.866025 0.390553 
vn -0.268143 0.866025 0.422018 
vn -0.220943 0.866025 0.448536 
vn -0.171152 0.866025 0.469794 
vn -0.119355 0.866025 0.485545 
vn -0.066159 0.866025 0.495604 
vn -0.012187 0.866025 0.499851 
vn 0.0419279 0.866025 0.498239 
vn 0.0955512 0.866025 0.490785 
vn 0.148054 0.866025 0.477577 
vn 0.198822 0.866025 0.45877 
vn 0.247258 0.866025 0.434584 
vn 0.292795 0.866025 0.405304 
vn 0.3349 0.866025 0.371271 
vn 0.373078 0.866025 0.332885 
vn 0.406882 0.866025 0.290597 
vn 0.435916 0.866025 0.244902 
vn 0.459839 0.866025 0.196336 
vn 0.478371 0.866025 0.145467 
vn 0.491295 0.866025 0.0928934 
vn 0.498459 0.866025 0.0392305 
vn 0.499778 0.866025 -0.0148923 
vn 0.495238 0.866025 -0.0688405 
vn 0.484892 0.866025 -0.121982 
vn 0.468861 0.866025 -0.173693 
vn 0.447333 0.866025 -0.223367 
vn 0.420561 0.866025 -0.270423 
vn 0.388858 0.866025 -0.314309 
vn 0.352595 0.866025 -0.354509 
vn 0.312199 0.866025 -0.390553 
vn 0.268143 0.866025 -0.422018 
vn 0.220943 0.866025 -0.448536 
vn 0.171152 0.866025 -0.469794 
vn 0.119355 0.866025 -0.485545 
vn 0.066159 0.866025 -0.495604 
vn 0.0099138 0.913545 -0.406616 
vn -0.0341072 0.913545 -0.405304 
vn -0.0777284 0.913545 -0.399241 
vn -0.120438 0.913545 -0.388496 
vn -0.161736 0.913545 -0.373197 
vn -0.201138 0.913545 -0.353523 
vn -0.238181 0.913545 -0.329704 
vn -0.272432 0.913545 -0.302019 
vn -0.303489 0.913545 -0.270793 
vn -0.330988 0.913545 -0.236393 
vn -0.354606 0.913545 -0.199221 
vn -0.374067 0.913545 -0.159714 
vn -0.389142 0.913545 -0.118334 
vn -0.399655 0.913545 -0.0755663 
vn -0.405483 0.913545 -0.031913 
vn -0.406556 0.913545 0.0121145 
vn -0.402863 0.913545 0.0559999 
vn -0.394447 0.913545 0.0992288 
vn -0.381406 0.913545 0.141294 
vn -0.363894 0.913545 0.181703 
vn -0.342115 0.913545 0.219982 
vn -0.316325 0.913545 0.255682 
vn -0.286827 0.913545 0.288384 
vn -0.253966 0.913545 0.317704 
vn -0.218127 0.913545 0.343301 
vn -0.179731 0.913545 0.364872 
vn -0.139228 0.913545 0.382165 
vn -0.0970924 0.913545 0.394978 
vn -0.0538186 0.913545 0.40316 
vn -0.0099138 0.913545 0.406616 
vn 0.0341072 0.913545 0.405304 
vn 0.0777284 0.913545 0.399241 
vn 0.120438 0.913545 0.388496 
vn 0.161736 0.913545 0.373197 
vn 0.201138 0.913545 0.353523 
vn 0.238181 0.913545 0.329704 
vn 0.272432 0.913545 0.302019 
vn 0.303489 0.913545 0.270793 
vn 0.330988 0.913545 0.236393 
vn 0.354606 0.913545 0.199221 
vn 0.374067 0.913545 0.159714 
vn 0.389142 0.913545 0.118334 
vn 0.399655 0.913545 0.0755663 
vn 0.405483 0.913545 0.031913 
vn 0.406556 0.913545 -0.0121145 
vn 0.402863 0.913545 -0.0559999 
vn 0.394447 0.913545 -0.0992288 
vn 0.381406 0.913545 -0.141294 
vn 0.363894 0.913545 -0.181703 
vn 0.342115 0.913545 -0.219982 
vn 0.316325 0.913545 -0.255682 
vn 0.286827 0.913545 -0.288384 
vn 0.253966 0.913545 -0.317704 
vn 0.218127 0.913545 -0.343301 
vn 0.179731 0.913545 -0.364872 
vn 0.139228 0.913545 -0.382165 
vn 0.0970924 0.913545 -0.394978 
vn 0.0538186 0.913545 -0.40316 
vn 0.00753198 0.951057 -0.308925 
vn -0.0259129 0.951057 -0.307929 
vn -0.0590539 0.951057 -0.303322 
vn -0.0915026 0.951057 -0.295159 
vn -0.122878 0.951057 -0.283536 
vn -0.152814 0.951057 -0.268588 
vn -0.180957 0.951057 -0.250491 
vn -0.206979 0.951057 -0.229458 
vn -0.230575 0.951057 -0.205735 
vn -0.251467 0.951057 -0.179599 
vn -0.269411 0.951057 -0.151358 
vn -0.284196 0.951057 -0.121342 
vn -0.29565 0.951057 -0.0899037 
vn -0.303637 0.951057 -0.0574113 
vn -0.308064 0.951057 -0.0242458 
vn -0.30888 0.951057 0.00920394 
vn -0.306074 0.951057 0.0425458 
vn -0.29968 0.951057 0.0753888 
vn -0.289772 0.951057 0.107348 
vn -0.276467 0.951057 0.138049 
vn -0.259921 0.951057 0.167131 
vn -0.240327 0.951057 0.194253 
vn -0.217916 0.951057 0.219099 
vn -0.19295 0.951057 0.241375 
vn -0.165721 0.951057 0.260822 
vn -0.13655 0.951057 0.27721 
vn -0.105778 0.951057 0.290349 
vn -0.0737657 0.951057 0.300084 
vn -0.0408885 0.951057 0.3063 
vn -0.00753198 0.951057 0.308925 
vn 0.0259129 0.951057 0.307929 
vn 0.0590539 0.951057 0.303322 
vn 0.0915026 0.951057 0.295159 
vn 0.122878 0.951057 0.283536 
vn 0.152814 0.951057 0.268588 
vn 0.180957 0.951057 0.250491 
vn 0.206979 0.951057 0.229458 
vn 0.230575 0.951057 0.205735 
vn 0.251467 0.951057 0.179599 
vn 0.269411 0.951057 0.151358 
vn 0.284196 0.951057 0.121342 
vn 0.29565 0.951057 0.0899037 
vn 0.303637 0.951057 0.0574113 
vn 0.308064 0.951057 0.0242458 
vn 0.30888 0.951057 -0.00920394 
vn 0.306074 0.951057 -0.0425458 
vn 0.29968 0.951057 -0.0753888 
vn 0.289772 0.951057 -0.107348 
vn 0.276467 0.951057 -0.138049 
vn 0.259921 0.951057 -0.167131 
vn 0.240327 0.951057 -0.194253 
vn 0.217916 0.951057 -0.219099 
vn 0.19295 0.951057 -0.241375 
vn 0.165721 0.951057 -0.260822 
vn 0.13655 0.951057 -0.27721 
vn 0.105778 0.951057 -0.290349 
vn 0.0737657 0.951057 -0.300084 
vn 0.0408885 0.951057 -0.3063 
vn 0.00506764 0.978148 -0.20785 
vn -0.0174346 0.978148 -0.207179 
vn -0.0397324 0.978148 -0.20408 
vn -0.0615644 0.978148 -0.198588 
vn -0.0826747 0.978148 -0.190767 
vn -0.102816 0.978148 -0.18071 
vn -0.121751 0.978148 -0.168535 
vn -0.139259 0.978148 -0.154383 
vn -0.155135 0.978148 -0.138422 
vn -0.169191 0.978148 -0.120837 
vn -0.181264 0.978148 -0.101836 
vn -0.191212 0.978148 -0.0816409 
vn -0.198918 0.978148 -0.0604887 
vn -0.204292 0.978148 -0.0386273 
vn -0.207271 0.978148 -0.016313 
vn -0.207819 0.978148 0.00619256 
vn -0.205932 0.978148 0.0286255 
vn -0.20163 0.978148 0.0507228 
vn -0.194963 0.978148 0.0722255 
vn -0.186012 0.978148 0.0928813 
vn -0.174879 0.978148 0.112448 
vn -0.161696 0.978148 0.130697 
vn -0.146617 0.978148 0.147413 
vn -0.12982 0.978148 0.162401 
vn -0.1115 0.978148 0.175485 
vn -0.0918732 0.978148 0.186512 
vn -0.0711692 0.978148 0.195352 
vn -0.0496308 0.978148 0.201901 
vn -0.0275105 0.978148 0.206084 
vn -0.00506764 0.978148 0.20785 
vn 0.0174346 0.978148 0.207179 
vn 0.0397324 0.978148 0.20408 
vn 0.0615644 0.978148 0.198588 
vn 0.0826747 0.978148 0.190767 
vn 0.102816 0.978148 0.18071 
vn 0.121751 0.978148 0.168535 
vn 0.139259 0.978148 0.154383 
vn 0.155135 0.978148 0.138422 
vn 0.169191 0.978148 0.120837 
vn 0.181264 0.978148 0.101836 
vn 0.191212 0.978148 0.0816409 
vn 0.198918 0.978148 0.0604887 
vn 0.204292 0.978148 0.0386273 
vn 0.207271 0.978148 0.016313 
vn 0.207819 0.978148 -0.00619256 
vn 0.205932 0.978148 -0.0286255 
vn 0.20163 0.978148 -0.0507228 
vn 0.194963 0.978148 -0.0722255 
vn 0.186012 0.978148 -0.0928813 
vn 0.174879 0.978148 -0.112448 
vn 0.161696 0.978148 -0.130697 
vn 0.146617 0.978148 -0.147413 
vn 0.12982 0.978148 -0.162401 
vn 0.1115 0.978148 -0.175485 
vn 0.0918732 0.978148 -0.186512 
vn 0.0711692 0.978148 -0.195352 
vn 0.0496308 0.978148 -0.201901 
vn 0.0275105 0.978148 -0.206084 
vn 0.00254778 0.994522 -0.104497 
vn -0.00876531 0.994522 -0.10416 
vn -0.0199756 0.994522 -0.102602 
vn -0.0309518 0.994522 -0.0998408 
vn -0.041565 0.994522 -0.0959091 
vn -0.051691 0.994522 -0.0908529 
vn -0.0612109 0.994522 -0.0847315 
vn -0.0700131 0.994522 -0.0776168 
vn -0.0779946 0.994522 -0.069592 
vn -0.0850616 0.994522 -0.0607514 
vn -0.0911313 0.994522 -0.0511985 
vn -0.0961326 0.994522 -0.0410453 
vn -0.100007 0.994522 -0.0304109 
vn -0.102709 0.994522 -0.01942 
vn -0.104206 0.994522 -0.00820142 
vn -0.104482 0.994522 0.00311333 
vn -0.103533 0.994522 0.0143916 
vn -0.10137 0.994522 0.0255011 
vn -0.0980187 0.994522 0.0363117 
vn -0.0935181 0.994522 0.0466965 
vn -0.0879211 0.994522 0.0565338 
vn -0.0812934 0.994522 0.0657084 
vn -0.0737125 0.994522 0.0741125 
vn -0.0652674 0.994522 0.0816478 
vn -0.0560571 0.994522 0.0882258 
vn -0.0461896 0.994522 0.0937695 
vn -0.0357806 0.994522 0.0982138 
vn -0.0249521 0.994522 0.101507 
vn -0.013831 0.994522 0.103609 
vn -0.00254778 0.994522 0.104497 
vn 0.00876531 0.994522 0.10416 
vn 0.0199756 0.994522 0.102602 
vn 0.0309518 0.994522 0.0998408 
vn 0.041565 0.994522 0.0959091 
vn 0.051691 0.994522 0.0908529 
vn 0.0612109 0.994522 0.0847315 
vn 0.0700131 0.994522 0.0776168 
vn 0.0779946 0.994522 0.069592 
vn 0.0850616 0.994522 0.0607514 
vn 0.0911313 0.994522 0.0511985 
vn 0.0961326 0.994522 0.0410453 
vn 0.100007 0.994522 0.0304109 
vn 0.102709 0.994522 0.01942 
vn 0.104206 0.994522 0.00820142 
vn 0.104482 0.994522 -0.00311333 
vn 0.103533 0.994522 -0.0143916 
vn 0.10137 0.994522 -0.0255011 
vn 0.0980187 0.994522 -0.0363117 
vn 0.0935181 0.994522 -0.0466965 
vn 0.0879211 0.994522 -0.0565338 
vn 0.0812934 0.994522 -0.0657084 
vn 0.0737125 0.994522 -0.0741125 
vn 0.0652674 0.994522 -0.0816478 
vn 0.0560571 0.994522 -0.0882258 
vn 0.0461896 0.994522 -0.0937695 
vn 0.0357806 0.994522 -0.0982138 
vn 0.0249521 0.994522 -0.101507 
vn 0.013831 0.994522 -0.103609 
vn 1.23167e-17 1 -5.05171e-16 
usemtl 0.098039_0.098039_0.098039_0.000000_0.000000
o mesh0
f 60//1 1//1 2//1 
f 2//1 3//1 60//1 
f 3//1 4//1 60//1 
f 4//1 5//1 60//1 
f 5//1 6//1 60//1 
f 6//1 7//1 60//1 
f 7//1 8//1 60//1 
f 8//1 9//1 60//1 
f 9//1 10//1 60//1 
f 10//1 11//1 60//1 
f 11//1 12//1 60//1 
f 12//1 13//1 60//1 
f 13//1 14//1 60//1 
f 14//1 15//1 60//1 
f 15//1 16//1 60//1 
f 16//1 17//1 60//1 
f 17//1 18//1 60//1 
f 18//1 19//1 60//1 
f 19//1 20//1 60//1 
f 20//1 21//1 60//1 
f 21//1 22//1 60//1 
f 22//1 23//1 60//1 
f 23//1 24//1 60//1 
f 24//1 25//1 60//1 
f 25//1 26//1 60//1 
f 26//1 27//1 60//1 
f 27//1 28//1 60//1 
f 28//1 29//1 60//1 
f 29//1 30//1 60//1 
f 30//1 31//1 60//1 
f 31//1 32//1 60//1 
f 32//1 33//1 60//1 
f 33//1 34//1 60//1 
f 34//1 35//1 60//1 
f 35//1 36//1 60//1 
f 36//1 37//1 60//1 
f 37//1 38//1 60//1 
f 38//1 39//1 60//1 
f 39//1 40//1 60//1 
f 40//1 41//1 60//1 
f 41//1 42//1 60//1 
f 42//1 43//1 60//1 
f 43//1 44//1 60//1 
f 44//1 45//1 60//1 
f 45//1 46//1 60//1 
f 46//1 47//1 60//1 
f 47//1 48//1 60//1 
f 48//1 49//1 60//1 
f 49//1 50//1 60//1 
f 50//1 51//1 60//1 
f 51//1 52//1 60//1 
f 52//1 53//1 60//1 
f 53//1 54//1 60//1 
f 54//1 55//1 60//1 
f 55//1 56//1 60//1 
f 56//1 57//1 60//1 
f 57//1 58//1 60//1 
f 58//1 59//1 60//1 
f 59//1 1//1 60//1 
o mesh1
f 177//2 61//3 62//4 
f 62//4 178//5 177//2 
f 178//5 63//6 64//7 
f 64//7 179//8 178//5 
f 179//8 65//9 66//10 
f 66//10 180//11 179//8 
f 180//11 67//12 68//13 
f 68//13 181//14 180//11 
f 181//14 69//15 70//16 
f 70//16 182//17 181//14 
f 182//17 71//18 72//19 
f 72//19 183//20 182//17 
f 183//20 73//21 74//22 
f 74//22 184//23 183//20 
f 184//23 75//24 76//25 
f 76//25 185//26 184//23 
f 185//26 77//27 78//28 
f 78//28 186//29 185//26 
f 186//29 79//30 80//31 
f 80//31 187//32 186//29 
f 187//32 81//33 82//34 
f 82//34 188//35 187//32 
f 188//35 83//36 84//37 
f 84//37 189//38 188//35 
f 189//38 85//39 86//40 
f 86//40 190//41 189//38 
f 190//41 87//42 88//43 
f 88//43 191//44 190//41 
f 191//44 89//45 90//46 
f 90//46 192//47 191//44 
f 192//47 91//48 92//49 
f 92//49 193//50 192//47 
f 193//50 93//51 94//52 
f 94//52 194//53 193//50 
f 194//53 95//54 96//55 
f 96//55 195//56 194//53 
f 195//56 97//57 98//58 
f 98//58 196//59 195//56 
f 196//59 99//60 100//61 
f 100//61 197//62 196//59 
f 197//62 101//63 102//64 
f 102//64 198//65 197//62 
f 198//65 103//66 104//67 
f 104//67 199//68 198//65 
f 199//68 105//69 106//70 
f 106//70 200//71 199//68 
f 200//71 107//72 108//73 
f 108//73 201//74 200//71 
f 201//74 109//75 110//76 
f 110//76 202//77 201//74 
f 202//77 111//78 112//79 
f 112//79 203//80 202//77 
f 203//80 113//81 114//82 
f 114//82 204//83 203//80 
f 204//83 115//84 116//85 
f 116//85 205//86 204//83 
f 205//86 117//87 118//88 
f 118//88 206//89 205//86 
f 206//89 119//90 120//91 
f 120//91 207//92 206//89 
f 207//92 121//93 122//94 
f 122//94 208//95 207//92 
f 208//95 123//96 124//97 
f 124//97 209//98 208//95 
f 209//98 125//99 126//100 
f 126//100 210//101 209//98 
f 210//101 127//102 128//103 
f 128//103 211//104 210//101 
f 211//104 129//105 130//106 
f 130//106 212//107 211//104 
f 212//107 131//108 132//109 
f 132//109 213//110 212//107 
f 213//110 133//111 134//112 
f 134//112 214//113 213//110 
f 214//113 135//114 136//115 
f 136//115 215//116 214//113 
f 215//116 137//117 138//118 
f 138//118 216//119 215//116 
f 216//119 139//120 140//121 
f 140//121 217//122 216//119 
f 217//122 141//123 142//124 
f 142//124 218//125 217//122 
f 218//125 143//126 144//127 
f 144//127 219//128 218//125 
f 219//128 145//129 146//130 
f 146//130 220//131 219//128 
f 220//131 147//132 148//133 
f 148//133 221//134 220//131 
f 221//134 149//135 150//136 
f 150//136 222//137 221//134 
f 222//137 151//138 152//139 
f 152//139 223//140 222//137 
f 223//140 153//141 154//142 
f 154//142 224//143 223//140 
f 224//143 155//144 156//145 
f 156//145 225//146 224//143 
f 225//146 157//147 158//148 
f 158//148 226//149 225//146 
f 226//149 159//150 160//151 
f 160//151 227//152 226//149 
f 227//152 161//153 162//154 
f 162//154 228//155 227//152 
f 228//155 163//156 164//157 
f 164//157 229//158 228//155 
f 229//158 165//159 166//160 
f 166//160 230//161 229//158 
f 230//161 167//162 168//163 
f 168//163 231//164 230//161 
f 231//164 169//165 170//166 
f 170//166 232//167 231//164 
f 232//167 171//168 172//169 
f 172//169 233//170 232//167 
f 233//170 173//171 174//172 
f 174//172 234//173 233//170 
f 234//173 175//174 176//175 
f 176//175 177//2 234//173 
f 235//176 177//2 178//5 
f 236//177 178//5 179//8 
f 237//178 179//8 180//11 
f 238//179 180//11 181//14 
f 239//180 181//14 182//17 
f 240//181 182//17 183//20 
f 241//182 183//20 184//23 
f 242//183 184//23 185//26 
f 243//184 185//26 186//29 
f 244//185 186//29 187//32 
f 245//186 187//32 188//35 
f 246//187 188//35 189//38 
f 247//188 189//38 190//41 
f 248//189 190//41 191//44 
f 249//190 191//44 192//47 
f 250//191 192//47 193//50 
f 251//192 193//50 194//53 
f 252//193 194//53 195//56 
f 253//194 195//56 196//59 
f 254//195 196//59 197//62 
f 255//196 197//62 198//65 
f 256//197 198//65 199//68 
f 257//198 199//68 200//71 
f 258//199 200//71 201//74 
f 259//200 201//74 202//77 
f 260//201 202//77 203//80 
f 261//202 203//80 204//83 
f 262//203 204//83 205//86 
f 263//204 205//86 206//89 
f 264//205 206//89 207//92 
f 265//206 207//92 208//95 
f 266//207 208//95 209//98 
f 267//208 209//98 210//101 
f 268//209 210//101 211//104 
f 269//210 211//104 212//107 
f 270//211 212//107 213//110 
f 271//212 213//110 214//113 
f 272//213 214//113 215//116 
f 273//214 215//116 216//119 
f 274//215 216//119 217//122 
f 275//216 217//122 218//125 
f 276//217 218//125 219//128 
f 277//218 219//128 220//131 
f 278//219 220//131 221//134 
f 279//220 221//134 222//137 
f 280//221 222//137 223//140 
f 281//222 223//140 224//143 
f 282//223 224//143 225//146 
f 283//224 225//146 226//149 
f 284//225 226//149 227//152 
f 285//226 227//152 228//155 
f 286//227 228//155 229//158 
f 287//228 229//158 230//161 
f 288//229 230//161 231//164 
f 289//230 231//164 232//167 
f 290//231 232//167 233//170 
f 291//232 233//170 234//173 
f 292//233 234//173 177//2 
f 293//234 235//176 236//177 
f 294//235 236//177 237//178 
f 295//236 237//178 238//179 
f 296//237 238//179 239//180 
f 297//238 239//180 240//181 
f 298//239 240//181 241//182 
f 299//240 241//182 242//183 
f 300//241 242//183 243//184 
f 301//242 243//184 244//185 
f 302//243 244//185 245//186 
f 303//244 245//186 246//187 
f 304//245 246//187 247//188 
f 305//246 247//188 248//189 
f 306//247 248//189 249//190 
f 307//248 249//190 250//191 
f 308//249 250//191 251//192 
f 309//250 251//192 252//193 
f 310//251 252//193 253//194 
f 311//252 253//194 254//195 
f 312//253 254//195 255//196 
f 313//254 255//196 256//197 
f 314//255 256//197 257//198 
f 315//256 257//198 258//199 
f 316//257 258//199 259//200 
f 317//258 259//200 260//201 
f 318//259 260//201 261//202 
f 319//260 261//202 262//203 
f 320//261 262//203 263//204 
f 321//262 263//204 264//205 
f 322//263 264//205 265//206 
f 323//264 265//206 266//207 
f 324//265 266//207 267//208 
f 325//266 267//208 268//209 
f 326//267 268//209 269//210 
f 327//268 269//210 270//211 
f 328//269 270//211 271//212 
f 329//270 271//212 272//213 
f 330//271 272//213 273//214 
f 331//272 273//214 274//215 
f 332//273 274//215 275//216 
f 333//274 275//216 276//217 
f 334//275 276//217 277//218 
f 335//276 277//218 278//219 
f 336//277 278//219 279//220 
f 337//278 279//220 280//221 
f 338//279 280//221 281//222 
f 339//280 281//222 282//223 
f 340//281 282//223 283//224 
f 341//282 283//224 284//225 
f 342//283 284//225 285//226 
f 343//284 285//226 286//227 
f 344//285 286//227 287//228 
f 345//286 287//228 288//229 
f 346//287 288//229 289//230 
f 347//288 289//230 290//231 
f 348//289 290//231 291//232 
f 349//290 291//232 292//233 
f 350//291 292//233 235//176 
f 351//292 293//234 294//235 
f 352//293 294//235 295//236 
f 353//294 295//236 296//237 
f 354//295 296//237 297//238 
f 355//296 297//238 298//239 
f 356//297 298//239 299//240 
f 357//298 299//240 300//241 
f 358//299 300//241 301//242 
f 359//300 301//242 302//243 
f 360//301 302//243 303//244 
f 361//302 303//244 304//245 
f 362//303 304//245 305//246 
f 363//304 305//246 306//247 
f 364//305 306//247 307//248 
f 365//306 307//248 308//249 
f 366//307 308//249 309//250 
f 367//308 309//250 310//251 
f 368//309 310//251 311//252 
f 369//310 311//252 312//253 
f 370//311 312//253 313//254 
f 371//312 313//254 314//255 
f 372//313 314//255 315//256 
f 373//314 315//256 316//257 
f 374//315 316//257 317//258 
f 375//316 317//258 318//259 
f 376//317 318//259 319//260 
f 377//318 319//260 320//261 
f 378//319 320//261 321//262 
f 379//320 321//262 322//263 
f 380//321 322//263 323//264 
f 381//322 323//264 324//265 
f 382//323 324//265 325//266 
f 383//324 325//266 326//267 
f 384//325 326//267 327//268 
f 385//326 327//268 328//269 
f 386//327 328//269 329//270 
f 387//328 329//270 330//271 
f 388//329 330//271 331//272 
f 389//330 331//272 332//273 
f 390//331 332//273 333//274 
f 391//332 333//274 334//275 
f 392//333 334//275 335//276 
f 393//334 335//276 336//277 
f 394//335 336//277 337//278 
f 395//336 337//278 338//279 
f 396//337 338//279 339//280 
f 397//338 339//280 340//281 
f 398//339 340//281 341//282 
f 399//340 341//282 342//283 
f 400//341 342//283 343//284 
f 401//342 343//284 344//285 
f 402//343 344//285 345//286 
f 403//344 345//286 346//287 
f 404//345 346//287 347//288 
f 405//346 347//288 348//289 
f 406//347 348//289 349//290 
f 407//348 349//290 350//291 
f 408//349 350//291 293//234 
f 409//350 351//292 352//293 
f 410//351 352//293 353//294 
f 411//352 353//294 354//295 
f 412//353 354//295 355//296 
f 413//354 355//296 356//297 
f 414//355 356//297 357//298 
f 415//356 357//298 358//299 
f 416//357 358//299 359//300 
f 417//358 359//300 360//301 
f 418//359 360//301 361//302 
f 419//360 361//302 362//303 
f 420//361 362//303 363//304 
f 421//362 363//304 364//305 
f 422//363 364//305 365//306 
f 423//364 365//306 366//307 
f 424//365 366//307 367//308 
f 425//366 367//308 368//309 
f 426//367 368//309 369//310 
f 427//368 369//310 370//311 
f 428//369 370//311 371//312 
f 429//370 371//312 372//313 
f 430//371 372//313 373//314 
f 431//372 373//314 374//315 
f 432//373 374//315 375//316 
f 433//374 375//316 376//317 
f 434//375 376//317 377//318 
f 435//376 377//318 378//319 
f 436//377 378//319 379//320 
f 437//378 379//320 380//321 
f 438//379 380//321 381//322 
f 439//380 381//322 382//323 
f 440//381 382//323 383//324 
f 441//382 383//324 384//325 
f 442//383 384//325 385//326 
f 443//384 385//326 386//327 
f 444//385 386//327 387//328 
f 445//386 387//328 388//329 
f 446//387 388//329 389//330 
f 447//388 389//330 390//331 
f 448//389 390//331 391//332 
f 449//390 391//332 392//333 
f 450//391 392//333 393//334 
f 451//392 393//334 394//335 
f 452//393 394//335 395//336 
f 453//394 395//336 396//337 
f 454//395 396//337 397//338 
f 455//396 397//338 398//339 
f 456//397 398//339 399//340 
f 457//398 399//340 400//341 
f 458//399 400//341 401//342 
f 459//400 401//342 402//343 
f 460//401 402//343 403//344 
f 461//402 403//344 404//345 
f 462//403 404//345 405//346 
f 463//404 405//346 406//347 
f 464//405 406//347 407//348 
f 465//406 407//348 408//349 
f 466//407 408//349 351//292 
f 467//408 409//350 410//351 
f 468//409 410//351 411//352 
f 469//410 411//352 412//353 
f 470//411 412//353 413//354 
f 471//412 413//354 414//355 
f 472//413 414//355 415//356 
f 473//414 415//356 416//357 
f 474//415 416//357 417//358 
f 475//416 417//358 418//359 
f 476//417 418//359 419//360 
f 477//418 419//360 420//361 
f 478//419 420//361 421//362 
f 479//420 421//362 422//363 
f 480//421 422//363 423//364 
f 481//422 423//364 424//365 
f 482//423 424//365 425//366 
f 483//424 425//366 426//367 
f 484//425 426//367 427//368 
f 485//426 427//368 428//369 
f 486//427 428//369 429//370 
f 487//428 429//370 430//371 
f 488//429 430//371 431//372 
f 489//430 431//372 432//373 
f 490//431 432//373 433//374 
f 491//432 433//374 434//375 
f 492//433 434//375 435//376 
f 493//434 435//376 436//377 
f 494//435 436//377 437//378 
f 495//436 437//378 438//379 
f 496//437 438//379 439//380 
f 497//438 439//380 440//381 
f 498//439 440//381 441//382 
f 499//440 441//382 442//383 
f 500//441 442//383 443//384 
f 501//442 443//384 444//385 
f 502//443 444//385 445//386 
f 503//444 445//386 446//387 
f 504//445 446//387 447//388 
f 505//446 447//388 448//389 
f 506//447 448//389 449//390 
f 507//448 449//390 450//391 
f 508//449 450//391 451//392 
f 509//450 451//392 452//393 
f 510//451 452//393 453//394 
f 511//452 453//394 454//395 
f 512//453 454//395 455//396 
f 513//454 455//396 456//397 
f 514//455 456//397 457//398 
f 515//456 457//398 458//399 
f 516//457 458//399 459//400 
f 517//458 459//400 460//401 
f 518//459 460//401 461//402 
f 519//460 461//402 462//403 
f 520//461 462//403 463//404 
f 521//462 463//404 464//405 
f 522//463 464//405 465//406 
f 523//464 465//406 466//407 
f 524//465 466//407 409//350 
f 525//466 467//408 468//409 
f 526//467 468//409 469//410 
f 527//468 469//410 470//411 
f 528//469 470//411 471//412 
f 529//470 471//412 472//413 
f 530//471 472//413 473//414 
f 531//472 473//414 474//415 
f 532//473 474//415 475//416 
f 533//474 475//416 476//417 
f 534//475 476//417 477//418 
f 535//476 477//418 478//419 
f 536//477 478//419 479//420 
f 537//478 479//420 480//421 
f 538//479 480//421 481//422 
f 539//480 481//422 482//423 
f 540//481 482//423 483//424 
f 541//482 483//424 484//425 
f 542//483 484//425 485//426 
f 543//484 485//426 486//427 
f 544//485 486//427 487//428 
f 545//486 487//428 488//429 
f 546//487 488//429 489//430 
f 547//488 489//430 490//431 
f 548//489 490//431 491//432 
f 549//490 491//432 492//433 
f 550//491 492//433 493//434 
f 551//492 493//434 494//435 
f 552//493 494//435 495//436 
f 553//494 495//436 496//437 
f 554//495 496//437 497//438 
f 555//496 497//438 498//439 
f 556//497 498//439 499//440 
f 557//498 499//440 500//441 
f 558//499 500//441 501//442 
f 559//500 501//442 502//443 
f 560//501 502//443 503//444 
f 561//502 503//444 504//445 
f 562//503 504//445 505//446 
f 563//504 505//446 506//447 
f 564//505 506//447 507//448 
f 565//506 507//448 508//449 
f 566//507 508//449 509//450 
f 567//508 509//450 510//451 
f 568//509 510//451 511//452 
f 569//510 511//452 512//453 
f 570//511 512//453 513//454 
f 571//512 513//454 514//455 
f 572//513 514//455 515//456 
f 573//514 515//456 516//457 
f 574//515 516//457 517//458 
f 575//516 517//458 518//459 
f 576//517 518//459 519//460 
f 577//518 519//460 520//461 
f 578//519 520//461 521//462 
f 579//520 521//462 522//463 
f 580//521 522//463 523//464 
f 581//522 523//464 524//465 
f 582//523 524//465 467//408 
f 583//524 525//466 526//467 
f 584//525 526//467 527//468 
f 585//526 527//468 528//469 
f 586//527 528//469 529//470 
f 587//528 529//470 530//471 
f 588//529 530//471 531//472 
f 589//530 531//472 532//473 
f 590//531 532//473 533//474 
f 591//532 533//474 534//475 
f 592//533 534//475 535//476 
f 593//534 535//476 536//477 
f 594//535 536//477 537//478 
f 595//536 537//478 538//479 
f 596//537 538//479 539//480 
f 597//538 539//480 540//481 
f 598//539 540//481 541//482 
f 599//540 541//482 542//483 
f 600//541 542//483 543//484 
f 601//542 543//484 544//485 
f 602//543 544//485 545//486 
f 603//544 545//486 546//487 
f 604//545 546//487 547//488 
f 605//546 547//488 548//489 
f 606//547 548//489 549//490 
f 607//548 549//490 550//491 
f 608//549 550//491 551//492 
f 609//550 551//492 552//493 
f 610//551 552//493 553//494 
f 611//552 553//494 554//495 
f 612//553 554//495 555//496 
f 613//554 555//496 556//497 
f 614//555 556//497 557//498 
f 615//556 557//498 558//499 
f 616//557 558//499 559//500 
f 617//558 559//500 560//501 
f 618//559 560//501 561//502 
f 619//560 561//502 562//503 
f 620//561 562//503 563//504 
f 621//562 563//504 564//505 
f 622//563 564//505 565//506 
f 623//564 565//506 566//507 
f 624//565 566//507 567//508 
f 625//566 567//508 568//509 
f 626//567 568//509 569//510 
f 627//568 569//510 570//511 
f 628//569 570//511 571//512 
f 629//570 571//512 572//513 
f 630//571 572//513 573//514 
f 631//572 573//514 574//515 
f 632//573 574//515 575//516 
f 633//574 575//516 576//517 
f 634//575 576//517 577//518 
f 635//576 577//518 578//519 
f 636//577 578//519 579//520 
f 637//578 579//520 580//521 
f 638//579 580//521 581//522 
f 639//580 581//522 582//523 
f 640//581 582//523 525//466 
f 641//582 583//524 584//525 
f 642//583 584//525 585//526 
f 643//584 585//526 586//527 
f 644//585 586//527 587//528 
f 645//586 587//528 588//529 
f 646//587 588//529 589//530 
f 647//588 589//530 590//531 
f 648//589 590//531 591//532 
f 649//590 591//532 592//533 
f 650//591 592//533 593//534 
f 651//592 593//534 594//535 
f 652//593 594//535 595//536 
f 653//594 595//536 596//537 
f 654//595 596//537 597//538 
f 655//596 597//538 598//539 
f 656//597 598//539 599//540 
f 657//598 599//540 600//541 
f 658//599 600//541 601//542 
f 659//600 601//542 602//543 
f 660//601 602//543 603//544 
f 661//602 603//544 604//545 
f 662//603 604//545 605//546 
f 663//604 605//546 606//547 
f 664//605 606//547 607//548 
f 665//606 607//548 608//549 
f 666//607 608//549 609//550 
f 667//608 609//550 610//551 
f 668//609 610//551 611//552 
f 669//610 611//552 612//553 
f 670//611 612//553 613//554 
f 671//612 613//554 614//555 
f 672//613 614//555 615//556 
f 673//614 615//556 616//557 
f 674//615 616//557 617//558 
f 675//616 617//558 618//559 
f 676//617 618//559 619//560 
f 677//618 619//560 620//561 
f 678//619 620//561 621//562 
f 679//620 621//562 622//563 
f 680//621 622//563 623//564 
f 681//622 623//564 624//565 
f 682//623 624//565 625//566 
f 683//624 625//566 626//567 
f 684//625 626//567 627//568 
f 685//626 627//568 628//569 
f 686//627 628//569 629//570 
f 687//628 629//570 630//571 
f 688//629 630//571 631//572 
f 689//630 631//572 632//573 
f 690//631 632//573 633//574 
f 691//632 633//574 634//575 
f 692//633 634//575 635//576 
f 693//634 635//576 636//577 
f 694//635 636//577 637//578 
f 695//636 637//578 638//579 
f 696//637 638//579 639//580 
f 697//638 639//580 640//581 
f 698//639 640//581 583//524 
f 699//640 641//582 642//583 
f 700//641 642//583 643//584 
f 701//642 643//584 644//585 
f 702//643 644//585 645//586 
f 703//644 645//586 646//587 
f 704//645 646//587 647//588 
f 705//646 647//588 648//589 
f 706//647 648//589 649//590 
f 707//648 649//590 650//591 
f 708//649 650//591 651//592 
f 709//650 651//592 652//593 
f 710//651 652//593 653//594 
f 711//652 653//594 654//595 
f 712//653 654//595 655//596 
f 713//654 655//596 656//597 
f 714//655 656//597 657//598 
f 715//656 657//598 658//599 
f 716//657 658//599 659//600 
f 717//658 659//600 660//601 
f 718//659 660//601 661//602 
f 719//660 661//602 662//603 
f 720//661 662//603 663//604 
f 721//662 663//604 664//605 
f 722//663 664//605 665//606 
f 723//664 665//606 666//607 
f 724//665 666//607 667//608 
f 725//666 667//608 668//609 
f 726//667 668//609 669//610 
f 727//668 669//610 670//611 
f 728//669 670//611 671//612 
f 729//670 671//612 672//613 
f 730//671 672//613 673//614 
f 731//672 673//614 674//615 
f 732//673 674//615 675//616 
f 733//674 675//616 676//617 
f 734//675 676//617 677//618 
f 735//676 677//618 678//619 
f 736//677 678//619 679//620 
f 737//678 679//620 680//621 
f 738//679 680//621 681//622 
f 739//680 681//622 682//623 
f 740//681 682//623 683//624 
f 741//682 683//624 684//625 
f 742//683 684//625 685//626 
f 743//684 685//626 686//627 
f 744//685 686//627 687//628 
f 745//686 687//628 688//629 
f 746//687 688//629 689//630 
f 747//688 689//630 690//631 
f 748//689 690//631 691//632 
f 749//690 691//632 692//633 
f 750//691 692//633 693//634 
f 751//692 693//634 694//635 
f 752//693 694//635 695//636 
f 753//694 695//636 696//637 
f 754//695 696//637 697//638 
f 755//696 697//638 698//639 
f 756//697 698//639 641//582 
f 757//698 699//640 700//641 
f 758//699 700//641 701//642 
f 759//700 701//642 702//643 
f 760//701 702//643 703//644 
f 761//702 703//644 704//645 
f 762//703 704//645 705//646 
f 763//704 705//646 706//647 
f 764//705 706//647 707//648 
f 765//706 707//648 708//649 
f 766//707 708//649 709//650 
f 767//708 709//650 710//651 
f 768//709 710//651 711//652 
f 769//710 711//652 712//653 
f 770//711 712//653 713//654 
f 771//712 713//654 714//655 
f 772//713 714//655 715//656 
f 773//714 715//656 716//657 
f 774//715 716//657 717//658 
f 775//716 717//658 718//659 
f 776//717 718//659 719//660 
f 777//718 719//660 720//661 
f 778//719 720//661 721//662 
f 779//720 721//662 722//663 
f 780//721 722//663 723//664 
f 781//722 723//664 724//665 
f 782//723 724//665 725//666 
f 783//724 725//666 726//667 
f 784//725 726//667 727//668 
f 785//726 727//668 728//669 
f 786//727 728//669 729//670 
f 787//728 729//670 730//671 
f 788//729 730//671 731//672 
f 789//730 731//672 732//673 
f 790//731 732//673 733//674 
f 791//732 733//674 734//675 
f 792//733 734//675 735//676 
f 793//734 735//676 736//677 
f 794//735 736//677 737//678 
f 795//736 737//678 738//679 
f 796//737 738//679 739//680 
f 797//738 739//680 740//681 
f 798//739 740//681 741//682 
f 799//740 741//682 742//683 
f 800//741 742//683 743//684 
f 801//742 743//684 744//685 
f 802//743 744//685 745//686 
f 803//744 745//686 746//687 
f 804//745 746//687 747//688 
f 805//746 747//688 748//689 
f 806//747 748//689 749//690 
f 807//748 749//690 750//691 
f 808//749 750//691 751//692 
f 809//750 751//692 752//693 
f 810//751 752//693 753//694 
f 811//752 753//694 754//695 
f 812//753 754//695 755//696 
f 813//754 755//696 756//697 
f 814//755 756//697 699//640 
f 815//756 757//698 758//699 
f 816//757 758//699 759//700 
f 817//758 759//700 760//701 
f 818//759 760//701 761//702 
f 819//760 761//702 762//703 
f 820//761 762//703 763//704 
f 821//762 763//704 764//705 
f 822//763 764//705 765//706 
f 823//764 765//706 766//707 
f 824//765 766//707 767//708 
f 825//766 767//708 768//709 
f 826//767 768//709 769//710 
f 827//768 769//710 770//711 
f 828//769 770//711 771//712 
f 829//770 771//712 772//713 
f 830//771 772//713 773//714 
f 831//772 773//714 774//715 
f 832//773 774//715 775//716 
f 833//774 775//716 776//717 
f 834//775 776//717 777//718 
f 835//776 777//718 778//719 
f 836//777 778//719 779//720 
f 837//778 779//720 780//721 
f 838//779 780//721 781//722 
f 839//780 781//722 782//723 
f 840//781 782//723 783//724 
f 841//782 783//724 784//725 
f 842//783 784//725 785//726 
f 843//784 785//726 786//727 
f 844//785 786//727 787//728 
f 845//786 787//728 788//729 
f 846//787 788//729 789//730 
f 847//788 789//730 790//731 
f 848//789 790//731 791//732 
f 849//790 791//732 792//733 
f 850//791 792//733 793//734 
f 851//792 793//734 794//735 
f 852//793 794//735 795//736 
f 853//794 795//736 796//737 
f 854//795 796//737 797//738 
f 855//796 797//738 798//739 
f 856//797 798//739 799//740 
f 857//798 799//740 800//741 
f 858//799 800//741 801//742 
f 859//800 801//742 802//743 
f 860//801 802//743 803//744 
f 861//802 803//744 804//745 
f 862//803 804//745 805//746 
f 863//804 805//746 806//747 
f 864//805 806//747 807//748 
f 865//806 807//748 808//749 
f 866//807 808//749 809//750 
f 867//808 809//750 810//751 
f 868//809 810//751 811//752 
f 869//810 811//752 812//753 
f 870//811 812//753 813//754 
f 871//812 813//754 814//755 
f 872//813 814//755 757//698 
f 873//814 815//756 816//757 
f 874//815 816//757 817//758 
f 875//816 817//758 818//759 
f 876//817 818//759 819//760 
f 877//818 819//760 820//761 
f 878//819 820//761 821//762 
f 879//820 821//762 822//763 
f 880//821 822//763 823//764 
f 881//822 823//764 824//765 
f 882//823 824//765 825//766 
f 883//824 825//766 826//767 
f 884//825 826//767 827//768 
f 885//826 827//768 828//769 
f 886//827 828//769 829//770 
f 887//828 829//770 830//771 
f 888//829 830//771 831//772 
f 889//830 831//772 832//773 
f 890//831 832//773 833//774 
f 891//832 833//774 834//775 
f 892//833 834//775 835//776 
f 893//834 835//776 836//777 
f 894//835 836//777 837//778 
f 895//836 837//778 838//779 
f 896//837 838//779 839//780 
f 897//838 839//780 840//781 
f 898//839 840//781 841//782 
f 899//840 841//782 842//783 
f 900//841 842//783 843//784 
f 901//842 843//784 844//785 
f 902//843 844//785 845//786 
f 903//844 845//786 846//787 
f 904//845 846//787 847//788 
f 905//846 847//788 848//789 
f 906//847 848//789 849//790 
f 907//848 849//790 850//791 
f 908//849 850//791 851//792 
f 909//850 851//792 852//793 
f 910//851 852//793 853//794 
f 911//852 853//794 854//795 
f 912//853 854//795 855//796 
f 913//854 855//796 856//797 
f 914//855 856//797 857//798 
f 915//856 857//798 858//799 
f 916//857 858//799 859//800 
f 917//858 859//800 860//801 
f 918//859 860//801 861//802 
f 919//860 861//802 862//803 
f 920//861 862//803 863//804 
f 921//862 863//804 864//805 
f 922//863 864//805 865//806 
f 923//864 865//806 866//807 
f 924//865 866//807 867//808 
f 925//866 867//808 868//809 
f 926//867 868//809 869//810 
f 927//868 869//810 870//811 
f 928//869 870//811 871//812 
f 929//870 871//812 872//813 
f 930//871 872//813 815//756 
f 931//872 873//814 874//815 
f 932//873 874//815 875//816 
f 933//874 875//816 876//817 
f 934//875 876//817 877//818 
f 935//876 877//818 878//819 
f 936//877 878//819 879//820 
f 937//878 879//820 880//821 
f 938//879 880//821 881//822 
f 939//880 881//822 882//823 
f 940//881 882//823 883//824 
f 941//882 883//824 884//825 
f 942//883 884//825 885//826 
f 943//884 885//826 886//827 
f 944//885 886//827 887//828 
f 945//886 887//828 888//829 
f 946//887 888//829 889//830 
f 947//888 889//830 890//831 
f 948//889 890//831 891//832 
f 949//890 891//832 892//833 
f 950//891 892//833 893//834 
f 951//892 893//834 894//835 
f 952//893 894//835 895//836 
f 953//894 895//836 896//837 
f 954//895 896//837 897//838 
f 955//896 897//838 898//839 
f 956//897 898//839 899//840 
f 957//898 899//840 900//841 
f 958//899 900//841 901//842 
f 959//900 901//842 902//843 
f 960//901 902//843 903//844 
f 961//902 903//844 904//845 
f 962//903 904//845 905//846 
f 963//904 905//846 906//847 
f 964//905 906//847 907//848 
f 965//906 907//848 908//849 
f 966//907 908//849 909//850 
f 967//908 909//850 910//851 
f 968//909 910//851 911//852 
f 969//910 911//852 912//853 
f 970//911 912//853 913//854 
f 971//912 913//854 914//855 
f 972//913 914//855 915//856 
f 973//914 915//856 916//857 
f 974//915 916//857 917//858 
f 975//916 917//858 918//859 
f 976//917 918//859 919//860 
f 977//918 919//860 920//861 
f 978//919 920//861 921//862 
f 979//920 921//862 922//863 
f 980//921 922//863 923//864 
f 981//922 923//864 924//865 
f 982//923 924//865 925//866 
f 983//924 925//866 926//867 
f 984//925 926//867 927//868 
f 985//926 927//868 928//869 
f 986//927 928//869 929//870 
f 987//928 929//870 930//871 
f 988//929 930//871 873//814 
f 29//930 931//872 932//873 
f 30//930 932//873 933//874 
f 31//930 933//874 934//875 
f 32//930 934//875 935//876 
f 33//930 935//876 936//877 
f 34//930 936//877 937//878 
f 35//930 937//878 938//879 
f 36//930 938//879 939//880 
f 37//930 939//880 940//881 
f 38//930 940//881 941//882 
f 39//930 941//882 942//883 
f 40//930 942//883 943//884 
f 41//930 943//884 944//885 
f 42//930 944//885 945//886 
f 43//930 945//886 946//887 
f 44//930 946//887 947//888 
f 45//930 947//888 948//889 
f 46//930 948//889 949//890 
f 47//930 949//890 950//891 
f 48//930 950//891 951//892 
f 49//930 951//892 952//893 
f 50//930 952//893 953//894 
f 51//930 953//894 954//895 
f 52//930 954//895 955//896 
f 53//930 955//896 956//897 
f 54//930 956//897 957//898 
f 55//930 957//898 958//899 
f 56//930 958//899 959//900 
f 57//930 959//900 960//901 
f 960//901 961//902 59//930 
f 961//902 1//930 59//930 
f 1//930 961//902 962//903 
f 2//930 962//903 963//904 
f 3//930 963//904 964//905 
f 4//930 964//905 965//906 
f 5//930 965//906 966//907 
f 6//930 966//907 967//908 
f 7//930 967//908 968//909 
f 8//930 968//909 969//910 
f 9//930 969//910 970//911 
f 10//930 970//911 971//912 
f 11//930 971//912 972//913 
f 12//930 972//913 973//914 
f 13//930 973//914 974//915 
f 14//930 974//915 975//916 
f 15//930 975//916 976//917 
f 16//930 976//917 977//918 
f 17//930 977//918 978//919 
f 18//930 978//919 979//920 
f 19//930 979//920 980//921 
f 20//930 980//921 981//922 
f 21//930 981//922 982//923 
f 22//930 982//923 983//924 
f 23//930 983//924 984//925 
f 24//930 984//925 985//926 
f 25//930 985//926 986//927 
f 26//930 986//927 987//928 
f 27//930 987//928 988//929 
f 28//930 988//929 931//872 
f 931//872 29//930 28//930 
f 988//929 28//930 27//930 
f 987//928 27//930 26//930 
f 986//927 26//930 25//930 
f 985//926 25//930 24//930 
f 984//925 24//930 23//930 
f 983//924 23//930 22//930 
f 982//923 22//930 21//930 
f 981//922 21//930 20//930 
f 980//921 20//930 19//930 
f 979//920 19//930 18//930 
f 978//919 18//930 17//930 
f 977//918 17//930 16//930 
f 976//917 16//930 15//930 
f 975//916 15//930 14//930 
f 974//915 14//930 13//930 
f 973//914 13//930 12//930 
f 972//913 12//930 11//930 
f 971//912 11//930 10//930 
f 970//911 10//930 9//930 
f 969//910 9//930 8//930 
f 968//909 8//930 7//930 
f 967//908 7//930 6//930 
f 966//907 6//930 5//930 
f 965//906 5//930 4//930 
f 964//905 4//930 3//930 
f 963//904 3//930 2//930 
f 962//903 2//930 1//930 
f 59//930 58//930 960//901 
f 960//901 58//930 57//930 
f 959//900 57//930 56//930 
f 958//899 56//930 55//930 
f 957//898 55//930 54//930 
f 956//897 54//930 53//930 
f 955//896 53//930 52//930 
f 954//895 52//930 51//930 
f 953//894 51//930 50//930 
f 952//893 50//930 49//930 
f 951//892 49//930 48//930 
f 950//891 48//930 47//930 
f 949//890 47//930 46//930 
f 948//889 46//930 45//930 
f 947//888 45//930 44//930 
f 946//887 44//930 43//930 
f 945//886 43//930 42//930 
f 944//885 42//930 41//930 
f 943//884 41//930 40//930 
f 942//883 40//930 39//930 
f 941//882 39//930 38//930 
f 940//881 38//930 37//930 
f 939//880 37//930 36//930 
f 938//879 36//930 35//930 
f 937//878 35//930 34//930 
f 936//877 34//930 33//930 
f 935//876 33//930 32//930 
f 934//875 32//930 31//930 
f 933//874 31//930 30//930 
f 932//873 30//930 29//930 
f 873//814 931//872 988//929 
f 930//871 988//929 987//928 
f 929//870 987//928 986//927 
f 928//869 986//927 985//926 
f 927//868 985//926 984//925 
f 926//867 984//925 983//924 
f 925//866 983//924 982//923 
f 924//865 982//923 981//922 
f 923//864 981//922 980//921 
f 922//863 980//921 979//920 
f 921//862 979//920 978//919 
f 920//861 978//919 977//918 
f 919//860 977//918 976//917 
f 918//859 976//917 975//916 
f 917//858 975//916 974//915 
f 916//857 974//915 973//914 
f 915//856 973//914 972//913 
f 914//855 972//913 971//912 
f 913//854 971//912 970//911 
f 912//853 970//911 969//910 
f 911//852 969//910 968//909 
f 910//851 968//909 967//908 
f 909//850 967//908 966//907 
f 908//849 966//907 965//906 
f 907//848 965//906 964//905 
f 906//847 964//905 963//904 
f 905//846 963//904 962//903 
f 904//845 962//903 961//902 
f 903//844 961//902 960//901 
f 902//843 960//901 959//900 
f 901//842 959//900 958//899 
f 900//841 958//899 957//898 
f 899//840 957//898 956//897 
f 898//839 956//897 955//896 
f 897//838 955//896 954//895 
f 896//837 954//895 953//894 
f 895//836 953//894 952//893 
f 894//835 952//893 951//892 
f 893//834 951//892 950//891 
f 892//833 950//891 949//890 
f 891//832 949//890 948//889 
f 890//831 948//889 947//888 
f 889//830 947//888 946//887 
f 888//829 946//887 945//886 
f 887//828 945//886 944//885 
f 886//827 944//885 943//884 
f 885//826 943//884 942//883 
f 884//825 942//883 941//882 
f 883//824 941//882 940//881 
f 882//823 940//881 939//880 
f 881//822 939//880 938//879 
f 880//821 938//879 937//878 
f 879//820 937//878 936//877 
f 878//819 936//877 935//876 
f 877//818 935//876 934//875 
f 876//817 934//875 933//874 
f 875//816 933//874 932//873 
f 874//815 932//873 931//872 
f 815//756 873//814 930//871 
f 872//813 930//871 929//870 
f 871//812 929//870 928//869 
f 870//811 928//869 927//868 
f 869//810 927//868 926//867 
f 868//809 926//867 925//866 
f 867//808 925//866 924//865 
f 866//807 924//865 923//864 
f 865//806 923//864 922//863 
f 864//805 922//863 921//862 
f 863//804 921//862 920//861 
f 862//803 920//861 919//860 
f 861//802 919//860 918//859 
f 860//801 918//859 917//858 
f 859//800 917//858 916//857 
f 858//799 916//857 915//856 
f 857//798 915//856 914//855 
f 856//797 914//855 913//854 
f 855//796 913//854 912//853 
f 854//795 912//853 911//852 
f 853//794 911//852 910//851 
f 852//793 910//851 909//850 
f 851//792 909//850 908//849 
f 850//791 908//849 907//848 
f 849//790 907//848 906//847 
f 848//789 906//847 905//846 
f 847//788 905//846 904//845 
f 846//787 904//845 903//844 
f 845//786 903//844 902//843 
f 844//785 902//843 901//842 
f 843//784 901//842 900//841 
f 842//783 900//841 899//840 
f 841//782 899//840 898//839 
f 840//781 898//839 897//838 
f 839//780 897//838 896//837 
f 838//779 896//837 895//836 
f 837//778 895//836 894//835 
f 836//777 894//835 893//834 
f 835//776 893//834 892//833 
f 834//775 892//833 891//832 
f 833//774 891//832 890//831 
f 832//773 890//831 889//830 
f 831//772 889//830 888//829 
f 830//771 888//829 887//828 
f 829//770 887//828 886//827 
f 828//769 886//827 885//826 
f 827//768 885//826 884//825 
f 826//767 884//825 883//824 
f 825//766 883//824 882//823 
f 824//765 882//823 881//822 
f 823//764 881//822 880//821 
f 822//763 880//821 879//820 
f 821//762 879//820 878//819 
f 820//761 878//819 877//818 
f 819//760 877//818 876//817 
f 818//759 876//817 875//816 
f 817//758 875//816 874//815 
f 816//757 874//815 873//814 
f 757//698 815//756 872//813 
f 814//755 872//813 871//812 
f 813//754 871//812 870//811 
f 812//753 870//811 869//810 
f 811//752 869//810 868//809 
f 810//751 868//809 867//808 
f 809//750 867//808 866//807 
f 808//749 866//807 865//806 
f 807//748 865//806 864//805 
f 806//747 864//805 863//804 
f 805//746 863//804 862//803 
f 804//745 862//803 861//802 
f 803//744 861//802 860//801 
f 802//743 860//801 859//800 
f 801//742 859//800 858//799 
f 800//741 858//799 857//798 
f 799//740 857//798 856//797 
f 798//739 856//797 855//796 
f 797//738 855//796 854//795 
f 796//737 854//795 853//794 
f 795//736 853//794 852//793 
f 794//735 852//793 851//792 
f 793//734 851//792 850//791 
f 792//733 850//791 849//790 
f 791//732 849//790 848//789 
f 790//731 848//789 847//788 
f 789//730 847//788 846//787 
f 788//729 846//787 845//786 
f 787//728 845//786 844//785 
f 786//727 844//785 843//784 
f 785//726 843//784 842//783 
f 784//725 842//783 841//782 
f 783//724 841//782 840//781 
f 782//723 840//781 839//780 
f 781//722 839//780 838//779 
f 780//721 838//779 837//778 
f 779//720 837//778 836//777 
f 778//719 836//777 835//776 
f 777//718 835//776 834//775 
f 776//717 834//775 833//774 
f 775//716 833//774 832//773 
f 774//715 832//773 831//772 
f 773//714 831//772 830//771 
f 772//713 830//771 829//770 
f 771//712 829//770 828//769 
f 770//711 828//769 827//768 
f 769//710 827//768 826//767 
f 768//709 826//767 825//766 
f 767//708 825//766 824//765 
f 766//707 824//765 823//764 
f 765//706 823//764 822//763 
f 764//705 822//763 821//762 
f 763//704 821//762 820//761 
f 762//703 820//761 819//760 
f 761//702 819//760 818//759 
f 760//701 818//759 817//758 
f 759//700 817//758 816//757 
f 758//699 816//757 815//756 
f 699//640 757//698 814//755 
f 756//697 814//755 813//754 
f 755//696 813//754 812//753 
f 754//695 812//753 811//752 
f 753//694 811//752 810//751 
f 752//693 810//751 809//750 
f 751//692 809//750 808//749 
f 750//691 808//749 807//748 
f 749//690 807//748 806//747 
f 748//689 806//747 805//746 
f 747//688 805//746 804//745 
f 746//687 804//745 803//744 
f 745//686 803//744 802//743 
f 744//685 802//743 801//742 
f 743//684 801//742 800//741 
f 742//683 800//741 799//740 
f 741//682 799//740 798//739 
f 740//681 798//739 797//738 
f 739//680 797//738 796//737 
f 738//679 796//737 795//736 
f 737//678 795//736 794//735 
f 736//677 794//735 793//734 
f 735//676 793//734 792//733 
f 734//675 792//733 791//732 
f 733//674 791//732 790//731 
f 732//673 790//731 789//730 
f 731//672 789//730 788//729 
f 730//671 788//729 787//728 
f 729//670 787//728 786//727 
f 728//669 786//727 785//726 
f 727//668 785//726 784//725 
f 726//667 784//725 783//724 
f 725//666 783//724 782//723 
f 724//665 782//723 781//722 
f 723//664 781//722 780//721 
f 722//663 780//721 779//720 
f 721//662 779//720 778//719 
f 720//661 778//719 777//718 
f 719//660 777//718 776//717 
f 718//659 776//717 775//716 
f 717//658 775//716 774//715 
f 716//657 774//715 773//714 
f 715//656 773//714 772//713 
f 714//655 772//713 771//712 
f 713//654 771//712 770//711 
f 712//653 770//711 769//710 
f 711//652 769//710 768//709 
f 710//651 768//709 767//708 
f 709//650 767//708 766//707 
f 708//649 766//707 765//706 
f 707//648 765//706 764//705 
f 706//647 764//705 763//704 
f 705//646 763//704 762//703 
f 704//645 762//703 761//702 
f 703//644 761//702 760//701 
f 702//643 760//701 759//700 
f 701//642 759//700 758//699 
f 700//641 758//699 757//698 
f 641//582 699//640 756//697 
f 698//639 756//697 755//696 
f 697//638 755//696 754//695 
f 696//637 754//695 753//694 
f 695//636 753//694 752//693 
f 694//635 752//693 751//692 
f 693//634 751//692 750//691 
f 692//633 750//691 749//690 
f 691//632 749//690 748//689 
f 690//631 748//689 747//688 
f 689//630 747//688 746//687 
f 688//629 746//687 745//686 
f 687//628 745//686 744//685 
f 686//627 744//685 743//684 
f 685//626 743//684 742//683 
f 684//625 742//683 741//682 
f 683//624 741//682 740//681 
f 682//623 740//681 739//680 
f 681//622 739//680 738//679 
f 680//621 738//679 737//678 
f 679//620 737//678 736//677 
f 678//619 736//677 735//676 
f 677//618 735//676 734//675 
f 676//617 734//675 733//674 
f 675//616 733//674 732//673 
f 674//615 732//673 731//672 
f 673//614 731//672 730//671 
f 672//613 730//671 729//670 
f 671//612 729//670 728//669 
f 670//611 728//669 727//668 
f 669//610 727//668 726//667 
f 668//609 726//667 725//666 
f 667//608 725//666 724//665 
f 666//607 724//665 723//664 
f 665//606 723//664 722//663 
f 664//605 722//663 721//662 
f 663//604 721//662 720//661 
f 662//603 720//661 719//660 
f 661//602 719//660 718//659 
f 660//601 718//659 717//658 
f 659//600 717//658 716//657 
f 658//599 716//657 715//656 
f 657//598 715//656 714//655 
f 656//597 714//655 713//654 
f 655//596 713//654 712//653 
f 654//595 712//653 711//652 
f 653//594 711//652 710//651 
f 652//593 710//651 709//650 
f 651//592 709//650 708//649 
f 650//591 708//649 707//648 
f 649//590 707//648 706//647 
f 648//589 706//647 705//646 
f 647//588 705//646 704//645 
f 646//587 704//645 703//644 
f 645//586 703//644 702//643 
f 644//585 702//643 701//642 
f 643//584 701//642 700//641 
f 642//583 700//641 699//640 
f 583//524 641//582 698//639 
f 640//581 698//639 697//638 
f 639//580 697//638 696//637 
f 638//579 696//637 695//636 
f 637//578 695//636 694//635 
f 636//577 694//635 693//634 
f 635//576 693//634 692//633 
f 634//575 692//633 691//632 
f 633//574 691//632 690//631 
f 632//573 690//631 689//630 
f 631//572 689//630 688//629 
f 630//571 688//629 687//628 
f 629//570 687//628 686//627 
f 628//569 686//627 685//626 
f 627//568 685//626 684//625 
f 626//567 684//625 683//624 
f 625//566 683//624 682//623 
f 624//565 682//623 681//622 
f 623//564 681//622 680//621 
f 622//563 680//621 679//620 
f 621//562 679//620 678//619 
f 620//561 678//619 677//618 
f 619//560 677//618 676//617 
f 618//559 676//617 675//616 
f 617//558 675//616 674//615 
f 616//557 674//615 673//614 
f 615//556 673//614 672//613 
f 614//555 672//613 671//612 
f 613//554 671//612 670//611 
f 612//553 670//611 669//610 
f 611//552 669//610 668//609 
f 610//551 668//609 667//608 
f 609//550 667//608 666//607 
f 608//549 666//607 665//606 
f 607//548 665//606 664//605 
f 606//547 664//605 663//604 
f 605//546 663//604 662//603 
f 604//545 662//603 661//602 
f 603//544 661//602 660//601 
f 602//543 660//601 659//600 
f 601//542 659//600 658//599 
f 600//541 658//599 657//598 
f 599//540 657//598 656//597 
f 598//539 656//597 655//596 
f 597//538 655//596 654//595 
f 596//537 654//595 653//594 
f 595//536 653//594 652//593 
f 594//535 652//593 651//592 
f 593//534 651//592 650//591 
f 592//533 650//591 649//590 
f 591//532 649//590 648//589 
f 590//531 648//589 647//588 
f 589//530 647//588 646//587 
f 588//529 646//587 645//586 
f 587//528 645//586 644//585 
f 586//527 644//585 643//584 
f 585//526 643//584 642//583 
f 584//525 642//583 641//582 
f 525//466 583//524 640//581 
f 582//523 640//581 639//580 
f 581//522 639//580 638//579 
f 580//521 638//579 637//578 
f 579//520 637//578 636//577 
f 578//519 636//577 635//576 
f 577//518 635//576 634//575 
f 576//517 634//575 633//574 
f 575//516 633//574 632//573 
f 574//515 632//573 631//572 
f 573//514 631//572 630//571 
f 572//513 630//571 629//570 
f 571//512 629//570 628//569 
f 570//511 628//569 627//568 
f 569//510 627//568 626//567 
f 568//509 626//567 625//566 
f 567//508 625//566 624//565 
f 566//507 624//565 623//564 
f 565//506 623//564 622//563 
f 564//505 622//563 621//562 
f 563//504 621//562 620//561 
f 562//503 620//561 619//560 
f 561//502 619//560 618//559 
f 560//501 618//559 617//558 
f 559//500 617//558 616//557 
f 558//499 616//557 615//556 
f 557//498 615//556 614//555 
f 556//497 614//555 613//554 
f 555//496 613//554 612//553 
f 554//495 612//553 611//552 
f 553//494 611//552 610//551 
f 552//493 610//551 609//550 
f 551//492 609//550 608//549 
f 550//491 608//549 607//548 
f 549//490 607//548 606//547 
f 548//489 606//547 605//546 
f 547//488 605//546 604//545 
f 546//487 604//545 603//544 
f 545//486 603//544 602//543 
f 544//485 602//543 601//542 
f 543//484 601//542 600//541 
f 542//483 600//541 599//540 
f 541//482 599//540 598//539 
f 540//481 598//539 597//538 
f 539//480 597//538 596//537 
f 538//479 596//537 595//536 
f 537//478 595//536 594//535 
f 536//477 594//535 593//534 
f 535//476 593//534 592//533 
f 534//475 592//533 591//532 
f 533//474 591//532 590//531 
f 532//473 590//531 589//530 
f 531//472 589//530 588//529 
f 530//471 588//529 587//528 
f 529//470 587//528 586//527 
f 528//469 586//527 585//526 
f 527//468 585//526 584//525 
f 526//467 584//525 583//524 
f 467//408 525//466 582//523 
f 524//465 582//523 581//522 
f 523//464 581//522 580//521 
f 522//463 580//521 579//520 
f 521//462 579//520 578//519 
f 520//461 578//519 577//518 
f 519//460 577//518 576//517 
f 518//459 576//517 575//516 
f 517//458 575//516 574//515 
f 516//457 574//515 573//514 
f 515//456 573//514 572//513 
f 514//455 572//513 571//512 
f 513//454 571//512 570//511 
f 512//453 570//511 569//510 
f 511//452 569//510 568//509 
f 510//451 568//509 567//508 
f 509//450 567//508 566//507 
f 508//449 566//507 565//506 
f 507//448 565//506 564//505 
f 506//447 564//505 563//504 
f 505//446 563//504 562//503 
f 504//445 562//503 561//502 
f 503//444 561//502 560//501 
f 502//443 560//501 559//500 
f 501//442 559//500 558//499 
f 500//441 558//499 557//498 
f 499//440 557//498 556//497 
f 498//439 556//497 555//496 
f 497//438 555//496 554//495 
f 496//437 554//495 553//494 
f 495//436 553//494 552//493 
f 494//435 552//493 551//492 
f 493//434 551//492 550//491 
f 492//433 550//491 549//490 
f 491//432 549//490 548//489 
f 490//431 548//489 547//488 
f 489//430 547//488 546//487 
f 488//429 546//487 545//486 
f 487//428 545//486 544//485 
f 486//427 544//485 543//484 
f 485//426 543//484 542//483 
f 484//425 542//483 541//482 
f 483//424 541//482 540//481 
f 482//423 540//481 539//480 
f 481//422 539//480 538//479 
f 480//421 538//479 537//478 
f 479//420 537//478 536//477 
f 478//419 536//477 535//476 
f 477//418 535//476 534//475 
f 476//417 534//475 533//474 
f 475//416 533//474 532//473 
f 474//415 532//473 531//472 
f 473//414 531//472 530//471 
f 472//413 530//471 529//470 
f 471//412 529//470 528//469 
f 470//411 528//469 527//468 
f 469//410 527//468 526//467 
f 468//409 526//467 525//466 
f 409//350 467//408 524//465 
f 466//407 524//465 523//464 
f 465//406 523//464 522//463 
f 464//405 522//463 521//462 
f 463//404 521//462 520//461 
f 462//403 520//461 519//460 
f 461//402 519//460 518//459 
f 460//401 518//459 517//458 
f 459//400 517//458 516//457 
f 458//399 516//457 515//456 
f 457//398 515//456 514//455 
f 456//397 514//455 513//454 
f 455//396 513//454 512//453 
f 454//395 512//453 511//452 
f 453//394 511//452 510//451 
f 452//393 510//451 509//450 
f 451//392 509//450 508//449 
f 450//391 508//449 507//448 
f 449//390 507//448 506//447 
f 448//389 506//447 505//446 
f 447//388 505//446 504//445 
f 446//387 504//445 503//444 
f 445//386 503//444 502//443 
f 444//385 502//443 501//442 
f 443//384 501//442 500//441 
f 442//383 500//441 499//440 
f 441//382 499//440 498//439 
f 440//381 498//439 497//438 
f 439//380 497//438 496//437 
f 438//379 496//437 495//436 
f 437//378 495//436 494//435 
f 436//377 494//435 493//434 
f 435//376 493//434 492//433 
f 434//375 492//433 491//432 
f 433//374 491//432 490//431 
f 432//373 490//431 489//430 
f 431//372 489//430 488//429 
f 430//371 488//429 487//428 
f 429//370 487//428 486//427 
f 428//369 486//427 485//426 
f 427//368 485//426 484//425 
f 426//367 484//425 483//424 
f 425//366 483//424 482//423 
f 424//365 482//423 481//422 
f 423//364 481//422 480//421 
f 422//363 480//421 479//420 
f 421//362 479//420 478//419 
f 420//361 478//419 477//418 
f 419//360 477//418 476//417 
f 418//359 476//417 475//416 
f 417//358 475//416 474//415 
f 416//357 474//415 473//414 
f 415//356 473//414 472//413 
f 414//355 472//413 471//412 
f 413//354 471//412 470//411 
f 412//353 470//411 469//410 
f 411//352 469//410 468//409 
f 410//351 468//409 467//408 
f 351//292 409//350 466//407 
f 408//349 466//407 465//406 
f 407//348 465//406 464//405 
f 406//347 464//405 463//404 
f 405//346 463//404 462//403 
f 404//345 462//403 461//402 
f 403//344 461//402 460//401 
f 402//343 460//401 459//400 
f 401//342 459//400 458//399 
f 400//341 458//399 457//398 
f 399//340 457//398 456//397 
f 398//339 456//397 455//396 
f 397//338 455//396 454//395 
f 396//337 454//395 453//394 
f 395//336 453//394 452//393 
f 394//335 452//393 451//392 
f 393//334 451//392 450//391 
f 392//333 450//391 449//390 
f 391//332 449//390 448//389 
f 390//331 448//389 447//388 
f 389//330 447//388 446//387 
f 388//329 446//387 445//386 
f 387//328 445//386 444//385 
f 386//327 444//385 443//384 
f 385//326 443//384 442//383 
f 384//325 442//383 441//382 
f 383//324 441//382 440//381 
f 382//323 440//381 439//380 
f 381//322 439//380 438//379 
f 380//321 438//379 437//378 
f 379//320 437//378 436//377 
f 378//319 436//377 435//376 
f 377//318 435//376 434//375 
f 376//317 434//375 433//374 
f 375//316 433//374 432//373 
f 374//315 432//373 431//372 
f 373//314 431//372 430//371 
f 372//313 430//371 429//370 
f 371//312 429//370 428//369 
f 370//311 428//369 427//368 
f 369//310 427//368 426//367 
f 368//309 426//367 425//366 
f 367//308 425//366 424//365 
f 366//307 424//365 423//364 
f 365//306 423//364 422//363 
f 364//305 422//363 421//362 
f 363//304 421//362 420//361 
f 362//303 420//361 419//360 
f 361//302 419//360 418//359 
f 360//301 418//359 417//358 
f 359//300 417//358 416//357 
f 358//299 416//357 415//356 
f 357//298 415//356 414//355 
f 356//297 414//355 413//354 
f 355//296 413//354 412//353 
f 354//295 412//353 411//352 
f 353//294 411//352 410//351 
f 352//293 410//351 409//350 
f 293//234 351//292 408//349 
f 350//291 408//349 407//348 
f 349//290 407//348 406//347 
f 348//289 406//347 405//346 
f 347//288 405//346 404//345 
f 346//287 404//345 403//344 
f 345//286 403//344 402//343 
f 344//285 402//343 401//342 
f 343//284 401//342 400//341 
f 342//283 400//341 399//340 
f 341//282 399//340 398//339 
f 340//281 398//339 397//338 
f 339//280 397//338 396//337 
f 338//279 396//337 395//336 
f 337//278 395//336 394//335 
f 336//277 394//335 393//334 
f 335//276 393//334 392//333 
f 334//275 392//333 391//332 
f 333//274 391//332 390//331 
f 332//273 390//331 389//330 
f 331//272 389//330 388//329 
f 330//271 388//329 387//328 
f 329//270 387//328 386//327 
f 328//269 386//327 385//326 
f 327//268 385//326 384//325 
f 326//267 384//325 383//324 
f 325//266 383//324 382//323 
f 324//265 382//323 381//322 
f 323//264 381//322 380//321 
f 322//263 380//321 379//320 
f 321//262 379//320 378//319 
f 320//261 378//319 377//318 
f 319//260 377//318 376//317 
f 318//259 376//317 375//316 
f 317//258 375//316 374//315 
f 316//257 374//315 373//314 
f 315//256 373//314 372//313 
f 314//255 372//313 371//312 
f 313//254 371//312 370//311 
f 312//253 370//311 369//310 
f 311//252 369//310 368//309 
f 310//251 368//309 367//308 
f 309//250 367//308 366//307 
f 308//249 366//307 365//306 
f 307//248 365//306 364//305 
f 306//247 364//305 363//304 
f 305//246 363//304 362//303 
f 304//245 362//303 361//302 
f 303//244 361//302 360//301 
f 302//243 360//301 359//300 
f 301//242 359//300 358//299 
f 300//241 358//299 357//298 
f 299//240 357//298 356//297 
f 298//239 356//297 355//296 
f 297//238 355//296 354//295 
f 296//237 354//295 353//294 
f 295//236 353//294 352//293 
f 294//235 352//293 351//292 
f 235//176 293//234 350//291 
f 292//233 350//291 349//290 
f 291//232 349//290 348//289 
f 290//231 348//289 347//288 
f 289//230 347//288 346//287 
f 288//229 346//287 345//286 
f 287//228 345//286 344//285 
f 286//227 344//285 343//284 
f 285//226 343//284 342//283 
f 284//225 342//283 341//282 
f 283//224 341//282 340//281 
f 282//223 340//281 339//280 
f 281//222 339//280 338//279 
f 280//221 338//279 337//278 
f 279//220 337//278 336//277 
f 278//219 336//277 335//276 
f 277//218 335//276 334//275 
f 276//217 334//275 333//274 
f 275//216 333//274 332//273 
f 274//215 332//273 331//272 
f 273//214 331//272 330//271 
f 272//213 330//271 329//270 
f 271//212 329//270 328//269 
f 270//211 328//269 327//268 
f 269//210 327//268 326//267 
f 268//209 326//267 325//266 
f 267//208 325//266 324//265 
f 266//207 324//265 323//264 
f 265//206 323//264 322//263 
f 264//205 322//263 321//262 
f 263//204 321//262 320//261 
f 262//203 320//261 319//260 
f 261//202 319//260 318//259 
f 260//201 318//259 317//258 
f 259//200 317//258 316//257 
f 258//199 316//257 315//256 
f 257//198 315//256 314//255 
f 256//197 314//255 313//254 
f 255//196 313//254 312//253 
f 254//195 312//253 311//252 
f 253//194 311//252 310//251 
f 252//193 310//251 309//250 
f 251//192 309//250 308//249 
f 250//191 308//249 307//248 
f 249//190 307//248 306//247 
f 248//189 306//247 305//246 
f 247//188 305//246 304//245 
f 246//187 304//245 303//244 
f 245//186 303//244 302//243 
f 244//185 302//243 301//242 
f 243//184 301//242 300//241 
f 242//183 300//241 299//240 
f 241//182 299//240 298//239 
f 240//181 298//239 297//238 
f 239//180 297//238 296//237 
f 238//179 296//237 295//236 
f 237//178 295//236 294//235 
f 236//177 294//235 293//234 
f 177//2 235//176 292//233 
f 234//173 292//233 291//232 
f 233//170 291//232 290//231 
f 232//167 290//231 289//230 
f 231//164 289//230 288//229 
f 230//161 288//229 287//228 
f 229//158 287//228 286//227 
f 228//155 286//227 285//226 
f 227//152 285//226 284//225 
f 226//149 284//225 283//224 
f 225//146 283//224 282//223 
f 224//143 282//223 281//222 
f 223//140 281//222 280//221 
f 222//137 280//221 279//220 
f 221//134 279//220 278//219 
f 220//131 278//219 277//218 
f 219//128 277//218 276//217 
f 218//125 276//217 275//216 
f 217//122 275//216 274//215 
f 216//119 274//215 273//214 
f 215//116 273//214 272//213 
f 214//113 272//213 271//212 
f 213//110 271//212 270//211 
f 212//107 270//211 269//210 
f 211//104 269//210 268//209 
f 210//101 268//209 267//208 
f 209//98 267//208 266//207 
f 208//95 266//207 265//206 
f 207//92 265//206 264//205 
f 206//89 264//205 263//204 
f 205//86 263//204 262//203 
f 204//83 262//203 261//202 
f 203//80 261//202 260//201 
f 202//77 260//201 259//200 
f 201//74 259//200 258//199 
f 200//71 258//199 257//198 
f 199//68 257//198 256//197 
f 198//65 256//197 255//196 
f 197//62 255//196 254//195 
f 196//59 254//195 253//194 
f 195//56 253//194 252//193 
f 194//53 252//193 251//192 
f 193//50 251//192 250//191 
f 192//47 250//191 249//190 
f 191//44 249//190 248//189 
f 190//41 248//189 247//188 
f 189//38 247//188 246//187 
f 188//35 246//187 245//186 
f 187//32 245//186 244//185 
f 186//29 244//185 243//184 
f 185//26 243//184 242//183 
f 184//23 242//183 241//182 
f 183//20 241//182 240//181 
f 182//17 240//181 239//180 
f 181//14 239//180 238//179 
f 180//11 238//179 237//178 
f 179//8 237//178 236//177 
f 178//5 236//177 235//176 
f 176//175 61//3 177//2 
f 174//172 175//174 234//173 
f 172//169 173//171 233//170 
f 170//166 171//168 232//167 
f 168//163 169//165 231//164 
f 166//160 167//162 230//161 
f 164//157 165//159 229//158 
f 162//154 163//156 228//155 
f 160//151 161//153 227//152 
f 158//148 159//150 226//149 
f 156//145 157//147 225//146 
f 154//142 155//144 224//143 
f 152//139 153//141 223//140 
f 150//136 151//138 222//137 
f 148//133 149//135 221//134 
f 146//130 147//132 220//131 
f 144//127 145//129 219//128 
f 142//124 143//126 218//125 
f 140//121 141//123 217//122 
f 138//118 139//120 216//119 
f 136//115 137//117 215//116 
f 134//112 135//114 214//113 
f 132//109 133//111 213//110 
f 130//106 131//108 212//107 
f 128//103 129//105 211//104 
f 126//100 127//102 210//101 
f 124//97 125//99 209//98 
f 122//94 123//96 208//95 
f 120//91 121//93 207//92 
f 118//88 119//90 206//89 
f 116//85 117//87 205//86 
f 114//82 115//84 204//83 
f 112//79 113//81 203//80 
f 110//76 111//78 202//77 
f 108//73 109//75 201//74 
f 106//70 107//72 200//71 
f 104//67 105//69 199//68 
f 102//64 103//66 198//65 
f 100//61 101//63 197//62 
f 98//58 99//60 196//59 
f 96//55 97//57 195//56 
f 94//52 95//54 194//53 
f 92//49 93//51 193//50 
f 90//46 91//48 192//47 
f 88//43 89//45 191//44 
f 86//40 87//42 190//41 
f 84//37 85//39 189//38 
f 82//34 83//36 188//35 
f 80//31 81//33 187//32 
f 78//28 79//30 186//29 
f 76//25 77//27 185//26 
f 74//22 75//24 184//23 
f 72//19 73//21 183//20 
f 70//16 71//18 182//17 
f 68//13 69//15 181//14 
f 66//10 67//12 180//11 
f 64//7 65//9 179//8 
f 62//4 63//6 178//5 
o mesh2
f 989//931 64//932 63//933 
f 63//933 990//934 989//931 
f 991//935 66//936 65//937 
f 65//937 989//931 991//935 
f 992//938 68//939 67//940 
f 67//940 991//935 992//938 
f 993//941 70//942 69//943 
f 69//943 992//938 993//941 
f 994//944 72//945 71//946 
f 71//946 993//941 994//944 
f 995//947 74//948 73//949 
f 73//949 994//944 995//947 
f 996//950 76//951 75//952 
f 75//952 995//947 996//950 
f 997//953 78//954 77//955 
f 77//955 996//950 997//953 
f 998//956 80//957 79//958 
f 79//958 997//953 998//956 
f 999//959 82//960 81//961 
f 81//961 998//956 999//959 
f 1000//962 84//963 83//964 
f 83//964 999//959 1000//962 
f 1001//965 86//966 85//967 
f 85//967 1000//962 1001//965 
f 1002//968 88//969 87//970 
f 87//970 1001//965 1002//968 
f 1003//971 90//972 89//973 
f 89//973 1002//968 1003//971 
f 1004//974 92//975 91//976 
f 91//976 1003//971 1004//974 
f 1005//977 94//978 93//979 
f 93//979 1004//974 1005//977 
f 1006//980 96//981 95//982 
f 95//982 1005//977 1006//980 
f 1007//983 98//984 97//985 
f 97//985 1006//980 1007//983 
f 1008//986 100//987 99//988 
f 99//988 1007//983 1008//986 
f 1009//989 102//990 101//991 
f 101//991 1008//986 1009//989 
f 1010//992 104//993 103//994 
f 103//994 1009//989 1010//992 
f 1011//995 106//996 105//997 
f 105//997 1010//992 1011//995 
f 1012//998 108//999 107//1000 
f 107//1000 1011//995 1012//998 
f 1013//1001 110//1002 109//1003 
f 109//1003 1012//998 1013//1001 
f 1014//1004 112//1005 111//1006 
f 111//1006 1013//1001 1014//1004 
f 1015//1007 114//1008 113//1009 
f 113//1009 1014//1004 1015//1007 
f 1016//1010 116//1011 115//1012 
f 115//1012 1015//1007 1016//1010 
f 1017//1013 118//1014 117//1015 
f 117//1015 1016//1010 1017//1013 
f 1018//1016 120//1017 119//1018 
f 119//1018 1017//1013 1018//1016 
f 1019//1019 122//1020 121//1021 
f 121//1021 1018//1016 1019//1019 
f 1020//1022 124//1023 123//1024 
f 123//1024 1019//1019 1020//1022 
f 1021//1025 126//1026 125//1027 
f 125//1027 1020//1022 1021//1025 
f 1022//1028 128//1029 127//1030 
f 127//1030 1021//1025 1022//1028 
f 1023//1031 130//1032 129//1033 
f 129//1033 1022//1028 1023//1031 
f 1024//1034 132//1035 131//1036 
f 131//1036 1023//1031 1024//1034 
f 1025//1037 134//1038 133//1039 
f 133//1039 1024//1034 1025//1037 
f 1026//1040 136//1041 135//1042 
f 135//1042 1025//1037 1026//1040 
f 1027//1043 138//1044 137//1045 
f 137//1045 1026//1040 1027//1043 
f 1028//1046 140//1047 139//1048 
f 139//1048 1027//1043 1028//1046 
f 1029//1049 142//1050 141//1051 
f 141//1051 1028//1046 1029//1049 
f 1030//1052 144//1053 143//1054 
f 143//1054 1029//1049 1030//1052 
f 1031//1055 146//1056 145//1057 
f 145//1057 1030//1052 1031//1055 
f 1032//1058 148//1059 147//1060 
f 147//1060 1031//1055 1032//1058 
f 1033//1061 150//1062 149//1063 
f 149//1063 1032//1058 1033//1061 
f 1034//1064 152//1065 151//1066 
f 151//1066 1033//1061 1034//1064 
f 1035//1067 154//1068 153//1069 
f 153//1069 1034//1064 1035//1067 
f 1036//1070 156//1071 155//1072 
f 155//1072 1035//1067 1036//1070 
f 1037//1073 158//1074 157//1075 
f 157//1075 1036//1070 1037//1073 
f 1038//1076 160//1077 159//1078 
f 159//1078 1037//1073 1038//1076 
f 1039//1079 162//1080 161//1081 
f 161//1081 1038//1076 1039//1079 
f 1040//1082 164//1083 163//1084 
f 163//1084 1039//1079 1040//1082 
f 1041//1085 166//1086 165//1087 
f 165//1087 1040//1082 1041//1085 
f 1042//1088 168//1089 167//1090 
f 167//1090 1041//1085 1042//1088 
f 1043//1091 170//1092 169//1093 
f 169//1093 1042//1088 1043//1091 
f 1044//1094 172//1095 171//1096 
f 171//1096 1043//1091 1044//1094 
f 1045//1097 174//1098 173//1099 
f 173//1099 1044//1094 1045//1097 
f 1046//1100 176//1101 175//1102 
f 175//1102 1045//1097 1046//1100 
f 990//934 62//1103 61//1104 
f 61//1104 1046//1100 990//934 
f 61//1104 176//1101 1046//1100 
f 175//1102 174//1098 1045//1097 
f 173//1099 172//1095 1044//1094 
f 171//1096 170//1092 1043//1091 
f 169//1093 168//1089 1042//1088 
f 167//1090 166//1086 1041//1085 
f 165//1087 164//1083 1040//1082 
f 163//1084 162//1080 1039//1079 
f 161//1081 160//1077 1038//1076 
f 159//1078 158//1074 1037//1073 
f 157//1075 156//1071 1036//1070 
f 155//1072 154//1068 1035//1067 
f 153//1069 152//1065 1034//1064 
f 151//1066 150//1062 1033//1061 
f 149//1063 148//1059 1032//1058 
f 147//1060 146//1056 1031//1055 
f 145//1057 144//1053 1030//1052 
f 143//1054 142//1050 1029//1049 
f 141//1051 140//1047 1028//1046 
f 139//1048 138//1044 1027//1043 
f 137//1045 136//1041 1026//1040 
f 135//1042 134//1038 1025//1037 
f 133//1039 132//1035 1024//1034 
f 131//1036 130//1032 1023//1031 
f 129//1033 128//1029 1022//1028 
f 127//1030 126//1026 1021//1025 
f 125//1027 124//1023 1020//1022 
f 123//1024 122//1020 1019//1019 
f 121//1021 120//1017 1018//1016 
f 119//1018 118//1014 1017//1013 
f 117//1015 116//1011 1016//1010 
f 115//1012 114//1008 1015//1007 
f 113//1009 112//1005 1014//1004 
f 111//1006 110//1002 1013//1001 
f 109//1003 108//999 1012//998 
f 107//1000 106//996 1011//995 
f 105//997 104//993 1010//992 
f 103//994 102//990 1009//989 
f 101//991 100//987 1008//986 
f 99//988 98//984 1007//983 
f 97//985 96//981 1006//980 
f 95//982 94//978 1005//977 
f 93//979 92//975 1004//974 
f 91//976 90//972 1003//971 
f 89//973 88//969 1002//968 
f 87//970 86//966 1001//965 
f 85//967 84//963 1000//962 
f 83//964 82//960 999//959 
f 81//961 80//957 998//956 
f 79//958 78//954 997//953 
f 77//955 76//951 996//950 
f 75//952 74//948 995//947 
f 73//949 72//945 994//944 
f 71//946 70//942 993//941 
f 69//943 68//939 992//938 
f 67//940 66//936 991//935 
f 65//937 64//932 989//931 
f 63//933 62//1103 990//934 
o mesh3
f 1047//1105 1034//1105 1033//1105 
f 1048//1105 1035//1105 1034//1105 
f 1034//1105 1047//1105 1048//1105 
f 1049//1105 1036//1105 1035//1105 
f 1050//1105 1039//1105 1038//1105 
f 1051//1105 1040//1105 1039//1105 
f 1052//1105 1044//1105 1043//1105 
f 1053//1105 1045//1105 1044//1105 
f 1035//1105 1048//1105 1049//1105 
f 1054//1105 1037//1105 1036//1105 
f 1055//1105 1038//1105 1037//1105 
f 1039//1105 1050//1105 1051//1105 
f 1056//1105 1041//1105 1040//1105 
f 1057//1105 1042//1105 1041//1105 
f 1058//1105 1043//1105 1042//1105 
f 1044//1105 1052//1105 1053//1105 
f 1059//1105 1046//1105 1045//1105 
f 1060//1105 990//1105 1046//1105 
f 1061//1105 992//1105 991//1105 
f 1062//1105 993//1105 992//1105 
f 1063//1105 1002//1105 1001//1105 
f 1064//1105 1003//1105 1002//1105 
f 1036//1105 1049//1105 1054//1105 
f 1038//1105 1055//1105 1050//1105 
f 1041//1105 1056//1105 1057//1105 
f 1043//1105 1058//1105 1052//1105 
f 1046//1105 1059//1105 1060//1105 
f 1065//1105 989//1105 990//1105 
f 1066//1105 991//1105 989//1105 
f 992//1105 1061//1105 1062//1105 
f 1067//1105 994//1105 993//1105 
f 1068//1105 995//1105 994//1105 
f 1069//1105 996//1105 995//1105 
f 1070//1105 997//1105 996//1105 
f 1002//1105 1063//1105 1064//1105 
f 1071//1105 1004//1105 1003//1105 
f 1072//1105 1022//1105 1021//1105 
f 1073//1105 1023//1105 1022//1105 
f 1037//1105 1054//1105 1055//1105 
f 1042//1105 1057//1105 1058//1105 
f 990//1105 1060//1105 1065//1105 
f 991//1105 1066//1105 1061//1105 
f 994//1105 1067//1105 1068//1105 
f 996//1105 1069//1105 1070//1105 
f 1003//1105 1064//1105 1071//1105 
f 1074//1105 1005//1105 1004//1105 
f 1075//1105 1006//1105 1005//1105 
f 1076//1105 1007//1105 1006//1105 
f 1077//1105 1010//1105 1009//1105 
f 1078//1105 1011//1105 1010//1105 
f 1079//1105 1018//1105 1017//1105 
f 1022//1105 1072//1105 1073//1105 
f 1080//1105 1024//1105 1023//1105 
f 1040//1105 1051//1105 1056//1105 
f 989//1105 1065//1105 1066//1105 
f 995//1105 1068//1105 1069//1105 
f 1081//1105 998//1105 997//1105 
f 1082//1105 999//1105 998//1105 
f 1083//1105 1000//1105 999//1105 
f 1004//1105 1071//1105 1074//1105 
f 1006//1105 1075//1105 1076//1105 
f 1084//1105 1008//1105 1007//1105 
f 1085//1105 1009//1105 1008//1105 
f 1010//1105 1077//1105 1078//1105 
f 1086//1105 1012//1105 1011//1105 
f 1087//1105 1013//1105 1012//1105 
f 1088//1105 1014//1105 1013//1105 
f 1089//1105 1017//1105 1016//1105 
f 1017//1105 1089//1105 1079//1105 
f 1090//1105 1020//1105 1019//1105 
f 1091//1105 1021//1105 1020//1105 
f 1023//1105 1073//1105 1080//1105 
f 1092//1105 1025//1105 1024//1105 
f 1045//1105 1053//1105 1059//1105 
f 997//1105 1070//1105 1081//1105 
f 999//1105 1082//1105 1083//1105 
f 1093//1105 1001//1105 1000//1105 
f 1005//1105 1074//1105 1075//1105 
f 1008//1105 1084//1105 1085//1105 
f 1011//1105 1078//1105 1086//1105 
f 1013//1105 1087//1105 1088//1105 
f 1079//1105 1094//1105 1018//1105 
f 1095//1105 1019//1105 1018//1105 
f 1020//1105 1090//1105 1091//1105 
f 1024//1105 1080//1105 1092//1105 
f 1096//1105 1026//1105 1025//1105 
f 1097//1105 1027//1105 1026//1105 
f 1098//1105 1028//1105 1027//1105 
f 1099//1105 1029//1105 1028//1105 
f 1100//1105 1030//1105 1029//1105 
f 1101//1105 1031//1105 1030//1105 
f 993//1105 1062//1105 1067//1105 
f 1000//1105 1083//1105 1093//1105 
f 1007//1105 1076//1105 1084//1105 
f 1012//1105 1086//1105 1087//1105 
f 1018//1105 1094//1105 1095//1105 
f 1021//1105 1091//1105 1072//1105 
f 1026//1105 1096//1105 1097//1105 
f 1028//1105 1098//1105 1099//1105 
f 1030//1105 1100//1105 1101//1105 
f 1102//1105 1032//1105 1031//1105 
f 998//1105 1081//1105 1082//1105 
f 1009//1105 1085//1105 1077//1105 
f 1103//1105 1015//1105 1014//1105 
f 1104//1105 1016//1105 1015//1105 
f 1019//1105 1095//1105 1090//1105 
f 1027//1105 1097//1105 1098//1105 
f 1031//1105 1101//1105 1102//1105 
f 1105//1105 1033//1105 1032//1105 
f 1001//1105 1093//1105 1063//1105 
f 1015//1105 1103//1105 1104//1105 
f 1025//1105 1092//1105 1096//1105 
f 1032//1105 1102//1105 1105//1105 
f 1014//1105 1088//1105 1103//1105 
f 1029//1105 1099//1105 1100//1105 
f 1016//1105 1104//1105 1089//1105 
f 1033//1105 1105//1105 1047//1105 
o mesh4
f 1222//1106 1223//1107 1106//1108 
f 1223//1107 1107//1109 1106//1108 
f 1224//1110 1222//1106 1108//1111 
f 1222//1106 1109//1112 1108//1111 
f 1225//1113 1224//1110 1110//1114 
f 1224//1110 1111//1115 1110//1114 
f 1226//1116 1225//1113 1112//1117 
f 1225//1113 1113//1118 1112//1117 
f 1227//1119 1226//1116 1114//1120 
f 1226//1116 1115//1121 1114//1120 
f 1228//1122 1227//1119 1116//1123 
f 1227//1119 1117//1124 1116//1123 
f 1229//1125 1228//1122 1118//1126 
f 1228//1122 1119//1127 1118//1126 
f 1230//1128 1229//1125 1120//1129 
f 1229//1125 1121//1130 1120//1129 
f 1231//1131 1230//1128 1122//1132 
f 1230//1128 1123//1133 1122//1132 
f 1232//1134 1231//1131 1124//1135 
f 1231//1131 1125//1136 1124//1135 
f 1233//1137 1232//1134 1126//1138 
f 1232//1134 1127//1139 1126//1138 
f 1234//1140 1233//1137 1128//1141 
f 1233//1137 1129//1142 1128//1141 
f 1235//1143 1234//1140 1130//1144 
f 1234//1140 1131//1145 1130//1144 
f 1236//1146 1235//1143 1132//1147 
f 1235//1143 1133//1148 1132//1147 
f 1237//1149 1236//1146 1134//1150 
f 1236//1146 1135//1151 1134//1150 
f 1238//1152 1237//1149 1136//1153 
f 1237//1149 1137//1154 1136//1153 
f 1239//1155 1238//1152 1138//1156 
f 1238//1152 1139//1157 1138//1156 
f 1240//1158 1239//1155 1140//1159 
f 1239//1155 1141//1160 1140//1159 
f 1241//1161 1240//1158 1142//1162 
f 1240//1158 1143//1163 1142//1162 
f 1242//1164 1241//1161 1144//1165 
f 1241//1161 1145//1166 1144//1165 
f 1243//1167 1242//1164 1146//1168 
f 1242//1164 1147//1169 1146//1168 
f 1244//1170 1243//1167 1148//1171 
f 1243//1167 1149//1172 1148//1171 
f 1245//1173 1244//1170 1150//1174 
f 1244//1170 1151//1175 1150//1174 
f 1246//1176 1245//1173 1152//1177 
f 1245//1173 1153//1178 1152//1177 
f 1247//1179 1246//1176 1154//1180 
f 1246//1176 1155//1181 1154//1180 
f 1248//1182 1247//1179 1156//1183 
f 1247//1179 1157//1184 1156//1183 
f 1249//1185 1248//1182 1158//1186 
f 1248//1182 1159//1187 1158//1186 
f 1250//1188 1249//1185 1160//1189 
f 1249//1185 1161//1190 1160//1189 
f 1251//1191 1250//1188 1162//1192 
f 1250//1188 1163//1193 1162//1192 
f 1252//1194 1251//1191 1164//1195 
f 1251//1191 1165//1196 1164//1195 
f 1253//1197 1252//1194 1166//1198 
f 1252//1194 1167//1199 1166//1198 
f 1254//1200 1253//1197 1168//1201 
f 1253//1197 1169//1202 1168//1201 
f 1255//1203 1254//1200 1170//1204 
f 1254//1200 1171//1205 1170//1204 
f 1256//1206 1255//1203 1172//1207 
f 1255//1203 1173//1208 1172//1207 
f 1257//1209 1256//1206 1174//1210 
f 1256//1206 1175//1211 1174//1210 
f 1258//1212 1257//1209 1176//1213 
f 1257//1209 1177//1214 1176//1213 
f 1259//1215 1258//1212 1178//1216 
f 1258//1212 1179//1217 1178//1216 
f 1260//1218 1259//1215 1180//1219 
f 1259//1215 1181//1220 1180//1219 
f 1261//1221 1260//1218 1182//1222 
f 1260//1218 1183//1223 1182//1222 
f 1262//1224 1261//1221 1184//1225 
f 1261//1221 1185//1226 1184//1225 
f 1263//1227 1262//1224 1186//1228 
f 1262//1224 1187//1229 1186//1228 
f 1264//1230 1263//1227 1188//1231 
f 1263//1227 1189//1232 1188//1231 
f 1265//1233 1264//1230 1190//1234 
f 1264//1230 1191//1235 1190//1234 
f 1266//1236 1265//1233 1192//1237 
f 1265//1233 1193//1238 1192//1237 
f 1267//1239 1266//1236 1194//1240 
f 1266//1236 1195//1241 1194//1240 
f 1268//1242 1267//1239 1196//1243 
f 1267//1239 1197//1244 1196//1243 
f 1269//1245 1268//1242 1198//1246 
f 1268//1242 1199//1247 1198//1246 
f 1270//1248 1269//1245 1200//1249 
f 1269//1245 1201//1250 1200//1249 
f 1271//1251 1270//1248 1202//1252 
f 1270//1248 1203//1253 1202//1252 
f 1272//1254 1271//1251 1204//1255 
f 1271//1251 1205//1256 1204//1255 
f 1273//1257 1272//1254 1206//1258 
f 1272//1254 1207//1259 1206//1258 
f 1274//1260 1273//1257 1208//1261 
f 1273//1257 1209//1262 1208//1261 
f 1275//1263 1274//1260 1210//1264 
f 1274//1260 1211//1265 1210//1264 
f 1276//1266 1275//1263 1212//1267 
f 1275//1263 1213//1268 1212//1267 
f 1277//1269 1276//1266 1214//1270 
f 1276//1266 1215//1271 1214//1270 
f 1278//1272 1277//1269 1216//1273 
f 1277//1269 1217//1274 1216//1273 
f 1279//1275 1278//1272 1218//1276 
f 1278//1272 1219//1277 1218//1276 
f 1223//1107 1279//1275 1220//1278 
f 1279//1275 1221//1279 1220//1278 
f 1280//1280 1223//1107 1222//1106 
f 1281//1281 1222//1106 1224//1110 
f 1282//1282 1224//1110 1225//1113 
f 1283//1283 1225//1113 1226//1116 
f 1284//1284 1226//1116 1227//1119 
f 1285//1285 1227//1119 1228//1122 
f 1286//1286 1228//1122 1229//1125 
f 1287//1287 1229//1125 1230//1128 
f 1288//1288 1230//1128 1231//1131 
f 1289//1289 1231//1131 1232//1134 
f 1290//1290 1232//1134 1233//1137 
f 1291//1291 1233//1137 1234//1140 
f 1292//1292 1234//1140 1235//1143 
f 1293//1293 1235//1143 1236//1146 
f 1294//1294 1236//1146 1237//1149 
f 1295//1295 1237//1149 1238//1152 
f 1296//1296 1238//1152 1239//1155 
f 1297//1297 1239//1155 1240//1158 
f 1298//1298 1240//1158 1241//1161 
f 1299//1299 1241//1161 1242//1164 
f 1300//1300 1242//1164 1243//1167 
f 1301//1301 1243//1167 1244//1170 
f 1302//1302 1244//1170 1245//1173 
f 1303//1303 1245//1173 1246//1176 
f 1304//1304 1246//1176 1247//1179 
f 1305//1305 1247//1179 1248//1182 
f 1306//1306 1248//1182 1249//1185 
f 1307//1307 1249//1185 1250//1188 
f 1308//1308 1250//1188 1251//1191 
f 1309//1309 1251//1191 1252//1194 
f 1310//1310 1252//1194 1253//1197 
f 1311//1311 1253//1197 1254//1200 
f 1312//1312 1254//1200 1255//1203 
f 1313//1313 1255//1203 1256//1206 
f 1314//1314 1256//1206 1257//1209 
f 1315//1315 1257//1209 1258//1212 
f 1316//1316 1258//1212 1259//1215 
f 1317//1317 1259//1215 1260//1218 
f 1318//1318 1260//1218 1261//1221 
f 1319//1319 1261//1221 1262//1224 
f 1320//1320 1262//1224 1263//1227 
f 1321//1321 1263//1227 1264//1230 
f 1322//1322 1264//1230 1265//1233 
f 1323//1323 1265//1233 1266//1236 
f 1324//1324 1266//1236 1267//1239 
f 1325//1325 1267//1239 1268//1242 
f 1326//1326 1268//1242 1269//1245 
f 1327//1327 1269//1245 1270//1248 
f 1328//1328 1270//1248 1271//1251 
f 1329//1329 1271//1251 1272//1254 
f 1330//1330 1272//1254 1273//1257 
f 1331//1331 1273//1257 1274//1260 
f 1332//1332 1274//1260 1275//1263 
f 1333//1333 1275//1263 1276//1266 
f 1334//1334 1276//1266 1277//1269 
f 1335//1335 1277//1269 1278//1272 
f 1336//1336 1278//1272 1279//1275 
f 1337//1337 1279//1275 1223//1107 
f 1338//1338 1280//1280 1281//1281 
f 1339//1339 1281//1281 1282//1282 
f 1340//1340 1282//1282 1283//1283 
f 1341//1341 1283//1283 1284//1284 
f 1342//1342 1284//1284 1285//1285 
f 1343//1343 1285//1285 1286//1286 
f 1344//1344 1286//1286 1287//1287 
f 1345//1345 1287//1287 1288//1288 
f 1346//1346 1288//1288 1289//1289 
f 1347//1347 1289//1289 1290//1290 
f 1348//1348 1290//1290 1291//1291 
f 1349//1349 1291//1291 1292//1292 
f 1350//1350 1292//1292 1293//1293 
f 1351//1351 1293//1293 1294//1294 
f 1352//1352 1294//1294 1295//1295 
f 1353//1353 1295//1295 1296//1296 
f 1354//1354 1296//1296 1297//1297 
f 1355//1355 1297//1297 1298//1298 
f 1356//1356 1298//1298 1299//1299 
f 1357//1357 1299//1299 1300//1300 
f 1358//1358 1300//1300 1301//1301 
f 1359//1359 1301//1301 1302//1302 
f 1360//1360 1302//1302 1303//1303 
f 1361//1361 1303//1303 1304//1304 
f 1362//1362 1304//1304 1305//1305 
f 1363//1363 1305//1305 1306//1306 
f 1364//1364 1306//1306 1307//1307 
f 1365//1365 1307//1307 1308//1308 
f 1366//1366 1308//1308 1309//1309 
f 1367//1367 1309//1309 1310//1310 
f 1368//1368 1310//1310 1311//1311 
f 1369//1369 1311//1311 1312//1312 
f 1370//1370 1312//1312 1313//1313 
f 1371//1371 1313//1313 1314//1314 
f 1372//1372 1314//1314 1315//1315 
f 1373//1373 1315//1315 1316//1316 
f 1374//1374 1316//1316 1317//1317 
f 1375//1375 1317//1317 1318//1318 
f 1376//1376 1318//1318 1319//1319 
f 1377//1377 1319//1319 1320//1320 
f 1378//1378 1320//1320 1321//1321 
f 1379//1379 1321//1321 1322//1322 
f 1380//1380 1322//1322 1323//1323 
f 1381//1381 1323//1323 1324//1324 
f 1382//1382 1324//1324 1325//1325 
f 1383//1383 1325//1325 1326//1326 
f 1384//1384 1326//1326 1327//1327 
f 1385//1385 1327//1327 1328//1328 
f 1386//1386 1328//1328 1329//1329 
f 1387//1387 1329//1329 1330//1330 
f 1388//1388 1330//1330 1331//1331 
f 1389//1389 1331//1331 1332//1332 
f 1390//1390 1332//1332 1333//1333 
f 1391//1391 1333//1333 1334//1334 
f 1392//1392 1334//1334 1335//1335 
f 1393//1393 1335//1335 1336//1336 
f 1394//1394 1336//1336 1337//1337 
f 1395//1395 1337//1337 1280//1280 
f 1396//1396 1338//1338 1339//1339 
f 1397//1397 1339//1339 1340//1340 
f 1398//1398 1340//1340 1341//1341 
f 1399//1399 1341//1341 1342//1342 
f 1400//1400 1342//1342 1343//1343 
f 1401//1401 1343//1343 1344//1344 
f 1402//1402 1344//1344 1345//1345 
f 1403//1403 1345//1345 1346//1346 
f 1404//1404 1346//1346 1347//1347 
f 1405//1405 1347//1347 1348//1348 
f 1406//1406 1348//1348 1349//1349 
f 1407//1407 1349//1349 1350//1350 
f 1408//1408 1350//1350 1351//1351 
f 1409//1409 1351//1351 1352//1352 
f 1410//1410 1352//1352 1353//1353 
f 1411//1411 1353//1353 1354//1354 
f 1412//1412 1354//1354 1355//1355 
f 1413//1413 1355//1355 1356//1356 
f 1414//1414 1356//1356 1357//1357 
f 1415//1415 1357//1357 1358//1358 
f 1416//1416 1358//1358 1359//1359 
f 1417//1417 1359//1359 1360//1360 
f 1418//1418 1360//1360 1361//1361 
f 1419//1419 1361//1361 1362//1362 
f 1420//1420 1362//1362 1363//1363 
f 1421//1421 1363//1363 1364//1364 
f 1422//1422 1364//1364 1365//1365 
f 1423//1423 1365//1365 1366//1366 
f 1424//1424 1366//1366 1367//1367 
f 1425//1425 1367//1367 1368//1368 
f 1426//1426 1368//1368 1369//1369 
f 1427//1427 1369//1369 1370//1370 
f 1428//1428 1370//1370 1371//1371 
f 1429//1429 1371//1371 1372//1372 
f 1430//1430 1372//1372 1373//1373 
f 1431//1431 1373//1373 1374//1374 
f 1432//1432 1374//1374 1375//1375 
f 1433//1433 1375//1375 1376//1376 
f 1434//1434 1376//1376 1377//1377 
f 1435//1435 1377//1377 1378//1378 
f 1436//1436 1378//1378 1379//1379 
f 1437//1437 1379//1379 1380//1380 
f 1438//1438 1380//1380 1381//1381 
f 1439//1439 1381//1381 1382//1382 
f 1440//1440 1382//1382 1383//1383 
f 1441//1441 1383//1383 1384//1384 
f 1442//1442 1384//1384 1385//1385 
f 1443//1443 1385//1385 1386//1386 
f 1444//1444 1386//1386 1387//1387 
f 1445//1445 1387//1387 1388//1388 
f 1446//1446 1388//1388 1389//1389 
f 1447//1447 1389//1389 1390//1390 
f 1448//1448 1390//1390 1391//1391 
f 1449//1449 1391//1391 1392//1392 
f 1450//1450 1392//1392 1393//1393 
f 1451//1451 1393//1393 1394//1394 
f 1452//1452 1394//1394 1395//1395 
f 1453//1453 1395//1395 1338//1338 
f 1454//1454 1396//1396 1397//1397 
f 1455//1455 1397//1397 1398//1398 
f 1456//1456 1398//1398 1399//1399 
f 1457//1457 1399//1399 1400//1400 
f 1458//1458 1400//1400 1401//1401 
f 1459//1459 1401//1401 1402//1402 
f 1460//1460 1402//1402 1403//1403 
f 1461//1461 1403//1403 1404//1404 
f 1462//1462 1404//1404 1405//1405 
f 1463//1463 1405//1405 1406//1406 
f 1464//1464 1406//1406 1407//1407 
f 1465//1465 1407//1407 1408//1408 
f 1466//1466 1408//1408 1409//1409 
f 1467//1467 1409//1409 1410//1410 
f 1468//1468 1410//1410 1411//1411 
f 1469//1469 1411//1411 1412//1412 
f 1470//1470 1412//1412 1413//1413 
f 1471//1471 1413//1413 1414//1414 
f 1472//1472 1414//1414 1415//1415 
f 1473//1473 1415//1415 1416//1416 
f 1474//1474 1416//1416 1417//1417 
f 1475//1475 1417//1417 1418//1418 
f 1476//1476 1418//1418 1419//1419 
f 1477//1477 1419//1419 1420//1420 
f 1478//1478 1420//1420 1421//1421 
f 1479//1479 1421//1421 1422//1422 
f 1480//1480 1422//1422 1423//1423 
f 1481//1481 1423//1423 1424//1424 
f 1482//1482 1424//1424 1425//1425 
f 1483//1483 1425//1425 1426//1426 
f 1484//1484 1426//1426 1427//1427 
f 1485//1485 1427//1427 1428//1428 
f 1486//1486 1428//1428 1429//1429 
f 1487//1487 1429//1429 1430//1430 
f 1488//1488 1430//1430 1431//1431 
f 1489//1489 1431//1431 1432//1432 
f 1490//1490 1432//1432 1433//1433 
f 1491//1491 1433//1433 1434//1434 
f 1492//1492 1434//1434 1435//1435 
f 1493//1493 1435//1435 1436//1436 
f 1494//1494 1436//1436 1437//1437 
f 1495//1495 1437//1437 1438//1438 
f 1496//1496 1438//1438 1439//1439 
f 1497//1497 1439//1439 1440//1440 
f 1498//1498 1440//1440 1441//1441 
f 1499//1499 1441//1441 1442//1442 
f 1500//1500 1442//1442 1443//1443 
f 1501//1501 1443//1443 1444//1444 
f 1502//1502 1444//1444 1445//1445 
f 1503//1503 1445//1445 1446//1446 
f 1504//1504 1446//1446 1447//1447 
f 1505//1505 1447//1447 1448//1448 
f 1506//1506 1448//1448 1449//1449 
f 1507//1507 1449//1449 1450//1450 
f 1508//1508 1450//1450 1451//1451 
f 1509//1509 1451//1451 1452//1452 
f 1510//1510 1452//1452 1453//1453 
f 1511//1511 1453//1453 1396//1396 
f 1512//1512 1454//1454 1455//1455 
f 1513//1513 1455//1455 1456//1456 
f 1514//1514 1456//1456 1457//1457 
f 1515//1515 1457//1457 1458//1458 
f 1516//1516 1458//1458 1459//1459 
f 1517//1517 1459//1459 1460//1460 
f 1518//1518 1460//1460 1461//1461 
f 1519//1519 1461//1461 1462//1462 
f 1520//1520 1462//1462 1463//1463 
f 1521//1521 1463//1463 1464//1464 
f 1522//1522 1464//1464 1465//1465 
f 1523//1523 1465//1465 1466//1466 
f 1524//1524 1466//1466 1467//1467 
f 1525//1525 1467//1467 1468//1468 
f 1526//1526 1468//1468 1469//1469 
f 1527//1527 1469//1469 1470//1470 
f 1528//1528 1470//1470 1471//1471 
f 1529//1529 1471//1471 1472//1472 
f 1530//1530 1472//1472 1473//1473 
f 1531//1531 1473//1473 1474//1474 
f 1532//1532 1474//1474 1475//1475 
f 1533//1533 1475//1475 1476//1476 
f 1534//1534 1476//1476 1477//1477 
f 1535//1535 1477//1477 1478//1478 
f 1536//1536 1478//1478 1479//1479 
f 1537//1537 1479//1479 1480//1480 
f 1538//1538 1480//1480 1481//1481 
f 1539//1539 1481//1481 1482//1482 
f 1540//1540 1482//1482 1483//1483 
f 1541//1541 1483//1483 1484//1484 
f 1542//1542 1484//1484 1485//1485 
f 1543//1543 1485//1485 1486//1486 
f 1544//1544 1486//1486 1487//1487 
f 1545//1545 1487//1487 1488//1488 
f 1546//1546 1488//1488 1489//1489 
f 1547//1547 1489//1489 1490//1490 
f 1548//1548 1490//1490 1491//1491 
f 1549//1549 1491//1491 1492//1492 
f 1550//1550 1492//1492 1493//1493 
f 1551//1551 1493//1493 1494//1494 
f 1552//1552 1494//1494 1495//1495 
f 1553//1553 1495//1495 1496//1496 
f 1554//1554 1496//1496 1497//1497 
f 1555//1555 1497//1497 1498//1498 
f 1556//1556 1498//1498 1499//1499 
f 1557//1557 1499//1499 1500//1500 
f 1558//1558 1500//1500 1501//1501 
f 1559//1559 1501//1501 1502//1502 
f 1560//1560 1502//1502 1503//1503 
f 1561//1561 1503//1503 1504//1504 
f 1562//1562 1504//1504 1505//1505 
f 1563//1563 1505//1505 1506//1506 
f 1564//1564 1506//1506 1507//1507 
f 1565//1565 1507//1507 1508//1508 
f 1566//1566 1508//1508 1509//1509 
f 1567//1567 1509//1509 1510//1510 
f 1568//1568 1510//1510 1511//1511 
f 1569//1569 1511//1511 1454//1454 
f 1570//1570 1512//1512 1513//1513 
f 1571//1571 1513//1513 1514//1514 
f 1572//1572 1514//1514 1515//1515 
f 1573//1573 1515//1515 1516//1516 
f 1574//1574 1516//1516 1517//1517 
f 1575//1575 1517//1517 1518//1518 
f 1576//1576 1518//1518 1519//1519 
f 1577//1577 1519//1519 1520//1520 
f 1578//1578 1520//1520 1521//1521 
f 1579//1579 1521//1521 1522//1522 
f 1580//1580 1522//1522 1523//1523 
f 1581//1581 1523//1523 1524//1524 
f 1582//1582 1524//1524 1525//1525 
f 1583//1583 1525//1525 1526//1526 
f 1584//1584 1526//1526 1527//1527 
f 1585//1585 1527//1527 1528//1528 
f 1586//1586 1528//1528 1529//1529 
f 1587//1587 1529//1529 1530//1530 
f 1588//1588 1530//1530 1531//1531 
f 1589//1589 1531//1531 1532//1532 
f 1590//1590 1532//1532 1533//1533 
f 1591//1591 1533//1533 1534//1534 
f 1592//1592 1534//1534 1535//1535 
f 1593//1593 1535//1535 1536//1536 
f 1594//1594 1536//1536 1537//1537 
f 1595//1595 1537//1537 1538//1538 
f 1596//1596 1538//1538 1539//1539 
f 1597//1597 1539//1539 1540//1540 
f 1598//1598 1540//1540 1541//1541 
f 1599//1599 1541//1541 1542//1542 
f 1600//1600 1542//1542 1543//1543 
f 1601//1601 1543//1543 1544//1544 
f 1602//1602 1544//1544 1545//1545 
f 1603//1603 1545//1545 1546//1546 
f 1604//1604 1546//1546 1547//1547 
f 1605//1605 1547//1547 1548//1548 
f 1606//1606 1548//1548 1549//1549 
f 1607//1607 1549//1549 1550//1550 
f 1608//1608 1550//1550 1551//1551 
f 1609//1609 1551//1551 1552//1552 
f 1610//1610 1552//1552 1553//1553 
f 1611//1611 1553//1553 1554//1554 
f 1612//1612 1554//1554 1555//1555 
f 1613//1613 1555//1555 1556//1556 
f 1614//1614 1556//1556 1557//1557 
f 1615//1615 1557//1557 1558//1558 
f 1616//1616 1558//1558 1559//1559 
f 1617//1617 1559//1559 1560//1560 
f 1618//1618 1560//1560 1561//1561 
f 1619//1619 1561//1561 1562//1562 
f 1620//1620 1562//1562 1563//1563 
f 1621//1621 1563//1563 1564//1564 
f 1622//1622 1564//1564 1565//1565 
f 1623//1623 1565//1565 1566//1566 
f 1624//1624 1566//1566 1567//1567 
f 1625//1625 1567//1567 1568//1568 
f 1626//1626 1568//1568 1569//1569 
f 1627//1627 1569//1569 1512//1512 
f 1628//1628 1570//1570 1571//1571 
f 1629//1629 1571//1571 1572//1572 
f 1630//1630 1572//1572 1573//1573 
f 1631//1631 1573//1573 1574//1574 
f 1632//1632 1574//1574 1575//1575 
f 1633//1633 1575//1575 1576//1576 
f 1634//1634 1576//1576 1577//1577 
f 1635//1635 1577//1577 1578//1578 
f 1636//1636 1578//1578 1579//1579 
f 1637//1637 1579//1579 1580//1580 
f 1638//1638 1580//1580 1581//1581 
f 1639//1639 1581//1581 1582//1582 
f 1640//1640 1582//1582 1583//1583 
f 1641//1641 1583//1583 1584//1584 
f 1642//1642 1584//1584 1585//1585 
f 1643//1643 1585//1585 1586//1586 
f 1644//1644 1586//1586 1587//1587 
f 1645//1645 1587//1587 1588//1588 
f 1646//1646 1588//1588 1589//1589 
f 1647//1647 1589//1589 1590//1590 
f 1648//1648 1590//1590 1591//1591 
f 1649//1649 1591//1591 1592//1592 
f 1650//1650 1592//1592 1593//1593 
f 1651//1651 1593//1593 1594//1594 
f 1652//1652 1594//1594 1595//1595 
f 1653//1653 1595//1595 1596//1596 
f 1654//1654 1596//1596 1597//1597 
f 1655//1655 1597//1597 1598//1598 
f 1656//1656 1598//1598 1599//1599 
f 1657//1657 1599//1599 1600//1600 
f 1658//1658 1600//1600 1601//1601 
f 1659//1659 1601//1601 1602//1602 
f 1660//1660 1602//1602 1603//1603 
f 1661//1661 1603//1603 1604//1604 
f 1662//1662 1604//1604 1605//1605 
f 1663//1663 1605//1605 1606//1606 
f 1664//1664 1606//1606 1607//1607 
f 1665//1665 1607//1607 1608//1608 
f 1666//1666 1608//1608 1609//1609 
f 1667//1667 1609//1609 1610//1610 
f 1668//1668 1610//1610 1611//1611 
f 1669//1669 1611//1611 1612//1612 
f 1670//1670 1612//1612 1613//1613 
f 1671//1671 1613//1613 1614//1614 
f 1672//1672 1614//1614 1615//1615 
f 1673//1673 1615//1615 1616//1616 
f 1674//1674 1616//1616 1617//1617 
f 1675//1675 1617//1617 1618//1618 
f 1676//1676 1618//1618 1619//1619 
f 1677//1677 1619//1619 1620//1620 
f 1678//1678 1620//1620 1621//1621 
f 1679//1679 1621//1621 1622//1622 
f 1680//1680 1622//1622 1623//1623 
f 1681//1681 1623//1623 1624//1624 
f 1682//1682 1624//1624 1625//1625 
f 1683//1683 1625//1625 1626//1626 
f 1684//1684 1626//1626 1627//1627 
f 1685//1685 1627//1627 1570//1570 
f 1686//1686 1628//1628 1629//1629 
f 1687//1687 1629//1629 1630//1630 
f 1688//1688 1630//1630 1631//1631 
f 1689//1689 1631//1631 1632//1632 
f 1690//1690 1632//1632 1633//1633 
f 1691//1691 1633//1633 1634//1634 
f 1692//1692 1634//1634 1635//1635 
f 1693//1693 1635//1635 1636//1636 
f 1694//1694 1636//1636 1637//1637 
f 1695//1695 1637//1637 1638//1638 
f 1696//1696 1638//1638 1639//1639 
f 1697//1697 1639//1639 1640//1640 
f 1698//1698 1640//1640 1641//1641 
f 1699//1699 1641//1641 1642//1642 
f 1700//1700 1642//1642 1643//1643 
f 1701//1701 1643//1643 1644//1644 
f 1702//1702 1644//1644 1645//1645 
f 1703//1703 1645//1645 1646//1646 
f 1704//1704 1646//1646 1647//1647 
f 1705//1705 1647//1647 1648//1648 
f 1706//1706 1648//1648 1649//1649 
f 1707//1707 1649//1649 1650//1650 
f 1708//1708 1650//1650 1651//1651 
f 1709//1709 1651//1651 1652//1652 
f 1710//1710 1652//1652 1653//1653 
f 1711//1711 1653//1653 1654//1654 
f 1712//1712 1654//1654 1655//1655 
f 1713//1713 1655//1655 1656//1656 
f 1714//1714 1656//1656 1657//1657 
f 1715//1715 1657//1657 1658//1658 
f 1716//1716 1658//1658 1659//1659 
f 1717//1717 1659//1659 1660//1660 
f 1718//1718 1660//1660 1661//1661 
f 1719//1719 1661//1661 1662//1662 
f 1720//1720 1662//1662 1663//1663 
f 1721//1721 1663//1663 1664//1664 
f 1722//1722 1664//1664 1665//1665 
f 1723//1723 1665//1665 1666//1666 
f 1724//1724 1666//1666 1667//1667 
f 1725//1725 1667//1667 1668//1668 
f 1726//1726 1668//1668 1669//1669 
f 1727//1727 1669//1669 1670//1670 
f 1728//1728 1670//1670 1671//1671 
f 1729//1729 1671//1671 1672//1672 
f 1730//1730 1672//1672 1673//1673 
f 1731//1731 1673//1673 1674//1674 
f 1732//1732 1674//1674 1675//1675 
f 1733//1733 1675//1675 1676//1676 
f 1734//1734 1676//1676 1677//1677 
f 1735//1735 1677//1677 1678//1678 
f 1736//1736 1678//1678 1679//1679 
f 1737//1737 1679//1679 1680//1680 
f 1738//1738 1680//1680 1681//1681 
f 1739//1739 1681//1681 1682//1682 
f 1740//1740 1682//1682 1683//1683 
f 1741//1741 1683//1683 1684//1684 
f 1742//1742 1684//1684 1685//1685 
f 1743//1743 1685//1685 1628//1628 
f 1744//1744 1686//1686 1687//1687 
f 1745//1745 1687//1687 1688//1688 
f 1746//1746 1688//1688 1689//1689 
f 1747//1747 1689//1689 1690//1690 
f 1748//1748 1690//1690 1691//1691 
f 1749//1749 1691//1691 1692//1692 
f 1750//1750 1692//1692 1693//1693 
f 1751//1751 1693//1693 1694//1694 
f 1752//1752 1694//1694 1695//1695 
f 1753//1753 1695//1695 1696//1696 
f 1754//1754 1696//1696 1697//1697 
f 1755//1755 1697//1697 1698//1698 
f 1756//1756 1698//1698 1699//1699 
f 1757//1757 1699//1699 1700//1700 
f 1758//1758 1700//1700 1701//1701 
f 1759//1759 1701//1701 1702//1702 
f 1760//1760 1702//1702 1703//1703 
f 1761//1761 1703//1703 1704//1704 
f 1762//1762 1704//1704 1705//1705 
f 1763//1763 1705//1705 1706//1706 
f 1764//1764 1706//1706 1707//1707 
f 1765//1765 1707//1707 1708//1708 
f 1766//1766 1708//1708 1709//1709 
f 1767//1767 1709//1709 1710//1710 
f 1768//1768 1710//1710 1711//1711 
f 1769//1769 1711//1711 1712//1712 
f 1770//1770 1712//1712 1713//1713 
f 1771//1771 1713//1713 1714//1714 
f 1772//1772 1714//1714 1715//1715 
f 1773//1773 1715//1715 1716//1716 
f 1774//1774 1716//1716 1717//1717 
f 1775//1775 1717//1717 1718//1718 
f 1776//1776 1718//1718 1719//1719 
f 1777//1777 1719//1719 1720//1720 
f 1778//1778 1720//1720 1721//1721 
f 1779//1779 1721//1721 1722//1722 
f 1780//1780 1722//1722 1723//1723 
f 1781//1781 1723//1723 1724//1724 
f 1782//1782 1724//1724 1725//1725 
f 1783//1783 1725//1725 1726//1726 
f 1784//1784 1726//1726 1727//1727 
f 1785//1785 1727//1727 1728//1728 
f 1786//1786 1728//1728 1729//1729 
f 1787//1787 1729//1729 1730//1730 
f 1788//1788 1730//1730 1731//1731 
f 1789//1789 1731//1731 1732//1732 
f 1790//1790 1732//1732 1733//1733 
f 1791//1791 1733//1733 1734//1734 
f 1792//1792 1734//1734 1735//1735 
f 1793//1793 1735//1735 1736//1736 
f 1794//1794 1736//1736 1737//1737 
f 1795//1795 1737//1737 1738//1738 
f 1796//1796 1738//1738 1739//1739 
f 1797//1797 1739//1739 1740//1740 
f 1798//1798 1740//1740 1741//1741 
f 1799//1799 1741//1741 1742//1742 
f 1800//1800 1742//1742 1743//1743 
f 1801//1801 1743//1743 1686//1686 
f 1802//1802 1744//1744 1745//1745 
f 1803//1803 1745//1745 1746//1746 
f 1804//1804 1746//1746 1747//1747 
f 1805//1805 1747//1747 1748//1748 
f 1806//1806 1748//1748 1749//1749 
f 1807//1807 1749//1749 1750//1750 
f 1808//1808 1750//1750 1751//1751 
f 1809//1809 1751//1751 1752//1752 
f 1810//1810 1752//1752 1753//1753 
f 1811//1811 1753//1753 1754//1754 
f 1812//1812 1754//1754 1755//1755 
f 1813//1813 1755//1755 1756//1756 
f 1814//1814 1756//1756 1757//1757 
f 1815//1815 1757//1757 1758//1758 
f 1816//1816 1758//1758 1759//1759 
f 1817//1817 1759//1759 1760//1760 
f 1818//1818 1760//1760 1761//1761 
f 1819//1819 1761//1761 1762//1762 
f 1820//1820 1762//1762 1763//1763 
f 1821//1821 1763//1763 1764//1764 
f 1822//1822 1764//1764 1765//1765 
f 1823//1823 1765//1765 1766//1766 
f 1824//1824 1766//1766 1767//1767 
f 1825//1825 1767//1767 1768//1768 
f 1826//1826 1768//1768 1769//1769 
f 1827//1827 1769//1769 1770//1770 
f 1828//1828 1770//1770 1771//1771 
f 1829//1829 1771//1771 1772//1772 
f 1830//1830 1772//1772 1773//1773 
f 1831//1831 1773//1773 1774//1774 
f 1832//1832 1774//1774 1775//1775 
f 1833//1833 1775//1775 1776//1776 
f 1834//1834 1776//1776 1777//1777 
f 1835//1835 1777//1777 1778//1778 
f 1836//1836 1778//1778 1779//1779 
f 1837//1837 1779//1779 1780//1780 
f 1838//1838 1780//1780 1781//1781 
f 1839//1839 1781//1781 1782//1782 
f 1840//1840 1782//1782 1783//1783 
f 1841//1841 1783//1783 1784//1784 
f 1842//1842 1784//1784 1785//1785 
f 1843//1843 1785//1785 1786//1786 
f 1844//1844 1786//1786 1787//1787 
f 1845//1845 1787//1787 1788//1788 
f 1846//1846 1788//1788 1789//1789 
f 1847//1847 1789//1789 1790//1790 
f 1848//1848 1790//1790 1791//1791 
f 1849//1849 1791//1791 1792//1792 
f 1850//1850 1792//1792 1793//1793 
f 1851//1851 1793//1793 1794//1794 
f 1852//1852 1794//1794 1795//1795 
f 1853//1853 1795//1795 1796//1796 
f 1854//1854 1796//1796 1797//1797 
f 1855//1855 1797//1797 1798//1798 
f 1856//1856 1798//1798 1799//1799 
f 1857//1857 1799//1799 1800//1800 
f 1858//1858 1800//1800 1801//1801 
f 1859//1859 1801//1801 1744//1744 
f 1860//1860 1802//1802 1803//1803 
f 1861//1861 1803//1803 1804//1804 
f 1862//1862 1804//1804 1805//1805 
f 1863//1863 1805//1805 1806//1806 
f 1864//1864 1806//1806 1807//1807 
f 1865//1865 1807//1807 1808//1808 
f 1866//1866 1808//1808 1809//1809 
f 1867//1867 1809//1809 1810//1810 
f 1868//1868 1810//1810 1811//1811 
f 1869//1869 1811//1811 1812//1812 
f 1870//1870 1812//1812 1813//1813 
f 1871//1871 1813//1813 1814//1814 
f 1872//1872 1814//1814 1815//1815 
f 1873//1873 1815//1815 1816//1816 
f 1874//1874 1816//1816 1817//1817 
f 1875//1875 1817//1817 1818//1818 
f 1876//1876 1818//1818 1819//1819 
f 1877//1877 1819//1819 1820//1820 
f 1878//1878 1820//1820 1821//1821 
f 1879//1879 1821//1821 1822//1822 
f 1880//1880 1822//1822 1823//1823 
f 1881//1881 1823//1823 1824//1824 
f 1882//1882 1824//1824 1825//1825 
f 1883//1883 1825//1825 1826//1826 
f 1884//1884 1826//1826 1827//1827 
f 1885//1885 1827//1827 1828//1828 
f 1886//1886 1828//1828 1829//1829 
f 1887//1887 1829//1829 1830//1830 
f 1888//1888 1830//1830 1831//1831 
f 1889//1889 1831//1831 1832//1832 
f 1890//1890 1832//1832 1833//1833 
f 1891//1891 1833//1833 1834//1834 
f 1892//1892 1834//1834 1835//1835 
f 1893//1893 1835//1835 1836//1836 
f 1894//1894 1836//1836 1837//1837 
f 1895//1895 1837//1837 1838//1838 
f 1896//1896 1838//1838 1839//1839 
f 1897//1897 1839//1839 1840//1840 
f 1898//1898 1840//1840 1841//1841 
f 1899//1899 1841//1841 1842//1842 
f 1900//1900 1842//1842 1843//1843 
f 1901//1901 1843//1843 1844//1844 
f 1902//1902 1844//1844 1845//1845 
f 1903//1903 1845//1845 1846//1846 
f 1904//1904 1846//1846 1847//1847 
f 1905//1905 1847//1847 1848//1848 
f 1906//1906 1848//1848 1849//1849 
f 1907//1907 1849//1849 1850//1850 
f 1908//1908 1850//1850 1851//1851 
f 1909//1909 1851//1851 1852//1852 
f 1910//1910 1852//1852 1853//1853 
f 1911//1911 1853//1853 1854//1854 
f 1912//1912 1854//1854 1855//1855 
f 1913//1913 1855//1855 1856//1856 
f 1914//1914 1856//1856 1857//1857 
f 1915//1915 1857//1857 1858//1858 
f 1916//1916 1858//1858 1859//1859 
f 1917//1917 1859//1859 1802//1802 
f 1918//1918 1860//1860 1861//1861 
f 1919//1919 1861//1861 1862//1862 
f 1920//1920 1862//1862 1863//1863 
f 1921//1921 1863//1863 1864//1864 
f 1922//1922 1864//1864 1865//1865 
f 1923//1923 1865//1865 1866//1866 
f 1924//1924 1866//1866 1867//1867 
f 1925//1925 1867//1867 1868//1868 
f 1926//1926 1868//1868 1869//1869 
f 1927//1927 1869//1869 1870//1870 
f 1928//1928 1870//1870 1871//1871 
f 1929//1929 1871//1871 1872//1872 
f 1930//1930 1872//1872 1873//1873 
f 1931//1931 1873//1873 1874//1874 
f 1932//1932 1874//1874 1875//1875 
f 1933//1933 1875//1875 1876//1876 
f 1934//1934 1876//1876 1877//1877 
f 1935//1935 1877//1877 1878//1878 
f 1936//1936 1878//1878 1879//1879 
f 1937//1937 1879//1879 1880//1880 
f 1938//1938 1880//1880 1881//1881 
f 1939//1939 1881//1881 1882//1882 
f 1940//1940 1882//1882 1883//1883 
f 1941//1941 1883//1883 1884//1884 
f 1942//1942 1884//1884 1885//1885 
f 1943//1943 1885//1885 1886//1886 
f 1944//1944 1886//1886 1887//1887 
f 1945//1945 1887//1887 1888//1888 
f 1946//1946 1888//1888 1889//1889 
f 1947//1947 1889//1889 1890//1890 
f 1948//1948 1890//1890 1891//1891 
f 1949//1949 1891//1891 1892//1892 
f 1950//1950 1892//1892 1893//1893 
f 1951//1951 1893//1893 1894//1894 
f 1952//1952 1894//1894 1895//1895 
f 1953//1953 1895//1895 1896//1896 
f 1954//1954 1896//1896 1897//1897 
f 1955//1955 1897//1897 1898//1898 
f 1956//1956 1898//1898 1899//1899 
f 1957//1957 1899//1899 1900//1900 
f 1958//1958 1900//1900 1901//1901 
f 1959//1959 1901//1901 1902//1902 
f 1960//1960 1902//1902 1903//1903 
f 1961//1961 1903//1903 1904//1904 
f 1962//1962 1904//1904 1905//1905 
f 1963//1963 1905//1905 1906//1906 
f 1964//1964 1906//1906 1907//1907 
f 1965//1965 1907//1907 1908//1908 
f 1966//1966 1908//1908 1909//1909 
f 1967//1967 1909//1909 1910//1910 
f 1968//1968 1910//1910 1911//1911 
f 1969//1969 1911//1911 1912//1912 
f 1970//1970 1912//1912 1913//1913 
f 1971//1971 1913//1913 1914//1914 
f 1972//1972 1914//1914 1915//1915 
f 1973//1973 1915//1915 1916//1916 
f 1974//1974 1916//1916 1917//1917 
f 1975//1975 1917//1917 1860//1860 
f 1976//1976 1918//1918 1919//1919 
f 1977//1977 1919//1919 1920//1920 
f 1978//1978 1920//1920 1921//1921 
f 1979//1979 1921//1921 1922//1922 
f 1980//1980 1922//1922 1923//1923 
f 1981//1981 1923//1923 1924//1924 
f 1982//1982 1924//1924 1925//1925 
f 1983//1983 1925//1925 1926//1926 
f 1984//1984 1926//1926 1927//1927 
f 1985//1985 1927//1927 1928//1928 
f 1986//1986 1928//1928 1929//1929 
f 1987//1987 1929//1929 1930//1930 
f 1988//1988 1930//1930 1931//1931 
f 1989//1989 1931//1931 1932//1932 
f 1990//1990 1932//1932 1933//1933 
f 1991//1991 1933//1933 1934//1934 
f 1992//1992 1934//1934 1935//1935 
f 1993//1993 1935//1935 1936//1936 
f 1994//1994 1936//1936 1937//1937 
f 1995//1995 1937//1937 1938//1938 
f 1996//1996 1938//1938 1939//1939 
f 1997//1997 1939//1939 1940//1940 
f 1998//1998 1940//1940 1941//1941 
f 1999//1999 1941//1941 1942//1942 
f 2000//2000 1942//1942 1943//1943 
f 2001//2001 1943//1943 1944//1944 
f 2002//2002 1944//1944 1945//1945 
f 2003//2003 1945//1945 1946//1946 
f 2004//2004 1946//1946 1947//1947 
f 2005//2005 1947//1947 1948//1948 
f 2006//2006 1948//1948 1949//1949 
f 2007//2007 1949//1949 1950//1950 
f 2008//2008 1950//1950 1951//1951 
f 2009//2009 1951//1951 1952//1952 
f 2010//2010 1952//1952 1953//1953 
f 2011//2011 1953//1953 1954//1954 
f 2012//2012 1954//1954 1955//1955 
f 2013//2013 1955//1955 1956//1956 
f 2014//2014 1956//1956 1957//1957 
f 2015//2015 1957//1957 1958//1958 
f 2016//2016 1958//1958 1959//1959 
f 2017//2017 1959//1959 1960//1960 
f 2018//2018 1960//1960 1961//1961 
f 2019//2019 1961//1961 1962//1962 
f 2020//2020 1962//1962 1963//1963 
f 2021//2021 1963//1963 1964//1964 
f 2022//2022 1964//1964 1965//1965 
f 2023//2023 1965//1965 1966//1966 
f 2024//2024 1966//1966 1967//1967 
f 2025//2025 1967//1967 1968//1968 
f 2026//2026 1968//1968 1969//1969 
f 2027//2027 1969//1969 1970//1970 
f 2028//2028 1970//1970 1971//1971 
f 2029//2029 1971//1971 1972//1972 
f 2030//2030 1972//1972 1973//1973 
f 2031//2031 1973//1973 1974//1974 
f 2032//2032 1974//1974 1975//1975 
f 2033//2033 1975//1975 1918//1918 
f 1060//2034 1976//1976 1977//1977 
f 1065//2034 1977//1977 1978//1978 
f 1066//2034 1978//1978 1979//1979 
f 1061//2034 1979//1979 1980//1980 
f 1062//2034 1980//1980 1981//1981 
f 1067//2034 1981//1981 1982//1982 
f 1068//2034 1982//1982 1983//1983 
f 1069//2034 1983//1983 1984//1984 
f 1070//2034 1984//1984 1985//1985 
f 1081//2034 1985//1985 1986//1986 
f 1082//2034 1986//1986 1987//1987 
f 1083//2034 1987//1987 1988//1988 
f 1093//2034 1988//1988 1989//1989 
f 1063//2034 1989//1989 1990//1990 
f 1064//2034 1990//1990 1991//1991 
f 1071//2034 1991//1991 1992//1992 
f 1074//2034 1992//1992 1993//1993 
f 1075//2034 1993//1993 1994//1994 
f 1076//2034 1994//1994 1995//1995 
f 1084//2034 1995//1995 1996//1996 
f 1085//2034 1996//1996 1997//1997 
f 1077//2034 1997//1997 1998//1998 
f 1078//2034 1998//1998 1999//1999 
f 1086//2034 1999//1999 2000//2000 
f 1087//2034 2000//2000 2001//2001 
f 1088//2034 2001//2001 2002//2002 
f 1103//2034 2002//2002 2003//2003 
f 1104//2034 2003//2003 2004//2004 
f 1089//2034 2004//2004 2005//2005 
f 2006//2006 1095//2034 1094//2034 
f 1094//2034 2005//2005 2006//2006 
f 1095//2034 2006//2006 2007//2007 
f 1090//2034 2007//2007 2008//2008 
f 1091//2034 2008//2008 2009//2009 
f 1072//2034 2009//2009 2010//2010 
f 1073//2034 2010//2010 2011//2011 
f 1080//2034 2011//2011 2012//2012 
f 1092//2034 2012//2012 2013//2013 
f 1096//2034 2013//2013 2014//2014 
f 1097//2034 2014//2014 2015//2015 
f 1098//2034 2015//2015 2016//2016 
f 1099//2034 2016//2016 2017//2017 
f 1100//2034 2017//2017 2018//2018 
f 1101//2034 2018//2018 2019//2019 
f 1102//2034 2019//2019 2020//2020 
f 1105//2034 2020//2020 2021//2021 
f 1047//2034 2021//2021 2022//2022 
f 1048//2034 2022//2022 2023//2023 
f 1049//2034 2023//2023 2024//2024 
f 1054//2034 2024//2024 2025//2025 
f 1055//2034 2025//2025 2026//2026 
f 1050//2034 2026//2026 2027//2027 
f 1051//2034 2027//2027 2028//2028 
f 1056//2034 2028//2028 2029//2029 
f 1057//2034 2029//2029 2030//2030 
f 1058//2034 2030//2030 2031//2031 
f 1052//2034 2031//2031 2032//2032 
f 1053//2034 2032//2032 2033//2033 
f 1059//2034 2033//2033 1976//1976 
f 1976//1976 1060//2034 1059//2034 
f 2033//2033 1059//2034 1053//2034 
f 2032//2032 1053//2034 1052//2034 
f 2031//2031 1052//2034 1058//2034 
f 2030//2030 1058//2034 1057//2034 
f 2029//2029 1057//2034 1056//2034 
f 2028//2028 1056//2034 1051//2034 
f 2027//2027 1051//2034 1050//2034 
f 2026//2026 1050//2034 1055//2034 
f 2025//2025 1055//2034 1054//2034 
f 2024//2024 1054//2034 1049//2034 
f 2023//2023 1049//2034 1048//2034 
f 2022//2022 1048//2034 1047//2034 
f 2021//2021 1047//2034 1105//2034 
f 2020//2020 1105//2034 1102//2034 
f 2019//2019 1102//2034 1101//2034 
f 2018//2018 1101//2034 1100//2034 
f 2017//2017 1100//2034 1099//2034 
f 2016//2016 1099//2034 1098//2034 
f 2015//2015 1098//2034 1097//2034 
f 2014//2014 1097//2034 1096//2034 
f 2013//2013 1096//2034 1092//2034 
f 2012//2012 1092//2034 1080//2034 
f 2011//2011 1080//2034 1073//2034 
f 2010//2010 1073//2034 1072//2034 
f 2009//2009 1072//2034 1091//2034 
f 2008//2008 1091//2034 1090//2034 
f 2007//2007 1090//2034 1095//2034 
f 1094//2034 1079//2034 2005//2005 
f 2005//2005 1079//2034 1089//2034 
f 2004//2004 1089//2034 1104//2034 
f 2003//2003 1104//2034 1103//2034 
f 2002//2002 1103//2034 1088//2034 
f 2001//2001 1088//2034 1087//2034 
f 2000//2000 1087//2034 1086//2034 
f 1999//1999 1086//2034 1078//2034 
f 1998//1998 1078//2034 1077//2034 
f 1997//1997 1077//2034 1085//2034 
f 1996//1996 1085//2034 1084//2034 
f 1995//1995 1084//2034 1076//2034 
f 1994//1994 1076//2034 1075//2034 
f 1993//1993 1075//2034 1074//2034 
f 1992//1992 1074//2034 1071//2034 
f 1991//1991 1071//2034 1064//2034 
f 1990//1990 1064//2034 1063//2034 
f 1989//1989 1063//2034 1093//2034 
f 1988//1988 1093//2034 1083//2034 
f 1987//1987 1083//2034 1082//2034 
f 1986//1986 1082//2034 1081//2034 
f 1985//1985 1081//2034 1070//2034 
f 1984//1984 1070//2034 1069//2034 
f 1983//1983 1069//2034 1068//2034 
f 1982//1982 1068//2034 1067//2034 
f 1981//1981 1067//2034 1062//2034 
f 1980//1980 1062//2034 1061//2034 
f 1979//1979 1061//2034 1066//2034 
f 1978//1978 1066//2034 1065//2034 
f 1977//1977 1065//2034 1060//2034 
f 1918//1918 1976//1976 2033//2033 
f 1975//1975 2033//2033 2032//2032 
f 1974//1974 2032//2032 2031//2031 
f 1973//1973 2031//2031 2030//2030 
f 1972//1972 2030//2030 2029//2029 
f 1971//1971 2029//2029 2028//2028 
f 1970//1970 2028//2028 2027//2027 
f 1969//1969 2027//2027 2026//2026 
f 1968//1968 2026//2026 2025//2025 
f 1967//1967 2025//2025 2024//2024 
f 1966//1966 2024//2024 2023//2023 
f 1965//1965 2023//2023 2022//2022 
f 1964//1964 2022//2022 2021//2021 
f 1963//1963 2021//2021 2020//2020 
f 1962//1962 2020//2020 2019//2019 
f 1961//1961 2019//2019 2018//2018 
f 1960//1960 2018//2018 2017//2017 
f 1959//1959 2017//2017 2016//2016 
f 1958//1958 2016//2016 2015//2015 
f 1957//1957 2015//2015 2014//2014 
f 1956//1956 2014//2014 2013//2013 
f 1955//1955 2013//2013 2012//2012 
f 1954//1954 2012//2012 2011//2011 
f 1953//1953 2011//2011 2010//2010 
f 1952//1952 2010//2010 2009//2009 
f 1951//1951 2009//2009 2008//2008 
f 1950//1950 2008//2008 2007//2007 
f 1949//1949 2007//2007 2006//2006 
f 1948//1948 2006//2006 2005//2005 
f 1947//1947 2005//2005 2004//2004 
f 1946//1946 2004//2004 2003//2003 
f 1945//1945 2003//2003 2002//2002 
f 1944//1944 2002//2002 2001//2001 
f 1943//1943 2001//2001 2000//2000 
f 1942//1942 2000//2000 1999//1999 
f 1941//1941 1999//1999 1998//1998 
f 1940//1940 1998//1998 1997//1997 
f 1939//1939 1997//1997 1996//1996 
f 1938//1938 1996//1996 1995//1995 
f 1937//1937 1995//1995 1994//1994 
f 1936//1936 1994//1994 1993//1993 
f 1935//1935 1993//1993 1992//1992 
f 1934//1934 1992//1992 1991//1991 
f 1933//1933 1991//1991 1990//1990 
f 1932//1932 1990//1990 1989//1989 
f 1931//1931 1989//1989 1988//1988 
f 1930//1930 1988//1988 1987//1987 
f 1929//1929 1987//1987 1986//1986 
f 1928//1928 1986//1986 1985//1985 
f 1927//1927 1985//1985 1984//1984 
f 1926//1926 1984//1984 1983//1983 
f 1925//1925 1983//1983 1982//1982 
f 1924//1924 1982//1982 1981//1981 
f 1923//1923 1981//1981 1980//1980 
f 1922//1922 1980//1980 1979//1979 
f 1921//1921 1979//1979 1978//1978 
f 1920//1920 1978//1978 1977//1977 
f 1919//1919 1977//1977 1976//1976 
f 1860//1860 1918//1918 1975//1975 
f 1917//1917 1975//1975 1974//1974 
f 1916//1916 1974//1974 1973//1973 
f 1915//1915 1973//1973 1972//1972 
f 1914//1914 1972//1972 1971//1971 
f 1913//1913 1971//1971 1970//1970 
f 1912//1912 1970//1970 1969//1969 
f 1911//1911 1969//1969 1968//1968 
f 1910//1910 1968//1968 1967//1967 
f 1909//1909 1967//1967 1966//1966 
f 1908//1908 1966//1966 1965//1965 
f 1907//1907 1965//1965 1964//1964 
f 1906//1906 1964//1964 1963//1963 
f 1905//1905 1963//1963 1962//1962 
f 1904//1904 1962//1962 1961//1961 
f 1903//1903 1961//1961 1960//1960 
f 1902//1902 1960//1960 1959//1959 
f 1901//1901 1959//1959 1958//1958 
f 1900//1900 1958//1958 1957//1957 
f 1899//1899 1957//1957 1956//1956 
f 1898//1898 1956//1956 1955//1955 
f 1897//1897 1955//1955 1954//1954 
f 1896//1896 1954//1954 1953//1953 
f 1895//1895 1953//1953 1952//1952 
f 1894//1894 1952//1952 1951//1951 
f 1893//1893 1951//1951 1950//1950 
f 1892//1892 1950//1950 1949//1949 
f 1891//1891 1949//1949 1948//1948 
f 1890//1890 1948//1948 1947//1947 
f 1889//1889 1947//1947 1946//1946 
f 1888//1888 1946//1946 1945//1945 
f 1887//1887 1945//1945 1944//1944 
f 1886//1886 1944//1944 1943//1943 
f 1885//1885 1943//1943 1942//1942 
f 1884//1884 1942//1942 1941//1941 
f 1883//1883 1941//1941 1940//1940 
f 1882//1882 1940//1940 1939//1939 
f 1881//1881 1939//1939 1938//1938 
f 1880//1880 1938//1938 1937//1937 
f 1879//1879 1937//1937 1936//1936 
f 1878//1878 1936//1936 1935//1935 
f 1877//1877 1935//1935 1934//1934 
f 1876//1876 1934//1934 1933//1933 
f 1875//1875 1933//1933 1932//1932 
f 1874//1874 1932//1932 1931//1931 
f 1873//1873 1931//1931 1930//1930 
f 1872//1872 1930//1930 1929//1929 
f 1871//1871 1929//1929 1928//1928 
f 1870//1870 1928//1928 1927//1927 
f 1869//1869 1927//1927 1926//1926 
f 1868//1868 1926//1926 1925//1925 
f 1867//1867 1925//1925 1924//1924 
f 1866//1866 1924//1924 1923//1923 
f 1865//1865 1923//1923 1922//1922 
f 1864//1864 1922//1922 1921//1921 
f 1863//1863 1921//1921 1920//1920 
f 1862//1862 1920//1920 1919//1919 
f 1861//1861 1919//1919 1918//1918 
f 1802//1802 1860//1860 1917//1917 
f 1859//1859 1917//1917 1916//1916 
f 1858//1858 1916//1916 1915//1915 
f 1857//1857 1915//1915 1914//1914 
f 1856//1856 1914//1914 1913//1913 
f 1855//1855 1913//1913 1912//1912 
f 1854//1854 1912//1912 1911//1911 
f 1853//1853 1911//1911 1910//1910 
f 1852//1852 1910//1910 1909//1909 
f 1851//1851 1909//1909 1908//1908 
f 1850//1850 1908//1908 1907//1907 
f 1849//1849 1907//1907 1906//1906 
f 1848//1848 1906//1906 1905//1905 
f 1847//1847 1905//1905 1904//1904 
f 1846//1846 1904//1904 1903//1903 
f 1845//1845 1903//1903 1902//1902 
f 1844//1844 1902//1902 1901//1901 
f 1843//1843 1901//1901 1900//1900 
f 1842//1842 1900//1900 1899//1899 
f 1841//1841 1899//1899 1898//1898 
f 1840//1840 1898//1898 1897//1897 
f 1839//1839 1897//1897 1896//1896 
f 1838//1838 1896//1896 1895//1895 
f 1837//1837 1895//1895 1894//1894 
f 1836//1836 1894//1894 1893//1893 
f 1835//1835 1893//1893 1892//1892 
f 1834//1834 1892//1892 1891//1891 
f 1833//1833 1891//1891 1890//1890 
f 1832//1832 1890//1890 1889//1889 
f 1831//1831 1889//1889 1888//1888 
f 1830//1830 1888//1888 1887//1887 
f 1829//1829 1887//1887 1886//1886 
f 1828//1828 1886//1886 1885//1885 
f 1827//1827 1885//1885 1884//1884 
f 1826//1826 1884//1884 1883//1883 
f 1825//1825 1883//1883 1882//1882 
f 1824//1824 1882//1882 1881//1881 
f 1823//1823 1881//1881 1880//1880 
f 1822//1822 1880//1880 1879//1879 
f 1821//1821 1879//1879 1878//1878 
f 1820//1820 1878//1878 1877//1877 
f 1819//1819 1877//1877 1876//1876 
f 1818//1818 1876//1876 1875//1875 
f 1817//1817 1875//1875 1874//1874 
f 1816//1816 1874//1874 1873//1873 
f 1815//1815 1873//1873 1872//1872 
f 1814//1814 1872//1872 1871//1871 
f 1813//1813 1871//1871 1870//1870 
f 1812//1812 1870//1870 1869//1869 
f 1811//1811 1869//1869 1868//1868 
f 1810//1810 1868//1868 1867//1867 
f 1809//1809 1867//1867 1866//1866 
f 1808//1808 1866//1866 1865//1865 
f 1807//1807 1865//1865 1864//1864 
f 1806//1806 1864//1864 1863//1863 
f 1805//1805 1863//1863 1862//1862 
f 1804//1804 1862//1862 1861//1861 
f 1803//1803 1861//1861 1860//1860 
f 1744//1744 1802//1802 1859//1859 
f 1801//1801 1859//1859 1858//1858 
f 1800//1800 1858//1858 1857//1857 
f 1799//1799 1857//1857 1856//1856 
f 1798//1798 1856//1856 1855//1855 
f 1797//1797 1855//1855 1854//1854 
f 1796//1796 1854//1854 1853//1853 
f 1795//1795 1853//1853 1852//1852 
f 1794//1794 1852//1852 1851//1851 
f 1793//1793 1851//1851 1850//1850 
f 1792//1792 1850//1850 1849//1849 
f 1791//1791 1849//1849 1848//1848 
f 1790//1790 1848//1848 1847//1847 
f 1789//1789 1847//1847 1846//1846 
f 1788//1788 1846//1846 1845//1845 
f 1787//1787 1845//1845 1844//1844 
f 1786//1786 1844//1844 1843//1843 
f 1785//1785 1843//1843 1842//1842 
f 1784//1784 1842//1842 1841//1841 
f 1783//1783 1841//1841 1840//1840 
f 1782//1782 1840//1840 1839//1839 
f 1781//1781 1839//1839 1838//1838 
f 1780//1780 1838//1838 1837//1837 
f 1779//1779 1837//1837 1836//1836 
f 1778//1778 1836//1836 1835//1835 
f 1777//1777 1835//1835 1834//1834 
f 1776//1776 1834//1834 1833//1833 
f 1775//1775 1833//1833 1832//1832 
f 1774//1774 1832//1832 1831//1831 
f 1773//1773 1831//1831 1830//1830 
f 1772//1772 1830//1830 1829//1829 
f 1771//1771 1829//1829 1828//1828 
f 1770//1770 1828//1828 1827//1827 
f 1769//1769 1827//1827 1826//1826 
f 1768//1768 1826//1826 1825//1825 
f 1767//1767 1825//1825 1824//1824 
f 1766//1766 1824//1824 1823//1823 
f 1765//1765 1823//1823 1822//1822 
f 1764//1764 1822//1822 1821//1821 
f 1763//1763 1821//1821 1820//1820 
f 1762//1762 1820//1820 1819//1819 
f 1761//1761 1819//1819 1818//1818 
f 1760//1760 1818//1818 1817//1817 
f 1759//1759 1817//1817 1816//1816 
f 1758//1758 1816//1816 1815//1815 
f 1757//1757 1815//1815 1814//1814 
f 1756//1756 1814//1814 1813//1813 
f 1755//1755 1813//1813 1812//1812 
f 1754//1754 1812//1812 1811//1811 
f 1753//1753 1811//1811 1810//1810 
f 1752//1752 1810//1810 1809//1809 
f 1751//1751 1809//1809 1808//1808 
f 1750//1750 1808//1808 1807//1807 
f 1749//1749 1807//1807 1806//1806 
f 1748//1748 1806//1806 1805//1805 
f 1747//1747 1805//1805 1804//1804 
f 1746//1746 1804//1804 1803//1803 
f 1745//1745 1803//1803 1802//1802 
f 1686//1686 1744//1744 1801//1801 
f 1743//1743 1801//1801 1800//1800 
f 1742//1742 1800//1800 1799//1799 
f 1741//1741 1799//1799 1798//1798 
f 1740//1740 1798//1798 1797//1797 
f 1739//1739 1797//1797 1796//1796 
f 1738//1738 1796//1796 1795//1795 
f 1737//1737 1795//1795 1794//1794 
f 1736//1736 1794//1794 1793//1793 
f 1735//1735 1793//1793 1792//1792 
f 1734//1734 1792//1792 1791//1791 
f 1733//1733 1791//1791 1790//1790 
f 1732//1732 1790//1790 1789//1789 
f 1731//1731 1789//1789 1788//1788 
f 1730//1730 1788//1788 1787//1787 
f 1729//1729 1787//1787 1786//1786 
f 1728//1728 1786//1786 1785//1785 
f 1727//1727 1785//1785 1784//1784 
f 1726//1726 1784//1784 1783//1783 
f 1725//1725 1783//1783 1782//1782 
f 1724//1724 1782//1782 1781//1781 
f 1723//1723 1781//1781 1780//1780 
f 1722//1722 1780//1780 1779//1779 
f 1721//1721 1779//1779 1778//1778 
f 1720//1720 1778//1778 1777//1777 
f 1719//1719 1777//1777 1776//1776 
f 1718//1718 1776//1776 1775//1775 
f 1717//1717 1775//1775 1774//1774 
f 1716//1716 1774//1774 1773//1773 
f 1715//1715 1773//1773 1772//1772 
f 1714//1714 1772//1772 1771//1771 
f 1713//1713 1771//1771 1770//1770 
f 1712//1712 1770//1770 1769//1769 
f 1711//1711 1769//1769 1768//1768 
f 1710//1710 1768//1768 1767//1767 
f 1709//1709 1767//1767 1766//1766 
f 1708//1708 1766//1766 1765//1765 
f 1707//1707 1765//1765 1764//1764 
f 1706//1706 1764//1764 1763//1763 
f 1705//1705 1763//1763 1762//1762 
f 1704//1704 1762//1762 1761//1761 
f 1703//1703 1761//1761 1760//1760 
f 1702//1702 1760//1760 1759//1759 
f 1701//1701 1759//1759 1758//1758 
f 1700//1700 1758//1758 1757//1757 
f 1699//1699 1757//1757 1756//1756 
f 1698//1698 1756//1756 1755//1755 
f 1697//1697 1755//1755 1754//1754 
f 1696//1696 1754//1754 1753//1753 
f 1695//1695 1753//1753 1752//1752 
f 1694//1694 1752//1752 1751//1751 
f 1693//1693 1751//1751 1750//1750 
f 1692//1692 1750//1750 1749//1749 
f 1691//1691 1749//1749 1748//1748 
f 1690//1690 1748//1748 1747//1747 
f 1689//1689 1747//1747 1746//1746 
f 1688//1688 1746//1746 1745//1745 
f 1687//1687 1745//1745 1744//1744 
f 1628//1628 1686//1686 1743//1743 
f 1685//1685 1743//1743 1742//1742 
f 1684//1684 1742//1742 1741//1741 
f 1683//1683 1741//1741 1740//1740 
f 1682//1682 1740//1740 1739//1739 
f 1681//1681 1739//1739 1738//1738 
f 1680//1680 1738//1738 1737//1737 
f 1679//1679 1737//1737 1736//1736 
f 1678//1678 1736//1736 1735//1735 
f 1677//1677 1735//1735 1734//1734 
f 1676//1676 1734//1734 1733//1733 
f 1675//1675 1733//1733 1732//1732 
f 1674//1674 1732//1732 1731//1731 
f 1673//1673 1731//1731 1730//1730 
f 1672//1672 1730//1730 1729//1729 
f 1671//1671 1729//1729 1728//1728 
f 1670//1670 1728//1728 1727//1727 
f 1669//1669 1727//1727 1726//1726 
f 1668//1668 1726//1726 1725//1725 
f 1667//1667 1725//1725 1724//1724 
f 1666//1666 1724//1724 1723//1723 
f 1665//1665 1723//1723 1722//1722 
f 1664//1664 1722//1722 1721//1721 
f 1663//1663 1721//1721 1720//1720 
f 1662//1662 1720//1720 1719//1719 
f 1661//1661 1719//1719 1718//1718 
f 1660//1660 1718//1718 1717//1717 
f 1659//1659 1717//1717 1716//1716 
f 1658//1658 1716//1716 1715//1715 
f 1657//1657 1715//1715 1714//1714 
f 1656//1656 1714//1714 1713//1713 
f 1655//1655 1713//1713 1712//1712 
f 1654//1654 1712//1712 1711//1711 
f 1653//1653 1711//1711 1710//1710 
f 1652//1652 1710//1710 1709//1709 
f 1651//1651 1709//1709 1708//1708 
f 1650//1650 1708//1708 1707//1707 
f 1649//1649 1707//1707 1706//1706 
f 1648//1648 1706//1706 1705//1705 
f 1647//1647 1705//1705 1704//1704 
f 1646//1646 1704//1704 1703//1703 
f 1645//1645 1703//1703 1702//1702 
f 1644//1644 1702//1702 1701//1701 
f 1643//1643 1701//1701 1700//1700 
f 1642//1642 1700//1700 1699//1699 
f 1641//1641 1699//1699 1698//1698 
f 1640//1640 1698//1698 1697//1697 
f 1639//1639 1697//1697 1696//1696 
f 1638//1638 1696//1696 1695//1695 
f 1637//1637 1695//1695 1694//1694 
f 1636//1636 1694//1694 1693//1693 
f 1635//1635 1693//1693 1692//1692 
f 1634//1634 1692//1692 1691//1691 
f 1633//1633 1691//1691 1690//1690 
f 1632//1632 1690//1690 1689//1689 
f 1631//1631 1689//1689 1688//1688 
f 1630//1630 1688//1688 1687//1687 
f 1629//1629 1687//1687 1686//1686 
f 1570//1570 1628//1628 1685//1685 
f 1627//1627 1685//1685 1684//1684 
f 1626//1626 1684//1684 1683//1683 
f 1625//1625 1683//1683 1682//1682 
f 1624//1624 1682//1682 1681//1681 
f 1623//1623 1681//1681 1680//1680 
f 1622//1622 1680//1680 1679//1679 
f 1621//1621 1679//1679 1678//1678 
f 1620//1620 1678//1678 1677//1677 
f 1619//1619 1677//1677 1676//1676 
f 1618//1618 1676//1676 1675//1675 
f 1617//1617 1675//1675 1674//1674 
f 1616//1616 1674//1674 1673//1673 
f 1615//1615 1673//1673 1672//1672 
f 1614//1614 1672//1672 1671//1671 
f 1613//1613 1671//1671 1670//1670 
f 1612//1612 1670//1670 1669//1669 
f 1611//1611 1669//1669 1668//1668 
f 1610//1610 1668//1668 1667//1667 
f 1609//1609 1667//1667 1666//1666 
f 1608//1608 1666//1666 1665//1665 
f 1607//1607 1665//1665 1664//1664 
f 1606//1606 1664//1664 1663//1663 
f 1605//1605 1663//1663 1662//1662 
f 1604//1604 1662//1662 1661//1661 
f 1603//1603 1661//1661 1660//1660 
f 1602//1602 1660//1660 1659//1659 
f 1601//1601 1659//1659 1658//1658 
f 1600//1600 1658//1658 1657//1657 
f 1599//1599 1657//1657 1656//1656 
f 1598//1598 1656//1656 1655//1655 
f 1597//1597 1655//1655 1654//1654 
f 1596//1596 1654//1654 1653//1653 
f 1595//1595 1653//1653 1652//1652 
f 1594//1594 1652//1652 1651//1651 
f 1593//1593 1651//1651 1650//1650 
f 1592//1592 1650//1650 1649//1649 
f 1591//1591 1649//1649 1648//1648 
f 1590//1590 1648//1648 1647//1647 
f 1589//1589 1647//1647 1646//1646 
f 1588//1588 1646//1646 1645//1645 
f 1587//1587 1645//1645 1644//1644 
f 1586//1586 1644//1644 1643//1643 
f 1585//1585 1643//1643 1642//1642 
f 1584//1584 1642//1642 1641//1641 
f 1583//1583 1641//1641 1640//1640 
f 1582//1582 1640//1640 1639//1639 
f 1581//1581 1639//1639 1638//1638 
f 1580//1580 1638//1638 1637//1637 
f 1579//1579 1637//1637 1636//1636 
f 1578//1578 1636//1636 1635//1635 
f 1577//1577 1635//1635 1634//1634 
f 1576//1576 1634//1634 1633//1633 
f 1575//1575 1633//1633 1632//1632 
f 1574//1574 1632//1632 1631//1631 
f 1573//1573 1631//1631 1630//1630 
f 1572//1572 1630//1630 1629//1629 
f 1571//1571 1629//1629 1628//1628 
f 1512//1512 1570//1570 1627//1627 
f 1569//1569 1627//1627 1626//1626 
f 1568//1568 1626//1626 1625//1625 
f 1567//1567 1625//1625 1624//1624 
f 1566//1566 1624//1624 1623//1623 
f 1565//1565 1623//1623 1622//1622 
f 1564//1564 1622//1622 1621//1621 
f 1563//1563 1621//1621 1620//1620 
f 1562//1562 1620//1620 1619//1619 
f 1561//1561 1619//1619 1618//1618 
f 1560//1560 1618//1618 1617//1617 
f 1559//1559 1617//1617 1616//1616 
f 1558//1558 1616//1616 1615//1615 
f 1557//1557 1615//1615 1614//1614 
f 1556//1556 1614//1614 1613//1613 
f 1555//1555 1613//1613 1612//1612 
f 1554//1554 1612//1612 1611//1611 
f 1553//1553 1611//1611 1610//1610 
f 1552//1552 1610//1610 1609//1609 
f 1551//1551 1609//1609 1608//1608 
f 1550//1550 1608//1608 1607//1607 
f 1549//1549 1607//1607 1606//1606 
f 1548//1548 1606//1606 1605//1605 
f 1547//1547 1605//1605 1604//1604 
f 1546//1546 1604//1604 1603//1603 
f 1545//1545 1603//1603 1602//1602 
f 1544//1544 1602//1602 1601//1601 
f 1543//1543 1601//1601 1600//1600 
f 1542//1542 1600//1600 1599//1599 
f 1541//1541 1599//1599 1598//1598 
f 1540//1540 1598//1598 1597//1597 
f 1539//1539 1597//1597 1596//1596 
f 1538//1538 1596//1596 1595//1595 
f 1537//1537 1595//1595 1594//1594 
f 1536//1536 1594//1594 1593//1593 
f 1535//1535 1593//1593 1592//1592 
f 1534//1534 1592//1592 1591//1591 
f 1533//1533 1591//1591 1590//1590 
f 1532//1532 1590//1590 1589//1589 
f 1531//1531 1589//1589 1588//1588 
f 1530//1530 1588//1588 1587//1587 
f 1529//1529 1587//1587 1586//1586 
f 1528//1528 1586//1586 1585//1585 
f 1527//1527 1585//1585 1584//1584 
f 1526//1526 1584//1584 1583//1583 
f 1525//1525 1583//1583 1582//1582 
f 1524//1524 1582//1582 1581//1581 
f 1523//1523 1581//1581 1580//1580 
f 1522//1522 1580//1580 1579//1579 
f 1521//1521 1579//1579 1578//1578 
f 1520//1520 1578//1578 1577//1577 
f 1519//1519 1577//1577 1576//1576 
f 1518//1518 1576//1576 1575//1575 
f 1517//1517 1575//1575 1574//1574 
f 1516//1516 1574//1574 1573//1573 
f 1515//1515 1573//1573 1572//1572 
f 1514//1514 1572//1572 1571//1571 
f 1513//1513 1571//1571 1570//1570 
f 1454//1454 1512//1512 1569//1569 
f 1511//1511 1569//1569 1568//1568 
f 1510//1510 1568//1568 1567//1567 
f 1509//1509 1567//1567 1566//1566 
f 1508//1508 1566//1566 1565//1565 
f 1507//1507 1565//1565 1564//1564 
f 1506//1506 1564//1564 1563//1563 
f 1505//1505 1563//1563 1562//1562 
f 1504//1504 1562//1562 1561//1561 
f 1503//1503 1561//1561 1560//1560 
f 1502//1502 1560//1560 1559//1559 
f 1501//1501 1559//1559 1558//1558 
f 1500//1500 1558//1558 1557//1557 
f 1499//1499 1557//1557 1556//1556 
f 1498//1498 1556//1556 1555//1555 
f 1497//1497 1555//1555 1554//1554 
f 1496//1496 1554//1554 1553//1553 
f 1495//1495 1553//1553 1552//1552 
f 1494//1494 1552//1552 1551//1551 
f 1493//1493 1551//1551 1550//1550 
f 1492//1492 1550//1550 1549//1549 
f 1491//1491 1549//1549 1548//1548 
f 1490//1490 1548//1548 1547//1547 
f 1489//1489 1547//1547 1546//1546 
f 1488//1488 1546//1546 1545//1545 
f 1487//1487 1545//1545 1544//1544 
f 1486//1486 1544//1544 1543//1543 
f 1485//1485 1543//1543 1542//1542 
f 1484//1484 1542//1542 1541//1541 
f 1483//1483 1541//1541 1540//1540 
f 1482//1482 1540//1540 1539//1539 
f 1481//1481 1539//1539 1538//1538 
f 1480//1480 1538//1538 1537//1537 
f 1479//1479 1537//1537 1536//1536 
f 1478//1478 1536//1536 1535//1535 
f 1477//1477 1535//1535 1534//1534 
f 1476//1476 1534//1534 1533//1533 
f 1475//1475 1533//1533 1532//1532 
f 1474//1474 1532//1532 1531//1531 
f 1473//1473 1531//1531 1530//1530 
f 1472//1472 1530//1530 1529//1529 
f 1471//1471 1529//1529 1528//1528 
f 1470//1470 1528//1528 1527//1527 
f 1469//1469 1527//1527 1526//1526 
f 1468//1468 1526//1526 1525//1525 
f 1467//1467 1525//1525 1524//1524 
f 1466//1466 1524//1524 1523//1523 
f 1465//1465 1523//1523 1522//1522 
f 1464//1464 1522//1522 1521//1521 
f 1463//1463 1521//1521 1520//1520 
f 1462//1462 1520//1520 1519//1519 
f 1461//1461 1519//1519 1518//1518 
f 1460//1460 1518//1518 1517//1517 
f 1459//1459 1517//1517 1516//1516 
f 1458//1458 1516//1516 1515//1515 
f 1457//1457 1515//1515 1514//1514 
f 1456//1456 1514//1514 1513//1513 
f 1455//1455 1513//1513 1512//1512 
f 1396//1396 1454//1454 1511//1511 
f 1453//1453 1511//1511 1510//1510 
f 1452//1452 1510//1510 1509//1509 
f 1451//1451 1509//1509 1508//1508 
f 1450//1450 1508//1508 1507//1507 
f 1449//1449 1507//1507 1506//1506 
f 1448//1448 1506//1506 1505//1505 
f 1447//1447 1505//1505 1504//1504 
f 1446//1446 1504//1504 1503//1503 
f 1445//1445 1503//1503 1502//1502 
f 1444//1444 1502//1502 1501//1501 
f 1443//1443 1501//1501 1500//1500 
f 1442//1442 1500//1500 1499//1499 
f 1441//1441 1499//1499 1498//1498 
f 1440//1440 1498//1498 1497//1497 
f 1439//1439 1497//1497 1496//1496 
f 1438//1438 1496//1496 1495//1495 
f 1437//1437 1495//1495 1494//1494 
f 1436//1436 1494//1494 1493//1493 
f 1435//1435 1493//1493 1492//1492 
f 1434//1434 1492//1492 1491//1491 
f 1433//1433 1491//1491 1490//1490 
f 1432//1432 1490//1490 1489//1489 
f 1431//1431 1489//1489 1488//1488 
f 1430//1430 1488//1488 1487//1487 
f 1429//1429 1487//1487 1486//1486 
f 1428//1428 1486//1486 1485//1485 
f 1427//1427 1485//1485 1484//1484 
f 1426//1426 1484//1484 1483//1483 
f 1425//1425 1483//1483 1482//1482 
f 1424//1424 1482//1482 1481//1481 
f 1423//1423 1481//1481 1480//1480 
f 1422//1422 1480//1480 1479//1479 
f 1421//1421 1479//1479 1478//1478 
f 1420//1420 1478//1478 1477//1477 
f 1419//1419 1477//1477 1476//1476 
f 1418//1418 1476//1476 1475//1475 
f 1417//1417 1475//1475 1474//1474 
f 1416//1416 1474//1474 1473//1473 
f 1415//1415 1473//1473 1472//1472 
f 1414//1414 1472//1472 1471//1471 
f 1413//1413 1471//1471 1470//1470 
f 1412//1412 1470//1470 1469//1469 
f 1411//1411 1469//1469 1468//1468 
f 1410//1410 1468//1468 1467//1467 
f 1409//1409 1467//1467 1466//1466 
f 1408//1408 1466//1466 1465//1465 
f 1407//1407 1465//1465 1464//1464 
f 1406//1406 1464//1464 1463//1463 
f 1405//1405 1463//1463 1462//1462 
f 1404//1404 1462//1462 1461//1461 
f 1403//1403 1461//1461 1460//1460 
f 1402//1402 1460//1460 1459//1459 
f 1401//1401 1459//1459 1458//1458 
f 1400//1400 1458//1458 1457//1457 
f 1399//1399 1457//1457 1456//1456 
f 1398//1398 1456//1456 1455//1455 
f 1397//1397 1455//1455 1454//1454 
f 1338//1338 1396//1396 1453//1453 
f 1395//1395 1453//1453 1452//1452 
f 1394//1394 1452//1452 1451//1451 
f 1393//1393 1451//1451 1450//1450 
f 1392//1392 1450//1450 1449//1449 
f 1391//1391 1449//1449 1448//1448 
f 1390//1390 1448//1448 1447//1447 
f 1389//1389 1447//1447 1446//1446 
f 1388//1388 1446//1446 1445//1445 
f 1387//1387 1445//1445 1444//1444 
f 1386//1386 1444//1444 1443//1443 
f 1385//1385 1443//1443 1442//1442 
f 1384//1384 1442//1442 1441//1441 
f 1383//1383 1441//1441 1440//1440 
f 1382//1382 1440//1440 1439//1439 
f 1381//1381 1439//1439 1438//1438 
f 1380//1380 1438//1438 1437//1437 
f 1379//1379 1437//1437 1436//1436 
f 1378//1378 1436//1436 1435//1435 
f 1377//1377 1435//1435 1434//1434 
f 1376//1376 1434//1434 1433//1433 
f 1375//1375 1433//1433 1432//1432 
f 1374//1374 1432//1432 1431//1431 
f 1373//1373 1431//1431 1430//1430 
f 1372//1372 1430//1430 1429//1429 
f 1371//1371 1429//1429 1428//1428 
f 1370//1370 1428//1428 1427//1427 
f 1369//1369 1427//1427 1426//1426 
f 1368//1368 1426//1426 1425//1425 
f 1367//1367 1425//1425 1424//1424 
f 1366//1366 1424//1424 1423//1423 
f 1365//1365 1423//1423 1422//1422 
f 1364//1364 1422//1422 1421//1421 
f 1363//1363 1421//1421 1420//1420 
f 1362//1362 1420//1420 1419//1419 
f 1361//1361 1419//1419 1418//1418 
f 1360//1360 1418//1418 1417//1417 
f 1359//1359 1417//1417 1416//1416 
f 1358//1358 1416//1416 1415//1415 
f 1357//1357 1415//1415 1414//1414 
f 1356//1356 1414//1414 1413//1413 
f 1355//1355 1413//1413 1412//1412 
f 1354//1354 1412//1412 1411//1411 
f 1353//1353 1411//1411 1410//1410 
f 1352//1352 1410//1410 1409//1409 
f 1351//1351 1409//1409 1408//1408 
f 1350//1350 1408//1408 1407//1407 
f 1349//1349 1407//1407 1406//1406 
f 1348//1348 1406//1406 1405//1405 
f 1347//1347 1405//1405 1404//1404 
f 1346//1346 1404//1404 1403//1403 
f 1345//1345 1403//1403 1402//1402 
f 1344//1344 1402//1402 1401//1401 
f 1343//1343 1401//1401 1400//1400 
f 1342//1342 1400//1400 1399//1399 
f 1341//1341 1399//1399 1398//1398 
f 1340//1340 1398//1398 1397//1397 
f 1339//1339 1397//1397 1396//1396 
f 1280//1280 1338//1338 1395//1395 
f 1337//1337 1395//1395 1394//1394 
f 1336//1336 1394//1394 1393//1393 
f 1335//1335 1393//1393 1392//1392 
f 1334//1334 1392//1392 1391//1391 
f 1333//1333 1391//1391 1390//1390 
f 1332//1332 1390//1390 1389//1389 
f 1331//1331 1389//1389 1388//1388 
f 1330//1330 1388//1388 1387//1387 
f 1329//1329 1387//1387 1386//1386 
f 1328//1328 1386//1386 1385//1385 
f 1327//1327 1385//1385 1384//1384 
f 1326//1326 1384//1384 1383//1383 
f 1325//1325 1383//1383 1382//1382 
f 1324//1324 1382//1382 1381//1381 
f 1323//1323 1381//1381 1380//1380 
f 1322//1322 1380//1380 1379//1379 
f 1321//1321 1379//1379 1378//1378 
f 1320//1320 1378//1378 1377//1377 
f 1319//1319 1377//1377 1376//1376 
f 1318//1318 1376//1376 1375//1375 
f 1317//1317 1375//1375 1374//1374 
f 1316//1316 1374//1374 1373//1373 
f 1315//1315 1373//1373 1372//1372 
f 1314//1314 1372//1372 1371//1371 
f 1313//1313 1371//1371 1370//1370 
f 1312//1312 1370//1370 1369//1369 
f 1311//1311 1369//1369 1368//1368 
f 1310//1310 1368//1368 1367//1367 
f 1309//1309 1367//1367 1366//1366 
f 1308//1308 1366//1366 1365//1365 
f 1307//1307 1365//1365 1364//1364 
f 1306//1306 1364//1364 1363//1363 
f 1305//1305 1363//1363 1362//1362 
f 1304//1304 1362//1362 1361//1361 
f 1303//1303 1361//1361 1360//1360 
f 1302//1302 1360//1360 1359//1359 
f 1301//1301 1359//1359 1358//1358 
f 1300//1300 1358//1358 1357//1357 
f 1299//1299 1357//1357 1356//1356 
f 1298//1298 1356//1356 1355//1355 
f 1297//1297 1355//1355 1354//1354 
f 1296//1296 1354//1354 1353//1353 
f 1295//1295 1353//1353 1352//1352 
f 1294//1294 1352//1352 1351//1351 
f 1293//1293 1351//1351 1350//1350 
f 1292//1292 1350//1350 1349//1349 
f 1291//1291 1349//1349 1348//1348 
f 1290//1290 1348//1348 1347//1347 
f 1289//1289 1347//1347 1346//1346 
f 1288//1288 1346//1346 1345//1345 
f 1287//1287 1345//1345 1344//1344 
f 1286//1286 1344//1344 1343//1343 
f 1285//1285 1343//1343 1342//1342 
f 1284//1284 1342//1342 1341//1341 
f 1283//1283 1341//1341 1340//1340 
f 1282//1282 1340//1340 1339//1339 
f 1281//1281 1339//1339 1338//1338 
f 1223//1107 1280//1280 1337//1337 
f 1279//1275 1337//1337 1336//1336 
f 1278//1272 1336//1336 1335//1335 
f 1277//1269 1335//1335 1334//1334 
f 1276//1266 1334//1334 1333//1333 
f 1275//1263 1333//1333 1332//1332 
f 1274//1260 1332//1332 1331//1331 
f 1273//1257 1331//1331 1330//1330 
f 1272//1254 1330//1330 1329//1329 
f 1271//1251 1329//1329 1328//1328 
f 1270//1248 1328//1328 1327//1327 
f 1269//1245 1327//1327 1326//1326 
f 1268//1242 1326//1326 1325//1325 
f 1267//1239 1325//1325 1324//1324 
f 1266//1236 1324//1324 1323//1323 
f 1265//1233 1323//1323 1322//1322 
f 1264//1230 1322//1322 1321//1321 
f 1263//1227 1321//1321 1320//1320 
f 1262//1224 1320//1320 1319//1319 
f 1261//1221 1319//1319 1318//1318 
f 1260//1218 1318//1318 1317//1317 
f 1259//1215 1317//1317 1316//1316 
f 1258//1212 1316//1316 1315//1315 
f 1257//1209 1315//1315 1314//1314 
f 1256//1206 1314//1314 1313//1313 
f 1255//1203 1313//1313 1312//1312 
f 1254//1200 1312//1312 1311//1311 
f 1253//1197 1311//1311 1310//1310 
f 1252//1194 1310//1310 1309//1309 
f 1251//1191 1309//1309 1308//1308 
f 1250//1188 1308//1308 1307//1307 
f 1249//1185 1307//1307 1306//1306 
f 1248//1182 1306//1306 1305//1305 
f 1247//1179 1305//1305 1304//1304 
f 1246//1176 1304//1304 1303//1303 
f 1245//1173 1303//1303 1302//1302 
f 1244//1170 1302//1302 1301//1301 
f 1243//1167 1301//1301 1300//1300 
f 1242//1164 1300//1300 1299//1299 
f 1241//1161 1299//1299 1298//1298 
f 1240//1158 1298//1298 1297//1297 
f 1239//1155 1297//1297 1296//1296 
f 1238//1152 1296//1296 1295//1295 
f 1237//1149 1295//1295 1294//1294 
f 1236//1146 1294//1294 1293//1293 
f 1235//1143 1293//1293 1292//1292 
f 1234//1140 1292//1292 1291//1291 
f 1233//1137 1291//1291 1290//1290 
f 1232//1134 1290//1290 1289//1289 
f 1231//1131 1289//1289 1288//1288 
f 1230//1128 1288//1288 1287//1287 
f 1229//1125 1287//1287 1286//1286 
f 1228//1122 1286//1286 1285//1285 
f 1227//1119 1285//1285 1284//1284 
f 1226//1116 1284//1284 1283//1283 
f 1225//1113 1283//1283 1282//1282 
f 1224//1110 1282//1282 1281//1281 
f 1222//1106 1281//1281 1280//1280 
f 1220//1278 1107//1109 1223//1107 
f 1218//1276 1221//1279 1279//1275 
f 1216//1273 1219//1277 1278//1272 
f 1214//1270 1217//1274 1277//1269 
f 1212//1267 1215//1271 1276//1266 
f 1210//1264 1213//1268 1275//1263 
f 1208//1261 1211//1265 1274//1260 
f 1206//1258 1209//1262 1273//1257 
f 1204//1255 1207//1259 1272//1254 
f 1202//1252 1205//1256 1271//1251 
f 1200//1249 1203//1253 1270//1248 
f 1198//1246 1201//1250 1269//1245 
f 1196//1243 1199//1247 1268//1242 
f 1194//1240 1197//1244 1267//1239 
f 1192//1237 1195//1241 1266//1236 
f 1190//1234 1193//1238 1265//1233 
f 1188//1231 1191//1235 1264//1230 
f 1186//1228 1189//1232 1263//1227 
f 1184//1225 1187//1229 1262//1224 
f 1182//1222 1185//1226 1261//1221 
f 1180//1219 1183//1223 1260//1218 
f 1178//1216 1181//1220 1259//1215 
f 1176//1213 1179//1217 1258//1212 
f 1174//1210 1177//1214 1257//1209 
f 1172//1207 1175//1211 1256//1206 
f 1170//1204 1173//1208 1255//1203 
f 1168//1201 1171//1205 1254//1200 
f 1166//1198 1169//1202 1253//1197 
f 1164//1195 1167//1199 1252//1194 
f 1162//1192 1165//1196 1251//1191 
f 1160//1189 1163//1193 1250//1188 
f 1158//1186 1161//1190 1249//1185 
f 1156//1183 1159//1187 1248//1182 
f 1154//1180 1157//1184 1247//1179 
f 1152//1177 1155//1181 1246//1176 
f 1150//1174 1153//1178 1245//1173 
f 1148//1171 1151//1175 1244//1170 
f 1146//1168 1149//1172 1243//1167 
f 1144//1165 1147//1169 1242//1164 
f 1142//1162 1145//1166 1241//1161 
f 1140//1159 1143//1163 1240//1158 
f 1138//1156 1141//1160 1239//1155 
f 1136//1153 1139//1157 1238//1152 
f 1134//1150 1137//1154 1237//1149 
f 1132//1147 1135//1151 1236//1146 
f 1130//1144 1133//1148 1235//1143 
f 1128//1141 1131//1145 1234//1140 
f 1126//1138 1129//1142 1233//1137 
f 1124//1135 1127//1139 1232//1134 
f 1122//1132 1125//1136 1231//1131 
f 1120//1129 1123//1133 1230//1128 
f 1118//1126 1121//1130 1229//1125 
f 1116//1123 1119//1127 1228//1122 
f 1114//1120 1117//1124 1227//1119 
f 1112//1117 1115//1121 1226//1116 
f 1110//1114 1113//1118 1225//1113 
f 1108//1111 1111//1115 1224//1110 
f 1106//1108 1109//1112 1222//1106 
o mesh5
f 2034//2035 2035//2036 1109//2037 
f 2035//2036 1108//2038 1109//2037 
f 2035//2036 2036//2039 1111//2040 
f 2036//2039 1110//2041 1111//2040 
f 2036//2039 2037//2042 1113//2043 
f 2037//2042 1112//2044 1113//2043 
f 2037//2042 2038//2045 1115//2046 
f 2038//2045 1114//2047 1115//2046 
f 2038//2045 2039//2048 1117//2049 
f 2039//2048 1116//2050 1117//2049 
f 2039//2048 2040//2051 1119//2052 
f 2040//2051 1118//2053 1119//2052 
f 2040//2051 2041//2054 1121//2055 
f 2041//2054 1120//2056 1121//2055 
f 2041//2054 2042//2057 1123//2058 
f 2042//2057 1122//2059 1123//2058 
f 2042//2057 2043//2060 1125//2061 
f 2043//2060 1124//2062 1125//2061 
f 2043//2060 2044//2063 1127//2064 
f 2044//2063 1126//2065 1127//2064 
f 2044//2063 2045//2066 1129//2067 
f 2045//2066 1128//2068 1129//2067 
f 2045//2066 2046//2069 1131//2070 
f 2046//2069 1130//2071 1131//2070 
f 2046//2069 2047//2072 1133//2073 
f 2047//2072 1132//2074 1133//2073 
f 2047//2072 2048//2075 1135//2076 
f 2048//2075 1134//2077 1135//2076 
f 2048//2075 2049//2078 1137//2079 
f 2049//2078 1136//2080 1137//2079 
f 2049//2078 2050//2081 1139//2082 
f 2050//2081 1138//2083 1139//2082 
f 2050//2081 2051//2084 1141//2085 
f 2051//2084 1140//2086 1141//2085 
f 2051//2084 2052//2087 1143//2088 
f 2052//2087 1142//2089 1143//2088 
f 2052//2087 2053//2090 1145//2091 
f 2053//2090 1144//2092 1145//2091 
f 2053//2090 2054//2093 1147//2094 
f 2054//2093 1146//2095 1147//2094 
f 2054//2093 2055//2096 1149//2097 
f 2055//2096 1148//2098 1149//2097 
f 2055//2096 2056//2099 1151//2100 
f 2056//2099 1150//2101 1151//2100 
f 2056//2099 2057//2102 1153//2103 
f 2057//2102 1152//2104 1153//2103 
f 2057//2102 2058//2105 1155//2106 
f 2058//2105 1154//2107 1155//2106 
f 2058//2105 2059//2108 1157//2109 
f 2059//2108 1156//2110 1157//2109 
f 2059//2108 2060//2111 1159//2112 
f 2060//2111 1158//2113 1159//2112 
f 2060//2111 2061//2114 1161//2115 
f 2061//2114 1160//2116 1161//2115 
f 2061//2114 2062//2117 1163//2118 
f 2062//2117 1162//2119 1163//2118 
f 2062//2117 2063//2120 1165//2121 
f 2063//2120 1164//2122 1165//2121 
f 2063//2120 2064//2123 1167//2124 
f 2064//2123 1166//2125 1167//2124 
f 2064//2123 2065//2126 1169//2127 
f 2065//2126 1168//2128 1169//2127 
f 2065//2126 2066//2129 1171//2130 
f 2066//2129 1170//2131 1171//2130 
f 2066//2129 2067//2132 1173//2133 
f 2067//2132 1172//2134 1173//2133 
f 2067//2132 2068//2135 1175//2136 
f 2068//2135 1174//2137 1175//2136 
f 2068//2135 2069//2138 1177//2139 
f 2069//2138 1176//2140 1177//2139 
f 2069//2138 2070//2141 1179//2142 
f 2070//2141 1178//2143 1179//2142 
f 2070//2141 2071//2144 1181//2145 
f 2071//2144 1180//2146 1181//2145 
f 2071//2144 2072//2147 1183//2148 
f 2072//2147 1182//2149 1183//2148 
f 2072//2147 2073//2150 1185//2151 
f 2073//2150 1184//2152 1185//2151 
f 2073//2150 2074//2153 1187//2154 
f 2074//2153 1186//2155 1187//2154 
f 2074//2153 2075//2156 1189//2157 
f 2075//2156 1188//2158 1189//2157 
f 2075//2156 2076//2159 1191//2160 
f 2076//2159 1190//2161 1191//2160 
f 2076//2159 2077//2162 1193//2163 
f 2077//2162 1192//2164 1193//2163 
f 2077//2162 2078//2165 1195//2166 
f 2078//2165 1194//2167 1195//2166 
f 2078//2165 2079//2168 1197//2169 
f 2079//2168 1196//2170 1197//2169 
f 2079//2168 2080//2171 1199//2172 
f 2080//2171 1198//2173 1199//2172 
f 2080//2171 2081//2174 1201//2175 
f 2081//2174 1200//2176 1201//2175 
f 2081//2174 2082//2177 1203//2178 
f 2082//2177 1202//2179 1203//2178 
f 2082//2177 2083//2180 1205//2181 
f 2083//2180 1204//2182 1205//2181 
f 2083//2180 2084//2183 1207//2184 
f 2084//2183 1206//2185 1207//2184 
f 2084//2183 2085//2186 1209//2187 
f 2085//2186 1208//2188 1209//2187 
f 2085//2186 2086//2189 1211//2190 
f 2086//2189 1210//2191 1211//2190 
f 2086//2189 2087//2192 1213//2193 
f 2087//2192 1212//2194 1213//2193 
f 2087//2192 2088//2195 1215//2196 
f 2088//2195 1214//2197 1215//2196 
f 2088//2195 2089//2198 1217//2199 
f 2089//2198 1216//2200 1217//2199 
f 2089//2198 2090//2201 1219//2202 
f 2090//2201 1218//2203 1219//2202 
f 2090//2201 2091//2204 1221//2205 
f 2091//2204 1220//2206 1221//2205 
f 2091//2204 2034//2035 1107//2207 
f 2034//2035 1106//2208 1107//2207 
f 1107//2207 1220//2206 2091//2204 
f 1221//2205 1218//2203 2090//2201 
f 1219//2202 1216//2200 2089//2198 
f 1217//2199 1214//2197 2088//2195 
f 1215//2196 1212//2194 2087//2192 
f 1213//2193 1210//2191 2086//2189 
f 1211//2190 1208//2188 2085//2186 
f 1209//2187 1206//2185 2084//2183 
f 1207//2184 1204//2182 2083//2180 
f 1205//2181 1202//2179 2082//2177 
f 1203//2178 1200//2176 2081//2174 
f 1201//2175 1198//2173 2080//2171 
f 1199//2172 1196//2170 2079//2168 
f 1197//2169 1194//2167 2078//2165 
f 1195//2166 1192//2164 2077//2162 
f 1193//2163 1190//2161 2076//2159 
f 1191//2160 1188//2158 2075//2156 
f 1189//2157 1186//2155 2074//2153 
f 1187//2154 1184//2152 2073//2150 
f 1185//2151 1182//2149 2072//2147 
f 1183//2148 1180//2146 2071//2144 
f 1181//2145 1178//2143 2070//2141 
f 1179//2142 1176//2140 2069//2138 
f 1177//2139 1174//2137 2068//2135 
f 1175//2136 1172//2134 2067//2132 
f 1173//2133 1170//2131 2066//2129 
f 1171//2130 1168//2128 2065//2126 
f 1169//2127 1166//2125 2064//2123 
f 1167//2124 1164//2122 2063//2120 
f 1165//2121 1162//2119 2062//2117 
f 1163//2118 1160//2116 2061//2114 
f 1161//2115 1158//2113 2060//2111 
f 1159//2112 1156//2110 2059//2108 
f 1157//2109 1154//2107 2058//2105 
f 1155//2106 1152//2104 2057//2102 
f 1153//2103 1150//2101 2056//2099 
f 1151//2100 1148//2098 2055//2096 
f 1149//2097 1146//2095 2054//2093 
f 1147//2094 1144//2092 2053//2090 
f 1145//2091 1142//2089 2052//2087 
f 1143//2088 1140//2086 2051//2084 
f 1141//2085 1138//2083 2050//2081 
f 1139//2082 1136//2080 2049//2078 
f 1137//2079 1134//2077 2048//2075 
f 1135//2076 1132//2074 2047//2072 
f 1133//2073 1130//2071 2046//2069 
f 1131//2070 1128//2068 2045//2066 
f 1129//2067 1126//2065 2044//2063 
f 1127//2064 1124//2062 2043//2060 
f 1125//2061 1122//2059 2042//2057 
f 1123//2058 1120//2056 2041//2054 
f 1121//2055 1118//2053 2040//2051 
f 1119//2052 1116//2050 2039//2048 
f 1117//2049 1114//2047 2038//2045 
f 1115//2046 1112//2044 2037//2042 
f 1113//2043 1110//2041 2036//2039 
f 1111//2040 1108//2038 2035//2036 
f 1109//2037 1106//2208 2034//2035 
o mesh6
f 2092//2209 2093//2209 2061//2209 
f 2094//2209 2043//2209 2042//2209 
f 2054//2209 2095//2209 2096//2209 
f 2060//2209 2097//2209 2092//2209 
f 2098//2209 2095//2209 2043//2209 
f 2042//2209 2099//2209 2100//2209 
f 2095//2209 2048//2209 2047//2209 
f 2095//2209 2052//2209 2051//2209 
f 2096//2209 2101//2209 2054//2209 
f 2102//2209 2103//2209 2104//2209 
f 2105//2209 2058//2209 2057//2209 
f 2060//2209 2105//2209 2097//2209 
f 2042//2209 2100//2209 2094//2209 
f 2095//2209 2049//2209 2048//2209 
f 2095//2209 2053//2209 2052//2209 
f 2054//2209 2053//2209 2095//2209 
f 2095//2209 2102//2209 2106//2209 
f 2102//2209 2095//2209 2103//2209 
f 2107//2209 2104//2209 2108//2209 
f 2109//2209 2108//2209 2110//2209 
f 2111//2209 2112//2209 2113//2209 
f 2114//2209 2111//2209 2115//2209 
f 2057//2209 2056//2209 2105//2209 
f 2061//2209 2060//2209 2092//2209 
f 2095//2209 2044//2209 2043//2209 
f 2095//2209 2046//2209 2045//2209 
f 2095//2209 2050//2209 2049//2209 
f 2101//2209 2105//2209 2054//2209 
f 2104//2209 2107//2209 2102//2209 
f 2110//2209 2116//2209 2109//2209 
f 2116//2209 2110//2209 2117//2209 
f 2118//2209 2117//2209 2119//2209 
f 2120//2209 2119//2209 2121//2209 
f 2115//2209 2122//2209 2114//2209 
f 2123//2209 2114//2209 2122//2209 
f 2124//2209 2123//2209 2125//2209 
f 2126//2209 2124//2209 2127//2209 
f 2128//2209 2129//2209 2130//2209 
f 2063//2209 2062//2209 2131//2209 
f 2056//2209 2055//2209 2105//2209 
f 2060//2209 2059//2209 2105//2209 
f 2045//2209 2044//2209 2095//2209 
f 2051//2209 2050//2209 2095//2209 
f 2106//2209 2132//2209 2095//2209 
f 2117//2209 2133//2209 2116//2209 
f 2119//2209 2120//2209 2118//2209 
f 2121//2209 2134//2209 2135//2209 
f 2122//2209 2125//2209 2123//2209 
f 2127//2209 2136//2209 2126//2209 
f 2137//2209 2126//2209 2136//2209 
f 2138//2209 2137//2209 2139//2209 
f 2140//2209 2138//2209 2141//2209 
f 2129//2209 2140//2209 2142//2209 
f 2130//2209 2143//2209 2128//2209 
f 2062//2209 2144//2209 2131//2209 
f 2098//2209 2145//2209 2146//2209 
f 2059//2209 2058//2209 2105//2209 
f 2047//2209 2046//2209 2095//2209 
f 2108//2209 2109//2209 2107//2209 
f 2121//2209 2135//2209 2120//2209 
f 2147//2209 2148//2209 2149//2209 
f 2150//2209 2151//2209 2152//2209 
f 2153//2209 2151//2209 2150//2209 
f 2154//2209 2155//2209 2156//2209 
f 2113//2209 2115//2209 2111//2209 
f 2136//2209 2139//2209 2137//2209 
f 2141//2209 2142//2209 2140//2209 
f 2143//2209 2157//2209 2128//2209 
f 2131//2209 2158//2209 2063//2209 
f 2145//2209 2128//2209 2157//2209 
f 2146//2209 2159//2209 2098//2209 
f 2043//2209 2094//2209 2098//2209 
f 2118//2209 2133//2209 2117//2209 
f 2160//2209 2161//2209 2162//2209 
f 2163//2209 2164//2209 2072//2209 
f 2149//2209 2165//2209 2147//2209 
f 2150//2209 2156//2209 2153//2209 
f 2156//2209 2113//2209 2154//2209 
f 2125//2209 2127//2209 2124//2209 
f 2142//2209 2130//2209 2129//2209 
f 2061//2209 2166//2209 2144//2209 
f 2159//2209 2095//2209 2098//2209 
f 2132//2209 2096//2209 2095//2209 
f 2134//2209 2121//2209 2167//2209 
f 2168//2209 2167//2209 2160//2209 
f 2162//2209 2169//2209 2160//2209 
f 2164//2209 2073//2209 2072//2209 
f 2170//2209 2171//2209 2172//2209 
f 2147//2209 2173//2209 2148//2209 
f 2147//2209 2150//2209 2174//2209 
f 2155//2209 2153//2209 2156//2209 
f 2139//2209 2141//2209 2138//2209 
f 2061//2209 2093//2209 2166//2209 
f 2055//2209 2054//2209 2105//2209 
f 2167//2209 2168//2209 2175//2209 
f 2169//2209 2176//2209 2160//2209 
f 2072//2209 2177//2209 2178//2209 
f 2164//2209 2076//2209 2075//2209 
f 2179//2209 2180//2209 2181//2209 
f 2182//2209 2181//2209 2183//2209 
f 2184//2209 2183//2209 2171//2209 
f 2172//2209 2185//2209 2170//2209 
f 2172//2209 2186//2209 2187//2209 
f 2165//2209 2188//2209 2189//2209 
f 2174//2209 2173//2209 2147//2209 
f 2112//2209 2154//2209 2113//2209 
f 2157//2209 2146//2209 2145//2209 
f 2160//2209 2176//2209 2168//2209 
f 2041//2209 2190//2209 2191//2209 
f 2192//2209 2193//2209 2194//2209 
f 2195//2209 2193//2209 2192//2209 
f 2196//2209 2197//2209 2198//2209 
f 2164//2209 2074//2209 2073//2209 
f 2164//2209 2077//2209 2076//2209 
f 2199//2209 2068//2209 2067//2209 
f 2177//2209 2070//2209 2069//2209 
f 2177//2209 2072//2209 2071//2209 
f 2063//2209 2158//2209 2200//2209 
f 2201//2209 2202//2209 2180//2209 
f 2181//2209 2182//2209 2179//2209 
f 2183//2209 2184//2209 2203//2209 
f 2170//2209 2204//2209 2171//2209 
f 2187//2209 2205//2209 2172//2209 
f 2165//2209 2206//2209 2188//2209 
f 2152//2209 2174//2209 2150//2209 
f 2167//2209 2175//2209 2134//2209 
f 2099//2209 2042//2209 2041//2209 
f 2191//2209 2207//2209 2041//2209 
f 2192//2209 2208//2209 2195//2209 
f 2209//2209 2210//2209 2211//2209 
f 2212//2209 2209//2209 2213//2209 
f 2197//2209 2212//2209 2214//2209 
f 2198//2209 2215//2209 2196//2209 
f 2072//2209 2178//2209 2163//2209 
f 2164//2209 2078//2209 2077//2209 
f 2067//2209 2216//2209 2199//2209 
f 2071//2209 2070//2209 2177//2209 
f 2216//2209 2066//2209 2065//2209 
f 2200//2209 2064//2209 2063//2209 
f 2179//2209 2217//2209 2180//2209 
f 2171//2209 2204//2209 2184//2209 
f 2186//2209 2218//2209 2187//2209 
f 2189//2209 2186//2209 2165//2209 
f 2062//2209 2061//2209 2144//2209 
f 2207//2209 2219//2209 2041//2209 
f 2194//2209 2161//2209 2192//2209 
f 2164//2209 2080//2209 2079//2209 
f 2210//2209 2220//2209 2221//2209 
f 2213//2209 2214//2209 2212//2209 
f 2215//2209 2164//2209 2196//2209 
f 2075//2209 2074//2209 2164//2209 
f 2069//2209 2068//2209 2177//2209 
f 2216//2209 2067//2209 2066//2209 
f 2200//2209 2222//2209 2064//2209 
f 2183//2209 2203//2209 2182//2209 
f 2189//2209 2218//2209 2186//2209 
f 2041//2209 2219//2209 2099//2209 
f 2194//2209 2223//2209 2161//2209 
f 2224//2209 2225//2209 2226//2209 
f 2227//2209 2228//2209 2229//2209 
f 2230//2209 2231//2209 2232//2209 
f 2233//2209 2230//2209 2234//2209 
f 2164//2209 2081//2209 2080//2209 
f 2235//2209 2087//2209 2086//2209 
f 2236//2209 2036//2209 2035//2209 
f 2236//2209 2038//2209 2037//2209 
f 2211//2209 2213//2209 2209//2209 
f 2163//2209 2196//2209 2164//2209 
f 2065//2209 2237//2209 2216//2209 
f 2237//2209 2065//2209 2064//2209 
f 2205//2209 2185//2209 2172//2209 
f 2223//2209 2162//2209 2161//2209 
f 2041//2209 2238//2209 2239//2209 
f 2226//2209 2229//2209 2224//2209 
f 2229//2209 2232//2209 2227//2209 
f 2234//2209 2240//2209 2233//2209 
f 2241//2209 2233//2209 2240//2209 
f 2242//2209 2241//2209 2243//2209 
f 2220//2209 2242//2209 2244//2209 
f 2164//2209 2082//2209 2081//2209 
f 2164//2209 2084//2209 2083//2209 
f 2086//2209 2164//2209 2235//2209 
f 2091//2209 2245//2209 2236//2209 
f 2037//2209 2036//2209 2236//2209 
f 2246//2209 2247//2209 2248//2209 
f 2249//2209 2248//2209 2250//2209 
f 2251//2209 2252//2209 2253//2209 
f 2214//2209 2198//2209 2197//2209 
f 2222//2209 2237//2209 2064//2209 
f 2149//2209 2206//2209 2165//2209 
f 2041//2209 2236//2209 2238//2209 
f 2254//2209 2255//2209 2256//2209 
f 2228//2209 2224//2209 2229//2209 
f 2240//2209 2243//2209 2241//2209 
f 2244//2209 2221//2209 2220//2209 
f 2083//2209 2082//2209 2164//2209 
f 2086//2209 2085//2209 2164//2209 
f 2235//2209 2090//2209 2089//2209 
f 2091//2209 2235//2209 2245//2209 
f 2236//2209 2039//2209 2038//2209 
f 2236//2209 2041//2209 2040//2209 
f 2164//2209 2257//2209 2258//2209 
f 2164//2209 2259//2209 2260//2209 
f 2250//2209 2251//2209 2249//2209 
f 2251//2209 2250//2209 2252//2209 
f 2261//2209 2253//2209 2262//2209 
f 2263//2209 2262//2209 2202//2209 
f 2199//2209 2177//2209 2068//2209 
f 2239//2209 2190//2209 2041//2209 
f 2256//2209 2208//2209 2254//2209 
f 2254//2209 2226//2209 2264//2209 
f 2232//2209 2231//2209 2227//2209 
f 2243//2209 2244//2209 2242//2209 
f 2085//2209 2084//2209 2164//2209 
f 2089//2209 2088//2209 2235//2209 
f 2236//2209 2034//2209 2091//2209 
f 2040//2209 2039//2209 2236//2209 
f 2260//2209 2257//2209 2164//2209 
f 2259//2209 2164//2209 2247//2209 
f 2253//2209 2261//2209 2251//2209 
f 2202//2209 2201//2209 2263//2209 
f 2180//2209 2217//2209 2201//2209 
f 2254//2209 2265//2209 2255//2209 
f 2226//2209 2266//2209 2264//2209 
f 2232//2209 2234//2209 2230//2209 
f 2088//2209 2087//2209 2235//2209 
f 2035//2209 2034//2209 2236//2209 
f 2247//2209 2246//2209 2259//2209 
f 2262//2209 2263//2209 2261//2209 
f 2256//2209 2195//2209 2208//2209 
f 2225//2209 2266//2209 2226//2209 
f 2091//2209 2090//2209 2235//2209 
f 2248//2209 2249//2209 2246//2209 
f 2264//2209 2265//2209 2254//2209 
f 2258//2209 2235//2209 2164//2209 
f 2079//2209 2078//2209 2164//2209 
f 2221//2209 2211//2209 2210//2209 
o mesh7
f 2383//2210 2384//2211 2267//2212 
f 2384//2211 2268//2213 2267//2212 
f 2385//2214 2383//2210 2269//2215 
f 2383//2210 2270//2216 2269//2215 
f 2386//2217 2385//2214 2271//2218 
f 2385//2214 2272//2219 2271//2218 
f 2387//2220 2386//2217 2273//2221 
f 2386//2217 2274//2222 2273//2221 
f 2388//2223 2387//2220 2275//2224 
f 2387//2220 2276//2225 2275//2224 
f 2389//2226 2388//2223 2277//2227 
f 2388//2223 2278//2228 2277//2227 
f 2390//2229 2389//2226 2279//2230 
f 2389//2226 2280//2231 2279//2230 
f 2391//2232 2390//2229 2281//2233 
f 2390//2229 2282//2234 2281//2233 
f 2392//2235 2391//2232 2283//2236 
f 2391//2232 2284//2237 2283//2236 
f 2393//2238 2392//2235 2285//2239 
f 2392//2235 2286//2240 2285//2239 
f 2394//2241 2393//2238 2287//2242 
f 2393//2238 2288//2243 2287//2242 
f 2395//2244 2394//2241 2289//2245 
f 2394//2241 2290//2246 2289//2245 
f 2396//2247 2395//2244 2291//2248 
f 2395//2244 2292//2249 2291//2248 
f 2397//2250 2396//2247 2293//2251 
f 2396//2247 2294//2252 2293//2251 
f 2398//2253 2397//2250 2295//2254 
f 2397//2250 2296//2255 2295//2254 
f 2399//2256 2398//2253 2297//2257 
f 2398//2253 2298//2258 2297//2257 
f 2400//2259 2399//2256 2299//2260 
f 2399//2256 2300//2261 2299//2260 
f 2401//2262 2400//2259 2301//2263 
f 2400//2259 2302//2264 2301//2263 
f 2402//2265 2401//2262 2303//2266 
f 2401//2262 2304//2267 2303//2266 
f 2403//2268 2402//2265 2305//2269 
f 2402//2265 2306//2270 2305//2269 
f 2404//2271 2403//2268 2307//2272 
f 2403//2268 2308//2273 2307//2272 
f 2405//2274 2404//2271 2309//2275 
f 2404//2271 2310//2276 2309//2275 
f 2406//2277 2405//2274 2311//2278 
f 2405//2274 2312//2279 2311//2278 
f 2407//2280 2406//2277 2313//2281 
f 2406//2277 2314//2282 2313//2281 
f 2408//2283 2407//2280 2315//2284 
f 2407//2280 2316//2285 2315//2284 
f 2409//2286 2408//2283 2317//2287 
f 2408//2283 2318//2288 2317//2287 
f 2410//2289 2409//2286 2319//2290 
f 2409//2286 2320//2291 2319//2290 
f 2411//2292 2410//2289 2321//2293 
f 2410//2289 2322//2294 2321//2293 
f 2412//2295 2411//2292 2323//2296 
f 2411//2292 2324//2297 2323//2296 
f 2413//2298 2412//2295 2325//2299 
f 2412//2295 2326//2300 2325//2299 
f 2414//2301 2413//2298 2327//2302 
f 2413//2298 2328//2303 2327//2302 
f 2415//2304 2414//2301 2329//2305 
f 2414//2301 2330//2306 2329//2305 
f 2416//2307 2415//2304 2331//2308 
f 2415//2304 2332//2309 2331//2308 
f 2417//2310 2416//2307 2333//2311 
f 2416//2307 2334//2312 2333//2311 
f 2418//2313 2417//2310 2335//2314 
f 2417//2310 2336//2315 2335//2314 
f 2419//2316 2418//2313 2337//2317 
f 2418//2313 2338//2318 2337//2317 
f 2420//2319 2419//2316 2339//2320 
f 2419//2316 2340//2321 2339//2320 
f 2421//2322 2420//2319 2341//2323 
f 2420//2319 2342//2324 2341//2323 
f 2422//2325 2421//2322 2343//2326 
f 2421//2322 2344//2327 2343//2326 
f 2423//2328 2422//2325 2345//2329 
f 2422//2325 2346//2330 2345//2329 
f 2424//2331 2423//2328 2347//2332 
f 2423//2328 2348//2333 2347//2332 
f 2425//2334 2424//2331 2349//2335 
f 2424//2331 2350//2336 2349//2335 
f 2426//2337 2425//2334 2351//2338 
f 2425//2334 2352//2339 2351//2338 
f 2427//2340 2426//2337 2353//2341 
f 2426//2337 2354//2342 2353//2341 
f 2428//2343 2427//2340 2355//2344 
f 2427//2340 2356//2345 2355//2344 
f 2429//2346 2428//2343 2357//2347 
f 2428//2343 2358//2348 2357//2347 
f 2430//2349 2429//2346 2359//2350 
f 2429//2346 2360//2351 2359//2350 
f 2431//2352 2430//2349 2361//2353 
f 2430//2349 2362//2354 2361//2353 
f 2432//2355 2431//2352 2363//2356 
f 2431//2352 2364//2357 2363//2356 
f 2433//2358 2432//2355 2365//2359 
f 2432//2355 2366//2360 2365//2359 
f 2434//2361 2433//2358 2367//2362 
f 2433//2358 2368//2363 2367//2362 
f 2435//2364 2434//2361 2369//2365 
f 2434//2361 2370//2366 2369//2365 
f 2436//2367 2435//2364 2371//2368 
f 2435//2364 2372//2369 2371//2368 
f 2437//2370 2436//2367 2373//2371 
f 2436//2367 2374//2372 2373//2371 
f 2438//2373 2437//2370 2375//2374 
f 2437//2370 2376//2375 2375//2374 
f 2439//2376 2438//2373 2377//2377 
f 2438//2373 2378//2378 2377//2377 
f 2440//2379 2439//2376 2379//2380 
f 2439//2376 2380//2381 2379//2380 
f 2384//2211 2440//2379 2381//2382 
f 2440//2379 2382//2383 2381//2382 
f 2441//2384 2384//2211 2383//2210 
f 2442//2385 2383//2210 2385//2214 
f 2443//2386 2385//2214 2386//2217 
f 2444//2387 2386//2217 2387//2220 
f 2445//2388 2387//2220 2388//2223 
f 2446//2389 2388//2223 2389//2226 
f 2447//2390 2389//2226 2390//2229 
f 2448//2391 2390//2229 2391//2232 
f 2449//2392 2391//2232 2392//2235 
f 2450//2393 2392//2235 2393//2238 
f 2451//2394 2393//2238 2394//2241 
f 2452//2395 2394//2241 2395//2244 
f 2453//2396 2395//2244 2396//2247 
f 2454//2397 2396//2247 2397//2250 
f 2455//2398 2397//2250 2398//2253 
f 2456//2399 2398//2253 2399//2256 
f 2457//2400 2399//2256 2400//2259 
f 2458//2401 2400//2259 2401//2262 
f 2459//2402 2401//2262 2402//2265 
f 2460//2403 2402//2265 2403//2268 
f 2461//2404 2403//2268 2404//2271 
f 2462//2405 2404//2271 2405//2274 
f 2463//2406 2405//2274 2406//2277 
f 2464//2407 2406//2277 2407//2280 
f 2465//2408 2407//2280 2408//2283 
f 2466//2409 2408//2283 2409//2286 
f 2467//2410 2409//2286 2410//2289 
f 2468//2411 2410//2289 2411//2292 
f 2469//2412 2411//2292 2412//2295 
f 2470//2413 2412//2295 2413//2298 
f 2471//2414 2413//2298 2414//2301 
f 2472//2415 2414//2301 2415//2304 
f 2473//2416 2415//2304 2416//2307 
f 2474//2417 2416//2307 2417//2310 
f 2475//2418 2417//2310 2418//2313 
f 2476//2419 2418//2313 2419//2316 
f 2477//2420 2419//2316 2420//2319 
f 2478//2421 2420//2319 2421//2322 
f 2479//2422 2421//2322 2422//2325 
f 2480//2423 2422//2325 2423//2328 
f 2481//2424 2423//2328 2424//2331 
f 2482//2425 2424//2331 2425//2334 
f 2483//2426 2425//2334 2426//2337 
f 2484//2427 2426//2337 2427//2340 
f 2485//2428 2427//2340 2428//2343 
f 2486//2429 2428//2343 2429//2346 
f 2487//2430 2429//2346 2430//2349 
f 2488//2431 2430//2349 2431//2352 
f 2489//2432 2431//2352 2432//2355 
f 2490//2433 2432//2355 2433//2358 
f 2491//2434 2433//2358 2434//2361 
f 2492//2435 2434//2361 2435//2364 
f 2493//2436 2435//2364 2436//2367 
f 2494//2437 2436//2367 2437//2370 
f 2495//2438 2437//2370 2438//2373 
f 2496//2439 2438//2373 2439//2376 
f 2497//2440 2439//2376 2440//2379 
f 2498//2441 2440//2379 2384//2211 
f 2499//2442 2441//2384 2442//2385 
f 2500//2443 2442//2385 2443//2386 
f 2501//2444 2443//2386 2444//2387 
f 2502//2445 2444//2387 2445//2388 
f 2503//2446 2445//2388 2446//2389 
f 2504//2447 2446//2389 2447//2390 
f 2505//2448 2447//2390 2448//2391 
f 2506//2449 2448//2391 2449//2392 
f 2507//2450 2449//2392 2450//2393 
f 2508//2451 2450//2393 2451//2394 
f 2509//2452 2451//2394 2452//2395 
f 2510//2453 2452//2395 2453//2396 
f 2511//2454 2453//2396 2454//2397 
f 2512//2455 2454//2397 2455//2398 
f 2513//2456 2455//2398 2456//2399 
f 2514//2457 2456//2399 2457//2400 
f 2515//2458 2457//2400 2458//2401 
f 2516//2459 2458//2401 2459//2402 
f 2517//2460 2459//2402 2460//2403 
f 2518//2461 2460//2403 2461//2404 
f 2519//2462 2461//2404 2462//2405 
f 2520//2463 2462//2405 2463//2406 
f 2521//2464 2463//2406 2464//2407 
f 2522//2465 2464//2407 2465//2408 
f 2523//2466 2465//2408 2466//2409 
f 2524//2467 2466//2409 2467//2410 
f 2525//2468 2467//2410 2468//2411 
f 2526//2469 2468//2411 2469//2412 
f 2527//2470 2469//2412 2470//2413 
f 2528//2471 2470//2413 2471//2414 
f 2529//2472 2471//2414 2472//2415 
f 2530//2473 2472//2415 2473//2416 
f 2531//2474 2473//2416 2474//2417 
f 2532//2475 2474//2417 2475//2418 
f 2533//2476 2475//2418 2476//2419 
f 2534//2477 2476//2419 2477//2420 
f 2535//2478 2477//2420 2478//2421 
f 2536//2479 2478//2421 2479//2422 
f 2537//2480 2479//2422 2480//2423 
f 2538//2481 2480//2423 2481//2424 
f 2539//2482 2481//2424 2482//2425 
f 2540//2483 2482//2425 2483//2426 
f 2541//2484 2483//2426 2484//2427 
f 2542//2485 2484//2427 2485//2428 
f 2543//2486 2485//2428 2486//2429 
f 2544//2487 2486//2429 2487//2430 
f 2545//2488 2487//2430 2488//2431 
f 2546//2489 2488//2431 2489//2432 
f 2547//2490 2489//2432 2490//2433 
f 2548//2491 2490//2433 2491//2434 
f 2549//2492 2491//2434 2492//2435 
f 2550//2493 2492//2435 2493//2436 
f 2551//2494 2493//2436 2494//2437 
f 2552//2495 2494//2437 2495//2438 
f 2553//2496 2495//2438 2496//2439 
f 2554//2497 2496//2439 2497//2440 
f 2555//2498 2497//2440 2498//2441 
f 2556//2499 2498//2441 2441//2384 
f 2557//2500 2499//2442 2500//2443 
f 2558//2501 2500//2443 2501//2444 
f 2559//2502 2501//2444 2502//2445 
f 2560//2503 2502//2445 2503//2446 
f 2561//2504 2503//2446 2504//2447 
f 2562//2505 2504//2447 2505//2448 
f 2563//2506 2505//2448 2506//2449 
f 2564//2507 2506//2449 2507//2450 
f 2565//2508 2507//2450 2508//2451 
f 2566//2509 2508//2451 2509//2452 
f 2567//2510 2509//2452 2510//2453 
f 2568//2511 2510//2453 2511//2454 
f 2569//2512 2511//2454 2512//2455 
f 2570//2513 2512//2455 2513//2456 
f 2571//2514 2513//2456 2514//2457 
f 2572//2515 2514//2457 2515//2458 
f 2573//2516 2515//2458 2516//2459 
f 2574//2517 2516//2459 2517//2460 
f 2575//2518 2517//2460 2518//2461 
f 2576//2519 2518//2461 2519//2462 
f 2577//2520 2519//2462 2520//2463 
f 2578//2521 2520//2463 2521//2464 
f 2579//2522 2521//2464 2522//2465 
f 2580//2523 2522//2465 2523//2466 
f 2581//2524 2523//2466 2524//2467 
f 2582//2525 2524//2467 2525//2468 
f 2583//2526 2525//2468 2526//2469 
f 2584//2527 2526//2469 2527//2470 
f 2585//2528 2527//2470 2528//2471 
f 2586//2529 2528//2471 2529//2472 
f 2587//2530 2529//2472 2530//2473 
f 2588//2531 2530//2473 2531//2474 
f 2589//2532 2531//2474 2532//2475 
f 2590//2533 2532//2475 2533//2476 
f 2591//2534 2533//2476 2534//2477 
f 2592//2535 2534//2477 2535//2478 
f 2593//2536 2535//2478 2536//2479 
f 2594//2537 2536//2479 2537//2480 
f 2595//2538 2537//2480 2538//2481 
f 2596//2539 2538//2481 2539//2482 
f 2597//2540 2539//2482 2540//2483 
f 2598//2541 2540//2483 2541//2484 
f 2599//2542 2541//2484 2542//2485 
f 2600//2543 2542//2485 2543//2486 
f 2601//2544 2543//2486 2544//2487 
f 2602//2545 2544//2487 2545//2488 
f 2603//2546 2545//2488 2546//2489 
f 2604//2547 2546//2489 2547//2490 
f 2605//2548 2547//2490 2548//2491 
f 2606//2549 2548//2491 2549//2492 
f 2607//2550 2549//2492 2550//2493 
f 2608//2551 2550//2493 2551//2494 
f 2609//2552 2551//2494 2552//2495 
f 2610//2553 2552//2495 2553//2496 
f 2611//2554 2553//2496 2554//2497 
f 2612//2555 2554//2497 2555//2498 
f 2613//2556 2555//2498 2556//2499 
f 2614//2557 2556//2499 2499//2442 
f 2615//2558 2557//2500 2558//2501 
f 2616//2559 2558//2501 2559//2502 
f 2617//2560 2559//2502 2560//2503 
f 2618//2561 2560//2503 2561//2504 
f 2619//2562 2561//2504 2562//2505 
f 2620//2563 2562//2505 2563//2506 
f 2621//2564 2563//2506 2564//2507 
f 2622//2565 2564//2507 2565//2508 
f 2623//2566 2565//2508 2566//2509 
f 2624//2567 2566//2509 2567//2510 
f 2625//2568 2567//2510 2568//2511 
f 2626//2569 2568//2511 2569//2512 
f 2627//2570 2569//2512 2570//2513 
f 2628//2571 2570//2513 2571//2514 
f 2629//2572 2571//2514 2572//2515 
f 2630//2573 2572//2515 2573//2516 
f 2631//2574 2573//2516 2574//2517 
f 2632//2575 2574//2517 2575//2518 
f 2633//2576 2575//2518 2576//2519 
f 2634//2577 2576//2519 2577//2520 
f 2635//2578 2577//2520 2578//2521 
f 2636//2579 2578//2521 2579//2522 
f 2637//2580 2579//2522 2580//2523 
f 2638//2581 2580//2523 2581//2524 
f 2639//2582 2581//2524 2582//2525 
f 2640//2583 2582//2525 2583//2526 
f 2641//2584 2583//2526 2584//2527 
f 2642//2585 2584//2527 2585//2528 
f 2643//2586 2585//2528 2586//2529 
f 2644//2587 2586//2529 2587//2530 
f 2645//2588 2587//2530 2588//2531 
f 2646//2589 2588//2531 2589//2532 
f 2647//2590 2589//2532 2590//2533 
f 2648//2591 2590//2533 2591//2534 
f 2649//2592 2591//2534 2592//2535 
f 2650//2593 2592//2535 2593//2536 
f 2651//2594 2593//2536 2594//2537 
f 2652//2595 2594//2537 2595//2538 
f 2653//2596 2595//2538 2596//2539 
f 2654//2597 2596//2539 2597//2540 
f 2655//2598 2597//2540 2598//2541 
f 2656//2599 2598//2541 2599//2542 
f 2657//2600 2599//2542 2600//2543 
f 2658//2601 2600//2543 2601//2544 
f 2659//2602 2601//2544 2602//2545 
f 2660//2603 2602//2545 2603//2546 
f 2661//2604 2603//2546 2604//2547 
f 2662//2605 2604//2547 2605//2548 
f 2663//2606 2605//2548 2606//2549 
f 2664//2607 2606//2549 2607//2550 
f 2665//2608 2607//2550 2608//2551 
f 2666//2609 2608//2551 2609//2552 
f 2667//2610 2609//2552 2610//2553 
f 2668//2611 2610//2553 2611//2554 
f 2669//2612 2611//2554 2612//2555 
f 2670//2613 2612//2555 2613//2556 
f 2671//2614 2613//2556 2614//2557 
f 2672//2615 2614//2557 2557//2500 
f 2673//2616 2615//2558 2616//2559 
f 2674//2617 2616//2559 2617//2560 
f 2675//2618 2617//2560 2618//2561 
f 2676//2619 2618//2561 2619//2562 
f 2677//2620 2619//2562 2620//2563 
f 2678//2621 2620//2563 2621//2564 
f 2679//2622 2621//2564 2622//2565 
f 2680//2623 2622//2565 2623//2566 
f 2681//2624 2623//2566 2624//2567 
f 2682//2625 2624//2567 2625//2568 
f 2683//2626 2625//2568 2626//2569 
f 2684//2627 2626//2569 2627//2570 
f 2685//2628 2627//2570 2628//2571 
f 2686//2629 2628//2571 2629//2572 
f 2687//2630 2629//2572 2630//2573 
f 2688//2631 2630//2573 2631//2574 
f 2689//2632 2631//2574 2632//2575 
f 2690//2633 2632//2575 2633//2576 
f 2691//2634 2633//2576 2634//2577 
f 2692//2635 2634//2577 2635//2578 
f 2693//2636 2635//2578 2636//2579 
f 2694//2637 2636//2579 2637//2580 
f 2695//2638 2637//2580 2638//2581 
f 2696//2639 2638//2581 2639//2582 
f 2697//2640 2639//2582 2640//2583 
f 2698//2641 2640//2583 2641//2584 
f 2699//2642 2641//2584 2642//2585 
f 2700//2643 2642//2585 2643//2586 
f 2701//2644 2643//2586 2644//2587 
f 2702//2645 2644//2587 2645//2588 
f 2703//2646 2645//2588 2646//2589 
f 2704//2647 2646//2589 2647//2590 
f 2705//2648 2647//2590 2648//2591 
f 2706//2649 2648//2591 2649//2592 
f 2707//2650 2649//2592 2650//2593 
f 2708//2651 2650//2593 2651//2594 
f 2709//2652 2651//2594 2652//2595 
f 2710//2653 2652//2595 2653//2596 
f 2711//2654 2653//2596 2654//2597 
f 2712//2655 2654//2597 2655//2598 
f 2713//2656 2655//2598 2656//2599 
f 2714//2657 2656//2599 2657//2600 
f 2715//2658 2657//2600 2658//2601 
f 2716//2659 2658//2601 2659//2602 
f 2717//2660 2659//2602 2660//2603 
f 2718//2661 2660//2603 2661//2604 
f 2719//2662 2661//2604 2662//2605 
f 2720//2663 2662//2605 2663//2606 
f 2721//2664 2663//2606 2664//2607 
f 2722//2665 2664//2607 2665//2608 
f 2723//2666 2665//2608 2666//2609 
f 2724//2667 2666//2609 2667//2610 
f 2725//2668 2667//2610 2668//2611 
f 2726//2669 2668//2611 2669//2612 
f 2727//2670 2669//2612 2670//2613 
f 2728//2671 2670//2613 2671//2614 
f 2729//2672 2671//2614 2672//2615 
f 2730//2673 2672//2615 2615//2558 
f 2731//2674 2673//2616 2674//2617 
f 2732//2675 2674//2617 2675//2618 
f 2733//2676 2675//2618 2676//2619 
f 2734//2677 2676//2619 2677//2620 
f 2735//2678 2677//2620 2678//2621 
f 2736//2679 2678//2621 2679//2622 
f 2737//2680 2679//2622 2680//2623 
f 2738//2681 2680//2623 2681//2624 
f 2739//2682 2681//2624 2682//2625 
f 2740//2683 2682//2625 2683//2626 
f 2741//2684 2683//2626 2684//2627 
f 2742//2685 2684//2627 2685//2628 
f 2743//2686 2685//2628 2686//2629 
f 2744//2687 2686//2629 2687//2630 
f 2745//2688 2687//2630 2688//2631 
f 2746//2689 2688//2631 2689//2632 
f 2747//2690 2689//2632 2690//2633 
f 2748//2691 2690//2633 2691//2634 
f 2749//2692 2691//2634 2692//2635 
f 2750//2693 2692//2635 2693//2636 
f 2751//2694 2693//2636 2694//2637 
f 2752//2695 2694//2637 2695//2638 
f 2753//2696 2695//2638 2696//2639 
f 2754//2697 2696//2639 2697//2640 
f 2755//2698 2697//2640 2698//2641 
f 2756//2699 2698//2641 2699//2642 
f 2757//2700 2699//2642 2700//2643 
f 2758//2701 2700//2643 2701//2644 
f 2759//2702 2701//2644 2702//2645 
f 2760//2703 2702//2645 2703//2646 
f 2761//2704 2703//2646 2704//2647 
f 2762//2705 2704//2647 2705//2648 
f 2763//2706 2705//2648 2706//2649 
f 2764//2707 2706//2649 2707//2650 
f 2765//2708 2707//2650 2708//2651 
f 2766//2709 2708//2651 2709//2652 
f 2767//2710 2709//2652 2710//2653 
f 2768//2711 2710//2653 2711//2654 
f 2769//2712 2711//2654 2712//2655 
f 2770//2713 2712//2655 2713//2656 
f 2771//2714 2713//2656 2714//2657 
f 2772//2715 2714//2657 2715//2658 
f 2773//2716 2715//2658 2716//2659 
f 2774//2717 2716//2659 2717//2660 
f 2775//2718 2717//2660 2718//2661 
f 2776//2719 2718//2661 2719//2662 
f 2777//2720 2719//2662 2720//2663 
f 2778//2721 2720//2663 2721//2664 
f 2779//2722 2721//2664 2722//2665 
f 2780//2723 2722//2665 2723//2666 
f 2781//2724 2723//2666 2724//2667 
f 2782//2725 2724//2667 2725//2668 
f 2783//2726 2725//2668 2726//2669 
f 2784//2727 2726//2669 2727//2670 
f 2785//2728 2727//2670 2728//2671 
f 2786//2729 2728//2671 2729//2672 
f 2787//2730 2729//2672 2730//2673 
f 2788//2731 2730//2673 2673//2616 
f 2789//2732 2731//2674 2732//2675 
f 2790//2733 2732//2675 2733//2676 
f 2791//2734 2733//2676 2734//2677 
f 2792//2735 2734//2677 2735//2678 
f 2793//2736 2735//2678 2736//2679 
f 2794//2737 2736//2679 2737//2680 
f 2795//2738 2737//2680 2738//2681 
f 2796//2739 2738//2681 2739//2682 
f 2797//2740 2739//2682 2740//2683 
f 2798//2741 2740//2683 2741//2684 
f 2799//2742 2741//2684 2742//2685 
f 2800//2743 2742//2685 2743//2686 
f 2801//2744 2743//2686 2744//2687 
f 2802//2745 2744//2687 2745//2688 
f 2803//2746 2745//2688 2746//2689 
f 2804//2747 2746//2689 2747//2690 
f 2805//2748 2747//2690 2748//2691 
f 2806//2749 2748//2691 2749//2692 
f 2807//2750 2749//2692 2750//2693 
f 2808//2751 2750//2693 2751//2694 
f 2809//2752 2751//2694 2752//2695 
f 2810//2753 2752//2695 2753//2696 
f 2811//2754 2753//2696 2754//2697 
f 2812//2755 2754//2697 2755//2698 
f 2813//2756 2755//2698 2756//2699 
f 2814//2757 2756//2699 2757//2700 
f 2815//2758 2757//2700 2758//2701 
f 2816//2759 2758//2701 2759//2702 
f 2817//2760 2759//2702 2760//2703 
f 2818//2761 2760//2703 2761//2704 
f 2819//2762 2761//2704 2762//2705 
f 2820//2763 2762//2705 2763//2706 
f 2821//2764 2763//2706 2764//2707 
f 2822//2765 2764//2707 2765//2708 
f 2823//2766 2765//2708 2766//2709 
f 2824//2767 2766//2709 2767//2710 
f 2825//2768 2767//2710 2768//2711 
f 2826//2769 2768//2711 2769//2712 
f 2827//2770 2769//2712 2770//2713 
f 2828//2771 2770//2713 2771//2714 
f 2829//2772 2771//2714 2772//2715 
f 2830//2773 2772//2715 2773//2716 
f 2831//2774 2773//2716 2774//2717 
f 2832//2775 2774//2717 2775//2718 
f 2833//2776 2775//2718 2776//2719 
f 2834//2777 2776//2719 2777//2720 
f 2835//2778 2777//2720 2778//2721 
f 2836//2779 2778//2721 2779//2722 
f 2837//2780 2779//2722 2780//2723 
f 2838//2781 2780//2723 2781//2724 
f 2839//2782 2781//2724 2782//2725 
f 2840//2783 2782//2725 2783//2726 
f 2841//2784 2783//2726 2784//2727 
f 2842//2785 2784//2727 2785//2728 
f 2843//2786 2785//2728 2786//2729 
f 2844//2787 2786//2729 2787//2730 
f 2845//2788 2787//2730 2788//2731 
f 2846//2789 2788//2731 2731//2674 
f 2847//2790 2789//2732 2790//2733 
f 2848//2791 2790//2733 2791//2734 
f 2849//2792 2791//2734 2792//2735 
f 2850//2793 2792//2735 2793//2736 
f 2851//2794 2793//2736 2794//2737 
f 2852//2795 2794//2737 2795//2738 
f 2853//2796 2795//2738 2796//2739 
f 2854//2797 2796//2739 2797//2740 
f 2855//2798 2797//2740 2798//2741 
f 2856//2799 2798//2741 2799//2742 
f 2857//2800 2799//2742 2800//2743 
f 2858//2801 2800//2743 2801//2744 
f 2859//2802 2801//2744 2802//2745 
f 2860//2803 2802//2745 2803//2746 
f 2861//2804 2803//2746 2804//2747 
f 2862//2805 2804//2747 2805//2748 
f 2863//2806 2805//2748 2806//2749 
f 2864//2807 2806//2749 2807//2750 
f 2865//2808 2807//2750 2808//2751 
f 2866//2809 2808//2751 2809//2752 
f 2867//2810 2809//2752 2810//2753 
f 2868//2811 2810//2753 2811//2754 
f 2869//2812 2811//2754 2812//2755 
f 2870//2813 2812//2755 2813//2756 
f 2871//2814 2813//2756 2814//2757 
f 2872//2815 2814//2757 2815//2758 
f 2873//2816 2815//2758 2816//2759 
f 2874//2817 2816//2759 2817//2760 
f 2875//2818 2817//2760 2818//2761 
f 2876//2819 2818//2761 2819//2762 
f 2877//2820 2819//2762 2820//2763 
f 2878//2821 2820//2763 2821//2764 
f 2879//2822 2821//2764 2822//2765 
f 2880//2823 2822//2765 2823//2766 
f 2881//2824 2823//2766 2824//2767 
f 2882//2825 2824//2767 2825//2768 
f 2883//2826 2825//2768 2826//2769 
f 2884//2827 2826//2769 2827//2770 
f 2885//2828 2827//2770 2828//2771 
f 2886//2829 2828//2771 2829//2772 
f 2887//2830 2829//2772 2830//2773 
f 2888//2831 2830//2773 2831//2774 
f 2889//2832 2831//2774 2832//2775 
f 2890//2833 2832//2775 2833//2776 
f 2891//2834 2833//2776 2834//2777 
f 2892//2835 2834//2777 2835//2778 
f 2893//2836 2835//2778 2836//2779 
f 2894//2837 2836//2779 2837//2780 
f 2895//2838 2837//2780 2838//2781 
f 2896//2839 2838//2781 2839//2782 
f 2897//2840 2839//2782 2840//2783 
f 2898//2841 2840//2783 2841//2784 
f 2899//2842 2841//2784 2842//2785 
f 2900//2843 2842//2785 2843//2786 
f 2901//2844 2843//2786 2844//2787 
f 2902//2845 2844//2787 2845//2788 
f 2903//2846 2845//2788 2846//2789 
f 2904//2847 2846//2789 2789//2732 
f 2905//2848 2847//2790 2848//2791 
f 2906//2849 2848//2791 2849//2792 
f 2907//2850 2849//2792 2850//2793 
f 2908//2851 2850//2793 2851//2794 
f 2909//2852 2851//2794 2852//2795 
f 2910//2853 2852//2795 2853//2796 
f 2911//2854 2853//2796 2854//2797 
f 2912//2855 2854//2797 2855//2798 
f 2913//2856 2855//2798 2856//2799 
f 2914//2857 2856//2799 2857//2800 
f 2915//2858 2857//2800 2858//2801 
f 2916//2859 2858//2801 2859//2802 
f 2917//2860 2859//2802 2860//2803 
f 2918//2861 2860//2803 2861//2804 
f 2919//2862 2861//2804 2862//2805 
f 2920//2863 2862//2805 2863//2806 
f 2921//2864 2863//2806 2864//2807 
f 2922//2865 2864//2807 2865//2808 
f 2923//2866 2865//2808 2866//2809 
f 2924//2867 2866//2809 2867//2810 
f 2925//2868 2867//2810 2868//2811 
f 2926//2869 2868//2811 2869//2812 
f 2927//2870 2869//2812 2870//2813 
f 2928//2871 2870//2813 2871//2814 
f 2929//2872 2871//2814 2872//2815 
f 2930//2873 2872//2815 2873//2816 
f 2931//2874 2873//2816 2874//2817 
f 2932//2875 2874//2817 2875//2818 
f 2933//2876 2875//2818 2876//2819 
f 2934//2877 2876//2819 2877//2820 
f 2935//2878 2877//2820 2878//2821 
f 2936//2879 2878//2821 2879//2822 
f 2937//2880 2879//2822 2880//2823 
f 2938//2881 2880//2823 2881//2824 
f 2939//2882 2881//2824 2882//2825 
f 2940//2883 2882//2825 2883//2826 
f 2941//2884 2883//2826 2884//2827 
f 2942//2885 2884//2827 2885//2828 
f 2943//2886 2885//2828 2886//2829 
f 2944//2887 2886//2829 2887//2830 
f 2945//2888 2887//2830 2888//2831 
f 2946//2889 2888//2831 2889//2832 
f 2947//2890 2889//2832 2890//2833 
f 2948//2891 2890//2833 2891//2834 
f 2949//2892 2891//2834 2892//2835 
f 2950//2893 2892//2835 2893//2836 
f 2951//2894 2893//2836 2894//2837 
f 2952//2895 2894//2837 2895//2838 
f 2953//2896 2895//2838 2896//2839 
f 2954//2897 2896//2839 2897//2840 
f 2955//2898 2897//2840 2898//2841 
f 2956//2899 2898//2841 2899//2842 
f 2957//2900 2899//2842 2900//2843 
f 2958//2901 2900//2843 2901//2844 
f 2959//2902 2901//2844 2902//2845 
f 2960//2903 2902//2845 2903//2846 
f 2961//2904 2903//2846 2904//2847 
f 2962//2905 2904//2847 2847//2790 
f 2963//2906 2905//2848 2906//2849 
f 2964//2907 2906//2849 2907//2850 
f 2965//2908 2907//2850 2908//2851 
f 2966//2909 2908//2851 2909//2852 
f 2967//2910 2909//2852 2910//2853 
f 2968//2911 2910//2853 2911//2854 
f 2969//2912 2911//2854 2912//2855 
f 2970//2913 2912//2855 2913//2856 
f 2971//2914 2913//2856 2914//2857 
f 2972//2915 2914//2857 2915//2858 
f 2973//2916 2915//2858 2916//2859 
f 2974//2917 2916//2859 2917//2860 
f 2975//2918 2917//2860 2918//2861 
f 2976//2919 2918//2861 2919//2862 
f 2977//2920 2919//2862 2920//2863 
f 2978//2921 2920//2863 2921//2864 
f 2979//2922 2921//2864 2922//2865 
f 2980//2923 2922//2865 2923//2866 
f 2981//2924 2923//2866 2924//2867 
f 2982//2925 2924//2867 2925//2868 
f 2983//2926 2925//2868 2926//2869 
f 2984//2927 2926//2869 2927//2870 
f 2985//2928 2927//2870 2928//2871 
f 2986//2929 2928//2871 2929//2872 
f 2987//2930 2929//2872 2930//2873 
f 2988//2931 2930//2873 2931//2874 
f 2989//2932 2931//2874 2932//2875 
f 2990//2933 2932//2875 2933//2876 
f 2991//2934 2933//2876 2934//2877 
f 2992//2935 2934//2877 2935//2878 
f 2993//2936 2935//2878 2936//2879 
f 2994//2937 2936//2879 2937//2880 
f 2995//2938 2937//2880 2938//2881 
f 2996//2939 2938//2881 2939//2882 
f 2997//2940 2939//2882 2940//2883 
f 2998//2941 2940//2883 2941//2884 
f 2999//2942 2941//2884 2942//2885 
f 3000//2943 2942//2885 2943//2886 
f 3001//2944 2943//2886 2944//2887 
f 3002//2945 2944//2887 2945//2888 
f 3003//2946 2945//2888 2946//2889 
f 3004//2947 2946//2889 2947//2890 
f 3005//2948 2947//2890 2948//2891 
f 3006//2949 2948//2891 2949//2892 
f 3007//2950 2949//2892 2950//2893 
f 3008//2951 2950//2893 2951//2894 
f 3009//2952 2951//2894 2952//2895 
f 3010//2953 2952//2895 2953//2896 
f 3011//2954 2953//2896 2954//2897 
f 3012//2955 2954//2897 2955//2898 
f 3013//2956 2955//2898 2956//2899 
f 3014//2957 2956//2899 2957//2900 
f 3015//2958 2957//2900 2958//2901 
f 3016//2959 2958//2901 2959//2902 
f 3017//2960 2959//2902 2960//2903 
f 3018//2961 2960//2903 2961//2904 
f 3019//2962 2961//2904 2962//2905 
f 3020//2963 2962//2905 2905//2848 
f 3021//2964 2963//2906 2964//2907 
f 3022//2965 2964//2907 2965//2908 
f 3023//2966 2965//2908 2966//2909 
f 3024//2967 2966//2909 2967//2910 
f 3025//2968 2967//2910 2968//2911 
f 3026//2969 2968//2911 2969//2912 
f 3027//2970 2969//2912 2970//2913 
f 3028//2971 2970//2913 2971//2914 
f 3029//2972 2971//2914 2972//2915 
f 3030//2973 2972//2915 2973//2916 
f 3031//2974 2973//2916 2974//2917 
f 3032//2975 2974//2917 2975//2918 
f 3033//2976 2975//2918 2976//2919 
f 3034//2977 2976//2919 2977//2920 
f 3035//2978 2977//2920 2978//2921 
f 3036//2979 2978//2921 2979//2922 
f 3037//2980 2979//2922 2980//2923 
f 3038//2981 2980//2923 2981//2924 
f 3039//2982 2981//2924 2982//2925 
f 3040//2983 2982//2925 2983//2926 
f 3041//2984 2983//2926 2984//2927 
f 3042//2985 2984//2927 2985//2928 
f 3043//2986 2985//2928 2986//2929 
f 3044//2987 2986//2929 2987//2930 
f 3045//2988 2987//2930 2988//2931 
f 3046//2989 2988//2931 2989//2932 
f 3047//2990 2989//2932 2990//2933 
f 3048//2991 2990//2933 2991//2934 
f 3049//2992 2991//2934 2992//2935 
f 3050//2993 2992//2935 2993//2936 
f 3051//2994 2993//2936 2994//2937 
f 3052//2995 2994//2937 2995//2938 
f 3053//2996 2995//2938 2996//2939 
f 3054//2997 2996//2939 2997//2940 
f 3055//2998 2997//2940 2998//2941 
f 3056//2999 2998//2941 2999//2942 
f 3057//3000 2999//2942 3000//2943 
f 3058//3001 3000//2943 3001//2944 
f 3059//3002 3001//2944 3002//2945 
f 3060//3003 3002//2945 3003//2946 
f 3061//3004 3003//2946 3004//2947 
f 3062//3005 3004//2947 3005//2948 
f 3063//3006 3005//2948 3006//2949 
f 3064//3007 3006//2949 3007//2950 
f 3065//3008 3007//2950 3008//2951 
f 3066//3009 3008//2951 3009//2952 
f 3067//3010 3009//2952 3010//2953 
f 3068//3011 3010//2953 3011//2954 
f 3069//3012 3011//2954 3012//2955 
f 3070//3013 3012//2955 3013//2956 
f 3071//3014 3013//2956 3014//2957 
f 3072//3015 3014//2957 3015//2958 
f 3073//3016 3015//2958 3016//2959 
f 3074//3017 3016//2959 3017//2960 
f 3075//3018 3017//2960 3018//2961 
f 3076//3019 3018//2961 3019//2962 
f 3077//3020 3019//2962 3020//2963 
f 3078//3021 3020//2963 2963//2906 
f 3079//3022 3021//2964 3022//2965 
f 3080//3023 3022//2965 3023//2966 
f 3081//3024 3023//2966 3024//2967 
f 3082//3025 3024//2967 3025//2968 
f 3083//3026 3025//2968 3026//2969 
f 3084//3027 3026//2969 3027//2970 
f 3085//3028 3027//2970 3028//2971 
f 3086//3029 3028//2971 3029//2972 
f 3087//3030 3029//2972 3030//2973 
f 3088//3031 3030//2973 3031//2974 
f 3089//3032 3031//2974 3032//2975 
f 3090//3033 3032//2975 3033//2976 
f 3091//3034 3033//2976 3034//2977 
f 3092//3035 3034//2977 3035//2978 
f 3093//3036 3035//2978 3036//2979 
f 3094//3037 3036//2979 3037//2980 
f 3095//3038 3037//2980 3038//2981 
f 3096//3039 3038//2981 3039//2982 
f 3097//3040 3039//2982 3040//2983 
f 3098//3041 3040//2983 3041//2984 
f 3099//3042 3041//2984 3042//2985 
f 3100//3043 3042//2985 3043//2986 
f 3101//3044 3043//2986 3044//2987 
f 3102//3045 3044//2987 3045//2988 
f 3103//3046 3045//2988 3046//2989 
f 3104//3047 3046//2989 3047//2990 
f 3105//3048 3047//2990 3048//2991 
f 3106//3049 3048//2991 3049//2992 
f 3107//3050 3049//2992 3050//2993 
f 3108//3051 3050//2993 3051//2994 
f 3109//3052 3051//2994 3052//2995 
f 3110//3053 3052//2995 3053//2996 
f 3111//3054 3053//2996 3054//2997 
f 3112//3055 3054//2997 3055//2998 
f 3113//3056 3055//2998 3056//2999 
f 3114//3057 3056//2999 3057//3000 
f 3115//3058 3057//3000 3058//3001 
f 3116//3059 3058//3001 3059//3002 
f 3117//3060 3059//3002 3060//3003 
f 3118//3061 3060//3003 3061//3004 
f 3119//3062 3061//3004 3062//3005 
f 3120//3063 3062//3005 3063//3006 
f 3121//3064 3063//3006 3064//3007 
f 3122//3065 3064//3007 3065//3008 
f 3123//3066 3065//3008 3066//3009 
f 3124//3067 3066//3009 3067//3010 
f 3125//3068 3067//3010 3068//3011 
f 3126//3069 3068//3011 3069//3012 
f 3127//3070 3069//3012 3070//3013 
f 3128//3071 3070//3013 3071//3014 
f 3129//3072 3071//3014 3072//3015 
f 3130//3073 3072//3015 3073//3016 
f 3131//3074 3073//3016 3074//3017 
f 3132//3075 3074//3017 3075//3018 
f 3133//3076 3075//3018 3076//3019 
f 3134//3077 3076//3019 3077//3020 
f 3135//3078 3077//3020 3078//3021 
f 3136//3079 3078//3021 3021//2964 
f 3137//3080 3079//3022 3080//3023 
f 3138//3081 3080//3023 3081//3024 
f 3139//3082 3081//3024 3082//3025 
f 3140//3083 3082//3025 3083//3026 
f 3141//3084 3083//3026 3084//3027 
f 3142//3085 3084//3027 3085//3028 
f 3143//3086 3085//3028 3086//3029 
f 3144//3087 3086//3029 3087//3030 
f 3145//3088 3087//3030 3088//3031 
f 3146//3089 3088//3031 3089//3032 
f 3147//3090 3089//3032 3090//3033 
f 3148//3091 3090//3033 3091//3034 
f 3149//3092 3091//3034 3092//3035 
f 3150//3093 3092//3035 3093//3036 
f 3151//3094 3093//3036 3094//3037 
f 3152//3095 3094//3037 3095//3038 
f 3153//3096 3095//3038 3096//3039 
f 3154//3097 3096//3039 3097//3040 
f 3155//3098 3097//3040 3098//3041 
f 3156//3099 3098//3041 3099//3042 
f 3157//3100 3099//3042 3100//3043 
f 3158//3101 3100//3043 3101//3044 
f 3159//3102 3101//3044 3102//3045 
f 3160//3103 3102//3045 3103//3046 
f 3161//3104 3103//3046 3104//3047 
f 3162//3105 3104//3047 3105//3048 
f 3163//3106 3105//3048 3106//3049 
f 3164//3107 3106//3049 3107//3050 
f 3165//3108 3107//3050 3108//3051 
f 3166//3109 3108//3051 3109//3052 
f 3167//3110 3109//3052 3110//3053 
f 3168//3111 3110//3053 3111//3054 
f 3169//3112 3111//3054 3112//3055 
f 3170//3113 3112//3055 3113//3056 
f 3171//3114 3113//3056 3114//3057 
f 3172//3115 3114//3057 3115//3058 
f 3173//3116 3115//3058 3116//3059 
f 3174//3117 3116//3059 3117//3060 
f 3175//3118 3117//3060 3118//3061 
f 3176//3119 3118//3061 3119//3062 
f 3177//3120 3119//3062 3120//3063 
f 3178//3121 3120//3063 3121//3064 
f 3179//3122 3121//3064 3122//3065 
f 3180//3123 3122//3065 3123//3066 
f 3181//3124 3123//3066 3124//3067 
f 3182//3125 3124//3067 3125//3068 
f 3183//3126 3125//3068 3126//3069 
f 3184//3127 3126//3069 3127//3070 
f 3185//3128 3127//3070 3128//3071 
f 3186//3129 3128//3071 3129//3072 
f 3187//3130 3129//3072 3130//3073 
f 3188//3131 3130//3073 3131//3074 
f 3189//3132 3131//3074 3132//3075 
f 3190//3133 3132//3075 3133//3076 
f 3191//3134 3133//3076 3134//3077 
f 3192//3135 3134//3077 3135//3078 
f 3193//3136 3135//3078 3136//3079 
f 3194//3137 3136//3079 3079//3022 
f 2165//3138 3137//3080 3138//3081 
f 2147//3138 3138//3081 3139//3082 
f 2150//3138 3139//3082 3140//3083 
f 2156//3138 3140//3083 3141//3084 
f 2113//3138 3141//3084 3142//3085 
f 2115//3138 3142//3085 3143//3086 
f 2122//3138 3143//3086 3144//3087 
f 2125//3138 3144//3087 3145//3088 
f 2127//3138 3145//3088 3146//3089 
f 2136//3138 3146//3089 3147//3090 
f 2139//3138 3147//3090 3148//3091 
f 2141//3138 3148//3091 3149//3092 
f 2142//3138 3149//3092 3150//3093 
f 2130//3138 3150//3093 3151//3094 
f 2143//3138 3151//3094 3152//3095 
f 2157//3138 3152//3095 3153//3096 
f 2146//3138 3153//3096 3154//3097 
f 2159//3138 3154//3097 3155//3098 
f 2095//3138 3155//3098 3156//3099 
f 2103//3138 3156//3099 3157//3100 
f 2104//3138 3157//3100 3158//3101 
f 2108//3138 3158//3101 3159//3102 
f 2110//3138 3159//3102 3160//3103 
f 2117//3138 3160//3103 3161//3104 
f 2119//3138 3161//3104 3162//3105 
f 2121//3138 3162//3105 3163//3106 
f 2167//3138 3163//3106 3164//3107 
f 2160//3138 3164//3107 3165//3108 
f 2161//3138 3165//3108 3166//3109 
f 3167//3110 2254//3138 2208//3138 
f 2208//3138 3166//3109 3167//3110 
f 2254//3138 3167//3110 3168//3111 
f 2226//3138 3168//3111 3169//3112 
f 2229//3138 3169//3112 3170//3113 
f 2232//3138 3170//3113 3171//3114 
f 2234//3138 3171//3114 3172//3115 
f 2240//3138 3172//3115 3173//3116 
f 2243//3138 3173//3116 3174//3117 
f 2244//3138 3174//3117 3175//3118 
f 2221//3138 3175//3118 3176//3119 
f 2211//3138 3176//3119 3177//3120 
f 2213//3138 3177//3120 3178//3121 
f 2214//3138 3178//3121 3179//3122 
f 2198//3138 3179//3122 3180//3123 
f 2215//3138 3180//3123 3181//3124 
f 2164//3138 3181//3124 3182//3125 
f 2247//3138 3182//3125 3183//3126 
f 2248//3138 3183//3126 3184//3127 
f 2250//3138 3184//3127 3185//3128 
f 2252//3138 3185//3128 3186//3129 
f 2253//3138 3186//3129 3187//3130 
f 2262//3138 3187//3130 3188//3131 
f 2202//3138 3188//3131 3189//3132 
f 2180//3138 3189//3132 3190//3133 
f 2181//3138 3190//3133 3191//3134 
f 2183//3138 3191//3134 3192//3135 
f 2171//3138 3192//3135 3193//3136 
f 2172//3138 3193//3136 3194//3137 
f 2186//3138 3194//3137 3137//3080 
f 3137//3080 2165//3138 2186//3138 
f 3194//3137 2186//3138 2172//3138 
f 3193//3136 2172//3138 2171//3138 
f 3192//3135 2171//3138 2183//3138 
f 3191//3134 2183//3138 2181//3138 
f 3190//3133 2181//3138 2180//3138 
f 3189//3132 2180//3138 2202//3138 
f 3188//3131 2202//3138 2262//3138 
f 3187//3130 2262//3138 2253//3138 
f 3186//3129 2253//3138 2252//3138 
f 3185//3128 2252//3138 2250//3138 
f 3184//3127 2250//3138 2248//3138 
f 3183//3126 2248//3138 2247//3138 
f 3182//3125 2247//3138 2164//3138 
f 3181//3124 2164//3138 2215//3138 
f 3180//3123 2215//3138 2198//3138 
f 3179//3122 2198//3138 2214//3138 
f 3178//3121 2214//3138 2213//3138 
f 3177//3120 2213//3138 2211//3138 
f 3176//3119 2211//3138 2221//3138 
f 3175//3118 2221//3138 2244//3138 
f 3174//3117 2244//3138 2243//3138 
f 3173//3116 2243//3138 2240//3138 
f 3172//3115 2240//3138 2234//3138 
f 3171//3114 2234//3138 2232//3138 
f 3170//3113 2232//3138 2229//3138 
f 3169//3112 2229//3138 2226//3138 
f 3168//3111 2226//3138 2254//3138 
f 2208//3138 2192//3138 3166//3109 
f 3166//3109 2192//3138 2161//3138 
f 3165//3108 2161//3138 2160//3138 
f 3164//3107 2160//3138 2167//3138 
f 3163//3106 2167//3138 2121//3138 
f 3162//3105 2121//3138 2119//3138 
f 3161//3104 2119//3138 2117//3138 
f 3160//3103 2117//3138 2110//3138 
f 3159//3102 2110//3138 2108//3138 
f 3158//3101 2108//3138 2104//3138 
f 3157//3100 2104//3138 2103//3138 
f 3156//3099 2103//3138 2095//3138 
f 3155//3098 2095//3138 2159//3138 
f 3154//3097 2159//3138 2146//3138 
f 3153//3096 2146//3138 2157//3138 
f 3152//3095 2157//3138 2143//3138 
f 3151//3094 2143//3138 2130//3138 
f 3150//3093 2130//3138 2142//3138 
f 3149//3092 2142//3138 2141//3138 
f 3148//3091 2141//3138 2139//3138 
f 3147//3090 2139//3138 2136//3138 
f 3146//3089 2136//3138 2127//3138 
f 3145//3088 2127//3138 2125//3138 
f 3144//3087 2125//3138 2122//3138 
f 3143//3086 2122//3138 2115//3138 
f 3142//3085 2115//3138 2113//3138 
f 3141//3084 2113//3138 2156//3138 
f 3140//3083 2156//3138 2150//3138 
f 3139//3082 2150//3138 2147//3138 
f 3138//3081 2147//3138 2165//3138 
f 3079//3022 3137//3080 3194//3137 
f 3136//3079 3194//3137 3193//3136 
f 3135//3078 3193//3136 3192//3135 
f 3134//3077 3192//3135 3191//3134 
f 3133//3076 3191//3134 3190//3133 
f 3132//3075 3190//3133 3189//3132 
f 3131//3074 3189//3132 3188//3131 
f 3130//3073 3188//3131 3187//3130 
f 3129//3072 3187//3130 3186//3129 
f 3128//3071 3186//3129 3185//3128 
f 3127//3070 3185//3128 3184//3127 
f 3126//3069 3184//3127 3183//3126 
f 3125//3068 3183//3126 3182//3125 
f 3124//3067 3182//3125 3181//3124 
f 3123//3066 3181//3124 3180//3123 
f 3122//3065 3180//3123 3179//3122 
f 3121//3064 3179//3122 3178//3121 
f 3120//3063 3178//3121 3177//3120 
f 3119//3062 3177//3120 3176//3119 
f 3118//3061 3176//3119 3175//3118 
f 3117//3060 3175//3118 3174//3117 
f 3116//3059 3174//3117 3173//3116 
f 3115//3058 3173//3116 3172//3115 
f 3114//3057 3172//3115 3171//3114 
f 3113//3056 3171//3114 3170//3113 
f 3112//3055 3170//3113 3169//3112 
f 3111//3054 3169//3112 3168//3111 
f 3110//3053 3168//3111 3167//3110 
f 3109//3052 3167//3110 3166//3109 
f 3108//3051 3166//3109 3165//3108 
f 3107//3050 3165//3108 3164//3107 
f 3106//3049 3164//3107 3163//3106 
f 3105//3048 3163//3106 3162//3105 
f 3104//3047 3162//3105 3161//3104 
f 3103//3046 3161//3104 3160//3103 
f 3102//3045 3160//3103 3159//3102 
f 3101//3044 3159//3102 3158//3101 
f 3100//3043 3158//3101 3157//3100 
f 3099//3042 3157//3100 3156//3099 
f 3098//3041 3156//3099 3155//3098 
f 3097//3040 3155//3098 3154//3097 
f 3096//3039 3154//3097 3153//3096 
f 3095//3038 3153//3096 3152//3095 
f 3094//3037 3152//3095 3151//3094 
f 3093//3036 3151//3094 3150//3093 
f 3092//3035 3150//3093 3149//3092 
f 3091//3034 3149//3092 3148//3091 
f 3090//3033 3148//3091 3147//3090 
f 3089//3032 3147//3090 3146//3089 
f 3088//3031 3146//3089 3145//3088 
f 3087//3030 3145//3088 3144//3087 
f 3086//3029 3144//3087 3143//3086 
f 3085//3028 3143//3086 3142//3085 
f 3084//3027 3142//3085 3141//3084 
f 3083//3026 3141//3084 3140//3083 
f 3082//3025 3140//3083 3139//3082 
f 3081//3024 3139//3082 3138//3081 
f 3080//3023 3138//3081 3137//3080 
f 3021//2964 3079//3022 3136//3079 
f 3078//3021 3136//3079 3135//3078 
f 3077//3020 3135//3078 3134//3077 
f 3076//3019 3134//3077 3133//3076 
f 3075//3018 3133//3076 3132//3075 
f 3074//3017 3132//3075 3131//3074 
f 3073//3016 3131//3074 3130//3073 
f 3072//3015 3130//3073 3129//3072 
f 3071//3014 3129//3072 3128//3071 
f 3070//3013 3128//3071 3127//3070 
f 3069//3012 3127//3070 3126//3069 
f 3068//3011 3126//3069 3125//3068 
f 3067//3010 3125//3068 3124//3067 
f 3066//3009 3124//3067 3123//3066 
f 3065//3008 3123//3066 3122//3065 
f 3064//3007 3122//3065 3121//3064 
f 3063//3006 3121//3064 3120//3063 
f 3062//3005 3120//3063 3119//3062 
f 3061//3004 3119//3062 3118//3061 
f 3060//3003 3118//3061 3117//3060 
f 3059//3002 3117//3060 3116//3059 
f 3058//3001 3116//3059 3115//3058 
f 3057//3000 3115//3058 3114//3057 
f 3056//2999 3114//3057 3113//3056 
f 3055//2998 3113//3056 3112//3055 
f 3054//2997 3112//3055 3111//3054 
f 3053//2996 3111//3054 3110//3053 
f 3052//2995 3110//3053 3109//3052 
f 3051//2994 3109//3052 3108//3051 
f 3050//2993 3108//3051 3107//3050 
f 3049//2992 3107//3050 3106//3049 
f 3048//2991 3106//3049 3105//3048 
f 3047//2990 3105//3048 3104//3047 
f 3046//2989 3104//3047 3103//3046 
f 3045//2988 3103//3046 3102//3045 
f 3044//2987 3102//3045 3101//3044 
f 3043//2986 3101//3044 3100//3043 
f 3042//2985 3100//3043 3099//3042 
f 3041//2984 3099//3042 3098//3041 
f 3040//2983 3098//3041 3097//3040 
f 3039//2982 3097//3040 3096//3039 
f 3038//2981 3096//3039 3095//3038 
f 3037//2980 3095//3038 3094//3037 
f 3036//2979 3094//3037 3093//3036 
f 3035//2978 3093//3036 3092//3035 
f 3034//2977 3092//3035 3091//3034 
f 3033//2976 3091//3034 3090//3033 
f 3032//2975 3090//3033 3089//3032 
f 3031//2974 3089//3032 3088//3031 
f 3030//2973 3088//3031 3087//3030 
f 3029//2972 3087//3030 3086//3029 
f 3028//2971 3086//3029 3085//3028 
f 3027//2970 3085//3028 3084//3027 
f 3026//2969 3084//3027 3083//3026 
f 3025//2968 3083//3026 3082//3025 
f 3024//2967 3082//3025 3081//3024 
f 3023//2966 3081//3024 3080//3023 
f 3022//2965 3080//3023 3079//3022 
f 2963//2906 3021//2964 3078//3021 
f 3020//2963 3078//3021 3077//3020 
f 3019//2962 3077//3020 3076//3019 
f 3018//2961 3076//3019 3075//3018 
f 3017//2960 3075//3018 3074//3017 
f 3016//2959 3074//3017 3073//3016 
f 3015//2958 3073//3016 3072//3015 
f 3014//2957 3072//3015 3071//3014 
f 3013//2956 3071//3014 3070//3013 
f 3012//2955 3070//3013 3069//3012 
f 3011//2954 3069//3012 3068//3011 
f 3010//2953 3068//3011 3067//3010 
f 3009//2952 3067//3010 3066//3009 
f 3008//2951 3066//3009 3065//3008 
f 3007//2950 3065//3008 3064//3007 
f 3006//2949 3064//3007 3063//3006 
f 3005//2948 3063//3006 3062//3005 
f 3004//2947 3062//3005 3061//3004 
f 3003//2946 3061//3004 3060//3003 
f 3002//2945 3060//3003 3059//3002 
f 3001//2944 3059//3002 3058//3001 
f 3000//2943 3058//3001 3057//3000 
f 2999//2942 3057//3000 3056//2999 
f 2998//2941 3056//2999 3055//2998 
f 2997//2940 3055//2998 3054//2997 
f 2996//2939 3054//2997 3053//2996 
f 2995//2938 3053//2996 3052//2995 
f 2994//2937 3052//2995 3051//2994 
f 2993//2936 3051//2994 3050//2993 
f 2992//2935 3050//2993 3049//2992 
f 2991//2934 3049//2992 3048//2991 
f 2990//2933 3048//2991 3047//2990 
f 2989//2932 3047//2990 3046//2989 
f 2988//2931 3046//2989 3045//2988 
f 2987//2930 3045//2988 3044//2987 
f 2986//2929 3044//2987 3043//2986 
f 2985//2928 3043//2986 3042//2985 
f 2984//2927 3042//2985 3041//2984 
f 2983//2926 3041//2984 3040//2983 
f 2982//2925 3040//2983 3039//2982 
f 2981//2924 3039//2982 3038//2981 
f 2980//2923 3038//2981 3037//2980 
f 2979//2922 3037//2980 3036//2979 
f 2978//2921 3036//2979 3035//2978 
f 2977//2920 3035//2978 3034//2977 
f 2976//2919 3034//2977 3033//2976 
f 2975//2918 3033//2976 3032//2975 
f 2974//2917 3032//2975 3031//2974 
f 2973//2916 3031//2974 3030//2973 
f 2972//2915 3030//2973 3029//2972 
f 2971//2914 3029//2972 3028//2971 
f 2970//2913 3028//2971 3027//2970 
f 2969//2912 3027//2970 3026//2969 
f 2968//2911 3026//2969 3025//2968 
f 2967//2910 3025//2968 3024//2967 
f 2966//2909 3024//2967 3023//2966 
f 2965//2908 3023//2966 3022//2965 
f 2964//2907 3022//2965 3021//2964 
f 2905//2848 2963//2906 3020//2963 
f 2962//2905 3020//2963 3019//2962 
f 2961//2904 3019//2962 3018//2961 
f 2960//2903 3018//2961 3017//2960 
f 2959//2902 3017//2960 3016//2959 
f 2958//2901 3016//2959 3015//2958 
f 2957//2900 3015//2958 3014//2957 
f 2956//2899 3014//2957 3013//2956 
f 2955//2898 3013//2956 3012//2955 
f 2954//2897 3012//2955 3011//2954 
f 2953//2896 3011//2954 3010//2953 
f 2952//2895 3010//2953 3009//2952 
f 2951//2894 3009//2952 3008//2951 
f 2950//2893 3008//2951 3007//2950 
f 2949//2892 3007//2950 3006//2949 
f 2948//2891 3006//2949 3005//2948 
f 2947//2890 3005//2948 3004//2947 
f 2946//2889 3004//2947 3003//2946 
f 2945//2888 3003//2946 3002//2945 
f 2944//2887 3002//2945 3001//2944 
f 2943//2886 3001//2944 3000//2943 
f 2942//2885 3000//2943 2999//2942 
f 2941//2884 2999//2942 2998//2941 
f 2940//2883 2998//2941 2997//2940 
f 2939//2882 2997//2940 2996//2939 
f 2938//2881 2996//2939 2995//2938 
f 2937//2880 2995//2938 2994//2937 
f 2936//2879 2994//2937 2993//2936 
f 2935//2878 2993//2936 2992//2935 
f 2934//2877 2992//2935 2991//2934 
f 2933//2876 2991//2934 2990//2933 
f 2932//2875 2990//2933 2989//2932 
f 2931//2874 2989//2932 2988//2931 
f 2930//2873 2988//2931 2987//2930 
f 2929//2872 2987//2930 2986//2929 
f 2928//2871 2986//2929 2985//2928 
f 2927//2870 2985//2928 2984//2927 
f 2926//2869 2984//2927 2983//2926 
f 2925//2868 2983//2926 2982//2925 
f 2924//2867 2982//2925 2981//2924 
f 2923//2866 2981//2924 2980//2923 
f 2922//2865 2980//2923 2979//2922 
f 2921//2864 2979//2922 2978//2921 
f 2920//2863 2978//2921 2977//2920 
f 2919//2862 2977//2920 2976//2919 
f 2918//2861 2976//2919 2975//2918 
f 2917//2860 2975//2918 2974//2917 
f 2916//2859 2974//2917 2973//2916 
f 2915//2858 2973//2916 2972//2915 
f 2914//2857 2972//2915 2971//2914 
f 2913//2856 2971//2914 2970//2913 
f 2912//2855 2970//2913 2969//2912 
f 2911//2854 2969//2912 2968//2911 
f 2910//2853 2968//2911 2967//2910 
f 2909//2852 2967//2910 2966//2909 
f 2908//2851 2966//2909 2965//2908 
f 2907//2850 2965//2908 2964//2907 
f 2906//2849 2964//2907 2963//2906 
f 2847//2790 2905//2848 2962//2905 
f 2904//2847 2962//2905 2961//2904 
f 2903//2846 2961//2904 2960//2903 
f 2902//2845 2960//2903 2959//2902 
f 2901//2844 2959//2902 2958//2901 
f 2900//2843 2958//2901 2957//2900 
f 2899//2842 2957//2900 2956//2899 
f 2898//2841 2956//2899 2955//2898 
f 2897//2840 2955//2898 2954//2897 
f 2896//2839 2954//2897 2953//2896 
f 2895//2838 2953//2896 2952//2895 
f 2894//2837 2952//2895 2951//2894 
f 2893//2836 2951//2894 2950//2893 
f 2892//2835 2950//2893 2949//2892 
f 2891//2834 2949//2892 2948//2891 
f 2890//2833 2948//2891 2947//2890 
f 2889//2832 2947//2890 2946//2889 
f 2888//2831 2946//2889 2945//2888 
f 2887//2830 2945//2888 2944//2887 
f 2886//2829 2944//2887 2943//2886 
f 2885//2828 2943//2886 2942//2885 
f 2884//2827 2942//2885 2941//2884 
f 2883//2826 2941//2884 2940//2883 
f 2882//2825 2940//2883 2939//2882 
f 2881//2824 2939//2882 2938//2881 
f 2880//2823 2938//2881 2937//2880 
f 2879//2822 2937//2880 2936//2879 
f 2878//2821 2936//2879 2935//2878 
f 2877//2820 2935//2878 2934//2877 
f 2876//2819 2934//2877 2933//2876 
f 2875//2818 2933//2876 2932//2875 
f 2874//2817 2932//2875 2931//2874 
f 2873//2816 2931//2874 2930//2873 
f 2872//2815 2930//2873 2929//2872 
f 2871//2814 2929//2872 2928//2871 
f 2870//2813 2928//2871 2927//2870 
f 2869//2812 2927//2870 2926//2869 
f 2868//2811 2926//2869 2925//2868 
f 2867//2810 2925//2868 2924//2867 
f 2866//2809 2924//2867 2923//2866 
f 2865//2808 2923//2866 2922//2865 
f 2864//2807 2922//2865 2921//2864 
f 2863//2806 2921//2864 2920//2863 
f 2862//2805 2920//2863 2919//2862 
f 2861//2804 2919//2862 2918//2861 
f 2860//2803 2918//2861 2917//2860 
f 2859//2802 2917//2860 2916//2859 
f 2858//2801 2916//2859 2915//2858 
f 2857//2800 2915//2858 2914//2857 
f 2856//2799 2914//2857 2913//2856 
f 2855//2798 2913//2856 2912//2855 
f 2854//2797 2912//2855 2911//2854 
f 2853//2796 2911//2854 2910//2853 
f 2852//2795 2910//2853 2909//2852 
f 2851//2794 2909//2852 2908//2851 
f 2850//2793 2908//2851 2907//2850 
f 2849//2792 2907//2850 2906//2849 
f 2848//2791 2906//2849 2905//2848 
f 2789//2732 2847//2790 2904//2847 
f 2846//2789 2904//2847 2903//2846 
f 2845//2788 2903//2846 2902//2845 
f 2844//2787 2902//2845 2901//2844 
f 2843//2786 2901//2844 2900//2843 
f 2842//2785 2900//2843 2899//2842 
f 2841//2784 2899//2842 2898//2841 
f 2840//2783 2898//2841 2897//2840 
f 2839//2782 2897//2840 2896//2839 
f 2838//2781 2896//2839 2895//2838 
f 2837//2780 2895//2838 2894//2837 
f 2836//2779 2894//2837 2893//2836 
f 2835//2778 2893//2836 2892//2835 
f 2834//2777 2892//2835 2891//2834 
f 2833//2776 2891//2834 2890//2833 
f 2832//2775 2890//2833 2889//2832 
f 2831//2774 2889//2832 2888//2831 
f 2830//2773 2888//2831 2887//2830 
f 2829//2772 2887//2830 2886//2829 
f 2828//2771 2886//2829 2885//2828 
f 2827//2770 2885//2828 2884//2827 
f 2826//2769 2884//2827 2883//2826 
f 2825//2768 2883//2826 2882//2825 
f 2824//2767 2882//2825 2881//2824 
f 2823//2766 2881//2824 2880//2823 
f 2822//2765 2880//2823 2879//2822 
f 2821//2764 2879//2822 2878//2821 
f 2820//2763 2878//2821 2877//2820 
f 2819//2762 2877//2820 2876//2819 
f 2818//2761 2876//2819 2875//2818 
f 2817//2760 2875//2818 2874//2817 
f 2816//2759 2874//2817 2873//2816 
f 2815//2758 2873//2816 2872//2815 
f 2814//2757 2872//2815 2871//2814 
f 2813//2756 2871//2814 2870//2813 
f 2812//2755 2870//2813 2869//2812 
f 2811//2754 2869//2812 2868//2811 
f 2810//2753 2868//2811 2867//2810 
f 2809//2752 2867//2810 2866//2809 
f 2808//2751 2866//2809 2865//2808 
f 2807//2750 2865//2808 2864//2807 
f 2806//2749 2864//2807 2863//2806 
f 2805//2748 2863//2806 2862//2805 
f 2804//2747 2862//2805 2861//2804 
f 2803//2746 2861//2804 2860//2803 
f 2802//2745 2860//2803 2859//2802 
f 2801//2744 2859//2802 2858//2801 
f 2800//2743 2858//2801 2857//2800 
f 2799//2742 2857//2800 2856//2799 
f 2798//2741 2856//2799 2855//2798 
f 2797//2740 2855//2798 2854//2797 
f 2796//2739 2854//2797 2853//2796 
f 2795//2738 2853//2796 2852//2795 
f 2794//2737 2852//2795 2851//2794 
f 2793//2736 2851//2794 2850//2793 
f 2792//2735 2850//2793 2849//2792 
f 2791//2734 2849//2792 2848//2791 
f 2790//2733 2848//2791 2847//2790 
f 2731//2674 2789//2732 2846//2789 
f 2788//2731 2846//2789 2845//2788 
f 2787//2730 2845//2788 2844//2787 
f 2786//2729 2844//2787 2843//2786 
f 2785//2728 2843//2786 2842//2785 
f 2784//2727 2842//2785 2841//2784 
f 2783//2726 2841//2784 2840//2783 
f 2782//2725 2840//2783 2839//2782 
f 2781//2724 2839//2782 2838//2781 
f 2780//2723 2838//2781 2837//2780 
f 2779//2722 2837//2780 2836//2779 
f 2778//2721 2836//2779 2835//2778 
f 2777//2720 2835//2778 2834//2777 
f 2776//2719 2834//2777 2833//2776 
f 2775//2718 2833//2776 2832//2775 
f 2774//2717 2832//2775 2831//2774 
f 2773//2716 2831//2774 2830//2773 
f 2772//2715 2830//2773 2829//2772 
f 2771//2714 2829//2772 2828//2771 
f 2770//2713 2828//2771 2827//2770 
f 2769//2712 2827//2770 2826//2769 
f 2768//2711 2826//2769 2825//2768 
f 2767//2710 2825//2768 2824//2767 
f 2766//2709 2824//2767 2823//2766 
f 2765//2708 2823//2766 2822//2765 
f 2764//2707 2822//2765 2821//2764 
f 2763//2706 2821//2764 2820//2763 
f 2762//2705 2820//2763 2819//2762 
f 2761//2704 2819//2762 2818//2761 
f 2760//2703 2818//2761 2817//2760 
f 2759//2702 2817//2760 2816//2759 
f 2758//2701 2816//2759 2815//2758 
f 2757//2700 2815//2758 2814//2757 
f 2756//2699 2814//2757 2813//2756 
f 2755//2698 2813//2756 2812//2755 
f 2754//2697 2812//2755 2811//2754 
f 2753//2696 2811//2754 2810//2753 
f 2752//2695 2810//2753 2809//2752 
f 2751//2694 2809//2752 2808//2751 
f 2750//2693 2808//2751 2807//2750 
f 2749//2692 2807//2750 2806//2749 
f 2748//2691 2806//2749 2805//2748 
f 2747//2690 2805//2748 2804//2747 
f 2746//2689 2804//2747 2803//2746 
f 2745//2688 2803//2746 2802//2745 
f 2744//2687 2802//2745 2801//2744 
f 2743//2686 2801//2744 2800//2743 
f 2742//2685 2800//2743 2799//2742 
f 2741//2684 2799//2742 2798//2741 
f 2740//2683 2798//2741 2797//2740 
f 2739//2682 2797//2740 2796//2739 
f 2738//2681 2796//2739 2795//2738 
f 2737//2680 2795//2738 2794//2737 
f 2736//2679 2794//2737 2793//2736 
f 2735//2678 2793//2736 2792//2735 
f 2734//2677 2792//2735 2791//2734 
f 2733//2676 2791//2734 2790//2733 
f 2732//2675 2790//2733 2789//2732 
f 2673//2616 2731//2674 2788//2731 
f 2730//2673 2788//2731 2787//2730 
f 2729//2672 2787//2730 2786//2729 
f 2728//2671 2786//2729 2785//2728 
f 2727//2670 2785//2728 2784//2727 
f 2726//2669 2784//2727 2783//2726 
f 2725//2668 2783//2726 2782//2725 
f 2724//2667 2782//2725 2781//2724 
f 2723//2666 2781//2724 2780//2723 
f 2722//2665 2780//2723 2779//2722 
f 2721//2664 2779//2722 2778//2721 
f 2720//2663 2778//2721 2777//2720 
f 2719//2662 2777//2720 2776//2719 
f 2718//2661 2776//2719 2775//2718 
f 2717//2660 2775//2718 2774//2717 
f 2716//2659 2774//2717 2773//2716 
f 2715//2658 2773//2716 2772//2715 
f 2714//2657 2772//2715 2771//2714 
f 2713//2656 2771//2714 2770//2713 
f 2712//2655 2770//2713 2769//2712 
f 2711//2654 2769//2712 2768//2711 
f 2710//2653 2768//2711 2767//2710 
f 2709//2652 2767//2710 2766//2709 
f 2708//2651 2766//2709 2765//2708 
f 2707//2650 2765//2708 2764//2707 
f 2706//2649 2764//2707 2763//2706 
f 2705//2648 2763//2706 2762//2705 
f 2704//2647 2762//2705 2761//2704 
f 2703//2646 2761//2704 2760//2703 
f 2702//2645 2760//2703 2759//2702 
f 2701//2644 2759//2702 2758//2701 
f 2700//2643 2758//2701 2757//2700 
f 2699//2642 2757//2700 2756//2699 
f 2698//2641 2756//2699 2755//2698 
f 2697//2640 2755//2698 2754//2697 
f 2696//2639 2754//2697 2753//2696 
f 2695//2638 2753//2696 2752//2695 
f 2694//2637 2752//2695 2751//2694 
f 2693//2636 2751//2694 2750//2693 
f 2692//2635 2750//2693 2749//2692 
f 2691//2634 2749//2692 2748//2691 
f 2690//2633 2748//2691 2747//2690 
f 2689//2632 2747//2690 2746//2689 
f 2688//2631 2746//2689 2745//2688 
f 2687//2630 2745//2688 2744//2687 
f 2686//2629 2744//2687 2743//2686 
f 2685//2628 2743//2686 2742//2685 
f 2684//2627 2742//2685 2741//2684 
f 2683//2626 2741//2684 2740//2683 
f 2682//2625 2740//2683 2739//2682 
f 2681//2624 2739//2682 2738//2681 
f 2680//2623 2738//2681 2737//2680 
f 2679//2622 2737//2680 2736//2679 
f 2678//2621 2736//2679 2735//2678 
f 2677//2620 2735//2678 2734//2677 
f 2676//2619 2734//2677 2733//2676 
f 2675//2618 2733//2676 2732//2675 
f 2674//2617 2732//2675 2731//2674 
f 2615//2558 2673//2616 2730//2673 
f 2672//2615 2730//2673 2729//2672 
f 2671//2614 2729//2672 2728//2671 
f 2670//2613 2728//2671 2727//2670 
f 2669//2612 2727//2670 2726//2669 
f 2668//2611 2726//2669 2725//2668 
f 2667//2610 2725//2668 2724//2667 
f 2666//2609 2724//2667 2723//2666 
f 2665//2608 2723//2666 2722//2665 
f 2664//2607 2722//2665 2721//2664 
f 2663//2606 2721//2664 2720//2663 
f 2662//2605 2720//2663 2719//2662 
f 2661//2604 2719//2662 2718//2661 
f 2660//2603 2718//2661 2717//2660 
f 2659//2602 2717//2660 2716//2659 
f 2658//2601 2716//2659 2715//2658 
f 2657//2600 2715//2658 2714//2657 
f 2656//2599 2714//2657 2713//2656 
f 2655//2598 2713//2656 2712//2655 
f 2654//2597 2712//2655 2711//2654 
f 2653//2596 2711//2654 2710//2653 
f 2652//2595 2710//2653 2709//2652 
f 2651//2594 2709//2652 2708//2651 
f 2650//2593 2708//2651 2707//2650 
f 2649//2592 2707//2650 2706//2649 
f 2648//2591 2706//2649 2705//2648 
f 2647//2590 2705//2648 2704//2647 
f 2646//2589 2704//2647 2703//2646 
f 2645//2588 2703//2646 2702//2645 
f 2644//2587 2702//2645 2701//2644 
f 2643//2586 2701//2644 2700//2643 
f 2642//2585 2700//2643 2699//2642 
f 2641//2584 2699//2642 2698//2641 
f 2640//2583 2698//2641 2697//2640 
f 2639//2582 2697//2640 2696//2639 
f 2638//2581 2696//2639 2695//2638 
f 2637//2580 2695//2638 2694//2637 
f 2636//2579 2694//2637 2693//2636 
f 2635//2578 2693//2636 2692//2635 
f 2634//2577 2692//2635 2691//2634 
f 2633//2576 2691//2634 2690//2633 
f 2632//2575 2690//2633 2689//2632 
f 2631//2574 2689//2632 2688//2631 
f 2630//2573 2688//2631 2687//2630 
f 2629//2572 2687//2630 2686//2629 
f 2628//2571 2686//2629 2685//2628 
f 2627//2570 2685//2628 2684//2627 
f 2626//2569 2684//2627 2683//2626 
f 2625//2568 2683//2626 2682//2625 
f 2624//2567 2682//2625 2681//2624 
f 2623//2566 2681//2624 2680//2623 
f 2622//2565 2680//2623 2679//2622 
f 2621//2564 2679//2622 2678//2621 
f 2620//2563 2678//2621 2677//2620 
f 2619//2562 2677//2620 2676//2619 
f 2618//2561 2676//2619 2675//2618 
f 2617//2560 2675//2618 2674//2617 
f 2616//2559 2674//2617 2673//2616 
f 2557//2500 2615//2558 2672//2615 
f 2614//2557 2672//2615 2671//2614 
f 2613//2556 2671//2614 2670//2613 
f 2612//2555 2670//2613 2669//2612 
f 2611//2554 2669//2612 2668//2611 
f 2610//2553 2668//2611 2667//2610 
f 2609//2552 2667//2610 2666//2609 
f 2608//2551 2666//2609 2665//2608 
f 2607//2550 2665//2608 2664//2607 
f 2606//2549 2664//2607 2663//2606 
f 2605//2548 2663//2606 2662//2605 
f 2604//2547 2662//2605 2661//2604 
f 2603//2546 2661//2604 2660//2603 
f 2602//2545 2660//2603 2659//2602 
f 2601//2544 2659//2602 2658//2601 
f 2600//2543 2658//2601 2657//2600 
f 2599//2542 2657//2600 2656//2599 
f 2598//2541 2656//2599 2655//2598 
f 2597//2540 2655//2598 2654//2597 
f 2596//2539 2654//2597 2653//2596 
f 2595//2538 2653//2596 2652//2595 
f 2594//2537 2652//2595 2651//2594 
f 2593//2536 2651//2594 2650//2593 
f 2592//2535 2650//2593 2649//2592 
f 2591//2534 2649//2592 2648//2591 
f 2590//2533 2648//2591 2647//2590 
f 2589//2532 2647//2590 2646//2589 
f 2588//2531 2646//2589 2645//2588 
f 2587//2530 2645//2588 2644//2587 
f 2586//2529 2644//2587 2643//2586 
f 2585//2528 2643//2586 2642//2585 
f 2584//2527 2642//2585 2641//2584 
f 2583//2526 2641//2584 2640//2583 
f 2582//2525 2640//2583 2639//2582 
f 2581//2524 2639//2582 2638//2581 
f 2580//2523 2638//2581 2637//2580 
f 2579//2522 2637//2580 2636//2579 
f 2578//2521 2636//2579 2635//2578 
f 2577//2520 2635//2578 2634//2577 
f 2576//2519 2634//2577 2633//2576 
f 2575//2518 2633//2576 2632//2575 
f 2574//2517 2632//2575 2631//2574 
f 2573//2516 2631//2574 2630//2573 
f 2572//2515 2630//2573 2629//2572 
f 2571//2514 2629//2572 2628//2571 
f 2570//2513 2628//2571 2627//2570 
f 2569//2512 2627//2570 2626//2569 
f 2568//2511 2626//2569 2625//2568 
f 2567//2510 2625//2568 2624//2567 
f 2566//2509 2624//2567 2623//2566 
f 2565//2508 2623//2566 2622//2565 
f 2564//2507 2622//2565 2621//2564 
f 2563//2506 2621//2564 2620//2563 
f 2562//2505 2620//2563 2619//2562 
f 2561//2504 2619//2562 2618//2561 
f 2560//2503 2618//2561 2617//2560 
f 2559//2502 2617//2560 2616//2559 
f 2558//2501 2616//2559 2615//2558 
f 2499//2442 2557//2500 2614//2557 
f 2556//2499 2614//2557 2613//2556 
f 2555//2498 2613//2556 2612//2555 
f 2554//2497 2612//2555 2611//2554 
f 2553//2496 2611//2554 2610//2553 
f 2552//2495 2610//2553 2609//2552 
f 2551//2494 2609//2552 2608//2551 
f 2550//2493 2608//2551 2607//2550 
f 2549//2492 2607//2550 2606//2549 
f 2548//2491 2606//2549 2605//2548 
f 2547//2490 2605//2548 2604//2547 
f 2546//2489 2604//2547 2603//2546 
f 2545//2488 2603//2546 2602//2545 
f 2544//2487 2602//2545 2601//2544 
f 2543//2486 2601//2544 2600//2543 
f 2542//2485 2600//2543 2599//2542 
f 2541//2484 2599//2542 2598//2541 
f 2540//2483 2598//2541 2597//2540 
f 2539//2482 2597//2540 2596//2539 
f 2538//2481 2596//2539 2595//2538 
f 2537//2480 2595//2538 2594//2537 
f 2536//2479 2594//2537 2593//2536 
f 2535//2478 2593//2536 2592//2535 
f 2534//2477 2592//2535 2591//2534 
f 2533//2476 2591//2534 2590//2533 
f 2532//2475 2590//2533 2589//2532 
f 2531//2474 2589//2532 2588//2531 
f 2530//2473 2588//2531 2587//2530 
f 2529//2472 2587//2530 2586//2529 
f 2528//2471 2586//2529 2585//2528 
f 2527//2470 2585//2528 2584//2527 
f 2526//2469 2584//2527 2583//2526 
f 2525//2468 2583//2526 2582//2525 
f 2524//2467 2582//2525 2581//2524 
f 2523//2466 2581//2524 2580//2523 
f 2522//2465 2580//2523 2579//2522 
f 2521//2464 2579//2522 2578//2521 
f 2520//2463 2578//2521 2577//2520 
f 2519//2462 2577//2520 2576//2519 
f 2518//2461 2576//2519 2575//2518 
f 2517//2460 2575//2518 2574//2517 
f 2516//2459 2574//2517 2573//2516 
f 2515//2458 2573//2516 2572//2515 
f 2514//2457 2572//2515 2571//2514 
f 2513//2456 2571//2514 2570//2513 
f 2512//2455 2570//2513 2569//2512 
f 2511//2454 2569//2512 2568//2511 
f 2510//2453 2568//2511 2567//2510 
f 2509//2452 2567//2510 2566//2509 
f 2508//2451 2566//2509 2565//2508 
f 2507//2450 2565//2508 2564//2507 
f 2506//2449 2564//2507 2563//2506 
f 2505//2448 2563//2506 2562//2505 
f 2504//2447 2562//2505 2561//2504 
f 2503//2446 2561//2504 2560//2503 
f 2502//2445 2560//2503 2559//2502 
f 2501//2444 2559//2502 2558//2501 
f 2500//2443 2558//2501 2557//2500 
f 2441//2384 2499//2442 2556//2499 
f 2498//2441 2556//2499 2555//2498 
f 2497//2440 2555//2498 2554//2497 
f 2496//2439 2554//2497 2553//2496 
f 2495//2438 2553//2496 2552//2495 
f 2494//2437 2552//2495 2551//2494 
f 2493//2436 2551//2494 2550//2493 
f 2492//2435 2550//2493 2549//2492 
f 2491//2434 2549//2492 2548//2491 
f 2490//2433 2548//2491 2547//2490 
f 2489//2432 2547//2490 2546//2489 
f 2488//2431 2546//2489 2545//2488 
f 2487//2430 2545//2488 2544//2487 
f 2486//2429 2544//2487 2543//2486 
f 2485//2428 2543//2486 2542//2485 
f 2484//2427 2542//2485 2541//2484 
f 2483//2426 2541//2484 2540//2483 
f 2482//2425 2540//2483 2539//2482 
f 2481//2424 2539//2482 2538//2481 
f 2480//2423 2538//2481 2537//2480 
f 2479//2422 2537//2480 2536//2479 
f 2478//2421 2536//2479 2535//2478 
f 2477//2420 2535//2478 2534//2477 
f 2476//2419 2534//2477 2533//2476 
f 2475//2418 2533//2476 2532//2475 
f 2474//2417 2532//2475 2531//2474 
f 2473//2416 2531//2474 2530//2473 
f 2472//2415 2530//2473 2529//2472 
f 2471//2414 2529//2472 2528//2471 
f 2470//2413 2528//2471 2527//2470 
f 2469//2412 2527//2470 2526//2469 
f 2468//2411 2526//2469 2525//2468 
f 2467//2410 2525//2468 2524//2467 
f 2466//2409 2524//2467 2523//2466 
f 2465//2408 2523//2466 2522//2465 
f 2464//2407 2522//2465 2521//2464 
f 2463//2406 2521//2464 2520//2463 
f 2462//2405 2520//2463 2519//2462 
f 2461//2404 2519//2462 2518//2461 
f 2460//2403 2518//2461 2517//2460 
f 2459//2402 2517//2460 2516//2459 
f 2458//2401 2516//2459 2515//2458 
f 2457//2400 2515//2458 2514//2457 
f 2456//2399 2514//2457 2513//2456 
f 2455//2398 2513//2456 2512//2455 
f 2454//2397 2512//2455 2511//2454 
f 2453//2396 2511//2454 2510//2453 
f 2452//2395 2510//2453 2509//2452 
f 2451//2394 2509//2452 2508//2451 
f 2450//2393 2508//2451 2507//2450 
f 2449//2392 2507//2450 2506//2449 
f 2448//2391 2506//2449 2505//2448 
f 2447//2390 2505//2448 2504//2447 
f 2446//2389 2504//2447 2503//2446 
f 2445//2388 2503//2446 2502//2445 
f 2444//2387 2502//2445 2501//2444 
f 2443//2386 2501//2444 2500//2443 
f 2442//2385 2500//2443 2499//2442 
f 2384//2211 2441//2384 2498//2441 
f 2440//2379 2498//2441 2497//2440 
f 2439//2376 2497//2440 2496//2439 
f 2438//2373 2496//2439 2495//2438 
f 2437//2370 2495//2438 2494//2437 
f 2436//2367 2494//2437 2493//2436 
f 2435//2364 2493//2436 2492//2435 
f 2434//2361 2492//2435 2491//2434 
f 2433//2358 2491//2434 2490//2433 
f 2432//2355 2490//2433 2489//2432 
f 2431//2352 2489//2432 2488//2431 
f 2430//2349 2488//2431 2487//2430 
f 2429//2346 2487//2430 2486//2429 
f 2428//2343 2486//2429 2485//2428 
f 2427//2340 2485//2428 2484//2427 
f 2426//2337 2484//2427 2483//2426 
f 2425//2334 2483//2426 2482//2425 
f 2424//2331 2482//2425 2481//2424 
f 2423//2328 2481//2424 2480//2423 
f 2422//2325 2480//2423 2479//2422 
f 2421//2322 2479//2422 2478//2421 
f 2420//2319 2478//2421 2477//2420 
f 2419//2316 2477//2420 2476//2419 
f 2418//2313 2476//2419 2475//2418 
f 2417//2310 2475//2418 2474//2417 
f 2416//2307 2474//2417 2473//2416 
f 2415//2304 2473//2416 2472//2415 
f 2414//2301 2472//2415 2471//2414 
f 2413//2298 2471//2414 2470//2413 
f 2412//2295 2470//2413 2469//2412 
f 2411//2292 2469//2412 2468//2411 
f 2410//2289 2468//2411 2467//2410 
f 2409//2286 2467//2410 2466//2409 
f 2408//2283 2466//2409 2465//2408 
f 2407//2280 2465//2408 2464//2407 
f 2406//2277 2464//2407 2463//2406 
f 2405//2274 2463//2406 2462//2405 
f 2404//2271 2462//2405 2461//2404 
f 2403//2268 2461//2404 2460//2403 
f 2402//2265 2460//2403 2459//2402 
f 2401//2262 2459//2402 2458//2401 
f 2400//2259 2458//2401 2457//2400 
f 2399//2256 2457//2400 2456//2399 
f 2398//2253 2456//2399 2455//2398 
f 2397//2250 2455//2398 2454//2397 
f 2396//2247 2454//2397 2453//2396 
f 2395//2244 2453//2396 2452//2395 
f 2394//2241 2452//2395 2451//2394 
f 2393//2238 2451//2394 2450//2393 
f 2392//2235 2450//2393 2449//2392 
f 2391//2232 2449//2392 2448//2391 
f 2390//2229 2448//2391 2447//2390 
f 2389//2226 2447//2390 2446//2389 
f 2388//2223 2446//2389 2445//2388 
f 2387//2220 2445//2388 2444//2387 
f 2386//2217 2444//2387 2443//2386 
f 2385//2214 2443//2386 2442//2385 
f 2383//2210 2442//2385 2441//2384 
f 2381//2382 2268//2213 2384//2211 
f 2379//2380 2382//2383 2440//2379 
f 2377//2377 2380//2381 2439//2376 
f 2375//2374 2378//2378 2438//2373 
f 2373//2371 2376//2375 2437//2370 
f 2371//2368 2374//2372 2436//2367 
f 2369//2365 2372//2369 2435//2364 
f 2367//2362 2370//2366 2434//2361 
f 2365//2359 2368//2363 2433//2358 
f 2363//2356 2366//2360 2432//2355 
f 2361//2353 2364//2357 2431//2352 
f 2359//2350 2362//2354 2430//2349 
f 2357//2347 2360//2351 2429//2346 
f 2355//2344 2358//2348 2428//2343 
f 2353//2341 2356//2345 2427//2340 
f 2351//2338 2354//2342 2426//2337 
f 2349//2335 2352//2339 2425//2334 
f 2347//2332 2350//2336 2424//2331 
f 2345//2329 2348//2333 2423//2328 
f 2343//2326 2346//2330 2422//2325 
f 2341//2323 2344//2327 2421//2322 
f 2339//2320 2342//2324 2420//2319 
f 2337//2317 2340//2321 2419//2316 
f 2335//2314 2338//2318 2418//2313 
f 2333//2311 2336//2315 2417//2310 
f 2331//2308 2334//2312 2416//2307 
f 2329//2305 2332//2309 2415//2304 
f 2327//2302 2330//2306 2414//2301 
f 2325//2299 2328//2303 2413//2298 
f 2323//2296 2326//2300 2412//2295 
f 2321//2293 2324//2297 2411//2292 
f 2319//2290 2322//2294 2410//2289 
f 2317//2287 2320//2291 2409//2286 
f 2315//2284 2318//2288 2408//2283 
f 2313//2281 2316//2285 2407//2280 
f 2311//2278 2314//2282 2406//2277 
f 2309//2275 2312//2279 2405//2274 
f 2307//2272 2310//2276 2404//2271 
f 2305//2269 2308//2273 2403//2268 
f 2303//2266 2306//2270 2402//2265 
f 2301//2263 2304//2267 2401//2262 
f 2299//2260 2302//2264 2400//2259 
f 2297//2257 2300//2261 2399//2256 
f 2295//2254 2298//2258 2398//2253 
f 2293//2251 2296//2255 2397//2250 
f 2291//2248 2294//2252 2396//2247 
f 2289//2245 2292//2249 2395//2244 
f 2287//2242 2290//2246 2394//2241 
f 2285//2239 2288//2243 2393//2238 
f 2283//2236 2286//2240 2392//2235 
f 2281//2233 2284//2237 2391//2232 
f 2279//2230 2282//2234 2390//2229 
f 2277//2227 2280//2231 2389//2226 
f 2275//2224 2278//2228 2388//2223 
f 2273//2221 2276//2225 2387//2220 
f 2271//2218 2274//2222 2386//2217 
f 2269//2215 2272//2219 2385//2214 
f 2267//2212 2270//2216 2383//2210 
o mesh8
f 3195//3139 2269//3140 2270//3141 
f 2270//3141 3196//3142 3195//3139 
f 3197//3143 2271//3144 2272//3145 
f 2272//3145 3195//3139 3197//3143 
f 3198//3146 2273//3147 2274//3148 
f 2274//3148 3197//3143 3198//3146 
f 3199//3149 2275//3150 2276//3151 
f 2276//3151 3198//3146 3199//3149 
f 3200//3152 2277//3153 2278//3154 
f 2278//3154 3199//3149 3200//3152 
f 3201//3155 2279//3156 2280//3157 
f 2280//3157 3200//3152 3201//3155 
f 3202//3158 2281//3159 2282//3160 
f 2282//3160 3201//3155 3202//3158 
f 3203//3161 2283//3162 2284//3163 
f 2284//3163 3202//3158 3203//3161 
f 3204//3164 2285//3165 2286//3166 
f 2286//3166 3203//3161 3204//3164 
f 3205//3167 2287//3168 2288//3169 
f 2288//3169 3204//3164 3205//3167 
f 3206//3170 2289//3171 2290//3172 
f 2290//3172 3205//3167 3206//3170 
f 3207//3173 2291//3174 2292//3175 
f 2292//3175 3206//3170 3207//3173 
f 3208//3176 2293//3177 2294//3178 
f 2294//3178 3207//3173 3208//3176 
f 3209//3179 2295//3180 2296//3181 
f 2296//3181 3208//3176 3209//3179 
f 3210//3182 2297//3183 2298//3184 
f 2298//3184 3209//3179 3210//3182 
f 3211//3185 2299//3186 2300//3187 
f 2300//3187 3210//3182 3211//3185 
f 3212//3188 2301//3189 2302//3190 
f 2302//3190 3211//3185 3212//3188 
f 3213//3191 2303//3192 2304//3193 
f 2304//3193 3212//3188 3213//3191 
f 3214//3194 2305//3195 2306//3196 
f 2306//3196 3213//3191 3214//3194 
f 3215//3197 2307//3198 2308//3199 
f 2308//3199 3214//3194 3215//3197 
f 3216//3200 2309//3201 2310//3202 
f 2310//3202 3215//3197 3216//3200 
f 3217//3203 2311//3204 2312//3205 
f 2312//3205 3216//3200 3217//3203 
f 3218//3206 2313//3207 2314//3208 
f 2314//3208 3217//3203 3218//3206 
f 3219//3209 2315//3210 2316//3211 
f 2316//3211 3218//3206 3219//3209 
f 3220//3212 2317//3213 2318//3214 
f 2318//3214 3219//3209 3220//3212 
f 3221//3215 2319//3216 2320//3217 
f 2320//3217 3220//3212 3221//3215 
f 3222//3218 2321//3219 2322//3220 
f 2322//3220 3221//3215 3222//3218 
f 3223//3221 2323//3222 2324//3223 
f 2324//3223 3222//3218 3223//3221 
f 3224//3224 2325//3224 2326//3225 
f 2326//3225 3223//3221 3224//3224 
f 3225//3226 2327//3227 2328//3228 
f 2328//3228 3224//3224 3225//3226 
f 3226//3229 2329//3230 2330//3231 
f 2330//3231 3225//3226 3226//3229 
f 3227//3232 2331//3233 2332//3234 
f 2332//3234 3226//3229 3227//3232 
f 3228//3235 2333//3236 2334//3237 
f 2334//3237 3227//3232 3228//3235 
f 3229//3238 2335//3239 2336//3240 
f 2336//3240 3228//3235 3229//3238 
f 3230//3241 2337//3242 2338//3243 
f 2338//3243 3229//3238 3230//3241 
f 3231//3244 2339//3245 2340//3246 
f 2340//3246 3230//3241 3231//3244 
f 3232//3247 2341//3248 2342//3249 
f 2342//3249 3231//3244 3232//3247 
f 3233//3250 2343//3251 2344//3252 
f 2344//3252 3232//3247 3233//3250 
f 3234//3253 2345//3254 2346//3255 
f 2346//3255 3233//3250 3234//3253 
f 3235//3256 2347//3257 2348//3258 
f 2348//3258 3234//3253 3235//3256 
f 3236//3259 2349//3260 2350//3261 
f 2350//3261 3235//3256 3236//3259 
f 3237//3262 2351//3263 2352//3264 
f 2352//3264 3236//3259 3237//3262 
f 3238//3265 2353//3266 2354//3267 
f 2354//3267 3237//3262 3238//3265 
f 3239//3268 2355//3269 2356//3270 
f 2356//3270 3238//3265 3239//3268 
f 3240//3271 2357//3272 2358//3273 
f 2358//3273 3239//3268 3240//3271 
f 3241//3274 2359//3275 2360//3276 
f 2360//3276 3240//3271 3241//3274 
f 3242//3277 2361//3278 2362//3279 
f 2362//3279 3241//3274 3242//3277 
f 3243//3280 2363//3281 2364//3282 
f 2364//3282 3242//3277 3243//3280 
f 3244//3283 2365//3284 2366//3285 
f 2366//3285 3243//3280 3244//3283 
f 3245//3286 2367//3287 2368//3288 
f 2368//3288 3244//3283 3245//3286 
f 3246//3289 2369//3290 2370//3291 
f 2370//3291 3245//3286 3246//3289 
f 3247//3292 2371//3293 2372//3294 
f 2372//3294 3246//3289 3247//3292 
f 3248//3295 2373//3296 2374//3297 
f 2374//3297 3247//3292 3248//3295 
f 3249//3298 2375//3299 2376//3300 
f 2376//3300 3248//3295 3249//3298 
f 3250//3301 2377//3302 2378//3303 
f 2378//3303 3249//3298 3250//3301 
f 3251//3304 2379//3305 2380//3306 
f 2380//3306 3250//3301 3251//3304 
f 3252//3307 2381//3308 2382//3309 
f 2382//3309 3251//3304 3252//3307 
f 3196//3142 2267//3310 2268//3311 
f 2268//3311 3252//3307 3196//3142 
f 2268//3311 2381//3308 3252//3307 
f 2382//3309 2379//3305 3251//3304 
f 2380//3306 2377//3302 3250//3301 
f 2378//3303 2375//3299 3249//3298 
f 2376//3300 2373//3296 3248//3295 
f 2374//3297 2371//3293 3247//3292 
f 2372//3294 2369//3290 3246//3289 
f 2370//3291 2367//3287 3245//3286 
f 2368//3288 2365//3284 3244//3283 
f 2366//3285 2363//3281 3243//3280 
f 2364//3282 2361//3278 3242//3277 
f 2362//3279 2359//3275 3241//3274 
f 2360//3276 2357//3272 3240//3271 
f 2358//3273 2355//3269 3239//3268 
f 2356//3270 2353//3266 3238//3265 
f 2354//3267 2351//3263 3237//3262 
f 2352//3264 2349//3260 3236//3259 
f 2350//3261 2347//3257 3235//3256 
f 2348//3258 2345//3254 3234//3253 
f 2346//3255 2343//3251 3233//3250 
f 2344//3252 2341//3248 3232//3247 
f 2342//3249 2339//3245 3231//3244 
f 2340//3246 2337//3242 3230//3241 
f 2338//3243 2335//3239 3229//3238 
f 2336//3240 2333//3236 3228//3235 
f 2334//3237 2331//3233 3227//3232 
f 2332//3234 2329//3230 3226//3229 
f 2330//3231 2327//3227 3225//3226 
f 2328//3228 2325//3224 3224//3224 
f 2326//3225 2323//3222 3223//3221 
f 2324//3223 2321//3219 3222//3218 
f 2322//3220 2319//3216 3221//3215 
f 2320//3217 2317//3213 3220//3212 
f 2318//3214 2315//3210 3219//3209 
f 2316//3211 2313//3207 3218//3206 
f 2314//3208 2311//3204 3217//3203 
f 2312//3205 2309//3201 3216//3200 
f 2310//3202 2307//3198 3215//3197 
f 2308//3199 2305//3195 3214//3194 
f 2306//3196 2303//3192 3213//3191 
f 2304//3193 2301//3189 3212//3188 
f 2302//3190 2299//3186 3211//3185 
f 2300//3187 2297//3183 3210//3182 
f 2298//3184 2295//3180 3209//3179 
f 2296//3181 2293//3177 3208//3176 
f 2294//3178 2291//3174 3207//3173 
f 2292//3175 2289//3171 3206//3170 
f 2290//3172 2287//3168 3205//3167 
f 2288//3169 2285//3165 3204//3164 
f 2286//3166 2283//3162 3203//3161 
f 2284//3163 2281//3159 3202//3158 
f 2282//3160 2279//3156 3201//3155 
f 2280//3157 2277//3153 3200//3152 
f 2278//3154 2275//3150 3199//3149 
f 2276//3151 2273//3147 3198//3146 
f 2274//3148 2271//3144 3197//3143 
f 2272//3145 2269//3140 3195//3139 
f 2270//3141 2267//3310 3196//3142 
o mesh9
f 2200//3312 2158//3313 3253//3313 
f 2222//3314 2200//3312 3254//3315 
f 2237//3316 2222//3314 3255//3317 
f 2216//3318 2237//3316 3256//3319 
f 2199//3320 2216//3318 3257//3321 
f 2177//3322 2199//3320 3258//3323 
f 2178//3324 2177//3322 3259//3325 
f 2163//3326 2178//3324 3260//3327 
f 2196//3328 2163//3326 3261//3329 
f 2197//3330 2196//3328 3262//3331 
f 2212//3332 2197//3330 3263//3333 
f 2209//3334 2212//3332 3264//3335 
f 2210//3336 2209//3334 3265//3337 
f 2220//3338 2210//3336 3266//3339 
f 2242//3340 2220//3338 3267//3341 
f 2241//3342 2242//3340 3268//3343 
f 2233//3344 2241//3342 3269//3345 
f 2230//3346 2233//3344 3270//3347 
f 2231//3348 2230//3346 3271//3349 
f 2227//3350 2231//3348 3272//3351 
f 2228//3352 2227//3350 3273//3353 
f 2224//3354 2228//3352 3274//3355 
f 2225//3356 2224//3354 3275//3357 
f 2266//3358 2225//3356 3276//3359 
f 2264//3360 2266//3358 3277//3361 
f 2265//3362 2264//3360 3278//3363 
f 2255//3364 2265//3362 3279//3365 
f 2256//3366 2255//3364 3280//3367 
f 2195//3368 2256//3366 3281//3369 
f 2193//3370 2195//3368 3282//3371 
f 2194//3372 2193//3370 3283//3373 
f 2223//3374 2194//3372 3284//3375 
f 2162//3376 2223//3374 3285//3377 
f 2169//3378 2162//3376 3286//3379 
f 2176//3380 2169//3378 3287//3381 
f 2168//3382 2176//3380 3288//3383 
f 2175//3384 2168//3382 3289//3385 
f 2134//3386 2175//3384 3290//3387 
f 2135//3388 2134//3386 3291//3389 
f 2120//3390 2135//3388 3292//3391 
f 2118//3392 2120//3390 3293//3393 
f 2133//3394 2118//3392 3294//3395 
f 2116//3396 2133//3394 3295//3397 
f 2109//3398 2116//3396 3296//3399 
f 2107//3400 2109//3398 3297//3401 
f 2102//3402 2107//3400 3298//3403 
f 2106//3404 2102//3402 3299//3405 
f 2132//3406 2106//3404 3300//3407 
f 2096//3408 2132//3406 3301//3409 
f 2101//3410 2096//3408 3302//3411 
f 2105//3412 2101//3410 3303//3413 
f 2097//3414 2105//3412 3304//3415 
f 2092//3416 2097//3414 3305//3417 
f 2093//3418 2092//3416 3306//3419 
f 2166//3420 2093//3418 3307//3421 
f 2144//3422 2166//3420 3308//3423 
f 2131//3424 2144//3422 3309//3425 
f 2158//3313 2131//3424 3310//3424 
f 3310//3424 3253//3313 2158//3313 
f 3309//3425 3310//3424 2131//3424 
f 3308//3423 3309//3425 2144//3422 
f 3307//3421 3308//3423 2166//3420 
f 3306//3419 3307//3421 2093//3418 
f 3305//3417 3306//3419 2092//3416 
f 3304//3415 3305//3417 2097//3414 
f 3303//3413 3304//3415 2105//3412 
f 3302//3411 3303//3413 2101//3410 
f 3301//3409 3302//3411 2096//3408 
f 3300//3407 3301//3409 2132//3406 
f 3299//3405 3300//3407 2106//3404 
f 3298//3403 3299//3405 2102//3402 
f 3297//3401 3298//3403 2107//3400 
f 3296//3399 3297//3401 2109//3398 
f 3295//3397 3296//3399 2116//3396 
f 3294//3395 3295//3397 2133//3394 
f 3293//3393 3294//3395 2118//3392 
f 3292//3391 3293//3393 2120//3390 
f 3291//3389 3292//3391 2135//3388 
f 3290//3387 3291//3389 2134//3386 
f 3289//3385 3290//3387 2175//3384 
f 3288//3383 3289//3385 2168//3382 
f 3287//3381 3288//3383 2176//3380 
f 3286//3379 3287//3381 2169//3378 
f 3285//3377 3286//3379 2162//3376 
f 3284//3375 3285//3377 2223//3374 
f 3283//3373 3284//3375 2194//3372 
f 3282//3371 3283//3373 2193//3370 
f 3281//3369 3282//3371 2195//3368 
f 3280//3367 3281//3369 2256//3366 
f 3279//3365 3280//3367 2255//3364 
f 3278//3363 3279//3365 2265//3362 
f 3277//3361 3278//3363 2264//3360 
f 3276//3359 3277//3361 2266//3358 
f 3275//3357 3276//3359 2225//3356 
f 3274//3355 3275//3357 2224//3354 
f 3273//3353 3274//3355 2228//3352 
f 3272//3351 3273//3353 2227//3350 
f 3271//3349 3272//3351 2231//3348 
f 3270//3347 3271//3349 2230//3346 
f 3269//3345 3270//3347 2233//3344 
f 3268//3343 3269//3345 2241//3342 
f 3267//3341 3268//3343 2242//3340 
f 3266//3339 3267//3341 2220//3338 
f 3265//3337 3266//3339 2210//3336 
f 3264//3335 3265//3337 2209//3334 
f 3263//3333 3264//3335 2212//3332 
f 3262//3331 3263//3333 2197//3330 
f 3261//3329 3262//3331 2196//3328 
f 3260//3327 3261//3329 2163//3326 
f 3259//3325 3260//3327 2178//3324 
f 3258//3323 3259//3325 2177//3322 
f 3257//3321 3258//3323 2199//3320 
f 3256//3319 3257//3321 2216//3318 
f 3255//3317 3256//3319 2237//3316 
f 3254//3315 3255//3317 2222//3314 
f 3253//3313 3254//3315 2200//3312 
o mesh10
f 3311//3426 3281//3426 3280//3426 
f 3280//3426 3279//3426 3311//3426 
f 3279//3426 3278//3426 3311//3426 
f 3278//3426 3277//3426 3311//3426 
f 3277//3426 3276//3426 3311//3426 
f 3276//3426 3275//3426 3311//3426 
f 3275//3426 3274//3426 3311//3426 
f 3274//3426 3273//3426 3311//3426 
f 3273//3426 3272//3426 3311//3426 
f 3272//3426 3271//3426 3311//3426 
f 3271//3426 3270//3426 3311//3426 
f 3270//3426 3269//3426 3311//3426 
f 3269//3426 3268//3426 3311//3426 
f 3268//3426 3267//3426 3311//3426 
f 3267//3426 3266//3426 3311//3426 
f 3266//3426 3265//3426 3311//3426 
f 3265//3426 3264//3426 3311//3426 
f 3264//3426 3263//3426 3311//3426 
f 3263//3426 3262//3426 3311//3426 
f 3262//3426 3261//3426 3311//3426 
f 3261//3426 3260//3426 3311//3426 
f 3260//3426 3259//3426 3311//3426 
f 3259//3426 3258//3426 3311//3426 
f 3258//3426 3257//3426 3311//3426 
f 3257//3426 3256//3426 3311//3426 
f 3256//3426 3255//3426 3311//3426 
f 3255//3426 3254//3426 3311//3426 
f 3254//3426 3253//3426 3311//3426 
f 3253//3426 3310//3426 3311//3426 
f 3310//3426 3309//3426 3311//3426 
f 3309//3426 3308//3426 3311//3426 
f 3308//3426 3307//3426 3311//3426 
f 3307//3426 3306//3426 3311//3426 
f 3306//3426 3305//3426 3311//3426 
f 3305//3426 3304//3426 3311//3426 
f 3304//3426 3303//3426 3311//3426 
f 3303//3426 3302//3426 3311//3426 
f 3302//3426 3301//3426 3311//3426 
f 3301//3426 3300//3426 3311//3426 
f 3300//3426 3299//3426 3311//3426 
f 3299//3426 3298//3426 3311//3426 
f 3298//3426 3297//3426 3311//3426 
f 3297//3426 3296//3426 3311//3426 
f 3296//3426 3295//3426 3311//3426 
f 3295//3426 3294//3426 3311//3426 
f 3294//3426 3293//3426 3311//3426 
f 3293//3426 3292//3426 3311//3426 
f 3292//3426 3291//3426 3311//3426 
f 3291//3426 3290//3426 3311//3426 
f 3290//3426 3289//3426 3311//3426 
f 3289//3426 3288//3426 3311//3426 
f 3288//3426 3287//3426 3311//3426 
f 3287//3426 3286//3426 3311//3426 
f 3286//3426 3285//3426 3311//3426 
f 3285//3426 3284//3426 3311//3426 
f 3284//3426 3283//3426 3311//3426 
f 3283//3426 3282//3426 3311//3426 
f 3282//3426 3281//3426 3311//3426 
o mesh11
f 2188//3427 2206//3428 3312//3428 
f 2189//3429 2188//3427 3313//3430 
f 2218//3431 2189//3429 3314//3432 
f 2187//3433 2218//3431 3315//3434 
f 2205//3435 2187//3433 3316//3436 
f 2185//3437 2205//3435 3317//3438 
f 2170//3439 2185//3437 3318//3440 
f 2204//3441 2170//3439 3319//3442 
f 2184//3443 2204//3441 3320//3444 
f 2203//3445 2184//3443 3321//3446 
f 2182//3447 2203//3445 3322//3448 
f 2179//3449 2182//3447 3323//3450 
f 2217//3451 2179//3449 3324//3452 
f 2201//3453 2217//3451 3325//3454 
f 2263//3455 2201//3453 3326//3456 
f 2261//3457 2263//3455 3327//3458 
f 2251//3459 2261//3457 3328//3460 
f 2249//3461 2251//3459 3329//3462 
f 2246//3463 2249//3461 3330//3464 
f 2259//3465 2246//3463 3331//3466 
f 2260//3467 2259//3465 3332//3468 
f 2257//3469 2260//3467 3333//3470 
f 2258//3471 2257//3469 3334//3472 
f 2235//3473 2258//3471 3335//3474 
f 2245//3475 2235//3473 3336//3476 
f 2236//3477 2245//3475 3337//3478 
f 2238//3479 2236//3477 3338//3480 
f 2239//3481 2238//3479 3339//3482 
f 2190//3483 2239//3481 3340//3484 
f 2191//3485 2190//3483 3341//3486 
f 2207//3487 2191//3485 3342//3488 
f 2219//3489 2207//3487 3343//3490 
f 2099//3491 2219//3489 3344//3492 
f 2100//3493 2099//3491 3345//3494 
f 2094//3495 2100//3493 3346//3496 
f 2098//3497 2094//3495 3347//3498 
f 2145//3499 2098//3497 3348//3500 
f 2128//3501 2145//3499 3349//3502 
f 2129//3503 2128//3501 3350//3504 
f 2140//3505 2129//3503 3351//3506 
f 2138//3507 2140//3505 3352//3508 
f 2137//3509 2138//3507 3353//3510 
f 2126//3511 2137//3509 3354//3512 
f 2124//3513 2126//3511 3355//3514 
f 2123//3515 2124//3513 3356//3516 
f 2114//3517 2123//3515 3357//3518 
f 2111//3519 2114//3517 3358//3520 
f 2112//3521 2111//3519 3359//3522 
f 2154//3523 2112//3521 3360//3524 
f 2155//3525 2154//3523 3361//3526 
f 2153//3527 2155//3525 3362//3528 
f 2151//3529 2153//3527 3363//3530 
f 2152//3531 2151//3529 3364//3532 
f 2174//3533 2152//3531 3365//3534 
f 2173//3535 2174//3533 3366//3536 
f 2148//3537 2173//3535 3367//3538 
f 2149//3539 2148//3537 3368//3540 
f 2206//3428 2149//3539 3369//3539 
f 3369//3539 3312//3428 2206//3428 
f 3368//3540 3369//3539 2149//3539 
f 3367//3538 3368//3540 2148//3537 
f 3366//3536 3367//3538 2173//3535 
f 3365//3534 3366//3536 2174//3533 
f 3364//3532 3365//3534 2152//3531 
f 3363//3530 3364//3532 2151//3529 
f 3362//3528 3363//3530 2153//3527 
f 3361//3526 3362//3528 2155//3525 
f 3360//3524 3361//3526 2154//3523 
f 3359//3522 3360//3524 2112//3521 
f 3358//3520 3359//3522 2111//3519 
f 3357//3518 3358//3520 2114//3517 
f 3356//3516 3357//3518 2123//3515 
f 3355//3514 3356//3516 2124//3513 
f 3354//3512 3355//3514 2126//3511 
f 3353//3510 3354//3512 2137//3509 
f 3352//3508 3353//3510 2138//3507 
f 3351//3506 3352//3508 2140//3505 
f 3350//3504 3351//3506 2129//3503 
f 3349//3502 3350//3504 2128//3501 
f 3348//3500 3349//3502 2145//3499 
f 3347//3498 3348//3500 2098//3497 
f 3346//3496 3347//3498 2094//3495 
f 3345//3494 3346//3496 2100//3493 
f 3344//3492 3345//3494 2099//3491 
f 3343//3490 3344//3492 2219//3489 
f 3342//3488 3343//3490 2207//3487 
f 3341//3486 3342//3488 2191//3485 
f 3340//3484 3341//3486 2190//3483 
f 3339//3482 3340//3484 2239//3481 
f 3338//3480 3339//3482 2238//3479 
f 3337//3478 3338//3480 2236//3477 
f 3336//3476 3337//3478 2245//3475 
f 3335//3474 3336//3476 2235//3473 
f 3334//3472 3335//3474 2258//3471 
f 3333//3470 3334//3472 2257//3469 
f 3332//3468 3333//3470 2260//3467 
f 3331//3466 3332//3468 2259//3465 
f 3330//3464 3331//3466 2246//3463 
f 3329//3462 3330//3464 2249//3461 
f 3328//3460 3329//3462 2251//3459 
f 3327//3458 3328//3460 2261//3457 
f 3326//3456 3327//3458 2263//3455 
f 3325//3454 3326//3456 2201//3453 
f 3324//3452 3325//3454 2217//3451 
f 3323//3450 3324//3452 2179//3449 
f 3322//3448 3323//3450 2182//3447 
f 3321//3446 3322//3448 2203//3445 
f 3320//3444 3321//3446 2184//3443 
f 3319//3442 3320//3444 2204//3441 
f 3318//3440 3319//3442 2170//3439 
f 3317//3438 3318//3440 2185//3437 
f 3316//3436 3317//3438 2205//3435 
f 3315//3434 3316//3436 2187//3433 
f 3314//3432 3315//3434 2218//3431 
f 3313//3430 3314//3432 2189//3429 
f 3312//3428 3313//3430 2188//3427 
o mesh12
f 3370//3541 3340//3541 3339//3541 
f 3339//3541 3338//3541 3370//3541 
f 3338//3541 3337//3541 3370//3541 
f 3337//3541 3336//3541 3370//3541 
f 3336//3541 3335//3541 3370//3541 
f 3335//3541 3334//3541 3370//3541 
f 3334//3541 3333//3541 3370//3541 
f 3333//3541 3332//3541 3370//3541 
f 3332//3541 3331//3541 3370//3541 
f 3331//3541 3330//3541 3370//3541 
f 3330//3541 3329//3541 3370//3541 
f 3329//3541 3328//3541 3370//3541 
f 3328//3541 3327//3541 3370//3541 
f 3327//3541 3326//3541 3370//3541 
f 3326//3541 3325//3541 3370//3541 
f 3325//3541 3324//3541 3370//3541 
f 3324//3541 3323//3541 3370//3541 
f 3323//3541 3322//3541 3370//3541 
f 3322//3541 3321//3541 3370//3541 
f 3321//3541 3320//3541 3370//3541 
f 3320//3541 3319//3541 3370//3541 
f 3319//3541 3318//3541 3370//3541 
f 3318//3541 3317//3541 3370//3541 
f 3317//3541 3316//3541 3370//3541 
f 3316//3541 3315//3541 3370//3541 
f 3315//3541 3314//3541 3370//3541 
f 3314//3541 3313//3541 3370//3541 
f 3313//3541 3312//3541 3370//3541 
f 3312//3541 3369//3541 3370//3541 
f 3369//3541 3368//3541 3370//3541 
f 3368//3541 3367//3541 3370//3541 
f 3367//3541 3366//3541 3370//3541 
f 3366//3541 3365//3541 3370//3541 
f 3365//3541 3364//3541 3370//3541 
f 3364//3541 3363//3541 3370//3541 
f 3363//3541 3362//3541 3370//3541 
f 3362//3541 3361//3541 3370//3541 
f 3361//3541 3360//3541 3370//3541 
f 3360//3541 3359//3541 3370//3541 
f 3359//3541 3358//3541 3370//3541 
f 3358//3541 3357//3541 3370//3541 
f 3357//3541 3356//3541 3370//3541 
f 3356//3541 3355//3541 3370//3541 
f 3355//3541 3354//3541 3370//3541 
f 3354//3541 3353//3541 3370//3541 
f 3353//3541 3352//3541 3370//3541 
f 3352//3541 3351//3541 3370//3541 
f 3351//3541 3350//3541 3370//3541 
f 3350//3541 3349//3541 3370//3541 
f 3349//3541 3348//3541 3370//3541 
f 3348//3541 3347//3541 3370//3541 
f 3347//3541 3346//3541 3370//3541 
f 3346//3541 3345//3541 3370//3541 
f 3345//3541 3344//3541 3370//3541 
f 3344//3541 3343//3541 3370//3541 
f 3343//3541 3342//3541 3370//3541 
f 3342//3541 3341//3541 3370//3541 
f 3341//3541 3340//3541 3370//3541 
o mesh13
f 3237//3542 3371//3542 3372//3542 
f 3237//3542 3373//3542 3374//3542 
f 3237//3542 3375//3542 3371//3542 
f 3376//3542 3377//3542 3378//3542 
f 3206//3542 3379//3542 3380//3542 
f 3205//3542 3381//3542 3382//3542 
f 3372//3542 3373//3542 3237//3542 
f 3377//3542 3383//3542 3378//3542 
f 3380//3542 3207//3542 3206//3542 
f 3382//3542 3384//3542 3205//3542 
f 3385//3542 3386//3542 3387//3542 
f 3388//3542 3237//3542 3389//3542 
f 3237//3542 3390//3542 3375//3542 
f 3237//3542 3391//3542 3392//3542 
f 3376//3542 3393//3542 3394//3542 
f 3376//3542 3395//3542 3396//3542 
f 3377//3542 3397//3542 3383//3542 
f 3377//3542 3398//3542 3399//3542 
f 3384//3542 3379//3542 3205//3542 
f 3385//3542 3400//3542 3386//3542 
f 3237//3542 3401//3542 3389//3542 
f 3392//3542 3390//3542 3237//3542 
f 3237//3542 3394//3542 3402//3542 
f 3376//3542 3403//3542 3393//3542 
f 3376//3542 3404//3542 3405//3542 
f 3378//3542 3395//3542 3376//3542 
f 3399//3542 3406//3542 3377//3542 
f 3207//3542 3380//3542 3407//3542 
f 3205//3542 3408//3542 3381//3542 
f 3205//3542 3385//3542 3409//3542 
f 3385//3542 3410//3542 3400//3542 
f 3385//3542 3411//3542 3412//3542 
f 3385//3542 3413//3542 3414//3542 
f 3374//3542 3401//3542 3237//3542 
f 3237//3542 3415//3542 3416//3542 
f 3394//3542 3237//3542 3376//3542 
f 3405//3542 3417//3542 3376//3542 
f 3406//3542 3397//3542 3377//3542 
f 3377//3542 3418//3542 3419//3542 
f 3208//3542 3420//3542 3421//3542 
f 3407//3542 3208//3542 3207//3542 
f 3409//3542 3408//3542 3205//3542 
f 3385//3542 3422//3542 3423//3542 
f 3412//3542 3410//3542 3385//3542 
f 3414//3542 3424//3542 3385//3542 
f 3385//3542 3389//3542 3425//3542 
f 3385//3542 3202//3542 3201//3542 
f 3376//3542 3232//3542 3231//3542 
f 3416//3542 3391//3542 3237//3542 
f 3417//3542 3403//3542 3376//3542 
f 3419//3542 3398//3542 3377//3542 
f 3421//3542 3377//3542 3208//3542 
f 3208//3542 3426//3542 3427//3542 
f 3407//3542 3428//3542 3208//3542 
f 3423//3542 3409//3542 3385//3542 
f 3424//3542 3411//3542 3385//3542 
f 3425//3542 3429//3542 3385//3542 
f 3199//3542 3198//3542 3430//3542 
f 3385//3542 3203//3542 3202//3542 
f 3385//3542 3205//3542 3204//3542 
f 3376//3542 3230//3542 3229//3542 
f 3376//3542 3233//3542 3232//3542 
f 3402//3542 3415//3542 3237//3542 
f 3421//3542 3418//3542 3377//3542 
f 3208//3542 3431//3542 3426//3542 
f 3208//3542 3432//3542 3433//3542 
f 3206//3542 3205//3542 3379//3542 
f 3429//3542 3413//3542 3385//3542 
f 3385//3542 3200//3542 3199//3542 
f 3204//3542 3203//3542 3385//3542 
f 3228//3542 3227//3542 3434//3542 
f 3231//3542 3230//3542 3376//3542 
f 3376//3542 3236//3542 3235//3542 
f 3434//3542 3225//3542 3224//3542 
f 3388//3542 3245//3542 3244//3542 
f 3396//3542 3404//3542 3376//3542 
f 3433//3542 3431//3542 3208//3542 
f 3387//3542 3422//3542 3385//3542 
f 3201//3542 3200//3542 3385//3542 
f 3229//3542 3228//3542 3376//3542 
f 3235//3542 3234//3542 3376//3542 
f 3435//3542 3224//3542 3223//3542 
f 3434//3542 3226//3542 3225//3542 
f 3377//3542 3218//3542 3217//3542 
f 3436//3542 3252//3542 3251//3542 
f 3430//3542 3195//3542 3196//3542 
f 3388//3542 3240//3542 3239//3542 
f 3388//3542 3242//3542 3241//3542 
f 3244//3542 3243//3542 3388//3542 
f 3388//3542 3247//3542 3246//3542 
f 3249//3542 3388//3542 3436//3542 
f 3427//3542 3420//3542 3208//3542 
f 3430//3542 3385//3542 3199//3542 
f 3234//3542 3233//3542 3376//3542 
f 3224//3542 3435//3542 3434//3542 
f 3377//3542 3210//3542 3209//3542 
f 3377//3542 3212//3542 3211//3542 
f 3377//3542 3216//3542 3215//3542 
f 3377//3542 3219//3542 3218//3542 
f 3220//3542 3377//3542 3435//3542 
f 3436//3542 3196//3542 3252//3542 
f 3430//3542 3197//3542 3195//3542 
f 3239//3542 3238//3542 3388//3542 
f 3243//3542 3242//3542 3388//3542 
f 3388//3542 3248//3542 3247//3542 
f 3436//3542 3250//3542 3249//3542 
f 3428//3542 3432//3542 3208//3542 
f 3376//3542 3237//3542 3236//3542 
f 3223//3542 3222//3542 3435//3542 
f 3211//3542 3210//3542 3377//3542 
f 3377//3542 3214//3542 3213//3542 
f 3217//3542 3216//3542 3377//3542 
f 3435//3542 3221//3542 3220//3542 
f 3196//3542 3436//3542 3430//3542 
f 3241//3542 3240//3542 3388//3542 
f 3249//3542 3248//3542 3388//3542 
f 3434//3542 3376//3542 3228//3542 
f 3434//3542 3227//3542 3226//3542 
f 3213//3542 3212//3542 3377//3542 
f 3220//3542 3219//3542 3377//3542 
f 3430//3542 3198//3542 3197//3542 
f 3246//3542 3245//3542 3388//3542 
f 3222//3542 3221//3542 3435//3542 
f 3215//3542 3214//3542 3377//3542 
f 3238//3542 3237//3542 3388//3542 
f 3209//3542 3208//3542 3377//3542 
f 3389//3542 3385//3542 3388//3542 
f 3251//3542 3250//3542 3436//3542 
o mesh14
f 3377//3543 3437//3543 3438//3543 
f 3438//3543 3435//3543 3377//3543 
o mesh15
f 3439//3542 3440//3542 3441//3544 
f 3442//3544 3441//3544 3443//3545 
f 3444//3545 3443//3545 3445//3546 
f 3446//3546 3445//3546 3447//3547 
f 3448//3547 3447//3547 3449//3548 
f 3450//3548 3449//3548 3451//3549 
f 3452//3549 3451//3549 3453//3550 
f 3454//3550 3453//3550 3455//3551 
f 3456//3551 3455//3551 3457//3552 
f 3458//3552 3457//3552 3459//3553 
f 3460//3553 3459//3553 3461//3554 
f 3462//3554 3461//3554 3463//3555 
f 3464//3555 3463//3555 3465//3556 
f 3466//3556 3465//3556 3467//3557 
f 3468//3557 3467//3557 3438//3558 
f 3438//3558 3437//3558 3468//3557 
f 3467//3557 3468//3557 3466//3556 
f 3465//3556 3466//3556 3464//3555 
f 3463//3555 3464//3555 3462//3554 
f 3461//3554 3462//3554 3460//3553 
f 3459//3553 3460//3553 3458//3552 
f 3457//3552 3458//3552 3456//3551 
f 3455//3551 3456//3551 3454//3550 
f 3453//3550 3454//3550 3452//3549 
f 3451//3549 3452//3549 3450//3548 
f 3449//3548 3450//3548 3448//3547 
f 3447//3547 3448//3547 3446//3546 
f 3445//3546 3446//3546 3444//3545 
f 3443//3545 3444//3545 3442//3544 
f 3441//3544 3442//3544 3439//3542 
o mesh16
f 3437//3559 3442//3559 3444//3559 
f 3469//3559 3470//3559 3471//3559 
f 3469//3559 3472//3559 3473//3559 
f 3469//3559 3474//3559 3475//3559 
f 3466//3559 3458//3559 3460//3559 
f 3444//3559 3446//3559 3437//3559 
f 3473//3559 3470//3559 3469//3559 
f 3469//3559 3476//3559 3477//3559 
f 3469//3559 3478//3559 3474//3559 
f 3460//3559 3462//3559 3466//3559 
f 3466//3559 3454//3559 3456//3559 
f 3446//3559 3448//3559 3437//3559 
f 3471//3559 3479//3559 3469//3559 
f 3475//3559 3476//3559 3469//3559 
f 3480//3559 3481//3559 3482//3559 
f 3480//3559 3483//3559 3484//3559 
f 3454//3559 3466//3559 3468//3559 
f 3456//3559 3458//3559 3466//3559 
f 3437//3559 3450//3559 3452//3559 
f 3437//3559 3439//3559 3442//3559 
f 3477//3559 3472//3559 3469//3559 
f 3484//3559 3481//3559 3480//3559 
f 3462//3559 3464//3559 3466//3559 
f 3448//3559 3450//3559 3437//3559 
f 3482//3559 3469//3559 3480//3559 
f 3452//3559 3454//3559 3437//3559 
f 3479//3559 3480//3559 3469//3559 
f 3377//3559 3376//3559 3483//3559 
f 3468//3559 3437//3559 3454//3559 
f 3483//3559 3439//3559 3377//3559 
f 3480//3559 3439//3559 3483//3559 
f 3437//3559 3377//3559 3439//3559 
o mesh17
f 3485//3560 3486//3560 3487//3560 
f 3461//3560 3445//3560 3443//3560 
f 3461//3560 3449//3560 3447//3560 
f 3461//3560 3457//3560 3455//3560 
f 3488//3560 3489//3560 3490//3560 
f 3487//3560 3491//3560 3485//3560 
f 3447//3560 3445//3560 3461//3560 
f 3461//3560 3453//3560 3451//3560 
f 3461//3560 3459//3560 3457//3560 
f 3490//3560 3492//3560 3488//3560 
f 3488//3560 3493//3560 3494//3560 
f 3491//3560 3495//3560 3485//3560 
f 3443//3560 3441//3560 3461//3560 
f 3455//3560 3453//3560 3461//3560 
f 3440//3560 3465//3560 3463//3560 
f 3440//3560 3438//3560 3467//3560 
f 3493//3560 3488//3560 3496//3560 
f 3494//3560 3489//3560 3488//3560 
f 3485//3560 3497//3560 3498//3560 
f 3485//3560 3499//3560 3486//3560 
f 3451//3560 3449//3560 3461//3560 
f 3467//3560 3465//3560 3440//3560 
f 3492//3560 3500//3560 3488//3560 
f 3495//3560 3497//3560 3485//3560 
f 3485//3560 3438//3560 3440//3560 
f 3463//3560 3461//3560 3440//3560 
f 3498//3560 3493//3560 3485//3560 
f 3441//3560 3440//3560 3461//3560 
f 3435//3560 3438//3560 3485//3560 
f 3440//3560 3499//3560 3485//3560 
f 3496//3560 3485//3560 3493//3560 
f 3485//3560 3434//3560 3435//3560 
o mesh18
f 3499//3561 3480//3561 3479//3562 
f 3486//3562 3479//3562 3471//3563 
f 3487//3563 3471//3563 3470//3564 
f 3491//3564 3470//3564 3473//3565 
f 3495//3565 3473//3565 3472//3566 
f 3497//3566 3472//3566 3477//3567 
f 3498//3567 3477//3567 3476//3568 
f 3493//3568 3476//3568 3475//3569 
f 3494//3569 3475//3569 3474//3570 
f 3489//3570 3474//3570 3478//3571 
f 3490//3571 3478//3571 3469//3572 
f 3492//3572 3469//3572 3482//3573 
f 3500//3573 3482//3573 3481//3574 
f 3488//3574 3481//3574 3484//3575 
f 3496//3575 3484//3575 3483//3576 
f 3483//3576 3485//3576 3496//3575 
f 3484//3575 3496//3575 3488//3574 
f 3481//3574 3488//3574 3500//3573 
f 3482//3573 3500//3573 3492//3572 
f 3469//3572 3492//3572 3490//3571 
f 3478//3571 3490//3571 3489//3570 
f 3474//3570 3489//3570 3494//3569 
f 3475//3569 3494//3569 3493//3568 
f 3476//3568 3493//3568 3498//3567 
f 3477//3567 3498//3567 3497//3566 
f 3472//3566 3497//3566 3495//3565 
f 3473//3565 3495//3565 3491//3564 
f 3470//3564 3491//3564 3487//3563 
f 3471//3563 3487//3563 3486//3562 
f 3479//3562 3486//3562 3499//3561 
o mesh19
f 3439//3577 3480//3577 3499//3577 
f 3499//3577 3440//3577 3439//3577 
o mesh20
f 3434//3576 3485//3576 3483//3576 
f 3483//3576 3376//3576 3434//3576 
o mesh21
f 3388//3576 3501//3576 3502//3576 
f 3502//3576 3436//3576 3388//3576 
o mesh22
f 3503//3577 3504//3577 3505//3578 
f 3506//3578 3505//3578 3507//3579 
f 3508//3579 3507//3579 3509//3580 
f 3510//3580 3509//3580 3511//3581 
f 3512//3581 3511//3581 3513//3582 
f 3514//3582 3513//3582 3515//3583 
f 3516//3583 3515//3583 3517//3584 
f 3518//3584 3517//3584 3519//3585 
f 3520//3585 3519//3585 3521//3586 
f 3522//3586 3521//3586 3523//3587 
f 3524//3587 3523//3587 3525//3588 
f 3526//3588 3525//3588 3527//3589 
f 3528//3589 3527//3589 3529//3590 
f 3530//3590 3529//3590 3531//3591 
f 3532//3591 3531//3591 3502//3592 
f 3502//3592 3501//3592 3532//3591 
f 3531//3591 3532//3591 3530//3590 
f 3529//3590 3530//3590 3528//3589 
f 3527//3589 3528//3589 3526//3588 
f 3525//3588 3526//3588 3524//3587 
f 3523//3587 3524//3587 3522//3586 
f 3521//3586 3522//3586 3520//3585 
f 3519//3585 3520//3585 3518//3584 
f 3517//3584 3518//3584 3516//3583 
f 3515//3583 3516//3583 3514//3582 
f 3513//3582 3514//3582 3512//3581 
f 3511//3581 3512//3581 3510//3580 
f 3509//3580 3510//3580 3508//3579 
f 3507//3579 3508//3579 3506//3578 
f 3505//3578 3506//3578 3503//3577 
o mesh23
f 3501//3593 3506//3593 3508//3593 
f 3533//3593 3534//3593 3535//3593 
f 3533//3593 3536//3593 3537//3593 
f 3533//3593 3538//3593 3539//3593 
f 3530//3593 3522//3593 3524//3593 
f 3508//3593 3510//3593 3501//3593 
f 3537//3593 3534//3593 3533//3593 
f 3533//3593 3540//3593 3541//3593 
f 3533//3593 3542//3593 3538//3593 
f 3524//3593 3526//3593 3530//3593 
f 3530//3593 3518//3593 3520//3593 
f 3510//3593 3512//3593 3501//3593 
f 3535//3593 3543//3593 3533//3593 
f 3539//3593 3540//3593 3533//3593 
f 3544//3593 3545//3593 3546//3593 
f 3544//3593 3547//3593 3548//3593 
f 3518//3593 3530//3593 3532//3593 
f 3520//3593 3522//3593 3530//3593 
f 3501//3593 3514//3593 3516//3593 
f 3501//3593 3503//3593 3506//3593 
f 3541//3593 3536//3593 3533//3593 
f 3548//3593 3545//3593 3544//3593 
f 3526//3593 3528//3593 3530//3593 
f 3512//3593 3514//3593 3501//3593 
f 3501//3593 3547//3593 3544//3593 
f 3546//3593 3533//3593 3544//3593 
f 3516//3593 3518//3593 3501//3593 
f 3543//3593 3544//3593 3533//3593 
f 3385//3593 3547//3593 3501//3593 
f 3544//3593 3503//3593 3501//3593 
f 3532//3593 3501//3593 3518//3593 
f 3501//3593 3388//3593 3385//3593 
o mesh24
f 3549//3594 3550//3594 3551//3594 
f 3525//3594 3509//3594 3507//3594 
f 3525//3594 3513//3594 3511//3594 
f 3525//3594 3521//3594 3519//3594 
f 3552//3594 3553//3594 3554//3594 
f 3551//3594 3555//3594 3549//3594 
f 3511//3594 3509//3594 3525//3594 
f 3525//3594 3517//3594 3515//3594 
f 3525//3594 3523//3594 3521//3594 
f 3554//3594 3556//3594 3552//3594 
f 3552//3594 3557//3594 3558//3594 
f 3555//3594 3559//3594 3549//3594 
f 3507//3594 3505//3594 3525//3594 
f 3519//3594 3517//3594 3525//3594 
f 3504//3594 3529//3594 3527//3594 
f 3504//3594 3502//3594 3531//3594 
f 3557//3594 3552//3594 3560//3594 
f 3558//3594 3553//3594 3552//3594 
f 3549//3594 3561//3594 3562//3594 
f 3549//3594 3563//3594 3550//3594 
f 3515//3594 3513//3594 3525//3594 
f 3531//3594 3529//3594 3504//3594 
f 3556//3594 3564//3594 3552//3594 
f 3559//3594 3561//3594 3549//3594 
f 3527//3594 3525//3594 3504//3594 
f 3562//3594 3557//3594 3549//3594 
f 3505//3594 3504//3594 3525//3594 
f 3430//3594 3436//3594 3502//3594 
f 3560//3594 3549//3594 3557//3594 
f 3502//3594 3563//3594 3430//3594 
f 3504//3594 3563//3594 3502//3594 
f 3549//3594 3430//3594 3563//3594 
o mesh25
f 3430//3595 3549//3595 3547//3595 
f 3547//3595 3385//3595 3430//3595 
o mesh26
f 3563//3596 3544//3596 3543//3597 
f 3550//3597 3543//3597 3535//3598 
f 3551//3598 3535//3598 3534//3599 
f 3555//3599 3534//3599 3537//3600 
f 3559//3600 3537//3600 3536//3601 
f 3561//3601 3536//3601 3541//3602 
f 3562//3602 3541//3602 3540//3603 
f 3557//3603 3540//3603 3539//3604 
f 3558//3604 3539//3604 3538//3605 
f 3553//3605 3538//3605 3542//3606 
f 3554//3606 3542//3606 3533//3607 
f 3556//3607 3533//3607 3546//3608 
f 3564//3608 3546//3608 3545//3609 
f 3552//3609 3545//3609 3548//3610 
f 3560//3610 3548//3610 3547//3611 
f 3547//3611 3549//3611 3560//3610 
f 3548//3610 3560//3610 3552//3609 
f 3545//3609 3552//3609 3564//3608 
f 3546//3608 3564//3608 3556//3607 
f 3533//3607 3556//3607 3554//3606 
f 3542//3606 3554//3606 3553//3605 
f 3538//3605 3553//3605 3558//3604 
f 3539//3604 3558//3604 3557//3603 
f 3540//3603 3557//3603 3562//3602 
f 3541//3602 3562//3602 3561//3601 
f 3536//3601 3561//3601 3559//3600 
f 3537//3600 3559//3600 3555//3599 
f 3534//3599 3555//3599 3551//3598 
f 3535//3598 3551//3598 3550//3597 
f 3543//3597 3550//3597 3563//3596 
o mesh27
f 3563//3612 3504//3612 3503//3612 
f 3503//3612 3544//3612 3563//3612 
o mesh28
f 3375//3613 3390//3614 3565//3615 
f 3390//3614 3566//3616 3565//3615 
f 3390//3614 3392//3617 3567//3618 
f 3392//3617 3568//3619 3567//3618 
f 3392//3617 3391//3620 3569//3621 
f 3391//3620 3570//3622 3569//3621 
f 3391//3620 3416//3623 3571//3624 
f 3416//3623 3572//3625 3571//3624 
f 3416//3623 3415//3626 3573//3627 
f 3415//3626 3574//3628 3573//3627 
f 3415//3626 3402//3629 3575//3630 
f 3402//3629 3576//3631 3575//3630 
f 3402//3629 3394//3632 3577//3633 
f 3394//3632 3578//3634 3577//3633 
f 3394//3632 3393//3635 3579//3636 
f 3393//3635 3580//3637 3579//3636 
f 3393//3635 3403//3638 3581//3639 
f 3403//3638 3582//3640 3581//3639 
f 3403//3638 3417//3641 3583//3642 
f 3417//3641 3584//3643 3583//3642 
f 3417//3641 3405//3644 3585//3645 
f 3405//3644 3586//3646 3585//3645 
f 3405//3644 3404//3647 3587//3648 
f 3404//3647 3588//3649 3587//3648 
f 3404//3647 3396//3650 3589//3651 
f 3396//3650 3590//3652 3589//3651 
f 3396//3650 3395//3653 3591//3654 
f 3395//3653 3592//3655 3591//3654 
f 3395//3653 3378//3656 3593//3657 
f 3378//3656 3594//3658 3593//3657 
f 3378//3656 3383//3659 3595//3660 
f 3383//3659 3596//3661 3595//3660 
f 3383//3659 3397//3662 3597//3663 
f 3397//3662 3598//3664 3597//3663 
f 3397//3662 3406//3665 3599//3666 
f 3406//3665 3600//3667 3599//3666 
f 3406//3665 3399//3668 3601//3669 
f 3399//3668 3602//3670 3601//3669 
f 3399//3668 3398//3671 3603//3672 
f 3398//3671 3604//3673 3603//3672 
f 3398//3671 3419//3674 3605//3675 
f 3419//3674 3606//3676 3605//3675 
f 3419//3674 3418//3677 3607//3678 
f 3418//3677 3608//3679 3607//3678 
f 3418//3677 3421//3680 3609//3681 
f 3421//3680 3610//3682 3609//3681 
f 3421//3680 3420//3683 3611//3684 
f 3420//3683 3612//3685 3611//3684 
f 3420//3683 3427//3686 3613//3687 
f 3427//3686 3614//3688 3613//3687 
f 3427//3686 3426//3689 3615//3690 
f 3426//3689 3616//3691 3615//3690 
f 3426//3689 3431//3692 3617//3693 
f 3431//3692 3618//3694 3617//3693 
f 3431//3692 3433//3695 3619//3696 
f 3433//3695 3620//3697 3619//3696 
f 3433//3695 3432//3698 3621//3699 
f 3432//3698 3622//3700 3621//3699 
f 3432//3698 3428//3701 3623//3702 
f 3428//3701 3624//3703 3623//3702 
f 3428//3701 3407//3704 3625//3705 
f 3407//3704 3626//3706 3625//3705 
f 3407//3704 3380//3707 3627//3708 
f 3380//3707 3628//3709 3627//3708 
f 3380//3707 3379//3710 3629//3711 
f 3379//3710 3630//3712 3629//3711 
f 3379//3710 3384//3713 3631//3714 
f 3384//3713 3632//3715 3631//3714 
f 3384//3713 3382//3716 3633//3717 
f 3382//3716 3634//3718 3633//3717 
f 3382//3716 3381//3719 3635//3720 
f 3381//3719 3636//3721 3635//3720 
f 3381//3719 3408//3722 3637//3723 
f 3408//3722 3638//3724 3637//3723 
f 3408//3722 3409//3725 3639//3726 
f 3409//3725 3640//3727 3639//3726 
f 3409//3725 3423//3728 3641//3729 
f 3423//3728 3642//3730 3641//3729 
f 3423//3728 3422//3731 3643//3732 
f 3422//3731 3644//3733 3643//3732 
f 3422//3731 3387//3734 3645//3735 
f 3387//3734 3646//3736 3645//3735 
f 3387//3734 3386//3737 3647//3738 
f 3386//3737 3648//3739 3647//3738 
f 3386//3737 3400//3740 3649//3741 
f 3400//3740 3650//3742 3649//3741 
f 3400//3740 3410//3743 3651//3744 
f 3410//3743 3652//3745 3651//3744 
f 3410//3743 3412//3746 3653//3747 
f 3412//3746 3654//3748 3653//3747 
f 3412//3746 3411//3749 3655//3750 
f 3411//3749 3656//3751 3655//3750 
f 3411//3749 3424//3752 3657//3753 
f 3424//3752 3658//3754 3657//3753 
f 3424//3752 3414//3755 3659//3756 
f 3414//3755 3660//3757 3659//3756 
f 3414//3755 3413//3758 3661//3759 
f 3413//3758 3662//3760 3661//3759 
f 3413//3758 3429//3761 3663//3762 
f 3429//3761 3664//3763 3663//3762 
f 3429//3761 3425//3764 3665//3765 
f 3425//3764 3666//3766 3665//3765 
f 3425//3764 3389//3767 3667//3768 
f 3389//3767 3668//3769 3667//3768 
f 3389//3767 3401//3770 3669//3771 
f 3401//3770 3670//3772 3669//3771 
f 3401//3770 3374//3773 3671//3774 
f 3374//3773 3672//3775 3671//3774 
f 3374//3773 3373//3776 3673//3777 
f 3373//3776 3674//3778 3673//3777 
f 3373//3776 3372//3779 3675//3780 
f 3372//3779 3676//3781 3675//3780 
f 3372//3779 3371//3782 3677//3783 
f 3371//3782 3678//3784 3677//3783 
f 3371//3782 3375//3613 3679//3785 
f 3375//3613 3680//3786 3679//3785 
f 3679//3785 3678//3784 3371//3782 
f 3677//3783 3676//3781 3372//3779 
f 3675//3780 3674//3778 3373//3776 
f 3673//3777 3672//3775 3374//3773 
f 3671//3774 3670//3772 3401//3770 
f 3669//3771 3668//3769 3389//3767 
f 3667//3768 3666//3766 3425//3764 
f 3665//3765 3664//3763 3429//3761 
f 3663//3762 3662//3760 3413//3758 
f 3661//3759 3660//3757 3414//3755 
f 3659//3756 3658//3754 3424//3752 
f 3657//3753 3656//3751 3411//3749 
f 3655//3750 3654//3748 3412//3746 
f 3653//3747 3652//3745 3410//3743 
f 3651//3744 3650//3742 3400//3740 
f 3649//3741 3648//3739 3386//3737 
f 3647//3738 3646//3736 3387//3734 
f 3645//3735 3644//3733 3422//3731 
f 3643//3732 3642//3730 3423//3728 
f 3641//3729 3640//3727 3409//3725 
f 3639//3726 3638//3724 3408//3722 
f 3637//3723 3636//3721 3381//3719 
f 3635//3720 3634//3718 3382//3716 
f 3633//3717 3632//3715 3384//3713 
f 3631//3714 3630//3712 3379//3710 
f 3629//3711 3628//3709 3380//3707 
f 3627//3708 3626//3706 3407//3704 
f 3625//3705 3624//3703 3428//3701 
f 3623//3702 3622//3700 3432//3698 
f 3621//3699 3620//3697 3433//3695 
f 3619//3696 3618//3694 3431//3692 
f 3617//3693 3616//3691 3426//3689 
f 3615//3690 3614//3688 3427//3686 
f 3613//3687 3612//3685 3420//3683 
f 3611//3684 3610//3682 3421//3680 
f 3609//3681 3608//3679 3418//3677 
f 3607//3678 3606//3676 3419//3674 
f 3605//3675 3604//3673 3398//3671 
f 3603//3672 3602//3670 3399//3668 
f 3601//3669 3600//3667 3406//3665 
f 3599//3666 3598//3664 3397//3662 
f 3597//3663 3596//3661 3383//3659 
f 3595//3660 3594//3658 3378//3656 
f 3593//3657 3592//3655 3395//3653 
f 3591//3654 3590//3652 3396//3650 
f 3589//3651 3588//3649 3404//3647 
f 3587//3648 3586//3646 3405//3644 
f 3585//3645 3584//3643 3417//3641 
f 3583//3642 3582//3640 3403//3638 
f 3581//3639 3580//3637 3393//3635 
f 3579//3636 3578//3634 3394//3632 
f 3577//3633 3576//3631 3402//3629 
f 3575//3630 3574//3628 3415//3626 
f 3573//3627 3572//3625 3416//3623 
f 3571//3624 3570//3622 3391//3620 
f 3569//3621 3568//3619 3392//3617 
f 3567//3618 3566//3616 3390//3614 
f 3565//3615 3680//3786 3375//3613 
o mesh29
f 3740//3787 3741//3788 3680//3789 
f 3741//3788 3679//3790 3680//3789 
f 3742//3791 3740//3787 3566//3792 
f 3740//3787 3565//3793 3566//3792 
f 3743//3794 3742//3791 3568//3795 
f 3742//3791 3567//3796 3568//3795 
f 3744//3797 3743//3794 3570//3798 
f 3743//3794 3569//3799 3570//3798 
f 3745//3800 3744//3797 3572//3801 
f 3744//3797 3571//3802 3572//3801 
f 3746//3803 3745//3800 3574//3804 
f 3745//3800 3573//3805 3574//3804 
f 3747//3806 3746//3803 3576//3807 
f 3746//3803 3575//3808 3576//3807 
f 3748//3809 3747//3806 3578//3810 
f 3747//3806 3577//3811 3578//3810 
f 3749//3812 3748//3809 3580//3813 
f 3748//3809 3579//3814 3580//3813 
f 3750//3815 3749//3812 3582//3816 
f 3749//3812 3581//3817 3582//3816 
f 3751//3818 3750//3815 3584//3819 
f 3750//3815 3583//3820 3584//3819 
f 3752//3821 3751//3818 3586//3822 
f 3751//3818 3585//3823 3586//3822 
f 3753//3824 3752//3821 3588//3825 
f 3752//3821 3587//3826 3588//3825 
f 3754//3827 3753//3824 3590//3828 
f 3753//3824 3589//3829 3590//3828 
f 3755//3830 3754//3827 3592//3831 
f 3754//3827 3591//3832 3592//3831 
f 3756//3833 3755//3830 3594//3834 
f 3755//3830 3593//3835 3594//3834 
f 3757//3836 3756//3833 3596//3837 
f 3756//3833 3595//3838 3596//3837 
f 3758//3839 3757//3836 3598//3840 
f 3757//3836 3597//3841 3598//3840 
f 3759//3842 3758//3839 3600//3843 
f 3758//3839 3599//3844 3600//3843 
f 3760//3845 3759//3842 3602//3846 
f 3759//3842 3601//3847 3602//3846 
f 3761//3848 3760//3845 3604//3849 
f 3760//3845 3603//3850 3604//3849 
f 3762//3851 3761//3848 3606//3852 
f 3761//3848 3605//3853 3606//3852 
f 3763//3854 3762//3851 3608//3855 
f 3762//3851 3607//3856 3608//3855 
f 3764//3857 3763//3854 3610//3858 
f 3763//3854 3609//3859 3610//3858 
f 3765//3860 3764//3857 3612//3861 
f 3764//3857 3611//3862 3612//3861 
f 3766//3863 3765//3860 3614//3864 
f 3765//3860 3613//3865 3614//3864 
f 3767//3866 3766//3863 3616//3867 
f 3766//3863 3615//3868 3616//3867 
f 3768//3869 3767//3866 3618//3870 
f 3767//3866 3617//3871 3618//3870 
f 3769//3872 3768//3869 3620//3873 
f 3768//3869 3619//3874 3620//3873 
f 3770//3875 3769//3872 3622//3876 
f 3769//3872 3621//3877 3622//3876 
f 3771//3878 3770//3875 3624//3879 
f 3770//3875 3623//3880 3624//3879 
f 3772//3881 3771//3878 3626//3882 
f 3771//3878 3625//3883 3626//3882 
f 3773//3884 3772//3881 3628//3885 
f 3772//3881 3627//3886 3628//3885 
f 3774//3887 3773//3884 3630//3888 
f 3773//3884 3629//3889 3630//3888 
f 3775//3890 3774//3887 3632//3891 
f 3774//3887 3631//3892 3632//3891 
f 3776//3893 3775//3890 3634//3894 
f 3775//3890 3633//3895 3634//3894 
f 3777//3896 3776//3893 3636//3897 
f 3776//3893 3635//3898 3636//3897 
f 3778//3899 3777//3896 3638//3900 
f 3777//3896 3637//3901 3638//3900 
f 3779//3902 3778//3899 3640//3903 
f 3778//3899 3639//3904 3640//3903 
f 3780//3905 3779//3902 3642//3906 
f 3779//3902 3641//3907 3642//3906 
f 3781//3908 3780//3905 3644//3909 
f 3780//3905 3643//3910 3644//3909 
f 3782//3911 3781//3908 3646//3912 
f 3781//3908 3645//3913 3646//3912 
f 3783//3914 3782//3911 3648//3915 
f 3782//3911 3647//3916 3648//3915 
f 3784//3917 3783//3914 3650//3918 
f 3783//3914 3649//3919 3650//3918 
f 3785//3920 3784//3917 3652//3921 
f 3784//3917 3651//3922 3652//3921 
f 3786//3923 3785//3920 3654//3924 
f 3785//3920 3653//3925 3654//3924 
f 3787//3926 3786//3923 3656//3927 
f 3786//3923 3655//3928 3656//3927 
f 3788//3929 3787//3926 3658//3930 
f 3787//3926 3657//3931 3658//3930 
f 3789//3932 3788//3929 3660//3933 
f 3788//3929 3659//3934 3660//3933 
f 3790//3935 3789//3932 3662//3936 
f 3789//3932 3661//3937 3662//3936 
f 3791//3938 3790//3935 3664//3939 
f 3790//3935 3663//3940 3664//3939 
f 3792//3941 3791//3938 3666//3942 
f 3791//3938 3665//3943 3666//3942 
f 3793//3944 3792//3941 3668//3945 
f 3792//3941 3667//3946 3668//3945 
f 3794//3947 3793//3944 3670//3948 
f 3793//3944 3669//3949 3670//3948 
f 3795//3950 3794//3947 3672//3951 
f 3794//3947 3671//3952 3672//3951 
f 3796//3953 3795//3950 3674//3954 
f 3795//3950 3673//3955 3674//3954 
f 3797//3956 3796//3953 3676//3957 
f 3796//3953 3675//3958 3676//3957 
f 3741//3788 3797//3956 3678//3959 
f 3797//3956 3677//3960 3678//3959 
f 3798//3961 3741//3788 3740//3787 
f 3799//3962 3740//3787 3742//3791 
f 3800//3963 3742//3791 3743//3794 
f 3801//3964 3743//3794 3744//3797 
f 3802//3965 3744//3797 3745//3800 
f 3803//3966 3745//3800 3746//3803 
f 3804//3967 3746//3803 3747//3806 
f 3805//3968 3747//3806 3748//3809 
f 3806//3969 3748//3809 3749//3812 
f 3807//3970 3749//3812 3750//3815 
f 3808//3971 3750//3815 3751//3818 
f 3809//3972 3751//3818 3752//3821 
f 3810//3973 3752//3821 3753//3824 
f 3811//3974 3753//3824 3754//3827 
f 3812//3975 3754//3827 3755//3830 
f 3813//3976 3755//3830 3756//3833 
f 3814//3977 3756//3833 3757//3836 
f 3815//3978 3757//3836 3758//3839 
f 3816//3979 3758//3839 3759//3842 
f 3817//3980 3759//3842 3760//3845 
f 3818//3981 3760//3845 3761//3848 
f 3819//3982 3761//3848 3762//3851 
f 3820//3983 3762//3851 3763//3854 
f 3821//3984 3763//3854 3764//3857 
f 3822//3985 3764//3857 3765//3860 
f 3823//3986 3765//3860 3766//3863 
f 3824//3987 3766//3863 3767//3866 
f 3825//3988 3767//3866 3768//3869 
f 3826//3989 3768//3869 3769//3872 
f 3827//3990 3769//3872 3770//3875 
f 3828//3991 3770//3875 3771//3878 
f 3829//3992 3771//3878 3772//3881 
f 3830//3993 3772//3881 3773//3884 
f 3831//3994 3773//3884 3774//3887 
f 3832//3995 3774//3887 3775//3890 
f 3833//3996 3775//3890 3776//3893 
f 3834//3997 3776//3893 3777//3896 
f 3835//3998 3777//3896 3778//3899 
f 3836//3999 3778//3899 3779//3902 
f 3837//4000 3779//3902 3780//3905 
f 3838//4001 3780//3905 3781//3908 
f 3839//4002 3781//3908 3782//3911 
f 3840//4003 3782//3911 3783//3914 
f 3841//4004 3783//3914 3784//3917 
f 3842//4005 3784//3917 3785//3920 
f 3843//4006 3785//3920 3786//3923 
f 3844//4007 3786//3923 3787//3926 
f 3845//4008 3787//3926 3788//3929 
f 3846//4009 3788//3929 3789//3932 
f 3847//4010 3789//3932 3790//3935 
f 3848//4011 3790//3935 3791//3938 
f 3849//4012 3791//3938 3792//3941 
f 3850//4013 3792//3941 3793//3944 
f 3851//4014 3793//3944 3794//3947 
f 3852//4015 3794//3947 3795//3950 
f 3853//4016 3795//3950 3796//3953 
f 3854//4017 3796//3953 3797//3956 
f 3855//4018 3797//3956 3741//3788 
f 3856//4019 3798//3961 3799//3962 
f 3857//4020 3799//3962 3800//3963 
f 3858//4021 3800//3963 3801//3964 
f 3859//4022 3801//3964 3802//3965 
f 3860//4023 3802//3965 3803//3966 
f 3861//4024 3803//3966 3804//3967 
f 3862//4025 3804//3967 3805//3968 
f 3863//4026 3805//3968 3806//3969 
f 3864//4027 3806//3969 3807//3970 
f 3865//4028 3807//3970 3808//3971 
f 3866//4029 3808//3971 3809//3972 
f 3867//4030 3809//3972 3810//3973 
f 3868//4031 3810//3973 3811//3974 
f 3869//4032 3811//3974 3812//3975 
f 3870//4033 3812//3975 3813//3976 
f 3871//4034 3813//3976 3814//3977 
f 3872//4035 3814//3977 3815//3978 
f 3873//4036 3815//3978 3816//3979 
f 3874//4037 3816//3979 3817//3980 
f 3875//4038 3817//3980 3818//3981 
f 3876//4039 3818//3981 3819//3982 
f 3877//4040 3819//3982 3820//3983 
f 3878//4041 3820//3983 3821//3984 
f 3879//4042 3821//3984 3822//3985 
f 3880//4043 3822//3985 3823//3986 
f 3881//4044 3823//3986 3824//3987 
f 3882//4045 3824//3987 3825//3988 
f 3883//4046 3825//3988 3826//3989 
f 3884//4047 3826//3989 3827//3990 
f 3885//4048 3827//3990 3828//3991 
f 3886//4049 3828//3991 3829//3992 
f 3887//4050 3829//3992 3830//3993 
f 3888//4051 3830//3993 3831//3994 
f 3889//4052 3831//3994 3832//3995 
f 3890//4053 3832//3995 3833//3996 
f 3891//4054 3833//3996 3834//3997 
f 3892//4055 3834//3997 3835//3998 
f 3893//4056 3835//3998 3836//3999 
f 3894//4057 3836//3999 3837//4000 
f 3895//4058 3837//4000 3838//4001 
f 3896//4059 3838//4001 3839//4002 
f 3897//4060 3839//4002 3840//4003 
f 3898//4061 3840//4003 3841//4004 
f 3899//4062 3841//4004 3842//4005 
f 3900//4063 3842//4005 3843//4006 
f 3901//4064 3843//4006 3844//4007 
f 3902//4065 3844//4007 3845//4008 
f 3903//4066 3845//4008 3846//4009 
f 3904//4067 3846//4009 3847//4010 
f 3905//4068 3847//4010 3848//4011 
f 3906//4069 3848//4011 3849//4012 
f 3907//4070 3849//4012 3850//4013 
f 3908//4071 3850//4013 3851//4014 
f 3909//4072 3851//4014 3852//4015 
f 3910//4073 3852//4015 3853//4016 
f 3911//4074 3853//4016 3854//4017 
f 3912//4075 3854//4017 3855//4018 
f 3913//4076 3855//4018 3798//3961 
f 3914//4077 3856//4019 3857//4020 
f 3915//4078 3857//4020 3858//4021 
f 3916//4079 3858//4021 3859//4022 
f 3917//4080 3859//4022 3860//4023 
f 3918//4081 3860//4023 3861//4024 
f 3919//4082 3861//4024 3862//4025 
f 3920//4083 3862//4025 3863//4026 
f 3921//4084 3863//4026 3864//4027 
f 3922//4085 3864//4027 3865//4028 
f 3923//4086 3865//4028 3866//4029 
f 3924//4087 3866//4029 3867//4030 
f 3925//4088 3867//4030 3868//4031 
f 3926//4089 3868//4031 3869//4032 
f 3927//4090 3869//4032 3870//4033 
f 3928//4091 3870//4033 3871//4034 
f 3929//4092 3871//4034 3872//4035 
f 3930//4093 3872//4035 3873//4036 
f 3931//4094 3873//4036 3874//4037 
f 3932//4095 3874//4037 3875//4038 
f 3933//4096 3875//4038 3876//4039 
f 3934//4097 3876//4039 3877//4040 
f 3935//4098 3877//4040 3878//4041 
f 3936//4099 3878//4041 3879//4042 
f 3937//4100 3879//4042 3880//4043 
f 3938//4101 3880//4043 3881//4044 
f 3939//4102 3881//4044 3882//4045 
f 3940//4103 3882//4045 3883//4046 
f 3941//4104 3883//4046 3884//4047 
f 3942//4105 3884//4047 3885//4048 
f 3943//4106 3885//4048 3886//4049 
f 3944//4107 3886//4049 3887//4050 
f 3945//4108 3887//4050 3888//4051 
f 3946//4109 3888//4051 3889//4052 
f 3947//4110 3889//4052 3890//4053 
f 3948//4111 3890//4053 3891//4054 
f 3949//4112 3891//4054 3892//4055 
f 3950//4113 3892//4055 3893//4056 
f 3951//4114 3893//4056 3894//4057 
f 3952//4115 3894//4057 3895//4058 
f 3953//4116 3895//4058 3896//4059 
f 3954//4117 3896//4059 3897//4060 
f 3955//4118 3897//4060 3898//4061 
f 3956//4119 3898//4061 3899//4062 
f 3957//4120 3899//4062 3900//4063 
f 3958//4121 3900//4063 3901//4064 
f 3959//4122 3901//4064 3902//4065 
f 3960//4123 3902//4065 3903//4066 
f 3961//4124 3903//4066 3904//4067 
f 3962//4125 3904//4067 3905//4068 
f 3963//4126 3905//4068 3906//4069 
f 3964//4127 3906//4069 3907//4070 
f 3965//4128 3907//4070 3908//4071 
f 3966//4129 3908//4071 3909//4072 
f 3967//4130 3909//4072 3910//4073 
f 3968//4131 3910//4073 3911//4074 
f 3969//4132 3911//4074 3912//4075 
f 3970//4133 3912//4075 3913//4076 
f 3971//4134 3913//4076 3856//4019 
f 3972//4135 3914//4077 3915//4078 
f 3973//4136 3915//4078 3916//4079 
f 3974//4137 3916//4079 3917//4080 
f 3975//4138 3917//4080 3918//4081 
f 3976//4139 3918//4081 3919//4082 
f 3977//4140 3919//4082 3920//4083 
f 3978//4141 3920//4083 3921//4084 
f 3979//4142 3921//4084 3922//4085 
f 3980//4143 3922//4085 3923//4086 
f 3981//4144 3923//4086 3924//4087 
f 3982//4145 3924//4087 3925//4088 
f 3983//4146 3925//4088 3926//4089 
f 3984//4147 3926//4089 3927//4090 
f 3985//4148 3927//4090 3928//4091 
f 3986//4149 3928//4091 3929//4092 
f 3987//4150 3929//4092 3930//4093 
f 3988//4151 3930//4093 3931//4094 
f 3989//4152 3931//4094 3932//4095 
f 3990//4153 3932//4095 3933//4096 
f 3991//4154 3933//4096 3934//4097 
f 3992//4155 3934//4097 3935//4098 
f 3993//4156 3935//4098 3936//4099 
f 3994//4157 3936//4099 3937//4100 
f 3995//4158 3937//4100 3938//4101 
f 3996//4159 3938//4101 3939//4102 
f 3997//4160 3939//4102 3940//4103 
f 3998//4161 3940//4103 3941//4104 
f 3999//4162 3941//4104 3942//4105 
f 4000//4163 3942//4105 3943//4106 
f 4001//4164 3943//4106 3944//4107 
f 4002//4165 3944//4107 3945//4108 
f 4003//4166 3945//4108 3946//4109 
f 4004//4167 3946//4109 3947//4110 
f 4005//4168 3947//4110 3948//4111 
f 4006//4169 3948//4111 3949//4112 
f 4007//4170 3949//4112 3950//4113 
f 4008//4171 3950//4113 3951//4114 
f 4009//4172 3951//4114 3952//4115 
f 4010//4173 3952//4115 3953//4116 
f 4011//4174 3953//4116 3954//4117 
f 4012//4175 3954//4117 3955//4118 
f 4013//4176 3955//4118 3956//4119 
f 4014//4177 3956//4119 3957//4120 
f 4015//4178 3957//4120 3958//4121 
f 4016//4179 3958//4121 3959//4122 
f 4017//4180 3959//4122 3960//4123 
f 4018//4181 3960//4123 3961//4124 
f 4019//4182 3961//4124 3962//4125 
f 4020//4183 3962//4125 3963//4126 
f 4021//4184 3963//4126 3964//4127 
f 4022//4185 3964//4127 3965//4128 
f 4023//4186 3965//4128 3966//4129 
f 4024//4187 3966//4129 3967//4130 
f 4025//4188 3967//4130 3968//4131 
f 4026//4189 3968//4131 3969//4132 
f 4027//4190 3969//4132 3970//4133 
f 4028//4191 3970//4133 3971//4134 
f 4029//4192 3971//4134 3914//4077 
f 4030//4193 3972//4135 3973//4136 
f 4031//4194 3973//4136 3974//4137 
f 4032//4195 3974//4137 3975//4138 
f 4033//4196 3975//4138 3976//4139 
f 4034//4197 3976//4139 3977//4140 
f 4035//4198 3977//4140 3978//4141 
f 4036//4199 3978//4141 3979//4142 
f 4037//4200 3979//4142 3980//4143 
f 4038//4201 3980//4143 3981//4144 
f 4039//4202 3981//4144 3982//4145 
f 4040//4203 3982//4145 3983//4146 
f 4041//4204 3983//4146 3984//4147 
f 4042//4205 3984//4147 3985//4148 
f 4043//4206 3985//4148 3986//4149 
f 4044//4207 3986//4149 3987//4150 
f 4045//4208 3987//4150 3988//4151 
f 4046//4209 3988//4151 3989//4152 
f 4047//4210 3989//4152 3990//4153 
f 4048//4211 3990//4153 3991//4154 
f 4049//4212 3991//4154 3992//4155 
f 4050//4213 3992//4155 3993//4156 
f 4051//4214 3993//4156 3994//4157 
f 4052//4215 3994//4157 3995//4158 
f 4053//4216 3995//4158 3996//4159 
f 4054//4217 3996//4159 3997//4160 
f 4055//4218 3997//4160 3998//4161 
f 4056//4219 3998//4161 3999//4162 
f 4057//4220 3999//4162 4000//4163 
f 4058//4221 4000//4163 4001//4164 
f 4059//4222 4001//4164 4002//4165 
f 4060//4223 4002//4165 4003//4166 
f 4061//4224 4003//4166 4004//4167 
f 4062//4225 4004//4167 4005//4168 
f 4063//4226 4005//4168 4006//4169 
f 4064//4227 4006//4169 4007//4170 
f 4065//4228 4007//4170 4008//4171 
f 4066//4229 4008//4171 4009//4172 
f 4067//4230 4009//4172 4010//4173 
f 4068//4231 4010//4173 4011//4174 
f 4069//4232 4011//4174 4012//4175 
f 4070//4233 4012//4175 4013//4176 
f 4071//4234 4013//4176 4014//4177 
f 4072//4235 4014//4177 4015//4178 
f 4073//4236 4015//4178 4016//4179 
f 4074//4237 4016//4179 4017//4180 
f 4075//4238 4017//4180 4018//4181 
f 4076//4239 4018//4181 4019//4182 
f 4077//4240 4019//4182 4020//4183 
f 4078//4241 4020//4183 4021//4184 
f 4079//4242 4021//4184 4022//4185 
f 4080//4243 4022//4185 4023//4186 
f 4081//4244 4023//4186 4024//4187 
f 4082//4245 4024//4187 4025//4188 
f 4083//4246 4025//4188 4026//4189 
f 4084//4247 4026//4189 4027//4190 
f 4085//4248 4027//4190 4028//4191 
f 4086//4249 4028//4191 4029//4192 
f 4087//4250 4029//4192 3972//4135 
f 4088//4251 4030//4193 4031//4194 
f 4089//4252 4031//4194 4032//4195 
f 4090//4253 4032//4195 4033//4196 
f 4091//4254 4033//4196 4034//4197 
f 4092//4255 4034//4197 4035//4198 
f 4093//4256 4035//4198 4036//4199 
f 4094//4257 4036//4199 4037//4200 
f 4095//4258 4037//4200 4038//4201 
f 4096//4259 4038//4201 4039//4202 
f 4097//4260 4039//4202 4040//4203 
f 4098//4261 4040//4203 4041//4204 
f 4099//4262 4041//4204 4042//4205 
f 4100//4263 4042//4205 4043//4206 
f 4101//4264 4043//4206 4044//4207 
f 4102//4265 4044//4207 4045//4208 
f 4103//4266 4045//4208 4046//4209 
f 4104//4267 4046//4209 4047//4210 
f 4105//4268 4047//4210 4048//4211 
f 4106//4269 4048//4211 4049//4212 
f 4107//4270 4049//4212 4050//4213 
f 4108//4271 4050//4213 4051//4214 
f 4109//4272 4051//4214 4052//4215 
f 4110//4273 4052//4215 4053//4216 
f 4111//4274 4053//4216 4054//4217 
f 4112//4275 4054//4217 4055//4218 
f 4113//4276 4055//4218 4056//4219 
f 4114//4277 4056//4219 4057//4220 
f 4115//4278 4057//4220 4058//4221 
f 4116//4279 4058//4221 4059//4222 
f 4117//4280 4059//4222 4060//4223 
f 4118//4281 4060//4223 4061//4224 
f 4119//4282 4061//4224 4062//4225 
f 4120//4283 4062//4225 4063//4226 
f 4121//4284 4063//4226 4064//4227 
f 4122//4285 4064//4227 4065//4228 
f 4123//4286 4065//4228 4066//4229 
f 4124//4287 4066//4229 4067//4230 
f 4125//4288 4067//4230 4068//4231 
f 4126//4289 4068//4231 4069//4232 
f 4127//4290 4069//4232 4070//4233 
f 4128//4291 4070//4233 4071//4234 
f 4129//4292 4071//4234 4072//4235 
f 4130//4293 4072//4235 4073//4236 
f 4131//4294 4073//4236 4074//4237 
f 4132//4295 4074//4237 4075//4238 
f 4133//4296 4075//4238 4076//4239 
f 4134//4297 4076//4239 4077//4240 
f 4135//4298 4077//4240 4078//4241 
f 4136//4299 4078//4241 4079//4242 
f 4137//4300 4079//4242 4080//4243 
f 4138//4301 4080//4243 4081//4244 
f 4139//4302 4081//4244 4082//4245 
f 4140//4303 4082//4245 4083//4246 
f 4141//4304 4083//4246 4084//4247 
f 4142//4305 4084//4247 4085//4248 
f 4143//4306 4085//4248 4086//4249 
f 4144//4307 4086//4249 4087//4250 
f 4145//4308 4087//4250 4030//4193 
f 4146//4309 4088//4251 4089//4252 
f 4147//4310 4089//4252 4090//4253 
f 4148//4311 4090//4253 4091//4254 
f 4149//4312 4091//4254 4092//4255 
f 4150//4313 4092//4255 4093//4256 
f 4151//4314 4093//4256 4094//4257 
f 4152//4315 4094//4257 4095//4258 
f 4153//4316 4095//4258 4096//4259 
f 4154//4317 4096//4259 4097//4260 
f 4155//4318 4097//4260 4098//4261 
f 4156//4319 4098//4261 4099//4262 
f 4157//4320 4099//4262 4100//4263 
f 4158//4321 4100//4263 4101//4264 
f 4159//4322 4101//4264 4102//4265 
f 4160//4323 4102//4265 4103//4266 
f 4161//4324 4103//4266 4104//4267 
f 4162//4325 4104//4267 4105//4268 
f 4163//4326 4105//4268 4106//4269 
f 4164//4327 4106//4269 4107//4270 
f 4165//4328 4107//4270 4108//4271 
f 4166//4329 4108//4271 4109//4272 
f 4167//4330 4109//4272 4110//4273 
f 4168//4331 4110//4273 4111//4274 
f 4169//4332 4111//4274 4112//4275 
f 4170//4333 4112//4275 4113//4276 
f 4171//4334 4113//4276 4114//4277 
f 4172//4335 4114//4277 4115//4278 
f 4173//4336 4115//4278 4116//4279 
f 4174//4337 4116//4279 4117//4280 
f 4175//4338 4117//4280 4118//4281 
f 4176//4339 4118//4281 4119//4282 
f 4177//4340 4119//4282 4120//4283 
f 4178//4341 4120//4283 4121//4284 
f 4179//4342 4121//4284 4122//4285 
f 4180//4343 4122//4285 4123//4286 
f 4181//4344 4123//4286 4124//4287 
f 4182//4345 4124//4287 4125//4288 
f 4183//4346 4125//4288 4126//4289 
f 4184//4347 4126//4289 4127//4290 
f 4185//4348 4127//4290 4128//4291 
f 4186//4349 4128//4291 4129//4292 
f 4187//4350 4129//4292 4130//4293 
f 4188//4351 4130//4293 4131//4294 
f 4189//4352 4131//4294 4132//4295 
f 4190//4353 4132//4295 4133//4296 
f 4191//4354 4133//4296 4134//4297 
f 4192//4355 4134//4297 4135//4298 
f 4193//4356 4135//4298 4136//4299 
f 4194//4357 4136//4299 4137//4300 
f 4195//4358 4137//4300 4138//4301 
f 4196//4359 4138//4301 4139//4302 
f 4197//4360 4139//4302 4140//4303 
f 4198//4361 4140//4303 4141//4304 
f 4199//4362 4141//4304 4142//4305 
f 4200//4363 4142//4305 4143//4306 
f 4201//4364 4143//4306 4144//4307 
f 4202//4365 4144//4307 4145//4308 
f 4203//4366 4145//4308 4088//4251 
f 4204//4367 4146//4309 4147//4310 
f 4205//4368 4147//4310 4148//4311 
f 4206//4369 4148//4311 4149//4312 
f 4207//4370 4149//4312 4150//4313 
f 4208//4371 4150//4313 4151//4314 
f 4209//4372 4151//4314 4152//4315 
f 4210//4373 4152//4315 4153//4316 
f 4211//4374 4153//4316 4154//4317 
f 4212//4375 4154//4317 4155//4318 
f 4213//4376 4155//4318 4156//4319 
f 4214//4377 4156//4319 4157//4320 
f 4215//4378 4157//4320 4158//4321 
f 4216//4379 4158//4321 4159//4322 
f 4217//4380 4159//4322 4160//4323 
f 4218//4381 4160//4323 4161//4324 
f 4219//4382 4161//4324 4162//4325 
f 4220//4383 4162//4325 4163//4326 
f 4221//4384 4163//4326 4164//4327 
f 4222//4385 4164//4327 4165//4328 
f 4223//4386 4165//4328 4166//4329 
f 4224//4387 4166//4329 4167//4330 
f 4225//4388 4167//4330 4168//4331 
f 4226//4389 4168//4331 4169//4332 
f 4227//4390 4169//4332 4170//4333 
f 4228//4391 4170//4333 4171//4334 
f 4229//4392 4171//4334 4172//4335 
f 4230//4393 4172//4335 4173//4336 
f 4231//4394 4173//4336 4174//4337 
f 4232//4395 4174//4337 4175//4338 
f 4233//4396 4175//4338 4176//4339 
f 4234//4397 4176//4339 4177//4340 
f 4235//4398 4177//4340 4178//4341 
f 4236//4399 4178//4341 4179//4342 
f 4237//4400 4179//4342 4180//4343 
f 4238//4401 4180//4343 4181//4344 
f 4239//4402 4181//4344 4182//4345 
f 4240//4403 4182//4345 4183//4346 
f 4241//4404 4183//4346 4184//4347 
f 4242//4405 4184//4347 4185//4348 
f 4243//4406 4185//4348 4186//4349 
f 4244//4407 4186//4349 4187//4350 
f 4245//4408 4187//4350 4188//4351 
f 4246//4409 4188//4351 4189//4352 
f 4247//4410 4189//4352 4190//4353 
f 4248//4411 4190//4353 4191//4354 
f 4249//4412 4191//4354 4192//4355 
f 4250//4413 4192//4355 4193//4356 
f 4251//4414 4193//4356 4194//4357 
f 4252//4415 4194//4357 4195//4358 
f 4253//4416 4195//4358 4196//4359 
f 4254//4417 4196//4359 4197//4360 
f 4255//4418 4197//4360 4198//4361 
f 4256//4419 4198//4361 4199//4362 
f 4257//4420 4199//4362 4200//4363 
f 4258//4421 4200//4363 4201//4364 
f 4259//4422 4201//4364 4202//4365 
f 4260//4423 4202//4365 4203//4366 
f 4261//4424 4203//4366 4146//4309 
f 4262//4425 4204//4367 4205//4368 
f 4263//4426 4205//4368 4206//4369 
f 4264//4427 4206//4369 4207//4370 
f 4265//4428 4207//4370 4208//4371 
f 4266//4429 4208//4371 4209//4372 
f 4267//4430 4209//4372 4210//4373 
f 4268//4431 4210//4373 4211//4374 
f 4269//4432 4211//4374 4212//4375 
f 4270//4433 4212//4375 4213//4376 
f 4271//4434 4213//4376 4214//4377 
f 4272//4435 4214//4377 4215//4378 
f 4273//4436 4215//4378 4216//4379 
f 4274//4437 4216//4379 4217//4380 
f 4275//4438 4217//4380 4218//4381 
f 4276//4439 4218//4381 4219//4382 
f 4277//4440 4219//4382 4220//4383 
f 4278//4441 4220//4383 4221//4384 
f 4279//4442 4221//4384 4222//4385 
f 4280//4443 4222//4385 4223//4386 
f 4281//4444 4223//4386 4224//4387 
f 4282//4445 4224//4387 4225//4388 
f 4283//4446 4225//4388 4226//4389 
f 4284//4447 4226//4389 4227//4390 
f 4285//4448 4227//4390 4228//4391 
f 4286//4449 4228//4391 4229//4392 
f 4287//4450 4229//4392 4230//4393 
f 4288//4451 4230//4393 4231//4394 
f 4289//4452 4231//4394 4232//4395 
f 4290//4453 4232//4395 4233//4396 
f 4291//4454 4233//4396 4234//4397 
f 4292//4455 4234//4397 4235//4398 
f 4293//4456 4235//4398 4236//4399 
f 4294//4457 4236//4399 4237//4400 
f 4295//4458 4237//4400 4238//4401 
f 4296//4459 4238//4401 4239//4402 
f 4297//4460 4239//4402 4240//4403 
f 4298//4461 4240//4403 4241//4404 
f 4299//4462 4241//4404 4242//4405 
f 4300//4463 4242//4405 4243//4406 
f 4301//4464 4243//4406 4244//4407 
f 4302//4465 4244//4407 4245//4408 
f 4303//4466 4245//4408 4246//4409 
f 4304//4467 4246//4409 4247//4410 
f 4305//4468 4247//4410 4248//4411 
f 4306//4469 4248//4411 4249//4412 
f 4307//4470 4249//4412 4250//4413 
f 4308//4471 4250//4413 4251//4414 
f 4309//4472 4251//4414 4252//4415 
f 4310//4473 4252//4415 4253//4416 
f 4311//4474 4253//4416 4254//4417 
f 4312//4475 4254//4417 4255//4418 
f 4313//4476 4255//4418 4256//4419 
f 4314//4477 4256//4419 4257//4420 
f 4315//4478 4257//4420 4258//4421 
f 4316//4479 4258//4421 4259//4422 
f 4317//4480 4259//4422 4260//4423 
f 4318//4481 4260//4423 4261//4424 
f 4319//4482 4261//4424 4204//4367 
f 4320//4483 4262//4425 4263//4426 
f 4321//4484 4263//4426 4264//4427 
f 4322//4485 4264//4427 4265//4428 
f 4323//4486 4265//4428 4266//4429 
f 4324//4487 4266//4429 4267//4430 
f 4325//4488 4267//4430 4268//4431 
f 4326//4489 4268//4431 4269//4432 
f 4327//4490 4269//4432 4270//4433 
f 4328//4491 4270//4433 4271//4434 
f 4329//4492 4271//4434 4272//4435 
f 4330//4493 4272//4435 4273//4436 
f 4331//4494 4273//4436 4274//4437 
f 4332//4495 4274//4437 4275//4438 
f 4333//4496 4275//4438 4276//4439 
f 4334//4497 4276//4439 4277//4440 
f 4335//4498 4277//4440 4278//4441 
f 4336//4499 4278//4441 4279//4442 
f 4337//4500 4279//4442 4280//4443 
f 4338//4501 4280//4443 4281//4444 
f 4339//4502 4281//4444 4282//4445 
f 4340//4503 4282//4445 4283//4446 
f 4341//4504 4283//4446 4284//4447 
f 4342//4505 4284//4447 4285//4448 
f 4343//4506 4285//4448 4286//4449 
f 4344//4507 4286//4449 4287//4450 
f 4345//4508 4287//4450 4288//4451 
f 4346//4509 4288//4451 4289//4452 
f 4347//4510 4289//4452 4290//4453 
f 4348//4511 4290//4453 4291//4454 
f 4349//4512 4291//4454 4292//4455 
f 4350//4513 4292//4455 4293//4456 
f 4351//4514 4293//4456 4294//4457 
f 4352//4515 4294//4457 4295//4458 
f 4353//4516 4295//4458 4296//4459 
f 4354//4517 4296//4459 4297//4460 
f 4355//4518 4297//4460 4298//4461 
f 4356//4519 4298//4461 4299//4462 
f 4357//4520 4299//4462 4300//4463 
f 4358//4521 4300//4463 4301//4464 
f 4359//4522 4301//4464 4302//4465 
f 4360//4523 4302//4465 4303//4466 
f 4361//4524 4303//4466 4304//4467 
f 4362//4525 4304//4467 4305//4468 
f 4363//4526 4305//4468 4306//4469 
f 4364//4527 4306//4469 4307//4470 
f 4365//4528 4307//4470 4308//4471 
f 4366//4529 4308//4471 4309//4472 
f 4367//4530 4309//4472 4310//4473 
f 4368//4531 4310//4473 4311//4474 
f 4369//4532 4311//4474 4312//4475 
f 4370//4533 4312//4475 4313//4476 
f 4371//4534 4313//4476 4314//4477 
f 4372//4535 4314//4477 4315//4478 
f 4373//4536 4315//4478 4316//4479 
f 4374//4537 4316//4479 4317//4480 
f 4375//4538 4317//4480 4318//4481 
f 4376//4539 4318//4481 4319//4482 
f 4377//4540 4319//4482 4262//4425 
f 4378//4541 4320//4483 4321//4484 
f 4379//4542 4321//4484 4322//4485 
f 4380//4543 4322//4485 4323//4486 
f 4381//4544 4323//4486 4324//4487 
f 4382//4545 4324//4487 4325//4488 
f 4383//4546 4325//4488 4326//4489 
f 4384//4547 4326//4489 4327//4490 
f 4385//4548 4327//4490 4328//4491 
f 4386//4549 4328//4491 4329//4492 
f 4387//4550 4329//4492 4330//4493 
f 4388//4551 4330//4493 4331//4494 
f 4389//4552 4331//4494 4332//4495 
f 4390//4553 4332//4495 4333//4496 
f 4391//4554 4333//4496 4334//4497 
f 4392//4555 4334//4497 4335//4498 
f 4393//4556 4335//4498 4336//4499 
f 4394//4557 4336//4499 4337//4500 
f 4395//4558 4337//4500 4338//4501 
f 4396//4559 4338//4501 4339//4502 
f 4397//4560 4339//4502 4340//4503 
f 4398//4561 4340//4503 4341//4504 
f 4399//4562 4341//4504 4342//4505 
f 4400//4563 4342//4505 4343//4506 
f 4401//4564 4343//4506 4344//4507 
f 4402//4565 4344//4507 4345//4508 
f 4403//4566 4345//4508 4346//4509 
f 4404//4567 4346//4509 4347//4510 
f 4405//4568 4347//4510 4348//4511 
f 4406//4569 4348//4511 4349//4512 
f 4407//4570 4349//4512 4350//4513 
f 4408//4571 4350//4513 4351//4514 
f 4409//4572 4351//4514 4352//4515 
f 4410//4573 4352//4515 4353//4516 
f 4411//4574 4353//4516 4354//4517 
f 4412//4575 4354//4517 4355//4518 
f 4413//4576 4355//4518 4356//4519 
f 4414//4577 4356//4519 4357//4520 
f 4415//4578 4357//4520 4358//4521 
f 4416//4579 4358//4521 4359//4522 
f 4417//4580 4359//4522 4360//4523 
f 4418//4581 4360//4523 4361//4524 
f 4419//4582 4361//4524 4362//4525 
f 4420//4583 4362//4525 4363//4526 
f 4421//4584 4363//4526 4364//4527 
f 4422//4585 4364//4527 4365//4528 
f 4423//4586 4365//4528 4366//4529 
f 4424//4587 4366//4529 4367//4530 
f 4425//4588 4367//4530 4368//4531 
f 4426//4589 4368//4531 4369//4532 
f 4427//4590 4369//4532 4370//4533 
f 4428//4591 4370//4533 4371//4534 
f 4429//4592 4371//4534 4372//4535 
f 4430//4593 4372//4535 4373//4536 
f 4431//4594 4373//4536 4374//4537 
f 4432//4595 4374//4537 4375//4538 
f 4433//4596 4375//4538 4376//4539 
f 4434//4597 4376//4539 4377//4540 
f 4435//4598 4377//4540 4320//4483 
f 4436//4599 4378//4541 4379//4542 
f 4437//4600 4379//4542 4380//4543 
f 4438//4601 4380//4543 4381//4544 
f 4439//4602 4381//4544 4382//4545 
f 4440//4603 4382//4545 4383//4546 
f 4441//4604 4383//4546 4384//4547 
f 4442//4605 4384//4547 4385//4548 
f 4443//4606 4385//4548 4386//4549 
f 4444//4607 4386//4549 4387//4550 
f 4445//4608 4387//4550 4388//4551 
f 4446//4609 4388//4551 4389//4552 
f 4447//4610 4389//4552 4390//4553 
f 4448//4611 4390//4553 4391//4554 
f 4449//4612 4391//4554 4392//4555 
f 4450//4613 4392//4555 4393//4556 
f 4451//4614 4393//4556 4394//4557 
f 4452//4615 4394//4557 4395//4558 
f 4453//4616 4395//4558 4396//4559 
f 4454//4617 4396//4559 4397//4560 
f 4455//4618 4397//4560 4398//4561 
f 4456//4619 4398//4561 4399//4562 
f 4457//4620 4399//4562 4400//4563 
f 4458//4621 4400//4563 4401//4564 
f 4459//4622 4401//4564 4402//4565 
f 4460//4623 4402//4565 4403//4566 
f 4461//4624 4403//4566 4404//4567 
f 4462//4625 4404//4567 4405//4568 
f 4463//4626 4405//4568 4406//4569 
f 4464//4627 4406//4569 4407//4570 
f 4465//4628 4407//4570 4408//4571 
f 4466//4629 4408//4571 4409//4572 
f 4467//4630 4409//4572 4410//4573 
f 4468//4631 4410//4573 4411//4574 
f 4469//4632 4411//4574 4412//4575 
f 4470//4633 4412//4575 4413//4576 
f 4471//4634 4413//4576 4414//4577 
f 4472//4635 4414//4577 4415//4578 
f 4473//4636 4415//4578 4416//4579 
f 4474//4637 4416//4579 4417//4580 
f 4475//4638 4417//4580 4418//4581 
f 4476//4639 4418//4581 4419//4582 
f 4477//4640 4419//4582 4420//4583 
f 4478//4641 4420//4583 4421//4584 
f 4479//4642 4421//4584 4422//4585 
f 4480//4643 4422//4585 4423//4586 
f 4481//4644 4423//4586 4424//4587 
f 4482//4645 4424//4587 4425//4588 
f 4483//4646 4425//4588 4426//4589 
f 4484//4647 4426//4589 4427//4590 
f 4485//4648 4427//4590 4428//4591 
f 4486//4649 4428//4591 4429//4592 
f 4487//4650 4429//4592 4430//4593 
f 4488//4651 4430//4593 4431//4594 
f 4489//4652 4431//4594 4432//4595 
f 4490//4653 4432//4595 4433//4596 
f 4491//4654 4433//4596 4434//4597 
f 4492//4655 4434//4597 4435//4598 
f 4493//4656 4435//4598 4378//4541 
f 4494//4657 4436//4599 4437//4600 
f 4495//4658 4437//4600 4438//4601 
f 4496//4659 4438//4601 4439//4602 
f 4497//4660 4439//4602 4440//4603 
f 4498//4661 4440//4603 4441//4604 
f 4499//4662 4441//4604 4442//4605 
f 4500//4663 4442//4605 4443//4606 
f 4501//4664 4443//4606 4444//4607 
f 4502//4665 4444//4607 4445//4608 
f 4503//4666 4445//4608 4446//4609 
f 4504//4667 4446//4609 4447//4610 
f 4505//4668 4447//4610 4448//4611 
f 4506//4669 4448//4611 4449//4612 
f 4507//4670 4449//4612 4450//4613 
f 4508//4671 4450//4613 4451//4614 
f 4509//4672 4451//4614 4452//4615 
f 4510//4673 4452//4615 4453//4616 
f 4511//4674 4453//4616 4454//4617 
f 4512//4675 4454//4617 4455//4618 
f 4513//4676 4455//4618 4456//4619 
f 4514//4677 4456//4619 4457//4620 
f 4515//4678 4457//4620 4458//4621 
f 4516//4679 4458//4621 4459//4622 
f 4517//4680 4459//4622 4460//4623 
f 4518//4681 4460//4623 4461//4624 
f 4519//4682 4461//4624 4462//4625 
f 4520//4683 4462//4625 4463//4626 
f 4521//4684 4463//4626 4464//4627 
f 4522//4685 4464//4627 4465//4628 
f 4523//4686 4465//4628 4466//4629 
f 4524//4687 4466//4629 4467//4630 
f 4525//4688 4467//4630 4468//4631 
f 4526//4689 4468//4631 4469//4632 
f 4527//4690 4469//4632 4470//4633 
f 4528//4691 4470//4633 4471//4634 
f 4529//4692 4471//4634 4472//4635 
f 4530//4693 4472//4635 4473//4636 
f 4531//4694 4473//4636 4474//4637 
f 4532//4695 4474//4637 4475//4638 
f 4533//4696 4475//4638 4476//4639 
f 4534//4697 4476//4639 4477//4640 
f 4535//4698 4477//4640 4478//4641 
f 4536//4699 4478//4641 4479//4642 
f 4537//4700 4479//4642 4480//4643 
f 4538//4701 4480//4643 4481//4644 
f 4539//4702 4481//4644 4482//4645 
f 4540//4703 4482//4645 4483//4646 
f 4541//4704 4483//4646 4484//4647 
f 4542//4705 4484//4647 4485//4648 
f 4543//4706 4485//4648 4486//4649 
f 4544//4707 4486//4649 4487//4650 
f 4545//4708 4487//4650 4488//4651 
f 4546//4709 4488//4651 4489//4652 
f 4547//4710 4489//4652 4490//4653 
f 4548//4711 4490//4653 4491//4654 
f 4549//4712 4491//4654 4492//4655 
f 4550//4713 4492//4655 4493//4656 
f 4551//4714 4493//4656 4436//4599 
f 3681//4715 4494//4657 4495//4658 
f 3682//4715 4495//4658 4496//4659 
f 3683//4715 4496//4659 4497//4660 
f 3684//4715 4497//4660 4498//4661 
f 3685//4715 4498//4661 4499//4662 
f 3686//4715 4499//4662 4500//4663 
f 3687//4715 4500//4663 4501//4664 
f 3688//4715 4501//4664 4502//4665 
f 3689//4715 4502//4665 4503//4666 
f 3690//4715 4503//4666 4504//4667 
f 3691//4715 4504//4667 4505//4668 
f 3692//4715 4505//4668 4506//4669 
f 3693//4715 4506//4669 4507//4670 
f 3694//4715 4507//4670 4508//4671 
f 3695//4715 4508//4671 4509//4672 
f 3696//4715 4509//4672 4510//4673 
f 3697//4715 4510//4673 4511//4674 
f 3698//4715 4511//4674 4512//4675 
f 3699//4715 4512//4675 4513//4676 
f 3700//4715 4513//4676 4514//4677 
f 3701//4715 4514//4677 4515//4678 
f 3702//4715 4515//4678 4516//4679 
f 3703//4715 4516//4679 4517//4680 
f 3704//4715 4517//4680 4518//4681 
f 3705//4715 4518//4681 4519//4682 
f 3706//4715 4519//4682 4520//4683 
f 3707//4715 4520//4683 4521//4684 
f 3708//4715 4521//4684 4522//4685 
f 3709//4715 4522//4685 4523//4686 
f 4524//4687 3710//4715 3711//4715 
f 3711//4715 4523//4686 4524//4687 
f 3710//4715 4524//4687 4525//4688 
f 3712//4715 4525//4688 4526//4689 
f 3713//4715 4526//4689 4527//4690 
f 3714//4715 4527//4690 4528//4691 
f 3715//4715 4528//4691 4529//4692 
f 3716//4715 4529//4692 4530//4693 
f 3717//4715 4530//4693 4531//4694 
f 3718//4715 4531//4694 4532//4695 
f 3719//4715 4532//4695 4533//4696 
f 3720//4715 4533//4696 4534//4697 
f 3721//4715 4534//4697 4535//4698 
f 3722//4715 4535//4698 4536//4699 
f 3723//4715 4536//4699 4537//4700 
f 3724//4715 4537//4700 4538//4701 
f 3725//4715 4538//4701 4539//4702 
f 3726//4715 4539//4702 4540//4703 
f 3727//4715 4540//4703 4541//4704 
f 3728//4715 4541//4704 4542//4705 
f 3729//4715 4542//4705 4543//4706 
f 3730//4715 4543//4706 4544//4707 
f 3731//4715 4544//4707 4545//4708 
f 3732//4715 4545//4708 4546//4709 
f 3733//4715 4546//4709 4547//4710 
f 3734//4715 4547//4710 4548//4711 
f 3735//4715 4548//4711 4549//4712 
f 3736//4715 4549//4712 4550//4713 
f 3737//4715 4550//4713 4551//4714 
f 3738//4715 4551//4714 4494//4657 
f 4494//4657 3681//4715 3738//4715 
f 4551//4714 3738//4715 3737//4715 
f 4550//4713 3737//4715 3736//4715 
f 4549//4712 3736//4715 3735//4715 
f 4548//4711 3735//4715 3734//4715 
f 4547//4710 3734//4715 3733//4715 
f 4546//4709 3733//4715 3732//4715 
f 4545//4708 3732//4715 3731//4715 
f 4544//4707 3731//4715 3730//4715 
f 4543//4706 3730//4715 3729//4715 
f 4542//4705 3729//4715 3728//4715 
f 4541//4704 3728//4715 3727//4715 
f 4540//4703 3727//4715 3726//4715 
f 4539//4702 3726//4715 3725//4715 
f 4538//4701 3725//4715 3724//4715 
f 4537//4700 3724//4715 3723//4715 
f 4536//4699 3723//4715 3722//4715 
f 4535//4698 3722//4715 3721//4715 
f 4534//4697 3721//4715 3720//4715 
f 4533//4696 3720//4715 3719//4715 
f 4532//4695 3719//4715 3718//4715 
f 4531//4694 3718//4715 3717//4715 
f 4530//4693 3717//4715 3716//4715 
f 4529//4692 3716//4715 3715//4715 
f 4528//4691 3715//4715 3714//4715 
f 4527//4690 3714//4715 3713//4715 
f 4526//4689 3713//4715 3712//4715 
f 4525//4688 3712//4715 3710//4715 
f 3711//4715 3739//4715 4523//4686 
f 4523//4686 3739//4715 3709//4715 
f 4522//4685 3709//4715 3708//4715 
f 4521//4684 3708//4715 3707//4715 
f 4520//4683 3707//4715 3706//4715 
f 4519//4682 3706//4715 3705//4715 
f 4518//4681 3705//4715 3704//4715 
f 4517//4680 3704//4715 3703//4715 
f 4516//4679 3703//4715 3702//4715 
f 4515//4678 3702//4715 3701//4715 
f 4514//4677 3701//4715 3700//4715 
f 4513//4676 3700//4715 3699//4715 
f 4512//4675 3699//4715 3698//4715 
f 4511//4674 3698//4715 3697//4715 
f 4510//4673 3697//4715 3696//4715 
f 4509//4672 3696//4715 3695//4715 
f 4508//4671 3695//4715 3694//4715 
f 4507//4670 3694//4715 3693//4715 
f 4506//4669 3693//4715 3692//4715 
f 4505//4668 3692//4715 3691//4715 
f 4504//4667 3691//4715 3690//4715 
f 4503//4666 3690//4715 3689//4715 
f 4502//4665 3689//4715 3688//4715 
f 4501//4664 3688//4715 3687//4715 
f 4500//4663 3687//4715 3686//4715 
f 4499//4662 3686//4715 3685//4715 
f 4498//4661 3685//4715 3684//4715 
f 4497//4660 3684//4715 3683//4715 
f 4496//4659 3683//4715 3682//4715 
f 4495//4658 3682//4715 3681//4715 
f 4436//4599 4494//4657 4551//4714 
f 4493//4656 4551//4714 4550//4713 
f 4492//4655 4550//4713 4549//4712 
f 4491//4654 4549//4712 4548//4711 
f 4490//4653 4548//4711 4547//4710 
f 4489//4652 4547//4710 4546//4709 
f 4488//4651 4546//4709 4545//4708 
f 4487//4650 4545//4708 4544//4707 
f 4486//4649 4544//4707 4543//4706 
f 4485//4648 4543//4706 4542//4705 
f 4484//4647 4542//4705 4541//4704 
f 4483//4646 4541//4704 4540//4703 
f 4482//4645 4540//4703 4539//4702 
f 4481//4644 4539//4702 4538//4701 
f 4480//4643 4538//4701 4537//4700 
f 4479//4642 4537//4700 4536//4699 
f 4478//4641 4536//4699 4535//4698 
f 4477//4640 4535//4698 4534//4697 
f 4476//4639 4534//4697 4533//4696 
f 4475//4638 4533//4696 4532//4695 
f 4474//4637 4532//4695 4531//4694 
f 4473//4636 4531//4694 4530//4693 
f 4472//4635 4530//4693 4529//4692 
f 4471//4634 4529//4692 4528//4691 
f 4470//4633 4528//4691 4527//4690 
f 4469//4632 4527//4690 4526//4689 
f 4468//4631 4526//4689 4525//4688 
f 4467//4630 4525//4688 4524//4687 
f 4466//4629 4524//4687 4523//4686 
f 4465//4628 4523//4686 4522//4685 
f 4464//4627 4522//4685 4521//4684 
f 4463//4626 4521//4684 4520//4683 
f 4462//4625 4520//4683 4519//4682 
f 4461//4624 4519//4682 4518//4681 
f 4460//4623 4518//4681 4517//4680 
f 4459//4622 4517//4680 4516//4679 
f 4458//4621 4516//4679 4515//4678 
f 4457//4620 4515//4678 4514//4677 
f 4456//4619 4514//4677 4513//4676 
f 4455//4618 4513//4676 4512//4675 
f 4454//4617 4512//4675 4511//4674 
f 4453//4616 4511//4674 4510//4673 
f 4452//4615 4510//4673 4509//4672 
f 4451//4614 4509//4672 4508//4671 
f 4450//4613 4508//4671 4507//4670 
f 4449//4612 4507//4670 4506//4669 
f 4448//4611 4506//4669 4505//4668 
f 4447//4610 4505//4668 4504//4667 
f 4446//4609 4504//4667 4503//4666 
f 4445//4608 4503//4666 4502//4665 
f 4444//4607 4502//4665 4501//4664 
f 4443//4606 4501//4664 4500//4663 
f 4442//4605 4500//4663 4499//4662 
f 4441//4604 4499//4662 4498//4661 
f 4440//4603 4498//4661 4497//4660 
f 4439//4602 4497//4660 4496//4659 
f 4438//4601 4496//4659 4495//4658 
f 4437//4600 4495//4658 4494//4657 
f 4378//4541 4436//4599 4493//4656 
f 4435//4598 4493//4656 4492//4655 
f 4434//4597 4492//4655 4491//4654 
f 4433//4596 4491//4654 4490//4653 
f 4432//4595 4490//4653 4489//4652 
f 4431//4594 4489//4652 4488//4651 
f 4430//4593 4488//4651 4487//4650 
f 4429//4592 4487//4650 4486//4649 
f 4428//4591 4486//4649 4485//4648 
f 4427//4590 4485//4648 4484//4647 
f 4426//4589 4484//4647 4483//4646 
f 4425//4588 4483//4646 4482//4645 
f 4424//4587 4482//4645 4481//4644 
f 4423//4586 4481//4644 4480//4643 
f 4422//4585 4480//4643 4479//4642 
f 4421//4584 4479//4642 4478//4641 
f 4420//4583 4478//4641 4477//4640 
f 4419//4582 4477//4640 4476//4639 
f 4418//4581 4476//4639 4475//4638 
f 4417//4580 4475//4638 4474//4637 
f 4416//4579 4474//4637 4473//4636 
f 4415//4578 4473//4636 4472//4635 
f 4414//4577 4472//4635 4471//4634 
f 4413//4576 4471//4634 4470//4633 
f 4412//4575 4470//4633 4469//4632 
f 4411//4574 4469//4632 4468//4631 
f 4410//4573 4468//4631 4467//4630 
f 4409//4572 4467//4630 4466//4629 
f 4408//4571 4466//4629 4465//4628 
f 4407//4570 4465//4628 4464//4627 
f 4406//4569 4464//4627 4463//4626 
f 4405//4568 4463//4626 4462//4625 
f 4404//4567 4462//4625 4461//4624 
f 4403//4566 4461//4624 4460//4623 
f 4402//4565 4460//4623 4459//4622 
f 4401//4564 4459//4622 4458//4621 
f 4400//4563 4458//4621 4457//4620 
f 4399//4562 4457//4620 4456//4619 
f 4398//4561 4456//4619 4455//4618 
f 4397//4560 4455//4618 4454//4617 
f 4396//4559 4454//4617 4453//4616 
f 4395//4558 4453//4616 4452//4615 
f 4394//4557 4452//4615 4451//4614 
f 4393//4556 4451//4614 4450//4613 
f 4392//4555 4450//4613 4449//4612 
f 4391//4554 4449//4612 4448//4611 
f 4390//4553 4448//4611 4447//4610 
f 4389//4552 4447//4610 4446//4609 
f 4388//4551 4446//4609 4445//4608 
f 4387//4550 4445//4608 4444//4607 
f 4386//4549 4444//4607 4443//4606 
f 4385//4548 4443//4606 4442//4605 
f 4384//4547 4442//4605 4441//4604 
f 4383//4546 4441//4604 4440//4603 
f 4382//4545 4440//4603 4439//4602 
f 4381//4544 4439//4602 4438//4601 
f 4380//4543 4438//4601 4437//4600 
f 4379//4542 4437//4600 4436//4599 
f 4320//4483 4378//4541 4435//4598 
f 4377//4540 4435//4598 4434//4597 
f 4376//4539 4434//4597 4433//4596 
f 4375//4538 4433//4596 4432//4595 
f 4374//4537 4432//4595 4431//4594 
f 4373//4536 4431//4594 4430//4593 
f 4372//4535 4430//4593 4429//4592 
f 4371//4534 4429//4592 4428//4591 
f 4370//4533 4428//4591 4427//4590 
f 4369//4532 4427//4590 4426//4589 
f 4368//4531 4426//4589 4425//4588 
f 4367//4530 4425//4588 4424//4587 
f 4366//4529 4424//4587 4423//4586 
f 4365//4528 4423//4586 4422//4585 
f 4364//4527 4422//4585 4421//4584 
f 4363//4526 4421//4584 4420//4583 
f 4362//4525 4420//4583 4419//4582 
f 4361//4524 4419//4582 4418//4581 
f 4360//4523 4418//4581 4417//4580 
f 4359//4522 4417//4580 4416//4579 
f 4358//4521 4416//4579 4415//4578 
f 4357//4520 4415//4578 4414//4577 
f 4356//4519 4414//4577 4413//4576 
f 4355//4518 4413//4576 4412//4575 
f 4354//4517 4412//4575 4411//4574 
f 4353//4516 4411//4574 4410//4573 
f 4352//4515 4410//4573 4409//4572 
f 4351//4514 4409//4572 4408//4571 
f 4350//4513 4408//4571 4407//4570 
f 4349//4512 4407//4570 4406//4569 
f 4348//4511 4406//4569 4405//4568 
f 4347//4510 4405//4568 4404//4567 
f 4346//4509 4404//4567 4403//4566 
f 4345//4508 4403//4566 4402//4565 
f 4344//4507 4402//4565 4401//4564 
f 4343//4506 4401//4564 4400//4563 
f 4342//4505 4400//4563 4399//4562 
f 4341//4504 4399//4562 4398//4561 
f 4340//4503 4398//4561 4397//4560 
f 4339//4502 4397//4560 4396//4559 
f 4338//4501 4396//4559 4395//4558 
f 4337//4500 4395//4558 4394//4557 
f 4336//4499 4394//4557 4393//4556 
f 4335//4498 4393//4556 4392//4555 
f 4334//4497 4392//4555 4391//4554 
f 4333//4496 4391//4554 4390//4553 
f 4332//4495 4390//4553 4389//4552 
f 4331//4494 4389//4552 4388//4551 
f 4330//4493 4388//4551 4387//4550 
f 4329//4492 4387//4550 4386//4549 
f 4328//4491 4386//4549 4385//4548 
f 4327//4490 4385//4548 4384//4547 
f 4326//4489 4384//4547 4383//4546 
f 4325//4488 4383//4546 4382//4545 
f 4324//4487 4382//4545 4381//4544 
f 4323//4486 4381//4544 4380//4543 
f 4322//4485 4380//4543 4379//4542 
f 4321//4484 4379//4542 4378//4541 
f 4262//4425 4320//4483 4377//4540 
f 4319//4482 4377//4540 4376//4539 
f 4318//4481 4376//4539 4375//4538 
f 4317//4480 4375//4538 4374//4537 
f 4316//4479 4374//4537 4373//4536 
f 4315//4478 4373//4536 4372//4535 
f 4314//4477 4372//4535 4371//4534 
f 4313//4476 4371//4534 4370//4533 
f 4312//4475 4370//4533 4369//4532 
f 4311//4474 4369//4532 4368//4531 
f 4310//4473 4368//4531 4367//4530 
f 4309//4472 4367//4530 4366//4529 
f 4308//4471 4366//4529 4365//4528 
f 4307//4470 4365//4528 4364//4527 
f 4306//4469 4364//4527 4363//4526 
f 4305//4468 4363//4526 4362//4525 
f 4304//4467 4362//4525 4361//4524 
f 4303//4466 4361//4524 4360//4523 
f 4302//4465 4360//4523 4359//4522 
f 4301//4464 4359//4522 4358//4521 
f 4300//4463 4358//4521 4357//4520 
f 4299//4462 4357//4520 4356//4519 
f 4298//4461 4356//4519 4355//4518 
f 4297//4460 4355//4518 4354//4517 
f 4296//4459 4354//4517 4353//4516 
f 4295//4458 4353//4516 4352//4515 
f 4294//4457 4352//4515 4351//4514 
f 4293//4456 4351//4514 4350//4513 
f 4292//4455 4350//4513 4349//4512 
f 4291//4454 4349//4512 4348//4511 
f 4290//4453 4348//4511 4347//4510 
f 4289//4452 4347//4510 4346//4509 
f 4288//4451 4346//4509 4345//4508 
f 4287//4450 4345//4508 4344//4507 
f 4286//4449 4344//4507 4343//4506 
f 4285//4448 4343//4506 4342//4505 
f 4284//4447 4342//4505 4341//4504 
f 4283//4446 4341//4504 4340//4503 
f 4282//4445 4340//4503 4339//4502 
f 4281//4444 4339//4502 4338//4501 
f 4280//4443 4338//4501 4337//4500 
f 4279//4442 4337//4500 4336//4499 
f 4278//4441 4336//4499 4335//4498 
f 4277//4440 4335//4498 4334//4497 
f 4276//4439 4334//4497 4333//4496 
f 4275//4438 4333//4496 4332//4495 
f 4274//4437 4332//4495 4331//4494 
f 4273//4436 4331//4494 4330//4493 
f 4272//4435 4330//4493 4329//4492 
f 4271//4434 4329//4492 4328//4491 
f 4270//4433 4328//4491 4327//4490 
f 4269//4432 4327//4490 4326//4489 
f 4268//4431 4326//4489 4325//4488 
f 4267//4430 4325//4488 4324//4487 
f 4266//4429 4324//4487 4323//4486 
f 4265//4428 4323//4486 4322//4485 
f 4264//4427 4322//4485 4321//4484 
f 4263//4426 4321//4484 4320//4483 
f 4204//4367 4262//4425 4319//4482 
f 4261//4424 4319//4482 4318//4481 
f 4260//4423 4318//4481 4317//4480 
f 4259//4422 4317//4480 4316//4479 
f 4258//4421 4316//4479 4315//4478 
f 4257//4420 4315//4478 4314//4477 
f 4256//4419 4314//4477 4313//4476 
f 4255//4418 4313//4476 4312//4475 
f 4254//4417 4312//4475 4311//4474 
f 4253//4416 4311//4474 4310//4473 
f 4252//4415 4310//4473 4309//4472 
f 4251//4414 4309//4472 4308//4471 
f 4250//4413 4308//4471 4307//4470 
f 4249//4412 4307//4470 4306//4469 
f 4248//4411 4306//4469 4305//4468 
f 4247//4410 4305//4468 4304//4467 
f 4246//4409 4304//4467 4303//4466 
f 4245//4408 4303//4466 4302//4465 
f 4244//4407 4302//4465 4301//4464 
f 4243//4406 4301//4464 4300//4463 
f 4242//4405 4300//4463 4299//4462 
f 4241//4404 4299//4462 4298//4461 
f 4240//4403 4298//4461 4297//4460 
f 4239//4402 4297//4460 4296//4459 
f 4238//4401 4296//4459 4295//4458 
f 4237//4400 4295//4458 4294//4457 
f 4236//4399 4294//4457 4293//4456 
f 4235//4398 4293//4456 4292//4455 
f 4234//4397 4292//4455 4291//4454 
f 4233//4396 4291//4454 4290//4453 
f 4232//4395 4290//4453 4289//4452 
f 4231//4394 4289//4452 4288//4451 
f 4230//4393 4288//4451 4287//4450 
f 4229//4392 4287//4450 4286//4449 
f 4228//4391 4286//4449 4285//4448 
f 4227//4390 4285//4448 4284//4447 
f 4226//4389 4284//4447 4283//4446 
f 4225//4388 4283//4446 4282//4445 
f 4224//4387 4282//4445 4281//4444 
f 4223//4386 4281//4444 4280//4443 
f 4222//4385 4280//4443 4279//4442 
f 4221//4384 4279//4442 4278//4441 
f 4220//4383 4278//4441 4277//4440 
f 4219//4382 4277//4440 4276//4439 
f 4218//4381 4276//4439 4275//4438 
f 4217//4380 4275//4438 4274//4437 
f 4216//4379 4274//4437 4273//4436 
f 4215//4378 4273//4436 4272//4435 
f 4214//4377 4272//4435 4271//4434 
f 4213//4376 4271//4434 4270//4433 
f 4212//4375 4270//4433 4269//4432 
f 4211//4374 4269//4432 4268//4431 
f 4210//4373 4268//4431 4267//4430 
f 4209//4372 4267//4430 4266//4429 
f 4208//4371 4266//4429 4265//4428 
f 4207//4370 4265//4428 4264//4427 
f 4206//4369 4264//4427 4263//4426 
f 4205//4368 4263//4426 4262//4425 
f 4146//4309 4204//4367 4261//4424 
f 4203//4366 4261//4424 4260//4423 
f 4202//4365 4260//4423 4259//4422 
f 4201//4364 4259//4422 4258//4421 
f 4200//4363 4258//4421 4257//4420 
f 4199//4362 4257//4420 4256//4419 
f 4198//4361 4256//4419 4255//4418 
f 4197//4360 4255//4418 4254//4417 
f 4196//4359 4254//4417 4253//4416 
f 4195//4358 4253//4416 4252//4415 
f 4194//4357 4252//4415 4251//4414 
f 4193//4356 4251//4414 4250//4413 
f 4192//4355 4250//4413 4249//4412 
f 4191//4354 4249//4412 4248//4411 
f 4190//4353 4248//4411 4247//4410 
f 4189//4352 4247//4410 4246//4409 
f 4188//4351 4246//4409 4245//4408 
f 4187//4350 4245//4408 4244//4407 
f 4186//4349 4244//4407 4243//4406 
f 4185//4348 4243//4406 4242//4405 
f 4184//4347 4242//4405 4241//4404 
f 4183//4346 4241//4404 4240//4403 
f 4182//4345 4240//4403 4239//4402 
f 4181//4344 4239//4402 4238//4401 
f 4180//4343 4238//4401 4237//4400 
f 4179//4342 4237//4400 4236//4399 
f 4178//4341 4236//4399 4235//4398 
f 4177//4340 4235//4398 4234//4397 
f 4176//4339 4234//4397 4233//4396 
f 4175//4338 4233//4396 4232//4395 
f 4174//4337 4232//4395 4231//4394 
f 4173//4336 4231//4394 4230//4393 
f 4172//4335 4230//4393 4229//4392 
f 4171//4334 4229//4392 4228//4391 
f 4170//4333 4228//4391 4227//4390 
f 4169//4332 4227//4390 4226//4389 
f 4168//4331 4226//4389 4225//4388 
f 4167//4330 4225//4388 4224//4387 
f 4166//4329 4224//4387 4223//4386 
f 4165//4328 4223//4386 4222//4385 
f 4164//4327 4222//4385 4221//4384 
f 4163//4326 4221//4384 4220//4383 
f 4162//4325 4220//4383 4219//4382 
f 4161//4324 4219//4382 4218//4381 
f 4160//4323 4218//4381 4217//4380 
f 4159//4322 4217//4380 4216//4379 
f 4158//4321 4216//4379 4215//4378 
f 4157//4320 4215//4378 4214//4377 
f 4156//4319 4214//4377 4213//4376 
f 4155//4318 4213//4376 4212//4375 
f 4154//4317 4212//4375 4211//4374 
f 4153//4316 4211//4374 4210//4373 
f 4152//4315 4210//4373 4209//4372 
f 4151//4314 4209//4372 4208//4371 
f 4150//4313 4208//4371 4207//4370 
f 4149//4312 4207//4370 4206//4369 
f 4148//4311 4206//4369 4205//4368 
f 4147//4310 4205//4368 4204//4367 
f 4088//4251 4146//4309 4203//4366 
f 4145//4308 4203//4366 4202//4365 
f 4144//4307 4202//4365 4201//4364 
f 4143//4306 4201//4364 4200//4363 
f 4142//4305 4200//4363 4199//4362 
f 4141//4304 4199//4362 4198//4361 
f 4140//4303 4198//4361 4197//4360 
f 4139//4302 4197//4360 4196//4359 
f 4138//4301 4196//4359 4195//4358 
f 4137//4300 4195//4358 4194//4357 
f 4136//4299 4194//4357 4193//4356 
f 4135//4298 4193//4356 4192//4355 
f 4134//4297 4192//4355 4191//4354 
f 4133//4296 4191//4354 4190//4353 
f 4132//4295 4190//4353 4189//4352 
f 4131//4294 4189//4352 4188//4351 
f 4130//4293 4188//4351 4187//4350 
f 4129//4292 4187//4350 4186//4349 
f 4128//4291 4186//4349 4185//4348 
f 4127//4290 4185//4348 4184//4347 
f 4126//4289 4184//4347 4183//4346 
f 4125//4288 4183//4346 4182//4345 
f 4124//4287 4182//4345 4181//4344 
f 4123//4286 4181//4344 4180//4343 
f 4122//4285 4180//4343 4179//4342 
f 4121//4284 4179//4342 4178//4341 
f 4120//4283 4178//4341 4177//4340 
f 4119//4282 4177//4340 4176//4339 
f 4118//4281 4176//4339 4175//4338 
f 4117//4280 4175//4338 4174//4337 
f 4116//4279 4174//4337 4173//4336 
f 4115//4278 4173//4336 4172//4335 
f 4114//4277 4172//4335 4171//4334 
f 4113//4276 4171//4334 4170//4333 
f 4112//4275 4170//4333 4169//4332 
f 4111//4274 4169//4332 4168//4331 
f 4110//4273 4168//4331 4167//4330 
f 4109//4272 4167//4330 4166//4329 
f 4108//4271 4166//4329 4165//4328 
f 4107//4270 4165//4328 4164//4327 
f 4106//4269 4164//4327 4163//4326 
f 4105//4268 4163//4326 4162//4325 
f 4104//4267 4162//4325 4161//4324 
f 4103//4266 4161//4324 4160//4323 
f 4102//4265 4160//4323 4159//4322 
f 4101//4264 4159//4322 4158//4321 
f 4100//4263 4158//4321 4157//4320 
f 4099//4262 4157//4320 4156//4319 
f 4098//4261 4156//4319 4155//4318 
f 4097//4260 4155//4318 4154//4317 
f 4096//4259 4154//4317 4153//4316 
f 4095//4258 4153//4316 4152//4315 
f 4094//4257 4152//4315 4151//4314 
f 4093//4256 4151//4314 4150//4313 
f 4092//4255 4150//4313 4149//4312 
f 4091//4254 4149//4312 4148//4311 
f 4090//4253 4148//4311 4147//4310 
f 4089//4252 4147//4310 4146//4309 
f 4030//4193 4088//4251 4145//4308 
f 4087//4250 4145//4308 4144//4307 
f 4086//4249 4144//4307 4143//4306 
f 4085//4248 4143//4306 4142//4305 
f 4084//4247 4142//4305 4141//4304 
f 4083//4246 4141//4304 4140//4303 
f 4082//4245 4140//4303 4139//4302 
f 4081//4244 4139//4302 4138//4301 
f 4080//4243 4138//4301 4137//4300 
f 4079//4242 4137//4300 4136//4299 
f 4078//4241 4136//4299 4135//4298 
f 4077//4240 4135//4298 4134//4297 
f 4076//4239 4134//4297 4133//4296 
f 4075//4238 4133//4296 4132//4295 
f 4074//4237 4132//4295 4131//4294 
f 4073//4236 4131//4294 4130//4293 
f 4072//4235 4130//4293 4129//4292 
f 4071//4234 4129//4292 4128//4291 
f 4070//4233 4128//4291 4127//4290 
f 4069//4232 4127//4290 4126//4289 
f 4068//4231 4126//4289 4125//4288 
f 4067//4230 4125//4288 4124//4287 
f 4066//4229 4124//4287 4123//4286 
f 4065//4228 4123//4286 4122//4285 
f 4064//4227 4122//4285 4121//4284 
f 4063//4226 4121//4284 4120//4283 
f 4062//4225 4120//4283 4119//4282 
f 4061//4224 4119//4282 4118//4281 
f 4060//4223 4118//4281 4117//4280 
f 4059//4222 4117//4280 4116//4279 
f 4058//4221 4116//4279 4115//4278 
f 4057//4220 4115//4278 4114//4277 
f 4056//4219 4114//4277 4113//4276 
f 4055//4218 4113//4276 4112//4275 
f 4054//4217 4112//4275 4111//4274 
f 4053//4216 4111//4274 4110//4273 
f 4052//4215 4110//4273 4109//4272 
f 4051//4214 4109//4272 4108//4271 
f 4050//4213 4108//4271 4107//4270 
f 4049//4212 4107//4270 4106//4269 
f 4048//4211 4106//4269 4105//4268 
f 4047//4210 4105//4268 4104//4267 
f 4046//4209 4104//4267 4103//4266 
f 4045//4208 4103//4266 4102//4265 
f 4044//4207 4102//4265 4101//4264 
f 4043//4206 4101//4264 4100//4263 
f 4042//4205 4100//4263 4099//4262 
f 4041//4204 4099//4262 4098//4261 
f 4040//4203 4098//4261 4097//4260 
f 4039//4202 4097//4260 4096//4259 
f 4038//4201 4096//4259 4095//4258 
f 4037//4200 4095//4258 4094//4257 
f 4036//4199 4094//4257 4093//4256 
f 4035//4198 4093//4256 4092//4255 
f 4034//4197 4092//4255 4091//4254 
f 4033//4196 4091//4254 4090//4253 
f 4032//4195 4090//4253 4089//4252 
f 4031//4194 4089//4252 4088//4251 
f 3972//4135 4030//4193 4087//4250 
f 4029//4192 4087//4250 4086//4249 
f 4028//4191 4086//4249 4085//4248 
f 4027//4190 4085//4248 4084//4247 
f 4026//4189 4084//4247 4083//4246 
f 4025//4188 4083//4246 4082//4245 
f 4024//4187 4082//4245 4081//4244 
f 4023//4186 4081//4244 4080//4243 
f 4022//4185 4080//4243 4079//4242 
f 4021//4184 4079//4242 4078//4241 
f 4020//4183 4078//4241 4077//4240 
f 4019//4182 4077//4240 4076//4239 
f 4018//4181 4076//4239 4075//4238 
f 4017//4180 4075//4238 4074//4237 
f 4016//4179 4074//4237 4073//4236 
f 4015//4178 4073//4236 4072//4235 
f 4014//4177 4072//4235 4071//4234 
f 4013//4176 4071//4234 4070//4233 
f 4012//4175 4070//4233 4069//4232 
f 4011//4174 4069//4232 4068//4231 
f 4010//4173 4068//4231 4067//4230 
f 4009//4172 4067//4230 4066//4229 
f 4008//4171 4066//4229 4065//4228 
f 4007//4170 4065//4228 4064//4227 
f 4006//4169 4064//4227 4063//4226 
f 4005//4168 4063//4226 4062//4225 
f 4004//4167 4062//4225 4061//4224 
f 4003//4166 4061//4224 4060//4223 
f 4002//4165 4060//4223 4059//4222 
f 4001//4164 4059//4222 4058//4221 
f 4000//4163 4058//4221 4057//4220 
f 3999//4162 4057//4220 4056//4219 
f 3998//4161 4056//4219 4055//4218 
f 3997//4160 4055//4218 4054//4217 
f 3996//4159 4054//4217 4053//4216 
f 3995//4158 4053//4216 4052//4215 
f 3994//4157 4052//4215 4051//4214 
f 3993//4156 4051//4214 4050//4213 
f 3992//4155 4050//4213 4049//4212 
f 3991//4154 4049//4212 4048//4211 
f 3990//4153 4048//4211 4047//4210 
f 3989//4152 4047//4210 4046//4209 
f 3988//4151 4046//4209 4045//4208 
f 3987//4150 4045//4208 4044//4207 
f 3986//4149 4044//4207 4043//4206 
f 3985//4148 4043//4206 4042//4205 
f 3984//4147 4042//4205 4041//4204 
f 3983//4146 4041//4204 4040//4203 
f 3982//4145 4040//4203 4039//4202 
f 3981//4144 4039//4202 4038//4201 
f 3980//4143 4038//4201 4037//4200 
f 3979//4142 4037//4200 4036//4199 
f 3978//4141 4036//4199 4035//4198 
f 3977//4140 4035//4198 4034//4197 
f 3976//4139 4034//4197 4033//4196 
f 3975//4138 4033//4196 4032//4195 
f 3974//4137 4032//4195 4031//4194 
f 3973//4136 4031//4194 4030//4193 
f 3914//4077 3972//4135 4029//4192 
f 3971//4134 4029//4192 4028//4191 
f 3970//4133 4028//4191 4027//4190 
f 3969//4132 4027//4190 4026//4189 
f 3968//4131 4026//4189 4025//4188 
f 3967//4130 4025//4188 4024//4187 
f 3966//4129 4024//4187 4023//4186 
f 3965//4128 4023//4186 4022//4185 
f 3964//4127 4022//4185 4021//4184 
f 3963//4126 4021//4184 4020//4183 
f 3962//4125 4020//4183 4019//4182 
f 3961//4124 4019//4182 4018//4181 
f 3960//4123 4018//4181 4017//4180 
f 3959//4122 4017//4180 4016//4179 
f 3958//4121 4016//4179 4015//4178 
f 3957//4120 4015//4178 4014//4177 
f 3956//4119 4014//4177 4013//4176 
f 3955//4118 4013//4176 4012//4175 
f 3954//4117 4012//4175 4011//4174 
f 3953//4116 4011//4174 4010//4173 
f 3952//4115 4010//4173 4009//4172 
f 3951//4114 4009//4172 4008//4171 
f 3950//4113 4008//4171 4007//4170 
f 3949//4112 4007//4170 4006//4169 
f 3948//4111 4006//4169 4005//4168 
f 3947//4110 4005//4168 4004//4167 
f 3946//4109 4004//4167 4003//4166 
f 3945//4108 4003//4166 4002//4165 
f 3944//4107 4002//4165 4001//4164 
f 3943//4106 4001//4164 4000//4163 
f 3942//4105 4000//4163 3999//4162 
f 3941//4104 3999//4162 3998//4161 
f 3940//4103 3998//4161 3997//4160 
f 3939//4102 3997//4160 3996//4159 
f 3938//4101 3996//4159 3995//4158 
f 3937//4100 3995//4158 3994//4157 
f 3936//4099 3994//4157 3993//4156 
f 3935//4098 3993//4156 3992//4155 
f 3934//4097 3992//4155 3991//4154 
f 3933//4096 3991//4154 3990//4153 
f 3932//4095 3990//4153 3989//4152 
f 3931//4094 3989//4152 3988//4151 
f 3930//4093 3988//4151 3987//4150 
f 3929//4092 3987//4150 3986//4149 
f 3928//4091 3986//4149 3985//4148 
f 3927//4090 3985//4148 3984//4147 
f 3926//4089 3984//4147 3983//4146 
f 3925//4088 3983//4146 3982//4145 
f 3924//4087 3982//4145 3981//4144 
f 3923//4086 3981//4144 3980//4143 
f 3922//4085 3980//4143 3979//4142 
f 3921//4084 3979//4142 3978//4141 
f 3920//4083 3978//4141 3977//4140 
f 3919//4082 3977//4140 3976//4139 
f 3918//4081 3976//4139 3975//4138 
f 3917//4080 3975//4138 3974//4137 
f 3916//4079 3974//4137 3973//4136 
f 3915//4078 3973//4136 3972//4135 
f 3856//4019 3914//4077 3971//4134 
f 3913//4076 3971//4134 3970//4133 
f 3912//4075 3970//4133 3969//4132 
f 3911//4074 3969//4132 3968//4131 
f 3910//4073 3968//4131 3967//4130 
f 3909//4072 3967//4130 3966//4129 
f 3908//4071 3966//4129 3965//4128 
f 3907//4070 3965//4128 3964//4127 
f 3906//4069 3964//4127 3963//4126 
f 3905//4068 3963//4126 3962//4125 
f 3904//4067 3962//4125 3961//4124 
f 3903//4066 3961//4124 3960//4123 
f 3902//4065 3960//4123 3959//4122 
f 3901//4064 3959//4122 3958//4121 
f 3900//4063 3958//4121 3957//4120 
f 3899//4062 3957//4120 3956//4119 
f 3898//4061 3956//4119 3955//4118 
f 3897//4060 3955//4118 3954//4117 
f 3896//4059 3954//4117 3953//4116 
f 3895//4058 3953//4116 3952//4115 
f 3894//4057 3952//4115 3951//4114 
f 3893//4056 3951//4114 3950//4113 
f 3892//4055 3950//4113 3949//4112 
f 3891//4054 3949//4112 3948//4111 
f 3890//4053 3948//4111 3947//4110 
f 3889//4052 3947//4110 3946//4109 
f 3888//4051 3946//4109 3945//4108 
f 3887//4050 3945//4108 3944//4107 
f 3886//4049 3944//4107 3943//4106 
f 3885//4048 3943//4106 3942//4105 
f 3884//4047 3942//4105 3941//4104 
f 3883//4046 3941//4104 3940//4103 
f 3882//4045 3940//4103 3939//4102 
f 3881//4044 3939//4102 3938//4101 
f 3880//4043 3938//4101 3937//4100 
f 3879//4042 3937//4100 3936//4099 
f 3878//4041 3936//4099 3935//4098 
f 3877//4040 3935//4098 3934//4097 
f 3876//4039 3934//4097 3933//4096 
f 3875//4038 3933//4096 3932//4095 
f 3874//4037 3932//4095 3931//4094 
f 3873//4036 3931//4094 3930//4093 
f 3872//4035 3930//4093 3929//4092 
f 3871//4034 3929//4092 3928//4091 
f 3870//4033 3928//4091 3927//4090 
f 3869//4032 3927//4090 3926//4089 
f 3868//4031 3926//4089 3925//4088 
f 3867//4030 3925//4088 3924//4087 
f 3866//4029 3924//4087 3923//4086 
f 3865//4028 3923//4086 3922//4085 
f 3864//4027 3922//4085 3921//4084 
f 3863//4026 3921//4084 3920//4083 
f 3862//4025 3920//4083 3919//4082 
f 3861//4024 3919//4082 3918//4081 
f 3860//4023 3918//4081 3917//4080 
f 3859//4022 3917//4080 3916//4079 
f 3858//4021 3916//4079 3915//4078 
f 3857//4020 3915//4078 3914//4077 
f 3798//3961 3856//4019 3913//4076 
f 3855//4018 3913//4076 3912//4075 
f 3854//4017 3912//4075 3911//4074 
f 3853//4016 3911//4074 3910//4073 
f 3852//4015 3910//4073 3909//4072 
f 3851//4014 3909//4072 3908//4071 
f 3850//4013 3908//4071 3907//4070 
f 3849//4012 3907//4070 3906//4069 
f 3848//4011 3906//4069 3905//4068 
f 3847//4010 3905//4068 3904//4067 
f 3846//4009 3904//4067 3903//4066 
f 3845//4008 3903//4066 3902//4065 
f 3844//4007 3902//4065 3901//4064 
f 3843//4006 3901//4064 3900//4063 
f 3842//4005 3900//4063 3899//4062 
f 3841//4004 3899//4062 3898//4061 
f 3840//4003 3898//4061 3897//4060 
f 3839//4002 3897//4060 3896//4059 
f 3838//4001 3896//4059 3895//4058 
f 3837//4000 3895//4058 3894//4057 
f 3836//3999 3894//4057 3893//4056 
f 3835//3998 3893//4056 3892//4055 
f 3834//3997 3892//4055 3891//4054 
f 3833//3996 3891//4054 3890//4053 
f 3832//3995 3890//4053 3889//4052 
f 3831//3994 3889//4052 3888//4051 
f 3830//3993 3888//4051 3887//4050 
f 3829//3992 3887//4050 3886//4049 
f 3828//3991 3886//4049 3885//4048 
f 3827//3990 3885//4048 3884//4047 
f 3826//3989 3884//4047 3883//4046 
f 3825//3988 3883//4046 3882//4045 
f 3824//3987 3882//4045 3881//4044 
f 3823//3986 3881//4044 3880//4043 
f 3822//3985 3880//4043 3879//4042 
f 3821//3984 3879//4042 3878//4041 
f 3820//3983 3878//4041 3877//4040 
f 3819//3982 3877//4040 3876//4039 
f 3818//3981 3876//4039 3875//4038 
f 3817//3980 3875//4038 3874//4037 
f 3816//3979 3874//4037 3873//4036 
f 3815//3978 3873//4036 3872//4035 
f 3814//3977 3872//4035 3871//4034 
f 3813//3976 3871//4034 3870//4033 
f 3812//3975 3870//4033 3869//4032 
f 3811//3974 3869//4032 3868//4031 
f 3810//3973 3868//4031 3867//4030 
f 3809//3972 3867//4030 3866//4029 
f 3808//3971 3866//4029 3865//4028 
f 3807//3970 3865//4028 3864//4027 
f 3806//3969 3864//4027 3863//4026 
f 3805//3968 3863//4026 3862//4025 
f 3804//3967 3862//4025 3861//4024 
f 3803//3966 3861//4024 3860//4023 
f 3802//3965 3860//4023 3859//4022 
f 3801//3964 3859//4022 3858//4021 
f 3800//3963 3858//4021 3857//4020 
f 3799//3962 3857//4020 3856//4019 
f 3741//3788 3798//3961 3855//4018 
f 3797//3956 3855//4018 3854//4017 
f 3796//3953 3854//4017 3853//4016 
f 3795//3950 3853//4016 3852//4015 
f 3794//3947 3852//4015 3851//4014 
f 3793//3944 3851//4014 3850//4013 
f 3792//3941 3850//4013 3849//4012 
f 3791//3938 3849//4012 3848//4011 
f 3790//3935 3848//4011 3847//4010 
f 3789//3932 3847//4010 3846//4009 
f 3788//3929 3846//4009 3845//4008 
f 3787//3926 3845//4008 3844//4007 
f 3786//3923 3844//4007 3843//4006 
f 3785//3920 3843//4006 3842//4005 
f 3784//3917 3842//4005 3841//4004 
f 3783//3914 3841//4004 3840//4003 
f 3782//3911 3840//4003 3839//4002 
f 3781//3908 3839//4002 3838//4001 
f 3780//3905 3838//4001 3837//4000 
f 3779//3902 3837//4000 3836//3999 
f 3778//3899 3836//3999 3835//3998 
f 3777//3896 3835//3998 3834//3997 
f 3776//3893 3834//3997 3833//3996 
f 3775//3890 3833//3996 3832//3995 
f 3774//3887 3832//3995 3831//3994 
f 3773//3884 3831//3994 3830//3993 
f 3772//3881 3830//3993 3829//3992 
f 3771//3878 3829//3992 3828//3991 
f 3770//3875 3828//3991 3827//3990 
f 3769//3872 3827//3990 3826//3989 
f 3768//3869 3826//3989 3825//3988 
f 3767//3866 3825//3988 3824//3987 
f 3766//3863 3824//3987 3823//3986 
f 3765//3860 3823//3986 3822//3985 
f 3764//3857 3822//3985 3821//3984 
f 3763//3854 3821//3984 3820//3983 
f 3762//3851 3820//3983 3819//3982 
f 3761//3848 3819//3982 3818//3981 
f 3760//3845 3818//3981 3817//3980 
f 3759//3842 3817//3980 3816//3979 
f 3758//3839 3816//3979 3815//3978 
f 3757//3836 3815//3978 3814//3977 
f 3756//3833 3814//3977 3813//3976 
f 3755//3830 3813//3976 3812//3975 
f 3754//3827 3812//3975 3811//3974 
f 3753//3824 3811//3974 3810//3973 
f 3752//3821 3810//3973 3809//3972 
f 3751//3818 3809//3972 3808//3971 
f 3750//3815 3808//3971 3807//3970 
f 3749//3812 3807//3970 3806//3969 
f 3748//3809 3806//3969 3805//3968 
f 3747//3806 3805//3968 3804//3967 
f 3746//3803 3804//3967 3803//3966 
f 3745//3800 3803//3966 3802//3965 
f 3744//3797 3802//3965 3801//3964 
f 3743//3794 3801//3964 3800//3963 
f 3742//3791 3800//3963 3799//3962 
f 3740//3787 3799//3962 3798//3961 
f 3678//3959 3679//3790 3741//3788 
f 3676//3957 3677//3960 3797//3956 
f 3674//3954 3675//3958 3796//3953 
f 3672//3951 3673//3955 3795//3950 
f 3670//3948 3671//3952 3794//3947 
f 3668//3945 3669//3949 3793//3944 
f 3666//3942 3667//3946 3792//3941 
f 3664//3939 3665//3943 3791//3938 
f 3662//3936 3663//3940 3790//3935 
f 3660//3933 3661//3937 3789//3932 
f 3658//3930 3659//3934 3788//3929 
f 3656//3927 3657//3931 3787//3926 
f 3654//3924 3655//3928 3786//3923 
f 3652//3921 3653//3925 3785//3920 
f 3650//3918 3651//3922 3784//3917 
f 3648//3915 3649//3919 3783//3914 
f 3646//3912 3647//3916 3782//3911 
f 3644//3909 3645//3913 3781//3908 
f 3642//3906 3643//3910 3780//3905 
f 3640//3903 3641//3907 3779//3902 
f 3638//3900 3639//3904 3778//3899 
f 3636//3897 3637//3901 3777//3896 
f 3634//3894 3635//3898 3776//3893 
f 3632//3891 3633//3895 3775//3890 
f 3630//3888 3631//3892 3774//3887 
f 3628//3885 3629//3889 3773//3884 
f 3626//3882 3627//3886 3772//3881 
f 3624//3879 3625//3883 3771//3878 
f 3622//3876 3623//3880 3770//3875 
f 3620//3873 3621//3877 3769//3872 
f 3618//3870 3619//3874 3768//3869 
f 3616//3867 3617//3871 3767//3866 
f 3614//3864 3615//3868 3766//3863 
f 3612//3861 3613//3865 3765//3860 
f 3610//3858 3611//3862 3764//3857 
f 3608//3855 3609//3859 3763//3854 
f 3606//3852 3607//3856 3762//3851 
f 3604//3849 3605//3853 3761//3848 
f 3602//3846 3603//3850 3760//3845 
f 3600//3843 3601//3847 3759//3842 
f 3598//3840 3599//3844 3758//3839 
f 3596//3837 3597//3841 3757//3836 
f 3594//3834 3595//3838 3756//3833 
f 3592//3831 3593//3835 3755//3830 
f 3590//3828 3591//3832 3754//3827 
f 3588//3825 3589//3829 3753//3824 
f 3586//3822 3587//3826 3752//3821 
f 3584//3819 3585//3823 3751//3818 
f 3582//3816 3583//3820 3750//3815 
f 3580//3813 3581//3817 3749//3812 
f 3578//3810 3579//3814 3748//3809 
f 3576//3807 3577//3811 3747//3806 
f 3574//3804 3575//3808 3746//3803 
f 3572//3801 3573//3805 3745//3800 
f 3570//3798 3571//3802 3744//3797 
f 3568//3795 3569//3799 3743//3794 
f 3566//3792 3567//3796 3742//3791 
f 3680//3789 3565//3793 3740//3787 
o mesh30
f 4552//4715 3710//4715 3712//4715 
f 3712//4715 3713//4715 4552//4715 
f 3713//4715 3714//4715 4552//4715 
f 3714//4715 3715//4715 4552//4715 
f 3715//4715 3716//4715 4552//4715 
f 3716//4715 3717//4715 4552//4715 
f 3717//4715 3718//4715 4552//4715 
f 3718//4715 3719//4715 4552//4715 
f 3719//4715 3720//4715 4552//4715 
f 3720//4715 3721//4715 4552//4715 
f 3721//4715 3722//4715 4552//4715 
f 3722//4715 3723//4715 4552//4715 
f 3723//4715 3724//4715 4552//4715 
f 3724//4715 3725//4715 4552//4715 
f 3725//4715 3726//4715 4552//4715 
f 3726//4715 3727//4715 4552//4715 
f 3727//4715 3728//4715 4552//4715 
f 3728//4715 3729//4715 4552//4715 
f 3729//4715 3730//4715 4552//4715 
f 3730//4715 3731//4715 4552//4715 
f 3731//4715 3732//4715 4552//4715 
f 3732//4715 3733//4715 4552//4715 
f 3733//4715 3734//4715 4552//4715 
f 3734//4715 3735//4715 4552//4715 
f 3735//4715 3736//4715 4552//4715 
f 3736//4715 3737//4715 4552//4715 
f 3737//4715 3738//4715 4552//4715 
f 3738//4715 3681//4715 4552//4715 
f 3681//4715 3682//4715 4552//4715 
f 3682//4715 3683//4715 4552//4715 
f 3683//4715 3684//4715 4552//4715 
f 3684//4715 3685//4715 4552//4715 
f 3685//4715 3686//4715 4552//4715 
f 3686//4715 3687//4715 4552//4715 
f 3687//4715 3688//4715 4552//4715 
f 3688//4715 3689//4715 4552//4715 
f 3689//4715 3690//4715 4552//4715 
f 3690//4715 3691//4715 4552//4715 
f 3691//4715 3692//4715 4552//4715 
f 3692//4715 3693//4715 4552//4715 
f 3693//4715 3694//4715 4552//4715 
f 3694//4715 3695//4715 4552//4715 
f 3695//4715 3696//4715 4552//4715 
f 3696//4715 3697//4715 4552//4715 
f 3697//4715 3698//4715 4552//4715 
f 3698//4715 3699//4715 4552//4715 
f 3699//4715 3700//4715 4552//4715 
f 3700//4715 3701//4715 4552//4715 
f 3701//4715 3702//4715 4552//4715 
f 3702//4715 3703//4715 4552//4715 
f 3703//4715 3704//4715 4552//4715 
f 3704//4715 3705//4715 4552//4715 
f 3705//4715 3706//4715 4552//4715 
f 3706//4715 3707//4715 4552//4715 
f 3707//4715 3708//4715 4552//4715 
f 3708//4715 3709//4715 4552//4715 
f 3709//4715 3739//4715 4552//4715 
f 3739//4715 3711//4715 4552//4715 
f 3711//4715 3710//4715 4552//4715 
