# OBJ generated by ONSHAPE BY PTC INC, 1.217 Units = meters
mtllib ARCADA001 - ARCAD004.mtl
g ARCAD004
v -0.067 0 -4.10257e-18 
v -0.067 0.002 -4.10257e-18 
v -0.0666072 0.002 -0.00724397 
v -0.0654336 0.002 -0.014403 
v -0.0659505 0 -0.01125 
v -0.0654336 0 -0.014403 
v -0.0634928 0.002 -0.0213932 
v -0.0608076 0.002 -0.0281326 
v -0.0608076 0 -0.0281326 
v -0.0633904 0 -0.02165 
v -0.0574094 0.002 -0.0345421 
v -0.0574094 0 -0.0345421 
v -0.0533382 0.002 -0.0405467 
v -0.0486417 0.002 -0.0460759 
v -0.0486417 0 -0.0460759 
v -0.0516156 0 -0.0425747 
v -0.0433749 0.002 -0.0510649 
v -0.0375995 0.002 -0.0554552 
v -0.0375995 0 -0.0554552 
v -0.0409247 0 -0.0529274 
v -0.0313834 0.002 -0.0591953 
v -0.0313834 0 -0.0591953 
v -0.0247993 0.002 -0.0622414 
v -0.0247993 0 -0.0622414 
v -0.0179244 0.002 -0.0645578 
v -0.0108394 0.002 -0.0661174 
v -0.01125 0 -0.066027 
v -0.0108394 0 -0.0661174 
v -0.00362731 0.002 -0.0669017 
v -0.00362731 0 -0.0669017 
v 0.00362731 0.002 -0.0669017 
v 0.00362731 0 -0.0669017 
v 0.0108394 0.002 -0.0661174 
v 0.0179244 0.002 -0.0645578 
v 0.0179244 0 -0.0645578 
v 0.01125 0 -0.066027 
v 0.0247993 0.002 -0.0622414 
v 0.0313834 0.002 -0.0591953 
v 0.03075 0 -0.0594883 
v 0.0313834 0 -0.0591953 
v 0.0375995 0.002 -0.0554552 
v 0.0375995 0 -0.0554552 
v 0.0433749 0.002 -0.0510649 
v 0.0433749 0 -0.0510649 
v 0.0486417 0.002 -0.0460759 
v 0.0533382 0.002 -0.0405467 
v 0.0516156 0 -0.0425747 
v 0.0533382 0 -0.0405467 
v 0.0574094 0.002 -0.0345421 
v 0.0608076 0.002 -0.0281326 
v 0.0601747 0 -0.0293262 
v 0.0608076 0 -0.0281326 
v 0.0634928 0.002 -0.0213932 
v 0.0633904 0 -0.02165 
v 0.0634928 0 -0.0213932 
v 0.0654336 0.002 -0.014403 
v 0.0666072 0.002 -0.00724397 
v 0.0666072 0 -0.00724397 
v 0.0659505 0 -0.01125 
v 0.067 0.002 -2.8718e-17 
v 0.067 0 -1.23077e-17 
v 0.0666072 0.002 0.00724397 
v 0.0654336 0.002 0.014403 
v 0.0659505 0 0.01125 
v 0.0654336 0 0.014403 
v 0.0634928 0.002 0.0213932 
v 0.0634928 0 0.0213932 
v 0.0608076 0.002 0.0281326 
v 0.0574094 0.002 0.0345421 
v 0.0574094 0 0.0345421 
v 0.0601747 0 0.0293262 
v 0.0533382 0.002 0.0405467 
v 0.0486417 0.002 0.0460759 
v 0.0486417 0 0.0460759 
v 0.0516156 0 0.0425747 
v 0.0433749 0.002 0.0510649 
v 0.0433749 0 0.0510649 
v 0.0375995 0.002 0.0554552 
v 0.0375995 0 0.0554552 
v 0.0313834 0.002 0.0591953 
v 0.0247993 0.002 0.0622414 
v 0.0247993 0 0.0622414 
v 0.03075 0 0.0594883 
v 0.0179244 0.002 0.0645578 
v 0.0108394 0.002 0.0661174 
v 0.0138713 0 0.06545 
v 0.01125 0 0.066027 
v 0.0108394 0 0.0661174 
v 0.00362731 0.002 0.0669017 
v 0.00362731 0 0.0669017 
v -0.00362731 0.002 0.0669017 
v -0.00362731 0 0.0669017 
v -0.0108394 0.002 0.0661174 
v -0.0138713 0 0.06545 
v -0.01125 0 0.066027 
v -0.0179244 0.002 0.0645578 
v -0.0179244 0 0.0645578 
v -0.0247993 0.002 0.0622414 
v -0.0247993 0 0.0622414 
v -0.0313834 0.002 0.0591953 
v -0.0313834 0 0.0591953 
v -0.0375995 0.002 0.0554552 
v -0.0433749 0.002 0.0510649 
v -0.0409247 0 0.0529274 
v -0.0433749 0 0.0510649 
v -0.0486417 0.002 0.0460759 
v -0.0533382 0.002 0.0405467 
v -0.0516156 0 0.0425747 
v -0.0533382 0 0.0405467 
v -0.0574094 0.002 0.0345421 
v -0.0574094 0 0.0345421 
v -0.0608076 0.002 0.0281326 
v -0.0608076 0 0.0281326 
v -0.0634928 0.002 0.0213932 
v -0.0634928 0 0.0213932 
v -0.0654336 0.002 0.014403 
v -0.0666072 0.002 0.00724397 
v -0.0666072 0 0.00724397 
v -0.0659505 0 0.01125 
v -0.0654336 0 0.014403 
v -0.0486417 0 0.0460759 
v -0.0375995 0 0.0554552 
v -0.0108394 0 0.0661174 
v 0.0179244 0 0.0645578 
v 0.0313834 0 0.0591953 
v 0.0533382 0 0.0405467 
v 0.0608076 0 0.0281326 
v 0.0666072 0 0.00724397 
v 0.0654336 0 -0.014403 
v 0.0574094 0 -0.0345421 
v 0.0486417 0 -0.0460759 
v 0.0247993 0 -0.0622414 
v 0.0108394 0 -0.0661174 
v -0.0179244 0 -0.0645578 
v -0.0433749 0 -0.0510649 
v -0.0533382 0 -0.0405467 
v -0.0634928 0 -0.0213932 
v -0.0666072 0 -0.00724397 
v -0.015 0.002 -0.02 
v 0.015 0.002 -0.02 
v -0.0187157 0.002 -0.0183457 
v -0.0183457 0.002 -0.0187157 
v -0.02 0.002 0.015 
v -0.02 0.002 -0.015 
v 0.0155226 0.002 -0.0199726 
v 0.0160396 0.002 -0.0198907 
v -0.0155226 0.002 -0.0199726 
v -0.0175 0.002 -0.0193301 
v -0.0170337 0.002 -0.0195677 
v -0.0179389 0.002 -0.0190451 
v -0.0190451 0.002 -0.0179389 
v -0.0165451 0.002 -0.0197553 
v -0.0193301 0.002 -0.0175 
v -0.0195677 0.002 -0.0170337 
v -0.0197553 0.002 -0.0165451 
v -0.0199726 0.002 -0.0155226 
v 0.044 0.002 0.0133 
v 0.0190451 0.002 0.0179389 
v 0.0187157 0.002 0.0183457 
v 0.044 0.002 -0.0133 
v 0.0187157 0.002 -0.0183457 
v 0.0190451 0.002 -0.0179389 
v 0.0179389 0.002 -0.0190451 
v 0.0183457 0.002 -0.0187157 
v 0.0175 0.002 -0.0193301 
v 0.0165451 0.002 -0.0197553 
v 0.0170337 0.002 -0.0195677 
v -0.0160396 0.002 -0.0198907 
v -0.0198907 0.002 -0.0160396 
v -0.0195677 0.002 0.0170337 
v -0.0197553 0.002 0.0165451 
v -0.0193301 0.002 0.0175 
v -0.0187157 0.002 0.0183457 
v -0.0190451 0.002 0.0179389 
v 0.0183457 0.002 0.0187157 
v 0.0193301 0.002 0.0175 
v 0.0199726 0.002 -0.0155226 
v 0.02 0.002 -0.015 
v -0.0199726 0.002 0.0155226 
v -0.0198907 0.002 0.0160396 
v -0.0183457 0.002 0.0187157 
v -0.0170337 0.002 0.0195677 
v 0.015 0.002 0.02 
v -0.015 0.002 0.02 
v 0.0175 0.002 0.0193301 
v 0.0170337 0.002 0.0195677 
v 0.0197553 0.002 0.0165451 
v 0.0195677 0.002 0.0170337 
v 0.0199726 0.002 0.0155226 
v 0.0198907 0.002 0.0160396 
v 0.02 0.002 0.015 
v 0.056 0.002 0.0133 
v -0.0179389 0.002 0.0190451 
v -0.0175 0.002 0.0193301 
v -0.0165451 0.002 0.0197553 
v 0.0165451 0.002 0.0197553 
v 0.0160396 0.002 0.0198907 
v 0.0179389 0.002 0.0190451 
v 0.0197553 0.002 -0.0165451 
v 0.0198907 0.002 -0.0160396 
v 0.0193301 0.002 -0.0175 
v 0.0195677 0.002 -0.0170337 
v 0.056 0.002 -0.0133 
v -0.0160396 0.002 0.0198907 
v -0.0155226 0.002 0.0199726 
v 0.0155226 0.002 0.0199726 
v 0.02 0 -0.01125 
v 0.02 0 0.01125 
v 0.02 0 -0.015 
v 0.02 0 0.015 
v -0.01125 0 -0.02 
v 0.01125 0 -0.02 
v -0.015 0 -0.02 
v 0.015 0 -0.02 
v -0.02 0 0.01125 
v -0.02 0 -0.01125 
v -0.02 0 0.015 
v -0.02 0 -0.015 
v 0.01125 0 0.02 
v -0.01125 0 0.02 
v 0.015 0 0.02 
v -0.015 0 0.02 
v 0.0155226 0 -0.0199726 
v 0.0160396 0 -0.0198907 
v 0.0165451 0 -0.0197553 
v 0.0170337 0 -0.0195677 
v 0.0175 0 -0.0193301 
v 0.0179389 0 -0.0190451 
v 0.0183457 0 -0.0187157 
v 0.0187157 0 -0.0183457 
v 0.0190451 0 -0.0179389 
v 0.0193301 0 -0.0175 
v 0.0195677 0 -0.0170337 
v 0.0197553 0 -0.0165451 
v 0.0198907 0 -0.0160396 
v 0.0199726 0 -0.0155226 
v -0.0155226 0 -0.0199726 
v -0.0160396 0 -0.0198907 
v -0.0165451 0 -0.0197553 
v -0.0170337 0 -0.0195677 
v -0.0175 0 -0.0193301 
v -0.0179389 0 -0.0190451 
v -0.0183457 0 -0.0187157 
v -0.0187157 0 -0.0183457 
v -0.0190451 0 -0.0179389 
v -0.0193301 0 -0.0175 
v -0.0195677 0 -0.0170337 
v -0.0197553 0 -0.0165451 
v -0.0198907 0 -0.0160396 
v -0.0199726 0 -0.0155226 
v 0.0155226 0 0.0199726 
v 0.0160396 0 0.0198907 
v 0.0165451 0 0.0197553 
v 0.0170337 0 0.0195677 
v 0.0175 0 0.0193301 
v 0.0179389 0 0.0190451 
v 0.0183457 0 0.0187157 
v 0.0187157 0 0.0183457 
v 0.0190451 0 0.0179389 
v 0.0193301 0 0.0175 
v 0.0195677 0 0.0170337 
v 0.0197553 0 0.0165451 
v 0.0198907 0 0.0160396 
v 0.0199726 0 0.0155226 
v -0.0155226 0 0.0199726 
v -0.0160396 0 0.0198907 
v -0.0165451 0 0.0197553 
v -0.0170337 0 0.0195677 
v -0.0175 0 0.0193301 
v -0.0179389 0 0.0190451 
v -0.0183457 0 0.0187157 
v -0.0187157 0 0.0183457 
v -0.0190451 0 0.0179389 
v -0.0193301 0 0.0175 
v -0.0195677 0 0.0170337 
v -0.0197553 0 0.0165451 
v -0.0198907 0 0.0160396 
v -0.0199726 0 0.0155226 
v 0.044 0.001 -0.0133 
v 0.056 0.001 -0.0133 
v 0.044 0.001 0.0133 
v 0.056 0.001 0.0133 
v 0.0435 0.001 -0.0213 
v 0.0565 0.001 -0.0213 
v 0.0565 0.001 0.0213 
v 0.0435 0.001 0.0213 
v 0.0565 -0.002 0.0213 
v 0.0435 -0.002 0.0213 
v 0.0435 -0.002 -0.0213 
v 0.0565 -0.002 -0.0213 
v 0.0585 -0.002 0.0231119 
v 0.0585 -0.002 -0.0231119 
v 0.0584253 -0.002 -0.0233 
v 0.0584253 -0.002 0.0233 
v 0.0415 -0.002 0.0233 
v 0.0415 -0.002 -0.0233 
v 0.0585 0 -0.01125 
v 0.0585 0 0.01125 
v 0.0585 0 -0.02165 
v 0.0585 0 -0.0231119 
v 0.0585 0 0.0231119 
v 0.0584253 0 0.0233 
v 0.0415 0 0.0233 
v 0.0415 0 -0.01125 
v 0.0415 0 -0.02165 
v 0.0415 0 0.01125 
v 0.0415 0 -0.0233 
v 0.0584253 0 -0.0233 
v -0.0025 0 0.0638511 
v 0.0025 0 0.0638511 
v -0.0025 0 0.0618495 
v 0.0025 0 0.0618495 
v -0.0618495 0 0.0025 
v -0.0638511 0 -0.0025 
v -0.0638511 0 0.0025 
v -0.0618495 0 -0.0025 
v 0.0025 0 -0.0618495 
v 0.0025 0 -0.0638511 
v -0.0025 0 -0.0638511 
v -0.0025 0 -0.0618495 
v 0.0638511 0 0.0025 
v 0.0618495 0 0.0025 
v 0.0638511 0 -0.0025 
v 0.0618495 0 -0.0025 
v -0.0409247 0 -0.0425747 
v -0.01125 0 -0.0425747 
v -0.01125 0 -0.02165 
v 0.01125 0 -0.0425747 
v 0.01125 0 -0.02165 
v 0.03075 0 -0.0425747 
v 0.03075 0 -0.02165 
v -0.01125 0 0.06545 
v -0.01125 0 0.0425747 
v 0.01125 0 0.06545 
v 0.01125 0 0.0425747 
v 0.03075 0 -0.01125 
v 0.0601747 0 -0.01125 
v 0.0601747 0 0.01125 
v 0.0601747 0 -0.02165 
v 0.03075 0 0.0425747 
v 0.03075 0 0.01125 
v -0.0409247 0 0.0425747 
v -0.0409247 0 0.01125 
v -0.0409247 0 -0.01125 
v -0.0409247 0 -0.02165 
v 0.0025 -0.001 -0.0638511 
v -0.0025 -0.001 -0.0638511 
v -0.0638511 -0.001 -0.0025 
v -0.0638511 -0.001 0.0025 
v 0.0638511 -0.001 0.0025 
v 0.0638511 -0.001 -0.0025 
v -0.0025 -0.001 0.0638511 
v 0.0025 -0.001 0.0638511 
v -0.0638865 -0.00199875 -0.0025 
v -0.0638511 -0.002 -0.0025 
v -0.0638511 -0.002 0.0025 
v -0.0638865 -0.00199875 0.0025 
v -0.0639051 -0.00199649 0.0025 
v -0.0639051 -0.00199649 -0.0025 
v -0.0639585 -0.00198772 -0.0025 
v -0.0639362 -0.00199271 -0.0025 
v -0.0639362 -0.00199271 0.0025 
v -0.0640107 -0.00197326 -0.0025 
v -0.0639844 -0.00198193 -0.0025 
v -0.0639844 -0.00198193 0.0025 
v -0.0639585 -0.00198772 0.0025 
v -0.064061 -0.00195337 -0.0025 
v -0.0640498 -0.00195888 -0.0025 
v -0.0640498 -0.00195888 0.0025 
v -0.064031 -0.00196657 -0.0025 
v -0.0640107 -0.00197326 0.0025 
v -0.064031 -0.00196657 0.0025 
v -0.0640947 -0.00193672 -0.0025 
v -0.064061 -0.00195337 0.0025 
v -0.0641088 -0.00192797 -0.0025 
v -0.0640947 -0.00193672 0.0025 
v -0.0641088 -0.00192797 0.0025 
v -0.0641366 -0.00191063 -0.0025 
v -0.0641366 -0.00191063 0.0025 
v -0.0641535 -0.00189758 0.0025 
v -0.0641535 -0.00189758 -0.0025 
v -0.064195 -0.00186281 -0.0025 
v -0.0641907 -0.00186718 -0.0025 
v -0.0641907 -0.00186718 0.0025 
v -0.0641754 -0.00188072 0.0025 
v -0.0641754 -0.00188072 -0.0025 
v -0.0642253 -0.00183195 -0.0025 
v -0.064195 -0.00186281 0.0025 
v -0.0642253 -0.00183195 0.0025 
v -0.0642321 -0.00182343 0.0025 
v -0.0642321 -0.00182343 -0.0025 
v -0.0642649 -0.0017804 -0.0025 
v -0.0642601 -0.00178796 -0.0025 
v -0.0642601 -0.00178796 0.0025 
v -0.064256 -0.00179372 0.0025 
v -0.064256 -0.00179372 -0.0025 
v -0.0642869 -0.00174568 -0.0025 
v -0.0642649 -0.0017804 0.0025 
v -0.0642869 -0.00174568 0.0025 
v -0.0642927 -0.00173399 0.0025 
v -0.0642927 -0.00173399 -0.0025 
v -0.0643154 -0.00168487 -0.0025 
v -0.064309 -0.00170164 -0.0025 
v -0.064309 -0.00170164 0.0025 
v -0.0643331 -0.00163373 -0.0025 
v -0.0643324 -0.00163652 -0.0025 
v -0.0643324 -0.00163652 0.0025 
v -0.0643265 -0.00165589 -0.0025 
v -0.0643154 -0.00168487 0.0025 
v -0.0643265 -0.00165589 0.0025 
v -0.0643437 -0.00158779 -0.0025 
v -0.0643331 -0.00163373 0.0025 
v -0.0643437 -0.00158779 0.0025 
v -0.0643446 -0.00158085 0.0025 
v -0.0643446 -0.00158085 -0.0025 
v -0.0643503 -0.00152706 -0.0025 
v -0.0643499 -0.00153894 -0.0025 
v -0.0643499 -0.00153894 0.0025 
v -0.0643507 -0.00147293 -0.0025 
v -0.0643514 -0.00148998 -0.0025 
v -0.0643514 -0.00148998 0.0025 
v -0.0643503 -0.00152706 0.0025 
v -0.064345 -0.00141998 -0.0025 
v -0.064345 -0.00141998 0.0025 
v -0.0643448 -0.00141912 0.0025 
v -0.0643505 -0.00146969 -0.0025 
v -0.0643507 -0.00147293 0.0025 
v -0.0643505 -0.00146969 0.0025 
v -0.064333 -0.00136631 -0.0025 
v -0.0643347 -0.00137181 -0.0025 
v -0.0643347 -0.00137181 0.0025 
v -0.0643448 -0.00141912 -0.0025 
v -0.0643199 -0.00132513 -0.0025 
v -0.064333 -0.00136631 0.0025 
v -0.0643199 -0.00132513 0.0025 
v -0.0643158 -0.00131497 0.0025 
v -0.0643158 -0.00131497 -0.0025 
v -0.064293 -0.0012659 -0.0025 
v -0.0643124 -0.00130632 -0.0025 
v -0.0643124 -0.00130632 0.0025 
v -0.0642907 -0.00126122 -0.0025 
v -0.064293 -0.0012659 0.0025 
v -0.0642907 -0.00126122 0.0025 
v -0.0642652 -0.00121941 0.0025 
v -0.0642652 -0.00121941 -0.0025 
v -0.0642355 -0.00117999 -0.0025 
v -0.0642651 -0.00121914 -0.0025 
v -0.0642651 -0.00121914 0.0025 
v -0.0642355 -0.00117999 0.0025 
v -0.0642324 -0.00117636 0.0025 
v -0.0642324 -0.00117636 -0.0025 
v -0.0641949 -0.00113731 -0.0025 
v -0.0642223 -0.00116476 -0.0025 
v -0.0642223 -0.00116476 0.0025 
v -0.0641537 -0.00110217 -0.0025 
v -0.0641869 -0.00112935 -0.0025 
v -0.0641869 -0.00112935 0.0025 
v -0.0641949 -0.00113731 0.0025 
v -0.0641488 -0.0010981 -0.0025 
v -0.0641537 -0.00110217 0.0025 
v -0.0641488 -0.0010981 0.0025 
v -0.064109 -0.00107162 0.0025 
v -0.064109 -0.00107162 -0.0025 
v -0.0640609 -0.00104672 -0.0025 
v -0.0640904 -0.00106091 -0.0025 
v -0.0640904 -0.00106091 0.0025 
v -0.0641079 -0.0010709 0.0025 
v -0.0641079 -0.0010709 -0.0025 
v -0.0640453 -0.00103919 -0.0025 
v -0.0640609 -0.00104672 0.0025 
v -0.0640453 -0.00103919 0.0025 
v -0.0640107 -0.00102661 0.0025 
v -0.0640107 -0.00102661 -0.0025 
v -0.0639586 -0.00101199 -0.0025 
v -0.0639989 -0.00102232 -0.0025 
v -0.0639989 -0.00102232 0.0025 
v -0.0639051 -0.00100353 -0.0025 
v -0.0639315 -0.0010065 -0.0025 
v -0.0639315 -0.0010065 0.0025 
v -0.0639513 -0.00101014 -0.0025 
v -0.0639586 -0.00101199 0.0025 
v -0.0639513 -0.00101014 0.0025 
v -0.0638824 -0.00100098 -0.0025 
v -0.0639051 -0.00100353 0.0025 
v -0.0638824 -0.00100098 0.0025 
v -0.0628503 -0.002 0.0025 
v -0.0628306 -0.000802697 0.0025 
v -0.0622026 -6.42927e-05 0.0025 
v -0.0621584 -5.00859e-05 0.0025 
v -0.0628066 -0.000707713 0.0025 
v -0.0628011 -0.000691046 0.0025 
v -0.062828 -0.000792204 0.0025 
v -0.06207 -2.45625e-05 0.0025 
v -0.0620575 -2.23899e-05 0.0025 
v -0.0621091 -3.42282e-05 0.0025 
v -0.0624925 -0.000233716 0.0025 
v -0.0624372 -0.000191776 0.0025 
v -0.06271 -0.000489439 0.0025 
v -0.0626589 -0.000412357 0.0025 
v -0.062794 -0.000669191 0.0025 
v -0.0627631 -0.000593547 0.0025 
v -0.0619725 -7.58015e-06 0.0025 
v -0.0619541 -6.21294e-06 0.0025 
v -0.0622931 -0.000103596 0.0025 
v -0.0622561 -8.75333e-05 0.0025 
v -0.0623806 -0.000152428 0.0025 
v -0.0623493 -0.000134981 0.0025 
v -0.0624143 -0.00017447 0.0025 
v -0.0626313 -0.00037568 0.0025 
v -0.0625923 -0.000331675 0.0025 
v -0.0626559 -0.000407718 0.0025 
v -0.0628453 -0.000900101 0.0025 
v -0.0628446 -0.000895504 0.0025 
v -0.0618745 -3.11817e-07 0.0025 
v -0.0625649 -0.000300705 0.0025 
v -0.0625184 -0.000257675 0.0025 
v -0.0627561 -0.000576541 0.0025 
v -0.0627158 -0.000500247 0.0025 
v -0.0628503 -0.001 0.0025 
v -0.0628503 -0.002 -0.0025 
v -0.062617 -0.000358183 -0.0025 
v -0.0626584 -0.000412825 -0.0025 
v -0.0623609 -0.00014044 -0.0025 
v -0.0624376 -0.000191219 -0.0025 
v -0.0628163 -0.00074163 -0.0025 
v -0.0628261 -0.000781239 -0.0025 
v -0.0627864 -0.000648338 -0.0025 
v -0.0628002 -0.000691347 -0.0025 
v -0.0626985 -0.000470536 -0.0025 
v -0.0627152 -0.000500549 -0.0025 
v -0.0626762 -0.000436337 -0.0025 
v -0.0624751 -0.000219433 -0.0025 
v -0.0625184 -0.00025777 -0.0025 
v -0.0624427 -0.000194626 -0.0025 
v -0.0628279 -0.000792171 -0.0025 
v -0.06255 -0.00028582 -0.0025 
v -0.0625924 -0.000331636 -0.0025 
v -0.0622737 -9.42926e-05 -0.0025 
v -0.0623496 -0.00013446 -0.0025 
v -0.0621424 -4.37894e-05 -0.0025 
v -0.0621587 -4.91341e-05 -0.0025 
v -0.0620472 -1.97123e-05 -0.0025 
v -0.0620575 -2.23004e-05 -0.0025 
v -0.06285 -0.000976259 -0.0025 
v -0.0628503 -0.001 -0.0025 
v -0.0628429 -0.000878483 -0.0025 
v -0.0628441 -0.000895522 -0.0025 
v -0.0627472 -0.000557942 -0.0025 
v -0.0627627 -0.000593725 -0.0025 
v -0.062181 -5.6441e-05 -0.0025 
v -0.0622563 -8.71645e-05 -0.0025 
v -0.0619496 -5.01655e-06 -0.0025 
v -0.0619541 -5.68811e-06 -0.0025 
v -0.0025 -0.00100329 -0.0639051 
v -0.0025 -0.00100019 -0.063865 
v 0.0025 -0.00100019 -0.063865 
v 0.0025 -0.00101228 -0.0639585 
v -0.0025 -0.00101228 -0.0639585 
v -0.0025 -0.00100693 -0.0639341 
v -0.0025 -0.00100398 -0.0639141 
v 0.0025 -0.00100329 -0.0639051 
v 0.0025 -0.00100398 -0.0639141 
v 0.0025 -0.00100693 -0.0639341 
v 0.0025 -0.00101743 -0.063982 
v 0.0025 -0.00102672 -0.0640107 
v -0.0025 -0.00102672 -0.0640107 
v -0.0025 -0.00101743 -0.063982 
v 0.0025 -0.00103267 -0.064029 
v -0.0025 -0.00103267 -0.064029 
v 0.0025 -0.0010467 -0.064061 
v -0.0025 -0.0010467 -0.064061 
v -0.0025 -0.00106216 -0.0640927 
v -0.0025 -0.00105279 -0.0640749 
v 0.0025 -0.00105279 -0.0640749 
v 0.0025 -0.00106216 -0.0640927 
v 0.0025 -0.00107206 -0.0641088 
v -0.0025 -0.00107206 -0.0641088 
v -0.0025 -0.00110244 -0.0641535 
v -0.0025 -0.00108792 -0.0641345 
v 0.0025 -0.00108792 -0.0641345 
v -0.0025 -0.00113745 -0.0641948 
v -0.0025 -0.00111781 -0.0641737 
v 0.0025 -0.00111781 -0.0641737 
v 0.0025 -0.00110244 -0.0641535 
v 0.0025 -0.00116671 -0.0642241 
v 0.0025 -0.0011766 -0.0642321 
v -0.0025 -0.0011766 -0.0642321 
v -0.0025 -0.00115196 -0.0642103 
v 0.0025 -0.00113745 -0.0641948 
v 0.0025 -0.00115196 -0.0642103 
v -0.0025 -0.00116671 -0.0642241 
v 0.0025 -0.0012048 -0.0642549 
v -0.0025 -0.0012048 -0.0642549 
v 0.0025 -0.00121972 -0.0642648 
v -0.0025 -0.00121972 -0.0642648 
v -0.0025 -0.00126608 -0.0642926 
v -0.0025 -0.00124596 -0.0642821 
v 0.0025 -0.00124596 -0.0642821 
v -0.0025 -0.00131503 -0.0643157 
v -0.0025 -0.0013088 -0.0643134 
v 0.0025 -0.0013088 -0.0643134 
v -0.0025 -0.00129027 -0.0643053 
v 0.0025 -0.00126608 -0.0642926 
v 0.0025 -0.00129027 -0.0643053 
v -0.0025 -0.00136634 -0.0643328 
v -0.0025 -0.00135493 -0.0643299 
v 0.0025 -0.00135493 -0.0643299 
v 0.0025 -0.00131503 -0.0643157 
v 0.0025 -0.00140272 -0.0643419 
v 0.0025 -0.00141919 -0.0643443 
v -0.0025 -0.00141919 -0.0643443 
v -0.0025 -0.00140272 -0.0643419 
v 0.0025 -0.00136634 -0.0643328 
v 0.0025 -0.0014522 -0.0643492 
v -0.0025 -0.0014522 -0.0643492 
v -0.0025 -0.00147293 -0.0643507 
v -0.0025 -0.00147246 -0.0643507 
v 0.0025 -0.00147246 -0.0643507 
v 0.0025 -0.00147293 -0.0643507 
v -0.0025 -0.00152145 -0.064351 
v 0.0025 -0.00152145 -0.064351 
v 0.0025 -0.00152705 -0.0643505 
v -0.0025 -0.00152705 -0.0643505 
v -0.0025 -0.00158081 -0.0643445 
v -0.0025 -0.00157048 -0.0643465 
v 0.0025 -0.00157048 -0.0643465 
v -0.0025 -0.00161958 -0.0643369 
v 0.0025 -0.00158081 -0.0643445 
v 0.0025 -0.00161958 -0.0643369 
v 0.0025 -0.00163374 -0.0643331 
v -0.0025 -0.00163374 -0.0643331 
v 0.0025 -0.00163928 -0.0643317 
v 0.0025 -0.00168506 -0.0643159 
v -0.0025 -0.00168506 -0.0643159 
v -0.0025 -0.00163928 -0.0643317 
v 0.0025 -0.00173038 -0.0642952 
v 0.0025 -0.0017341 -0.064293 
v -0.0025 -0.0017341 -0.064293 
v 0.0025 -0.0016856 -0.0643157 
v -0.0025 -0.00173038 -0.0642952 
v -0.0025 -0.0016856 -0.0643157 
v 0.0025 -0.00177357 -0.0642699 
v -0.0025 -0.00177357 -0.0642699 
v 0.0025 -0.00178054 -0.0642652 
v -0.0025 -0.00178054 -0.0642652 
v -0.0025 -0.00179042 -0.0642584 
v 0.0025 -0.00179042 -0.0642584 
v 0.0025 -0.00182351 -0.0642322 
v 0.0025 -0.00182887 -0.064228 
v -0.0025 -0.00182887 -0.064228 
v 0.0025 -0.00186293 -0.0641951 
v -0.0025 -0.00186293 -0.0641951 
v -0.0025 -0.00189675 -0.0641556 
v -0.0025 -0.00186435 -0.0641938 
v 0.0025 -0.00186435 -0.0641938 
v 0.0025 -0.00189675 -0.0641556 
v 0.0025 -0.00189802 -0.0641539 
v -0.0025 -0.00189802 -0.0641539 
v -0.0025 -0.00190882 -0.0641392 
v 0.0025 -0.00190882 -0.0641392 
v 0.0025 -0.00192803 -0.0641088 
v -0.0025 -0.00195348 -0.064061 
v -0.0025 -0.00193505 -0.0640977 
v 0.0025 -0.00193505 -0.0640977 
v -0.0025 -0.00192803 -0.0641088 
v -0.0025 -0.00197365 -0.0640108 
v -0.0025 -0.0019572 -0.0640536 
v 0.0025 -0.0019572 -0.0640536 
v 0.0025 -0.00195348 -0.064061 
v -0.0025 -0.00197819 -0.0639972 
v 0.0025 -0.00197819 -0.0639972 
v 0.0025 -0.00198796 -0.0639586 
v -0.0025 -0.00197515 -0.0640069 
v 0.0025 -0.00197365 -0.0640108 
v 0.0025 -0.00197515 -0.0640069 
v 0.0025 -0.0019902 -0.0639496 
v -0.0025 -0.0019902 -0.0639496 
v 0.0025 -0.00199688 -0.0639051 
v -0.0025 -0.00199688 -0.0639051 
v 0.0025 -0.002 -0.0638511 
v -0.0025 -0.002 -0.0638511 
v -0.0025 -0.00199751 -0.0639009 
v 0.0025 -0.00199751 -0.0639009 
v -0.0025 -0.00198796 -0.0639586 
v -0.0025 -0.00182351 -0.0642322 
v 0.0025 -0.000358183 -0.062617 
v 0.0025 -0.000412825 -0.0626584 
v 0.0025 -0.00014044 -0.0623609 
v 0.0025 -0.000191219 -0.0624376 
v 0.0025 -0.00074163 -0.0628163 
v 0.0025 -0.000781239 -0.0628261 
v 0.0025 -0.000648338 -0.0627864 
v 0.0025 -0.000691347 -0.0628002 
v 0.0025 -0.000470536 -0.0626985 
v 0.0025 -0.000500549 -0.0627152 
v 0.0025 -0.000436337 -0.0626762 
v 0.0025 -0.000219433 -0.0624751 
v 0.0025 -0.00025777 -0.0625184 
v 0.0025 -0.000194626 -0.0624427 
v 0.0025 -0.000792171 -0.0628279 
v 0.0025 -0.00028582 -0.06255 
v 0.0025 -0.000331636 -0.0625924 
v 0.0025 -9.42926e-05 -0.0622737 
v 0.0025 -0.00013446 -0.0623496 
v 0.0025 -4.37894e-05 -0.0621424 
v 0.0025 -4.91341e-05 -0.0621587 
v 0.0025 -1.97123e-05 -0.0620472 
v 0.0025 -2.23004e-05 -0.0620575 
v 0.0025 -0.000976259 -0.06285 
v 0.0025 -0.001 -0.0628503 
v 0.0025 -0.000878483 -0.0628429 
v 0.0025 -0.000895522 -0.0628441 
v 0.0025 -0.000557942 -0.0627472 
v 0.0025 -0.000593725 -0.0627627 
v 0.0025 -5.6441e-05 -0.062181 
v 0.0025 -8.71645e-05 -0.0622563 
v 0.0025 -0.002 -0.0628503 
v 0.0025 -5.01655e-06 -0.0619496 
v 0.0025 -5.68811e-06 -0.0619541 
v -0.0025 -0.000802697 -0.0628306 
v -0.0025 -6.42927e-05 -0.0622026 
v -0.0025 -5.00859e-05 -0.0621584 
v -0.0025 -0.000707713 -0.0628066 
v -0.0025 -0.000691046 -0.0628011 
v -0.0025 -0.000792204 -0.062828 
v -0.0025 -2.45625e-05 -0.06207 
v -0.0025 -2.23899e-05 -0.0620575 
v -0.0025 -3.42282e-05 -0.0621091 
v -0.0025 -0.000233716 -0.0624925 
v -0.0025 -0.000191776 -0.0624372 
v -0.0025 -0.000489439 -0.06271 
v -0.0025 -0.000412357 -0.0626589 
v -0.0025 -0.000669191 -0.062794 
v -0.0025 -0.000593547 -0.0627631 
v -0.0025 -7.58015e-06 -0.0619725 
v -0.0025 -6.21294e-06 -0.0619541 
v -0.0025 -0.000103596 -0.0622931 
v -0.0025 -8.75333e-05 -0.0622561 
v -0.0025 -0.000152428 -0.0623806 
v -0.0025 -0.000134981 -0.0623493 
v -0.0025 -0.00017447 -0.0624143 
v -0.0025 -0.00037568 -0.0626313 
v -0.0025 -0.000331675 -0.0625923 
v -0.0025 -0.000407718 -0.0626559 
v -0.0025 -0.000900101 -0.0628453 
v -0.0025 -0.000895504 -0.0628446 
v -0.0025 -3.11817e-07 -0.0618745 
v -0.0025 -0.000300705 -0.0625649 
v -0.0025 -0.000257675 -0.0625184 
v -0.0025 -0.000576541 -0.0627561 
v -0.0025 -0.000500247 -0.0627158 
v -0.0025 -0.002 -0.0628503 
v -0.0025 -0.001 -0.0628503 
v 0.0639051 -0.00100314 -0.0025 
v 0.0639005 -0.00100244 -0.0025 
v 0.0639005 -0.00100244 0.0025 
v 0.0639586 -0.00101186 -0.0025 
v 0.063949 -0.00100967 -0.0025 
v 0.063949 -0.00100967 0.0025 
v 0.0639051 -0.00100314 0.0025 
v 0.063976 -0.00101582 -0.0025 
v 0.0639586 -0.00101186 0.0025 
v 0.063976 -0.00101582 0.0025 
v 0.0640107 -0.00102665 0.0025 
v 0.0640107 -0.00102665 -0.0025 
v 0.0640238 -0.00103073 -0.0025 
v 0.0640238 -0.00103073 0.0025 
v 0.064061 -0.00104654 0.0025 
v 0.0640692 -0.00105001 0.0025 
v 0.0640692 -0.00105001 -0.0025 
v 0.064109 -0.00107172 0.0025 
v 0.064109 -0.00107172 -0.0025 
v 0.0641535 -0.00110244 -0.0025 
v 0.0641294 -0.0010845 -0.0025 
v 0.0641294 -0.0010845 0.0025 
v 0.0641123 -0.00107352 0.0025 
v 0.0641123 -0.00107352 -0.0025 
v 0.0641696 -0.00111439 -0.0025 
v 0.0641535 -0.00110244 0.0025 
v 0.0641948 -0.00113738 -0.0025 
v 0.0641696 -0.00111439 0.0025 
v 0.0641948 -0.00113738 0.0025 
v 0.064206 -0.00114759 0.0025 
v 0.0642322 -0.00117657 0.0025 
v 0.0642322 -0.00117657 -0.0025 
v 0.064206 -0.00114759 -0.0025 
v 0.0642647 -0.00121976 -0.0025 
v 0.0642514 -0.00120009 -0.0025 
v 0.0642514 -0.00120009 0.0025 
v 0.0642389 -0.00118401 0.0025 
v 0.0642389 -0.00118401 -0.0025 
v 0.0642794 -0.00124157 -0.0025 
v 0.0642647 -0.00121976 0.0025 
v 0.0642926 -0.00126608 0.0025 
v 0.0642926 -0.00126608 -0.0025 
v 0.0642794 -0.00124157 0.0025 
v 0.0643154 -0.00131514 -0.0025 
v 0.0643028 -0.00128494 -0.0025 
v 0.0643028 -0.00128494 0.0025 
v 0.0643282 -0.00134947 -0.0025 
v 0.0643217 -0.00133015 -0.0025 
v 0.0643217 -0.00133015 0.0025 
v 0.0643154 -0.00131514 0.0025 
v 0.0643282 -0.00134947 0.0025 
v 0.0643327 -0.00136638 0.0025 
v 0.0643327 -0.00136638 -0.0025 
v 0.0643443 -0.0014192 -0.0025 
v 0.0643409 -0.00139785 -0.0025 
v 0.0643409 -0.00139785 0.0025 
v 0.0643486 -0.0014465 0.0025 
v 0.0643486 -0.0014465 -0.0025 
v 0.0643501 -0.00147297 -0.0025 
v 0.0643501 -0.00147297 0.0025 
v 0.0643514 -0.0014954 0.0025 
v 0.0643514 -0.0014954 -0.0025 
v 0.0643512 -0.00151573 0.0025 
v 0.0643503 -0.00152703 0.0025 
v 0.0643503 -0.00152703 -0.0025 
v 0.0643512 -0.00151573 -0.0025 
v 0.0643471 -0.00156558 0.0025 
v 0.0643471 -0.00156558 -0.0025 
v 0.0643444 -0.0015808 -0.0025 
v 0.0643444 -0.0015808 0.0025 
v 0.0643383 -0.00161403 -0.0025 
v 0.0643327 -0.0016336 0.0025 
v 0.0643327 -0.0016336 -0.0025 
v 0.0643383 -0.00161403 0.0025 
v 0.0643248 -0.00166113 0.0025 
v 0.0643178 -0.00168015 0.0025 
v 0.0643178 -0.00168015 -0.0025 
v 0.0643248 -0.00166113 -0.0025 
v 0.0643157 -0.00168497 0.0025 
v 0.0643157 -0.00168497 -0.0025 
v 0.0642928 -0.00173402 -0.0025 
v 0.0642975 -0.00172586 -0.0025 
v 0.0642975 -0.00172586 0.0025 
v 0.0642928 -0.00173402 0.0025 
v 0.0642731 -0.00176867 0.0025 
v 0.0642731 -0.00176867 -0.0025 
v 0.0642648 -0.00178031 0.0025 
v 0.0642648 -0.00178031 -0.0025 
v 0.0642447 -0.00180866 0.0025 
v 0.0642324 -0.00182368 0.0025 
v 0.0642324 -0.00182368 -0.0025 
v 0.0642447 -0.00180866 -0.0025 
v 0.064232 -0.00182427 0.0025 
v 0.064232 -0.00182427 -0.0025 
v 0.0641951 -0.00186288 -0.0025 
v 0.0641976 -0.0018607 -0.0025 
v 0.0641976 -0.0018607 0.0025 
v 0.0641951 -0.00186288 0.0025 
v 0.0641604 -0.00189305 0.0025 
v 0.0641604 -0.00189305 -0.0025 
v 0.0641537 -0.00189777 0.0025 
v 0.0641537 -0.00189777 -0.0025 
v 0.064109 -0.00192835 -0.0025 
v 0.0641204 -0.00192143 -0.0025 
v 0.0641204 -0.00192143 0.0025 
v 0.0641032 -0.00193192 -0.0025 
v 0.064109 -0.00192835 0.0025 
v 0.0641032 -0.00193192 0.0025 
v 0.0640611 -0.00195367 0.0025 
v 0.0640611 -0.00195367 -0.0025 
v 0.0640128 -0.00197317 -0.0025 
v 0.0640587 -0.00195495 -0.0025 
v 0.0640587 -0.00195495 0.0025 
v 0.0640108 -0.00197373 -0.0025 
v 0.0640128 -0.00197317 0.0025 
v 0.0640108 -0.00197373 0.0025 
v 0.0639656 -0.00198672 0.0025 
v 0.0639586 -0.00198822 0.0025 
v 0.0639586 -0.00198822 -0.0025 
v 0.0639656 -0.00198672 -0.0025 
v 0.0639459 -0.00199094 0.0025 
v 0.0639459 -0.00199094 -0.0025 
v 0.0639051 -0.00199673 0.0025 
v 0.0639051 -0.00199673 -0.0025 
v 0.0638969 -0.0019979 -0.0025 
v 0.0638969 -0.0019979 0.0025 
v 0.0638511 -0.002 0.0025 
v 0.0638511 -0.002 -0.0025 
v 0.0643443 -0.0014192 0.0025 
v 0.064061 -0.00104654 -0.0025 
v 0.062617 -0.000358183 0.0025 
v 0.0626584 -0.000412825 0.0025 
v 0.0623609 -0.00014044 0.0025 
v 0.0624376 -0.000191219 0.0025 
v 0.0628163 -0.00074163 0.0025 
v 0.0628261 -0.000781239 0.0025 
v 0.0627864 -0.000648338 0.0025 
v 0.0628002 -0.000691347 0.0025 
v 0.0626985 -0.000470536 0.0025 
v 0.0627152 -0.000500549 0.0025 
v 0.0626762 -0.000436337 0.0025 
v 0.0624751 -0.000219433 0.0025 
v 0.0625184 -0.00025777 0.0025 
v 0.0624427 -0.000194626 0.0025 
v 0.0628279 -0.000792171 0.0025 
v 0.06255 -0.00028582 0.0025 
v 0.0625924 -0.000331636 0.0025 
v 0.0622737 -9.42926e-05 0.0025 
v 0.0623496 -0.00013446 0.0025 
v 0.0621424 -4.37894e-05 0.0025 
v 0.0621587 -4.91341e-05 0.0025 
v 0.0620472 -1.97123e-05 0.0025 
v 0.0620575 -2.23004e-05 0.0025 
v 0.0628503 -0.002 0.0025 
v 0.06285 -0.000976259 0.0025 
v 0.0628503 -0.001 0.0025 
v 0.0628429 -0.000878483 0.0025 
v 0.0628441 -0.000895522 0.0025 
v 0.0627472 -0.000557942 0.0025 
v 0.0627627 -0.000593725 0.0025 
v 0.062181 -5.6441e-05 0.0025 
v 0.0622563 -8.71645e-05 0.0025 
v 0.0619496 -5.01655e-06 0.0025 
v 0.0619541 -5.68811e-06 0.0025 
v 0.0628306 -0.000802697 -0.0025 
v 0.0622026 -6.42927e-05 -0.0025 
v 0.0621584 -5.00859e-05 -0.0025 
v 0.0628066 -0.000707713 -0.0025 
v 0.0628011 -0.000691046 -0.0025 
v 0.062828 -0.000792204 -0.0025 
v 0.06207 -2.45625e-05 -0.0025 
v 0.0620575 -2.23899e-05 -0.0025 
v 0.0621091 -3.42282e-05 -0.0025 
v 0.0624925 -0.000233716 -0.0025 
v 0.0624372 -0.000191776 -0.0025 
v 0.06271 -0.000489439 -0.0025 
v 0.0626589 -0.000412357 -0.0025 
v 0.062794 -0.000669191 -0.0025 
v 0.0627631 -0.000593547 -0.0025 
v 0.0619725 -7.58015e-06 -0.0025 
v 0.0619541 -6.21294e-06 -0.0025 
v 0.0622931 -0.000103596 -0.0025 
v 0.0622561 -8.75333e-05 -0.0025 
v 0.0623806 -0.000152428 -0.0025 
v 0.0623493 -0.000134981 -0.0025 
v 0.0624143 -0.00017447 -0.0025 
v 0.0626313 -0.00037568 -0.0025 
v 0.0625923 -0.000331675 -0.0025 
v 0.0626559 -0.000407718 -0.0025 
v 0.0628453 -0.000900101 -0.0025 
v 0.0628446 -0.000895504 -0.0025 
v 0.0618745 -3.11817e-07 -0.0025 
v 0.0625649 -0.000300705 -0.0025 
v 0.0625184 -0.000257675 -0.0025 
v 0.0627561 -0.000576541 -0.0025 
v 0.0627158 -0.000500247 -0.0025 
v 0.0628503 -0.002 -0.0025 
v 0.0628503 -0.001 -0.0025 
v 0.0025 -0.00100246 0.0639007 
v 0.0025 -0.00100313 0.0639051 
v -0.0025 -0.00100246 0.0639007 
v -0.0025 -0.00100313 0.0639051 
v 0.0025 -0.00101202 0.0639586 
v 0.0025 -0.00100973 0.0639493 
v -0.0025 -0.00100973 0.0639493 
v 0.0025 -0.00102051 0.0639929 
v -0.0025 -0.00101202 0.0639586 
v -0.0025 -0.00102051 0.0639929 
v -0.0025 -0.00102673 0.0640107 
v 0.0025 -0.00102673 0.0640107 
v -0.0025 -0.00103709 0.0640402 
v -0.0025 -0.00104676 0.0640609 
v 0.0025 -0.00104676 0.0640609 
v 0.0025 -0.00103709 0.0640402 
v -0.0025 -0.00105796 0.0640849 
v 0.0025 -0.00105796 0.0640849 
v -0.0025 -0.00107208 0.0641087 
v 0.0025 -0.00107208 0.0641087 
v -0.0025 -0.00108297 0.0641271 
v -0.0025 -0.00109455 0.0641439 
v 0.0025 -0.00109455 0.0641439 
v 0.0025 -0.00108297 0.0641271 
v 0.0025 -0.00110232 0.0641536 
v -0.0025 -0.00110232 0.0641536 
v 0.0025 -0.00112583 0.064183 
v -0.0025 -0.00112583 0.064183 
v -0.0025 -0.00113739 0.0641948 
v -0.0025 -0.00116029 0.0642182 
v 0.0025 -0.00116029 0.0642182 
v 0.0025 -0.00117669 0.064232 
v -0.0025 -0.00117669 0.064232 
v 0.0025 -0.00121436 0.0642618 
v 0.0025 -0.00119785 0.0642498 
v -0.0025 -0.00119785 0.0642498 
v -0.0025 -0.00121436 0.0642618 
v -0.0025 -0.00121955 0.064265 
v 0.0025 -0.00121955 0.064265 
v 0.0025 -0.00125679 0.0642883 
v -0.0025 -0.00125679 0.0642883 
v -0.0025 -0.00126597 0.0642928 
v 0.0025 -0.00126597 0.0642928 
v -0.0025 -0.00130095 0.0643101 
v -0.0025 -0.00131511 0.0643154 
v 0.0025 -0.00131511 0.0643154 
v 0.0025 -0.00130095 0.0643101 
v 0.0025 -0.00136624 0.0643332 
v 0.0025 -0.0013468 0.0643274 
v -0.0025 -0.0013468 0.0643274 
v 0.0025 -0.00141513 0.0643442 
v -0.0025 -0.00141513 0.0643442 
v -0.0025 -0.00141913 0.0643447 
v 0.0025 -0.00136633 0.0643332 
v -0.0025 -0.00136624 0.0643332 
v -0.0025 -0.00136633 0.0643332 
v -0.0025 -0.00146402 0.0643502 
v 0.0025 -0.00146402 0.0643502 
v 0.0025 -0.00147294 0.0643504 
v -0.0025 -0.00147294 0.0643504 
v 0.0025 -0.00152707 0.0643506 
v 0.0025 -0.00151299 0.0643513 
v -0.0025 -0.00151299 0.0643513 
v 0.0025 -0.00153329 0.0643503 
v -0.0025 -0.00152707 0.0643506 
v -0.0025 -0.00153329 0.0643503 
v -0.0025 -0.00158088 0.0643448 
v 0.0025 -0.00158088 0.0643448 
v 0.0025 -0.00163108 0.064334 
v 0.0025 -0.00158297 0.0643445 
v -0.0025 -0.00158297 0.0643445 
v 0.0025 -0.00163372 0.0643331 
v -0.0025 -0.00163108 0.064334 
v -0.0025 -0.00163372 0.0643331 
v -0.0025 -0.00167767 0.0643188 
v -0.0025 -0.00168503 0.0643158 
v 0.0025 -0.00168503 0.0643158 
v 0.0025 -0.00167767 0.0643188 
v -0.0025 -0.00169643 0.0643112 
v 0.0025 -0.00169643 0.0643112 
v -0.0025 -0.00173407 0.0642929 
v 0.0025 -0.00173407 0.0642929 
v 0.0025 -0.00178054 0.0642651 
v 0.0025 -0.00174078 0.0642896 
v -0.0025 -0.00174078 0.0642896 
v -0.0025 -0.00178254 0.0642639 
v -0.0025 -0.00178796 0.0642601 
v 0.0025 -0.00178796 0.0642601 
v 0.0025 -0.00178254 0.0642639 
v -0.0025 -0.00178054 0.0642651 
v -0.0025 -0.00182356 0.0642323 
v 0.0025 -0.00182356 0.0642323 
v 0.0025 -0.001863 0.0641952 
v 0.0025 -0.00182738 0.0642293 
v -0.0025 -0.00182738 0.0642293 
v 0.0025 -0.00189798 0.0641538 
v 0.0025 -0.00189493 0.064158 
v -0.0025 -0.00189493 0.064158 
v -0.0025 -0.001863 0.0641952 
v 0.0025 -0.00190705 0.0641417 
v -0.0025 -0.00189798 0.0641538 
v -0.0025 -0.00190705 0.0641417 
v -0.0025 -0.00192806 0.0641088 
v 0.0025 -0.00192806 0.0641088 
v -0.0025 -0.00193405 0.0640995 
v -0.0025 -0.00195355 0.0640611 
v 0.0025 -0.00195355 0.0640611 
v 0.0025 -0.00193405 0.0640995 
v -0.0025 -0.00195638 0.0640555 
v 0.0025 -0.00195638 0.0640555 
v 0.0025 -0.00197377 0.0640108 
v -0.0025 -0.00197377 0.0640108 
v 0.0025 -0.00198021 0.0639905 
v 0.0025 -0.0019742 0.0640097 
v -0.0025 -0.0019742 0.0640097 
v -0.0025 -0.00198021 0.0639905 
v -0.0025 -0.00198777 0.0639585 
v 0.0025 -0.00198777 0.0639585 
v -0.0025 -0.00199662 0.0639051 
v 0.0025 -0.00199662 0.0639051 
v 0.0025 -0.00199169 0.0639419 
v -0.0025 -0.00199169 0.0639419 
v -0.0025 -0.00199823 0.0638931 
v 0.0025 -0.00199823 0.0638931 
v -0.0025 -0.002 0.0638511 
v 0.0025 -0.002 0.0638511 
v 0.0025 -0.00141913 0.0643447 
v 0.0025 -0.00113739 0.0641948 
v -0.0025 -0.002 0.0628503 
v -0.0025 -0.000358183 0.062617 
v -0.0025 -0.000412825 0.0626584 
v -0.0025 -0.00014044 0.0623609 
v -0.0025 -0.000191219 0.0624376 
v -0.0025 -0.00074163 0.0628163 
v -0.0025 -0.000781239 0.0628261 
v -0.0025 -0.000648338 0.0627864 
v -0.0025 -0.000691347 0.0628002 
v -0.0025 -0.000470536 0.0626985 
v -0.0025 -0.000500549 0.0627152 
v -0.0025 -0.000436337 0.0626762 
v -0.0025 -0.000219433 0.0624751 
v -0.0025 -0.00025777 0.0625184 
v -0.0025 -0.000194626 0.0624427 
v -0.0025 -0.000792171 0.0628279 
v -0.0025 -0.00028582 0.06255 
v -0.0025 -0.000331636 0.0625924 
v -0.0025 -9.42926e-05 0.0622737 
v -0.0025 -0.00013446 0.0623496 
v -0.0025 -4.37894e-05 0.0621424 
v -0.0025 -4.91341e-05 0.0621587 
v -0.0025 -1.97123e-05 0.0620472 
v -0.0025 -2.23004e-05 0.0620575 
v -0.0025 -0.000976259 0.06285 
v -0.0025 -0.001 0.0628503 
v -0.0025 -0.000878483 0.0628429 
v -0.0025 -0.000895522 0.0628441 
v -0.0025 -0.000557942 0.0627472 
v -0.0025 -0.000593725 0.0627627 
v -0.0025 -5.6441e-05 0.062181 
v -0.0025 -8.71645e-05 0.0622563 
v -0.0025 -5.01655e-06 0.0619496 
v -0.0025 -5.68811e-06 0.0619541 
v 0.0025 -0.002 0.0628503 
v 0.0025 -0.000802697 0.0628306 
v 0.0025 -6.42927e-05 0.0622026 
v 0.0025 -5.00859e-05 0.0621584 
v 0.0025 -0.000707713 0.0628066 
v 0.0025 -0.000691046 0.0628011 
v 0.0025 -0.000792204 0.062828 
v 0.0025 -2.45625e-05 0.06207 
v 0.0025 -2.23899e-05 0.0620575 
v 0.0025 -3.42282e-05 0.0621091 
v 0.0025 -0.000233716 0.0624925 
v 0.0025 -0.000191776 0.0624372 
v 0.0025 -0.000489439 0.06271 
v 0.0025 -0.000412357 0.0626589 
v 0.0025 -0.000669191 0.062794 
v 0.0025 -0.000593547 0.0627631 
v 0.0025 -7.58015e-06 0.0619725 
v 0.0025 -6.21294e-06 0.0619541 
v 0.0025 -0.000103596 0.0622931 
v 0.0025 -8.75333e-05 0.0622561 
v 0.0025 -0.000152428 0.0623806 
v 0.0025 -0.000134981 0.0623493 
v 0.0025 -0.00017447 0.0624143 
v 0.0025 -0.00037568 0.0626313 
v 0.0025 -0.000331675 0.0625923 
v 0.0025 -0.000407718 0.0626559 
v 0.0025 -0.000900101 0.0628453 
v 0.0025 -0.000895504 0.0628446 
v 0.0025 -3.11817e-07 0.0618745 
v 0.0025 -0.000300705 0.0625649 
v 0.0025 -0.000257675 0.0625184 
v 0.0025 -0.000576541 0.0627561 
v 0.0025 -0.000500247 0.0627158 
v 0.0025 -0.001 0.0628503 
vn -1 0 0 
vn -0.994138 0 -0.108119 
vn -0.976621 0 -0.21497 
vn -0.985761 0 -0.168154 
vn -0.947653 0 -0.319302 
vn -0.907575 0 -0.419889 
vn -0.946329 0 -0.323204 
vn -0.856857 0 -0.515554 
vn -0.796093 0 -0.605174 
vn -0.725995 0 -0.687699 
vn -0.771433 0 -0.636311 
vn -0.647386 0 -0.762162 
vn -0.561187 0 -0.827689 
vn -0.611694 0 -0.791095 
vn -0.468408 0 -0.883512 
vn -0.370138 0 -0.928977 
vn -0.267528 0 -0.96355 
vn -0.161782 0 -0.986827 
vn -0.167964 0 -0.985793 
vn -0.0541389 0 -0.998533 
vn 0.0541389 0 -0.998533 
vn 0.161782 0 -0.986827 
vn 0.267528 0 -0.96355 
vn 0.167964 0 -0.985793 
vn 0.370138 0 -0.928977 
vn 0.468408 0 -0.883512 
vn 0.459189 0 -0.888338 
vn 0.561187 0 -0.827689 
vn 0.647386 0 -0.762162 
vn 0.725995 0 -0.687699 
vn 0.796093 0 -0.605174 
vn 0.771433 0 -0.636311 
vn 0.856857 0 -0.515554 
vn 0.907575 0 -0.419889 
vn 0.898929 0 -0.438093 
vn 0.947653 0 -0.319302 
vn 0.946329 0 -0.323204 
vn 0.976621 0 -0.21497 
vn 0.994138 0 -0.108119 
vn 0.985761 0 -0.168154 
vn 1 0 -1.22465e-16 
vn 0.994138 0 0.108119 
vn 0.976621 0 0.21497 
vn 0.985761 0 0.168154 
vn 0.947653 0 0.319302 
vn 0.907575 0 0.419889 
vn 0.856857 0 0.515554 
vn 0.898929 0 0.438093 
vn 0.796093 0 0.605174 
vn 0.725995 0 0.687699 
vn 0.771433 0 0.636311 
vn 0.647386 0 0.762162 
vn 0.561187 0 0.827689 
vn 0.468408 0 0.883512 
vn 0.370138 0 0.928977 
vn 0.459189 0 0.888338 
vn 0.267528 0 0.96355 
vn 0.161782 0 0.986827 
vn 0.207332 0 0.978271 
vn 0.167964 0 0.985793 
vn 0.161782 0 0.986827 
vn 0.0541389 0 0.998533 
vn -0.0541389 0 0.998533 
vn -0.161782 0 0.986827 
vn -0.207332 0 0.978271 
vn -0.167964 0 0.985793 
vn -0.267528 0 0.96355 
vn -0.370138 0 0.928977 
vn -0.468408 0 0.883512 
vn -0.561187 0 0.827689 
vn -0.647386 0 0.762162 
vn -0.611694 0 0.791095 
vn -0.725995 0 0.687699 
vn -0.796093 0 0.605174 
vn -0.771433 0 0.636311 
vn -0.856857 0 0.515554 
vn -0.907575 0 0.419889 
vn -0.947653 0 0.319302 
vn -0.976621 0 0.21497 
vn -0.994138 0 0.108119 
vn -0.985761 0 0.168154 
vn -0.976621 0 0.21497 
vn -0.725995 0 0.687699 
vn -0.561187 0 0.827689 
vn -0.161782 0 0.986827 
vn 0.267528 0 0.96355 
vn 0.468408 0 0.883512 
vn 0.796093 0 0.605174 
vn 0.907575 0 0.419889 
vn 0.994138 0 0.108119 
vn 0.976621 0 -0.21497 
vn 0.856857 0 -0.515554 
vn 0.725995 0 -0.687699 
vn 0.370138 0 -0.928977 
vn 0.161782 0 -0.986827 
vn -0.267528 0 -0.96355 
vn -0.647386 0 -0.762162 
vn -0.796093 0 -0.605174 
vn -0.947653 0 -0.319302 
vn -0.994138 0 -0.108119 
vn 0 1 0 
vn -1 0 8.67362e-17 
vn 8.67362e-17 0 1 
vn 1 0 -8.67362e-17 
vn -8.67362e-17 0 -1 
vn -0.104528 0 0.994522 
vn -6.12323e-17 0 1 
vn -0.207912 0 0.978148 
vn -0.104528 0 0.994522 
vn -0.309017 0 0.951057 
vn -0.207912 0 0.978148 
vn -0.406737 0 0.913545 
vn -0.309017 0 0.951057 
vn -0.5 0 0.866025 
vn -0.406737 0 0.913545 
vn -0.587785 0 0.809017 
vn -0.5 0 0.866025 
vn -0.669131 0 0.743145 
vn -0.587785 0 0.809017 
vn -0.743145 0 0.669131 
vn -0.669131 0 0.743145 
vn -0.809017 0 0.587785 
vn -0.743145 0 0.669131 
vn -0.866025 0 0.5 
vn -0.809017 0 0.587785 
vn -0.913545 0 0.406737 
vn -0.866025 0 0.5 
vn -0.951057 0 0.309017 
vn -0.913545 0 0.406737 
vn -0.978148 0 0.207912 
vn -0.951057 0 0.309017 
vn -0.994522 0 0.104528 
vn -0.978148 0 0.207912 
vn -1 0 0 
vn -0.994522 0 0.104528 
vn 0.104528 0 0.994522 
vn 6.12323e-17 0 1 
vn 0.207912 0 0.978148 
vn 0.104528 0 0.994522 
vn 0.309017 0 0.951057 
vn 0.207912 0 0.978148 
vn 0.406737 0 0.913545 
vn 0.309017 0 0.951057 
vn 0.5 0 0.866025 
vn 0.406737 0 0.913545 
vn 0.587785 0 0.809017 
vn 0.5 0 0.866025 
vn 0.669131 0 0.743145 
vn 0.587785 0 0.809017 
vn 0.743145 0 0.669131 
vn 0.669131 0 0.743145 
vn 0.809017 0 0.587785 
vn 0.743145 0 0.669131 
vn 0.866025 0 0.5 
vn 0.809017 0 0.587785 
vn 0.913545 0 0.406737 
vn 0.866025 0 0.5 
vn 0.951057 0 0.309017 
vn 0.913545 0 0.406737 
vn 0.978148 0 0.207912 
vn 0.951057 0 0.309017 
vn 0.994522 0 0.104528 
vn 0.978148 0 0.207912 
vn 1 0 0 
vn 0.994522 0 0.104528 
vn -0.104528 0 -0.994522 
vn -1.83697e-16 0 -1 
vn -0.207912 0 -0.978148 
vn -0.104528 0 -0.994522 
vn -0.309017 0 -0.951057 
vn -0.207912 0 -0.978148 
vn -0.406737 0 -0.913545 
vn -0.309017 0 -0.951057 
vn -0.5 0 -0.866025 
vn -0.406737 0 -0.913545 
vn -0.587785 0 -0.809017 
vn -0.5 0 -0.866025 
vn -0.669131 0 -0.743145 
vn -0.587785 0 -0.809017 
vn -0.743145 0 -0.669131 
vn -0.669131 0 -0.743145 
vn -0.809017 0 -0.587785 
vn -0.743145 0 -0.669131 
vn -0.866025 0 -0.5 
vn -0.809017 0 -0.587785 
vn -0.913545 0 -0.406737 
vn -0.866025 0 -0.5 
vn -0.951057 0 -0.309017 
vn -0.913545 0 -0.406737 
vn -0.978148 0 -0.207912 
vn -0.951057 0 -0.309017 
vn -0.994522 0 -0.104528 
vn -0.978148 0 -0.207912 
vn -1 0 1.22465e-16 
vn -0.994522 0 -0.104528 
vn 0.104528 0 -0.994522 
vn 1.83697e-16 0 -1 
vn 0.207912 0 -0.978148 
vn 0.104528 0 -0.994522 
vn 0.309017 0 -0.951057 
vn 0.207912 0 -0.978148 
vn 0.406737 0 -0.913545 
vn 0.309017 0 -0.951057 
vn 0.5 0 -0.866025 
vn 0.406737 0 -0.913545 
vn 0.587785 0 -0.809017 
vn 0.5 0 -0.866025 
vn 0.669131 0 -0.743145 
vn 0.587785 0 -0.809017 
vn 0.743145 0 -0.669131 
vn 0.669131 0 -0.743145 
vn 0.809017 0 -0.587785 
vn 0.743145 0 -0.669131 
vn 0.866025 0 -0.5 
vn 0.809017 0 -0.587785 
vn 0.913545 0 -0.406737 
vn 0.866025 0 -0.5 
vn 0.951057 0 -0.309017 
vn 0.913545 0 -0.406737 
vn 0.978148 0 -0.207912 
vn 0.951057 0 -0.309017 
vn 0.994522 0 -0.104528 
vn 0.978148 0 -0.207912 
vn 1 0 1.22465e-16 
vn 0.994522 0 -0.104528 
vn 0 0 1 
vn 1 0 0 
vn 0 0 -1 
vn -1 0 0 
vn 0 -1 0 
vn 0 0 -1 
vn 1 0 0 
vn 0 0 1 
vn -1 0 0 
vn 0 -1 0 
vn 1 0 0 
vn 0 0 1 
vn -1 0 0 
vn 0 0 -1 
vn 0.930048 0 0.367439 
vn 0.928861 0 0.370429 
vn 0.928861 0 -0.370429 
vn 0.930048 0 -0.367439 
vn 0 -1 0 
vn 0.0391236 0 -0.999234 
vn -0.0391236 0 -0.999234 
vn -0.999234 0 -0.0391236 
vn -0.999234 0 0.0391236 
vn 0.999234 0 0.0391236 
vn 0.999234 0 -0.0391236 
vn -0.0391236 0 0.999234 
vn 0.0391236 0 0.999234 
vn -0.0706533 -0.997497 -0.0027648 
vn -6.11855e-17 -1 -2.39563e-18 
vn -0.0706533 -0.997497 0.0027648 
vn -0.108022 -0.99414 0.00422586 
vn -0.108022 -0.99414 -0.00422586 
vn -0.214802 -0.976622 -0.00839615 
vn -0.170004 -0.985421 -0.0066474 
vn -0.170004 -0.985421 0.0066474 
vn -0.319065 -0.947651 -0.0124614 
vn -0.266175 -0.963869 -0.0104 
vn -0.266175 -0.963869 0.0104 
vn -0.214802 -0.976622 0.00839615 
vn -0.419548 -0.907585 -0.016373 
vn -0.396838 -0.917758 -0.0154894 
vn -0.396838 -0.917758 0.0154894 
vn -0.359259 -0.933132 -0.0140268 
vn -0.319065 -0.947651 0.0124614 
vn -0.359259 -0.933132 0.0140268 
vn -0.486549 -0.873447 -0.0189777 
vn -0.419548 -0.907585 0.016373 
vn -0.515147 -0.856866 -0.0200888 
vn -0.486549 -0.873447 0.0189777 
vn -0.515147 -0.856866 0.0200888 
vn -0.570126 -0.821257 -0.0222231 
vn -0.570126 -0.821257 0.0222231 
vn -0.604709 -0.796098 0.0235649 
vn -0.604709 -0.796098 -0.0235649 
vn -0.687164 -0.726009 -0.0267608 
vn -0.678236 -0.734369 -0.0264149 
vn -0.678236 -0.734369 0.0264149 
vn -0.647754 -0.761432 0.0252337 
vn -0.647754 -0.761432 -0.0252337 
vn -0.747252 -0.663904 -0.0290872 
vn -0.687164 -0.726009 0.0267608 
vn -0.747252 -0.663904 0.0290872 
vn -0.761571 -0.647404 0.0296414 
vn -0.761571 -0.647404 -0.0296414 
vn -0.82705 -0.561207 -0.0321735 
vn -0.816888 -0.57592 -0.0317805 
vn -0.816888 -0.57592 0.0317805 
vn -0.80865 -0.587448 0.031462 
vn -0.80865 -0.587448 -0.031462 
vn -0.8703 -0.491357 -0.0338444 
vn -0.82705 -0.561207 0.0321735 
vn -0.8703 -0.491357 0.0338444 
vn -0.882835 -0.468428 0.0343287 
vn -0.882835 -0.468428 -0.0343287 
vn -0.92827 -0.370152 -0.0360827 
vn -0.914387 -0.403277 -0.0355466 
vn -0.914387 -0.403277 0.0355466 
vn -0.96282 -0.26754 -0.0374154 
vn -0.961275 -0.273047 -0.0373558 
vn -0.961275 -0.273047 0.0373558 
vn -0.949434 -0.311789 -0.036899 
vn -0.92827 -0.370152 0.0360827 
vn -0.949434 -0.311789 0.036899 
vn -0.983723 -0.175582 -0.0382214 
vn -0.96282 -0.26754 0.0374154 
vn -0.983723 -0.175582 0.0382214 
vn -0.986079 -0.161803 0.0383124 
vn -0.986079 -0.161803 -0.0383124 
vn -0.99778 -0.0541611 -0.0387636 
vn -0.996211 -0.0778827 -0.0387029 
vn -0.996211 -0.0778827 0.0387029 
vn -0.997781 0.0541404 -0.0387634 
vn -0.999046 0.0200406 -0.0388121 
vn -0.999046 0.0200406 0.0388121 
vn -0.99778 -0.0541611 0.0387636 
vn -0.986366 0.160041 -0.0383233 
vn -0.986366 0.160041 0.0383233 
vn -0.986083 0.161778 0.0383125 
vn -0.997408 0.0606223 -0.038749 
vn -0.997781 0.0541404 0.0387634 
vn -0.997408 0.0606223 0.038749 
vn -0.962828 0.26751 -0.0374158 
vn -0.965846 0.256385 -0.0375321 
vn -0.965846 0.256385 0.0375321 
vn -0.986083 0.161778 -0.0383125 
vn -0.936138 0.349746 -0.036386 
vn -0.962828 0.26751 0.0374158 
vn -0.936138 0.349746 0.036386 
vn -0.928276 0.370138 0.0360827 
vn -0.928276 0.370138 -0.0360827 
vn -0.882836 0.468425 -0.0343287 
vn -0.92123 0.387367 -0.0358107 
vn -0.92123 0.387367 0.0358107 
vn -0.877932 0.477568 -0.0341391 
vn -0.882836 0.468425 0.0343287 
vn -0.877932 0.477568 0.0341391 
vn -0.827063 0.561188 0.0321738 
vn -0.827063 0.561188 -0.0321738 
vn -0.767772 0.640026 -0.0298811 
vn -0.826698 0.561726 -0.0321597 
vn -0.826698 0.561726 0.0321597 
vn -0.767772 0.640026 0.0298811 
vn -0.761586 0.647385 0.0296418 
vn -0.761586 0.647385 -0.0296418 
vn -0.687161 0.726012 -0.0267607 
vn -0.741367 0.670479 -0.0288594 
vn -0.741367 0.670479 0.0288594 
vn -0.604699 0.796105 -0.0235645 
vn -0.67066 0.741305 -0.0261214 
vn -0.67066 0.741305 0.0261214 
vn -0.687161 0.726012 0.0267607 
vn -0.594455 0.803795 -0.0231671 
vn -0.604699 0.796105 0.0235645 
vn -0.594455 0.803795 0.0231671 
vn -0.515157 0.85686 0.0200891 
vn -0.515157 0.85686 -0.0200891 
vn -0.419554 0.907583 -0.0163732 
vn -0.477985 0.87817 -0.0186449 
vn -0.477985 0.87817 0.0186449 
vn -0.512922 0.858202 0.0200023 
vn -0.512922 0.858202 -0.0200023 
vn -0.38781 0.921615 -0.0151381 
vn -0.419554 0.907583 0.0163732 
vn -0.38781 0.921615 0.0151381 
vn -0.319037 0.94766 0.0124603 
vn -0.319037 0.94766 -0.0124603 
vn -0.214786 0.976625 -0.0083955 
vn -0.295203 0.955365 -0.0115315 
vn -0.295203 0.955365 0.0115315 
vn -0.108032 0.994138 -0.00422626 
vn -0.160603 0.986999 -0.00628029 
vn -0.160603 0.986999 0.00628029 
vn -0.20024 0.979716 -0.00782781 
vn -0.214786 0.976625 0.0083955 
vn -0.20024 0.979716 0.00782781 
vn -0.0626023 0.998036 -0.0024499 
vn -0.108032 0.994138 0.00422626 
vn -0.0626023 0.998036 0.0024499 
vn -6.11855e-17 1 2.39563e-18 
vn 0 0 1 
vn 0 0 -1 
vn 0 -1 0 
vn 0.99921 0 0.0397456 
vn 0.99921 0 -0.0397456 
vn 0.998928 -0.0237413 0.0397346 
vn 0.993737 -0.104519 -0.0395315 
vn 0.994211 -0.099899 -0.0395499 
vn 0.99921 -3.46945e-15 0.0397456 
vn 0.99921 0 -0.0397456 
vn 0.991805 -0.121517 0.0394557 
vn 0.977378 -0.207894 -0.038891 
vn 0.979567 -0.197303 -0.0389765 
vn 0.993734 -0.10455 0.0395317 
vn 0.950304 -0.309016 -0.0378299 
vn 0.975007 -0.218761 0.0387979 
vn 0.965282 -0.25837 0.0384168 
vn 0.955574 -0.292287 -0.0380364 
vn 0.97737 -0.20793 0.0388907 
vn 0.950302 -0.309021 0.0378304 
vn 0.935386 -0.351662 0.0372448 
vn 0.942951 -0.330809 -0.0375415 
vn 0.912812 -0.406758 -0.0363594 
vn 0.912817 -0.406748 0.0363598 
vn 0.865328 -0.500017 -0.0344941 
vn 0.905197 -0.423459 -0.0360601 
vn 0.896275 -0.442058 0.0357098 
vn 0.865329 -0.500015 0.0344944 
vn 0.859159 -0.510561 -0.0342513 
vn 0.847659 -0.529464 0.033799 
vn 0.825348 -0.563663 0.0329211 
vn 0.808367 -0.587794 -0.0322527 
vn 0.808385 -0.587769 0.0322537 
vn 0.766248 -0.641817 0.0305926 
vn 0.780547 -0.62432 -0.0311564 
vn 0.80509 -0.592282 -0.0321235 
vn 0.742546 -0.669138 -0.029658 
vn 0.742563 -0.66912 0.0296587 
vn 0.699403 -0.71418 0.0279538 
vn 0.714263 -0.699295 -0.0285409 
vn 0.668585 -0.743155 -0.0267355 
vn 0.668603 -0.743138 0.0267363 
vn 0.587298 -0.809029 -0.0235156 
vn 0.641988 -0.766284 -0.0256826 
vn 0.624572 -0.780567 0.0249928 
vn 0.592293 -0.805374 0.0237134 
vn 0.510625 -0.85956 0.0204705 
vn 0.530255 -0.847572 -0.0212508 
vn 0.563907 -0.82553 -0.0225872 
vn 0.587324 -0.80901 0.0235165 
vn 0.499613 -0.866017 -0.0200328 
vn 0.499616 -0.866015 0.0200328 
vn 0.423562 -0.905707 0.017004 
vn 0.442882 -0.896404 -0.0177741 
vn 0.406419 -0.913541 -0.0163204 
vn 0.406431 -0.913536 0.0163209 
vn 0.330937 -0.943559 0.0133054 
vn 0.352493 -0.935707 -0.0141671 
vn 0.30877 -0.951056 -0.0124187 
vn 0.308767 -0.951057 0.0124185 
vn 0.220098 -0.975438 -0.00886491 
vn 0.259183 -0.965772 -0.0104326 
vn 0.292443 -0.956211 0.011765 
vn 0.207763 -0.978143 -0.00836977 
vn 0.207726 -0.978151 0.00836828 
vn 0.122794 -0.99242 -0.00495356 
vn 0.197415 -0.980288 0.00795423 
vn 0.104466 -0.99452 -0.00421546 
vn 0.104434 -0.994523 0.00421417 
vn 0.0999583 -0.994983 0.00403385 
vn 6.11824e-17 -1 -2.47303e-18 
vn 0.0249503 -0.999688 -0.0010081 
vn -0.00422731 0.994136 -0.108059 
vn -0.0010901 0.999612 -0.0278477 
vn 0.0010901 0.999612 -0.0278477 
vn -1.08829e-15 1 -2.77955e-14 
vn 0.00839636 0.97662 -0.214807 
vn -0.00839636 0.97662 -0.214807 
vn -0.00648188 0.986144 -0.165765 
vn -0.004924 0.992033 -0.125885 
vn 0.00422731 0.994136 -0.108059 
vn 0.004924 0.992033 -0.125885 
vn 0.00648188 0.986144 -0.165765 
vn 0.0102187 0.965142 -0.261526 
vn 0.0124616 0.947649 -0.31907 
vn -0.0124616 0.947649 -0.31907 
vn -0.0102187 0.965142 -0.261526 
vn 0.0138711 0.934664 -0.355262 
vn -0.0138711 0.934664 -0.355262 
vn 0.0163746 0.907567 -0.419589 
vn -0.0163746 0.907567 -0.419589 
vn -0.0188213 0.875681 -0.482523 
vn -0.0174369 0.894411 -0.446907 
vn 0.0174369 0.894411 -0.446907 
vn 0.0188213 0.875681 -0.482523 
vn 0.020089 0.856864 -0.515151 
vn -0.020089 0.856864 -0.515151 
vn -0.0235651 0.796094 -0.604714 
vn -0.0220598 0.824167 -0.565917 
vn 0.0220598 0.824167 -0.565917 
vn -0.0267617 0.725989 -0.687185 
vn -0.0250986 0.764387 -0.644269 
vn 0.0250986 0.764387 -0.644269 
vn 0.0235651 0.796094 -0.604714 
vn 0.0289948 0.666584 -0.744866 
vn 0.0296414 0.647403 -0.761571 
vn -0.0296414 0.647403 -0.761571 
vn -0.0279323 0.696083 -0.717418 
vn 0.0267617 0.725989 -0.687185 
vn 0.0279323 0.696083 -0.717418 
vn -0.0289948 0.666584 -0.744866 
vn 0.031379 0.590396 -0.806503 
vn -0.031379 0.590396 -0.806503 
vn 0.0321737 0.5612 -0.827055 
vn -0.0321737 0.5612 -0.827055 
vn -0.0343291 0.468413 -0.882842 
vn -0.0334719 0.508084 -0.860657 
vn 0.0334719 0.508084 -0.860657 
vn -0.0360825 0.370157 -0.928268 
vn -0.0358907 0.382396 -0.923301 
vn 0.0358907 0.382396 -0.923301 
vn -0.035265 0.419454 -0.907091 
vn 0.0343291 0.468413 -0.882842 
vn 0.035265 0.419454 -0.907091 
vn -0.0374155 0.26755 -0.962817 
vn -0.0371625 0.290132 -0.956265 
vn 0.0371625 0.290132 -0.956265 
vn 0.0360825 0.370157 -0.928268 
vn 0.0380837 0.194565 -0.98015 
vn 0.0383126 0.1618 -0.98608 
vn -0.0383126 0.1618 -0.98608 
vn -0.0380837 0.194565 -0.98015 
vn 0.0374155 0.26755 -0.962817 
vn 0.0386435 0.0955923 -0.99467 
vn -0.0386435 0.0955923 -0.99467 
vn -0.0387634 0.0541411 -0.997781 
vn -0.0387614 0.0550703 -0.99773 
vn 0.0387614 0.0550703 -0.99773 
vn 0.0387634 0.0541411 -0.997781 
vn -0.0387844 -0.0428924 -0.998327 
vn 0.0387844 -0.0428924 -0.998327 
vn 0.0387636 -0.0541203 -0.997782 
vn -0.0387636 -0.0541203 -0.997782 
vn -0.0383128 -0.161758 -0.986086 
vn -0.0384352 -0.140969 -0.989268 
vn 0.0384352 -0.140969 -0.989268 
vn -0.0377018 -0.239163 -0.970247 
vn 0.0383128 -0.161758 -0.986086 
vn 0.0377018 -0.239163 -0.970247 
vn 0.0374155 -0.26753 -0.962823 
vn -0.0374155 -0.26753 -0.962823 
vn 0.0372949 -0.278555 -0.959696 
vn 0.0360826 -0.370141 -0.928275 
vn -0.0360826 -0.370141 -0.928275 
vn -0.0372949 -0.278555 -0.959696 
vn 0.0344836 -0.460764 -0.886852 
vn 0.0343293 -0.468394 -0.882853 
vn -0.0343293 -0.468394 -0.882853 
vn 0.0360663 -0.371204 -0.927851 
vn -0.0344836 -0.460764 -0.886852 
vn -0.0360663 -0.371204 -0.927851 
vn 0.0325351 -0.547135 -0.836412 
vn -0.0325351 -0.547135 -0.836412 
vn 0.0321739 -0.561186 -0.827064 
vn -0.0321739 -0.561186 -0.827064 
vn -0.0316456 -0.580845 -0.813399 
vn 0.0316456 -0.580845 -0.813399 
vn 0.0296414 -0.647402 -0.761572 
vn 0.0292968 -0.657746 -0.75267 
vn -0.0292968 -0.657746 -0.75267 
vn 0.0267611 -0.726001 -0.687172 
vn -0.0267611 -0.726001 -0.687172 
vn -0.0236967 -0.7935 -0.608109 
vn -0.0266506 -0.728694 -0.68432 
vn 0.0266506 -0.728694 -0.68432 
vn 0.0236967 -0.7935 -0.608109 
vn 0.0235651 -0.796092 -0.604716 
vn -0.0235651 -0.796092 -0.604716 
vn -0.022424 -0.817633 -0.575303 
vn 0.022424 -0.817633 -0.575303 
vn 0.0200887 -0.856868 -0.515144 
vn -0.016373 -0.907585 -0.41955 
vn -0.0192094 -0.870094 -0.492512 
vn 0.0192094 -0.870094 -0.492512 
vn -0.0200887 -0.856868 -0.515144 
vn -0.0124605 -0.947658 -0.319043 
vn -0.0157874 -0.914404 -0.404496 
vn 0.0157874 -0.914404 -0.404496 
vn 0.016373 -0.907585 -0.41955 
vn -0.0114025 -0.956384 -0.291891 
vn 0.0114025 -0.956384 -0.291891 
vn 0.00839545 -0.976625 -0.214784 
vn -0.0121507 -0.950302 -0.311092 
vn 0.0124605 -0.947658 -0.319043 
vn 0.0121507 -0.950302 -0.311092 
vn 0.00769501 -0.980406 -0.196837 
vn -0.00769501 -0.980406 -0.196837 
vn 0.00422583 -0.99414 -0.108021 
vn -0.00422583 -0.99414 -0.108021 
vn 2.60209e-15 -1 -5.55112e-14 
vn -0.00389502 -0.995024 -0.0995583 
vn 0.00389502 -0.995024 -0.0995583 
vn -0.00839545 -0.976625 -0.214784 
vn -0.0296414 -0.647402 -0.761572 
vn 1 0 0 
vn -1 0 0 
vn 0 -1 0 
vn -0.0397456 0 0.99921 
vn 0.0397456 0 0.99921 
vn -0.0397346 -0.0237413 0.998928 
vn 0.0395315 -0.104519 0.993737 
vn 0.0395499 -0.099899 0.994211 
vn -0.0397456 -3.46945e-15 0.99921 
vn 0.0397456 0 0.99921 
vn -0.0394557 -0.121517 0.991805 
vn 0.038891 -0.207894 0.977378 
vn 0.0389765 -0.197303 0.979567 
vn -0.0395317 -0.10455 0.993734 
vn 0.0378299 -0.309016 0.950304 
vn -0.0387979 -0.218761 0.975007 
vn -0.0384168 -0.25837 0.965282 
vn 0.0380364 -0.292287 0.955574 
vn -0.0388907 -0.20793 0.97737 
vn -0.0378304 -0.309021 0.950302 
vn -0.0372448 -0.351662 0.935386 
vn 0.0375415 -0.330809 0.942951 
vn 0.0363594 -0.406758 0.912812 
vn -0.0363598 -0.406748 0.912817 
vn 0.0344941 -0.500017 0.865328 
vn 0.0360601 -0.423459 0.905197 
vn -0.0357098 -0.442058 0.896275 
vn -0.0344944 -0.500015 0.865329 
vn 0.0342513 -0.510561 0.859159 
vn -0.033799 -0.529464 0.847659 
vn -0.0329211 -0.563663 0.825348 
vn 0.0322527 -0.587794 0.808367 
vn -0.0322537 -0.587769 0.808385 
vn -0.0305926 -0.641817 0.766248 
vn 0.0311564 -0.62432 0.780547 
vn 0.0321235 -0.592282 0.80509 
vn 0.029658 -0.669138 0.742546 
vn -0.0296587 -0.66912 0.742563 
vn -0.0279538 -0.71418 0.699403 
vn 0.0285409 -0.699295 0.714263 
vn 0.0267355 -0.743155 0.668585 
vn -0.0267363 -0.743138 0.668603 
vn 0.0235156 -0.809029 0.587298 
vn 0.0256826 -0.766284 0.641988 
vn -0.0249928 -0.780567 0.624572 
vn -0.0237134 -0.805374 0.592293 
vn -0.0204705 -0.85956 0.510625 
vn 0.0212508 -0.847572 0.530255 
vn 0.0225872 -0.82553 0.563907 
vn -0.0235165 -0.80901 0.587324 
vn 0.0200328 -0.866017 0.499613 
vn -0.0200328 -0.866015 0.499616 
vn -0.017004 -0.905707 0.423562 
vn 0.0177741 -0.896404 0.442882 
vn 0.0163204 -0.913541 0.406419 
vn -0.0163209 -0.913536 0.406431 
vn -0.0133054 -0.943559 0.330937 
vn 0.0141671 -0.935707 0.352493 
vn 0.0124187 -0.951056 0.30877 
vn -0.0124185 -0.951057 0.308767 
vn 0.00886491 -0.975438 0.220098 
vn 0.0104326 -0.965772 0.259183 
vn -0.011765 -0.956211 0.292443 
vn 0.00836977 -0.978143 0.207763 
vn -0.00836828 -0.978151 0.207726 
vn 0.00495356 -0.99242 0.122794 
vn -0.00795423 -0.980288 0.197415 
vn 0.00421546 -0.99452 0.104466 
vn -0.00421417 -0.994523 0.104434 
vn -0.00403385 -0.994983 0.0999583 
vn 2.47303e-18 -1 6.11824e-17 
vn 0.0010081 -0.999688 0.0249503 
vn 0.10802 0.99414 -0.00422579 
vn 0.0986054 0.995119 -0.00385777 
vn 0.0986054 0.995119 0.00385777 
vn 6.11855e-17 1 -2.39563e-18 
vn 0.214804 0.976621 -0.0083962 
vn 0.195585 0.980657 -0.00764614 
vn 0.195585 0.980657 0.00764614 
vn 0.10802 0.99414 0.00422579 
vn 0.249379 0.968357 -0.00974504 
vn 0.214804 0.976621 0.0083962 
vn 0.249379 0.968357 0.00974504 
vn 0.31908 0.947646 0.012462 
vn 0.31908 0.947646 -0.012462 
vn 0.344904 0.938541 -0.0134678 
vn 0.344904 0.938541 0.0134678 
vn 0.41959 0.907566 0.0163746 
vn 0.435593 0.899983 0.016997 
vn 0.435593 0.899983 -0.016997 
vn 0.515174 0.85685 0.0200898 
vn 0.515174 0.85685 -0.0200898 
vn 0.604725 0.796086 -0.0235655 
vn 0.555856 0.830996 -0.0216693 
vn 0.555856 0.830996 0.0216693 
vn 0.52159 0.852954 0.0203389 
vn 0.52159 0.852954 -0.0203389 
vn 0.636081 0.771224 -0.0247812 
vn 0.604725 0.796086 0.0235655 
vn 0.687193 0.725982 -0.026762 
vn 0.636081 0.771224 0.0247812 
vn 0.687193 0.725982 0.026762 
vn 0.708855 0.704814 0.0276008 
vn 0.7616 0.647369 0.0296425 
vn 0.7616 0.647369 -0.0296425 
vn 0.708855 0.704814 -0.0276008 
vn 0.827062 0.56119 -0.032174 
vn 0.799531 0.599818 -0.0311095 
vn 0.799531 0.599818 0.0311095 
vn 0.774404 0.631973 0.0301377 
vn 0.774404 0.631973 -0.0301377 
vn 0.85542 0.516865 -0.0332696 
vn 0.827062 0.56119 0.032174 
vn 0.882848 0.468402 0.0343293 
vn 0.882848 0.468402 -0.0343293 
vn 0.85542 0.516865 0.0332696 
vn 0.928282 0.370122 -0.0360832 
vn 0.902089 0.430122 -0.0350719 
vn 0.902089 0.430122 0.0350719 
vn 0.952886 0.301059 -0.0370322 
vn 0.939822 0.339708 -0.0365282 
vn 0.939822 0.339708 0.0365282 
vn 0.928282 0.370122 0.0360832 
vn 0.952886 0.301059 0.0370322 
vn 0.962819 0.267545 0.0374156 
vn 0.962819 0.267545 -0.0374156 
vn 0.986081 0.161789 -0.0383127 
vn 0.978172 0.204291 -0.0380074 
vn 0.978172 0.204291 0.0380074 
vn 0.99351 0.106998 0.0385987 
vn 0.99351 0.106998 -0.0385987 
vn 0.997781 0.0541341 -0.0387638 
vn 0.997781 0.0541341 0.0387638 
vn 0.999204 0.00919945 0.0388182 
vn 0.999204 0.00919945 -0.0388182 
vn 0.998751 -0.0314686 0.0388008 
vn 0.997782 -0.0541149 0.0387637 
vn 0.997782 -0.0541149 -0.0387637 
vn 0.998751 -0.0314686 -0.0388008 
vn 0.990613 -0.131165 0.0384871 
vn 0.990613 -0.131165 -0.0384871 
vn 0.986086 -0.161763 -0.0383128 
vn 0.986086 -0.161763 0.0383128 
vn 0.972912 -0.228065 -0.0378045 
vn 0.962826 -0.267519 0.0374159 
vn 0.962826 -0.267519 -0.0374159 
vn 0.972912 -0.228065 0.0378045 
vn 0.94594 -0.322252 0.0367642 
vn 0.93213 -0.360307 0.0362314 
vn 0.93213 -0.360307 -0.0362314 
vn 0.94594 -0.322252 -0.0367642 
vn 0.928283 -0.370121 0.036083 
vn 0.928283 -0.370121 -0.036083 
vn 0.882856 -0.468388 -0.0343295 
vn 0.891481 -0.45173 -0.0346624 
vn 0.891481 -0.45173 0.0346624 
vn 0.882856 -0.468388 0.0343295 
vn 0.842725 -0.537345 0.0327791 
vn 0.842725 -0.537345 -0.0327791 
vn 0.827075 -0.56117 0.0321745 
vn 0.827075 -0.56117 -0.0321745 
vn 0.78611 -0.617329 0.0305905 
vn 0.761585 -0.647387 0.0296418 
vn 0.761585 -0.647387 -0.0296418 
vn 0.78611 -0.617329 -0.0305905 
vn 0.760598 -0.648548 0.0296036 
vn 0.760598 -0.648548 -0.0296036 
vn 0.687188 -0.725987 -0.0267617 
vn 0.691989 -0.721405 -0.0269476 
vn 0.691989 -0.721405 0.0269476 
vn 0.687188 -0.725987 0.0267617 
vn 0.617641 -0.786092 0.0240663 
vn 0.617641 -0.786092 -0.0240663 
vn 0.604733 -0.79608 0.0235658 
vn 0.604733 -0.79608 -0.0235658 
vn 0.515161 -0.856858 -0.0200893 
vn 0.537733 -0.842855 -0.0209658 
vn 0.537733 -0.842855 0.0209658 
vn 0.503393 -0.863834 -0.0196321 
vn 0.515161 -0.856858 0.0200893 
vn 0.503393 -0.863834 0.0196321 
vn 0.419559 -0.90758 0.0163734 
vn 0.419559 -0.90758 -0.0163734 
vn 0.322944 -0.946334 -0.0126125 
vn 0.414526 -0.909894 -0.0161776 
vn 0.414526 -0.909894 0.0161776 
vn 0.319066 -0.94765 -0.0124614 
vn 0.322944 -0.946334 0.0126125 
vn 0.319066 -0.94765 0.0124614 
vn 0.228734 -0.973448 0.00893972 
vn 0.214807 -0.97662 0.00839634 
vn 0.214807 -0.97662 -0.00839634 
vn 0.228734 -0.973448 -0.00893972 
vn 0.189337 -0.981884 0.00740224 
vn 0.189337 -0.981884 -0.00740224 
vn 0.108014 -0.99414 0.00422556 
vn 0.108014 -0.99414 -0.00422556 
vn 0.0914587 -0.995802 -0.00357837 
vn 0.0914587 -0.995802 0.00357837 
vn 6.11855e-17 -1 2.39563e-18 
vn 0.986081 0.161789 0.0383127 
vn 0.41959 0.907566 -0.0163746 
vn 0 0 1 
vn 0 0 -1 
vn 0 -1 0 
vn -0.99921 0 -0.0397456 
vn -0.99921 0 0.0397456 
vn -0.998928 -0.0237413 -0.0397346 
vn -0.993737 -0.104519 0.0395315 
vn -0.994211 -0.099899 0.0395499 
vn -0.99921 -3.46945e-15 -0.0397456 
vn -0.99921 0 0.0397456 
vn -0.991805 -0.121517 -0.0394557 
vn -0.977378 -0.207894 0.038891 
vn -0.979567 -0.197303 0.0389765 
vn -0.993734 -0.10455 -0.0395317 
vn -0.950304 -0.309016 0.0378299 
vn -0.975007 -0.218761 -0.0387979 
vn -0.965282 -0.25837 -0.0384168 
vn -0.955574 -0.292287 0.0380364 
vn -0.97737 -0.20793 -0.0388907 
vn -0.950302 -0.309021 -0.0378304 
vn -0.935386 -0.351662 -0.0372448 
vn -0.942951 -0.330809 0.0375415 
vn -0.912812 -0.406758 0.0363594 
vn -0.912817 -0.406748 -0.0363598 
vn -0.865328 -0.500017 0.0344941 
vn -0.905197 -0.423459 0.0360601 
vn -0.896275 -0.442058 -0.0357098 
vn -0.865329 -0.500015 -0.0344944 
vn -0.859159 -0.510561 0.0342513 
vn -0.847659 -0.529464 -0.033799 
vn -0.825348 -0.563663 -0.0329211 
vn -0.808367 -0.587794 0.0322527 
vn -0.808385 -0.587769 -0.0322537 
vn -0.766248 -0.641817 -0.0305926 
vn -0.780547 -0.62432 0.0311564 
vn -0.80509 -0.592282 0.0321235 
vn -0.742546 -0.669138 0.029658 
vn -0.742563 -0.66912 -0.0296587 
vn -0.699403 -0.71418 -0.0279538 
vn -0.714263 -0.699295 0.0285409 
vn -0.668585 -0.743155 0.0267355 
vn -0.668603 -0.743138 -0.0267363 
vn -0.587298 -0.809029 0.0235156 
vn -0.641988 -0.766284 0.0256826 
vn -0.624572 -0.780567 -0.0249928 
vn -0.592293 -0.805374 -0.0237134 
vn -0.510625 -0.85956 -0.0204705 
vn -0.530255 -0.847572 0.0212508 
vn -0.563907 -0.82553 0.0225872 
vn -0.587324 -0.80901 -0.0235165 
vn -0.499613 -0.866017 0.0200328 
vn -0.499616 -0.866015 -0.0200328 
vn -0.423562 -0.905707 -0.017004 
vn -0.442882 -0.896404 0.0177741 
vn -0.406419 -0.913541 0.0163204 
vn -0.406431 -0.913536 -0.0163209 
vn -0.330937 -0.943559 -0.0133054 
vn -0.352493 -0.935707 0.0141671 
vn -0.30877 -0.951056 0.0124187 
vn -0.308767 -0.951057 -0.0124185 
vn -0.220098 -0.975438 0.00886491 
vn -0.259183 -0.965772 0.0104326 
vn -0.292443 -0.956211 -0.011765 
vn -0.207763 -0.978143 0.00836977 
vn -0.207726 -0.978151 -0.00836828 
vn -0.122794 -0.99242 0.00495356 
vn -0.197415 -0.980288 -0.00795423 
vn -0.104466 -0.99452 0.00421546 
vn -0.104434 -0.994523 -0.00421417 
vn -0.0999583 -0.994983 -0.00403385 
vn -6.11824e-17 -1 2.47303e-18 
vn -0.0249503 -0.999688 0.0010081 
vn 0.00387615 0.995072 0.0990755 
vn -1.0835e-15 1 -2.76731e-14 
vn 0.00422581 0.99414 0.10802 
vn -0.00387615 0.995072 0.0990755 
vn -0.00422581 0.99414 0.10802 
vn 0.00839565 0.976624 0.214789 
vn 0.00766905 0.980539 0.196172 
vn -0.00766905 0.980539 0.196172 
vn 0.0110672 0.958971 0.283288 
vn -0.00839565 0.976624 0.214789 
vn -0.0110672 0.958971 0.283288 
vn -0.0124606 0.947658 0.319044 
vn 0.0124606 0.947658 0.319044 
vn -0.0147447 0.92581 0.377701 
vn -0.0163737 0.907577 0.419566 
vn 0.0163737 0.907577 0.419566 
vn 0.0147447 0.92581 0.377701 
vn -0.018217 0.884084 0.466973 
vn 0.018217 0.884084 0.466973 
vn -0.0200896 0.856853 0.515169 
vn 0.0200896 0.856853 0.515169 
vn -0.0214909 0.834057 0.551259 
vn -0.0227903 0.810897 0.584745 
vn 0.0227903 0.810897 0.584745 
vn 0.0214909 0.834057 0.551259 
vn 0.0235644 0.796107 0.604696 
vn -0.0235644 0.796107 0.604696 
vn 0.0258173 0.748339 0.662814 
vn -0.0258173 0.748339 0.662814 
vn -0.026761 0.726008 0.687166 
vn -0.0285434 0.679411 0.733203 
vn 0.0285434 0.679411 0.733203 
vn 0.0296418 0.647392 0.761581 
vn -0.0296418 0.647392 0.761581 
vn 0.0319058 0.571287 0.82013 
vn 0.0309786 0.60431 0.796147 
vn -0.0309786 0.60431 0.796147 
vn -0.0319058 0.571287 0.82013 
vn -0.0321735 0.561204 0.827052 
vn 0.0321735 0.561204 0.827052 
vn 0.0339512 0.48642 0.873065 
vn -0.0339512 0.48642 0.873065 
vn -0.0343286 0.468429 0.882834 
vn 0.0343286 0.468429 0.882834 
vn -0.0356341 0.398091 0.916654 
vn -0.0360827 0.370156 0.928269 
vn 0.0360827 0.370156 0.928269 
vn 0.0356341 0.398091 0.916654 
vn 0.0374155 0.267528 0.962823 
vn 0.0369665 0.306407 0.951183 
vn -0.0369665 0.306407 0.951183 
vn 0.0382609 0.169733 0.984747 
vn -0.0382609 0.169733 0.984747 
vn -0.0383124 0.161797 0.98608 
vn 0.0374176 0.267331 0.962878 
vn -0.0374155 0.267528 0.962823 
vn -0.0374176 0.267331 0.962878 
vn -0.03872 0.0719612 0.996656 
vn 0.03872 0.0719612 0.996656 
vn 0.0387636 0.0541612 0.99778 
vn -0.0387636 0.0541612 0.99778 
vn 0.0387634 -0.0541403 0.997781 
vn 0.0388069 -0.0259772 0.998909 
vn -0.0388069 -0.0259772 0.998909 
vn 0.0387344 -0.0665863 0.997029 
vn -0.0387634 -0.0541403 0.997781 
vn -0.0387344 -0.0665863 0.997029 
vn -0.0383124 -0.161791 0.986081 
vn 0.0383124 -0.161791 0.986081 
vn 0.0374723 -0.262157 0.964297 
vn 0.0382858 -0.165938 0.985393 
vn -0.0382858 -0.165938 0.985393 
vn 0.0374157 -0.267518 0.962826 
vn -0.0374723 -0.262157 0.964297 
vn -0.0374157 -0.267518 0.962826 
vn -0.0363048 -0.35534 0.934032 
vn -0.0360827 -0.370137 0.928276 
vn 0.0360827 -0.370137 0.928276 
vn 0.0363048 -0.35534 0.934032 
vn -0.0357209 -0.392868 0.918901 
vn 0.0357209 -0.392868 0.918901 
vn -0.0343286 -0.468427 0.882835 
vn 0.0343286 -0.468427 0.882835 
vn 0.0321737 -0.561195 0.827058 
vn 0.034055 -0.481556 0.875753 
vn -0.034055 -0.481556 0.875753 
vn -0.0320712 -0.565087 0.824408 
vn -0.0317805 -0.57592 0.816888 
vn 0.0317805 -0.57592 0.816888 
vn 0.0320712 -0.565087 0.824408 
vn -0.0321737 -0.561195 0.827058 
vn -0.0296414 -0.6474 0.761574 
vn 0.0296414 -0.6474 0.761574 
vn 0.0267609 -0.726005 0.687169 
vn 0.029397 -0.654767 0.755259 
vn -0.029397 -0.654767 0.755259 
vn 0.0235651 -0.796092 0.604716 
vn 0.0238792 -0.789864 0.612817 
vn -0.0238792 -0.789864 0.612817 
vn -0.0267609 -0.726005 0.687169 
vn 0.0226178 -0.814091 0.580296 
vn -0.0235651 -0.796092 0.604716 
vn -0.0226178 -0.814091 0.580296 
vn -0.0200886 -0.85687 0.515142 
vn 0.0200886 -0.85687 0.515142 
vn -0.0193458 -0.868094 0.496023 
vn -0.0163731 -0.907584 0.419552 
vn 0.0163731 -0.907584 0.419552 
vn 0.0193458 -0.868094 0.496023 
vn -0.0159302 -0.912769 0.408166 
vn 0.0159302 -0.912769 0.408166 
vn 0.0124609 -0.947655 0.319053 
vn -0.0124609 -0.947655 0.319053 
vn 0.0108744 -0.96042 0.278343 
vn 0.0123747 -0.948398 0.316839 
vn -0.0123747 -0.948398 0.316839 
vn -0.0108744 -0.96042 0.278343 
vn -0.00839564 -0.976624 0.214789 
vn 0.00839564 -0.976624 0.214789 
vn -0.00422556 -0.99414 0.108014 
vn 0.00422556 -0.99414 0.108014 
vn 0.0070922 -0.983385 0.181396 
vn -0.0070922 -0.983385 0.181396 
vn -0.00328226 -0.99647 0.0838855 
vn 0.00328226 -0.99647 0.0838855 
vn -2.39563e-18 -1 6.11855e-17 
vn 0.0383124 0.161797 0.98608 
vn 0.026761 0.726008 0.687166 
vn -1 0 0 
vn 1 0 0 
vn 0 -1 0 
vn 0.0397456 0 -0.99921 
vn -0.0397456 0 -0.99921 
vn 0.0397346 -0.0237413 -0.998928 
vn -0.0395315 -0.104519 -0.993737 
vn -0.0395499 -0.099899 -0.994211 
vn 0.0397456 -3.46945e-15 -0.99921 
vn -0.0397456 0 -0.99921 
vn 0.0394557 -0.121517 -0.991805 
vn -0.038891 -0.207894 -0.977378 
vn -0.0389765 -0.197303 -0.979567 
vn 0.0395317 -0.10455 -0.993734 
vn -0.0378299 -0.309016 -0.950304 
vn 0.0387979 -0.218761 -0.975007 
vn 0.0384168 -0.25837 -0.965282 
vn -0.0380364 -0.292287 -0.955574 
vn 0.0388907 -0.20793 -0.97737 
vn 0.0378304 -0.309021 -0.950302 
vn 0.0372448 -0.351662 -0.935386 
vn -0.0375415 -0.330809 -0.942951 
vn -0.0363594 -0.406758 -0.912812 
vn 0.0363598 -0.406748 -0.912817 
vn -0.0344941 -0.500017 -0.865328 
vn -0.0360601 -0.423459 -0.905197 
vn 0.0357098 -0.442058 -0.896275 
vn 0.0344944 -0.500015 -0.865329 
vn -0.0342513 -0.510561 -0.859159 
vn 0.033799 -0.529464 -0.847659 
vn 0.0329211 -0.563663 -0.825348 
vn -0.0322527 -0.587794 -0.808367 
vn 0.0322537 -0.587769 -0.808385 
vn 0.0305926 -0.641817 -0.766248 
vn -0.0311564 -0.62432 -0.780547 
vn -0.0321235 -0.592282 -0.80509 
vn -0.029658 -0.669138 -0.742546 
vn 0.0296587 -0.66912 -0.742563 
vn 0.0279538 -0.71418 -0.699403 
vn -0.0285409 -0.699295 -0.714263 
vn -0.0267355 -0.743155 -0.668585 
vn 0.0267363 -0.743138 -0.668603 
vn -0.0235156 -0.809029 -0.587298 
vn -0.0256826 -0.766284 -0.641988 
vn 0.0249928 -0.780567 -0.624572 
vn 0.0237134 -0.805374 -0.592293 
vn 0.0204705 -0.85956 -0.510625 
vn -0.0212508 -0.847572 -0.530255 
vn -0.0225872 -0.82553 -0.563907 
vn 0.0235165 -0.80901 -0.587324 
vn -0.0200328 -0.866017 -0.499613 
vn 0.0200328 -0.866015 -0.499616 
vn 0.017004 -0.905707 -0.423562 
vn -0.0177741 -0.896404 -0.442882 
vn -0.0163204 -0.913541 -0.406419 
vn 0.0163209 -0.913536 -0.406431 
vn 0.0133054 -0.943559 -0.330937 
vn -0.0141671 -0.935707 -0.352493 
vn -0.0124187 -0.951056 -0.30877 
vn 0.0124185 -0.951057 -0.308767 
vn -0.00886491 -0.975438 -0.220098 
vn -0.0104326 -0.965772 -0.259183 
vn 0.011765 -0.956211 -0.292443 
vn -0.00836977 -0.978143 -0.207763 
vn 0.00836828 -0.978151 -0.207726 
vn -0.00495356 -0.99242 -0.122794 
vn 0.00795423 -0.980288 -0.197415 
vn -0.00421546 -0.99452 -0.104466 
vn 0.00421417 -0.994523 -0.104434 
vn 0.00403385 -0.994983 -0.0999583 
vn -2.47303e-18 -1 -6.11824e-17 
vn -0.0010081 -0.999688 -0.0249503 
usemtl 0.615686_0.811765_0.929412_0.000000_0.000000
o mesh0
f 1//1 2//1 3//2 
f 3//2 4//3 5//4 
f 4//3 6//3 5//4 
f 6//3 4//3 7//5 
f 8//6 9//6 10//7 
f 10//7 7//5 8//6 
f 9//6 8//6 11//8 
f 12//8 11//8 13//9 
f 14//10 15//10 16//11 
f 16//11 13//9 14//10 
f 15//10 14//10 17//12 
f 18//13 19//13 20//14 
f 20//14 17//12 18//13 
f 19//13 18//13 21//15 
f 22//15 21//15 23//16 
f 24//16 23//16 25//17 
f 25//17 26//18 27//19 
f 26//18 28//18 27//19 
f 28//18 26//18 29//20 
f 30//20 29//20 31//21 
f 32//21 31//21 33//22 
f 34//23 35//23 36//24 
f 36//24 33//22 34//23 
f 35//23 34//23 37//25 
f 37//25 38//26 39//27 
f 38//26 40//26 39//27 
f 40//26 38//26 41//28 
f 42//28 41//28 43//29 
f 44//29 43//29 45//30 
f 45//30 46//31 47//32 
f 46//31 48//31 47//32 
f 48//31 46//31 49//33 
f 49//33 50//34 51//35 
f 50//34 52//34 51//35 
f 50//34 53//36 54//37 
f 53//36 55//36 54//37 
f 55//36 53//36 56//38 
f 57//39 58//39 59//40 
f 59//40 56//38 57//39 
f 58//39 57//39 60//41 
f 61//41 60//41 62//42 
f 62//42 63//43 64//44 
f 63//43 65//43 64//44 
f 65//43 63//43 66//45 
f 67//45 66//45 68//46 
f 69//47 70//47 71//48 
f 71//48 68//46 69//47 
f 70//47 69//47 72//49 
f 73//50 74//50 75//51 
f 75//51 72//49 73//50 
f 74//50 73//50 76//52 
f 77//52 76//52 78//53 
f 79//53 78//53 80//54 
f 81//55 82//55 83//56 
f 83//56 80//54 81//55 
f 82//55 81//55 84//57 
f 84//57 85//58 86//59 
f 85//58 87//60 86//59 
f 85//58 88//61 87//60 
f 88//61 85//58 89//62 
f 90//62 89//62 91//63 
f 92//63 91//63 93//64 
f 93//64 94//65 95//66 
f 96//67 97//67 94//65 
f 94//65 93//64 96//67 
f 97//67 96//67 98//68 
f 99//68 98//68 100//69 
f 101//69 100//69 102//70 
f 102//70 103//71 104//72 
f 103//71 105//71 104//72 
f 105//71 103//71 106//73 
f 106//73 107//74 108//75 
f 107//74 109//74 108//75 
f 109//74 107//74 110//76 
f 111//76 110//76 112//77 
f 113//77 112//77 114//78 
f 115//78 114//78 116//79 
f 117//80 118//80 119//81 
f 119//81 116//79 117//80 
f 118//80 117//80 2//1 
f 2//1 1//1 118//80 
f 119//81 120//82 116//79 
f 116//79 120//82 115//78 
f 114//78 115//78 113//77 
f 112//77 113//77 111//76 
f 110//76 111//76 109//74 
f 108//75 121//83 106//73 
f 106//73 121//83 105//71 
f 104//72 122//84 102//70 
f 102//70 122//84 101//69 
f 100//69 101//69 99//68 
f 98//68 99//68 97//67 
f 95//66 123//85 93//64 
f 93//64 123//85 92//63 
f 91//63 92//63 90//62 
f 89//62 90//62 88//61 
f 86//59 124//86 84//57 
f 84//57 124//86 82//55 
f 83//56 125//87 80//54 
f 80//54 125//87 79//53 
f 78//53 79//53 77//52 
f 76//52 77//52 74//50 
f 75//51 126//88 72//49 
f 72//49 126//88 70//47 
f 71//48 127//89 68//46 
f 68//46 127//89 67//45 
f 66//45 67//45 65//43 
f 64//44 128//90 62//42 
f 62//42 128//90 61//41 
f 60//41 61//41 58//39 
f 59//40 129//91 56//38 
f 56//38 129//91 55//36 
f 54//37 52//34 50//34 
f 51//35 130//92 49//33 
f 49//33 130//92 48//31 
f 47//32 131//93 45//30 
f 45//30 131//93 44//29 
f 43//29 44//29 42//28 
f 41//28 42//28 40//26 
f 39//27 132//94 37//25 
f 37//25 132//94 35//23 
f 36//24 133//95 33//22 
f 33//22 133//95 32//21 
f 31//21 32//21 30//20 
f 29//20 30//20 28//18 
f 27//19 134//96 25//17 
f 25//17 134//96 24//16 
f 23//16 24//16 22//15 
f 21//15 22//15 19//13 
f 20//14 135//97 17//12 
f 17//12 135//97 15//10 
f 16//11 136//98 13//9 
f 13//9 136//98 12//8 
f 11//8 12//8 9//6 
f 10//7 137//99 7//5 
f 7//5 137//99 6//3 
f 5//4 138//100 3//2 
f 3//2 138//100 1//1 
o mesh1
f 139//101 140//101 26//101 
f 26//101 25//101 139//101 
f 14//101 141//101 142//101 
f 143//101 144//101 2//101 
f 26//101 145//101 146//101 
f 25//101 147//101 139//101 
f 18//101 148//101 149//101 
f 18//101 17//101 150//101 
f 142//101 17//101 14//101 
f 14//101 13//101 151//101 
f 2//101 117//101 143//101 
f 144//101 4//101 3//101 
f 140//101 145//101 26//101 
f 147//101 25//101 23//101 
f 23//101 21//101 152//101 
f 149//101 21//101 18//101 
f 142//101 150//101 17//101 
f 13//101 153//101 151//101 
f 11//101 154//101 153//101 
f 11//101 8//101 155//101 
f 144//101 156//101 7//101 
f 3//101 2//101 144//101 
f 157//101 158//101 159//101 
f 160//101 34//101 33//101 
f 160//101 38//101 37//101 
f 160//101 161//101 162//101 
f 160//101 163//101 164//101 
f 26//101 165//101 163//101 
f 26//101 166//101 167//101 
f 23//101 168//101 147//101 
f 149//101 152//101 21//101 
f 151//101 141//101 14//101 
f 155//101 154//101 11//101 
f 7//101 156//101 169//101 
f 117//101 116//101 143//101 
f 143//101 116//101 114//101 
f 110//101 170//101 171//101 
f 110//101 107//101 172//101 
f 106//101 173//101 174//101 
f 84//101 159//101 175//101 
f 157//101 176//101 158//101 
f 157//101 177//101 178//101 
f 37//101 34//101 160//101 
f 164//101 161//101 160//101 
f 167//101 165//101 26//101 
f 152//101 168//101 23//101 
f 153//101 13//101 11//101 
f 169//101 8//101 7//101 
f 114//101 179//101 143//101 
f 114//101 112//101 180//101 
f 172//101 170//101 110//101 
f 174//101 107//101 106//101 
f 106//101 103//101 181//101 
f 102//101 100//101 182//101 
f 183//101 89//101 85//101 
f 183//101 184//101 91//101 
f 84//101 185//101 186//101 
f 159//101 84//101 157//101 
f 157//101 187//101 188//101 
f 157//101 189//101 190//101 
f 178//101 191//101 157//101 
f 68//101 66//101 192//101 
f 160//101 41//101 38//101 
f 163//101 160//101 26//101 
f 150//101 148//101 18//101 
f 7//101 4//101 144//101 
f 112//101 171//101 180//101 
f 174//101 172//101 107//101 
f 103//101 193//101 181//101 
f 102//101 194//101 193//101 
f 100//101 195//101 182//101 
f 91//101 89//101 183//101 
f 184//101 96//101 93//101 
f 84//101 196//101 197//101 
f 84//101 198//101 185//101 
f 188//101 176//101 157//101 
f 191//101 189//101 157//101 
f 157//101 199//101 200//101 
f 157//101 201//101 202//101 
f 157//101 69//101 68//101 
f 203//101 60//101 57//101 
f 192//101 62//101 60//101 
f 160//101 31//101 29//101 
f 160//101 43//101 41//101 
f 146//101 166//101 26//101 
f 180//101 179//101 114//101 
f 181//101 173//101 106//101 
f 182//101 194//101 102//101 
f 98//101 204//101 195//101 
f 205//101 204//101 98//101 
f 93//101 91//101 184//101 
f 197//101 206//101 84//101 
f 175//101 198//101 84//101 
f 200//101 177//101 157//101 
f 157//101 162//101 201//101 
f 157//101 72//101 69//101 
f 157//101 76//101 73//101 
f 157//101 80//101 78//101 
f 157//101 84//101 81//101 
f 57//101 56//101 203//101 
f 192//101 63//101 62//101 
f 33//101 31//101 160//101 
f 160//101 46//101 45//101 
f 160//101 50//101 49//101 
f 50//101 160//101 203//101 
f 169//101 155//101 8//101 
f 193//101 103//101 102//101 
f 98//101 96//101 205//101 
f 85//101 84//101 183//101 
f 186//101 196//101 84//101 
f 202//101 199//101 157//101 
f 73//101 72//101 157//101 
f 81//101 80//101 157//101 
f 60//101 203//101 192//101 
f 45//101 43//101 160//101 
f 203//101 53//101 50//101 
f 171//101 112//101 110//101 
f 184//101 205//101 96//101 
f 190//101 187//101 157//101 
f 78//101 76//101 157//101 
f 192//101 66//101 63//101 
f 49//101 46//101 160//101 
f 195//101 100//101 98//101 
f 192//101 157//101 68//101 
f 29//101 26//101 160//101 
f 206//101 183//101 84//101 
f 162//101 157//101 160//101 
f 56//101 53//101 203//101 
o mesh2
f 178//102 207//102 208//102 
f 208//102 191//102 178//102 
f 178//102 209//102 207//102 
f 208//102 210//102 191//102 
o mesh3
f 140//103 139//103 211//103 
f 211//103 212//103 140//103 
f 139//103 213//103 211//103 
f 212//103 214//103 140//103 
o mesh4
f 144//104 143//104 215//104 
f 215//104 216//104 144//104 
f 143//104 217//104 215//104 
f 216//104 218//104 144//104 
o mesh5
f 184//105 183//105 219//105 
f 219//105 220//105 184//105 
f 183//105 221//105 219//105 
f 220//105 222//105 184//105 
o mesh6
f 145//106 140//107 214//107 
f 146//108 145//106 223//109 
f 166//110 146//108 224//111 
f 167//112 166//110 225//113 
f 165//114 167//112 226//115 
f 163//116 165//114 227//117 
f 164//118 163//116 228//119 
f 161//120 164//118 229//121 
f 162//122 161//120 230//123 
f 201//124 162//122 231//125 
f 202//126 201//124 232//127 
f 199//128 202//126 233//129 
f 200//130 199//128 234//131 
f 177//132 200//130 235//133 
f 178//134 177//132 236//135 
f 236//135 209//134 178//134 
f 235//133 236//135 177//132 
f 234//131 235//133 200//130 
f 233//129 234//131 199//128 
f 232//127 233//129 202//126 
f 231//125 232//127 201//124 
f 230//123 231//125 162//122 
f 229//121 230//123 161//120 
f 228//119 229//121 164//118 
f 227//117 228//119 163//116 
f 226//115 227//117 165//114 
f 225//113 226//115 167//112 
f 224//111 225//113 166//110 
f 223//109 224//111 146//108 
f 214//107 223//109 145//106 
o mesh7
f 237//136 213//137 139//137 
f 238//138 237//136 147//139 
f 239//140 238//138 168//141 
f 240//142 239//140 152//143 
f 241//144 240//142 149//145 
f 242//146 241//144 148//147 
f 243//148 242//146 150//149 
f 244//150 243//148 142//151 
f 245//152 244//150 141//153 
f 246//154 245//152 151//155 
f 247//156 246//154 153//157 
f 248//158 247//156 154//159 
f 249//160 248//158 155//161 
f 250//162 249//160 169//163 
f 218//164 250//162 156//165 
f 156//165 144//164 218//164 
f 169//163 156//165 250//162 
f 155//161 169//163 249//160 
f 154//159 155//161 248//158 
f 153//157 154//159 247//156 
f 151//155 153//157 246//154 
f 141//153 151//155 245//152 
f 142//151 141//153 244//150 
f 150//149 142//151 243//148 
f 148//147 150//149 242//146 
f 149//145 148//147 241//144 
f 152//143 149//145 240//142 
f 168//141 152//143 239//140 
f 147//139 168//141 238//138 
f 139//137 147//139 237//136 
o mesh8
f 251//166 221//167 183//167 
f 252//168 251//166 206//169 
f 253//170 252//168 197//171 
f 254//172 253//170 196//173 
f 255//174 254//172 186//175 
f 256//176 255//174 185//177 
f 257//178 256//176 198//179 
f 258//180 257//178 175//181 
f 259//182 258//180 159//183 
f 260//184 259//182 158//185 
f 261//186 260//184 176//187 
f 262//188 261//186 188//189 
f 263//190 262//188 187//191 
f 264//192 263//190 190//193 
f 210//194 264//192 189//195 
f 189//195 191//194 210//194 
f 190//193 189//195 264//192 
f 187//191 190//193 263//190 
f 188//189 187//191 262//188 
f 176//187 188//189 261//186 
f 158//185 176//187 260//184 
f 159//183 158//185 259//182 
f 175//181 159//183 258//180 
f 198//179 175//181 257//178 
f 185//177 198//179 256//176 
f 186//175 185//177 255//174 
f 196//173 186//175 254//172 
f 197//171 196//173 253//170 
f 206//169 197//171 252//168 
f 183//167 206//169 251//166 
o mesh9
f 205//196 184//197 222//197 
f 204//198 205//196 265//199 
f 195//200 204//198 266//201 
f 182//202 195//200 267//203 
f 194//204 182//202 268//205 
f 193//206 194//204 269//207 
f 181//208 193//206 270//209 
f 173//210 181//208 271//211 
f 174//212 173//210 272//213 
f 172//214 174//212 273//215 
f 170//216 172//214 274//217 
f 171//218 170//216 275//219 
f 180//220 171//218 276//221 
f 179//222 180//220 277//223 
f 143//224 179//222 278//225 
f 278//225 217//224 143//224 
f 277//223 278//225 179//222 
f 276//221 277//223 180//220 
f 275//219 276//221 171//218 
f 274//217 275//219 170//216 
f 273//215 274//217 172//214 
f 272//213 273//215 174//212 
f 271//211 272//213 173//210 
f 270//209 271//211 181//208 
f 269//207 270//209 193//206 
f 268//205 269//207 194//204 
f 267//203 268//205 182//202 
f 266//201 267//203 195//200 
f 265//199 266//201 204//198 
f 222//197 265//199 205//196 
o mesh10
f 203//226 160//226 279//226 
f 279//226 280//226 203//226 
o mesh11
f 157//227 281//227 279//227 
f 279//227 160//227 157//227 
o mesh12
f 192//228 282//228 281//228 
f 281//228 157//228 192//228 
o mesh13
f 192//229 203//229 280//229 
f 280//229 282//229 192//229 
o mesh14
f 283//230 284//230 280//230 
f 284//230 285//230 282//230 
f 282//230 280//230 284//230 
f 285//230 286//230 281//230 
f 281//230 282//230 285//230 
f 286//230 283//230 279//230 
f 279//230 281//230 286//230 
f 280//230 279//230 283//230 
o mesh15
f 286//231 285//231 287//231 
f 287//231 288//231 286//231 
o mesh16
f 283//232 286//232 288//232 
f 288//232 289//232 283//232 
o mesh17
f 284//233 283//233 289//233 
f 289//233 290//233 284//233 
o mesh18
f 285//234 284//234 290//234 
f 290//234 287//234 285//234 
o mesh19
f 291//235 287//235 290//235 
f 290//235 292//235 291//235 
f 290//235 293//235 292//235 
f 294//235 295//235 288//235 
f 295//235 296//235 289//235 
f 293//235 290//235 289//235 
f 288//235 287//235 294//235 
f 289//235 296//235 293//235 
f 289//235 288//235 295//235 
f 291//235 294//235 287//235 
o mesh20
f 291//236 292//236 297//236 
f 297//236 298//236 291//236 
f 292//236 299//236 297//236 
f 292//236 300//236 299//236 
f 298//236 301//236 291//236 
o mesh21
f 295//237 294//237 302//237 
f 302//237 303//237 295//237 
o mesh22
f 296//238 304//238 305//238 
f 296//238 295//238 306//238 
f 306//238 304//238 296//238 
f 295//238 303//238 306//238 
f 305//238 307//238 296//238 
o mesh23
f 307//239 308//239 293//239 
f 293//239 296//239 307//239 
o mesh24
f 291//240 301//240 302//241 
f 302//241 294//241 291//240 
o mesh25
f 293//242 308//242 300//243 
f 300//243 292//243 293//242 
o mesh26
f 325//244 326//244 327//244 
f 326//244 328//244 329//244 
f 328//244 330//244 331//244 
f 332//244 309//244 310//244 
f 332//244 333//244 311//244 
f 334//244 310//244 312//244 
f 311//244 309//244 332//244 
f 310//244 334//244 332//244 
f 333//244 335//244 312//244 
f 312//244 311//244 333//244 
f 331//244 305//244 304//244 
f 336//244 304//244 306//244 
f 297//244 337//244 338//244 
f 299//244 339//244 337//244 
f 338//244 65//244 67//244 
f 67//244 127//244 338//244 
f 338//244 64//244 65//244 
f 303//244 302//244 71//244 
f 338//244 71//244 301//244 
f 303//244 126//244 75//244 
f 71//244 70//244 303//244 
f 71//244 302//244 301//244 
f 70//244 126//244 303//244 
f 75//244 340//244 303//244 
f 341//244 306//244 303//244 
f 303//244 340//244 341//244 
f 340//244 77//244 79//244 
f 340//244 75//244 74//244 
f 74//244 77//244 340//244 
f 79//244 125//244 340//244 
f 335//244 340//244 83//244 
f 335//244 124//244 86//244 
f 83//244 82//244 335//244 
f 82//244 124//244 335//244 
f 332//244 334//244 92//244 
f 92//244 123//244 332//244 
f 334//244 88//244 90//244 
f 90//244 92//244 334//244 
f 334//244 87//244 88//244 
f 333//244 122//244 104//244 
f 333//244 99//244 101//244 
f 333//244 332//244 94//244 
f 101//244 122//244 333//244 
f 94//244 97//244 333//244 
f 97//244 99//244 333//244 
f 342//244 104//244 105//244 
f 105//244 121//244 342//244 
f 343//244 113//244 115//244 
f 343//244 109//244 111//244 
f 343//244 342//244 108//244 
f 115//244 120//244 343//244 
f 108//244 109//244 343//244 
f 111//244 113//244 343//244 
f 313//244 119//244 118//244 
f 1//244 314//244 315//244 
f 316//244 314//244 138//244 
f 343//244 313//244 316//244 
f 118//244 315//244 313//244 
f 315//244 118//244 1//244 
f 5//244 344//244 316//244 
f 313//244 343//244 119//244 
f 138//244 5//244 316//244 
f 1//244 138//244 314//244 
f 344//244 137//244 10//244 
f 344//244 6//244 137//244 
f 344//244 5//244 6//244 
f 345//244 9//244 12//244 
f 345//244 136//244 16//244 
f 345//244 10//244 9//244 
f 12//244 136//244 345//244 
f 325//244 16//244 15//244 
f 15//244 135//244 325//244 
f 326//244 19//244 22//244 
f 326//244 325//244 20//244 
f 20//244 19//244 326//244 
f 22//244 24//244 326//244 
f 24//244 134//244 326//244 
f 133//244 328//244 317//244 
f 317//244 318//244 133//244 
f 28//244 319//244 320//244 
f 318//244 32//244 133//244 
f 328//244 326//244 320//244 
f 28//244 30//244 319//244 
f 320//244 317//244 328//244 
f 326//244 27//244 28//244 
f 320//244 326//244 28//244 
f 32//244 318//244 319//244 
f 319//244 30//244 32//244 
f 328//244 132//244 39//244 
f 328//244 35//244 132//244 
f 328//244 36//244 35//244 
f 330//244 44//244 131//244 
f 330//244 40//244 42//244 
f 42//244 44//244 330//244 
f 330//244 39//244 40//244 
f 307//244 130//244 51//244 
f 307//244 48//244 130//244 
f 307//244 330//244 47//244 
f 51//244 339//244 300//244 
f 47//244 48//244 307//244 
f 339//244 299//244 300//244 
f 331//244 330//244 307//244 
f 300//244 308//244 51//244 
f 51//244 308//244 307//244 
f 339//244 51//244 52//244 
f 337//244 339//244 55//244 
f 339//244 54//244 55//244 
f 55//244 129//244 337//244 
f 61//244 128//244 321//244 
f 338//244 322//244 321//244 
f 323//244 58//244 61//244 
f 321//244 128//244 338//244 
f 337//244 58//244 323//244 
f 128//244 64//244 338//244 
f 338//244 337//244 324//244 
f 337//244 59//244 58//244 
f 324//244 322//244 338//244 
f 321//244 323//244 61//244 
f 207//244 336//244 341//244 
f 331//244 230//244 229//244 
f 331//244 232//244 231//244 
f 331//244 224//244 223//244 
f 331//244 227//244 226//244 
f 231//244 230//244 331//244 
f 331//244 234//244 233//244 
f 329//244 223//244 214//244 
f 331//244 225//244 224//244 
f 331//244 228//244 227//244 
f 233//244 232//244 331//244 
f 336//244 209//244 236//244 
f 223//244 329//244 331//244 
f 229//244 228//244 331//244 
f 331//244 236//244 235//244 
f 336//244 207//244 209//244 
f 226//244 225//244 331//244 
f 236//244 331//244 336//244 
f 235//244 234//244 331//244 
f 327//244 329//244 212//244 
f 345//244 246//244 247//244 
f 345//244 244//244 245//244 
f 245//244 246//244 345//244 
f 345//244 242//244 243//244 
f 345//244 239//244 240//244 
f 345//244 327//244 237//244 
f 327//244 211//244 213//244 
f 344//244 345//244 250//244 
f 243//244 244//244 345//244 
f 345//244 238//244 239//244 
f 213//244 237//244 327//244 
f 250//244 218//244 344//244 
f 345//244 248//244 249//244 
f 345//244 241//244 242//244 
f 237//244 238//244 345//244 
f 249//244 250//244 345//244 
f 240//244 241//244 345//244 
f 247//244 248//244 345//244 
f 344//244 216//244 215//244 
f 342//244 272//244 271//244 
f 342//244 274//244 273//244 
f 342//244 343//244 276//244 
f 333//244 342//244 267//244 
f 342//244 269//244 268//244 
f 273//244 272//244 342//244 
f 276//244 275//244 342//244 
f 333//244 265//244 222//244 
f 267//244 266//244 333//244 
f 342//244 270//244 269//244 
f 275//244 274//244 342//244 
f 266//244 265//244 333//244 
f 271//244 270//244 342//244 
f 343//244 278//244 277//244 
f 343//244 215//244 217//244 
f 268//244 267//244 342//244 
f 217//244 278//244 343//244 
f 277//244 276//244 343//244 
f 220//244 219//244 335//244 
f 340//244 261//244 262//244 
f 340//244 260//244 261//244 
f 340//244 258//244 259//244 
f 259//244 260//244 340//244 
f 340//244 256//244 257//244 
f 340//244 253//244 254//244 
f 341//244 264//244 210//244 
f 341//244 262//244 263//244 
f 257//244 258//244 340//244 
f 254//244 255//244 340//244 
f 335//244 251//244 252//244 
f 263//244 264//244 341//244 
f 255//244 256//244 340//244 
f 252//244 340//244 335//244 
f 335//244 219//244 221//244 
f 262//244 341//244 340//244 
f 221//244 251//244 335//244 
f 252//244 253//244 340//244 
f 210//244 208//244 341//244 
f 335//244 333//244 220//244 
f 222//244 220//244 333//244 
f 215//244 343//244 344//244 
f 218//244 216//244 344//244 
f 212//244 211//244 327//244 
f 214//244 212//244 329//244 
f 341//244 208//244 207//244 
f 323//244 324//244 337//244 
f 129//244 59//244 337//244 
f 52//244 54//244 339//244 
f 307//244 305//244 331//244 
f 131//244 47//244 330//244 
f 39//244 330//244 328//244 
f 133//244 36//244 328//244 
f 134//244 27//244 326//244 
f 135//244 20//244 325//244 
f 16//244 325//244 345//244 
f 10//244 345//244 344//244 
f 316//244 344//244 343//244 
f 120//244 119//244 343//244 
f 121//244 108//244 342//244 
f 104//244 342//244 333//244 
f 94//244 332//244 95//244 
f 123//244 95//244 332//244 
f 87//244 334//244 86//244 
f 86//244 334//244 335//244 
f 125//244 83//244 340//244 
f 301//244 298//244 338//244 
f 127//244 71//244 338//244 
f 337//244 297//244 299//244 
f 338//244 298//244 297//244 
f 306//244 341//244 336//244 
f 304//244 336//244 331//244 
f 312//244 335//244 334//244 
f 331//244 329//244 328//244 
f 329//244 327//244 326//244 
f 327//244 345//244 325//244 
o mesh27
f 318//245 346//245 347//246 
f 347//246 319//246 318//245 
o mesh28
f 314//247 348//247 349//248 
f 349//248 315//248 314//247 
o mesh29
f 321//249 350//249 351//250 
f 351//250 323//250 321//249 
o mesh30
f 309//251 352//251 353//252 
f 353//252 310//252 309//251 
o mesh31
f 354//253 355//254 356//254 
f 354//253 357//255 358//256 
f 358//256 359//257 354//253 
f 360//258 361//259 362//260 
f 359//257 358//256 362//260 
f 362//260 361//259 359//257 
f 363//261 364//262 365//263 
f 365//263 364//262 360//258 
f 360//258 366//264 365//263 
f 367//265 368//266 369//267 
f 370//268 363//261 371//269 
f 370//268 372//270 369//267 
f 369//267 368//266 370//268 
f 371//269 372//270 370//268 
f 373//271 367//265 374//272 
f 375//273 373//271 376//274 
f 376//274 377//275 375//273 
f 378//276 375//273 377//275 
f 378//276 379//277 380//278 
f 380//278 381//279 378//276 
f 382//280 383//281 384//282 
f 381//279 380//278 385//283 
f 386//284 385//283 384//282 
f 384//282 383//281 386//284 
f 385//283 386//284 381//279 
f 387//285 382//280 388//286 
f 387//285 389//287 390//288 
f 390//288 391//289 387//285 
f 392//290 393//291 394//292 
f 391//289 390//288 395//293 
f 396//294 395//293 394//292 
f 394//292 393//291 396//294 
f 395//293 396//294 391//289 
f 397//295 392//290 398//296 
f 397//295 399//297 400//298 
f 400//298 401//299 397//295 
f 402//300 403//301 404//302 
f 401//299 400//298 404//302 
f 404//302 403//301 401//299 
f 405//303 406//304 407//305 
f 408//306 402//300 409//307 
f 408//306 410//308 407//305 
f 407//305 406//304 408//306 
f 409//307 410//308 408//306 
f 411//309 405//303 412//310 
f 411//309 413//311 414//312 
f 414//312 415//313 411//309 
f 416//314 417//315 418//316 
f 415//313 414//312 418//316 
f 418//316 417//315 415//313 
f 419//317 420//318 421//319 
f 420//318 416//314 422//320 
f 422//320 421//319 420//318 
f 423//321 424//322 425//323 
f 426//324 419//317 427//325 
f 426//324 428//326 424//322 
f 424//322 423//321 426//324 
f 427//325 428//326 426//324 
f 429//327 430//328 431//329 
f 432//330 425//323 431//329 
f 431//329 430//328 432//330 
f 433//331 429//327 434//332 
f 433//331 435//333 436//334 
f 436//334 437//335 433//331 
f 438//336 439//337 440//338 
f 437//335 436//334 440//338 
f 440//338 439//337 437//335 
f 441//339 438//336 442//340 
f 441//339 443//341 444//342 
f 444//342 445//343 441//339 
f 446//344 447//345 448//346 
f 446//344 449//347 450//348 
f 450//348 451//349 446//344 
f 444//342 448//346 447//345 
f 447//345 445//343 444//342 
f 452//350 453//351 454//352 
f 451//349 450//348 454//352 
f 454//352 453//351 451//349 
f 455//353 456//354 457//355 
f 456//354 452//350 458//356 
f 458//356 457//355 456//354 
f 459//357 455//353 460//358 
f 459//357 461//359 462//360 
f 462//360 463//361 459//357 
f 464//362 465//363 466//364 
f 463//361 462//360 467//365 
f 468//366 467//365 466//364 
f 466//364 465//363 468//366 
f 467//365 468//366 463//361 
f 469//367 464//362 470//368 
f 469//367 471//369 472//370 
f 472//370 473//371 469//367 
f 474//372 475//373 476//374 
f 473//371 472//370 476//374 
f 476//374 475//373 473//371 
f 477//375 478//376 479//377 
f 480//378 474//372 481//379 
f 480//378 482//380 479//377 
f 479//377 478//376 480//378 
f 481//379 482//380 480//378 
f 483//381 477//375 484//382 
f 485//383 349//384 348//384 
f 348//384 483//381 485//383 
f 484//382 485//383 483//381 
f 479//377 484//382 477//375 
f 476//374 481//379 474//372 
f 470//368 471//369 469//367 
f 466//364 470//368 464//362 
f 460//358 461//359 459//357 
f 457//355 460//358 455//353 
f 454//352 458//356 452//350 
f 448//346 449//347 446//344 
f 442//340 443//341 441//339 
f 440//338 442//340 438//336 
f 434//332 435//333 433//331 
f 431//329 434//332 429//327 
f 425//323 432//330 423//321 
f 421//319 427//325 419//317 
f 418//316 422//320 416//314 
f 412//310 413//311 411//309 
f 407//305 412//310 405//303 
f 404//302 409//307 402//300 
f 398//296 399//297 397//295 
f 394//292 398//296 392//290 
f 388//286 389//287 387//285 
f 384//282 388//286 382//280 
f 377//275 379//277 378//276 
f 374//272 376//274 373//271 
f 369//267 374//272 367//265 
f 365//263 371//269 363//261 
f 362//260 366//264 360//258 
f 356//254 357//255 354//253 
o mesh32
f 486//385 374//385 369//385 
f 486//385 412//385 407//385 
f 486//385 470//385 466//385 
f 358//385 357//385 356//385 
f 486//385 366//385 362//385 
f 486//385 371//385 365//385 
f 369//385 372//385 486//385 
f 486//385 377//385 376//385 
f 486//385 380//385 379//385 
f 486//385 388//385 384//385 
f 486//385 398//385 394//385 
f 486//385 409//385 404//385 
f 407//385 410//385 486//385 
f 486//385 449//385 448//385 
f 486//385 458//385 454//385 
f 486//385 460//385 457//385 
f 486//385 462//385 461//385 
f 466//385 467//385 486//385 
f 486//385 472//385 471//385 
f 486//385 481//385 476//385 
f 486//385 484//385 479//385 
f 315//385 349//385 487//385 
f 362//385 358//385 486//385 
f 372//385 371//385 486//385 
f 379//385 377//385 486//385 
f 384//385 385//385 486//385 
f 486//385 390//385 389//385 
f 394//385 395//385 486//385 
f 486//385 400//385 399//385 
f 410//385 409//385 486//385 
f 486//385 444//385 443//385 
f 486//385 450//385 449//385 
f 457//385 458//385 486//385 
f 467//385 462//385 486//385 
f 476//385 472//385 486//385 
f 479//385 482//385 486//385 
f 315//385 488//385 489//385 
f 315//385 490//385 491//385 
f 487//385 492//385 315//385 
f 365//385 366//385 486//385 
f 385//385 380//385 486//385 
f 395//385 390//385 486//385 
f 404//385 400//385 486//385 
f 486//385 414//385 413//385 
f 486//385 422//385 418//385 
f 448//385 444//385 486//385 
f 461//385 460//385 486//385 
f 482//385 481//385 486//385 
f 486//385 349//385 485//385 
f 315//385 493//385 494//385 
f 489//385 495//385 315//385 
f 315//385 496//385 497//385 
f 315//385 498//385 499//385 
f 315//385 500//385 501//385 
f 492//385 490//385 315//385 
f 376//385 374//385 486//385 
f 399//385 398//385 486//385 
f 418//385 414//385 486//385 
f 486//385 427//385 421//385 
f 454//385 450//385 486//385 
f 485//385 484//385 486//385 
f 315//385 502//385 503//385 
f 495//385 493//385 315//385 
f 315//385 504//385 505//385 
f 315//385 506//385 507//385 
f 497//385 508//385 315//385 
f 315//385 509//385 510//385 
f 499//385 511//385 315//385 
f 491//385 500//385 315//385 
f 349//385 512//385 513//385 
f 389//385 388//385 486//385 
f 421//385 422//385 486//385 
f 486//385 425//385 424//385 
f 486//385 434//385 431//385 
f 486//385 436//385 435//385 
f 486//385 442//385 440//385 
f 471//385 470//385 486//385 
f 503//385 514//385 315//385 
f 505//385 488//385 315//385 
f 508//385 506//385 315//385 
f 315//385 515//385 516//385 
f 511//385 509//385 315//385 
f 315//385 517//385 518//385 
f 513//385 487//385 349//385 
f 349//385 486//385 519//385 
f 413//385 412//385 486//385 
f 424//385 428//385 486//385 
f 435//385 434//385 486//385 
f 443//385 442//385 486//385 
f 494//385 502//385 315//385 
f 516//385 496//385 315//385 
f 518//385 498//385 315//385 
f 519//385 512//385 349//385 
f 428//385 427//385 486//385 
f 440//385 436//385 486//385 
f 507//385 504//385 315//385 
f 501//385 517//385 315//385 
f 431//385 425//385 486//385 
f 510//385 515//385 315//385 
f 514//385 313//385 315//385 
f 356//385 486//385 358//385 
o mesh33
f 520//386 468//386 465//386 
f 520//386 480//386 478//386 
f 520//386 463//386 468//386 
f 520//386 455//386 459//386 
f 520//386 445//386 447//386 
f 520//386 408//386 406//386 
f 520//386 370//386 368//386 
f 520//386 359//386 361//386 
f 314//386 521//386 522//386 
f 314//386 523//386 524//386 
f 520//386 474//386 480//386 
f 520//386 473//386 475//386 
f 459//386 463//386 520//386 
f 520//386 452//386 456//386 
f 520//386 451//386 453//386 
f 447//386 446//386 520//386 
f 520//386 402//386 408//386 
f 520//386 401//386 403//386 
f 520//386 396//386 393//386 
f 520//386 386//386 383//386 
f 520//386 375//386 378//386 
f 520//386 367//386 373//386 
f 520//386 363//386 370//386 
f 520//386 360//386 364//386 
f 520//386 355//386 359//386 
f 314//386 525//386 526//386 
f 314//386 527//386 528//386 
f 314//386 529//386 530//386 
f 522//386 531//386 314//386 
f 314//386 532//386 533//386 
f 524//386 534//386 314//386 
f 475//386 474//386 520//386 
f 520//386 464//386 469//386 
f 456//386 455//386 520//386 
f 446//386 451//386 520//386 
f 403//386 402//386 520//386 
f 520//386 392//386 397//386 
f 520//386 391//386 396//386 
f 520//386 382//386 387//386 
f 520//386 381//386 386//386 
f 373//386 375//386 520//386 
f 364//386 363//386 520//386 
f 355//386 354//386 359//386 
f 348//386 526//386 535//386 
f 528//386 525//386 314//386 
f 531//386 529//386 314//386 
f 314//386 536//386 537//386 
f 534//386 532//386 314//386 
f 314//386 538//386 539//386 
f 314//386 540//386 541//386 
f 314//386 542//386 543//386 
f 520//386 477//386 483//386 
f 469//386 473//386 520//386 
f 453//386 452//386 520//386 
f 520//386 438//386 441//386 
f 520//386 415//386 417//386 
f 520//386 405//386 411//386 
f 397//386 401//386 520//386 
f 387//386 391//386 520//386 
f 378//386 381//386 520//386 
f 361//386 360//386 520//386 
f 348//386 544//386 545//386 
f 348//386 546//386 547//386 
f 526//386 348//386 314//386 
f 314//386 548//386 549//386 
f 537//386 521//386 314//386 
f 539//386 523//386 314//386 
f 314//386 550//386 551//386 
f 543//386 540//386 314//386 
f 478//386 477//386 520//386 
f 441//386 445//386 520//386 
f 520//386 416//386 420//386 
f 411//386 415//386 520//386 
f 393//386 392//386 520//386 
f 368//386 367//386 520//386 
f 547//386 544//386 348//386 
f 549//386 527//386 314//386 
f 533//386 536//386 314//386 
f 541//386 550//386 314//386 
f 465//386 464//386 520//386 
f 520//386 437//386 439//386 
f 520//386 429//386 433//386 
f 520//386 432//386 430//386 
f 520//386 426//386 423//386 
f 417//386 416//386 520//386 
f 383//386 382//386 520//386 
f 535//386 546//386 348//386 
f 551//386 538//386 314//386 
f 314//386 552//386 553//386 
f 439//386 438//386 520//386 
f 430//386 429//386 520//386 
f 520//386 419//386 426//386 
f 406//386 405//386 520//386 
f 530//386 548//386 314//386 
f 314//386 316//386 552//386 
f 433//386 437//386 520//386 
f 420//386 419//386 520//386 
f 553//386 542//386 314//386 
f 423//386 432//386 520//386 
f 483//386 348//386 520//386 
f 545//386 520//386 348//386 
o mesh34
f 355//387 520//387 486//387 
f 486//387 356//387 355//387 
o mesh35
f 545//388 519//389 486//389 
f 486//389 520//388 545//388 
o mesh36
f 544//390 513//391 512//392 
f 512//392 545//393 544//390 
f 512//392 519//394 545//393 
f 546//395 492//396 487//397 
f 487//397 547//398 546//395 
f 487//397 513//391 547//398 
f 491//399 526//400 525//401 
f 490//402 535//403 526//400 
f 526//400 491//399 490//402 
f 490//402 492//396 535//403 
f 528//404 527//405 500//406 
f 501//407 500//406 527//405 
f 527//405 549//408 501//407 
f 518//409 517//410 548//411 
f 517//410 549//408 548//411 
f 548//411 530//412 518//409 
f 498//413 529//414 531//415 
f 531//415 499//416 498//413 
f 530//412 529//414 498//413 
f 498//413 518//409 530//412 
f 522//417 521//418 509//419 
f 509//419 511//420 522//417 
f 510//421 509//419 521//418 
f 521//418 537//422 510//421 
f 537//422 536//423 515//424 
f 516//425 515//424 536//423 
f 536//423 533//426 516//425 
f 497//427 496//428 532//429 
f 532//429 534//430 497//427 
f 533//426 532//429 496//428 
f 496//428 516//425 533//426 
f 523//431 506//432 508//433 
f 508//433 524//434 523//431 
f 507//435 506//432 523//431 
f 523//431 539//436 507//435 
f 539//436 538//437 504//438 
f 505//439 504//438 538//437 
f 538//437 551//440 505//439 
f 551//440 550//441 488//442 
f 489//443 488//442 550//441 
f 550//441 541//444 489//443 
f 541//444 493//445 495//446 
f 540//447 494//448 493//445 
f 493//445 541//444 540//447 
f 540//447 543//449 494//448 
f 502//450 543//449 542//451 
f 542//451 503//452 502//450 
f 502//450 494//448 543//449 
f 503//452 553//453 552//454 
f 552//454 313//455 514//456 
f 552//454 514//456 503//452 
f 552//454 316//455 313//455 
f 542//451 553//453 503//452 
f 495//446 489//443 541//444 
f 488//442 505//439 551//440 
f 504//438 507//435 539//436 
f 508//433 497//427 524//434 
f 534//430 524//434 497//427 
f 515//424 510//421 537//422 
f 511//420 499//416 522//417 
f 531//415 522//417 499//416 
f 517//410 501//407 549//408 
f 500//406 491//399 528//404 
f 525//401 528//404 491//399 
f 546//395 535//403 492//396 
f 544//390 547//398 513//391 
o mesh37
f 554//457 555//458 556//459 
f 556//459 555//458 347//460 
f 347//460 346//460 556//459 
f 557//461 558//462 559//463 
f 560//464 554//457 561//465 
f 560//464 562//466 563//467 
f 563//467 559//463 560//464 
f 561//465 562//466 560//464 
f 564//468 565//469 566//470 
f 564//468 567//471 558//462 
f 558//462 557//461 564//468 
f 565//469 568//472 569//473 
f 569//473 568//472 570//474 
f 570//474 571//475 569//473 
f 572//476 573//477 574//478 
f 572//476 575//479 576//480 
f 576//480 577//481 572//476 
f 571//475 570//474 574//478 
f 574//478 573//477 571//475 
f 578//482 579//483 580//484 
f 577//481 576//480 580//484 
f 580//484 579//483 577//481 
f 581//485 582//486 583//487 
f 583//487 582//486 578//482 
f 578//482 584//488 583//487 
f 585//489 586//490 587//491 
f 588//492 581//485 589//493 
f 588//492 590//494 585//489 
f 585//489 591//495 588//492 
f 589//493 590//494 588//492 
f 586//490 592//496 593//497 
f 593//497 592//496 594//498 
f 594//498 595//499 593//497 
f 596//500 597//501 598//502 
f 595//499 594//498 598//502 
f 598//502 597//501 595//499 
f 599//503 600//504 601//505 
f 602//506 596//500 603//507 
f 602//506 604//508 601//505 
f 601//505 600//504 602//506 
f 603//507 604//508 602//506 
f 605//509 606//510 607//511 
f 607//511 606//510 599//503 
f 599//503 608//512 607//511 
f 609//513 610//514 611//515 
f 609//513 612//516 605//509 
f 605//509 613//517 609//513 
f 610//514 614//518 615//519 
f 616//520 617//521 618//522 
f 618//522 617//521 615//519 
f 615//519 614//518 618//522 
f 618//522 619//523 616//520 
f 620//524 616//520 619//523 
f 620//524 621//525 622//526 
f 622//526 623//527 620//524 
f 624//528 625//529 626//530 
f 623//527 622//526 626//530 
f 626//530 625//529 623//527 
f 627//531 624//528 628//532 
f 627//531 629//533 630//534 
f 630//534 631//535 627//531 
f 632//536 633//537 634//538 
f 631//535 630//534 632//536 
f 632//536 635//539 631//535 
f 636//540 637//541 638//542 
f 639//543 636//540 640//544 
f 633//537 639//543 641//545 
f 641//545 634//538 633//537 
f 640//544 641//545 639//543 
f 637//541 642//546 643//547 
f 644//548 645//549 643//547 
f 643//547 642//546 644//548 
f 646//550 647//551 648//552 
f 647//551 646//550 645//549 
f 645//549 644//548 647//551 
f 648//552 649//553 650//554 
f 650//554 649//553 651//555 
f 651//555 652//556 650//554 
f 653//557 654//558 655//559 
f 653//557 656//560 657//561 
f 657//561 658//562 653//557 
f 652//556 651//555 655//559 
f 655//559 654//558 652//556 
f 659//563 660//564 661//565 
f 658//562 657//561 660//564 
f 660//564 659//563 658//562 
f 662//566 663//567 664//568 
f 665//569 661//565 664//568 
f 664//568 663//567 665//569 
f 666//570 667//571 668//572 
f 667//571 662//566 669//573 
f 669//573 668//572 667//571 
f 670//574 671//575 672//576 
f 673//577 666//570 674//578 
f 673//577 675//579 671//575 
f 671//575 670//574 673//577 
f 674//578 675//579 673//577 
f 672//576 676//580 677//581 
f 678//582 679//583 677//581 
f 677//581 676//580 678//582 
f 680//584 681//584 682//585 
f 683//586 682//585 679//583 
f 679//583 678//582 683//586 
f 682//585 683//586 680//584 
f 677//581 684//587 672//576 
f 672//576 684//587 670//574 
f 668//572 674//578 666//570 
f 664//568 669//573 662//566 
f 661//565 665//569 659//563 
f 655//559 656//560 653//557 
f 650//554 685//588 648//552 
f 648//552 685//588 646//550 
f 643//547 638//542 637//541 
f 638//542 640//544 636//540 
f 634//538 635//539 632//536 
f 628//532 629//533 627//531 
f 626//530 628//532 624//528 
f 619//523 621//525 620//524 
f 615//519 611//515 610//514 
f 611//515 612//516 609//513 
f 607//511 613//517 605//509 
f 601//505 608//512 599//503 
f 598//502 603//507 596//500 
f 593//497 587//491 586//490 
f 587//491 591//495 585//489 
f 583//487 589//493 581//485 
f 580//484 584//488 578//482 
f 574//478 575//479 572//476 
f 569//473 566//470 565//469 
f 566//470 567//471 564//468 
f 559//463 563//467 557//461 
f 556//459 561//465 554//457 
o mesh38
f 561//589 557//589 563//589 
f 561//589 565//589 557//589 
f 346//589 575//589 574//589 
f 565//589 564//589 557//589 
f 570//589 568//589 565//589 
f 346//589 576//589 575//589 
f 346//589 584//589 580//589 
f 346//589 585//589 590//589 
f 346//589 601//589 604//589 
f 346//589 618//589 614//589 
f 318//589 686//589 687//589 
f 318//589 688//589 689//589 
f 570//589 561//589 556//589 
f 565//589 561//589 570//589 
f 580//589 576//589 346//589 
f 346//589 589//589 583//589 
f 346//589 586//589 585//589 
f 346//589 594//589 592//589 
f 346//589 608//589 601//589 
f 346//589 613//589 607//589 
f 346//589 610//589 609//589 
f 346//589 619//589 618//589 
f 346//589 622//589 621//589 
f 346//589 628//589 626//589 
f 318//589 690//589 691//589 
f 318//589 692//589 693//589 
f 318//589 694//589 695//589 
f 687//589 696//589 318//589 
f 318//589 697//589 698//589 
f 689//589 699//589 318//589 
f 563//589 562//589 561//589 
f 583//589 584//589 346//589 
f 592//589 586//589 346//589 
f 346//589 603//589 598//589 
f 607//589 608//589 346//589 
f 614//589 610//589 346//589 
f 626//589 622//589 346//589 
f 346//589 630//589 629//589 
f 346//589 691//589 700//589 
f 693//589 690//589 318//589 
f 696//589 694//589 318//589 
f 318//589 701//589 702//589 
f 699//589 697//589 318//589 
f 318//589 703//589 704//589 
f 318//589 705//589 706//589 
f 318//589 707//589 708//589 
f 574//589 570//589 346//589 
f 598//589 594//589 346//589 
f 609//589 613//589 346//589 
f 629//589 628//589 346//589 
f 346//589 637//589 636//589 
f 346//589 648//589 647//589 
f 346//589 651//589 649//589 
f 346//589 671//589 675//589 
f 346//589 709//589 710//589 
f 346//589 711//589 712//589 
f 691//589 346//589 318//589 
f 318//589 713//589 714//589 
f 702//589 686//589 318//589 
f 704//589 688//589 318//589 
f 318//589 715//589 716//589 
f 708//589 705//589 318//589 
f 590//589 589//589 346//589 
f 621//589 619//589 346//589 
f 346//589 633//589 632//589 
f 636//589 639//589 346//589 
f 346//589 644//589 642//589 
f 649//589 648//589 346//589 
f 346//589 656//589 655//589 
f 346//589 669//589 664//589 
f 346//589 674//589 668//589 
f 346//589 672//589 671//589 
f 346//589 678//589 676//589 
f 346//589 680//589 683//589 
f 712//589 709//589 346//589 
f 714//589 692//589 318//589 
f 698//589 701//589 318//589 
f 706//589 715//589 318//589 
f 604//589 603//589 346//589 
f 639//589 633//589 346//589 
f 647//589 644//589 346//589 
f 346//589 657//589 656//589 
f 346//589 661//589 660//589 
f 668//589 669//589 346//589 
f 676//589 672//589 346//589 
f 346//589 717//589 680//589 
f 700//589 711//589 346//589 
f 716//589 703//589 318//589 
f 318//589 718//589 719//589 
f 632//589 630//589 346//589 
f 655//589 651//589 346//589 
f 664//589 661//589 346//589 
f 683//589 678//589 346//589 
f 695//589 713//589 318//589 
f 318//589 317//589 718//589 
f 642//589 637//589 346//589 
f 675//589 674//589 346//589 
f 719//589 707//589 318//589 
f 660//589 657//589 346//589 
f 556//589 346//589 570//589 
f 710//589 717//589 346//589 
o mesh39
f 554//590 560//590 559//590 
f 347//590 571//590 573//590 
f 559//590 558//590 554//590 
f 347//590 611//590 615//590 
f 347//590 596//590 602//590 
f 347//590 581//590 588//590 
f 347//590 577//590 579//590 
f 573//590 572//590 347//590 
f 571//590 554//590 566//590 
f 558//590 566//590 554//590 
f 347//590 623//590 625//590 
f 347//590 616//590 620//590 
f 615//590 617//590 347//590 
f 347//590 605//590 612//590 
f 347//590 599//590 606//590 
f 602//590 600//590 347//590 
f 347//590 587//590 593//590 
f 588//590 591//590 347//590 
f 347//590 578//590 582//590 
f 572//590 577//590 347//590 
f 558//590 567//590 566//590 
f 571//590 347//590 555//590 
f 319//590 347//590 720//590 
f 347//590 624//590 627//590 
f 620//590 623//590 347//590 
f 612//590 611//590 347//590 
f 600//590 599//590 347//590 
f 347//590 595//590 597//590 
f 591//590 587//590 347//590 
f 579//590 578//590 347//590 
f 555//590 554//590 571//590 
f 319//590 721//590 722//590 
f 319//590 723//590 724//590 
f 720//590 725//590 319//590 
f 347//590 666//590 673//590 
f 347//590 685//590 650//590 
f 347//590 645//590 646//590 
f 347//590 641//590 640//590 
f 625//590 624//590 347//590 
f 606//590 605//590 347//590 
f 593//590 595//590 347//590 
f 566//590 569//590 571//590 
f 319//590 726//590 727//590 
f 722//590 728//590 319//590 
f 319//590 729//590 730//590 
f 319//590 731//590 732//590 
f 319//590 733//590 734//590 
f 725//590 723//590 319//590 
f 347//590 679//590 682//590 
f 347//590 684//590 677//590 
f 673//590 670//590 347//590 
f 347//590 662//590 667//590 
f 347//590 665//590 663//590 
f 347//590 652//590 654//590 
f 646//590 685//590 347//590 
f 347//590 638//590 643//590 
f 347//590 634//590 641//590 
f 347//590 631//590 635//590 
f 617//590 616//590 347//590 
f 582//590 581//590 347//590 
f 319//590 735//590 736//590 
f 728//590 726//590 319//590 
f 319//590 737//590 738//590 
f 319//590 739//590 740//590 
f 730//590 741//590 319//590 
f 319//590 742//590 743//590 
f 732//590 744//590 319//590 
f 724//590 733//590 319//590 
f 347//590 745//590 746//590 
f 682//590 681//590 347//590 
f 670//590 684//590 347//590 
f 663//590 662//590 347//590 
f 347//590 658//590 659//590 
f 654//590 653//590 347//590 
f 643//590 645//590 347//590 
f 635//590 634//590 347//590 
f 597//590 596//590 347//590 
f 736//590 747//590 319//590 
f 738//590 721//590 319//590 
f 741//590 739//590 319//590 
f 319//590 748//590 749//590 
f 744//590 742//590 319//590 
f 319//590 750//590 751//590 
f 746//590 720//590 347//590 
f 347//590 752//590 753//590 
f 677//590 679//590 347//590 
f 659//590 665//590 347//590 
f 650//590 652//590 347//590 
f 627//590 631//590 347//590 
f 727//590 735//590 319//590 
f 749//590 729//590 319//590 
f 751//590 731//590 319//590 
f 753//590 745//590 347//590 
f 667//590 666//590 347//590 
f 640//590 638//590 347//590 
f 740//590 737//590 319//590 
f 734//590 750//590 319//590 
f 653//590 658//590 347//590 
f 743//590 748//590 319//590 
f 747//590 320//590 319//590 
f 681//590 752//590 347//590 
o mesh40
f 717//591 752//591 681//591 
f 681//591 680//591 717//591 
o mesh41
f 710//592 753//593 752//593 
f 752//593 717//592 710//592 
o mesh42
f 709//594 746//595 745//596 
f 745//596 710//597 709//594 
f 745//596 753//598 710//597 
f 711//599 725//600 720//601 
f 720//601 712//602 711//599 
f 720//601 746//595 712//602 
f 724//603 691//604 690//605 
f 723//606 700//607 691//604 
f 691//604 724//603 723//606 
f 723//606 725//600 700//607 
f 693//608 692//609 733//610 
f 734//611 733//610 692//609 
f 692//609 714//612 734//611 
f 751//613 750//614 713//615 
f 750//614 714//612 713//615 
f 713//615 695//616 751//613 
f 731//617 694//618 696//619 
f 696//619 732//620 731//617 
f 695//616 694//618 731//617 
f 731//617 751//613 695//616 
f 687//621 686//622 742//623 
f 742//623 744//624 687//621 
f 743//625 742//623 686//622 
f 686//622 702//626 743//625 
f 702//626 701//627 748//628 
f 749//629 748//628 701//627 
f 701//627 698//630 749//629 
f 730//631 729//632 697//633 
f 697//633 699//634 730//631 
f 698//630 697//633 729//632 
f 729//632 749//629 698//630 
f 688//635 739//636 741//637 
f 741//637 689//638 688//635 
f 740//639 739//636 688//635 
f 688//635 704//640 740//639 
f 704//640 703//641 737//642 
f 738//643 737//642 703//641 
f 703//641 716//644 738//643 
f 716//644 715//645 721//646 
f 722//647 721//646 715//645 
f 715//645 706//648 722//647 
f 706//648 726//649 728//650 
f 705//651 727//652 726//649 
f 726//649 706//648 705//651 
f 705//651 708//653 727//652 
f 735//654 708//653 707//655 
f 707//655 736//656 735//654 
f 735//654 727//652 708//653 
f 736//656 719//657 718//658 
f 718//658 320//659 747//660 
f 718//658 747//660 736//656 
f 718//658 317//659 320//659 
f 707//655 719//657 736//656 
f 728//650 722//647 706//648 
f 721//646 738//643 716//644 
f 737//642 740//639 704//640 
f 741//637 730//631 689//638 
f 699//634 689//638 730//631 
f 748//628 743//625 702//626 
f 744//624 732//620 687//621 
f 696//619 687//621 732//620 
f 750//614 734//611 714//612 
f 733//610 724//603 693//608 
f 690//605 693//608 724//603 
f 711//599 700//607 725//600 
f 709//594 712//602 746//595 
o mesh43
f 754//661 755//662 756//663 
f 351//664 350//664 756//663 
f 756//663 755//662 351//664 
f 757//665 758//666 759//667 
f 758//666 754//661 760//668 
f 760//668 759//667 758//666 
f 761//669 757//665 762//670 
f 761//669 763//671 764//672 
f 764//672 765//673 761//669 
f 766//674 767//675 768//676 
f 765//673 764//672 767//675 
f 767//675 766//674 765//673 
f 768//676 769//677 770//678 
f 770//678 769//677 771//679 
f 771//679 772//680 770//678 
f 773//681 774//682 775//683 
f 771//679 776//684 777//685 
f 777//685 776//684 775//683 
f 775//683 774//682 777//685 
f 777//685 772//680 771//679 
f 778//686 773//681 779//687 
f 780//688 778//686 781//689 
f 781//689 782//690 780//688 
f 783//691 784//692 785//693 
f 783//691 786//694 780//688 
f 780//688 782//690 783//691 
f 787//695 788//696 789//697 
f 784//692 790//698 791//699 
f 791//699 790//698 789//697 
f 789//697 788//696 791//699 
f 791//699 785//693 784//692 
f 792//700 787//695 793//701 
f 794//702 795//703 792//700 
f 792//700 796//704 794//702 
f 797//705 798//706 799//707 
f 799//707 798//706 795//703 
f 795//703 794//702 799//707 
f 800//708 801//709 802//710 
f 802//710 801//709 797//705 
f 797//705 803//711 802//710 
f 800//708 804//712 805//713 
f 805//713 806//714 800//708 
f 807//715 808//716 809//717 
f 806//714 805//713 809//717 
f 809//717 808//716 806//714 
f 810//718 811//719 807//715 
f 812//720 811//719 810//718 
f 810//718 813//721 812//720 
f 814//722 815//723 812//720 
f 816//724 817//725 818//726 
f 816//724 819//727 815//723 
f 815//723 814//722 816//724 
f 818//726 819//727 816//724 
f 817//725 820//728 821//729 
f 822//730 821//729 820//728 
f 820//728 823//731 822//730 
f 824//732 822//730 823//731 
f 825//733 826//734 824//732 
f 824//732 827//735 825//733 
f 828//736 829//737 830//738 
f 828//736 831//739 826//734 
f 826//734 825//733 828//736 
f 830//738 829//737 832//740 
f 832//740 833//741 830//738 
f 834//742 835//743 836//744 
f 833//741 832//740 836//744 
f 836//744 835//743 833//741 
f 837//745 838//746 839//747 
f 840//748 841//749 839//747 
f 839//747 838//746 840//748 
f 842//750 843//751 844//752 
f 842//750 845//753 841//749 
f 841//749 840//748 842//750 
f 843//751 846//754 847//755 
f 848//756 849//757 850//758 
f 850//758 849//757 847//755 
f 847//755 846//754 850//758 
f 850//758 851//759 848//756 
f 851//759 852//760 853//761 
f 854//762 855//763 853//761 
f 853//761 852//760 854//762 
f 856//764 857//765 858//766 
f 858//766 857//765 855//763 
f 855//763 854//762 858//766 
f 859//767 856//764 860//768 
f 859//767 861//769 862//770 
f 862//770 863//771 859//767 
f 864//772 865//773 866//774 
f 867//775 864//772 868//776 
f 868//776 869//777 867//775 
f 863//771 862//770 866//774 
f 866//774 865//773 863//771 
f 870//778 871//779 872//780 
f 869//777 870//778 873//781 
f 873//781 867//775 869//777 
f 871//779 874//782 875//783 
f 876//784 877//785 875//783 
f 875//783 874//782 876//784 
f 878//786 879//787 880//788 
f 879//787 878//786 877//785 
f 877//785 876//784 879//787 
f 880//788 881//788 878//786 
f 875//783 872//780 871//779 
f 872//780 873//781 870//778 
f 866//774 868//776 864//772 
f 860//768 861//769 859//767 
f 858//766 860//768 856//764 
f 853//761 848//756 851//759 
f 847//755 844//752 843//751 
f 844//752 845//753 842//750 
f 839//747 834//742 837//745 
f 836//744 837//745 834//742 
f 830//738 831//739 828//736 
f 823//731 827//735 824//732 
f 821//729 818//726 817//725 
f 812//720 813//721 814//722 
f 807//715 882//789 810//718 
f 809//717 882//789 807//715 
f 802//710 804//712 800//708 
f 799//707 803//711 797//705 
f 793//701 796//704 792//700 
f 789//697 793//701 787//695 
f 785//693 786//694 783//691 
f 779//687 781//689 778//686 
f 775//683 779//687 773//681 
f 770//678 883//790 768//676 
f 768//676 883//790 766//674 
f 762//670 763//671 761//669 
f 759//667 762//670 757//665 
f 756//663 760//668 754//661 
o mesh44
f 779//791 771//791 769//791 
f 779//791 775//791 776//791 
f 779//791 768//791 767//791 
f 776//791 771//791 779//791 
f 779//791 764//791 763//791 
f 769//791 768//791 779//791 
f 350//791 793//791 789//791 
f 779//791 762//791 759//791 
f 767//791 764//791 779//791 
f 350//791 784//791 783//791 
f 789//791 790//791 350//791 
f 350//791 805//791 804//791 
f 321//791 884//791 885//791 
f 321//791 886//791 887//791 
f 779//791 760//791 756//791 
f 763//791 762//791 779//791 
f 350//791 782//791 781//791 
f 790//791 784//791 350//791 
f 350//791 803//791 799//791 
f 804//791 802//791 350//791 
f 350//791 817//791 816//791 
f 321//791 888//791 889//791 
f 321//791 890//791 891//791 
f 321//791 892//791 893//791 
f 885//791 894//791 321//791 
f 321//791 895//791 896//791 
f 887//791 897//791 321//791 
f 759//791 760//791 779//791 
f 783//791 782//791 350//791 
f 350//791 794//791 796//791 
f 802//791 803//791 350//791 
f 350//791 813//791 810//791 
f 816//791 814//791 350//791 
f 350//791 832//791 829//791 
f 350//791 880//791 879//791 
f 350//791 889//791 898//791 
f 891//791 888//791 321//791 
f 894//791 892//791 321//791 
f 321//791 899//791 900//791 
f 897//791 895//791 321//791 
f 321//791 901//791 902//791 
f 321//791 903//791 904//791 
f 321//791 905//791 906//791 
f 781//791 779//791 350//791 
f 799//791 794//791 350//791 
f 350//791 882//791 809//791 
f 814//791 813//791 350//791 
f 350//791 825//791 827//791 
f 829//791 828//791 350//791 
f 350//791 851//791 850//791 
f 350//791 854//791 852//791 
f 350//791 860//791 858//791 
f 350//791 876//791 874//791 
f 350//791 907//791 880//791 
f 350//791 908//791 909//791 
f 350//791 910//791 911//791 
f 889//791 350//791 321//791 
f 321//791 912//791 913//791 
f 900//791 884//791 321//791 
f 902//791 886//791 321//791 
f 321//791 914//791 915//791 
f 906//791 903//791 321//791 
f 796//791 793//791 350//791 
f 810//791 882//791 350//791 
f 350//791 823//791 820//791 
f 828//791 825//791 350//791 
f 350//791 837//791 836//791 
f 350//791 840//791 838//791 
f 850//791 846//791 350//791 
f 858//791 854//791 350//791 
f 350//791 868//791 866//791 
f 350//791 871//791 870//791 
f 879//791 876//791 350//791 
f 911//791 908//791 350//791 
f 913//791 890//791 321//791 
f 896//791 899//791 321//791 
f 904//791 914//791 321//791 
f 809//791 805//791 350//791 
f 827//791 823//791 350//791 
f 838//791 837//791 350//791 
f 350//791 843//791 842//791 
f 852//791 851//791 350//791 
f 350//791 862//791 861//791 
f 350//791 869//791 868//791 
f 874//791 871//791 350//791 
f 898//791 910//791 350//791 
f 915//791 901//791 321//791 
f 321//791 916//791 917//791 
f 820//791 817//791 350//791 
f 842//791 840//791 350//791 
f 861//791 860//791 350//791 
f 870//791 869//791 350//791 
f 893//791 912//791 321//791 
f 321//791 322//791 916//791 
f 836//791 832//791 350//791 
f 866//791 862//791 350//791 
f 917//791 905//791 321//791 
f 846//791 843//791 350//791 
f 756//791 350//791 779//791 
f 909//791 907//791 350//791 
o mesh45
f 773//792 772//792 777//792 
f 773//792 883//792 770//792 
f 351//792 791//792 788//792 
f 770//792 772//792 773//792 
f 773//792 765//792 766//792 
f 351//792 801//792 800//792 
f 351//792 785//792 791//792 
f 351//792 780//792 786//792 
f 766//792 883//792 773//792 
f 773//792 757//792 761//792 
f 773//792 754//792 758//792 
f 773//792 351//792 755//792 
f 351//792 815//792 819//792 
f 351//792 797//792 801//792 
f 351//792 795//792 798//792 
f 786//792 785//792 351//792 
f 351//792 773//792 778//792 
f 761//792 765//792 773//792 
f 755//792 754//792 773//792 
f 323//792 351//792 918//792 
f 351//792 877//792 878//792 
f 351//792 831//792 830//792 
f 351//792 812//792 815//792 
f 351//792 807//792 811//792 
f 798//792 797//792 351//792 
f 351//792 787//792 792//792 
f 778//792 780//792 351//792 
f 758//792 757//792 773//792 
f 323//792 919//792 920//792 
f 323//792 921//792 922//792 
f 918//792 923//792 323//792 
f 878//792 881//792 351//792 
f 351//792 872//792 875//792 
f 351//792 855//792 857//792 
f 351//792 848//792 853//792 
f 351//792 847//792 849//792 
f 351//792 826//792 831//792 
f 351//792 822//792 824//792 
f 811//792 812//792 351//792 
f 351//792 806//792 808//792 
f 792//792 795//792 351//792 
f 777//792 774//792 773//792 
f 323//792 924//792 925//792 
f 920//792 926//792 323//792 
f 323//792 927//792 928//792 
f 323//792 929//792 930//792 
f 323//792 931//792 932//792 
f 923//792 921//792 323//792 
f 875//792 877//792 351//792 
f 351//792 867//792 873//792 
f 351//792 863//792 865//792 
f 853//792 855//792 351//792 
f 351//792 844//792 847//792 
f 351//792 834//792 839//792 
f 351//792 833//792 835//792 
f 824//792 826//792 351//792 
f 351//792 818//792 821//792 
f 808//792 807//792 351//792 
f 788//792 787//792 351//792 
f 323//792 933//792 934//792 
f 926//792 924//792 323//792 
f 323//792 935//792 936//792 
f 323//792 937//792 938//792 
f 928//792 939//792 323//792 
f 323//792 940//792 941//792 
f 930//792 942//792 323//792 
f 922//792 931//792 323//792 
f 351//792 943//792 944//792 
f 873//792 872//792 351//792 
f 865//792 864//792 351//792 
f 351//792 856//792 859//792 
f 849//792 848//792 351//792 
f 351//792 841//792 845//792 
f 835//792 834//792 351//792 
f 821//792 822//792 351//792 
f 800//792 806//792 351//792 
f 934//792 945//792 323//792 
f 936//792 919//792 323//792 
f 939//792 937//792 323//792 
f 323//792 946//792 947//792 
f 942//792 940//792 323//792 
f 323//792 948//792 949//792 
f 944//792 918//792 351//792 
f 351//792 950//792 951//792 
f 864//792 867//792 351//792 
f 857//792 856//792 351//792 
f 839//792 841//792 351//792 
f 819//792 818//792 351//792 
f 925//792 933//792 323//792 
f 947//792 927//792 323//792 
f 949//792 929//792 323//792 
f 951//792 943//792 351//792 
f 859//792 863//792 351//792 
f 830//792 833//792 351//792 
f 938//792 935//792 323//792 
f 932//792 948//792 323//792 
f 845//792 844//792 351//792 
f 941//792 946//792 323//792 
f 945//792 324//792 323//792 
f 881//792 950//792 351//792 
o mesh46
f 950//793 881//793 880//793 
f 880//793 907//793 950//793 
o mesh47
f 909//794 951//795 950//795 
f 950//795 907//794 909//794 
o mesh48
f 908//796 944//797 943//798 
f 943//798 909//799 908//796 
f 943//798 951//800 909//799 
f 910//801 923//802 918//803 
f 918//803 911//804 910//801 
f 918//803 944//797 911//804 
f 922//805 889//806 888//807 
f 921//808 898//809 889//806 
f 889//806 922//805 921//808 
f 921//808 923//802 898//809 
f 891//810 890//811 931//812 
f 932//813 931//812 890//811 
f 890//811 913//814 932//813 
f 949//815 948//816 912//817 
f 948//816 913//814 912//817 
f 912//817 893//818 949//815 
f 929//819 892//820 894//821 
f 894//821 930//822 929//819 
f 893//818 892//820 929//819 
f 929//819 949//815 893//818 
f 885//823 884//824 940//825 
f 940//825 942//826 885//823 
f 941//827 940//825 884//824 
f 884//824 900//828 941//827 
f 900//828 899//829 946//830 
f 947//831 946//830 899//829 
f 899//829 896//832 947//831 
f 928//833 927//834 895//835 
f 895//835 897//836 928//833 
f 896//832 895//835 927//834 
f 927//834 947//831 896//832 
f 886//837 937//838 939//839 
f 939//839 887//840 886//837 
f 938//841 937//838 886//837 
f 886//837 902//842 938//841 
f 902//842 901//843 935//844 
f 936//845 935//844 901//843 
f 901//843 915//846 936//845 
f 915//846 914//847 919//848 
f 920//849 919//848 914//847 
f 914//847 904//850 920//849 
f 904//850 924//851 926//852 
f 903//853 925//854 924//851 
f 924//851 904//850 903//853 
f 903//853 906//855 925//854 
f 933//856 906//855 905//857 
f 905//857 934//858 933//856 
f 933//856 925//854 906//855 
f 934//858 917//859 916//860 
f 916//860 324//861 945//862 
f 916//860 945//862 934//858 
f 916//860 322//861 324//861 
f 905//857 917//859 934//858 
f 926//852 920//849 904//850 
f 919//848 936//845 915//846 
f 935//844 938//841 902//842 
f 939//839 928//833 887//840 
f 897//836 887//840 928//833 
f 946//830 941//827 900//828 
f 942//826 930//822 885//823 
f 894//821 885//823 930//822 
f 948//816 932//813 913//814 
f 931//812 922//805 891//810 
f 888//807 891//810 922//805 
f 910//801 898//809 923//802 
f 908//796 911//804 944//797 
o mesh49
f 952//863 353//864 352//864 
f 953//865 952//863 954//866 
f 954//866 955//867 953//865 
f 956//868 957//869 958//870 
f 958//870 957//869 953//865 
f 953//865 955//867 958//870 
f 959//871 956//868 960//872 
f 959//871 961//873 962//874 
f 962//874 963//875 959//871 
f 964//876 965//877 966//878 
f 963//875 962//874 964//876 
f 964//876 967//879 963//875 
f 965//877 968//880 969//881 
f 969//881 968//880 970//882 
f 970//882 971//883 969//881 
f 972//884 973//885 974//886 
f 971//883 970//882 972//884 
f 972//884 975//887 971//883 
f 976//888 974//886 973//885 
f 973//885 977//889 976//888 
f 978//890 979//891 980//892 
f 979//891 978//890 976//888 
f 976//888 977//889 979//891 
f 980//892 981//893 982//894 
f 983//895 982//894 981//893 
f 981//893 984//896 983//895 
f 985//897 986//898 987//899 
f 985//897 988//900 989//901 
f 989//901 990//902 985//897 
f 987//899 986//898 983//895 
f 983//895 984//896 987//899 
f 991//903 992//904 993//905 
f 990//902 989//901 992//904 
f 992//904 991//903 990//902 
f 994//906 993//905 995//907 
f 996//908 997//909 998//910 
f 998//910 995//907 996//908 
f 999//911 1000//912 1001//913 
f 1001//913 1000//912 997//909 
f 997//909 996//908 1001//913 
f 1002//914 1003//915 1004//916 
f 1005//917 999//911 1006//918 
f 1005//917 1007//919 1003//915 
f 1003//915 1002//914 1005//917 
f 1006//918 1007//919 1005//917 
f 1004//916 1008//920 1009//921 
f 1010//922 1009//921 1008//920 
f 1008//920 1011//923 1010//922 
f 1012//924 1013//925 1014//926 
f 1014//926 1013//925 1010//922 
f 1010//922 1011//923 1014//926 
f 1015//927 1012//924 1016//928 
f 1015//927 1017//929 1018//930 
f 1018//930 1019//931 1015//927 
f 1020//932 1021//933 1022//934 
f 1023//935 1020//932 1024//936 
f 1024//936 1025//937 1023//935 
f 1019//931 1018//930 1022//934 
f 1022//934 1021//933 1019//931 
f 1026//938 1027//939 1028//940 
f 1023//935 1025//937 1026//938 
f 1026//938 1029//941 1023//935 
f 1027//939 1030//942 1031//943 
f 1032//944 1033//945 1031//943 
f 1031//943 1030//942 1032//944 
f 1034//946 1035//947 1036//948 
f 1036//948 1035//947 1033//945 
f 1033//945 1032//944 1036//948 
f 1037//949 1038//950 1039//951 
f 1037//949 1040//952 1034//946 
f 1034//946 1041//953 1037//949 
f 1039//951 1038//950 1042//954 
f 1042//954 1043//955 1039//951 
f 1044//956 1045//957 1046//958 
f 1043//955 1042//954 1046//958 
f 1046//958 1045//957 1043//955 
f 1047//959 1048//960 1049//961 
f 1044//956 1050//962 1049//961 
f 1049//961 1048//960 1044//956 
f 1051//963 1047//959 1052//964 
f 1051//963 1053//965 1054//966 
f 1054//966 1055//967 1051//963 
f 1056//968 1057//969 1058//970 
f 1055//967 1054//966 1056//968 
f 1056//968 1059//971 1055//967 
f 1057//969 1060//972 1061//973 
f 1062//974 1061//973 1060//972 
f 1060//972 1063//975 1062//974 
f 1064//976 1065//977 1066//978 
f 1064//976 1067//979 1068//980 
f 1068//980 1069//981 1064//976 
f 1063//975 1066//978 1065//977 
f 1065//977 1062//974 1063//975 
f 1070//982 1071//983 1072//984 
f 1069//981 1068//980 1073//985 
f 1073//985 1072//984 1069//981 
f 1074//986 1075//987 1071//983 
f 1076//988 1077//988 1075//987 
f 1075//987 1074//986 1076//988 
f 1071//983 1070//982 1074//986 
f 1072//984 1073//985 1070//982 
f 1066//978 1067//979 1064//976 
f 1061//973 1058//970 1057//969 
f 1058//970 1059//971 1056//968 
f 1052//964 1053//965 1051//963 
f 1049//961 1052//964 1047//959 
f 1046//958 1050//962 1044//956 
f 1039//951 1040//952 1037//949 
f 1036//948 1041//953 1034//946 
f 1031//943 1028//940 1027//939 
f 1028//940 1029//941 1026//938 
f 1022//934 1024//936 1020//932 
f 1016//928 1017//929 1015//927 
f 1014//926 1016//928 1012//924 
f 1009//921 1078//989 1004//916 
f 1004//916 1078//989 1002//914 
f 1001//913 1006//918 999//911 
f 995//907 998//910 994//906 
f 993//905 994//906 991//903 
f 987//899 988//900 985//897 
f 982//894 1079//990 980//892 
f 980//892 1079//990 978//890 
f 974//886 975//887 972//884 
f 969//881 966//878 965//877 
f 966//878 967//879 964//876 
f 960//872 961//873 959//871 
f 958//870 960//872 956//868 
f 352//864 954//866 952//863 
o mesh50
f 1080//991 1068//991 1067//991 
f 1068//991 1076//991 1070//991 
f 1080//991 977//991 973//991 
f 1080//991 1050//991 1046//991 
f 1067//991 1066//991 1080//991 
f 1068//991 1080//991 1076//991 
f 309//991 1081//991 1082//991 
f 309//991 1083//991 1084//991 
f 1080//991 970//991 968//991 
f 973//991 972//991 1080//991 
f 1080//991 1032//991 1030//991 
f 1080//991 1041//991 1036//991 
f 1080//991 1042//991 1038//991 
f 1080//991 1049//991 1050//991 
f 1080//991 1057//991 1056//991 
f 1080//991 1063//991 1060//991 
f 1070//991 1073//991 1068//991 
f 309//991 1085//991 1086//991 
f 309//991 1087//991 1088//991 
f 309//991 1089//991 1090//991 
f 1082//991 1091//991 309//991 
f 309//991 1092//991 1093//991 
f 1084//991 1094//991 309//991 
f 1080//991 960//991 958//991 
f 1080//991 962//991 961//991 
f 1080//991 965//991 964//991 
f 972//991 970//991 1080//991 
f 1036//991 1032//991 1080//991 
f 1038//991 1037//991 1080//991 
f 1080//991 1052//991 1049//991 
f 1080//991 1054//991 1053//991 
f 1060//991 1057//991 1080//991 
f 1076//991 1074//991 1070//991 
f 352//991 1086//991 1095//991 
f 1088//991 1085//991 309//991 
f 1091//991 1089//991 309//991 
f 309//991 1096//991 1097//991 
f 1094//991 1092//991 309//991 
f 309//991 1098//991 1099//991 
f 309//991 1100//991 1101//991 
f 309//991 1102//991 1103//991 
f 961//991 960//991 1080//991 
f 968//991 965//991 1080//991 
f 1080//991 980//991 979//991 
f 1080//991 984//991 981//991 
f 1080//991 989//991 988//991 
f 1080//991 1024//991 1022//991 
f 1080//991 1027//991 1026//991 
f 1037//991 1041//991 1080//991 
f 1053//991 1052//991 1080//991 
f 1066//991 1063//991 1080//991 
f 352//991 1104//991 1105//991 
f 352//991 1106//991 1107//991 
f 1086//991 352//991 309//991 
f 309//991 1108//991 1109//991 
f 1097//991 1081//991 309//991 
f 1099//991 1083//991 309//991 
f 309//991 1110//991 1111//991 
f 1103//991 1100//991 309//991 
f 1080//991 955//991 954//991 
f 964//991 962//991 1080//991 
f 981//991 980//991 1080//991 
f 988//991 987//991 1080//991 
f 1080//991 996//991 995//991 
f 1080//991 1006//991 1001//991 
f 1080//991 1004//991 1003//991 
f 1080//991 1011//991 1008//991 
f 1080//991 1016//991 1014//991 
f 1080//991 1018//991 1017//991 
f 1080//991 1025//991 1024//991 
f 1030//991 1027//991 1080//991 
f 1056//991 1054//991 1080//991 
f 1107//991 1104//991 352//991 
f 1109//991 1087//991 309//991 
f 1093//991 1096//991 309//991 
f 1101//991 1110//991 309//991 
f 958//991 955//991 1080//991 
f 987//991 984//991 1080//991 
f 1080//991 993//991 992//991 
f 1001//991 996//991 1080//991 
f 1003//991 1007//991 1080//991 
f 1014//991 1011//991 1080//991 
f 1022//991 1018//991 1080//991 
f 1046//991 1042//991 1080//991 
f 1095//991 1106//991 352//991 
f 1111//991 1098//991 309//991 
f 309//991 1112//991 1113//991 
f 979//991 977//991 1080//991 
f 995//991 993//991 1080//991 
f 1008//991 1004//991 1080//991 
f 1026//991 1025//991 1080//991 
f 1090//991 1108//991 309//991 
f 309//991 311//991 1112//991 
f 992//991 989//991 1080//991 
f 1017//991 1016//991 1080//991 
f 1113//991 1102//991 309//991 
f 1007//991 1006//991 1080//991 
f 954//991 352//991 1080//991 
f 1105//991 1080//991 352//991 
o mesh51
f 1114//992 1065//992 1064//992 
f 1114//992 1069//992 1072//992 
f 1114//992 1062//992 1065//992 
f 1114//992 1043//992 1045//992 
f 1114//992 975//992 974//992 
f 1071//992 1075//992 1077//992 
f 1064//992 1069//992 1114//992 
f 1114//992 1058//992 1061//992 
f 1114//992 1055//992 1059//992 
f 1045//992 1044//992 1114//992 
f 1114//992 1040//992 1039//992 
f 1114//992 1033//992 1035//992 
f 1114//992 1028//992 1031//992 
f 1114//992 971//992 975//992 
f 1114//992 966//992 969//992 
f 310//992 353//992 1115//992 
f 1072//992 1071//992 1114//992 
f 1059//992 1058//992 1114//992 
f 1114//992 1047//992 1051//992 
f 1044//992 1048//992 1114//992 
f 1114//992 1034//992 1040//992 
f 1031//992 1033//992 1114//992 
f 969//992 971//992 1114//992 
f 1114//992 963//992 967//992 
f 1114//992 956//992 959//992 
f 1114//992 953//992 957//992 
f 310//992 1116//992 1117//992 
f 310//992 1118//992 1119//992 
f 1115//992 1120//992 310//992 
f 1061//992 1062//992 1114//992 
f 1048//992 1047//992 1114//992 
f 1035//992 1034//992 1114//992 
f 1114//992 1023//992 1029//992 
f 1114//992 1019//992 1021//992 
f 1114//992 986//992 985//992 
f 1114//992 1079//992 982//992 
f 1114//992 976//992 978//992 
f 967//992 966//992 1114//992 
f 957//992 956//992 1114//992 
f 310//992 1121//992 1122//992 
f 1117//992 1123//992 310//992 
f 310//992 1124//992 1125//992 
f 310//992 1126//992 1127//992 
f 310//992 1128//992 1129//992 
f 1120//992 1118//992 310//992 
f 1051//992 1055//992 1114//992 
f 1029//992 1028//992 1114//992 
f 1021//992 1020//992 1114//992 
f 1114//992 1012//992 1015//992 
f 1114//992 1010//992 1013//992 
f 1114//992 1078//992 1009//992 
f 1114//992 1005//992 1002//992 
f 1114//992 997//992 1000//992 
f 1114//992 994//992 998//992 
f 1114//992 983//992 986//992 
f 978//992 1079//992 1114//992 
f 959//992 963//992 1114//992 
f 1114//992 353//992 952//992 
f 310//992 1130//992 1131//992 
f 1123//992 1121//992 310//992 
f 310//992 1132//992 1133//992 
f 310//992 1134//992 1135//992 
f 1125//992 1136//992 310//992 
f 310//992 1137//992 1138//992 
f 1127//992 1139//992 310//992 
f 1119//992 1128//992 310//992 
f 353//992 1140//992 1141//992 
f 1039//992 1043//992 1114//992 
f 1015//992 1019//992 1114//992 
f 1009//992 1010//992 1114//992 
f 1114//992 999//992 1005//992 
f 998//992 997//992 1114//992 
f 1114//992 990//992 991//992 
f 982//992 983//992 1114//992 
f 952//992 953//992 1114//992 
f 1131//992 1142//992 310//992 
f 1133//992 1116//992 310//992 
f 1136//992 1134//992 310//992 
f 310//992 1143//992 1144//992 
f 1139//992 1137//992 310//992 
f 310//992 1145//992 1146//992 
f 1141//992 1115//992 353//992 
f 353//992 1114//992 1147//992 
f 1020//992 1023//992 1114//992 
f 1002//992 1078//992 1114//992 
f 991//992 994//992 1114//992 
f 974//992 976//992 1114//992 
f 1122//992 1130//992 310//992 
f 1144//992 1124//992 310//992 
f 1146//992 1126//992 310//992 
f 1147//992 1140//992 353//992 
f 1013//992 1012//992 1114//992 
f 985//992 990//992 1114//992 
f 1135//992 1132//992 310//992 
f 1129//992 1145//992 310//992 
f 1000//992 999//992 1114//992 
f 1138//992 1143//992 310//992 
f 1142//992 312//992 310//992 
f 1077//992 1114//992 1071//992 
o mesh52
f 1076//993 1080//993 1114//993 
f 1114//993 1077//993 1076//993 
o mesh53
f 1105//994 1147//995 1114//995 
f 1114//995 1080//994 1105//994 
o mesh54
f 1104//996 1141//997 1140//998 
f 1140//998 1105//999 1104//996 
f 1140//998 1147//1000 1105//999 
f 1106//1001 1120//1002 1115//1003 
f 1115//1003 1107//1004 1106//1001 
f 1115//1003 1141//997 1107//1004 
f 1119//1005 1086//1006 1085//1007 
f 1118//1008 1095//1009 1086//1006 
f 1086//1006 1119//1005 1118//1008 
f 1118//1008 1120//1002 1095//1009 
f 1088//1010 1087//1011 1128//1012 
f 1129//1013 1128//1012 1087//1011 
f 1087//1011 1109//1014 1129//1013 
f 1146//1015 1145//1016 1108//1017 
f 1145//1016 1109//1014 1108//1017 
f 1108//1017 1090//1018 1146//1015 
f 1126//1019 1089//1020 1091//1021 
f 1091//1021 1127//1022 1126//1019 
f 1090//1018 1089//1020 1126//1019 
f 1126//1019 1146//1015 1090//1018 
f 1082//1023 1081//1024 1137//1025 
f 1137//1025 1139//1026 1082//1023 
f 1138//1027 1137//1025 1081//1024 
f 1081//1024 1097//1028 1138//1027 
f 1097//1028 1096//1029 1143//1030 
f 1144//1031 1143//1030 1096//1029 
f 1096//1029 1093//1032 1144//1031 
f 1125//1033 1124//1034 1092//1035 
f 1092//1035 1094//1036 1125//1033 
f 1093//1032 1092//1035 1124//1034 
f 1124//1034 1144//1031 1093//1032 
f 1083//1037 1134//1038 1136//1039 
f 1136//1039 1084//1040 1083//1037 
f 1135//1041 1134//1038 1083//1037 
f 1083//1037 1099//1042 1135//1041 
f 1099//1042 1098//1043 1132//1044 
f 1133//1045 1132//1044 1098//1043 
f 1098//1043 1111//1046 1133//1045 
f 1111//1046 1110//1047 1116//1048 
f 1117//1049 1116//1048 1110//1047 
f 1110//1047 1101//1050 1117//1049 
f 1101//1050 1121//1051 1123//1052 
f 1100//1053 1122//1054 1121//1051 
f 1121//1051 1101//1050 1100//1053 
f 1100//1053 1103//1055 1122//1054 
f 1130//1056 1103//1055 1102//1057 
f 1102//1057 1131//1058 1130//1056 
f 1130//1056 1122//1054 1103//1055 
f 1131//1058 1113//1059 1112//1060 
f 1112//1060 312//1061 1142//1062 
f 1112//1060 1142//1062 1131//1058 
f 1112//1060 311//1061 312//1061 
f 1102//1057 1113//1059 1131//1058 
f 1123//1052 1117//1049 1101//1050 
f 1116//1048 1133//1045 1111//1046 
f 1132//1044 1135//1041 1099//1042 
f 1136//1039 1125//1033 1084//1040 
f 1094//1036 1084//1040 1125//1033 
f 1143//1030 1138//1027 1097//1028 
f 1139//1026 1127//1022 1082//1023 
f 1091//1021 1082//1023 1127//1022 
f 1145//1016 1129//1013 1109//1014 
f 1128//1012 1119//1005 1088//1010 
f 1085//1007 1088//1010 1119//1005 
f 1106//1001 1095//1009 1120//1002 
f 1104//996 1107//1004 1141//997 
