ISO-10303-21;
HEADER;
/* Generated by software containing ST-Developer
 * from STEP Tools, Inc. (www.steptools.com) 
 */
/* OPTION: using custom renumber hook */

FILE_DESCRIPTION(
/* description */ ('STEP AP242 Edition 2',
'CAx-IF Rec.Pracs.---Representation and Presentation of Product Manufa
cturing Information (PMI)---4.0---2014-10-13',
'CAx-IF Rec.Pracs.---3D Tessellated Geometry---0.4---2014-09-14','2;1',
'CAx-IF Rec.Pracs.---User Defined Attributes---1.5---2016-08-15'),
/* implementation_level */ '2;1');

FILE_NAME(
/* name */ 'ARCADA001 - Part 1 (17)',
/* time_stamp */ '2026-07-17T02:50:55Z',
/* author */ (''),
/* organization */ (''),
/* preprocessor_version */ 'ST-DEVELOPER v20',
/* originating_system */ 'ONSHAPE BY PTC INC, 1.217',
/* authorisation */ '  ');

FILE_SCHEMA (('AP242_MANAGED_MODEL_BASED_3D_ENGINEERING_MIM_LF { 1 0 10303 442 3 1 4 }'));
ENDSEC;

DATA;
#10=SHAPE_REPRESENTATION_RELATIONSHIP('','',#2478,#11);
#11=ADVANCED_BREP_SHAPE_REPRESENTATION('',(#2476),#3782);
#12=DRAUGHTING_PRE_DEFINED_COLOUR('white');
#13=CIRCLE('',#2482,0.0250501516822427);
#14=CIRCLE('',#2484,0.0250501516822427);
#15=CIRCLE('',#2486,0.0015);
#16=CIRCLE('',#2487,0.0015);
#17=CIRCLE('',#2488,0.01625);
#18=CIRCLE('',#2489,0.0250501516822427);
#19=CIRCLE('',#2490,0.0250501516822427);
#20=CIRCLE('',#2491,0.0250501516822427);
#21=CIRCLE('',#2492,0.0250501516822427);
#22=CIRCLE('',#2493,0.0015);
#23=CIRCLE('',#2494,0.0015);
#24=CIRCLE('',#2504,0.003);
#25=CIRCLE('',#2505,0.003);
#26=CIRCLE('',#2507,0.003);
#27=CIRCLE('',#2508,0.003);
#28=CIRCLE('',#2510,0.003);
#29=CIRCLE('',#2511,0.003);
#30=CIRCLE('',#2513,0.003);
#31=CIRCLE('',#2514,0.003);
#32=CIRCLE('',#2516,0.003);
#33=CIRCLE('',#2517,0.003);
#34=CIRCLE('',#2519,0.003);
#35=CIRCLE('',#2520,0.003);
#36=CIRCLE('',#2522,0.003);
#37=CIRCLE('',#2523,0.003);
#38=CIRCLE('',#2525,0.003);
#39=CIRCLE('',#2526,0.003);
#40=CIRCLE('',#2551,0.0250501516822427);
#41=CIRCLE('',#2555,0.0250501516822427);
#42=CIRCLE('',#2559,0.01175);
#43=CIRCLE('',#2560,0.01175);
#44=CIRCLE('',#2562,0.01625);
#45=CIRCLE('',#2565,0.011);
#46=CIRCLE('',#2567,0.011);
#47=CIRCLE('',#2569,0.00525);
#48=CIRCLE('',#2571,0.0015);
#49=CIRCLE('',#2574,0.0015);
#50=CIRCLE('',#2577,0.0015);
#51=CIRCLE('',#2580,0.0015);
#52=CIRCLE('',#2583,0.00525);
#53=CIRCLE('',#2585,0.0037);
#54=CIRCLE('',#2587,0.0037);
#55=CIRCLE('',#2588,0.0025);
#56=CIRCLE('',#2591,0.0025);
#57=CIRCLE('',#2595,0.003);
#58=CIRCLE('',#2596,0.003);
#59=CIRCLE('',#2599,0.0015);
#60=CIRCLE('',#2602,0.003);
#61=CIRCLE('',#2603,0.003);
#62=CIRCLE('',#2606,0.0015);
#63=CIRCLE('',#2609,0.003);
#64=CIRCLE('',#2610,0.003);
#65=CIRCLE('',#2613,0.0015);
#66=CIRCLE('',#2616,0.003);
#67=CIRCLE('',#2617,0.003);
#68=CIRCLE('',#2620,0.0015);
#69=CIRCLE('',#2622,0.0015);
#70=CIRCLE('',#2625,0.0015);
#71=CIRCLE('',#2628,0.0015);
#72=CIRCLE('',#2631,0.0015);
#73=CIRCLE('',#2648,0.0042);
#74=CIRCLE('',#2650,0.0025);
#75=CIRCLE('',#2652,0.0025);
#76=CIRCLE('',#2654,0.0037);
#77=CIRCLE('',#2656,0.0037);
#78=CIRCLE('',#2658,0.0042);
#79=CYLINDRICAL_SURFACE('',#2481,0.0250501516822427);
#80=CYLINDRICAL_SURFACE('',#2483,0.0250501516822427);
#81=CYLINDRICAL_SURFACE('',#2495,0.0250491516822427);
#82=CYLINDRICAL_SURFACE('',#2497,0.0250491516822427);
#83=CYLINDRICAL_SURFACE('',#2499,0.0250491516822427);
#84=CYLINDRICAL_SURFACE('',#2501,0.0250491516822427);
#85=CYLINDRICAL_SURFACE('',#2503,0.003);
#86=CYLINDRICAL_SURFACE('',#2506,0.003);
#87=CYLINDRICAL_SURFACE('',#2509,0.003);
#88=CYLINDRICAL_SURFACE('',#2512,0.003);
#89=CYLINDRICAL_SURFACE('',#2515,0.003);
#90=CYLINDRICAL_SURFACE('',#2518,0.003);
#91=CYLINDRICAL_SURFACE('',#2521,0.003);
#92=CYLINDRICAL_SURFACE('',#2524,0.003);
#93=CYLINDRICAL_SURFACE('',#2534,0.0250501516822427);
#94=CYLINDRICAL_SURFACE('',#2536,0.0250501516822427);
#95=CYLINDRICAL_SURFACE('',#2538,0.0250501516822427);
#96=CYLINDRICAL_SURFACE('',#2540,0.0250501516822427);
#97=CYLINDRICAL_SURFACE('',#2550,0.0250501516822427);
#98=CYLINDRICAL_SURFACE('',#2554,0.0250501516822427);
#99=CYLINDRICAL_SURFACE('',#2558,0.01175);
#100=CYLINDRICAL_SURFACE('',#2561,0.01625);
#101=CYLINDRICAL_SURFACE('',#2566,0.011);
#102=CYLINDRICAL_SURFACE('',#2570,0.0015);
#103=CYLINDRICAL_SURFACE('',#2573,0.0015);
#104=CYLINDRICAL_SURFACE('',#2576,0.0015);
#105=CYLINDRICAL_SURFACE('',#2579,0.0015);
#106=CYLINDRICAL_SURFACE('',#2582,0.00525);
#107=CYLINDRICAL_SURFACE('',#2589,0.0037);
#108=CYLINDRICAL_SURFACE('',#2590,0.0025);
#109=CYLINDRICAL_SURFACE('',#2594,0.003);
#110=CYLINDRICAL_SURFACE('',#2601,0.003);
#111=CYLINDRICAL_SURFACE('',#2608,0.003);
#112=CYLINDRICAL_SURFACE('',#2615,0.003);
#113=CYLINDRICAL_SURFACE('',#2621,0.0015);
#114=CYLINDRICAL_SURFACE('',#2624,0.0015);
#115=CYLINDRICAL_SURFACE('',#2627,0.0015);
#116=CYLINDRICAL_SURFACE('',#2630,0.0015);
#117=CYLINDRICAL_SURFACE('',#2651,0.0025);
#118=CYLINDRICAL_SURFACE('',#2655,0.0037);
#119=CYLINDRICAL_SURFACE('',#2659,0.0042);
#120=B_SPLINE_CURVE_WITH_KNOTS('',3,(#3167,#3168,#3169,#3170),
 .UNSPECIFIED.,.F.,.F.,(4,4),(0.,0.0336446970749501),.UNSPECIFIED.);
#121=B_SPLINE_CURVE_WITH_KNOTS('',3,(#3172,#3173,#3174,#3175),
 .UNSPECIFIED.,.F.,.F.,(4,4),(0.0336446970749501,0.96635530292505),
 .UNSPECIFIED.);
#122=B_SPLINE_CURVE_WITH_KNOTS('',3,(#3177,#3178,#3179,#3180),
 .UNSPECIFIED.,.F.,.F.,(4,4),(0.96635530292505,1.),.UNSPECIFIED.);
#123=B_SPLINE_CURVE_WITH_KNOTS('',3,(#3190,#3191,#3192,#3193),
 .UNSPECIFIED.,.F.,.F.,(4,4),(0.91084841589391,1.),.UNSPECIFIED.);
#124=B_SPLINE_CURVE_WITH_KNOTS('',3,(#3195,#3196,#3197,#3198),
 .UNSPECIFIED.,.F.,.F.,(4,4),(0.089346723642158,0.910650795432505),
 .UNSPECIFIED.);
#125=B_SPLINE_CURVE_WITH_KNOTS('',3,(#3200,#3201,#3202,#3203),
 .UNSPECIFIED.,.F.,.F.,(4,4),(0.,0.0891745664017135),.UNSPECIFIED.);
#126=B_SPLINE_CURVE_WITH_KNOTS('',3,(#3210,#3211,#3212,#3213),
 .UNSPECIFIED.,.F.,.F.,(4,4),(0.910848415894539,1.),.UNSPECIFIED.);
#127=B_SPLINE_CURVE_WITH_KNOTS('',3,(#3215,#3216,#3217,#3218),
 .UNSPECIFIED.,.F.,.F.,(4,4),(0.0893467236420879,0.910650795432436),
 .UNSPECIFIED.);
#128=B_SPLINE_CURVE_WITH_KNOTS('',3,(#3220,#3221,#3222,#3223),
 .UNSPECIFIED.,.F.,.F.,(4,4),(0.,0.0891745664023405),.UNSPECIFIED.);
#129=B_SPLINE_CURVE_WITH_KNOTS('',3,(#3256,#3257,#3258,#3259),
 .UNSPECIFIED.,.F.,.F.,(4,4),(0.,1.),.UNSPECIFIED.);
#130=B_SPLINE_CURVE_WITH_KNOTS('',3,(#3263,#3264,#3265,#3266),
 .UNSPECIFIED.,.F.,.F.,(4,4),(0.,1.),.UNSPECIFIED.);
#131=B_SPLINE_CURVE_WITH_KNOTS('',3,(#3271,#3272,#3273,#3274),
 .UNSPECIFIED.,.F.,.F.,(4,4),(0.,1.),.UNSPECIFIED.);
#132=B_SPLINE_CURVE_WITH_KNOTS('',3,(#3278,#3279,#3280,#3281),
 .UNSPECIFIED.,.F.,.F.,(4,4),(0.,1.),.UNSPECIFIED.);
#133=B_SPLINE_CURVE_WITH_KNOTS('',3,(#3286,#3287,#3288,#3289),
 .UNSPECIFIED.,.F.,.F.,(4,4),(0.,1.),.UNSPECIFIED.);
#134=B_SPLINE_CURVE_WITH_KNOTS('',3,(#3293,#3294,#3295,#3296),
 .UNSPECIFIED.,.F.,.F.,(4,4),(0.,1.),.UNSPECIFIED.);
#135=B_SPLINE_CURVE_WITH_KNOTS('',3,(#3301,#3302,#3303,#3304),
 .UNSPECIFIED.,.F.,.F.,(4,4),(0.,1.),.UNSPECIFIED.);
#136=B_SPLINE_CURVE_WITH_KNOTS('',3,(#3308,#3309,#3310,#3311),
 .UNSPECIFIED.,.F.,.F.,(4,4),(0.,1.),.UNSPECIFIED.);
#137=B_SPLINE_CURVE_WITH_KNOTS('',3,(#3317,#3318,#3319,#3320),
 .UNSPECIFIED.,.F.,.F.,(4,4),(0.,1.),.UNSPECIFIED.);
#138=B_SPLINE_CURVE_WITH_KNOTS('',3,(#3325,#3326,#3327,#3328),
 .UNSPECIFIED.,.F.,.F.,(4,4),(0.,1.),.UNSPECIFIED.);
#139=B_SPLINE_CURVE_WITH_KNOTS('',3,(#3332,#3333,#3334,#3335),
 .UNSPECIFIED.,.F.,.F.,(4,4),(0.,1.),.UNSPECIFIED.);
#140=B_SPLINE_CURVE_WITH_KNOTS('',3,(#3340,#3341,#3342,#3343),
 .UNSPECIFIED.,.F.,.F.,(4,4),(0.,1.),.UNSPECIFIED.);
#141=B_SPLINE_CURVE_WITH_KNOTS('',3,(#3349,#3350,#3351,#3352),
 .UNSPECIFIED.,.F.,.F.,(4,4),(0.,1.),.UNSPECIFIED.);
#142=B_SPLINE_CURVE_WITH_KNOTS('',3,(#3380,#3381,#3382,#3383),
 .UNSPECIFIED.,.F.,.F.,(4,4),(0.,0.0891745664017109),.UNSPECIFIED.);
#143=B_SPLINE_CURVE_WITH_KNOTS('',3,(#3385,#3386,#3387,#3388),
 .UNSPECIFIED.,.F.,.F.,(4,4),(0.96635530292505,1.),.UNSPECIFIED.);
#144=B_SPLINE_CURVE_WITH_KNOTS('',3,(#3390,#3391,#3392,#3393),
 .UNSPECIFIED.,.F.,.F.,(4,4),(0.,0.0336446970749498),.UNSPECIFIED.);
#145=B_SPLINE_CURVE_WITH_KNOTS('',3,(#3395,#3396,#3397,#3398),
 .UNSPECIFIED.,.F.,.F.,(4,4),(0.910848415893911,1.),.UNSPECIFIED.);
#146=B_SPLINE_CURVE_WITH_KNOTS('',3,(#3400,#3401,#3402,#3403),
 .UNSPECIFIED.,.F.,.F.,(4,4),(0.,0.0891745664017123),.UNSPECIFIED.);
#147=B_SPLINE_CURVE_WITH_KNOTS('',3,(#3405,#3406,#3407,#3408),
 .UNSPECIFIED.,.F.,.F.,(4,4),(0.96635530292505,1.),.UNSPECIFIED.);
#148=B_SPLINE_CURVE_WITH_KNOTS('',3,(#3410,#3411,#3412,#3413),
 .UNSPECIFIED.,.F.,.F.,(4,4),(0.,0.03364469707495),.UNSPECIFIED.);
#149=B_SPLINE_CURVE_WITH_KNOTS('',3,(#3415,#3416,#3417,#3418),
 .UNSPECIFIED.,.F.,.F.,(4,4),(0.910848415893912,1.),.UNSPECIFIED.);
#150=B_SPLINE_CURVE_WITH_KNOTS('',3,(#3420,#3421,#3422,#3423),
 .UNSPECIFIED.,.F.,.F.,(4,4),(0.,0.089174566401713),.UNSPECIFIED.);
#151=B_SPLINE_CURVE_WITH_KNOTS('',3,(#3425,#3426,#3427,#3428),
 .UNSPECIFIED.,.F.,.F.,(4,4),(0.96635530292505,1.),.UNSPECIFIED.);
#152=B_SPLINE_CURVE_WITH_KNOTS('',3,(#3430,#3431,#3432,#3433),
 .UNSPECIFIED.,.F.,.F.,(4,4),(0.,0.0336446970749498),.UNSPECIFIED.);
#153=B_SPLINE_CURVE_WITH_KNOTS('',3,(#3435,#3436,#3437,#3438),
 .UNSPECIFIED.,.F.,.F.,(4,4),(0.91084841589454,1.),.UNSPECIFIED.);
#154=B_SPLINE_CURVE_WITH_KNOTS('',3,(#3440,#3441,#3442,#3443),
 .UNSPECIFIED.,.F.,.F.,(4,4),(0.,0.0891745664023412),.UNSPECIFIED.);
#155=B_SPLINE_CURVE_WITH_KNOTS('',3,(#3445,#3446,#3447,#3448),
 .UNSPECIFIED.,.F.,.F.,(4,4),(0.96635530292505,1.),.UNSPECIFIED.);
#156=B_SPLINE_CURVE_WITH_KNOTS('',3,(#3453,#3454,#3455,#3456),
 .UNSPECIFIED.,.F.,.F.,(4,4),(0.96635530292505,1.),.UNSPECIFIED.);
#157=B_SPLINE_CURVE_WITH_KNOTS('',3,(#3460,#3461,#3462,#3463),
 .UNSPECIFIED.,.F.,.F.,(4,4),(0.910848415893913,1.),.UNSPECIFIED.);
#158=B_SPLINE_CURVE_WITH_KNOTS('',3,(#3476,#3477,#3478,#3479),
 .UNSPECIFIED.,.F.,.F.,(4,4),(0.,0.0336446970749499),.UNSPECIFIED.);
#159=B_SPLINE_CURVE_WITH_KNOTS('',3,(#3481,#3482,#3483,#3484),
 .UNSPECIFIED.,.F.,.F.,(4,4),(0.910848415893911,1.),.UNSPECIFIED.);
#160=B_SPLINE_CURVE_WITH_KNOTS('',3,(#3486,#3487,#3488,#3489),
 .UNSPECIFIED.,.F.,.F.,(4,4),(0.,0.0891745664017143),.UNSPECIFIED.);
#161=B_SPLINE_CURVE_WITH_KNOTS('',3,(#3491,#3492,#3493,#3494),
 .UNSPECIFIED.,.F.,.F.,(4,4),(0.96635530292505,1.),.UNSPECIFIED.);
#162=B_SPLINE_CURVE_WITH_KNOTS('',3,(#3496,#3497,#3498,#3499),
 .UNSPECIFIED.,.F.,.F.,(4,4),(0.,0.0336446970749496),.UNSPECIFIED.);
#163=B_SPLINE_CURVE_WITH_KNOTS('',3,(#3502,#3503,#3504,#3505),
 .UNSPECIFIED.,.F.,.F.,(4,4),(0.910848415894538,1.),.UNSPECIFIED.);
#164=B_SPLINE_CURVE_WITH_KNOTS('',3,(#3507,#3508,#3509,#3510),
 .UNSPECIFIED.,.F.,.F.,(4,4),(0.,0.0891745664023411),.UNSPECIFIED.);
#165=B_SPLINE_CURVE_WITH_KNOTS('',3,(#3512,#3513,#3514,#3515),
 .UNSPECIFIED.,.F.,.F.,(4,4),(0.96635530292505,1.),.UNSPECIFIED.);
#166=B_SPLINE_CURVE_WITH_KNOTS('',3,(#3517,#3518,#3519,#3520),
 .UNSPECIFIED.,.F.,.F.,(4,4),(0.,0.03364469707495),.UNSPECIFIED.);
#167=B_SPLINE_CURVE_WITH_KNOTS('',3,(#3546,#3547,#3548,#3549),
 .UNSPECIFIED.,.F.,.F.,(4,4),(0.,0.0336446970749498),.UNSPECIFIED.);
#168=ORIENTED_EDGE('',*,*,#628,.F.);
#169=ORIENTED_EDGE('',*,*,#629,.T.);
#170=ORIENTED_EDGE('',*,*,#630,.T.);
#171=ORIENTED_EDGE('',*,*,#631,.F.);
#172=ORIENTED_EDGE('',*,*,#632,.T.);
#173=ORIENTED_EDGE('',*,*,#633,.F.);
#174=ORIENTED_EDGE('',*,*,#634,.T.);
#175=ORIENTED_EDGE('',*,*,#635,.F.);
#176=ORIENTED_EDGE('',*,*,#636,.F.);
#177=ORIENTED_EDGE('',*,*,#637,.F.);
#178=ORIENTED_EDGE('',*,*,#638,.F.);
#179=ORIENTED_EDGE('',*,*,#639,.F.);
#180=ORIENTED_EDGE('',*,*,#640,.T.);
#181=ORIENTED_EDGE('',*,*,#641,.T.);
#182=ORIENTED_EDGE('',*,*,#642,.F.);
#183=ORIENTED_EDGE('',*,*,#643,.T.);
#184=ORIENTED_EDGE('',*,*,#644,.F.);
#185=ORIENTED_EDGE('',*,*,#645,.F.);
#186=ORIENTED_EDGE('',*,*,#646,.F.);
#187=ORIENTED_EDGE('',*,*,#647,.T.);
#188=ORIENTED_EDGE('',*,*,#648,.T.);
#189=ORIENTED_EDGE('',*,*,#649,.F.);
#190=ORIENTED_EDGE('',*,*,#650,.T.);
#191=ORIENTED_EDGE('',*,*,#640,.F.);
#192=ORIENTED_EDGE('',*,*,#651,.F.);
#193=ORIENTED_EDGE('',*,*,#652,.T.);
#194=ORIENTED_EDGE('',*,*,#653,.T.);
#195=ORIENTED_EDGE('',*,*,#654,.F.);
#196=ORIENTED_EDGE('',*,*,#655,.T.);
#197=ORIENTED_EDGE('',*,*,#656,.F.);
#198=ORIENTED_EDGE('',*,*,#657,.T.);
#199=ORIENTED_EDGE('',*,*,#658,.F.);
#200=ORIENTED_EDGE('',*,*,#659,.F.);
#201=ORIENTED_EDGE('',*,*,#660,.T.);
#202=ORIENTED_EDGE('',*,*,#661,.T.);
#203=ORIENTED_EDGE('',*,*,#662,.T.);
#204=ORIENTED_EDGE('',*,*,#663,.T.);
#205=ORIENTED_EDGE('',*,*,#664,.T.);
#206=ORIENTED_EDGE('',*,*,#665,.T.);
#207=ORIENTED_EDGE('',*,*,#666,.T.);
#208=ORIENTED_EDGE('',*,*,#667,.T.);
#209=ORIENTED_EDGE('',*,*,#668,.F.);
#210=ORIENTED_EDGE('',*,*,#669,.T.);
#211=ORIENTED_EDGE('',*,*,#649,.T.);
#212=ORIENTED_EDGE('',*,*,#670,.T.);
#213=ORIENTED_EDGE('',*,*,#671,.F.);
#214=ORIENTED_EDGE('',*,*,#672,.T.);
#215=ORIENTED_EDGE('',*,*,#673,.T.);
#216=ORIENTED_EDGE('',*,*,#674,.T.);
#217=ORIENTED_EDGE('',*,*,#675,.F.);
#218=ORIENTED_EDGE('',*,*,#676,.T.);
#219=ORIENTED_EDGE('',*,*,#677,.T.);
#220=ORIENTED_EDGE('',*,*,#678,.T.);
#221=ORIENTED_EDGE('',*,*,#679,.F.);
#222=ORIENTED_EDGE('',*,*,#680,.T.);
#223=ORIENTED_EDGE('',*,*,#681,.F.);
#224=ORIENTED_EDGE('',*,*,#682,.T.);
#225=ORIENTED_EDGE('',*,*,#683,.T.);
#226=ORIENTED_EDGE('',*,*,#684,.T.);
#227=ORIENTED_EDGE('',*,*,#685,.F.);
#228=ORIENTED_EDGE('',*,*,#686,.T.);
#229=ORIENTED_EDGE('',*,*,#654,.T.);
#230=ORIENTED_EDGE('',*,*,#687,.T.);
#231=ORIENTED_EDGE('',*,*,#688,.F.);
#232=ORIENTED_EDGE('',*,*,#689,.T.);
#233=ORIENTED_EDGE('',*,*,#690,.T.);
#234=ORIENTED_EDGE('',*,*,#691,.T.);
#235=ORIENTED_EDGE('',*,*,#692,.F.);
#236=ORIENTED_EDGE('',*,*,#693,.T.);
#237=ORIENTED_EDGE('',*,*,#694,.T.);
#238=ORIENTED_EDGE('',*,*,#695,.T.);
#239=ORIENTED_EDGE('',*,*,#642,.T.);
#240=ORIENTED_EDGE('',*,*,#696,.T.);
#241=ORIENTED_EDGE('',*,*,#697,.F.);
#242=ORIENTED_EDGE('',*,*,#698,.T.);
#243=ORIENTED_EDGE('',*,*,#699,.F.);
#244=ORIENTED_EDGE('',*,*,#678,.F.);
#245=ORIENTED_EDGE('',*,*,#700,.F.);
#246=ORIENTED_EDGE('',*,*,#682,.F.);
#247=ORIENTED_EDGE('',*,*,#701,.F.);
#248=ORIENTED_EDGE('',*,*,#674,.F.);
#249=ORIENTED_EDGE('',*,*,#702,.F.);
#250=ORIENTED_EDGE('',*,*,#680,.F.);
#251=ORIENTED_EDGE('',*,*,#703,.F.);
#252=ORIENTED_EDGE('',*,*,#670,.F.);
#253=ORIENTED_EDGE('',*,*,#704,.F.);
#254=ORIENTED_EDGE('',*,*,#676,.F.);
#255=ORIENTED_EDGE('',*,*,#705,.F.);
#256=ORIENTED_EDGE('',*,*,#696,.F.);
#257=ORIENTED_EDGE('',*,*,#706,.F.);
#258=ORIENTED_EDGE('',*,*,#672,.F.);
#259=ORIENTED_EDGE('',*,*,#707,.F.);
#260=ORIENTED_EDGE('',*,*,#684,.F.);
#261=ORIENTED_EDGE('',*,*,#708,.F.);
#262=ORIENTED_EDGE('',*,*,#686,.F.);
#263=ORIENTED_EDGE('',*,*,#709,.F.);
#264=ORIENTED_EDGE('',*,*,#687,.F.);
#265=ORIENTED_EDGE('',*,*,#710,.F.);
#266=ORIENTED_EDGE('',*,*,#689,.F.);
#267=ORIENTED_EDGE('',*,*,#711,.F.);
#268=ORIENTED_EDGE('',*,*,#691,.F.);
#269=ORIENTED_EDGE('',*,*,#712,.F.);
#270=ORIENTED_EDGE('',*,*,#693,.F.);
#271=ORIENTED_EDGE('',*,*,#713,.F.);
#272=ORIENTED_EDGE('',*,*,#695,.F.);
#273=ORIENTED_EDGE('',*,*,#714,.F.);
#274=ORIENTED_EDGE('',*,*,#698,.F.);
#275=ORIENTED_EDGE('',*,*,#715,.F.);
#276=ORIENTED_EDGE('',*,*,#699,.T.);
#277=ORIENTED_EDGE('',*,*,#716,.F.);
#278=ORIENTED_EDGE('',*,*,#717,.F.);
#279=ORIENTED_EDGE('',*,*,#707,.T.);
#280=ORIENTED_EDGE('',*,*,#718,.F.);
#281=ORIENTED_EDGE('',*,*,#719,.F.);
#282=ORIENTED_EDGE('',*,*,#709,.T.);
#283=ORIENTED_EDGE('',*,*,#720,.F.);
#284=ORIENTED_EDGE('',*,*,#721,.F.);
#285=ORIENTED_EDGE('',*,*,#711,.T.);
#286=ORIENTED_EDGE('',*,*,#722,.F.);
#287=ORIENTED_EDGE('',*,*,#723,.F.);
#288=ORIENTED_EDGE('',*,*,#713,.T.);
#289=ORIENTED_EDGE('',*,*,#724,.F.);
#290=ORIENTED_EDGE('',*,*,#725,.F.);
#291=ORIENTED_EDGE('',*,*,#705,.T.);
#292=ORIENTED_EDGE('',*,*,#726,.F.);
#293=ORIENTED_EDGE('',*,*,#727,.F.);
#294=ORIENTED_EDGE('',*,*,#703,.T.);
#295=ORIENTED_EDGE('',*,*,#728,.F.);
#296=ORIENTED_EDGE('',*,*,#726,.T.);
#297=ORIENTED_EDGE('',*,*,#671,.T.);
#298=ORIENTED_EDGE('',*,*,#727,.T.);
#299=ORIENTED_EDGE('',*,*,#729,.F.);
#300=ORIENTED_EDGE('',*,*,#660,.F.);
#301=ORIENTED_EDGE('',*,*,#730,.T.);
#302=ORIENTED_EDGE('',*,*,#728,.T.);
#303=ORIENTED_EDGE('',*,*,#675,.T.);
#304=ORIENTED_EDGE('',*,*,#731,.T.);
#305=ORIENTED_EDGE('',*,*,#732,.F.);
#306=ORIENTED_EDGE('',*,*,#661,.F.);
#307=ORIENTED_EDGE('',*,*,#729,.T.);
#308=ORIENTED_EDGE('',*,*,#733,.T.);
#309=ORIENTED_EDGE('',*,*,#679,.T.);
#310=ORIENTED_EDGE('',*,*,#715,.T.);
#311=ORIENTED_EDGE('',*,*,#734,.F.);
#312=ORIENTED_EDGE('',*,*,#662,.F.);
#313=ORIENTED_EDGE('',*,*,#732,.T.);
#314=ORIENTED_EDGE('',*,*,#716,.T.);
#315=ORIENTED_EDGE('',*,*,#681,.T.);
#316=ORIENTED_EDGE('',*,*,#717,.T.);
#317=ORIENTED_EDGE('',*,*,#735,.F.);
#318=ORIENTED_EDGE('',*,*,#663,.F.);
#319=ORIENTED_EDGE('',*,*,#734,.T.);
#320=ORIENTED_EDGE('',*,*,#718,.T.);
#321=ORIENTED_EDGE('',*,*,#685,.T.);
#322=ORIENTED_EDGE('',*,*,#719,.T.);
#323=ORIENTED_EDGE('',*,*,#736,.F.);
#324=ORIENTED_EDGE('',*,*,#664,.F.);
#325=ORIENTED_EDGE('',*,*,#735,.T.);
#326=ORIENTED_EDGE('',*,*,#720,.T.);
#327=ORIENTED_EDGE('',*,*,#688,.T.);
#328=ORIENTED_EDGE('',*,*,#721,.T.);
#329=ORIENTED_EDGE('',*,*,#737,.F.);
#330=ORIENTED_EDGE('',*,*,#665,.F.);
#331=ORIENTED_EDGE('',*,*,#736,.T.);
#332=ORIENTED_EDGE('',*,*,#722,.T.);
#333=ORIENTED_EDGE('',*,*,#692,.T.);
#334=ORIENTED_EDGE('',*,*,#723,.T.);
#335=ORIENTED_EDGE('',*,*,#738,.F.);
#336=ORIENTED_EDGE('',*,*,#666,.F.);
#337=ORIENTED_EDGE('',*,*,#737,.T.);
#338=ORIENTED_EDGE('',*,*,#724,.T.);
#339=ORIENTED_EDGE('',*,*,#697,.T.);
#340=ORIENTED_EDGE('',*,*,#725,.T.);
#341=ORIENTED_EDGE('',*,*,#730,.F.);
#342=ORIENTED_EDGE('',*,*,#667,.F.);
#343=ORIENTED_EDGE('',*,*,#738,.T.);
#344=ORIENTED_EDGE('',*,*,#731,.F.);
#345=ORIENTED_EDGE('',*,*,#701,.T.);
#346=ORIENTED_EDGE('',*,*,#733,.F.);
#347=ORIENTED_EDGE('',*,*,#739,.F.);
#348=ORIENTED_EDGE('',*,*,#700,.T.);
#349=ORIENTED_EDGE('',*,*,#740,.F.);
#350=ORIENTED_EDGE('',*,*,#741,.F.);
#351=ORIENTED_EDGE('',*,*,#702,.T.);
#352=ORIENTED_EDGE('',*,*,#742,.F.);
#353=ORIENTED_EDGE('',*,*,#743,.F.);
#354=ORIENTED_EDGE('',*,*,#704,.T.);
#355=ORIENTED_EDGE('',*,*,#648,.F.);
#356=ORIENTED_EDGE('',*,*,#650,.F.);
#357=ORIENTED_EDGE('',*,*,#706,.T.);
#358=ORIENTED_EDGE('',*,*,#641,.F.);
#359=ORIENTED_EDGE('',*,*,#643,.F.);
#360=ORIENTED_EDGE('',*,*,#714,.T.);
#361=ORIENTED_EDGE('',*,*,#744,.F.);
#362=ORIENTED_EDGE('',*,*,#745,.F.);
#363=ORIENTED_EDGE('',*,*,#712,.T.);
#364=ORIENTED_EDGE('',*,*,#746,.F.);
#365=ORIENTED_EDGE('',*,*,#747,.F.);
#366=ORIENTED_EDGE('',*,*,#710,.T.);
#367=ORIENTED_EDGE('',*,*,#653,.F.);
#368=ORIENTED_EDGE('',*,*,#748,.F.);
#369=ORIENTED_EDGE('',*,*,#749,.F.);
#370=ORIENTED_EDGE('',*,*,#644,.T.);
#371=ORIENTED_EDGE('',*,*,#744,.T.);
#372=ORIENTED_EDGE('',*,*,#694,.F.);
#373=ORIENTED_EDGE('',*,*,#745,.T.);
#374=ORIENTED_EDGE('',*,*,#750,.T.);
#375=ORIENTED_EDGE('',*,*,#751,.F.);
#376=ORIENTED_EDGE('',*,*,#752,.F.);
#377=ORIENTED_EDGE('',*,*,#753,.F.);
#378=ORIENTED_EDGE('',*,*,#748,.T.);
#379=ORIENTED_EDGE('',*,*,#746,.T.);
#380=ORIENTED_EDGE('',*,*,#690,.F.);
#381=ORIENTED_EDGE('',*,*,#747,.T.);
#382=ORIENTED_EDGE('',*,*,#652,.F.);
#383=ORIENTED_EDGE('',*,*,#754,.F.);
#384=ORIENTED_EDGE('',*,*,#755,.F.);
#385=ORIENTED_EDGE('',*,*,#756,.T.);
#386=ORIENTED_EDGE('',*,*,#757,.F.);
#387=ORIENTED_EDGE('',*,*,#758,.F.);
#388=ORIENTED_EDGE('',*,*,#759,.F.);
#389=ORIENTED_EDGE('',*,*,#656,.T.);
#390=ORIENTED_EDGE('',*,*,#760,.T.);
#391=ORIENTED_EDGE('',*,*,#683,.F.);
#392=ORIENTED_EDGE('',*,*,#739,.T.);
#393=ORIENTED_EDGE('',*,*,#761,.F.);
#394=ORIENTED_EDGE('',*,*,#762,.F.);
#395=ORIENTED_EDGE('',*,*,#763,.F.);
#396=ORIENTED_EDGE('',*,*,#761,.T.);
#397=ORIENTED_EDGE('',*,*,#740,.T.);
#398=ORIENTED_EDGE('',*,*,#677,.F.);
#399=ORIENTED_EDGE('',*,*,#741,.T.);
#400=ORIENTED_EDGE('',*,*,#764,.T.);
#401=ORIENTED_EDGE('',*,*,#765,.F.);
#402=ORIENTED_EDGE('',*,*,#766,.F.);
#403=ORIENTED_EDGE('',*,*,#767,.F.);
#404=ORIENTED_EDGE('',*,*,#762,.T.);
#405=ORIENTED_EDGE('',*,*,#742,.T.);
#406=ORIENTED_EDGE('',*,*,#673,.F.);
#407=ORIENTED_EDGE('',*,*,#743,.T.);
#408=ORIENTED_EDGE('',*,*,#647,.F.);
#409=ORIENTED_EDGE('',*,*,#768,.F.);
#410=ORIENTED_EDGE('',*,*,#655,.F.);
#411=ORIENTED_EDGE('',*,*,#708,.T.);
#412=ORIENTED_EDGE('',*,*,#760,.F.);
#413=ORIENTED_EDGE('',*,*,#769,.T.);
#414=ORIENTED_EDGE('',*,*,#770,.F.);
#415=ORIENTED_EDGE('',*,*,#771,.F.);
#416=ORIENTED_EDGE('',*,*,#659,.T.);
#417=ORIENTED_EDGE('',*,*,#769,.F.);
#418=ORIENTED_EDGE('',*,*,#771,.T.);
#419=ORIENTED_EDGE('',*,*,#772,.F.);
#420=ORIENTED_EDGE('',*,*,#770,.T.);
#421=ORIENTED_EDGE('',*,*,#773,.F.);
#422=ORIENTED_EDGE('',*,*,#772,.T.);
#423=ORIENTED_EDGE('',*,*,#774,.F.);
#424=ORIENTED_EDGE('',*,*,#773,.T.);
#425=ORIENTED_EDGE('',*,*,#775,.F.);
#426=ORIENTED_EDGE('',*,*,#658,.T.);
#427=ORIENTED_EDGE('',*,*,#775,.T.);
#428=ORIENTED_EDGE('',*,*,#776,.T.);
#429=ORIENTED_EDGE('',*,*,#657,.F.);
#430=ORIENTED_EDGE('',*,*,#776,.F.);
#431=ORIENTED_EDGE('',*,*,#777,.F.);
#432=ORIENTED_EDGE('',*,*,#668,.T.);
#433=ORIENTED_EDGE('',*,*,#777,.T.);
#434=ORIENTED_EDGE('',*,*,#778,.T.);
#435=ORIENTED_EDGE('',*,*,#669,.F.);
#436=ORIENTED_EDGE('',*,*,#778,.F.);
#437=ORIENTED_EDGE('',*,*,#779,.F.);
#438=ORIENTED_EDGE('',*,*,#774,.T.);
#439=ORIENTED_EDGE('',*,*,#780,.F.);
#440=ORIENTED_EDGE('',*,*,#779,.T.);
#441=ORIENTED_EDGE('',*,*,#781,.T.);
#442=ORIENTED_EDGE('',*,*,#782,.F.);
#443=ORIENTED_EDGE('',*,*,#781,.F.);
#444=ORIENTED_EDGE('',*,*,#780,.T.);
#445=ORIENTED_EDGE('',*,*,#782,.T.);
#446=ORIENTED_EDGE('',*,*,#783,.F.);
#447=ORIENTED_EDGE('',*,*,#783,.T.);
#448=ORIENTED_EDGE('',*,*,#784,.T.);
#449=ORIENTED_EDGE('',*,*,#785,.T.);
#450=ORIENTED_EDGE('',*,*,#750,.F.);
#451=ORIENTED_EDGE('',*,*,#786,.F.);
#452=ORIENTED_EDGE('',*,*,#787,.T.);
#453=ORIENTED_EDGE('',*,*,#788,.T.);
#454=ORIENTED_EDGE('',*,*,#784,.F.);
#455=ORIENTED_EDGE('',*,*,#789,.F.);
#456=ORIENTED_EDGE('',*,*,#758,.T.);
#457=ORIENTED_EDGE('',*,*,#790,.T.);
#458=ORIENTED_EDGE('',*,*,#787,.F.);
#459=ORIENTED_EDGE('',*,*,#791,.F.);
#460=ORIENTED_EDGE('',*,*,#792,.F.);
#461=ORIENTED_EDGE('',*,*,#754,.T.);
#462=ORIENTED_EDGE('',*,*,#651,.T.);
#463=ORIENTED_EDGE('',*,*,#759,.T.);
#464=ORIENTED_EDGE('',*,*,#791,.T.);
#465=ORIENTED_EDGE('',*,*,#789,.T.);
#466=ORIENTED_EDGE('',*,*,#786,.T.);
#467=ORIENTED_EDGE('',*,*,#793,.T.);
#468=ORIENTED_EDGE('',*,*,#794,.T.);
#469=ORIENTED_EDGE('',*,*,#764,.F.);
#470=ORIENTED_EDGE('',*,*,#795,.F.);
#471=ORIENTED_EDGE('',*,*,#796,.T.);
#472=ORIENTED_EDGE('',*,*,#797,.T.);
#473=ORIENTED_EDGE('',*,*,#793,.F.);
#474=ORIENTED_EDGE('',*,*,#798,.F.);
#475=ORIENTED_EDGE('',*,*,#638,.T.);
#476=ORIENTED_EDGE('',*,*,#799,.T.);
#477=ORIENTED_EDGE('',*,*,#796,.F.);
#478=ORIENTED_EDGE('',*,*,#800,.F.);
#479=ORIENTED_EDGE('',*,*,#801,.F.);
#480=ORIENTED_EDGE('',*,*,#646,.T.);
#481=ORIENTED_EDGE('',*,*,#639,.T.);
#482=ORIENTED_EDGE('',*,*,#800,.T.);
#483=ORIENTED_EDGE('',*,*,#798,.T.);
#484=ORIENTED_EDGE('',*,*,#795,.T.);
#485=ORIENTED_EDGE('',*,*,#768,.T.);
#486=ORIENTED_EDGE('',*,*,#802,.T.);
#487=ORIENTED_EDGE('',*,*,#803,.T.);
#488=ORIENTED_EDGE('',*,*,#632,.F.);
#489=ORIENTED_EDGE('',*,*,#804,.F.);
#490=ORIENTED_EDGE('',*,*,#805,.T.);
#491=ORIENTED_EDGE('',*,*,#806,.T.);
#492=ORIENTED_EDGE('',*,*,#802,.F.);
#493=ORIENTED_EDGE('',*,*,#807,.F.);
#494=ORIENTED_EDGE('',*,*,#752,.T.);
#495=ORIENTED_EDGE('',*,*,#808,.T.);
#496=ORIENTED_EDGE('',*,*,#805,.F.);
#497=ORIENTED_EDGE('',*,*,#809,.F.);
#498=ORIENTED_EDGE('',*,*,#810,.F.);
#499=ORIENTED_EDGE('',*,*,#749,.T.);
#500=ORIENTED_EDGE('',*,*,#753,.T.);
#501=ORIENTED_EDGE('',*,*,#809,.T.);
#502=ORIENTED_EDGE('',*,*,#807,.T.);
#503=ORIENTED_EDGE('',*,*,#804,.T.);
#504=ORIENTED_EDGE('',*,*,#645,.T.);
#505=ORIENTED_EDGE('',*,*,#811,.T.);
#506=ORIENTED_EDGE('',*,*,#812,.T.);
#507=ORIENTED_EDGE('',*,*,#756,.F.);
#508=ORIENTED_EDGE('',*,*,#813,.F.);
#509=ORIENTED_EDGE('',*,*,#814,.T.);
#510=ORIENTED_EDGE('',*,*,#815,.T.);
#511=ORIENTED_EDGE('',*,*,#811,.F.);
#512=ORIENTED_EDGE('',*,*,#816,.F.);
#513=ORIENTED_EDGE('',*,*,#766,.T.);
#514=ORIENTED_EDGE('',*,*,#817,.T.);
#515=ORIENTED_EDGE('',*,*,#814,.F.);
#516=ORIENTED_EDGE('',*,*,#818,.F.);
#517=ORIENTED_EDGE('',*,*,#819,.F.);
#518=ORIENTED_EDGE('',*,*,#763,.T.);
#519=ORIENTED_EDGE('',*,*,#767,.T.);
#520=ORIENTED_EDGE('',*,*,#818,.T.);
#521=ORIENTED_EDGE('',*,*,#816,.T.);
#522=ORIENTED_EDGE('',*,*,#813,.T.);
#523=ORIENTED_EDGE('',*,*,#755,.T.);
#524=ORIENTED_EDGE('',*,*,#820,.F.);
#525=ORIENTED_EDGE('',*,*,#819,.T.);
#526=ORIENTED_EDGE('',*,*,#820,.T.);
#527=ORIENTED_EDGE('',*,*,#821,.F.);
#528=ORIENTED_EDGE('',*,*,#810,.T.);
#529=ORIENTED_EDGE('',*,*,#821,.T.);
#530=ORIENTED_EDGE('',*,*,#822,.F.);
#531=ORIENTED_EDGE('',*,*,#801,.T.);
#532=ORIENTED_EDGE('',*,*,#822,.T.);
#533=ORIENTED_EDGE('',*,*,#823,.F.);
#534=ORIENTED_EDGE('',*,*,#792,.T.);
#535=ORIENTED_EDGE('',*,*,#823,.T.);
#536=ORIENTED_EDGE('',*,*,#824,.F.);
#537=ORIENTED_EDGE('',*,*,#825,.F.);
#538=ORIENTED_EDGE('',*,*,#826,.T.);
#539=ORIENTED_EDGE('',*,*,#827,.T.);
#540=ORIENTED_EDGE('',*,*,#828,.T.);
#541=ORIENTED_EDGE('',*,*,#829,.F.);
#542=ORIENTED_EDGE('',*,*,#830,.F.);
#543=ORIENTED_EDGE('',*,*,#825,.T.);
#544=ORIENTED_EDGE('',*,*,#831,.T.);
#545=ORIENTED_EDGE('',*,*,#832,.F.);
#546=ORIENTED_EDGE('',*,*,#833,.F.);
#547=ORIENTED_EDGE('',*,*,#829,.T.);
#548=ORIENTED_EDGE('',*,*,#629,.F.);
#549=ORIENTED_EDGE('',*,*,#834,.F.);
#550=ORIENTED_EDGE('',*,*,#835,.T.);
#551=ORIENTED_EDGE('',*,*,#836,.T.);
#552=ORIENTED_EDGE('',*,*,#628,.T.);
#553=ORIENTED_EDGE('',*,*,#837,.F.);
#554=ORIENTED_EDGE('',*,*,#838,.F.);
#555=ORIENTED_EDGE('',*,*,#834,.T.);
#556=ORIENTED_EDGE('',*,*,#631,.T.);
#557=ORIENTED_EDGE('',*,*,#839,.F.);
#558=ORIENTED_EDGE('',*,*,#840,.F.);
#559=ORIENTED_EDGE('',*,*,#837,.T.);
#560=ORIENTED_EDGE('',*,*,#630,.F.);
#561=ORIENTED_EDGE('',*,*,#836,.F.);
#562=ORIENTED_EDGE('',*,*,#841,.T.);
#563=ORIENTED_EDGE('',*,*,#839,.T.);
#564=ORIENTED_EDGE('',*,*,#842,.F.);
#565=ORIENTED_EDGE('',*,*,#827,.F.);
#566=ORIENTED_EDGE('',*,*,#843,.T.);
#567=ORIENTED_EDGE('',*,*,#832,.T.);
#568=ORIENTED_EDGE('',*,*,#835,.F.);
#569=ORIENTED_EDGE('',*,*,#838,.T.);
#570=ORIENTED_EDGE('',*,*,#840,.T.);
#571=ORIENTED_EDGE('',*,*,#841,.F.);
#572=ORIENTED_EDGE('',*,*,#826,.F.);
#573=ORIENTED_EDGE('',*,*,#830,.T.);
#574=ORIENTED_EDGE('',*,*,#833,.T.);
#575=ORIENTED_EDGE('',*,*,#843,.F.);
#576=ORIENTED_EDGE('',*,*,#828,.F.);
#577=ORIENTED_EDGE('',*,*,#824,.T.);
#578=ORIENTED_EDGE('',*,*,#842,.T.);
#579=ORIENTED_EDGE('',*,*,#831,.F.);
#580=ORIENTED_EDGE('',*,*,#634,.F.);
#581=ORIENTED_EDGE('',*,*,#844,.F.);
#582=ORIENTED_EDGE('',*,*,#845,.T.);
#583=ORIENTED_EDGE('',*,*,#846,.T.);
#584=ORIENTED_EDGE('',*,*,#636,.T.);
#585=ORIENTED_EDGE('',*,*,#847,.F.);
#586=ORIENTED_EDGE('',*,*,#848,.F.);
#587=ORIENTED_EDGE('',*,*,#849,.T.);
#588=ORIENTED_EDGE('',*,*,#635,.T.);
#589=ORIENTED_EDGE('',*,*,#846,.F.);
#590=ORIENTED_EDGE('',*,*,#850,.F.);
#591=ORIENTED_EDGE('',*,*,#847,.T.);
#592=ORIENTED_EDGE('',*,*,#845,.F.);
#593=ORIENTED_EDGE('',*,*,#851,.T.);
#594=ORIENTED_EDGE('',*,*,#848,.T.);
#595=ORIENTED_EDGE('',*,*,#850,.T.);
#596=ORIENTED_EDGE('',*,*,#852,.F.);
#597=ORIENTED_EDGE('',*,*,#812,.F.);
#598=ORIENTED_EDGE('',*,*,#815,.F.);
#599=ORIENTED_EDGE('',*,*,#817,.F.);
#600=ORIENTED_EDGE('',*,*,#765,.T.);
#601=ORIENTED_EDGE('',*,*,#794,.F.);
#602=ORIENTED_EDGE('',*,*,#797,.F.);
#603=ORIENTED_EDGE('',*,*,#799,.F.);
#604=ORIENTED_EDGE('',*,*,#637,.T.);
#605=ORIENTED_EDGE('',*,*,#849,.F.);
#606=ORIENTED_EDGE('',*,*,#851,.F.);
#607=ORIENTED_EDGE('',*,*,#844,.T.);
#608=ORIENTED_EDGE('',*,*,#633,.T.);
#609=ORIENTED_EDGE('',*,*,#803,.F.);
#610=ORIENTED_EDGE('',*,*,#806,.F.);
#611=ORIENTED_EDGE('',*,*,#808,.F.);
#612=ORIENTED_EDGE('',*,*,#751,.T.);
#613=ORIENTED_EDGE('',*,*,#785,.F.);
#614=ORIENTED_EDGE('',*,*,#788,.F.);
#615=ORIENTED_EDGE('',*,*,#790,.F.);
#616=ORIENTED_EDGE('',*,*,#757,.T.);
#617=ORIENTED_EDGE('',*,*,#853,.T.);
#618=ORIENTED_EDGE('',*,*,#854,.T.);
#619=ORIENTED_EDGE('',*,*,#853,.F.);
#620=ORIENTED_EDGE('',*,*,#855,.T.);
#621=ORIENTED_EDGE('',*,*,#854,.F.);
#622=ORIENTED_EDGE('',*,*,#855,.F.);
#623=ORIENTED_EDGE('',*,*,#856,.T.);
#624=ORIENTED_EDGE('',*,*,#856,.F.);
#625=ORIENTED_EDGE('',*,*,#857,.T.);
#626=ORIENTED_EDGE('',*,*,#857,.F.);
#627=ORIENTED_EDGE('',*,*,#852,.T.);
#628=EDGE_CURVE('',#858,#859,#1012,.T.);
#629=EDGE_CURVE('',#858,#860,#1013,.T.);
#630=EDGE_CURVE('',#860,#861,#1014,.T.);
#631=EDGE_CURVE('',#859,#861,#1015,.T.);
#632=EDGE_CURVE('',#862,#863,#1016,.T.);
#633=EDGE_CURVE('',#864,#863,#1017,.T.);
#634=EDGE_CURVE('',#864,#865,#1018,.T.);
#635=EDGE_CURVE('',#866,#865,#1019,.T.);
#636=EDGE_CURVE('',#867,#866,#1020,.T.);
#637=EDGE_CURVE('',#868,#867,#1021,.T.);
#638=EDGE_CURVE('',#869,#868,#1022,.T.);
#639=EDGE_CURVE('',#870,#869,#1023,.T.);
#640=EDGE_CURVE('',#870,#871,#1024,.T.);
#641=EDGE_CURVE('',#871,#872,#120,.T.);
#642=EDGE_CURVE('',#873,#872,#121,.F.);
#643=EDGE_CURVE('',#873,#874,#122,.T.);
#644=EDGE_CURVE('',#875,#874,#1025,.T.);
#645=EDGE_CURVE('',#862,#875,#1026,.T.);
#646=EDGE_CURVE('',#876,#870,#13,.T.);
#647=EDGE_CURVE('',#876,#877,#1027,.T.);
#648=EDGE_CURVE('',#877,#878,#123,.F.);
#649=EDGE_CURVE('',#879,#878,#124,.F.);
#650=EDGE_CURVE('',#879,#871,#125,.F.);
#651=EDGE_CURVE('',#880,#881,#14,.T.);
#652=EDGE_CURVE('',#880,#882,#1028,.T.);
#653=EDGE_CURVE('',#882,#883,#126,.F.);
#654=EDGE_CURVE('',#884,#883,#127,.F.);
#655=EDGE_CURVE('',#884,#885,#128,.F.);
#656=EDGE_CURVE('',#881,#885,#1029,.T.);
#657=EDGE_CURVE('',#886,#886,#15,.T.);
#658=EDGE_CURVE('',#887,#887,#16,.T.);
#659=EDGE_CURVE('',#888,#888,#17,.T.);
#660=EDGE_CURVE('',#889,#890,#18,.T.);
#661=EDGE_CURVE('',#890,#891,#1030,.T.);
#662=EDGE_CURVE('',#891,#892,#19,.T.);
#663=EDGE_CURVE('',#892,#893,#1031,.T.);
#664=EDGE_CURVE('',#893,#894,#20,.T.);
#665=EDGE_CURVE('',#894,#895,#1032,.T.);
#666=EDGE_CURVE('',#895,#896,#21,.T.);
#667=EDGE_CURVE('',#896,#889,#1033,.T.);
#668=EDGE_CURVE('',#897,#897,#22,.T.);
#669=EDGE_CURVE('',#898,#898,#23,.T.);
#670=EDGE_CURVE('',#878,#899,#1034,.F.);
#671=EDGE_CURVE('',#900,#899,#129,.F.);
#672=EDGE_CURVE('',#900,#879,#1035,.T.);
#673=EDGE_CURVE('',#901,#902,#130,.T.);
#674=EDGE_CURVE('',#902,#903,#1036,.F.);
#675=EDGE_CURVE('',#904,#903,#131,.F.);
#676=EDGE_CURVE('',#904,#901,#1037,.T.);
#677=EDGE_CURVE('',#905,#906,#132,.T.);
#678=EDGE_CURVE('',#906,#907,#1038,.F.);
#679=EDGE_CURVE('',#908,#907,#133,.F.);
#680=EDGE_CURVE('',#908,#905,#1039,.T.);
#681=EDGE_CURVE('',#909,#910,#134,.F.);
#682=EDGE_CURVE('',#909,#911,#1040,.T.);
#683=EDGE_CURVE('',#911,#912,#135,.T.);
#684=EDGE_CURVE('',#912,#910,#1041,.F.);
#685=EDGE_CURVE('',#913,#914,#136,.F.);
#686=EDGE_CURVE('',#913,#884,#1042,.T.);
#687=EDGE_CURVE('',#883,#914,#1043,.F.);
#688=EDGE_CURVE('',#915,#916,#137,.F.);
#689=EDGE_CURVE('',#915,#917,#1044,.T.);
#690=EDGE_CURVE('',#917,#918,#138,.T.);
#691=EDGE_CURVE('',#918,#916,#1045,.F.);
#692=EDGE_CURVE('',#919,#920,#139,.F.);
#693=EDGE_CURVE('',#919,#921,#1046,.T.);
#694=EDGE_CURVE('',#921,#922,#140,.T.);
#695=EDGE_CURVE('',#922,#920,#1047,.F.);
#696=EDGE_CURVE('',#872,#923,#1048,.F.);
#697=EDGE_CURVE('',#924,#923,#141,.F.);
#698=EDGE_CURVE('',#924,#873,#1049,.T.);
#699=EDGE_CURVE('',#907,#909,#24,.F.);
#700=EDGE_CURVE('',#911,#906,#25,.T.);
#701=EDGE_CURVE('',#903,#908,#26,.F.);
#702=EDGE_CURVE('',#905,#902,#27,.T.);
#703=EDGE_CURVE('',#899,#904,#28,.F.);
#704=EDGE_CURVE('',#901,#878,#29,.T.);
#705=EDGE_CURVE('',#923,#900,#30,.F.);
#706=EDGE_CURVE('',#879,#872,#31,.T.);
#707=EDGE_CURVE('',#910,#913,#32,.F.);
#708=EDGE_CURVE('',#884,#912,#33,.T.);
#709=EDGE_CURVE('',#914,#915,#34,.F.);
#710=EDGE_CURVE('',#917,#883,#35,.T.);
#711=EDGE_CURVE('',#916,#919,#36,.F.);
#712=EDGE_CURVE('',#921,#918,#37,.T.);
#713=EDGE_CURVE('',#920,#924,#38,.F.);
#714=EDGE_CURVE('',#873,#922,#39,.T.);
#715=EDGE_CURVE('',#907,#925,#142,.F.);
#716=EDGE_CURVE('',#925,#909,#143,.F.);
#717=EDGE_CURVE('',#910,#926,#144,.F.);
#718=EDGE_CURVE('',#926,#913,#145,.F.);
#719=EDGE_CURVE('',#914,#927,#146,.F.);
#720=EDGE_CURVE('',#927,#915,#147,.F.);
#721=EDGE_CURVE('',#916,#928,#148,.F.);
#722=EDGE_CURVE('',#928,#919,#149,.F.);
#723=EDGE_CURVE('',#920,#929,#150,.F.);
#724=EDGE_CURVE('',#929,#924,#151,.F.);
#725=EDGE_CURVE('',#923,#930,#152,.F.);
#726=EDGE_CURVE('',#930,#900,#153,.F.);
#727=EDGE_CURVE('',#899,#931,#154,.F.);
#728=EDGE_CURVE('',#931,#904,#155,.F.);
#729=EDGE_CURVE('',#890,#931,#1050,.T.);
#730=EDGE_CURVE('',#889,#930,#1051,.T.);
#731=EDGE_CURVE('',#903,#932,#156,.T.);
#732=EDGE_CURVE('',#891,#932,#1052,.T.);
#733=EDGE_CURVE('',#932,#908,#157,.F.);
#734=EDGE_CURVE('',#892,#925,#1053,.T.);
#735=EDGE_CURVE('',#893,#926,#1054,.T.);
#736=EDGE_CURVE('',#894,#927,#1055,.T.);
#737=EDGE_CURVE('',#895,#928,#1056,.T.);
#738=EDGE_CURVE('',#896,#929,#1057,.T.);
#739=EDGE_CURVE('',#911,#933,#158,.F.);
#740=EDGE_CURVE('',#933,#906,#159,.F.);
#741=EDGE_CURVE('',#905,#934,#160,.F.);
#742=EDGE_CURVE('',#934,#902,#161,.F.);
#743=EDGE_CURVE('',#901,#877,#162,.F.);
#744=EDGE_CURVE('',#874,#922,#163,.F.);
#745=EDGE_CURVE('',#921,#935,#164,.F.);
#746=EDGE_CURVE('',#935,#918,#165,.F.);
#747=EDGE_CURVE('',#917,#882,#166,.F.);
#748=EDGE_CURVE('',#936,#935,#1058,.T.);
#749=EDGE_CURVE('',#875,#936,#40,.T.);
#750=EDGE_CURVE('',#937,#938,#1059,.T.);
#751=EDGE_CURVE('',#939,#938,#1060,.T.);
#752=EDGE_CURVE('',#940,#939,#1061,.T.);
#753=EDGE_CURVE('',#936,#940,#1062,.T.);
#754=EDGE_CURVE('',#937,#880,#1063,.T.);
#755=EDGE_CURVE('',#941,#942,#1064,.T.);
#756=EDGE_CURVE('',#941,#943,#1065,.T.);
#757=EDGE_CURVE('',#944,#943,#1066,.T.);
#758=EDGE_CURVE('',#945,#944,#1067,.T.);
#759=EDGE_CURVE('',#881,#945,#1068,.T.);
#760=EDGE_CURVE('',#885,#912,#167,.T.);
#761=EDGE_CURVE('',#942,#933,#1069,.T.);
#762=EDGE_CURVE('',#946,#934,#1070,.T.);
#763=EDGE_CURVE('',#942,#946,#41,.T.);
#764=EDGE_CURVE('',#947,#948,#1071,.T.);
#765=EDGE_CURVE('',#949,#948,#1072,.T.);
#766=EDGE_CURVE('',#950,#949,#1073,.T.);
#767=EDGE_CURVE('',#946,#950,#1074,.T.);
#768=EDGE_CURVE('',#947,#876,#1075,.T.);
#769=EDGE_CURVE('',#951,#951,#42,.T.);
#770=EDGE_CURVE('',#952,#952,#43,.T.);
#771=EDGE_CURVE('',#953,#953,#44,.T.);
#772=EDGE_CURVE('',#954,#954,#45,.T.);
#773=EDGE_CURVE('',#955,#955,#46,.T.);
#774=EDGE_CURVE('',#956,#956,#47,.T.);
#775=EDGE_CURVE('',#957,#957,#48,.T.);
#776=EDGE_CURVE('',#958,#958,#49,.T.);
#777=EDGE_CURVE('',#959,#959,#50,.T.);
#778=EDGE_CURVE('',#960,#960,#51,.T.);
#779=EDGE_CURVE('',#961,#961,#52,.T.);
#780=EDGE_CURVE('',#962,#962,#53,.T.);
#781=EDGE_CURVE('',#963,#963,#54,.T.);
#782=EDGE_CURVE('',#964,#964,#55,.T.);
#783=EDGE_CURVE('',#965,#965,#56,.T.);
#784=EDGE_CURVE('',#966,#967,#1076,.T.);
#785=EDGE_CURVE('',#967,#938,#1077,.T.);
#786=EDGE_CURVE('',#966,#937,#1078,.T.);
#787=EDGE_CURVE('',#968,#969,#1079,.T.);
#788=EDGE_CURVE('',#969,#967,#57,.T.);
#789=EDGE_CURVE('',#968,#966,#58,.T.);
#790=EDGE_CURVE('',#944,#969,#1080,.T.);
#791=EDGE_CURVE('',#945,#968,#1081,.T.);
#792=EDGE_CURVE('',#970,#970,#59,.T.);
#793=EDGE_CURVE('',#971,#972,#1082,.T.);
#794=EDGE_CURVE('',#972,#948,#1083,.T.);
#795=EDGE_CURVE('',#971,#947,#1084,.T.);
#796=EDGE_CURVE('',#973,#974,#1085,.T.);
#797=EDGE_CURVE('',#974,#972,#60,.T.);
#798=EDGE_CURVE('',#973,#971,#61,.T.);
#799=EDGE_CURVE('',#868,#974,#1086,.T.);
#800=EDGE_CURVE('',#869,#973,#1087,.T.);
#801=EDGE_CURVE('',#975,#975,#62,.T.);
#802=EDGE_CURVE('',#976,#977,#1088,.T.);
#803=EDGE_CURVE('',#977,#863,#1089,.T.);
#804=EDGE_CURVE('',#976,#862,#1090,.T.);
#805=EDGE_CURVE('',#978,#979,#1091,.T.);
#806=EDGE_CURVE('',#979,#977,#63,.T.);
#807=EDGE_CURVE('',#978,#976,#64,.T.);
#808=EDGE_CURVE('',#939,#979,#1092,.T.);
#809=EDGE_CURVE('',#940,#978,#1093,.T.);
#810=EDGE_CURVE('',#980,#980,#65,.T.);
#811=EDGE_CURVE('',#981,#982,#1094,.T.);
#812=EDGE_CURVE('',#982,#943,#1095,.T.);
#813=EDGE_CURVE('',#981,#941,#1096,.T.);
#814=EDGE_CURVE('',#983,#984,#1097,.T.);
#815=EDGE_CURVE('',#984,#982,#66,.T.);
#816=EDGE_CURVE('',#983,#981,#67,.T.);
#817=EDGE_CURVE('',#949,#984,#1098,.T.);
#818=EDGE_CURVE('',#950,#983,#1099,.T.);
#819=EDGE_CURVE('',#985,#985,#68,.T.);
#820=EDGE_CURVE('',#986,#986,#69,.T.);
#821=EDGE_CURVE('',#987,#987,#70,.T.);
#822=EDGE_CURVE('',#988,#988,#71,.T.);
#823=EDGE_CURVE('',#989,#989,#72,.T.);
#824=EDGE_CURVE('',#990,#991,#1100,.T.);
#825=EDGE_CURVE('',#992,#990,#1101,.T.);
#826=EDGE_CURVE('',#992,#993,#1102,.T.);
#827=EDGE_CURVE('',#993,#991,#1103,.T.);
#828=EDGE_CURVE('',#990,#994,#1104,.T.);
#829=EDGE_CURVE('',#995,#994,#1105,.T.);
#830=EDGE_CURVE('',#992,#995,#1106,.T.);
#831=EDGE_CURVE('',#994,#996,#1107,.T.);
#832=EDGE_CURVE('',#997,#996,#1108,.T.);
#833=EDGE_CURVE('',#995,#997,#1109,.T.);
#834=EDGE_CURVE('',#998,#858,#1110,.T.);
#835=EDGE_CURVE('',#998,#999,#1111,.T.);
#836=EDGE_CURVE('',#999,#860,#1112,.T.);
#837=EDGE_CURVE('',#1000,#859,#1113,.T.);
#838=EDGE_CURVE('',#998,#1000,#1114,.T.);
#839=EDGE_CURVE('',#1001,#861,#1115,.T.);
#840=EDGE_CURVE('',#1000,#1001,#1116,.T.);
#841=EDGE_CURVE('',#999,#1001,#1117,.T.);
#842=EDGE_CURVE('',#991,#996,#1118,.T.);
#843=EDGE_CURVE('',#993,#997,#1119,.T.);
#844=EDGE_CURVE('',#1002,#864,#1120,.T.);
#845=EDGE_CURVE('',#1002,#1003,#1121,.T.);
#846=EDGE_CURVE('',#1003,#865,#1122,.T.);
#847=EDGE_CURVE('',#1004,#866,#1123,.T.);
#848=EDGE_CURVE('',#1005,#1004,#1124,.T.);
#849=EDGE_CURVE('',#1005,#867,#1125,.T.);
#850=EDGE_CURVE('',#1004,#1003,#1126,.T.);
#851=EDGE_CURVE('',#1002,#1005,#1127,.T.);
#852=EDGE_CURVE('',#1006,#1006,#73,.T.);
#853=EDGE_CURVE('',#1007,#1007,#74,.T.);
#854=EDGE_CURVE('',#1008,#1008,#75,.T.);
#855=EDGE_CURVE('',#1009,#1009,#76,.T.);
#856=EDGE_CURVE('',#1010,#1010,#77,.T.);
#857=EDGE_CURVE('',#1011,#1011,#78,.T.);
#858=VERTEX_POINT('',#3141);
#859=VERTEX_POINT('',#3142);
#860=VERTEX_POINT('',#3144);
#861=VERTEX_POINT('',#3146);
#862=VERTEX_POINT('',#3149);
#863=VERTEX_POINT('',#3150);
#864=VERTEX_POINT('',#3152);
#865=VERTEX_POINT('',#3154);
#866=VERTEX_POINT('',#3156);
#867=VERTEX_POINT('',#3158);
#868=VERTEX_POINT('',#3160);
#869=VERTEX_POINT('',#3162);
#870=VERTEX_POINT('',#3164);
#871=VERTEX_POINT('',#3166);
#872=VERTEX_POINT('',#3171);
#873=VERTEX_POINT('',#3176);
#874=VERTEX_POINT('',#3181);
#875=VERTEX_POINT('',#3183);
#876=VERTEX_POINT('',#3187);
#877=VERTEX_POINT('',#3189);
#878=VERTEX_POINT('',#3194);
#879=VERTEX_POINT('',#3199);
#880=VERTEX_POINT('',#3206);
#881=VERTEX_POINT('',#3207);
#882=VERTEX_POINT('',#3209);
#883=VERTEX_POINT('',#3214);
#884=VERTEX_POINT('',#3219);
#885=VERTEX_POINT('',#3224);
#886=VERTEX_POINT('',#3228);
#887=VERTEX_POINT('',#3230);
#888=VERTEX_POINT('',#3232);
#889=VERTEX_POINT('',#3234);
#890=VERTEX_POINT('',#3235);
#891=VERTEX_POINT('',#3237);
#892=VERTEX_POINT('',#3239);
#893=VERTEX_POINT('',#3241);
#894=VERTEX_POINT('',#3243);
#895=VERTEX_POINT('',#3245);
#896=VERTEX_POINT('',#3247);
#897=VERTEX_POINT('',#3250);
#898=VERTEX_POINT('',#3252);
#899=VERTEX_POINT('',#3255);
#900=VERTEX_POINT('',#3260);
#901=VERTEX_POINT('',#3267);
#902=VERTEX_POINT('',#3268);
#903=VERTEX_POINT('',#3270);
#904=VERTEX_POINT('',#3275);
#905=VERTEX_POINT('',#3282);
#906=VERTEX_POINT('',#3283);
#907=VERTEX_POINT('',#3285);
#908=VERTEX_POINT('',#3290);
#909=VERTEX_POINT('',#3297);
#910=VERTEX_POINT('',#3298);
#911=VERTEX_POINT('',#3300);
#912=VERTEX_POINT('',#3305);
#913=VERTEX_POINT('',#3312);
#914=VERTEX_POINT('',#3313);
#915=VERTEX_POINT('',#3321);
#916=VERTEX_POINT('',#3322);
#917=VERTEX_POINT('',#3324);
#918=VERTEX_POINT('',#3329);
#919=VERTEX_POINT('',#3336);
#920=VERTEX_POINT('',#3337);
#921=VERTEX_POINT('',#3339);
#922=VERTEX_POINT('',#3344);
#923=VERTEX_POINT('',#3348);
#924=VERTEX_POINT('',#3353);
#925=VERTEX_POINT('',#3384);
#926=VERTEX_POINT('',#3394);
#927=VERTEX_POINT('',#3404);
#928=VERTEX_POINT('',#3414);
#929=VERTEX_POINT('',#3424);
#930=VERTEX_POINT('',#3434);
#931=VERTEX_POINT('',#3444);
#932=VERTEX_POINT('',#3457);
#933=VERTEX_POINT('',#3480);
#934=VERTEX_POINT('',#3490);
#935=VERTEX_POINT('',#3511);
#936=VERTEX_POINT('',#3523);
#937=VERTEX_POINT('',#3527);
#938=VERTEX_POINT('',#3528);
#939=VERTEX_POINT('',#3530);
#940=VERTEX_POINT('',#3532);
#941=VERTEX_POINT('',#3537);
#942=VERTEX_POINT('',#3538);
#943=VERTEX_POINT('',#3540);
#944=VERTEX_POINT('',#3542);
#945=VERTEX_POINT('',#3544);
#946=VERTEX_POINT('',#3553);
#947=VERTEX_POINT('',#3557);
#948=VERTEX_POINT('',#3558);
#949=VERTEX_POINT('',#3560);
#950=VERTEX_POINT('',#3562);
#951=VERTEX_POINT('',#3568);
#952=VERTEX_POINT('',#3570);
#953=VERTEX_POINT('',#3573);
#954=VERTEX_POINT('',#3577);
#955=VERTEX_POINT('',#3580);
#956=VERTEX_POINT('',#3583);
#957=VERTEX_POINT('',#3586);
#958=VERTEX_POINT('',#3590);
#959=VERTEX_POINT('',#3594);
#960=VERTEX_POINT('',#3598);
#961=VERTEX_POINT('',#3602);
#962=VERTEX_POINT('',#3605);
#963=VERTEX_POINT('',#3608);
#964=VERTEX_POINT('',#3610);
#965=VERTEX_POINT('',#3614);
#966=VERTEX_POINT('',#3618);
#967=VERTEX_POINT('',#3619);
#968=VERTEX_POINT('',#3624);
#969=VERTEX_POINT('',#3625);
#970=VERTEX_POINT('',#3633);
#971=VERTEX_POINT('',#3636);
#972=VERTEX_POINT('',#3637);
#973=VERTEX_POINT('',#3642);
#974=VERTEX_POINT('',#3643);
#975=VERTEX_POINT('',#3651);
#976=VERTEX_POINT('',#3654);
#977=VERTEX_POINT('',#3655);
#978=VERTEX_POINT('',#3660);
#979=VERTEX_POINT('',#3661);
#980=VERTEX_POINT('',#3669);
#981=VERTEX_POINT('',#3672);
#982=VERTEX_POINT('',#3673);
#983=VERTEX_POINT('',#3678);
#984=VERTEX_POINT('',#3679);
#985=VERTEX_POINT('',#3687);
#986=VERTEX_POINT('',#3690);
#987=VERTEX_POINT('',#3694);
#988=VERTEX_POINT('',#3698);
#989=VERTEX_POINT('',#3702);
#990=VERTEX_POINT('',#3706);
#991=VERTEX_POINT('',#3707);
#992=VERTEX_POINT('',#3709);
#993=VERTEX_POINT('',#3711);
#994=VERTEX_POINT('',#3715);
#995=VERTEX_POINT('',#3717);
#996=VERTEX_POINT('',#3721);
#997=VERTEX_POINT('',#3723);
#998=VERTEX_POINT('',#3727);
#999=VERTEX_POINT('',#3729);
#1000=VERTEX_POINT('',#3733);
#1001=VERTEX_POINT('',#3737);
#1002=VERTEX_POINT('',#3748);
#1003=VERTEX_POINT('',#3750);
#1004=VERTEX_POINT('',#3754);
#1005=VERTEX_POINT('',#3756);
#1006=VERTEX_POINT('',#3764);
#1007=VERTEX_POINT('',#3767);
#1008=VERTEX_POINT('',#3770);
#1009=VERTEX_POINT('',#3773);
#1010=VERTEX_POINT('',#3776);
#1011=VERTEX_POINT('',#3779);
#1012=LINE('',#3140,#1128);
#1013=LINE('',#3143,#1129);
#1014=LINE('',#3145,#1130);
#1015=LINE('',#3147,#1131);
#1016=LINE('',#3148,#1132);
#1017=LINE('',#3151,#1133);
#1018=LINE('',#3153,#1134);
#1019=LINE('',#3155,#1135);
#1020=LINE('',#3157,#1136);
#1021=LINE('',#3159,#1137);
#1022=LINE('',#3161,#1138);
#1023=LINE('',#3163,#1139);
#1024=LINE('',#3165,#1140);
#1025=LINE('',#3182,#1141);
#1026=LINE('',#3184,#1142);
#1027=LINE('',#3188,#1143);
#1028=LINE('',#3208,#1144);
#1029=LINE('',#3225,#1145);
#1030=LINE('',#3236,#1146);
#1031=LINE('',#3240,#1147);
#1032=LINE('',#3244,#1148);
#1033=LINE('',#3248,#1149);
#1034=LINE('',#3254,#1150);
#1035=LINE('',#3261,#1151);
#1036=LINE('',#3269,#1152);
#1037=LINE('',#3276,#1153);
#1038=LINE('',#3284,#1154);
#1039=LINE('',#3291,#1155);
#1040=LINE('',#3299,#1156);
#1041=LINE('',#3306,#1157);
#1042=LINE('',#3314,#1158);
#1043=LINE('',#3315,#1159);
#1044=LINE('',#3323,#1160);
#1045=LINE('',#3330,#1161);
#1046=LINE('',#3338,#1162);
#1047=LINE('',#3345,#1163);
#1048=LINE('',#3347,#1164);
#1049=LINE('',#3354,#1165);
#1050=LINE('',#3450,#1166);
#1051=LINE('',#3451,#1167);
#1052=LINE('',#3458,#1168);
#1053=LINE('',#3464,#1169);
#1054=LINE('',#3466,#1170);
#1055=LINE('',#3468,#1171);
#1056=LINE('',#3470,#1172);
#1057=LINE('',#3472,#1173);
#1058=LINE('',#3522,#1174);
#1059=LINE('',#3526,#1175);
#1060=LINE('',#3529,#1176);
#1061=LINE('',#3531,#1177);
#1062=LINE('',#3533,#1178);
#1063=LINE('',#3534,#1179);
#1064=LINE('',#3536,#1180);
#1065=LINE('',#3539,#1181);
#1066=LINE('',#3541,#1182);
#1067=LINE('',#3543,#1183);
#1068=LINE('',#3545,#1184);
#1069=LINE('',#3550,#1185);
#1070=LINE('',#3552,#1186);
#1071=LINE('',#3556,#1187);
#1072=LINE('',#3559,#1188);
#1073=LINE('',#3561,#1189);
#1074=LINE('',#3563,#1190);
#1075=LINE('',#3564,#1191);
#1076=LINE('',#3617,#1192);
#1077=LINE('',#3620,#1193);
#1078=LINE('',#3621,#1194);
#1079=LINE('',#3623,#1195);
#1080=LINE('',#3629,#1196);
#1081=LINE('',#3630,#1197);
#1082=LINE('',#3635,#1198);
#1083=LINE('',#3638,#1199);
#1084=LINE('',#3639,#1200);
#1085=LINE('',#3641,#1201);
#1086=LINE('',#3647,#1202);
#1087=LINE('',#3648,#1203);
#1088=LINE('',#3653,#1204);
#1089=LINE('',#3656,#1205);
#1090=LINE('',#3657,#1206);
#1091=LINE('',#3659,#1207);
#1092=LINE('',#3665,#1208);
#1093=LINE('',#3666,#1209);
#1094=LINE('',#3671,#1210);
#1095=LINE('',#3674,#1211);
#1096=LINE('',#3675,#1212);
#1097=LINE('',#3677,#1213);
#1098=LINE('',#3683,#1214);
#1099=LINE('',#3684,#1215);
#1100=LINE('',#3705,#1216);
#1101=LINE('',#3708,#1217);
#1102=LINE('',#3710,#1218);
#1103=LINE('',#3712,#1219);
#1104=LINE('',#3714,#1220);
#1105=LINE('',#3716,#1221);
#1106=LINE('',#3718,#1222);
#1107=LINE('',#3720,#1223);
#1108=LINE('',#3722,#1224);
#1109=LINE('',#3724,#1225);
#1110=LINE('',#3726,#1226);
#1111=LINE('',#3728,#1227);
#1112=LINE('',#3730,#1228);
#1113=LINE('',#3732,#1229);
#1114=LINE('',#3734,#1230);
#1115=LINE('',#3736,#1231);
#1116=LINE('',#3738,#1232);
#1117=LINE('',#3740,#1233);
#1118=LINE('',#3742,#1234);
#1119=LINE('',#3743,#1235);
#1120=LINE('',#3747,#1236);
#1121=LINE('',#3749,#1237);
#1122=LINE('',#3751,#1238);
#1123=LINE('',#3753,#1239);
#1124=LINE('',#3755,#1240);
#1125=LINE('',#3757,#1241);
#1126=LINE('',#3759,#1242);
#1127=LINE('',#3761,#1243);
#1128=VECTOR('',#2664,1.);
#1129=VECTOR('',#2665,1.);
#1130=VECTOR('',#2666,1.);
#1131=VECTOR('',#2667,1.);
#1132=VECTOR('',#2668,1.);
#1133=VECTOR('',#2669,1.);
#1134=VECTOR('',#2670,1.);
#1135=VECTOR('',#2671,1.);
#1136=VECTOR('',#2672,1.);
#1137=VECTOR('',#2673,1.);
#1138=VECTOR('',#2674,1.);
#1139=VECTOR('',#2675,1.);
#1140=VECTOR('',#2676,1.);
#1141=VECTOR('',#2677,1.);
#1142=VECTOR('',#2678,1.);
#1143=VECTOR('',#2683,1.);
#1144=VECTOR('',#2688,1.);
#1145=VECTOR('',#2689,1.);
#1146=VECTOR('',#2700,1.);
#1147=VECTOR('',#2703,1.);
#1148=VECTOR('',#2706,1.);
#1149=VECTOR('',#2709,1.);
#1150=VECTOR('',#2716,1.);
#1151=VECTOR('',#2717,1.);
#1152=VECTOR('',#2720,1.);
#1153=VECTOR('',#2721,1.);
#1154=VECTOR('',#2724,1.);
#1155=VECTOR('',#2725,1.);
#1156=VECTOR('',#2728,1.);
#1157=VECTOR('',#2729,1.);
#1158=VECTOR('',#2732,1.);
#1159=VECTOR('',#2733,1.);
#1160=VECTOR('',#2736,1.);
#1161=VECTOR('',#2737,1.);
#1162=VECTOR('',#2740,1.);
#1163=VECTOR('',#2741,1.);
#1164=VECTOR('',#2744,1.);
#1165=VECTOR('',#2745,1.);
#1166=VECTOR('',#2810,1.);
#1167=VECTOR('',#2811,1.);
#1168=VECTOR('',#2814,1.);
#1169=VECTOR('',#2817,1.);
#1170=VECTOR('',#2820,1.);
#1171=VECTOR('',#2823,1.);
#1172=VECTOR('',#2826,1.);
#1173=VECTOR('',#2829,1.);
#1174=VECTOR('',#2850,1.);
#1175=VECTOR('',#2855,1.);
#1176=VECTOR('',#2856,1.);
#1177=VECTOR('',#2857,1.);
#1178=VECTOR('',#2858,1.);
#1179=VECTOR('',#2859,1.);
#1180=VECTOR('',#2862,1.);
#1181=VECTOR('',#2863,1.);
#1182=VECTOR('',#2864,1.);
#1183=VECTOR('',#2865,1.);
#1184=VECTOR('',#2866,1.);
#1185=VECTOR('',#2867,1.);
#1186=VECTOR('',#2870,1.);
#1187=VECTOR('',#2875,1.);
#1188=VECTOR('',#2876,1.);
#1189=VECTOR('',#2877,1.);
#1190=VECTOR('',#2878,1.);
#1191=VECTOR('',#2879,1.);
#1192=VECTOR('',#2954,1.);
#1193=VECTOR('',#2955,1.);
#1194=VECTOR('',#2956,1.);
#1195=VECTOR('',#2959,1.);
#1196=VECTOR('',#2966,1.);
#1197=VECTOR('',#2967,1.);
#1198=VECTOR('',#2974,1.);
#1199=VECTOR('',#2975,1.);
#1200=VECTOR('',#2976,1.);
#1201=VECTOR('',#2979,1.);
#1202=VECTOR('',#2986,1.);
#1203=VECTOR('',#2987,1.);
#1204=VECTOR('',#2994,1.);
#1205=VECTOR('',#2995,1.);
#1206=VECTOR('',#2996,1.);
#1207=VECTOR('',#2999,1.);
#1208=VECTOR('',#3006,1.);
#1209=VECTOR('',#3007,1.);
#1210=VECTOR('',#3014,1.);
#1211=VECTOR('',#3015,1.);
#1212=VECTOR('',#3016,1.);
#1213=VECTOR('',#3019,1.);
#1214=VECTOR('',#3026,1.);
#1215=VECTOR('',#3027,1.);
#1216=VECTOR('',#3058,1.);
#1217=VECTOR('',#3059,1.);
#1218=VECTOR('',#3060,1.);
#1219=VECTOR('',#3061,1.);
#1220=VECTOR('',#3064,1.);
#1221=VECTOR('',#3065,1.);
#1222=VECTOR('',#3066,1.);
#1223=VECTOR('',#3069,1.);
#1224=VECTOR('',#3070,1.);
#1225=VECTOR('',#3071,1.);
#1226=VECTOR('',#3074,1.);
#1227=VECTOR('',#3075,1.);
#1228=VECTOR('',#3076,1.);
#1229=VECTOR('',#3079,1.);
#1230=VECTOR('',#3080,1.);
#1231=VECTOR('',#3083,1.);
#1232=VECTOR('',#3084,1.);
#1233=VECTOR('',#3087,1.);
#1234=VECTOR('',#3090,1.);
#1235=VECTOR('',#3091,1.);
#1236=VECTOR('',#3098,1.);
#1237=VECTOR('',#3099,1.);
#1238=VECTOR('',#3100,1.);
#1239=VECTOR('',#3103,1.);
#1240=VECTOR('',#3104,1.);
#1241=VECTOR('',#3105,1.);
#1242=VECTOR('',#3108,1.);
#1243=VECTOR('',#3111,1.);
#1244=EDGE_LOOP('',(#168,#169,#170,#171));
#1245=EDGE_LOOP('',(#172,#173,#174,#175,#176,#177,#178,#179,#180,#181,#182,
#183,#184,#185));
#1246=EDGE_LOOP('',(#186,#187,#188,#189,#190,#191));
#1247=EDGE_LOOP('',(#192,#193,#194,#195,#196,#197));
#1248=EDGE_LOOP('',(#198));
#1249=EDGE_LOOP('',(#199));
#1250=EDGE_LOOP('',(#200));
#1251=EDGE_LOOP('',(#201,#202,#203,#204,#205,#206,#207,#208));
#1252=EDGE_LOOP('',(#209));
#1253=EDGE_LOOP('',(#210));
#1254=EDGE_LOOP('',(#211,#212,#213,#214));
#1255=EDGE_LOOP('',(#215,#216,#217,#218));
#1256=EDGE_LOOP('',(#219,#220,#221,#222));
#1257=EDGE_LOOP('',(#223,#224,#225,#226));
#1258=EDGE_LOOP('',(#227,#228,#229,#230));
#1259=EDGE_LOOP('',(#231,#232,#233,#234));
#1260=EDGE_LOOP('',(#235,#236,#237,#238));
#1261=EDGE_LOOP('',(#239,#240,#241,#242));
#1262=EDGE_LOOP('',(#243,#244,#245,#246));
#1263=EDGE_LOOP('',(#247,#248,#249,#250));
#1264=EDGE_LOOP('',(#251,#252,#253,#254));
#1265=EDGE_LOOP('',(#255,#256,#257,#258));
#1266=EDGE_LOOP('',(#259,#260,#261,#262));
#1267=EDGE_LOOP('',(#263,#264,#265,#266));
#1268=EDGE_LOOP('',(#267,#268,#269,#270));
#1269=EDGE_LOOP('',(#271,#272,#273,#274));
#1270=EDGE_LOOP('',(#275,#276,#277));
#1271=EDGE_LOOP('',(#278,#279,#280));
#1272=EDGE_LOOP('',(#281,#282,#283));
#1273=EDGE_LOOP('',(#284,#285,#286));
#1274=EDGE_LOOP('',(#287,#288,#289));
#1275=EDGE_LOOP('',(#290,#291,#292));
#1276=EDGE_LOOP('',(#293,#294,#295));
#1277=EDGE_LOOP('',(#296,#297,#298,#299,#300,#301));
#1278=EDGE_LOOP('',(#302,#303,#304,#305,#306,#307));
#1279=EDGE_LOOP('',(#308,#309,#310,#311,#312,#313));
#1280=EDGE_LOOP('',(#314,#315,#316,#317,#318,#319));
#1281=EDGE_LOOP('',(#320,#321,#322,#323,#324,#325));
#1282=EDGE_LOOP('',(#326,#327,#328,#329,#330,#331));
#1283=EDGE_LOOP('',(#332,#333,#334,#335,#336,#337));
#1284=EDGE_LOOP('',(#338,#339,#340,#341,#342,#343));
#1285=EDGE_LOOP('',(#344,#345,#346));
#1286=EDGE_LOOP('',(#347,#348,#349));
#1287=EDGE_LOOP('',(#350,#351,#352));
#1288=EDGE_LOOP('',(#353,#354,#355));
#1289=EDGE_LOOP('',(#356,#357,#358));
#1290=EDGE_LOOP('',(#359,#360,#361));
#1291=EDGE_LOOP('',(#362,#363,#364));
#1292=EDGE_LOOP('',(#365,#366,#367));
#1293=EDGE_LOOP('',(#368,#369,#370,#371,#372,#373));
#1294=EDGE_LOOP('',(#374,#375,#376,#377,#378,#379,#380,#381,#382,#383));
#1295=EDGE_LOOP('',(#384,#385,#386,#387,#388,#389,#390,#391,#392,#393));
#1296=EDGE_LOOP('',(#394,#395,#396,#397,#398,#399));
#1297=EDGE_LOOP('',(#400,#401,#402,#403,#404,#405,#406,#407,#408,#409));
#1298=EDGE_LOOP('',(#410,#411,#412));
#1299=EDGE_LOOP('',(#413));
#1300=EDGE_LOOP('',(#414));
#1301=EDGE_LOOP('',(#415));
#1302=EDGE_LOOP('',(#416));
#1303=EDGE_LOOP('',(#417));
#1304=EDGE_LOOP('',(#418));
#1305=EDGE_LOOP('',(#419));
#1306=EDGE_LOOP('',(#420));
#1307=EDGE_LOOP('',(#421));
#1308=EDGE_LOOP('',(#422));
#1309=EDGE_LOOP('',(#423));
#1310=EDGE_LOOP('',(#424));
#1311=EDGE_LOOP('',(#425));
#1312=EDGE_LOOP('',(#426));
#1313=EDGE_LOOP('',(#427));
#1314=EDGE_LOOP('',(#428));
#1315=EDGE_LOOP('',(#429));
#1316=EDGE_LOOP('',(#430));
#1317=EDGE_LOOP('',(#431));
#1318=EDGE_LOOP('',(#432));
#1319=EDGE_LOOP('',(#433));
#1320=EDGE_LOOP('',(#434));
#1321=EDGE_LOOP('',(#435));
#1322=EDGE_LOOP('',(#436));
#1323=EDGE_LOOP('',(#437));
#1324=EDGE_LOOP('',(#438));
#1325=EDGE_LOOP('',(#439));
#1326=EDGE_LOOP('',(#440));
#1327=EDGE_LOOP('',(#441));
#1328=EDGE_LOOP('',(#442));
#1329=EDGE_LOOP('',(#443));
#1330=EDGE_LOOP('',(#444));
#1331=EDGE_LOOP('',(#445));
#1332=EDGE_LOOP('',(#446));
#1333=EDGE_LOOP('',(#447));
#1334=EDGE_LOOP('',(#448,#449,#450,#451));
#1335=EDGE_LOOP('',(#452,#453,#454,#455));
#1336=EDGE_LOOP('',(#456,#457,#458,#459));
#1337=EDGE_LOOP('',(#460));
#1338=EDGE_LOOP('',(#461,#462,#463,#464,#465,#466));
#1339=EDGE_LOOP('',(#467,#468,#469,#470));
#1340=EDGE_LOOP('',(#471,#472,#473,#474));
#1341=EDGE_LOOP('',(#475,#476,#477,#478));
#1342=EDGE_LOOP('',(#479));
#1343=EDGE_LOOP('',(#480,#481,#482,#483,#484,#485));
#1344=EDGE_LOOP('',(#486,#487,#488,#489));
#1345=EDGE_LOOP('',(#490,#491,#492,#493));
#1346=EDGE_LOOP('',(#494,#495,#496,#497));
#1347=EDGE_LOOP('',(#498));
#1348=EDGE_LOOP('',(#499,#500,#501,#502,#503,#504));
#1349=EDGE_LOOP('',(#505,#506,#507,#508));
#1350=EDGE_LOOP('',(#509,#510,#511,#512));
#1351=EDGE_LOOP('',(#513,#514,#515,#516));
#1352=EDGE_LOOP('',(#517));
#1353=EDGE_LOOP('',(#518,#519,#520,#521,#522,#523));
#1354=EDGE_LOOP('',(#524));
#1355=EDGE_LOOP('',(#525));
#1356=EDGE_LOOP('',(#526));
#1357=EDGE_LOOP('',(#527));
#1358=EDGE_LOOP('',(#528));
#1359=EDGE_LOOP('',(#529));
#1360=EDGE_LOOP('',(#530));
#1361=EDGE_LOOP('',(#531));
#1362=EDGE_LOOP('',(#532));
#1363=EDGE_LOOP('',(#533));
#1364=EDGE_LOOP('',(#534));
#1365=EDGE_LOOP('',(#535));
#1366=EDGE_LOOP('',(#536,#537,#538,#539));
#1367=EDGE_LOOP('',(#540,#541,#542,#543));
#1368=EDGE_LOOP('',(#544,#545,#546,#547));
#1369=EDGE_LOOP('',(#548,#549,#550,#551));
#1370=EDGE_LOOP('',(#552,#553,#554,#555));
#1371=EDGE_LOOP('',(#556,#557,#558,#559));
#1372=EDGE_LOOP('',(#560,#561,#562,#563));
#1373=EDGE_LOOP('',(#564,#565,#566,#567));
#1374=EDGE_LOOP('',(#568,#569,#570,#571));
#1375=EDGE_LOOP('',(#572,#573,#574,#575));
#1376=EDGE_LOOP('',(#576,#577,#578,#579));
#1377=EDGE_LOOP('',(#580,#581,#582,#583));
#1378=EDGE_LOOP('',(#584,#585,#586,#587));
#1379=EDGE_LOOP('',(#588,#589,#590,#591));
#1380=EDGE_LOOP('',(#592,#593,#594,#595));
#1381=EDGE_LOOP('',(#596));
#1382=EDGE_LOOP('',(#597,#598,#599,#600,#601,#602,#603,#604,#605,#606,#607,
#608,#609,#610,#611,#612,#613,#614,#615,#616));
#1383=EDGE_LOOP('',(#617));
#1384=EDGE_LOOP('',(#618));
#1385=EDGE_LOOP('',(#619));
#1386=EDGE_LOOP('',(#620));
#1387=EDGE_LOOP('',(#621));
#1388=EDGE_LOOP('',(#622));
#1389=EDGE_LOOP('',(#623));
#1390=EDGE_LOOP('',(#624));
#1391=EDGE_LOOP('',(#625));
#1392=EDGE_LOOP('',(#626));
#1393=EDGE_LOOP('',(#627));
#1394=FACE_BOUND('',#1244,.T.);
#1395=FACE_BOUND('',#1245,.T.);
#1396=FACE_BOUND('',#1246,.T.);
#1397=FACE_BOUND('',#1247,.T.);
#1398=FACE_BOUND('',#1248,.T.);
#1399=FACE_BOUND('',#1249,.T.);
#1400=FACE_BOUND('',#1250,.T.);
#1401=FACE_BOUND('',#1251,.T.);
#1402=FACE_BOUND('',#1252,.T.);
#1403=FACE_BOUND('',#1253,.T.);
#1404=FACE_BOUND('',#1254,.T.);
#1405=FACE_BOUND('',#1255,.T.);
#1406=FACE_BOUND('',#1256,.T.);
#1407=FACE_BOUND('',#1257,.T.);
#1408=FACE_BOUND('',#1258,.T.);
#1409=FACE_BOUND('',#1259,.T.);
#1410=FACE_BOUND('',#1260,.T.);
#1411=FACE_BOUND('',#1261,.T.);
#1412=FACE_BOUND('',#1262,.T.);
#1413=FACE_BOUND('',#1263,.T.);
#1414=FACE_BOUND('',#1264,.T.);
#1415=FACE_BOUND('',#1265,.T.);
#1416=FACE_BOUND('',#1266,.T.);
#1417=FACE_BOUND('',#1267,.T.);
#1418=FACE_BOUND('',#1268,.T.);
#1419=FACE_BOUND('',#1269,.T.);
#1420=FACE_BOUND('',#1270,.T.);
#1421=FACE_BOUND('',#1271,.T.);
#1422=FACE_BOUND('',#1272,.T.);
#1423=FACE_BOUND('',#1273,.T.);
#1424=FACE_BOUND('',#1274,.T.);
#1425=FACE_BOUND('',#1275,.T.);
#1426=FACE_BOUND('',#1276,.T.);
#1427=FACE_BOUND('',#1277,.T.);
#1428=FACE_BOUND('',#1278,.T.);
#1429=FACE_BOUND('',#1279,.T.);
#1430=FACE_BOUND('',#1280,.T.);
#1431=FACE_BOUND('',#1281,.T.);
#1432=FACE_BOUND('',#1282,.T.);
#1433=FACE_BOUND('',#1283,.T.);
#1434=FACE_BOUND('',#1284,.T.);
#1435=FACE_BOUND('',#1285,.T.);
#1436=FACE_BOUND('',#1286,.T.);
#1437=FACE_BOUND('',#1287,.T.);
#1438=FACE_BOUND('',#1288,.T.);
#1439=FACE_BOUND('',#1289,.T.);
#1440=FACE_BOUND('',#1290,.T.);
#1441=FACE_BOUND('',#1291,.T.);
#1442=FACE_BOUND('',#1292,.T.);
#1443=FACE_BOUND('',#1293,.T.);
#1444=FACE_BOUND('',#1294,.T.);
#1445=FACE_BOUND('',#1295,.T.);
#1446=FACE_BOUND('',#1296,.T.);
#1447=FACE_BOUND('',#1297,.T.);
#1448=FACE_BOUND('',#1298,.T.);
#1449=FACE_BOUND('',#1299,.T.);
#1450=FACE_BOUND('',#1300,.T.);
#1451=FACE_BOUND('',#1301,.T.);
#1452=FACE_BOUND('',#1302,.T.);
#1453=FACE_BOUND('',#1303,.T.);
#1454=FACE_BOUND('',#1304,.T.);
#1455=FACE_BOUND('',#1305,.T.);
#1456=FACE_BOUND('',#1306,.T.);
#1457=FACE_BOUND('',#1307,.T.);
#1458=FACE_BOUND('',#1308,.T.);
#1459=FACE_BOUND('',#1309,.T.);
#1460=FACE_BOUND('',#1310,.T.);
#1461=FACE_BOUND('',#1311,.T.);
#1462=FACE_BOUND('',#1312,.T.);
#1463=FACE_BOUND('',#1313,.T.);
#1464=FACE_BOUND('',#1314,.T.);
#1465=FACE_BOUND('',#1315,.T.);
#1466=FACE_BOUND('',#1316,.T.);
#1467=FACE_BOUND('',#1317,.T.);
#1468=FACE_BOUND('',#1318,.T.);
#1469=FACE_BOUND('',#1319,.T.);
#1470=FACE_BOUND('',#1320,.T.);
#1471=FACE_BOUND('',#1321,.T.);
#1472=FACE_BOUND('',#1322,.T.);
#1473=FACE_BOUND('',#1323,.T.);
#1474=FACE_BOUND('',#1324,.T.);
#1475=FACE_BOUND('',#1325,.T.);
#1476=FACE_BOUND('',#1326,.T.);
#1477=FACE_BOUND('',#1327,.T.);
#1478=FACE_BOUND('',#1328,.T.);
#1479=FACE_BOUND('',#1329,.T.);
#1480=FACE_BOUND('',#1330,.T.);
#1481=FACE_BOUND('',#1331,.T.);
#1482=FACE_BOUND('',#1332,.T.);
#1483=FACE_BOUND('',#1333,.T.);
#1484=FACE_BOUND('',#1334,.T.);
#1485=FACE_BOUND('',#1335,.T.);
#1486=FACE_BOUND('',#1336,.T.);
#1487=FACE_BOUND('',#1337,.T.);
#1488=FACE_BOUND('',#1338,.T.);
#1489=FACE_BOUND('',#1339,.T.);
#1490=FACE_BOUND('',#1340,.T.);
#1491=FACE_BOUND('',#1341,.T.);
#1492=FACE_BOUND('',#1342,.T.);
#1493=FACE_BOUND('',#1343,.T.);
#1494=FACE_BOUND('',#1344,.T.);
#1495=FACE_BOUND('',#1345,.T.);
#1496=FACE_BOUND('',#1346,.T.);
#1497=FACE_BOUND('',#1347,.T.);
#1498=FACE_BOUND('',#1348,.T.);
#1499=FACE_BOUND('',#1349,.T.);
#1500=FACE_BOUND('',#1350,.T.);
#1501=FACE_BOUND('',#1351,.T.);
#1502=FACE_BOUND('',#1352,.T.);
#1503=FACE_BOUND('',#1353,.T.);
#1504=FACE_BOUND('',#1354,.T.);
#1505=FACE_BOUND('',#1355,.T.);
#1506=FACE_BOUND('',#1356,.T.);
#1507=FACE_BOUND('',#1357,.T.);
#1508=FACE_BOUND('',#1358,.T.);
#1509=FACE_BOUND('',#1359,.T.);
#1510=FACE_BOUND('',#1360,.T.);
#1511=FACE_BOUND('',#1361,.T.);
#1512=FACE_BOUND('',#1362,.T.);
#1513=FACE_BOUND('',#1363,.T.);
#1514=FACE_BOUND('',#1364,.T.);
#1515=FACE_BOUND('',#1365,.T.);
#1516=FACE_BOUND('',#1366,.T.);
#1517=FACE_BOUND('',#1367,.T.);
#1518=FACE_BOUND('',#1368,.T.);
#1519=FACE_BOUND('',#1369,.T.);
#1520=FACE_BOUND('',#1370,.T.);
#1521=FACE_BOUND('',#1371,.T.);
#1522=FACE_BOUND('',#1372,.T.);
#1523=FACE_BOUND('',#1373,.T.);
#1524=FACE_BOUND('',#1374,.T.);
#1525=FACE_BOUND('',#1375,.T.);
#1526=FACE_BOUND('',#1376,.T.);
#1527=FACE_BOUND('',#1377,.T.);
#1528=FACE_BOUND('',#1378,.T.);
#1529=FACE_BOUND('',#1379,.T.);
#1530=FACE_BOUND('',#1380,.T.);
#1531=FACE_BOUND('',#1381,.T.);
#1532=FACE_BOUND('',#1382,.T.);
#1533=FACE_BOUND('',#1383,.T.);
#1534=FACE_BOUND('',#1384,.T.);
#1535=FACE_BOUND('',#1385,.T.);
#1536=FACE_BOUND('',#1386,.T.);
#1537=FACE_BOUND('',#1387,.T.);
#1538=FACE_BOUND('',#1388,.T.);
#1539=FACE_BOUND('',#1389,.T.);
#1540=FACE_BOUND('',#1390,.T.);
#1541=FACE_BOUND('',#1391,.T.);
#1542=FACE_BOUND('',#1392,.T.);
#1543=FACE_BOUND('',#1393,.T.);
#1544=PLANE('',#2480);
#1545=PLANE('',#2485);
#1546=PLANE('',#2496);
#1547=PLANE('',#2498);
#1548=PLANE('',#2500);
#1549=PLANE('',#2502);
#1550=PLANE('',#2527);
#1551=PLANE('',#2528);
#1552=PLANE('',#2529);
#1553=PLANE('',#2530);
#1554=PLANE('',#2531);
#1555=PLANE('',#2532);
#1556=PLANE('',#2533);
#1557=PLANE('',#2535);
#1558=PLANE('',#2537);
#1559=PLANE('',#2539);
#1560=PLANE('',#2541);
#1561=PLANE('',#2542);
#1562=PLANE('',#2543);
#1563=PLANE('',#2544);
#1564=PLANE('',#2545);
#1565=PLANE('',#2546);
#1566=PLANE('',#2547);
#1567=PLANE('',#2548);
#1568=PLANE('',#2549);
#1569=PLANE('',#2552);
#1570=PLANE('',#2553);
#1571=PLANE('',#2556);
#1572=PLANE('',#2557);
#1573=PLANE('',#2563);
#1574=PLANE('',#2564);
#1575=PLANE('',#2568);
#1576=PLANE('',#2572);
#1577=PLANE('',#2575);
#1578=PLANE('',#2578);
#1579=PLANE('',#2581);
#1580=PLANE('',#2584);
#1581=PLANE('',#2586);
#1582=PLANE('',#2592);
#1583=PLANE('',#2593);
#1584=PLANE('',#2597);
#1585=PLANE('',#2598);
#1586=PLANE('',#2600);
#1587=PLANE('',#2604);
#1588=PLANE('',#2605);
#1589=PLANE('',#2607);
#1590=PLANE('',#2611);
#1591=PLANE('',#2612);
#1592=PLANE('',#2614);
#1593=PLANE('',#2618);
#1594=PLANE('',#2619);
#1595=PLANE('',#2623);
#1596=PLANE('',#2626);
#1597=PLANE('',#2629);
#1598=PLANE('',#2632);
#1599=PLANE('',#2633);
#1600=PLANE('',#2634);
#1601=PLANE('',#2635);
#1602=PLANE('',#2636);
#1603=PLANE('',#2637);
#1604=PLANE('',#2638);
#1605=PLANE('',#2639);
#1606=PLANE('',#2640);
#1607=PLANE('',#2641);
#1608=PLANE('',#2642);
#1609=PLANE('',#2643);
#1610=PLANE('',#2644);
#1611=PLANE('',#2645);
#1612=PLANE('',#2646);
#1613=PLANE('',#2647);
#1614=PLANE('',#2649);
#1615=PLANE('',#2653);
#1616=PLANE('',#2657);
#1617=OVER_RIDING_STYLED_ITEM('',(#1839),#1722,#1837);
#1618=OVER_RIDING_STYLED_ITEM('',(#1840),#1723,#1837);
#1619=OVER_RIDING_STYLED_ITEM('',(#1841),#1724,#1837);
#1620=OVER_RIDING_STYLED_ITEM('',(#1842),#1725,#1837);
#1621=OVER_RIDING_STYLED_ITEM('',(#1843),#1726,#1837);
#1622=OVER_RIDING_STYLED_ITEM('',(#1844),#1727,#1837);
#1623=OVER_RIDING_STYLED_ITEM('',(#1845),#1728,#1837);
#1624=OVER_RIDING_STYLED_ITEM('',(#1846),#1729,#1837);
#1625=OVER_RIDING_STYLED_ITEM('',(#1847),#1730,#1837);
#1626=OVER_RIDING_STYLED_ITEM('',(#1848),#1731,#1837);
#1627=OVER_RIDING_STYLED_ITEM('',(#1849),#1732,#1837);
#1628=OVER_RIDING_STYLED_ITEM('',(#1850),#1733,#1837);
#1629=OVER_RIDING_STYLED_ITEM('',(#1851),#1734,#1837);
#1630=OVER_RIDING_STYLED_ITEM('',(#1852),#1735,#1837);
#1631=OVER_RIDING_STYLED_ITEM('',(#1853),#1736,#1837);
#1632=OVER_RIDING_STYLED_ITEM('',(#1854),#1737,#1837);
#1633=OVER_RIDING_STYLED_ITEM('',(#1855),#1738,#1837);
#1634=OVER_RIDING_STYLED_ITEM('',(#1856),#1739,#1837);
#1635=OVER_RIDING_STYLED_ITEM('',(#1857),#1740,#1837);
#1636=OVER_RIDING_STYLED_ITEM('',(#1858),#1741,#1837);
#1637=OVER_RIDING_STYLED_ITEM('',(#1859),#1749,#1837);
#1638=OVER_RIDING_STYLED_ITEM('',(#1860),#1750,#1837);
#1639=OVER_RIDING_STYLED_ITEM('',(#1861),#1751,#1837);
#1640=OVER_RIDING_STYLED_ITEM('',(#1862),#1752,#1837);
#1641=OVER_RIDING_STYLED_ITEM('',(#1863),#1753,#1837);
#1642=OVER_RIDING_STYLED_ITEM('',(#1864),#1754,#1837);
#1643=OVER_RIDING_STYLED_ITEM('',(#1865),#1755,#1837);
#1644=OVER_RIDING_STYLED_ITEM('',(#1866),#1756,#1837);
#1645=OVER_RIDING_STYLED_ITEM('',(#1867),#1758,#1837);
#1646=OVER_RIDING_STYLED_ITEM('',(#1868),#1759,#1837);
#1647=OVER_RIDING_STYLED_ITEM('',(#1869),#1760,#1837);
#1648=OVER_RIDING_STYLED_ITEM('',(#1870),#1761,#1837);
#1649=OVER_RIDING_STYLED_ITEM('',(#1871),#1762,#1837);
#1650=OVER_RIDING_STYLED_ITEM('',(#1872),#1763,#1837);
#1651=OVER_RIDING_STYLED_ITEM('',(#1873),#1764,#1837);
#1652=OVER_RIDING_STYLED_ITEM('',(#1874),#1765,#1837);
#1653=OVER_RIDING_STYLED_ITEM('',(#1875),#1766,#1837);
#1654=OVER_RIDING_STYLED_ITEM('',(#1876),#1767,#1837);
#1655=OVER_RIDING_STYLED_ITEM('',(#1877),#1768,#1837);
#1656=OVER_RIDING_STYLED_ITEM('',(#1878),#1769,#1837);
#1657=OVER_RIDING_STYLED_ITEM('',(#1879),#1770,#1837);
#1658=OVER_RIDING_STYLED_ITEM('',(#1880),#1771,#1837);
#1659=OVER_RIDING_STYLED_ITEM('',(#1881),#1772,#1837);
#1660=OVER_RIDING_STYLED_ITEM('',(#1882),#1773,#1837);
#1661=OVER_RIDING_STYLED_ITEM('',(#1883),#1774,#1837);
#1662=OVER_RIDING_STYLED_ITEM('',(#1884),#1775,#1837);
#1663=OVER_RIDING_STYLED_ITEM('',(#1885),#1776,#1837);
#1664=OVER_RIDING_STYLED_ITEM('',(#1886),#1777,#1837);
#1665=OVER_RIDING_STYLED_ITEM('',(#1887),#1778,#1837);
#1666=OVER_RIDING_STYLED_ITEM('',(#1888),#1779,#1837);
#1667=OVER_RIDING_STYLED_ITEM('',(#1889),#1780,#1837);
#1668=OVER_RIDING_STYLED_ITEM('',(#1890),#1781,#1837);
#1669=OVER_RIDING_STYLED_ITEM('',(#1891),#1782,#1837);
#1670=OVER_RIDING_STYLED_ITEM('',(#1892),#1783,#1837);
#1671=OVER_RIDING_STYLED_ITEM('',(#1893),#1784,#1837);
#1672=OVER_RIDING_STYLED_ITEM('',(#1894),#1785,#1837);
#1673=OVER_RIDING_STYLED_ITEM('',(#1895),#1786,#1837);
#1674=OVER_RIDING_STYLED_ITEM('',(#1896),#1787,#1837);
#1675=OVER_RIDING_STYLED_ITEM('',(#1897),#1788,#1837);
#1676=OVER_RIDING_STYLED_ITEM('',(#1898),#1789,#1837);
#1677=OVER_RIDING_STYLED_ITEM('',(#1899),#1790,#1837);
#1678=OVER_RIDING_STYLED_ITEM('',(#1900),#1791,#1837);
#1679=OVER_RIDING_STYLED_ITEM('',(#1901),#1792,#1837);
#1680=OVER_RIDING_STYLED_ITEM('',(#1902),#1793,#1837);
#1681=OVER_RIDING_STYLED_ITEM('',(#1903),#1794,#1837);
#1682=OVER_RIDING_STYLED_ITEM('',(#1904),#1795,#1837);
#1683=OVER_RIDING_STYLED_ITEM('',(#1905),#1796,#1837);
#1684=OVER_RIDING_STYLED_ITEM('',(#1906),#1797,#1837);
#1685=OVER_RIDING_STYLED_ITEM('',(#1907),#1798,#1837);
#1686=OVER_RIDING_STYLED_ITEM('',(#1908),#1799,#1837);
#1687=OVER_RIDING_STYLED_ITEM('',(#1909),#1800,#1837);
#1688=OVER_RIDING_STYLED_ITEM('',(#1910),#1801,#1837);
#1689=OVER_RIDING_STYLED_ITEM('',(#1911),#1802,#1837);
#1690=OVER_RIDING_STYLED_ITEM('',(#1912),#1803,#1837);
#1691=OVER_RIDING_STYLED_ITEM('',(#1913),#1804,#1837);
#1692=OVER_RIDING_STYLED_ITEM('',(#1914),#1805,#1837);
#1693=OVER_RIDING_STYLED_ITEM('',(#1915),#1806,#1837);
#1694=OVER_RIDING_STYLED_ITEM('',(#1916),#1807,#1837);
#1695=OVER_RIDING_STYLED_ITEM('',(#1917),#1808,#1837);
#1696=OVER_RIDING_STYLED_ITEM('',(#1918),#1809,#1837);
#1697=OVER_RIDING_STYLED_ITEM('',(#1919),#1810,#1837);
#1698=OVER_RIDING_STYLED_ITEM('',(#1920),#1811,#1837);
#1699=OVER_RIDING_STYLED_ITEM('',(#1921),#1812,#1837);
#1700=OVER_RIDING_STYLED_ITEM('',(#1922),#1813,#1837);
#1701=OVER_RIDING_STYLED_ITEM('',(#1923),#1814,#1837);
#1702=OVER_RIDING_STYLED_ITEM('',(#1924),#1815,#1837);
#1703=OVER_RIDING_STYLED_ITEM('',(#1925),#1816,#1837);
#1704=OVER_RIDING_STYLED_ITEM('',(#1926),#1817,#1837);
#1705=OVER_RIDING_STYLED_ITEM('',(#1927),#1818,#1837);
#1706=OVER_RIDING_STYLED_ITEM('',(#1928),#1819,#1837);
#1707=OVER_RIDING_STYLED_ITEM('',(#1929),#1820,#1837);
#1708=OVER_RIDING_STYLED_ITEM('',(#1930),#1821,#1837);
#1709=OVER_RIDING_STYLED_ITEM('',(#1931),#1822,#1837);
#1710=OVER_RIDING_STYLED_ITEM('',(#1932),#1823,#1837);
#1711=OVER_RIDING_STYLED_ITEM('',(#1933),#1824,#1837);
#1712=OVER_RIDING_STYLED_ITEM('',(#1934),#1825,#1837);
#1713=OVER_RIDING_STYLED_ITEM('',(#1935),#1826,#1837);
#1714=OVER_RIDING_STYLED_ITEM('',(#1936),#1827,#1837);
#1715=OVER_RIDING_STYLED_ITEM('',(#1937),#1828,#1837);
#1716=OVER_RIDING_STYLED_ITEM('',(#1938),#1830,#1837);
#1717=OVER_RIDING_STYLED_ITEM('',(#1939),#1831,#1837);
#1718=OVER_RIDING_STYLED_ITEM('',(#1940),#1832,#1837);
#1719=OVER_RIDING_STYLED_ITEM('',(#1941),#1833,#1837);
#1720=OVER_RIDING_STYLED_ITEM('',(#1942),#1834,#1837);
#1721=OVER_RIDING_STYLED_ITEM('',(#1943),#1835,#1837);
#1722=ADVANCED_FACE('',(#1394,#1395),#1544,.F.);
#1723=ADVANCED_FACE('',(#1396),#79,.T.);
#1724=ADVANCED_FACE('',(#1397),#80,.T.);
#1725=ADVANCED_FACE('',(#1398,#1399,#1400,#1401,#1402,#1403),#1545,.T.);
#1726=ADVANCED_FACE('',(#1404),#81,.T.);
#1727=ADVANCED_FACE('',(#1405),#1546,.F.);
#1728=ADVANCED_FACE('',(#1406),#82,.T.);
#1729=ADVANCED_FACE('',(#1407),#1547,.F.);
#1730=ADVANCED_FACE('',(#1408),#83,.T.);
#1731=ADVANCED_FACE('',(#1409),#1548,.F.);
#1732=ADVANCED_FACE('',(#1410),#84,.T.);
#1733=ADVANCED_FACE('',(#1411),#1549,.F.);
#1734=ADVANCED_FACE('',(#1412),#85,.T.);
#1735=ADVANCED_FACE('',(#1413),#86,.T.);
#1736=ADVANCED_FACE('',(#1414),#87,.T.);
#1737=ADVANCED_FACE('',(#1415),#88,.T.);
#1738=ADVANCED_FACE('',(#1416),#89,.T.);
#1739=ADVANCED_FACE('',(#1417),#90,.T.);
#1740=ADVANCED_FACE('',(#1418),#91,.T.);
#1741=ADVANCED_FACE('',(#1419),#92,.T.);
#1742=ADVANCED_FACE('',(#1420),#1550,.F.);
#1743=ADVANCED_FACE('',(#1421),#1551,.F.);
#1744=ADVANCED_FACE('',(#1422),#1552,.F.);
#1745=ADVANCED_FACE('',(#1423),#1553,.F.);
#1746=ADVANCED_FACE('',(#1424),#1554,.F.);
#1747=ADVANCED_FACE('',(#1425),#1555,.F.);
#1748=ADVANCED_FACE('',(#1426),#1556,.F.);
#1749=ADVANCED_FACE('',(#1427),#93,.T.);
#1750=ADVANCED_FACE('',(#1428),#1557,.F.);
#1751=ADVANCED_FACE('',(#1429),#94,.T.);
#1752=ADVANCED_FACE('',(#1430),#1558,.F.);
#1753=ADVANCED_FACE('',(#1431),#95,.T.);
#1754=ADVANCED_FACE('',(#1432),#1559,.F.);
#1755=ADVANCED_FACE('',(#1433),#96,.T.);
#1756=ADVANCED_FACE('',(#1434),#1560,.F.);
#1757=ADVANCED_FACE('',(#1435),#1561,.F.);
#1758=ADVANCED_FACE('',(#1436),#1562,.F.);
#1759=ADVANCED_FACE('',(#1437),#1563,.F.);
#1760=ADVANCED_FACE('',(#1438),#1564,.F.);
#1761=ADVANCED_FACE('',(#1439),#1565,.F.);
#1762=ADVANCED_FACE('',(#1440),#1566,.F.);
#1763=ADVANCED_FACE('',(#1441),#1567,.F.);
#1764=ADVANCED_FACE('',(#1442),#1568,.F.);
#1765=ADVANCED_FACE('',(#1443),#97,.T.);
#1766=ADVANCED_FACE('',(#1444),#1569,.F.);
#1767=ADVANCED_FACE('',(#1445),#1570,.F.);
#1768=ADVANCED_FACE('',(#1446),#98,.T.);
#1769=ADVANCED_FACE('',(#1447),#1571,.F.);
#1770=ADVANCED_FACE('',(#1448),#1572,.F.);
#1771=ADVANCED_FACE('',(#1449,#1450),#99,.T.);
#1772=ADVANCED_FACE('',(#1451,#1452),#100,.F.);
#1773=ADVANCED_FACE('',(#1453,#1454),#1573,.T.);
#1774=ADVANCED_FACE('',(#1455,#1456),#1574,.T.);
#1775=ADVANCED_FACE('',(#1457,#1458),#101,.T.);
#1776=ADVANCED_FACE('',(#1459,#1460),#1575,.T.);
#1777=ADVANCED_FACE('',(#1461,#1462),#102,.F.);
#1778=ADVANCED_FACE('',(#1463),#1576,.T.);
#1779=ADVANCED_FACE('',(#1464,#1465),#103,.F.);
#1780=ADVANCED_FACE('',(#1466),#1577,.F.);
#1781=ADVANCED_FACE('',(#1467,#1468),#104,.F.);
#1782=ADVANCED_FACE('',(#1469),#1578,.T.);
#1783=ADVANCED_FACE('',(#1470,#1471),#105,.F.);
#1784=ADVANCED_FACE('',(#1472),#1579,.F.);
#1785=ADVANCED_FACE('',(#1473,#1474),#106,.F.);
#1786=ADVANCED_FACE('',(#1475,#1476),#1580,.T.);
#1787=ADVANCED_FACE('',(#1477,#1478),#1581,.T.);
#1788=ADVANCED_FACE('',(#1479,#1480),#107,.T.);
#1789=ADVANCED_FACE('',(#1481,#1482),#108,.T.);
#1790=ADVANCED_FACE('',(#1483),#1582,.T.);
#1791=ADVANCED_FACE('',(#1484),#1583,.F.);
#1792=ADVANCED_FACE('',(#1485),#109,.F.);
#1793=ADVANCED_FACE('',(#1486),#1584,.F.);
#1794=ADVANCED_FACE('',(#1487,#1488),#1585,.T.);
#1795=ADVANCED_FACE('',(#1489),#1586,.F.);
#1796=ADVANCED_FACE('',(#1490),#110,.F.);
#1797=ADVANCED_FACE('',(#1491),#1587,.F.);
#1798=ADVANCED_FACE('',(#1492,#1493),#1588,.T.);
#1799=ADVANCED_FACE('',(#1494),#1589,.F.);
#1800=ADVANCED_FACE('',(#1495),#111,.F.);
#1801=ADVANCED_FACE('',(#1496),#1590,.F.);
#1802=ADVANCED_FACE('',(#1497,#1498),#1591,.F.);
#1803=ADVANCED_FACE('',(#1499),#1592,.F.);
#1804=ADVANCED_FACE('',(#1500),#112,.F.);
#1805=ADVANCED_FACE('',(#1501),#1593,.F.);
#1806=ADVANCED_FACE('',(#1502,#1503),#1594,.F.);
#1807=ADVANCED_FACE('',(#1504,#1505),#113,.F.);
#1808=ADVANCED_FACE('',(#1506),#1595,.T.);
#1809=ADVANCED_FACE('',(#1507,#1508),#114,.F.);
#1810=ADVANCED_FACE('',(#1509),#1596,.T.);
#1811=ADVANCED_FACE('',(#1510,#1511),#115,.F.);
#1812=ADVANCED_FACE('',(#1512),#1597,.T.);
#1813=ADVANCED_FACE('',(#1513,#1514),#116,.F.);
#1814=ADVANCED_FACE('',(#1515),#1598,.T.);
#1815=ADVANCED_FACE('',(#1516),#1599,.T.);
#1816=ADVANCED_FACE('',(#1517),#1600,.F.);
#1817=ADVANCED_FACE('',(#1518),#1601,.F.);
#1818=ADVANCED_FACE('',(#1519),#1602,.T.);
#1819=ADVANCED_FACE('',(#1520),#1603,.F.);
#1820=ADVANCED_FACE('',(#1521),#1604,.F.);
#1821=ADVANCED_FACE('',(#1522),#1605,.T.);
#1822=ADVANCED_FACE('',(#1523),#1606,.T.);
#1823=ADVANCED_FACE('',(#1524,#1525),#1607,.T.);
#1824=ADVANCED_FACE('',(#1526),#1608,.F.);
#1825=ADVANCED_FACE('',(#1527),#1609,.T.);
#1826=ADVANCED_FACE('',(#1528),#1610,.F.);
#1827=ADVANCED_FACE('',(#1529),#1611,.F.);
#1828=ADVANCED_FACE('',(#1530),#1612,.T.);
#1829=ADVANCED_FACE('',(#1531,#1532),#1613,.T.);
#1830=ADVANCED_FACE('',(#1533),#1614,.T.);
#1831=ADVANCED_FACE('',(#1534,#1535),#117,.T.);
#1832=ADVANCED_FACE('',(#1536,#1537),#1615,.T.);
#1833=ADVANCED_FACE('',(#1538,#1539),#118,.T.);
#1834=ADVANCED_FACE('',(#1540,#1541),#1616,.T.);
#1835=ADVANCED_FACE('',(#1542,#1543),#119,.F.);
#1836=CLOSED_SHELL('',(#1722,#1723,#1724,#1725,#1726,#1727,#1728,#1729,
#1730,#1731,#1732,#1733,#1734,#1735,#1736,#1737,#1738,#1739,#1740,#1741,
#1742,#1743,#1744,#1745,#1746,#1747,#1748,#1749,#1750,#1751,#1752,#1753,
#1754,#1755,#1756,#1757,#1758,#1759,#1760,#1761,#1762,#1763,#1764,#1765,
#1766,#1767,#1768,#1769,#1770,#1771,#1772,#1773,#1774,#1775,#1776,#1777,
#1778,#1779,#1780,#1781,#1782,#1783,#1784,#1785,#1786,#1787,#1788,#1789,
#1790,#1791,#1792,#1793,#1794,#1795,#1796,#1797,#1798,#1799,#1800,#1801,
#1802,#1803,#1804,#1805,#1806,#1807,#1808,#1809,#1810,#1811,#1812,#1813,
#1814,#1815,#1816,#1817,#1818,#1819,#1820,#1821,#1822,#1823,#1824,#1825,
#1826,#1827,#1828,#1829,#1830,#1831,#1832,#1833,#1834,#1835));
#1837=STYLED_ITEM('',(#1838),#2476);
#1838=PRESENTATION_STYLE_ASSIGNMENT((#1944));
#1839=PRESENTATION_STYLE_ASSIGNMENT((#1945));
#1840=PRESENTATION_STYLE_ASSIGNMENT((#1946));
#1841=PRESENTATION_STYLE_ASSIGNMENT((#1947));
#1842=PRESENTATION_STYLE_ASSIGNMENT((#1948));
#1843=PRESENTATION_STYLE_ASSIGNMENT((#1949));
#1844=PRESENTATION_STYLE_ASSIGNMENT((#1950));
#1845=PRESENTATION_STYLE_ASSIGNMENT((#1951));
#1846=PRESENTATION_STYLE_ASSIGNMENT((#1952));
#1847=PRESENTATION_STYLE_ASSIGNMENT((#1953));
#1848=PRESENTATION_STYLE_ASSIGNMENT((#1954));
#1849=PRESENTATION_STYLE_ASSIGNMENT((#1955));
#1850=PRESENTATION_STYLE_ASSIGNMENT((#1956));
#1851=PRESENTATION_STYLE_ASSIGNMENT((#1957));
#1852=PRESENTATION_STYLE_ASSIGNMENT((#1958));
#1853=PRESENTATION_STYLE_ASSIGNMENT((#1959));
#1854=PRESENTATION_STYLE_ASSIGNMENT((#1960));
#1855=PRESENTATION_STYLE_ASSIGNMENT((#1961));
#1856=PRESENTATION_STYLE_ASSIGNMENT((#1962));
#1857=PRESENTATION_STYLE_ASSIGNMENT((#1963));
#1858=PRESENTATION_STYLE_ASSIGNMENT((#1964));
#1859=PRESENTATION_STYLE_ASSIGNMENT((#1965));
#1860=PRESENTATION_STYLE_ASSIGNMENT((#1966));
#1861=PRESENTATION_STYLE_ASSIGNMENT((#1967));
#1862=PRESENTATION_STYLE_ASSIGNMENT((#1968));
#1863=PRESENTATION_STYLE_ASSIGNMENT((#1969));
#1864=PRESENTATION_STYLE_ASSIGNMENT((#1970));
#1865=PRESENTATION_STYLE_ASSIGNMENT((#1971));
#1866=PRESENTATION_STYLE_ASSIGNMENT((#1972));
#1867=PRESENTATION_STYLE_ASSIGNMENT((#1973));
#1868=PRESENTATION_STYLE_ASSIGNMENT((#1974));
#1869=PRESENTATION_STYLE_ASSIGNMENT((#1975));
#1870=PRESENTATION_STYLE_ASSIGNMENT((#1976));
#1871=PRESENTATION_STYLE_ASSIGNMENT((#1977));
#1872=PRESENTATION_STYLE_ASSIGNMENT((#1978));
#1873=PRESENTATION_STYLE_ASSIGNMENT((#1979));
#1874=PRESENTATION_STYLE_ASSIGNMENT((#1980));
#1875=PRESENTATION_STYLE_ASSIGNMENT((#1981));
#1876=PRESENTATION_STYLE_ASSIGNMENT((#1982));
#1877=PRESENTATION_STYLE_ASSIGNMENT((#1983));
#1878=PRESENTATION_STYLE_ASSIGNMENT((#1984));
#1879=PRESENTATION_STYLE_ASSIGNMENT((#1985));
#1880=PRESENTATION_STYLE_ASSIGNMENT((#1986));
#1881=PRESENTATION_STYLE_ASSIGNMENT((#1987));
#1882=PRESENTATION_STYLE_ASSIGNMENT((#1988));
#1883=PRESENTATION_STYLE_ASSIGNMENT((#1989));
#1884=PRESENTATION_STYLE_ASSIGNMENT((#1990));
#1885=PRESENTATION_STYLE_ASSIGNMENT((#1991));
#1886=PRESENTATION_STYLE_ASSIGNMENT((#1992));
#1887=PRESENTATION_STYLE_ASSIGNMENT((#1993));
#1888=PRESENTATION_STYLE_ASSIGNMENT((#1994));
#1889=PRESENTATION_STYLE_ASSIGNMENT((#1995));
#1890=PRESENTATION_STYLE_ASSIGNMENT((#1996));
#1891=PRESENTATION_STYLE_ASSIGNMENT((#1997));
#1892=PRESENTATION_STYLE_ASSIGNMENT((#1998));
#1893=PRESENTATION_STYLE_ASSIGNMENT((#1999));
#1894=PRESENTATION_STYLE_ASSIGNMENT((#2000));
#1895=PRESENTATION_STYLE_ASSIGNMENT((#2001));
#1896=PRESENTATION_STYLE_ASSIGNMENT((#2002));
#1897=PRESENTATION_STYLE_ASSIGNMENT((#2003));
#1898=PRESENTATION_STYLE_ASSIGNMENT((#2004));
#1899=PRESENTATION_STYLE_ASSIGNMENT((#2005));
#1900=PRESENTATION_STYLE_ASSIGNMENT((#2006));
#1901=PRESENTATION_STYLE_ASSIGNMENT((#2007));
#1902=PRESENTATION_STYLE_ASSIGNMENT((#2008));
#1903=PRESENTATION_STYLE_ASSIGNMENT((#2009));
#1904=PRESENTATION_STYLE_ASSIGNMENT((#2010));
#1905=PRESENTATION_STYLE_ASSIGNMENT((#2011));
#1906=PRESENTATION_STYLE_ASSIGNMENT((#2012));
#1907=PRESENTATION_STYLE_ASSIGNMENT((#2013));
#1908=PRESENTATION_STYLE_ASSIGNMENT((#2014));
#1909=PRESENTATION_STYLE_ASSIGNMENT((#2015));
#1910=PRESENTATION_STYLE_ASSIGNMENT((#2016));
#1911=PRESENTATION_STYLE_ASSIGNMENT((#2017));
#1912=PRESENTATION_STYLE_ASSIGNMENT((#2018));
#1913=PRESENTATION_STYLE_ASSIGNMENT((#2019));
#1914=PRESENTATION_STYLE_ASSIGNMENT((#2020));
#1915=PRESENTATION_STYLE_ASSIGNMENT((#2021));
#1916=PRESENTATION_STYLE_ASSIGNMENT((#2022));
#1917=PRESENTATION_STYLE_ASSIGNMENT((#2023));
#1918=PRESENTATION_STYLE_ASSIGNMENT((#2024));
#1919=PRESENTATION_STYLE_ASSIGNMENT((#2025));
#1920=PRESENTATION_STYLE_ASSIGNMENT((#2026));
#1921=PRESENTATION_STYLE_ASSIGNMENT((#2027));
#1922=PRESENTATION_STYLE_ASSIGNMENT((#2028));
#1923=PRESENTATION_STYLE_ASSIGNMENT((#2029));
#1924=PRESENTATION_STYLE_ASSIGNMENT((#2030));
#1925=PRESENTATION_STYLE_ASSIGNMENT((#2031));
#1926=PRESENTATION_STYLE_ASSIGNMENT((#2032));
#1927=PRESENTATION_STYLE_ASSIGNMENT((#2033));
#1928=PRESENTATION_STYLE_ASSIGNMENT((#2034));
#1929=PRESENTATION_STYLE_ASSIGNMENT((#2035));
#1930=PRESENTATION_STYLE_ASSIGNMENT((#2036));
#1931=PRESENTATION_STYLE_ASSIGNMENT((#2037));
#1932=PRESENTATION_STYLE_ASSIGNMENT((#2038));
#1933=PRESENTATION_STYLE_ASSIGNMENT((#2039));
#1934=PRESENTATION_STYLE_ASSIGNMENT((#2040));
#1935=PRESENTATION_STYLE_ASSIGNMENT((#2041));
#1936=PRESENTATION_STYLE_ASSIGNMENT((#2042));
#1937=PRESENTATION_STYLE_ASSIGNMENT((#2043));
#1938=PRESENTATION_STYLE_ASSIGNMENT((#2044));
#1939=PRESENTATION_STYLE_ASSIGNMENT((#2045));
#1940=PRESENTATION_STYLE_ASSIGNMENT((#2046));
#1941=PRESENTATION_STYLE_ASSIGNMENT((#2047));
#1942=PRESENTATION_STYLE_ASSIGNMENT((#2048));
#1943=PRESENTATION_STYLE_ASSIGNMENT((#2049));
#1944=SURFACE_STYLE_USAGE(.BOTH.,#2050);
#1945=SURFACE_STYLE_USAGE(.BOTH.,#2051);
#1946=SURFACE_STYLE_USAGE(.BOTH.,#2052);
#1947=SURFACE_STYLE_USAGE(.BOTH.,#2053);
#1948=SURFACE_STYLE_USAGE(.BOTH.,#2054);
#1949=SURFACE_STYLE_USAGE(.BOTH.,#2055);
#1950=SURFACE_STYLE_USAGE(.BOTH.,#2056);
#1951=SURFACE_STYLE_USAGE(.BOTH.,#2057);
#1952=SURFACE_STYLE_USAGE(.BOTH.,#2058);
#1953=SURFACE_STYLE_USAGE(.BOTH.,#2059);
#1954=SURFACE_STYLE_USAGE(.BOTH.,#2060);
#1955=SURFACE_STYLE_USAGE(.BOTH.,#2061);
#1956=SURFACE_STYLE_USAGE(.BOTH.,#2062);
#1957=SURFACE_STYLE_USAGE(.BOTH.,#2063);
#1958=SURFACE_STYLE_USAGE(.BOTH.,#2064);
#1959=SURFACE_STYLE_USAGE(.BOTH.,#2065);
#1960=SURFACE_STYLE_USAGE(.BOTH.,#2066);
#1961=SURFACE_STYLE_USAGE(.BOTH.,#2067);
#1962=SURFACE_STYLE_USAGE(.BOTH.,#2068);
#1963=SURFACE_STYLE_USAGE(.BOTH.,#2069);
#1964=SURFACE_STYLE_USAGE(.BOTH.,#2070);
#1965=SURFACE_STYLE_USAGE(.BOTH.,#2071);
#1966=SURFACE_STYLE_USAGE(.BOTH.,#2072);
#1967=SURFACE_STYLE_USAGE(.BOTH.,#2073);
#1968=SURFACE_STYLE_USAGE(.BOTH.,#2074);
#1969=SURFACE_STYLE_USAGE(.BOTH.,#2075);
#1970=SURFACE_STYLE_USAGE(.BOTH.,#2076);
#1971=SURFACE_STYLE_USAGE(.BOTH.,#2077);
#1972=SURFACE_STYLE_USAGE(.BOTH.,#2078);
#1973=SURFACE_STYLE_USAGE(.BOTH.,#2079);
#1974=SURFACE_STYLE_USAGE(.BOTH.,#2080);
#1975=SURFACE_STYLE_USAGE(.BOTH.,#2081);
#1976=SURFACE_STYLE_USAGE(.BOTH.,#2082);
#1977=SURFACE_STYLE_USAGE(.BOTH.,#2083);
#1978=SURFACE_STYLE_USAGE(.BOTH.,#2084);
#1979=SURFACE_STYLE_USAGE(.BOTH.,#2085);
#1980=SURFACE_STYLE_USAGE(.BOTH.,#2086);
#1981=SURFACE_STYLE_USAGE(.BOTH.,#2087);
#1982=SURFACE_STYLE_USAGE(.BOTH.,#2088);
#1983=SURFACE_STYLE_USAGE(.BOTH.,#2089);
#1984=SURFACE_STYLE_USAGE(.BOTH.,#2090);
#1985=SURFACE_STYLE_USAGE(.BOTH.,#2091);
#1986=SURFACE_STYLE_USAGE(.BOTH.,#2092);
#1987=SURFACE_STYLE_USAGE(.BOTH.,#2093);
#1988=SURFACE_STYLE_USAGE(.BOTH.,#2094);
#1989=SURFACE_STYLE_USAGE(.BOTH.,#2095);
#1990=SURFACE_STYLE_USAGE(.BOTH.,#2096);
#1991=SURFACE_STYLE_USAGE(.BOTH.,#2097);
#1992=SURFACE_STYLE_USAGE(.BOTH.,#2098);
#1993=SURFACE_STYLE_USAGE(.BOTH.,#2099);
#1994=SURFACE_STYLE_USAGE(.BOTH.,#2100);
#1995=SURFACE_STYLE_USAGE(.BOTH.,#2101);
#1996=SURFACE_STYLE_USAGE(.BOTH.,#2102);
#1997=SURFACE_STYLE_USAGE(.BOTH.,#2103);
#1998=SURFACE_STYLE_USAGE(.BOTH.,#2104);
#1999=SURFACE_STYLE_USAGE(.BOTH.,#2105);
#2000=SURFACE_STYLE_USAGE(.BOTH.,#2106);
#2001=SURFACE_STYLE_USAGE(.BOTH.,#2107);
#2002=SURFACE_STYLE_USAGE(.BOTH.,#2108);
#2003=SURFACE_STYLE_USAGE(.BOTH.,#2109);
#2004=SURFACE_STYLE_USAGE(.BOTH.,#2110);
#2005=SURFACE_STYLE_USAGE(.BOTH.,#2111);
#2006=SURFACE_STYLE_USAGE(.BOTH.,#2112);
#2007=SURFACE_STYLE_USAGE(.BOTH.,#2113);
#2008=SURFACE_STYLE_USAGE(.BOTH.,#2114);
#2009=SURFACE_STYLE_USAGE(.BOTH.,#2115);
#2010=SURFACE_STYLE_USAGE(.BOTH.,#2116);
#2011=SURFACE_STYLE_USAGE(.BOTH.,#2117);
#2012=SURFACE_STYLE_USAGE(.BOTH.,#2118);
#2013=SURFACE_STYLE_USAGE(.BOTH.,#2119);
#2014=SURFACE_STYLE_USAGE(.BOTH.,#2120);
#2015=SURFACE_STYLE_USAGE(.BOTH.,#2121);
#2016=SURFACE_STYLE_USAGE(.BOTH.,#2122);
#2017=SURFACE_STYLE_USAGE(.BOTH.,#2123);
#2018=SURFACE_STYLE_USAGE(.BOTH.,#2124);
#2019=SURFACE_STYLE_USAGE(.BOTH.,#2125);
#2020=SURFACE_STYLE_USAGE(.BOTH.,#2126);
#2021=SURFACE_STYLE_USAGE(.BOTH.,#2127);
#2022=SURFACE_STYLE_USAGE(.BOTH.,#2128);
#2023=SURFACE_STYLE_USAGE(.BOTH.,#2129);
#2024=SURFACE_STYLE_USAGE(.BOTH.,#2130);
#2025=SURFACE_STYLE_USAGE(.BOTH.,#2131);
#2026=SURFACE_STYLE_USAGE(.BOTH.,#2132);
#2027=SURFACE_STYLE_USAGE(.BOTH.,#2133);
#2028=SURFACE_STYLE_USAGE(.BOTH.,#2134);
#2029=SURFACE_STYLE_USAGE(.BOTH.,#2135);
#2030=SURFACE_STYLE_USAGE(.BOTH.,#2136);
#2031=SURFACE_STYLE_USAGE(.BOTH.,#2137);
#2032=SURFACE_STYLE_USAGE(.BOTH.,#2138);
#2033=SURFACE_STYLE_USAGE(.BOTH.,#2139);
#2034=SURFACE_STYLE_USAGE(.BOTH.,#2140);
#2035=SURFACE_STYLE_USAGE(.BOTH.,#2141);
#2036=SURFACE_STYLE_USAGE(.BOTH.,#2142);
#2037=SURFACE_STYLE_USAGE(.BOTH.,#2143);
#2038=SURFACE_STYLE_USAGE(.BOTH.,#2144);
#2039=SURFACE_STYLE_USAGE(.BOTH.,#2145);
#2040=SURFACE_STYLE_USAGE(.BOTH.,#2146);
#2041=SURFACE_STYLE_USAGE(.BOTH.,#2147);
#2042=SURFACE_STYLE_USAGE(.BOTH.,#2148);
#2043=SURFACE_STYLE_USAGE(.BOTH.,#2149);
#2044=SURFACE_STYLE_USAGE(.BOTH.,#2150);
#2045=SURFACE_STYLE_USAGE(.BOTH.,#2151);
#2046=SURFACE_STYLE_USAGE(.BOTH.,#2152);
#2047=SURFACE_STYLE_USAGE(.BOTH.,#2153);
#2048=SURFACE_STYLE_USAGE(.BOTH.,#2154);
#2049=SURFACE_STYLE_USAGE(.BOTH.,#2155);
#2050=SURFACE_SIDE_STYLE('',(#2156));
#2051=SURFACE_SIDE_STYLE('',(#2157));
#2052=SURFACE_SIDE_STYLE('',(#2158));
#2053=SURFACE_SIDE_STYLE('',(#2159));
#2054=SURFACE_SIDE_STYLE('',(#2160));
#2055=SURFACE_SIDE_STYLE('',(#2161));
#2056=SURFACE_SIDE_STYLE('',(#2162));
#2057=SURFACE_SIDE_STYLE('',(#2163));
#2058=SURFACE_SIDE_STYLE('',(#2164));
#2059=SURFACE_SIDE_STYLE('',(#2165));
#2060=SURFACE_SIDE_STYLE('',(#2166));
#2061=SURFACE_SIDE_STYLE('',(#2167));
#2062=SURFACE_SIDE_STYLE('',(#2168));
#2063=SURFACE_SIDE_STYLE('',(#2169));
#2064=SURFACE_SIDE_STYLE('',(#2170));
#2065=SURFACE_SIDE_STYLE('',(#2171));
#2066=SURFACE_SIDE_STYLE('',(#2172));
#2067=SURFACE_SIDE_STYLE('',(#2173));
#2068=SURFACE_SIDE_STYLE('',(#2174));
#2069=SURFACE_SIDE_STYLE('',(#2175));
#2070=SURFACE_SIDE_STYLE('',(#2176));
#2071=SURFACE_SIDE_STYLE('',(#2177));
#2072=SURFACE_SIDE_STYLE('',(#2178));
#2073=SURFACE_SIDE_STYLE('',(#2179));
#2074=SURFACE_SIDE_STYLE('',(#2180));
#2075=SURFACE_SIDE_STYLE('',(#2181));
#2076=SURFACE_SIDE_STYLE('',(#2182));
#2077=SURFACE_SIDE_STYLE('',(#2183));
#2078=SURFACE_SIDE_STYLE('',(#2184));
#2079=SURFACE_SIDE_STYLE('',(#2185));
#2080=SURFACE_SIDE_STYLE('',(#2186));
#2081=SURFACE_SIDE_STYLE('',(#2187));
#2082=SURFACE_SIDE_STYLE('',(#2188));
#2083=SURFACE_SIDE_STYLE('',(#2189));
#2084=SURFACE_SIDE_STYLE('',(#2190));
#2085=SURFACE_SIDE_STYLE('',(#2191));
#2086=SURFACE_SIDE_STYLE('',(#2192));
#2087=SURFACE_SIDE_STYLE('',(#2193));
#2088=SURFACE_SIDE_STYLE('',(#2194));
#2089=SURFACE_SIDE_STYLE('',(#2195));
#2090=SURFACE_SIDE_STYLE('',(#2196));
#2091=SURFACE_SIDE_STYLE('',(#2197));
#2092=SURFACE_SIDE_STYLE('',(#2198));
#2093=SURFACE_SIDE_STYLE('',(#2199));
#2094=SURFACE_SIDE_STYLE('',(#2200));
#2095=SURFACE_SIDE_STYLE('',(#2201));
#2096=SURFACE_SIDE_STYLE('',(#2202));
#2097=SURFACE_SIDE_STYLE('',(#2203));
#2098=SURFACE_SIDE_STYLE('',(#2204));
#2099=SURFACE_SIDE_STYLE('',(#2205));
#2100=SURFACE_SIDE_STYLE('',(#2206));
#2101=SURFACE_SIDE_STYLE('',(#2207));
#2102=SURFACE_SIDE_STYLE('',(#2208));
#2103=SURFACE_SIDE_STYLE('',(#2209));
#2104=SURFACE_SIDE_STYLE('',(#2210));
#2105=SURFACE_SIDE_STYLE('',(#2211));
#2106=SURFACE_SIDE_STYLE('',(#2212));
#2107=SURFACE_SIDE_STYLE('',(#2213));
#2108=SURFACE_SIDE_STYLE('',(#2214));
#2109=SURFACE_SIDE_STYLE('',(#2215));
#2110=SURFACE_SIDE_STYLE('',(#2216));
#2111=SURFACE_SIDE_STYLE('',(#2217));
#2112=SURFACE_SIDE_STYLE('',(#2218));
#2113=SURFACE_SIDE_STYLE('',(#2219));
#2114=SURFACE_SIDE_STYLE('',(#2220));
#2115=SURFACE_SIDE_STYLE('',(#2221));
#2116=SURFACE_SIDE_STYLE('',(#2222));
#2117=SURFACE_SIDE_STYLE('',(#2223));
#2118=SURFACE_SIDE_STYLE('',(#2224));
#2119=SURFACE_SIDE_STYLE('',(#2225));
#2120=SURFACE_SIDE_STYLE('',(#2226));
#2121=SURFACE_SIDE_STYLE('',(#2227));
#2122=SURFACE_SIDE_STYLE('',(#2228));
#2123=SURFACE_SIDE_STYLE('',(#2229));
#2124=SURFACE_SIDE_STYLE('',(#2230));
#2125=SURFACE_SIDE_STYLE('',(#2231));
#2126=SURFACE_SIDE_STYLE('',(#2232));
#2127=SURFACE_SIDE_STYLE('',(#2233));
#2128=SURFACE_SIDE_STYLE('',(#2234));
#2129=SURFACE_SIDE_STYLE('',(#2235));
#2130=SURFACE_SIDE_STYLE('',(#2236));
#2131=SURFACE_SIDE_STYLE('',(#2237));
#2132=SURFACE_SIDE_STYLE('',(#2238));
#2133=SURFACE_SIDE_STYLE('',(#2239));
#2134=SURFACE_SIDE_STYLE('',(#2240));
#2135=SURFACE_SIDE_STYLE('',(#2241));
#2136=SURFACE_SIDE_STYLE('',(#2242));
#2137=SURFACE_SIDE_STYLE('',(#2243));
#2138=SURFACE_SIDE_STYLE('',(#2244));
#2139=SURFACE_SIDE_STYLE('',(#2245));
#2140=SURFACE_SIDE_STYLE('',(#2246));
#2141=SURFACE_SIDE_STYLE('',(#2247));
#2142=SURFACE_SIDE_STYLE('',(#2248));
#2143=SURFACE_SIDE_STYLE('',(#2249));
#2144=SURFACE_SIDE_STYLE('',(#2250));
#2145=SURFACE_SIDE_STYLE('',(#2251));
#2146=SURFACE_SIDE_STYLE('',(#2252));
#2147=SURFACE_SIDE_STYLE('',(#2253));
#2148=SURFACE_SIDE_STYLE('',(#2254));
#2149=SURFACE_SIDE_STYLE('',(#2255));
#2150=SURFACE_SIDE_STYLE('',(#2256));
#2151=SURFACE_SIDE_STYLE('',(#2257));
#2152=SURFACE_SIDE_STYLE('',(#2258));
#2153=SURFACE_SIDE_STYLE('',(#2259));
#2154=SURFACE_SIDE_STYLE('',(#2260));
#2155=SURFACE_SIDE_STYLE('',(#2261));
#2156=SURFACE_STYLE_FILL_AREA(#2262);
#2157=SURFACE_STYLE_FILL_AREA(#2263);
#2158=SURFACE_STYLE_FILL_AREA(#2264);
#2159=SURFACE_STYLE_FILL_AREA(#2265);
#2160=SURFACE_STYLE_FILL_AREA(#2266);
#2161=SURFACE_STYLE_FILL_AREA(#2267);
#2162=SURFACE_STYLE_FILL_AREA(#2268);
#2163=SURFACE_STYLE_FILL_AREA(#2269);
#2164=SURFACE_STYLE_FILL_AREA(#2270);
#2165=SURFACE_STYLE_FILL_AREA(#2271);
#2166=SURFACE_STYLE_FILL_AREA(#2272);
#2167=SURFACE_STYLE_FILL_AREA(#2273);
#2168=SURFACE_STYLE_FILL_AREA(#2274);
#2169=SURFACE_STYLE_FILL_AREA(#2275);
#2170=SURFACE_STYLE_FILL_AREA(#2276);
#2171=SURFACE_STYLE_FILL_AREA(#2277);
#2172=SURFACE_STYLE_FILL_AREA(#2278);
#2173=SURFACE_STYLE_FILL_AREA(#2279);
#2174=SURFACE_STYLE_FILL_AREA(#2280);
#2175=SURFACE_STYLE_FILL_AREA(#2281);
#2176=SURFACE_STYLE_FILL_AREA(#2282);
#2177=SURFACE_STYLE_FILL_AREA(#2283);
#2178=SURFACE_STYLE_FILL_AREA(#2284);
#2179=SURFACE_STYLE_FILL_AREA(#2285);
#2180=SURFACE_STYLE_FILL_AREA(#2286);
#2181=SURFACE_STYLE_FILL_AREA(#2287);
#2182=SURFACE_STYLE_FILL_AREA(#2288);
#2183=SURFACE_STYLE_FILL_AREA(#2289);
#2184=SURFACE_STYLE_FILL_AREA(#2290);
#2185=SURFACE_STYLE_FILL_AREA(#2291);
#2186=SURFACE_STYLE_FILL_AREA(#2292);
#2187=SURFACE_STYLE_FILL_AREA(#2293);
#2188=SURFACE_STYLE_FILL_AREA(#2294);
#2189=SURFACE_STYLE_FILL_AREA(#2295);
#2190=SURFACE_STYLE_FILL_AREA(#2296);
#2191=SURFACE_STYLE_FILL_AREA(#2297);
#2192=SURFACE_STYLE_FILL_AREA(#2298);
#2193=SURFACE_STYLE_FILL_AREA(#2299);
#2194=SURFACE_STYLE_FILL_AREA(#2300);
#2195=SURFACE_STYLE_FILL_AREA(#2301);
#2196=SURFACE_STYLE_FILL_AREA(#2302);
#2197=SURFACE_STYLE_FILL_AREA(#2303);
#2198=SURFACE_STYLE_FILL_AREA(#2304);
#2199=SURFACE_STYLE_FILL_AREA(#2305);
#2200=SURFACE_STYLE_FILL_AREA(#2306);
#2201=SURFACE_STYLE_FILL_AREA(#2307);
#2202=SURFACE_STYLE_FILL_AREA(#2308);
#2203=SURFACE_STYLE_FILL_AREA(#2309);
#2204=SURFACE_STYLE_FILL_AREA(#2310);
#2205=SURFACE_STYLE_FILL_AREA(#2311);
#2206=SURFACE_STYLE_FILL_AREA(#2312);
#2207=SURFACE_STYLE_FILL_AREA(#2313);
#2208=SURFACE_STYLE_FILL_AREA(#2314);
#2209=SURFACE_STYLE_FILL_AREA(#2315);
#2210=SURFACE_STYLE_FILL_AREA(#2316);
#2211=SURFACE_STYLE_FILL_AREA(#2317);
#2212=SURFACE_STYLE_FILL_AREA(#2318);
#2213=SURFACE_STYLE_FILL_AREA(#2319);
#2214=SURFACE_STYLE_FILL_AREA(#2320);
#2215=SURFACE_STYLE_FILL_AREA(#2321);
#2216=SURFACE_STYLE_FILL_AREA(#2322);
#2217=SURFACE_STYLE_FILL_AREA(#2323);
#2218=SURFACE_STYLE_FILL_AREA(#2324);
#2219=SURFACE_STYLE_FILL_AREA(#2325);
#2220=SURFACE_STYLE_FILL_AREA(#2326);
#2221=SURFACE_STYLE_FILL_AREA(#2327);
#2222=SURFACE_STYLE_FILL_AREA(#2328);
#2223=SURFACE_STYLE_FILL_AREA(#2329);
#2224=SURFACE_STYLE_FILL_AREA(#2330);
#2225=SURFACE_STYLE_FILL_AREA(#2331);
#2226=SURFACE_STYLE_FILL_AREA(#2332);
#2227=SURFACE_STYLE_FILL_AREA(#2333);
#2228=SURFACE_STYLE_FILL_AREA(#2334);
#2229=SURFACE_STYLE_FILL_AREA(#2335);
#2230=SURFACE_STYLE_FILL_AREA(#2336);
#2231=SURFACE_STYLE_FILL_AREA(#2337);
#2232=SURFACE_STYLE_FILL_AREA(#2338);
#2233=SURFACE_STYLE_FILL_AREA(#2339);
#2234=SURFACE_STYLE_FILL_AREA(#2340);
#2235=SURFACE_STYLE_FILL_AREA(#2341);
#2236=SURFACE_STYLE_FILL_AREA(#2342);
#2237=SURFACE_STYLE_FILL_AREA(#2343);
#2238=SURFACE_STYLE_FILL_AREA(#2344);
#2239=SURFACE_STYLE_FILL_AREA(#2345);
#2240=SURFACE_STYLE_FILL_AREA(#2346);
#2241=SURFACE_STYLE_FILL_AREA(#2347);
#2242=SURFACE_STYLE_FILL_AREA(#2348);
#2243=SURFACE_STYLE_FILL_AREA(#2349);
#2244=SURFACE_STYLE_FILL_AREA(#2350);
#2245=SURFACE_STYLE_FILL_AREA(#2351);
#2246=SURFACE_STYLE_FILL_AREA(#2352);
#2247=SURFACE_STYLE_FILL_AREA(#2353);
#2248=SURFACE_STYLE_FILL_AREA(#2354);
#2249=SURFACE_STYLE_FILL_AREA(#2355);
#2250=SURFACE_STYLE_FILL_AREA(#2356);
#2251=SURFACE_STYLE_FILL_AREA(#2357);
#2252=SURFACE_STYLE_FILL_AREA(#2358);
#2253=SURFACE_STYLE_FILL_AREA(#2359);
#2254=SURFACE_STYLE_FILL_AREA(#2360);
#2255=SURFACE_STYLE_FILL_AREA(#2361);
#2256=SURFACE_STYLE_FILL_AREA(#2362);
#2257=SURFACE_STYLE_FILL_AREA(#2363);
#2258=SURFACE_STYLE_FILL_AREA(#2364);
#2259=SURFACE_STYLE_FILL_AREA(#2365);
#2260=SURFACE_STYLE_FILL_AREA(#2366);
#2261=SURFACE_STYLE_FILL_AREA(#2367);
#2262=FILL_AREA_STYLE('',(#2368));
#2263=FILL_AREA_STYLE('',(#2369));
#2264=FILL_AREA_STYLE('',(#2370));
#2265=FILL_AREA_STYLE('',(#2371));
#2266=FILL_AREA_STYLE('',(#2372));
#2267=FILL_AREA_STYLE('',(#2373));
#2268=FILL_AREA_STYLE('',(#2374));
#2269=FILL_AREA_STYLE('',(#2375));
#2270=FILL_AREA_STYLE('',(#2376));
#2271=FILL_AREA_STYLE('',(#2377));
#2272=FILL_AREA_STYLE('',(#2378));
#2273=FILL_AREA_STYLE('',(#2379));
#2274=FILL_AREA_STYLE('',(#2380));
#2275=FILL_AREA_STYLE('',(#2381));
#2276=FILL_AREA_STYLE('',(#2382));
#2277=FILL_AREA_STYLE('',(#2383));
#2278=FILL_AREA_STYLE('',(#2384));
#2279=FILL_AREA_STYLE('',(#2385));
#2280=FILL_AREA_STYLE('',(#2386));
#2281=FILL_AREA_STYLE('',(#2387));
#2282=FILL_AREA_STYLE('',(#2388));
#2283=FILL_AREA_STYLE('',(#2389));
#2284=FILL_AREA_STYLE('',(#2390));
#2285=FILL_AREA_STYLE('',(#2391));
#2286=FILL_AREA_STYLE('',(#2392));
#2287=FILL_AREA_STYLE('',(#2393));
#2288=FILL_AREA_STYLE('',(#2394));
#2289=FILL_AREA_STYLE('',(#2395));
#2290=FILL_AREA_STYLE('',(#2396));
#2291=FILL_AREA_STYLE('',(#2397));
#2292=FILL_AREA_STYLE('',(#2398));
#2293=FILL_AREA_STYLE('',(#2399));
#2294=FILL_AREA_STYLE('',(#2400));
#2295=FILL_AREA_STYLE('',(#2401));
#2296=FILL_AREA_STYLE('',(#2402));
#2297=FILL_AREA_STYLE('',(#2403));
#2298=FILL_AREA_STYLE('',(#2404));
#2299=FILL_AREA_STYLE('',(#2405));
#2300=FILL_AREA_STYLE('',(#2406));
#2301=FILL_AREA_STYLE('',(#2407));
#2302=FILL_AREA_STYLE('',(#2408));
#2303=FILL_AREA_STYLE('',(#2409));
#2304=FILL_AREA_STYLE('',(#2410));
#2305=FILL_AREA_STYLE('',(#2411));
#2306=FILL_AREA_STYLE('',(#2412));
#2307=FILL_AREA_STYLE('',(#2413));
#2308=FILL_AREA_STYLE('',(#2414));
#2309=FILL_AREA_STYLE('',(#2415));
#2310=FILL_AREA_STYLE('',(#2416));
#2311=FILL_AREA_STYLE('',(#2417));
#2312=FILL_AREA_STYLE('',(#2418));
#2313=FILL_AREA_STYLE('',(#2419));
#2314=FILL_AREA_STYLE('',(#2420));
#2315=FILL_AREA_STYLE('',(#2421));
#2316=FILL_AREA_STYLE('',(#2422));
#2317=FILL_AREA_STYLE('',(#2423));
#2318=FILL_AREA_STYLE('',(#2424));
#2319=FILL_AREA_STYLE('',(#2425));
#2320=FILL_AREA_STYLE('',(#2426));
#2321=FILL_AREA_STYLE('',(#2427));
#2322=FILL_AREA_STYLE('',(#2428));
#2323=FILL_AREA_STYLE('',(#2429));
#2324=FILL_AREA_STYLE('',(#2430));
#2325=FILL_AREA_STYLE('',(#2431));
#2326=FILL_AREA_STYLE('',(#2432));
#2327=FILL_AREA_STYLE('',(#2433));
#2328=FILL_AREA_STYLE('',(#2434));
#2329=FILL_AREA_STYLE('',(#2435));
#2330=FILL_AREA_STYLE('',(#2436));
#2331=FILL_AREA_STYLE('',(#2437));
#2332=FILL_AREA_STYLE('',(#2438));
#2333=FILL_AREA_STYLE('',(#2439));
#2334=FILL_AREA_STYLE('',(#2440));
#2335=FILL_AREA_STYLE('',(#2441));
#2336=FILL_AREA_STYLE('',(#2442));
#2337=FILL_AREA_STYLE('',(#2443));
#2338=FILL_AREA_STYLE('',(#2444));
#2339=FILL_AREA_STYLE('',(#2445));
#2340=FILL_AREA_STYLE('',(#2446));
#2341=FILL_AREA_STYLE('',(#2447));
#2342=FILL_AREA_STYLE('',(#2448));
#2343=FILL_AREA_STYLE('',(#2449));
#2344=FILL_AREA_STYLE('',(#2450));
#2345=FILL_AREA_STYLE('',(#2451));
#2346=FILL_AREA_STYLE('',(#2452));
#2347=FILL_AREA_STYLE('',(#2453));
#2348=FILL_AREA_STYLE('',(#2454));
#2349=FILL_AREA_STYLE('',(#2455));
#2350=FILL_AREA_STYLE('',(#2456));
#2351=FILL_AREA_STYLE('',(#2457));
#2352=FILL_AREA_STYLE('',(#2458));
#2353=FILL_AREA_STYLE('',(#2459));
#2354=FILL_AREA_STYLE('',(#2460));
#2355=FILL_AREA_STYLE('',(#2461));
#2356=FILL_AREA_STYLE('',(#2462));
#2357=FILL_AREA_STYLE('',(#2463));
#2358=FILL_AREA_STYLE('',(#2464));
#2359=FILL_AREA_STYLE('',(#2465));
#2360=FILL_AREA_STYLE('',(#2466));
#2361=FILL_AREA_STYLE('',(#2467));
#2362=FILL_AREA_STYLE('',(#2468));
#2363=FILL_AREA_STYLE('',(#2469));
#2364=FILL_AREA_STYLE('',(#2470));
#2365=FILL_AREA_STYLE('',(#2471));
#2366=FILL_AREA_STYLE('',(#2472));
#2367=FILL_AREA_STYLE('',(#2473));
#2368=FILL_AREA_STYLE_COLOUR('',#2474);
#2369=FILL_AREA_STYLE_COLOUR('',#2475);
#2370=FILL_AREA_STYLE_COLOUR('',#2475);
#2371=FILL_AREA_STYLE_COLOUR('',#2475);
#2372=FILL_AREA_STYLE_COLOUR('',#12);
#2373=FILL_AREA_STYLE_COLOUR('',#2475);
#2374=FILL_AREA_STYLE_COLOUR('',#2475);
#2375=FILL_AREA_STYLE_COLOUR('',#2475);
#2376=FILL_AREA_STYLE_COLOUR('',#2475);
#2377=FILL_AREA_STYLE_COLOUR('',#2475);
#2378=FILL_AREA_STYLE_COLOUR('',#2475);
#2379=FILL_AREA_STYLE_COLOUR('',#2475);
#2380=FILL_AREA_STYLE_COLOUR('',#2475);
#2381=FILL_AREA_STYLE_COLOUR('',#2475);
#2382=FILL_AREA_STYLE_COLOUR('',#2475);
#2383=FILL_AREA_STYLE_COLOUR('',#2475);
#2384=FILL_AREA_STYLE_COLOUR('',#2475);
#2385=FILL_AREA_STYLE_COLOUR('',#2475);
#2386=FILL_AREA_STYLE_COLOUR('',#2475);
#2387=FILL_AREA_STYLE_COLOUR('',#2475);
#2388=FILL_AREA_STYLE_COLOUR('',#2475);
#2389=FILL_AREA_STYLE_COLOUR('',#2475);
#2390=FILL_AREA_STYLE_COLOUR('',#2475);
#2391=FILL_AREA_STYLE_COLOUR('',#2475);
#2392=FILL_AREA_STYLE_COLOUR('',#2475);
#2393=FILL_AREA_STYLE_COLOUR('',#2475);
#2394=FILL_AREA_STYLE_COLOUR('',#2475);
#2395=FILL_AREA_STYLE_COLOUR('',#2475);
#2396=FILL_AREA_STYLE_COLOUR('',#2475);
#2397=FILL_AREA_STYLE_COLOUR('',#2475);
#2398=FILL_AREA_STYLE_COLOUR('',#2475);
#2399=FILL_AREA_STYLE_COLOUR('',#2475);
#2400=FILL_AREA_STYLE_COLOUR('',#2475);
#2401=FILL_AREA_STYLE_COLOUR('',#2475);
#2402=FILL_AREA_STYLE_COLOUR('',#2475);
#2403=FILL_AREA_STYLE_COLOUR('',#2475);
#2404=FILL_AREA_STYLE_COLOUR('',#2475);
#2405=FILL_AREA_STYLE_COLOUR('',#2475);
#2406=FILL_AREA_STYLE_COLOUR('',#2475);
#2407=FILL_AREA_STYLE_COLOUR('',#2475);
#2408=FILL_AREA_STYLE_COLOUR('',#2475);
#2409=FILL_AREA_STYLE_COLOUR('',#2475);
#2410=FILL_AREA_STYLE_COLOUR('',#2475);
#2411=FILL_AREA_STYLE_COLOUR('',#2475);
#2412=FILL_AREA_STYLE_COLOUR('',#2475);
#2413=FILL_AREA_STYLE_COLOUR('',#12);
#2414=FILL_AREA_STYLE_COLOUR('',#12);
#2415=FILL_AREA_STYLE_COLOUR('',#2475);
#2416=FILL_AREA_STYLE_COLOUR('',#12);
#2417=FILL_AREA_STYLE_COLOUR('',#12);
#2418=FILL_AREA_STYLE_COLOUR('',#12);
#2419=FILL_AREA_STYLE_COLOUR('',#12);
#2420=FILL_AREA_STYLE_COLOUR('',#12);
#2421=FILL_AREA_STYLE_COLOUR('',#12);
#2422=FILL_AREA_STYLE_COLOUR('',#12);
#2423=FILL_AREA_STYLE_COLOUR('',#12);
#2424=FILL_AREA_STYLE_COLOUR('',#12);
#2425=FILL_AREA_STYLE_COLOUR('',#12);
#2426=FILL_AREA_STYLE_COLOUR('',#12);
#2427=FILL_AREA_STYLE_COLOUR('',#12);
#2428=FILL_AREA_STYLE_COLOUR('',#12);
#2429=FILL_AREA_STYLE_COLOUR('',#12);
#2430=FILL_AREA_STYLE_COLOUR('',#2475);
#2431=FILL_AREA_STYLE_COLOUR('',#2475);
#2432=FILL_AREA_STYLE_COLOUR('',#2475);
#2433=FILL_AREA_STYLE_COLOUR('',#2475);
#2434=FILL_AREA_STYLE_COLOUR('',#2475);
#2435=FILL_AREA_STYLE_COLOUR('',#2475);
#2436=FILL_AREA_STYLE_COLOUR('',#2475);
#2437=FILL_AREA_STYLE_COLOUR('',#2475);
#2438=FILL_AREA_STYLE_COLOUR('',#2475);
#2439=FILL_AREA_STYLE_COLOUR('',#2475);
#2440=FILL_AREA_STYLE_COLOUR('',#2475);
#2441=FILL_AREA_STYLE_COLOUR('',#2475);
#2442=FILL_AREA_STYLE_COLOUR('',#2475);
#2443=FILL_AREA_STYLE_COLOUR('',#2475);
#2444=FILL_AREA_STYLE_COLOUR('',#2475);
#2445=FILL_AREA_STYLE_COLOUR('',#2475);
#2446=FILL_AREA_STYLE_COLOUR('',#12);
#2447=FILL_AREA_STYLE_COLOUR('',#12);
#2448=FILL_AREA_STYLE_COLOUR('',#12);
#2449=FILL_AREA_STYLE_COLOUR('',#12);
#2450=FILL_AREA_STYLE_COLOUR('',#12);
#2451=FILL_AREA_STYLE_COLOUR('',#12);
#2452=FILL_AREA_STYLE_COLOUR('',#12);
#2453=FILL_AREA_STYLE_COLOUR('',#12);
#2454=FILL_AREA_STYLE_COLOUR('',#2475);
#2455=FILL_AREA_STYLE_COLOUR('',#2475);
#2456=FILL_AREA_STYLE_COLOUR('',#2475);
#2457=FILL_AREA_STYLE_COLOUR('',#2475);
#2458=FILL_AREA_STYLE_COLOUR('',#2475);
#2459=FILL_AREA_STYLE_COLOUR('',#2475);
#2460=FILL_AREA_STYLE_COLOUR('',#2475);
#2461=FILL_AREA_STYLE_COLOUR('',#2475);
#2462=FILL_AREA_STYLE_COLOUR('',#2475);
#2463=FILL_AREA_STYLE_COLOUR('',#2475);
#2464=FILL_AREA_STYLE_COLOUR('',#2475);
#2465=FILL_AREA_STYLE_COLOUR('',#2475);
#2466=FILL_AREA_STYLE_COLOUR('',#2475);
#2467=FILL_AREA_STYLE_COLOUR('',#2475);
#2468=FILL_AREA_STYLE_COLOUR('',#12);
#2469=FILL_AREA_STYLE_COLOUR('',#12);
#2470=FILL_AREA_STYLE_COLOUR('',#12);
#2471=FILL_AREA_STYLE_COLOUR('',#12);
#2472=FILL_AREA_STYLE_COLOUR('',#12);
#2473=FILL_AREA_STYLE_COLOUR('',#12);
#2474=COLOUR_RGB('',0.796078431372549,0.823529411764706,0.937254901960784);
#2475=COLOUR_RGB('',0.250980392156863,0.250980392156863,0.250980392156863);
#2476=MANIFOLD_SOLID_BREP('Part 1',#1836);
#2477=SHAPE_DEFINITION_REPRESENTATION(#3787,#2478);
#2478=SHAPE_REPRESENTATION('Part 1',(#2479),#3782);
#2479=AXIS2_PLACEMENT_3D('',#3138,#2660,#2661);
#2480=AXIS2_PLACEMENT_3D('',#3139,#2662,#2663);
#2481=AXIS2_PLACEMENT_3D('',#3185,#2679,#2680);
#2482=AXIS2_PLACEMENT_3D('',#3186,#2681,#2682);
#2483=AXIS2_PLACEMENT_3D('',#3204,#2684,#2685);
#2484=AXIS2_PLACEMENT_3D('',#3205,#2686,#2687);
#2485=AXIS2_PLACEMENT_3D('',#3226,#2690,#2691);
#2486=AXIS2_PLACEMENT_3D('',#3227,#2692,#2693);
#2487=AXIS2_PLACEMENT_3D('',#3229,#2694,#2695);
#2488=AXIS2_PLACEMENT_3D('',#3231,#2696,#2697);
#2489=AXIS2_PLACEMENT_3D('',#3233,#2698,#2699);
#2490=AXIS2_PLACEMENT_3D('',#3238,#2701,#2702);
#2491=AXIS2_PLACEMENT_3D('',#3242,#2704,#2705);
#2492=AXIS2_PLACEMENT_3D('',#3246,#2707,#2708);
#2493=AXIS2_PLACEMENT_3D('',#3249,#2710,#2711);
#2494=AXIS2_PLACEMENT_3D('',#3251,#2712,#2713);
#2495=AXIS2_PLACEMENT_3D('',#3253,#2714,#2715);
#2496=AXIS2_PLACEMENT_3D('',#3262,#2718,#2719);
#2497=AXIS2_PLACEMENT_3D('',#3277,#2722,#2723);
#2498=AXIS2_PLACEMENT_3D('',#3292,#2726,#2727);
#2499=AXIS2_PLACEMENT_3D('',#3307,#2730,#2731);
#2500=AXIS2_PLACEMENT_3D('',#3316,#2734,#2735);
#2501=AXIS2_PLACEMENT_3D('',#3331,#2738,#2739);
#2502=AXIS2_PLACEMENT_3D('',#3346,#2742,#2743);
#2503=AXIS2_PLACEMENT_3D('',#3355,#2746,#2747);
#2504=AXIS2_PLACEMENT_3D('',#3356,#2748,#2749);
#2505=AXIS2_PLACEMENT_3D('',#3357,#2750,#2751);
#2506=AXIS2_PLACEMENT_3D('',#3358,#2752,#2753);
#2507=AXIS2_PLACEMENT_3D('',#3359,#2754,#2755);
#2508=AXIS2_PLACEMENT_3D('',#3360,#2756,#2757);
#2509=AXIS2_PLACEMENT_3D('',#3361,#2758,#2759);
#2510=AXIS2_PLACEMENT_3D('',#3362,#2760,#2761);
#2511=AXIS2_PLACEMENT_3D('',#3363,#2762,#2763);
#2512=AXIS2_PLACEMENT_3D('',#3364,#2764,#2765);
#2513=AXIS2_PLACEMENT_3D('',#3365,#2766,#2767);
#2514=AXIS2_PLACEMENT_3D('',#3366,#2768,#2769);
#2515=AXIS2_PLACEMENT_3D('',#3367,#2770,#2771);
#2516=AXIS2_PLACEMENT_3D('',#3368,#2772,#2773);
#2517=AXIS2_PLACEMENT_3D('',#3369,#2774,#2775);
#2518=AXIS2_PLACEMENT_3D('',#3370,#2776,#2777);
#2519=AXIS2_PLACEMENT_3D('',#3371,#2778,#2779);
#2520=AXIS2_PLACEMENT_3D('',#3372,#2780,#2781);
#2521=AXIS2_PLACEMENT_3D('',#3373,#2782,#2783);
#2522=AXIS2_PLACEMENT_3D('',#3374,#2784,#2785);
#2523=AXIS2_PLACEMENT_3D('',#3375,#2786,#2787);
#2524=AXIS2_PLACEMENT_3D('',#3376,#2788,#2789);
#2525=AXIS2_PLACEMENT_3D('',#3377,#2790,#2791);
#2526=AXIS2_PLACEMENT_3D('',#3378,#2792,#2793);
#2527=AXIS2_PLACEMENT_3D('',#3379,#2794,#2795);
#2528=AXIS2_PLACEMENT_3D('',#3389,#2796,#2797);
#2529=AXIS2_PLACEMENT_3D('',#3399,#2798,#2799);
#2530=AXIS2_PLACEMENT_3D('',#3409,#2800,#2801);
#2531=AXIS2_PLACEMENT_3D('',#3419,#2802,#2803);
#2532=AXIS2_PLACEMENT_3D('',#3429,#2804,#2805);
#2533=AXIS2_PLACEMENT_3D('',#3439,#2806,#2807);
#2534=AXIS2_PLACEMENT_3D('',#3449,#2808,#2809);
#2535=AXIS2_PLACEMENT_3D('',#3452,#2812,#2813);
#2536=AXIS2_PLACEMENT_3D('',#3459,#2815,#2816);
#2537=AXIS2_PLACEMENT_3D('',#3465,#2818,#2819);
#2538=AXIS2_PLACEMENT_3D('',#3467,#2821,#2822);
#2539=AXIS2_PLACEMENT_3D('',#3469,#2824,#2825);
#2540=AXIS2_PLACEMENT_3D('',#3471,#2827,#2828);
#2541=AXIS2_PLACEMENT_3D('',#3473,#2830,#2831);
#2542=AXIS2_PLACEMENT_3D('',#3474,#2832,#2833);
#2543=AXIS2_PLACEMENT_3D('',#3475,#2834,#2835);
#2544=AXIS2_PLACEMENT_3D('',#3485,#2836,#2837);
#2545=AXIS2_PLACEMENT_3D('',#3495,#2838,#2839);
#2546=AXIS2_PLACEMENT_3D('',#3500,#2840,#2841);
#2547=AXIS2_PLACEMENT_3D('',#3501,#2842,#2843);
#2548=AXIS2_PLACEMENT_3D('',#3506,#2844,#2845);
#2549=AXIS2_PLACEMENT_3D('',#3516,#2846,#2847);
#2550=AXIS2_PLACEMENT_3D('',#3521,#2848,#2849);
#2551=AXIS2_PLACEMENT_3D('',#3524,#2851,#2852);
#2552=AXIS2_PLACEMENT_3D('',#3525,#2853,#2854);
#2553=AXIS2_PLACEMENT_3D('',#3535,#2860,#2861);
#2554=AXIS2_PLACEMENT_3D('',#3551,#2868,#2869);
#2555=AXIS2_PLACEMENT_3D('',#3554,#2871,#2872);
#2556=AXIS2_PLACEMENT_3D('',#3555,#2873,#2874);
#2557=AXIS2_PLACEMENT_3D('',#3565,#2880,#2881);
#2558=AXIS2_PLACEMENT_3D('',#3566,#2882,#2883);
#2559=AXIS2_PLACEMENT_3D('',#3567,#2884,#2885);
#2560=AXIS2_PLACEMENT_3D('',#3569,#2886,#2887);
#2561=AXIS2_PLACEMENT_3D('',#3571,#2888,#2889);
#2562=AXIS2_PLACEMENT_3D('',#3572,#2890,#2891);
#2563=AXIS2_PLACEMENT_3D('',#3574,#2892,#2893);
#2564=AXIS2_PLACEMENT_3D('',#3575,#2894,#2895);
#2565=AXIS2_PLACEMENT_3D('',#3576,#2896,#2897);
#2566=AXIS2_PLACEMENT_3D('',#3578,#2898,#2899);
#2567=AXIS2_PLACEMENT_3D('',#3579,#2900,#2901);
#2568=AXIS2_PLACEMENT_3D('',#3581,#2902,#2903);
#2569=AXIS2_PLACEMENT_3D('',#3582,#2904,#2905);
#2570=AXIS2_PLACEMENT_3D('',#3584,#2906,#2907);
#2571=AXIS2_PLACEMENT_3D('',#3585,#2908,#2909);
#2572=AXIS2_PLACEMENT_3D('',#3587,#2910,#2911);
#2573=AXIS2_PLACEMENT_3D('',#3588,#2912,#2913);
#2574=AXIS2_PLACEMENT_3D('',#3589,#2914,#2915);
#2575=AXIS2_PLACEMENT_3D('',#3591,#2916,#2917);
#2576=AXIS2_PLACEMENT_3D('',#3592,#2918,#2919);
#2577=AXIS2_PLACEMENT_3D('',#3593,#2920,#2921);
#2578=AXIS2_PLACEMENT_3D('',#3595,#2922,#2923);
#2579=AXIS2_PLACEMENT_3D('',#3596,#2924,#2925);
#2580=AXIS2_PLACEMENT_3D('',#3597,#2926,#2927);
#2581=AXIS2_PLACEMENT_3D('',#3599,#2928,#2929);
#2582=AXIS2_PLACEMENT_3D('',#3600,#2930,#2931);
#2583=AXIS2_PLACEMENT_3D('',#3601,#2932,#2933);
#2584=AXIS2_PLACEMENT_3D('',#3603,#2934,#2935);
#2585=AXIS2_PLACEMENT_3D('',#3604,#2936,#2937);
#2586=AXIS2_PLACEMENT_3D('',#3606,#2938,#2939);
#2587=AXIS2_PLACEMENT_3D('',#3607,#2940,#2941);
#2588=AXIS2_PLACEMENT_3D('',#3609,#2942,#2943);
#2589=AXIS2_PLACEMENT_3D('',#3611,#2944,#2945);
#2590=AXIS2_PLACEMENT_3D('',#3612,#2946,#2947);
#2591=AXIS2_PLACEMENT_3D('',#3613,#2948,#2949);
#2592=AXIS2_PLACEMENT_3D('',#3615,#2950,#2951);
#2593=AXIS2_PLACEMENT_3D('',#3616,#2952,#2953);
#2594=AXIS2_PLACEMENT_3D('',#3622,#2957,#2958);
#2595=AXIS2_PLACEMENT_3D('',#3626,#2960,#2961);
#2596=AXIS2_PLACEMENT_3D('',#3627,#2962,#2963);
#2597=AXIS2_PLACEMENT_3D('',#3628,#2964,#2965);
#2598=AXIS2_PLACEMENT_3D('',#3631,#2968,#2969);
#2599=AXIS2_PLACEMENT_3D('',#3632,#2970,#2971);
#2600=AXIS2_PLACEMENT_3D('',#3634,#2972,#2973);
#2601=AXIS2_PLACEMENT_3D('',#3640,#2977,#2978);
#2602=AXIS2_PLACEMENT_3D('',#3644,#2980,#2981);
#2603=AXIS2_PLACEMENT_3D('',#3645,#2982,#2983);
#2604=AXIS2_PLACEMENT_3D('',#3646,#2984,#2985);
#2605=AXIS2_PLACEMENT_3D('',#3649,#2988,#2989);
#2606=AXIS2_PLACEMENT_3D('',#3650,#2990,#2991);
#2607=AXIS2_PLACEMENT_3D('',#3652,#2992,#2993);
#2608=AXIS2_PLACEMENT_3D('',#3658,#2997,#2998);
#2609=AXIS2_PLACEMENT_3D('',#3662,#3000,#3001);
#2610=AXIS2_PLACEMENT_3D('',#3663,#3002,#3003);
#2611=AXIS2_PLACEMENT_3D('',#3664,#3004,#3005);
#2612=AXIS2_PLACEMENT_3D('',#3667,#3008,#3009);
#2613=AXIS2_PLACEMENT_3D('',#3668,#3010,#3011);
#2614=AXIS2_PLACEMENT_3D('',#3670,#3012,#3013);
#2615=AXIS2_PLACEMENT_3D('',#3676,#3017,#3018);
#2616=AXIS2_PLACEMENT_3D('',#3680,#3020,#3021);
#2617=AXIS2_PLACEMENT_3D('',#3681,#3022,#3023);
#2618=AXIS2_PLACEMENT_3D('',#3682,#3024,#3025);
#2619=AXIS2_PLACEMENT_3D('',#3685,#3028,#3029);
#2620=AXIS2_PLACEMENT_3D('',#3686,#3030,#3031);
#2621=AXIS2_PLACEMENT_3D('',#3688,#3032,#3033);
#2622=AXIS2_PLACEMENT_3D('',#3689,#3034,#3035);
#2623=AXIS2_PLACEMENT_3D('',#3691,#3036,#3037);
#2624=AXIS2_PLACEMENT_3D('',#3692,#3038,#3039);
#2625=AXIS2_PLACEMENT_3D('',#3693,#3040,#3041);
#2626=AXIS2_PLACEMENT_3D('',#3695,#3042,#3043);
#2627=AXIS2_PLACEMENT_3D('',#3696,#3044,#3045);
#2628=AXIS2_PLACEMENT_3D('',#3697,#3046,#3047);
#2629=AXIS2_PLACEMENT_3D('',#3699,#3048,#3049);
#2630=AXIS2_PLACEMENT_3D('',#3700,#3050,#3051);
#2631=AXIS2_PLACEMENT_3D('',#3701,#3052,#3053);
#2632=AXIS2_PLACEMENT_3D('',#3703,#3054,#3055);
#2633=AXIS2_PLACEMENT_3D('',#3704,#3056,#3057);
#2634=AXIS2_PLACEMENT_3D('',#3713,#3062,#3063);
#2635=AXIS2_PLACEMENT_3D('',#3719,#3067,#3068);
#2636=AXIS2_PLACEMENT_3D('',#3725,#3072,#3073);
#2637=AXIS2_PLACEMENT_3D('',#3731,#3077,#3078);
#2638=AXIS2_PLACEMENT_3D('',#3735,#3081,#3082);
#2639=AXIS2_PLACEMENT_3D('',#3739,#3085,#3086);
#2640=AXIS2_PLACEMENT_3D('',#3741,#3088,#3089);
#2641=AXIS2_PLACEMENT_3D('',#3744,#3092,#3093);
#2642=AXIS2_PLACEMENT_3D('',#3745,#3094,#3095);
#2643=AXIS2_PLACEMENT_3D('',#3746,#3096,#3097);
#2644=AXIS2_PLACEMENT_3D('',#3752,#3101,#3102);
#2645=AXIS2_PLACEMENT_3D('',#3758,#3106,#3107);
#2646=AXIS2_PLACEMENT_3D('',#3760,#3109,#3110);
#2647=AXIS2_PLACEMENT_3D('',#3762,#3112,#3113);
#2648=AXIS2_PLACEMENT_3D('',#3763,#3114,#3115);
#2649=AXIS2_PLACEMENT_3D('',#3765,#3116,#3117);
#2650=AXIS2_PLACEMENT_3D('',#3766,#3118,#3119);
#2651=AXIS2_PLACEMENT_3D('',#3768,#3120,#3121);
#2652=AXIS2_PLACEMENT_3D('',#3769,#3122,#3123);
#2653=AXIS2_PLACEMENT_3D('',#3771,#3124,#3125);
#2654=AXIS2_PLACEMENT_3D('',#3772,#3126,#3127);
#2655=AXIS2_PLACEMENT_3D('',#3774,#3128,#3129);
#2656=AXIS2_PLACEMENT_3D('',#3775,#3130,#3131);
#2657=AXIS2_PLACEMENT_3D('',#3777,#3132,#3133);
#2658=AXIS2_PLACEMENT_3D('',#3778,#3134,#3135);
#2659=AXIS2_PLACEMENT_3D('',#3780,#3136,#3137);
#2660=DIRECTION('',(0.,0.,1.));
#2661=DIRECTION('',(1.,0.,0.));
#2662=DIRECTION('',(-1.,0.,2.56990501881462E-16));
#2663=DIRECTION('',(2.56990501881462E-16,0.,1.));
#2664=DIRECTION('',(2.46519032881566E-32,1.,-6.33530499835664E-48));
#2665=DIRECTION('',(3.09703406596312E-16,0.,1.));
#2666=DIRECTION('',(1.14193531623592E-31,1.,2.89120579329468E-16));
#2667=DIRECTION('',(3.09703406596312E-16,0.,1.));
#2668=DIRECTION('',(0.,-1.,0.));
#2669=DIRECTION('',(2.56990501881462E-16,0.,1.));
#2670=DIRECTION('',(2.46519032881566E-32,1.,-6.33530499835664E-48));
#2671=DIRECTION('',(3.09703406596312E-16,0.,1.));
#2672=DIRECTION('',(2.46519032881566E-32,1.,-6.33530499835664E-48));
#2673=DIRECTION('',(2.56990501881462E-16,0.,1.));
#2674=DIRECTION('',(0.,-1.,0.));
#2675=DIRECTION('',(3.75075346157147E-15,0.,1.));
#2676=DIRECTION('',(0.,1.,0.));
#2677=DIRECTION('',(0.,1.,0.));
#2678=DIRECTION('',(-1.87537673078573E-15,0.,1.));
#2679=DIRECTION('',(0.,1.,0.));
#2680=DIRECTION('',(0.,0.,1.));
#2681=DIRECTION('',(0.,-1.,0.));
#2682=DIRECTION('',(0.,0.,-1.));
#2683=DIRECTION('',(0.,1.,0.));
#2684=DIRECTION('',(0.,1.,0.));
#2685=DIRECTION('',(0.,0.,1.));
#2686=DIRECTION('',(0.,-1.,0.));
#2687=DIRECTION('',(0.,0.,-1.));
#2688=DIRECTION('',(0.,1.,0.));
#2689=DIRECTION('',(0.,1.,0.));
#2690=DIRECTION('',(0.,1.,0.));
#2691=DIRECTION('',(0.,0.,1.));
#2692=DIRECTION('',(0.,-1.,0.));
#2693=DIRECTION('',(0.,0.,-1.));
#2694=DIRECTION('',(0.,1.,0.));
#2695=DIRECTION('',(0.,0.,1.));
#2696=DIRECTION('',(0.,1.,0.));
#2697=DIRECTION('',(0.,0.,1.));
#2698=DIRECTION('',(0.,1.,0.));
#2699=DIRECTION('',(0.,0.,1.));
#2700=DIRECTION('',(-1.,0.,0.));
#2701=DIRECTION('',(0.,1.,0.));
#2702=DIRECTION('',(0.,0.,1.));
#2703=DIRECTION('',(0.,0.,1.));
#2704=DIRECTION('',(0.,1.,0.));
#2705=DIRECTION('',(0.,0.,1.));
#2706=DIRECTION('',(1.,0.,2.56990501881463E-16));
#2707=DIRECTION('',(0.,1.,0.));
#2708=DIRECTION('',(0.,0.,1.));
#2709=DIRECTION('',(0.,0.,-1.));
#2710=DIRECTION('',(0.,1.,0.));
#2711=DIRECTION('',(0.,0.,1.));
#2712=DIRECTION('',(0.,-1.,0.));
#2713=DIRECTION('',(0.,0.,-1.));
#2714=DIRECTION('',(0.,-1.,0.));
#2715=DIRECTION('',(0.,0.,-1.));
#2716=DIRECTION('',(0.,-1.,0.));
#2717=DIRECTION('',(0.,-1.,0.));
#2718=DIRECTION('',(0.,0.,1.));
#2719=DIRECTION('',(1.,0.,0.));
#2720=DIRECTION('',(0.,-1.,0.));
#2721=DIRECTION('',(0.,-1.,0.));
#2722=DIRECTION('',(0.,-1.,0.));
#2723=DIRECTION('',(0.,0.,-1.));
#2724=DIRECTION('',(0.,-1.,0.));
#2725=DIRECTION('',(0.,-1.,0.));
#2726=DIRECTION('',(1.,0.,0.));
#2727=DIRECTION('',(0.,0.,-1.));
#2728=DIRECTION('',(0.,-1.,0.));
#2729=DIRECTION('',(0.,-1.,0.));
#2730=DIRECTION('',(0.,-1.,0.));
#2731=DIRECTION('',(0.,0.,-1.));
#2732=DIRECTION('',(0.,-1.,0.));
#2733=DIRECTION('',(0.,-1.,0.));
#2734=DIRECTION('',(0.,0.,-1.));
#2735=DIRECTION('',(-1.,0.,0.));
#2736=DIRECTION('',(0.,-1.,0.));
#2737=DIRECTION('',(0.,-1.,0.));
#2738=DIRECTION('',(0.,-1.,0.));
#2739=DIRECTION('',(0.,0.,-1.));
#2740=DIRECTION('',(0.,-1.,0.));
#2741=DIRECTION('',(0.,-1.,0.));
#2742=DIRECTION('',(-1.,0.,0.));
#2743=DIRECTION('',(0.,0.,1.));
#2744=DIRECTION('',(0.,-1.,0.));
#2745=DIRECTION('',(0.,-1.,0.));
#2746=DIRECTION('',(0.,-1.,0.));
#2747=DIRECTION('',(0.,0.,-1.));
#2748=DIRECTION('',(0.,-1.,0.));
#2749=DIRECTION('',(0.,0.,-1.));
#2750=DIRECTION('',(0.,-1.,0.));
#2751=DIRECTION('',(0.,0.,-1.));
#2752=DIRECTION('',(0.,-1.,0.));
#2753=DIRECTION('',(0.,0.,-1.));
#2754=DIRECTION('',(0.,-1.,0.));
#2755=DIRECTION('',(0.,0.,-1.));
#2756=DIRECTION('',(0.,-1.,0.));
#2757=DIRECTION('',(0.,0.,-1.));
#2758=DIRECTION('',(0.,-1.,0.));
#2759=DIRECTION('',(0.,0.,-1.));
#2760=DIRECTION('',(0.,-1.,0.));
#2761=DIRECTION('',(0.,0.,-1.));
#2762=DIRECTION('',(0.,-1.,0.));
#2763=DIRECTION('',(0.,0.,-1.));
#2764=DIRECTION('',(0.,-1.,0.));
#2765=DIRECTION('',(0.,0.,-1.));
#2766=DIRECTION('',(0.,-1.,0.));
#2767=DIRECTION('',(0.,0.,-1.));
#2768=DIRECTION('',(0.,-1.,0.));
#2769=DIRECTION('',(0.,0.,-1.));
#2770=DIRECTION('',(0.,-1.,0.));
#2771=DIRECTION('',(0.,0.,-1.));
#2772=DIRECTION('',(0.,-1.,0.));
#2773=DIRECTION('',(0.,0.,-1.));
#2774=DIRECTION('',(0.,-1.,0.));
#2775=DIRECTION('',(0.,0.,-1.));
#2776=DIRECTION('',(0.,-1.,0.));
#2777=DIRECTION('',(0.,0.,-1.));
#2778=DIRECTION('',(0.,-1.,0.));
#2779=DIRECTION('',(0.,0.,-1.));
#2780=DIRECTION('',(0.,-1.,0.));
#2781=DIRECTION('',(0.,0.,-1.));
#2782=DIRECTION('',(0.,-1.,0.));
#2783=DIRECTION('',(0.,0.,-1.));
#2784=DIRECTION('',(0.,-1.,0.));
#2785=DIRECTION('',(0.,0.,-1.));
#2786=DIRECTION('',(0.,-1.,0.));
#2787=DIRECTION('',(0.,0.,-1.));
#2788=DIRECTION('',(0.,-1.,0.));
#2789=DIRECTION('',(0.,0.,-1.));
#2790=DIRECTION('',(0.,-1.,0.));
#2791=DIRECTION('',(0.,0.,-1.));
#2792=DIRECTION('',(0.,-1.,0.));
#2793=DIRECTION('',(0.,0.,-1.));
#2794=DIRECTION('',(0.,1.,0.));
#2795=DIRECTION('',(0.,0.,1.));
#2796=DIRECTION('',(0.,1.,0.));
#2797=DIRECTION('',(0.,0.,1.));
#2798=DIRECTION('',(0.,1.,0.));
#2799=DIRECTION('',(0.,0.,1.));
#2800=DIRECTION('',(0.,1.,0.));
#2801=DIRECTION('',(0.,0.,1.));
#2802=DIRECTION('',(0.,1.,0.));
#2803=DIRECTION('',(0.,0.,1.));
#2804=DIRECTION('',(0.,1.,0.));
#2805=DIRECTION('',(0.,0.,1.));
#2806=DIRECTION('',(0.,1.,0.));
#2807=DIRECTION('',(0.,0.,1.));
#2808=DIRECTION('',(0.,-1.,0.));
#2809=DIRECTION('',(0.,0.,-1.));
#2810=DIRECTION('',(0.,-1.,0.));
#2811=DIRECTION('',(0.,-1.,0.));
#2812=DIRECTION('',(0.,0.,1.));
#2813=DIRECTION('',(1.,0.,0.));
#2814=DIRECTION('',(0.,-1.,0.));
#2815=DIRECTION('',(0.,-1.,0.));
#2816=DIRECTION('',(0.,0.,-1.));
#2817=DIRECTION('',(0.,-1.,0.));
#2818=DIRECTION('',(1.,0.,0.));
#2819=DIRECTION('',(0.,0.,-1.));
#2820=DIRECTION('',(0.,-1.,0.));
#2821=DIRECTION('',(0.,-1.,0.));
#2822=DIRECTION('',(0.,0.,-1.));
#2823=DIRECTION('',(0.,-1.,0.));
#2824=DIRECTION('',(2.56990501881463E-16,0.,-1.));
#2825=DIRECTION('',(-1.,0.,-2.56990501881463E-16));
#2826=DIRECTION('',(0.,-1.,0.));
#2827=DIRECTION('',(0.,-1.,0.));
#2828=DIRECTION('',(0.,0.,-1.));
#2829=DIRECTION('',(0.,-1.,0.));
#2830=DIRECTION('',(-1.,0.,0.));
#2831=DIRECTION('',(0.,0.,1.));
#2832=DIRECTION('',(0.,1.,0.));
#2833=DIRECTION('',(0.,0.,1.));
#2834=DIRECTION('',(0.,-1.,0.));
#2835=DIRECTION('',(0.,0.,-1.));
#2836=DIRECTION('',(0.,-1.,0.));
#2837=DIRECTION('',(0.,0.,-1.));
#2838=DIRECTION('',(0.,-1.,0.));
#2839=DIRECTION('',(0.,0.,-1.));
#2840=DIRECTION('',(0.,-1.,0.));
#2841=DIRECTION('',(0.,0.,-1.));
#2842=DIRECTION('',(0.,-1.,0.));
#2843=DIRECTION('',(0.,0.,-1.));
#2844=DIRECTION('',(0.,-1.,0.));
#2845=DIRECTION('',(0.,0.,-1.));
#2846=DIRECTION('',(0.,-1.,0.));
#2847=DIRECTION('',(0.,0.,-1.));
#2848=DIRECTION('',(0.,1.,0.));
#2849=DIRECTION('',(0.,0.,1.));
#2850=DIRECTION('',(0.,1.,0.));
#2851=DIRECTION('',(0.,-1.,0.));
#2852=DIRECTION('',(0.,0.,1.));
#2853=DIRECTION('',(2.56990501881463E-16,0.,-1.));
#2854=DIRECTION('',(-1.,0.,-2.56990501881463E-16));
#2855=DIRECTION('',(0.,-1.,0.));
#2856=DIRECTION('',(-1.,0.,-2.56990501881462E-16));
#2857=DIRECTION('',(0.,-1.,0.));
#2858=DIRECTION('',(-1.,0.,1.87537673078574E-15));
#2859=DIRECTION('',(-1.,0.,-1.87537673078574E-15));
#2860=DIRECTION('',(1.,0.,1.28495250940731E-16));
#2861=DIRECTION('',(1.28495250940731E-16,0.,-1.));
#2862=DIRECTION('',(0.,0.,-1.));
#2863=DIRECTION('',(0.,-1.,0.));
#2864=DIRECTION('',(1.28495250940731E-16,0.,-1.));
#2865=DIRECTION('',(0.,-1.,0.));
#2866=DIRECTION('',(1.87537673078574E-15,0.,-1.));
#2867=DIRECTION('',(0.,1.,0.));
#2868=DIRECTION('',(0.,1.,0.));
#2869=DIRECTION('',(0.,0.,1.));
#2870=DIRECTION('',(0.,1.,0.));
#2871=DIRECTION('',(0.,-1.,0.));
#2872=DIRECTION('',(0.,0.,1.));
#2873=DIRECTION('',(1.28495250940731E-16,0.,1.));
#2874=DIRECTION('',(1.,0.,-1.28495250940731E-16));
#2875=DIRECTION('',(0.,-1.,0.));
#2876=DIRECTION('',(1.,0.,-1.28495250940731E-16));
#2877=DIRECTION('',(0.,-1.,0.));
#2878=DIRECTION('',(1.,0.,-5.62613019235723E-15));
#2879=DIRECTION('',(1.,0.,3.7507534615715E-15));
#2880=DIRECTION('',(0.,-1.,0.));
#2881=DIRECTION('',(0.,0.,-1.));
#2882=DIRECTION('',(0.,1.,0.));
#2883=DIRECTION('',(0.,0.,1.));
#2884=DIRECTION('',(0.,1.,0.));
#2885=DIRECTION('',(0.,0.,1.));
#2886=DIRECTION('',(0.,1.,0.));
#2887=DIRECTION('',(0.,0.,1.));
#2888=DIRECTION('',(0.,1.,0.));
#2889=DIRECTION('',(0.,0.,1.));
#2890=DIRECTION('',(0.,1.,0.));
#2891=DIRECTION('',(0.,0.,1.));
#2892=DIRECTION('',(0.,1.,0.));
#2893=DIRECTION('',(0.,0.,1.));
#2894=DIRECTION('',(0.,1.,0.));
#2895=DIRECTION('',(0.,0.,1.));
#2896=DIRECTION('',(0.,1.,0.));
#2897=DIRECTION('',(0.,0.,1.));
#2898=DIRECTION('',(0.,-1.,0.));
#2899=DIRECTION('',(0.,0.,-1.));
#2900=DIRECTION('',(0.,1.,0.));
#2901=DIRECTION('',(0.,0.,1.));
#2902=DIRECTION('',(0.,1.,0.));
#2903=DIRECTION('',(0.,0.,1.));
#2904=DIRECTION('',(0.,1.,0.));
#2905=DIRECTION('',(0.,0.,1.));
#2906=DIRECTION('',(0.,1.,0.));
#2907=DIRECTION('',(0.,0.,1.));
#2908=DIRECTION('',(0.,1.,0.));
#2909=DIRECTION('',(0.,0.,1.));
#2910=DIRECTION('',(0.,1.,0.));
#2911=DIRECTION('',(0.,0.,1.));
#2912=DIRECTION('',(0.,1.,0.));
#2913=DIRECTION('',(0.,0.,1.));
#2914=DIRECTION('',(0.,-1.,0.));
#2915=DIRECTION('',(0.,0.,-1.));
#2916=DIRECTION('',(0.,-1.,0.));
#2917=DIRECTION('',(0.,0.,-1.));
#2918=DIRECTION('',(0.,1.,0.));
#2919=DIRECTION('',(0.,0.,1.));
#2920=DIRECTION('',(0.,1.,0.));
#2921=DIRECTION('',(0.,0.,1.));
#2922=DIRECTION('',(0.,1.,0.));
#2923=DIRECTION('',(0.,0.,1.));
#2924=DIRECTION('',(0.,1.,0.));
#2925=DIRECTION('',(0.,0.,1.));
#2926=DIRECTION('',(0.,-1.,0.));
#2927=DIRECTION('',(0.,0.,-1.));
#2928=DIRECTION('',(0.,-1.,0.));
#2929=DIRECTION('',(0.,0.,-1.));
#2930=DIRECTION('',(0.,1.,0.));
#2931=DIRECTION('',(0.,0.,1.));
#2932=DIRECTION('',(0.,1.,0.));
#2933=DIRECTION('',(0.,0.,1.));
#2934=DIRECTION('',(0.,1.,0.));
#2935=DIRECTION('',(0.,0.,1.));
#2936=DIRECTION('',(0.,1.,0.));
#2937=DIRECTION('',(0.,0.,1.));
#2938=DIRECTION('',(0.,1.,0.));
#2939=DIRECTION('',(0.,0.,1.));
#2940=DIRECTION('',(0.,1.,0.));
#2941=DIRECTION('',(0.,0.,1.));
#2942=DIRECTION('',(0.,1.,0.));
#2943=DIRECTION('',(0.,0.,1.));
#2944=DIRECTION('',(0.,-1.,0.));
#2945=DIRECTION('',(0.,0.,-1.));
#2946=DIRECTION('',(0.,-1.,0.));
#2947=DIRECTION('',(0.,0.,-1.));
#2948=DIRECTION('',(0.,1.,0.));
#2949=DIRECTION('',(0.,0.,1.));
#2950=DIRECTION('',(0.,1.,0.));
#2951=DIRECTION('',(0.,0.,1.));
#2952=DIRECTION('',(1.,0.,-1.07567951771245E-15));
#2953=DIRECTION('',(-1.07567951771245E-15,0.,-1.));
#2954=DIRECTION('',(0.,-1.,0.));
#2955=DIRECTION('',(1.07567951771245E-15,0.,1.));
#2956=DIRECTION('',(1.07567951771245E-15,0.,1.));
#2957=DIRECTION('',(0.,-1.,0.));
#2958=DIRECTION('',(0.,0.,-1.));
#2959=DIRECTION('',(0.,-1.,0.));
#2960=DIRECTION('',(0.,-1.,0.));
#2961=DIRECTION('',(0.,0.,1.));
#2962=DIRECTION('',(0.,-1.,0.));
#2963=DIRECTION('',(0.,0.,1.));
#2964=DIRECTION('',(0.,0.,-1.));
#2965=DIRECTION('',(-1.,0.,0.));
#2966=DIRECTION('',(1.,0.,0.));
#2967=DIRECTION('',(1.,0.,0.));
#2968=DIRECTION('',(0.,-1.,0.));
#2969=DIRECTION('',(0.,0.,-1.));
#2970=DIRECTION('',(0.,-1.,0.));
#2971=DIRECTION('',(0.,0.,-1.));
#2972=DIRECTION('',(-1.,0.,1.07567951771245E-15));
#2973=DIRECTION('',(1.07567951771245E-15,0.,1.));
#2974=DIRECTION('',(0.,-1.,0.));
#2975=DIRECTION('',(-1.07567951771245E-15,0.,-1.));
#2976=DIRECTION('',(-1.07567951771245E-15,0.,-1.));
#2977=DIRECTION('',(0.,-1.,0.));
#2978=DIRECTION('',(0.,0.,-1.));
#2979=DIRECTION('',(0.,-1.,0.));
#2980=DIRECTION('',(0.,-1.,0.));
#2981=DIRECTION('',(0.,0.,1.));
#2982=DIRECTION('',(0.,-1.,0.));
#2983=DIRECTION('',(0.,0.,1.));
#2984=DIRECTION('',(0.,0.,1.));
#2985=DIRECTION('',(1.,0.,0.));
#2986=DIRECTION('',(-1.,0.,0.));
#2987=DIRECTION('',(-1.,0.,0.));
#2988=DIRECTION('',(0.,-1.,0.));
#2989=DIRECTION('',(0.,0.,-1.));
#2990=DIRECTION('',(0.,-1.,0.));
#2991=DIRECTION('',(0.,0.,-1.));
#2992=DIRECTION('',(0.,0.,-1.));
#2993=DIRECTION('',(-1.,0.,0.));
#2994=DIRECTION('',(0.,-1.,0.));
#2995=DIRECTION('',(1.,0.,0.));
#2996=DIRECTION('',(1.,0.,0.));
#2997=DIRECTION('',(0.,-1.,0.));
#2998=DIRECTION('',(0.,0.,-1.));
#2999=DIRECTION('',(0.,-1.,0.));
#3000=DIRECTION('',(0.,-1.,0.));
#3001=DIRECTION('',(0.,0.,-1.));
#3002=DIRECTION('',(0.,-1.,0.));
#3003=DIRECTION('',(0.,0.,-1.));
#3004=DIRECTION('',(-1.,0.,-1.07567951771245E-15));
#3005=DIRECTION('',(-1.07567951771245E-15,0.,1.));
#3006=DIRECTION('',(1.07567951771245E-15,0.,-1.));
#3007=DIRECTION('',(1.07567951771245E-15,0.,-1.));
#3008=DIRECTION('',(0.,1.,0.));
#3009=DIRECTION('',(0.,0.,1.));
#3010=DIRECTION('',(0.,-1.,0.));
#3011=DIRECTION('',(0.,0.,-1.));
#3012=DIRECTION('',(0.,0.,1.));
#3013=DIRECTION('',(1.,0.,0.));
#3014=DIRECTION('',(0.,-1.,0.));
#3015=DIRECTION('',(-1.,0.,0.));
#3016=DIRECTION('',(-1.,0.,0.));
#3017=DIRECTION('',(0.,-1.,0.));
#3018=DIRECTION('',(0.,0.,-1.));
#3019=DIRECTION('',(0.,-1.,0.));
#3020=DIRECTION('',(0.,-1.,0.));
#3021=DIRECTION('',(0.,0.,-1.));
#3022=DIRECTION('',(0.,-1.,0.));
#3023=DIRECTION('',(0.,0.,-1.));
#3024=DIRECTION('',(1.,0.,1.07567951771245E-15));
#3025=DIRECTION('',(1.07567951771245E-15,0.,-1.));
#3026=DIRECTION('',(-1.07567951771245E-15,0.,1.));
#3027=DIRECTION('',(-1.07567951771245E-15,0.,1.));
#3028=DIRECTION('',(0.,1.,0.));
#3029=DIRECTION('',(0.,0.,1.));
#3030=DIRECTION('',(0.,-1.,0.));
#3031=DIRECTION('',(0.,0.,-1.));
#3032=DIRECTION('',(0.,-1.,0.));
#3033=DIRECTION('',(0.,0.,-1.));
#3034=DIRECTION('',(0.,-1.,0.));
#3035=DIRECTION('',(0.,0.,-1.));
#3036=DIRECTION('',(0.,-1.,0.));
#3037=DIRECTION('',(0.,0.,-1.));
#3038=DIRECTION('',(0.,-1.,0.));
#3039=DIRECTION('',(0.,0.,-1.));
#3040=DIRECTION('',(0.,-1.,0.));
#3041=DIRECTION('',(0.,0.,-1.));
#3042=DIRECTION('',(0.,-1.,0.));
#3043=DIRECTION('',(0.,0.,-1.));
#3044=DIRECTION('',(0.,-1.,0.));
#3045=DIRECTION('',(0.,0.,-1.));
#3046=DIRECTION('',(0.,-1.,0.));
#3047=DIRECTION('',(0.,0.,-1.));
#3048=DIRECTION('',(0.,-1.,0.));
#3049=DIRECTION('',(0.,0.,-1.));
#3050=DIRECTION('',(0.,-1.,0.));
#3051=DIRECTION('',(0.,0.,-1.));
#3052=DIRECTION('',(0.,-1.,0.));
#3053=DIRECTION('',(0.,0.,-1.));
#3054=DIRECTION('',(0.,-1.,0.));
#3055=DIRECTION('',(0.,0.,-1.));
#3056=DIRECTION('',(2.56990501881462E-16,0.,1.));
#3057=DIRECTION('',(1.,0.,-2.56990501881462E-16));
#3058=DIRECTION('',(2.46519032881566E-32,1.,-6.33530499835664E-48));
#3059=DIRECTION('',(-1.,0.,2.56990501881462E-16));
#3060=DIRECTION('',(2.46519032881566E-32,1.,-6.33530499835664E-48));
#3061=DIRECTION('',(-1.,0.,2.56990501881462E-16));
#3062=DIRECTION('',(-3.18433897654882E-32,-1.,-1.23908819712629E-16));
#3063=DIRECTION('',(0.,1.23908819712629E-16,-1.));
#3064=DIRECTION('',(3.09703406596312E-16,-1.23908819712629E-16,1.));
#3065=DIRECTION('',(-1.,0.,2.56990501881462E-16));
#3066=DIRECTION('',(3.09703406596312E-16,-1.23908819712629E-16,1.));
#3067=DIRECTION('',(2.56990501881462E-16,0.,1.));
#3068=DIRECTION('',(1.,0.,-2.56990501881462E-16));
#3069=DIRECTION('',(2.46519032881566E-32,1.,-6.33530499835664E-48));
#3070=DIRECTION('',(-1.,0.,2.56990501881462E-16));
#3071=DIRECTION('',(2.46519032881566E-32,1.,-6.33530499835664E-48));
#3072=DIRECTION('',(0.,-1.,0.));
#3073=DIRECTION('',(0.,0.,-1.));
#3074=DIRECTION('',(-1.,0.,2.56990501881462E-16));
#3075=DIRECTION('',(3.09703406596312E-16,0.,1.));
#3076=DIRECTION('',(-1.,0.,2.56990501881462E-16));
#3077=DIRECTION('',(2.56990501881462E-16,0.,1.));
#3078=DIRECTION('',(1.,0.,-2.56990501881462E-16));
#3079=DIRECTION('',(-1.,0.,2.56990501881462E-16));
#3080=DIRECTION('',(2.46519032881566E-32,1.,-6.33530499835664E-48));
#3081=DIRECTION('',(0.,-1.,0.));
#3082=DIRECTION('',(0.,0.,-1.));
#3083=DIRECTION('',(-1.,0.,2.56990501881462E-16));
#3084=DIRECTION('',(3.09703406596312E-16,0.,1.));
#3085=DIRECTION('',(2.56990501881462E-16,-2.89120579329468E-16,1.));
#3086=DIRECTION('',(0.,-1.,-2.89120579329468E-16));
#3087=DIRECTION('',(1.14193531623592E-31,1.,2.89120579329468E-16));
#3088=DIRECTION('',(-3.18433897654882E-32,-1.,-1.23908819712629E-16));
#3089=DIRECTION('',(0.,1.23908819712629E-16,-1.));
#3090=DIRECTION('',(3.09703406596312E-16,-1.23908819712629E-16,1.));
#3091=DIRECTION('',(3.09703406596312E-16,-1.23908819712629E-16,1.));
#3092=DIRECTION('',(1.,-2.46519032881566E-32,-3.09703406596312E-16));
#3093=DIRECTION('',(-3.09703406596312E-16,0.,-1.));
#3094=DIRECTION('',(-1.,0.,2.56990501881462E-16));
#3095=DIRECTION('',(2.56990501881462E-16,0.,1.));
#3096=DIRECTION('',(2.56990501881462E-16,0.,1.));
#3097=DIRECTION('',(1.,0.,-2.56990501881462E-16));
#3098=DIRECTION('',(-1.,0.,2.56990501881462E-16));
#3099=DIRECTION('',(2.46519032881566E-32,1.,-6.33530499835664E-48));
#3100=DIRECTION('',(-1.,0.,2.56990501881462E-16));
#3101=DIRECTION('',(2.56990501881462E-16,0.,1.));
#3102=DIRECTION('',(1.,0.,-2.56990501881462E-16));
#3103=DIRECTION('',(-1.,0.,2.56990501881462E-16));
#3104=DIRECTION('',(2.46519032881566E-32,1.,-6.33530499835664E-48));
#3105=DIRECTION('',(-1.,0.,2.56990501881462E-16));
#3106=DIRECTION('',(0.,-1.,0.));
#3107=DIRECTION('',(0.,0.,-1.));
#3108=DIRECTION('',(3.09703406596312E-16,0.,1.));
#3109=DIRECTION('',(1.,-2.46519032881566E-32,-3.09703406596312E-16));
#3110=DIRECTION('',(-3.09703406596312E-16,0.,-1.));
#3111=DIRECTION('',(-3.09703406596312E-16,0.,-1.));
#3112=DIRECTION('',(0.,-1.,0.));
#3113=DIRECTION('',(0.,0.,-1.));
#3114=DIRECTION('',(0.,-1.,0.));
#3115=DIRECTION('',(0.,0.,-1.));
#3116=DIRECTION('',(0.,-1.,0.));
#3117=DIRECTION('',(0.,0.,-1.));
#3118=DIRECTION('',(0.,-1.,0.));
#3119=DIRECTION('',(0.,0.,-1.));
#3120=DIRECTION('',(0.,1.,0.));
#3121=DIRECTION('',(0.,0.,1.));
#3122=DIRECTION('',(0.,-1.,0.));
#3123=DIRECTION('',(0.,0.,-1.));
#3124=DIRECTION('',(0.,-1.,0.));
#3125=DIRECTION('',(0.,0.,-1.));
#3126=DIRECTION('',(0.,-1.,0.));
#3127=DIRECTION('',(0.,0.,-1.));
#3128=DIRECTION('',(0.,1.,0.));
#3129=DIRECTION('',(0.,0.,1.));
#3130=DIRECTION('',(0.,-1.,0.));
#3131=DIRECTION('',(0.,0.,-1.));
#3132=DIRECTION('',(0.,-1.,0.));
#3133=DIRECTION('',(0.,0.,-1.));
#3134=DIRECTION('',(0.,-1.,0.));
#3135=DIRECTION('',(0.,0.,-1.));
#3136=DIRECTION('',(0.,-1.,0.));
#3137=DIRECTION('',(0.,0.,-1.));
#3138=CARTESIAN_POINT('',(0.,0.,0.));
#3139=CARTESIAN_POINT('',(0.021101,-0.0175,-0.0135002925265849));
#3140=CARTESIAN_POINT('',(0.021101,-5.20179811283393E-34,-0.0075));
#3141=CARTESIAN_POINT('',(0.021101,-0.0145,-0.0075));
#3142=CARTESIAN_POINT('',(0.021101,-0.0085,-0.0075));
#3143=CARTESIAN_POINT('',(0.021101,-0.0145,-6.53505158258879E-18));
#3144=CARTESIAN_POINT('',(0.021101,-0.0145,0.0075));
#3145=CARTESIAN_POINT('',(0.021101,-2.16840434497101E-18,0.0075));
#3146=CARTESIAN_POINT('',(0.021101,-0.0085,0.0075));
#3147=CARTESIAN_POINT('',(0.021101,-0.0085,-6.53505158258879E-18));
#3148=CARTESIAN_POINT('',(0.021101,-0.015,0.0116502925265849));
#3149=CARTESIAN_POINT('',(0.021101,-0.015,0.0116502925265849));
#3150=CARTESIAN_POINT('',(0.021101,-0.0275,0.0116502925265849));
#3151=CARTESIAN_POINT('',(0.021101,-0.0275,-0.0135002925265849));
#3152=CARTESIAN_POINT('',(0.021101,-0.0275,0.008));
#3153=CARTESIAN_POINT('',(0.021101,-5.20179811283393E-34,0.008));
#3154=CARTESIAN_POINT('',(0.021101,-0.015,0.008));
#3155=CARTESIAN_POINT('',(0.021101,-0.015,-6.53505158258879E-18));
#3156=CARTESIAN_POINT('',(0.021101,-0.015,-0.008));
#3157=CARTESIAN_POINT('',(0.021101,-5.20179811283393E-34,-0.008));
#3158=CARTESIAN_POINT('',(0.021101,-0.0275,-0.008));
#3159=CARTESIAN_POINT('',(0.021101,-0.0275,-0.0135002925265849));
#3160=CARTESIAN_POINT('',(0.021101,-0.0275,-0.0116502925265849));
#3161=CARTESIAN_POINT('',(0.021101,-0.015,-0.0116502925265849));
#3162=CARTESIAN_POINT('',(0.021101,-0.015,-0.0116502925265849));
#3163=CARTESIAN_POINT('',(0.021101,-0.015,-0.0135002925265849));
#3164=CARTESIAN_POINT('',(0.021101,-0.015,-0.0135002925265849));
#3165=CARTESIAN_POINT('',(0.021101,-0.0175,-0.0135002925265849));
#3166=CARTESIAN_POINT('',(0.021101,-0.008,-0.0135002925265849));
#3167=CARTESIAN_POINT('',(0.021101,-0.008,-0.0135002925265849));
#3168=CARTESIAN_POINT('',(0.021101,-0.008,-0.0131974836915981));
#3169=CARTESIAN_POINT('',(0.021101,-0.008,-0.0128946748566113));
#3170=CARTESIAN_POINT('',(0.021101,-0.008,-0.0125918660216246));
#3171=CARTESIAN_POINT('',(0.0211005,-0.008,-0.0125918660216246));
#3172=CARTESIAN_POINT('',(0.021101,-0.008,-0.0125918660216246));
#3173=CARTESIAN_POINT('',(0.021101,-0.008,-0.00419728867387486));
#3174=CARTESIAN_POINT('',(0.021101,-0.008,0.00419728867387486));
#3175=CARTESIAN_POINT('',(0.021101,-0.008,0.0125918660216246));
#3176=CARTESIAN_POINT('',(0.0211005,-0.008,0.0125918660216246));
#3177=CARTESIAN_POINT('',(0.021101,-0.008,0.0125918660216246));
#3178=CARTESIAN_POINT('',(0.021101,-0.008,0.0128946748566114));
#3179=CARTESIAN_POINT('',(0.021101,-0.008,0.0131974836915981));
#3180=CARTESIAN_POINT('',(0.021101,-0.008,0.0135002925265849));
#3181=CARTESIAN_POINT('',(0.021101,-0.008,0.0135002925265849));
#3182=CARTESIAN_POINT('',(0.021101,-0.0175,0.0135002925265849));
#3183=CARTESIAN_POINT('',(0.021101,-0.015,0.0135002925265849));
#3184=CARTESIAN_POINT('',(0.021101,-0.015,0.0135002925265849));
#3185=CARTESIAN_POINT('',(0.,-0.0175,0.));
#3186=CARTESIAN_POINT('',(0.,-0.015,0.));
#3187=CARTESIAN_POINT('',(0.0135002925265849,-0.015,-0.021101));
#3188=CARTESIAN_POINT('',(0.0135002925265849,-0.0175,-0.021101));
#3189=CARTESIAN_POINT('',(0.0135002925265849,-0.008,-0.021101));
#3190=CARTESIAN_POINT('',(0.0143054231790628,-0.008,-0.0205638657025711));
#3191=CARTESIAN_POINT('',(0.0140409498701675,-0.008,-0.0207477518385462));
#3192=CARTESIAN_POINT('',(0.0137725729860081,-0.008,-0.0209267966043559));
#3193=CARTESIAN_POINT('',(0.0135002925265849,-0.008,-0.021101));
#3194=CARTESIAN_POINT('',(0.0143053032326293,-0.008,-0.0205634831993867));
#3195=CARTESIAN_POINT('',(0.0143053365170312,-0.008,-0.0205637410613405));
#3196=CARTESIAN_POINT('',(0.0167399672495801,-0.008,-0.018870070059555));
#3197=CARTESIAN_POINT('',(0.0188700520991215,-0.008,-0.0167399874953945));
#3198=CARTESIAN_POINT('',(0.0205637257130377,-0.008,-0.0143053585799979));
#3199=CARTESIAN_POINT('',(0.0205634574660892,-0.008,-0.0143053140681237));
#3200=CARTESIAN_POINT('',(0.021101,-0.008,-0.0135002925265849));
#3201=CARTESIAN_POINT('',(0.0209268003217066,-0.008,-0.0137725671757772));
#3202=CARTESIAN_POINT('',(0.0207477481045839,-0.008,-0.0140409497915848));
#3203=CARTESIAN_POINT('',(0.020563843348632,-0.008,-0.0143054403740076));
#3204=CARTESIAN_POINT('',(0.,-0.0175,0.));
#3205=CARTESIAN_POINT('',(0.,-0.015,0.));
#3206=CARTESIAN_POINT('',(-0.0135002925265849,-0.015,0.021101));
#3207=CARTESIAN_POINT('',(-0.021101,-0.015,0.0135002925265849));
#3208=CARTESIAN_POINT('',(-0.0135002925265849,-0.0175,0.021101));
#3209=CARTESIAN_POINT('',(-0.0135002925265849,-0.008,0.021101));
#3210=CARTESIAN_POINT('',(-0.0143054231790624,-0.008,0.0205638657025718));
#3211=CARTESIAN_POINT('',(-0.0140409498701675,-0.008,0.0207477518385464));
#3212=CARTESIAN_POINT('',(-0.0137725729860083,-0.008,0.0209267966043558));
#3213=CARTESIAN_POINT('',(-0.0135002925265849,-0.008,0.021101));
#3214=CARTESIAN_POINT('',(-0.014305303232629,-0.008,0.0205634831993874));
#3215=CARTESIAN_POINT('',(-0.0143053365170306,-0.008,0.0205637410613409));
#3216=CARTESIAN_POINT('',(-0.0167399672495796,-0.008,0.0188700700595554));
#3217=CARTESIAN_POINT('',(-0.0188700520991211,-0.008,0.016739987495395));
#3218=CARTESIAN_POINT('',(-0.0205637257130373,-0.008,0.0143053585799985));
#3219=CARTESIAN_POINT('',(-0.0205634574660885,-0.008,0.014305314068124));
#3220=CARTESIAN_POINT('',(-0.021101,-0.008,0.0135002925265849));
#3221=CARTESIAN_POINT('',(-0.0209268003217067,-0.008,0.013772567175777));
#3222=CARTESIAN_POINT('',(-0.0207477481045838,-0.008,0.0140409497915848));
#3223=CARTESIAN_POINT('',(-0.0205638433486314,-0.008,0.0143054403740081));
#3224=CARTESIAN_POINT('',(-0.021101,-0.008,0.0135002925265849));
#3225=CARTESIAN_POINT('',(-0.021101,-0.0175,0.0135002925265849));
#3226=CARTESIAN_POINT('',(0.,0.016,0.));
#3227=CARTESIAN_POINT('',(0.0155,0.016,-0.0155));
#3228=CARTESIAN_POINT('',(0.0155,0.016,-0.017));
#3229=CARTESIAN_POINT('',(-0.0155,0.016,-0.0155));
#3230=CARTESIAN_POINT('',(-0.0155,0.016,-0.014));
#3231=CARTESIAN_POINT('',(0.,0.016,0.));
#3232=CARTESIAN_POINT('',(0.,0.016,0.01625));
#3233=CARTESIAN_POINT('',(0.,0.016,0.));
#3234=CARTESIAN_POINT('',(0.021101,0.016,-0.0135002925265849));
#3235=CARTESIAN_POINT('',(0.0135002925265849,0.016,-0.021101));
#3236=CARTESIAN_POINT('',(0.0135002925265849,0.016,-0.021101));
#3237=CARTESIAN_POINT('',(-0.0135002925265849,0.016,-0.021101));
#3238=CARTESIAN_POINT('',(0.,0.016,0.));
#3239=CARTESIAN_POINT('',(-0.021101,0.016,-0.0135002925265849));
#3240=CARTESIAN_POINT('',(-0.021101,0.016,-0.0135002925265849));
#3241=CARTESIAN_POINT('',(-0.021101,0.016,0.0135002925265849));
#3242=CARTESIAN_POINT('',(0.,0.016,0.));
#3243=CARTESIAN_POINT('',(-0.0135002925265849,0.016,0.021101));
#3244=CARTESIAN_POINT('',(-0.0135002925265849,0.016,0.021101));
#3245=CARTESIAN_POINT('',(0.0135002925265849,0.016,0.021101));
#3246=CARTESIAN_POINT('',(0.,0.016,0.));
#3247=CARTESIAN_POINT('',(0.021101,0.016,0.0135002925265849));
#3248=CARTESIAN_POINT('',(0.021101,0.016,0.0135002925265849));
#3249=CARTESIAN_POINT('',(0.0155,0.016,0.0155));
#3250=CARTESIAN_POINT('',(0.0155,0.016,0.017));
#3251=CARTESIAN_POINT('',(-0.0155,0.016,0.0155));
#3252=CARTESIAN_POINT('',(-0.0155,0.016,0.014));
#3253=CARTESIAN_POINT('',(0.,0.008,0.));
#3254=CARTESIAN_POINT('',(0.0143051109849352,0.008,-0.0205626797793645));
#3255=CARTESIAN_POINT('',(0.014305314068124,0.008,-0.0205634574660885));
#3256=CARTESIAN_POINT('',(0.0143051109849352,0.008,-0.0205626797793646));
#3257=CARTESIAN_POINT('',(0.0167393930658114,0.008,-0.0188691906179704));
#3258=CARTESIAN_POINT('',(0.0188691906179703,0.008,-0.0167393930658115));
#3259=CARTESIAN_POINT('',(0.0205626797793645,0.008,-0.0143051109849352));
#3260=CARTESIAN_POINT('',(0.0205634831993874,0.008,-0.014305303232629));
#3261=CARTESIAN_POINT('',(0.0205626797793645,0.008,-0.0143051109849352));
#3262=CARTESIAN_POINT('',(0.0135,0.008,-0.0211));
#3263=CARTESIAN_POINT('',(0.0125918660216246,-0.008,-0.0211));
#3264=CARTESIAN_POINT('',(0.00419728867387486,-0.008,-0.0211));
#3265=CARTESIAN_POINT('',(-0.00419728867387487,-0.008,-0.0211));
#3266=CARTESIAN_POINT('',(-0.0125918660216246,-0.008,-0.0211));
#3267=CARTESIAN_POINT('',(0.0125918660216246,-0.008,-0.0211005));
#3268=CARTESIAN_POINT('',(-0.0125918660216246,-0.008,-0.0211005));
#3269=CARTESIAN_POINT('',(-0.0125918660216246,0.008,-0.0211));
#3270=CARTESIAN_POINT('',(-0.0125918660216246,0.008,-0.0211005));
#3271=CARTESIAN_POINT('',(-0.0125918660216246,0.008,-0.0211));
#3272=CARTESIAN_POINT('',(-0.00419728867387487,0.008,-0.0211));
#3273=CARTESIAN_POINT('',(0.00419728867387486,0.008,-0.0211));
#3274=CARTESIAN_POINT('',(0.0125918660216246,0.008,-0.0211));
#3275=CARTESIAN_POINT('',(0.0125918660216246,0.008,-0.0211005));
#3276=CARTESIAN_POINT('',(0.0125918660216246,0.008,-0.0211));
#3277=CARTESIAN_POINT('',(0.,0.008,0.));
#3278=CARTESIAN_POINT('',(-0.0143051109849352,-0.008,-0.0205626797793646));
#3279=CARTESIAN_POINT('',(-0.0167393930658114,-0.008,-0.0188691906179704));
#3280=CARTESIAN_POINT('',(-0.0188691906179703,-0.008,-0.0167393930658115));
#3281=CARTESIAN_POINT('',(-0.0205626797793645,-0.008,-0.0143051109849353));
#3282=CARTESIAN_POINT('',(-0.0143053140681237,-0.008,-0.0205634574660892));
#3283=CARTESIAN_POINT('',(-0.0205634831993867,-0.008,-0.0143053032326293));
#3284=CARTESIAN_POINT('',(-0.0205626797793645,0.008,-0.0143051109849352));
#3285=CARTESIAN_POINT('',(-0.0205634574660892,0.008,-0.0143053140681237));
#3286=CARTESIAN_POINT('',(-0.0205626797793645,0.008,-0.0143051109849353));
#3287=CARTESIAN_POINT('',(-0.0188691906179703,0.008,-0.0167393930658115));
#3288=CARTESIAN_POINT('',(-0.0167393930658114,0.008,-0.0188691906179704));
#3289=CARTESIAN_POINT('',(-0.0143051109849352,0.008,-0.0205626797793646));
#3290=CARTESIAN_POINT('',(-0.0143053032326292,0.008,-0.0205634831993867));
#3291=CARTESIAN_POINT('',(-0.0143051109849352,0.008,-0.0205626797793645));
#3292=CARTESIAN_POINT('',(-0.0211,0.008,-0.0135));
#3293=CARTESIAN_POINT('',(-0.0211,0.008,0.0125918660216246));
#3294=CARTESIAN_POINT('',(-0.0211,0.008,0.00419728867387487));
#3295=CARTESIAN_POINT('',(-0.0211,0.008,-0.00419728867387487));
#3296=CARTESIAN_POINT('',(-0.0211,0.008,-0.0125918660216246));
#3297=CARTESIAN_POINT('',(-0.0211005,0.008,-0.0125918660216246));
#3298=CARTESIAN_POINT('',(-0.0211005,0.008,0.0125918660216246));
#3299=CARTESIAN_POINT('',(-0.0211,0.008,-0.0125918660216246));
#3300=CARTESIAN_POINT('',(-0.0211005,-0.008,-0.0125918660216246));
#3301=CARTESIAN_POINT('',(-0.0211,-0.008,-0.0125918660216246));
#3302=CARTESIAN_POINT('',(-0.0211,-0.008,-0.00419728867387487));
#3303=CARTESIAN_POINT('',(-0.0211,-0.008,0.00419728867387487));
#3304=CARTESIAN_POINT('',(-0.0211,-0.008,0.0125918660216246));
#3305=CARTESIAN_POINT('',(-0.0211005,-0.008,0.0125918660216246));
#3306=CARTESIAN_POINT('',(-0.0211,0.008,0.0125918660216246));
#3307=CARTESIAN_POINT('',(0.,0.008,0.));
#3308=CARTESIAN_POINT('',(-0.0143051109849352,0.008,0.0205626797793646));
#3309=CARTESIAN_POINT('',(-0.0167393930658114,0.008,0.0188691906179704));
#3310=CARTESIAN_POINT('',(-0.0188691906179703,0.008,0.0167393930658115));
#3311=CARTESIAN_POINT('',(-0.0205626797793645,0.008,0.0143051109849353));
#3312=CARTESIAN_POINT('',(-0.0205634831993867,0.008,0.0143053032326293));
#3313=CARTESIAN_POINT('',(-0.0143053140681237,0.008,0.0205634574660892));
#3314=CARTESIAN_POINT('',(-0.0205626797793645,0.008,0.0143051109849352));
#3315=CARTESIAN_POINT('',(-0.0143051109849352,0.008,0.0205626797793645));
#3316=CARTESIAN_POINT('',(-0.0135,0.008,0.0211));
#3317=CARTESIAN_POINT('',(0.0125918660216246,0.008,0.0211));
#3318=CARTESIAN_POINT('',(0.00419728867387487,0.008,0.0211));
#3319=CARTESIAN_POINT('',(-0.00419728867387486,0.008,0.0211));
#3320=CARTESIAN_POINT('',(-0.0125918660216246,0.008,0.0211));
#3321=CARTESIAN_POINT('',(-0.0125918660216246,0.008,0.0211005));
#3322=CARTESIAN_POINT('',(0.0125918660216246,0.008,0.0211005));
#3323=CARTESIAN_POINT('',(-0.0125918660216246,0.008,0.0211));
#3324=CARTESIAN_POINT('',(-0.0125918660216246,-0.008,0.0211005));
#3325=CARTESIAN_POINT('',(-0.0125918660216246,-0.008,0.0211));
#3326=CARTESIAN_POINT('',(-0.00419728867387486,-0.008,0.0211));
#3327=CARTESIAN_POINT('',(0.00419728867387487,-0.008,0.0211));
#3328=CARTESIAN_POINT('',(0.0125918660216246,-0.008,0.0211));
#3329=CARTESIAN_POINT('',(0.0125918660216246,-0.008,0.0211005));
#3330=CARTESIAN_POINT('',(0.0125918660216246,0.008,0.0211));
#3331=CARTESIAN_POINT('',(0.,0.008,0.));
#3332=CARTESIAN_POINT('',(0.0205626797793646,0.008,0.0143051109849351));
#3333=CARTESIAN_POINT('',(0.0188691906179704,0.008,0.0167393930658114));
#3334=CARTESIAN_POINT('',(0.0167393930658114,0.008,0.0188691906179704));
#3335=CARTESIAN_POINT('',(0.0143051109849351,0.008,0.0205626797793646));
#3336=CARTESIAN_POINT('',(0.0143053032326293,0.008,0.0205634831993867));
#3337=CARTESIAN_POINT('',(0.0205634574660892,0.008,0.0143053140681237));
#3338=CARTESIAN_POINT('',(0.0143051109849352,0.008,0.0205626797793645));
#3339=CARTESIAN_POINT('',(0.014305314068124,-0.008,0.0205634574660885));
#3340=CARTESIAN_POINT('',(0.0143051109849351,-0.008,0.0205626797793646));
#3341=CARTESIAN_POINT('',(0.0167393930658114,-0.008,0.0188691906179704));
#3342=CARTESIAN_POINT('',(0.0188691906179704,-0.008,0.0167393930658114));
#3343=CARTESIAN_POINT('',(0.0205626797793646,-0.008,0.0143051109849351));
#3344=CARTESIAN_POINT('',(0.0205634831993874,-0.008,0.014305303232629));
#3345=CARTESIAN_POINT('',(0.0205626797793645,0.008,0.0143051109849352));
#3346=CARTESIAN_POINT('',(0.0211,0.008,0.0135));
#3347=CARTESIAN_POINT('',(0.0211,0.008,-0.0125918660216246));
#3348=CARTESIAN_POINT('',(0.0211005,0.008,-0.0125918660216246));
#3349=CARTESIAN_POINT('',(0.0211,0.008,-0.0125918660216246));
#3350=CARTESIAN_POINT('',(0.0211,0.008,-0.00419728867387487));
#3351=CARTESIAN_POINT('',(0.0211,0.008,0.00419728867387487));
#3352=CARTESIAN_POINT('',(0.0211,0.008,0.0125918660216246));
#3353=CARTESIAN_POINT('',(0.0211005,0.008,0.0125918660216246));
#3354=CARTESIAN_POINT('',(0.0211,0.008,0.0125918660216246));
#3355=CARTESIAN_POINT('',(-0.0181,0.008,-0.0125918660216246));
#3356=CARTESIAN_POINT('',(-0.0181,0.008,-0.0125918660216246));
#3357=CARTESIAN_POINT('',(-0.0181,-0.008,-0.0125918660216246));
#3358=CARTESIAN_POINT('',(-0.0125918660216246,0.008,-0.0181));
#3359=CARTESIAN_POINT('',(-0.0125918660216246,0.008,-0.0181));
#3360=CARTESIAN_POINT('',(-0.0125918660216246,-0.008,-0.0181));
#3361=CARTESIAN_POINT('',(0.0125918660216246,0.008,-0.0181));
#3362=CARTESIAN_POINT('',(0.0125918660216246,0.008,-0.0181));
#3363=CARTESIAN_POINT('',(0.0125918660216246,-0.008,-0.0181));
#3364=CARTESIAN_POINT('',(0.0181,0.008,-0.0125918660216246));
#3365=CARTESIAN_POINT('',(0.0181,0.008,-0.0125918660216246));
#3366=CARTESIAN_POINT('',(0.0181,-0.008,-0.0125918660216246));
#3367=CARTESIAN_POINT('',(-0.0181,0.008,0.0125918660216246));
#3368=CARTESIAN_POINT('',(-0.0181,0.008,0.0125918660216246));
#3369=CARTESIAN_POINT('',(-0.0181,-0.008,0.0125918660216246));
#3370=CARTESIAN_POINT('',(-0.0125918660216246,0.008,0.0181));
#3371=CARTESIAN_POINT('',(-0.0125918660216246,0.008,0.0181));
#3372=CARTESIAN_POINT('',(-0.0125918660216246,-0.008,0.0181));
#3373=CARTESIAN_POINT('',(0.0125918660216246,0.008,0.0181));
#3374=CARTESIAN_POINT('',(0.0125918660216246,0.008,0.0181));
#3375=CARTESIAN_POINT('',(0.0125918660216246,-0.008,0.0181));
#3376=CARTESIAN_POINT('',(0.0181,0.008,0.0125918660216246));
#3377=CARTESIAN_POINT('',(0.0181,0.008,0.0125918660216246));
#3378=CARTESIAN_POINT('',(0.0181,-0.008,0.0125918660216246));
#3379=CARTESIAN_POINT('',(0.,0.008,0.));
#3380=CARTESIAN_POINT('',(-0.021101,0.008,-0.0135002925265849));
#3381=CARTESIAN_POINT('',(-0.0209268003217066,0.008,-0.0137725671757772));
#3382=CARTESIAN_POINT('',(-0.0207477481045839,0.008,-0.0140409497915847));
#3383=CARTESIAN_POINT('',(-0.020563843348632,0.008,-0.0143054403740076));
#3384=CARTESIAN_POINT('',(-0.021101,0.008,-0.0135002925265849));
#3385=CARTESIAN_POINT('',(-0.021101,0.008,-0.0125918660216246));
#3386=CARTESIAN_POINT('',(-0.021101,0.008,-0.0128946748566114));
#3387=CARTESIAN_POINT('',(-0.021101,0.008,-0.0131974836915981));
#3388=CARTESIAN_POINT('',(-0.021101,0.008,-0.0135002925265849));
#3389=CARTESIAN_POINT('',(0.,0.008,0.));
#3390=CARTESIAN_POINT('',(-0.021101,0.008,0.0135002925265849));
#3391=CARTESIAN_POINT('',(-0.021101,0.008,0.0131974836915981));
#3392=CARTESIAN_POINT('',(-0.021101,0.008,0.0128946748566114));
#3393=CARTESIAN_POINT('',(-0.021101,0.008,0.0125918660216246));
#3394=CARTESIAN_POINT('',(-0.021101,0.008,0.0135002925265849));
#3395=CARTESIAN_POINT('',(-0.0205638657025711,0.008,0.0143054231790628));
#3396=CARTESIAN_POINT('',(-0.0207477518385462,0.008,0.0140409498701675));
#3397=CARTESIAN_POINT('',(-0.0209267966043559,0.008,0.0137725729860081));
#3398=CARTESIAN_POINT('',(-0.021101,0.008,0.0135002925265849));
#3399=CARTESIAN_POINT('',(0.,0.008,0.));
#3400=CARTESIAN_POINT('',(-0.0135002925265849,0.008,0.021101));
#3401=CARTESIAN_POINT('',(-0.0137725671757772,0.008,0.0209268003217066));
#3402=CARTESIAN_POINT('',(-0.0140409497915848,0.008,0.0207477481045839));
#3403=CARTESIAN_POINT('',(-0.0143054403740076,0.008,0.020563843348632));
#3404=CARTESIAN_POINT('',(-0.0135002925265849,0.008,0.021101));
#3405=CARTESIAN_POINT('',(-0.0125918660216246,0.008,0.021101));
#3406=CARTESIAN_POINT('',(-0.0128946748566114,0.008,0.021101));
#3407=CARTESIAN_POINT('',(-0.0131974836915981,0.008,0.021101));
#3408=CARTESIAN_POINT('',(-0.0135002925265849,0.008,0.021101));
#3409=CARTESIAN_POINT('',(0.,0.008,0.));
#3410=CARTESIAN_POINT('',(0.0135002925265849,0.008,0.021101));
#3411=CARTESIAN_POINT('',(0.0131974836915981,0.008,0.021101));
#3412=CARTESIAN_POINT('',(0.0128946748566114,0.008,0.021101));
#3413=CARTESIAN_POINT('',(0.0125918660216246,0.008,0.021101));
#3414=CARTESIAN_POINT('',(0.0135002925265849,0.008,0.021101));
#3415=CARTESIAN_POINT('',(0.0143054231790628,0.008,0.0205638657025711));
#3416=CARTESIAN_POINT('',(0.0140409498701674,0.008,0.0207477518385463));
#3417=CARTESIAN_POINT('',(0.0137725729860081,0.008,0.0209267966043559));
#3418=CARTESIAN_POINT('',(0.0135002925265849,0.008,0.021101));
#3419=CARTESIAN_POINT('',(0.,0.008,0.));
#3420=CARTESIAN_POINT('',(0.021101,0.008,0.0135002925265849));
#3421=CARTESIAN_POINT('',(0.0209268003217066,0.008,0.0137725671757772));
#3422=CARTESIAN_POINT('',(0.0207477481045839,0.008,0.0140409497915848));
#3423=CARTESIAN_POINT('',(0.020563843348632,0.008,0.0143054403740076));
#3424=CARTESIAN_POINT('',(0.021101,0.008,0.0135002925265849));
#3425=CARTESIAN_POINT('',(0.021101,0.008,0.0125918660216246));
#3426=CARTESIAN_POINT('',(0.021101,0.008,0.0128946748566114));
#3427=CARTESIAN_POINT('',(0.021101,0.008,0.0131974836915981));
#3428=CARTESIAN_POINT('',(0.021101,0.008,0.0135002925265849));
#3429=CARTESIAN_POINT('',(0.,0.008,0.));
#3430=CARTESIAN_POINT('',(0.021101,0.008,-0.0135002925265849));
#3431=CARTESIAN_POINT('',(0.021101,0.008,-0.0131974836915981));
#3432=CARTESIAN_POINT('',(0.021101,0.008,-0.0128946748566114));
#3433=CARTESIAN_POINT('',(0.021101,0.008,-0.0125918660216246));
#3434=CARTESIAN_POINT('',(0.021101,0.008,-0.0135002925265849));
#3435=CARTESIAN_POINT('',(0.0205638657025718,0.008,-0.0143054231790624));
#3436=CARTESIAN_POINT('',(0.0207477518385464,0.008,-0.0140409498701675));
#3437=CARTESIAN_POINT('',(0.0209267966043558,0.008,-0.0137725729860083));
#3438=CARTESIAN_POINT('',(0.021101,0.008,-0.0135002925265849));
#3439=CARTESIAN_POINT('',(0.,0.008,0.));
#3440=CARTESIAN_POINT('',(0.0135002925265849,0.008,-0.021101));
#3441=CARTESIAN_POINT('',(0.013772567175777,0.008,-0.0209268003217067));
#3442=CARTESIAN_POINT('',(0.0140409497915848,0.008,-0.0207477481045838));
#3443=CARTESIAN_POINT('',(0.0143054403740081,0.008,-0.0205638433486313));
#3444=CARTESIAN_POINT('',(0.0135002925265849,0.008,-0.021101));
#3445=CARTESIAN_POINT('',(0.0125918660216246,0.008,-0.021101));
#3446=CARTESIAN_POINT('',(0.0128946748566114,0.008,-0.021101));
#3447=CARTESIAN_POINT('',(0.0131974836915981,0.008,-0.021101));
#3448=CARTESIAN_POINT('',(0.0135002925265849,0.008,-0.021101));
#3449=CARTESIAN_POINT('',(0.,0.016,0.));
#3450=CARTESIAN_POINT('',(0.0135002925265849,0.016,-0.021101));
#3451=CARTESIAN_POINT('',(0.021101,0.016,-0.0135002925265849));
#3452=CARTESIAN_POINT('',(0.0135002925265849,0.016,-0.021101));
#3453=CARTESIAN_POINT('',(-0.0125918660216246,0.008,-0.021101));
#3454=CARTESIAN_POINT('',(-0.0128946748566114,0.008,-0.021101));
#3455=CARTESIAN_POINT('',(-0.0131974836915981,0.008,-0.021101));
#3456=CARTESIAN_POINT('',(-0.0135002925265849,0.008,-0.021101));
#3457=CARTESIAN_POINT('',(-0.0135002925265849,0.008,-0.021101));
#3458=CARTESIAN_POINT('',(-0.0135002925265849,0.016,-0.021101));
#3459=CARTESIAN_POINT('',(0.,0.016,0.));
#3460=CARTESIAN_POINT('',(-0.0143054231790628,0.008,-0.0205638657025711));
#3461=CARTESIAN_POINT('',(-0.0140409498701674,0.008,-0.0207477518385463));
#3462=CARTESIAN_POINT('',(-0.0137725729860081,0.008,-0.0209267966043559));
#3463=CARTESIAN_POINT('',(-0.0135002925265849,0.008,-0.021101));
#3464=CARTESIAN_POINT('',(-0.021101,0.016,-0.0135002925265849));
#3465=CARTESIAN_POINT('',(-0.021101,0.016,-0.0135002925265849));
#3466=CARTESIAN_POINT('',(-0.021101,0.016,0.0135002925265849));
#3467=CARTESIAN_POINT('',(0.,0.016,0.));
#3468=CARTESIAN_POINT('',(-0.0135002925265849,0.016,0.021101));
#3469=CARTESIAN_POINT('',(-0.0135002925265849,0.016,0.021101));
#3470=CARTESIAN_POINT('',(0.0135002925265849,0.016,0.021101));
#3471=CARTESIAN_POINT('',(0.,0.016,0.));
#3472=CARTESIAN_POINT('',(0.021101,0.016,0.0135002925265849));
#3473=CARTESIAN_POINT('',(0.021101,0.016,0.0135002925265849));
#3474=CARTESIAN_POINT('',(0.,0.008,0.));
#3475=CARTESIAN_POINT('',(0.,-0.008,0.));
#3476=CARTESIAN_POINT('',(-0.021101,-0.008,-0.0135002925265849));
#3477=CARTESIAN_POINT('',(-0.021101,-0.008,-0.0131974836915981));
#3478=CARTESIAN_POINT('',(-0.021101,-0.008,-0.0128946748566114));
#3479=CARTESIAN_POINT('',(-0.021101,-0.008,-0.0125918660216246));
#3480=CARTESIAN_POINT('',(-0.021101,-0.008,-0.0135002925265849));
#3481=CARTESIAN_POINT('',(-0.0205638657025711,-0.008,-0.0143054231790628));
#3482=CARTESIAN_POINT('',(-0.0207477518385462,-0.008,-0.0140409498701675));
#3483=CARTESIAN_POINT('',(-0.0209267966043559,-0.008,-0.0137725729860081));
#3484=CARTESIAN_POINT('',(-0.021101,-0.008,-0.0135002925265849));
#3485=CARTESIAN_POINT('',(0.,-0.008,0.));
#3486=CARTESIAN_POINT('',(-0.0135002925265849,-0.008,-0.021101));
#3487=CARTESIAN_POINT('',(-0.0137725671757772,-0.008,-0.0209268003217066));
#3488=CARTESIAN_POINT('',(-0.0140409497915848,-0.008,-0.0207477481045839));
#3489=CARTESIAN_POINT('',(-0.0143054403740076,-0.008,-0.020563843348632));
#3490=CARTESIAN_POINT('',(-0.0135002925265849,-0.008,-0.021101));
#3491=CARTESIAN_POINT('',(-0.0125918660216246,-0.008,-0.021101));
#3492=CARTESIAN_POINT('',(-0.0128946748566114,-0.008,-0.021101));
#3493=CARTESIAN_POINT('',(-0.0131974836915981,-0.008,-0.021101));
#3494=CARTESIAN_POINT('',(-0.0135002925265849,-0.008,-0.021101));
#3495=CARTESIAN_POINT('',(0.,-0.008,0.));
#3496=CARTESIAN_POINT('',(0.0135002925265849,-0.008,-0.021101));
#3497=CARTESIAN_POINT('',(0.0131974836915981,-0.008,-0.021101));
#3498=CARTESIAN_POINT('',(0.0128946748566114,-0.008,-0.021101));
#3499=CARTESIAN_POINT('',(0.0125918660216246,-0.008,-0.021101));
#3500=CARTESIAN_POINT('',(0.,-0.008,0.));
#3501=CARTESIAN_POINT('',(0.,-0.008,0.));
#3502=CARTESIAN_POINT('',(0.0205638657025717,-0.008,0.0143054231790624));
#3503=CARTESIAN_POINT('',(0.0207477518385464,-0.008,0.0140409498701675));
#3504=CARTESIAN_POINT('',(0.0209267966043558,-0.008,0.0137725729860083));
#3505=CARTESIAN_POINT('',(0.021101,-0.008,0.0135002925265849));
#3506=CARTESIAN_POINT('',(0.,-0.008,0.));
#3507=CARTESIAN_POINT('',(0.0135002925265849,-0.008,0.021101));
#3508=CARTESIAN_POINT('',(0.013772567175777,-0.008,0.0209268003217067));
#3509=CARTESIAN_POINT('',(0.0140409497915848,-0.008,0.0207477481045838));
#3510=CARTESIAN_POINT('',(0.0143054403740081,-0.008,0.0205638433486314));
#3511=CARTESIAN_POINT('',(0.0135002925265849,-0.008,0.021101));
#3512=CARTESIAN_POINT('',(0.0125918660216246,-0.008,0.021101));
#3513=CARTESIAN_POINT('',(0.0128946748566114,-0.008,0.021101));
#3514=CARTESIAN_POINT('',(0.0131974836915981,-0.008,0.021101));
#3515=CARTESIAN_POINT('',(0.0135002925265849,-0.008,0.021101));
#3516=CARTESIAN_POINT('',(0.,-0.008,0.));
#3517=CARTESIAN_POINT('',(-0.0135002925265849,-0.008,0.021101));
#3518=CARTESIAN_POINT('',(-0.0131974836915981,-0.008,0.021101));
#3519=CARTESIAN_POINT('',(-0.0128946748566114,-0.008,0.021101));
#3520=CARTESIAN_POINT('',(-0.0125918660216246,-0.008,0.021101));
#3521=CARTESIAN_POINT('',(0.,-0.0175,0.));
#3522=CARTESIAN_POINT('',(0.0135002925265849,-0.0175,0.021101));
#3523=CARTESIAN_POINT('',(0.0135002925265849,-0.015,0.021101));
#3524=CARTESIAN_POINT('',(0.,-0.015,0.));
#3525=CARTESIAN_POINT('',(0.0135002925265849,-0.0175,0.021101));
#3526=CARTESIAN_POINT('',(-0.0116502925265849,-0.015,0.021101));
#3527=CARTESIAN_POINT('',(-0.0116502925265849,-0.015,0.021101));
#3528=CARTESIAN_POINT('',(-0.0116502925265849,-0.0275,0.021101));
#3529=CARTESIAN_POINT('',(0.0135002925265849,-0.0275,0.021101));
#3530=CARTESIAN_POINT('',(0.0116502925265849,-0.0275,0.021101));
#3531=CARTESIAN_POINT('',(0.0116502925265849,-0.015,0.021101));
#3532=CARTESIAN_POINT('',(0.0116502925265849,-0.015,0.021101));
#3533=CARTESIAN_POINT('',(0.0116502925265849,-0.015,0.021101));
#3534=CARTESIAN_POINT('',(-0.0116502925265849,-0.015,0.021101));
#3535=CARTESIAN_POINT('',(-0.021101,-0.0175,0.0135002925265849));
#3536=CARTESIAN_POINT('',(-0.021101,-0.015,-0.0135002925265849));
#3537=CARTESIAN_POINT('',(-0.021101,-0.015,-0.0116502925265849));
#3538=CARTESIAN_POINT('',(-0.021101,-0.015,-0.0135002925265849));
#3539=CARTESIAN_POINT('',(-0.021101,-0.015,-0.0116502925265849));
#3540=CARTESIAN_POINT('',(-0.021101,-0.0275,-0.0116502925265849));
#3541=CARTESIAN_POINT('',(-0.021101,-0.0275,0.0135002925265849));
#3542=CARTESIAN_POINT('',(-0.021101,-0.0275,0.0116502925265849));
#3543=CARTESIAN_POINT('',(-0.021101,-0.015,0.0116502925265849));
#3544=CARTESIAN_POINT('',(-0.021101,-0.015,0.0116502925265849));
#3545=CARTESIAN_POINT('',(-0.021101,-0.015,0.0135002925265849));
#3546=CARTESIAN_POINT('',(-0.021101,-0.008,0.0135002925265849));
#3547=CARTESIAN_POINT('',(-0.021101,-0.008,0.0131974836915981));
#3548=CARTESIAN_POINT('',(-0.021101,-0.008,0.0128946748566114));
#3549=CARTESIAN_POINT('',(-0.021101,-0.008,0.0125918660216246));
#3550=CARTESIAN_POINT('',(-0.021101,-0.0175,-0.0135002925265849));
#3551=CARTESIAN_POINT('',(0.,-0.0175,0.));
#3552=CARTESIAN_POINT('',(-0.0135002925265849,-0.0175,-0.021101));
#3553=CARTESIAN_POINT('',(-0.0135002925265849,-0.015,-0.021101));
#3554=CARTESIAN_POINT('',(0.,-0.015,0.));
#3555=CARTESIAN_POINT('',(-0.0135002925265849,-0.0175,-0.021101));
#3556=CARTESIAN_POINT('',(0.0116502925265849,-0.015,-0.021101));
#3557=CARTESIAN_POINT('',(0.0116502925265849,-0.015,-0.021101));
#3558=CARTESIAN_POINT('',(0.0116502925265849,-0.0275,-0.021101));
#3559=CARTESIAN_POINT('',(-0.0135002925265849,-0.0275,-0.021101));
#3560=CARTESIAN_POINT('',(-0.0116502925265849,-0.0275,-0.021101));
#3561=CARTESIAN_POINT('',(-0.0116502925265849,-0.015,-0.021101));
#3562=CARTESIAN_POINT('',(-0.0116502925265849,-0.015,-0.021101));
#3563=CARTESIAN_POINT('',(-0.0116502925265849,-0.015,-0.021101));
#3564=CARTESIAN_POINT('',(0.0116502925265849,-0.015,-0.021101));
#3565=CARTESIAN_POINT('',(0.,-0.008,0.));
#3566=CARTESIAN_POINT('',(0.,0.0155,0.));
#3567=CARTESIAN_POINT('',(0.,0.0155,0.));
#3568=CARTESIAN_POINT('',(0.,0.0155,0.01175));
#3569=CARTESIAN_POINT('',(0.,0.016,0.));
#3570=CARTESIAN_POINT('',(0.,0.016,0.01175));
#3571=CARTESIAN_POINT('',(0.,0.0155,0.));
#3572=CARTESIAN_POINT('',(0.,0.0155,0.));
#3573=CARTESIAN_POINT('',(0.,0.0155,0.01625));
#3574=CARTESIAN_POINT('',(0.,0.0155,0.));
#3575=CARTESIAN_POINT('',(0.,0.016,0.));
#3576=CARTESIAN_POINT('',(0.,0.016,0.));
#3577=CARTESIAN_POINT('',(0.,0.016,0.011));
#3578=CARTESIAN_POINT('',(0.,0.0185,0.));
#3579=CARTESIAN_POINT('',(0.,0.0185,0.));
#3580=CARTESIAN_POINT('',(0.,0.0185,0.011));
#3581=CARTESIAN_POINT('',(0.,0.0185,0.));
#3582=CARTESIAN_POINT('',(0.,0.0185,0.));
#3583=CARTESIAN_POINT('',(0.,0.0185,0.00525));
#3584=CARTESIAN_POINT('',(-0.0155,0.0105,-0.0155));
#3585=CARTESIAN_POINT('',(-0.0155,0.0105,-0.0155));
#3586=CARTESIAN_POINT('',(-0.0155,0.0105,-0.014));
#3587=CARTESIAN_POINT('',(-0.0155,0.0105,-0.0155));
#3588=CARTESIAN_POINT('',(0.0155,0.0105,-0.0155));
#3589=CARTESIAN_POINT('',(0.0155,0.0105,-0.0155));
#3590=CARTESIAN_POINT('',(0.0155,0.0105,-0.017));
#3591=CARTESIAN_POINT('',(0.0155,0.0105,-0.0155));
#3592=CARTESIAN_POINT('',(0.0155,0.0105,0.0155));
#3593=CARTESIAN_POINT('',(0.0155,0.0105,0.0155));
#3594=CARTESIAN_POINT('',(0.0155,0.0105,0.017));
#3595=CARTESIAN_POINT('',(0.0155,0.0105,0.0155));
#3596=CARTESIAN_POINT('',(-0.0155,0.0105,0.0155));
#3597=CARTESIAN_POINT('',(-0.0155,0.0105,0.0155));
#3598=CARTESIAN_POINT('',(-0.0155,0.0105,0.014));
#3599=CARTESIAN_POINT('',(-0.0155,0.0105,0.0155));
#3600=CARTESIAN_POINT('',(0.,0.015,0.));
#3601=CARTESIAN_POINT('',(0.,0.015,0.));
#3602=CARTESIAN_POINT('',(0.,0.015,0.00525));
#3603=CARTESIAN_POINT('',(0.,0.015,0.));
#3604=CARTESIAN_POINT('',(0.,0.015,0.));
#3605=CARTESIAN_POINT('',(0.,0.015,0.0037));
#3606=CARTESIAN_POINT('',(0.,0.01525,0.));
#3607=CARTESIAN_POINT('',(0.,0.01525,0.));
#3608=CARTESIAN_POINT('',(0.,0.01525,0.0037));
#3609=CARTESIAN_POINT('',(0.,0.01525,0.));
#3610=CARTESIAN_POINT('',(0.,0.01525,0.0025));
#3611=CARTESIAN_POINT('',(0.,0.01525,0.));
#3612=CARTESIAN_POINT('',(0.,0.0385,0.));
#3613=CARTESIAN_POINT('',(0.,0.0385,0.));
#3614=CARTESIAN_POINT('',(0.,0.0385,0.0025));
#3615=CARTESIAN_POINT('',(0.,0.0385,0.));
#3616=CARTESIAN_POINT('',(-0.0116502925265849,-0.015,0.021101));
#3617=CARTESIAN_POINT('',(-0.0116502925265849,-0.015,0.0146502925265849));
#3618=CARTESIAN_POINT('',(-0.0116502925265849,-0.015,0.0146502925265849));
#3619=CARTESIAN_POINT('',(-0.0116502925265849,-0.0275,0.0146502925265849));
#3620=CARTESIAN_POINT('',(-0.0116502925265849,-0.0275,0.021101));
#3621=CARTESIAN_POINT('',(-0.0116502925265849,-0.015,0.021101));
#3622=CARTESIAN_POINT('',(-0.0146502925265849,-0.015,0.0146502925265849));
#3623=CARTESIAN_POINT('',(-0.0146502925265849,-0.015,0.0116502925265849));
#3624=CARTESIAN_POINT('',(-0.0146502925265849,-0.015,0.0116502925265849));
#3625=CARTESIAN_POINT('',(-0.0146502925265849,-0.0275,0.0116502925265849));
#3626=CARTESIAN_POINT('',(-0.0146502925265849,-0.0275,0.0146502925265849));
#3627=CARTESIAN_POINT('',(-0.0146502925265849,-0.015,0.0146502925265849));
#3628=CARTESIAN_POINT('',(-0.021101,-0.015,0.0116502925265849));
#3629=CARTESIAN_POINT('',(-0.021101,-0.0275,0.0116502925265849));
#3630=CARTESIAN_POINT('',(-0.021101,-0.015,0.0116502925265849));
#3631=CARTESIAN_POINT('',(0.,-0.015,0.));
#3632=CARTESIAN_POINT('',(-0.0155,-0.015,0.0155));
#3633=CARTESIAN_POINT('',(-0.0155,-0.015,0.014));
#3634=CARTESIAN_POINT('',(0.0116502925265849,-0.015,-0.021101));
#3635=CARTESIAN_POINT('',(0.0116502925265849,-0.015,-0.0146502925265849));
#3636=CARTESIAN_POINT('',(0.0116502925265849,-0.015,-0.0146502925265849));
#3637=CARTESIAN_POINT('',(0.0116502925265849,-0.0275,-0.0146502925265849));
#3638=CARTESIAN_POINT('',(0.0116502925265849,-0.0275,-0.021101));
#3639=CARTESIAN_POINT('',(0.0116502925265849,-0.015,-0.021101));
#3640=CARTESIAN_POINT('',(0.0146502925265849,-0.015,-0.0146502925265849));
#3641=CARTESIAN_POINT('',(0.0146502925265849,-0.015,-0.0116502925265849));
#3642=CARTESIAN_POINT('',(0.0146502925265849,-0.015,-0.0116502925265849));
#3643=CARTESIAN_POINT('',(0.0146502925265849,-0.0275,-0.0116502925265849));
#3644=CARTESIAN_POINT('',(0.0146502925265849,-0.0275,-0.0146502925265849));
#3645=CARTESIAN_POINT('',(0.0146502925265849,-0.015,-0.0146502925265849));
#3646=CARTESIAN_POINT('',(0.021101,-0.015,-0.0116502925265849));
#3647=CARTESIAN_POINT('',(0.021101,-0.0275,-0.0116502925265849));
#3648=CARTESIAN_POINT('',(0.021101,-0.015,-0.0116502925265849));
#3649=CARTESIAN_POINT('',(0.,-0.015,0.));
#3650=CARTESIAN_POINT('',(0.0155,-0.015,-0.0155));
#3651=CARTESIAN_POINT('',(0.0155,-0.015,-0.017));
#3652=CARTESIAN_POINT('',(0.021101,-0.015,0.0116502925265849));
#3653=CARTESIAN_POINT('',(0.0146502925265849,-0.015,0.0116502925265849));
#3654=CARTESIAN_POINT('',(0.0146502925265849,-0.015,0.0116502925265849));
#3655=CARTESIAN_POINT('',(0.0146502925265849,-0.0275,0.0116502925265849));
#3656=CARTESIAN_POINT('',(0.021101,-0.0275,0.0116502925265849));
#3657=CARTESIAN_POINT('',(0.021101,-0.015,0.0116502925265849));
#3658=CARTESIAN_POINT('',(0.0146502925265849,-0.015,0.0146502925265849));
#3659=CARTESIAN_POINT('',(0.0116502925265849,-0.015,0.0146502925265849));
#3660=CARTESIAN_POINT('',(0.0116502925265849,-0.015,0.0146502925265849));
#3661=CARTESIAN_POINT('',(0.0116502925265849,-0.0275,0.0146502925265849));
#3662=CARTESIAN_POINT('',(0.0146502925265849,-0.0275,0.0146502925265849));
#3663=CARTESIAN_POINT('',(0.0146502925265849,-0.015,0.0146502925265849));
#3664=CARTESIAN_POINT('',(0.0116502925265849,-0.015,0.021101));
#3665=CARTESIAN_POINT('',(0.0116502925265849,-0.0275,0.021101));
#3666=CARTESIAN_POINT('',(0.0116502925265849,-0.015,0.021101));
#3667=CARTESIAN_POINT('',(0.,-0.015,0.));
#3668=CARTESIAN_POINT('',(0.0155,-0.015,0.0155));
#3669=CARTESIAN_POINT('',(0.0155,-0.015,0.014));
#3670=CARTESIAN_POINT('',(-0.021101,-0.015,-0.0116502925265849));
#3671=CARTESIAN_POINT('',(-0.0146502925265849,-0.015,-0.0116502925265849));
#3672=CARTESIAN_POINT('',(-0.0146502925265849,-0.015,-0.0116502925265849));
#3673=CARTESIAN_POINT('',(-0.0146502925265849,-0.0275,-0.0116502925265849));
#3674=CARTESIAN_POINT('',(-0.021101,-0.0275,-0.0116502925265849));
#3675=CARTESIAN_POINT('',(-0.021101,-0.015,-0.0116502925265849));
#3676=CARTESIAN_POINT('',(-0.0146502925265849,-0.015,-0.0146502925265849));
#3677=CARTESIAN_POINT('',(-0.0116502925265849,-0.015,-0.0146502925265849));
#3678=CARTESIAN_POINT('',(-0.0116502925265849,-0.015,-0.0146502925265849));
#3679=CARTESIAN_POINT('',(-0.0116502925265849,-0.0275,-0.0146502925265849));
#3680=CARTESIAN_POINT('',(-0.0146502925265849,-0.0275,-0.0146502925265849));
#3681=CARTESIAN_POINT('',(-0.0146502925265849,-0.015,-0.0146502925265849));
#3682=CARTESIAN_POINT('',(-0.0116502925265849,-0.015,-0.021101));
#3683=CARTESIAN_POINT('',(-0.0116502925265849,-0.0275,-0.021101));
#3684=CARTESIAN_POINT('',(-0.0116502925265849,-0.015,-0.021101));
#3685=CARTESIAN_POINT('',(0.,-0.015,0.));
#3686=CARTESIAN_POINT('',(-0.0155,-0.015,-0.0155));
#3687=CARTESIAN_POINT('',(-0.0155,-0.015,-0.017));
#3688=CARTESIAN_POINT('',(-0.0155,-8.67361737988404E-18,-0.0155));
#3689=CARTESIAN_POINT('',(-0.0155,-8.67361737988404E-18,-0.0155));
#3690=CARTESIAN_POINT('',(-0.0155,-8.67361737988404E-18,-0.017));
#3691=CARTESIAN_POINT('',(-0.0155,-8.67361737988404E-18,-0.0155));
#3692=CARTESIAN_POINT('',(0.0155,-8.67361737988404E-18,0.0155));
#3693=CARTESIAN_POINT('',(0.0155,-8.67361737988404E-18,0.0155));
#3694=CARTESIAN_POINT('',(0.0155,-8.67361737988404E-18,0.014));
#3695=CARTESIAN_POINT('',(0.0155,-8.67361737988404E-18,0.0155));
#3696=CARTESIAN_POINT('',(0.0155,-8.67361737988404E-18,-0.0155));
#3697=CARTESIAN_POINT('',(0.0155,-8.67361737988404E-18,-0.0155));
#3698=CARTESIAN_POINT('',(0.0155,-8.67361737988404E-18,-0.017));
#3699=CARTESIAN_POINT('',(0.0155,-8.67361737988404E-18,-0.0155));
#3700=CARTESIAN_POINT('',(-0.0155,-8.67361737988404E-18,0.0155));
#3701=CARTESIAN_POINT('',(-0.0155,-8.67361737988404E-18,0.0155));
#3702=CARTESIAN_POINT('',(-0.0155,-8.67361737988404E-18,0.014));
#3703=CARTESIAN_POINT('',(-0.0155,-8.67361737988404E-18,0.0155));
#3704=CARTESIAN_POINT('',(0.026101,-5.20179811283393E-34,-0.007));
#3705=CARTESIAN_POINT('',(0.021101,-5.20179811283393E-34,-0.007));
#3706=CARTESIAN_POINT('',(0.021101,-0.014,-0.007));
#3707=CARTESIAN_POINT('',(0.021101,-0.009,-0.007));
#3708=CARTESIAN_POINT('',(0.026101,-0.014,-0.007));
#3709=CARTESIAN_POINT('',(0.026101,-0.014,-0.007));
#3710=CARTESIAN_POINT('',(0.026101,-5.20179811283393E-34,-0.007));
#3711=CARTESIAN_POINT('',(0.026101,-0.009,-0.007));
#3712=CARTESIAN_POINT('',(0.026101,-0.009,-0.007));
#3713=CARTESIAN_POINT('',(0.026101,-0.014,-9.55472756797291E-18));
#3714=CARTESIAN_POINT('',(0.021101,-0.014,-8.26977505856559E-18));
#3715=CARTESIAN_POINT('',(0.021101,-0.014,0.007));
#3716=CARTESIAN_POINT('',(0.026101,-0.014,0.007));
#3717=CARTESIAN_POINT('',(0.026101,-0.014,0.007));
#3718=CARTESIAN_POINT('',(0.026101,-0.014,-9.55472756797291E-18));
#3719=CARTESIAN_POINT('',(0.026101,-5.20179811283393E-34,0.007));
#3720=CARTESIAN_POINT('',(0.021101,-5.20179811283393E-34,0.007));
#3721=CARTESIAN_POINT('',(0.021101,-0.009,0.007));
#3722=CARTESIAN_POINT('',(0.026101,-0.009,0.007));
#3723=CARTESIAN_POINT('',(0.026101,-0.009,0.007));
#3724=CARTESIAN_POINT('',(0.026101,-5.20179811283393E-34,0.007));
#3725=CARTESIAN_POINT('',(0.026101,-0.0145,-7.8200040919961E-18));
#3726=CARTESIAN_POINT('',(0.026101,-0.0145,-0.0075));
#3727=CARTESIAN_POINT('',(0.026101,-0.0145,-0.0075));
#3728=CARTESIAN_POINT('',(0.026101,-0.0145,-7.8200040919961E-18));
#3729=CARTESIAN_POINT('',(0.026101,-0.0145,0.0075));
#3730=CARTESIAN_POINT('',(0.026101,-0.0145,0.0075));
#3731=CARTESIAN_POINT('',(0.026101,-5.20179811283393E-34,-0.0075));
#3732=CARTESIAN_POINT('',(0.026101,-0.0085,-0.0075));
#3733=CARTESIAN_POINT('',(0.026101,-0.0085,-0.0075));
#3734=CARTESIAN_POINT('',(0.026101,-5.20179811283393E-34,-0.0075));
#3735=CARTESIAN_POINT('',(0.026101,-0.0085,-7.8200040919961E-18));
#3736=CARTESIAN_POINT('',(0.026101,-0.0085,0.0075));
#3737=CARTESIAN_POINT('',(0.026101,-0.0085,0.0075));
#3738=CARTESIAN_POINT('',(0.026101,-0.0085,-7.8200040919961E-18));
#3739=CARTESIAN_POINT('',(0.026101,-2.16840434497101E-18,0.0075));
#3740=CARTESIAN_POINT('',(0.026101,-2.16840434497101E-18,0.0075));
#3741=CARTESIAN_POINT('',(0.026101,-0.009,-8.93518346940976E-18));
#3742=CARTESIAN_POINT('',(0.021101,-0.009,-7.65023096000245E-18));
#3743=CARTESIAN_POINT('',(0.026101,-0.009,-8.93518346940976E-18));
#3744=CARTESIAN_POINT('',(0.026101,-5.20179811283393E-34,-7.8200040919961E-18));
#3745=CARTESIAN_POINT('',(0.021101,-0.0175,-0.0135002925265849));
#3746=CARTESIAN_POINT('',(0.026101,-5.20179811283393E-34,0.008));
#3747=CARTESIAN_POINT('',(0.026101,-0.0275,0.008));
#3748=CARTESIAN_POINT('',(0.026101,-0.0275,0.008));
#3749=CARTESIAN_POINT('',(0.026101,-5.20179811283393E-34,0.008));
#3750=CARTESIAN_POINT('',(0.026101,-0.015,0.008));
#3751=CARTESIAN_POINT('',(0.026101,-0.015,0.008));
#3752=CARTESIAN_POINT('',(0.026101,-5.20179811283393E-34,-0.008));
#3753=CARTESIAN_POINT('',(0.026101,-0.015,-0.008));
#3754=CARTESIAN_POINT('',(0.026101,-0.015,-0.008));
#3755=CARTESIAN_POINT('',(0.026101,-5.20179811283393E-34,-0.008));
#3756=CARTESIAN_POINT('',(0.026101,-0.0275,-0.008));
#3757=CARTESIAN_POINT('',(0.026101,-0.0275,-0.008));
#3758=CARTESIAN_POINT('',(0.026101,-0.015,-7.8200040919961E-18));
#3759=CARTESIAN_POINT('',(0.026101,-0.015,-7.8200040919961E-18));
#3760=CARTESIAN_POINT('',(0.026101,-5.20179811283393E-34,-7.8200040919961E-18));
#3761=CARTESIAN_POINT('',(0.026101,-0.0275,-7.8200040919961E-18));
#3762=CARTESIAN_POINT('',(0.,-0.0275,0.));
#3763=CARTESIAN_POINT('',(0.,-0.0275,0.));
#3764=CARTESIAN_POINT('',(0.,-0.0275,-0.0042));
#3765=CARTESIAN_POINT('',(0.,-0.01575,0.));
#3766=CARTESIAN_POINT('',(0.,-0.01575,0.));
#3767=CARTESIAN_POINT('',(0.,-0.01575,-0.0025));
#3768=CARTESIAN_POINT('',(0.,-0.01575,0.));
#3769=CARTESIAN_POINT('',(0.,-0.01475,0.));
#3770=CARTESIAN_POINT('',(0.,-0.01475,-0.0025));
#3771=CARTESIAN_POINT('',(0.,-0.01475,0.));
#3772=CARTESIAN_POINT('',(0.,-0.01475,0.));
#3773=CARTESIAN_POINT('',(0.,-0.01475,-0.0037));
#3774=CARTESIAN_POINT('',(0.,-0.01475,0.));
#3775=CARTESIAN_POINT('',(0.,-0.0145,0.));
#3776=CARTESIAN_POINT('',(0.,-0.0145,-0.0037));
#3777=CARTESIAN_POINT('',(0.,-0.0145,0.));
#3778=CARTESIAN_POINT('',(0.,-0.0145,0.));
#3779=CARTESIAN_POINT('',(0.,-0.0145,-0.0042));
#3780=CARTESIAN_POINT('',(0.,-0.0145,0.));
#3781=MECHANICAL_DESIGN_GEOMETRIC_PRESENTATION_REPRESENTATION('',(#1837,
#1617,#1618,#1619,#1620,#1621,#1622,#1623,#1624,#1625,#1626,#1627,#1628,
#1629,#1630,#1631,#1632,#1633,#1634,#1635,#1636,#1637,#1638,#1639,#1640,
#1641,#1642,#1643,#1644,#1645,#1646,#1647,#1648,#1649,#1650,#1651,#1652,
#1653,#1654,#1655,#1656,#1657,#1658,#1659,#1660,#1661,#1662,#1663,#1664,
#1665,#1666,#1667,#1668,#1669,#1670,#1671,#1672,#1673,#1674,#1675,#1676,
#1677,#1678,#1679,#1680,#1681,#1682,#1683,#1684,#1685,#1686,#1687,#1688,
#1689,#1690,#1691,#1692,#1693,#1694,#1695,#1696,#1697,#1698,#1699,#1700,
#1701,#1702,#1703,#1704,#1705,#1706,#1707,#1708,#1709,#1710,#1711,#1712,
#1713,#1714,#1715,#1716,#1717,#1718,#1719,#1720,#1721),#3782);
#3782=(
GEOMETRIC_REPRESENTATION_CONTEXT(3)
GLOBAL_UNCERTAINTY_ASSIGNED_CONTEXT((#3783))
GLOBAL_UNIT_ASSIGNED_CONTEXT((#3786,#3785,#3784))
REPRESENTATION_CONTEXT('Part 1','TOP_LEVEL_ASSEMBLY_PART')
);
#3783=UNCERTAINTY_MEASURE_WITH_UNIT(LENGTH_MEASURE(2.16522020565748E-5),
#3786,'DISTANCE_ACCURACY_VALUE','Maximum Tolerance applied to model');
#3784=(
NAMED_UNIT(*)
SI_UNIT($,.STERADIAN.)
SOLID_ANGLE_UNIT()
);
#3785=(
NAMED_UNIT(*)
PLANE_ANGLE_UNIT()
SI_UNIT($,.RADIAN.)
);
#3786=(
LENGTH_UNIT()
NAMED_UNIT(*)
SI_UNIT($,.METRE.)
);
#3787=PRODUCT_DEFINITION_SHAPE('','',#3788);
#3788=PRODUCT_DEFINITION('','',#3790,#3789);
#3789=PRODUCT_DEFINITION_CONTEXT('',#3796,'design');
#3790=PRODUCT_DEFINITION_FORMATION_WITH_SPECIFIED_SOURCE('','',#3792,
 .NOT_KNOWN.);
#3791=PRODUCT_RELATED_PRODUCT_CATEGORY('','',(#3792));
#3792=PRODUCT('Part 1','Part 1','Part 1',(#3794));
#3793=PRODUCT_CATEGORY('','');
#3794=PRODUCT_CONTEXT('',#3796,'mechanical');
#3795=APPLICATION_PROTOCOL_DEFINITION('international standard',
'ap242_managed_model_based_3d_engineering',2020,#3796);
#3796=APPLICATION_CONTEXT('managed model based 3d engineering');
ENDSEC;
END-ISO-10303-21;
