ISO-10303-21;
HEADER;
/* Generated by software containing ST-Developer
 * from STEP Tools, Inc. (www.steptools.com) 
 */
/* OPTION: using custom renumber hook */

FILE_DESCRIPTION(
/* description */ ('STEP AP242 Edition 2',
'CAx-IF Rec.Pracs.---Representation and Presentation of Product Manufa
cturing Information (PMI)---4.0---2014-10-13',
'CAx-IF Rec.Pracs.---3D Tessellated Geometry---0.4---2014-09-14','2;1',
'CAx-IF Rec.Pracs.---User Defined Attributes---1.5---2016-08-15'),
/* implementation_level */ '2;1');

FILE_NAME(
/* name */ 'ARCADA001 - ARCADP005',
/* time_stamp */ '2026-07-17T02:50:49Z',
/* author */ (''),
/* organization */ (''),
/* preprocessor_version */ 'ST-DEVELOPER v20',
/* originating_system */ 'ONSHAPE BY PTC INC, 1.217',
/* authorisation */ '  ');

FILE_SCHEMA (('AP242_MANAGED_MODEL_BASED_3D_ENGINEERING_MIM_LF { 1 0 10303 442 3 1 4 }'));
ENDSEC;

DATA;
#10=SHAPE_REPRESENTATION_RELATIONSHIP('','',#2051,#11);
#11=ADVANCED_BREP_SHAPE_REPRESENTATION('',(#2049),#3321);
#12=CONICAL_SURFACE('',#2169,0.0005,0.785398163397449);
#13=CONICAL_SURFACE('',#2172,0.0005,0.785398163397448);
#14=CONICAL_SURFACE('',#2173,0.0005,0.785398163397448);
#15=CONICAL_SURFACE('',#2176,0.0005,0.785398163397448);
#16=CYLINDRICAL_SURFACE('',#2090,0.002);
#17=CYLINDRICAL_SURFACE('',#2091,0.002);
#18=CYLINDRICAL_SURFACE('',#2132,0.002);
#19=CYLINDRICAL_SURFACE('',#2133,0.002);
#20=CYLINDRICAL_SURFACE('',#2134,0.002);
#21=CYLINDRICAL_SURFACE('',#2135,0.002);
#22=CYLINDRICAL_SURFACE('',#2155,0.0015);
#23=CYLINDRICAL_SURFACE('',#2157,0.0015);
#24=CYLINDRICAL_SURFACE('',#2159,0.0015);
#25=CYLINDRICAL_SURFACE('',#2161,0.0015);
#26=CYLINDRICAL_SURFACE('',#2188,0.0015);
#27=CYLINDRICAL_SURFACE('',#2189,0.0015);
#28=CYLINDRICAL_SURFACE('',#2190,0.0015);
#29=CYLINDRICAL_SURFACE('',#2191,0.0015);
#30=CYLINDRICAL_SURFACE('',#2192,0.0015);
#31=CYLINDRICAL_SURFACE('',#2193,0.0015);
#32=CYLINDRICAL_SURFACE('',#2194,0.0015);
#33=CYLINDRICAL_SURFACE('',#2195,0.0015);
#34=CYLINDRICAL_SURFACE('',#2196,0.0015);
#35=CYLINDRICAL_SURFACE('',#2197,0.0015);
#36=CYLINDRICAL_SURFACE('',#2198,0.0015);
#37=CYLINDRICAL_SURFACE('',#2199,0.0015);
#38=LINE('',#2752,#280);
#39=LINE('',#2757,#281);
#40=LINE('',#2761,#282);
#41=LINE('',#2765,#283);
#42=LINE('',#2767,#284);
#43=LINE('',#2769,#285);
#44=LINE('',#2771,#286);
#45=LINE('',#2773,#287);
#46=LINE('',#2775,#288);
#47=LINE('',#2777,#289);
#48=LINE('',#2779,#290);
#49=LINE('',#2781,#291);
#50=LINE('',#2783,#292);
#51=LINE('',#2785,#293);
#52=LINE('',#2787,#294);
#53=LINE('',#2789,#295);
#54=LINE('',#2791,#296);
#55=LINE('',#2793,#297);
#56=LINE('',#2795,#298);
#57=LINE('',#2797,#299);
#58=LINE('',#2801,#300);
#59=LINE('',#2805,#301);
#60=LINE('',#2809,#302);
#61=LINE('',#2813,#303);
#62=LINE('',#2817,#304);
#63=LINE('',#2822,#305);
#64=LINE('',#2824,#306);
#65=LINE('',#2828,#307);
#66=LINE('',#2830,#308);
#67=LINE('',#2832,#309);
#68=LINE('',#2834,#310);
#69=LINE('',#2836,#311);
#70=LINE('',#2838,#312);
#71=LINE('',#2840,#313);
#72=LINE('',#2842,#314);
#73=LINE('',#2844,#315);
#74=LINE('',#2846,#316);
#75=LINE('',#2848,#317);
#76=LINE('',#2850,#318);
#77=LINE('',#2852,#319);
#78=LINE('',#2854,#320);
#79=LINE('',#2856,#321);
#80=LINE('',#2858,#322);
#81=LINE('',#2860,#323);
#82=LINE('',#2862,#324);
#83=LINE('',#2864,#325);
#84=LINE('',#2868,#326);
#85=LINE('',#2870,#327);
#86=LINE('',#2873,#328);
#87=LINE('',#2876,#329);
#88=LINE('',#2880,#330);
#89=LINE('',#2884,#331);
#90=LINE('',#2886,#332);
#91=LINE('',#2888,#333);
#92=LINE('',#2890,#334);
#93=LINE('',#2892,#335);
#94=LINE('',#2894,#336);
#95=LINE('',#2896,#337);
#96=LINE('',#2900,#338);
#97=LINE('',#2904,#339);
#98=LINE('',#2910,#340);
#99=LINE('',#2912,#341);
#100=LINE('',#2914,#342);
#101=LINE('',#2915,#343);
#102=LINE('',#2917,#344);
#103=LINE('',#2920,#345);
#104=LINE('',#2921,#346);
#105=LINE('',#2922,#347);
#106=LINE('',#2932,#348);
#107=LINE('',#2936,#349);
#108=LINE('',#2940,#350);
#109=LINE('',#2942,#351);
#110=LINE('',#2944,#352);
#111=LINE('',#2948,#353);
#112=LINE('',#2953,#354);
#113=LINE('',#2954,#355);
#114=LINE('',#2955,#356);
#115=LINE('',#2957,#357);
#116=LINE('',#2959,#358);
#117=LINE('',#2961,#359);
#118=LINE('',#2964,#360);
#119=LINE('',#2966,#361);
#120=LINE('',#2968,#362);
#121=LINE('',#2970,#363);
#122=LINE('',#2972,#364);
#123=LINE('',#2973,#365);
#124=LINE('',#2975,#366);
#125=LINE('',#2976,#367);
#126=LINE('',#2978,#368);
#127=LINE('',#2981,#369);
#128=LINE('',#2983,#370);
#129=LINE('',#2985,#371);
#130=LINE('',#2987,#372);
#131=LINE('',#2989,#373);
#132=LINE('',#2990,#374);
#133=LINE('',#2992,#375);
#134=LINE('',#2993,#376);
#135=LINE('',#2995,#377);
#136=LINE('',#2998,#378);
#137=LINE('',#3000,#379);
#138=LINE('',#3002,#380);
#139=LINE('',#3004,#381);
#140=LINE('',#3006,#382);
#141=LINE('',#3007,#383);
#142=LINE('',#3009,#384);
#143=LINE('',#3010,#385);
#144=LINE('',#3012,#386);
#145=LINE('',#3015,#387);
#146=LINE('',#3017,#388);
#147=LINE('',#3019,#389);
#148=LINE('',#3021,#390);
#149=LINE('',#3023,#391);
#150=LINE('',#3024,#392);
#151=LINE('',#3026,#393);
#152=LINE('',#3027,#394);
#153=LINE('',#3029,#395);
#154=LINE('',#3031,#396);
#155=LINE('',#3033,#397);
#156=LINE('',#3035,#398);
#157=LINE('',#3037,#399);
#158=LINE('',#3039,#400);
#159=LINE('',#3042,#401);
#160=LINE('',#3043,#402);
#161=LINE('',#3045,#403);
#162=LINE('',#3047,#404);
#163=LINE('',#3049,#405);
#164=LINE('',#3051,#406);
#165=LINE('',#3053,#407);
#166=LINE('',#3054,#408);
#167=LINE('',#3056,#409);
#168=LINE('',#3057,#410);
#169=LINE('',#3059,#411);
#170=LINE('',#3060,#412);
#171=LINE('',#3062,#413);
#172=LINE('',#3063,#414);
#173=LINE('',#3065,#415);
#174=LINE('',#3066,#416);
#175=LINE('',#3068,#417);
#176=LINE('',#3070,#418);
#177=LINE('',#3072,#419);
#178=LINE('',#3074,#420);
#179=LINE('',#3076,#421);
#180=LINE('',#3078,#422);
#181=LINE('',#3081,#423);
#182=LINE('',#3082,#424);
#183=LINE('',#3084,#425);
#184=LINE('',#3086,#426);
#185=LINE('',#3088,#427);
#186=LINE('',#3090,#428);
#187=LINE('',#3092,#429);
#188=LINE('',#3093,#430);
#189=LINE('',#3096,#431);
#190=LINE('',#3098,#432);
#191=LINE('',#3100,#433);
#192=LINE('',#3101,#434);
#193=LINE('',#3104,#435);
#194=LINE('',#3106,#436);
#195=LINE('',#3108,#437);
#196=LINE('',#3109,#438);
#197=LINE('',#3112,#439);
#198=LINE('',#3114,#440);
#199=LINE('',#3116,#441);
#200=LINE('',#3117,#442);
#201=LINE('',#3120,#443);
#202=LINE('',#3122,#444);
#203=LINE('',#3124,#445);
#204=LINE('',#3126,#446);
#205=LINE('',#3128,#447);
#206=LINE('',#3130,#448);
#207=LINE('',#3132,#449);
#208=LINE('',#3134,#450);
#209=LINE('',#3137,#451);
#210=LINE('',#3138,#452);
#211=LINE('',#3140,#453);
#212=LINE('',#3142,#454);
#213=LINE('',#3144,#455);
#214=LINE('',#3155,#456);
#215=LINE('',#3157,#457);
#216=LINE('',#3159,#458);
#217=LINE('',#3161,#459);
#218=LINE('',#3163,#460);
#219=LINE('',#3165,#461);
#220=LINE('',#3167,#462);
#221=LINE('',#3170,#463);
#222=LINE('',#3172,#464);
#223=LINE('',#3174,#465);
#224=LINE('',#3176,#466);
#225=LINE('',#3179,#467);
#226=LINE('',#3181,#468);
#227=LINE('',#3183,#469);
#228=LINE('',#3185,#470);
#229=LINE('',#3187,#471);
#230=LINE('',#3189,#472);
#231=LINE('',#3191,#473);
#232=LINE('',#3193,#474);
#233=LINE('',#3195,#475);
#234=LINE('',#3197,#476);
#235=LINE('',#3199,#477);
#236=LINE('',#3201,#478);
#237=LINE('',#3203,#479);
#238=LINE('',#3205,#480);
#239=LINE('',#3207,#481);
#240=LINE('',#3209,#482);
#241=LINE('',#3211,#483);
#242=LINE('',#3213,#484);
#243=LINE('',#3215,#485);
#244=LINE('',#3217,#486);
#245=LINE('',#3219,#487);
#246=LINE('',#3221,#488);
#247=LINE('',#3224,#489);
#248=LINE('',#3226,#490);
#249=LINE('',#3228,#491);
#250=LINE('',#3230,#492);
#251=LINE('',#3233,#493);
#252=LINE('',#3235,#494);
#253=LINE('',#3237,#495);
#254=LINE('',#3239,#496);
#255=LINE('',#3241,#497);
#256=LINE('',#3243,#498);
#257=LINE('',#3245,#499);
#258=LINE('',#3247,#500);
#259=LINE('',#3249,#501);
#260=LINE('',#3264,#502);
#261=LINE('',#3265,#503);
#262=LINE('',#3267,#504);
#263=LINE('',#3269,#505);
#264=LINE('',#3271,#506);
#265=LINE('',#3273,#507);
#266=LINE('',#3275,#508);
#267=LINE('',#3277,#509);
#268=LINE('',#3279,#510);
#269=LINE('',#3281,#511);
#270=LINE('',#3283,#512);
#271=LINE('',#3285,#513);
#272=LINE('',#3287,#514);
#273=LINE('',#3289,#515);
#274=LINE('',#3291,#516);
#275=LINE('',#3293,#517);
#276=LINE('',#3297,#518);
#277=LINE('',#3301,#519);
#278=LINE('',#3306,#520);
#279=LINE('',#3307,#521);
#280=VECTOR('',#2216,1.);
#281=VECTOR('',#2219,1.);
#282=VECTOR('',#2222,1.);
#283=VECTOR('',#2225,1.);
#284=VECTOR('',#2226,1.);
#285=VECTOR('',#2227,1.);
#286=VECTOR('',#2228,1.);
#287=VECTOR('',#2229,1.);
#288=VECTOR('',#2230,1.);
#289=VECTOR('',#2231,1.);
#290=VECTOR('',#2232,1.);
#291=VECTOR('',#2233,1.);
#292=VECTOR('',#2234,1.);
#293=VECTOR('',#2235,1.);
#294=VECTOR('',#2236,1.);
#295=VECTOR('',#2237,1.);
#296=VECTOR('',#2238,1.);
#297=VECTOR('',#2239,1.);
#298=VECTOR('',#2240,1.);
#299=VECTOR('',#2241,1.);
#300=VECTOR('',#2244,1.);
#301=VECTOR('',#2247,1.);
#302=VECTOR('',#2250,1.);
#303=VECTOR('',#2253,1.);
#304=VECTOR('',#2258,1.);
#305=VECTOR('',#2261,1.);
#306=VECTOR('',#2262,1.);
#307=VECTOR('',#2265,1.);
#308=VECTOR('',#2266,1.);
#309=VECTOR('',#2267,1.);
#310=VECTOR('',#2268,1.);
#311=VECTOR('',#2269,1.);
#312=VECTOR('',#2270,1.);
#313=VECTOR('',#2271,1.);
#314=VECTOR('',#2272,1.);
#315=VECTOR('',#2273,1.);
#316=VECTOR('',#2274,1.);
#317=VECTOR('',#2275,1.);
#318=VECTOR('',#2276,1.);
#319=VECTOR('',#2277,1.);
#320=VECTOR('',#2278,1.);
#321=VECTOR('',#2279,1.);
#322=VECTOR('',#2280,1.);
#323=VECTOR('',#2281,1.);
#324=VECTOR('',#2282,1.);
#325=VECTOR('',#2283,1.);
#326=VECTOR('',#2286,1.);
#327=VECTOR('',#2287,1.);
#328=VECTOR('',#2290,1.);
#329=VECTOR('',#2291,1.);
#330=VECTOR('',#2294,1.);
#331=VECTOR('',#2297,1.);
#332=VECTOR('',#2298,1.);
#333=VECTOR('',#2299,1.);
#334=VECTOR('',#2300,1.);
#335=VECTOR('',#2301,1.);
#336=VECTOR('',#2302,1.);
#337=VECTOR('',#2303,1.);
#338=VECTOR('',#2306,1.);
#339=VECTOR('',#2309,1.);
#340=VECTOR('',#2316,1.);
#341=VECTOR('',#2317,1.);
#342=VECTOR('',#2318,1.);
#343=VECTOR('',#2319,1.);
#344=VECTOR('',#2322,1.);
#345=VECTOR('',#2323,1.);
#346=VECTOR('',#2324,1.);
#347=VECTOR('',#2325,1.);
#348=VECTOR('',#2336,1.);
#349=VECTOR('',#2339,1.);
#350=VECTOR('',#2342,1.);
#351=VECTOR('',#2343,1.);
#352=VECTOR('',#2344,1.);
#353=VECTOR('',#2347,1.);
#354=VECTOR('',#2356,1.);
#355=VECTOR('',#2357,1.);
#356=VECTOR('',#2358,1.);
#357=VECTOR('',#2359,1.);
#358=VECTOR('',#2360,1.);
#359=VECTOR('',#2363,1.);
#360=VECTOR('',#2364,1.);
#361=VECTOR('',#2365,1.);
#362=VECTOR('',#2366,1.);
#363=VECTOR('',#2369,1.);
#364=VECTOR('',#2370,1.);
#365=VECTOR('',#2371,1.);
#366=VECTOR('',#2372,1.);
#367=VECTOR('',#2373,1.);
#368=VECTOR('',#2376,1.);
#369=VECTOR('',#2377,1.);
#370=VECTOR('',#2378,1.);
#371=VECTOR('',#2379,1.);
#372=VECTOR('',#2382,1.);
#373=VECTOR('',#2383,1.);
#374=VECTOR('',#2384,1.);
#375=VECTOR('',#2385,1.);
#376=VECTOR('',#2386,1.);
#377=VECTOR('',#2389,1.);
#378=VECTOR('',#2390,1.);
#379=VECTOR('',#2391,1.);
#380=VECTOR('',#2392,1.);
#381=VECTOR('',#2395,1.);
#382=VECTOR('',#2396,1.);
#383=VECTOR('',#2397,1.);
#384=VECTOR('',#2398,1.);
#385=VECTOR('',#2399,1.);
#386=VECTOR('',#2402,1.);
#387=VECTOR('',#2403,1.);
#388=VECTOR('',#2404,1.);
#389=VECTOR('',#2405,1.);
#390=VECTOR('',#2408,1.);
#391=VECTOR('',#2409,1.);
#392=VECTOR('',#2410,1.);
#393=VECTOR('',#2411,1.);
#394=VECTOR('',#2412,1.);
#395=VECTOR('',#2415,1.);
#396=VECTOR('',#2416,1.);
#397=VECTOR('',#2417,1.);
#398=VECTOR('',#2418,1.);
#399=VECTOR('',#2419,1.);
#400=VECTOR('',#2422,1.);
#401=VECTOR('',#2423,1.);
#402=VECTOR('',#2424,1.);
#403=VECTOR('',#2425,1.);
#404=VECTOR('',#2426,1.);
#405=VECTOR('',#2429,1.);
#406=VECTOR('',#2430,1.);
#407=VECTOR('',#2431,1.);
#408=VECTOR('',#2432,1.);
#409=VECTOR('',#2433,1.);
#410=VECTOR('',#2434,1.);
#411=VECTOR('',#2435,1.);
#412=VECTOR('',#2436,1.);
#413=VECTOR('',#2437,1.);
#414=VECTOR('',#2438,1.);
#415=VECTOR('',#2439,1.);
#416=VECTOR('',#2440,1.);
#417=VECTOR('',#2443,1.);
#418=VECTOR('',#2444,1.);
#419=VECTOR('',#2447,1.);
#420=VECTOR('',#2448,1.);
#421=VECTOR('',#2449,1.);
#422=VECTOR('',#2452,1.);
#423=VECTOR('',#2453,1.);
#424=VECTOR('',#2454,1.);
#425=VECTOR('',#2455,1.);
#426=VECTOR('',#2458,1.);
#427=VECTOR('',#2461,1.);
#428=VECTOR('',#2464,1.);
#429=VECTOR('',#2465,1.);
#430=VECTOR('',#2466,1.);
#431=VECTOR('',#2471,1.);
#432=VECTOR('',#2474,1.);
#433=VECTOR('',#2475,1.);
#434=VECTOR('',#2476,1.);
#435=VECTOR('',#2481,1.);
#436=VECTOR('',#2484,1.);
#437=VECTOR('',#2485,1.);
#438=VECTOR('',#2486,1.);
#439=VECTOR('',#2491,1.);
#440=VECTOR('',#2494,1.);
#441=VECTOR('',#2495,1.);
#442=VECTOR('',#2496,1.);
#443=VECTOR('',#2501,1.);
#444=VECTOR('',#2504,1.);
#445=VECTOR('',#2507,1.);
#446=VECTOR('',#2508,1.);
#447=VECTOR('',#2511,1.);
#448=VECTOR('',#2512,1.);
#449=VECTOR('',#2513,1.);
#450=VECTOR('',#2516,1.);
#451=VECTOR('',#2517,1.);
#452=VECTOR('',#2518,1.);
#453=VECTOR('',#2521,1.);
#454=VECTOR('',#2522,1.);
#455=VECTOR('',#2525,1.);
#456=VECTOR('',#2546,1.);
#457=VECTOR('',#2547,1.);
#458=VECTOR('',#2548,1.);
#459=VECTOR('',#2551,1.);
#460=VECTOR('',#2552,1.);
#461=VECTOR('',#2553,1.);
#462=VECTOR('',#2556,1.);
#463=VECTOR('',#2557,1.);
#464=VECTOR('',#2558,1.);
#465=VECTOR('',#2559,1.);
#466=VECTOR('',#2562,1.);
#467=VECTOR('',#2563,1.);
#468=VECTOR('',#2564,1.);
#469=VECTOR('',#2565,1.);
#470=VECTOR('',#2568,1.);
#471=VECTOR('',#2569,1.);
#472=VECTOR('',#2570,1.);
#473=VECTOR('',#2573,1.);
#474=VECTOR('',#2574,1.);
#475=VECTOR('',#2575,1.);
#476=VECTOR('',#2578,1.);
#477=VECTOR('',#2579,1.);
#478=VECTOR('',#2580,1.);
#479=VECTOR('',#2583,1.);
#480=VECTOR('',#2584,1.);
#481=VECTOR('',#2585,1.);
#482=VECTOR('',#2588,1.);
#483=VECTOR('',#2589,1.);
#484=VECTOR('',#2590,1.);
#485=VECTOR('',#2593,1.);
#486=VECTOR('',#2594,1.);
#487=VECTOR('',#2595,1.);
#488=VECTOR('',#2598,1.);
#489=VECTOR('',#2599,1.);
#490=VECTOR('',#2600,1.);
#491=VECTOR('',#2601,1.);
#492=VECTOR('',#2604,1.);
#493=VECTOR('',#2605,1.);
#494=VECTOR('',#2606,1.);
#495=VECTOR('',#2607,1.);
#496=VECTOR('',#2610,1.);
#497=VECTOR('',#2611,1.);
#498=VECTOR('',#2612,1.);
#499=VECTOR('',#2615,1.);
#500=VECTOR('',#2616,1.);
#501=VECTOR('',#2617,1.);
#502=VECTOR('',#2646,1.);
#503=VECTOR('',#2647,1.);
#504=VECTOR('',#2650,1.);
#505=VECTOR('',#2653,1.);
#506=VECTOR('',#2656,1.);
#507=VECTOR('',#2659,1.);
#508=VECTOR('',#2662,1.);
#509=VECTOR('',#2665,1.);
#510=VECTOR('',#2668,1.);
#511=VECTOR('',#2671,1.);
#512=VECTOR('',#2674,1.);
#513=VECTOR('',#2677,1.);
#514=VECTOR('',#2680,1.);
#515=VECTOR('',#2683,1.);
#516=VECTOR('',#2686,1.);
#517=VECTOR('',#2689,1.);
#518=VECTOR('',#2696,1.);
#519=VECTOR('',#2703,1.);
#520=VECTOR('',#2712,1.);
#521=VECTOR('',#2713,1.);
#522=ORIENTED_EDGE('',*,*,#1102,.T.);
#523=ORIENTED_EDGE('',*,*,#1103,.T.);
#524=ORIENTED_EDGE('',*,*,#1104,.T.);
#525=ORIENTED_EDGE('',*,*,#1105,.T.);
#526=ORIENTED_EDGE('',*,*,#1106,.T.);
#527=ORIENTED_EDGE('',*,*,#1107,.T.);
#528=ORIENTED_EDGE('',*,*,#1108,.T.);
#529=ORIENTED_EDGE('',*,*,#1109,.T.);
#530=ORIENTED_EDGE('',*,*,#1110,.F.);
#531=ORIENTED_EDGE('',*,*,#1111,.T.);
#532=ORIENTED_EDGE('',*,*,#1112,.F.);
#533=ORIENTED_EDGE('',*,*,#1113,.T.);
#534=ORIENTED_EDGE('',*,*,#1114,.F.);
#535=ORIENTED_EDGE('',*,*,#1115,.F.);
#536=ORIENTED_EDGE('',*,*,#1116,.F.);
#537=ORIENTED_EDGE('',*,*,#1117,.F.);
#538=ORIENTED_EDGE('',*,*,#1118,.F.);
#539=ORIENTED_EDGE('',*,*,#1119,.F.);
#540=ORIENTED_EDGE('',*,*,#1120,.F.);
#541=ORIENTED_EDGE('',*,*,#1121,.F.);
#542=ORIENTED_EDGE('',*,*,#1122,.F.);
#543=ORIENTED_EDGE('',*,*,#1123,.F.);
#544=ORIENTED_EDGE('',*,*,#1124,.F.);
#545=ORIENTED_EDGE('',*,*,#1125,.F.);
#546=ORIENTED_EDGE('',*,*,#1126,.F.);
#547=ORIENTED_EDGE('',*,*,#1127,.F.);
#548=ORIENTED_EDGE('',*,*,#1128,.F.);
#549=ORIENTED_EDGE('',*,*,#1129,.F.);
#550=ORIENTED_EDGE('',*,*,#1130,.F.);
#551=ORIENTED_EDGE('',*,*,#1131,.T.);
#552=ORIENTED_EDGE('',*,*,#1132,.T.);
#553=ORIENTED_EDGE('',*,*,#1133,.T.);
#554=ORIENTED_EDGE('',*,*,#1134,.F.);
#555=ORIENTED_EDGE('',*,*,#1135,.T.);
#556=ORIENTED_EDGE('',*,*,#1136,.F.);
#557=ORIENTED_EDGE('',*,*,#1137,.T.);
#558=ORIENTED_EDGE('',*,*,#1138,.T.);
#559=ORIENTED_EDGE('',*,*,#1139,.T.);
#560=ORIENTED_EDGE('',*,*,#1140,.F.);
#561=ORIENTED_EDGE('',*,*,#1141,.T.);
#562=ORIENTED_EDGE('',*,*,#1142,.T.);
#563=ORIENTED_EDGE('',*,*,#1143,.F.);
#564=ORIENTED_EDGE('',*,*,#1144,.T.);
#565=ORIENTED_EDGE('',*,*,#1145,.T.);
#566=ORIENTED_EDGE('',*,*,#1146,.F.);
#567=ORIENTED_EDGE('',*,*,#1147,.F.);
#568=ORIENTED_EDGE('',*,*,#1148,.F.);
#569=ORIENTED_EDGE('',*,*,#1149,.F.);
#570=ORIENTED_EDGE('',*,*,#1150,.F.);
#571=ORIENTED_EDGE('',*,*,#1151,.F.);
#572=ORIENTED_EDGE('',*,*,#1152,.F.);
#573=ORIENTED_EDGE('',*,*,#1153,.F.);
#574=ORIENTED_EDGE('',*,*,#1154,.F.);
#575=ORIENTED_EDGE('',*,*,#1155,.F.);
#576=ORIENTED_EDGE('',*,*,#1156,.F.);
#577=ORIENTED_EDGE('',*,*,#1157,.F.);
#578=ORIENTED_EDGE('',*,*,#1158,.F.);
#579=ORIENTED_EDGE('',*,*,#1159,.F.);
#580=ORIENTED_EDGE('',*,*,#1160,.F.);
#581=ORIENTED_EDGE('',*,*,#1161,.F.);
#582=ORIENTED_EDGE('',*,*,#1162,.F.);
#583=ORIENTED_EDGE('',*,*,#1163,.F.);
#584=ORIENTED_EDGE('',*,*,#1164,.T.);
#585=ORIENTED_EDGE('',*,*,#1165,.F.);
#586=ORIENTED_EDGE('',*,*,#1166,.F.);
#587=ORIENTED_EDGE('',*,*,#1167,.T.);
#588=ORIENTED_EDGE('',*,*,#1168,.T.);
#589=ORIENTED_EDGE('',*,*,#1169,.T.);
#590=ORIENTED_EDGE('',*,*,#1170,.T.);
#591=ORIENTED_EDGE('',*,*,#1171,.T.);
#592=ORIENTED_EDGE('',*,*,#1172,.T.);
#593=ORIENTED_EDGE('',*,*,#1173,.T.);
#594=ORIENTED_EDGE('',*,*,#1174,.T.);
#595=ORIENTED_EDGE('',*,*,#1175,.T.);
#596=ORIENTED_EDGE('',*,*,#1176,.T.);
#597=ORIENTED_EDGE('',*,*,#1177,.T.);
#598=ORIENTED_EDGE('',*,*,#1178,.T.);
#599=ORIENTED_EDGE('',*,*,#1179,.T.);
#600=ORIENTED_EDGE('',*,*,#1180,.T.);
#601=ORIENTED_EDGE('',*,*,#1181,.T.);
#602=ORIENTED_EDGE('',*,*,#1182,.T.);
#603=ORIENTED_EDGE('',*,*,#1183,.T.);
#604=ORIENTED_EDGE('',*,*,#1184,.T.);
#605=ORIENTED_EDGE('',*,*,#1185,.T.);
#606=ORIENTED_EDGE('',*,*,#1136,.T.);
#607=ORIENTED_EDGE('',*,*,#1186,.T.);
#608=ORIENTED_EDGE('',*,*,#1187,.T.);
#609=ORIENTED_EDGE('',*,*,#1188,.F.);
#610=ORIENTED_EDGE('',*,*,#1142,.F.);
#611=ORIENTED_EDGE('',*,*,#1189,.T.);
#612=ORIENTED_EDGE('',*,*,#1190,.F.);
#613=ORIENTED_EDGE('',*,*,#1191,.T.);
#614=ORIENTED_EDGE('',*,*,#1108,.F.);
#615=ORIENTED_EDGE('',*,*,#1192,.T.);
#616=ORIENTED_EDGE('',*,*,#1166,.T.);
#617=ORIENTED_EDGE('',*,*,#1193,.T.);
#618=ORIENTED_EDGE('',*,*,#1194,.F.);
#619=ORIENTED_EDGE('',*,*,#1195,.F.);
#620=ORIENTED_EDGE('',*,*,#1196,.F.);
#621=ORIENTED_EDGE('',*,*,#1197,.F.);
#622=ORIENTED_EDGE('',*,*,#1198,.T.);
#623=ORIENTED_EDGE('',*,*,#1199,.T.);
#624=ORIENTED_EDGE('',*,*,#1190,.T.);
#625=ORIENTED_EDGE('',*,*,#1200,.F.);
#626=ORIENTED_EDGE('',*,*,#1201,.T.);
#627=ORIENTED_EDGE('',*,*,#1202,.T.);
#628=ORIENTED_EDGE('',*,*,#1203,.T.);
#629=ORIENTED_EDGE('',*,*,#1204,.F.);
#630=ORIENTED_EDGE('',*,*,#1205,.T.);
#631=ORIENTED_EDGE('',*,*,#1206,.F.);
#632=ORIENTED_EDGE('',*,*,#1187,.F.);
#633=ORIENTED_EDGE('',*,*,#1207,.T.);
#634=ORIENTED_EDGE('',*,*,#1107,.F.);
#635=ORIENTED_EDGE('',*,*,#1184,.F.);
#636=ORIENTED_EDGE('',*,*,#1102,.F.);
#637=ORIENTED_EDGE('',*,*,#1185,.F.);
#638=ORIENTED_EDGE('',*,*,#1110,.T.);
#639=ORIENTED_EDGE('',*,*,#1208,.T.);
#640=ORIENTED_EDGE('',*,*,#1198,.F.);
#641=ORIENTED_EDGE('',*,*,#1209,.T.);
#642=ORIENTED_EDGE('',*,*,#1134,.T.);
#643=ORIENTED_EDGE('',*,*,#1210,.T.);
#644=ORIENTED_EDGE('',*,*,#1211,.T.);
#645=ORIENTED_EDGE('',*,*,#1212,.T.);
#646=ORIENTED_EDGE('',*,*,#1213,.T.);
#647=ORIENTED_EDGE('',*,*,#1214,.T.);
#648=ORIENTED_EDGE('',*,*,#1215,.T.);
#649=ORIENTED_EDGE('',*,*,#1216,.F.);
#650=ORIENTED_EDGE('',*,*,#1217,.F.);
#651=ORIENTED_EDGE('',*,*,#1218,.T.);
#652=ORIENTED_EDGE('',*,*,#1216,.T.);
#653=ORIENTED_EDGE('',*,*,#1219,.T.);
#654=ORIENTED_EDGE('',*,*,#1220,.T.);
#655=ORIENTED_EDGE('',*,*,#1157,.T.);
#656=ORIENTED_EDGE('',*,*,#1221,.F.);
#657=ORIENTED_EDGE('',*,*,#1119,.T.);
#658=ORIENTED_EDGE('',*,*,#1222,.T.);
#659=ORIENTED_EDGE('',*,*,#1223,.T.);
#660=ORIENTED_EDGE('',*,*,#1224,.T.);
#661=ORIENTED_EDGE('',*,*,#1225,.F.);
#662=ORIENTED_EDGE('',*,*,#1226,.F.);
#663=ORIENTED_EDGE('',*,*,#1227,.T.);
#664=ORIENTED_EDGE('',*,*,#1225,.T.);
#665=ORIENTED_EDGE('',*,*,#1228,.T.);
#666=ORIENTED_EDGE('',*,*,#1229,.T.);
#667=ORIENTED_EDGE('',*,*,#1161,.T.);
#668=ORIENTED_EDGE('',*,*,#1230,.F.);
#669=ORIENTED_EDGE('',*,*,#1115,.T.);
#670=ORIENTED_EDGE('',*,*,#1231,.T.);
#671=ORIENTED_EDGE('',*,*,#1232,.T.);
#672=ORIENTED_EDGE('',*,*,#1233,.T.);
#673=ORIENTED_EDGE('',*,*,#1234,.F.);
#674=ORIENTED_EDGE('',*,*,#1235,.F.);
#675=ORIENTED_EDGE('',*,*,#1236,.T.);
#676=ORIENTED_EDGE('',*,*,#1234,.T.);
#677=ORIENTED_EDGE('',*,*,#1237,.T.);
#678=ORIENTED_EDGE('',*,*,#1238,.T.);
#679=ORIENTED_EDGE('',*,*,#1153,.T.);
#680=ORIENTED_EDGE('',*,*,#1239,.F.);
#681=ORIENTED_EDGE('',*,*,#1123,.T.);
#682=ORIENTED_EDGE('',*,*,#1240,.T.);
#683=ORIENTED_EDGE('',*,*,#1241,.T.);
#684=ORIENTED_EDGE('',*,*,#1242,.T.);
#685=ORIENTED_EDGE('',*,*,#1243,.F.);
#686=ORIENTED_EDGE('',*,*,#1244,.F.);
#687=ORIENTED_EDGE('',*,*,#1245,.T.);
#688=ORIENTED_EDGE('',*,*,#1243,.T.);
#689=ORIENTED_EDGE('',*,*,#1246,.T.);
#690=ORIENTED_EDGE('',*,*,#1247,.T.);
#691=ORIENTED_EDGE('',*,*,#1149,.T.);
#692=ORIENTED_EDGE('',*,*,#1248,.F.);
#693=ORIENTED_EDGE('',*,*,#1127,.T.);
#694=ORIENTED_EDGE('',*,*,#1202,.F.);
#695=ORIENTED_EDGE('',*,*,#1249,.T.);
#696=ORIENTED_EDGE('',*,*,#1250,.F.);
#697=ORIENTED_EDGE('',*,*,#1251,.F.);
#698=ORIENTED_EDGE('',*,*,#1252,.F.);
#699=ORIENTED_EDGE('',*,*,#1253,.T.);
#700=ORIENTED_EDGE('',*,*,#1254,.T.);
#701=ORIENTED_EDGE('',*,*,#1255,.T.);
#702=ORIENTED_EDGE('',*,*,#1204,.T.);
#703=ORIENTED_EDGE('',*,*,#1256,.F.);
#704=ORIENTED_EDGE('',*,*,#1257,.T.);
#705=ORIENTED_EDGE('',*,*,#1258,.T.);
#706=ORIENTED_EDGE('',*,*,#1259,.F.);
#707=ORIENTED_EDGE('',*,*,#1146,.T.);
#708=ORIENTED_EDGE('',*,*,#1260,.F.);
#709=ORIENTED_EDGE('',*,*,#1261,.F.);
#710=ORIENTED_EDGE('',*,*,#1256,.T.);
#711=ORIENTED_EDGE('',*,*,#1203,.F.);
#712=ORIENTED_EDGE('',*,*,#1253,.F.);
#713=ORIENTED_EDGE('',*,*,#1262,.F.);
#714=ORIENTED_EDGE('',*,*,#1263,.T.);
#715=ORIENTED_EDGE('',*,*,#1162,.T.);
#716=ORIENTED_EDGE('',*,*,#1229,.F.);
#717=ORIENTED_EDGE('',*,*,#1264,.T.);
#718=ORIENTED_EDGE('',*,*,#1265,.F.);
#719=ORIENTED_EDGE('',*,*,#1158,.T.);
#720=ORIENTED_EDGE('',*,*,#1220,.F.);
#721=ORIENTED_EDGE('',*,*,#1266,.T.);
#722=ORIENTED_EDGE('',*,*,#1267,.F.);
#723=ORIENTED_EDGE('',*,*,#1154,.T.);
#724=ORIENTED_EDGE('',*,*,#1238,.F.);
#725=ORIENTED_EDGE('',*,*,#1268,.T.);
#726=ORIENTED_EDGE('',*,*,#1269,.F.);
#727=ORIENTED_EDGE('',*,*,#1150,.T.);
#728=ORIENTED_EDGE('',*,*,#1247,.F.);
#729=ORIENTED_EDGE('',*,*,#1270,.T.);
#730=ORIENTED_EDGE('',*,*,#1271,.F.);
#731=ORIENTED_EDGE('',*,*,#1272,.T.);
#732=ORIENTED_EDGE('',*,*,#1257,.F.);
#733=ORIENTED_EDGE('',*,*,#1261,.T.);
#734=ORIENTED_EDGE('',*,*,#1145,.F.);
#735=ORIENTED_EDGE('',*,*,#1273,.T.);
#736=ORIENTED_EDGE('',*,*,#1274,.F.);
#737=ORIENTED_EDGE('',*,*,#1275,.T.);
#738=ORIENTED_EDGE('',*,*,#1271,.T.);
#739=ORIENTED_EDGE('',*,*,#1260,.T.);
#740=ORIENTED_EDGE('',*,*,#1276,.F.);
#741=ORIENTED_EDGE('',*,*,#1277,.T.);
#742=ORIENTED_EDGE('',*,*,#1163,.T.);
#743=ORIENTED_EDGE('',*,*,#1263,.F.);
#744=ORIENTED_EDGE('',*,*,#1278,.F.);
#745=ORIENTED_EDGE('',*,*,#1279,.F.);
#746=ORIENTED_EDGE('',*,*,#1252,.T.);
#747=ORIENTED_EDGE('',*,*,#1280,.T.);
#748=ORIENTED_EDGE('',*,*,#1278,.T.);
#749=ORIENTED_EDGE('',*,*,#1262,.T.);
#750=ORIENTED_EDGE('',*,*,#1120,.T.);
#751=ORIENTED_EDGE('',*,*,#1221,.T.);
#752=ORIENTED_EDGE('',*,*,#1156,.T.);
#753=ORIENTED_EDGE('',*,*,#1281,.F.);
#754=ORIENTED_EDGE('',*,*,#1282,.T.);
#755=ORIENTED_EDGE('',*,*,#1283,.T.);
#756=ORIENTED_EDGE('',*,*,#1121,.T.);
#757=ORIENTED_EDGE('',*,*,#1281,.T.);
#758=ORIENTED_EDGE('',*,*,#1155,.T.);
#759=ORIENTED_EDGE('',*,*,#1267,.T.);
#760=ORIENTED_EDGE('',*,*,#1284,.T.);
#761=ORIENTED_EDGE('',*,*,#1214,.F.);
#762=ORIENTED_EDGE('',*,*,#1219,.F.);
#763=ORIENTED_EDGE('',*,*,#1215,.F.);
#764=ORIENTED_EDGE('',*,*,#1284,.F.);
#765=ORIENTED_EDGE('',*,*,#1266,.F.);
#766=ORIENTED_EDGE('',*,*,#1116,.T.);
#767=ORIENTED_EDGE('',*,*,#1230,.T.);
#768=ORIENTED_EDGE('',*,*,#1160,.T.);
#769=ORIENTED_EDGE('',*,*,#1285,.F.);
#770=ORIENTED_EDGE('',*,*,#1286,.T.);
#771=ORIENTED_EDGE('',*,*,#1287,.T.);
#772=ORIENTED_EDGE('',*,*,#1117,.T.);
#773=ORIENTED_EDGE('',*,*,#1285,.T.);
#774=ORIENTED_EDGE('',*,*,#1159,.T.);
#775=ORIENTED_EDGE('',*,*,#1265,.T.);
#776=ORIENTED_EDGE('',*,*,#1288,.T.);
#777=ORIENTED_EDGE('',*,*,#1223,.F.);
#778=ORIENTED_EDGE('',*,*,#1228,.F.);
#779=ORIENTED_EDGE('',*,*,#1224,.F.);
#780=ORIENTED_EDGE('',*,*,#1288,.F.);
#781=ORIENTED_EDGE('',*,*,#1264,.F.);
#782=ORIENTED_EDGE('',*,*,#1124,.T.);
#783=ORIENTED_EDGE('',*,*,#1239,.T.);
#784=ORIENTED_EDGE('',*,*,#1152,.T.);
#785=ORIENTED_EDGE('',*,*,#1289,.F.);
#786=ORIENTED_EDGE('',*,*,#1290,.T.);
#787=ORIENTED_EDGE('',*,*,#1291,.T.);
#788=ORIENTED_EDGE('',*,*,#1125,.T.);
#789=ORIENTED_EDGE('',*,*,#1289,.T.);
#790=ORIENTED_EDGE('',*,*,#1151,.T.);
#791=ORIENTED_EDGE('',*,*,#1269,.T.);
#792=ORIENTED_EDGE('',*,*,#1292,.T.);
#793=ORIENTED_EDGE('',*,*,#1232,.F.);
#794=ORIENTED_EDGE('',*,*,#1237,.F.);
#795=ORIENTED_EDGE('',*,*,#1233,.F.);
#796=ORIENTED_EDGE('',*,*,#1292,.F.);
#797=ORIENTED_EDGE('',*,*,#1268,.F.);
#798=ORIENTED_EDGE('',*,*,#1128,.T.);
#799=ORIENTED_EDGE('',*,*,#1248,.T.);
#800=ORIENTED_EDGE('',*,*,#1148,.T.);
#801=ORIENTED_EDGE('',*,*,#1293,.F.);
#802=ORIENTED_EDGE('',*,*,#1294,.T.);
#803=ORIENTED_EDGE('',*,*,#1295,.T.);
#804=ORIENTED_EDGE('',*,*,#1129,.T.);
#805=ORIENTED_EDGE('',*,*,#1293,.T.);
#806=ORIENTED_EDGE('',*,*,#1147,.T.);
#807=ORIENTED_EDGE('',*,*,#1259,.T.);
#808=ORIENTED_EDGE('',*,*,#1296,.T.);
#809=ORIENTED_EDGE('',*,*,#1241,.F.);
#810=ORIENTED_EDGE('',*,*,#1246,.F.);
#811=ORIENTED_EDGE('',*,*,#1242,.F.);
#812=ORIENTED_EDGE('',*,*,#1296,.F.);
#813=ORIENTED_EDGE('',*,*,#1270,.F.);
#814=ORIENTED_EDGE('',*,*,#1122,.T.);
#815=ORIENTED_EDGE('',*,*,#1283,.F.);
#816=ORIENTED_EDGE('',*,*,#1297,.F.);
#817=ORIENTED_EDGE('',*,*,#1235,.T.);
#818=ORIENTED_EDGE('',*,*,#1118,.T.);
#819=ORIENTED_EDGE('',*,*,#1287,.F.);
#820=ORIENTED_EDGE('',*,*,#1298,.F.);
#821=ORIENTED_EDGE('',*,*,#1217,.T.);
#822=ORIENTED_EDGE('',*,*,#1114,.T.);
#823=ORIENTED_EDGE('',*,*,#1299,.T.);
#824=ORIENTED_EDGE('',*,*,#1300,.F.);
#825=ORIENTED_EDGE('',*,*,#1226,.T.);
#826=ORIENTED_EDGE('',*,*,#1112,.T.);
#827=ORIENTED_EDGE('',*,*,#1301,.T.);
#828=ORIENTED_EDGE('',*,*,#1302,.F.);
#829=ORIENTED_EDGE('',*,*,#1303,.T.);
#830=ORIENTED_EDGE('',*,*,#1304,.T.);
#831=ORIENTED_EDGE('',*,*,#1305,.T.);
#832=ORIENTED_EDGE('',*,*,#1132,.F.);
#833=ORIENTED_EDGE('',*,*,#1306,.T.);
#834=ORIENTED_EDGE('',*,*,#1307,.F.);
#835=ORIENTED_EDGE('',*,*,#1308,.T.);
#836=ORIENTED_EDGE('',*,*,#1130,.T.);
#837=ORIENTED_EDGE('',*,*,#1295,.F.);
#838=ORIENTED_EDGE('',*,*,#1126,.T.);
#839=ORIENTED_EDGE('',*,*,#1291,.F.);
#840=ORIENTED_EDGE('',*,*,#1309,.F.);
#841=ORIENTED_EDGE('',*,*,#1244,.T.);
#842=ORIENTED_EDGE('',*,*,#1304,.F.);
#843=ORIENTED_EDGE('',*,*,#1310,.T.);
#844=ORIENTED_EDGE('',*,*,#1307,.T.);
#845=ORIENTED_EDGE('',*,*,#1294,.F.);
#846=ORIENTED_EDGE('',*,*,#1240,.F.);
#847=ORIENTED_EDGE('',*,*,#1245,.F.);
#848=ORIENTED_EDGE('',*,*,#1309,.T.);
#849=ORIENTED_EDGE('',*,*,#1290,.F.);
#850=ORIENTED_EDGE('',*,*,#1231,.F.);
#851=ORIENTED_EDGE('',*,*,#1236,.F.);
#852=ORIENTED_EDGE('',*,*,#1297,.T.);
#853=ORIENTED_EDGE('',*,*,#1282,.F.);
#854=ORIENTED_EDGE('',*,*,#1213,.F.);
#855=ORIENTED_EDGE('',*,*,#1218,.F.);
#856=ORIENTED_EDGE('',*,*,#1298,.T.);
#857=ORIENTED_EDGE('',*,*,#1286,.F.);
#858=ORIENTED_EDGE('',*,*,#1222,.F.);
#859=ORIENTED_EDGE('',*,*,#1227,.F.);
#860=ORIENTED_EDGE('',*,*,#1300,.T.);
#861=ORIENTED_EDGE('',*,*,#1311,.T.);
#862=ORIENTED_EDGE('',*,*,#1302,.T.);
#863=ORIENTED_EDGE('',*,*,#1312,.T.);
#864=ORIENTED_EDGE('',*,*,#1211,.F.);
#865=ORIENTED_EDGE('',*,*,#1313,.T.);
#866=ORIENTED_EDGE('',*,*,#1106,.F.);
#867=ORIENTED_EDGE('',*,*,#1197,.T.);
#868=ORIENTED_EDGE('',*,*,#1105,.F.);
#869=ORIENTED_EDGE('',*,*,#1196,.T.);
#870=ORIENTED_EDGE('',*,*,#1104,.F.);
#871=ORIENTED_EDGE('',*,*,#1195,.T.);
#872=ORIENTED_EDGE('',*,*,#1103,.F.);
#873=ORIENTED_EDGE('',*,*,#1194,.T.);
#874=ORIENTED_EDGE('',*,*,#1165,.T.);
#875=ORIENTED_EDGE('',*,*,#1314,.T.);
#876=ORIENTED_EDGE('',*,*,#1315,.T.);
#877=ORIENTED_EDGE('',*,*,#1316,.T.);
#878=ORIENTED_EDGE('',*,*,#1200,.T.);
#879=ORIENTED_EDGE('',*,*,#1193,.F.);
#880=ORIENTED_EDGE('',*,*,#1206,.T.);
#881=ORIENTED_EDGE('',*,*,#1317,.T.);
#882=ORIENTED_EDGE('',*,*,#1318,.T.);
#883=ORIENTED_EDGE('',*,*,#1319,.T.);
#884=ORIENTED_EDGE('',*,*,#1143,.T.);
#885=ORIENTED_EDGE('',*,*,#1188,.T.);
#886=ORIENTED_EDGE('',*,*,#1320,.T.);
#887=ORIENTED_EDGE('',*,*,#1321,.T.);
#888=ORIENTED_EDGE('',*,*,#1322,.T.);
#889=ORIENTED_EDGE('',*,*,#1323,.T.);
#890=ORIENTED_EDGE('',*,*,#1324,.T.);
#891=ORIENTED_EDGE('',*,*,#1325,.T.);
#892=ORIENTED_EDGE('',*,*,#1326,.F.);
#893=ORIENTED_EDGE('',*,*,#1327,.F.);
#894=ORIENTED_EDGE('',*,*,#1326,.T.);
#895=ORIENTED_EDGE('',*,*,#1328,.T.);
#896=ORIENTED_EDGE('',*,*,#1329,.F.);
#897=ORIENTED_EDGE('',*,*,#1330,.T.);
#898=ORIENTED_EDGE('',*,*,#1329,.T.);
#899=ORIENTED_EDGE('',*,*,#1331,.T.);
#900=ORIENTED_EDGE('',*,*,#1332,.F.);
#901=ORIENTED_EDGE('',*,*,#1333,.F.);
#902=ORIENTED_EDGE('',*,*,#1332,.T.);
#903=ORIENTED_EDGE('',*,*,#1334,.T.);
#904=ORIENTED_EDGE('',*,*,#1335,.F.);
#905=ORIENTED_EDGE('',*,*,#1336,.F.);
#906=ORIENTED_EDGE('',*,*,#1335,.T.);
#907=ORIENTED_EDGE('',*,*,#1337,.T.);
#908=ORIENTED_EDGE('',*,*,#1338,.F.);
#909=ORIENTED_EDGE('',*,*,#1339,.T.);
#910=ORIENTED_EDGE('',*,*,#1338,.T.);
#911=ORIENTED_EDGE('',*,*,#1340,.T.);
#912=ORIENTED_EDGE('',*,*,#1341,.F.);
#913=ORIENTED_EDGE('',*,*,#1342,.T.);
#914=ORIENTED_EDGE('',*,*,#1341,.T.);
#915=ORIENTED_EDGE('',*,*,#1343,.T.);
#916=ORIENTED_EDGE('',*,*,#1344,.T.);
#917=ORIENTED_EDGE('',*,*,#1345,.T.);
#918=ORIENTED_EDGE('',*,*,#1346,.T.);
#919=ORIENTED_EDGE('',*,*,#1347,.T.);
#920=ORIENTED_EDGE('',*,*,#1348,.T.);
#921=ORIENTED_EDGE('',*,*,#1349,.T.);
#922=ORIENTED_EDGE('',*,*,#1350,.T.);
#923=ORIENTED_EDGE('',*,*,#1351,.T.);
#924=ORIENTED_EDGE('',*,*,#1352,.F.);
#925=ORIENTED_EDGE('',*,*,#1353,.F.);
#926=ORIENTED_EDGE('',*,*,#1352,.T.);
#927=ORIENTED_EDGE('',*,*,#1354,.T.);
#928=ORIENTED_EDGE('',*,*,#1355,.F.);
#929=ORIENTED_EDGE('',*,*,#1356,.T.);
#930=ORIENTED_EDGE('',*,*,#1355,.T.);
#931=ORIENTED_EDGE('',*,*,#1357,.T.);
#932=ORIENTED_EDGE('',*,*,#1358,.T.);
#933=ORIENTED_EDGE('',*,*,#1359,.T.);
#934=ORIENTED_EDGE('',*,*,#1323,.F.);
#935=ORIENTED_EDGE('',*,*,#1360,.T.);
#936=ORIENTED_EDGE('',*,*,#1327,.T.);
#937=ORIENTED_EDGE('',*,*,#1330,.F.);
#938=ORIENTED_EDGE('',*,*,#1333,.T.);
#939=ORIENTED_EDGE('',*,*,#1336,.T.);
#940=ORIENTED_EDGE('',*,*,#1339,.F.);
#941=ORIENTED_EDGE('',*,*,#1342,.F.);
#942=ORIENTED_EDGE('',*,*,#1345,.F.);
#943=ORIENTED_EDGE('',*,*,#1361,.T.);
#944=ORIENTED_EDGE('',*,*,#1349,.F.);
#945=ORIENTED_EDGE('',*,*,#1362,.T.);
#946=ORIENTED_EDGE('',*,*,#1353,.T.);
#947=ORIENTED_EDGE('',*,*,#1356,.F.);
#948=ORIENTED_EDGE('',*,*,#1359,.F.);
#949=ORIENTED_EDGE('',*,*,#1363,.T.);
#950=ORIENTED_EDGE('',*,*,#1344,.F.);
#951=ORIENTED_EDGE('',*,*,#1364,.T.);
#952=ORIENTED_EDGE('',*,*,#1346,.F.);
#953=ORIENTED_EDGE('',*,*,#1361,.F.);
#954=ORIENTED_EDGE('',*,*,#1348,.F.);
#955=ORIENTED_EDGE('',*,*,#1365,.T.);
#956=ORIENTED_EDGE('',*,*,#1350,.F.);
#957=ORIENTED_EDGE('',*,*,#1362,.F.);
#958=ORIENTED_EDGE('',*,*,#1358,.F.);
#959=ORIENTED_EDGE('',*,*,#1366,.T.);
#960=ORIENTED_EDGE('',*,*,#1320,.F.);
#961=ORIENTED_EDGE('',*,*,#1363,.F.);
#962=ORIENTED_EDGE('',*,*,#1322,.F.);
#963=ORIENTED_EDGE('',*,*,#1367,.T.);
#964=ORIENTED_EDGE('',*,*,#1324,.F.);
#965=ORIENTED_EDGE('',*,*,#1360,.F.);
#966=ORIENTED_EDGE('',*,*,#1368,.F.);
#967=ORIENTED_EDGE('',*,*,#1177,.F.);
#968=ORIENTED_EDGE('',*,*,#1369,.F.);
#969=ORIENTED_EDGE('',*,*,#1331,.F.);
#970=ORIENTED_EDGE('',*,*,#1369,.T.);
#971=ORIENTED_EDGE('',*,*,#1176,.F.);
#972=ORIENTED_EDGE('',*,*,#1370,.F.);
#973=ORIENTED_EDGE('',*,*,#1334,.F.);
#974=ORIENTED_EDGE('',*,*,#1368,.T.);
#975=ORIENTED_EDGE('',*,*,#1328,.F.);
#976=ORIENTED_EDGE('',*,*,#1371,.F.);
#977=ORIENTED_EDGE('',*,*,#1178,.F.);
#978=ORIENTED_EDGE('',*,*,#1370,.T.);
#979=ORIENTED_EDGE('',*,*,#1175,.F.);
#980=ORIENTED_EDGE('',*,*,#1372,.F.);
#981=ORIENTED_EDGE('',*,*,#1337,.F.);
#982=ORIENTED_EDGE('',*,*,#1371,.T.);
#983=ORIENTED_EDGE('',*,*,#1325,.F.);
#984=ORIENTED_EDGE('',*,*,#1373,.F.);
#985=ORIENTED_EDGE('',*,*,#1179,.F.);
#986=ORIENTED_EDGE('',*,*,#1372,.T.);
#987=ORIENTED_EDGE('',*,*,#1174,.F.);
#988=ORIENTED_EDGE('',*,*,#1374,.F.);
#989=ORIENTED_EDGE('',*,*,#1340,.F.);
#990=ORIENTED_EDGE('',*,*,#1373,.T.);
#991=ORIENTED_EDGE('',*,*,#1367,.F.);
#992=ORIENTED_EDGE('',*,*,#1375,.F.);
#993=ORIENTED_EDGE('',*,*,#1180,.F.);
#994=ORIENTED_EDGE('',*,*,#1374,.T.);
#995=ORIENTED_EDGE('',*,*,#1173,.F.);
#996=ORIENTED_EDGE('',*,*,#1376,.F.);
#997=ORIENTED_EDGE('',*,*,#1343,.F.);
#998=ORIENTED_EDGE('',*,*,#1375,.T.);
#999=ORIENTED_EDGE('',*,*,#1321,.F.);
#1000=ORIENTED_EDGE('',*,*,#1377,.F.);
#1001=ORIENTED_EDGE('',*,*,#1181,.F.);
#1002=ORIENTED_EDGE('',*,*,#1376,.T.);
#1003=ORIENTED_EDGE('',*,*,#1172,.F.);
#1004=ORIENTED_EDGE('',*,*,#1378,.F.);
#1005=ORIENTED_EDGE('',*,*,#1364,.F.);
#1006=ORIENTED_EDGE('',*,*,#1377,.T.);
#1007=ORIENTED_EDGE('',*,*,#1366,.F.);
#1008=ORIENTED_EDGE('',*,*,#1379,.F.);
#1009=ORIENTED_EDGE('',*,*,#1182,.F.);
#1010=ORIENTED_EDGE('',*,*,#1378,.T.);
#1011=ORIENTED_EDGE('',*,*,#1171,.F.);
#1012=ORIENTED_EDGE('',*,*,#1380,.F.);
#1013=ORIENTED_EDGE('',*,*,#1347,.F.);
#1014=ORIENTED_EDGE('',*,*,#1379,.T.);
#1015=ORIENTED_EDGE('',*,*,#1357,.F.);
#1016=ORIENTED_EDGE('',*,*,#1381,.F.);
#1017=ORIENTED_EDGE('',*,*,#1183,.F.);
#1018=ORIENTED_EDGE('',*,*,#1380,.T.);
#1019=ORIENTED_EDGE('',*,*,#1170,.F.);
#1020=ORIENTED_EDGE('',*,*,#1382,.F.);
#1021=ORIENTED_EDGE('',*,*,#1365,.F.);
#1022=ORIENTED_EDGE('',*,*,#1381,.T.);
#1023=ORIENTED_EDGE('',*,*,#1354,.F.);
#1024=ORIENTED_EDGE('',*,*,#1383,.F.);
#1025=ORIENTED_EDGE('',*,*,#1168,.F.);
#1026=ORIENTED_EDGE('',*,*,#1382,.T.);
#1027=ORIENTED_EDGE('',*,*,#1169,.F.);
#1028=ORIENTED_EDGE('',*,*,#1383,.T.);
#1029=ORIENTED_EDGE('',*,*,#1351,.F.);
#1030=ORIENTED_EDGE('',*,*,#1318,.F.);
#1031=ORIENTED_EDGE('',*,*,#1384,.T.);
#1032=ORIENTED_EDGE('',*,*,#1254,.F.);
#1033=ORIENTED_EDGE('',*,*,#1385,.T.);
#1034=ORIENTED_EDGE('',*,*,#1274,.T.);
#1035=ORIENTED_EDGE('',*,*,#1386,.T.);
#1036=ORIENTED_EDGE('',*,*,#1272,.F.);
#1037=ORIENTED_EDGE('',*,*,#1275,.F.);
#1038=ORIENTED_EDGE('',*,*,#1385,.F.);
#1039=ORIENTED_EDGE('',*,*,#1258,.F.);
#1040=ORIENTED_EDGE('',*,*,#1251,.T.);
#1041=ORIENTED_EDGE('',*,*,#1387,.F.);
#1042=ORIENTED_EDGE('',*,*,#1279,.T.);
#1043=ORIENTED_EDGE('',*,*,#1280,.F.);
#1044=ORIENTED_EDGE('',*,*,#1250,.T.);
#1045=ORIENTED_EDGE('',*,*,#1388,.T.);
#1046=ORIENTED_EDGE('',*,*,#1315,.F.);
#1047=ORIENTED_EDGE('',*,*,#1389,.T.);
#1048=ORIENTED_EDGE('',*,*,#1276,.T.);
#1049=ORIENTED_EDGE('',*,*,#1387,.T.);
#1050=ORIENTED_EDGE('',*,*,#1138,.F.);
#1051=ORIENTED_EDGE('',*,*,#1390,.T.);
#1052=ORIENTED_EDGE('',*,*,#1140,.T.);
#1053=ORIENTED_EDGE('',*,*,#1391,.T.);
#1054=ORIENTED_EDGE('',*,*,#1199,.F.);
#1055=ORIENTED_EDGE('',*,*,#1208,.F.);
#1056=ORIENTED_EDGE('',*,*,#1109,.F.);
#1057=ORIENTED_EDGE('',*,*,#1191,.F.);
#1058=ORIENTED_EDGE('',*,*,#1207,.F.);
#1059=ORIENTED_EDGE('',*,*,#1186,.F.);
#1060=ORIENTED_EDGE('',*,*,#1135,.F.);
#1061=ORIENTED_EDGE('',*,*,#1209,.F.);
#1062=ORIENTED_EDGE('',*,*,#1313,.F.);
#1063=ORIENTED_EDGE('',*,*,#1210,.F.);
#1064=ORIENTED_EDGE('',*,*,#1133,.F.);
#1065=ORIENTED_EDGE('',*,*,#1305,.F.);
#1066=ORIENTED_EDGE('',*,*,#1312,.F.);
#1067=ORIENTED_EDGE('',*,*,#1301,.F.);
#1068=ORIENTED_EDGE('',*,*,#1111,.F.);
#1069=ORIENTED_EDGE('',*,*,#1212,.F.);
#1070=ORIENTED_EDGE('',*,*,#1141,.F.);
#1071=ORIENTED_EDGE('',*,*,#1390,.F.);
#1072=ORIENTED_EDGE('',*,*,#1137,.F.);
#1073=ORIENTED_EDGE('',*,*,#1189,.F.);
#1074=ORIENTED_EDGE('',*,*,#1167,.F.);
#1075=ORIENTED_EDGE('',*,*,#1192,.F.);
#1076=ORIENTED_EDGE('',*,*,#1139,.F.);
#1077=ORIENTED_EDGE('',*,*,#1391,.F.);
#1078=ORIENTED_EDGE('',*,*,#1384,.F.);
#1079=ORIENTED_EDGE('',*,*,#1317,.F.);
#1080=ORIENTED_EDGE('',*,*,#1205,.F.);
#1081=ORIENTED_EDGE('',*,*,#1255,.F.);
#1082=ORIENTED_EDGE('',*,*,#1386,.F.);
#1083=ORIENTED_EDGE('',*,*,#1273,.F.);
#1084=ORIENTED_EDGE('',*,*,#1144,.F.);
#1085=ORIENTED_EDGE('',*,*,#1319,.F.);
#1086=ORIENTED_EDGE('',*,*,#1389,.F.);
#1087=ORIENTED_EDGE('',*,*,#1314,.F.);
#1088=ORIENTED_EDGE('',*,*,#1164,.F.);
#1089=ORIENTED_EDGE('',*,*,#1277,.F.);
#1090=ORIENTED_EDGE('',*,*,#1388,.F.);
#1091=ORIENTED_EDGE('',*,*,#1249,.F.);
#1092=ORIENTED_EDGE('',*,*,#1201,.F.);
#1093=ORIENTED_EDGE('',*,*,#1316,.F.);
#1094=ORIENTED_EDGE('',*,*,#1310,.F.);
#1095=ORIENTED_EDGE('',*,*,#1306,.F.);
#1096=ORIENTED_EDGE('',*,*,#1131,.F.);
#1097=ORIENTED_EDGE('',*,*,#1308,.F.);
#1098=ORIENTED_EDGE('',*,*,#1311,.F.);
#1099=ORIENTED_EDGE('',*,*,#1299,.F.);
#1100=ORIENTED_EDGE('',*,*,#1113,.F.);
#1101=ORIENTED_EDGE('',*,*,#1303,.F.);
#1102=EDGE_CURVE('',#1392,#1392,#1584,.T.);
#1103=EDGE_CURVE('',#1393,#1393,#1585,.T.);
#1104=EDGE_CURVE('',#1394,#1394,#1586,.T.);
#1105=EDGE_CURVE('',#1395,#1395,#1587,.T.);
#1106=EDGE_CURVE('',#1396,#1396,#1588,.T.);
#1107=EDGE_CURVE('',#1397,#1397,#1589,.T.);
#1108=EDGE_CURVE('',#1398,#1399,#38,.T.);
#1109=EDGE_CURVE('',#1399,#1400,#1590,.T.);
#1110=EDGE_CURVE('',#1401,#1400,#39,.T.);
#1111=EDGE_CURVE('',#1401,#1402,#1591,.T.);
#1112=EDGE_CURVE('',#1403,#1402,#40,.T.);
#1113=EDGE_CURVE('',#1403,#1404,#1592,.F.);
#1114=EDGE_CURVE('',#1405,#1404,#41,.T.);
#1115=EDGE_CURVE('',#1406,#1405,#42,.T.);
#1116=EDGE_CURVE('',#1407,#1406,#43,.T.);
#1117=EDGE_CURVE('',#1408,#1407,#44,.T.);
#1118=EDGE_CURVE('',#1409,#1408,#45,.T.);
#1119=EDGE_CURVE('',#1410,#1409,#46,.T.);
#1120=EDGE_CURVE('',#1411,#1410,#47,.T.);
#1121=EDGE_CURVE('',#1412,#1411,#48,.T.);
#1122=EDGE_CURVE('',#1413,#1412,#49,.T.);
#1123=EDGE_CURVE('',#1414,#1413,#50,.T.);
#1124=EDGE_CURVE('',#1415,#1414,#51,.T.);
#1125=EDGE_CURVE('',#1416,#1415,#52,.T.);
#1126=EDGE_CURVE('',#1417,#1416,#53,.T.);
#1127=EDGE_CURVE('',#1418,#1417,#54,.T.);
#1128=EDGE_CURVE('',#1419,#1418,#55,.T.);
#1129=EDGE_CURVE('',#1420,#1419,#56,.T.);
#1130=EDGE_CURVE('',#1421,#1420,#57,.T.);
#1131=EDGE_CURVE('',#1421,#1422,#1593,.F.);
#1132=EDGE_CURVE('',#1422,#1423,#58,.T.);
#1133=EDGE_CURVE('',#1423,#1424,#1594,.T.);
#1134=EDGE_CURVE('',#1425,#1424,#59,.T.);
#1135=EDGE_CURVE('',#1425,#1426,#1595,.T.);
#1136=EDGE_CURVE('',#1427,#1426,#60,.T.);
#1137=EDGE_CURVE('',#1427,#1428,#1596,.T.);
#1138=EDGE_CURVE('',#1428,#1429,#61,.T.);
#1139=EDGE_CURVE('',#1429,#1398,#1597,.T.);
#1140=EDGE_CURVE('',#1430,#1431,#62,.T.);
#1141=EDGE_CURVE('',#1430,#1432,#1598,.T.);
#1142=EDGE_CURVE('',#1432,#1433,#63,.T.);
#1143=EDGE_CURVE('',#1434,#1433,#64,.T.);
#1144=EDGE_CURVE('',#1434,#1435,#1599,.F.);
#1145=EDGE_CURVE('',#1435,#1436,#65,.T.);
#1146=EDGE_CURVE('',#1437,#1436,#66,.T.);
#1147=EDGE_CURVE('',#1438,#1437,#67,.T.);
#1148=EDGE_CURVE('',#1439,#1438,#68,.T.);
#1149=EDGE_CURVE('',#1440,#1439,#69,.T.);
#1150=EDGE_CURVE('',#1441,#1440,#70,.T.);
#1151=EDGE_CURVE('',#1442,#1441,#71,.T.);
#1152=EDGE_CURVE('',#1443,#1442,#72,.T.);
#1153=EDGE_CURVE('',#1444,#1443,#73,.T.);
#1154=EDGE_CURVE('',#1445,#1444,#74,.T.);
#1155=EDGE_CURVE('',#1446,#1445,#75,.T.);
#1156=EDGE_CURVE('',#1447,#1446,#76,.T.);
#1157=EDGE_CURVE('',#1448,#1447,#77,.T.);
#1158=EDGE_CURVE('',#1449,#1448,#78,.T.);
#1159=EDGE_CURVE('',#1450,#1449,#79,.T.);
#1160=EDGE_CURVE('',#1451,#1450,#80,.T.);
#1161=EDGE_CURVE('',#1452,#1451,#81,.T.);
#1162=EDGE_CURVE('',#1453,#1452,#82,.T.);
#1163=EDGE_CURVE('',#1454,#1453,#83,.T.);
#1164=EDGE_CURVE('',#1454,#1455,#1600,.F.);
#1165=EDGE_CURVE('',#1456,#1455,#84,.T.);
#1166=EDGE_CURVE('',#1457,#1456,#85,.T.);
#1167=EDGE_CURVE('',#1457,#1431,#1601,.T.);
#1168=EDGE_CURVE('',#1458,#1459,#86,.T.);
#1169=EDGE_CURVE('',#1459,#1460,#87,.T.);
#1170=EDGE_CURVE('',#1460,#1461,#1602,.T.);
#1171=EDGE_CURVE('',#1461,#1462,#88,.T.);
#1172=EDGE_CURVE('',#1462,#1463,#1603,.T.);
#1173=EDGE_CURVE('',#1463,#1464,#89,.T.);
#1174=EDGE_CURVE('',#1464,#1465,#90,.T.);
#1175=EDGE_CURVE('',#1465,#1466,#91,.T.);
#1176=EDGE_CURVE('',#1466,#1467,#92,.T.);
#1177=EDGE_CURVE('',#1467,#1468,#93,.T.);
#1178=EDGE_CURVE('',#1468,#1469,#94,.T.);
#1179=EDGE_CURVE('',#1469,#1470,#95,.T.);
#1180=EDGE_CURVE('',#1470,#1471,#1604,.T.);
#1181=EDGE_CURVE('',#1471,#1472,#96,.T.);
#1182=EDGE_CURVE('',#1472,#1473,#1605,.T.);
#1183=EDGE_CURVE('',#1473,#1458,#97,.T.);
#1184=EDGE_CURVE('',#1474,#1474,#1606,.F.);
#1185=EDGE_CURVE('',#1475,#1475,#1607,.F.);
#1186=EDGE_CURVE('',#1426,#1476,#98,.F.);
#1187=EDGE_CURVE('',#1476,#1477,#99,.T.);
#1188=EDGE_CURVE('',#1433,#1477,#100,.T.);
#1189=EDGE_CURVE('',#1432,#1427,#101,.T.);
#1190=EDGE_CURVE('',#1478,#1479,#102,.T.);
#1191=EDGE_CURVE('',#1478,#1399,#103,.T.);
#1192=EDGE_CURVE('',#1398,#1457,#104,.F.);
#1193=EDGE_CURVE('',#1456,#1479,#105,.T.);
#1194=EDGE_CURVE('',#1480,#1480,#1608,.F.);
#1195=EDGE_CURVE('',#1481,#1481,#1609,.F.);
#1196=EDGE_CURVE('',#1482,#1482,#1610,.F.);
#1197=EDGE_CURVE('',#1483,#1483,#1611,.F.);
#1198=EDGE_CURVE('',#1484,#1485,#106,.T.);
#1199=EDGE_CURVE('',#1485,#1478,#1612,.F.);
#1200=EDGE_CURVE('',#1486,#1479,#107,.T.);
#1201=EDGE_CURVE('',#1486,#1487,#1613,.F.);
#1202=EDGE_CURVE('',#1487,#1488,#108,.T.);
#1203=EDGE_CURVE('',#1488,#1489,#109,.T.);
#1204=EDGE_CURVE('',#1490,#1489,#110,.T.);
#1205=EDGE_CURVE('',#1490,#1491,#1614,.F.);
#1206=EDGE_CURVE('',#1477,#1491,#111,.T.);
#1207=EDGE_CURVE('',#1476,#1484,#1615,.F.);
#1208=EDGE_CURVE('',#1400,#1485,#112,.F.);
#1209=EDGE_CURVE('',#1484,#1425,#113,.T.);
#1210=EDGE_CURVE('',#1424,#1492,#114,.F.);
#1211=EDGE_CURVE('',#1492,#1493,#115,.T.);
#1212=EDGE_CURVE('',#1493,#1401,#116,.T.);
#1213=EDGE_CURVE('',#1494,#1495,#117,.T.);
#1214=EDGE_CURVE('',#1495,#1496,#118,.T.);
#1215=EDGE_CURVE('',#1496,#1497,#119,.T.);
#1216=EDGE_CURVE('',#1494,#1497,#120,.T.);
#1217=EDGE_CURVE('',#1498,#1409,#121,.T.);
#1218=EDGE_CURVE('',#1498,#1494,#122,.T.);
#1219=EDGE_CURVE('',#1497,#1499,#123,.F.);
#1220=EDGE_CURVE('',#1499,#1448,#124,.T.);
#1221=EDGE_CURVE('',#1410,#1447,#125,.T.);
#1222=EDGE_CURVE('',#1500,#1501,#126,.T.);
#1223=EDGE_CURVE('',#1501,#1502,#127,.T.);
#1224=EDGE_CURVE('',#1502,#1503,#128,.T.);
#1225=EDGE_CURVE('',#1500,#1503,#129,.T.);
#1226=EDGE_CURVE('',#1504,#1405,#130,.T.);
#1227=EDGE_CURVE('',#1504,#1500,#131,.T.);
#1228=EDGE_CURVE('',#1503,#1505,#132,.F.);
#1229=EDGE_CURVE('',#1505,#1452,#133,.T.);
#1230=EDGE_CURVE('',#1406,#1451,#134,.T.);
#1231=EDGE_CURVE('',#1506,#1507,#135,.T.);
#1232=EDGE_CURVE('',#1507,#1508,#136,.T.);
#1233=EDGE_CURVE('',#1508,#1509,#137,.T.);
#1234=EDGE_CURVE('',#1506,#1509,#138,.T.);
#1235=EDGE_CURVE('',#1510,#1413,#139,.T.);
#1236=EDGE_CURVE('',#1510,#1506,#140,.T.);
#1237=EDGE_CURVE('',#1509,#1511,#141,.F.);
#1238=EDGE_CURVE('',#1511,#1444,#142,.T.);
#1239=EDGE_CURVE('',#1414,#1443,#143,.T.);
#1240=EDGE_CURVE('',#1512,#1513,#144,.T.);
#1241=EDGE_CURVE('',#1513,#1514,#145,.T.);
#1242=EDGE_CURVE('',#1514,#1515,#146,.T.);
#1243=EDGE_CURVE('',#1512,#1515,#147,.T.);
#1244=EDGE_CURVE('',#1516,#1417,#148,.T.);
#1245=EDGE_CURVE('',#1516,#1512,#149,.T.);
#1246=EDGE_CURVE('',#1515,#1517,#150,.T.);
#1247=EDGE_CURVE('',#1517,#1440,#151,.T.);
#1248=EDGE_CURVE('',#1418,#1439,#152,.T.);
#1249=EDGE_CURVE('',#1487,#1518,#153,.F.);
#1250=EDGE_CURVE('',#1519,#1518,#154,.T.);
#1251=EDGE_CURVE('',#1520,#1519,#155,.T.);
#1252=EDGE_CURVE('',#1521,#1520,#156,.T.);
#1253=EDGE_CURVE('',#1521,#1488,#157,.T.);
#1254=EDGE_CURVE('',#1522,#1523,#158,.T.);
#1255=EDGE_CURVE('',#1523,#1490,#159,.T.);
#1256=EDGE_CURVE('',#1524,#1489,#160,.T.);
#1257=EDGE_CURVE('',#1524,#1525,#161,.T.);
#1258=EDGE_CURVE('',#1525,#1522,#162,.T.);
#1259=EDGE_CURVE('',#1437,#1526,#163,.T.);
#1260=EDGE_CURVE('',#1527,#1436,#164,.T.);
#1261=EDGE_CURVE('',#1524,#1527,#165,.T.);
#1262=EDGE_CURVE('',#1528,#1521,#166,.T.);
#1263=EDGE_CURVE('',#1528,#1453,#167,.T.);
#1264=EDGE_CURVE('',#1505,#1529,#168,.T.);
#1265=EDGE_CURVE('',#1449,#1529,#169,.T.);
#1266=EDGE_CURVE('',#1499,#1530,#170,.T.);
#1267=EDGE_CURVE('',#1445,#1530,#171,.T.);
#1268=EDGE_CURVE('',#1511,#1531,#172,.T.);
#1269=EDGE_CURVE('',#1441,#1531,#173,.T.);
#1270=EDGE_CURVE('',#1517,#1526,#174,.T.);
#1271=EDGE_CURVE('',#1532,#1527,#175,.T.);
#1272=EDGE_CURVE('',#1532,#1525,#176,.T.);
#1273=EDGE_CURVE('',#1435,#1533,#177,.F.);
#1274=EDGE_CURVE('',#1534,#1533,#178,.T.);
#1275=EDGE_CURVE('',#1534,#1532,#179,.T.);
#1276=EDGE_CURVE('',#1535,#1536,#180,.T.);
#1277=EDGE_CURVE('',#1535,#1454,#181,.T.);
#1278=EDGE_CURVE('',#1537,#1528,#182,.T.);
#1279=EDGE_CURVE('',#1536,#1537,#183,.T.);
#1280=EDGE_CURVE('',#1520,#1537,#184,.T.);
#1281=EDGE_CURVE('',#1411,#1446,#185,.T.);
#1282=EDGE_CURVE('',#1495,#1538,#186,.T.);
#1283=EDGE_CURVE('',#1538,#1412,#187,.T.);
#1284=EDGE_CURVE('',#1530,#1496,#188,.T.);
#1285=EDGE_CURVE('',#1407,#1450,#189,.T.);
#1286=EDGE_CURVE('',#1501,#1539,#190,.T.);
#1287=EDGE_CURVE('',#1539,#1408,#191,.T.);
#1288=EDGE_CURVE('',#1529,#1502,#192,.T.);
#1289=EDGE_CURVE('',#1415,#1442,#193,.T.);
#1290=EDGE_CURVE('',#1507,#1540,#194,.T.);
#1291=EDGE_CURVE('',#1540,#1416,#195,.T.);
#1292=EDGE_CURVE('',#1531,#1508,#196,.T.);
#1293=EDGE_CURVE('',#1419,#1438,#197,.T.);
#1294=EDGE_CURVE('',#1513,#1541,#198,.T.);
#1295=EDGE_CURVE('',#1541,#1420,#199,.T.);
#1296=EDGE_CURVE('',#1526,#1514,#200,.F.);
#1297=EDGE_CURVE('',#1510,#1538,#201,.T.);
#1298=EDGE_CURVE('',#1498,#1539,#202,.T.);
#1299=EDGE_CURVE('',#1404,#1542,#203,.F.);
#1300=EDGE_CURVE('',#1504,#1542,#204,.T.);
#1301=EDGE_CURVE('',#1402,#1543,#205,.F.);
#1302=EDGE_CURVE('',#1544,#1543,#206,.T.);
#1303=EDGE_CURVE('',#1544,#1403,#207,.T.);
#1304=EDGE_CURVE('',#1545,#1546,#208,.T.);
#1305=EDGE_CURVE('',#1546,#1423,#209,.T.);
#1306=EDGE_CURVE('',#1422,#1545,#210,.F.);
#1307=EDGE_CURVE('',#1547,#1541,#211,.T.);
#1308=EDGE_CURVE('',#1547,#1421,#212,.T.);
#1309=EDGE_CURVE('',#1516,#1540,#213,.T.);
#1310=EDGE_CURVE('',#1545,#1547,#1616,.T.);
#1311=EDGE_CURVE('',#1542,#1544,#1617,.T.);
#1312=EDGE_CURVE('',#1543,#1493,#1618,.F.);
#1313=EDGE_CURVE('',#1492,#1546,#1619,.F.);
#1314=EDGE_CURVE('',#1455,#1548,#214,.F.);
#1315=EDGE_CURVE('',#1548,#1549,#215,.T.);
#1316=EDGE_CURVE('',#1549,#1486,#216,.T.);
#1317=EDGE_CURVE('',#1491,#1550,#217,.F.);
#1318=EDGE_CURVE('',#1550,#1551,#218,.T.);
#1319=EDGE_CURVE('',#1551,#1434,#219,.T.);
#1320=EDGE_CURVE('',#1552,#1553,#220,.T.);
#1321=EDGE_CURVE('',#1553,#1554,#221,.T.);
#1322=EDGE_CURVE('',#1554,#1555,#222,.F.);
#1323=EDGE_CURVE('',#1555,#1552,#223,.T.);
#1324=EDGE_CURVE('',#1556,#1557,#224,.T.);
#1325=EDGE_CURVE('',#1557,#1558,#225,.T.);
#1326=EDGE_CURVE('',#1559,#1558,#226,.T.);
#1327=EDGE_CURVE('',#1556,#1559,#227,.T.);
#1328=EDGE_CURVE('',#1558,#1560,#228,.T.);
#1329=EDGE_CURVE('',#1561,#1560,#229,.T.);
#1330=EDGE_CURVE('',#1561,#1559,#230,.T.);
#1331=EDGE_CURVE('',#1560,#1562,#231,.T.);
#1332=EDGE_CURVE('',#1563,#1562,#232,.T.);
#1333=EDGE_CURVE('',#1561,#1563,#233,.T.);
#1334=EDGE_CURVE('',#1562,#1564,#234,.T.);
#1335=EDGE_CURVE('',#1565,#1564,#235,.T.);
#1336=EDGE_CURVE('',#1563,#1565,#236,.T.);
#1337=EDGE_CURVE('',#1564,#1566,#237,.T.);
#1338=EDGE_CURVE('',#1567,#1566,#238,.T.);
#1339=EDGE_CURVE('',#1567,#1565,#239,.T.);
#1340=EDGE_CURVE('',#1566,#1568,#240,.T.);
#1341=EDGE_CURVE('',#1569,#1568,#241,.T.);
#1342=EDGE_CURVE('',#1569,#1567,#242,.T.);
#1343=EDGE_CURVE('',#1568,#1570,#243,.T.);
#1344=EDGE_CURVE('',#1570,#1571,#244,.F.);
#1345=EDGE_CURVE('',#1571,#1569,#245,.T.);
#1346=EDGE_CURVE('',#1572,#1573,#246,.T.);
#1347=EDGE_CURVE('',#1573,#1574,#247,.T.);
#1348=EDGE_CURVE('',#1574,#1575,#248,.F.);
#1349=EDGE_CURVE('',#1575,#1572,#249,.T.);
#1350=EDGE_CURVE('',#1576,#1577,#250,.T.);
#1351=EDGE_CURVE('',#1577,#1578,#251,.T.);
#1352=EDGE_CURVE('',#1579,#1578,#252,.T.);
#1353=EDGE_CURVE('',#1576,#1579,#253,.T.);
#1354=EDGE_CURVE('',#1578,#1580,#254,.T.);
#1355=EDGE_CURVE('',#1581,#1580,#255,.T.);
#1356=EDGE_CURVE('',#1581,#1579,#256,.T.);
#1357=EDGE_CURVE('',#1580,#1582,#257,.T.);
#1358=EDGE_CURVE('',#1582,#1583,#258,.F.);
#1359=EDGE_CURVE('',#1583,#1581,#259,.T.);
#1360=EDGE_CURVE('',#1555,#1556,#1620,.F.);
#1361=EDGE_CURVE('',#1571,#1572,#1621,.F.);
#1362=EDGE_CURVE('',#1575,#1576,#1622,.F.);
#1363=EDGE_CURVE('',#1583,#1552,#1623,.F.);
#1364=EDGE_CURVE('',#1570,#1573,#1624,.F.);
#1365=EDGE_CURVE('',#1574,#1577,#1625,.F.);
#1366=EDGE_CURVE('',#1582,#1553,#1626,.F.);
#1367=EDGE_CURVE('',#1554,#1557,#1627,.F.);
#1368=EDGE_CURVE('',#1468,#1560,#260,.F.);
#1369=EDGE_CURVE('',#1562,#1467,#261,.F.);
#1370=EDGE_CURVE('',#1564,#1466,#262,.T.);
#1371=EDGE_CURVE('',#1469,#1558,#263,.F.);
#1372=EDGE_CURVE('',#1566,#1465,#264,.F.);
#1373=EDGE_CURVE('',#1470,#1557,#265,.T.);
#1374=EDGE_CURVE('',#1568,#1464,#266,.F.);
#1375=EDGE_CURVE('',#1471,#1554,#267,.T.);
#1376=EDGE_CURVE('',#1570,#1463,#268,.T.);
#1377=EDGE_CURVE('',#1472,#1553,#269,.T.);
#1378=EDGE_CURVE('',#1573,#1462,#270,.T.);
#1379=EDGE_CURVE('',#1473,#1582,#271,.T.);
#1380=EDGE_CURVE('',#1574,#1461,#272,.T.);
#1381=EDGE_CURVE('',#1458,#1580,#273,.T.);
#1382=EDGE_CURVE('',#1577,#1460,#274,.T.);
#1383=EDGE_CURVE('',#1459,#1578,#275,.T.);
#1384=EDGE_CURVE('',#1550,#1523,#1628,.F.);
#1385=EDGE_CURVE('',#1522,#1534,#276,.T.);
#1386=EDGE_CURVE('',#1533,#1551,#1629,.T.);
#1387=EDGE_CURVE('',#1536,#1519,#277,.T.);
#1388=EDGE_CURVE('',#1518,#1549,#1630,.F.);
#1389=EDGE_CURVE('',#1548,#1535,#1631,.T.);
#1390=EDGE_CURVE('',#1428,#1430,#278,.F.);
#1391=EDGE_CURVE('',#1431,#1429,#279,.T.);
#1392=VERTEX_POINT('',#2741);
#1393=VERTEX_POINT('',#2743);
#1394=VERTEX_POINT('',#2745);
#1395=VERTEX_POINT('',#2747);
#1396=VERTEX_POINT('',#2749);
#1397=VERTEX_POINT('',#2751);
#1398=VERTEX_POINT('',#2753);
#1399=VERTEX_POINT('',#2754);
#1400=VERTEX_POINT('',#2756);
#1401=VERTEX_POINT('',#2758);
#1402=VERTEX_POINT('',#2760);
#1403=VERTEX_POINT('',#2762);
#1404=VERTEX_POINT('',#2764);
#1405=VERTEX_POINT('',#2766);
#1406=VERTEX_POINT('',#2768);
#1407=VERTEX_POINT('',#2770);
#1408=VERTEX_POINT('',#2772);
#1409=VERTEX_POINT('',#2774);
#1410=VERTEX_POINT('',#2776);
#1411=VERTEX_POINT('',#2778);
#1412=VERTEX_POINT('',#2780);
#1413=VERTEX_POINT('',#2782);
#1414=VERTEX_POINT('',#2784);
#1415=VERTEX_POINT('',#2786);
#1416=VERTEX_POINT('',#2788);
#1417=VERTEX_POINT('',#2790);
#1418=VERTEX_POINT('',#2792);
#1419=VERTEX_POINT('',#2794);
#1420=VERTEX_POINT('',#2796);
#1421=VERTEX_POINT('',#2798);
#1422=VERTEX_POINT('',#2800);
#1423=VERTEX_POINT('',#2802);
#1424=VERTEX_POINT('',#2804);
#1425=VERTEX_POINT('',#2806);
#1426=VERTEX_POINT('',#2808);
#1427=VERTEX_POINT('',#2810);
#1428=VERTEX_POINT('',#2812);
#1429=VERTEX_POINT('',#2814);
#1430=VERTEX_POINT('',#2818);
#1431=VERTEX_POINT('',#2819);
#1432=VERTEX_POINT('',#2821);
#1433=VERTEX_POINT('',#2823);
#1434=VERTEX_POINT('',#2825);
#1435=VERTEX_POINT('',#2827);
#1436=VERTEX_POINT('',#2829);
#1437=VERTEX_POINT('',#2831);
#1438=VERTEX_POINT('',#2833);
#1439=VERTEX_POINT('',#2835);
#1440=VERTEX_POINT('',#2837);
#1441=VERTEX_POINT('',#2839);
#1442=VERTEX_POINT('',#2841);
#1443=VERTEX_POINT('',#2843);
#1444=VERTEX_POINT('',#2845);
#1445=VERTEX_POINT('',#2847);
#1446=VERTEX_POINT('',#2849);
#1447=VERTEX_POINT('',#2851);
#1448=VERTEX_POINT('',#2853);
#1449=VERTEX_POINT('',#2855);
#1450=VERTEX_POINT('',#2857);
#1451=VERTEX_POINT('',#2859);
#1452=VERTEX_POINT('',#2861);
#1453=VERTEX_POINT('',#2863);
#1454=VERTEX_POINT('',#2865);
#1455=VERTEX_POINT('',#2867);
#1456=VERTEX_POINT('',#2869);
#1457=VERTEX_POINT('',#2871);
#1458=VERTEX_POINT('',#2874);
#1459=VERTEX_POINT('',#2875);
#1460=VERTEX_POINT('',#2877);
#1461=VERTEX_POINT('',#2879);
#1462=VERTEX_POINT('',#2881);
#1463=VERTEX_POINT('',#2883);
#1464=VERTEX_POINT('',#2885);
#1465=VERTEX_POINT('',#2887);
#1466=VERTEX_POINT('',#2889);
#1467=VERTEX_POINT('',#2891);
#1468=VERTEX_POINT('',#2893);
#1469=VERTEX_POINT('',#2895);
#1470=VERTEX_POINT('',#2897);
#1471=VERTEX_POINT('',#2899);
#1472=VERTEX_POINT('',#2901);
#1473=VERTEX_POINT('',#2903);
#1474=VERTEX_POINT('',#2906);
#1475=VERTEX_POINT('',#2908);
#1476=VERTEX_POINT('',#2911);
#1477=VERTEX_POINT('',#2913);
#1478=VERTEX_POINT('',#2918);
#1479=VERTEX_POINT('',#2919);
#1480=VERTEX_POINT('',#2925);
#1481=VERTEX_POINT('',#2927);
#1482=VERTEX_POINT('',#2929);
#1483=VERTEX_POINT('',#2931);
#1484=VERTEX_POINT('',#2933);
#1485=VERTEX_POINT('',#2934);
#1486=VERTEX_POINT('',#2937);
#1487=VERTEX_POINT('',#2939);
#1488=VERTEX_POINT('',#2941);
#1489=VERTEX_POINT('',#2943);
#1490=VERTEX_POINT('',#2945);
#1491=VERTEX_POINT('',#2947);
#1492=VERTEX_POINT('',#2956);
#1493=VERTEX_POINT('',#2958);
#1494=VERTEX_POINT('',#2962);
#1495=VERTEX_POINT('',#2963);
#1496=VERTEX_POINT('',#2965);
#1497=VERTEX_POINT('',#2967);
#1498=VERTEX_POINT('',#2971);
#1499=VERTEX_POINT('',#2974);
#1500=VERTEX_POINT('',#2979);
#1501=VERTEX_POINT('',#2980);
#1502=VERTEX_POINT('',#2982);
#1503=VERTEX_POINT('',#2984);
#1504=VERTEX_POINT('',#2988);
#1505=VERTEX_POINT('',#2991);
#1506=VERTEX_POINT('',#2996);
#1507=VERTEX_POINT('',#2997);
#1508=VERTEX_POINT('',#2999);
#1509=VERTEX_POINT('',#3001);
#1510=VERTEX_POINT('',#3005);
#1511=VERTEX_POINT('',#3008);
#1512=VERTEX_POINT('',#3013);
#1513=VERTEX_POINT('',#3014);
#1514=VERTEX_POINT('',#3016);
#1515=VERTEX_POINT('',#3018);
#1516=VERTEX_POINT('',#3022);
#1517=VERTEX_POINT('',#3025);
#1518=VERTEX_POINT('',#3030);
#1519=VERTEX_POINT('',#3032);
#1520=VERTEX_POINT('',#3034);
#1521=VERTEX_POINT('',#3036);
#1522=VERTEX_POINT('',#3040);
#1523=VERTEX_POINT('',#3041);
#1524=VERTEX_POINT('',#3044);
#1525=VERTEX_POINT('',#3046);
#1526=VERTEX_POINT('',#3050);
#1527=VERTEX_POINT('',#3052);
#1528=VERTEX_POINT('',#3055);
#1529=VERTEX_POINT('',#3058);
#1530=VERTEX_POINT('',#3061);
#1531=VERTEX_POINT('',#3064);
#1532=VERTEX_POINT('',#3069);
#1533=VERTEX_POINT('',#3073);
#1534=VERTEX_POINT('',#3075);
#1535=VERTEX_POINT('',#3079);
#1536=VERTEX_POINT('',#3080);
#1537=VERTEX_POINT('',#3083);
#1538=VERTEX_POINT('',#3091);
#1539=VERTEX_POINT('',#3099);
#1540=VERTEX_POINT('',#3107);
#1541=VERTEX_POINT('',#3115);
#1542=VERTEX_POINT('',#3125);
#1543=VERTEX_POINT('',#3129);
#1544=VERTEX_POINT('',#3131);
#1545=VERTEX_POINT('',#3135);
#1546=VERTEX_POINT('',#3136);
#1547=VERTEX_POINT('',#3141);
#1548=VERTEX_POINT('',#3156);
#1549=VERTEX_POINT('',#3158);
#1550=VERTEX_POINT('',#3162);
#1551=VERTEX_POINT('',#3164);
#1552=VERTEX_POINT('',#3168);
#1553=VERTEX_POINT('',#3169);
#1554=VERTEX_POINT('',#3171);
#1555=VERTEX_POINT('',#3173);
#1556=VERTEX_POINT('',#3177);
#1557=VERTEX_POINT('',#3178);
#1558=VERTEX_POINT('',#3180);
#1559=VERTEX_POINT('',#3182);
#1560=VERTEX_POINT('',#3186);
#1561=VERTEX_POINT('',#3188);
#1562=VERTEX_POINT('',#3192);
#1563=VERTEX_POINT('',#3194);
#1564=VERTEX_POINT('',#3198);
#1565=VERTEX_POINT('',#3200);
#1566=VERTEX_POINT('',#3204);
#1567=VERTEX_POINT('',#3206);
#1568=VERTEX_POINT('',#3210);
#1569=VERTEX_POINT('',#3212);
#1570=VERTEX_POINT('',#3216);
#1571=VERTEX_POINT('',#3218);
#1572=VERTEX_POINT('',#3222);
#1573=VERTEX_POINT('',#3223);
#1574=VERTEX_POINT('',#3225);
#1575=VERTEX_POINT('',#3227);
#1576=VERTEX_POINT('',#3231);
#1577=VERTEX_POINT('',#3232);
#1578=VERTEX_POINT('',#3234);
#1579=VERTEX_POINT('',#3236);
#1580=VERTEX_POINT('',#3240);
#1581=VERTEX_POINT('',#3242);
#1582=VERTEX_POINT('',#3246);
#1583=VERTEX_POINT('',#3248);
#1584=CIRCLE('',#2054,0.002);
#1585=CIRCLE('',#2055,0.002);
#1586=CIRCLE('',#2056,0.002);
#1587=CIRCLE('',#2057,0.002);
#1588=CIRCLE('',#2058,0.002);
#1589=CIRCLE('',#2059,0.002);
#1590=CIRCLE('',#2060,0.0015);
#1591=CIRCLE('',#2061,0.0015);
#1592=CIRCLE('',#2062,0.0015);
#1593=CIRCLE('',#2063,0.0015);
#1594=CIRCLE('',#2064,0.0015);
#1595=CIRCLE('',#2065,0.0015);
#1596=CIRCLE('',#2066,0.0015);
#1597=CIRCLE('',#2067,0.0015);
#1598=CIRCLE('',#2069,0.0015);
#1599=CIRCLE('',#2070,0.0015);
#1600=CIRCLE('',#2071,0.0015);
#1601=CIRCLE('',#2072,0.0015);
#1602=CIRCLE('',#2073,0.0005);
#1603=CIRCLE('',#2074,0.0005);
#1604=CIRCLE('',#2075,0.0005);
#1605=CIRCLE('',#2076,0.0005);
#1606=CIRCLE('',#2077,0.002);
#1607=CIRCLE('',#2078,0.002);
#1608=CIRCLE('',#2082,0.002);
#1609=CIRCLE('',#2083,0.002);
#1610=CIRCLE('',#2084,0.002);
#1611=CIRCLE('',#2085,0.002);
#1612=CIRCLE('',#2086,0.0015);
#1613=CIRCLE('',#2087,0.0015);
#1614=CIRCLE('',#2088,0.0015);
#1615=CIRCLE('',#2089,0.0015);
#1616=CIRCLE('',#2128,0.0015);
#1617=CIRCLE('',#2129,0.0015);
#1618=CIRCLE('',#2130,0.0015);
#1619=CIRCLE('',#2131,0.0015);
#1620=CIRCLE('',#2151,0.0015);
#1621=CIRCLE('',#2152,0.0015);
#1622=CIRCLE('',#2153,0.0015);
#1623=CIRCLE('',#2154,0.0015);
#1624=CIRCLE('',#2156,0.0015);
#1625=CIRCLE('',#2158,0.0015);
#1626=CIRCLE('',#2160,0.0015);
#1627=CIRCLE('',#2162,0.0015);
#1628=CIRCLE('',#2180,0.0015);
#1629=CIRCLE('',#2181,0.0015);
#1630=CIRCLE('',#2185,0.0015);
#1631=CIRCLE('',#2186,0.0015);
#1632=EDGE_LOOP('',(#522));
#1633=EDGE_LOOP('',(#523));
#1634=EDGE_LOOP('',(#524));
#1635=EDGE_LOOP('',(#525));
#1636=EDGE_LOOP('',(#526));
#1637=EDGE_LOOP('',(#527));
#1638=EDGE_LOOP('',(#528,#529,#530,#531,#532,#533,#534,#535,#536,#537,#538,
#539,#540,#541,#542,#543,#544,#545,#546,#547,#548,#549,#550,#551,#552,#553,
#554,#555,#556,#557,#558,#559));
#1639=EDGE_LOOP('',(#560,#561,#562,#563,#564,#565,#566,#567,#568,#569,#570,
#571,#572,#573,#574,#575,#576,#577,#578,#579,#580,#581,#582,#583,#584,#585,
#586,#587));
#1640=EDGE_LOOP('',(#588,#589,#590,#591,#592,#593,#594,#595,#596,#597,#598,
#599,#600,#601,#602,#603));
#1641=EDGE_LOOP('',(#604));
#1642=EDGE_LOOP('',(#605));
#1643=EDGE_LOOP('',(#606,#607,#608,#609,#610,#611));
#1644=EDGE_LOOP('',(#612,#613,#614,#615,#616,#617));
#1645=EDGE_LOOP('',(#618));
#1646=EDGE_LOOP('',(#619));
#1647=EDGE_LOOP('',(#620));
#1648=EDGE_LOOP('',(#621));
#1649=EDGE_LOOP('',(#622,#623,#624,#625,#626,#627,#628,#629,#630,#631,#632,
#633));
#1650=EDGE_LOOP('',(#634));
#1651=EDGE_LOOP('',(#635));
#1652=EDGE_LOOP('',(#636));
#1653=EDGE_LOOP('',(#637));
#1654=EDGE_LOOP('',(#638,#639,#640,#641,#642,#643,#644,#645));
#1655=EDGE_LOOP('',(#646,#647,#648,#649));
#1656=EDGE_LOOP('',(#650,#651,#652,#653,#654,#655,#656,#657));
#1657=EDGE_LOOP('',(#658,#659,#660,#661));
#1658=EDGE_LOOP('',(#662,#663,#664,#665,#666,#667,#668,#669));
#1659=EDGE_LOOP('',(#670,#671,#672,#673));
#1660=EDGE_LOOP('',(#674,#675,#676,#677,#678,#679,#680,#681));
#1661=EDGE_LOOP('',(#682,#683,#684,#685));
#1662=EDGE_LOOP('',(#686,#687,#688,#689,#690,#691,#692,#693));
#1663=EDGE_LOOP('',(#694,#695,#696,#697,#698,#699));
#1664=EDGE_LOOP('',(#700,#701,#702,#703,#704,#705));
#1665=EDGE_LOOP('',(#706,#707,#708,#709,#710,#711,#712,#713,#714,#715,#716,
#717,#718,#719,#720,#721,#722,#723,#724,#725,#726,#727,#728,#729));
#1666=EDGE_LOOP('',(#730,#731,#732,#733));
#1667=EDGE_LOOP('',(#734,#735,#736,#737,#738,#739));
#1668=EDGE_LOOP('',(#740,#741,#742,#743,#744,#745));
#1669=EDGE_LOOP('',(#746,#747,#748,#749));
#1670=EDGE_LOOP('',(#750,#751,#752,#753));
#1671=EDGE_LOOP('',(#754,#755,#756,#757,#758,#759,#760,#761));
#1672=EDGE_LOOP('',(#762,#763,#764,#765));
#1673=EDGE_LOOP('',(#766,#767,#768,#769));
#1674=EDGE_LOOP('',(#770,#771,#772,#773,#774,#775,#776,#777));
#1675=EDGE_LOOP('',(#778,#779,#780,#781));
#1676=EDGE_LOOP('',(#782,#783,#784,#785));
#1677=EDGE_LOOP('',(#786,#787,#788,#789,#790,#791,#792,#793));
#1678=EDGE_LOOP('',(#794,#795,#796,#797));
#1679=EDGE_LOOP('',(#798,#799,#800,#801));
#1680=EDGE_LOOP('',(#802,#803,#804,#805,#806,#807,#808,#809));
#1681=EDGE_LOOP('',(#810,#811,#812,#813));
#1682=EDGE_LOOP('',(#814,#815,#816,#817));
#1683=EDGE_LOOP('',(#818,#819,#820,#821));
#1684=EDGE_LOOP('',(#822,#823,#824,#825));
#1685=EDGE_LOOP('',(#826,#827,#828,#829));
#1686=EDGE_LOOP('',(#830,#831,#832,#833));
#1687=EDGE_LOOP('',(#834,#835,#836,#837));
#1688=EDGE_LOOP('',(#838,#839,#840,#841));
#1689=EDGE_LOOP('',(#842,#843,#844,#845,#846,#847,#848,#849,#850,#851,#852,
#853,#854,#855,#856,#857,#858,#859,#860,#861,#862,#863,#864,#865));
#1690=EDGE_LOOP('',(#866));
#1691=EDGE_LOOP('',(#867));
#1692=EDGE_LOOP('',(#868));
#1693=EDGE_LOOP('',(#869));
#1694=EDGE_LOOP('',(#870));
#1695=EDGE_LOOP('',(#871));
#1696=EDGE_LOOP('',(#872));
#1697=EDGE_LOOP('',(#873));
#1698=EDGE_LOOP('',(#874,#875,#876,#877,#878,#879));
#1699=EDGE_LOOP('',(#880,#881,#882,#883,#884,#885));
#1700=EDGE_LOOP('',(#886,#887,#888,#889));
#1701=EDGE_LOOP('',(#890,#891,#892,#893));
#1702=EDGE_LOOP('',(#894,#895,#896,#897));
#1703=EDGE_LOOP('',(#898,#899,#900,#901));
#1704=EDGE_LOOP('',(#902,#903,#904,#905));
#1705=EDGE_LOOP('',(#906,#907,#908,#909));
#1706=EDGE_LOOP('',(#910,#911,#912,#913));
#1707=EDGE_LOOP('',(#914,#915,#916,#917));
#1708=EDGE_LOOP('',(#918,#919,#920,#921));
#1709=EDGE_LOOP('',(#922,#923,#924,#925));
#1710=EDGE_LOOP('',(#926,#927,#928,#929));
#1711=EDGE_LOOP('',(#930,#931,#932,#933));
#1712=EDGE_LOOP('',(#934,#935,#936,#937,#938,#939,#940,#941,#942,#943,#944,
#945,#946,#947,#948,#949));
#1713=EDGE_LOOP('',(#950,#951,#952,#953));
#1714=EDGE_LOOP('',(#954,#955,#956,#957));
#1715=EDGE_LOOP('',(#958,#959,#960,#961));
#1716=EDGE_LOOP('',(#962,#963,#964,#965));
#1717=EDGE_LOOP('',(#966,#967,#968,#969));
#1718=EDGE_LOOP('',(#970,#971,#972,#973));
#1719=EDGE_LOOP('',(#974,#975,#976,#977));
#1720=EDGE_LOOP('',(#978,#979,#980,#981));
#1721=EDGE_LOOP('',(#982,#983,#984,#985));
#1722=EDGE_LOOP('',(#986,#987,#988,#989));
#1723=EDGE_LOOP('',(#990,#991,#992,#993));
#1724=EDGE_LOOP('',(#994,#995,#996,#997));
#1725=EDGE_LOOP('',(#998,#999,#1000,#1001));
#1726=EDGE_LOOP('',(#1002,#1003,#1004,#1005));
#1727=EDGE_LOOP('',(#1006,#1007,#1008,#1009));
#1728=EDGE_LOOP('',(#1010,#1011,#1012,#1013));
#1729=EDGE_LOOP('',(#1014,#1015,#1016,#1017));
#1730=EDGE_LOOP('',(#1018,#1019,#1020,#1021));
#1731=EDGE_LOOP('',(#1022,#1023,#1024,#1025));
#1732=EDGE_LOOP('',(#1026,#1027,#1028,#1029));
#1733=EDGE_LOOP('',(#1030,#1031,#1032,#1033,#1034,#1035));
#1734=EDGE_LOOP('',(#1036,#1037,#1038,#1039));
#1735=EDGE_LOOP('',(#1040,#1041,#1042,#1043));
#1736=EDGE_LOOP('',(#1044,#1045,#1046,#1047,#1048,#1049));
#1737=EDGE_LOOP('',(#1050,#1051,#1052,#1053));
#1738=EDGE_LOOP('',(#1054,#1055,#1056,#1057));
#1739=EDGE_LOOP('',(#1058,#1059,#1060,#1061));
#1740=EDGE_LOOP('',(#1062,#1063,#1064,#1065));
#1741=EDGE_LOOP('',(#1066,#1067,#1068,#1069));
#1742=EDGE_LOOP('',(#1070,#1071,#1072,#1073));
#1743=EDGE_LOOP('',(#1074,#1075,#1076,#1077));
#1744=EDGE_LOOP('',(#1078,#1079,#1080,#1081));
#1745=EDGE_LOOP('',(#1082,#1083,#1084,#1085));
#1746=EDGE_LOOP('',(#1086,#1087,#1088,#1089));
#1747=EDGE_LOOP('',(#1090,#1091,#1092,#1093));
#1748=EDGE_LOOP('',(#1094,#1095,#1096,#1097));
#1749=EDGE_LOOP('',(#1098,#1099,#1100,#1101));
#1750=FACE_BOUND('',#1632,.T.);
#1751=FACE_BOUND('',#1633,.T.);
#1752=FACE_BOUND('',#1634,.T.);
#1753=FACE_BOUND('',#1635,.T.);
#1754=FACE_BOUND('',#1636,.T.);
#1755=FACE_BOUND('',#1637,.T.);
#1756=FACE_BOUND('',#1638,.T.);
#1757=FACE_BOUND('',#1639,.T.);
#1758=FACE_BOUND('',#1640,.T.);
#1759=FACE_BOUND('',#1641,.T.);
#1760=FACE_BOUND('',#1642,.T.);
#1761=FACE_BOUND('',#1643,.T.);
#1762=FACE_BOUND('',#1644,.T.);
#1763=FACE_BOUND('',#1645,.T.);
#1764=FACE_BOUND('',#1646,.T.);
#1765=FACE_BOUND('',#1647,.T.);
#1766=FACE_BOUND('',#1648,.T.);
#1767=FACE_BOUND('',#1649,.T.);
#1768=FACE_BOUND('',#1650,.T.);
#1769=FACE_BOUND('',#1651,.T.);
#1770=FACE_BOUND('',#1652,.T.);
#1771=FACE_BOUND('',#1653,.T.);
#1772=FACE_BOUND('',#1654,.T.);
#1773=FACE_BOUND('',#1655,.T.);
#1774=FACE_BOUND('',#1656,.T.);
#1775=FACE_BOUND('',#1657,.T.);
#1776=FACE_BOUND('',#1658,.T.);
#1777=FACE_BOUND('',#1659,.T.);
#1778=FACE_BOUND('',#1660,.T.);
#1779=FACE_BOUND('',#1661,.T.);
#1780=FACE_BOUND('',#1662,.T.);
#1781=FACE_BOUND('',#1663,.T.);
#1782=FACE_BOUND('',#1664,.T.);
#1783=FACE_BOUND('',#1665,.T.);
#1784=FACE_BOUND('',#1666,.T.);
#1785=FACE_BOUND('',#1667,.T.);
#1786=FACE_BOUND('',#1668,.T.);
#1787=FACE_BOUND('',#1669,.T.);
#1788=FACE_BOUND('',#1670,.T.);
#1789=FACE_BOUND('',#1671,.T.);
#1790=FACE_BOUND('',#1672,.T.);
#1791=FACE_BOUND('',#1673,.T.);
#1792=FACE_BOUND('',#1674,.T.);
#1793=FACE_BOUND('',#1675,.T.);
#1794=FACE_BOUND('',#1676,.T.);
#1795=FACE_BOUND('',#1677,.T.);
#1796=FACE_BOUND('',#1678,.T.);
#1797=FACE_BOUND('',#1679,.T.);
#1798=FACE_BOUND('',#1680,.T.);
#1799=FACE_BOUND('',#1681,.T.);
#1800=FACE_BOUND('',#1682,.T.);
#1801=FACE_BOUND('',#1683,.T.);
#1802=FACE_BOUND('',#1684,.T.);
#1803=FACE_BOUND('',#1685,.T.);
#1804=FACE_BOUND('',#1686,.T.);
#1805=FACE_BOUND('',#1687,.T.);
#1806=FACE_BOUND('',#1688,.T.);
#1807=FACE_BOUND('',#1689,.T.);
#1808=FACE_BOUND('',#1690,.T.);
#1809=FACE_BOUND('',#1691,.T.);
#1810=FACE_BOUND('',#1692,.T.);
#1811=FACE_BOUND('',#1693,.T.);
#1812=FACE_BOUND('',#1694,.T.);
#1813=FACE_BOUND('',#1695,.T.);
#1814=FACE_BOUND('',#1696,.T.);
#1815=FACE_BOUND('',#1697,.T.);
#1816=FACE_BOUND('',#1698,.T.);
#1817=FACE_BOUND('',#1699,.T.);
#1818=FACE_BOUND('',#1700,.T.);
#1819=FACE_BOUND('',#1701,.T.);
#1820=FACE_BOUND('',#1702,.T.);
#1821=FACE_BOUND('',#1703,.T.);
#1822=FACE_BOUND('',#1704,.T.);
#1823=FACE_BOUND('',#1705,.T.);
#1824=FACE_BOUND('',#1706,.T.);
#1825=FACE_BOUND('',#1707,.T.);
#1826=FACE_BOUND('',#1708,.T.);
#1827=FACE_BOUND('',#1709,.T.);
#1828=FACE_BOUND('',#1710,.T.);
#1829=FACE_BOUND('',#1711,.T.);
#1830=FACE_BOUND('',#1712,.T.);
#1831=FACE_BOUND('',#1713,.T.);
#1832=FACE_BOUND('',#1714,.T.);
#1833=FACE_BOUND('',#1715,.T.);
#1834=FACE_BOUND('',#1716,.T.);
#1835=FACE_BOUND('',#1717,.T.);
#1836=FACE_BOUND('',#1718,.T.);
#1837=FACE_BOUND('',#1719,.T.);
#1838=FACE_BOUND('',#1720,.T.);
#1839=FACE_BOUND('',#1721,.T.);
#1840=FACE_BOUND('',#1722,.T.);
#1841=FACE_BOUND('',#1723,.T.);
#1842=FACE_BOUND('',#1724,.T.);
#1843=FACE_BOUND('',#1725,.T.);
#1844=FACE_BOUND('',#1726,.T.);
#1845=FACE_BOUND('',#1727,.T.);
#1846=FACE_BOUND('',#1728,.T.);
#1847=FACE_BOUND('',#1729,.T.);
#1848=FACE_BOUND('',#1730,.T.);
#1849=FACE_BOUND('',#1731,.T.);
#1850=FACE_BOUND('',#1732,.T.);
#1851=FACE_BOUND('',#1733,.T.);
#1852=FACE_BOUND('',#1734,.T.);
#1853=FACE_BOUND('',#1735,.T.);
#1854=FACE_BOUND('',#1736,.T.);
#1855=FACE_BOUND('',#1737,.T.);
#1856=FACE_BOUND('',#1738,.T.);
#1857=FACE_BOUND('',#1739,.T.);
#1858=FACE_BOUND('',#1740,.T.);
#1859=FACE_BOUND('',#1741,.T.);
#1860=FACE_BOUND('',#1742,.T.);
#1861=FACE_BOUND('',#1743,.T.);
#1862=FACE_BOUND('',#1744,.T.);
#1863=FACE_BOUND('',#1745,.T.);
#1864=FACE_BOUND('',#1746,.T.);
#1865=FACE_BOUND('',#1747,.T.);
#1866=FACE_BOUND('',#1748,.T.);
#1867=FACE_BOUND('',#1749,.T.);
#1868=PLANE('',#2053);
#1869=PLANE('',#2068);
#1870=PLANE('',#2079);
#1871=PLANE('',#2080);
#1872=PLANE('',#2081);
#1873=PLANE('',#2092);
#1874=PLANE('',#2093);
#1875=PLANE('',#2094);
#1876=PLANE('',#2095);
#1877=PLANE('',#2096);
#1878=PLANE('',#2097);
#1879=PLANE('',#2098);
#1880=PLANE('',#2099);
#1881=PLANE('',#2100);
#1882=PLANE('',#2101);
#1883=PLANE('',#2102);
#1884=PLANE('',#2103);
#1885=PLANE('',#2104);
#1886=PLANE('',#2105);
#1887=PLANE('',#2106);
#1888=PLANE('',#2107);
#1889=PLANE('',#2108);
#1890=PLANE('',#2109);
#1891=PLANE('',#2110);
#1892=PLANE('',#2111);
#1893=PLANE('',#2112);
#1894=PLANE('',#2113);
#1895=PLANE('',#2114);
#1896=PLANE('',#2115);
#1897=PLANE('',#2116);
#1898=PLANE('',#2117);
#1899=PLANE('',#2118);
#1900=PLANE('',#2119);
#1901=PLANE('',#2120);
#1902=PLANE('',#2121);
#1903=PLANE('',#2122);
#1904=PLANE('',#2123);
#1905=PLANE('',#2124);
#1906=PLANE('',#2125);
#1907=PLANE('',#2126);
#1908=PLANE('',#2127);
#1909=PLANE('',#2136);
#1910=PLANE('',#2137);
#1911=PLANE('',#2138);
#1912=PLANE('',#2139);
#1913=PLANE('',#2140);
#1914=PLANE('',#2141);
#1915=PLANE('',#2142);
#1916=PLANE('',#2143);
#1917=PLANE('',#2144);
#1918=PLANE('',#2145);
#1919=PLANE('',#2146);
#1920=PLANE('',#2147);
#1921=PLANE('',#2148);
#1922=PLANE('',#2149);
#1923=PLANE('',#2150);
#1924=PLANE('',#2163);
#1925=PLANE('',#2164);
#1926=PLANE('',#2165);
#1927=PLANE('',#2166);
#1928=PLANE('',#2167);
#1929=PLANE('',#2168);
#1930=PLANE('',#2170);
#1931=PLANE('',#2171);
#1932=PLANE('',#2174);
#1933=PLANE('',#2175);
#1934=PLANE('',#2177);
#1935=PLANE('',#2178);
#1936=PLANE('',#2179);
#1937=PLANE('',#2182);
#1938=PLANE('',#2183);
#1939=PLANE('',#2184);
#1940=PLANE('',#2187);
#1941=ADVANCED_FACE('',(#1750,#1751,#1752,#1753,#1754,#1755,#1756),#1868,
 .T.);
#1942=ADVANCED_FACE('',(#1757,#1758,#1759,#1760),#1869,.T.);
#1943=ADVANCED_FACE('',(#1761),#1870,.F.);
#1944=ADVANCED_FACE('',(#1762),#1871,.T.);
#1945=ADVANCED_FACE('',(#1763,#1764,#1765,#1766,#1767),#1872,.F.);
#1946=ADVANCED_FACE('',(#1768,#1769),#16,.F.);
#1947=ADVANCED_FACE('',(#1770,#1771),#17,.F.);
#1948=ADVANCED_FACE('',(#1772),#1873,.T.);
#1949=ADVANCED_FACE('',(#1773),#1874,.F.);
#1950=ADVANCED_FACE('',(#1774),#1875,.F.);
#1951=ADVANCED_FACE('',(#1775),#1876,.F.);
#1952=ADVANCED_FACE('',(#1776),#1877,.F.);
#1953=ADVANCED_FACE('',(#1777),#1878,.F.);
#1954=ADVANCED_FACE('',(#1778),#1879,.F.);
#1955=ADVANCED_FACE('',(#1779),#1880,.F.);
#1956=ADVANCED_FACE('',(#1780),#1881,.F.);
#1957=ADVANCED_FACE('',(#1781),#1882,.T.);
#1958=ADVANCED_FACE('',(#1782),#1883,.F.);
#1959=ADVANCED_FACE('',(#1783),#1884,.T.);
#1960=ADVANCED_FACE('',(#1784),#1885,.F.);
#1961=ADVANCED_FACE('',(#1785),#1886,.T.);
#1962=ADVANCED_FACE('',(#1786),#1887,.F.);
#1963=ADVANCED_FACE('',(#1787),#1888,.F.);
#1964=ADVANCED_FACE('',(#1788),#1889,.F.);
#1965=ADVANCED_FACE('',(#1789),#1890,.F.);
#1966=ADVANCED_FACE('',(#1790),#1891,.T.);
#1967=ADVANCED_FACE('',(#1791),#1892,.F.);
#1968=ADVANCED_FACE('',(#1792),#1893,.F.);
#1969=ADVANCED_FACE('',(#1793),#1894,.T.);
#1970=ADVANCED_FACE('',(#1794),#1895,.F.);
#1971=ADVANCED_FACE('',(#1795),#1896,.F.);
#1972=ADVANCED_FACE('',(#1796),#1897,.T.);
#1973=ADVANCED_FACE('',(#1797),#1898,.F.);
#1974=ADVANCED_FACE('',(#1798),#1899,.F.);
#1975=ADVANCED_FACE('',(#1799),#1900,.T.);
#1976=ADVANCED_FACE('',(#1800),#1901,.F.);
#1977=ADVANCED_FACE('',(#1801),#1902,.F.);
#1978=ADVANCED_FACE('',(#1802),#1903,.F.);
#1979=ADVANCED_FACE('',(#1803),#1904,.F.);
#1980=ADVANCED_FACE('',(#1804),#1905,.T.);
#1981=ADVANCED_FACE('',(#1805),#1906,.F.);
#1982=ADVANCED_FACE('',(#1806),#1907,.F.);
#1983=ADVANCED_FACE('',(#1807),#1908,.T.);
#1984=ADVANCED_FACE('',(#1808,#1809),#18,.F.);
#1985=ADVANCED_FACE('',(#1810,#1811),#19,.F.);
#1986=ADVANCED_FACE('',(#1812,#1813),#20,.F.);
#1987=ADVANCED_FACE('',(#1814,#1815),#21,.F.);
#1988=ADVANCED_FACE('',(#1816),#1909,.F.);
#1989=ADVANCED_FACE('',(#1817),#1910,.F.);
#1990=ADVANCED_FACE('',(#1818),#1911,.T.);
#1991=ADVANCED_FACE('',(#1819),#1912,.F.);
#1992=ADVANCED_FACE('',(#1820),#1913,.T.);
#1993=ADVANCED_FACE('',(#1821),#1914,.F.);
#1994=ADVANCED_FACE('',(#1822),#1915,.F.);
#1995=ADVANCED_FACE('',(#1823),#1916,.T.);
#1996=ADVANCED_FACE('',(#1824),#1917,.T.);
#1997=ADVANCED_FACE('',(#1825),#1918,.T.);
#1998=ADVANCED_FACE('',(#1826),#1919,.T.);
#1999=ADVANCED_FACE('',(#1827),#1920,.F.);
#2000=ADVANCED_FACE('',(#1828),#1921,.T.);
#2001=ADVANCED_FACE('',(#1829),#1922,.T.);
#2002=ADVANCED_FACE('',(#1830),#1923,.T.);
#2003=ADVANCED_FACE('',(#1831),#22,.T.);
#2004=ADVANCED_FACE('',(#1832),#23,.T.);
#2005=ADVANCED_FACE('',(#1833),#24,.T.);
#2006=ADVANCED_FACE('',(#1834),#25,.T.);
#2007=ADVANCED_FACE('',(#1835),#1924,.T.);
#2008=ADVANCED_FACE('',(#1836),#1925,.T.);
#2009=ADVANCED_FACE('',(#1837),#1926,.F.);
#2010=ADVANCED_FACE('',(#1838),#1927,.F.);
#2011=ADVANCED_FACE('',(#1839),#1928,.T.);
#2012=ADVANCED_FACE('',(#1840),#1929,.F.);
#2013=ADVANCED_FACE('',(#1841),#12,.T.);
#2014=ADVANCED_FACE('',(#1842),#1930,.F.);
#2015=ADVANCED_FACE('',(#1843),#1931,.F.);
#2016=ADVANCED_FACE('',(#1844),#13,.T.);
#2017=ADVANCED_FACE('',(#1845),#14,.T.);
#2018=ADVANCED_FACE('',(#1846),#1932,.F.);
#2019=ADVANCED_FACE('',(#1847),#1933,.F.);
#2020=ADVANCED_FACE('',(#1848),#15,.T.);
#2021=ADVANCED_FACE('',(#1849),#1934,.F.);
#2022=ADVANCED_FACE('',(#1850),#1935,.T.);
#2023=ADVANCED_FACE('',(#1851),#1936,.F.);
#2024=ADVANCED_FACE('',(#1852),#1937,.F.);
#2025=ADVANCED_FACE('',(#1853),#1938,.F.);
#2026=ADVANCED_FACE('',(#1854),#1939,.F.);
#2027=ADVANCED_FACE('',(#1855),#1940,.F.);
#2028=ADVANCED_FACE('',(#1856),#26,.T.);
#2029=ADVANCED_FACE('',(#1857),#27,.T.);
#2030=ADVANCED_FACE('',(#1858),#28,.T.);
#2031=ADVANCED_FACE('',(#1859),#29,.T.);
#2032=ADVANCED_FACE('',(#1860),#30,.T.);
#2033=ADVANCED_FACE('',(#1861),#31,.T.);
#2034=ADVANCED_FACE('',(#1862),#32,.T.);
#2035=ADVANCED_FACE('',(#1863),#33,.T.);
#2036=ADVANCED_FACE('',(#1864),#34,.T.);
#2037=ADVANCED_FACE('',(#1865),#35,.T.);
#2038=ADVANCED_FACE('',(#1866),#36,.F.);
#2039=ADVANCED_FACE('',(#1867),#37,.F.);
#2040=CLOSED_SHELL('',(#1941,#1942,#1943,#1944,#1945,#1946,#1947,#1948,
#1949,#1950,#1951,#1952,#1953,#1954,#1955,#1956,#1957,#1958,#1959,#1960,
#1961,#1962,#1963,#1964,#1965,#1966,#1967,#1968,#1969,#1970,#1971,#1972,
#1973,#1974,#1975,#1976,#1977,#1978,#1979,#1980,#1981,#1982,#1983,#1984,
#1985,#1986,#1987,#1988,#1989,#1990,#1991,#1992,#1993,#1994,#1995,#1996,
#1997,#1998,#1999,#2000,#2001,#2002,#2003,#2004,#2005,#2006,#2007,#2008,
#2009,#2010,#2011,#2012,#2013,#2014,#2015,#2016,#2017,#2018,#2019,#2020,
#2021,#2022,#2023,#2024,#2025,#2026,#2027,#2028,#2029,#2030,#2031,#2032,
#2033,#2034,#2035,#2036,#2037,#2038,#2039));
#2041=STYLED_ITEM('',(#2042),#2049);
#2042=PRESENTATION_STYLE_ASSIGNMENT((#2043));
#2043=SURFACE_STYLE_USAGE(.BOTH.,#2044);
#2044=SURFACE_SIDE_STYLE('',(#2045));
#2045=SURFACE_STYLE_FILL_AREA(#2046);
#2046=FILL_AREA_STYLE('',(#2047));
#2047=FILL_AREA_STYLE_COLOUR('',#2048);
#2048=COLOUR_RGB('',0.615686274509804,0.811764705882353,0.929411764705882);
#2049=MANIFOLD_SOLID_BREP('ARCADP005',#2040);
#2050=SHAPE_DEFINITION_REPRESENTATION(#3326,#2051);
#2051=SHAPE_REPRESENTATION('ARCADP005',(#2052),#3321);
#2052=AXIS2_PLACEMENT_3D('',#2738,#2200,#2201);
#2053=AXIS2_PLACEMENT_3D('',#2739,#2202,#2203);
#2054=AXIS2_PLACEMENT_3D('',#2740,#2204,#2205);
#2055=AXIS2_PLACEMENT_3D('',#2742,#2206,#2207);
#2056=AXIS2_PLACEMENT_3D('',#2744,#2208,#2209);
#2057=AXIS2_PLACEMENT_3D('',#2746,#2210,#2211);
#2058=AXIS2_PLACEMENT_3D('',#2748,#2212,#2213);
#2059=AXIS2_PLACEMENT_3D('',#2750,#2214,#2215);
#2060=AXIS2_PLACEMENT_3D('',#2755,#2217,#2218);
#2061=AXIS2_PLACEMENT_3D('',#2759,#2220,#2221);
#2062=AXIS2_PLACEMENT_3D('',#2763,#2223,#2224);
#2063=AXIS2_PLACEMENT_3D('',#2799,#2242,#2243);
#2064=AXIS2_PLACEMENT_3D('',#2803,#2245,#2246);
#2065=AXIS2_PLACEMENT_3D('',#2807,#2248,#2249);
#2066=AXIS2_PLACEMENT_3D('',#2811,#2251,#2252);
#2067=AXIS2_PLACEMENT_3D('',#2815,#2254,#2255);
#2068=AXIS2_PLACEMENT_3D('',#2816,#2256,#2257);
#2069=AXIS2_PLACEMENT_3D('',#2820,#2259,#2260);
#2070=AXIS2_PLACEMENT_3D('',#2826,#2263,#2264);
#2071=AXIS2_PLACEMENT_3D('',#2866,#2284,#2285);
#2072=AXIS2_PLACEMENT_3D('',#2872,#2288,#2289);
#2073=AXIS2_PLACEMENT_3D('',#2878,#2292,#2293);
#2074=AXIS2_PLACEMENT_3D('',#2882,#2295,#2296);
#2075=AXIS2_PLACEMENT_3D('',#2898,#2304,#2305);
#2076=AXIS2_PLACEMENT_3D('',#2902,#2307,#2308);
#2077=AXIS2_PLACEMENT_3D('',#2905,#2310,#2311);
#2078=AXIS2_PLACEMENT_3D('',#2907,#2312,#2313);
#2079=AXIS2_PLACEMENT_3D('',#2909,#2314,#2315);
#2080=AXIS2_PLACEMENT_3D('',#2916,#2320,#2321);
#2081=AXIS2_PLACEMENT_3D('',#2923,#2326,#2327);
#2082=AXIS2_PLACEMENT_3D('',#2924,#2328,#2329);
#2083=AXIS2_PLACEMENT_3D('',#2926,#2330,#2331);
#2084=AXIS2_PLACEMENT_3D('',#2928,#2332,#2333);
#2085=AXIS2_PLACEMENT_3D('',#2930,#2334,#2335);
#2086=AXIS2_PLACEMENT_3D('',#2935,#2337,#2338);
#2087=AXIS2_PLACEMENT_3D('',#2938,#2340,#2341);
#2088=AXIS2_PLACEMENT_3D('',#2946,#2345,#2346);
#2089=AXIS2_PLACEMENT_3D('',#2949,#2348,#2349);
#2090=AXIS2_PLACEMENT_3D('',#2950,#2350,#2351);
#2091=AXIS2_PLACEMENT_3D('',#2951,#2352,#2353);
#2092=AXIS2_PLACEMENT_3D('',#2952,#2354,#2355);
#2093=AXIS2_PLACEMENT_3D('',#2960,#2361,#2362);
#2094=AXIS2_PLACEMENT_3D('',#2969,#2367,#2368);
#2095=AXIS2_PLACEMENT_3D('',#2977,#2374,#2375);
#2096=AXIS2_PLACEMENT_3D('',#2986,#2380,#2381);
#2097=AXIS2_PLACEMENT_3D('',#2994,#2387,#2388);
#2098=AXIS2_PLACEMENT_3D('',#3003,#2393,#2394);
#2099=AXIS2_PLACEMENT_3D('',#3011,#2400,#2401);
#2100=AXIS2_PLACEMENT_3D('',#3020,#2406,#2407);
#2101=AXIS2_PLACEMENT_3D('',#3028,#2413,#2414);
#2102=AXIS2_PLACEMENT_3D('',#3038,#2420,#2421);
#2103=AXIS2_PLACEMENT_3D('',#3048,#2427,#2428);
#2104=AXIS2_PLACEMENT_3D('',#3067,#2441,#2442);
#2105=AXIS2_PLACEMENT_3D('',#3071,#2445,#2446);
#2106=AXIS2_PLACEMENT_3D('',#3077,#2450,#2451);
#2107=AXIS2_PLACEMENT_3D('',#3085,#2456,#2457);
#2108=AXIS2_PLACEMENT_3D('',#3087,#2459,#2460);
#2109=AXIS2_PLACEMENT_3D('',#3089,#2462,#2463);
#2110=AXIS2_PLACEMENT_3D('',#3094,#2467,#2468);
#2111=AXIS2_PLACEMENT_3D('',#3095,#2469,#2470);
#2112=AXIS2_PLACEMENT_3D('',#3097,#2472,#2473);
#2113=AXIS2_PLACEMENT_3D('',#3102,#2477,#2478);
#2114=AXIS2_PLACEMENT_3D('',#3103,#2479,#2480);
#2115=AXIS2_PLACEMENT_3D('',#3105,#2482,#2483);
#2116=AXIS2_PLACEMENT_3D('',#3110,#2487,#2488);
#2117=AXIS2_PLACEMENT_3D('',#3111,#2489,#2490);
#2118=AXIS2_PLACEMENT_3D('',#3113,#2492,#2493);
#2119=AXIS2_PLACEMENT_3D('',#3118,#2497,#2498);
#2120=AXIS2_PLACEMENT_3D('',#3119,#2499,#2500);
#2121=AXIS2_PLACEMENT_3D('',#3121,#2502,#2503);
#2122=AXIS2_PLACEMENT_3D('',#3123,#2505,#2506);
#2123=AXIS2_PLACEMENT_3D('',#3127,#2509,#2510);
#2124=AXIS2_PLACEMENT_3D('',#3133,#2514,#2515);
#2125=AXIS2_PLACEMENT_3D('',#3139,#2519,#2520);
#2126=AXIS2_PLACEMENT_3D('',#3143,#2523,#2524);
#2127=AXIS2_PLACEMENT_3D('',#3145,#2526,#2527);
#2128=AXIS2_PLACEMENT_3D('',#3146,#2528,#2529);
#2129=AXIS2_PLACEMENT_3D('',#3147,#2530,#2531);
#2130=AXIS2_PLACEMENT_3D('',#3148,#2532,#2533);
#2131=AXIS2_PLACEMENT_3D('',#3149,#2534,#2535);
#2132=AXIS2_PLACEMENT_3D('',#3150,#2536,#2537);
#2133=AXIS2_PLACEMENT_3D('',#3151,#2538,#2539);
#2134=AXIS2_PLACEMENT_3D('',#3152,#2540,#2541);
#2135=AXIS2_PLACEMENT_3D('',#3153,#2542,#2543);
#2136=AXIS2_PLACEMENT_3D('',#3154,#2544,#2545);
#2137=AXIS2_PLACEMENT_3D('',#3160,#2549,#2550);
#2138=AXIS2_PLACEMENT_3D('',#3166,#2554,#2555);
#2139=AXIS2_PLACEMENT_3D('',#3175,#2560,#2561);
#2140=AXIS2_PLACEMENT_3D('',#3184,#2566,#2567);
#2141=AXIS2_PLACEMENT_3D('',#3190,#2571,#2572);
#2142=AXIS2_PLACEMENT_3D('',#3196,#2576,#2577);
#2143=AXIS2_PLACEMENT_3D('',#3202,#2581,#2582);
#2144=AXIS2_PLACEMENT_3D('',#3208,#2586,#2587);
#2145=AXIS2_PLACEMENT_3D('',#3214,#2591,#2592);
#2146=AXIS2_PLACEMENT_3D('',#3220,#2596,#2597);
#2147=AXIS2_PLACEMENT_3D('',#3229,#2602,#2603);
#2148=AXIS2_PLACEMENT_3D('',#3238,#2608,#2609);
#2149=AXIS2_PLACEMENT_3D('',#3244,#2613,#2614);
#2150=AXIS2_PLACEMENT_3D('',#3250,#2618,#2619);
#2151=AXIS2_PLACEMENT_3D('',#3251,#2620,#2621);
#2152=AXIS2_PLACEMENT_3D('',#3252,#2622,#2623);
#2153=AXIS2_PLACEMENT_3D('',#3253,#2624,#2625);
#2154=AXIS2_PLACEMENT_3D('',#3254,#2626,#2627);
#2155=AXIS2_PLACEMENT_3D('',#3255,#2628,#2629);
#2156=AXIS2_PLACEMENT_3D('',#3256,#2630,#2631);
#2157=AXIS2_PLACEMENT_3D('',#3257,#2632,#2633);
#2158=AXIS2_PLACEMENT_3D('',#3258,#2634,#2635);
#2159=AXIS2_PLACEMENT_3D('',#3259,#2636,#2637);
#2160=AXIS2_PLACEMENT_3D('',#3260,#2638,#2639);
#2161=AXIS2_PLACEMENT_3D('',#3261,#2640,#2641);
#2162=AXIS2_PLACEMENT_3D('',#3262,#2642,#2643);
#2163=AXIS2_PLACEMENT_3D('',#3263,#2644,#2645);
#2164=AXIS2_PLACEMENT_3D('',#3266,#2648,#2649);
#2165=AXIS2_PLACEMENT_3D('',#3268,#2651,#2652);
#2166=AXIS2_PLACEMENT_3D('',#3270,#2654,#2655);
#2167=AXIS2_PLACEMENT_3D('',#3272,#2657,#2658);
#2168=AXIS2_PLACEMENT_3D('',#3274,#2660,#2661);
#2169=AXIS2_PLACEMENT_3D('',#3276,#2663,#2664);
#2170=AXIS2_PLACEMENT_3D('',#3278,#2666,#2667);
#2171=AXIS2_PLACEMENT_3D('',#3280,#2669,#2670);
#2172=AXIS2_PLACEMENT_3D('',#3282,#2672,#2673);
#2173=AXIS2_PLACEMENT_3D('',#3284,#2675,#2676);
#2174=AXIS2_PLACEMENT_3D('',#3286,#2678,#2679);
#2175=AXIS2_PLACEMENT_3D('',#3288,#2681,#2682);
#2176=AXIS2_PLACEMENT_3D('',#3290,#2684,#2685);
#2177=AXIS2_PLACEMENT_3D('',#3292,#2687,#2688);
#2178=AXIS2_PLACEMENT_3D('',#3294,#2690,#2691);
#2179=AXIS2_PLACEMENT_3D('',#3295,#2692,#2693);
#2180=AXIS2_PLACEMENT_3D('',#3296,#2694,#2695);
#2181=AXIS2_PLACEMENT_3D('',#3298,#2697,#2698);
#2182=AXIS2_PLACEMENT_3D('',#3299,#2699,#2700);
#2183=AXIS2_PLACEMENT_3D('',#3300,#2701,#2702);
#2184=AXIS2_PLACEMENT_3D('',#3302,#2704,#2705);
#2185=AXIS2_PLACEMENT_3D('',#3303,#2706,#2707);
#2186=AXIS2_PLACEMENT_3D('',#3304,#2708,#2709);
#2187=AXIS2_PLACEMENT_3D('',#3305,#2710,#2711);
#2188=AXIS2_PLACEMENT_3D('',#3308,#2714,#2715);
#2189=AXIS2_PLACEMENT_3D('',#3309,#2716,#2717);
#2190=AXIS2_PLACEMENT_3D('',#3310,#2718,#2719);
#2191=AXIS2_PLACEMENT_3D('',#3311,#2720,#2721);
#2192=AXIS2_PLACEMENT_3D('',#3312,#2722,#2723);
#2193=AXIS2_PLACEMENT_3D('',#3313,#2724,#2725);
#2194=AXIS2_PLACEMENT_3D('',#3314,#2726,#2727);
#2195=AXIS2_PLACEMENT_3D('',#3315,#2728,#2729);
#2196=AXIS2_PLACEMENT_3D('',#3316,#2730,#2731);
#2197=AXIS2_PLACEMENT_3D('',#3317,#2732,#2733);
#2198=AXIS2_PLACEMENT_3D('',#3318,#2734,#2735);
#2199=AXIS2_PLACEMENT_3D('',#3319,#2736,#2737);
#2200=DIRECTION('',(0.,0.,1.));
#2201=DIRECTION('',(1.,0.,0.));
#2202=DIRECTION('',(0.,1.,0.));
#2203=DIRECTION('',(1.,0.,0.));
#2204=DIRECTION('',(0.,-1.,0.));
#2205=DIRECTION('',(-1.,0.,0.));
#2206=DIRECTION('',(0.,-1.,0.));
#2207=DIRECTION('',(-1.,0.,0.));
#2208=DIRECTION('',(0.,-1.,0.));
#2209=DIRECTION('',(-1.,0.,0.));
#2210=DIRECTION('',(0.,-1.,0.));
#2211=DIRECTION('',(-1.,0.,0.));
#2212=DIRECTION('',(0.,-1.,0.));
#2213=DIRECTION('',(-1.,0.,0.));
#2214=DIRECTION('',(0.,-1.,0.));
#2215=DIRECTION('',(-1.,0.,0.));
#2216=DIRECTION('',(1.,0.,0.));
#2217=DIRECTION('',(0.,1.,0.));
#2218=DIRECTION('',(1.,0.,0.));
#2219=DIRECTION('',(-1.11917643611407E-16,0.,1.));
#2220=DIRECTION('',(0.,1.,0.));
#2221=DIRECTION('',(1.,0.,0.));
#2222=DIRECTION('',(1.,0.,0.));
#2223=DIRECTION('',(0.,1.,0.));
#2224=DIRECTION('',(1.,0.,0.));
#2225=DIRECTION('',(0.,0.,1.));
#2226=DIRECTION('',(1.,0.,-2.4492935982947E-16));
#2227=DIRECTION('',(0.,0.,1.));
#2228=DIRECTION('',(-1.,0.,2.4492935982947E-16));
#2229=DIRECTION('',(0.,0.,1.));
#2230=DIRECTION('',(1.,0.,-2.4492935982947E-16));
#2231=DIRECTION('',(0.,0.,1.));
#2232=DIRECTION('',(-1.,0.,2.4492935982947E-16));
#2233=DIRECTION('',(0.,0.,1.));
#2234=DIRECTION('',(1.,0.,-2.4492935982947E-16));
#2235=DIRECTION('',(0.,0.,1.));
#2236=DIRECTION('',(-1.,0.,2.4492935982947E-16));
#2237=DIRECTION('',(0.,0.,1.));
#2238=DIRECTION('',(1.,0.,-1.22464679914735E-16));
#2239=DIRECTION('',(0.,0.,1.));
#2240=DIRECTION('',(-1.,0.,1.22464679914735E-16));
#2241=DIRECTION('',(0.,0.,1.));
#2242=DIRECTION('',(0.,1.,0.));
#2243=DIRECTION('',(1.,0.,0.));
#2244=DIRECTION('',(1.,0.,0.));
#2245=DIRECTION('',(0.,1.,0.));
#2246=DIRECTION('',(1.,0.,0.));
#2247=DIRECTION('',(-1.11917643611407E-16,0.,1.));
#2248=DIRECTION('',(0.,1.,0.));
#2249=DIRECTION('',(1.,0.,0.));
#2250=DIRECTION('',(1.,0.,0.));
#2251=DIRECTION('',(0.,1.,0.));
#2252=DIRECTION('',(1.,0.,0.));
#2253=DIRECTION('',(-1.11917643611407E-16,0.,1.));
#2254=DIRECTION('',(0.,1.,0.));
#2255=DIRECTION('',(1.,0.,0.));
#2256=DIRECTION('',(0.,-1.,0.));
#2257=DIRECTION('',(1.,0.,0.));
#2258=DIRECTION('',(-1.11917643611407E-16,0.,1.));
#2259=DIRECTION('',(0.,-1.,0.));
#2260=DIRECTION('',(-1.,0.,0.));
#2261=DIRECTION('',(1.,0.,0.));
#2262=DIRECTION('',(1.87537673078574E-16,0.,-1.));
#2263=DIRECTION('',(0.,-1.,0.));
#2264=DIRECTION('',(-1.,0.,0.));
#2265=DIRECTION('',(1.,0.,0.));
#2266=DIRECTION('',(2.80926878700698E-16,0.,-1.));
#2267=DIRECTION('',(1.,0.,-1.22464679914735E-16));
#2268=DIRECTION('',(0.,0.,-1.));
#2269=DIRECTION('',(-1.,0.,1.22464679914735E-16));
#2270=DIRECTION('',(2.80926878700698E-16,0.,-1.));
#2271=DIRECTION('',(1.,0.,-2.4492935982947E-16));
#2272=DIRECTION('',(0.,0.,-1.));
#2273=DIRECTION('',(-1.,0.,2.4492935982947E-16));
#2274=DIRECTION('',(2.80926878700698E-16,0.,-1.));
#2275=DIRECTION('',(1.,0.,-2.4492935982947E-16));
#2276=DIRECTION('',(0.,0.,-1.));
#2277=DIRECTION('',(-1.,0.,2.4492935982947E-16));
#2278=DIRECTION('',(2.80926878700698E-16,0.,-1.));
#2279=DIRECTION('',(1.,0.,-2.4492935982947E-16));
#2280=DIRECTION('',(0.,0.,-1.));
#2281=DIRECTION('',(-1.,0.,2.4492935982947E-16));
#2282=DIRECTION('',(2.80926878700698E-16,0.,-1.));
#2283=DIRECTION('',(1.,0.,0.));
#2284=DIRECTION('',(0.,-1.,0.));
#2285=DIRECTION('',(-1.,0.,0.));
#2286=DIRECTION('',(1.87537673078574E-16,0.,-1.));
#2287=DIRECTION('',(1.,0.,0.));
#2288=DIRECTION('',(0.,-1.,0.));
#2289=DIRECTION('',(-1.,0.,0.));
#2290=DIRECTION('',(0.,0.,-1.));
#2291=DIRECTION('',(-1.,0.,0.));
#2292=DIRECTION('',(0.,-1.,0.));
#2293=DIRECTION('',(-1.,0.,0.));
#2294=DIRECTION('',(6.4849475737451E-16,0.,-1.));
#2295=DIRECTION('',(0.,-1.,0.));
#2296=DIRECTION('',(-1.,0.,0.));
#2297=DIRECTION('',(1.,0.,1.60622544071926E-16));
#2298=DIRECTION('',(0.,0.,-1.));
#2299=DIRECTION('',(-1.,0.,0.));
#2300=DIRECTION('',(-2.82068857882407E-16,0.,1.));
#2301=DIRECTION('',(1.,0.,0.));
#2302=DIRECTION('',(0.,0.,-1.));
#2303=DIRECTION('',(-1.,0.,-1.60622544071926E-16));
#2304=DIRECTION('',(0.,-1.,0.));
#2305=DIRECTION('',(-1.,0.,0.));
#2306=DIRECTION('',(0.,0.,-1.));
#2307=DIRECTION('',(0.,-1.,0.));
#2308=DIRECTION('',(-1.,0.,0.));
#2309=DIRECTION('',(1.,0.,0.));
#2310=DIRECTION('',(0.,-1.,0.));
#2311=DIRECTION('',(-1.,0.,0.));
#2312=DIRECTION('',(0.,-1.,0.));
#2313=DIRECTION('',(-1.,0.,0.));
#2314=DIRECTION('',(0.,0.,1.));
#2315=DIRECTION('',(0.,-1.,0.));
#2316=DIRECTION('',(0.,1.,0.));
#2317=DIRECTION('',(-1.,0.,0.));
#2318=DIRECTION('',(0.,-1.,0.));
#2319=DIRECTION('',(0.,1.,0.));
#2320=DIRECTION('',(0.,0.,1.));
#2321=DIRECTION('',(0.,-1.,0.));
#2322=DIRECTION('',(-1.,0.,0.));
#2323=DIRECTION('',(0.,1.,0.));
#2324=DIRECTION('',(0.,1.,0.));
#2325=DIRECTION('',(0.,-1.,0.));
#2326=DIRECTION('',(0.,1.,0.));
#2327=DIRECTION('',(1.,0.,0.));
#2328=DIRECTION('',(0.,1.,0.));
#2329=DIRECTION('',(1.,0.,0.));
#2330=DIRECTION('',(0.,1.,0.));
#2331=DIRECTION('',(1.,0.,0.));
#2332=DIRECTION('',(0.,1.,0.));
#2333=DIRECTION('',(1.,0.,0.));
#2334=DIRECTION('',(0.,1.,0.));
#2335=DIRECTION('',(1.,0.,0.));
#2336=DIRECTION('',(-1.11917643611407E-16,0.,1.));
#2337=DIRECTION('',(0.,1.,0.));
#2338=DIRECTION('',(1.,0.,0.));
#2339=DIRECTION('',(-1.87537673078574E-16,0.,1.));
#2340=DIRECTION('',(0.,1.,0.));
#2341=DIRECTION('',(1.,0.,0.));
#2342=DIRECTION('',(1.,0.,-8.16340459283203E-17));
#2343=DIRECTION('',(2.80926878700698E-16,0.,-1.));
#2344=DIRECTION('',(1.,0.,-8.16340459283203E-17));
#2345=DIRECTION('',(0.,1.,0.));
#2346=DIRECTION('',(1.,0.,0.));
#2347=DIRECTION('',(-1.87537673078574E-16,0.,1.));
#2348=DIRECTION('',(0.,1.,0.));
#2349=DIRECTION('',(1.,0.,0.));
#2350=DIRECTION('',(0.,-1.,0.));
#2351=DIRECTION('',(-1.,0.,0.));
#2352=DIRECTION('',(0.,-1.,0.));
#2353=DIRECTION('',(-1.,0.,0.));
#2354=DIRECTION('',(1.,0.,1.11917643611407E-16));
#2355=DIRECTION('',(1.11917643611407E-16,0.,-1.));
#2356=DIRECTION('',(0.,1.,0.));
#2357=DIRECTION('',(0.,1.,0.));
#2358=DIRECTION('',(0.,1.,0.));
#2359=DIRECTION('',(-1.11917643611407E-16,0.,1.));
#2360=DIRECTION('',(0.,1.,0.));
#2361=DIRECTION('',(1.,0.,0.));
#2362=DIRECTION('',(0.,-1.,0.));
#2363=DIRECTION('',(0.,0.,-1.));
#2364=DIRECTION('',(0.,-1.,0.));
#2365=DIRECTION('',(0.,0.,1.));
#2366=DIRECTION('',(0.,-1.,0.));
#2367=DIRECTION('',(2.4492935982947E-16,0.,1.));
#2368=DIRECTION('',(1.,0.,-2.4492935982947E-16));
#2369=DIRECTION('',(0.,1.,0.));
#2370=DIRECTION('',(1.,0.,-2.4492935982947E-16));
#2371=DIRECTION('',(1.,0.,-2.4492935982947E-16));
#2372=DIRECTION('',(0.,1.,0.));
#2373=DIRECTION('',(0.,-1.,0.));
#2374=DIRECTION('',(1.,0.,0.));
#2375=DIRECTION('',(0.,-1.,0.));
#2376=DIRECTION('',(0.,0.,-1.));
#2377=DIRECTION('',(0.,-1.,0.));
#2378=DIRECTION('',(0.,0.,1.));
#2379=DIRECTION('',(0.,-1.,0.));
#2380=DIRECTION('',(2.4492935982947E-16,0.,1.));
#2381=DIRECTION('',(1.,0.,-2.4492935982947E-16));
#2382=DIRECTION('',(0.,1.,0.));
#2383=DIRECTION('',(1.,0.,-2.4492935982947E-16));
#2384=DIRECTION('',(1.,0.,-2.4492935982947E-16));
#2385=DIRECTION('',(0.,1.,0.));
#2386=DIRECTION('',(0.,-1.,0.));
#2387=DIRECTION('',(1.,0.,0.));
#2388=DIRECTION('',(0.,-1.,0.));
#2389=DIRECTION('',(0.,0.,-1.));
#2390=DIRECTION('',(0.,-1.,0.));
#2391=DIRECTION('',(0.,0.,1.));
#2392=DIRECTION('',(0.,-1.,0.));
#2393=DIRECTION('',(2.4492935982947E-16,0.,1.));
#2394=DIRECTION('',(1.,0.,-2.4492935982947E-16));
#2395=DIRECTION('',(0.,1.,0.));
#2396=DIRECTION('',(1.,0.,-2.4492935982947E-16));
#2397=DIRECTION('',(1.,0.,-2.4492935982947E-16));
#2398=DIRECTION('',(0.,1.,0.));
#2399=DIRECTION('',(0.,-1.,0.));
#2400=DIRECTION('',(1.,0.,0.));
#2401=DIRECTION('',(0.,-1.,0.));
#2402=DIRECTION('',(0.,0.,-1.));
#2403=DIRECTION('',(0.,-1.,0.));
#2404=DIRECTION('',(0.,0.,1.));
#2405=DIRECTION('',(0.,-1.,0.));
#2406=DIRECTION('',(1.22464679914735E-16,0.,1.));
#2407=DIRECTION('',(1.,0.,-1.22464679914735E-16));
#2408=DIRECTION('',(0.,1.,0.));
#2409=DIRECTION('',(1.,0.,-1.22464679914735E-16));
#2410=DIRECTION('',(-1.,0.,1.22464679914735E-16));
#2411=DIRECTION('',(0.,1.,0.));
#2412=DIRECTION('',(0.,-1.,0.));
#2413=DIRECTION('',(-8.16340459283203E-17,0.,-1.));
#2414=DIRECTION('',(-1.,0.,8.16340459283203E-17));
#2415=DIRECTION('',(0.,-1.,0.));
#2416=DIRECTION('',(-1.,0.,8.16340459283203E-17));
#2417=DIRECTION('',(0.,-1.,0.));
#2418=DIRECTION('',(-1.,0.,8.16340459283203E-17));
#2419=DIRECTION('',(0.,-1.,0.));
#2420=DIRECTION('',(-8.16340459283203E-17,0.,-1.));
#2421=DIRECTION('',(-1.,0.,8.16340459283203E-17));
#2422=DIRECTION('',(-1.,0.,8.16340459283203E-17));
#2423=DIRECTION('',(0.,-1.,0.));
#2424=DIRECTION('',(0.,-1.,0.));
#2425=DIRECTION('',(-1.,0.,8.16340459283203E-17));
#2426=DIRECTION('',(0.,-1.,0.));
#2427=DIRECTION('',(-1.,0.,-2.80926878700698E-16));
#2428=DIRECTION('',(-2.80926878700698E-16,0.,1.));
#2429=DIRECTION('',(0.,-1.,0.));
#2430=DIRECTION('',(0.,1.,0.));
#2431=DIRECTION('',(2.44542516437259E-16,0.,-1.));
#2432=DIRECTION('',(2.44542516437259E-16,0.,-1.));
#2433=DIRECTION('',(0.,1.,0.));
#2434=DIRECTION('',(2.80926878700698E-16,0.,-1.));
#2435=DIRECTION('',(0.,-1.,0.));
#2436=DIRECTION('',(2.80926878700698E-16,0.,-1.));
#2437=DIRECTION('',(0.,-1.,0.));
#2438=DIRECTION('',(2.80926878700698E-16,0.,-1.));
#2439=DIRECTION('',(0.,-1.,0.));
#2440=DIRECTION('',(2.80926878700698E-16,0.,-1.));
#2441=DIRECTION('',(0.,-1.,0.));
#2442=DIRECTION('',(1.,0.,0.));
#2443=DIRECTION('',(1.,0.,0.));
#2444=DIRECTION('',(-3.05678145546574E-16,0.,1.));
#2445=DIRECTION('',(0.,0.,1.));
#2446=DIRECTION('',(0.,-1.,0.));
#2447=DIRECTION('',(0.,1.,0.));
#2448=DIRECTION('',(-1.,0.,-1.98254111540206E-16));
#2449=DIRECTION('',(0.,1.,0.));
#2450=DIRECTION('',(0.,0.,1.));
#2451=DIRECTION('',(0.,-1.,0.));
#2452=DIRECTION('',(1.,0.,0.));
#2453=DIRECTION('',(0.,1.,0.));
#2454=DIRECTION('',(1.,0.,0.));
#2455=DIRECTION('',(0.,1.,0.));
#2456=DIRECTION('',(0.,-1.,0.));
#2457=DIRECTION('',(1.,0.,0.));
#2458=DIRECTION('',(-3.05678145546574E-16,0.,1.));
#2459=DIRECTION('',(-1.,0.,0.));
#2460=DIRECTION('',(0.,1.,0.));
#2461=DIRECTION('',(0.,-1.,0.));
#2462=DIRECTION('',(-2.4492935982947E-16,0.,-1.));
#2463=DIRECTION('',(-1.,0.,2.4492935982947E-16));
#2464=DIRECTION('',(-1.,0.,2.4492935982947E-16));
#2465=DIRECTION('',(0.,1.,0.));
#2466=DIRECTION('',(1.,0.,-2.4492935982947E-16));
#2467=DIRECTION('',(0.,1.,0.));
#2468=DIRECTION('',(1.,0.,0.));
#2469=DIRECTION('',(-1.,0.,0.));
#2470=DIRECTION('',(0.,1.,0.));
#2471=DIRECTION('',(0.,-1.,0.));
#2472=DIRECTION('',(-2.4492935982947E-16,0.,-1.));
#2473=DIRECTION('',(-1.,0.,2.4492935982947E-16));
#2474=DIRECTION('',(-1.,0.,2.4492935982947E-16));
#2475=DIRECTION('',(0.,1.,0.));
#2476=DIRECTION('',(1.,0.,-2.4492935982947E-16));
#2477=DIRECTION('',(0.,1.,0.));
#2478=DIRECTION('',(1.,0.,0.));
#2479=DIRECTION('',(-1.,0.,0.));
#2480=DIRECTION('',(0.,1.,0.));
#2481=DIRECTION('',(0.,-1.,0.));
#2482=DIRECTION('',(-2.4492935982947E-16,0.,-1.));
#2483=DIRECTION('',(-1.,0.,2.4492935982947E-16));
#2484=DIRECTION('',(-1.,0.,2.4492935982947E-16));
#2485=DIRECTION('',(0.,1.,0.));
#2486=DIRECTION('',(1.,0.,-2.4492935982947E-16));
#2487=DIRECTION('',(0.,1.,0.));
#2488=DIRECTION('',(1.,0.,0.));
#2489=DIRECTION('',(-1.,0.,0.));
#2490=DIRECTION('',(0.,1.,0.));
#2491=DIRECTION('',(0.,-1.,0.));
#2492=DIRECTION('',(-1.22464679914735E-16,0.,-1.));
#2493=DIRECTION('',(-1.,0.,1.22464679914735E-16));
#2494=DIRECTION('',(-1.,0.,1.22464679914735E-16));
#2495=DIRECTION('',(0.,1.,0.));
#2496=DIRECTION('',(-1.,0.,1.22464679914735E-16));
#2497=DIRECTION('',(0.,1.,0.));
#2498=DIRECTION('',(1.,0.,0.));
#2499=DIRECTION('',(-1.,0.,0.));
#2500=DIRECTION('',(0.,1.,0.));
#2501=DIRECTION('',(0.,0.,1.));
#2502=DIRECTION('',(-1.,0.,0.));
#2503=DIRECTION('',(0.,1.,0.));
#2504=DIRECTION('',(0.,0.,1.));
#2505=DIRECTION('',(-1.,0.,0.));
#2506=DIRECTION('',(0.,1.,0.));
#2507=DIRECTION('',(0.,1.,0.));
#2508=DIRECTION('',(0.,0.,1.));
#2509=DIRECTION('',(0.,0.,1.));
#2510=DIRECTION('',(0.,-1.,0.));
#2511=DIRECTION('',(0.,1.,0.));
#2512=DIRECTION('',(1.,0.,0.));
#2513=DIRECTION('',(0.,1.,0.));
#2514=DIRECTION('',(0.,0.,1.));
#2515=DIRECTION('',(0.,-1.,0.));
#2516=DIRECTION('',(1.,0.,0.));
#2517=DIRECTION('',(0.,1.,0.));
#2518=DIRECTION('',(0.,1.,0.));
#2519=DIRECTION('',(-1.,0.,0.));
#2520=DIRECTION('',(0.,1.,0.));
#2521=DIRECTION('',(0.,0.,1.));
#2522=DIRECTION('',(0.,1.,0.));
#2523=DIRECTION('',(-1.,0.,0.));
#2524=DIRECTION('',(0.,1.,0.));
#2525=DIRECTION('',(0.,0.,1.));
#2526=DIRECTION('',(0.,1.,0.));
#2527=DIRECTION('',(1.,0.,0.));
#2528=DIRECTION('',(0.,1.,0.));
#2529=DIRECTION('',(1.,0.,0.));
#2530=DIRECTION('',(0.,1.,0.));
#2531=DIRECTION('',(1.,0.,0.));
#2532=DIRECTION('',(0.,1.,0.));
#2533=DIRECTION('',(1.,0.,0.));
#2534=DIRECTION('',(0.,1.,0.));
#2535=DIRECTION('',(1.,0.,0.));
#2536=DIRECTION('',(0.,-1.,0.));
#2537=DIRECTION('',(-1.,0.,0.));
#2538=DIRECTION('',(0.,-1.,0.));
#2539=DIRECTION('',(-1.,0.,0.));
#2540=DIRECTION('',(0.,-1.,0.));
#2541=DIRECTION('',(-1.,0.,0.));
#2542=DIRECTION('',(0.,-1.,0.));
#2543=DIRECTION('',(-1.,0.,0.));
#2544=DIRECTION('',(1.,0.,1.87537673078574E-16));
#2545=DIRECTION('',(1.87537673078574E-16,0.,-1.));
#2546=DIRECTION('',(0.,1.,0.));
#2547=DIRECTION('',(1.87537673078574E-16,0.,-1.));
#2548=DIRECTION('',(0.,-1.,0.));
#2549=DIRECTION('',(1.,0.,1.87537673078574E-16));
#2550=DIRECTION('',(1.87537673078574E-16,0.,-1.));
#2551=DIRECTION('',(0.,-1.,0.));
#2552=DIRECTION('',(1.87537673078574E-16,0.,-1.));
#2553=DIRECTION('',(0.,1.,0.));
#2554=DIRECTION('',(-1.,0.,0.));
#2555=DIRECTION('',(0.,1.,0.));
#2556=DIRECTION('',(0.,-1.,0.));
#2557=DIRECTION('',(0.,0.,1.));
#2558=DIRECTION('',(0.,-1.,0.));
#2559=DIRECTION('',(0.,0.,-1.));
#2560=DIRECTION('',(1.60622544071926E-16,0.,-1.));
#2561=DIRECTION('',(-1.,0.,-1.60622544071926E-16));
#2562=DIRECTION('',(0.,-1.,0.));
#2563=DIRECTION('',(1.,0.,1.60622544071926E-16));
#2564=DIRECTION('',(0.,-1.,0.));
#2565=DIRECTION('',(1.,0.,1.60622544071926E-16));
#2566=DIRECTION('',(-1.,0.,0.));
#2567=DIRECTION('',(0.,1.,0.));
#2568=DIRECTION('',(0.,0.,1.));
#2569=DIRECTION('',(0.,-1.,0.));
#2570=DIRECTION('',(0.,0.,-1.));
#2571=DIRECTION('',(0.,0.,1.));
#2572=DIRECTION('',(0.,-1.,0.));
#2573=DIRECTION('',(-1.,0.,0.));
#2574=DIRECTION('',(0.,-1.,0.));
#2575=DIRECTION('',(-1.,0.,0.));
#2576=DIRECTION('',(-1.,0.,-2.82068857882407E-16));
#2577=DIRECTION('',(-2.82068857882407E-16,0.,1.));
#2578=DIRECTION('',(2.82068857882407E-16,0.,-1.));
#2579=DIRECTION('',(0.,-1.,0.));
#2580=DIRECTION('',(2.82068857882407E-16,0.,-1.));
#2581=DIRECTION('',(0.,0.,1.));
#2582=DIRECTION('',(0.,-1.,0.));
#2583=DIRECTION('',(1.,0.,0.));
#2584=DIRECTION('',(0.,-1.,0.));
#2585=DIRECTION('',(-1.,0.,0.));
#2586=DIRECTION('',(-1.,0.,0.));
#2587=DIRECTION('',(0.,1.,0.));
#2588=DIRECTION('',(0.,0.,1.));
#2589=DIRECTION('',(0.,-1.,0.));
#2590=DIRECTION('',(0.,0.,-1.));
#2591=DIRECTION('',(1.60622544071926E-16,0.,-1.));
#2592=DIRECTION('',(-1.,0.,-1.60622544071926E-16));
#2593=DIRECTION('',(-1.,0.,-1.60622544071926E-16));
#2594=DIRECTION('',(0.,-1.,0.));
#2595=DIRECTION('',(1.,0.,1.60622544071926E-16));
#2596=DIRECTION('',(-1.,0.,-6.4849475737451E-16));
#2597=DIRECTION('',(-6.4849475737451E-16,0.,1.));
#2598=DIRECTION('',(0.,-1.,0.));
#2599=DIRECTION('',(-6.4849475737451E-16,0.,1.));
#2600=DIRECTION('',(0.,-1.,0.));
#2601=DIRECTION('',(6.4849475737451E-16,0.,-1.));
#2602=DIRECTION('',(0.,0.,-1.));
#2603=DIRECTION('',(0.,1.,0.));
#2604=DIRECTION('',(0.,-1.,0.));
#2605=DIRECTION('',(1.,0.,0.));
#2606=DIRECTION('',(0.,-1.,0.));
#2607=DIRECTION('',(1.,0.,0.));
#2608=DIRECTION('',(-1.,0.,0.));
#2609=DIRECTION('',(0.,1.,0.));
#2610=DIRECTION('',(0.,0.,1.));
#2611=DIRECTION('',(0.,-1.,0.));
#2612=DIRECTION('',(0.,0.,-1.));
#2613=DIRECTION('',(0.,0.,-1.));
#2614=DIRECTION('',(0.,1.,0.));
#2615=DIRECTION('',(-1.,0.,0.));
#2616=DIRECTION('',(0.,-1.,0.));
#2617=DIRECTION('',(1.,0.,0.));
#2618=DIRECTION('',(0.,-1.,0.));
#2619=DIRECTION('',(1.,0.,0.));
#2620=DIRECTION('',(0.,-1.,0.));
#2621=DIRECTION('',(-1.,0.,0.));
#2622=DIRECTION('',(0.,-1.,0.));
#2623=DIRECTION('',(-1.,0.,0.));
#2624=DIRECTION('',(0.,-1.,0.));
#2625=DIRECTION('',(-1.,0.,0.));
#2626=DIRECTION('',(0.,-1.,0.));
#2627=DIRECTION('',(-1.,0.,0.));
#2628=DIRECTION('',(0.,-1.,0.));
#2629=DIRECTION('',(-1.,0.,0.));
#2630=DIRECTION('',(0.,-1.,0.));
#2631=DIRECTION('',(-1.,0.,0.));
#2632=DIRECTION('',(0.,1.,0.));
#2633=DIRECTION('',(1.,0.,0.));
#2634=DIRECTION('',(0.,-1.,0.));
#2635=DIRECTION('',(-1.,0.,0.));
#2636=DIRECTION('',(0.,-1.,0.));
#2637=DIRECTION('',(-1.,0.,0.));
#2638=DIRECTION('',(0.,-1.,0.));
#2639=DIRECTION('',(-1.,0.,0.));
#2640=DIRECTION('',(0.,1.,0.));
#2641=DIRECTION('',(1.,0.,0.));
#2642=DIRECTION('',(0.,-1.,0.));
#2643=DIRECTION('',(-1.,0.,0.));
#2644=DIRECTION('',(0.,-0.707106781186548,-0.707106781186548));
#2645=DIRECTION('',(1.,0.,0.));
#2646=DIRECTION('',(0.577350269189626,-0.577350269189626,0.577350269189626));
#2647=DIRECTION('',(0.577350269189626,0.577350269189626,-0.577350269189626));
#2648=DIRECTION('',(0.707106781186548,-0.707106781186548,1.99452802170195E-16));
#2649=DIRECTION('',(-2.82068857882407E-16,0.,1.));
#2650=DIRECTION('',(-0.577350269189626,-0.577350269189626,-0.577350269189626));
#2651=DIRECTION('',(0.707106781186548,0.707106781186548,0.));
#2652=DIRECTION('',(0.,0.,-1.));
#2653=DIRECTION('',(0.577350269189626,-0.577350269189626,-0.577350269189626));
#2654=DIRECTION('',(0.,0.707106781186548,-0.707106781186548));
#2655=DIRECTION('',(-1.,0.,0.));
#2656=DIRECTION('',(-0.577350269189626,0.577350269189626,0.577350269189626));
#2657=DIRECTION('',(-1.13577290124694E-16,-0.707106781186547,0.707106781186548));
#2658=DIRECTION('',(-1.,0.,-1.60622544071926E-16));
#2659=DIRECTION('',(0.,0.707106781186548,0.707106781186548));
#2660=DIRECTION('',(0.707106781186548,0.707106781186548,0.));
#2661=DIRECTION('',(0.,0.,-1.));
#2662=DIRECTION('',(-0.577350269189626,0.577350269189626,-0.577350269189626));
#2663=DIRECTION('',(0.,1.,0.));
#2664=DIRECTION('',(1.,0.,0.));
#2665=DIRECTION('',(-0.707106781186548,0.707106781186548,0.));
#2666=DIRECTION('',(-1.13577290124694E-16,0.707106781186548,0.707106781186547));
#2667=DIRECTION('',(1.,0.,1.60622544071926E-16));
#2668=DIRECTION('',(0.,-0.707106781186548,0.707106781186548));
#2669=DIRECTION('',(0.707106781186548,0.707106781186548,0.));
#2670=DIRECTION('',(0.,0.,-1.));
#2671=DIRECTION('',(-0.707106781186548,0.707106781186548,0.));
#2672=DIRECTION('',(0.,1.,0.));
#2673=DIRECTION('',(1.,0.,0.));
#2674=DIRECTION('',(0.707106781186548,-0.707106781186548,0.));
#2675=DIRECTION('',(0.,1.,0.));
#2676=DIRECTION('',(1.,0.,0.));
#2677=DIRECTION('',(0.,0.707106781186548,-0.707106781186547));
#2678=DIRECTION('',(0.707106781186549,0.707106781186547,4.58555040503442E-16));
#2679=DIRECTION('',(6.4849475737451E-16,0.,-1.));
#2680=DIRECTION('',(0.707106781186545,-0.70710678118655,3.06658683336675E-16));
#2681=DIRECTION('',(0.,0.707106781186548,0.707106781186548));
#2682=DIRECTION('',(1.,0.,0.));
#2683=DIRECTION('',(-0.577350269189626,0.577350269189626,-0.577350269189626));
#2684=DIRECTION('',(0.,1.,0.));
#2685=DIRECTION('',(1.,0.,0.));
#2686=DIRECTION('',(0.,-0.707106781186548,-0.707106781186547));
#2687=DIRECTION('',(0.707106781186548,0.707106781186548,0.));
#2688=DIRECTION('',(0.,0.,-1.));
#2689=DIRECTION('',(-0.577350269189626,0.577350269189626,0.577350269189626));
#2690=DIRECTION('',(0.,-0.707106781186548,0.707106781186548));
#2691=DIRECTION('',(-1.,0.,0.));
#2692=DIRECTION('',(0.,-1.,0.));
#2693=DIRECTION('',(1.,0.,0.));
#2694=DIRECTION('',(0.,-1.,0.));
#2695=DIRECTION('',(-1.,0.,0.));
#2696=DIRECTION('',(3.05678145546574E-16,0.,-1.));
#2697=DIRECTION('',(0.,-1.,0.));
#2698=DIRECTION('',(-1.,0.,0.));
#2699=DIRECTION('',(1.,0.,3.05678145546574E-16));
#2700=DIRECTION('',(3.05678145546574E-16,0.,-1.));
#2701=DIRECTION('',(1.,0.,3.05678145546574E-16));
#2702=DIRECTION('',(3.05678145546574E-16,0.,-1.));
#2703=DIRECTION('',(3.05678145546574E-16,0.,-1.));
#2704=DIRECTION('',(0.,-1.,0.));
#2705=DIRECTION('',(1.,0.,0.));
#2706=DIRECTION('',(0.,-1.,0.));
#2707=DIRECTION('',(-1.,0.,0.));
#2708=DIRECTION('',(0.,-1.,0.));
#2709=DIRECTION('',(-1.,0.,0.));
#2710=DIRECTION('',(1.,0.,1.11917643611407E-16));
#2711=DIRECTION('',(1.11917643611407E-16,0.,-1.));
#2712=DIRECTION('',(0.,1.,0.));
#2713=DIRECTION('',(0.,1.,0.));
#2714=DIRECTION('',(0.,1.,0.));
#2715=DIRECTION('',(1.,0.,0.));
#2716=DIRECTION('',(0.,-1.,0.));
#2717=DIRECTION('',(-1.,0.,0.));
#2718=DIRECTION('',(0.,1.,0.));
#2719=DIRECTION('',(1.,0.,0.));
#2720=DIRECTION('',(0.,-1.,0.));
#2721=DIRECTION('',(-1.,0.,0.));
#2722=DIRECTION('',(0.,1.,0.));
#2723=DIRECTION('',(1.,0.,0.));
#2724=DIRECTION('',(0.,-1.,0.));
#2725=DIRECTION('',(-1.,0.,0.));
#2726=DIRECTION('',(0.,-1.,0.));
#2727=DIRECTION('',(-1.,0.,0.));
#2728=DIRECTION('',(0.,-1.,0.));
#2729=DIRECTION('',(-1.,0.,0.));
#2730=DIRECTION('',(0.,1.,0.));
#2731=DIRECTION('',(1.,0.,0.));
#2732=DIRECTION('',(0.,1.,0.));
#2733=DIRECTION('',(1.,0.,0.));
#2734=DIRECTION('',(0.,1.,0.));
#2735=DIRECTION('',(1.,0.,0.));
#2736=DIRECTION('',(0.,-1.,0.));
#2737=DIRECTION('',(-1.,0.,0.));
#2738=CARTESIAN_POINT('',(0.,0.,0.));
#2739=CARTESIAN_POINT('',(0.,0.017,6.93889390390723E-17));
#2740=CARTESIAN_POINT('',(-0.04,0.017,0.034));
#2741=CARTESIAN_POINT('',(-0.042,0.017,0.034));
#2742=CARTESIAN_POINT('',(0.,0.017,0.034));
#2743=CARTESIAN_POINT('',(-0.002,0.017,0.034));
#2744=CARTESIAN_POINT('',(0.04,0.017,0.034));
#2745=CARTESIAN_POINT('',(0.038,0.017,0.034));
#2746=CARTESIAN_POINT('',(0.04,0.017,-0.034));
#2747=CARTESIAN_POINT('',(0.038,0.017,-0.034));
#2748=CARTESIAN_POINT('',(0.,0.017,-0.034));
#2749=CARTESIAN_POINT('',(-0.002,0.017,-0.034));
#2750=CARTESIAN_POINT('',(-0.04,0.017,-0.034));
#2751=CARTESIAN_POINT('',(-0.042,0.017,-0.034));
#2752=CARTESIAN_POINT('',(6.93889390390723E-18,0.017,0.037));
#2753=CARTESIAN_POINT('',(-0.0525,0.017,0.037));
#2754=CARTESIAN_POINT('',(0.0535,0.017,0.037));
#2755=CARTESIAN_POINT('',(0.0535,0.017,0.0355));
#2756=CARTESIAN_POINT('',(0.055,0.017,0.0355));
#2757=CARTESIAN_POINT('',(0.055,0.017,6.76542155630955E-17));
#2758=CARTESIAN_POINT('',(0.055,0.017,0.0255));
#2759=CARTESIAN_POINT('',(0.0535,0.017,0.0255));
#2760=CARTESIAN_POINT('',(0.0535,0.017,0.024));
#2761=CARTESIAN_POINT('',(0.04875,0.017,0.024));
#2762=CARTESIAN_POINT('',(0.044,0.017,0.024));
#2763=CARTESIAN_POINT('',(0.044,0.017,0.0225));
#2764=CARTESIAN_POINT('',(0.0425,0.017,0.0225));
#2765=CARTESIAN_POINT('',(0.0425,0.017,0.012));
#2766=CARTESIAN_POINT('',(0.0425,0.017,0.01615));
#2767=CARTESIAN_POINT('',(3.95560916124593E-18,0.017,0.01615));
#2768=CARTESIAN_POINT('',(0.0175,0.017,0.01615));
#2769=CARTESIAN_POINT('',(0.0175,0.017,6.93889390390723E-17));
#2770=CARTESIAN_POINT('',(0.0175,0.017,0.01535));
#2771=CARTESIAN_POINT('',(3.75966567338236E-18,0.017,0.01535));
#2772=CARTESIAN_POINT('',(0.0425,0.017,0.01535));
#2773=CARTESIAN_POINT('',(0.0425,0.017,0.012));
#2774=CARTESIAN_POINT('',(0.0425,0.017,0.00565));
#2775=CARTESIAN_POINT('',(1.38385088303649E-18,0.017,0.00565));
#2776=CARTESIAN_POINT('',(0.0175,0.017,0.00565));
#2777=CARTESIAN_POINT('',(0.0175,0.017,6.93889390390723E-17));
#2778=CARTESIAN_POINT('',(0.0175,0.017,0.00485));
#2779=CARTESIAN_POINT('',(1.18790739517292E-18,0.017,0.00485));
#2780=CARTESIAN_POINT('',(0.0425,0.017,0.00485));
#2781=CARTESIAN_POINT('',(0.0425,0.017,-0.012));
#2782=CARTESIAN_POINT('',(0.0425,0.017,-0.00485));
#2783=CARTESIAN_POINT('',(-1.18790739517295E-18,0.017,-0.00485));
#2784=CARTESIAN_POINT('',(0.0175,0.017,-0.00485));
#2785=CARTESIAN_POINT('',(0.0175,0.017,6.93889390390723E-17));
#2786=CARTESIAN_POINT('',(0.0175,0.017,-0.00565));
#2787=CARTESIAN_POINT('',(-1.38385088303652E-18,0.017,-0.00565));
#2788=CARTESIAN_POINT('',(0.0425,0.017,-0.00565));
#2789=CARTESIAN_POINT('',(0.0425,0.017,-0.012));
#2790=CARTESIAN_POINT('',(0.0425,0.017,-0.01535));
#2791=CARTESIAN_POINT('',(-1.8798328366912E-18,0.017,-0.01535));
#2792=CARTESIAN_POINT('',(0.0175,0.017,-0.01535));
#2793=CARTESIAN_POINT('',(0.0175,0.017,6.93889390390723E-17));
#2794=CARTESIAN_POINT('',(0.0175,0.017,-0.01615));
#2795=CARTESIAN_POINT('',(-1.97780458062299E-18,0.017,-0.01615));
#2796=CARTESIAN_POINT('',(0.0425,0.017,-0.01615));
#2797=CARTESIAN_POINT('',(0.0425,0.017,-0.012));
#2798=CARTESIAN_POINT('',(0.0425,0.017,-0.0225));
#2799=CARTESIAN_POINT('',(0.044,0.017,-0.0225));
#2800=CARTESIAN_POINT('',(0.044,0.017,-0.024));
#2801=CARTESIAN_POINT('',(0.04875,0.017,-0.024));
#2802=CARTESIAN_POINT('',(0.0535,0.017,-0.024));
#2803=CARTESIAN_POINT('',(0.0535,0.017,-0.0255));
#2804=CARTESIAN_POINT('',(0.055,0.017,-0.0255));
#2805=CARTESIAN_POINT('',(0.055,0.017,6.76542155630955E-17));
#2806=CARTESIAN_POINT('',(0.055,0.017,-0.0355));
#2807=CARTESIAN_POINT('',(0.0535,0.017,-0.0355));
#2808=CARTESIAN_POINT('',(0.0535,0.017,-0.037));
#2809=CARTESIAN_POINT('',(6.93889390390723E-18,0.017,-0.037));
#2810=CARTESIAN_POINT('',(-0.0525,0.017,-0.037));
#2811=CARTESIAN_POINT('',(-0.0525,0.017,-0.0355));
#2812=CARTESIAN_POINT('',(-0.054,0.017,-0.0355));
#2813=CARTESIAN_POINT('',(-0.054,0.017,6.42966862547533E-17));
#2814=CARTESIAN_POINT('',(-0.054,0.017,0.0355));
#2815=CARTESIAN_POINT('',(-0.0525,0.017,0.0355));
#2816=CARTESIAN_POINT('',(-1.38777878078145E-17,0.012,6.24500451351651E-17));
#2817=CARTESIAN_POINT('',(-0.054,0.012,6.42966862547533E-17));
#2818=CARTESIAN_POINT('',(-0.054,0.012,-0.0355));
#2819=CARTESIAN_POINT('',(-0.054,0.012,0.0355));
#2820=CARTESIAN_POINT('',(-0.0525,0.012,-0.0355));
#2821=CARTESIAN_POINT('',(-0.0525,0.012,-0.037));
#2822=CARTESIAN_POINT('',(6.93889390390723E-18,0.012,-0.037));
#2823=CARTESIAN_POINT('',(-0.037,0.012,-0.037));
#2824=CARTESIAN_POINT('',(-0.037,0.012,-0.0185));
#2825=CARTESIAN_POINT('',(-0.037,0.012,-0.029875));
#2826=CARTESIAN_POINT('',(-0.0355,0.012,-0.029875));
#2827=CARTESIAN_POINT('',(-0.0355,0.012,-0.028375));
#2828=CARTESIAN_POINT('',(-0.0125,0.012,-0.028375));
#2829=CARTESIAN_POINT('',(0.03,0.012,-0.028375));
#2830=CARTESIAN_POINT('',(0.03,0.012,5.20417042793042E-17));
#2831=CARTESIAN_POINT('',(0.03,0.012,-0.01615));
#2832=CARTESIAN_POINT('',(-1.58555923884374E-17,0.012,-0.01615));
#2833=CARTESIAN_POINT('',(0.0175,0.012,-0.01615));
#2834=CARTESIAN_POINT('',(0.0175,0.012,6.24500451351651E-17));
#2835=CARTESIAN_POINT('',(0.0175,0.012,-0.01535));
#2836=CARTESIAN_POINT('',(-1.57576206445056E-17,0.012,-0.01535));
#2837=CARTESIAN_POINT('',(0.03,0.012,-0.01535));
#2838=CARTESIAN_POINT('',(0.03,0.012,5.20417042793042E-17));
#2839=CARTESIAN_POINT('',(0.03,0.012,-0.00565));
#2840=CARTESIAN_POINT('',(-1.5261638690851E-17,0.012,-0.00565));
#2841=CARTESIAN_POINT('',(0.0175,0.012,-0.00565));
#2842=CARTESIAN_POINT('',(0.0175,0.012,6.24500451351651E-17));
#2843=CARTESIAN_POINT('',(0.0175,0.012,-0.00485));
#2844=CARTESIAN_POINT('',(-1.50656952029874E-17,0.012,-0.00485));
#2845=CARTESIAN_POINT('',(0.03,0.012,-0.00485));
#2846=CARTESIAN_POINT('',(0.03,0.012,5.20417042793042E-17));
#2847=CARTESIAN_POINT('',(0.03,0.012,0.00485));
#2848=CARTESIAN_POINT('',(-1.26898804126415E-17,0.012,0.00485));
#2849=CARTESIAN_POINT('',(0.0175,0.012,0.00485));
#2850=CARTESIAN_POINT('',(0.0175,0.012,6.24500451351651E-17));
#2851=CARTESIAN_POINT('',(0.0175,0.012,0.00565));
#2852=CARTESIAN_POINT('',(-1.2493936924778E-17,0.012,0.00565));
#2853=CARTESIAN_POINT('',(0.03,0.012,0.00565));
#2854=CARTESIAN_POINT('',(0.03,0.012,5.20417042793042E-17));
#2855=CARTESIAN_POINT('',(0.03,0.012,0.01535));
#2856=CARTESIAN_POINT('',(-1.01181221344321E-17,0.012,0.01535));
#2857=CARTESIAN_POINT('',(0.0175,0.012,0.01535));
#2858=CARTESIAN_POINT('',(0.0175,0.012,6.24500451351651E-17));
#2859=CARTESIAN_POINT('',(0.0175,0.012,0.01615));
#2860=CARTESIAN_POINT('',(-9.92217864656852E-18,0.012,0.01615));
#2861=CARTESIAN_POINT('',(0.03,0.012,0.01615));
#2862=CARTESIAN_POINT('',(0.03,0.012,5.20417042793042E-17));
#2863=CARTESIAN_POINT('',(0.03,0.012,0.028375));
#2864=CARTESIAN_POINT('',(-0.0125,0.012,0.028375));
#2865=CARTESIAN_POINT('',(-0.0355,0.012,0.028375));
#2866=CARTESIAN_POINT('',(-0.0355,0.012,0.029875));
#2867=CARTESIAN_POINT('',(-0.037,0.012,0.029875));
#2868=CARTESIAN_POINT('',(-0.037,0.012,-0.0185));
#2869=CARTESIAN_POINT('',(-0.037,0.012,0.037));
#2870=CARTESIAN_POINT('',(6.93889390390723E-18,0.012,0.037));
#2871=CARTESIAN_POINT('',(-0.0525,0.012,0.037));
#2872=CARTESIAN_POINT('',(-0.0525,0.012,0.0355));
#2873=CARTESIAN_POINT('',(-0.0393,0.012,6.24500451351651E-17));
#2874=CARTESIAN_POINT('',(-0.0393,0.012,0.00259999999999994));
#2875=CARTESIAN_POINT('',(-0.0393,0.012,-0.00260000000000006));
#2876=CARTESIAN_POINT('',(-0.0448,0.012,-0.00260000000000006));
#2877=CARTESIAN_POINT('',(-0.0448,0.012,-0.00260000000000005));
#2878=CARTESIAN_POINT('',(-0.0448,0.012,-0.00310000000000006));
#2879=CARTESIAN_POINT('',(-0.0453,0.012,-0.00310000000000006));
#2880=CARTESIAN_POINT('',(-0.0453,0.012,3.30732326260998E-17));
#2881=CARTESIAN_POINT('',(-0.0453,0.012,-0.0108));
#2882=CARTESIAN_POINT('',(-0.0448,0.012,-0.0108));
#2883=CARTESIAN_POINT('',(-0.0448,0.012,-0.0113));
#2884=CARTESIAN_POINT('',(-1.20627530598017E-17,0.012,-0.0113));
#2885=CARTESIAN_POINT('',(-0.0345,0.012,-0.0113));
#2886=CARTESIAN_POINT('',(-0.0345,0.012,6.24500451351651E-17));
#2887=CARTESIAN_POINT('',(-0.0345,0.012,-0.0165));
#2888=CARTESIAN_POINT('',(-1.38777878078145E-17,0.012,-0.0165));
#2889=CARTESIAN_POINT('',(-0.0505,0.012,-0.0165));
#2890=CARTESIAN_POINT('',(-0.0505,0.012,0.0155));
#2891=CARTESIAN_POINT('',(-0.0505,0.012,0.0165));
#2892=CARTESIAN_POINT('',(-0.0355,0.012,0.0165));
#2893=CARTESIAN_POINT('',(-0.0345,0.012,0.0165));
#2894=CARTESIAN_POINT('',(-0.0345,0.012,6.24500451351651E-17));
#2895=CARTESIAN_POINT('',(-0.0345,0.012,0.0113));
#2896=CARTESIAN_POINT('',(-0.0448,0.012,0.0113));
#2897=CARTESIAN_POINT('',(-0.0448,0.012,0.0113));
#2898=CARTESIAN_POINT('',(-0.0448,0.012,0.0108));
#2899=CARTESIAN_POINT('',(-0.0453,0.012,0.0108));
#2900=CARTESIAN_POINT('',(-0.0453,0.012,6.24500451351651E-17));
#2901=CARTESIAN_POINT('',(-0.0453,0.012,0.00309999999999994));
#2902=CARTESIAN_POINT('',(-0.0448,0.012,0.00309999999999994));
#2903=CARTESIAN_POINT('',(-0.0448,0.012,0.00259999999999994));
#2904=CARTESIAN_POINT('',(-1.38777878078145E-17,0.012,0.00259999999999994));
#2905=CARTESIAN_POINT('',(-0.04,0.012,-0.034));
#2906=CARTESIAN_POINT('',(-0.042,0.012,-0.034));
#2907=CARTESIAN_POINT('',(-0.04,0.012,0.034));
#2908=CARTESIAN_POINT('',(-0.042,0.012,0.034));
#2909=CARTESIAN_POINT('',(6.93889390390723E-18,-1.99999999999853E-6,-0.037));
#2910=CARTESIAN_POINT('',(0.0535,0.,-0.037));
#2911=CARTESIAN_POINT('',(0.0535,0.,-0.037));
#2912=CARTESIAN_POINT('',(6.93889390390723E-18,0.,-0.037));
#2913=CARTESIAN_POINT('',(-0.037,0.,-0.037));
#2914=CARTESIAN_POINT('',(-0.037,0.012002,-0.037));
#2915=CARTESIAN_POINT('',(-0.0525,-1.99999999999853E-6,-0.037));
#2916=CARTESIAN_POINT('',(6.93889390390723E-18,-1.99999999999853E-6,0.037));
#2917=CARTESIAN_POINT('',(6.93889390390723E-18,0.,0.037));
#2918=CARTESIAN_POINT('',(0.0535,0.,0.037));
#2919=CARTESIAN_POINT('',(-0.037,0.,0.037));
#2920=CARTESIAN_POINT('',(0.0535,-1.99999999999853E-6,0.037));
#2921=CARTESIAN_POINT('',(-0.0525,0.012,0.037));
#2922=CARTESIAN_POINT('',(-0.037,0.012002,0.037));
#2923=CARTESIAN_POINT('',(0.,0.,6.93889390390723E-17));
#2924=CARTESIAN_POINT('',(0.,0.,0.034));
#2925=CARTESIAN_POINT('',(0.002,0.,0.034));
#2926=CARTESIAN_POINT('',(0.04,0.,0.034));
#2927=CARTESIAN_POINT('',(0.042,0.,0.034));
#2928=CARTESIAN_POINT('',(0.04,0.,-0.034));
#2929=CARTESIAN_POINT('',(0.042,0.,-0.034));
#2930=CARTESIAN_POINT('',(0.,0.,-0.034));
#2931=CARTESIAN_POINT('',(0.002,0.,-0.034));
#2932=CARTESIAN_POINT('',(0.055,0.,6.76542155630955E-17));
#2933=CARTESIAN_POINT('',(0.055,0.,-0.0355));
#2934=CARTESIAN_POINT('',(0.055,0.,0.0355));
#2935=CARTESIAN_POINT('',(0.0535,0.,0.0355));
#2936=CARTESIAN_POINT('',(-0.037,0.,-0.0185));
#2937=CARTESIAN_POINT('',(-0.037,0.,0.0262));
#2938=CARTESIAN_POINT('',(-0.0355,0.,0.0262));
#2939=CARTESIAN_POINT('',(-0.0355,0.,0.0247));
#2940=CARTESIAN_POINT('',(-0.0125,0.,0.0247));
#2941=CARTESIAN_POINT('',(0.03,0.,0.0247));
#2942=CARTESIAN_POINT('',(0.03,0.,5.20417042793042E-17));
#2943=CARTESIAN_POINT('',(0.03,0.,-0.0247));
#2944=CARTESIAN_POINT('',(-0.0125,0.,-0.0247));
#2945=CARTESIAN_POINT('',(-0.0355,0.,-0.0247));
#2946=CARTESIAN_POINT('',(-0.0355,0.,-0.0262));
#2947=CARTESIAN_POINT('',(-0.037,0.,-0.0262));
#2948=CARTESIAN_POINT('',(-0.037,0.,-0.0185));
#2949=CARTESIAN_POINT('',(0.0535,0.,-0.0355));
#2950=CARTESIAN_POINT('',(-0.04,0.017,-0.034));
#2951=CARTESIAN_POINT('',(-0.04,0.017,0.034));
#2952=CARTESIAN_POINT('',(0.055,0.017,6.76542155630955E-17));
#2953=CARTESIAN_POINT('',(0.055,0.017,0.0355));
#2954=CARTESIAN_POINT('',(0.055,0.017,-0.0355));
#2955=CARTESIAN_POINT('',(0.055,0.017,-0.0255));
#2956=CARTESIAN_POINT('',(0.055,0.009,-0.0255));
#2957=CARTESIAN_POINT('',(0.055,0.009,6.76542155630955E-17));
#2958=CARTESIAN_POINT('',(0.055,0.009,0.0255));
#2959=CARTESIAN_POINT('',(0.055,0.017,0.0255));
#2960=CARTESIAN_POINT('',(0.051,0.024,0.00485));
#2961=CARTESIAN_POINT('',(0.051,0.009,6.93889390390723E-17));
#2962=CARTESIAN_POINT('',(0.051,0.009,0.00565));
#2963=CARTESIAN_POINT('',(0.051,0.009,0.00485));
#2964=CARTESIAN_POINT('',(0.051,0.024,0.00485));
#2965=CARTESIAN_POINT('',(0.051,0.004,0.00485));
#2966=CARTESIAN_POINT('',(0.051,0.004,0.00485));
#2967=CARTESIAN_POINT('',(0.051,0.004,0.00565));
#2968=CARTESIAN_POINT('',(0.051,0.024,0.00565));
#2969=CARTESIAN_POINT('',(0.0198745099194348,0.024,0.00565));
#2970=CARTESIAN_POINT('',(0.0425,0.009,0.00565));
#2971=CARTESIAN_POINT('',(0.0425,0.009,0.00565));
#2972=CARTESIAN_POINT('',(1.38385088303649E-18,0.009,0.00565));
#2973=CARTESIAN_POINT('',(0.0198745099194348,0.004,0.00565));
#2974=CARTESIAN_POINT('',(0.03,0.004,0.00565));
#2975=CARTESIAN_POINT('',(0.03,0.012,0.00565));
#2976=CARTESIAN_POINT('',(0.0175,0.024,0.00565));
#2977=CARTESIAN_POINT('',(0.051,0.024,0.01535));
#2978=CARTESIAN_POINT('',(0.051,0.009,6.93889390390723E-17));
#2979=CARTESIAN_POINT('',(0.051,0.009,0.01615));
#2980=CARTESIAN_POINT('',(0.051,0.009,0.01535));
#2981=CARTESIAN_POINT('',(0.051,0.024,0.01535));
#2982=CARTESIAN_POINT('',(0.051,0.004,0.01535));
#2983=CARTESIAN_POINT('',(0.051,0.004,0.01535));
#2984=CARTESIAN_POINT('',(0.051,0.004,0.01615));
#2985=CARTESIAN_POINT('',(0.051,0.024,0.01615));
#2986=CARTESIAN_POINT('',(0.020012786379084,0.024,0.01615));
#2987=CARTESIAN_POINT('',(0.0425,0.009,0.01615));
#2988=CARTESIAN_POINT('',(0.0425,0.009,0.01615));
#2989=CARTESIAN_POINT('',(3.95560916124593E-18,0.009,0.01615));
#2990=CARTESIAN_POINT('',(0.020012786379084,0.004,0.01615));
#2991=CARTESIAN_POINT('',(0.03,0.004,0.01615));
#2992=CARTESIAN_POINT('',(0.03,0.012,0.01615));
#2993=CARTESIAN_POINT('',(0.0175,0.024,0.01615));
#2994=CARTESIAN_POINT('',(0.051,0.024,-0.00565));
#2995=CARTESIAN_POINT('',(0.051,0.009,6.93889390390723E-17));
#2996=CARTESIAN_POINT('',(0.051,0.009,-0.00485));
#2997=CARTESIAN_POINT('',(0.051,0.009,-0.00565));
#2998=CARTESIAN_POINT('',(0.051,0.024,-0.00565));
#2999=CARTESIAN_POINT('',(0.051,0.004,-0.00565));
#3000=CARTESIAN_POINT('',(0.051,0.004,-0.00565));
#3001=CARTESIAN_POINT('',(0.051,0.004,-0.00485));
#3002=CARTESIAN_POINT('',(0.051,0.024,-0.00485));
#3003=CARTESIAN_POINT('',(0.0204321402423084,0.024,-0.00485));
#3004=CARTESIAN_POINT('',(0.0425,0.009,-0.00485));
#3005=CARTESIAN_POINT('',(0.0425,0.009,-0.00485));
#3006=CARTESIAN_POINT('',(-1.18790739517295E-18,0.009,-0.00485));
#3007=CARTESIAN_POINT('',(0.0204321402423084,0.004,-0.00485));
#3008=CARTESIAN_POINT('',(0.03,0.004,-0.00485));
#3009=CARTESIAN_POINT('',(0.03,0.012,-0.00485));
#3010=CARTESIAN_POINT('',(0.0175,0.024,-0.00485));
#3011=CARTESIAN_POINT('',(0.051,0.024,-0.01615));
#3012=CARTESIAN_POINT('',(0.051,0.009,6.93889390390723E-17));
#3013=CARTESIAN_POINT('',(0.051,0.009,-0.01535));
#3014=CARTESIAN_POINT('',(0.051,0.009,-0.01615));
#3015=CARTESIAN_POINT('',(0.051,0.024,-0.01615));
#3016=CARTESIAN_POINT('',(0.051,0.004,-0.01615));
#3017=CARTESIAN_POINT('',(0.051,0.004,-0.01615));
#3018=CARTESIAN_POINT('',(0.051,0.004,-0.01535));
#3019=CARTESIAN_POINT('',(0.051,0.024,-0.01535));
#3020=CARTESIAN_POINT('',(0.0196886328347027,0.024,-0.01535));
#3021=CARTESIAN_POINT('',(0.0425,0.009,-0.01535));
#3022=CARTESIAN_POINT('',(0.0425,0.009,-0.01535));
#3023=CARTESIAN_POINT('',(-1.8798328366912E-18,0.009,-0.01535));
#3024=CARTESIAN_POINT('',(0.0196886328347027,0.004,-0.01535));
#3025=CARTESIAN_POINT('',(0.03,0.004,-0.01535));
#3026=CARTESIAN_POINT('',(0.03,0.012,-0.01535));
#3027=CARTESIAN_POINT('',(0.0175,0.024,-0.01535));
#3028=CARTESIAN_POINT('',(-0.0125,0.012,0.0247));
#3029=CARTESIAN_POINT('',(-0.0355,0.0058,0.0247));
#3030=CARTESIAN_POINT('',(-0.0355,0.0058,0.0247));
#3031=CARTESIAN_POINT('',(-0.0125,0.0058,0.0247));
#3032=CARTESIAN_POINT('',(-0.02,0.0058,0.0247));
#3033=CARTESIAN_POINT('',(-0.02,0.012,0.0247));
#3034=CARTESIAN_POINT('',(-0.02,0.0065,0.0247));
#3035=CARTESIAN_POINT('',(-0.0125,0.0065,0.0247));
#3036=CARTESIAN_POINT('',(0.03,0.0065,0.0247));
#3037=CARTESIAN_POINT('',(0.03,0.012,0.0247));
#3038=CARTESIAN_POINT('',(-0.0125,0.012,-0.0247));
#3039=CARTESIAN_POINT('',(-0.0125,0.0058,-0.0247));
#3040=CARTESIAN_POINT('',(-0.02,0.0058,-0.0247));
#3041=CARTESIAN_POINT('',(-0.0355,0.0058,-0.0247));
#3042=CARTESIAN_POINT('',(-0.0355,0.012,-0.0247));
#3043=CARTESIAN_POINT('',(0.03,0.012,-0.0247));
#3044=CARTESIAN_POINT('',(0.03,0.0065,-0.0247));
#3045=CARTESIAN_POINT('',(-0.0125,0.0065,-0.0247));
#3046=CARTESIAN_POINT('',(-0.02,0.0065,-0.0247));
#3047=CARTESIAN_POINT('',(-0.02,0.012,-0.0247));
#3048=CARTESIAN_POINT('',(0.03,0.012,5.20417042793042E-17));
#3049=CARTESIAN_POINT('',(0.03,0.012,-0.01615));
#3050=CARTESIAN_POINT('',(0.03,0.004,-0.01615));
#3051=CARTESIAN_POINT('',(0.03,0.0065,-0.028375));
#3052=CARTESIAN_POINT('',(0.03,0.0065,-0.028375));
#3053=CARTESIAN_POINT('',(0.03,0.0065,2.77555756156289E-17));
#3054=CARTESIAN_POINT('',(0.03,0.0065,2.77555756156289E-17));
#3055=CARTESIAN_POINT('',(0.03,0.0065,0.028375));
#3056=CARTESIAN_POINT('',(0.03,0.0065,0.028375));
#3057=CARTESIAN_POINT('',(0.03,0.004,5.20417042793042E-17));
#3058=CARTESIAN_POINT('',(0.03,0.004,0.01535));
#3059=CARTESIAN_POINT('',(0.03,0.012,0.01535));
#3060=CARTESIAN_POINT('',(0.03,0.004,5.20417042793042E-17));
#3061=CARTESIAN_POINT('',(0.03,0.004,0.00485));
#3062=CARTESIAN_POINT('',(0.03,0.012,0.00485));
#3063=CARTESIAN_POINT('',(0.03,0.004,5.20417042793042E-17));
#3064=CARTESIAN_POINT('',(0.03,0.004,-0.00565));
#3065=CARTESIAN_POINT('',(0.03,0.012,-0.00565));
#3066=CARTESIAN_POINT('',(0.03,0.004,5.20417042793042E-17));
#3067=CARTESIAN_POINT('',(-0.0125,0.0065,1.38777878078145E-17));
#3068=CARTESIAN_POINT('',(-0.0125,0.0065,-0.028375));
#3069=CARTESIAN_POINT('',(-0.02,0.0065,-0.028375));
#3070=CARTESIAN_POINT('',(-0.02,0.0065,1.15852017162151E-17));
#3071=CARTESIAN_POINT('',(-0.0125,0.0065,-0.028375));
#3072=CARTESIAN_POINT('',(-0.0355,0.0058,-0.028375));
#3073=CARTESIAN_POINT('',(-0.0355,0.0058,-0.028375));
#3074=CARTESIAN_POINT('',(-0.0375,0.0058,-0.028375));
#3075=CARTESIAN_POINT('',(-0.02,0.0058,-0.028375));
#3076=CARTESIAN_POINT('',(-0.02,0.0058,-0.028375));
#3077=CARTESIAN_POINT('',(-0.0125,0.0065,0.028375));
#3078=CARTESIAN_POINT('',(-0.0125,0.0058,0.028375));
#3079=CARTESIAN_POINT('',(-0.0355,0.0058,0.028375));
#3080=CARTESIAN_POINT('',(-0.02,0.0058,0.028375));
#3081=CARTESIAN_POINT('',(-0.0355,0.0065,0.028375));
#3082=CARTESIAN_POINT('',(-0.0125,0.0065,0.028375));
#3083=CARTESIAN_POINT('',(-0.02,0.0065,0.028375));
#3084=CARTESIAN_POINT('',(-0.02,0.0058,0.028375));
#3085=CARTESIAN_POINT('',(-0.0125,0.0065,1.38777878078145E-17));
#3086=CARTESIAN_POINT('',(-0.02,0.0065,1.15852017162151E-17));
#3087=CARTESIAN_POINT('',(0.0175,0.024,0.00565));
#3088=CARTESIAN_POINT('',(0.0175,0.024,0.00485));
#3089=CARTESIAN_POINT('',(0.0198745099194348,0.024,0.00485));
#3090=CARTESIAN_POINT('',(1.18790739517292E-18,0.009,0.00485));
#3091=CARTESIAN_POINT('',(0.0425,0.009,0.00485));
#3092=CARTESIAN_POINT('',(0.0425,0.009,0.00485));
#3093=CARTESIAN_POINT('',(0.0198745099194348,0.004,0.00485));
#3094=CARTESIAN_POINT('',(0.,0.004,0.));
#3095=CARTESIAN_POINT('',(0.0175,0.024,0.01615));
#3096=CARTESIAN_POINT('',(0.0175,0.024,0.01535));
#3097=CARTESIAN_POINT('',(0.020012786379084,0.024,0.01535));
#3098=CARTESIAN_POINT('',(3.75966567338236E-18,0.009,0.01535));
#3099=CARTESIAN_POINT('',(0.0425,0.009,0.01535));
#3100=CARTESIAN_POINT('',(0.0425,0.009,0.01535));
#3101=CARTESIAN_POINT('',(0.020012786379084,0.004,0.01535));
#3102=CARTESIAN_POINT('',(0.,0.004,0.));
#3103=CARTESIAN_POINT('',(0.0175,0.024,-0.00485));
#3104=CARTESIAN_POINT('',(0.0175,0.024,-0.00565));
#3105=CARTESIAN_POINT('',(0.0204321402423084,0.024,-0.00565));
#3106=CARTESIAN_POINT('',(-1.38385088303652E-18,0.009,-0.00565));
#3107=CARTESIAN_POINT('',(0.0425,0.009,-0.00565));
#3108=CARTESIAN_POINT('',(0.0425,0.009,-0.00565));
#3109=CARTESIAN_POINT('',(0.0204321402423084,0.004,-0.00565));
#3110=CARTESIAN_POINT('',(0.,0.004,0.));
#3111=CARTESIAN_POINT('',(0.0175,0.024,-0.01535));
#3112=CARTESIAN_POINT('',(0.0175,0.024,-0.01615));
#3113=CARTESIAN_POINT('',(0.0196886328347027,0.024,-0.01615));
#3114=CARTESIAN_POINT('',(-1.97780458062299E-18,0.009,-0.01615));
#3115=CARTESIAN_POINT('',(0.0425,0.009,-0.01615));
#3116=CARTESIAN_POINT('',(0.0425,0.009,-0.01615));
#3117=CARTESIAN_POINT('',(0.0196886328347027,0.004,-0.01615));
#3118=CARTESIAN_POINT('',(0.,0.004,0.));
#3119=CARTESIAN_POINT('',(0.0425,0.009,-0.012));
#3120=CARTESIAN_POINT('',(0.0425,0.009,-0.012));
#3121=CARTESIAN_POINT('',(0.0425,0.009,0.012));
#3122=CARTESIAN_POINT('',(0.0425,0.009,0.012));
#3123=CARTESIAN_POINT('',(0.0425,0.009,0.012));
#3124=CARTESIAN_POINT('',(0.0425,0.009,0.0225));
#3125=CARTESIAN_POINT('',(0.0425,0.009,0.0225));
#3126=CARTESIAN_POINT('',(0.0425,0.009,0.012));
#3127=CARTESIAN_POINT('',(0.04875,0.009,0.024));
#3128=CARTESIAN_POINT('',(0.0535,0.009,0.024));
#3129=CARTESIAN_POINT('',(0.0535,0.009,0.024));
#3130=CARTESIAN_POINT('',(0.04875,0.009,0.024));
#3131=CARTESIAN_POINT('',(0.044,0.009,0.024));
#3132=CARTESIAN_POINT('',(0.044,0.017,0.024));
#3133=CARTESIAN_POINT('',(0.04875,0.009,-0.024));
#3134=CARTESIAN_POINT('',(0.04875,0.009,-0.024));
#3135=CARTESIAN_POINT('',(0.044,0.009,-0.024));
#3136=CARTESIAN_POINT('',(0.0535,0.009,-0.024));
#3137=CARTESIAN_POINT('',(0.0535,0.009,-0.024));
#3138=CARTESIAN_POINT('',(0.044,0.009,-0.024));
#3139=CARTESIAN_POINT('',(0.0425,0.009,-0.012));
#3140=CARTESIAN_POINT('',(0.0425,0.009,-0.012));
#3141=CARTESIAN_POINT('',(0.0425,0.009,-0.0225));
#3142=CARTESIAN_POINT('',(0.0425,0.009,-0.0225));
#3143=CARTESIAN_POINT('',(0.0425,0.009,-0.012));
#3144=CARTESIAN_POINT('',(0.0425,0.009,-0.012));
#3145=CARTESIAN_POINT('',(0.,0.009,6.24500451351651E-17));
#3146=CARTESIAN_POINT('',(0.044,0.009,-0.0225));
#3147=CARTESIAN_POINT('',(0.044,0.009,0.0225));
#3148=CARTESIAN_POINT('',(0.0535,0.009,0.0255));
#3149=CARTESIAN_POINT('',(0.0535,0.009,-0.0255));
#3150=CARTESIAN_POINT('',(0.,0.017,-0.034));
#3151=CARTESIAN_POINT('',(0.04,0.017,-0.034));
#3152=CARTESIAN_POINT('',(0.04,0.017,0.034));
#3153=CARTESIAN_POINT('',(0.,0.017,0.034));
#3154=CARTESIAN_POINT('',(-0.037,0.012002,-0.0185));
#3155=CARTESIAN_POINT('',(-0.037,0.012002,0.029875));
#3156=CARTESIAN_POINT('',(-0.037,0.0058,0.029875));
#3157=CARTESIAN_POINT('',(-0.037,0.0058,-0.0185));
#3158=CARTESIAN_POINT('',(-0.037,0.0058,0.0262));
#3159=CARTESIAN_POINT('',(-0.037,0.,0.0262));
#3160=CARTESIAN_POINT('',(-0.037,0.012002,-0.0185));
#3161=CARTESIAN_POINT('',(-0.037,0.012002,-0.0262));
#3162=CARTESIAN_POINT('',(-0.037,0.0058,-0.0262));
#3163=CARTESIAN_POINT('',(-0.037,0.0058,-0.0185));
#3164=CARTESIAN_POINT('',(-0.037,0.0058,-0.029875));
#3165=CARTESIAN_POINT('',(-0.037,0.012,-0.029875));
#3166=CARTESIAN_POINT('',(-0.0463,0.0165,0.00695));
#3167=CARTESIAN_POINT('',(-0.0463,0.0165,0.00309999999999994));
#3168=CARTESIAN_POINT('',(-0.0463,0.0165,0.00309999999999994));
#3169=CARTESIAN_POINT('',(-0.0463,0.013,0.00309999999999994));
#3170=CARTESIAN_POINT('',(-0.0463,0.013,0.00695));
#3171=CARTESIAN_POINT('',(-0.0463,0.013,0.0108));
#3172=CARTESIAN_POINT('',(-0.0463,0.0165,0.0108));
#3173=CARTESIAN_POINT('',(-0.0463,0.0165,0.0108));
#3174=CARTESIAN_POINT('',(-0.0463,0.0165,0.00695));
#3175=CARTESIAN_POINT('',(-0.0409,0.0165,0.0123));
#3176=CARTESIAN_POINT('',(-0.0448,0.012,0.0123));
#3177=CARTESIAN_POINT('',(-0.0448,0.0165,0.0123));
#3178=CARTESIAN_POINT('',(-0.0448,0.013,0.0123));
#3179=CARTESIAN_POINT('',(-0.0355,0.013,0.0123));
#3180=CARTESIAN_POINT('',(-0.0355,0.013,0.0122999999999998));
#3181=CARTESIAN_POINT('',(-0.0355,0.0165,0.0122999999999998));
#3182=CARTESIAN_POINT('',(-0.0355,0.0165,0.0122999999999998));
#3183=CARTESIAN_POINT('',(-0.0409,0.0165,0.0123));
#3184=CARTESIAN_POINT('',(-0.0355,0.0165,0.0138999999999998));
#3185=CARTESIAN_POINT('',(-0.0355,0.013,0.0138999999999998));
#3186=CARTESIAN_POINT('',(-0.0355,0.013,0.0155));
#3187=CARTESIAN_POINT('',(-0.0355,0.0165,0.0155));
#3188=CARTESIAN_POINT('',(-0.0355,0.0165,0.0155));
#3189=CARTESIAN_POINT('',(-0.0355,0.0165,0.0138999999999998));
#3190=CARTESIAN_POINT('',(-0.0479,0.0165,0.0155));
#3191=CARTESIAN_POINT('',(-0.0495,0.013,0.0155));
#3192=CARTESIAN_POINT('',(-0.0495,0.013,0.0155));
#3193=CARTESIAN_POINT('',(-0.0495,0.0165,0.0155));
#3194=CARTESIAN_POINT('',(-0.0495,0.0165,0.0155));
#3195=CARTESIAN_POINT('',(-0.0479,0.0165,0.0155));
#3196=CARTESIAN_POINT('',(-0.0495,0.0165,-1.59594559789866E-16));
#3197=CARTESIAN_POINT('',(-0.0495,0.013,-0.0155));
#3198=CARTESIAN_POINT('',(-0.0495,0.013,-0.0155));
#3199=CARTESIAN_POINT('',(-0.0495,0.0165,-0.0155));
#3200=CARTESIAN_POINT('',(-0.0495,0.0165,-0.0155));
#3201=CARTESIAN_POINT('',(-0.0495,0.0165,-1.59594559789866E-16));
#3202=CARTESIAN_POINT('',(-0.0479,0.0165,-0.0155));
#3203=CARTESIAN_POINT('',(-0.0479,0.013,-0.0155));
#3204=CARTESIAN_POINT('',(-0.0355,0.013,-0.0155));
#3205=CARTESIAN_POINT('',(-0.0355,0.0165,-0.0155));
#3206=CARTESIAN_POINT('',(-0.0355,0.0165,-0.0155));
#3207=CARTESIAN_POINT('',(-0.0479,0.0165,-0.0155));
#3208=CARTESIAN_POINT('',(-0.0355,0.0165,-0.0139000000000001));
#3209=CARTESIAN_POINT('',(-0.0355,0.013,-0.0139000000000001));
#3210=CARTESIAN_POINT('',(-0.0355,0.013,-0.0123000000000001));
#3211=CARTESIAN_POINT('',(-0.0355,0.0165,-0.0123000000000001));
#3212=CARTESIAN_POINT('',(-0.0355,0.0165,-0.0123000000000001));
#3213=CARTESIAN_POINT('',(-0.0355,0.0165,-0.0139000000000001));
#3214=CARTESIAN_POINT('',(-0.0409,0.0165,-0.0123));
#3215=CARTESIAN_POINT('',(-0.0409,0.013,-0.0123));
#3216=CARTESIAN_POINT('',(-0.0448,0.013,-0.0123));
#3217=CARTESIAN_POINT('',(-0.0448,0.0165,-0.0123));
#3218=CARTESIAN_POINT('',(-0.0448,0.0165,-0.0123));
#3219=CARTESIAN_POINT('',(-0.0409,0.0165,-0.0123));
#3220=CARTESIAN_POINT('',(-0.0463,0.0165,-0.00695));
#3221=CARTESIAN_POINT('',(-0.0463,0.0165,-0.0108));
#3222=CARTESIAN_POINT('',(-0.0463,0.0165,-0.0108));
#3223=CARTESIAN_POINT('',(-0.0463,0.013,-0.0108));
#3224=CARTESIAN_POINT('',(-0.0463,0.013,-0.00695));
#3225=CARTESIAN_POINT('',(-0.0463,0.013,-0.00310000000000006));
#3226=CARTESIAN_POINT('',(-0.0463,0.0165,-0.00310000000000006));
#3227=CARTESIAN_POINT('',(-0.0463,0.0165,-0.00310000000000006));
#3228=CARTESIAN_POINT('',(-0.0463,0.0165,-0.00695));
#3229=CARTESIAN_POINT('',(-0.0433,0.0165,-0.00160000000000006));
#3230=CARTESIAN_POINT('',(-0.0448,0.012,-0.00160000000000006));
#3231=CARTESIAN_POINT('',(-0.0448,0.0165,-0.00160000000000006));
#3232=CARTESIAN_POINT('',(-0.0448,0.013,-0.00160000000000006));
#3233=CARTESIAN_POINT('',(-0.0403,0.013,-0.00160000000000006));
#3234=CARTESIAN_POINT('',(-0.0403,0.013,-0.00160000000000006));
#3235=CARTESIAN_POINT('',(-0.0403,0.0165,-0.00160000000000006));
#3236=CARTESIAN_POINT('',(-0.0403,0.0165,-0.00160000000000006));
#3237=CARTESIAN_POINT('',(-0.0433,0.0165,-0.00160000000000006));
#3238=CARTESIAN_POINT('',(-0.0403,0.0165,-5.74627151417317E-17));
#3239=CARTESIAN_POINT('',(-0.0403,0.013,-5.74627151417317E-17));
#3240=CARTESIAN_POINT('',(-0.0403,0.013,0.00159999999999994));
#3241=CARTESIAN_POINT('',(-0.0403,0.0165,0.00159999999999994));
#3242=CARTESIAN_POINT('',(-0.0403,0.0165,0.00159999999999994));
#3243=CARTESIAN_POINT('',(-0.0403,0.0165,-5.74627151417317E-17));
#3244=CARTESIAN_POINT('',(-0.0433,0.0165,0.00159999999999994));
#3245=CARTESIAN_POINT('',(-0.0433,0.013,0.00159999999999994));
#3246=CARTESIAN_POINT('',(-0.0448,0.013,0.00159999999999994));
#3247=CARTESIAN_POINT('',(-0.0448,0.0165,0.00159999999999994));
#3248=CARTESIAN_POINT('',(-0.0448,0.0165,0.00159999999999994));
#3249=CARTESIAN_POINT('',(-0.0433,0.0165,0.00159999999999994));
#3250=CARTESIAN_POINT('',(-0.0125,0.0165,0.));
#3251=CARTESIAN_POINT('',(-0.0448,0.0165,0.0108));
#3252=CARTESIAN_POINT('',(-0.0448,0.0165,-0.0108));
#3253=CARTESIAN_POINT('',(-0.0448,0.0165,-0.00310000000000006));
#3254=CARTESIAN_POINT('',(-0.0448,0.0165,0.00309999999999994));
#3255=CARTESIAN_POINT('',(-0.0448,0.0165,-0.0108));
#3256=CARTESIAN_POINT('',(-0.0448,0.013,-0.0108));
#3257=CARTESIAN_POINT('',(-0.0448,0.0165,-0.00310000000000006));
#3258=CARTESIAN_POINT('',(-0.0448,0.013,-0.00310000000000006));
#3259=CARTESIAN_POINT('',(-0.0448,0.0165,0.00309999999999994));
#3260=CARTESIAN_POINT('',(-0.0448,0.013,0.00309999999999994));
#3261=CARTESIAN_POINT('',(-0.0448,0.0165,0.0108));
#3262=CARTESIAN_POINT('',(-0.0448,0.013,0.0108));
#3263=CARTESIAN_POINT('',(-0.0479,0.013,0.0155));
#3264=CARTESIAN_POINT('',(-0.0396333333333333,0.0171333333333334,0.0113666666666665));
#3265=CARTESIAN_POINT('',(-0.0443333333333333,0.0181666666666667,0.0103333333333332));
#3266=CARTESIAN_POINT('',(-0.0495,0.013,-1.59594559789866E-16));
#3267=CARTESIAN_POINT('',(-0.0336666666666667,0.0288333333333333,0.000333333333333172));
#3268=CARTESIAN_POINT('',(-0.0345,0.012,6.24500451351651E-17));
#3269=CARTESIAN_POINT('',(-0.0307333333333333,0.00823333333333336,0.00753333333333335));
#3270=CARTESIAN_POINT('',(-1.38777878078145E-17,0.012,-0.0165));
#3271=CARTESIAN_POINT('',(-0.04,0.0175,-0.011));
#3272=CARTESIAN_POINT('',(-0.0409,0.013,0.0123));
#3273=CARTESIAN_POINT('',(-0.0448,0.012,0.0113));
#3274=CARTESIAN_POINT('',(-0.0345,0.012,6.24500451351651E-17));
#3275=CARTESIAN_POINT('',(-0.023,0.000500000000000013,0.000199999999999994));
#3276=CARTESIAN_POINT('',(-0.0448,0.012,0.0108));
#3277=CARTESIAN_POINT('',(-0.0453,0.012,0.0108));
#3278=CARTESIAN_POINT('',(-1.20627530598017E-17,0.012,-0.0113));
#3279=CARTESIAN_POINT('',(-0.0448,0.013,-0.0123));
#3280=CARTESIAN_POINT('',(-0.0453,0.012,6.24500451351651E-17));
#3281=CARTESIAN_POINT('',(-0.0453,0.012,0.00309999999999994));
#3282=CARTESIAN_POINT('',(-0.0448,0.012,-0.0108));
#3283=CARTESIAN_POINT('',(-0.0463,0.013,-0.0108));
#3284=CARTESIAN_POINT('',(-0.0448,0.012,0.00309999999999994));
#3285=CARTESIAN_POINT('',(-0.0448,0.012,0.00259999999999994));
#3286=CARTESIAN_POINT('',(-0.0453,0.012,3.30732326260998E-17));
#3287=CARTESIAN_POINT('',(-0.0463,0.013,-0.00310000000000006));
#3288=CARTESIAN_POINT('',(-1.38777878078145E-17,0.012,0.00259999999999994));
#3289=CARTESIAN_POINT('',(-0.0262,-0.0011,0.0157));
#3290=CARTESIAN_POINT('',(-0.0448,0.012,-0.00310000000000006));
#3291=CARTESIAN_POINT('',(-0.0448,0.013,-0.00160000000000006));
#3292=CARTESIAN_POINT('',(-0.0393,0.012,6.24500451351651E-17));
#3293=CARTESIAN_POINT('',(-0.0413,0.014,-0.000600000000000056));
#3294=CARTESIAN_POINT('',(-0.0433,0.013,-0.00160000000000006));
#3295=CARTESIAN_POINT('',(-0.0125,0.0058,0.));
#3296=CARTESIAN_POINT('',(-0.0355,0.0058,-0.0262));
#3297=CARTESIAN_POINT('',(-0.02,0.0058,6.93889390390723E-18));
#3298=CARTESIAN_POINT('',(-0.0355,0.0058,-0.029875));
#3299=CARTESIAN_POINT('',(-0.02,0.0058,6.93889390390723E-18));
#3300=CARTESIAN_POINT('',(-0.02,0.0058,6.93889390390723E-18));
#3301=CARTESIAN_POINT('',(-0.02,0.0058,6.93889390390723E-18));
#3302=CARTESIAN_POINT('',(-0.0125,0.0058,0.));
#3303=CARTESIAN_POINT('',(-0.0355,0.0058,0.0262));
#3304=CARTESIAN_POINT('',(-0.0355,0.0058,0.029875));
#3305=CARTESIAN_POINT('',(-0.054,0.017,6.42966862547533E-17));
#3306=CARTESIAN_POINT('',(-0.054,0.017,-0.0355));
#3307=CARTESIAN_POINT('',(-0.054,0.017,0.0355));
#3308=CARTESIAN_POINT('',(0.0535,-1.99999999999853E-6,0.0355));
#3309=CARTESIAN_POINT('',(0.0535,0.017,-0.0355));
#3310=CARTESIAN_POINT('',(0.0535,0.009,-0.0255));
#3311=CARTESIAN_POINT('',(0.0535,0.017,0.0255));
#3312=CARTESIAN_POINT('',(-0.0525,-1.99999999999853E-6,-0.0355));
#3313=CARTESIAN_POINT('',(-0.0525,0.017,0.0355));
#3314=CARTESIAN_POINT('',(-0.0355,0.012,-0.0262));
#3315=CARTESIAN_POINT('',(-0.0355,0.012002,-0.029875));
#3316=CARTESIAN_POINT('',(-0.0355,0.0065,0.029875));
#3317=CARTESIAN_POINT('',(-0.0355,0.012002,0.0262));
#3318=CARTESIAN_POINT('',(0.044,0.009,-0.0225));
#3319=CARTESIAN_POINT('',(0.044,0.009,0.0225));
#3320=MECHANICAL_DESIGN_GEOMETRIC_PRESENTATION_REPRESENTATION('',(#2041),
#3321);
#3321=(
GEOMETRIC_REPRESENTATION_CONTEXT(3)
GLOBAL_UNCERTAINTY_ASSIGNED_CONTEXT((#3322))
GLOBAL_UNIT_ASSIGNED_CONTEXT((#3325,#3324,#3323))
REPRESENTATION_CONTEXT('ARCADP005','TOP_LEVEL_ASSEMBLY_PART')
);
#3322=UNCERTAINTY_MEASURE_WITH_UNIT(LENGTH_MEASURE(1.E-8),#3325,
'DISTANCE_ACCURACY_VALUE','Maximum Tolerance applied to model');
#3323=(
NAMED_UNIT(*)
SI_UNIT($,.STERADIAN.)
SOLID_ANGLE_UNIT()
);
#3324=(
NAMED_UNIT(*)
PLANE_ANGLE_UNIT()
SI_UNIT($,.RADIAN.)
);
#3325=(
LENGTH_UNIT()
NAMED_UNIT(*)
SI_UNIT($,.METRE.)
);
#3326=PRODUCT_DEFINITION_SHAPE('','',#3327);
#3327=PRODUCT_DEFINITION('','',#3329,#3328);
#3328=PRODUCT_DEFINITION_CONTEXT('',#3335,'design');
#3329=PRODUCT_DEFINITION_FORMATION_WITH_SPECIFIED_SOURCE('','',#3331,
 .NOT_KNOWN.);
#3330=PRODUCT_RELATED_PRODUCT_CATEGORY('','',(#3331));
#3331=PRODUCT('ARCADP005','ARCADP005','ARCADP005',(#3333));
#3332=PRODUCT_CATEGORY('','');
#3333=PRODUCT_CONTEXT('',#3335,'mechanical');
#3334=APPLICATION_PROTOCOL_DEFINITION('international standard',
'ap242_managed_model_based_3d_engineering',2020,#3335);
#3335=APPLICATION_CONTEXT('managed model based 3d engineering');
ENDSEC;
END-ISO-10303-21;
