ISO-10303-21;
HEADER;
/* Generated by software containing ST-Developer
 * from STEP Tools, Inc. (www.steptools.com) 
 */
/* OPTION: using custom renumber hook */

FILE_DESCRIPTION(
/* description */ ('STEP AP242 Edition 2',
'CAx-IF Rec.Pracs.---Representation and Presentation of Product Manufa
cturing Information (PMI)---4.0---2014-10-13',
'CAx-IF Rec.Pracs.---3D Tessellated Geometry---0.4---2014-09-14','2;1',
'CAx-IF Rec.Pracs.---User Defined Attributes---1.5---2016-08-15'),
/* implementation_level */ '2;1');

FILE_NAME(
/* name */ 'ARCADA001 - ARCADP002 (1)',
/* time_stamp */ '2026-07-17T02:50:49Z',
/* author */ (''),
/* organization */ (''),
/* preprocessor_version */ 'ST-DEVELOPER v20',
/* originating_system */ 'ONSHAPE BY PTC INC, 1.217',
/* authorisation */ '  ');

FILE_SCHEMA (('AP242_MANAGED_MODEL_BASED_3D_ENGINEERING_MIM_LF { 1 0 10303 442 3 1 4 }'));
ENDSEC;

DATA;
#10=SHAPE_REPRESENTATION_RELATIONSHIP('','',#1519,#11);
#11=ADVANCED_BREP_SHAPE_REPRESENTATION('',(#1517),#2595);
#12=ELLIPSE('',#1549,0.00950236430053003,0.00325);
#13=ELLIPSE('',#1551,0.00950236430053003,0.00325);
#14=ELLIPSE('',#1556,0.00950236430053004,0.00325);
#15=ELLIPSE('',#1558,0.00950236430053004,0.00325);
#16=ELLIPSE('',#1563,0.00950236430053003,0.00325);
#17=ELLIPSE('',#1565,0.00950236430053004,0.00325);
#18=ELLIPSE('',#1570,0.00950236430053004,0.00325);
#19=ELLIPSE('',#1572,0.00950236430053004,0.00325);
#20=CYLINDRICAL_SURFACE('',#1545,0.00325);
#21=CYLINDRICAL_SURFACE('',#1552,0.00325);
#22=CYLINDRICAL_SURFACE('',#1559,0.00325);
#23=CYLINDRICAL_SURFACE('',#1566,0.00325);
#24=CYLINDRICAL_SURFACE('',#1573,0.01005);
#25=CYLINDRICAL_SURFACE('',#1588,0.013);
#26=CYLINDRICAL_SURFACE('',#1607,0.0017);
#27=CYLINDRICAL_SURFACE('',#1612,0.0017);
#28=CYLINDRICAL_SURFACE('',#1617,0.0017);
#29=CYLINDRICAL_SURFACE('',#1622,0.0017);
#30=CYLINDRICAL_SURFACE('',#1660,0.0005);
#31=CYLINDRICAL_SURFACE('',#1661,0.0005);
#32=CYLINDRICAL_SURFACE('',#1662,0.0005);
#33=CYLINDRICAL_SURFACE('',#1663,0.0005);
#34=CYLINDRICAL_SURFACE('',#1664,0.0005);
#35=CYLINDRICAL_SURFACE('',#1665,0.0005);
#36=CYLINDRICAL_SURFACE('',#1666,0.0005);
#37=CYLINDRICAL_SURFACE('',#1667,0.0005);
#38=CYLINDRICAL_SURFACE('',#1668,0.0005);
#39=CYLINDRICAL_SURFACE('',#1669,0.0005);
#40=CYLINDRICAL_SURFACE('',#1670,0.0005);
#41=CYLINDRICAL_SURFACE('',#1671,0.0005);
#42=CYLINDRICAL_SURFACE('',#1672,0.0005);
#43=CYLINDRICAL_SURFACE('',#1673,0.0005);
#44=CYLINDRICAL_SURFACE('',#1674,0.0005);
#45=CYLINDRICAL_SURFACE('',#1675,0.0005);
#46=CIRCLE('',#1522,0.0005);
#47=CIRCLE('',#1523,0.013);
#48=CIRCLE('',#1524,0.0005);
#49=CIRCLE('',#1525,0.00325);
#50=CIRCLE('',#1526,0.00325);
#51=CIRCLE('',#1528,0.013);
#52=CIRCLE('',#1529,0.0005);
#53=CIRCLE('',#1530,0.00325);
#54=CIRCLE('',#1531,0.00325);
#55=CIRCLE('',#1532,0.0005);
#56=CIRCLE('',#1534,0.013);
#57=CIRCLE('',#1535,0.0005);
#58=CIRCLE('',#1536,0.00325);
#59=CIRCLE('',#1537,0.00325);
#60=CIRCLE('',#1538,0.0005);
#61=CIRCLE('',#1540,0.013);
#62=CIRCLE('',#1541,0.0005);
#63=CIRCLE('',#1542,0.00325);
#64=CIRCLE('',#1543,0.00325);
#65=CIRCLE('',#1544,0.0005);
#66=CIRCLE('',#1546,0.00325);
#67=CIRCLE('',#1547,0.00325);
#68=CIRCLE('',#1548,0.00325);
#69=CIRCLE('',#1550,0.00325);
#70=CIRCLE('',#1553,0.00325);
#71=CIRCLE('',#1554,0.00325);
#72=CIRCLE('',#1555,0.00325);
#73=CIRCLE('',#1557,0.00325);
#74=CIRCLE('',#1560,0.00325);
#75=CIRCLE('',#1561,0.00325);
#76=CIRCLE('',#1562,0.00325);
#77=CIRCLE('',#1564,0.00325);
#78=CIRCLE('',#1567,0.00325);
#79=CIRCLE('',#1568,0.00325);
#80=CIRCLE('',#1569,0.00325);
#81=CIRCLE('',#1571,0.00325);
#82=CIRCLE('',#1574,0.01005);
#83=CIRCLE('',#1575,0.01005);
#84=CIRCLE('',#1576,0.01005);
#85=CIRCLE('',#1577,0.01005);
#86=CIRCLE('',#1578,0.01005);
#87=CIRCLE('',#1579,0.01005);
#88=CIRCLE('',#1580,0.01005);
#89=CIRCLE('',#1581,0.01005);
#90=CIRCLE('',#1582,0.01005);
#91=CIRCLE('',#1584,0.0017);
#92=CIRCLE('',#1585,0.0017);
#93=CIRCLE('',#1586,0.0017);
#94=CIRCLE('',#1587,0.0017);
#95=CIRCLE('',#1589,0.013);
#96=CIRCLE('',#1590,0.013);
#97=CIRCLE('',#1591,0.013);
#98=CIRCLE('',#1592,0.013);
#99=CIRCLE('',#1593,0.013);
#100=CIRCLE('',#1595,0.0005);
#101=CIRCLE('',#1596,0.0005);
#102=CIRCLE('',#1597,0.0005);
#103=CIRCLE('',#1598,0.0005);
#104=CIRCLE('',#1599,0.0005);
#105=CIRCLE('',#1600,0.0005);
#106=CIRCLE('',#1601,0.0005);
#107=CIRCLE('',#1602,0.0005);
#108=CIRCLE('',#1604,0.0017);
#109=CIRCLE('',#1605,0.0005);
#110=CIRCLE('',#1606,0.0005);
#111=CIRCLE('',#1609,0.0017);
#112=CIRCLE('',#1610,0.0005);
#113=CIRCLE('',#1611,0.0005);
#114=CIRCLE('',#1614,0.0017);
#115=CIRCLE('',#1615,0.0005);
#116=CIRCLE('',#1616,0.0005);
#117=CIRCLE('',#1619,0.0017);
#118=CIRCLE('',#1620,0.0005);
#119=CIRCLE('',#1621,0.0005);
#120=CIRCLE('',#1637,0.0005);
#121=CIRCLE('',#1638,0.0005);
#122=CIRCLE('',#1642,0.0005);
#123=CIRCLE('',#1643,0.0005);
#124=CIRCLE('',#1647,0.0005);
#125=CIRCLE('',#1648,0.0005);
#126=CIRCLE('',#1652,0.0005);
#127=CIRCLE('',#1653,0.0005);
#128=ORIENTED_EDGE('',*,*,#564,.T.);
#129=ORIENTED_EDGE('',*,*,#565,.T.);
#130=ORIENTED_EDGE('',*,*,#566,.T.);
#131=ORIENTED_EDGE('',*,*,#567,.T.);
#132=ORIENTED_EDGE('',*,*,#568,.F.);
#133=ORIENTED_EDGE('',*,*,#569,.T.);
#134=ORIENTED_EDGE('',*,*,#570,.F.);
#135=ORIENTED_EDGE('',*,*,#571,.F.);
#136=ORIENTED_EDGE('',*,*,#572,.T.);
#137=ORIENTED_EDGE('',*,*,#573,.T.);
#138=ORIENTED_EDGE('',*,*,#574,.T.);
#139=ORIENTED_EDGE('',*,*,#575,.F.);
#140=ORIENTED_EDGE('',*,*,#576,.T.);
#141=ORIENTED_EDGE('',*,*,#577,.F.);
#142=ORIENTED_EDGE('',*,*,#578,.F.);
#143=ORIENTED_EDGE('',*,*,#579,.T.);
#144=ORIENTED_EDGE('',*,*,#580,.T.);
#145=ORIENTED_EDGE('',*,*,#581,.T.);
#146=ORIENTED_EDGE('',*,*,#582,.T.);
#147=ORIENTED_EDGE('',*,*,#583,.T.);
#148=ORIENTED_EDGE('',*,*,#584,.F.);
#149=ORIENTED_EDGE('',*,*,#585,.T.);
#150=ORIENTED_EDGE('',*,*,#586,.F.);
#151=ORIENTED_EDGE('',*,*,#587,.F.);
#152=ORIENTED_EDGE('',*,*,#588,.T.);
#153=ORIENTED_EDGE('',*,*,#589,.T.);
#154=ORIENTED_EDGE('',*,*,#590,.T.);
#155=ORIENTED_EDGE('',*,*,#591,.T.);
#156=ORIENTED_EDGE('',*,*,#592,.T.);
#157=ORIENTED_EDGE('',*,*,#593,.F.);
#158=ORIENTED_EDGE('',*,*,#594,.T.);
#159=ORIENTED_EDGE('',*,*,#595,.F.);
#160=ORIENTED_EDGE('',*,*,#596,.F.);
#161=ORIENTED_EDGE('',*,*,#597,.T.);
#162=ORIENTED_EDGE('',*,*,#598,.T.);
#163=ORIENTED_EDGE('',*,*,#599,.T.);
#164=ORIENTED_EDGE('',*,*,#600,.T.);
#165=ORIENTED_EDGE('',*,*,#601,.T.);
#166=ORIENTED_EDGE('',*,*,#602,.T.);
#167=ORIENTED_EDGE('',*,*,#603,.T.);
#168=ORIENTED_EDGE('',*,*,#604,.F.);
#169=ORIENTED_EDGE('',*,*,#605,.T.);
#170=ORIENTED_EDGE('',*,*,#597,.F.);
#171=ORIENTED_EDGE('',*,*,#606,.F.);
#172=ORIENTED_EDGE('',*,*,#607,.T.);
#173=ORIENTED_EDGE('',*,*,#608,.F.);
#174=ORIENTED_EDGE('',*,*,#609,.T.);
#175=ORIENTED_EDGE('',*,*,#610,.F.);
#176=ORIENTED_EDGE('',*,*,#569,.F.);
#177=ORIENTED_EDGE('',*,*,#611,.F.);
#178=ORIENTED_EDGE('',*,*,#612,.T.);
#179=ORIENTED_EDGE('',*,*,#613,.T.);
#180=ORIENTED_EDGE('',*,*,#614,.T.);
#181=ORIENTED_EDGE('',*,*,#615,.T.);
#182=ORIENTED_EDGE('',*,*,#616,.F.);
#183=ORIENTED_EDGE('',*,*,#617,.T.);
#184=ORIENTED_EDGE('',*,*,#588,.F.);
#185=ORIENTED_EDGE('',*,*,#618,.F.);
#186=ORIENTED_EDGE('',*,*,#619,.T.);
#187=ORIENTED_EDGE('',*,*,#620,.F.);
#188=ORIENTED_EDGE('',*,*,#621,.T.);
#189=ORIENTED_EDGE('',*,*,#622,.F.);
#190=ORIENTED_EDGE('',*,*,#594,.F.);
#191=ORIENTED_EDGE('',*,*,#623,.F.);
#192=ORIENTED_EDGE('',*,*,#624,.T.);
#193=ORIENTED_EDGE('',*,*,#625,.T.);
#194=ORIENTED_EDGE('',*,*,#626,.T.);
#195=ORIENTED_EDGE('',*,*,#627,.T.);
#196=ORIENTED_EDGE('',*,*,#628,.F.);
#197=ORIENTED_EDGE('',*,*,#629,.T.);
#198=ORIENTED_EDGE('',*,*,#579,.F.);
#199=ORIENTED_EDGE('',*,*,#630,.F.);
#200=ORIENTED_EDGE('',*,*,#631,.T.);
#201=ORIENTED_EDGE('',*,*,#632,.F.);
#202=ORIENTED_EDGE('',*,*,#633,.T.);
#203=ORIENTED_EDGE('',*,*,#634,.F.);
#204=ORIENTED_EDGE('',*,*,#585,.F.);
#205=ORIENTED_EDGE('',*,*,#635,.F.);
#206=ORIENTED_EDGE('',*,*,#636,.T.);
#207=ORIENTED_EDGE('',*,*,#637,.T.);
#208=ORIENTED_EDGE('',*,*,#638,.T.);
#209=ORIENTED_EDGE('',*,*,#639,.T.);
#210=ORIENTED_EDGE('',*,*,#640,.F.);
#211=ORIENTED_EDGE('',*,*,#641,.T.);
#212=ORIENTED_EDGE('',*,*,#572,.F.);
#213=ORIENTED_EDGE('',*,*,#642,.F.);
#214=ORIENTED_EDGE('',*,*,#643,.T.);
#215=ORIENTED_EDGE('',*,*,#644,.F.);
#216=ORIENTED_EDGE('',*,*,#645,.T.);
#217=ORIENTED_EDGE('',*,*,#646,.F.);
#218=ORIENTED_EDGE('',*,*,#576,.F.);
#219=ORIENTED_EDGE('',*,*,#647,.F.);
#220=ORIENTED_EDGE('',*,*,#648,.T.);
#221=ORIENTED_EDGE('',*,*,#649,.F.);
#222=ORIENTED_EDGE('',*,*,#650,.T.);
#223=ORIENTED_EDGE('',*,*,#651,.F.);
#224=ORIENTED_EDGE('',*,*,#652,.T.);
#225=ORIENTED_EDGE('',*,*,#653,.F.);
#226=ORIENTED_EDGE('',*,*,#654,.T.);
#227=ORIENTED_EDGE('',*,*,#655,.F.);
#228=ORIENTED_EDGE('',*,*,#656,.T.);
#229=ORIENTED_EDGE('',*,*,#657,.F.);
#230=ORIENTED_EDGE('',*,*,#658,.T.);
#231=ORIENTED_EDGE('',*,*,#659,.F.);
#232=ORIENTED_EDGE('',*,*,#660,.T.);
#233=ORIENTED_EDGE('',*,*,#661,.F.);
#234=ORIENTED_EDGE('',*,*,#662,.T.);
#235=ORIENTED_EDGE('',*,*,#663,.F.);
#236=ORIENTED_EDGE('',*,*,#664,.T.);
#237=ORIENTED_EDGE('',*,*,#665,.T.);
#238=ORIENTED_EDGE('',*,*,#666,.T.);
#239=ORIENTED_EDGE('',*,*,#667,.T.);
#240=ORIENTED_EDGE('',*,*,#668,.T.);
#241=ORIENTED_EDGE('',*,*,#669,.T.);
#242=ORIENTED_EDGE('',*,*,#670,.T.);
#243=ORIENTED_EDGE('',*,*,#671,.F.);
#244=ORIENTED_EDGE('',*,*,#672,.F.);
#245=ORIENTED_EDGE('',*,*,#673,.F.);
#246=ORIENTED_EDGE('',*,*,#674,.F.);
#247=ORIENTED_EDGE('',*,*,#648,.F.);
#248=ORIENTED_EDGE('',*,*,#566,.F.);
#249=ORIENTED_EDGE('',*,*,#675,.T.);
#250=ORIENTED_EDGE('',*,*,#676,.F.);
#251=ORIENTED_EDGE('',*,*,#677,.T.);
#252=ORIENTED_EDGE('',*,*,#573,.F.);
#253=ORIENTED_EDGE('',*,*,#678,.T.);
#254=ORIENTED_EDGE('',*,*,#679,.F.);
#255=ORIENTED_EDGE('',*,*,#680,.T.);
#256=ORIENTED_EDGE('',*,*,#582,.F.);
#257=ORIENTED_EDGE('',*,*,#681,.T.);
#258=ORIENTED_EDGE('',*,*,#682,.F.);
#259=ORIENTED_EDGE('',*,*,#683,.T.);
#260=ORIENTED_EDGE('',*,*,#591,.F.);
#261=ORIENTED_EDGE('',*,*,#684,.T.);
#262=ORIENTED_EDGE('',*,*,#685,.F.);
#263=ORIENTED_EDGE('',*,*,#686,.T.);
#264=ORIENTED_EDGE('',*,*,#687,.T.);
#265=ORIENTED_EDGE('',*,*,#636,.F.);
#266=ORIENTED_EDGE('',*,*,#688,.T.);
#267=ORIENTED_EDGE('',*,*,#655,.T.);
#268=ORIENTED_EDGE('',*,*,#689,.T.);
#269=ORIENTED_EDGE('',*,*,#600,.F.);
#270=ORIENTED_EDGE('',*,*,#690,.T.);
#271=ORIENTED_EDGE('',*,*,#651,.T.);
#272=ORIENTED_EDGE('',*,*,#691,.T.);
#273=ORIENTED_EDGE('',*,*,#612,.F.);
#274=ORIENTED_EDGE('',*,*,#692,.T.);
#275=ORIENTED_EDGE('',*,*,#663,.T.);
#276=ORIENTED_EDGE('',*,*,#693,.T.);
#277=ORIENTED_EDGE('',*,*,#624,.F.);
#278=ORIENTED_EDGE('',*,*,#694,.T.);
#279=ORIENTED_EDGE('',*,*,#659,.T.);
#280=ORIENTED_EDGE('',*,*,#695,.T.);
#281=ORIENTED_EDGE('',*,*,#687,.F.);
#282=ORIENTED_EDGE('',*,*,#696,.T.);
#283=ORIENTED_EDGE('',*,*,#653,.T.);
#284=ORIENTED_EDGE('',*,*,#697,.T.);
#285=ORIENTED_EDGE('',*,*,#602,.F.);
#286=ORIENTED_EDGE('',*,*,#698,.T.);
#287=ORIENTED_EDGE('',*,*,#696,.F.);
#288=ORIENTED_EDGE('',*,*,#674,.T.);
#289=ORIENTED_EDGE('',*,*,#699,.T.);
#290=ORIENTED_EDGE('',*,*,#649,.T.);
#291=ORIENTED_EDGE('',*,*,#700,.T.);
#292=ORIENTED_EDGE('',*,*,#614,.F.);
#293=ORIENTED_EDGE('',*,*,#701,.T.);
#294=ORIENTED_EDGE('',*,*,#699,.F.);
#295=ORIENTED_EDGE('',*,*,#673,.T.);
#296=ORIENTED_EDGE('',*,*,#702,.T.);
#297=ORIENTED_EDGE('',*,*,#661,.T.);
#298=ORIENTED_EDGE('',*,*,#703,.T.);
#299=ORIENTED_EDGE('',*,*,#626,.F.);
#300=ORIENTED_EDGE('',*,*,#704,.T.);
#301=ORIENTED_EDGE('',*,*,#702,.F.);
#302=ORIENTED_EDGE('',*,*,#672,.T.);
#303=ORIENTED_EDGE('',*,*,#705,.T.);
#304=ORIENTED_EDGE('',*,*,#657,.T.);
#305=ORIENTED_EDGE('',*,*,#706,.T.);
#306=ORIENTED_EDGE('',*,*,#638,.F.);
#307=ORIENTED_EDGE('',*,*,#707,.T.);
#308=ORIENTED_EDGE('',*,*,#705,.F.);
#309=ORIENTED_EDGE('',*,*,#671,.T.);
#310=ORIENTED_EDGE('',*,*,#644,.T.);
#311=ORIENTED_EDGE('',*,*,#708,.T.);
#312=ORIENTED_EDGE('',*,*,#632,.T.);
#313=ORIENTED_EDGE('',*,*,#709,.T.);
#314=ORIENTED_EDGE('',*,*,#710,.T.);
#315=ORIENTED_EDGE('',*,*,#620,.T.);
#316=ORIENTED_EDGE('',*,*,#711,.T.);
#317=ORIENTED_EDGE('',*,*,#608,.T.);
#318=ORIENTED_EDGE('',*,*,#712,.T.);
#319=ORIENTED_EDGE('',*,*,#713,.T.);
#320=ORIENTED_EDGE('',*,*,#714,.T.);
#321=ORIENTED_EDGE('',*,*,#715,.T.);
#322=ORIENTED_EDGE('',*,*,#630,.T.);
#323=ORIENTED_EDGE('',*,*,#578,.T.);
#324=ORIENTED_EDGE('',*,*,#716,.F.);
#325=ORIENTED_EDGE('',*,*,#717,.T.);
#326=ORIENTED_EDGE('',*,*,#718,.T.);
#327=ORIENTED_EDGE('',*,*,#642,.T.);
#328=ORIENTED_EDGE('',*,*,#571,.T.);
#329=ORIENTED_EDGE('',*,*,#719,.F.);
#330=ORIENTED_EDGE('',*,*,#720,.T.);
#331=ORIENTED_EDGE('',*,*,#716,.T.);
#332=ORIENTED_EDGE('',*,*,#577,.T.);
#333=ORIENTED_EDGE('',*,*,#646,.T.);
#334=ORIENTED_EDGE('',*,*,#610,.T.);
#335=ORIENTED_EDGE('',*,*,#721,.T.);
#336=ORIENTED_EDGE('',*,*,#722,.F.);
#337=ORIENTED_EDGE('',*,*,#723,.T.);
#338=ORIENTED_EDGE('',*,*,#719,.T.);
#339=ORIENTED_EDGE('',*,*,#570,.T.);
#340=ORIENTED_EDGE('',*,*,#722,.T.);
#341=ORIENTED_EDGE('',*,*,#724,.T.);
#342=ORIENTED_EDGE('',*,*,#606,.T.);
#343=ORIENTED_EDGE('',*,*,#596,.T.);
#344=ORIENTED_EDGE('',*,*,#725,.F.);
#345=ORIENTED_EDGE('',*,*,#726,.T.);
#346=ORIENTED_EDGE('',*,*,#727,.T.);
#347=ORIENTED_EDGE('',*,*,#618,.T.);
#348=ORIENTED_EDGE('',*,*,#587,.T.);
#349=ORIENTED_EDGE('',*,*,#728,.F.);
#350=ORIENTED_EDGE('',*,*,#729,.T.);
#351=ORIENTED_EDGE('',*,*,#725,.T.);
#352=ORIENTED_EDGE('',*,*,#595,.T.);
#353=ORIENTED_EDGE('',*,*,#622,.T.);
#354=ORIENTED_EDGE('',*,*,#634,.T.);
#355=ORIENTED_EDGE('',*,*,#730,.T.);
#356=ORIENTED_EDGE('',*,*,#714,.F.);
#357=ORIENTED_EDGE('',*,*,#731,.T.);
#358=ORIENTED_EDGE('',*,*,#728,.T.);
#359=ORIENTED_EDGE('',*,*,#586,.T.);
#360=ORIENTED_EDGE('',*,*,#732,.F.);
#361=ORIENTED_EDGE('',*,*,#733,.F.);
#362=ORIENTED_EDGE('',*,*,#734,.F.);
#363=ORIENTED_EDGE('',*,*,#735,.F.);
#364=ORIENTED_EDGE('',*,*,#736,.F.);
#365=ORIENTED_EDGE('',*,*,#737,.F.);
#366=ORIENTED_EDGE('',*,*,#738,.T.);
#367=ORIENTED_EDGE('',*,*,#739,.T.);
#368=ORIENTED_EDGE('',*,*,#740,.T.);
#369=ORIENTED_EDGE('',*,*,#741,.T.);
#370=ORIENTED_EDGE('',*,*,#742,.T.);
#371=ORIENTED_EDGE('',*,*,#743,.T.);
#372=ORIENTED_EDGE('',*,*,#744,.T.);
#373=ORIENTED_EDGE('',*,*,#745,.T.);
#374=ORIENTED_EDGE('',*,*,#564,.F.);
#375=ORIENTED_EDGE('',*,*,#641,.F.);
#376=ORIENTED_EDGE('',*,*,#575,.T.);
#377=ORIENTED_EDGE('',*,*,#746,.T.);
#378=ORIENTED_EDGE('',*,*,#747,.F.);
#379=ORIENTED_EDGE('',*,*,#647,.T.);
#380=ORIENTED_EDGE('',*,*,#744,.F.);
#381=ORIENTED_EDGE('',*,*,#640,.T.);
#382=ORIENTED_EDGE('',*,*,#747,.T.);
#383=ORIENTED_EDGE('',*,*,#748,.T.);
#384=ORIENTED_EDGE('',*,*,#676,.T.);
#385=ORIENTED_EDGE('',*,*,#749,.T.);
#386=ORIENTED_EDGE('',*,*,#750,.T.);
#387=ORIENTED_EDGE('',*,*,#751,.T.);
#388=ORIENTED_EDGE('',*,*,#580,.F.);
#389=ORIENTED_EDGE('',*,*,#629,.F.);
#390=ORIENTED_EDGE('',*,*,#584,.T.);
#391=ORIENTED_EDGE('',*,*,#752,.T.);
#392=ORIENTED_EDGE('',*,*,#753,.F.);
#393=ORIENTED_EDGE('',*,*,#635,.T.);
#394=ORIENTED_EDGE('',*,*,#750,.F.);
#395=ORIENTED_EDGE('',*,*,#628,.T.);
#396=ORIENTED_EDGE('',*,*,#753,.T.);
#397=ORIENTED_EDGE('',*,*,#754,.T.);
#398=ORIENTED_EDGE('',*,*,#679,.T.);
#399=ORIENTED_EDGE('',*,*,#755,.T.);
#400=ORIENTED_EDGE('',*,*,#756,.T.);
#401=ORIENTED_EDGE('',*,*,#757,.T.);
#402=ORIENTED_EDGE('',*,*,#589,.F.);
#403=ORIENTED_EDGE('',*,*,#617,.F.);
#404=ORIENTED_EDGE('',*,*,#593,.T.);
#405=ORIENTED_EDGE('',*,*,#758,.T.);
#406=ORIENTED_EDGE('',*,*,#759,.F.);
#407=ORIENTED_EDGE('',*,*,#623,.T.);
#408=ORIENTED_EDGE('',*,*,#756,.F.);
#409=ORIENTED_EDGE('',*,*,#616,.T.);
#410=ORIENTED_EDGE('',*,*,#759,.T.);
#411=ORIENTED_EDGE('',*,*,#760,.T.);
#412=ORIENTED_EDGE('',*,*,#682,.T.);
#413=ORIENTED_EDGE('',*,*,#761,.T.);
#414=ORIENTED_EDGE('',*,*,#762,.T.);
#415=ORIENTED_EDGE('',*,*,#763,.T.);
#416=ORIENTED_EDGE('',*,*,#598,.F.);
#417=ORIENTED_EDGE('',*,*,#605,.F.);
#418=ORIENTED_EDGE('',*,*,#568,.T.);
#419=ORIENTED_EDGE('',*,*,#764,.T.);
#420=ORIENTED_EDGE('',*,*,#765,.F.);
#421=ORIENTED_EDGE('',*,*,#611,.T.);
#422=ORIENTED_EDGE('',*,*,#762,.F.);
#423=ORIENTED_EDGE('',*,*,#604,.T.);
#424=ORIENTED_EDGE('',*,*,#765,.T.);
#425=ORIENTED_EDGE('',*,*,#766,.T.);
#426=ORIENTED_EDGE('',*,*,#685,.T.);
#427=ORIENTED_EDGE('',*,*,#767,.T.);
#428=ORIENTED_EDGE('',*,*,#768,.F.);
#429=ORIENTED_EDGE('',*,*,#726,.F.);
#430=ORIENTED_EDGE('',*,*,#769,.F.);
#431=ORIENTED_EDGE('',*,*,#742,.F.);
#432=ORIENTED_EDGE('',*,*,#769,.T.);
#433=ORIENTED_EDGE('',*,*,#729,.F.);
#434=ORIENTED_EDGE('',*,*,#770,.F.);
#435=ORIENTED_EDGE('',*,*,#743,.F.);
#436=ORIENTED_EDGE('',*,*,#768,.T.);
#437=ORIENTED_EDGE('',*,*,#741,.F.);
#438=ORIENTED_EDGE('',*,*,#771,.F.);
#439=ORIENTED_EDGE('',*,*,#723,.F.);
#440=ORIENTED_EDGE('',*,*,#770,.T.);
#441=ORIENTED_EDGE('',*,*,#731,.F.);
#442=ORIENTED_EDGE('',*,*,#772,.F.);
#443=ORIENTED_EDGE('',*,*,#738,.F.);
#444=ORIENTED_EDGE('',*,*,#771,.T.);
#445=ORIENTED_EDGE('',*,*,#740,.F.);
#446=ORIENTED_EDGE('',*,*,#773,.F.);
#447=ORIENTED_EDGE('',*,*,#720,.F.);
#448=ORIENTED_EDGE('',*,*,#772,.T.);
#449=ORIENTED_EDGE('',*,*,#717,.F.);
#450=ORIENTED_EDGE('',*,*,#773,.T.);
#451=ORIENTED_EDGE('',*,*,#739,.F.);
#452=ORIENTED_EDGE('',*,*,#749,.F.);
#453=ORIENTED_EDGE('',*,*,#675,.F.);
#454=ORIENTED_EDGE('',*,*,#565,.F.);
#455=ORIENTED_EDGE('',*,*,#745,.F.);
#456=ORIENTED_EDGE('',*,*,#748,.F.);
#457=ORIENTED_EDGE('',*,*,#746,.F.);
#458=ORIENTED_EDGE('',*,*,#574,.F.);
#459=ORIENTED_EDGE('',*,*,#677,.F.);
#460=ORIENTED_EDGE('',*,*,#755,.F.);
#461=ORIENTED_EDGE('',*,*,#678,.F.);
#462=ORIENTED_EDGE('',*,*,#581,.F.);
#463=ORIENTED_EDGE('',*,*,#751,.F.);
#464=ORIENTED_EDGE('',*,*,#754,.F.);
#465=ORIENTED_EDGE('',*,*,#752,.F.);
#466=ORIENTED_EDGE('',*,*,#583,.F.);
#467=ORIENTED_EDGE('',*,*,#680,.F.);
#468=ORIENTED_EDGE('',*,*,#761,.F.);
#469=ORIENTED_EDGE('',*,*,#681,.F.);
#470=ORIENTED_EDGE('',*,*,#590,.F.);
#471=ORIENTED_EDGE('',*,*,#757,.F.);
#472=ORIENTED_EDGE('',*,*,#760,.F.);
#473=ORIENTED_EDGE('',*,*,#758,.F.);
#474=ORIENTED_EDGE('',*,*,#592,.F.);
#475=ORIENTED_EDGE('',*,*,#683,.F.);
#476=ORIENTED_EDGE('',*,*,#767,.F.);
#477=ORIENTED_EDGE('',*,*,#684,.F.);
#478=ORIENTED_EDGE('',*,*,#599,.F.);
#479=ORIENTED_EDGE('',*,*,#763,.F.);
#480=ORIENTED_EDGE('',*,*,#766,.F.);
#481=ORIENTED_EDGE('',*,*,#764,.F.);
#482=ORIENTED_EDGE('',*,*,#567,.F.);
#483=ORIENTED_EDGE('',*,*,#686,.F.);
#484=ORIENTED_EDGE('',*,*,#691,.F.);
#485=ORIENTED_EDGE('',*,*,#650,.F.);
#486=ORIENTED_EDGE('',*,*,#701,.F.);
#487=ORIENTED_EDGE('',*,*,#613,.F.);
#488=ORIENTED_EDGE('',*,*,#700,.F.);
#489=ORIENTED_EDGE('',*,*,#664,.F.);
#490=ORIENTED_EDGE('',*,*,#692,.F.);
#491=ORIENTED_EDGE('',*,*,#615,.F.);
#492=ORIENTED_EDGE('',*,*,#693,.F.);
#493=ORIENTED_EDGE('',*,*,#662,.F.);
#494=ORIENTED_EDGE('',*,*,#704,.F.);
#495=ORIENTED_EDGE('',*,*,#625,.F.);
#496=ORIENTED_EDGE('',*,*,#703,.F.);
#497=ORIENTED_EDGE('',*,*,#660,.F.);
#498=ORIENTED_EDGE('',*,*,#694,.F.);
#499=ORIENTED_EDGE('',*,*,#627,.F.);
#500=ORIENTED_EDGE('',*,*,#695,.F.);
#501=ORIENTED_EDGE('',*,*,#658,.F.);
#502=ORIENTED_EDGE('',*,*,#707,.F.);
#503=ORIENTED_EDGE('',*,*,#637,.F.);
#504=ORIENTED_EDGE('',*,*,#706,.F.);
#505=ORIENTED_EDGE('',*,*,#656,.F.);
#506=ORIENTED_EDGE('',*,*,#688,.F.);
#507=ORIENTED_EDGE('',*,*,#639,.F.);
#508=ORIENTED_EDGE('',*,*,#689,.F.);
#509=ORIENTED_EDGE('',*,*,#654,.F.);
#510=ORIENTED_EDGE('',*,*,#698,.F.);
#511=ORIENTED_EDGE('',*,*,#601,.F.);
#512=ORIENTED_EDGE('',*,*,#697,.F.);
#513=ORIENTED_EDGE('',*,*,#652,.F.);
#514=ORIENTED_EDGE('',*,*,#690,.F.);
#515=ORIENTED_EDGE('',*,*,#603,.F.);
#516=ORIENTED_EDGE('',*,*,#633,.F.);
#517=ORIENTED_EDGE('',*,*,#710,.F.);
#518=ORIENTED_EDGE('',*,*,#774,.F.);
#519=ORIENTED_EDGE('',*,*,#730,.F.);
#520=ORIENTED_EDGE('',*,*,#774,.T.);
#521=ORIENTED_EDGE('',*,*,#709,.F.);
#522=ORIENTED_EDGE('',*,*,#631,.F.);
#523=ORIENTED_EDGE('',*,*,#715,.F.);
#524=ORIENTED_EDGE('',*,*,#621,.F.);
#525=ORIENTED_EDGE('',*,*,#711,.F.);
#526=ORIENTED_EDGE('',*,*,#619,.F.);
#527=ORIENTED_EDGE('',*,*,#727,.F.);
#528=ORIENTED_EDGE('',*,*,#609,.F.);
#529=ORIENTED_EDGE('',*,*,#713,.F.);
#530=ORIENTED_EDGE('',*,*,#775,.F.);
#531=ORIENTED_EDGE('',*,*,#721,.F.);
#532=ORIENTED_EDGE('',*,*,#775,.T.);
#533=ORIENTED_EDGE('',*,*,#712,.F.);
#534=ORIENTED_EDGE('',*,*,#607,.F.);
#535=ORIENTED_EDGE('',*,*,#724,.F.);
#536=ORIENTED_EDGE('',*,*,#645,.F.);
#537=ORIENTED_EDGE('',*,*,#708,.F.);
#538=ORIENTED_EDGE('',*,*,#643,.F.);
#539=ORIENTED_EDGE('',*,*,#718,.F.);
#540=ORIENTED_EDGE('',*,*,#776,.T.);
#541=ORIENTED_EDGE('',*,*,#732,.T.);
#542=ORIENTED_EDGE('',*,*,#777,.F.);
#543=ORIENTED_EDGE('',*,*,#666,.F.);
#544=ORIENTED_EDGE('',*,*,#777,.T.);
#545=ORIENTED_EDGE('',*,*,#737,.T.);
#546=ORIENTED_EDGE('',*,*,#778,.F.);
#547=ORIENTED_EDGE('',*,*,#667,.F.);
#548=ORIENTED_EDGE('',*,*,#778,.T.);
#549=ORIENTED_EDGE('',*,*,#736,.T.);
#550=ORIENTED_EDGE('',*,*,#779,.F.);
#551=ORIENTED_EDGE('',*,*,#668,.F.);
#552=ORIENTED_EDGE('',*,*,#779,.T.);
#553=ORIENTED_EDGE('',*,*,#735,.T.);
#554=ORIENTED_EDGE('',*,*,#780,.F.);
#555=ORIENTED_EDGE('',*,*,#669,.F.);
#556=ORIENTED_EDGE('',*,*,#780,.T.);
#557=ORIENTED_EDGE('',*,*,#734,.T.);
#558=ORIENTED_EDGE('',*,*,#781,.F.);
#559=ORIENTED_EDGE('',*,*,#670,.F.);
#560=ORIENTED_EDGE('',*,*,#781,.T.);
#561=ORIENTED_EDGE('',*,*,#733,.T.);
#562=ORIENTED_EDGE('',*,*,#776,.F.);
#563=ORIENTED_EDGE('',*,*,#665,.F.);
#564=EDGE_CURVE('',#782,#783,#928,.T.);
#565=EDGE_CURVE('',#783,#784,#46,.T.);
#566=EDGE_CURVE('',#784,#785,#47,.T.);
#567=EDGE_CURVE('',#785,#786,#48,.T.);
#568=EDGE_CURVE('',#787,#786,#929,.T.);
#569=EDGE_CURVE('',#787,#788,#49,.T.);
#570=EDGE_CURVE('',#789,#788,#930,.T.);
#571=EDGE_CURVE('',#790,#789,#931,.T.);
#572=EDGE_CURVE('',#790,#782,#50,.T.);
#573=EDGE_CURVE('',#791,#792,#51,.T.);
#574=EDGE_CURVE('',#792,#793,#52,.T.);
#575=EDGE_CURVE('',#794,#793,#932,.T.);
#576=EDGE_CURVE('',#794,#795,#53,.T.);
#577=EDGE_CURVE('',#796,#795,#933,.T.);
#578=EDGE_CURVE('',#797,#796,#934,.T.);
#579=EDGE_CURVE('',#797,#798,#54,.T.);
#580=EDGE_CURVE('',#798,#799,#935,.T.);
#581=EDGE_CURVE('',#799,#791,#55,.T.);
#582=EDGE_CURVE('',#800,#801,#56,.T.);
#583=EDGE_CURVE('',#801,#802,#57,.T.);
#584=EDGE_CURVE('',#803,#802,#936,.T.);
#585=EDGE_CURVE('',#803,#804,#58,.T.);
#586=EDGE_CURVE('',#805,#804,#937,.T.);
#587=EDGE_CURVE('',#806,#805,#938,.T.);
#588=EDGE_CURVE('',#806,#807,#59,.T.);
#589=EDGE_CURVE('',#807,#808,#939,.T.);
#590=EDGE_CURVE('',#808,#800,#60,.T.);
#591=EDGE_CURVE('',#809,#810,#61,.T.);
#592=EDGE_CURVE('',#810,#811,#62,.T.);
#593=EDGE_CURVE('',#812,#811,#940,.T.);
#594=EDGE_CURVE('',#812,#813,#63,.T.);
#595=EDGE_CURVE('',#814,#813,#941,.T.);
#596=EDGE_CURVE('',#815,#814,#942,.T.);
#597=EDGE_CURVE('',#815,#816,#64,.T.);
#598=EDGE_CURVE('',#816,#817,#943,.T.);
#599=EDGE_CURVE('',#817,#809,#65,.T.);
#600=EDGE_CURVE('',#818,#819,#66,.F.);
#601=EDGE_CURVE('',#819,#820,#944,.T.);
#602=EDGE_CURVE('',#820,#821,#67,.T.);
#603=EDGE_CURVE('',#821,#818,#945,.F.);
#604=EDGE_CURVE('',#822,#823,#68,.T.);
#605=EDGE_CURVE('',#822,#816,#946,.T.);
#606=EDGE_CURVE('',#824,#815,#947,.T.);
#607=EDGE_CURVE('',#824,#825,#12,.T.);
#608=EDGE_CURVE('',#826,#825,#69,.T.);
#609=EDGE_CURVE('',#826,#827,#13,.T.);
#610=EDGE_CURVE('',#788,#827,#948,.F.);
#611=EDGE_CURVE('',#823,#787,#949,.T.);
#612=EDGE_CURVE('',#828,#829,#70,.F.);
#613=EDGE_CURVE('',#829,#830,#950,.T.);
#614=EDGE_CURVE('',#830,#831,#71,.T.);
#615=EDGE_CURVE('',#831,#828,#951,.F.);
#616=EDGE_CURVE('',#832,#833,#72,.T.);
#617=EDGE_CURVE('',#832,#807,#952,.T.);
#618=EDGE_CURVE('',#834,#806,#953,.T.);
#619=EDGE_CURVE('',#834,#835,#14,.T.);
#620=EDGE_CURVE('',#836,#835,#73,.T.);
#621=EDGE_CURVE('',#836,#837,#15,.T.);
#622=EDGE_CURVE('',#813,#837,#954,.F.);
#623=EDGE_CURVE('',#833,#812,#955,.T.);
#624=EDGE_CURVE('',#838,#839,#74,.F.);
#625=EDGE_CURVE('',#839,#840,#956,.T.);
#626=EDGE_CURVE('',#840,#841,#75,.T.);
#627=EDGE_CURVE('',#841,#838,#957,.F.);
#628=EDGE_CURVE('',#842,#843,#76,.T.);
#629=EDGE_CURVE('',#842,#798,#958,.T.);
#630=EDGE_CURVE('',#844,#797,#959,.T.);
#631=EDGE_CURVE('',#844,#845,#16,.T.);
#632=EDGE_CURVE('',#846,#845,#77,.T.);
#633=EDGE_CURVE('',#846,#847,#17,.T.);
#634=EDGE_CURVE('',#804,#847,#960,.F.);
#635=EDGE_CURVE('',#843,#803,#961,.T.);
#636=EDGE_CURVE('',#848,#849,#78,.F.);
#637=EDGE_CURVE('',#849,#850,#962,.T.);
#638=EDGE_CURVE('',#850,#851,#79,.T.);
#639=EDGE_CURVE('',#851,#848,#963,.F.);
#640=EDGE_CURVE('',#852,#853,#80,.T.);
#641=EDGE_CURVE('',#852,#782,#964,.T.);
#642=EDGE_CURVE('',#854,#790,#965,.T.);
#643=EDGE_CURVE('',#854,#855,#18,.T.);
#644=EDGE_CURVE('',#856,#855,#81,.T.);
#645=EDGE_CURVE('',#856,#857,#19,.T.);
#646=EDGE_CURVE('',#795,#857,#966,.F.);
#647=EDGE_CURVE('',#853,#794,#967,.T.);
#648=EDGE_CURVE('',#858,#858,#82,.T.);
#649=EDGE_CURVE('',#859,#860,#83,.T.);
#650=EDGE_CURVE('',#859,#861,#968,.F.);
#651=EDGE_CURVE('',#862,#861,#84,.T.);
#652=EDGE_CURVE('',#862,#863,#969,.T.);
#653=EDGE_CURVE('',#864,#863,#85,.T.);
#654=EDGE_CURVE('',#864,#865,#970,.F.);
#655=EDGE_CURVE('',#866,#865,#86,.T.);
#656=EDGE_CURVE('',#866,#867,#971,.T.);
#657=EDGE_CURVE('',#868,#867,#87,.T.);
#658=EDGE_CURVE('',#868,#869,#972,.F.);
#659=EDGE_CURVE('',#870,#869,#88,.T.);
#660=EDGE_CURVE('',#870,#871,#973,.T.);
#661=EDGE_CURVE('',#872,#871,#89,.T.);
#662=EDGE_CURVE('',#872,#873,#974,.F.);
#663=EDGE_CURVE('',#874,#873,#90,.T.);
#664=EDGE_CURVE('',#874,#860,#975,.T.);
#665=EDGE_CURVE('',#875,#876,#976,.T.);
#666=EDGE_CURVE('',#876,#877,#977,.T.);
#667=EDGE_CURVE('',#877,#878,#978,.T.);
#668=EDGE_CURVE('',#878,#879,#979,.T.);
#669=EDGE_CURVE('',#879,#880,#980,.T.);
#670=EDGE_CURVE('',#880,#875,#981,.T.);
#671=EDGE_CURVE('',#881,#881,#91,.F.);
#672=EDGE_CURVE('',#882,#882,#92,.F.);
#673=EDGE_CURVE('',#883,#883,#93,.F.);
#674=EDGE_CURVE('',#884,#884,#94,.F.);
#675=EDGE_CURVE('',#784,#885,#982,.T.);
#676=EDGE_CURVE('',#886,#885,#95,.T.);
#677=EDGE_CURVE('',#886,#792,#983,.F.);
#678=EDGE_CURVE('',#791,#887,#984,.T.);
#679=EDGE_CURVE('',#888,#887,#96,.T.);
#680=EDGE_CURVE('',#888,#801,#985,.F.);
#681=EDGE_CURVE('',#800,#889,#986,.T.);
#682=EDGE_CURVE('',#890,#889,#97,.T.);
#683=EDGE_CURVE('',#890,#810,#987,.F.);
#684=EDGE_CURVE('',#809,#891,#988,.T.);
#685=EDGE_CURVE('',#892,#891,#98,.T.);
#686=EDGE_CURVE('',#892,#785,#989,.F.);
#687=EDGE_CURVE('',#893,#893,#99,.T.);
#688=EDGE_CURVE('',#848,#866,#100,.T.);
#689=EDGE_CURVE('',#865,#819,#101,.T.);
#690=EDGE_CURVE('',#818,#862,#102,.T.);
#691=EDGE_CURVE('',#861,#829,#103,.T.);
#692=EDGE_CURVE('',#828,#874,#104,.T.);
#693=EDGE_CURVE('',#873,#839,#105,.T.);
#694=EDGE_CURVE('',#838,#870,#106,.T.);
#695=EDGE_CURVE('',#869,#849,#107,.T.);
#696=EDGE_CURVE('',#894,#894,#108,.T.);
#697=EDGE_CURVE('',#863,#821,#109,.F.);
#698=EDGE_CURVE('',#820,#864,#110,.F.);
#699=EDGE_CURVE('',#895,#895,#111,.T.);
#700=EDGE_CURVE('',#860,#831,#112,.F.);
#701=EDGE_CURVE('',#830,#859,#113,.F.);
#702=EDGE_CURVE('',#896,#896,#114,.T.);
#703=EDGE_CURVE('',#871,#841,#115,.F.);
#704=EDGE_CURVE('',#840,#872,#116,.F.);
#705=EDGE_CURVE('',#897,#897,#117,.T.);
#706=EDGE_CURVE('',#867,#851,#118,.F.);
#707=EDGE_CURVE('',#850,#868,#119,.F.);
#708=EDGE_CURVE('',#855,#856,#990,.T.);
#709=EDGE_CURVE('',#845,#898,#991,.T.);
#710=EDGE_CURVE('',#898,#846,#992,.T.);
#711=EDGE_CURVE('',#835,#836,#993,.T.);
#712=EDGE_CURVE('',#825,#899,#994,.T.);
#713=EDGE_CURVE('',#899,#826,#995,.T.);
#714=EDGE_CURVE('',#900,#901,#996,.T.);
#715=EDGE_CURVE('',#901,#844,#997,.T.);
#716=EDGE_CURVE('',#902,#796,#998,.T.);
#717=EDGE_CURVE('',#902,#900,#999,.T.);
#718=EDGE_CURVE('',#857,#854,#1000,.T.);
#719=EDGE_CURVE('',#903,#789,#1001,.T.);
#720=EDGE_CURVE('',#903,#902,#1002,.T.);
#721=EDGE_CURVE('',#827,#904,#1003,.T.);
#722=EDGE_CURVE('',#905,#904,#1004,.T.);
#723=EDGE_CURVE('',#905,#903,#1005,.T.);
#724=EDGE_CURVE('',#904,#824,#1006,.T.);
#725=EDGE_CURVE('',#906,#814,#1007,.T.);
#726=EDGE_CURVE('',#906,#905,#1008,.T.);
#727=EDGE_CURVE('',#837,#834,#1009,.T.);
#728=EDGE_CURVE('',#907,#805,#1010,.T.);
#729=EDGE_CURVE('',#907,#906,#1011,.T.);
#730=EDGE_CURVE('',#847,#901,#1012,.T.);
#731=EDGE_CURVE('',#900,#907,#1013,.T.);
#732=EDGE_CURVE('',#908,#909,#1014,.T.);
#733=EDGE_CURVE('',#910,#908,#1015,.T.);
#734=EDGE_CURVE('',#911,#910,#1016,.T.);
#735=EDGE_CURVE('',#912,#911,#1017,.T.);
#736=EDGE_CURVE('',#913,#912,#1018,.T.);
#737=EDGE_CURVE('',#909,#913,#1019,.T.);
#738=EDGE_CURVE('',#914,#915,#1020,.T.);
#739=EDGE_CURVE('',#915,#916,#1021,.T.);
#740=EDGE_CURVE('',#916,#917,#1022,.T.);
#741=EDGE_CURVE('',#917,#918,#1023,.T.);
#742=EDGE_CURVE('',#918,#919,#1024,.T.);
#743=EDGE_CURVE('',#919,#914,#1025,.T.);
#744=EDGE_CURVE('',#852,#920,#1026,.T.);
#745=EDGE_CURVE('',#920,#783,#1027,.T.);
#746=EDGE_CURVE('',#793,#921,#1028,.T.);
#747=EDGE_CURVE('',#853,#921,#1029,.T.);
#748=EDGE_CURVE('',#921,#886,#120,.F.);
#749=EDGE_CURVE('',#885,#920,#121,.F.);
#750=EDGE_CURVE('',#842,#922,#1030,.T.);
#751=EDGE_CURVE('',#922,#799,#1031,.T.);
#752=EDGE_CURVE('',#802,#923,#1032,.T.);
#753=EDGE_CURVE('',#843,#923,#1033,.T.);
#754=EDGE_CURVE('',#923,#888,#122,.F.);
#755=EDGE_CURVE('',#887,#922,#123,.F.);
#756=EDGE_CURVE('',#832,#924,#1034,.T.);
#757=EDGE_CURVE('',#924,#808,#1035,.T.);
#758=EDGE_CURVE('',#811,#925,#1036,.T.);
#759=EDGE_CURVE('',#833,#925,#1037,.T.);
#760=EDGE_CURVE('',#925,#890,#124,.F.);
#761=EDGE_CURVE('',#889,#924,#125,.F.);
#762=EDGE_CURVE('',#822,#926,#1038,.T.);
#763=EDGE_CURVE('',#926,#817,#1039,.T.);
#764=EDGE_CURVE('',#786,#927,#1040,.T.);
#765=EDGE_CURVE('',#823,#927,#1041,.T.);
#766=EDGE_CURVE('',#927,#892,#126,.F.);
#767=EDGE_CURVE('',#891,#926,#127,.F.);
#768=EDGE_CURVE('',#905,#918,#1042,.T.);
#769=EDGE_CURVE('',#919,#906,#1043,.F.);
#770=EDGE_CURVE('',#914,#907,#1044,.F.);
#771=EDGE_CURVE('',#903,#917,#1045,.T.);
#772=EDGE_CURVE('',#915,#900,#1046,.F.);
#773=EDGE_CURVE('',#902,#916,#1047,.F.);
#774=EDGE_CURVE('',#901,#898,#1048,.F.);
#775=EDGE_CURVE('',#904,#899,#1049,.F.);
#776=EDGE_CURVE('',#876,#908,#1050,.T.);
#777=EDGE_CURVE('',#877,#909,#1051,.T.);
#778=EDGE_CURVE('',#878,#913,#1052,.T.);
#779=EDGE_CURVE('',#879,#912,#1053,.T.);
#780=EDGE_CURVE('',#880,#911,#1054,.T.);
#781=EDGE_CURVE('',#875,#910,#1055,.T.);
#782=VERTEX_POINT('',#2155);
#783=VERTEX_POINT('',#2156);
#784=VERTEX_POINT('',#2158);
#785=VERTEX_POINT('',#2160);
#786=VERTEX_POINT('',#2162);
#787=VERTEX_POINT('',#2164);
#788=VERTEX_POINT('',#2166);
#789=VERTEX_POINT('',#2168);
#790=VERTEX_POINT('',#2170);
#791=VERTEX_POINT('',#2174);
#792=VERTEX_POINT('',#2175);
#793=VERTEX_POINT('',#2177);
#794=VERTEX_POINT('',#2179);
#795=VERTEX_POINT('',#2181);
#796=VERTEX_POINT('',#2183);
#797=VERTEX_POINT('',#2185);
#798=VERTEX_POINT('',#2187);
#799=VERTEX_POINT('',#2189);
#800=VERTEX_POINT('',#2193);
#801=VERTEX_POINT('',#2194);
#802=VERTEX_POINT('',#2196);
#803=VERTEX_POINT('',#2198);
#804=VERTEX_POINT('',#2200);
#805=VERTEX_POINT('',#2202);
#806=VERTEX_POINT('',#2204);
#807=VERTEX_POINT('',#2206);
#808=VERTEX_POINT('',#2208);
#809=VERTEX_POINT('',#2212);
#810=VERTEX_POINT('',#2213);
#811=VERTEX_POINT('',#2215);
#812=VERTEX_POINT('',#2217);
#813=VERTEX_POINT('',#2219);
#814=VERTEX_POINT('',#2221);
#815=VERTEX_POINT('',#2223);
#816=VERTEX_POINT('',#2225);
#817=VERTEX_POINT('',#2227);
#818=VERTEX_POINT('',#2231);
#819=VERTEX_POINT('',#2232);
#820=VERTEX_POINT('',#2234);
#821=VERTEX_POINT('',#2236);
#822=VERTEX_POINT('',#2239);
#823=VERTEX_POINT('',#2240);
#824=VERTEX_POINT('',#2243);
#825=VERTEX_POINT('',#2245);
#826=VERTEX_POINT('',#2247);
#827=VERTEX_POINT('',#2249);
#828=VERTEX_POINT('',#2254);
#829=VERTEX_POINT('',#2255);
#830=VERTEX_POINT('',#2257);
#831=VERTEX_POINT('',#2259);
#832=VERTEX_POINT('',#2262);
#833=VERTEX_POINT('',#2263);
#834=VERTEX_POINT('',#2266);
#835=VERTEX_POINT('',#2268);
#836=VERTEX_POINT('',#2270);
#837=VERTEX_POINT('',#2272);
#838=VERTEX_POINT('',#2277);
#839=VERTEX_POINT('',#2278);
#840=VERTEX_POINT('',#2280);
#841=VERTEX_POINT('',#2282);
#842=VERTEX_POINT('',#2285);
#843=VERTEX_POINT('',#2286);
#844=VERTEX_POINT('',#2289);
#845=VERTEX_POINT('',#2291);
#846=VERTEX_POINT('',#2293);
#847=VERTEX_POINT('',#2295);
#848=VERTEX_POINT('',#2300);
#849=VERTEX_POINT('',#2301);
#850=VERTEX_POINT('',#2303);
#851=VERTEX_POINT('',#2305);
#852=VERTEX_POINT('',#2308);
#853=VERTEX_POINT('',#2309);
#854=VERTEX_POINT('',#2312);
#855=VERTEX_POINT('',#2314);
#856=VERTEX_POINT('',#2316);
#857=VERTEX_POINT('',#2318);
#858=VERTEX_POINT('',#2323);
#859=VERTEX_POINT('',#2325);
#860=VERTEX_POINT('',#2326);
#861=VERTEX_POINT('',#2328);
#862=VERTEX_POINT('',#2330);
#863=VERTEX_POINT('',#2332);
#864=VERTEX_POINT('',#2334);
#865=VERTEX_POINT('',#2336);
#866=VERTEX_POINT('',#2338);
#867=VERTEX_POINT('',#2340);
#868=VERTEX_POINT('',#2342);
#869=VERTEX_POINT('',#2344);
#870=VERTEX_POINT('',#2346);
#871=VERTEX_POINT('',#2348);
#872=VERTEX_POINT('',#2350);
#873=VERTEX_POINT('',#2352);
#874=VERTEX_POINT('',#2354);
#875=VERTEX_POINT('',#2358);
#876=VERTEX_POINT('',#2359);
#877=VERTEX_POINT('',#2361);
#878=VERTEX_POINT('',#2363);
#879=VERTEX_POINT('',#2365);
#880=VERTEX_POINT('',#2367);
#881=VERTEX_POINT('',#2370);
#882=VERTEX_POINT('',#2372);
#883=VERTEX_POINT('',#2374);
#884=VERTEX_POINT('',#2376);
#885=VERTEX_POINT('',#2379);
#886=VERTEX_POINT('',#2381);
#887=VERTEX_POINT('',#2384);
#888=VERTEX_POINT('',#2386);
#889=VERTEX_POINT('',#2389);
#890=VERTEX_POINT('',#2391);
#891=VERTEX_POINT('',#2394);
#892=VERTEX_POINT('',#2396);
#893=VERTEX_POINT('',#2399);
#894=VERTEX_POINT('',#2411);
#895=VERTEX_POINT('',#2417);
#896=VERTEX_POINT('',#2423);
#897=VERTEX_POINT('',#2429);
#898=VERTEX_POINT('',#2437);
#899=VERTEX_POINT('',#2443);
#900=VERTEX_POINT('',#2447);
#901=VERTEX_POINT('',#2448);
#902=VERTEX_POINT('',#2451);
#903=VERTEX_POINT('',#2456);
#904=VERTEX_POINT('',#2460);
#905=VERTEX_POINT('',#2462);
#906=VERTEX_POINT('',#2467);
#907=VERTEX_POINT('',#2472);
#908=VERTEX_POINT('',#2479);
#909=VERTEX_POINT('',#2480);
#910=VERTEX_POINT('',#2482);
#911=VERTEX_POINT('',#2484);
#912=VERTEX_POINT('',#2486);
#913=VERTEX_POINT('',#2488);
#914=VERTEX_POINT('',#2491);
#915=VERTEX_POINT('',#2492);
#916=VERTEX_POINT('',#2494);
#917=VERTEX_POINT('',#2496);
#918=VERTEX_POINT('',#2498);
#919=VERTEX_POINT('',#2500);
#920=VERTEX_POINT('',#2504);
#921=VERTEX_POINT('',#2508);
#922=VERTEX_POINT('',#2515);
#923=VERTEX_POINT('',#2519);
#924=VERTEX_POINT('',#2526);
#925=VERTEX_POINT('',#2530);
#926=VERTEX_POINT('',#2537);
#927=VERTEX_POINT('',#2541);
#928=LINE('',#2154,#1056);
#929=LINE('',#2163,#1057);
#930=LINE('',#2167,#1058);
#931=LINE('',#2169,#1059);
#932=LINE('',#2178,#1060);
#933=LINE('',#2182,#1061);
#934=LINE('',#2184,#1062);
#935=LINE('',#2188,#1063);
#936=LINE('',#2197,#1064);
#937=LINE('',#2201,#1065);
#938=LINE('',#2203,#1066);
#939=LINE('',#2207,#1067);
#940=LINE('',#2216,#1068);
#941=LINE('',#2220,#1069);
#942=LINE('',#2222,#1070);
#943=LINE('',#2226,#1071);
#944=LINE('',#2233,#1072);
#945=LINE('',#2237,#1073);
#946=LINE('',#2241,#1074);
#947=LINE('',#2242,#1075);
#948=LINE('',#2250,#1076);
#949=LINE('',#2251,#1077);
#950=LINE('',#2256,#1078);
#951=LINE('',#2260,#1079);
#952=LINE('',#2264,#1080);
#953=LINE('',#2265,#1081);
#954=LINE('',#2273,#1082);
#955=LINE('',#2274,#1083);
#956=LINE('',#2279,#1084);
#957=LINE('',#2283,#1085);
#958=LINE('',#2287,#1086);
#959=LINE('',#2288,#1087);
#960=LINE('',#2296,#1088);
#961=LINE('',#2297,#1089);
#962=LINE('',#2302,#1090);
#963=LINE('',#2306,#1091);
#964=LINE('',#2310,#1092);
#965=LINE('',#2311,#1093);
#966=LINE('',#2319,#1094);
#967=LINE('',#2320,#1095);
#968=LINE('',#2327,#1096);
#969=LINE('',#2331,#1097);
#970=LINE('',#2335,#1098);
#971=LINE('',#2339,#1099);
#972=LINE('',#2343,#1100);
#973=LINE('',#2347,#1101);
#974=LINE('',#2351,#1102);
#975=LINE('',#2355,#1103);
#976=LINE('',#2357,#1104);
#977=LINE('',#2360,#1105);
#978=LINE('',#2362,#1106);
#979=LINE('',#2364,#1107);
#980=LINE('',#2366,#1108);
#981=LINE('',#2368,#1109);
#982=LINE('',#2378,#1110);
#983=LINE('',#2382,#1111);
#984=LINE('',#2383,#1112);
#985=LINE('',#2387,#1113);
#986=LINE('',#2388,#1114);
#987=LINE('',#2392,#1115);
#988=LINE('',#2393,#1116);
#989=LINE('',#2397,#1117);
#990=LINE('',#2434,#1118);
#991=LINE('',#2436,#1119);
#992=LINE('',#2438,#1120);
#993=LINE('',#2440,#1121);
#994=LINE('',#2442,#1122);
#995=LINE('',#2444,#1123);
#996=LINE('',#2446,#1124);
#997=LINE('',#2449,#1125);
#998=LINE('',#2450,#1126);
#999=LINE('',#2452,#1127);
#1000=LINE('',#2454,#1128);
#1001=LINE('',#2455,#1129);
#1002=LINE('',#2457,#1130);
#1003=LINE('',#2459,#1131);
#1004=LINE('',#2461,#1132);
#1005=LINE('',#2463,#1133);
#1006=LINE('',#2465,#1134);
#1007=LINE('',#2466,#1135);
#1008=LINE('',#2468,#1136);
#1009=LINE('',#2470,#1137);
#1010=LINE('',#2471,#1138);
#1011=LINE('',#2473,#1139);
#1012=LINE('',#2475,#1140);
#1013=LINE('',#2476,#1141);
#1014=LINE('',#2478,#1142);
#1015=LINE('',#2481,#1143);
#1016=LINE('',#2483,#1144);
#1017=LINE('',#2485,#1145);
#1018=LINE('',#2487,#1146);
#1019=LINE('',#2489,#1147);
#1020=LINE('',#2490,#1148);
#1021=LINE('',#2493,#1149);
#1022=LINE('',#2495,#1150);
#1023=LINE('',#2497,#1151);
#1024=LINE('',#2499,#1152);
#1025=LINE('',#2501,#1153);
#1026=LINE('',#2503,#1154);
#1027=LINE('',#2505,#1155);
#1028=LINE('',#2507,#1156);
#1029=LINE('',#2509,#1157);
#1030=LINE('',#2514,#1158);
#1031=LINE('',#2516,#1159);
#1032=LINE('',#2518,#1160);
#1033=LINE('',#2520,#1161);
#1034=LINE('',#2525,#1162);
#1035=LINE('',#2527,#1163);
#1036=LINE('',#2529,#1164);
#1037=LINE('',#2531,#1165);
#1038=LINE('',#2536,#1166);
#1039=LINE('',#2538,#1167);
#1040=LINE('',#2540,#1168);
#1041=LINE('',#2542,#1169);
#1042=LINE('',#2547,#1170);
#1043=LINE('',#2548,#1171);
#1044=LINE('',#2550,#1172);
#1045=LINE('',#2552,#1173);
#1046=LINE('',#2554,#1174);
#1047=LINE('',#2556,#1175);
#1048=LINE('',#2575,#1176);
#1049=LINE('',#2579,#1177);
#1050=LINE('',#2583,#1178);
#1051=LINE('',#2584,#1179);
#1052=LINE('',#2586,#1180);
#1053=LINE('',#2588,#1181);
#1054=LINE('',#2590,#1182);
#1055=LINE('',#2592,#1183);
#1056=VECTOR('',#1692,1.);
#1057=VECTOR('',#1699,1.);
#1058=VECTOR('',#1702,1.);
#1059=VECTOR('',#1703,1.);
#1060=VECTOR('',#1712,1.);
#1061=VECTOR('',#1715,1.);
#1062=VECTOR('',#1716,1.);
#1063=VECTOR('',#1719,1.);
#1064=VECTOR('',#1728,1.);
#1065=VECTOR('',#1731,1.);
#1066=VECTOR('',#1732,1.);
#1067=VECTOR('',#1735,1.);
#1068=VECTOR('',#1744,1.);
#1069=VECTOR('',#1747,1.);
#1070=VECTOR('',#1748,1.);
#1071=VECTOR('',#1751,1.);
#1072=VECTOR('',#1758,1.);
#1073=VECTOR('',#1761,1.);
#1074=VECTOR('',#1764,1.);
#1075=VECTOR('',#1765,1.);
#1076=VECTOR('',#1772,1.);
#1077=VECTOR('',#1773,1.);
#1078=VECTOR('',#1778,1.);
#1079=VECTOR('',#1781,1.);
#1080=VECTOR('',#1784,1.);
#1081=VECTOR('',#1785,1.);
#1082=VECTOR('',#1792,1.);
#1083=VECTOR('',#1793,1.);
#1084=VECTOR('',#1798,1.);
#1085=VECTOR('',#1801,1.);
#1086=VECTOR('',#1804,1.);
#1087=VECTOR('',#1805,1.);
#1088=VECTOR('',#1812,1.);
#1089=VECTOR('',#1813,1.);
#1090=VECTOR('',#1818,1.);
#1091=VECTOR('',#1821,1.);
#1092=VECTOR('',#1824,1.);
#1093=VECTOR('',#1825,1.);
#1094=VECTOR('',#1832,1.);
#1095=VECTOR('',#1833,1.);
#1096=VECTOR('',#1840,1.);
#1097=VECTOR('',#1843,1.);
#1098=VECTOR('',#1846,1.);
#1099=VECTOR('',#1849,1.);
#1100=VECTOR('',#1852,1.);
#1101=VECTOR('',#1855,1.);
#1102=VECTOR('',#1858,1.);
#1103=VECTOR('',#1861,1.);
#1104=VECTOR('',#1864,1.);
#1105=VECTOR('',#1865,1.);
#1106=VECTOR('',#1866,1.);
#1107=VECTOR('',#1867,1.);
#1108=VECTOR('',#1868,1.);
#1109=VECTOR('',#1869,1.);
#1110=VECTOR('',#1880,1.);
#1111=VECTOR('',#1883,1.);
#1112=VECTOR('',#1884,1.);
#1113=VECTOR('',#1887,1.);
#1114=VECTOR('',#1888,1.);
#1115=VECTOR('',#1891,1.);
#1116=VECTOR('',#1892,1.);
#1117=VECTOR('',#1895,1.);
#1118=VECTOR('',#1958,1.);
#1119=VECTOR('',#1961,1.);
#1120=VECTOR('',#1962,1.);
#1121=VECTOR('',#1965,1.);
#1122=VECTOR('',#1968,1.);
#1123=VECTOR('',#1969,1.);
#1124=VECTOR('',#1972,1.);
#1125=VECTOR('',#1973,1.);
#1126=VECTOR('',#1974,1.);
#1127=VECTOR('',#1975,1.);
#1128=VECTOR('',#1978,1.);
#1129=VECTOR('',#1979,1.);
#1130=VECTOR('',#1980,1.);
#1131=VECTOR('',#1983,1.);
#1132=VECTOR('',#1984,1.);
#1133=VECTOR('',#1985,1.);
#1134=VECTOR('',#1988,1.);
#1135=VECTOR('',#1989,1.);
#1136=VECTOR('',#1990,1.);
#1137=VECTOR('',#1993,1.);
#1138=VECTOR('',#1994,1.);
#1139=VECTOR('',#1995,1.);
#1140=VECTOR('',#1998,1.);
#1141=VECTOR('',#1999,1.);
#1142=VECTOR('',#2002,1.);
#1143=VECTOR('',#2003,1.);
#1144=VECTOR('',#2004,1.);
#1145=VECTOR('',#2005,1.);
#1146=VECTOR('',#2006,1.);
#1147=VECTOR('',#2007,1.);
#1148=VECTOR('',#2008,1.);
#1149=VECTOR('',#2009,1.);
#1150=VECTOR('',#2010,1.);
#1151=VECTOR('',#2011,1.);
#1152=VECTOR('',#2012,1.);
#1153=VECTOR('',#2013,1.);
#1154=VECTOR('',#2016,1.);
#1155=VECTOR('',#2017,1.);
#1156=VECTOR('',#2020,1.);
#1157=VECTOR('',#2021,1.);
#1158=VECTOR('',#2030,1.);
#1159=VECTOR('',#2031,1.);
#1160=VECTOR('',#2034,1.);
#1161=VECTOR('',#2035,1.);
#1162=VECTOR('',#2044,1.);
#1163=VECTOR('',#2045,1.);
#1164=VECTOR('',#2048,1.);
#1165=VECTOR('',#2049,1.);
#1166=VECTOR('',#2058,1.);
#1167=VECTOR('',#2059,1.);
#1168=VECTOR('',#2062,1.);
#1169=VECTOR('',#2063,1.);
#1170=VECTOR('',#2072,1.);
#1171=VECTOR('',#2073,1.);
#1172=VECTOR('',#2076,1.);
#1173=VECTOR('',#2079,1.);
#1174=VECTOR('',#2082,1.);
#1175=VECTOR('',#2085,1.);
#1176=VECTOR('',#2122,1.);
#1177=VECTOR('',#2129,1.);
#1178=VECTOR('',#2136,1.);
#1179=VECTOR('',#2137,1.);
#1180=VECTOR('',#2140,1.);
#1181=VECTOR('',#2143,1.);
#1182=VECTOR('',#2146,1.);
#1183=VECTOR('',#2149,1.);
#1184=EDGE_LOOP('',(#128,#129,#130,#131,#132,#133,#134,#135,#136));
#1185=EDGE_LOOP('',(#137,#138,#139,#140,#141,#142,#143,#144,#145));
#1186=EDGE_LOOP('',(#146,#147,#148,#149,#150,#151,#152,#153,#154));
#1187=EDGE_LOOP('',(#155,#156,#157,#158,#159,#160,#161,#162,#163));
#1188=EDGE_LOOP('',(#164,#165,#166,#167));
#1189=EDGE_LOOP('',(#168,#169,#170,#171,#172,#173,#174,#175,#176,#177));
#1190=EDGE_LOOP('',(#178,#179,#180,#181));
#1191=EDGE_LOOP('',(#182,#183,#184,#185,#186,#187,#188,#189,#190,#191));
#1192=EDGE_LOOP('',(#192,#193,#194,#195));
#1193=EDGE_LOOP('',(#196,#197,#198,#199,#200,#201,#202,#203,#204,#205));
#1194=EDGE_LOOP('',(#206,#207,#208,#209));
#1195=EDGE_LOOP('',(#210,#211,#212,#213,#214,#215,#216,#217,#218,#219));
#1196=EDGE_LOOP('',(#220));
#1197=EDGE_LOOP('',(#221,#222,#223,#224,#225,#226,#227,#228,#229,#230,#231,
#232,#233,#234,#235,#236));
#1198=EDGE_LOOP('',(#237,#238,#239,#240,#241,#242));
#1199=EDGE_LOOP('',(#243));
#1200=EDGE_LOOP('',(#244));
#1201=EDGE_LOOP('',(#245));
#1202=EDGE_LOOP('',(#246));
#1203=EDGE_LOOP('',(#247));
#1204=EDGE_LOOP('',(#248,#249,#250,#251,#252,#253,#254,#255,#256,#257,#258,
#259,#260,#261,#262,#263));
#1205=EDGE_LOOP('',(#264));
#1206=EDGE_LOOP('',(#265,#266,#267,#268,#269,#270,#271,#272,#273,#274,#275,
#276,#277,#278,#279,#280));
#1207=EDGE_LOOP('',(#281));
#1208=EDGE_LOOP('',(#282));
#1209=EDGE_LOOP('',(#283,#284,#285,#286));
#1210=EDGE_LOOP('',(#287));
#1211=EDGE_LOOP('',(#288));
#1212=EDGE_LOOP('',(#289));
#1213=EDGE_LOOP('',(#290,#291,#292,#293));
#1214=EDGE_LOOP('',(#294));
#1215=EDGE_LOOP('',(#295));
#1216=EDGE_LOOP('',(#296));
#1217=EDGE_LOOP('',(#297,#298,#299,#300));
#1218=EDGE_LOOP('',(#301));
#1219=EDGE_LOOP('',(#302));
#1220=EDGE_LOOP('',(#303));
#1221=EDGE_LOOP('',(#304,#305,#306,#307));
#1222=EDGE_LOOP('',(#308));
#1223=EDGE_LOOP('',(#309));
#1224=EDGE_LOOP('',(#310,#311));
#1225=EDGE_LOOP('',(#312,#313,#314));
#1226=EDGE_LOOP('',(#315,#316));
#1227=EDGE_LOOP('',(#317,#318,#319));
#1228=EDGE_LOOP('',(#320,#321,#322,#323,#324,#325));
#1229=EDGE_LOOP('',(#326,#327,#328,#329,#330,#331,#332,#333));
#1230=EDGE_LOOP('',(#334,#335,#336,#337,#338,#339));
#1231=EDGE_LOOP('',(#340,#341,#342,#343,#344,#345));
#1232=EDGE_LOOP('',(#346,#347,#348,#349,#350,#351,#352,#353));
#1233=EDGE_LOOP('',(#354,#355,#356,#357,#358,#359));
#1234=EDGE_LOOP('',(#360,#361,#362,#363,#364,#365));
#1235=EDGE_LOOP('',(#366,#367,#368,#369,#370,#371));
#1236=EDGE_LOOP('',(#372,#373,#374,#375));
#1237=EDGE_LOOP('',(#376,#377,#378,#379));
#1238=EDGE_LOOP('',(#380,#381,#382,#383,#384,#385));
#1239=EDGE_LOOP('',(#386,#387,#388,#389));
#1240=EDGE_LOOP('',(#390,#391,#392,#393));
#1241=EDGE_LOOP('',(#394,#395,#396,#397,#398,#399));
#1242=EDGE_LOOP('',(#400,#401,#402,#403));
#1243=EDGE_LOOP('',(#404,#405,#406,#407));
#1244=EDGE_LOOP('',(#408,#409,#410,#411,#412,#413));
#1245=EDGE_LOOP('',(#414,#415,#416,#417));
#1246=EDGE_LOOP('',(#418,#419,#420,#421));
#1247=EDGE_LOOP('',(#422,#423,#424,#425,#426,#427));
#1248=EDGE_LOOP('',(#428,#429,#430,#431));
#1249=EDGE_LOOP('',(#432,#433,#434,#435));
#1250=EDGE_LOOP('',(#436,#437,#438,#439));
#1251=EDGE_LOOP('',(#440,#441,#442,#443));
#1252=EDGE_LOOP('',(#444,#445,#446,#447));
#1253=EDGE_LOOP('',(#448,#449,#450,#451));
#1254=EDGE_LOOP('',(#452,#453,#454,#455));
#1255=EDGE_LOOP('',(#456,#457,#458,#459));
#1256=EDGE_LOOP('',(#460,#461,#462,#463));
#1257=EDGE_LOOP('',(#464,#465,#466,#467));
#1258=EDGE_LOOP('',(#468,#469,#470,#471));
#1259=EDGE_LOOP('',(#472,#473,#474,#475));
#1260=EDGE_LOOP('',(#476,#477,#478,#479));
#1261=EDGE_LOOP('',(#480,#481,#482,#483));
#1262=EDGE_LOOP('',(#484,#485,#486,#487));
#1263=EDGE_LOOP('',(#488,#489,#490,#491));
#1264=EDGE_LOOP('',(#492,#493,#494,#495));
#1265=EDGE_LOOP('',(#496,#497,#498,#499));
#1266=EDGE_LOOP('',(#500,#501,#502,#503));
#1267=EDGE_LOOP('',(#504,#505,#506,#507));
#1268=EDGE_LOOP('',(#508,#509,#510,#511));
#1269=EDGE_LOOP('',(#512,#513,#514,#515));
#1270=EDGE_LOOP('',(#516,#517,#518,#519));
#1271=EDGE_LOOP('',(#520,#521,#522,#523));
#1272=EDGE_LOOP('',(#524,#525,#526,#527));
#1273=EDGE_LOOP('',(#528,#529,#530,#531));
#1274=EDGE_LOOP('',(#532,#533,#534,#535));
#1275=EDGE_LOOP('',(#536,#537,#538,#539));
#1276=EDGE_LOOP('',(#540,#541,#542,#543));
#1277=EDGE_LOOP('',(#544,#545,#546,#547));
#1278=EDGE_LOOP('',(#548,#549,#550,#551));
#1279=EDGE_LOOP('',(#552,#553,#554,#555));
#1280=EDGE_LOOP('',(#556,#557,#558,#559));
#1281=EDGE_LOOP('',(#560,#561,#562,#563));
#1282=FACE_BOUND('',#1184,.T.);
#1283=FACE_BOUND('',#1185,.T.);
#1284=FACE_BOUND('',#1186,.T.);
#1285=FACE_BOUND('',#1187,.T.);
#1286=FACE_BOUND('',#1188,.T.);
#1287=FACE_BOUND('',#1189,.T.);
#1288=FACE_BOUND('',#1190,.T.);
#1289=FACE_BOUND('',#1191,.T.);
#1290=FACE_BOUND('',#1192,.T.);
#1291=FACE_BOUND('',#1193,.T.);
#1292=FACE_BOUND('',#1194,.T.);
#1293=FACE_BOUND('',#1195,.T.);
#1294=FACE_BOUND('',#1196,.T.);
#1295=FACE_BOUND('',#1197,.T.);
#1296=FACE_BOUND('',#1198,.T.);
#1297=FACE_BOUND('',#1199,.T.);
#1298=FACE_BOUND('',#1200,.T.);
#1299=FACE_BOUND('',#1201,.T.);
#1300=FACE_BOUND('',#1202,.T.);
#1301=FACE_BOUND('',#1203,.T.);
#1302=FACE_BOUND('',#1204,.T.);
#1303=FACE_BOUND('',#1205,.T.);
#1304=FACE_BOUND('',#1206,.T.);
#1305=FACE_BOUND('',#1207,.T.);
#1306=FACE_BOUND('',#1208,.T.);
#1307=FACE_BOUND('',#1209,.T.);
#1308=FACE_BOUND('',#1210,.T.);
#1309=FACE_BOUND('',#1211,.T.);
#1310=FACE_BOUND('',#1212,.T.);
#1311=FACE_BOUND('',#1213,.T.);
#1312=FACE_BOUND('',#1214,.T.);
#1313=FACE_BOUND('',#1215,.T.);
#1314=FACE_BOUND('',#1216,.T.);
#1315=FACE_BOUND('',#1217,.T.);
#1316=FACE_BOUND('',#1218,.T.);
#1317=FACE_BOUND('',#1219,.T.);
#1318=FACE_BOUND('',#1220,.T.);
#1319=FACE_BOUND('',#1221,.T.);
#1320=FACE_BOUND('',#1222,.T.);
#1321=FACE_BOUND('',#1223,.T.);
#1322=FACE_BOUND('',#1224,.T.);
#1323=FACE_BOUND('',#1225,.T.);
#1324=FACE_BOUND('',#1226,.T.);
#1325=FACE_BOUND('',#1227,.T.);
#1326=FACE_BOUND('',#1228,.T.);
#1327=FACE_BOUND('',#1229,.T.);
#1328=FACE_BOUND('',#1230,.T.);
#1329=FACE_BOUND('',#1231,.T.);
#1330=FACE_BOUND('',#1232,.T.);
#1331=FACE_BOUND('',#1233,.T.);
#1332=FACE_BOUND('',#1234,.T.);
#1333=FACE_BOUND('',#1235,.T.);
#1334=FACE_BOUND('',#1236,.T.);
#1335=FACE_BOUND('',#1237,.T.);
#1336=FACE_BOUND('',#1238,.T.);
#1337=FACE_BOUND('',#1239,.T.);
#1338=FACE_BOUND('',#1240,.T.);
#1339=FACE_BOUND('',#1241,.T.);
#1340=FACE_BOUND('',#1242,.T.);
#1341=FACE_BOUND('',#1243,.T.);
#1342=FACE_BOUND('',#1244,.T.);
#1343=FACE_BOUND('',#1245,.T.);
#1344=FACE_BOUND('',#1246,.T.);
#1345=FACE_BOUND('',#1247,.T.);
#1346=FACE_BOUND('',#1248,.T.);
#1347=FACE_BOUND('',#1249,.T.);
#1348=FACE_BOUND('',#1250,.T.);
#1349=FACE_BOUND('',#1251,.T.);
#1350=FACE_BOUND('',#1252,.T.);
#1351=FACE_BOUND('',#1253,.T.);
#1352=FACE_BOUND('',#1254,.T.);
#1353=FACE_BOUND('',#1255,.T.);
#1354=FACE_BOUND('',#1256,.T.);
#1355=FACE_BOUND('',#1257,.T.);
#1356=FACE_BOUND('',#1258,.T.);
#1357=FACE_BOUND('',#1259,.T.);
#1358=FACE_BOUND('',#1260,.T.);
#1359=FACE_BOUND('',#1261,.T.);
#1360=FACE_BOUND('',#1262,.T.);
#1361=FACE_BOUND('',#1263,.T.);
#1362=FACE_BOUND('',#1264,.T.);
#1363=FACE_BOUND('',#1265,.T.);
#1364=FACE_BOUND('',#1266,.T.);
#1365=FACE_BOUND('',#1267,.T.);
#1366=FACE_BOUND('',#1268,.T.);
#1367=FACE_BOUND('',#1269,.T.);
#1368=FACE_BOUND('',#1270,.T.);
#1369=FACE_BOUND('',#1271,.T.);
#1370=FACE_BOUND('',#1272,.T.);
#1371=FACE_BOUND('',#1273,.T.);
#1372=FACE_BOUND('',#1274,.T.);
#1373=FACE_BOUND('',#1275,.T.);
#1374=FACE_BOUND('',#1276,.T.);
#1375=FACE_BOUND('',#1277,.T.);
#1376=FACE_BOUND('',#1278,.T.);
#1377=FACE_BOUND('',#1279,.T.);
#1378=FACE_BOUND('',#1280,.T.);
#1379=FACE_BOUND('',#1281,.T.);
#1380=PLANE('',#1521);
#1381=PLANE('',#1527);
#1382=PLANE('',#1533);
#1383=PLANE('',#1539);
#1384=PLANE('',#1583);
#1385=PLANE('',#1594);
#1386=PLANE('',#1603);
#1387=PLANE('',#1608);
#1388=PLANE('',#1613);
#1389=PLANE('',#1618);
#1390=PLANE('',#1623);
#1391=PLANE('',#1624);
#1392=PLANE('',#1625);
#1393=PLANE('',#1626);
#1394=PLANE('',#1627);
#1395=PLANE('',#1628);
#1396=PLANE('',#1629);
#1397=PLANE('',#1630);
#1398=PLANE('',#1631);
#1399=PLANE('',#1632);
#1400=PLANE('',#1633);
#1401=PLANE('',#1634);
#1402=PLANE('',#1635);
#1403=PLANE('',#1636);
#1404=PLANE('',#1639);
#1405=PLANE('',#1640);
#1406=PLANE('',#1641);
#1407=PLANE('',#1644);
#1408=PLANE('',#1645);
#1409=PLANE('',#1646);
#1410=PLANE('',#1649);
#1411=PLANE('',#1650);
#1412=PLANE('',#1651);
#1413=PLANE('',#1654);
#1414=PLANE('',#1655);
#1415=PLANE('',#1656);
#1416=PLANE('',#1657);
#1417=PLANE('',#1658);
#1418=PLANE('',#1659);
#1419=PLANE('',#1676);
#1420=PLANE('',#1677);
#1421=PLANE('',#1678);
#1422=PLANE('',#1679);
#1423=PLANE('',#1680);
#1424=PLANE('',#1681);
#1425=PLANE('',#1682);
#1426=PLANE('',#1683);
#1427=PLANE('',#1684);
#1428=PLANE('',#1685);
#1429=PLANE('',#1686);
#1430=PLANE('',#1687);
#1431=ADVANCED_FACE('',(#1282),#1380,.T.);
#1432=ADVANCED_FACE('',(#1283),#1381,.T.);
#1433=ADVANCED_FACE('',(#1284),#1382,.T.);
#1434=ADVANCED_FACE('',(#1285),#1383,.T.);
#1435=ADVANCED_FACE('',(#1286,#1287),#20,.F.);
#1436=ADVANCED_FACE('',(#1288,#1289),#21,.F.);
#1437=ADVANCED_FACE('',(#1290,#1291),#22,.F.);
#1438=ADVANCED_FACE('',(#1292,#1293),#23,.F.);
#1439=ADVANCED_FACE('',(#1294,#1295),#24,.T.);
#1440=ADVANCED_FACE('',(#1296,#1297,#1298,#1299,#1300,#1301),#1384,.F.);
#1441=ADVANCED_FACE('',(#1302,#1303),#25,.T.);
#1442=ADVANCED_FACE('',(#1304,#1305),#1385,.F.);
#1443=ADVANCED_FACE('',(#1306,#1307),#1386,.T.);
#1444=ADVANCED_FACE('',(#1308,#1309),#26,.F.);
#1445=ADVANCED_FACE('',(#1310,#1311),#1387,.T.);
#1446=ADVANCED_FACE('',(#1312,#1313),#27,.F.);
#1447=ADVANCED_FACE('',(#1314,#1315),#1388,.T.);
#1448=ADVANCED_FACE('',(#1316,#1317),#28,.F.);
#1449=ADVANCED_FACE('',(#1318,#1319),#1389,.T.);
#1450=ADVANCED_FACE('',(#1320,#1321),#29,.F.);
#1451=ADVANCED_FACE('',(#1322),#1390,.F.);
#1452=ADVANCED_FACE('',(#1323),#1391,.F.);
#1453=ADVANCED_FACE('',(#1324),#1392,.F.);
#1454=ADVANCED_FACE('',(#1325),#1393,.F.);
#1455=ADVANCED_FACE('',(#1326),#1394,.F.);
#1456=ADVANCED_FACE('',(#1327),#1395,.F.);
#1457=ADVANCED_FACE('',(#1328),#1396,.F.);
#1458=ADVANCED_FACE('',(#1329),#1397,.F.);
#1459=ADVANCED_FACE('',(#1330),#1398,.F.);
#1460=ADVANCED_FACE('',(#1331),#1399,.F.);
#1461=ADVANCED_FACE('',(#1332,#1333),#1400,.T.);
#1462=ADVANCED_FACE('',(#1334),#1401,.T.);
#1463=ADVANCED_FACE('',(#1335),#1402,.F.);
#1464=ADVANCED_FACE('',(#1336),#1403,.T.);
#1465=ADVANCED_FACE('',(#1337),#1404,.T.);
#1466=ADVANCED_FACE('',(#1338),#1405,.F.);
#1467=ADVANCED_FACE('',(#1339),#1406,.T.);
#1468=ADVANCED_FACE('',(#1340),#1407,.T.);
#1469=ADVANCED_FACE('',(#1341),#1408,.F.);
#1470=ADVANCED_FACE('',(#1342),#1409,.T.);
#1471=ADVANCED_FACE('',(#1343),#1410,.T.);
#1472=ADVANCED_FACE('',(#1344),#1411,.F.);
#1473=ADVANCED_FACE('',(#1345),#1412,.T.);
#1474=ADVANCED_FACE('',(#1346),#1413,.T.);
#1475=ADVANCED_FACE('',(#1347),#1414,.T.);
#1476=ADVANCED_FACE('',(#1348),#1415,.T.);
#1477=ADVANCED_FACE('',(#1349),#1416,.T.);
#1478=ADVANCED_FACE('',(#1350),#1417,.T.);
#1479=ADVANCED_FACE('',(#1351),#1418,.T.);
#1480=ADVANCED_FACE('',(#1352),#30,.T.);
#1481=ADVANCED_FACE('',(#1353),#31,.T.);
#1482=ADVANCED_FACE('',(#1354),#32,.T.);
#1483=ADVANCED_FACE('',(#1355),#33,.T.);
#1484=ADVANCED_FACE('',(#1356),#34,.T.);
#1485=ADVANCED_FACE('',(#1357),#35,.T.);
#1486=ADVANCED_FACE('',(#1358),#36,.T.);
#1487=ADVANCED_FACE('',(#1359),#37,.T.);
#1488=ADVANCED_FACE('',(#1360),#38,.T.);
#1489=ADVANCED_FACE('',(#1361),#39,.T.);
#1490=ADVANCED_FACE('',(#1362),#40,.T.);
#1491=ADVANCED_FACE('',(#1363),#41,.T.);
#1492=ADVANCED_FACE('',(#1364),#42,.T.);
#1493=ADVANCED_FACE('',(#1365),#43,.T.);
#1494=ADVANCED_FACE('',(#1366),#44,.T.);
#1495=ADVANCED_FACE('',(#1367),#45,.T.);
#1496=ADVANCED_FACE('',(#1368),#1419,.F.);
#1497=ADVANCED_FACE('',(#1369),#1420,.F.);
#1498=ADVANCED_FACE('',(#1370),#1421,.F.);
#1499=ADVANCED_FACE('',(#1371),#1422,.F.);
#1500=ADVANCED_FACE('',(#1372),#1423,.F.);
#1501=ADVANCED_FACE('',(#1373),#1424,.F.);
#1502=ADVANCED_FACE('',(#1374),#1425,.F.);
#1503=ADVANCED_FACE('',(#1375),#1426,.F.);
#1504=ADVANCED_FACE('',(#1376),#1427,.F.);
#1505=ADVANCED_FACE('',(#1377),#1428,.F.);
#1506=ADVANCED_FACE('',(#1378),#1429,.F.);
#1507=ADVANCED_FACE('',(#1379),#1430,.F.);
#1508=CLOSED_SHELL('',(#1431,#1432,#1433,#1434,#1435,#1436,#1437,#1438,
#1439,#1440,#1441,#1442,#1443,#1444,#1445,#1446,#1447,#1448,#1449,#1450,
#1451,#1452,#1453,#1454,#1455,#1456,#1457,#1458,#1459,#1460,#1461,#1462,
#1463,#1464,#1465,#1466,#1467,#1468,#1469,#1470,#1471,#1472,#1473,#1474,
#1475,#1476,#1477,#1478,#1479,#1480,#1481,#1482,#1483,#1484,#1485,#1486,
#1487,#1488,#1489,#1490,#1491,#1492,#1493,#1494,#1495,#1496,#1497,#1498,
#1499,#1500,#1501,#1502,#1503,#1504,#1505,#1506,#1507));
#1509=STYLED_ITEM('',(#1510),#1517);
#1510=PRESENTATION_STYLE_ASSIGNMENT((#1511));
#1511=SURFACE_STYLE_USAGE(.BOTH.,#1512);
#1512=SURFACE_SIDE_STYLE('',(#1513));
#1513=SURFACE_STYLE_FILL_AREA(#1514);
#1514=FILL_AREA_STYLE('',(#1515));
#1515=FILL_AREA_STYLE_COLOUR('',#1516);
#1516=COLOUR_RGB('',0.615686274509804,0.811764705882353,0.929411764705882);
#1517=MANIFOLD_SOLID_BREP('ARCADP002',#1508);
#1518=SHAPE_DEFINITION_REPRESENTATION(#2600,#1519);
#1519=SHAPE_REPRESENTATION('ARCADP002',(#1520),#2595);
#1520=AXIS2_PLACEMENT_3D('',#2152,#1688,#1689);
#1521=AXIS2_PLACEMENT_3D('',#2153,#1690,#1691);
#1522=AXIS2_PLACEMENT_3D('',#2157,#1693,#1694);
#1523=AXIS2_PLACEMENT_3D('',#2159,#1695,#1696);
#1524=AXIS2_PLACEMENT_3D('',#2161,#1697,#1698);
#1525=AXIS2_PLACEMENT_3D('',#2165,#1700,#1701);
#1526=AXIS2_PLACEMENT_3D('',#2171,#1704,#1705);
#1527=AXIS2_PLACEMENT_3D('',#2172,#1706,#1707);
#1528=AXIS2_PLACEMENT_3D('',#2173,#1708,#1709);
#1529=AXIS2_PLACEMENT_3D('',#2176,#1710,#1711);
#1530=AXIS2_PLACEMENT_3D('',#2180,#1713,#1714);
#1531=AXIS2_PLACEMENT_3D('',#2186,#1717,#1718);
#1532=AXIS2_PLACEMENT_3D('',#2190,#1720,#1721);
#1533=AXIS2_PLACEMENT_3D('',#2191,#1722,#1723);
#1534=AXIS2_PLACEMENT_3D('',#2192,#1724,#1725);
#1535=AXIS2_PLACEMENT_3D('',#2195,#1726,#1727);
#1536=AXIS2_PLACEMENT_3D('',#2199,#1729,#1730);
#1537=AXIS2_PLACEMENT_3D('',#2205,#1733,#1734);
#1538=AXIS2_PLACEMENT_3D('',#2209,#1736,#1737);
#1539=AXIS2_PLACEMENT_3D('',#2210,#1738,#1739);
#1540=AXIS2_PLACEMENT_3D('',#2211,#1740,#1741);
#1541=AXIS2_PLACEMENT_3D('',#2214,#1742,#1743);
#1542=AXIS2_PLACEMENT_3D('',#2218,#1745,#1746);
#1543=AXIS2_PLACEMENT_3D('',#2224,#1749,#1750);
#1544=AXIS2_PLACEMENT_3D('',#2228,#1752,#1753);
#1545=AXIS2_PLACEMENT_3D('',#2229,#1754,#1755);
#1546=AXIS2_PLACEMENT_3D('',#2230,#1756,#1757);
#1547=AXIS2_PLACEMENT_3D('',#2235,#1759,#1760);
#1548=AXIS2_PLACEMENT_3D('',#2238,#1762,#1763);
#1549=AXIS2_PLACEMENT_3D('',#2244,#1766,#1767);
#1550=AXIS2_PLACEMENT_3D('',#2246,#1768,#1769);
#1551=AXIS2_PLACEMENT_3D('',#2248,#1770,#1771);
#1552=AXIS2_PLACEMENT_3D('',#2252,#1774,#1775);
#1553=AXIS2_PLACEMENT_3D('',#2253,#1776,#1777);
#1554=AXIS2_PLACEMENT_3D('',#2258,#1779,#1780);
#1555=AXIS2_PLACEMENT_3D('',#2261,#1782,#1783);
#1556=AXIS2_PLACEMENT_3D('',#2267,#1786,#1787);
#1557=AXIS2_PLACEMENT_3D('',#2269,#1788,#1789);
#1558=AXIS2_PLACEMENT_3D('',#2271,#1790,#1791);
#1559=AXIS2_PLACEMENT_3D('',#2275,#1794,#1795);
#1560=AXIS2_PLACEMENT_3D('',#2276,#1796,#1797);
#1561=AXIS2_PLACEMENT_3D('',#2281,#1799,#1800);
#1562=AXIS2_PLACEMENT_3D('',#2284,#1802,#1803);
#1563=AXIS2_PLACEMENT_3D('',#2290,#1806,#1807);
#1564=AXIS2_PLACEMENT_3D('',#2292,#1808,#1809);
#1565=AXIS2_PLACEMENT_3D('',#2294,#1810,#1811);
#1566=AXIS2_PLACEMENT_3D('',#2298,#1814,#1815);
#1567=AXIS2_PLACEMENT_3D('',#2299,#1816,#1817);
#1568=AXIS2_PLACEMENT_3D('',#2304,#1819,#1820);
#1569=AXIS2_PLACEMENT_3D('',#2307,#1822,#1823);
#1570=AXIS2_PLACEMENT_3D('',#2313,#1826,#1827);
#1571=AXIS2_PLACEMENT_3D('',#2315,#1828,#1829);
#1572=AXIS2_PLACEMENT_3D('',#2317,#1830,#1831);
#1573=AXIS2_PLACEMENT_3D('',#2321,#1834,#1835);
#1574=AXIS2_PLACEMENT_3D('',#2322,#1836,#1837);
#1575=AXIS2_PLACEMENT_3D('',#2324,#1838,#1839);
#1576=AXIS2_PLACEMENT_3D('',#2329,#1841,#1842);
#1577=AXIS2_PLACEMENT_3D('',#2333,#1844,#1845);
#1578=AXIS2_PLACEMENT_3D('',#2337,#1847,#1848);
#1579=AXIS2_PLACEMENT_3D('',#2341,#1850,#1851);
#1580=AXIS2_PLACEMENT_3D('',#2345,#1853,#1854);
#1581=AXIS2_PLACEMENT_3D('',#2349,#1856,#1857);
#1582=AXIS2_PLACEMENT_3D('',#2353,#1859,#1860);
#1583=AXIS2_PLACEMENT_3D('',#2356,#1862,#1863);
#1584=AXIS2_PLACEMENT_3D('',#2369,#1870,#1871);
#1585=AXIS2_PLACEMENT_3D('',#2371,#1872,#1873);
#1586=AXIS2_PLACEMENT_3D('',#2373,#1874,#1875);
#1587=AXIS2_PLACEMENT_3D('',#2375,#1876,#1877);
#1588=AXIS2_PLACEMENT_3D('',#2377,#1878,#1879);
#1589=AXIS2_PLACEMENT_3D('',#2380,#1881,#1882);
#1590=AXIS2_PLACEMENT_3D('',#2385,#1885,#1886);
#1591=AXIS2_PLACEMENT_3D('',#2390,#1889,#1890);
#1592=AXIS2_PLACEMENT_3D('',#2395,#1893,#1894);
#1593=AXIS2_PLACEMENT_3D('',#2398,#1896,#1897);
#1594=AXIS2_PLACEMENT_3D('',#2400,#1898,#1899);
#1595=AXIS2_PLACEMENT_3D('',#2401,#1900,#1901);
#1596=AXIS2_PLACEMENT_3D('',#2402,#1902,#1903);
#1597=AXIS2_PLACEMENT_3D('',#2403,#1904,#1905);
#1598=AXIS2_PLACEMENT_3D('',#2404,#1906,#1907);
#1599=AXIS2_PLACEMENT_3D('',#2405,#1908,#1909);
#1600=AXIS2_PLACEMENT_3D('',#2406,#1910,#1911);
#1601=AXIS2_PLACEMENT_3D('',#2407,#1912,#1913);
#1602=AXIS2_PLACEMENT_3D('',#2408,#1914,#1915);
#1603=AXIS2_PLACEMENT_3D('',#2409,#1916,#1917);
#1604=AXIS2_PLACEMENT_3D('',#2410,#1918,#1919);
#1605=AXIS2_PLACEMENT_3D('',#2412,#1920,#1921);
#1606=AXIS2_PLACEMENT_3D('',#2413,#1922,#1923);
#1607=AXIS2_PLACEMENT_3D('',#2414,#1924,#1925);
#1608=AXIS2_PLACEMENT_3D('',#2415,#1926,#1927);
#1609=AXIS2_PLACEMENT_3D('',#2416,#1928,#1929);
#1610=AXIS2_PLACEMENT_3D('',#2418,#1930,#1931);
#1611=AXIS2_PLACEMENT_3D('',#2419,#1932,#1933);
#1612=AXIS2_PLACEMENT_3D('',#2420,#1934,#1935);
#1613=AXIS2_PLACEMENT_3D('',#2421,#1936,#1937);
#1614=AXIS2_PLACEMENT_3D('',#2422,#1938,#1939);
#1615=AXIS2_PLACEMENT_3D('',#2424,#1940,#1941);
#1616=AXIS2_PLACEMENT_3D('',#2425,#1942,#1943);
#1617=AXIS2_PLACEMENT_3D('',#2426,#1944,#1945);
#1618=AXIS2_PLACEMENT_3D('',#2427,#1946,#1947);
#1619=AXIS2_PLACEMENT_3D('',#2428,#1948,#1949);
#1620=AXIS2_PLACEMENT_3D('',#2430,#1950,#1951);
#1621=AXIS2_PLACEMENT_3D('',#2431,#1952,#1953);
#1622=AXIS2_PLACEMENT_3D('',#2432,#1954,#1955);
#1623=AXIS2_PLACEMENT_3D('',#2433,#1956,#1957);
#1624=AXIS2_PLACEMENT_3D('',#2435,#1959,#1960);
#1625=AXIS2_PLACEMENT_3D('',#2439,#1963,#1964);
#1626=AXIS2_PLACEMENT_3D('',#2441,#1966,#1967);
#1627=AXIS2_PLACEMENT_3D('',#2445,#1970,#1971);
#1628=AXIS2_PLACEMENT_3D('',#2453,#1976,#1977);
#1629=AXIS2_PLACEMENT_3D('',#2458,#1981,#1982);
#1630=AXIS2_PLACEMENT_3D('',#2464,#1986,#1987);
#1631=AXIS2_PLACEMENT_3D('',#2469,#1991,#1992);
#1632=AXIS2_PLACEMENT_3D('',#2474,#1996,#1997);
#1633=AXIS2_PLACEMENT_3D('',#2477,#2000,#2001);
#1634=AXIS2_PLACEMENT_3D('',#2502,#2014,#2015);
#1635=AXIS2_PLACEMENT_3D('',#2506,#2018,#2019);
#1636=AXIS2_PLACEMENT_3D('',#2510,#2022,#2023);
#1637=AXIS2_PLACEMENT_3D('',#2511,#2024,#2025);
#1638=AXIS2_PLACEMENT_3D('',#2512,#2026,#2027);
#1639=AXIS2_PLACEMENT_3D('',#2513,#2028,#2029);
#1640=AXIS2_PLACEMENT_3D('',#2517,#2032,#2033);
#1641=AXIS2_PLACEMENT_3D('',#2521,#2036,#2037);
#1642=AXIS2_PLACEMENT_3D('',#2522,#2038,#2039);
#1643=AXIS2_PLACEMENT_3D('',#2523,#2040,#2041);
#1644=AXIS2_PLACEMENT_3D('',#2524,#2042,#2043);
#1645=AXIS2_PLACEMENT_3D('',#2528,#2046,#2047);
#1646=AXIS2_PLACEMENT_3D('',#2532,#2050,#2051);
#1647=AXIS2_PLACEMENT_3D('',#2533,#2052,#2053);
#1648=AXIS2_PLACEMENT_3D('',#2534,#2054,#2055);
#1649=AXIS2_PLACEMENT_3D('',#2535,#2056,#2057);
#1650=AXIS2_PLACEMENT_3D('',#2539,#2060,#2061);
#1651=AXIS2_PLACEMENT_3D('',#2543,#2064,#2065);
#1652=AXIS2_PLACEMENT_3D('',#2544,#2066,#2067);
#1653=AXIS2_PLACEMENT_3D('',#2545,#2068,#2069);
#1654=AXIS2_PLACEMENT_3D('',#2546,#2070,#2071);
#1655=AXIS2_PLACEMENT_3D('',#2549,#2074,#2075);
#1656=AXIS2_PLACEMENT_3D('',#2551,#2077,#2078);
#1657=AXIS2_PLACEMENT_3D('',#2553,#2080,#2081);
#1658=AXIS2_PLACEMENT_3D('',#2555,#2083,#2084);
#1659=AXIS2_PLACEMENT_3D('',#2557,#2086,#2087);
#1660=AXIS2_PLACEMENT_3D('',#2558,#2088,#2089);
#1661=AXIS2_PLACEMENT_3D('',#2559,#2090,#2091);
#1662=AXIS2_PLACEMENT_3D('',#2560,#2092,#2093);
#1663=AXIS2_PLACEMENT_3D('',#2561,#2094,#2095);
#1664=AXIS2_PLACEMENT_3D('',#2562,#2096,#2097);
#1665=AXIS2_PLACEMENT_3D('',#2563,#2098,#2099);
#1666=AXIS2_PLACEMENT_3D('',#2564,#2100,#2101);
#1667=AXIS2_PLACEMENT_3D('',#2565,#2102,#2103);
#1668=AXIS2_PLACEMENT_3D('',#2566,#2104,#2105);
#1669=AXIS2_PLACEMENT_3D('',#2567,#2106,#2107);
#1670=AXIS2_PLACEMENT_3D('',#2568,#2108,#2109);
#1671=AXIS2_PLACEMENT_3D('',#2569,#2110,#2111);
#1672=AXIS2_PLACEMENT_3D('',#2570,#2112,#2113);
#1673=AXIS2_PLACEMENT_3D('',#2571,#2114,#2115);
#1674=AXIS2_PLACEMENT_3D('',#2572,#2116,#2117);
#1675=AXIS2_PLACEMENT_3D('',#2573,#2118,#2119);
#1676=AXIS2_PLACEMENT_3D('',#2574,#2120,#2121);
#1677=AXIS2_PLACEMENT_3D('',#2576,#2123,#2124);
#1678=AXIS2_PLACEMENT_3D('',#2577,#2125,#2126);
#1679=AXIS2_PLACEMENT_3D('',#2578,#2127,#2128);
#1680=AXIS2_PLACEMENT_3D('',#2580,#2130,#2131);
#1681=AXIS2_PLACEMENT_3D('',#2581,#2132,#2133);
#1682=AXIS2_PLACEMENT_3D('',#2582,#2134,#2135);
#1683=AXIS2_PLACEMENT_3D('',#2585,#2138,#2139);
#1684=AXIS2_PLACEMENT_3D('',#2587,#2141,#2142);
#1685=AXIS2_PLACEMENT_3D('',#2589,#2144,#2145);
#1686=AXIS2_PLACEMENT_3D('',#2591,#2147,#2148);
#1687=AXIS2_PLACEMENT_3D('',#2593,#2150,#2151);
#1688=DIRECTION('',(0.,0.,1.));
#1689=DIRECTION('',(1.,0.,0.));
#1690=DIRECTION('',(0.,0.,1.));
#1691=DIRECTION('',(1.,0.,0.));
#1692=DIRECTION('',(0.,1.,0.));
#1693=DIRECTION('',(0.,0.,1.));
#1694=DIRECTION('',(0.,-1.,0.));
#1695=DIRECTION('',(0.,0.,1.));
#1696=DIRECTION('',(0.,-1.,0.));
#1697=DIRECTION('',(0.,0.,1.));
#1698=DIRECTION('',(0.,-1.,0.));
#1699=DIRECTION('',(-1.,0.,0.));
#1700=DIRECTION('',(0.,0.,-1.));
#1701=DIRECTION('',(0.,1.,0.));
#1702=DIRECTION('',(-0.5,-0.866025403784439,0.));
#1703=DIRECTION('',(-1.,-2.50385766456193E-16,0.));
#1704=DIRECTION('',(0.,0.,-1.));
#1705=DIRECTION('',(0.,1.,0.));
#1706=DIRECTION('',(0.,0.,1.));
#1707=DIRECTION('',(1.,0.,0.));
#1708=DIRECTION('',(0.,0.,1.));
#1709=DIRECTION('',(0.,-1.,0.));
#1710=DIRECTION('',(0.,0.,1.));
#1711=DIRECTION('',(0.,-1.,0.));
#1712=DIRECTION('',(0.,1.,0.));
#1713=DIRECTION('',(0.,0.,-1.));
#1714=DIRECTION('',(0.,1.,0.));
#1715=DIRECTION('',(-1.,-2.50385766456193E-16,0.));
#1716=DIRECTION('',(-0.5,0.866025403784439,0.));
#1717=DIRECTION('',(0.,0.,-1.));
#1718=DIRECTION('',(0.,1.,0.));
#1719=DIRECTION('',(1.,7.76204877515033E-17,0.));
#1720=DIRECTION('',(0.,0.,1.));
#1721=DIRECTION('',(0.,-1.,0.));
#1722=DIRECTION('',(0.,0.,1.));
#1723=DIRECTION('',(1.,0.,0.));
#1724=DIRECTION('',(0.,0.,1.));
#1725=DIRECTION('',(0.,-1.,0.));
#1726=DIRECTION('',(0.,0.,1.));
#1727=DIRECTION('',(0.,-1.,0.));
#1728=DIRECTION('',(1.,1.55240975503006E-16,0.));
#1729=DIRECTION('',(0.,0.,-1.));
#1730=DIRECTION('',(0.,1.,0.));
#1731=DIRECTION('',(0.5,0.866025403784439,0.));
#1732=DIRECTION('',(1.,1.25192883228097E-16,0.));
#1733=DIRECTION('',(0.,0.,-1.));
#1734=DIRECTION('',(0.,1.,0.));
#1735=DIRECTION('',(1.55240975503006E-16,-1.,0.));
#1736=DIRECTION('',(0.,0.,1.));
#1737=DIRECTION('',(0.,-1.,0.));
#1738=DIRECTION('',(0.,0.,1.));
#1739=DIRECTION('',(1.,0.,0.));
#1740=DIRECTION('',(0.,0.,1.));
#1741=DIRECTION('',(0.,-1.,0.));
#1742=DIRECTION('',(0.,0.,1.));
#1743=DIRECTION('',(0.,-1.,0.));
#1744=DIRECTION('',(1.55240975503006E-16,-1.,0.));
#1745=DIRECTION('',(0.,0.,-1.));
#1746=DIRECTION('',(0.,1.,0.));
#1747=DIRECTION('',(1.,1.25192883228097E-16,0.));
#1748=DIRECTION('',(0.5,-0.866025403784439,0.));
#1749=DIRECTION('',(0.,0.,-1.));
#1750=DIRECTION('',(0.,1.,0.));
#1751=DIRECTION('',(-1.,0.,0.));
#1752=DIRECTION('',(0.,0.,1.));
#1753=DIRECTION('',(0.,-1.,0.));
#1754=DIRECTION('',(0.,0.,-1.));
#1755=DIRECTION('',(0.,1.,0.));
#1756=DIRECTION('',(0.,0.,1.));
#1757=DIRECTION('',(0.,-1.,0.));
#1758=DIRECTION('',(0.,0.,-1.));
#1759=DIRECTION('',(0.,0.,-1.));
#1760=DIRECTION('',(0.,1.,0.));
#1761=DIRECTION('',(0.,0.,-1.));
#1762=DIRECTION('',(0.,0.,-1.));
#1763=DIRECTION('',(0.,1.,0.));
#1764=DIRECTION('',(0.,0.,1.));
#1765=DIRECTION('',(0.,0.,-1.));
#1766=DIRECTION('',(0.813797681349374,0.469846310392955,0.342020143325669));
#1767=DIRECTION('',(0.296198132726024,0.171010071662834,-0.939692620785909));
#1768=DIRECTION('',(0.,0.,-1.));
#1769=DIRECTION('',(0.,1.,0.));
#1770=DIRECTION('',(0.813797681349374,-0.469846310392954,0.342020143325668));
#1771=DIRECTION('',(0.296198132726024,-0.171010071662834,-0.939692620785908));
#1772=DIRECTION('',(0.,0.,-1.));
#1773=DIRECTION('',(0.,0.,1.));
#1774=DIRECTION('',(0.,0.,-1.));
#1775=DIRECTION('',(0.,1.,0.));
#1776=DIRECTION('',(0.,0.,1.));
#1777=DIRECTION('',(0.,-1.,0.));
#1778=DIRECTION('',(0.,0.,-1.));
#1779=DIRECTION('',(0.,0.,-1.));
#1780=DIRECTION('',(0.,1.,0.));
#1781=DIRECTION('',(0.,0.,-1.));
#1782=DIRECTION('',(0.,0.,-1.));
#1783=DIRECTION('',(0.,1.,0.));
#1784=DIRECTION('',(0.,0.,1.));
#1785=DIRECTION('',(0.,0.,-1.));
#1786=DIRECTION('',(-1.17642828544354E-16,0.939692620785908,0.342020143325668));
#1787=DIRECTION('',(-4.28184878650273E-17,0.342020143325668,-0.939692620785909));
#1788=DIRECTION('',(0.,0.,-1.));
#1789=DIRECTION('',(0.,1.,0.));
#1790=DIRECTION('',(-1.17642828544354E-16,0.939692620785908,0.342020143325668));
#1791=DIRECTION('',(-4.28184878650273E-17,0.342020143325668,-0.939692620785909));
#1792=DIRECTION('',(0.,0.,-1.));
#1793=DIRECTION('',(0.,0.,1.));
#1794=DIRECTION('',(0.,0.,-1.));
#1795=DIRECTION('',(0.,1.,0.));
#1796=DIRECTION('',(0.,0.,1.));
#1797=DIRECTION('',(0.,-1.,0.));
#1798=DIRECTION('',(0.,0.,-1.));
#1799=DIRECTION('',(0.,0.,-1.));
#1800=DIRECTION('',(0.,1.,0.));
#1801=DIRECTION('',(0.,0.,-1.));
#1802=DIRECTION('',(0.,0.,-1.));
#1803=DIRECTION('',(0.,1.,0.));
#1804=DIRECTION('',(0.,0.,1.));
#1805=DIRECTION('',(0.,0.,-1.));
#1806=DIRECTION('',(-0.813797681349374,-0.469846310392955,0.342020143325668));
#1807=DIRECTION('',(-0.296198132726024,-0.171010071662834,-0.939692620785909));
#1808=DIRECTION('',(0.,0.,-1.));
#1809=DIRECTION('',(0.,1.,0.));
#1810=DIRECTION('',(-0.813797681349374,0.469846310392955,0.342020143325668));
#1811=DIRECTION('',(-0.296198132726024,0.171010071662834,-0.939692620785909));
#1812=DIRECTION('',(0.,0.,-1.));
#1813=DIRECTION('',(0.,0.,1.));
#1814=DIRECTION('',(0.,0.,-1.));
#1815=DIRECTION('',(0.,1.,0.));
#1816=DIRECTION('',(0.,0.,1.));
#1817=DIRECTION('',(0.,-1.,0.));
#1818=DIRECTION('',(0.,0.,-1.));
#1819=DIRECTION('',(0.,0.,-1.));
#1820=DIRECTION('',(0.,1.,0.));
#1821=DIRECTION('',(0.,0.,-1.));
#1822=DIRECTION('',(0.,0.,-1.));
#1823=DIRECTION('',(0.,1.,0.));
#1824=DIRECTION('',(0.,0.,1.));
#1825=DIRECTION('',(0.,0.,-1.));
#1826=DIRECTION('',(2.35285657088708E-16,-0.939692620785908,0.342020143325668));
#1827=DIRECTION('',(8.56369757300547E-17,-0.342020143325668,-0.939692620785909));
#1828=DIRECTION('',(0.,0.,-1.));
#1829=DIRECTION('',(0.,1.,0.));
#1830=DIRECTION('',(2.35285657088708E-16,-0.939692620785908,0.342020143325668));
#1831=DIRECTION('',(8.56369757300547E-17,-0.342020143325668,-0.939692620785909));
#1832=DIRECTION('',(0.,0.,-1.));
#1833=DIRECTION('',(0.,0.,1.));
#1834=DIRECTION('',(0.,0.,-1.));
#1835=DIRECTION('',(0.,1.,0.));
#1836=DIRECTION('',(0.,0.,1.));
#1837=DIRECTION('',(0.,-1.,0.));
#1838=DIRECTION('',(0.,0.,1.));
#1839=DIRECTION('',(0.,-1.,0.));
#1840=DIRECTION('',(0.,0.,-1.));
#1841=DIRECTION('',(0.,0.,1.));
#1842=DIRECTION('',(0.,-1.,0.));
#1843=DIRECTION('',(0.,0.,-1.));
#1844=DIRECTION('',(0.,0.,1.));
#1845=DIRECTION('',(0.,-1.,0.));
#1846=DIRECTION('',(0.,0.,-1.));
#1847=DIRECTION('',(0.,0.,1.));
#1848=DIRECTION('',(0.,-1.,0.));
#1849=DIRECTION('',(0.,0.,-1.));
#1850=DIRECTION('',(0.,0.,1.));
#1851=DIRECTION('',(0.,-1.,0.));
#1852=DIRECTION('',(0.,0.,-1.));
#1853=DIRECTION('',(0.,0.,1.));
#1854=DIRECTION('',(0.,-1.,0.));
#1855=DIRECTION('',(0.,0.,-1.));
#1856=DIRECTION('',(0.,0.,1.));
#1857=DIRECTION('',(0.,-1.,0.));
#1858=DIRECTION('',(0.,0.,-1.));
#1859=DIRECTION('',(0.,0.,1.));
#1860=DIRECTION('',(0.,-1.,0.));
#1861=DIRECTION('',(0.,0.,-1.));
#1862=DIRECTION('',(0.,0.,1.));
#1863=DIRECTION('',(1.,0.,0.));
#1864=DIRECTION('',(0.5,0.866025403784439,0.));
#1865=DIRECTION('',(-0.5,0.866025403784439,0.));
#1866=DIRECTION('',(-1.,0.,0.));
#1867=DIRECTION('',(-0.5,-0.866025403784439,0.));
#1868=DIRECTION('',(0.5,-0.866025403784439,0.));
#1869=DIRECTION('',(1.,0.,0.));
#1870=DIRECTION('',(0.,0.,1.));
#1871=DIRECTION('',(0.,-1.,0.));
#1872=DIRECTION('',(0.,0.,1.));
#1873=DIRECTION('',(0.,-1.,0.));
#1874=DIRECTION('',(0.,0.,1.));
#1875=DIRECTION('',(0.,-1.,0.));
#1876=DIRECTION('',(0.,0.,1.));
#1877=DIRECTION('',(0.,-1.,0.));
#1878=DIRECTION('',(0.,0.,-1.));
#1879=DIRECTION('',(0.,1.,0.));
#1880=DIRECTION('',(0.,0.,-1.));
#1881=DIRECTION('',(0.,0.,1.));
#1882=DIRECTION('',(0.,-1.,0.));
#1883=DIRECTION('',(0.,0.,-1.));
#1884=DIRECTION('',(0.,0.,-1.));
#1885=DIRECTION('',(0.,0.,1.));
#1886=DIRECTION('',(0.,-1.,0.));
#1887=DIRECTION('',(0.,0.,-1.));
#1888=DIRECTION('',(0.,0.,-1.));
#1889=DIRECTION('',(0.,0.,1.));
#1890=DIRECTION('',(0.,-1.,0.));
#1891=DIRECTION('',(0.,0.,-1.));
#1892=DIRECTION('',(0.,0.,-1.));
#1893=DIRECTION('',(0.,0.,1.));
#1894=DIRECTION('',(0.,-1.,0.));
#1895=DIRECTION('',(0.,0.,-1.));
#1896=DIRECTION('',(0.,0.,1.));
#1897=DIRECTION('',(0.,-1.,0.));
#1898=DIRECTION('',(0.,0.,1.));
#1899=DIRECTION('',(1.,0.,0.));
#1900=DIRECTION('',(0.,0.,1.));
#1901=DIRECTION('',(0.,-1.,0.));
#1902=DIRECTION('',(0.,0.,1.));
#1903=DIRECTION('',(0.,-1.,0.));
#1904=DIRECTION('',(0.,0.,1.));
#1905=DIRECTION('',(0.,-1.,0.));
#1906=DIRECTION('',(0.,0.,1.));
#1907=DIRECTION('',(0.,-1.,0.));
#1908=DIRECTION('',(0.,0.,1.));
#1909=DIRECTION('',(0.,-1.,0.));
#1910=DIRECTION('',(0.,0.,1.));
#1911=DIRECTION('',(0.,-1.,0.));
#1912=DIRECTION('',(0.,0.,1.));
#1913=DIRECTION('',(0.,-1.,0.));
#1914=DIRECTION('',(0.,0.,1.));
#1915=DIRECTION('',(0.,-1.,0.));
#1916=DIRECTION('',(0.,0.,1.));
#1917=DIRECTION('',(0.,-1.,0.));
#1918=DIRECTION('',(0.,0.,-1.));
#1919=DIRECTION('',(0.,1.,0.));
#1920=DIRECTION('',(0.,0.,1.));
#1921=DIRECTION('',(0.,-1.,0.));
#1922=DIRECTION('',(0.,0.,1.));
#1923=DIRECTION('',(0.,-1.,0.));
#1924=DIRECTION('',(0.,0.,-1.));
#1925=DIRECTION('',(0.,1.,0.));
#1926=DIRECTION('',(0.,0.,1.));
#1927=DIRECTION('',(0.,-1.,0.));
#1928=DIRECTION('',(0.,0.,-1.));
#1929=DIRECTION('',(0.,1.,0.));
#1930=DIRECTION('',(0.,0.,1.));
#1931=DIRECTION('',(0.,-1.,0.));
#1932=DIRECTION('',(0.,0.,1.));
#1933=DIRECTION('',(0.,-1.,0.));
#1934=DIRECTION('',(0.,0.,-1.));
#1935=DIRECTION('',(0.,1.,0.));
#1936=DIRECTION('',(0.,0.,1.));
#1937=DIRECTION('',(0.,-1.,0.));
#1938=DIRECTION('',(0.,0.,-1.));
#1939=DIRECTION('',(0.,1.,0.));
#1940=DIRECTION('',(0.,0.,1.));
#1941=DIRECTION('',(0.,-1.,0.));
#1942=DIRECTION('',(0.,0.,1.));
#1943=DIRECTION('',(0.,-1.,0.));
#1944=DIRECTION('',(0.,0.,-1.));
#1945=DIRECTION('',(0.,1.,0.));
#1946=DIRECTION('',(0.,0.,1.));
#1947=DIRECTION('',(0.,-1.,0.));
#1948=DIRECTION('',(0.,0.,-1.));
#1949=DIRECTION('',(0.,1.,0.));
#1950=DIRECTION('',(0.,0.,1.));
#1951=DIRECTION('',(0.,-1.,0.));
#1952=DIRECTION('',(0.,0.,1.));
#1953=DIRECTION('',(0.,-1.,0.));
#1954=DIRECTION('',(0.,0.,-1.));
#1955=DIRECTION('',(0.,1.,0.));
#1956=DIRECTION('',(0.,0.,1.));
#1957=DIRECTION('',(1.,0.,0.));
#1958=DIRECTION('',(1.,2.50385766456193E-16,0.));
#1959=DIRECTION('',(0.,0.,1.));
#1960=DIRECTION('',(1.,0.,0.));
#1961=DIRECTION('',(0.5,-0.866025403784439,0.));
#1962=DIRECTION('',(-0.5,-0.866025403784439,0.));
#1963=DIRECTION('',(0.,0.,1.));
#1964=DIRECTION('',(1.,0.,0.));
#1965=DIRECTION('',(-1.,-1.25192883228097E-16,0.));
#1966=DIRECTION('',(0.,0.,1.));
#1967=DIRECTION('',(1.,0.,0.));
#1968=DIRECTION('',(-0.5,0.866025403784439,0.));
#1969=DIRECTION('',(0.5,0.866025403784439,0.));
#1970=DIRECTION('',(-0.866025403784439,-0.5,0.));
#1971=DIRECTION('',(-0.5,0.866025403784439,0.));
#1972=DIRECTION('',(0.,0.,-1.));
#1973=DIRECTION('',(-0.5,0.866025403784439,0.));
#1974=DIRECTION('',(0.,0.,-1.));
#1975=DIRECTION('',(0.5,-0.866025403784439,0.));
#1976=DIRECTION('',(2.50385766456193E-16,-1.,0.));
#1977=DIRECTION('',(-1.,-2.50385766456193E-16,0.));
#1978=DIRECTION('',(-1.,-2.50385766456193E-16,0.));
#1979=DIRECTION('',(0.,0.,-1.));
#1980=DIRECTION('',(1.,2.50385766456193E-16,0.));
#1981=DIRECTION('',(0.866025403784439,-0.5,0.));
#1982=DIRECTION('',(-0.5,-0.866025403784439,0.));
#1983=DIRECTION('',(-0.5,-0.866025403784439,0.));
#1984=DIRECTION('',(0.,0.,-1.));
#1985=DIRECTION('',(0.5,0.866025403784439,0.));
#1986=DIRECTION('',(0.866025403784439,0.5,0.));
#1987=DIRECTION('',(0.5,-0.866025403784439,0.));
#1988=DIRECTION('',(0.5,-0.866025403784439,0.));
#1989=DIRECTION('',(0.,0.,-1.));
#1990=DIRECTION('',(-0.5,0.866025403784439,0.));
#1991=DIRECTION('',(-1.25192883228097E-16,1.,0.));
#1992=DIRECTION('',(1.,1.25192883228097E-16,0.));
#1993=DIRECTION('',(1.,1.25192883228097E-16,0.));
#1994=DIRECTION('',(0.,0.,-1.));
#1995=DIRECTION('',(-1.,-1.25192883228097E-16,0.));
#1996=DIRECTION('',(-0.866025403784439,0.5,0.));
#1997=DIRECTION('',(0.5,0.866025403784439,0.));
#1998=DIRECTION('',(0.5,0.866025403784439,0.));
#1999=DIRECTION('',(-0.5,-0.866025403784439,0.));
#2000=DIRECTION('',(0.,0.,1.));
#2001=DIRECTION('',(1.,0.,0.));
#2002=DIRECTION('',(-0.5,0.866025403784439,0.));
#2003=DIRECTION('',(0.5,0.866025403784438,0.));
#2004=DIRECTION('',(1.,0.,0.));
#2005=DIRECTION('',(0.5,-0.866025403784439,0.));
#2006=DIRECTION('',(-0.5,-0.866025403784439,0.));
#2007=DIRECTION('',(-1.,0.,0.));
#2008=DIRECTION('',(0.5,0.866025403784439,0.));
#2009=DIRECTION('',(-0.5,0.866025403784439,0.));
#2010=DIRECTION('',(-1.,-2.50385766456193E-16,0.));
#2011=DIRECTION('',(-0.5,-0.866025403784439,0.));
#2012=DIRECTION('',(0.5,-0.866025403784439,0.));
#2013=DIRECTION('',(1.,1.25192883228097E-16,0.));
#2014=DIRECTION('',(1.,0.,0.));
#2015=DIRECTION('',(0.,-1.,0.));
#2016=DIRECTION('',(0.,1.,0.));
#2017=DIRECTION('',(0.,0.,1.));
#2018=DIRECTION('',(1.,0.,0.));
#2019=DIRECTION('',(0.,-1.,0.));
#2020=DIRECTION('',(0.,0.,-1.));
#2021=DIRECTION('',(0.,1.,0.));
#2022=DIRECTION('',(0.,0.,1.));
#2023=DIRECTION('',(1.,0.,0.));
#2024=DIRECTION('',(0.,0.,1.));
#2025=DIRECTION('',(0.,-1.,0.));
#2026=DIRECTION('',(0.,0.,1.));
#2027=DIRECTION('',(0.,-1.,0.));
#2028=DIRECTION('',(7.76204877515033E-17,-1.,0.));
#2029=DIRECTION('',(-1.,-7.76204877515033E-17,0.));
#2030=DIRECTION('',(1.,7.76204877515033E-17,0.));
#2031=DIRECTION('',(0.,0.,1.));
#2032=DIRECTION('',(1.55240975503006E-16,-1.,0.));
#2033=DIRECTION('',(-1.,-1.55240975503006E-16,0.));
#2034=DIRECTION('',(0.,0.,-1.));
#2035=DIRECTION('',(1.,1.55240975503006E-16,0.));
#2036=DIRECTION('',(0.,0.,1.));
#2037=DIRECTION('',(1.,0.,0.));
#2038=DIRECTION('',(0.,0.,1.));
#2039=DIRECTION('',(0.,-1.,0.));
#2040=DIRECTION('',(0.,0.,1.));
#2041=DIRECTION('',(0.,-1.,0.));
#2042=DIRECTION('',(-1.,-1.55240975503006E-16,0.));
#2043=DIRECTION('',(-1.55240975503006E-16,1.,0.));
#2044=DIRECTION('',(1.55240975503006E-16,-1.,0.));
#2045=DIRECTION('',(0.,0.,1.));
#2046=DIRECTION('',(-1.,-1.55240975503006E-16,0.));
#2047=DIRECTION('',(-1.55240975503006E-16,1.,0.));
#2048=DIRECTION('',(0.,0.,-1.));
#2049=DIRECTION('',(1.55240975503006E-16,-1.,0.));
#2050=DIRECTION('',(0.,0.,1.));
#2051=DIRECTION('',(1.,0.,0.));
#2052=DIRECTION('',(0.,0.,1.));
#2053=DIRECTION('',(0.,-1.,0.));
#2054=DIRECTION('',(0.,0.,1.));
#2055=DIRECTION('',(0.,-1.,0.));
#2056=DIRECTION('',(0.,1.,0.));
#2057=DIRECTION('',(1.,0.,0.));
#2058=DIRECTION('',(-1.,0.,0.));
#2059=DIRECTION('',(0.,0.,1.));
#2060=DIRECTION('',(0.,1.,0.));
#2061=DIRECTION('',(1.,0.,0.));
#2062=DIRECTION('',(0.,0.,-1.));
#2063=DIRECTION('',(-1.,0.,0.));
#2064=DIRECTION('',(0.,0.,1.));
#2065=DIRECTION('',(1.,0.,0.));
#2066=DIRECTION('',(0.,0.,1.));
#2067=DIRECTION('',(0.,-1.,0.));
#2068=DIRECTION('',(0.,0.,1.));
#2069=DIRECTION('',(0.,-1.,0.));
#2070=DIRECTION('',(-0.612372435695796,-0.353553390593275,0.707106781186545));
#2071=DIRECTION('',(-0.5,0.866025403784439,0.));
#2072=DIRECTION('',(0.755928946018453,-2.4197458665025E-15,0.654653670707979));
#2073=DIRECTION('',(0.377964473009223,0.654653670707978,0.654653670707978));
#2074=DIRECTION('',(8.85247366868827E-17,-0.707106781186548,0.707106781186548));
#2075=DIRECTION('',(-1.,-1.25192883228097E-16,0.));
#2076=DIRECTION('',(-0.377964473009227,0.654653670707977,0.654653670707977));
#2077=DIRECTION('',(-0.612372435695796,0.353553390593274,0.707106781186547));
#2078=DIRECTION('',(0.5,0.866025403784439,0.));
#2079=DIRECTION('',(0.377964473009226,-0.654653670707978,0.654653670707978));
#2080=DIRECTION('',(0.612372435695795,-0.353553390593274,0.707106781186547));
#2081=DIRECTION('',(-0.5,-0.866025403784439,0.));
#2082=DIRECTION('',(-0.755928946018453,3.03643602997383E-15,0.654653670707978));
#2083=DIRECTION('',(-1.77049473373765E-16,0.707106781186548,0.707106781186548));
#2084=DIRECTION('',(1.,2.50385766456193E-16,0.));
#2085=DIRECTION('',(0.377964473009224,0.654653670707978,-0.654653670707978));
#2086=DIRECTION('',(0.612372435695796,0.353553390593275,0.707106781186546));
#2087=DIRECTION('',(0.5,-0.866025403784439,0.));
#2088=DIRECTION('',(0.,0.,-1.));
#2089=DIRECTION('',(0.,1.,0.));
#2090=DIRECTION('',(0.,0.,-1.));
#2091=DIRECTION('',(0.,1.,0.));
#2092=DIRECTION('',(0.,0.,-1.));
#2093=DIRECTION('',(0.,1.,0.));
#2094=DIRECTION('',(0.,0.,-1.));
#2095=DIRECTION('',(0.,1.,0.));
#2096=DIRECTION('',(0.,0.,-1.));
#2097=DIRECTION('',(0.,1.,0.));
#2098=DIRECTION('',(0.,0.,-1.));
#2099=DIRECTION('',(0.,1.,0.));
#2100=DIRECTION('',(0.,0.,-1.));
#2101=DIRECTION('',(0.,1.,0.));
#2102=DIRECTION('',(0.,0.,-1.));
#2103=DIRECTION('',(0.,1.,0.));
#2104=DIRECTION('',(0.,0.,1.));
#2105=DIRECTION('',(0.,-1.,0.));
#2106=DIRECTION('',(0.,0.,-1.));
#2107=DIRECTION('',(0.,1.,0.));
#2108=DIRECTION('',(0.,0.,1.));
#2109=DIRECTION('',(0.,-1.,0.));
#2110=DIRECTION('',(0.,0.,-1.));
#2111=DIRECTION('',(0.,1.,0.));
#2112=DIRECTION('',(0.,0.,1.));
#2113=DIRECTION('',(0.,-1.,0.));
#2114=DIRECTION('',(0.,0.,-1.));
#2115=DIRECTION('',(0.,1.,0.));
#2116=DIRECTION('',(0.,0.,1.));
#2117=DIRECTION('',(0.,-1.,0.));
#2118=DIRECTION('',(0.,0.,-1.));
#2119=DIRECTION('',(0.,1.,0.));
#2120=DIRECTION('',(-0.813797681349374,0.469846310392955,0.342020143325668));
#2121=DIRECTION('',(0.5,0.866025403784439,0.));
#2122=DIRECTION('',(0.387449252410576,1.93157720978352E-16,0.921891033043757));
#2123=DIRECTION('',(-0.813797681349374,-0.469846310392955,0.342020143325668));
#2124=DIRECTION('',(-0.5,0.866025403784439,0.));
#2125=DIRECTION('',(-1.17642828544354E-16,0.939692620785908,0.342020143325668));
#2126=DIRECTION('',(1.,1.25192883228097E-16,0.));
#2127=DIRECTION('',(0.813797681349374,-0.469846310392954,0.342020143325668));
#2128=DIRECTION('',(-0.5,-0.866025403784439,0.));
#2129=DIRECTION('',(-0.387449252410576,-1.77849744837057E-16,0.921891033043757));
#2130=DIRECTION('',(0.813797681349374,0.469846310392955,0.342020143325669));
#2131=DIRECTION('',(0.5,-0.866025403784439,0.));
#2132=DIRECTION('',(2.35285657088708E-16,-0.939692620785908,0.342020143325668));
#2133=DIRECTION('',(-1.,-2.50385766456193E-16,0.));
#2134=DIRECTION('',(0.866025403784439,0.5,0.));
#2135=DIRECTION('',(0.5,-0.866025403784439,0.));
#2136=DIRECTION('',(0.,0.,1.));
#2137=DIRECTION('',(0.,0.,1.));
#2138=DIRECTION('',(0.,1.,0.));
#2139=DIRECTION('',(1.,0.,0.));
#2140=DIRECTION('',(0.,0.,1.));
#2141=DIRECTION('',(-0.866025403784439,0.5,0.));
#2142=DIRECTION('',(0.5,0.866025403784439,0.));
#2143=DIRECTION('',(0.,0.,1.));
#2144=DIRECTION('',(-0.866025403784439,-0.5,0.));
#2145=DIRECTION('',(-0.5,0.866025403784439,0.));
#2146=DIRECTION('',(0.,0.,1.));
#2147=DIRECTION('',(0.,-1.,0.));
#2148=DIRECTION('',(-1.,0.,0.));
#2149=DIRECTION('',(0.,0.,1.));
#2150=DIRECTION('',(0.866025403784438,-0.5,0.));
#2151=DIRECTION('',(-0.5,-0.866025403784439,0.));
#2152=CARTESIAN_POINT('',(0.,0.,0.));
#2153=CARTESIAN_POINT('',(0.,0.,0.0195));
#2154=CARTESIAN_POINT('',(-0.00325,0.00979359793758705,0.0195));
#2155=CARTESIAN_POINT('',(-0.00325,0.007,0.0195));
#2156=CARTESIAN_POINT('',(-0.00325,0.0119242400177118,0.0195));
#2157=CARTESIAN_POINT('',(-0.00375,0.0119242400177118,0.0195));
#2158=CARTESIAN_POINT('',(-0.0039,0.0124012096184203,0.0195));
#2159=CARTESIAN_POINT('',(0.,7.9602041944578E-19,0.0195));
#2160=CARTESIAN_POINT('',(-0.0124012096184203,0.0039,0.0195));
#2161=CARTESIAN_POINT('',(-0.0119242400177118,0.00375,0.0195));
#2162=CARTESIAN_POINT('',(-0.0119242400177118,0.00325,0.0195));
#2163=CARTESIAN_POINT('',(-0.00979359793758705,0.00325,0.0195));
#2164=CARTESIAN_POINT('',(-0.007,0.00325,0.0195));
#2165=CARTESIAN_POINT('',(-0.007,-8.67361737988404E-19,0.0195));
#2166=CARTESIAN_POINT('',(-0.00532144984085566,0.00278297850570868,0.0195));
#2167=CARTESIAN_POINT('',(-0.00519615242270663,0.003,0.0195));
#2168=CARTESIAN_POINT('',(-0.00346410161513775,0.006,0.0195));
#2169=CARTESIAN_POINT('',(0.,0.006,0.0195));
#2170=CARTESIAN_POINT('',(-0.00309232921921325,0.006,0.0195));
#2171=CARTESIAN_POINT('',(0.,0.007,0.0195));
#2172=CARTESIAN_POINT('',(0.,0.,0.0195));
#2173=CARTESIAN_POINT('',(0.,7.9602041944578E-19,0.0195));
#2174=CARTESIAN_POINT('',(0.0124012096184203,0.0039,0.0195));
#2175=CARTESIAN_POINT('',(0.0039,0.0124012096184203,0.0195));
#2176=CARTESIAN_POINT('',(0.00375,0.0119242400177118,0.0195));
#2177=CARTESIAN_POINT('',(0.00325,0.0119242400177118,0.0195));
#2178=CARTESIAN_POINT('',(0.00325,0.00979359793758705,0.0195));
#2179=CARTESIAN_POINT('',(0.00325,0.007,0.0195));
#2180=CARTESIAN_POINT('',(0.,0.007,0.0195));
#2181=CARTESIAN_POINT('',(0.00309232921921325,0.006,0.0195));
#2182=CARTESIAN_POINT('',(0.,0.006,0.0195));
#2183=CARTESIAN_POINT('',(0.00346410161513775,0.006,0.0195));
#2184=CARTESIAN_POINT('',(0.00519615242270663,0.003,0.0195));
#2185=CARTESIAN_POINT('',(0.00532144984085566,0.00278297850570868,0.0195));
#2186=CARTESIAN_POINT('',(0.007,8.67361737988404E-19,0.0195));
#2187=CARTESIAN_POINT('',(0.007,0.00325,0.0195));
#2188=CARTESIAN_POINT('',(0.00979359793758705,0.00325,0.0195));
#2189=CARTESIAN_POINT('',(0.0119242400177118,0.00325,0.0195));
#2190=CARTESIAN_POINT('',(0.0119242400177118,0.00375,0.0195));
#2191=CARTESIAN_POINT('',(0.,0.,0.0195));
#2192=CARTESIAN_POINT('',(0.,7.9602041944578E-19,0.0195));
#2193=CARTESIAN_POINT('',(0.0039,-0.0124012096184203,0.0195));
#2194=CARTESIAN_POINT('',(0.0124012096184203,-0.0039,0.0195));
#2195=CARTESIAN_POINT('',(0.0119242400177118,-0.00375,0.0195));
#2196=CARTESIAN_POINT('',(0.0119242400177118,-0.00325,0.0195));
#2197=CARTESIAN_POINT('',(0.00979359793758705,-0.00325,0.0195));
#2198=CARTESIAN_POINT('',(0.007,-0.00325,0.0195));
#2199=CARTESIAN_POINT('',(0.007,8.67361737988404E-19,0.0195));
#2200=CARTESIAN_POINT('',(0.00532144984085566,-0.00278297850570867,0.0195));
#2201=CARTESIAN_POINT('',(0.00519615242270663,-0.003,0.0195));
#2202=CARTESIAN_POINT('',(0.00346410161513775,-0.006,0.0195));
#2203=CARTESIAN_POINT('',(-4.33680868994202E-19,-0.006,0.0195));
#2204=CARTESIAN_POINT('',(0.00309232921921325,-0.006,0.0195));
#2205=CARTESIAN_POINT('',(0.,-0.007,0.0195));
#2206=CARTESIAN_POINT('',(0.00325,-0.007,0.0195));
#2207=CARTESIAN_POINT('',(0.00325,-0.00979359793758705,0.0195));
#2208=CARTESIAN_POINT('',(0.00325,-0.0119242400177118,0.0195));
#2209=CARTESIAN_POINT('',(0.00375,-0.0119242400177118,0.0195));
#2210=CARTESIAN_POINT('',(0.,0.,0.0195));
#2211=CARTESIAN_POINT('',(0.,7.9602041944578E-19,0.0195));
#2212=CARTESIAN_POINT('',(-0.0124012096184203,-0.0039,0.0195));
#2213=CARTESIAN_POINT('',(-0.0039,-0.0124012096184203,0.0195));
#2214=CARTESIAN_POINT('',(-0.00375,-0.0119242400177118,0.0195));
#2215=CARTESIAN_POINT('',(-0.00325,-0.0119242400177118,0.0195));
#2216=CARTESIAN_POINT('',(-0.00325,-0.00979359793758705,0.0195));
#2217=CARTESIAN_POINT('',(-0.00325,-0.007,0.0195));
#2218=CARTESIAN_POINT('',(0.,-0.007,0.0195));
#2219=CARTESIAN_POINT('',(-0.00309232921921325,-0.006,0.0195));
#2220=CARTESIAN_POINT('',(-4.33680868994202E-19,-0.006,0.0195));
#2221=CARTESIAN_POINT('',(-0.00346410161513775,-0.006,0.0195));
#2222=CARTESIAN_POINT('',(-0.00519615242270663,-0.003,0.0195));
#2223=CARTESIAN_POINT('',(-0.00532144984085566,-0.00278297850570868,0.0195));
#2224=CARTESIAN_POINT('',(-0.007,-8.67361737988404E-19,0.0195));
#2225=CARTESIAN_POINT('',(-0.007,-0.00325,0.0195));
#2226=CARTESIAN_POINT('',(-0.00979359793758705,-0.00325,0.0195));
#2227=CARTESIAN_POINT('',(-0.0119242400177118,-0.00325,0.0195));
#2228=CARTESIAN_POINT('',(-0.0119242400177118,-0.00375,0.0195));
#2229=CARTESIAN_POINT('',(-0.007,-8.67361737988404E-19,0.0195));
#2230=CARTESIAN_POINT('',(-0.007,-8.67361737988404E-19,0.0075));
#2231=CARTESIAN_POINT('',(-0.008742,-0.00274370843932077,0.0075));
#2232=CARTESIAN_POINT('',(-0.008742,0.00274370843932077,0.0075));
#2233=CARTESIAN_POINT('',(-0.008742,0.00274370843932077,0.0195));
#2234=CARTESIAN_POINT('',(-0.008742,0.00274370843932077,0.004));
#2235=CARTESIAN_POINT('',(-0.007,-8.67361737988404E-19,0.004));
#2236=CARTESIAN_POINT('',(-0.008742,-0.00274370843932077,0.004));
#2237=CARTESIAN_POINT('',(-0.008742,-0.00274370843932077,0.0195));
#2238=CARTESIAN_POINT('',(-0.007,-8.67361737988404E-19,0.0165));
#2239=CARTESIAN_POINT('',(-0.007,-0.00325,0.0165));
#2240=CARTESIAN_POINT('',(-0.007,0.00325,0.0165));
#2241=CARTESIAN_POINT('',(-0.007,-0.00325,0.0165));
#2242=CARTESIAN_POINT('',(-0.00532144984085566,-0.00278297850570868,0.0245));
#2243=CARTESIAN_POINT('',(-0.00532144984085566,-0.00278297850570868,0.0245));
#2244=CARTESIAN_POINT('',(-0.007,-8.67361737988404E-19,0.024670832174275));
#2245=CARTESIAN_POINT('',(-0.00404530689758781,-0.00135362057850706,0.0195));
#2246=CARTESIAN_POINT('',(-0.007,-8.67361737988404E-19,0.0195));
#2247=CARTESIAN_POINT('',(-0.00404530689758781,0.00135362057850706,0.0195));
#2248=CARTESIAN_POINT('',(-0.007,-8.67361737988404E-19,0.024670832174275));
#2249=CARTESIAN_POINT('',(-0.00532144984085566,0.00278297850570868,0.0245));
#2250=CARTESIAN_POINT('',(-0.00532144984085566,0.00278297850570868,0.0195));
#2251=CARTESIAN_POINT('',(-0.007,0.00325,0.0165));
#2252=CARTESIAN_POINT('',(0.,-0.007,0.0195));
#2253=CARTESIAN_POINT('',(0.,-0.007,0.0075));
#2254=CARTESIAN_POINT('',(0.00274370843932077,-0.008742,0.0075));
#2255=CARTESIAN_POINT('',(-0.00274370843932077,-0.008742,0.0075));
#2256=CARTESIAN_POINT('',(-0.00274370843932077,-0.008742,0.0195));
#2257=CARTESIAN_POINT('',(-0.00274370843932077,-0.008742,0.004));
#2258=CARTESIAN_POINT('',(0.,-0.007,0.004));
#2259=CARTESIAN_POINT('',(0.00274370843932077,-0.008742,0.004));
#2260=CARTESIAN_POINT('',(0.00274370843932077,-0.008742,0.0195));
#2261=CARTESIAN_POINT('',(0.,-0.007,0.0165));
#2262=CARTESIAN_POINT('',(0.00325,-0.007,0.0165));
#2263=CARTESIAN_POINT('',(-0.00325,-0.007,0.0165));
#2264=CARTESIAN_POINT('',(0.00325,-0.007,0.0165));
#2265=CARTESIAN_POINT('',(0.00309232921921325,-0.006,0.0245));
#2266=CARTESIAN_POINT('',(0.00309232921921325,-0.006,0.0245));
#2267=CARTESIAN_POINT('',(0.,-0.007,0.0272474774194547));
#2268=CARTESIAN_POINT('',(0.00161584014417984,-0.00418014882866898,0.0195));
#2269=CARTESIAN_POINT('',(0.,-0.007,0.0195));
#2270=CARTESIAN_POINT('',(-0.00161584014417984,-0.00418014882866898,0.0195));
#2271=CARTESIAN_POINT('',(0.,-0.007,0.0272474774194547));
#2272=CARTESIAN_POINT('',(-0.00309232921921325,-0.006,0.0245));
#2273=CARTESIAN_POINT('',(-0.00309232921921325,-0.006,0.0195));
#2274=CARTESIAN_POINT('',(-0.00325,-0.007,0.0165));
#2275=CARTESIAN_POINT('',(0.007,8.67361737988404E-19,0.0195));
#2276=CARTESIAN_POINT('',(0.007,8.67361737988404E-19,0.0075));
#2277=CARTESIAN_POINT('',(0.008742,0.00274370843932077,0.0075));
#2278=CARTESIAN_POINT('',(0.008742,-0.00274370843932077,0.0075));
#2279=CARTESIAN_POINT('',(0.008742,-0.00274370843932077,0.0195));
#2280=CARTESIAN_POINT('',(0.008742,-0.00274370843932077,0.004));
#2281=CARTESIAN_POINT('',(0.007,8.67361737988404E-19,0.004));
#2282=CARTESIAN_POINT('',(0.008742,0.00274370843932077,0.004));
#2283=CARTESIAN_POINT('',(0.008742,0.00274370843932077,0.0195));
#2284=CARTESIAN_POINT('',(0.007,8.67361737988404E-19,0.0165));
#2285=CARTESIAN_POINT('',(0.007,0.00325,0.0165));
#2286=CARTESIAN_POINT('',(0.007,-0.00325,0.0165));
#2287=CARTESIAN_POINT('',(0.007,0.00325,0.0165));
#2288=CARTESIAN_POINT('',(0.00532144984085566,0.00278297850570868,0.0245));
#2289=CARTESIAN_POINT('',(0.00532144984085566,0.00278297850570868,0.0245));
#2290=CARTESIAN_POINT('',(0.007,8.67361737988404E-19,0.024670832174275));
#2291=CARTESIAN_POINT('',(0.00404530689758781,0.00135362057850707,0.0195));
#2292=CARTESIAN_POINT('',(0.007,8.67361737988404E-19,0.0195));
#2293=CARTESIAN_POINT('',(0.00404530689758781,-0.00135362057850706,0.0195));
#2294=CARTESIAN_POINT('',(0.007,8.67361737988404E-19,0.024670832174275));
#2295=CARTESIAN_POINT('',(0.00532144984085566,-0.00278297850570868,0.0245));
#2296=CARTESIAN_POINT('',(0.00532144984085566,-0.00278297850570867,0.0195));
#2297=CARTESIAN_POINT('',(0.007,-0.00325,0.0165));
#2298=CARTESIAN_POINT('',(0.,0.007,0.0195));
#2299=CARTESIAN_POINT('',(0.,0.007,0.0075));
#2300=CARTESIAN_POINT('',(-0.00274370843932077,0.008742,0.0075));
#2301=CARTESIAN_POINT('',(0.00274370843932077,0.008742,0.0075));
#2302=CARTESIAN_POINT('',(0.00274370843932077,0.008742,0.0195));
#2303=CARTESIAN_POINT('',(0.00274370843932077,0.008742,0.004));
#2304=CARTESIAN_POINT('',(0.,0.007,0.004));
#2305=CARTESIAN_POINT('',(-0.00274370843932077,0.008742,0.004));
#2306=CARTESIAN_POINT('',(-0.00274370843932077,0.008742,0.0195));
#2307=CARTESIAN_POINT('',(0.,0.007,0.0165));
#2308=CARTESIAN_POINT('',(-0.00325,0.007,0.0165));
#2309=CARTESIAN_POINT('',(0.00325,0.007,0.0165));
#2310=CARTESIAN_POINT('',(-0.00325,0.007,0.0165));
#2311=CARTESIAN_POINT('',(-0.00309232921921325,0.006,0.0245));
#2312=CARTESIAN_POINT('',(-0.00309232921921325,0.006,0.0245));
#2313=CARTESIAN_POINT('',(0.,0.007,0.0272474774194547));
#2314=CARTESIAN_POINT('',(-0.00161584014417984,0.00418014882866898,0.0195));
#2315=CARTESIAN_POINT('',(0.,0.007,0.0195));
#2316=CARTESIAN_POINT('',(0.00161584014417984,0.00418014882866898,0.0195));
#2317=CARTESIAN_POINT('',(0.,0.007,0.0272474774194547));
#2318=CARTESIAN_POINT('',(0.00309232921921325,0.006,0.0245));
#2319=CARTESIAN_POINT('',(0.00309232921921325,0.006,0.0195));
#2320=CARTESIAN_POINT('',(0.00325,0.007,0.0165));
#2321=CARTESIAN_POINT('',(0.,6.15385016571545E-19,0.0075));
#2322=CARTESIAN_POINT('',(0.,6.15385016571545E-19,0.));
#2323=CARTESIAN_POINT('',(0.,-0.01005,0.));
#2324=CARTESIAN_POINT('',(0.,6.15385016571545E-19,0.004));
#2325=CARTESIAN_POINT('',(-0.00333156703364967,-0.0094817277486911,0.004));
#2326=CARTESIAN_POINT('',(0.00333156703364967,-0.0094817277486911,0.004));
#2327=CARTESIAN_POINT('',(-0.00333156703364967,-0.0094817277486911,0.0075));
#2328=CARTESIAN_POINT('',(-0.00333156703364967,-0.0094817277486911,0.0075));
#2329=CARTESIAN_POINT('',(0.,6.15385016571545E-19,0.0075));
#2330=CARTESIAN_POINT('',(-0.0094817277486911,-0.00333156703364967,0.0075));
#2331=CARTESIAN_POINT('',(-0.0094817277486911,-0.00333156703364967,0.0075));
#2332=CARTESIAN_POINT('',(-0.0094817277486911,-0.00333156703364967,0.004));
#2333=CARTESIAN_POINT('',(0.,6.15385016571545E-19,0.004));
#2334=CARTESIAN_POINT('',(-0.0094817277486911,0.00333156703364966,0.004));
#2335=CARTESIAN_POINT('',(-0.0094817277486911,0.00333156703364966,0.0075));
#2336=CARTESIAN_POINT('',(-0.0094817277486911,0.00333156703364966,0.0075));
#2337=CARTESIAN_POINT('',(0.,6.15385016571545E-19,0.0075));
#2338=CARTESIAN_POINT('',(-0.00333156703364966,0.0094817277486911,0.0075));
#2339=CARTESIAN_POINT('',(-0.00333156703364966,0.0094817277486911,0.0075));
#2340=CARTESIAN_POINT('',(-0.00333156703364966,0.0094817277486911,0.004));
#2341=CARTESIAN_POINT('',(0.,6.15385016571545E-19,0.004));
#2342=CARTESIAN_POINT('',(0.00333156703364966,0.0094817277486911,0.004));
#2343=CARTESIAN_POINT('',(0.00333156703364966,0.0094817277486911,0.0075));
#2344=CARTESIAN_POINT('',(0.00333156703364966,0.0094817277486911,0.0075));
#2345=CARTESIAN_POINT('',(0.,6.15385016571545E-19,0.0075));
#2346=CARTESIAN_POINT('',(0.0094817277486911,0.00333156703364967,0.0075));
#2347=CARTESIAN_POINT('',(0.0094817277486911,0.00333156703364967,0.0075));
#2348=CARTESIAN_POINT('',(0.0094817277486911,0.00333156703364967,0.004));
#2349=CARTESIAN_POINT('',(0.,6.15385016571545E-19,0.004));
#2350=CARTESIAN_POINT('',(0.0094817277486911,-0.00333156703364966,0.004));
#2351=CARTESIAN_POINT('',(0.0094817277486911,-0.00333156703364966,0.0075));
#2352=CARTESIAN_POINT('',(0.0094817277486911,-0.00333156703364966,0.0075));
#2353=CARTESIAN_POINT('',(0.,6.15385016571545E-19,0.0075));
#2354=CARTESIAN_POINT('',(0.00333156703364967,-0.0094817277486911,0.0075));
#2355=CARTESIAN_POINT('',(0.00333156703364967,-0.0094817277486911,0.0075));
#2356=CARTESIAN_POINT('',(0.,0.,0.));
#2357=CARTESIAN_POINT('',(0.00201783919081774,-0.001165,0.));
#2358=CARTESIAN_POINT('',(0.00134522612721183,-0.00233,0.));
#2359=CARTESIAN_POINT('',(0.00269045225442366,-2.16840434497101E-19,0.));
#2360=CARTESIAN_POINT('',(0.00201783919081774,0.001165,0.));
#2361=CARTESIAN_POINT('',(0.00134522612721183,0.00233,0.));
#2362=CARTESIAN_POINT('',(0.,0.00233,0.));
#2363=CARTESIAN_POINT('',(-0.00134522612721183,0.00233,0.));
#2364=CARTESIAN_POINT('',(-0.00201783919081774,0.001165,0.));
#2365=CARTESIAN_POINT('',(-0.00269045225442366,4.33680868994202E-19,0.));
#2366=CARTESIAN_POINT('',(-0.00201783919081774,-0.001165,0.));
#2367=CARTESIAN_POINT('',(-0.00134522612721183,-0.00233,0.));
#2368=CARTESIAN_POINT('',(0.,-0.00233,0.));
#2369=CARTESIAN_POINT('',(0.,0.007,0.));
#2370=CARTESIAN_POINT('',(0.,0.0053,0.));
#2371=CARTESIAN_POINT('',(0.007,8.67361737988404E-19,0.));
#2372=CARTESIAN_POINT('',(0.007,-0.0017,0.));
#2373=CARTESIAN_POINT('',(0.,-0.007,0.));
#2374=CARTESIAN_POINT('',(0.,-0.0087,0.));
#2375=CARTESIAN_POINT('',(-0.007,-8.67361737988404E-19,0.));
#2376=CARTESIAN_POINT('',(-0.007,-0.0017,0.));
#2377=CARTESIAN_POINT('',(0.,7.9602041944578E-19,0.0195));
#2378=CARTESIAN_POINT('',(-0.0039,0.0124012096184203,0.0195));
#2379=CARTESIAN_POINT('',(-0.0039,0.0124012096184203,0.0165));
#2380=CARTESIAN_POINT('',(0.,7.9602041944578E-19,0.0165));
#2381=CARTESIAN_POINT('',(0.0039,0.0124012096184203,0.0165));
#2382=CARTESIAN_POINT('',(0.0039,0.0124012096184203,0.0195));
#2383=CARTESIAN_POINT('',(0.0124012096184203,0.0039,0.0195));
#2384=CARTESIAN_POINT('',(0.0124012096184203,0.0039,0.0165));
#2385=CARTESIAN_POINT('',(0.,7.9602041944578E-19,0.0165));
#2386=CARTESIAN_POINT('',(0.0124012096184203,-0.0039,0.0165));
#2387=CARTESIAN_POINT('',(0.0124012096184203,-0.0039,0.0195));
#2388=CARTESIAN_POINT('',(0.0039,-0.0124012096184203,0.0195));
#2389=CARTESIAN_POINT('',(0.0039,-0.0124012096184203,0.0165));
#2390=CARTESIAN_POINT('',(0.,7.9602041944578E-19,0.0165));
#2391=CARTESIAN_POINT('',(-0.0039,-0.0124012096184203,0.0165));
#2392=CARTESIAN_POINT('',(-0.0039,-0.0124012096184203,0.0195));
#2393=CARTESIAN_POINT('',(-0.0124012096184203,-0.0039,0.0195));
#2394=CARTESIAN_POINT('',(-0.0124012096184203,-0.0039,0.0165));
#2395=CARTESIAN_POINT('',(0.,7.9602041944578E-19,0.0165));
#2396=CARTESIAN_POINT('',(-0.0124012096184203,0.0039,0.0165));
#2397=CARTESIAN_POINT('',(-0.0124012096184203,0.0039,0.0195));
#2398=CARTESIAN_POINT('',(0.,7.9602041944578E-19,0.0075));
#2399=CARTESIAN_POINT('',(0.,-0.013,0.0075));
#2400=CARTESIAN_POINT('',(0.,0.,0.0075));
#2401=CARTESIAN_POINT('',(-0.0031658174299855,0.00901,0.0075));
#2402=CARTESIAN_POINT('',(-0.00901,0.0031658174299855,0.0075));
#2403=CARTESIAN_POINT('',(-0.00901,-0.0031658174299855,0.0075));
#2404=CARTESIAN_POINT('',(-0.0031658174299855,-0.00901,0.0075));
#2405=CARTESIAN_POINT('',(0.0031658174299855,-0.00901,0.0075));
#2406=CARTESIAN_POINT('',(0.00901,-0.0031658174299855,0.0075));
#2407=CARTESIAN_POINT('',(0.00901,0.0031658174299855,0.0075));
#2408=CARTESIAN_POINT('',(0.0031658174299855,0.00901,0.0075));
#2409=CARTESIAN_POINT('',(-0.00375,-8.67361737988404E-19,0.004));
#2410=CARTESIAN_POINT('',(-0.007,-8.67361737988404E-19,0.004));
#2411=CARTESIAN_POINT('',(-0.007,0.0017,0.004));
#2412=CARTESIAN_POINT('',(-0.00901,-0.0031658174299855,0.004));
#2413=CARTESIAN_POINT('',(-0.00901,0.0031658174299855,0.004));
#2414=CARTESIAN_POINT('',(-0.007,-8.67361737988404E-19,0.0195));
#2415=CARTESIAN_POINT('',(0.00325,-0.007,0.004));
#2416=CARTESIAN_POINT('',(0.,-0.007,0.004));
#2417=CARTESIAN_POINT('',(0.,-0.0053,0.004));
#2418=CARTESIAN_POINT('',(0.0031658174299855,-0.00901,0.004));
#2419=CARTESIAN_POINT('',(-0.0031658174299855,-0.00901,0.004));
#2420=CARTESIAN_POINT('',(0.,-0.007,0.0195));
#2421=CARTESIAN_POINT('',(0.01025,8.67361737988404E-19,0.004));
#2422=CARTESIAN_POINT('',(0.007,8.67361737988404E-19,0.004));
#2423=CARTESIAN_POINT('',(0.007,0.0017,0.004));
#2424=CARTESIAN_POINT('',(0.00901,0.0031658174299855,0.004));
#2425=CARTESIAN_POINT('',(0.00901,-0.0031658174299855,0.004));
#2426=CARTESIAN_POINT('',(0.007,8.67361737988404E-19,0.0195));
#2427=CARTESIAN_POINT('',(0.00325,0.007,0.004));
#2428=CARTESIAN_POINT('',(0.,0.007,0.004));
#2429=CARTESIAN_POINT('',(0.,0.0087,0.004));
#2430=CARTESIAN_POINT('',(-0.0031658174299855,0.00901,0.004));
#2431=CARTESIAN_POINT('',(0.0031658174299855,0.00901,0.004));
#2432=CARTESIAN_POINT('',(0.,0.007,0.0195));
#2433=CARTESIAN_POINT('',(0.,0.,0.0195));
#2434=CARTESIAN_POINT('',(-1.04664976836724E-18,0.00418014882866898,0.0195));
#2435=CARTESIAN_POINT('',(0.,0.,0.0195));
#2436=CARTESIAN_POINT('',(0.00362011507722711,0.0020900744143345,0.0195));
#2437=CARTESIAN_POINT('',(0.00482682010296948,5.97140421640866E-19,0.0195));
#2438=CARTESIAN_POINT('',(0.00362011507722711,-0.0020900744143345,0.0195));
#2439=CARTESIAN_POINT('',(0.,0.,0.0195));
#2440=CARTESIAN_POINT('',(5.23324884183621E-19,-0.00418014882866898,0.0195));
#2441=CARTESIAN_POINT('',(0.,0.,0.0195));
#2442=CARTESIAN_POINT('',(-0.00362011507722711,-0.0020900744143345,0.0195));
#2443=CARTESIAN_POINT('',(-0.00482682010296947,-4.64932057175528E-19,0.0195));
#2444=CARTESIAN_POINT('',(-0.00362011507722711,0.00209007441433449,0.0195));
#2445=CARTESIAN_POINT('',(0.00519615242270663,0.003,0.0355));
#2446=CARTESIAN_POINT('',(0.00692820323027551,1.3010426069826E-18,0.0355));
#2447=CARTESIAN_POINT('',(0.00692820323027551,1.3010426069826E-18,0.03525));
#2448=CARTESIAN_POINT('',(0.00692820323027551,1.3010426069826E-18,0.0245));
#2449=CARTESIAN_POINT('',(0.00519615242270663,0.003,0.0245));
#2450=CARTESIAN_POINT('',(0.00346410161513775,0.006,0.0355));
#2451=CARTESIAN_POINT('',(0.00346410161513775,0.006,0.03525));
#2452=CARTESIAN_POINT('',(0.00692820323027551,1.29830444045224E-18,0.03525));
#2453=CARTESIAN_POINT('',(0.,0.006,0.0355));
#2454=CARTESIAN_POINT('',(0.,0.006,0.0245));
#2455=CARTESIAN_POINT('',(-0.00346410161513775,0.006,0.0355));
#2456=CARTESIAN_POINT('',(-0.00346410161513775,0.006,0.03525));
#2457=CARTESIAN_POINT('',(0.00346410161513775,0.006,0.03525));
#2458=CARTESIAN_POINT('',(-0.00519615242270663,0.003,0.0355));
#2459=CARTESIAN_POINT('',(-0.00519615242270663,0.003,0.0245));
#2460=CARTESIAN_POINT('',(-0.00692820323027551,3.46944695195361E-18,0.0245));
#2461=CARTESIAN_POINT('',(-0.00692820323027551,3.46944695195361E-18,0.0355));
#2462=CARTESIAN_POINT('',(-0.00692820323027551,3.46944695195361E-18,0.03525));
#2463=CARTESIAN_POINT('',(-0.00346410161513775,0.006,0.03525));
#2464=CARTESIAN_POINT('',(-0.00519615242270663,-0.003,0.0355));
#2465=CARTESIAN_POINT('',(-0.00519615242270663,-0.003,0.0245));
#2466=CARTESIAN_POINT('',(-0.00346410161513775,-0.006,0.0355));
#2467=CARTESIAN_POINT('',(-0.00346410161513775,-0.006,0.03525));
#2468=CARTESIAN_POINT('',(-0.00692820323027551,3.46944695195361E-18,0.03525));
#2469=CARTESIAN_POINT('',(-4.33680868994202E-19,-0.006,0.0355));
#2470=CARTESIAN_POINT('',(-4.33680868994202E-19,-0.006,0.0245));
#2471=CARTESIAN_POINT('',(0.00346410161513775,-0.006,0.0355));
#2472=CARTESIAN_POINT('',(0.00346410161513775,-0.006,0.03525));
#2473=CARTESIAN_POINT('',(-0.00346410161513775,-0.006,0.03525));
#2474=CARTESIAN_POINT('',(0.00519615242270663,-0.003,0.0355));
#2475=CARTESIAN_POINT('',(0.00519615242270663,-0.003,0.0245));
#2476=CARTESIAN_POINT('',(0.00346410161513775,-0.006,0.03525));
#2477=CARTESIAN_POINT('',(0.,0.,0.0355));
#2478=CARTESIAN_POINT('',(0.00201783919081774,0.001165,0.0355));
#2479=CARTESIAN_POINT('',(0.00269045225442366,0.,0.0355));
#2480=CARTESIAN_POINT('',(0.00134522612721183,0.00233,0.0355));
#2481=CARTESIAN_POINT('',(0.00201783919081774,-0.001165,0.0355));
#2482=CARTESIAN_POINT('',(0.00134522612721183,-0.00233,0.0355));
#2483=CARTESIAN_POINT('',(-2.16840434497101E-19,-0.00233,0.0355));
#2484=CARTESIAN_POINT('',(-0.00134522612721183,-0.00233,0.0355));
#2485=CARTESIAN_POINT('',(-0.00201783919081774,-0.001165,0.0355));
#2486=CARTESIAN_POINT('',(-0.00269045225442366,4.33680868994202E-19,0.0355));
#2487=CARTESIAN_POINT('',(-0.00201783919081774,0.001165,0.0355));
#2488=CARTESIAN_POINT('',(-0.00134522612721183,0.00233,0.0355));
#2489=CARTESIAN_POINT('',(0.,0.00233,0.0355));
#2490=CARTESIAN_POINT('',(0.0067116968793294,0.000125000000000001,0.0355));
#2491=CARTESIAN_POINT('',(0.00331976404784035,-0.00575,0.0355));
#2492=CARTESIAN_POINT('',(0.0066395280956807,2.62423907835633E-18,0.0355));
#2493=CARTESIAN_POINT('',(0.00324759526419164,0.005875,0.0355));
#2494=CARTESIAN_POINT('',(0.00331976404784035,0.00575,0.0355));
#2495=CARTESIAN_POINT('',(-0.00346410161513775,0.00575,0.0355));
#2496=CARTESIAN_POINT('',(-0.00331976404784035,0.00575,0.0355));
#2497=CARTESIAN_POINT('',(-0.0067116968793294,-0.000125,0.0355));
#2498=CARTESIAN_POINT('',(-0.00663952809568069,-2.80772222601329E-18,0.0355));
#2499=CARTESIAN_POINT('',(-0.00324759526419164,-0.005875,0.0355));
#2500=CARTESIAN_POINT('',(-0.00331976404784035,-0.00575,0.0355));
#2501=CARTESIAN_POINT('',(0.00346410161513775,-0.00575,0.0355));
#2502=CARTESIAN_POINT('',(-0.00325,0.00979359793758705,0.0165));
#2503=CARTESIAN_POINT('',(-0.00325,0.00979359793758705,0.0165));
#2504=CARTESIAN_POINT('',(-0.00325,0.0119242400177118,0.0165));
#2505=CARTESIAN_POINT('',(-0.00325,0.0119242400177118,0.0195));
#2506=CARTESIAN_POINT('',(0.00325,0.00979359793758705,0.0165));
#2507=CARTESIAN_POINT('',(0.00325,0.0119242400177118,0.0165));
#2508=CARTESIAN_POINT('',(0.00325,0.0119242400177118,0.0165));
#2509=CARTESIAN_POINT('',(0.00325,0.00979359793758705,0.0165));
#2510=CARTESIAN_POINT('',(0.,0.,0.0165));
#2511=CARTESIAN_POINT('',(0.00375,0.0119242400177118,0.0165));
#2512=CARTESIAN_POINT('',(-0.00375,0.0119242400177118,0.0165));
#2513=CARTESIAN_POINT('',(0.00979359793758705,0.00325,0.0165));
#2514=CARTESIAN_POINT('',(0.00979359793758705,0.00325,0.0165));
#2515=CARTESIAN_POINT('',(0.0119242400177118,0.00325,0.0165));
#2516=CARTESIAN_POINT('',(0.0119242400177118,0.00325,0.0195));
#2517=CARTESIAN_POINT('',(0.00979359793758705,-0.00325,0.0165));
#2518=CARTESIAN_POINT('',(0.0119242400177118,-0.00325,0.0165));
#2519=CARTESIAN_POINT('',(0.0119242400177118,-0.00325,0.0165));
#2520=CARTESIAN_POINT('',(0.00979359793758705,-0.00325,0.0165));
#2521=CARTESIAN_POINT('',(0.,0.,0.0165));
#2522=CARTESIAN_POINT('',(0.0119242400177118,-0.00375,0.0165));
#2523=CARTESIAN_POINT('',(0.0119242400177118,0.00375,0.0165));
#2524=CARTESIAN_POINT('',(0.00325,-0.00979359793758705,0.0165));
#2525=CARTESIAN_POINT('',(0.00325,-0.00979359793758705,0.0165));
#2526=CARTESIAN_POINT('',(0.00325,-0.0119242400177118,0.0165));
#2527=CARTESIAN_POINT('',(0.00325,-0.0119242400177118,0.0195));
#2528=CARTESIAN_POINT('',(-0.00325,-0.00979359793758705,0.0165));
#2529=CARTESIAN_POINT('',(-0.00325,-0.0119242400177118,0.0165));
#2530=CARTESIAN_POINT('',(-0.00325,-0.0119242400177118,0.0165));
#2531=CARTESIAN_POINT('',(-0.00325,-0.00979359793758705,0.0165));
#2532=CARTESIAN_POINT('',(0.,0.,0.0165));
#2533=CARTESIAN_POINT('',(-0.00375,-0.0119242400177118,0.0165));
#2534=CARTESIAN_POINT('',(0.00375,-0.0119242400177118,0.0165));
#2535=CARTESIAN_POINT('',(-0.00979359793758705,-0.00325,0.0165));
#2536=CARTESIAN_POINT('',(-0.00979359793758705,-0.00325,0.0165));
#2537=CARTESIAN_POINT('',(-0.0119242400177118,-0.00325,0.0165));
#2538=CARTESIAN_POINT('',(-0.0119242400177118,-0.00325,0.0195));
#2539=CARTESIAN_POINT('',(-0.00979359793758705,0.00325,0.0165));
#2540=CARTESIAN_POINT('',(-0.0119242400177118,0.00325,0.0165));
#2541=CARTESIAN_POINT('',(-0.0119242400177118,0.00325,0.0165));
#2542=CARTESIAN_POINT('',(-0.00979359793758705,0.00325,0.0165));
#2543=CARTESIAN_POINT('',(0.,0.,0.0165));
#2544=CARTESIAN_POINT('',(-0.0119242400177118,0.00375,0.0165));
#2545=CARTESIAN_POINT('',(-0.0119242400177118,-0.00375,0.0165));
#2546=CARTESIAN_POINT('',(-0.00497964607176052,-0.002875,0.0355));
#2547=CARTESIAN_POINT('',(-0.00569102408201203,-6.07153216591882E-18,0.0363214285714286));
#2548=CARTESIAN_POINT('',(-0.00284551204100601,-0.00492857142857142,0.0363214285714286));
#2549=CARTESIAN_POINT('',(7.19859078561555E-19,-0.00575,0.0355));
#2550=CARTESIAN_POINT('',(0.00284551204100601,-0.00492857142857143,0.0363214285714286));
#2551=CARTESIAN_POINT('',(-0.00497964607176052,0.002875,0.0355));
#2552=CARTESIAN_POINT('',(-0.00284551204100602,0.00492857142857143,0.0363214285714286));
#2553=CARTESIAN_POINT('',(0.00497964607176052,-0.002875,0.0355));
#2554=CARTESIAN_POINT('',(0.00569102408201203,6.07153216591882E-18,0.0363214285714286));
#2555=CARTESIAN_POINT('',(-1.43971815712311E-18,0.00575,0.0355));
#2556=CARTESIAN_POINT('',(0.00284551204100602,0.00492857142857143,0.0363214285714286));
#2557=CARTESIAN_POINT('',(0.00497964607176052,0.002875,0.0355));
#2558=CARTESIAN_POINT('',(-0.00375,0.0119242400177118,0.0195));
#2559=CARTESIAN_POINT('',(0.00375,0.0119242400177118,0.0195));
#2560=CARTESIAN_POINT('',(0.0119242400177118,0.00375,0.0195));
#2561=CARTESIAN_POINT('',(0.0119242400177118,-0.00375,0.0195));
#2562=CARTESIAN_POINT('',(0.00375,-0.0119242400177118,0.0195));
#2563=CARTESIAN_POINT('',(-0.00375,-0.0119242400177118,0.0195));
#2564=CARTESIAN_POINT('',(-0.0119242400177118,-0.00375,0.0195));
#2565=CARTESIAN_POINT('',(-0.0119242400177118,0.00375,0.0195));
#2566=CARTESIAN_POINT('',(-0.0031658174299855,-0.00901,0.0075));
#2567=CARTESIAN_POINT('',(0.0031658174299855,-0.00901,0.0075));
#2568=CARTESIAN_POINT('',(0.00901,-0.0031658174299855,0.0075));
#2569=CARTESIAN_POINT('',(0.00901,0.0031658174299855,0.0075));
#2570=CARTESIAN_POINT('',(0.0031658174299855,0.00901,0.0075));
#2571=CARTESIAN_POINT('',(-0.0031658174299855,0.00901,0.0075));
#2572=CARTESIAN_POINT('',(-0.00901,0.0031658174299855,0.0075));
#2573=CARTESIAN_POINT('',(-0.00901,-0.0031658174299855,0.0075));
#2574=CARTESIAN_POINT('',(0.00519615242270663,-0.003,0.0245));
#2575=CARTESIAN_POINT('',(0.00666819309222843,1.7347234759768E-18,0.0238813357148717));
#2576=CARTESIAN_POINT('',(0.00519615242270663,0.003,0.0245));
#2577=CARTESIAN_POINT('',(-4.33680868994202E-19,-0.006,0.0245));
#2578=CARTESIAN_POINT('',(-0.00519615242270663,0.003,0.0245));
#2579=CARTESIAN_POINT('',(-0.00666819309222842,-2.16840434497101E-18,0.0238813357148717));
#2580=CARTESIAN_POINT('',(-0.00519615242270663,-0.003,0.0245));
#2581=CARTESIAN_POINT('',(0.,0.006,0.0245));
#2582=CARTESIAN_POINT('',(0.00201783919081774,0.001165,-0.0156201751122025));
#2583=CARTESIAN_POINT('',(0.00269045225442366,0.,-0.0156201751122025));
#2584=CARTESIAN_POINT('',(0.00134522612721183,0.00233,-0.0156201751122025));
#2585=CARTESIAN_POINT('',(0.,0.00233,-0.0156201751122025));
#2586=CARTESIAN_POINT('',(-0.00134522612721183,0.00233,-0.0156201751122025));
#2587=CARTESIAN_POINT('',(-0.00201783919081774,0.001165,-0.0156201751122025));
#2588=CARTESIAN_POINT('',(-0.00269045225442366,4.33680868994202E-19,-0.0156201751122025));
#2589=CARTESIAN_POINT('',(-0.00201783919081774,-0.001165,-0.0156201751122025));
#2590=CARTESIAN_POINT('',(-0.00134522612721183,-0.00233,-0.0156201751122025));
#2591=CARTESIAN_POINT('',(-2.16840434497101E-19,-0.00233,-0.0156201751122025));
#2592=CARTESIAN_POINT('',(0.00134522612721183,-0.00233,-0.0156201751122025));
#2593=CARTESIAN_POINT('',(0.00201783919081774,-0.001165,-0.0156201751122025));
#2594=MECHANICAL_DESIGN_GEOMETRIC_PRESENTATION_REPRESENTATION('',(#1509),
#2595);
#2595=(
GEOMETRIC_REPRESENTATION_CONTEXT(3)
GLOBAL_UNCERTAINTY_ASSIGNED_CONTEXT((#2596))
GLOBAL_UNIT_ASSIGNED_CONTEXT((#2599,#2598,#2597))
REPRESENTATION_CONTEXT('ARCADP002','TOP_LEVEL_ASSEMBLY_PART')
);
#2596=UNCERTAINTY_MEASURE_WITH_UNIT(LENGTH_MEASURE(1.E-8),#2599,
'DISTANCE_ACCURACY_VALUE','Maximum Tolerance applied to model');
#2597=(
NAMED_UNIT(*)
SI_UNIT($,.STERADIAN.)
SOLID_ANGLE_UNIT()
);
#2598=(
NAMED_UNIT(*)
PLANE_ANGLE_UNIT()
SI_UNIT($,.RADIAN.)
);
#2599=(
LENGTH_UNIT()
NAMED_UNIT(*)
SI_UNIT($,.METRE.)
);
#2600=PRODUCT_DEFINITION_SHAPE('','',#2601);
#2601=PRODUCT_DEFINITION('','',#2603,#2602);
#2602=PRODUCT_DEFINITION_CONTEXT('',#2609,'design');
#2603=PRODUCT_DEFINITION_FORMATION_WITH_SPECIFIED_SOURCE('','',#2605,
 .NOT_KNOWN.);
#2604=PRODUCT_RELATED_PRODUCT_CATEGORY('','',(#2605));
#2605=PRODUCT('ARCADP002','ARCADP002','ARCADP002',(#2607));
#2606=PRODUCT_CATEGORY('','');
#2607=PRODUCT_CONTEXT('',#2609,'mechanical');
#2608=APPLICATION_PROTOCOL_DEFINITION('international standard',
'ap242_managed_model_based_3d_engineering',2020,#2609);
#2609=APPLICATION_CONTEXT('managed model based 3d engineering');
ENDSEC;
END-ISO-10303-21;
