ISO-10303-21;
HEADER;
/* Generated by software containing ST-Developer
 * from STEP Tools, Inc. (www.steptools.com) 
 */
/* OPTION: using custom renumber hook */

FILE_DESCRIPTION(
/* description */ ('STEP AP242 Edition 2',
'CAx-IF Rec.Pracs.---Representation and Presentation of Product Manufa
cturing Information (PMI)---4.0---2014-10-13',
'CAx-IF Rec.Pracs.---3D Tessellated Geometry---0.4---2014-09-14','2;1',
'CAx-IF Rec.Pracs.---User Defined Attributes---1.5---2016-08-15'),
/* implementation_level */ '2;1');

FILE_NAME(
/* name */ 'ARCADA001 - Part 1 (15)',
/* time_stamp */ '2026-07-17T02:50:55Z',
/* author */ (''),
/* organization */ (''),
/* preprocessor_version */ 'ST-DEVELOPER v20',
/* originating_system */ 'ONSHAPE BY PTC INC, 1.217',
/* authorisation */ '  ');

FILE_SCHEMA (('AP242_MANAGED_MODEL_BASED_3D_ENGINEERING_MIM_LF { 1 0 10303 442 3 1 4 }'));
ENDSEC;

DATA;
#10=SHAPE_REPRESENTATION_RELATIONSHIP('','',#2787,#11);
#11=ADVANCED_BREP_SHAPE_REPRESENTATION('',(#2785),#4940);
#12=B_SPLINE_SURFACE_WITH_KNOTS('',3,1,((#3979,#3980),(#3981,#3982),(#3983,
#3984),(#3985,#3986),(#3987,#3988),(#3989,#3990),(#3991,#3992),(#3993,#3994),
(#3995,#3996),(#3997,#3998),(#3999,#4000),(#4001,#4002),(#4003,#4004),(#4005,
#4006),(#4007,#4008),(#4009,#4010),(#4011,#4012),(#4013,#4014),(#4015,#4016),
(#4017,#4018),(#4019,#4020),(#4021,#4022),(#4023,#4024),(#4025,#4026),(#4027,
#4028),(#4029,#4030),(#4031,#4032)),.SURF_OF_LINEAR_EXTRUSION.,.F.,.F.,
 .F.,(4,1,1,1,1,1,1,1,1,1,1,1,1,1,1,1,1,1,1,1,1,1,1,1,4),(2,2),(0.,0.0337871463469911,
0.0666216577242939,0.0992848780959723,0.131361165042651,0.163585187595343,
0.196103926987068,0.228902254323817,0.262158055905007,0.295991222258316,
0.3302178457248,0.365059825891954,0.400950737340108,0.437620382076738,0.475707529437092,
0.515380691625048,0.556413541493164,0.599764829872731,0.646424155584087,
0.696431444517567,0.749781517801557,0.806573306975532,0.867435531565399,
0.931886753250874,1.),(0.,1.),.UNSPECIFIED.);
#13=B_SPLINE_SURFACE_WITH_KNOTS('',3,1,((#4064,#4065),(#4066,#4067),(#4068,
#4069),(#4070,#4071),(#4072,#4073),(#4074,#4075),(#4076,#4077),(#4078,#4079),
(#4080,#4081),(#4082,#4083),(#4084,#4085),(#4086,#4087),(#4088,#4089),(#4090,
#4091),(#4092,#4093),(#4094,#4095),(#4096,#4097),(#4098,#4099),(#4100,#4101),
(#4102,#4103),(#4104,#4105),(#4106,#4107),(#4108,#4109),(#4110,#4111),(#4112,
#4113),(#4114,#4115),(#4116,#4117)),.SURF_OF_LINEAR_EXTRUSION.,.F.,.F.,
 .F.,(4,1,1,1,1,1,1,1,1,1,1,1,1,1,1,1,1,1,1,1,1,1,1,1,4),(2,2),(0.,0.0685946222587424,
0.133246042443301,0.194312586468256,0.251279223116966,0.304513439256347,
0.354234906653325,0.400480588773989,0.443410754938492,0.484014868616345,
0.523252300773203,0.56104237272836,0.5979002393644,0.633518488856196,0.668314351169652,
0.702495671286382,0.736685353513458,0.770293169360789,0.803437255019249,
0.835912951666029,0.868460245789291,0.900846538243183,0.933466524630708,
0.966257575298123,1.),(0.,1.),.UNSPECIFIED.);
#14=B_SPLINE_SURFACE_WITH_KNOTS('',3,1,((#4147,#4148),(#4149,#4150),(#4151,
#4152),(#4153,#4154),(#4155,#4156),(#4157,#4158),(#4159,#4160),(#4161,#4162),
(#4163,#4164),(#4165,#4166),(#4167,#4168),(#4169,#4170),(#4171,#4172),(#4173,
#4174),(#4175,#4176),(#4177,#4178),(#4179,#4180),(#4181,#4182),(#4183,#4184),
(#4185,#4186),(#4187,#4188),(#4189,#4190),(#4191,#4192),(#4193,#4194),(#4195,
#4196),(#4197,#4198),(#4199,#4200)),.SURF_OF_LINEAR_EXTRUSION.,.F.,.F.,
 .F.,(4,1,1,1,1,1,1,1,1,1,1,1,1,1,1,1,1,1,1,1,1,1,1,1,4),(2,2),(0.,0.0337881161627104,
0.06719393237388,0.0998624108568252,0.132566612126258,0.165151173254786,
0.197913187355792,0.231319003566962,0.265083278267373,0.299255308758115,
0.334398566504979,0.369942823509308,0.406283560700061,0.444063819698508,
0.482997706872775,0.523354446613304,0.565536589604149,0.60961292406582,
0.656390811376417,0.705885494936457,0.758324500261731,0.81383178294115,
0.87279455903939,0.934722229540074,1.),(0.,1.),.UNSPECIFIED.);
#15=B_SPLINE_SURFACE_WITH_KNOTS('',3,1,((#4230,#4231),(#4232,#4233),(#4234,
#4235),(#4236,#4237),(#4238,#4239),(#4240,#4241),(#4242,#4243),(#4244,#4245),
(#4246,#4247),(#4248,#4249),(#4250,#4251),(#4252,#4253),(#4254,#4255),(#4256,
#4257),(#4258,#4259),(#4260,#4261),(#4262,#4263),(#4264,#4265),(#4266,#4267),
(#4268,#4269),(#4270,#4271),(#4272,#4273),(#4274,#4275),(#4276,#4277),(#4278,
#4279),(#4280,#4281),(#4282,#4283)),.SURF_OF_LINEAR_EXTRUSION.,.F.,.F.,
 .F.,(4,1,1,1,1,1,1,1,1,1,1,1,1,1,1,1,1,1,1,1,1,1,1,1,4),(2,2),(0.,0.0650632896172791,
0.126773166466523,0.185515763226079,0.240764679167715,0.292979796023598,
0.342250372779767,0.38891928618566,0.43277566405831,0.474628432631118,0.514774690637953,
0.553605893498442,0.591426406431173,0.628028119946067,0.66380363411032,
0.698984336131664,0.733591489306705,0.76762846915114,0.801208347786592,
0.834263839726623,0.866980694728776,0.899719741518161,0.932701912498538,
0.96617588343275,1.),(0.,1.),.UNSPECIFIED.);
#16=B_SPLINE_SURFACE_WITH_KNOTS('',3,1,((#4311,#4312),(#4313,#4314),(#4315,
#4316),(#4317,#4318),(#4319,#4320),(#4321,#4322),(#4323,#4324),(#4325,#4326),
(#4327,#4328),(#4329,#4330),(#4331,#4332),(#4333,#4334),(#4335,#4336),(#4337,
#4338),(#4339,#4340),(#4341,#4342),(#4343,#4344),(#4345,#4346),(#4347,#4348),
(#4349,#4350),(#4351,#4352),(#4353,#4354),(#4355,#4356)),
 .SURF_OF_LINEAR_EXTRUSION.,.F.,.F.,.F.,(4,1,1,1,1,1,1,1,1,1,1,1,1,1,1,
1,1,1,1,1,4),(2,2),(0.,0.0603866193110622,0.120883248585996,0.18275461862514,
0.247811029758351,0.281299100043249,0.315087624150657,0.349702395550275,
0.384856581118556,0.420966197226102,0.458511188261139,0.497174722127312,
0.537602047866269,0.580503018420012,0.627467540026705,0.678388209559243,
0.733983220592561,0.793746704550835,0.857713672160732,0.926697864361386,
1.),(0.,1.),.UNSPECIFIED.);
#17=B_SPLINE_SURFACE_WITH_KNOTS('',3,1,((#4393,#4394),(#4395,#4396),(#4397,
#4398),(#4399,#4400),(#4401,#4402),(#4403,#4404),(#4405,#4406),(#4407,#4408),
(#4409,#4410),(#4411,#4412),(#4413,#4414),(#4415,#4416),(#4417,#4418),(#4419,
#4420),(#4421,#4422),(#4423,#4424),(#4425,#4426),(#4427,#4428),(#4429,#4430),
(#4431,#4432),(#4433,#4434),(#4435,#4436),(#4437,#4438)),
 .SURF_OF_LINEAR_EXTRUSION.,.F.,.F.,.F.,(4,1,1,1,1,1,1,1,1,1,1,1,1,1,1,
1,1,1,1,1,4),(2,2),(0.,0.065681197990639,0.128486464174065,0.188175130328008,
0.245106130669987,0.299448424529475,0.350822936009382,0.399941680533778,
0.446671743632372,0.491254533373498,0.533376344270437,0.573852754968224,
0.612526311719453,0.649597136445329,0.68553204155385,0.720105786068201,
0.75383766297365,0.818925416046714,0.880493461650164,0.940311333846057,
1.),(0.,1.),.UNSPECIFIED.);
#18=B_SPLINE_SURFACE_WITH_KNOTS('',3,1,((#4471,#4472),(#4473,#4474),(#4475,
#4476),(#4477,#4478),(#4479,#4480),(#4481,#4482),(#4483,#4484),(#4485,#4486),
(#4487,#4488),(#4489,#4490),(#4491,#4492)),.SURF_OF_LINEAR_EXTRUSION.,.F.,
 .F.,.F.,(4,1,1,1,1,1,1,1,4),(2,2),(0.,0.110588338595336,0.224541754053596,
0.342503494050104,0.464324098417358,0.590756032701767,0.722227475355515,
0.858842836208724,1.),(0.,1.),.UNSPECIFIED.);
#19=B_SPLINE_SURFACE_WITH_KNOTS('',3,1,((#4511,#4512),(#4513,#4514),(#4515,
#4516),(#4517,#4518),(#4519,#4520),(#4521,#4522),(#4523,#4524),(#4525,#4526),
(#4527,#4528),(#4529,#4530),(#4531,#4532),(#4533,#4534),(#4535,#4536),(#4537,
#4538),(#4539,#4540)),.SURF_OF_LINEAR_EXTRUSION.,.F.,.F.,.F.,(4,1,1,1,1,
1,1,1,1,1,1,1,4),(2,2),(0.,0.112813400744458,0.225393883920729,0.339594814562701,
0.459675410224864,0.521735190087933,0.583925838738916,0.648174144765369,
0.713881038113067,0.78100445490739,0.851450927556555,0.924050692664178,
1.),(0.,1.),.UNSPECIFIED.);
#20=B_SPLINE_SURFACE_WITH_KNOTS('',3,1,((#4564,#4565),(#4566,#4567),(#4568,
#4569),(#4570,#4571),(#4572,#4573),(#4574,#4575),(#4576,#4577),(#4578,#4579),
(#4580,#4581),(#4582,#4583),(#4584,#4585),(#4586,#4587),(#4588,#4589),(#4590,
#4591),(#4592,#4593),(#4594,#4595),(#4596,#4597),(#4598,#4599),(#4600,#4601),
(#4602,#4603),(#4604,#4605),(#4606,#4607),(#4608,#4609)),
 .SURF_OF_LINEAR_EXTRUSION.,.F.,.F.,.F.,(4,1,1,1,1,1,1,1,1,1,1,1,1,1,1,
1,1,1,1,1,4),(2,2),(0.,0.0729510658758663,0.141583694186545,0.205926460170867,
0.265301357184605,0.320597232713928,0.37181650309881,0.418789769709452,
0.461698728615764,0.502133582103566,0.540804315292648,0.578180525327966,
0.614296865207515,0.649678243264788,0.684299460089638,0.718358952772361,
0.752080864647597,0.817652438602385,0.879722076405437,0.939965559730987,
1.),(0.,1.),.UNSPECIFIED.);
#21=(
BOUNDED_SURFACE()
B_SPLINE_SURFACE(3,2,((#3903,#3904,#3905),(#3906,#3907,#3908),(#3909,#3910,
#3911),(#3912,#3913,#3914),(#3915,#3916,#3917)),.UNSPECIFIED.,.F.,.F.,.F.)
B_SPLINE_SURFACE_WITH_KNOTS((4,1,4),(3,3),(0.00356922816179924,0.007966709078409,
0.0123641899950188),(0.,1.),.UNSPECIFIED.)
GEOMETRIC_REPRESENTATION_ITEM()
RATIONAL_B_SPLINE_SURFACE(((1.,0.832565918557021,1.),(1.,0.946304543286297,
1.),(1.,1.00559391885098,1.),(1.,0.999999997969825,1.),(1.,1.,1.)))
REPRESENTATION_ITEM('')
SURFACE()
);
#22=(
BOUNDED_SURFACE()
B_SPLINE_SURFACE(3,2,((#3919,#3920,#3921),(#3922,#3923,#3924),(#3925,#3926,
#3927),(#3928,#3929,#3930),(#3931,#3932,#3933),(#3934,#3935,#3936),(#3937,
#3938,#3939),(#3940,#3941,#3942),(#3943,#3944,#3945),(#3946,#3947,#3948),
(#3949,#3950,#3951)),.UNSPECIFIED.,.F.,.F.,.F.)
B_SPLINE_SURFACE_WITH_KNOTS((4,1,1,1,1,1,1,1,4),(3,3),(3.90312782094782E-18,
0.00423980709530518,0.00847961419061037,0.0127194212859155,0.0169592283812207,
0.0211990354765259,0.0254388425718311,0.0296786496671363,0.0339184567624414),
(0.,1.),.UNSPECIFIED.)
GEOMETRIC_REPRESENTATION_ITEM()
RATIONAL_B_SPLINE_SURFACE(((1.,0.832565918557213,1.),(1.,0.832535446532356,
1.),(1.,0.825219496881063,1.),(1.,0.782826730286633,1.),(1.,0.724889374012636,
1.),(1.,0.693908510301226,1.),(1.,0.724726691371734,1.),(1.,0.782906138804092,
1.),(1.,0.825075709415557,1.),(1.,0.832535439872034,1.),(1.,0.832565918557214,
1.)))
REPRESENTATION_ITEM('')
SURFACE()
);
#23=(
BOUNDED_SURFACE()
B_SPLINE_SURFACE(3,2,((#3953,#3954,#3955),(#3956,#3957,#3958),(#3959,#3960,
#3961),(#3962,#3963,#3964),(#3965,#3966,#3967)),.UNSPECIFIED.,.F.,.F.,.F.)
B_SPLINE_SURFACE_WITH_KNOTS((4,1,4),(3,3),(0.00356922816179917,0.00796670907840875,
0.0123641899950183),(0.,1.),.UNSPECIFIED.)
GEOMETRIC_REPRESENTATION_ITEM()
RATIONAL_B_SPLINE_SURFACE(((1.,0.832565918557022,1.),(1.,0.94630454328573,
1.),(1.,1.00559391885126,1.),(1.,0.999999997969825,1.),(1.,1.,1.)))
REPRESENTATION_ITEM('')
SURFACE()
);
#24=CONICAL_SURFACE('',#2838,0.0105,0.785398163397446);
#25=CONICAL_SURFACE('',#2839,0.0087,0.349065850398866);
#26=B_SPLINE_CURVE_WITH_KNOTS('',3,(#3825,#3826,#3827,#3828,#3829),
 .UNSPECIFIED.,.F.,.F.,(4,1,4),(0.,0.00435827628914407,0.00871655257828813),
 .UNSPECIFIED.);
#27=B_SPLINE_CURVE_WITH_KNOTS('',3,(#3832,#3833,#3834,#3835,#3836),
 .UNSPECIFIED.,.F.,.F.,(4,1,4),(0.,0.004358276289144,0.008716552578288),
 .UNSPECIFIED.);
#28=B_SPLINE_CURVE_WITH_KNOTS('',3,(#3838,#3839,#3840,#3841,#3842,#3843,
#3844,#3845,#3846,#3847,#3848),.UNSPECIFIED.,.F.,.F.,(4,1,1,1,1,1,1,1,4),
(0.,0.00426936116196988,0.00853872232393976,0.0128080834859096,0.0170774446478795,
0.0213468058098494,0.0256161669718193,0.0298855281337892,0.034154889295759),
 .UNSPECIFIED.);
#29=B_SPLINE_CURVE_WITH_KNOTS('',3,(#3849,#3850,#3851,#3852,#3853,#3854),
 .UNSPECIFIED.,.F.,.F.,(4,1,1,4),(0.,0.00139964092750998,0.00209946139126498,
0.00279928185501997),.UNSPECIFIED.);
#30=B_SPLINE_CURVE_WITH_KNOTS('',3,(#3857,#3858,#3859,#3860,#3861,#3862,
#3863),.UNSPECIFIED.,.F.,.F.,(4,1,1,1,4),(0.,0.000701988189390595,0.00140397637878119,
0.00210596456817178,0.00280795275756238),.UNSPECIFIED.);
#31=B_SPLINE_CURVE_WITH_KNOTS('',3,(#3865,#3866,#3867,#3868,#3869,#3870,
#3871),.UNSPECIFIED.,.F.,.F.,(4,1,1,1,4),(0.,0.000703212623499639,0.00140642524699928,
0.00210963787049892,0.00281285049399856),.UNSPECIFIED.);
#32=B_SPLINE_CURVE_WITH_KNOTS('',3,(#3873,#3874,#3875,#3876,#3877,#3878),
 .UNSPECIFIED.,.F.,.F.,(4,1,1,4),(0.,0.000702321804238777,0.00140464360847755,
0.00280928721695511),.UNSPECIFIED.);
#33=B_SPLINE_CURVE_WITH_KNOTS('',3,(#3892,#3893,#3894,#3895,#3896,#3897,
#3898,#3899,#3900,#3901,#3902),.UNSPECIFIED.,.F.,.F.,(4,1,1,1,1,1,1,1,4),
(0.,0.00438689225882159,0.00877378451764319,0.0131606767764648,0.0175475690352864,
0.021934461294108,0.0263213535529296,0.0307082458117512,0.0350951380705727),
 .UNSPECIFIED.);
#34=B_SPLINE_CURVE_WITH_KNOTS('',3,(#4035,#4036,#4037,#4038,#4039,#4040,
#4041,#4042,#4043,#4044,#4045,#4046,#4047,#4048,#4049,#4050,#4051,#4052,
#4053,#4054,#4055,#4056,#4057,#4058,#4059,#4060,#4061),.UNSPECIFIED.,.F.,
 .F.,(4,1,1,1,1,1,1,1,1,1,1,1,1,1,1,1,1,1,1,1,1,1,1,1,4),(0.,0.0337871463469911,
0.0666216577242939,0.0992848780959723,0.131361165042651,0.163585187595343,
0.196103926987068,0.228902254323817,0.262158055905007,0.295991222258316,
0.3302178457248,0.365059825891954,0.400950737340108,0.437620382076738,0.475707529437092,
0.515380691625048,0.556413541493164,0.599764829872731,0.646424155584087,
0.696431444517567,0.749781517801557,0.806573306975532,0.867435531565399,
0.931886753250874,1.),.UNSPECIFIED.);
#35=B_SPLINE_CURVE_WITH_KNOTS('',3,(#4118,#4119,#4120,#4121,#4122,#4123,
#4124,#4125,#4126,#4127,#4128,#4129,#4130,#4131,#4132,#4133,#4134,#4135,
#4136,#4137,#4138,#4139,#4140,#4141,#4142,#4143,#4144),.UNSPECIFIED.,.F.,
 .F.,(4,1,1,1,1,1,1,1,1,1,1,1,1,1,1,1,1,1,1,1,1,1,1,1,4),(0.,0.0685946222587424,
0.133246042443301,0.194312586468256,0.251279223116966,0.304513439256347,
0.354234906653325,0.400480588773989,0.443410754938492,0.484014868616345,
0.523252300773203,0.56104237272836,0.5979002393644,0.633518488856196,0.668314351169652,
0.702495671286382,0.736685353513458,0.770293169360789,0.803437255019249,
0.835912951666029,0.868460245789291,0.900846538243183,0.933466524630708,
0.966257575298123,1.),.UNSPECIFIED.);
#36=B_SPLINE_CURVE_WITH_KNOTS('',3,(#4201,#4202,#4203,#4204,#4205,#4206,
#4207,#4208,#4209,#4210,#4211,#4212,#4213,#4214,#4215,#4216,#4217,#4218,
#4219,#4220,#4221,#4222,#4223,#4224,#4225,#4226,#4227),.UNSPECIFIED.,.F.,
 .F.,(4,1,1,1,1,1,1,1,1,1,1,1,1,1,1,1,1,1,1,1,1,1,1,1,4),(0.,0.0337881161627104,
0.06719393237388,0.0998624108568252,0.132566612126258,0.165151173254786,
0.197913187355792,0.231319003566962,0.265083278267373,0.299255308758115,
0.334398566504979,0.369942823509308,0.406283560700061,0.444063819698508,
0.482997706872775,0.523354446613304,0.565536589604149,0.60961292406582,
0.656390811376417,0.705885494936457,0.758324500261731,0.81383178294115,
0.87279455903939,0.934722229540074,1.),.UNSPECIFIED.);
#37=B_SPLINE_CURVE_WITH_KNOTS('',3,(#4284,#4285,#4286,#4287,#4288,#4289,
#4290,#4291,#4292,#4293,#4294,#4295,#4296,#4297,#4298,#4299,#4300,#4301,
#4302,#4303,#4304,#4305,#4306,#4307,#4308,#4309,#4310),.UNSPECIFIED.,.F.,
 .F.,(4,1,1,1,1,1,1,1,1,1,1,1,1,1,1,1,1,1,1,1,1,1,1,1,4),(0.,0.0650632896172791,
0.126773166466523,0.185515763226079,0.240764679167715,0.292979796023598,
0.342250372779767,0.38891928618566,0.43277566405831,0.474628432631118,0.514774690637953,
0.553605893498442,0.591426406431173,0.628028119946067,0.66380363411032,
0.698984336131664,0.733591489306705,0.76762846915114,0.801208347786592,
0.834263839726623,0.866980694728776,0.899719741518161,0.932701912498538,
0.96617588343275,1.),.UNSPECIFIED.);
#38=B_SPLINE_CURVE_WITH_KNOTS('',3,(#4357,#4358,#4359,#4360,#4361,#4362,
#4363),.UNSPECIFIED.,.F.,.F.,(4,1,1,1,4),(0.,0.000552256953662363,0.00110451390732473,
0.00165677086098709,0.00220902781464945),.UNSPECIFIED.);
#39=B_SPLINE_CURVE_WITH_KNOTS('',3,(#4368,#4369,#4370,#4371,#4372,#4373,
#4374,#4375,#4376,#4377,#4378,#4379,#4380,#4381,#4382,#4383,#4384,#4385,
#4386,#4387,#4388,#4389,#4390),.UNSPECIFIED.,.F.,.F.,(4,1,1,1,1,1,1,1,1,
1,1,1,1,1,1,1,1,1,1,1,4),(0.,0.0603866193110622,0.120883248585996,0.18275461862514,
0.247811029758351,0.281299100043249,0.315087624150657,0.349702395550275,
0.384856581118556,0.420966197226102,0.458511188261139,0.497174722127312,
0.537602047866269,0.580503018420012,0.627467540026705,0.678388209559243,
0.733983220592561,0.793746704550835,0.857713672160732,0.926697864361386,
1.),.UNSPECIFIED.);
#40=B_SPLINE_CURVE_WITH_KNOTS('',3,(#4439,#4440,#4441,#4442,#4443,#4444),
 .UNSPECIFIED.,.F.,.F.,(4,1,1,4),(0.,0.000546154352446505,0.00109230870489301,
0.00218461740978602),.UNSPECIFIED.);
#41=B_SPLINE_CURVE_WITH_KNOTS('',3,(#4448,#4449,#4450,#4451,#4452,#4453,
#4454,#4455,#4456,#4457,#4458,#4459,#4460,#4461,#4462,#4463,#4464,#4465,
#4466,#4467,#4468,#4469,#4470),.UNSPECIFIED.,.F.,.F.,(4,1,1,1,1,1,1,1,1,
1,1,1,1,1,1,1,1,1,1,1,4),(0.,0.065681197990639,0.128486464174065,0.188175130328008,
0.245106130669987,0.299448424529475,0.350822936009382,0.399941680533778,
0.446671743632372,0.491254533373498,0.533376344270437,0.573852754968224,
0.612526311719453,0.649597136445329,0.68553204155385,0.720105786068201,
0.75383766297365,0.818925416046714,0.880493461650164,0.940311333846057,
1.),.UNSPECIFIED.);
#42=B_SPLINE_CURVE_WITH_KNOTS('',3,(#4493,#4494,#4495,#4496),
 .UNSPECIFIED.,.F.,.F.,(4,4),(0.,0.0010246419261768),.UNSPECIFIED.);
#43=B_SPLINE_CURVE_WITH_KNOTS('',3,(#4500,#4501,#4502,#4503,#4504,#4505,
#4506,#4507,#4508,#4509,#4510),.UNSPECIFIED.,.F.,.F.,(4,1,1,1,1,1,1,1,4),
(0.,0.110588338595336,0.224541754053596,0.342503494050104,0.464324098417358,
0.590756032701767,0.722227475355515,0.858842836208724,1.),.UNSPECIFIED.);
#44=B_SPLINE_CURVE_WITH_KNOTS('',3,(#4541,#4542,#4543,#4544,#4545),
 .UNSPECIFIED.,.F.,.F.,(4,1,4),(0.,0.000584200760643674,0.00116840152128735),
 .UNSPECIFIED.);
#45=B_SPLINE_CURVE_WITH_KNOTS('',3,(#4549,#4550,#4551,#4552,#4553,#4554,
#4555,#4556,#4557,#4558,#4559,#4560,#4561,#4562,#4563),.UNSPECIFIED.,.F.,
 .F.,(4,1,1,1,1,1,1,1,1,1,1,1,4),(0.,0.112813400744458,0.225393883920729,
0.339594814562701,0.459675410224864,0.521735190087933,0.583925838738916,
0.648174144765369,0.713881038113067,0.78100445490739,0.851450927556555,
0.924050692664178,1.),.UNSPECIFIED.);
#46=B_SPLINE_CURVE_WITH_KNOTS('',3,(#4610,#4611,#4612,#4613,#4614,#4615,
#4616),.UNSPECIFIED.,.F.,.F.,(4,1,1,1,4),(0.,0.000546390318556276,0.00109278063711255,
0.00163917095566883,0.00218556127422511),.UNSPECIFIED.);
#47=B_SPLINE_CURVE_WITH_KNOTS('',3,(#4617,#4618,#4619,#4620,#4621,#4622,
#4623,#4624,#4625,#4626,#4627,#4628,#4629,#4630,#4631,#4632,#4633,#4634,
#4635,#4636,#4637,#4638,#4639),.UNSPECIFIED.,.F.,.F.,(4,1,1,1,1,1,1,1,1,
1,1,1,1,1,1,1,1,1,1,1,4),(0.,0.0729510658758663,0.141583694186545,0.205926460170867,
0.265301357184605,0.320597232713928,0.37181650309881,0.418789769709452,
0.461698728615764,0.502133582103566,0.540804315292648,0.578180525327966,
0.614296865207515,0.649678243264788,0.684299460089638,0.718358952772361,
0.752080864647597,0.817652438602385,0.879722076405437,0.939965559730987,
1.),.UNSPECIFIED.);
#48=OVER_RIDING_STYLED_ITEM('',(#2460),#2353,#2458);
#49=OVER_RIDING_STYLED_ITEM('',(#2461),#2357,#2458);
#50=OVER_RIDING_STYLED_ITEM('',(#2462),#2358,#2458);
#51=OVER_RIDING_STYLED_ITEM('',(#2463),#2359,#2458);
#52=OVER_RIDING_STYLED_ITEM('',(#2464),#2360,#2458);
#53=OVER_RIDING_STYLED_ITEM('',(#2465),#2361,#2458);
#54=OVER_RIDING_STYLED_ITEM('',(#2466),#2362,#2458);
#55=OVER_RIDING_STYLED_ITEM('',(#2467),#2363,#2458);
#56=OVER_RIDING_STYLED_ITEM('',(#2468),#2364,#2458);
#57=OVER_RIDING_STYLED_ITEM('',(#2469),#2365,#2458);
#58=OVER_RIDING_STYLED_ITEM('',(#2470),#2366,#2458);
#59=OVER_RIDING_STYLED_ITEM('',(#2471),#2367,#2458);
#60=OVER_RIDING_STYLED_ITEM('',(#2472),#2368,#2458);
#61=OVER_RIDING_STYLED_ITEM('',(#2473),#2369,#2458);
#62=OVER_RIDING_STYLED_ITEM('',(#2474),#2370,#2458);
#63=OVER_RIDING_STYLED_ITEM('',(#2475),#2371,#2458);
#64=OVER_RIDING_STYLED_ITEM('',(#2476),#2372,#2458);
#65=OVER_RIDING_STYLED_ITEM('',(#2477),#2373,#2458);
#66=OVER_RIDING_STYLED_ITEM('',(#2478),#2374,#2458);
#67=OVER_RIDING_STYLED_ITEM('',(#2479),#2375,#2458);
#68=OVER_RIDING_STYLED_ITEM('',(#2480),#2383,#2458);
#69=OVER_RIDING_STYLED_ITEM('',(#2481),#2384,#2458);
#70=OVER_RIDING_STYLED_ITEM('',(#2482),#2385,#2458);
#71=OVER_RIDING_STYLED_ITEM('',(#2483),#2386,#2458);
#72=OVER_RIDING_STYLED_ITEM('',(#2484),#2387,#2458);
#73=OVER_RIDING_STYLED_ITEM('',(#2485),#2388,#2458);
#74=OVER_RIDING_STYLED_ITEM('',(#2486),#2389,#2458);
#75=OVER_RIDING_STYLED_ITEM('',(#2487),#2390,#2458);
#76=OVER_RIDING_STYLED_ITEM('',(#2488),#2391,#2458);
#77=OVER_RIDING_STYLED_ITEM('',(#2489),#2392,#2458);
#78=OVER_RIDING_STYLED_ITEM('',(#2490),#2393,#2458);
#79=OVER_RIDING_STYLED_ITEM('',(#2491),#2394,#2458);
#80=OVER_RIDING_STYLED_ITEM('',(#2492),#2395,#2458);
#81=OVER_RIDING_STYLED_ITEM('',(#2493),#2396,#2458);
#82=OVER_RIDING_STYLED_ITEM('',(#2494),#2397,#2458);
#83=OVER_RIDING_STYLED_ITEM('',(#2495),#2398,#2458);
#84=OVER_RIDING_STYLED_ITEM('',(#2496),#2399,#2458);
#85=OVER_RIDING_STYLED_ITEM('',(#2497),#2400,#2458);
#86=OVER_RIDING_STYLED_ITEM('',(#2498),#2401,#2458);
#87=OVER_RIDING_STYLED_ITEM('',(#2499),#2402,#2458);
#88=OVER_RIDING_STYLED_ITEM('',(#2500),#2403,#2458);
#89=OVER_RIDING_STYLED_ITEM('',(#2501),#2404,#2458);
#90=OVER_RIDING_STYLED_ITEM('',(#2502),#2405,#2458);
#91=OVER_RIDING_STYLED_ITEM('',(#2503),#2406,#2458);
#92=OVER_RIDING_STYLED_ITEM('',(#2504),#2407,#2458);
#93=OVER_RIDING_STYLED_ITEM('',(#2505),#2408,#2458);
#94=OVER_RIDING_STYLED_ITEM('',(#2506),#2409,#2458);
#95=OVER_RIDING_STYLED_ITEM('',(#2507),#2410,#2458);
#96=OVER_RIDING_STYLED_ITEM('',(#2508),#2411,#2458);
#97=OVER_RIDING_STYLED_ITEM('',(#2509),#2412,#2458);
#98=OVER_RIDING_STYLED_ITEM('',(#2510),#2413,#2458);
#99=OVER_RIDING_STYLED_ITEM('',(#2511),#2414,#2458);
#100=OVER_RIDING_STYLED_ITEM('',(#2512),#2415,#2458);
#101=DRAUGHTING_PRE_DEFINED_COLOUR('green');
#102=DRAUGHTING_PRE_DEFINED_COLOUR('white');
#103=CIRCLE('',#2805,0.0097);
#104=CIRCLE('',#2806,0.0097);
#105=CIRCLE('',#2807,0.0097);
#106=CIRCLE('',#2809,0.0097);
#107=CIRCLE('',#2810,0.0097);
#108=CIRCLE('',#2811,0.0097);
#109=CIRCLE('',#2812,0.0097);
#110=CIRCLE('',#2814,0.0001);
#111=CIRCLE('',#2815,0.0001);
#112=CIRCLE('',#2816,0.0001);
#113=CIRCLE('',#2817,0.0001);
#114=CIRCLE('',#2818,0.0097);
#115=CIRCLE('',#2820,0.0097);
#116=CIRCLE('',#2821,0.0001);
#117=CIRCLE('',#2822,0.0001);
#118=CIRCLE('',#2823,0.0001);
#119=CIRCLE('',#2824,0.0001);
#120=CIRCLE('',#2825,0.0115);
#121=CIRCLE('',#2827,0.0097);
#122=CIRCLE('',#2829,0.0458256294209158);
#123=CIRCLE('',#2830,0.0458256294209158);
#124=CIRCLE('',#2832,0.0115);
#125=CIRCLE('',#2834,0.0087);
#126=CIRCLE('',#2835,0.0087);
#127=CIRCLE('',#2836,0.0087);
#128=CIRCLE('',#2837,0.0105);
#129=CIRCLE('',#2840,0.0003);
#130=CIRCLE('',#2841,0.0003);
#131=CIRCLE('',#2857,0.0005);
#132=CIRCLE('',#2858,0.0005);
#133=CIRCLE('',#2861,0.0005);
#134=CIRCLE('',#2862,0.0005);
#135=CIRCLE('',#2866,0.0005);
#136=CIRCLE('',#2867,0.0005);
#137=CIRCLE('',#2870,0.0005);
#138=CIRCLE('',#2871,0.0005);
#139=CIRCLE('',#2875,0.0005);
#140=CIRCLE('',#2876,0.0005);
#141=CIRCLE('',#2879,0.0005);
#142=CIRCLE('',#2880,0.0005);
#143=CYLINDRICAL_SURFACE('',#2804,0.0097);
#144=CYLINDRICAL_SURFACE('',#2808,0.0097);
#145=CYLINDRICAL_SURFACE('',#2826,0.0097);
#146=CYLINDRICAL_SURFACE('',#2828,0.0458256294209158);
#147=CYLINDRICAL_SURFACE('',#2831,0.0115);
#148=CYLINDRICAL_SURFACE('',#2847,0.0458256294209158);
#149=CYLINDRICAL_SURFACE('',#2851,0.0001);
#150=CYLINDRICAL_SURFACE('',#2852,0.0001);
#151=CYLINDRICAL_SURFACE('',#2853,0.0001);
#152=CYLINDRICAL_SURFACE('',#2854,0.0001);
#153=CYLINDRICAL_SURFACE('',#2883,0.0005);
#154=CYLINDRICAL_SURFACE('',#2885,0.0005);
#155=CYLINDRICAL_SURFACE('',#2887,0.0005);
#156=CYLINDRICAL_SURFACE('',#2889,0.0005);
#157=CYLINDRICAL_SURFACE('',#2890,0.0005);
#158=CYLINDRICAL_SURFACE('',#2892,0.0005);
#159=ORIENTED_EDGE('',*,*,#839,.F.);
#160=ORIENTED_EDGE('',*,*,#840,.T.);
#161=ORIENTED_EDGE('',*,*,#841,.T.);
#162=ORIENTED_EDGE('',*,*,#842,.T.);
#163=ORIENTED_EDGE('',*,*,#843,.T.);
#164=ORIENTED_EDGE('',*,*,#844,.F.);
#165=ORIENTED_EDGE('',*,*,#845,.F.);
#166=ORIENTED_EDGE('',*,*,#846,.T.);
#167=ORIENTED_EDGE('',*,*,#847,.T.);
#168=ORIENTED_EDGE('',*,*,#848,.F.);
#169=ORIENTED_EDGE('',*,*,#849,.F.);
#170=ORIENTED_EDGE('',*,*,#850,.T.);
#171=ORIENTED_EDGE('',*,*,#851,.T.);
#172=ORIENTED_EDGE('',*,*,#852,.F.);
#173=ORIENTED_EDGE('',*,*,#853,.F.);
#174=ORIENTED_EDGE('',*,*,#854,.T.);
#175=ORIENTED_EDGE('',*,*,#855,.T.);
#176=ORIENTED_EDGE('',*,*,#856,.F.);
#177=ORIENTED_EDGE('',*,*,#857,.F.);
#178=ORIENTED_EDGE('',*,*,#858,.T.);
#179=ORIENTED_EDGE('',*,*,#859,.T.);
#180=ORIENTED_EDGE('',*,*,#860,.F.);
#181=ORIENTED_EDGE('',*,*,#861,.F.);
#182=ORIENTED_EDGE('',*,*,#862,.T.);
#183=ORIENTED_EDGE('',*,*,#863,.T.);
#184=ORIENTED_EDGE('',*,*,#864,.F.);
#185=ORIENTED_EDGE('',*,*,#865,.F.);
#186=ORIENTED_EDGE('',*,*,#866,.F.);
#187=ORIENTED_EDGE('',*,*,#841,.F.);
#188=ORIENTED_EDGE('',*,*,#867,.T.);
#189=ORIENTED_EDGE('',*,*,#868,.T.);
#190=ORIENTED_EDGE('',*,*,#843,.F.);
#191=ORIENTED_EDGE('',*,*,#869,.T.);
#192=ORIENTED_EDGE('',*,*,#870,.T.);
#193=ORIENTED_EDGE('',*,*,#847,.F.);
#194=ORIENTED_EDGE('',*,*,#871,.T.);
#195=ORIENTED_EDGE('',*,*,#872,.T.);
#196=ORIENTED_EDGE('',*,*,#851,.F.);
#197=ORIENTED_EDGE('',*,*,#873,.T.);
#198=ORIENTED_EDGE('',*,*,#874,.T.);
#199=ORIENTED_EDGE('',*,*,#855,.F.);
#200=ORIENTED_EDGE('',*,*,#875,.T.);
#201=ORIENTED_EDGE('',*,*,#876,.T.);
#202=ORIENTED_EDGE('',*,*,#859,.F.);
#203=ORIENTED_EDGE('',*,*,#877,.T.);
#204=ORIENTED_EDGE('',*,*,#878,.T.);
#205=ORIENTED_EDGE('',*,*,#863,.F.);
#206=ORIENTED_EDGE('',*,*,#879,.F.);
#207=ORIENTED_EDGE('',*,*,#880,.F.);
#208=ORIENTED_EDGE('',*,*,#881,.F.);
#209=ORIENTED_EDGE('',*,*,#882,.F.);
#210=ORIENTED_EDGE('',*,*,#883,.F.);
#211=ORIENTED_EDGE('',*,*,#884,.F.);
#212=ORIENTED_EDGE('',*,*,#839,.T.);
#213=ORIENTED_EDGE('',*,*,#885,.T.);
#214=ORIENTED_EDGE('',*,*,#886,.T.);
#215=ORIENTED_EDGE('',*,*,#887,.T.);
#216=ORIENTED_EDGE('',*,*,#888,.T.);
#217=ORIENTED_EDGE('',*,*,#889,.T.);
#218=ORIENTED_EDGE('',*,*,#865,.T.);
#219=ORIENTED_EDGE('',*,*,#890,.F.);
#220=ORIENTED_EDGE('',*,*,#891,.F.);
#221=ORIENTED_EDGE('',*,*,#861,.T.);
#222=ORIENTED_EDGE('',*,*,#892,.F.);
#223=ORIENTED_EDGE('',*,*,#893,.F.);
#224=ORIENTED_EDGE('',*,*,#857,.T.);
#225=ORIENTED_EDGE('',*,*,#894,.F.);
#226=ORIENTED_EDGE('',*,*,#895,.F.);
#227=ORIENTED_EDGE('',*,*,#853,.T.);
#228=ORIENTED_EDGE('',*,*,#896,.F.);
#229=ORIENTED_EDGE('',*,*,#897,.F.);
#230=ORIENTED_EDGE('',*,*,#849,.T.);
#231=ORIENTED_EDGE('',*,*,#898,.F.);
#232=ORIENTED_EDGE('',*,*,#899,.F.);
#233=ORIENTED_EDGE('',*,*,#845,.T.);
#234=ORIENTED_EDGE('',*,*,#900,.F.);
#235=ORIENTED_EDGE('',*,*,#901,.F.);
#236=ORIENTED_EDGE('',*,*,#902,.F.);
#237=ORIENTED_EDGE('',*,*,#903,.T.);
#238=ORIENTED_EDGE('',*,*,#904,.F.);
#239=ORIENTED_EDGE('',*,*,#905,.T.);
#240=ORIENTED_EDGE('',*,*,#906,.T.);
#241=ORIENTED_EDGE('',*,*,#907,.F.);
#242=ORIENTED_EDGE('',*,*,#908,.F.);
#243=ORIENTED_EDGE('',*,*,#909,.T.);
#244=ORIENTED_EDGE('',*,*,#910,.T.);
#245=ORIENTED_EDGE('',*,*,#911,.F.);
#246=ORIENTED_EDGE('',*,*,#912,.F.);
#247=ORIENTED_EDGE('',*,*,#913,.T.);
#248=ORIENTED_EDGE('',*,*,#914,.T.);
#249=ORIENTED_EDGE('',*,*,#915,.F.);
#250=ORIENTED_EDGE('',*,*,#916,.F.);
#251=ORIENTED_EDGE('',*,*,#917,.T.);
#252=ORIENTED_EDGE('',*,*,#918,.T.);
#253=ORIENTED_EDGE('',*,*,#919,.F.);
#254=ORIENTED_EDGE('',*,*,#920,.F.);
#255=ORIENTED_EDGE('',*,*,#921,.T.);
#256=ORIENTED_EDGE('',*,*,#922,.T.);
#257=ORIENTED_EDGE('',*,*,#923,.F.);
#258=ORIENTED_EDGE('',*,*,#924,.F.);
#259=ORIENTED_EDGE('',*,*,#925,.F.);
#260=ORIENTED_EDGE('',*,*,#926,.T.);
#261=ORIENTED_EDGE('',*,*,#927,.T.);
#262=ORIENTED_EDGE('',*,*,#928,.T.);
#263=ORIENTED_EDGE('',*,*,#929,.F.);
#264=ORIENTED_EDGE('',*,*,#930,.T.);
#265=ORIENTED_EDGE('',*,*,#931,.T.);
#266=ORIENTED_EDGE('',*,*,#932,.T.);
#267=ORIENTED_EDGE('',*,*,#933,.F.);
#268=ORIENTED_EDGE('',*,*,#934,.T.);
#269=ORIENTED_EDGE('',*,*,#935,.F.);
#270=ORIENTED_EDGE('',*,*,#936,.T.);
#271=ORIENTED_EDGE('',*,*,#937,.F.);
#272=ORIENTED_EDGE('',*,*,#938,.T.);
#273=ORIENTED_EDGE('',*,*,#939,.F.);
#274=ORIENTED_EDGE('',*,*,#929,.T.);
#275=ORIENTED_EDGE('',*,*,#940,.T.);
#276=ORIENTED_EDGE('',*,*,#941,.T.);
#277=ORIENTED_EDGE('',*,*,#942,.T.);
#278=ORIENTED_EDGE('',*,*,#943,.T.);
#279=ORIENTED_EDGE('',*,*,#944,.T.);
#280=ORIENTED_EDGE('',*,*,#945,.T.);
#281=ORIENTED_EDGE('',*,*,#946,.T.);
#282=ORIENTED_EDGE('',*,*,#947,.T.);
#283=ORIENTED_EDGE('',*,*,#948,.F.);
#284=ORIENTED_EDGE('',*,*,#949,.T.);
#285=ORIENTED_EDGE('',*,*,#950,.F.);
#286=ORIENTED_EDGE('',*,*,#935,.T.);
#287=ORIENTED_EDGE('',*,*,#951,.F.);
#288=ORIENTED_EDGE('',*,*,#952,.F.);
#289=ORIENTED_EDGE('',*,*,#953,.F.);
#290=ORIENTED_EDGE('',*,*,#954,.F.);
#291=ORIENTED_EDGE('',*,*,#955,.F.);
#292=ORIENTED_EDGE('',*,*,#956,.F.);
#293=ORIENTED_EDGE('',*,*,#957,.F.);
#294=ORIENTED_EDGE('',*,*,#958,.F.);
#295=ORIENTED_EDGE('',*,*,#959,.F.);
#296=ORIENTED_EDGE('',*,*,#960,.F.);
#297=ORIENTED_EDGE('',*,*,#961,.F.);
#298=ORIENTED_EDGE('',*,*,#962,.F.);
#299=ORIENTED_EDGE('',*,*,#963,.F.);
#300=ORIENTED_EDGE('',*,*,#964,.F.);
#301=ORIENTED_EDGE('',*,*,#965,.F.);
#302=ORIENTED_EDGE('',*,*,#966,.F.);
#303=ORIENTED_EDGE('',*,*,#842,.F.);
#304=ORIENTED_EDGE('',*,*,#883,.T.);
#305=ORIENTED_EDGE('',*,*,#967,.T.);
#306=ORIENTED_EDGE('',*,*,#968,.F.);
#307=ORIENTED_EDGE('',*,*,#969,.T.);
#308=ORIENTED_EDGE('',*,*,#970,.F.);
#309=ORIENTED_EDGE('',*,*,#971,.T.);
#310=ORIENTED_EDGE('',*,*,#972,.F.);
#311=ORIENTED_EDGE('',*,*,#973,.T.);
#312=ORIENTED_EDGE('',*,*,#974,.F.);
#313=ORIENTED_EDGE('',*,*,#975,.T.);
#314=ORIENTED_EDGE('',*,*,#927,.F.);
#315=ORIENTED_EDGE('',*,*,#976,.T.);
#316=ORIENTED_EDGE('',*,*,#977,.F.);
#317=ORIENTED_EDGE('',*,*,#904,.T.);
#318=ORIENTED_EDGE('',*,*,#978,.T.);
#319=ORIENTED_EDGE('',*,*,#979,.T.);
#320=ORIENTED_EDGE('',*,*,#931,.F.);
#321=ORIENTED_EDGE('',*,*,#980,.T.);
#322=ORIENTED_EDGE('',*,*,#885,.F.);
#323=ORIENTED_EDGE('',*,*,#981,.F.);
#324=ORIENTED_EDGE('',*,*,#968,.T.);
#325=ORIENTED_EDGE('',*,*,#982,.T.);
#326=ORIENTED_EDGE('',*,*,#983,.F.);
#327=ORIENTED_EDGE('',*,*,#984,.T.);
#328=ORIENTED_EDGE('',*,*,#947,.F.);
#329=ORIENTED_EDGE('',*,*,#985,.T.);
#330=ORIENTED_EDGE('',*,*,#986,.F.);
#331=ORIENTED_EDGE('',*,*,#987,.F.);
#332=ORIENTED_EDGE('',*,*,#988,.F.);
#333=ORIENTED_EDGE('',*,*,#989,.T.);
#334=ORIENTED_EDGE('',*,*,#990,.T.);
#335=ORIENTED_EDGE('',*,*,#991,.T.);
#336=ORIENTED_EDGE('',*,*,#992,.T.);
#337=ORIENTED_EDGE('',*,*,#993,.F.);
#338=ORIENTED_EDGE('',*,*,#994,.F.);
#339=ORIENTED_EDGE('',*,*,#995,.F.);
#340=ORIENTED_EDGE('',*,*,#996,.F.);
#341=ORIENTED_EDGE('',*,*,#997,.T.);
#342=ORIENTED_EDGE('',*,*,#981,.T.);
#343=ORIENTED_EDGE('',*,*,#998,.F.);
#344=ORIENTED_EDGE('',*,*,#999,.F.);
#345=ORIENTED_EDGE('',*,*,#1000,.F.);
#346=ORIENTED_EDGE('',*,*,#1001,.T.);
#347=ORIENTED_EDGE('',*,*,#997,.F.);
#348=ORIENTED_EDGE('',*,*,#1001,.F.);
#349=ORIENTED_EDGE('',*,*,#1000,.T.);
#350=ORIENTED_EDGE('',*,*,#1002,.T.);
#351=ORIENTED_EDGE('',*,*,#991,.F.);
#352=ORIENTED_EDGE('',*,*,#998,.T.);
#353=ORIENTED_EDGE('',*,*,#1003,.F.);
#354=ORIENTED_EDGE('',*,*,#1003,.T.);
#355=ORIENTED_EDGE('',*,*,#1002,.F.);
#356=ORIENTED_EDGE('',*,*,#1004,.F.);
#357=ORIENTED_EDGE('',*,*,#992,.F.);
#358=ORIENTED_EDGE('',*,*,#999,.T.);
#359=ORIENTED_EDGE('',*,*,#990,.F.);
#360=ORIENTED_EDGE('',*,*,#1004,.T.);
#361=ORIENTED_EDGE('',*,*,#986,.T.);
#362=ORIENTED_EDGE('',*,*,#1005,.T.);
#363=ORIENTED_EDGE('',*,*,#1006,.T.);
#364=ORIENTED_EDGE('',*,*,#987,.T.);
#365=ORIENTED_EDGE('',*,*,#1006,.F.);
#366=ORIENTED_EDGE('',*,*,#1007,.T.);
#367=ORIENTED_EDGE('',*,*,#1008,.T.);
#368=ORIENTED_EDGE('',*,*,#988,.T.);
#369=ORIENTED_EDGE('',*,*,#1008,.F.);
#370=ORIENTED_EDGE('',*,*,#1009,.T.);
#371=ORIENTED_EDGE('',*,*,#1009,.F.);
#372=ORIENTED_EDGE('',*,*,#1007,.F.);
#373=ORIENTED_EDGE('',*,*,#1005,.F.);
#374=ORIENTED_EDGE('',*,*,#989,.F.);
#375=ORIENTED_EDGE('',*,*,#993,.T.);
#376=ORIENTED_EDGE('',*,*,#1010,.F.);
#377=ORIENTED_EDGE('',*,*,#1011,.T.);
#378=ORIENTED_EDGE('',*,*,#1012,.T.);
#379=ORIENTED_EDGE('',*,*,#994,.T.);
#380=ORIENTED_EDGE('',*,*,#1012,.F.);
#381=ORIENTED_EDGE('',*,*,#1013,.T.);
#382=ORIENTED_EDGE('',*,*,#1014,.T.);
#383=ORIENTED_EDGE('',*,*,#995,.T.);
#384=ORIENTED_EDGE('',*,*,#1014,.F.);
#385=ORIENTED_EDGE('',*,*,#1015,.T.);
#386=ORIENTED_EDGE('',*,*,#1016,.T.);
#387=ORIENTED_EDGE('',*,*,#996,.T.);
#388=ORIENTED_EDGE('',*,*,#1016,.F.);
#389=ORIENTED_EDGE('',*,*,#1017,.T.);
#390=ORIENTED_EDGE('',*,*,#1010,.T.);
#391=ORIENTED_EDGE('',*,*,#1018,.T.);
#392=ORIENTED_EDGE('',*,*,#1019,.F.);
#393=ORIENTED_EDGE('',*,*,#1020,.T.);
#394=ORIENTED_EDGE('',*,*,#1021,.T.);
#395=ORIENTED_EDGE('',*,*,#1022,.T.);
#396=ORIENTED_EDGE('',*,*,#1023,.F.);
#397=ORIENTED_EDGE('',*,*,#1024,.T.);
#398=ORIENTED_EDGE('',*,*,#1019,.T.);
#399=ORIENTED_EDGE('',*,*,#1025,.T.);
#400=ORIENTED_EDGE('',*,*,#1026,.F.);
#401=ORIENTED_EDGE('',*,*,#1027,.T.);
#402=ORIENTED_EDGE('',*,*,#1023,.T.);
#403=ORIENTED_EDGE('',*,*,#1028,.T.);
#404=ORIENTED_EDGE('',*,*,#1029,.F.);
#405=ORIENTED_EDGE('',*,*,#1030,.T.);
#406=ORIENTED_EDGE('',*,*,#1026,.T.);
#407=ORIENTED_EDGE('',*,*,#1031,.T.);
#408=ORIENTED_EDGE('',*,*,#1021,.F.);
#409=ORIENTED_EDGE('',*,*,#1032,.T.);
#410=ORIENTED_EDGE('',*,*,#1029,.T.);
#411=ORIENTED_EDGE('',*,*,#1024,.F.);
#412=ORIENTED_EDGE('',*,*,#1027,.F.);
#413=ORIENTED_EDGE('',*,*,#1030,.F.);
#414=ORIENTED_EDGE('',*,*,#1032,.F.);
#415=ORIENTED_EDGE('',*,*,#1020,.F.);
#416=ORIENTED_EDGE('',*,*,#1011,.F.);
#417=ORIENTED_EDGE('',*,*,#1017,.F.);
#418=ORIENTED_EDGE('',*,*,#1015,.F.);
#419=ORIENTED_EDGE('',*,*,#1013,.F.);
#420=ORIENTED_EDGE('',*,*,#1018,.F.);
#421=ORIENTED_EDGE('',*,*,#1031,.F.);
#422=ORIENTED_EDGE('',*,*,#1028,.F.);
#423=ORIENTED_EDGE('',*,*,#1025,.F.);
#424=ORIENTED_EDGE('',*,*,#1022,.F.);
#425=ORIENTED_EDGE('',*,*,#972,.T.);
#426=ORIENTED_EDGE('',*,*,#1033,.T.);
#427=ORIENTED_EDGE('',*,*,#943,.F.);
#428=ORIENTED_EDGE('',*,*,#1034,.T.);
#429=ORIENTED_EDGE('',*,*,#970,.T.);
#430=ORIENTED_EDGE('',*,*,#1035,.T.);
#431=ORIENTED_EDGE('',*,*,#945,.F.);
#432=ORIENTED_EDGE('',*,*,#1036,.T.);
#433=ORIENTED_EDGE('',*,*,#941,.F.);
#434=ORIENTED_EDGE('',*,*,#1037,.T.);
#435=ORIENTED_EDGE('',*,*,#974,.T.);
#436=ORIENTED_EDGE('',*,*,#1038,.T.);
#437=ORIENTED_EDGE('',*,*,#946,.F.);
#438=ORIENTED_EDGE('',*,*,#1035,.F.);
#439=ORIENTED_EDGE('',*,*,#969,.F.);
#440=ORIENTED_EDGE('',*,*,#985,.F.);
#441=ORIENTED_EDGE('',*,*,#940,.F.);
#442=ORIENTED_EDGE('',*,*,#928,.F.);
#443=ORIENTED_EDGE('',*,*,#975,.F.);
#444=ORIENTED_EDGE('',*,*,#1037,.F.);
#445=ORIENTED_EDGE('',*,*,#944,.F.);
#446=ORIENTED_EDGE('',*,*,#1033,.F.);
#447=ORIENTED_EDGE('',*,*,#971,.F.);
#448=ORIENTED_EDGE('',*,*,#1036,.F.);
#449=ORIENTED_EDGE('',*,*,#942,.F.);
#450=ORIENTED_EDGE('',*,*,#1038,.F.);
#451=ORIENTED_EDGE('',*,*,#973,.F.);
#452=ORIENTED_EDGE('',*,*,#1034,.F.);
#453=ORIENTED_EDGE('',*,*,#1039,.F.);
#454=ORIENTED_EDGE('',*,*,#1040,.T.);
#455=ORIENTED_EDGE('',*,*,#1041,.T.);
#456=ORIENTED_EDGE('',*,*,#955,.T.);
#457=ORIENTED_EDGE('',*,*,#1042,.T.);
#458=ORIENTED_EDGE('',*,*,#1043,.T.);
#459=ORIENTED_EDGE('',*,*,#1044,.T.);
#460=ORIENTED_EDGE('',*,*,#1045,.T.);
#461=ORIENTED_EDGE('',*,*,#1046,.F.);
#462=ORIENTED_EDGE('',*,*,#1047,.T.);
#463=ORIENTED_EDGE('',*,*,#1039,.T.);
#464=ORIENTED_EDGE('',*,*,#958,.T.);
#465=ORIENTED_EDGE('',*,*,#1048,.F.);
#466=ORIENTED_EDGE('',*,*,#1049,.T.);
#467=ORIENTED_EDGE('',*,*,#1050,.F.);
#468=ORIENTED_EDGE('',*,*,#1051,.T.);
#469=ORIENTED_EDGE('',*,*,#1048,.T.);
#470=ORIENTED_EDGE('',*,*,#957,.T.);
#471=ORIENTED_EDGE('',*,*,#1052,.T.);
#472=ORIENTED_EDGE('',*,*,#1053,.T.);
#473=ORIENTED_EDGE('',*,*,#1054,.T.);
#474=ORIENTED_EDGE('',*,*,#1055,.T.);
#475=ORIENTED_EDGE('',*,*,#1041,.F.);
#476=ORIENTED_EDGE('',*,*,#1056,.T.);
#477=ORIENTED_EDGE('',*,*,#1057,.F.);
#478=ORIENTED_EDGE('',*,*,#1058,.T.);
#479=ORIENTED_EDGE('',*,*,#1050,.T.);
#480=ORIENTED_EDGE('',*,*,#956,.T.);
#481=ORIENTED_EDGE('',*,*,#1057,.T.);
#482=ORIENTED_EDGE('',*,*,#1059,.T.);
#483=ORIENTED_EDGE('',*,*,#1046,.T.);
#484=ORIENTED_EDGE('',*,*,#1060,.T.);
#485=ORIENTED_EDGE('',*,*,#1061,.F.);
#486=ORIENTED_EDGE('',*,*,#1062,.T.);
#487=ORIENTED_EDGE('',*,*,#1063,.T.);
#488=ORIENTED_EDGE('',*,*,#960,.T.);
#489=ORIENTED_EDGE('',*,*,#1064,.F.);
#490=ORIENTED_EDGE('',*,*,#1065,.F.);
#491=ORIENTED_EDGE('',*,*,#1066,.F.);
#492=ORIENTED_EDGE('',*,*,#1067,.F.);
#493=ORIENTED_EDGE('',*,*,#1068,.F.);
#494=ORIENTED_EDGE('',*,*,#1069,.T.);
#495=ORIENTED_EDGE('',*,*,#1061,.T.);
#496=ORIENTED_EDGE('',*,*,#959,.T.);
#497=ORIENTED_EDGE('',*,*,#1070,.F.);
#498=ORIENTED_EDGE('',*,*,#1071,.T.);
#499=ORIENTED_EDGE('',*,*,#1072,.F.);
#500=ORIENTED_EDGE('',*,*,#1073,.T.);
#501=ORIENTED_EDGE('',*,*,#1070,.T.);
#502=ORIENTED_EDGE('',*,*,#962,.T.);
#503=ORIENTED_EDGE('',*,*,#1074,.T.);
#504=ORIENTED_EDGE('',*,*,#1075,.T.);
#505=ORIENTED_EDGE('',*,*,#1076,.T.);
#506=ORIENTED_EDGE('',*,*,#1077,.T.);
#507=ORIENTED_EDGE('',*,*,#1063,.F.);
#508=ORIENTED_EDGE('',*,*,#1078,.T.);
#509=ORIENTED_EDGE('',*,*,#1079,.F.);
#510=ORIENTED_EDGE('',*,*,#1080,.T.);
#511=ORIENTED_EDGE('',*,*,#1072,.T.);
#512=ORIENTED_EDGE('',*,*,#961,.T.);
#513=ORIENTED_EDGE('',*,*,#1079,.T.);
#514=ORIENTED_EDGE('',*,*,#1081,.T.);
#515=ORIENTED_EDGE('',*,*,#1068,.T.);
#516=ORIENTED_EDGE('',*,*,#1082,.T.);
#517=ORIENTED_EDGE('',*,*,#1083,.F.);
#518=ORIENTED_EDGE('',*,*,#1084,.T.);
#519=ORIENTED_EDGE('',*,*,#1085,.T.);
#520=ORIENTED_EDGE('',*,*,#964,.T.);
#521=ORIENTED_EDGE('',*,*,#1086,.T.);
#522=ORIENTED_EDGE('',*,*,#1087,.T.);
#523=ORIENTED_EDGE('',*,*,#1088,.T.);
#524=ORIENTED_EDGE('',*,*,#1089,.T.);
#525=ORIENTED_EDGE('',*,*,#1090,.F.);
#526=ORIENTED_EDGE('',*,*,#1091,.T.);
#527=ORIENTED_EDGE('',*,*,#1092,.F.);
#528=ORIENTED_EDGE('',*,*,#1093,.T.);
#529=ORIENTED_EDGE('',*,*,#1083,.T.);
#530=ORIENTED_EDGE('',*,*,#963,.T.);
#531=ORIENTED_EDGE('',*,*,#1094,.F.);
#532=ORIENTED_EDGE('',*,*,#1095,.T.);
#533=ORIENTED_EDGE('',*,*,#1090,.T.);
#534=ORIENTED_EDGE('',*,*,#966,.T.);
#535=ORIENTED_EDGE('',*,*,#1096,.T.);
#536=ORIENTED_EDGE('',*,*,#1097,.T.);
#537=ORIENTED_EDGE('',*,*,#1098,.T.);
#538=ORIENTED_EDGE('',*,*,#1099,.T.);
#539=ORIENTED_EDGE('',*,*,#1100,.F.);
#540=ORIENTED_EDGE('',*,*,#1101,.T.);
#541=ORIENTED_EDGE('',*,*,#1094,.T.);
#542=ORIENTED_EDGE('',*,*,#965,.T.);
#543=ORIENTED_EDGE('',*,*,#1085,.F.);
#544=ORIENTED_EDGE('',*,*,#1102,.T.);
#545=ORIENTED_EDGE('',*,*,#1092,.T.);
#546=ORIENTED_EDGE('',*,*,#1103,.T.);
#547=ORIENTED_EDGE('',*,*,#1100,.T.);
#548=ORIENTED_EDGE('',*,*,#1104,.T.);
#549=ORIENTED_EDGE('',*,*,#1105,.T.);
#550=ORIENTED_EDGE('',*,*,#1096,.F.);
#551=ORIENTED_EDGE('',*,*,#1106,.F.);
#552=ORIENTED_EDGE('',*,*,#1088,.F.);
#553=ORIENTED_EDGE('',*,*,#1106,.T.);
#554=ORIENTED_EDGE('',*,*,#1099,.F.);
#555=ORIENTED_EDGE('',*,*,#1107,.F.);
#556=ORIENTED_EDGE('',*,*,#1089,.F.);
#557=ORIENTED_EDGE('',*,*,#1107,.T.);
#558=ORIENTED_EDGE('',*,*,#1098,.F.);
#559=ORIENTED_EDGE('',*,*,#1108,.F.);
#560=ORIENTED_EDGE('',*,*,#1086,.F.);
#561=ORIENTED_EDGE('',*,*,#1108,.T.);
#562=ORIENTED_EDGE('',*,*,#1097,.F.);
#563=ORIENTED_EDGE('',*,*,#1105,.F.);
#564=ORIENTED_EDGE('',*,*,#1087,.F.);
#565=ORIENTED_EDGE('',*,*,#1109,.T.);
#566=ORIENTED_EDGE('',*,*,#1064,.T.);
#567=ORIENTED_EDGE('',*,*,#1110,.F.);
#568=ORIENTED_EDGE('',*,*,#1076,.F.);
#569=ORIENTED_EDGE('',*,*,#1110,.T.);
#570=ORIENTED_EDGE('',*,*,#1067,.T.);
#571=ORIENTED_EDGE('',*,*,#1111,.F.);
#572=ORIENTED_EDGE('',*,*,#1077,.F.);
#573=ORIENTED_EDGE('',*,*,#1111,.T.);
#574=ORIENTED_EDGE('',*,*,#1066,.T.);
#575=ORIENTED_EDGE('',*,*,#1112,.F.);
#576=ORIENTED_EDGE('',*,*,#1074,.F.);
#577=ORIENTED_EDGE('',*,*,#1112,.T.);
#578=ORIENTED_EDGE('',*,*,#1065,.T.);
#579=ORIENTED_EDGE('',*,*,#1109,.F.);
#580=ORIENTED_EDGE('',*,*,#1075,.F.);
#581=ORIENTED_EDGE('',*,*,#1113,.F.);
#582=ORIENTED_EDGE('',*,*,#1053,.F.);
#583=ORIENTED_EDGE('',*,*,#1114,.T.);
#584=ORIENTED_EDGE('',*,*,#1043,.F.);
#585=ORIENTED_EDGE('',*,*,#1114,.F.);
#586=ORIENTED_EDGE('',*,*,#1052,.F.);
#587=ORIENTED_EDGE('',*,*,#1115,.T.);
#588=ORIENTED_EDGE('',*,*,#1044,.F.);
#589=ORIENTED_EDGE('',*,*,#1115,.F.);
#590=ORIENTED_EDGE('',*,*,#1055,.F.);
#591=ORIENTED_EDGE('',*,*,#1116,.T.);
#592=ORIENTED_EDGE('',*,*,#1045,.F.);
#593=ORIENTED_EDGE('',*,*,#1116,.F.);
#594=ORIENTED_EDGE('',*,*,#1054,.F.);
#595=ORIENTED_EDGE('',*,*,#1113,.T.);
#596=ORIENTED_EDGE('',*,*,#1042,.F.);
#597=ORIENTED_EDGE('',*,*,#1091,.F.);
#598=ORIENTED_EDGE('',*,*,#1095,.F.);
#599=ORIENTED_EDGE('',*,*,#1101,.F.);
#600=ORIENTED_EDGE('',*,*,#1103,.F.);
#601=ORIENTED_EDGE('',*,*,#1102,.F.);
#602=ORIENTED_EDGE('',*,*,#1084,.F.);
#603=ORIENTED_EDGE('',*,*,#1093,.F.);
#604=ORIENTED_EDGE('',*,*,#1104,.F.);
#605=ORIENTED_EDGE('',*,*,#1078,.F.);
#606=ORIENTED_EDGE('',*,*,#1062,.F.);
#607=ORIENTED_EDGE('',*,*,#1069,.F.);
#608=ORIENTED_EDGE('',*,*,#1081,.F.);
#609=ORIENTED_EDGE('',*,*,#1056,.F.);
#610=ORIENTED_EDGE('',*,*,#1040,.F.);
#611=ORIENTED_EDGE('',*,*,#1047,.F.);
#612=ORIENTED_EDGE('',*,*,#1059,.F.);
#613=ORIENTED_EDGE('',*,*,#1071,.F.);
#614=ORIENTED_EDGE('',*,*,#1073,.F.);
#615=ORIENTED_EDGE('',*,*,#1080,.F.);
#616=ORIENTED_EDGE('',*,*,#1082,.F.);
#617=ORIENTED_EDGE('',*,*,#1049,.F.);
#618=ORIENTED_EDGE('',*,*,#1051,.F.);
#619=ORIENTED_EDGE('',*,*,#1058,.F.);
#620=ORIENTED_EDGE('',*,*,#1060,.F.);
#621=ORIENTED_EDGE('',*,*,#1117,.F.);
#622=ORIENTED_EDGE('',*,*,#880,.T.);
#623=ORIENTED_EDGE('',*,*,#948,.T.);
#624=ORIENTED_EDGE('',*,*,#984,.F.);
#625=ORIENTED_EDGE('',*,*,#1118,.F.);
#626=ORIENTED_EDGE('',*,*,#936,.F.);
#627=ORIENTED_EDGE('',*,*,#950,.T.);
#628=ORIENTED_EDGE('',*,*,#888,.F.);
#629=ORIENTED_EDGE('',*,*,#1119,.F.);
#630=ORIENTED_EDGE('',*,*,#937,.T.);
#631=ORIENTED_EDGE('',*,*,#1118,.T.);
#632=ORIENTED_EDGE('',*,*,#983,.T.);
#633=ORIENTED_EDGE('',*,*,#939,.T.);
#634=ORIENTED_EDGE('',*,*,#1120,.F.);
#635=ORIENTED_EDGE('',*,*,#1121,.F.);
#636=ORIENTED_EDGE('',*,*,#930,.F.);
#637=ORIENTED_EDGE('',*,*,#1122,.F.);
#638=ORIENTED_EDGE('',*,*,#1123,.T.);
#639=ORIENTED_EDGE('',*,*,#951,.T.);
#640=ORIENTED_EDGE('',*,*,#934,.F.);
#641=ORIENTED_EDGE('',*,*,#1124,.F.);
#642=ORIENTED_EDGE('',*,*,#925,.T.);
#643=ORIENTED_EDGE('',*,*,#1121,.T.);
#644=ORIENTED_EDGE('',*,*,#1125,.T.);
#645=ORIENTED_EDGE('',*,*,#1122,.T.);
#646=ORIENTED_EDGE('',*,*,#933,.T.);
#647=ORIENTED_EDGE('',*,*,#954,.T.);
#648=ORIENTED_EDGE('',*,*,#1126,.F.);
#649=ORIENTED_EDGE('',*,*,#1127,.T.);
#650=ORIENTED_EDGE('',*,*,#1128,.T.);
#651=ORIENTED_EDGE('',*,*,#952,.T.);
#652=ORIENTED_EDGE('',*,*,#1123,.F.);
#653=ORIENTED_EDGE('',*,*,#1125,.F.);
#654=ORIENTED_EDGE('',*,*,#1120,.T.);
#655=ORIENTED_EDGE('',*,*,#1124,.T.);
#656=ORIENTED_EDGE('',*,*,#932,.F.);
#657=ORIENTED_EDGE('',*,*,#979,.F.);
#658=ORIENTED_EDGE('',*,*,#1129,.F.);
#659=ORIENTED_EDGE('',*,*,#976,.F.);
#660=ORIENTED_EDGE('',*,*,#926,.F.);
#661=ORIENTED_EDGE('',*,*,#1119,.T.);
#662=ORIENTED_EDGE('',*,*,#982,.F.);
#663=ORIENTED_EDGE('',*,*,#967,.F.);
#664=ORIENTED_EDGE('',*,*,#1130,.T.);
#665=ORIENTED_EDGE('',*,*,#980,.F.);
#666=ORIENTED_EDGE('',*,*,#938,.F.);
#667=ORIENTED_EDGE('',*,*,#1131,.T.);
#668=ORIENTED_EDGE('',*,*,#1132,.F.);
#669=ORIENTED_EDGE('',*,*,#1133,.F.);
#670=ORIENTED_EDGE('',*,*,#1129,.T.);
#671=ORIENTED_EDGE('',*,*,#1134,.T.);
#672=ORIENTED_EDGE('',*,*,#1127,.F.);
#673=ORIENTED_EDGE('',*,*,#1135,.F.);
#674=ORIENTED_EDGE('',*,*,#1132,.T.);
#675=ORIENTED_EDGE('',*,*,#1136,.T.);
#676=ORIENTED_EDGE('',*,*,#1137,.F.);
#677=ORIENTED_EDGE('',*,*,#1138,.F.);
#678=ORIENTED_EDGE('',*,*,#953,.T.);
#679=ORIENTED_EDGE('',*,*,#1139,.T.);
#680=ORIENTED_EDGE('',*,*,#1140,.T.);
#681=ORIENTED_EDGE('',*,*,#1141,.F.);
#682=ORIENTED_EDGE('',*,*,#1137,.T.);
#683=ORIENTED_EDGE('',*,*,#1142,.F.);
#684=ORIENTED_EDGE('',*,*,#901,.T.);
#685=ORIENTED_EDGE('',*,*,#977,.T.);
#686=ORIENTED_EDGE('',*,*,#1133,.T.);
#687=ORIENTED_EDGE('',*,*,#1135,.T.);
#688=ORIENTED_EDGE('',*,*,#1126,.T.);
#689=ORIENTED_EDGE('',*,*,#1138,.T.);
#690=ORIENTED_EDGE('',*,*,#1141,.T.);
#691=ORIENTED_EDGE('',*,*,#1143,.F.);
#692=ORIENTED_EDGE('',*,*,#1144,.F.);
#693=ORIENTED_EDGE('',*,*,#919,.T.);
#694=ORIENTED_EDGE('',*,*,#1145,.F.);
#695=ORIENTED_EDGE('',*,*,#1146,.F.);
#696=ORIENTED_EDGE('',*,*,#915,.T.);
#697=ORIENTED_EDGE('',*,*,#1147,.F.);
#698=ORIENTED_EDGE('',*,*,#1148,.F.);
#699=ORIENTED_EDGE('',*,*,#911,.T.);
#700=ORIENTED_EDGE('',*,*,#1149,.F.);
#701=ORIENTED_EDGE('',*,*,#1150,.F.);
#702=ORIENTED_EDGE('',*,*,#907,.T.);
#703=ORIENTED_EDGE('',*,*,#1151,.F.);
#704=ORIENTED_EDGE('',*,*,#1152,.F.);
#705=ORIENTED_EDGE('',*,*,#923,.T.);
#706=ORIENTED_EDGE('',*,*,#1153,.F.);
#707=ORIENTED_EDGE('',*,*,#903,.F.);
#708=ORIENTED_EDGE('',*,*,#1154,.T.);
#709=ORIENTED_EDGE('',*,*,#1155,.T.);
#710=ORIENTED_EDGE('',*,*,#921,.F.);
#711=ORIENTED_EDGE('',*,*,#1156,.T.);
#712=ORIENTED_EDGE('',*,*,#1157,.T.);
#713=ORIENTED_EDGE('',*,*,#905,.F.);
#714=ORIENTED_EDGE('',*,*,#1158,.T.);
#715=ORIENTED_EDGE('',*,*,#1159,.T.);
#716=ORIENTED_EDGE('',*,*,#909,.F.);
#717=ORIENTED_EDGE('',*,*,#1160,.T.);
#718=ORIENTED_EDGE('',*,*,#1161,.T.);
#719=ORIENTED_EDGE('',*,*,#913,.F.);
#720=ORIENTED_EDGE('',*,*,#1162,.T.);
#721=ORIENTED_EDGE('',*,*,#1163,.T.);
#722=ORIENTED_EDGE('',*,*,#917,.F.);
#723=ORIENTED_EDGE('',*,*,#1164,.T.);
#724=ORIENTED_EDGE('',*,*,#1165,.T.);
#725=ORIENTED_EDGE('',*,*,#1139,.F.);
#726=ORIENTED_EDGE('',*,*,#1136,.F.);
#727=ORIENTED_EDGE('',*,*,#1128,.F.);
#728=ORIENTED_EDGE('',*,*,#1134,.F.);
#729=ORIENTED_EDGE('',*,*,#1131,.F.);
#730=ORIENTED_EDGE('',*,*,#978,.F.);
#731=ORIENTED_EDGE('',*,*,#1144,.T.);
#732=ORIENTED_EDGE('',*,*,#1166,.F.);
#733=ORIENTED_EDGE('',*,*,#1164,.F.);
#734=ORIENTED_EDGE('',*,*,#920,.T.);
#735=ORIENTED_EDGE('',*,*,#1143,.T.);
#736=ORIENTED_EDGE('',*,*,#1140,.F.);
#737=ORIENTED_EDGE('',*,*,#1165,.F.);
#738=ORIENTED_EDGE('',*,*,#1166,.T.);
#739=ORIENTED_EDGE('',*,*,#1145,.T.);
#740=ORIENTED_EDGE('',*,*,#918,.F.);
#741=ORIENTED_EDGE('',*,*,#1163,.F.);
#742=ORIENTED_EDGE('',*,*,#1167,.T.);
#743=ORIENTED_EDGE('',*,*,#1146,.T.);
#744=ORIENTED_EDGE('',*,*,#1167,.F.);
#745=ORIENTED_EDGE('',*,*,#1162,.F.);
#746=ORIENTED_EDGE('',*,*,#916,.T.);
#747=ORIENTED_EDGE('',*,*,#1147,.T.);
#748=ORIENTED_EDGE('',*,*,#914,.F.);
#749=ORIENTED_EDGE('',*,*,#1161,.F.);
#750=ORIENTED_EDGE('',*,*,#1168,.T.);
#751=ORIENTED_EDGE('',*,*,#1148,.T.);
#752=ORIENTED_EDGE('',*,*,#1168,.F.);
#753=ORIENTED_EDGE('',*,*,#1160,.F.);
#754=ORIENTED_EDGE('',*,*,#912,.T.);
#755=ORIENTED_EDGE('',*,*,#1149,.T.);
#756=ORIENTED_EDGE('',*,*,#910,.F.);
#757=ORIENTED_EDGE('',*,*,#1159,.F.);
#758=ORIENTED_EDGE('',*,*,#1169,.T.);
#759=ORIENTED_EDGE('',*,*,#1150,.T.);
#760=ORIENTED_EDGE('',*,*,#1169,.F.);
#761=ORIENTED_EDGE('',*,*,#1158,.F.);
#762=ORIENTED_EDGE('',*,*,#908,.T.);
#763=ORIENTED_EDGE('',*,*,#1151,.T.);
#764=ORIENTED_EDGE('',*,*,#906,.F.);
#765=ORIENTED_EDGE('',*,*,#1157,.F.);
#766=ORIENTED_EDGE('',*,*,#1170,.T.);
#767=ORIENTED_EDGE('',*,*,#1152,.T.);
#768=ORIENTED_EDGE('',*,*,#1170,.F.);
#769=ORIENTED_EDGE('',*,*,#1156,.F.);
#770=ORIENTED_EDGE('',*,*,#924,.T.);
#771=ORIENTED_EDGE('',*,*,#1142,.T.);
#772=ORIENTED_EDGE('',*,*,#1171,.F.);
#773=ORIENTED_EDGE('',*,*,#1154,.F.);
#774=ORIENTED_EDGE('',*,*,#902,.T.);
#775=ORIENTED_EDGE('',*,*,#1153,.T.);
#776=ORIENTED_EDGE('',*,*,#922,.F.);
#777=ORIENTED_EDGE('',*,*,#1155,.F.);
#778=ORIENTED_EDGE('',*,*,#1171,.T.);
#779=ORIENTED_EDGE('',*,*,#886,.F.);
#780=ORIENTED_EDGE('',*,*,#1130,.F.);
#781=ORIENTED_EDGE('',*,*,#882,.T.);
#782=ORIENTED_EDGE('',*,*,#1172,.T.);
#783=ORIENTED_EDGE('',*,*,#889,.F.);
#784=ORIENTED_EDGE('',*,*,#949,.F.);
#785=ORIENTED_EDGE('',*,*,#879,.T.);
#786=ORIENTED_EDGE('',*,*,#866,.T.);
#787=ORIENTED_EDGE('',*,*,#887,.F.);
#788=ORIENTED_EDGE('',*,*,#1172,.F.);
#789=ORIENTED_EDGE('',*,*,#881,.T.);
#790=ORIENTED_EDGE('',*,*,#1117,.T.);
#791=ORIENTED_EDGE('',*,*,#877,.F.);
#792=ORIENTED_EDGE('',*,*,#862,.F.);
#793=ORIENTED_EDGE('',*,*,#891,.T.);
#794=ORIENTED_EDGE('',*,*,#1173,.T.);
#795=ORIENTED_EDGE('',*,*,#878,.F.);
#796=ORIENTED_EDGE('',*,*,#1173,.F.);
#797=ORIENTED_EDGE('',*,*,#890,.T.);
#798=ORIENTED_EDGE('',*,*,#864,.T.);
#799=ORIENTED_EDGE('',*,*,#875,.F.);
#800=ORIENTED_EDGE('',*,*,#858,.F.);
#801=ORIENTED_EDGE('',*,*,#893,.T.);
#802=ORIENTED_EDGE('',*,*,#1174,.T.);
#803=ORIENTED_EDGE('',*,*,#876,.F.);
#804=ORIENTED_EDGE('',*,*,#1174,.F.);
#805=ORIENTED_EDGE('',*,*,#892,.T.);
#806=ORIENTED_EDGE('',*,*,#860,.T.);
#807=ORIENTED_EDGE('',*,*,#873,.F.);
#808=ORIENTED_EDGE('',*,*,#854,.F.);
#809=ORIENTED_EDGE('',*,*,#895,.T.);
#810=ORIENTED_EDGE('',*,*,#1175,.T.);
#811=ORIENTED_EDGE('',*,*,#874,.F.);
#812=ORIENTED_EDGE('',*,*,#1175,.F.);
#813=ORIENTED_EDGE('',*,*,#894,.T.);
#814=ORIENTED_EDGE('',*,*,#856,.T.);
#815=ORIENTED_EDGE('',*,*,#871,.F.);
#816=ORIENTED_EDGE('',*,*,#850,.F.);
#817=ORIENTED_EDGE('',*,*,#897,.T.);
#818=ORIENTED_EDGE('',*,*,#1176,.T.);
#819=ORIENTED_EDGE('',*,*,#872,.F.);
#820=ORIENTED_EDGE('',*,*,#1176,.F.);
#821=ORIENTED_EDGE('',*,*,#896,.T.);
#822=ORIENTED_EDGE('',*,*,#852,.T.);
#823=ORIENTED_EDGE('',*,*,#869,.F.);
#824=ORIENTED_EDGE('',*,*,#846,.F.);
#825=ORIENTED_EDGE('',*,*,#899,.T.);
#826=ORIENTED_EDGE('',*,*,#1177,.T.);
#827=ORIENTED_EDGE('',*,*,#870,.F.);
#828=ORIENTED_EDGE('',*,*,#1177,.F.);
#829=ORIENTED_EDGE('',*,*,#898,.T.);
#830=ORIENTED_EDGE('',*,*,#848,.T.);
#831=ORIENTED_EDGE('',*,*,#867,.F.);
#832=ORIENTED_EDGE('',*,*,#840,.F.);
#833=ORIENTED_EDGE('',*,*,#884,.T.);
#834=ORIENTED_EDGE('',*,*,#1178,.T.);
#835=ORIENTED_EDGE('',*,*,#868,.F.);
#836=ORIENTED_EDGE('',*,*,#1178,.F.);
#837=ORIENTED_EDGE('',*,*,#900,.T.);
#838=ORIENTED_EDGE('',*,*,#844,.T.);
#839=EDGE_CURVE('',#1179,#1180,#1403,.T.);
#840=EDGE_CURVE('',#1179,#1181,#1404,.T.);
#841=EDGE_CURVE('',#1181,#1182,#1405,.T.);
#842=EDGE_CURVE('',#1182,#1180,#1406,.T.);
#843=EDGE_CURVE('',#1183,#1184,#1407,.T.);
#844=EDGE_CURVE('',#1185,#1184,#1408,.T.);
#845=EDGE_CURVE('',#1186,#1185,#1409,.T.);
#846=EDGE_CURVE('',#1186,#1183,#1410,.T.);
#847=EDGE_CURVE('',#1187,#1188,#1411,.T.);
#848=EDGE_CURVE('',#1189,#1188,#1412,.T.);
#849=EDGE_CURVE('',#1190,#1189,#1413,.T.);
#850=EDGE_CURVE('',#1190,#1187,#1414,.T.);
#851=EDGE_CURVE('',#1191,#1192,#1415,.T.);
#852=EDGE_CURVE('',#1193,#1192,#1416,.T.);
#853=EDGE_CURVE('',#1194,#1193,#1417,.T.);
#854=EDGE_CURVE('',#1194,#1191,#1418,.T.);
#855=EDGE_CURVE('',#1195,#1196,#1419,.T.);
#856=EDGE_CURVE('',#1197,#1196,#1420,.T.);
#857=EDGE_CURVE('',#1198,#1197,#1421,.T.);
#858=EDGE_CURVE('',#1198,#1195,#1422,.T.);
#859=EDGE_CURVE('',#1199,#1200,#1423,.T.);
#860=EDGE_CURVE('',#1201,#1200,#1424,.T.);
#861=EDGE_CURVE('',#1202,#1201,#1425,.T.);
#862=EDGE_CURVE('',#1202,#1199,#1426,.T.);
#863=EDGE_CURVE('',#1203,#1204,#1427,.T.);
#864=EDGE_CURVE('',#1205,#1204,#1428,.T.);
#865=EDGE_CURVE('',#1206,#1205,#1429,.T.);
#866=EDGE_CURVE('',#1203,#1206,#1430,.T.);
#867=EDGE_CURVE('',#1181,#1207,#1431,.T.);
#868=EDGE_CURVE('',#1207,#1184,#1432,.T.);
#869=EDGE_CURVE('',#1183,#1208,#1433,.T.);
#870=EDGE_CURVE('',#1208,#1188,#1434,.T.);
#871=EDGE_CURVE('',#1187,#1209,#1435,.T.);
#872=EDGE_CURVE('',#1209,#1192,#1436,.T.);
#873=EDGE_CURVE('',#1191,#1210,#1437,.T.);
#874=EDGE_CURVE('',#1210,#1196,#1438,.T.);
#875=EDGE_CURVE('',#1195,#1211,#1439,.T.);
#876=EDGE_CURVE('',#1211,#1200,#1440,.T.);
#877=EDGE_CURVE('',#1199,#1212,#1441,.T.);
#878=EDGE_CURVE('',#1212,#1204,#1442,.T.);
#879=EDGE_CURVE('',#1213,#1203,#1443,.T.);
#880=EDGE_CURVE('',#1214,#1213,#1444,.T.);
#881=EDGE_CURVE('',#1215,#1214,#1445,.T.);
#882=EDGE_CURVE('',#1216,#1215,#1446,.T.);
#883=EDGE_CURVE('',#1182,#1216,#1447,.T.);
#884=EDGE_CURVE('',#1179,#1217,#1448,.T.);
#885=EDGE_CURVE('',#1180,#1218,#1449,.T.);
#886=EDGE_CURVE('',#1218,#1219,#1450,.T.);
#887=EDGE_CURVE('',#1219,#1220,#1451,.T.);
#888=EDGE_CURVE('',#1220,#1221,#1452,.T.);
#889=EDGE_CURVE('',#1221,#1206,#1453,.T.);
#890=EDGE_CURVE('',#1222,#1205,#1454,.T.);
#891=EDGE_CURVE('',#1202,#1222,#1455,.T.);
#892=EDGE_CURVE('',#1223,#1201,#1456,.T.);
#893=EDGE_CURVE('',#1198,#1223,#1457,.T.);
#894=EDGE_CURVE('',#1224,#1197,#1458,.T.);
#895=EDGE_CURVE('',#1194,#1224,#1459,.T.);
#896=EDGE_CURVE('',#1225,#1193,#1460,.T.);
#897=EDGE_CURVE('',#1190,#1225,#1461,.T.);
#898=EDGE_CURVE('',#1226,#1189,#1462,.T.);
#899=EDGE_CURVE('',#1186,#1226,#1463,.T.);
#900=EDGE_CURVE('',#1217,#1185,#1464,.T.);
#901=EDGE_CURVE('',#1227,#1228,#1465,.T.);
#902=EDGE_CURVE('',#1229,#1227,#1466,.T.);
#903=EDGE_CURVE('',#1229,#1230,#1467,.T.);
#904=EDGE_CURVE('',#1228,#1230,#1468,.T.);
#905=EDGE_CURVE('',#1231,#1232,#1469,.T.);
#906=EDGE_CURVE('',#1232,#1233,#1470,.T.);
#907=EDGE_CURVE('',#1234,#1233,#1471,.T.);
#908=EDGE_CURVE('',#1231,#1234,#1472,.T.);
#909=EDGE_CURVE('',#1235,#1236,#1473,.T.);
#910=EDGE_CURVE('',#1236,#1237,#1474,.T.);
#911=EDGE_CURVE('',#1238,#1237,#1475,.T.);
#912=EDGE_CURVE('',#1235,#1238,#1476,.T.);
#913=EDGE_CURVE('',#1239,#1240,#1477,.T.);
#914=EDGE_CURVE('',#1240,#1241,#1478,.T.);
#915=EDGE_CURVE('',#1242,#1241,#1479,.T.);
#916=EDGE_CURVE('',#1239,#1242,#1480,.T.);
#917=EDGE_CURVE('',#1243,#1244,#1481,.T.);
#918=EDGE_CURVE('',#1244,#1245,#1482,.T.);
#919=EDGE_CURVE('',#1246,#1245,#1483,.T.);
#920=EDGE_CURVE('',#1243,#1246,#1484,.T.);
#921=EDGE_CURVE('',#1247,#1248,#1485,.T.);
#922=EDGE_CURVE('',#1248,#1249,#1486,.T.);
#923=EDGE_CURVE('',#1250,#1249,#1487,.T.);
#924=EDGE_CURVE('',#1247,#1250,#1488,.T.);
#925=EDGE_CURVE('',#1251,#1252,#103,.T.);
#926=EDGE_CURVE('',#1251,#1253,#1489,.T.);
#927=EDGE_CURVE('',#1253,#1254,#104,.T.);
#928=EDGE_CURVE('',#1254,#1255,#1490,.F.);
#929=EDGE_CURVE('',#1256,#1255,#105,.T.);
#930=EDGE_CURVE('',#1256,#1252,#1491,.T.);
#931=EDGE_CURVE('',#1257,#1258,#106,.T.);
#932=EDGE_CURVE('',#1258,#1259,#1492,.F.);
#933=EDGE_CURVE('',#1260,#1259,#107,.T.);
#934=EDGE_CURVE('',#1260,#1261,#1493,.F.);
#935=EDGE_CURVE('',#1262,#1261,#108,.T.);
#936=EDGE_CURVE('',#1262,#1263,#1494,.T.);
#937=EDGE_CURVE('',#1264,#1263,#109,.T.);
#938=EDGE_CURVE('',#1264,#1257,#1495,.T.);
#939=EDGE_CURVE('',#1256,#1265,#1496,.T.);
#940=EDGE_CURVE('',#1255,#1266,#110,.F.);
#941=EDGE_CURVE('',#1266,#1267,#1497,.T.);
#942=EDGE_CURVE('',#1267,#1268,#111,.T.);
#943=EDGE_CURVE('',#1268,#1269,#1498,.T.);
#944=EDGE_CURVE('',#1269,#1270,#112,.T.);
#945=EDGE_CURVE('',#1270,#1271,#1499,.T.);
#946=EDGE_CURVE('',#1271,#1272,#113,.F.);
#947=EDGE_CURVE('',#1272,#1273,#114,.T.);
#948=EDGE_CURVE('',#1213,#1273,#1500,.T.);
#949=EDGE_CURVE('',#1213,#1221,#1501,.T.);
#950=EDGE_CURVE('',#1262,#1221,#1502,.T.);
#951=EDGE_CURVE('',#1274,#1261,#1503,.T.);
#952=EDGE_CURVE('',#1275,#1274,#1504,.T.);
#953=EDGE_CURVE('',#1276,#1275,#1505,.T.);
#954=EDGE_CURVE('',#1265,#1276,#1506,.T.);
#955=EDGE_CURVE('',#1277,#1278,#1507,.T.);
#956=EDGE_CURVE('',#1279,#1277,#1508,.T.);
#957=EDGE_CURVE('',#1280,#1279,#1509,.T.);
#958=EDGE_CURVE('',#1278,#1280,#1510,.T.);
#959=EDGE_CURVE('',#1281,#1282,#1511,.T.);
#960=EDGE_CURVE('',#1283,#1281,#1512,.T.);
#961=EDGE_CURVE('',#1284,#1283,#1513,.T.);
#962=EDGE_CURVE('',#1282,#1284,#1514,.T.);
#963=EDGE_CURVE('',#1285,#1286,#1515,.T.);
#964=EDGE_CURVE('',#1287,#1285,#1516,.T.);
#965=EDGE_CURVE('',#1288,#1287,#1517,.T.);
#966=EDGE_CURVE('',#1286,#1288,#1518,.T.);
#967=EDGE_CURVE('',#1216,#1289,#1519,.T.);
#968=EDGE_CURVE('',#1290,#1289,#115,.T.);
#969=EDGE_CURVE('',#1290,#1291,#116,.F.);
#970=EDGE_CURVE('',#1292,#1291,#1520,.T.);
#971=EDGE_CURVE('',#1292,#1293,#117,.T.);
#972=EDGE_CURVE('',#1294,#1293,#1521,.T.);
#973=EDGE_CURVE('',#1294,#1295,#118,.T.);
#974=EDGE_CURVE('',#1296,#1295,#1522,.T.);
#975=EDGE_CURVE('',#1296,#1254,#119,.F.);
#976=EDGE_CURVE('',#1253,#1297,#1523,.T.);
#977=EDGE_CURVE('',#1228,#1297,#1524,.T.);
#978=EDGE_CURVE('',#1230,#1298,#1525,.T.);
#979=EDGE_CURVE('',#1298,#1258,#1526,.T.);
#980=EDGE_CURVE('',#1257,#1218,#1527,.T.);
#981=EDGE_CURVE('',#1299,#1299,#120,.T.);
#982=EDGE_CURVE('',#1289,#1300,#1528,.F.);
#983=EDGE_CURVE('',#1301,#1300,#121,.T.);
#984=EDGE_CURVE('',#1301,#1273,#1529,.F.);
#985=EDGE_CURVE('',#1272,#1290,#1530,.T.);
#986=EDGE_CURVE('',#1302,#1303,#122,.F.);
#987=EDGE_CURVE('',#1304,#1302,#1531,.F.);
#988=EDGE_CURVE('',#1305,#1304,#123,.F.);
#989=EDGE_CURVE('',#1305,#1303,#1532,.F.);
#990=EDGE_CURVE('',#1306,#1307,#26,.T.);
#991=EDGE_CURVE('',#1307,#1308,#27,.F.);
#992=EDGE_CURVE('',#1308,#1306,#28,.T.);
#993=EDGE_CURVE('',#1309,#1310,#29,.T.);
#994=EDGE_CURVE('',#1311,#1309,#30,.T.);
#995=EDGE_CURVE('',#1312,#1311,#31,.T.);
#996=EDGE_CURVE('',#1310,#1312,#32,.T.);
#997=EDGE_CURVE('',#1313,#1313,#124,.F.);
#998=EDGE_CURVE('',#1307,#1314,#125,.T.);
#999=EDGE_CURVE('',#1315,#1307,#126,.T.);
#1000=EDGE_CURVE('',#1314,#1315,#127,.T.);
#1001=EDGE_CURVE('',#1316,#1316,#128,.T.);
#1002=EDGE_CURVE('',#1315,#1314,#33,.T.);
#1003=EDGE_CURVE('',#1308,#1314,#129,.T.);
#1004=EDGE_CURVE('',#1306,#1315,#130,.T.);
#1005=EDGE_CURVE('',#1303,#1317,#1533,.T.);
#1006=EDGE_CURVE('',#1317,#1302,#1534,.T.);
#1007=EDGE_CURVE('',#1317,#1318,#1535,.T.);
#1008=EDGE_CURVE('',#1318,#1304,#1536,.T.);
#1009=EDGE_CURVE('',#1318,#1305,#1537,.T.);
#1010=EDGE_CURVE('',#1319,#1310,#1538,.T.);
#1011=EDGE_CURVE('',#1319,#1320,#34,.T.);
#1012=EDGE_CURVE('',#1320,#1309,#1539,.T.);
#1013=EDGE_CURVE('',#1320,#1321,#35,.T.);
#1014=EDGE_CURVE('',#1321,#1311,#1540,.T.);
#1015=EDGE_CURVE('',#1321,#1322,#36,.T.);
#1016=EDGE_CURVE('',#1322,#1312,#1541,.T.);
#1017=EDGE_CURVE('',#1322,#1319,#37,.T.);
#1018=EDGE_CURVE('',#1323,#1324,#38,.T.);
#1019=EDGE_CURVE('',#1325,#1324,#1542,.T.);
#1020=EDGE_CURVE('',#1325,#1326,#39,.T.);
#1021=EDGE_CURVE('',#1326,#1323,#1543,.T.);
#1022=EDGE_CURVE('',#1324,#1327,#40,.T.);
#1023=EDGE_CURVE('',#1328,#1327,#1544,.T.);
#1024=EDGE_CURVE('',#1328,#1325,#41,.T.);
#1025=EDGE_CURVE('',#1327,#1329,#42,.T.);
#1026=EDGE_CURVE('',#1330,#1329,#1545,.T.);
#1027=EDGE_CURVE('',#1330,#1328,#43,.T.);
#1028=EDGE_CURVE('',#1329,#1331,#44,.T.);
#1029=EDGE_CURVE('',#1332,#1331,#1546,.T.);
#1030=EDGE_CURVE('',#1332,#1330,#45,.T.);
#1031=EDGE_CURVE('',#1331,#1323,#46,.T.);
#1032=EDGE_CURVE('',#1326,#1332,#47,.T.);
#1033=EDGE_CURVE('',#1293,#1269,#1547,.F.);
#1034=EDGE_CURVE('',#1268,#1294,#1548,.T.);
#1035=EDGE_CURVE('',#1291,#1271,#1549,.T.);
#1036=EDGE_CURVE('',#1270,#1292,#1550,.T.);
#1037=EDGE_CURVE('',#1266,#1296,#1551,.F.);
#1038=EDGE_CURVE('',#1295,#1267,#1552,.F.);
#1039=EDGE_CURVE('',#1333,#1278,#1553,.T.);
#1040=EDGE_CURVE('',#1333,#1334,#1554,.T.);
#1041=EDGE_CURVE('',#1334,#1277,#1555,.T.);
#1042=EDGE_CURVE('',#1335,#1336,#1556,.T.);
#1043=EDGE_CURVE('',#1336,#1337,#131,.T.);
#1044=EDGE_CURVE('',#1337,#1338,#1557,.T.);
#1045=EDGE_CURVE('',#1338,#1335,#132,.T.);
#1046=EDGE_CURVE('',#1339,#1340,#1558,.T.);
#1047=EDGE_CURVE('',#1339,#1333,#1559,.T.);
#1048=EDGE_CURVE('',#1341,#1280,#1560,.T.);
#1049=EDGE_CURVE('',#1341,#1340,#1561,.T.);
#1050=EDGE_CURVE('',#1342,#1279,#1562,.T.);
#1051=EDGE_CURVE('',#1342,#1341,#1563,.T.);
#1052=EDGE_CURVE('',#1343,#1344,#1564,.T.);
#1053=EDGE_CURVE('',#1344,#1345,#133,.T.);
#1054=EDGE_CURVE('',#1345,#1346,#1565,.T.);
#1055=EDGE_CURVE('',#1346,#1343,#134,.T.);
#1056=EDGE_CURVE('',#1334,#1347,#1566,.T.);
#1057=EDGE_CURVE('',#1348,#1347,#1567,.T.);
#1058=EDGE_CURVE('',#1348,#1342,#1568,.T.);
#1059=EDGE_CURVE('',#1347,#1339,#1569,.T.);
#1060=EDGE_CURVE('',#1340,#1348,#1570,.T.);
#1061=EDGE_CURVE('',#1349,#1281,#1571,.T.);
#1062=EDGE_CURVE('',#1349,#1350,#1572,.T.);
#1063=EDGE_CURVE('',#1350,#1283,#1573,.T.);
#1064=EDGE_CURVE('',#1351,#1352,#1574,.T.);
#1065=EDGE_CURVE('',#1353,#1351,#135,.T.);
#1066=EDGE_CURVE('',#1354,#1353,#1575,.T.);
#1067=EDGE_CURVE('',#1352,#1354,#136,.T.);
#1068=EDGE_CURVE('',#1355,#1356,#1576,.T.);
#1069=EDGE_CURVE('',#1355,#1349,#1577,.T.);
#1070=EDGE_CURVE('',#1357,#1282,#1578,.T.);
#1071=EDGE_CURVE('',#1357,#1356,#1579,.T.);
#1072=EDGE_CURVE('',#1358,#1284,#1580,.T.);
#1073=EDGE_CURVE('',#1358,#1357,#1581,.T.);
#1074=EDGE_CURVE('',#1359,#1360,#1582,.T.);
#1075=EDGE_CURVE('',#1360,#1361,#137,.T.);
#1076=EDGE_CURVE('',#1361,#1362,#1583,.T.);
#1077=EDGE_CURVE('',#1362,#1359,#138,.T.);
#1078=EDGE_CURVE('',#1350,#1363,#1584,.T.);
#1079=EDGE_CURVE('',#1364,#1363,#1585,.T.);
#1080=EDGE_CURVE('',#1364,#1358,#1586,.T.);
#1081=EDGE_CURVE('',#1363,#1355,#1587,.T.);
#1082=EDGE_CURVE('',#1356,#1364,#1588,.T.);
#1083=EDGE_CURVE('',#1365,#1285,#1589,.T.);
#1084=EDGE_CURVE('',#1365,#1366,#1590,.T.);
#1085=EDGE_CURVE('',#1366,#1287,#1591,.T.);
#1086=EDGE_CURVE('',#1367,#1368,#1592,.T.);
#1087=EDGE_CURVE('',#1368,#1369,#139,.T.);
#1088=EDGE_CURVE('',#1369,#1370,#1593,.T.);
#1089=EDGE_CURVE('',#1370,#1367,#140,.T.);
#1090=EDGE_CURVE('',#1371,#1286,#1594,.T.);
#1091=EDGE_CURVE('',#1371,#1372,#1595,.T.);
#1092=EDGE_CURVE('',#1373,#1372,#1596,.T.);
#1093=EDGE_CURVE('',#1373,#1365,#1597,.T.);
#1094=EDGE_CURVE('',#1374,#1288,#1598,.T.);
#1095=EDGE_CURVE('',#1374,#1371,#1599,.T.);
#1096=EDGE_CURVE('',#1375,#1376,#1600,.T.);
#1097=EDGE_CURVE('',#1376,#1377,#141,.T.);
#1098=EDGE_CURVE('',#1377,#1378,#1601,.T.);
#1099=EDGE_CURVE('',#1378,#1375,#142,.T.);
#1100=EDGE_CURVE('',#1379,#1380,#1602,.T.);
#1101=EDGE_CURVE('',#1379,#1374,#1603,.T.);
#1102=EDGE_CURVE('',#1366,#1380,#1604,.T.);
#1103=EDGE_CURVE('',#1372,#1379,#1605,.T.);
#1104=EDGE_CURVE('',#1380,#1373,#1606,.T.);
#1105=EDGE_CURVE('',#1369,#1376,#1607,.T.);
#1106=EDGE_CURVE('',#1370,#1375,#1608,.T.);
#1107=EDGE_CURVE('',#1367,#1378,#1609,.T.);
#1108=EDGE_CURVE('',#1368,#1377,#1610,.T.);
#1109=EDGE_CURVE('',#1361,#1351,#1611,.T.);
#1110=EDGE_CURVE('',#1362,#1352,#1612,.T.);
#1111=EDGE_CURVE('',#1359,#1354,#1613,.T.);
#1112=EDGE_CURVE('',#1360,#1353,#1614,.T.);
#1113=EDGE_CURVE('',#1345,#1336,#1615,.T.);
#1114=EDGE_CURVE('',#1344,#1337,#1616,.T.);
#1115=EDGE_CURVE('',#1343,#1338,#1617,.T.);
#1116=EDGE_CURVE('',#1346,#1335,#1618,.T.);
#1117=EDGE_CURVE('',#1214,#1220,#1619,.T.);
#1118=EDGE_CURVE('',#1263,#1301,#1620,.T.);
#1119=EDGE_CURVE('',#1264,#1300,#1621,.T.);
#1120=EDGE_CURVE('',#1381,#1265,#1622,.T.);
#1121=EDGE_CURVE('',#1252,#1381,#1623,.T.);
#1122=EDGE_CURVE('',#1382,#1260,#1624,.T.);
#1123=EDGE_CURVE('',#1382,#1274,#1625,.T.);
#1124=EDGE_CURVE('',#1251,#1259,#1626,.T.);
#1125=EDGE_CURVE('',#1381,#1382,#1627,.T.);
#1126=EDGE_CURVE('',#1383,#1276,#1628,.T.);
#1127=EDGE_CURVE('',#1383,#1384,#1629,.T.);
#1128=EDGE_CURVE('',#1384,#1275,#1630,.T.);
#1129=EDGE_CURVE('',#1297,#1298,#1631,.T.);
#1130=EDGE_CURVE('',#1216,#1218,#1632,.T.);
#1131=EDGE_CURVE('',#1298,#1385,#1633,.T.);
#1132=EDGE_CURVE('',#1386,#1385,#1634,.T.);
#1133=EDGE_CURVE('',#1297,#1386,#1635,.T.);
#1134=EDGE_CURVE('',#1385,#1384,#1636,.T.);
#1135=EDGE_CURVE('',#1386,#1383,#1637,.T.);
#1136=EDGE_CURVE('',#1275,#1387,#1638,.T.);
#1137=EDGE_CURVE('',#1388,#1387,#1639,.T.);
#1138=EDGE_CURVE('',#1276,#1388,#1640,.T.);
#1139=EDGE_CURVE('',#1387,#1389,#1641,.T.);
#1140=EDGE_CURVE('',#1389,#1390,#1642,.T.);
#1141=EDGE_CURVE('',#1388,#1390,#1643,.T.);
#1142=EDGE_CURVE('',#1227,#1391,#1644,.T.);
#1143=EDGE_CURVE('',#1392,#1390,#1645,.T.);
#1144=EDGE_CURVE('',#1246,#1392,#1646,.T.);
#1145=EDGE_CURVE('',#1393,#1245,#1647,.T.);
#1146=EDGE_CURVE('',#1242,#1393,#1648,.T.);
#1147=EDGE_CURVE('',#1394,#1241,#1649,.T.);
#1148=EDGE_CURVE('',#1238,#1394,#1650,.T.);
#1149=EDGE_CURVE('',#1395,#1237,#1651,.T.);
#1150=EDGE_CURVE('',#1234,#1395,#1652,.T.);
#1151=EDGE_CURVE('',#1396,#1233,#1653,.T.);
#1152=EDGE_CURVE('',#1250,#1396,#1654,.T.);
#1153=EDGE_CURVE('',#1391,#1249,#1655,.T.);
#1154=EDGE_CURVE('',#1229,#1397,#1656,.T.);
#1155=EDGE_CURVE('',#1397,#1248,#1657,.T.);
#1156=EDGE_CURVE('',#1247,#1398,#1658,.T.);
#1157=EDGE_CURVE('',#1398,#1232,#1659,.T.);
#1158=EDGE_CURVE('',#1231,#1399,#1660,.T.);
#1159=EDGE_CURVE('',#1399,#1236,#1661,.T.);
#1160=EDGE_CURVE('',#1235,#1400,#1662,.T.);
#1161=EDGE_CURVE('',#1400,#1240,#1663,.T.);
#1162=EDGE_CURVE('',#1239,#1401,#1664,.T.);
#1163=EDGE_CURVE('',#1401,#1244,#1665,.T.);
#1164=EDGE_CURVE('',#1243,#1402,#1666,.T.);
#1165=EDGE_CURVE('',#1402,#1389,#1667,.T.);
#1166=EDGE_CURVE('',#1402,#1392,#1668,.T.);
#1167=EDGE_CURVE('',#1401,#1393,#1669,.T.);
#1168=EDGE_CURVE('',#1400,#1394,#1670,.T.);
#1169=EDGE_CURVE('',#1399,#1395,#1671,.T.);
#1170=EDGE_CURVE('',#1398,#1396,#1672,.T.);
#1171=EDGE_CURVE('',#1397,#1391,#1673,.T.);
#1172=EDGE_CURVE('',#1215,#1219,#1674,.T.);
#1173=EDGE_CURVE('',#1222,#1212,#1675,.T.);
#1174=EDGE_CURVE('',#1223,#1211,#1676,.T.);
#1175=EDGE_CURVE('',#1224,#1210,#1677,.T.);
#1176=EDGE_CURVE('',#1225,#1209,#1678,.T.);
#1177=EDGE_CURVE('',#1226,#1208,#1679,.T.);
#1178=EDGE_CURVE('',#1217,#1207,#1680,.T.);
#1179=VERTEX_POINT('',#3528);
#1180=VERTEX_POINT('',#3529);
#1181=VERTEX_POINT('',#3531);
#1182=VERTEX_POINT('',#3533);
#1183=VERTEX_POINT('',#3537);
#1184=VERTEX_POINT('',#3538);
#1185=VERTEX_POINT('',#3540);
#1186=VERTEX_POINT('',#3542);
#1187=VERTEX_POINT('',#3546);
#1188=VERTEX_POINT('',#3547);
#1189=VERTEX_POINT('',#3549);
#1190=VERTEX_POINT('',#3551);
#1191=VERTEX_POINT('',#3555);
#1192=VERTEX_POINT('',#3556);
#1193=VERTEX_POINT('',#3558);
#1194=VERTEX_POINT('',#3560);
#1195=VERTEX_POINT('',#3564);
#1196=VERTEX_POINT('',#3565);
#1197=VERTEX_POINT('',#3567);
#1198=VERTEX_POINT('',#3569);
#1199=VERTEX_POINT('',#3573);
#1200=VERTEX_POINT('',#3574);
#1201=VERTEX_POINT('',#3576);
#1202=VERTEX_POINT('',#3578);
#1203=VERTEX_POINT('',#3582);
#1204=VERTEX_POINT('',#3583);
#1205=VERTEX_POINT('',#3585);
#1206=VERTEX_POINT('',#3587);
#1207=VERTEX_POINT('',#3591);
#1208=VERTEX_POINT('',#3594);
#1209=VERTEX_POINT('',#3597);
#1210=VERTEX_POINT('',#3600);
#1211=VERTEX_POINT('',#3603);
#1212=VERTEX_POINT('',#3606);
#1213=VERTEX_POINT('',#3609);
#1214=VERTEX_POINT('',#3611);
#1215=VERTEX_POINT('',#3613);
#1216=VERTEX_POINT('',#3615);
#1217=VERTEX_POINT('',#3619);
#1218=VERTEX_POINT('',#3621);
#1219=VERTEX_POINT('',#3623);
#1220=VERTEX_POINT('',#3625);
#1221=VERTEX_POINT('',#3627);
#1222=VERTEX_POINT('',#3630);
#1223=VERTEX_POINT('',#3633);
#1224=VERTEX_POINT('',#3636);
#1225=VERTEX_POINT('',#3639);
#1226=VERTEX_POINT('',#3642);
#1227=VERTEX_POINT('',#3647);
#1228=VERTEX_POINT('',#3648);
#1229=VERTEX_POINT('',#3650);
#1230=VERTEX_POINT('',#3652);
#1231=VERTEX_POINT('',#3656);
#1232=VERTEX_POINT('',#3657);
#1233=VERTEX_POINT('',#3659);
#1234=VERTEX_POINT('',#3661);
#1235=VERTEX_POINT('',#3665);
#1236=VERTEX_POINT('',#3666);
#1237=VERTEX_POINT('',#3668);
#1238=VERTEX_POINT('',#3670);
#1239=VERTEX_POINT('',#3674);
#1240=VERTEX_POINT('',#3675);
#1241=VERTEX_POINT('',#3677);
#1242=VERTEX_POINT('',#3679);
#1243=VERTEX_POINT('',#3683);
#1244=VERTEX_POINT('',#3684);
#1245=VERTEX_POINT('',#3686);
#1246=VERTEX_POINT('',#3688);
#1247=VERTEX_POINT('',#3692);
#1248=VERTEX_POINT('',#3693);
#1249=VERTEX_POINT('',#3695);
#1250=VERTEX_POINT('',#3697);
#1251=VERTEX_POINT('',#3701);
#1252=VERTEX_POINT('',#3702);
#1253=VERTEX_POINT('',#3704);
#1254=VERTEX_POINT('',#3706);
#1255=VERTEX_POINT('',#3708);
#1256=VERTEX_POINT('',#3710);
#1257=VERTEX_POINT('',#3714);
#1258=VERTEX_POINT('',#3715);
#1259=VERTEX_POINT('',#3717);
#1260=VERTEX_POINT('',#3719);
#1261=VERTEX_POINT('',#3721);
#1262=VERTEX_POINT('',#3723);
#1263=VERTEX_POINT('',#3725);
#1264=VERTEX_POINT('',#3727);
#1265=VERTEX_POINT('',#3731);
#1266=VERTEX_POINT('',#3733);
#1267=VERTEX_POINT('',#3735);
#1268=VERTEX_POINT('',#3737);
#1269=VERTEX_POINT('',#3739);
#1270=VERTEX_POINT('',#3741);
#1271=VERTEX_POINT('',#3743);
#1272=VERTEX_POINT('',#3745);
#1273=VERTEX_POINT('',#3747);
#1274=VERTEX_POINT('',#3752);
#1275=VERTEX_POINT('',#3754);
#1276=VERTEX_POINT('',#3756);
#1277=VERTEX_POINT('',#3759);
#1278=VERTEX_POINT('',#3760);
#1279=VERTEX_POINT('',#3762);
#1280=VERTEX_POINT('',#3764);
#1281=VERTEX_POINT('',#3767);
#1282=VERTEX_POINT('',#3768);
#1283=VERTEX_POINT('',#3770);
#1284=VERTEX_POINT('',#3772);
#1285=VERTEX_POINT('',#3775);
#1286=VERTEX_POINT('',#3776);
#1287=VERTEX_POINT('',#3778);
#1288=VERTEX_POINT('',#3780);
#1289=VERTEX_POINT('',#3784);
#1290=VERTEX_POINT('',#3786);
#1291=VERTEX_POINT('',#3788);
#1292=VERTEX_POINT('',#3790);
#1293=VERTEX_POINT('',#3792);
#1294=VERTEX_POINT('',#3794);
#1295=VERTEX_POINT('',#3796);
#1296=VERTEX_POINT('',#3798);
#1297=VERTEX_POINT('',#3801);
#1298=VERTEX_POINT('',#3804);
#1299=VERTEX_POINT('',#3808);
#1300=VERTEX_POINT('',#3811);
#1301=VERTEX_POINT('',#3813);
#1302=VERTEX_POINT('',#3818);
#1303=VERTEX_POINT('',#3819);
#1304=VERTEX_POINT('',#3821);
#1305=VERTEX_POINT('',#3823);
#1306=VERTEX_POINT('',#3830);
#1307=VERTEX_POINT('',#3831);
#1308=VERTEX_POINT('',#3837);
#1309=VERTEX_POINT('',#3855);
#1310=VERTEX_POINT('',#3856);
#1311=VERTEX_POINT('',#3864);
#1312=VERTEX_POINT('',#3872);
#1313=VERTEX_POINT('',#3881);
#1314=VERTEX_POINT('',#3884);
#1315=VERTEX_POINT('',#3886);
#1316=VERTEX_POINT('',#3889);
#1317=VERTEX_POINT('',#3970);
#1318=VERTEX_POINT('',#3974);
#1319=VERTEX_POINT('',#4034);
#1320=VERTEX_POINT('',#4062);
#1321=VERTEX_POINT('',#4145);
#1322=VERTEX_POINT('',#4228);
#1323=VERTEX_POINT('',#4364);
#1324=VERTEX_POINT('',#4365);
#1325=VERTEX_POINT('',#4367);
#1326=VERTEX_POINT('',#4391);
#1327=VERTEX_POINT('',#4445);
#1328=VERTEX_POINT('',#4447);
#1329=VERTEX_POINT('',#4497);
#1330=VERTEX_POINT('',#4499);
#1331=VERTEX_POINT('',#4546);
#1332=VERTEX_POINT('',#4548);
#1333=VERTEX_POINT('',#4657);
#1334=VERTEX_POINT('',#4659);
#1335=VERTEX_POINT('',#4663);
#1336=VERTEX_POINT('',#4664);
#1337=VERTEX_POINT('',#4666);
#1338=VERTEX_POINT('',#4668);
#1339=VERTEX_POINT('',#4671);
#1340=VERTEX_POINT('',#4672);
#1341=VERTEX_POINT('',#4675);
#1342=VERTEX_POINT('',#4679);
#1343=VERTEX_POINT('',#4683);
#1344=VERTEX_POINT('',#4684);
#1345=VERTEX_POINT('',#4686);
#1346=VERTEX_POINT('',#4688);
#1347=VERTEX_POINT('',#4691);
#1348=VERTEX_POINT('',#4693);
#1349=VERTEX_POINT('',#4700);
#1350=VERTEX_POINT('',#4702);
#1351=VERTEX_POINT('',#4706);
#1352=VERTEX_POINT('',#4707);
#1353=VERTEX_POINT('',#4709);
#1354=VERTEX_POINT('',#4711);
#1355=VERTEX_POINT('',#4714);
#1356=VERTEX_POINT('',#4715);
#1357=VERTEX_POINT('',#4718);
#1358=VERTEX_POINT('',#4722);
#1359=VERTEX_POINT('',#4726);
#1360=VERTEX_POINT('',#4727);
#1361=VERTEX_POINT('',#4729);
#1362=VERTEX_POINT('',#4731);
#1363=VERTEX_POINT('',#4734);
#1364=VERTEX_POINT('',#4736);
#1365=VERTEX_POINT('',#4743);
#1366=VERTEX_POINT('',#4745);
#1367=VERTEX_POINT('',#4749);
#1368=VERTEX_POINT('',#4750);
#1369=VERTEX_POINT('',#4752);
#1370=VERTEX_POINT('',#4754);
#1371=VERTEX_POINT('',#4757);
#1372=VERTEX_POINT('',#4759);
#1373=VERTEX_POINT('',#4761);
#1374=VERTEX_POINT('',#4765);
#1375=VERTEX_POINT('',#4769);
#1376=VERTEX_POINT('',#4770);
#1377=VERTEX_POINT('',#4772);
#1378=VERTEX_POINT('',#4774);
#1379=VERTEX_POINT('',#4777);
#1380=VERTEX_POINT('',#4778);
#1381=VERTEX_POINT('',#4821);
#1382=VERTEX_POINT('',#4825);
#1383=VERTEX_POINT('',#4832);
#1384=VERTEX_POINT('',#4834);
#1385=VERTEX_POINT('',#4842);
#1386=VERTEX_POINT('',#4844);
#1387=VERTEX_POINT('',#4851);
#1388=VERTEX_POINT('',#4853);
#1389=VERTEX_POINT('',#4857);
#1390=VERTEX_POINT('',#4859);
#1391=VERTEX_POINT('',#4863);
#1392=VERTEX_POINT('',#4865);
#1393=VERTEX_POINT('',#4868);
#1394=VERTEX_POINT('',#4871);
#1395=VERTEX_POINT('',#4874);
#1396=VERTEX_POINT('',#4877);
#1397=VERTEX_POINT('',#4882);
#1398=VERTEX_POINT('',#4885);
#1399=VERTEX_POINT('',#4888);
#1400=VERTEX_POINT('',#4891);
#1401=VERTEX_POINT('',#4894);
#1402=VERTEX_POINT('',#4897);
#1403=LINE('',#3527,#1681);
#1404=LINE('',#3530,#1682);
#1405=LINE('',#3532,#1683);
#1406=LINE('',#3534,#1684);
#1407=LINE('',#3536,#1685);
#1408=LINE('',#3539,#1686);
#1409=LINE('',#3541,#1687);
#1410=LINE('',#3543,#1688);
#1411=LINE('',#3545,#1689);
#1412=LINE('',#3548,#1690);
#1413=LINE('',#3550,#1691);
#1414=LINE('',#3552,#1692);
#1415=LINE('',#3554,#1693);
#1416=LINE('',#3557,#1694);
#1417=LINE('',#3559,#1695);
#1418=LINE('',#3561,#1696);
#1419=LINE('',#3563,#1697);
#1420=LINE('',#3566,#1698);
#1421=LINE('',#3568,#1699);
#1422=LINE('',#3570,#1700);
#1423=LINE('',#3572,#1701);
#1424=LINE('',#3575,#1702);
#1425=LINE('',#3577,#1703);
#1426=LINE('',#3579,#1704);
#1427=LINE('',#3581,#1705);
#1428=LINE('',#3584,#1706);
#1429=LINE('',#3586,#1707);
#1430=LINE('',#3588,#1708);
#1431=LINE('',#3590,#1709);
#1432=LINE('',#3592,#1710);
#1433=LINE('',#3593,#1711);
#1434=LINE('',#3595,#1712);
#1435=LINE('',#3596,#1713);
#1436=LINE('',#3598,#1714);
#1437=LINE('',#3599,#1715);
#1438=LINE('',#3601,#1716);
#1439=LINE('',#3602,#1717);
#1440=LINE('',#3604,#1718);
#1441=LINE('',#3605,#1719);
#1442=LINE('',#3607,#1720);
#1443=LINE('',#3608,#1721);
#1444=LINE('',#3610,#1722);
#1445=LINE('',#3612,#1723);
#1446=LINE('',#3614,#1724);
#1447=LINE('',#3616,#1725);
#1448=LINE('',#3618,#1726);
#1449=LINE('',#3620,#1727);
#1450=LINE('',#3622,#1728);
#1451=LINE('',#3624,#1729);
#1452=LINE('',#3626,#1730);
#1453=LINE('',#3628,#1731);
#1454=LINE('',#3629,#1732);
#1455=LINE('',#3631,#1733);
#1456=LINE('',#3632,#1734);
#1457=LINE('',#3634,#1735);
#1458=LINE('',#3635,#1736);
#1459=LINE('',#3637,#1737);
#1460=LINE('',#3638,#1738);
#1461=LINE('',#3640,#1739);
#1462=LINE('',#3641,#1740);
#1463=LINE('',#3643,#1741);
#1464=LINE('',#3644,#1742);
#1465=LINE('',#3646,#1743);
#1466=LINE('',#3649,#1744);
#1467=LINE('',#3651,#1745);
#1468=LINE('',#3653,#1746);
#1469=LINE('',#3655,#1747);
#1470=LINE('',#3658,#1748);
#1471=LINE('',#3660,#1749);
#1472=LINE('',#3662,#1750);
#1473=LINE('',#3664,#1751);
#1474=LINE('',#3667,#1752);
#1475=LINE('',#3669,#1753);
#1476=LINE('',#3671,#1754);
#1477=LINE('',#3673,#1755);
#1478=LINE('',#3676,#1756);
#1479=LINE('',#3678,#1757);
#1480=LINE('',#3680,#1758);
#1481=LINE('',#3682,#1759);
#1482=LINE('',#3685,#1760);
#1483=LINE('',#3687,#1761);
#1484=LINE('',#3689,#1762);
#1485=LINE('',#3691,#1763);
#1486=LINE('',#3694,#1764);
#1487=LINE('',#3696,#1765);
#1488=LINE('',#3698,#1766);
#1489=LINE('',#3703,#1767);
#1490=LINE('',#3707,#1768);
#1491=LINE('',#3711,#1769);
#1492=LINE('',#3716,#1770);
#1493=LINE('',#3720,#1771);
#1494=LINE('',#3724,#1772);
#1495=LINE('',#3728,#1773);
#1496=LINE('',#3730,#1774);
#1497=LINE('',#3734,#1775);
#1498=LINE('',#3738,#1776);
#1499=LINE('',#3742,#1777);
#1500=LINE('',#3748,#1778);
#1501=LINE('',#3749,#1779);
#1502=LINE('',#3750,#1780);
#1503=LINE('',#3751,#1781);
#1504=LINE('',#3753,#1782);
#1505=LINE('',#3755,#1783);
#1506=LINE('',#3757,#1784);
#1507=LINE('',#3758,#1785);
#1508=LINE('',#3761,#1786);
#1509=LINE('',#3763,#1787);
#1510=LINE('',#3765,#1788);
#1511=LINE('',#3766,#1789);
#1512=LINE('',#3769,#1790);
#1513=LINE('',#3771,#1791);
#1514=LINE('',#3773,#1792);
#1515=LINE('',#3774,#1793);
#1516=LINE('',#3777,#1794);
#1517=LINE('',#3779,#1795);
#1518=LINE('',#3781,#1796);
#1519=LINE('',#3783,#1797);
#1520=LINE('',#3789,#1798);
#1521=LINE('',#3793,#1799);
#1522=LINE('',#3797,#1800);
#1523=LINE('',#3800,#1801);
#1524=LINE('',#3802,#1802);
#1525=LINE('',#3803,#1803);
#1526=LINE('',#3805,#1804);
#1527=LINE('',#3806,#1805);
#1528=LINE('',#3810,#1806);
#1529=LINE('',#3814,#1807);
#1530=LINE('',#3815,#1808);
#1531=LINE('',#3820,#1809);
#1532=LINE('',#3824,#1810);
#1533=LINE('',#3969,#1811);
#1534=LINE('',#3971,#1812);
#1535=LINE('',#3973,#1813);
#1536=LINE('',#3975,#1814);
#1537=LINE('',#3977,#1815);
#1538=LINE('',#4033,#1816);
#1539=LINE('',#4063,#1817);
#1540=LINE('',#4146,#1818);
#1541=LINE('',#4229,#1819);
#1542=LINE('',#4366,#1820);
#1543=LINE('',#4392,#1821);
#1544=LINE('',#4446,#1822);
#1545=LINE('',#4498,#1823);
#1546=LINE('',#4547,#1824);
#1547=LINE('',#4643,#1825);
#1548=LINE('',#4644,#1826);
#1549=LINE('',#4646,#1827);
#1550=LINE('',#4647,#1828);
#1551=LINE('',#4649,#1829);
#1552=LINE('',#4650,#1830);
#1553=LINE('',#4656,#1831);
#1554=LINE('',#4658,#1832);
#1555=LINE('',#4660,#1833);
#1556=LINE('',#4662,#1834);
#1557=LINE('',#4667,#1835);
#1558=LINE('',#4670,#1836);
#1559=LINE('',#4673,#1837);
#1560=LINE('',#4674,#1838);
#1561=LINE('',#4676,#1839);
#1562=LINE('',#4678,#1840);
#1563=LINE('',#4680,#1841);
#1564=LINE('',#4682,#1842);
#1565=LINE('',#4687,#1843);
#1566=LINE('',#4690,#1844);
#1567=LINE('',#4692,#1845);
#1568=LINE('',#4694,#1846);
#1569=LINE('',#4696,#1847);
#1570=LINE('',#4697,#1848);
#1571=LINE('',#4699,#1849);
#1572=LINE('',#4701,#1850);
#1573=LINE('',#4703,#1851);
#1574=LINE('',#4705,#1852);
#1575=LINE('',#4710,#1853);
#1576=LINE('',#4713,#1854);
#1577=LINE('',#4716,#1855);
#1578=LINE('',#4717,#1856);
#1579=LINE('',#4719,#1857);
#1580=LINE('',#4721,#1858);
#1581=LINE('',#4723,#1859);
#1582=LINE('',#4725,#1860);
#1583=LINE('',#4730,#1861);
#1584=LINE('',#4733,#1862);
#1585=LINE('',#4735,#1863);
#1586=LINE('',#4737,#1864);
#1587=LINE('',#4739,#1865);
#1588=LINE('',#4740,#1866);
#1589=LINE('',#4742,#1867);
#1590=LINE('',#4744,#1868);
#1591=LINE('',#4746,#1869);
#1592=LINE('',#4748,#1870);
#1593=LINE('',#4753,#1871);
#1594=LINE('',#4756,#1872);
#1595=LINE('',#4758,#1873);
#1596=LINE('',#4760,#1874);
#1597=LINE('',#4762,#1875);
#1598=LINE('',#4764,#1876);
#1599=LINE('',#4766,#1877);
#1600=LINE('',#4768,#1878);
#1601=LINE('',#4773,#1879);
#1602=LINE('',#4776,#1880);
#1603=LINE('',#4779,#1881);
#1604=LINE('',#4780,#1882);
#1605=LINE('',#4782,#1883);
#1606=LINE('',#4783,#1884);
#1607=LINE('',#4785,#1885);
#1608=LINE('',#4786,#1886);
#1609=LINE('',#4788,#1887);
#1610=LINE('',#4790,#1888);
#1611=LINE('',#4793,#1889);
#1612=LINE('',#4794,#1890);
#1613=LINE('',#4796,#1891);
#1614=LINE('',#4798,#1892);
#1615=LINE('',#4801,#1893);
#1616=LINE('',#4802,#1894);
#1617=LINE('',#4804,#1895);
#1618=LINE('',#4806,#1896);
#1619=LINE('',#4815,#1897);
#1620=LINE('',#4816,#1898);
#1621=LINE('',#4818,#1899);
#1622=LINE('',#4820,#1900);
#1623=LINE('',#4822,#1901);
#1624=LINE('',#4824,#1902);
#1625=LINE('',#4826,#1903);
#1626=LINE('',#4828,#1904);
#1627=LINE('',#4829,#1905);
#1628=LINE('',#4831,#1906);
#1629=LINE('',#4833,#1907);
#1630=LINE('',#4835,#1908);
#1631=LINE('',#4837,#1909);
#1632=LINE('',#4839,#1910);
#1633=LINE('',#4841,#1911);
#1634=LINE('',#4843,#1912);
#1635=LINE('',#4845,#1913);
#1636=LINE('',#4847,#1914);
#1637=LINE('',#4848,#1915);
#1638=LINE('',#4850,#1916);
#1639=LINE('',#4852,#1917);
#1640=LINE('',#4854,#1918);
#1641=LINE('',#4856,#1919);
#1642=LINE('',#4858,#1920);
#1643=LINE('',#4860,#1921);
#1644=LINE('',#4862,#1922);
#1645=LINE('',#4864,#1923);
#1646=LINE('',#4866,#1924);
#1647=LINE('',#4867,#1925);
#1648=LINE('',#4869,#1926);
#1649=LINE('',#4870,#1927);
#1650=LINE('',#4872,#1928);
#1651=LINE('',#4873,#1929);
#1652=LINE('',#4875,#1930);
#1653=LINE('',#4876,#1931);
#1654=LINE('',#4878,#1932);
#1655=LINE('',#4879,#1933);
#1656=LINE('',#4881,#1934);
#1657=LINE('',#4883,#1935);
#1658=LINE('',#4884,#1936);
#1659=LINE('',#4886,#1937);
#1660=LINE('',#4887,#1938);
#1661=LINE('',#4889,#1939);
#1662=LINE('',#4890,#1940);
#1663=LINE('',#4892,#1941);
#1664=LINE('',#4893,#1942);
#1665=LINE('',#4895,#1943);
#1666=LINE('',#4896,#1944);
#1667=LINE('',#4898,#1945);
#1668=LINE('',#4900,#1946);
#1669=LINE('',#4903,#1947);
#1670=LINE('',#4906,#1948);
#1671=LINE('',#4909,#1949);
#1672=LINE('',#4912,#1950);
#1673=LINE('',#4915,#1951);
#1674=LINE('',#4918,#1952);
#1675=LINE('',#4922,#1953);
#1676=LINE('',#4925,#1954);
#1677=LINE('',#4928,#1955);
#1678=LINE('',#4931,#1956);
#1679=LINE('',#4934,#1957);
#1680=LINE('',#4937,#1958);
#1681=VECTOR('',#2945,1.);
#1682=VECTOR('',#2946,1.);
#1683=VECTOR('',#2947,1.);
#1684=VECTOR('',#2948,1.);
#1685=VECTOR('',#2951,1.);
#1686=VECTOR('',#2952,1.);
#1687=VECTOR('',#2953,1.);
#1688=VECTOR('',#2954,1.);
#1689=VECTOR('',#2957,1.);
#1690=VECTOR('',#2958,1.);
#1691=VECTOR('',#2959,1.);
#1692=VECTOR('',#2960,1.);
#1693=VECTOR('',#2963,1.);
#1694=VECTOR('',#2964,1.);
#1695=VECTOR('',#2965,1.);
#1696=VECTOR('',#2966,1.);
#1697=VECTOR('',#2969,1.);
#1698=VECTOR('',#2970,1.);
#1699=VECTOR('',#2971,1.);
#1700=VECTOR('',#2972,1.);
#1701=VECTOR('',#2975,1.);
#1702=VECTOR('',#2976,1.);
#1703=VECTOR('',#2977,1.);
#1704=VECTOR('',#2978,1.);
#1705=VECTOR('',#2981,1.);
#1706=VECTOR('',#2982,1.);
#1707=VECTOR('',#2983,1.);
#1708=VECTOR('',#2984,1.);
#1709=VECTOR('',#2987,1.);
#1710=VECTOR('',#2988,1.);
#1711=VECTOR('',#2989,1.);
#1712=VECTOR('',#2990,1.);
#1713=VECTOR('',#2991,1.);
#1714=VECTOR('',#2992,1.);
#1715=VECTOR('',#2993,1.);
#1716=VECTOR('',#2994,1.);
#1717=VECTOR('',#2995,1.);
#1718=VECTOR('',#2996,1.);
#1719=VECTOR('',#2997,1.);
#1720=VECTOR('',#2998,1.);
#1721=VECTOR('',#2999,1.);
#1722=VECTOR('',#3000,1.);
#1723=VECTOR('',#3001,1.);
#1724=VECTOR('',#3002,1.);
#1725=VECTOR('',#3003,1.);
#1726=VECTOR('',#3006,1.);
#1727=VECTOR('',#3007,1.);
#1728=VECTOR('',#3008,1.);
#1729=VECTOR('',#3009,1.);
#1730=VECTOR('',#3010,1.);
#1731=VECTOR('',#3011,1.);
#1732=VECTOR('',#3012,1.);
#1733=VECTOR('',#3013,1.);
#1734=VECTOR('',#3014,1.);
#1735=VECTOR('',#3015,1.);
#1736=VECTOR('',#3016,1.);
#1737=VECTOR('',#3017,1.);
#1738=VECTOR('',#3018,1.);
#1739=VECTOR('',#3019,1.);
#1740=VECTOR('',#3020,1.);
#1741=VECTOR('',#3021,1.);
#1742=VECTOR('',#3022,1.);
#1743=VECTOR('',#3025,1.);
#1744=VECTOR('',#3026,1.);
#1745=VECTOR('',#3027,1.);
#1746=VECTOR('',#3028,1.);
#1747=VECTOR('',#3031,1.);
#1748=VECTOR('',#3032,1.);
#1749=VECTOR('',#3033,1.);
#1750=VECTOR('',#3034,1.);
#1751=VECTOR('',#3037,1.);
#1752=VECTOR('',#3038,1.);
#1753=VECTOR('',#3039,1.);
#1754=VECTOR('',#3040,1.);
#1755=VECTOR('',#3043,1.);
#1756=VECTOR('',#3044,1.);
#1757=VECTOR('',#3045,1.);
#1758=VECTOR('',#3046,1.);
#1759=VECTOR('',#3049,1.);
#1760=VECTOR('',#3050,1.);
#1761=VECTOR('',#3051,1.);
#1762=VECTOR('',#3052,1.);
#1763=VECTOR('',#3055,1.);
#1764=VECTOR('',#3056,1.);
#1765=VECTOR('',#3057,1.);
#1766=VECTOR('',#3058,1.);
#1767=VECTOR('',#3063,1.);
#1768=VECTOR('',#3066,1.);
#1769=VECTOR('',#3069,1.);
#1770=VECTOR('',#3074,1.);
#1771=VECTOR('',#3077,1.);
#1772=VECTOR('',#3080,1.);
#1773=VECTOR('',#3083,1.);
#1774=VECTOR('',#3086,1.);
#1775=VECTOR('',#3089,1.);
#1776=VECTOR('',#3092,1.);
#1777=VECTOR('',#3095,1.);
#1778=VECTOR('',#3100,1.);
#1779=VECTOR('',#3101,1.);
#1780=VECTOR('',#3102,1.);
#1781=VECTOR('',#3103,1.);
#1782=VECTOR('',#3104,1.);
#1783=VECTOR('',#3105,1.);
#1784=VECTOR('',#3106,1.);
#1785=VECTOR('',#3107,1.);
#1786=VECTOR('',#3108,1.);
#1787=VECTOR('',#3109,1.);
#1788=VECTOR('',#3110,1.);
#1789=VECTOR('',#3111,1.);
#1790=VECTOR('',#3112,1.);
#1791=VECTOR('',#3113,1.);
#1792=VECTOR('',#3114,1.);
#1793=VECTOR('',#3115,1.);
#1794=VECTOR('',#3116,1.);
#1795=VECTOR('',#3117,1.);
#1796=VECTOR('',#3118,1.);
#1797=VECTOR('',#3121,1.);
#1798=VECTOR('',#3126,1.);
#1799=VECTOR('',#3129,1.);
#1800=VECTOR('',#3132,1.);
#1801=VECTOR('',#3135,1.);
#1802=VECTOR('',#3136,1.);
#1803=VECTOR('',#3137,1.);
#1804=VECTOR('',#3138,1.);
#1805=VECTOR('',#3139,1.);
#1806=VECTOR('',#3144,1.);
#1807=VECTOR('',#3147,1.);
#1808=VECTOR('',#3148,1.);
#1809=VECTOR('',#3153,1.);
#1810=VECTOR('',#3156,1.);
#1811=VECTOR('',#3181,1.);
#1812=VECTOR('',#3182,1.);
#1813=VECTOR('',#3185,1.);
#1814=VECTOR('',#3186,1.);
#1815=VECTOR('',#3189,1.);
#1816=VECTOR('',#3192,1.);
#1817=VECTOR('',#3193,1.);
#1818=VECTOR('',#3194,1.);
#1819=VECTOR('',#3195,1.);
#1820=VECTOR('',#3196,1.);
#1821=VECTOR('',#3197,1.);
#1822=VECTOR('',#3198,1.);
#1823=VECTOR('',#3199,1.);
#1824=VECTOR('',#3200,1.);
#1825=VECTOR('',#3207,1.);
#1826=VECTOR('',#3208,1.);
#1827=VECTOR('',#3211,1.);
#1828=VECTOR('',#3212,1.);
#1829=VECTOR('',#3215,1.);
#1830=VECTOR('',#3216,1.);
#1831=VECTOR('',#3227,1.);
#1832=VECTOR('',#3228,1.);
#1833=VECTOR('',#3229,1.);
#1834=VECTOR('',#3232,1.);
#1835=VECTOR('',#3235,1.);
#1836=VECTOR('',#3238,1.);
#1837=VECTOR('',#3239,1.);
#1838=VECTOR('',#3240,1.);
#1839=VECTOR('',#3241,1.);
#1840=VECTOR('',#3244,1.);
#1841=VECTOR('',#3245,1.);
#1842=VECTOR('',#3248,1.);
#1843=VECTOR('',#3251,1.);
#1844=VECTOR('',#3254,1.);
#1845=VECTOR('',#3255,1.);
#1846=VECTOR('',#3256,1.);
#1847=VECTOR('',#3259,1.);
#1848=VECTOR('',#3260,1.);
#1849=VECTOR('',#3263,1.);
#1850=VECTOR('',#3264,1.);
#1851=VECTOR('',#3265,1.);
#1852=VECTOR('',#3268,1.);
#1853=VECTOR('',#3271,1.);
#1854=VECTOR('',#3274,1.);
#1855=VECTOR('',#3275,1.);
#1856=VECTOR('',#3276,1.);
#1857=VECTOR('',#3277,1.);
#1858=VECTOR('',#3280,1.);
#1859=VECTOR('',#3281,1.);
#1860=VECTOR('',#3284,1.);
#1861=VECTOR('',#3287,1.);
#1862=VECTOR('',#3290,1.);
#1863=VECTOR('',#3291,1.);
#1864=VECTOR('',#3292,1.);
#1865=VECTOR('',#3295,1.);
#1866=VECTOR('',#3296,1.);
#1867=VECTOR('',#3299,1.);
#1868=VECTOR('',#3300,1.);
#1869=VECTOR('',#3301,1.);
#1870=VECTOR('',#3304,1.);
#1871=VECTOR('',#3307,1.);
#1872=VECTOR('',#3310,1.);
#1873=VECTOR('',#3311,1.);
#1874=VECTOR('',#3312,1.);
#1875=VECTOR('',#3313,1.);
#1876=VECTOR('',#3316,1.);
#1877=VECTOR('',#3317,1.);
#1878=VECTOR('',#3320,1.);
#1879=VECTOR('',#3323,1.);
#1880=VECTOR('',#3326,1.);
#1881=VECTOR('',#3327,1.);
#1882=VECTOR('',#3328,1.);
#1883=VECTOR('',#3331,1.);
#1884=VECTOR('',#3332,1.);
#1885=VECTOR('',#3335,1.);
#1886=VECTOR('',#3336,1.);
#1887=VECTOR('',#3339,1.);
#1888=VECTOR('',#3342,1.);
#1889=VECTOR('',#3347,1.);
#1890=VECTOR('',#3348,1.);
#1891=VECTOR('',#3351,1.);
#1892=VECTOR('',#3354,1.);
#1893=VECTOR('',#3359,1.);
#1894=VECTOR('',#3360,1.);
#1895=VECTOR('',#3363,1.);
#1896=VECTOR('',#3366,1.);
#1897=VECTOR('',#3383,1.);
#1898=VECTOR('',#3384,1.);
#1899=VECTOR('',#3387,1.);
#1900=VECTOR('',#3390,1.);
#1901=VECTOR('',#3391,1.);
#1902=VECTOR('',#3394,1.);
#1903=VECTOR('',#3395,1.);
#1904=VECTOR('',#3398,1.);
#1905=VECTOR('',#3399,1.);
#1906=VECTOR('',#3402,1.);
#1907=VECTOR('',#3403,1.);
#1908=VECTOR('',#3404,1.);
#1909=VECTOR('',#3407,1.);
#1910=VECTOR('',#3410,1.);
#1911=VECTOR('',#3413,1.);
#1912=VECTOR('',#3414,1.);
#1913=VECTOR('',#3415,1.);
#1914=VECTOR('',#3418,1.);
#1915=VECTOR('',#3419,1.);
#1916=VECTOR('',#3422,1.);
#1917=VECTOR('',#3423,1.);
#1918=VECTOR('',#3424,1.);
#1919=VECTOR('',#3427,1.);
#1920=VECTOR('',#3428,1.);
#1921=VECTOR('',#3429,1.);
#1922=VECTOR('',#3432,1.);
#1923=VECTOR('',#3433,1.);
#1924=VECTOR('',#3434,1.);
#1925=VECTOR('',#3435,1.);
#1926=VECTOR('',#3436,1.);
#1927=VECTOR('',#3437,1.);
#1928=VECTOR('',#3438,1.);
#1929=VECTOR('',#3439,1.);
#1930=VECTOR('',#3440,1.);
#1931=VECTOR('',#3441,1.);
#1932=VECTOR('',#3442,1.);
#1933=VECTOR('',#3443,1.);
#1934=VECTOR('',#3446,1.);
#1935=VECTOR('',#3447,1.);
#1936=VECTOR('',#3448,1.);
#1937=VECTOR('',#3449,1.);
#1938=VECTOR('',#3450,1.);
#1939=VECTOR('',#3451,1.);
#1940=VECTOR('',#3452,1.);
#1941=VECTOR('',#3453,1.);
#1942=VECTOR('',#3454,1.);
#1943=VECTOR('',#3455,1.);
#1944=VECTOR('',#3456,1.);
#1945=VECTOR('',#3457,1.);
#1946=VECTOR('',#3460,1.);
#1947=VECTOR('',#3465,1.);
#1948=VECTOR('',#3470,1.);
#1949=VECTOR('',#3475,1.);
#1950=VECTOR('',#3480,1.);
#1951=VECTOR('',#3485,1.);
#1952=VECTOR('',#3490,1.);
#1953=VECTOR('',#3497,1.);
#1954=VECTOR('',#3502,1.);
#1955=VECTOR('',#3507,1.);
#1956=VECTOR('',#3512,1.);
#1957=VECTOR('',#3517,1.);
#1958=VECTOR('',#3522,1.);
#1959=EDGE_LOOP('',(#159,#160,#161,#162));
#1960=EDGE_LOOP('',(#163,#164,#165,#166));
#1961=EDGE_LOOP('',(#167,#168,#169,#170));
#1962=EDGE_LOOP('',(#171,#172,#173,#174));
#1963=EDGE_LOOP('',(#175,#176,#177,#178));
#1964=EDGE_LOOP('',(#179,#180,#181,#182));
#1965=EDGE_LOOP('',(#183,#184,#185,#186));
#1966=EDGE_LOOP('',(#187,#188,#189,#190,#191,#192,#193,#194,#195,#196,#197,
#198,#199,#200,#201,#202,#203,#204,#205,#206,#207,#208,#209,#210));
#1967=EDGE_LOOP('',(#211,#212,#213,#214,#215,#216,#217,#218,#219,#220,#221,
#222,#223,#224,#225,#226,#227,#228,#229,#230,#231,#232,#233,#234));
#1968=EDGE_LOOP('',(#235,#236,#237,#238));
#1969=EDGE_LOOP('',(#239,#240,#241,#242));
#1970=EDGE_LOOP('',(#243,#244,#245,#246));
#1971=EDGE_LOOP('',(#247,#248,#249,#250));
#1972=EDGE_LOOP('',(#251,#252,#253,#254));
#1973=EDGE_LOOP('',(#255,#256,#257,#258));
#1974=EDGE_LOOP('',(#259,#260,#261,#262,#263,#264));
#1975=EDGE_LOOP('',(#265,#266,#267,#268,#269,#270,#271,#272));
#1976=EDGE_LOOP('',(#273,#274,#275,#276,#277,#278,#279,#280,#281,#282,#283,
#284,#285,#286,#287,#288,#289,#290));
#1977=EDGE_LOOP('',(#291,#292,#293,#294));
#1978=EDGE_LOOP('',(#295,#296,#297,#298));
#1979=EDGE_LOOP('',(#299,#300,#301,#302));
#1980=EDGE_LOOP('',(#303,#304,#305,#306,#307,#308,#309,#310,#311,#312,#313,
#314,#315,#316,#317,#318,#319,#320,#321,#322));
#1981=EDGE_LOOP('',(#323));
#1982=EDGE_LOOP('',(#324,#325,#326,#327,#328,#329));
#1983=EDGE_LOOP('',(#330,#331,#332,#333));
#1984=EDGE_LOOP('',(#334,#335,#336));
#1985=EDGE_LOOP('',(#337,#338,#339,#340));
#1986=EDGE_LOOP('',(#341));
#1987=EDGE_LOOP('',(#342));
#1988=EDGE_LOOP('',(#343,#344,#345));
#1989=EDGE_LOOP('',(#346));
#1990=EDGE_LOOP('',(#347));
#1991=EDGE_LOOP('',(#348));
#1992=EDGE_LOOP('',(#349,#350));
#1993=EDGE_LOOP('',(#351,#352,#353));
#1994=EDGE_LOOP('',(#354,#355,#356,#357));
#1995=EDGE_LOOP('',(#358,#359,#360));
#1996=EDGE_LOOP('',(#361,#362,#363));
#1997=EDGE_LOOP('',(#364,#365,#366,#367));
#1998=EDGE_LOOP('',(#368,#369,#370));
#1999=EDGE_LOOP('',(#371,#372,#373,#374));
#2000=EDGE_LOOP('',(#375,#376,#377,#378));
#2001=EDGE_LOOP('',(#379,#380,#381,#382));
#2002=EDGE_LOOP('',(#383,#384,#385,#386));
#2003=EDGE_LOOP('',(#387,#388,#389,#390));
#2004=EDGE_LOOP('',(#391,#392,#393,#394));
#2005=EDGE_LOOP('',(#395,#396,#397,#398));
#2006=EDGE_LOOP('',(#399,#400,#401,#402));
#2007=EDGE_LOOP('',(#403,#404,#405,#406));
#2008=EDGE_LOOP('',(#407,#408,#409,#410));
#2009=EDGE_LOOP('',(#411,#412,#413,#414,#415));
#2010=EDGE_LOOP('',(#416,#417,#418,#419));
#2011=EDGE_LOOP('',(#420,#421,#422,#423,#424));
#2012=EDGE_LOOP('',(#425,#426,#427,#428));
#2013=EDGE_LOOP('',(#429,#430,#431,#432));
#2014=EDGE_LOOP('',(#433,#434,#435,#436));
#2015=EDGE_LOOP('',(#437,#438,#439,#440));
#2016=EDGE_LOOP('',(#441,#442,#443,#444));
#2017=EDGE_LOOP('',(#445,#446,#447,#448));
#2018=EDGE_LOOP('',(#449,#450,#451,#452));
#2019=EDGE_LOOP('',(#453,#454,#455,#456));
#2020=EDGE_LOOP('',(#457,#458,#459,#460));
#2021=EDGE_LOOP('',(#461,#462,#463,#464,#465,#466));
#2022=EDGE_LOOP('',(#467,#468,#469,#470));
#2023=EDGE_LOOP('',(#471,#472,#473,#474));
#2024=EDGE_LOOP('',(#475,#476,#477,#478,#479,#480));
#2025=EDGE_LOOP('',(#481,#482,#483,#484));
#2026=EDGE_LOOP('',(#485,#486,#487,#488));
#2027=EDGE_LOOP('',(#489,#490,#491,#492));
#2028=EDGE_LOOP('',(#493,#494,#495,#496,#497,#498));
#2029=EDGE_LOOP('',(#499,#500,#501,#502));
#2030=EDGE_LOOP('',(#503,#504,#505,#506));
#2031=EDGE_LOOP('',(#507,#508,#509,#510,#511,#512));
#2032=EDGE_LOOP('',(#513,#514,#515,#516));
#2033=EDGE_LOOP('',(#517,#518,#519,#520));
#2034=EDGE_LOOP('',(#521,#522,#523,#524));
#2035=EDGE_LOOP('',(#525,#526,#527,#528,#529,#530));
#2036=EDGE_LOOP('',(#531,#532,#533,#534));
#2037=EDGE_LOOP('',(#535,#536,#537,#538));
#2038=EDGE_LOOP('',(#539,#540,#541,#542,#543,#544));
#2039=EDGE_LOOP('',(#545,#546,#547,#548));
#2040=EDGE_LOOP('',(#549,#550,#551,#552));
#2041=EDGE_LOOP('',(#553,#554,#555,#556));
#2042=EDGE_LOOP('',(#557,#558,#559,#560));
#2043=EDGE_LOOP('',(#561,#562,#563,#564));
#2044=EDGE_LOOP('',(#565,#566,#567,#568));
#2045=EDGE_LOOP('',(#569,#570,#571,#572));
#2046=EDGE_LOOP('',(#573,#574,#575,#576));
#2047=EDGE_LOOP('',(#577,#578,#579,#580));
#2048=EDGE_LOOP('',(#581,#582,#583,#584));
#2049=EDGE_LOOP('',(#585,#586,#587,#588));
#2050=EDGE_LOOP('',(#589,#590,#591,#592));
#2051=EDGE_LOOP('',(#593,#594,#595,#596));
#2052=EDGE_LOOP('',(#597,#598,#599,#600));
#2053=EDGE_LOOP('',(#601,#602,#603,#604));
#2054=EDGE_LOOP('',(#605,#606,#607,#608));
#2055=EDGE_LOOP('',(#609,#610,#611,#612));
#2056=EDGE_LOOP('',(#613,#614,#615,#616));
#2057=EDGE_LOOP('',(#617,#618,#619,#620));
#2058=EDGE_LOOP('',(#621,#622,#623,#624,#625,#626,#627,#628));
#2059=EDGE_LOOP('',(#629,#630,#631,#632));
#2060=EDGE_LOOP('',(#633,#634,#635,#636));
#2061=EDGE_LOOP('',(#637,#638,#639,#640));
#2062=EDGE_LOOP('',(#641,#642,#643,#644,#645,#646));
#2063=EDGE_LOOP('',(#647,#648,#649,#650,#651,#652,#653,#654));
#2064=EDGE_LOOP('',(#655,#656,#657,#658,#659,#660));
#2065=EDGE_LOOP('',(#661,#662,#663,#664,#665,#666));
#2066=EDGE_LOOP('',(#667,#668,#669,#670));
#2067=EDGE_LOOP('',(#671,#672,#673,#674));
#2068=EDGE_LOOP('',(#675,#676,#677,#678));
#2069=EDGE_LOOP('',(#679,#680,#681,#682));
#2070=EDGE_LOOP('',(#683,#684,#685,#686,#687,#688,#689,#690,#691,#692,#693,
#694,#695,#696,#697,#698,#699,#700,#701,#702,#703,#704,#705,#706));
#2071=EDGE_LOOP('',(#707,#708,#709,#710,#711,#712,#713,#714,#715,#716,#717,
#718,#719,#720,#721,#722,#723,#724,#725,#726,#727,#728,#729,#730));
#2072=EDGE_LOOP('',(#731,#732,#733,#734));
#2073=EDGE_LOOP('',(#735,#736,#737,#738));
#2074=EDGE_LOOP('',(#739,#740,#741,#742));
#2075=EDGE_LOOP('',(#743,#744,#745,#746));
#2076=EDGE_LOOP('',(#747,#748,#749,#750));
#2077=EDGE_LOOP('',(#751,#752,#753,#754));
#2078=EDGE_LOOP('',(#755,#756,#757,#758));
#2079=EDGE_LOOP('',(#759,#760,#761,#762));
#2080=EDGE_LOOP('',(#763,#764,#765,#766));
#2081=EDGE_LOOP('',(#767,#768,#769,#770));
#2082=EDGE_LOOP('',(#771,#772,#773,#774));
#2083=EDGE_LOOP('',(#775,#776,#777,#778));
#2084=EDGE_LOOP('',(#779,#780,#781,#782));
#2085=EDGE_LOOP('',(#783,#784,#785,#786));
#2086=EDGE_LOOP('',(#787,#788,#789,#790));
#2087=EDGE_LOOP('',(#791,#792,#793,#794));
#2088=EDGE_LOOP('',(#795,#796,#797,#798));
#2089=EDGE_LOOP('',(#799,#800,#801,#802));
#2090=EDGE_LOOP('',(#803,#804,#805,#806));
#2091=EDGE_LOOP('',(#807,#808,#809,#810));
#2092=EDGE_LOOP('',(#811,#812,#813,#814));
#2093=EDGE_LOOP('',(#815,#816,#817,#818));
#2094=EDGE_LOOP('',(#819,#820,#821,#822));
#2095=EDGE_LOOP('',(#823,#824,#825,#826));
#2096=EDGE_LOOP('',(#827,#828,#829,#830));
#2097=EDGE_LOOP('',(#831,#832,#833,#834));
#2098=EDGE_LOOP('',(#835,#836,#837,#838));
#2099=FACE_BOUND('',#1959,.T.);
#2100=FACE_BOUND('',#1960,.T.);
#2101=FACE_BOUND('',#1961,.T.);
#2102=FACE_BOUND('',#1962,.T.);
#2103=FACE_BOUND('',#1963,.T.);
#2104=FACE_BOUND('',#1964,.T.);
#2105=FACE_BOUND('',#1965,.T.);
#2106=FACE_BOUND('',#1966,.T.);
#2107=FACE_BOUND('',#1967,.T.);
#2108=FACE_BOUND('',#1968,.T.);
#2109=FACE_BOUND('',#1969,.T.);
#2110=FACE_BOUND('',#1970,.T.);
#2111=FACE_BOUND('',#1971,.T.);
#2112=FACE_BOUND('',#1972,.T.);
#2113=FACE_BOUND('',#1973,.T.);
#2114=FACE_BOUND('',#1974,.T.);
#2115=FACE_BOUND('',#1975,.T.);
#2116=FACE_BOUND('',#1976,.T.);
#2117=FACE_BOUND('',#1977,.T.);
#2118=FACE_BOUND('',#1978,.T.);
#2119=FACE_BOUND('',#1979,.T.);
#2120=FACE_BOUND('',#1980,.T.);
#2121=FACE_BOUND('',#1981,.T.);
#2122=FACE_BOUND('',#1982,.T.);
#2123=FACE_BOUND('',#1983,.T.);
#2124=FACE_BOUND('',#1984,.T.);
#2125=FACE_BOUND('',#1985,.T.);
#2126=FACE_BOUND('',#1986,.T.);
#2127=FACE_BOUND('',#1987,.T.);
#2128=FACE_BOUND('',#1988,.T.);
#2129=FACE_BOUND('',#1989,.T.);
#2130=FACE_BOUND('',#1990,.T.);
#2131=FACE_BOUND('',#1991,.T.);
#2132=FACE_BOUND('',#1992,.T.);
#2133=FACE_BOUND('',#1993,.T.);
#2134=FACE_BOUND('',#1994,.T.);
#2135=FACE_BOUND('',#1995,.T.);
#2136=FACE_BOUND('',#1996,.T.);
#2137=FACE_BOUND('',#1997,.T.);
#2138=FACE_BOUND('',#1998,.T.);
#2139=FACE_BOUND('',#1999,.T.);
#2140=FACE_BOUND('',#2000,.T.);
#2141=FACE_BOUND('',#2001,.T.);
#2142=FACE_BOUND('',#2002,.T.);
#2143=FACE_BOUND('',#2003,.T.);
#2144=FACE_BOUND('',#2004,.T.);
#2145=FACE_BOUND('',#2005,.T.);
#2146=FACE_BOUND('',#2006,.T.);
#2147=FACE_BOUND('',#2007,.T.);
#2148=FACE_BOUND('',#2008,.T.);
#2149=FACE_BOUND('',#2009,.T.);
#2150=FACE_BOUND('',#2010,.T.);
#2151=FACE_BOUND('',#2011,.T.);
#2152=FACE_BOUND('',#2012,.T.);
#2153=FACE_BOUND('',#2013,.T.);
#2154=FACE_BOUND('',#2014,.T.);
#2155=FACE_BOUND('',#2015,.T.);
#2156=FACE_BOUND('',#2016,.T.);
#2157=FACE_BOUND('',#2017,.T.);
#2158=FACE_BOUND('',#2018,.T.);
#2159=FACE_BOUND('',#2019,.T.);
#2160=FACE_BOUND('',#2020,.T.);
#2161=FACE_BOUND('',#2021,.T.);
#2162=FACE_BOUND('',#2022,.T.);
#2163=FACE_BOUND('',#2023,.T.);
#2164=FACE_BOUND('',#2024,.T.);
#2165=FACE_BOUND('',#2025,.T.);
#2166=FACE_BOUND('',#2026,.T.);
#2167=FACE_BOUND('',#2027,.T.);
#2168=FACE_BOUND('',#2028,.T.);
#2169=FACE_BOUND('',#2029,.T.);
#2170=FACE_BOUND('',#2030,.T.);
#2171=FACE_BOUND('',#2031,.T.);
#2172=FACE_BOUND('',#2032,.T.);
#2173=FACE_BOUND('',#2033,.T.);
#2174=FACE_BOUND('',#2034,.T.);
#2175=FACE_BOUND('',#2035,.T.);
#2176=FACE_BOUND('',#2036,.T.);
#2177=FACE_BOUND('',#2037,.T.);
#2178=FACE_BOUND('',#2038,.T.);
#2179=FACE_BOUND('',#2039,.T.);
#2180=FACE_BOUND('',#2040,.T.);
#2181=FACE_BOUND('',#2041,.T.);
#2182=FACE_BOUND('',#2042,.T.);
#2183=FACE_BOUND('',#2043,.T.);
#2184=FACE_BOUND('',#2044,.T.);
#2185=FACE_BOUND('',#2045,.T.);
#2186=FACE_BOUND('',#2046,.T.);
#2187=FACE_BOUND('',#2047,.T.);
#2188=FACE_BOUND('',#2048,.T.);
#2189=FACE_BOUND('',#2049,.T.);
#2190=FACE_BOUND('',#2050,.T.);
#2191=FACE_BOUND('',#2051,.T.);
#2192=FACE_BOUND('',#2052,.T.);
#2193=FACE_BOUND('',#2053,.T.);
#2194=FACE_BOUND('',#2054,.T.);
#2195=FACE_BOUND('',#2055,.T.);
#2196=FACE_BOUND('',#2056,.T.);
#2197=FACE_BOUND('',#2057,.T.);
#2198=FACE_BOUND('',#2058,.T.);
#2199=FACE_BOUND('',#2059,.T.);
#2200=FACE_BOUND('',#2060,.T.);
#2201=FACE_BOUND('',#2061,.T.);
#2202=FACE_BOUND('',#2062,.T.);
#2203=FACE_BOUND('',#2063,.T.);
#2204=FACE_BOUND('',#2064,.T.);
#2205=FACE_BOUND('',#2065,.T.);
#2206=FACE_BOUND('',#2066,.T.);
#2207=FACE_BOUND('',#2067,.T.);
#2208=FACE_BOUND('',#2068,.T.);
#2209=FACE_BOUND('',#2069,.T.);
#2210=FACE_BOUND('',#2070,.T.);
#2211=FACE_BOUND('',#2071,.T.);
#2212=FACE_BOUND('',#2072,.T.);
#2213=FACE_BOUND('',#2073,.T.);
#2214=FACE_BOUND('',#2074,.T.);
#2215=FACE_BOUND('',#2075,.T.);
#2216=FACE_BOUND('',#2076,.T.);
#2217=FACE_BOUND('',#2077,.T.);
#2218=FACE_BOUND('',#2078,.T.);
#2219=FACE_BOUND('',#2079,.T.);
#2220=FACE_BOUND('',#2080,.T.);
#2221=FACE_BOUND('',#2081,.T.);
#2222=FACE_BOUND('',#2082,.T.);
#2223=FACE_BOUND('',#2083,.T.);
#2224=FACE_BOUND('',#2084,.T.);
#2225=FACE_BOUND('',#2085,.T.);
#2226=FACE_BOUND('',#2086,.T.);
#2227=FACE_BOUND('',#2087,.T.);
#2228=FACE_BOUND('',#2088,.T.);
#2229=FACE_BOUND('',#2089,.T.);
#2230=FACE_BOUND('',#2090,.T.);
#2231=FACE_BOUND('',#2091,.T.);
#2232=FACE_BOUND('',#2092,.T.);
#2233=FACE_BOUND('',#2093,.T.);
#2234=FACE_BOUND('',#2094,.T.);
#2235=FACE_BOUND('',#2095,.T.);
#2236=FACE_BOUND('',#2096,.T.);
#2237=FACE_BOUND('',#2097,.T.);
#2238=FACE_BOUND('',#2098,.T.);
#2239=PLANE('',#2789);
#2240=PLANE('',#2790);
#2241=PLANE('',#2791);
#2242=PLANE('',#2792);
#2243=PLANE('',#2793);
#2244=PLANE('',#2794);
#2245=PLANE('',#2795);
#2246=PLANE('',#2796);
#2247=PLANE('',#2797);
#2248=PLANE('',#2798);
#2249=PLANE('',#2799);
#2250=PLANE('',#2800);
#2251=PLANE('',#2801);
#2252=PLANE('',#2802);
#2253=PLANE('',#2803);
#2254=PLANE('',#2813);
#2255=PLANE('',#2819);
#2256=PLANE('',#2833);
#2257=PLANE('',#2842);
#2258=PLANE('',#2843);
#2259=PLANE('',#2844);
#2260=PLANE('',#2845);
#2261=PLANE('',#2846);
#2262=PLANE('',#2848);
#2263=PLANE('',#2849);
#2264=PLANE('',#2850);
#2265=PLANE('',#2855);
#2266=PLANE('',#2856);
#2267=PLANE('',#2859);
#2268=PLANE('',#2860);
#2269=PLANE('',#2863);
#2270=PLANE('',#2864);
#2271=PLANE('',#2865);
#2272=PLANE('',#2868);
#2273=PLANE('',#2869);
#2274=PLANE('',#2872);
#2275=PLANE('',#2873);
#2276=PLANE('',#2874);
#2277=PLANE('',#2877);
#2278=PLANE('',#2878);
#2279=PLANE('',#2881);
#2280=PLANE('',#2882);
#2281=PLANE('',#2884);
#2282=PLANE('',#2886);
#2283=PLANE('',#2888);
#2284=PLANE('',#2891);
#2285=PLANE('',#2893);
#2286=PLANE('',#2894);
#2287=PLANE('',#2895);
#2288=PLANE('',#2896);
#2289=PLANE('',#2897);
#2290=PLANE('',#2898);
#2291=PLANE('',#2899);
#2292=PLANE('',#2900);
#2293=PLANE('',#2901);
#2294=PLANE('',#2902);
#2295=PLANE('',#2903);
#2296=PLANE('',#2904);
#2297=PLANE('',#2905);
#2298=PLANE('',#2906);
#2299=PLANE('',#2907);
#2300=PLANE('',#2908);
#2301=PLANE('',#2909);
#2302=PLANE('',#2910);
#2303=PLANE('',#2911);
#2304=PLANE('',#2912);
#2305=PLANE('',#2913);
#2306=PLANE('',#2914);
#2307=PLANE('',#2915);
#2308=PLANE('',#2916);
#2309=PLANE('',#2917);
#2310=PLANE('',#2918);
#2311=PLANE('',#2919);
#2312=PLANE('',#2920);
#2313=PLANE('',#2921);
#2314=PLANE('',#2922);
#2315=PLANE('',#2923);
#2316=PLANE('',#2924);
#2317=PLANE('',#2925);
#2318=PLANE('',#2926);
#2319=PLANE('',#2927);
#2320=PLANE('',#2928);
#2321=PLANE('',#2929);
#2322=PLANE('',#2930);
#2323=PLANE('',#2931);
#2324=PLANE('',#2932);
#2325=PLANE('',#2933);
#2326=PLANE('',#2934);
#2327=PLANE('',#2935);
#2328=PLANE('',#2936);
#2329=PLANE('',#2937);
#2330=PLANE('',#2938);
#2331=PLANE('',#2939);
#2332=PLANE('',#2940);
#2333=ADVANCED_FACE('',(#2099),#2239,.T.);
#2334=ADVANCED_FACE('',(#2100),#2240,.T.);
#2335=ADVANCED_FACE('',(#2101),#2241,.T.);
#2336=ADVANCED_FACE('',(#2102),#2242,.T.);
#2337=ADVANCED_FACE('',(#2103),#2243,.T.);
#2338=ADVANCED_FACE('',(#2104),#2244,.T.);
#2339=ADVANCED_FACE('',(#2105),#2245,.T.);
#2340=ADVANCED_FACE('',(#2106),#2246,.T.);
#2341=ADVANCED_FACE('',(#2107),#2247,.F.);
#2342=ADVANCED_FACE('',(#2108),#2248,.F.);
#2343=ADVANCED_FACE('',(#2109),#2249,.F.);
#2344=ADVANCED_FACE('',(#2110),#2250,.F.);
#2345=ADVANCED_FACE('',(#2111),#2251,.F.);
#2346=ADVANCED_FACE('',(#2112),#2252,.F.);
#2347=ADVANCED_FACE('',(#2113),#2253,.F.);
#2348=ADVANCED_FACE('',(#2114),#143,.T.);
#2349=ADVANCED_FACE('',(#2115),#144,.T.);
#2350=ADVANCED_FACE('',(#2116,#2117,#2118,#2119),#2254,.T.);
#2351=ADVANCED_FACE('',(#2120,#2121),#2255,.F.);
#2352=ADVANCED_FACE('',(#2122),#145,.T.);
#2353=ADVANCED_FACE('',(#2123,#2124,#2125),#146,.F.);
#2354=ADVANCED_FACE('',(#2126,#2127),#147,.T.);
#2355=ADVANCED_FACE('',(#2128,#2129),#2256,.T.);
#2356=ADVANCED_FACE('',(#2130,#2131),#24,.T.);
#2357=ADVANCED_FACE('',(#2132),#25,.T.);
#2358=ADVANCED_FACE('',(#2133),#21,.T.);
#2359=ADVANCED_FACE('',(#2134),#22,.T.);
#2360=ADVANCED_FACE('',(#2135),#23,.T.);
#2361=ADVANCED_FACE('',(#2136),#2257,.T.);
#2362=ADVANCED_FACE('',(#2137),#2258,.T.);
#2363=ADVANCED_FACE('',(#2138),#2259,.T.);
#2364=ADVANCED_FACE('',(#2139),#2260,.F.);
#2365=ADVANCED_FACE('',(#2140),#12,.T.);
#2366=ADVANCED_FACE('',(#2141),#13,.T.);
#2367=ADVANCED_FACE('',(#2142),#14,.T.);
#2368=ADVANCED_FACE('',(#2143),#15,.T.);
#2369=ADVANCED_FACE('',(#2144),#16,.T.);
#2370=ADVANCED_FACE('',(#2145),#17,.T.);
#2371=ADVANCED_FACE('',(#2146),#18,.T.);
#2372=ADVANCED_FACE('',(#2147),#19,.T.);
#2373=ADVANCED_FACE('',(#2148),#20,.T.);
#2374=ADVANCED_FACE('',(#2149,#2150),#2261,.T.);
#2375=ADVANCED_FACE('',(#2151),#148,.F.);
#2376=ADVANCED_FACE('',(#2152),#2262,.F.);
#2377=ADVANCED_FACE('',(#2153),#2263,.F.);
#2378=ADVANCED_FACE('',(#2154),#2264,.F.);
#2379=ADVANCED_FACE('',(#2155),#149,.F.);
#2380=ADVANCED_FACE('',(#2156),#150,.F.);
#2381=ADVANCED_FACE('',(#2157),#151,.T.);
#2382=ADVANCED_FACE('',(#2158),#152,.T.);
#2383=ADVANCED_FACE('',(#2159),#2265,.F.);
#2384=ADVANCED_FACE('',(#2160,#2161),#2266,.F.);
#2385=ADVANCED_FACE('',(#2162),#2267,.F.);
#2386=ADVANCED_FACE('',(#2163,#2164),#2268,.F.);
#2387=ADVANCED_FACE('',(#2165),#2269,.T.);
#2388=ADVANCED_FACE('',(#2166),#2270,.F.);
#2389=ADVANCED_FACE('',(#2167,#2168),#2271,.F.);
#2390=ADVANCED_FACE('',(#2169),#2272,.F.);
#2391=ADVANCED_FACE('',(#2170,#2171),#2273,.F.);
#2392=ADVANCED_FACE('',(#2172),#2274,.T.);
#2393=ADVANCED_FACE('',(#2173),#2275,.F.);
#2394=ADVANCED_FACE('',(#2174,#2175),#2276,.F.);
#2395=ADVANCED_FACE('',(#2176),#2277,.F.);
#2396=ADVANCED_FACE('',(#2177,#2178),#2278,.F.);
#2397=ADVANCED_FACE('',(#2179),#2279,.T.);
#2398=ADVANCED_FACE('',(#2180),#2280,.F.);
#2399=ADVANCED_FACE('',(#2181),#153,.F.);
#2400=ADVANCED_FACE('',(#2182),#2281,.F.);
#2401=ADVANCED_FACE('',(#2183),#154,.F.);
#2402=ADVANCED_FACE('',(#2184),#2282,.F.);
#2403=ADVANCED_FACE('',(#2185),#155,.F.);
#2404=ADVANCED_FACE('',(#2186),#2283,.F.);
#2405=ADVANCED_FACE('',(#2187),#156,.F.);
#2406=ADVANCED_FACE('',(#2188),#157,.F.);
#2407=ADVANCED_FACE('',(#2189),#2284,.F.);
#2408=ADVANCED_FACE('',(#2190),#158,.F.);
#2409=ADVANCED_FACE('',(#2191),#2285,.F.);
#2410=ADVANCED_FACE('',(#2192),#2286,.T.);
#2411=ADVANCED_FACE('',(#2193),#2287,.T.);
#2412=ADVANCED_FACE('',(#2194),#2288,.T.);
#2413=ADVANCED_FACE('',(#2195),#2289,.T.);
#2414=ADVANCED_FACE('',(#2196),#2290,.T.);
#2415=ADVANCED_FACE('',(#2197),#2291,.T.);
#2416=ADVANCED_FACE('',(#2198),#2292,.F.);
#2417=ADVANCED_FACE('',(#2199),#2293,.T.);
#2418=ADVANCED_FACE('',(#2200),#2294,.F.);
#2419=ADVANCED_FACE('',(#2201),#2295,.F.);
#2420=ADVANCED_FACE('',(#2202),#2296,.T.);
#2421=ADVANCED_FACE('',(#2203),#2297,.F.);
#2422=ADVANCED_FACE('',(#2204),#2298,.F.);
#2423=ADVANCED_FACE('',(#2205),#2299,.F.);
#2424=ADVANCED_FACE('',(#2206),#2300,.F.);
#2425=ADVANCED_FACE('',(#2207),#2301,.F.);
#2426=ADVANCED_FACE('',(#2208),#2302,.F.);
#2427=ADVANCED_FACE('',(#2209),#2303,.F.);
#2428=ADVANCED_FACE('',(#2210),#2304,.T.);
#2429=ADVANCED_FACE('',(#2211),#2305,.F.);
#2430=ADVANCED_FACE('',(#2212),#2306,.F.);
#2431=ADVANCED_FACE('',(#2213),#2307,.F.);
#2432=ADVANCED_FACE('',(#2214),#2308,.F.);
#2433=ADVANCED_FACE('',(#2215),#2309,.F.);
#2434=ADVANCED_FACE('',(#2216),#2310,.F.);
#2435=ADVANCED_FACE('',(#2217),#2311,.F.);
#2436=ADVANCED_FACE('',(#2218),#2312,.F.);
#2437=ADVANCED_FACE('',(#2219),#2313,.F.);
#2438=ADVANCED_FACE('',(#2220),#2314,.F.);
#2439=ADVANCED_FACE('',(#2221),#2315,.F.);
#2440=ADVANCED_FACE('',(#2222),#2316,.F.);
#2441=ADVANCED_FACE('',(#2223),#2317,.F.);
#2442=ADVANCED_FACE('',(#2224),#2318,.T.);
#2443=ADVANCED_FACE('',(#2225),#2319,.T.);
#2444=ADVANCED_FACE('',(#2226),#2320,.T.);
#2445=ADVANCED_FACE('',(#2227),#2321,.T.);
#2446=ADVANCED_FACE('',(#2228),#2322,.T.);
#2447=ADVANCED_FACE('',(#2229),#2323,.T.);
#2448=ADVANCED_FACE('',(#2230),#2324,.T.);
#2449=ADVANCED_FACE('',(#2231),#2325,.T.);
#2450=ADVANCED_FACE('',(#2232),#2326,.T.);
#2451=ADVANCED_FACE('',(#2233),#2327,.T.);
#2452=ADVANCED_FACE('',(#2234),#2328,.T.);
#2453=ADVANCED_FACE('',(#2235),#2329,.T.);
#2454=ADVANCED_FACE('',(#2236),#2330,.T.);
#2455=ADVANCED_FACE('',(#2237),#2331,.T.);
#2456=ADVANCED_FACE('',(#2238),#2332,.T.);
#2457=CLOSED_SHELL('',(#2333,#2334,#2335,#2336,#2337,#2338,#2339,#2340,
#2341,#2342,#2343,#2344,#2345,#2346,#2347,#2348,#2349,#2350,#2351,#2352,
#2353,#2354,#2355,#2356,#2357,#2358,#2359,#2360,#2361,#2362,#2363,#2364,
#2365,#2366,#2367,#2368,#2369,#2370,#2371,#2372,#2373,#2374,#2375,#2376,
#2377,#2378,#2379,#2380,#2381,#2382,#2383,#2384,#2385,#2386,#2387,#2388,
#2389,#2390,#2391,#2392,#2393,#2394,#2395,#2396,#2397,#2398,#2399,#2400,
#2401,#2402,#2403,#2404,#2405,#2406,#2407,#2408,#2409,#2410,#2411,#2412,
#2413,#2414,#2415,#2416,#2417,#2418,#2419,#2420,#2421,#2422,#2423,#2424,
#2425,#2426,#2427,#2428,#2429,#2430,#2431,#2432,#2433,#2434,#2435,#2436,
#2437,#2438,#2439,#2440,#2441,#2442,#2443,#2444,#2445,#2446,#2447,#2448,
#2449,#2450,#2451,#2452,#2453,#2454,#2455,#2456));
#2458=STYLED_ITEM('',(#2459),#2785);
#2459=PRESENTATION_STYLE_ASSIGNMENT((#2513));
#2460=PRESENTATION_STYLE_ASSIGNMENT((#2514));
#2461=PRESENTATION_STYLE_ASSIGNMENT((#2515));
#2462=PRESENTATION_STYLE_ASSIGNMENT((#2516));
#2463=PRESENTATION_STYLE_ASSIGNMENT((#2517));
#2464=PRESENTATION_STYLE_ASSIGNMENT((#2518));
#2465=PRESENTATION_STYLE_ASSIGNMENT((#2519));
#2466=PRESENTATION_STYLE_ASSIGNMENT((#2520));
#2467=PRESENTATION_STYLE_ASSIGNMENT((#2521));
#2468=PRESENTATION_STYLE_ASSIGNMENT((#2522));
#2469=PRESENTATION_STYLE_ASSIGNMENT((#2523));
#2470=PRESENTATION_STYLE_ASSIGNMENT((#2524));
#2471=PRESENTATION_STYLE_ASSIGNMENT((#2525));
#2472=PRESENTATION_STYLE_ASSIGNMENT((#2526));
#2473=PRESENTATION_STYLE_ASSIGNMENT((#2527));
#2474=PRESENTATION_STYLE_ASSIGNMENT((#2528));
#2475=PRESENTATION_STYLE_ASSIGNMENT((#2529));
#2476=PRESENTATION_STYLE_ASSIGNMENT((#2530));
#2477=PRESENTATION_STYLE_ASSIGNMENT((#2531));
#2478=PRESENTATION_STYLE_ASSIGNMENT((#2532));
#2479=PRESENTATION_STYLE_ASSIGNMENT((#2533));
#2480=PRESENTATION_STYLE_ASSIGNMENT((#2534));
#2481=PRESENTATION_STYLE_ASSIGNMENT((#2535));
#2482=PRESENTATION_STYLE_ASSIGNMENT((#2536));
#2483=PRESENTATION_STYLE_ASSIGNMENT((#2537));
#2484=PRESENTATION_STYLE_ASSIGNMENT((#2538));
#2485=PRESENTATION_STYLE_ASSIGNMENT((#2539));
#2486=PRESENTATION_STYLE_ASSIGNMENT((#2540));
#2487=PRESENTATION_STYLE_ASSIGNMENT((#2541));
#2488=PRESENTATION_STYLE_ASSIGNMENT((#2542));
#2489=PRESENTATION_STYLE_ASSIGNMENT((#2543));
#2490=PRESENTATION_STYLE_ASSIGNMENT((#2544));
#2491=PRESENTATION_STYLE_ASSIGNMENT((#2545));
#2492=PRESENTATION_STYLE_ASSIGNMENT((#2546));
#2493=PRESENTATION_STYLE_ASSIGNMENT((#2547));
#2494=PRESENTATION_STYLE_ASSIGNMENT((#2548));
#2495=PRESENTATION_STYLE_ASSIGNMENT((#2549));
#2496=PRESENTATION_STYLE_ASSIGNMENT((#2550));
#2497=PRESENTATION_STYLE_ASSIGNMENT((#2551));
#2498=PRESENTATION_STYLE_ASSIGNMENT((#2552));
#2499=PRESENTATION_STYLE_ASSIGNMENT((#2553));
#2500=PRESENTATION_STYLE_ASSIGNMENT((#2554));
#2501=PRESENTATION_STYLE_ASSIGNMENT((#2555));
#2502=PRESENTATION_STYLE_ASSIGNMENT((#2556));
#2503=PRESENTATION_STYLE_ASSIGNMENT((#2557));
#2504=PRESENTATION_STYLE_ASSIGNMENT((#2558));
#2505=PRESENTATION_STYLE_ASSIGNMENT((#2559));
#2506=PRESENTATION_STYLE_ASSIGNMENT((#2560));
#2507=PRESENTATION_STYLE_ASSIGNMENT((#2561));
#2508=PRESENTATION_STYLE_ASSIGNMENT((#2562));
#2509=PRESENTATION_STYLE_ASSIGNMENT((#2563));
#2510=PRESENTATION_STYLE_ASSIGNMENT((#2564));
#2511=PRESENTATION_STYLE_ASSIGNMENT((#2565));
#2512=PRESENTATION_STYLE_ASSIGNMENT((#2566));
#2513=SURFACE_STYLE_USAGE(.BOTH.,#2567);
#2514=SURFACE_STYLE_USAGE(.BOTH.,#2568);
#2515=SURFACE_STYLE_USAGE(.BOTH.,#2569);
#2516=SURFACE_STYLE_USAGE(.BOTH.,#2570);
#2517=SURFACE_STYLE_USAGE(.BOTH.,#2571);
#2518=SURFACE_STYLE_USAGE(.BOTH.,#2572);
#2519=SURFACE_STYLE_USAGE(.BOTH.,#2573);
#2520=SURFACE_STYLE_USAGE(.BOTH.,#2574);
#2521=SURFACE_STYLE_USAGE(.BOTH.,#2575);
#2522=SURFACE_STYLE_USAGE(.BOTH.,#2576);
#2523=SURFACE_STYLE_USAGE(.BOTH.,#2577);
#2524=SURFACE_STYLE_USAGE(.BOTH.,#2578);
#2525=SURFACE_STYLE_USAGE(.BOTH.,#2579);
#2526=SURFACE_STYLE_USAGE(.BOTH.,#2580);
#2527=SURFACE_STYLE_USAGE(.BOTH.,#2581);
#2528=SURFACE_STYLE_USAGE(.BOTH.,#2582);
#2529=SURFACE_STYLE_USAGE(.BOTH.,#2583);
#2530=SURFACE_STYLE_USAGE(.BOTH.,#2584);
#2531=SURFACE_STYLE_USAGE(.BOTH.,#2585);
#2532=SURFACE_STYLE_USAGE(.BOTH.,#2586);
#2533=SURFACE_STYLE_USAGE(.BOTH.,#2587);
#2534=SURFACE_STYLE_USAGE(.BOTH.,#2588);
#2535=SURFACE_STYLE_USAGE(.BOTH.,#2589);
#2536=SURFACE_STYLE_USAGE(.BOTH.,#2590);
#2537=SURFACE_STYLE_USAGE(.BOTH.,#2591);
#2538=SURFACE_STYLE_USAGE(.BOTH.,#2592);
#2539=SURFACE_STYLE_USAGE(.BOTH.,#2593);
#2540=SURFACE_STYLE_USAGE(.BOTH.,#2594);
#2541=SURFACE_STYLE_USAGE(.BOTH.,#2595);
#2542=SURFACE_STYLE_USAGE(.BOTH.,#2596);
#2543=SURFACE_STYLE_USAGE(.BOTH.,#2597);
#2544=SURFACE_STYLE_USAGE(.BOTH.,#2598);
#2545=SURFACE_STYLE_USAGE(.BOTH.,#2599);
#2546=SURFACE_STYLE_USAGE(.BOTH.,#2600);
#2547=SURFACE_STYLE_USAGE(.BOTH.,#2601);
#2548=SURFACE_STYLE_USAGE(.BOTH.,#2602);
#2549=SURFACE_STYLE_USAGE(.BOTH.,#2603);
#2550=SURFACE_STYLE_USAGE(.BOTH.,#2604);
#2551=SURFACE_STYLE_USAGE(.BOTH.,#2605);
#2552=SURFACE_STYLE_USAGE(.BOTH.,#2606);
#2553=SURFACE_STYLE_USAGE(.BOTH.,#2607);
#2554=SURFACE_STYLE_USAGE(.BOTH.,#2608);
#2555=SURFACE_STYLE_USAGE(.BOTH.,#2609);
#2556=SURFACE_STYLE_USAGE(.BOTH.,#2610);
#2557=SURFACE_STYLE_USAGE(.BOTH.,#2611);
#2558=SURFACE_STYLE_USAGE(.BOTH.,#2612);
#2559=SURFACE_STYLE_USAGE(.BOTH.,#2613);
#2560=SURFACE_STYLE_USAGE(.BOTH.,#2614);
#2561=SURFACE_STYLE_USAGE(.BOTH.,#2615);
#2562=SURFACE_STYLE_USAGE(.BOTH.,#2616);
#2563=SURFACE_STYLE_USAGE(.BOTH.,#2617);
#2564=SURFACE_STYLE_USAGE(.BOTH.,#2618);
#2565=SURFACE_STYLE_USAGE(.BOTH.,#2619);
#2566=SURFACE_STYLE_USAGE(.BOTH.,#2620);
#2567=SURFACE_SIDE_STYLE('',(#2621));
#2568=SURFACE_SIDE_STYLE('',(#2622));
#2569=SURFACE_SIDE_STYLE('',(#2623));
#2570=SURFACE_SIDE_STYLE('',(#2624));
#2571=SURFACE_SIDE_STYLE('',(#2625));
#2572=SURFACE_SIDE_STYLE('',(#2626));
#2573=SURFACE_SIDE_STYLE('',(#2627));
#2574=SURFACE_SIDE_STYLE('',(#2628));
#2575=SURFACE_SIDE_STYLE('',(#2629));
#2576=SURFACE_SIDE_STYLE('',(#2630));
#2577=SURFACE_SIDE_STYLE('',(#2631));
#2578=SURFACE_SIDE_STYLE('',(#2632));
#2579=SURFACE_SIDE_STYLE('',(#2633));
#2580=SURFACE_SIDE_STYLE('',(#2634));
#2581=SURFACE_SIDE_STYLE('',(#2635));
#2582=SURFACE_SIDE_STYLE('',(#2636));
#2583=SURFACE_SIDE_STYLE('',(#2637));
#2584=SURFACE_SIDE_STYLE('',(#2638));
#2585=SURFACE_SIDE_STYLE('',(#2639));
#2586=SURFACE_SIDE_STYLE('',(#2640));
#2587=SURFACE_SIDE_STYLE('',(#2641));
#2588=SURFACE_SIDE_STYLE('',(#2642));
#2589=SURFACE_SIDE_STYLE('',(#2643));
#2590=SURFACE_SIDE_STYLE('',(#2644));
#2591=SURFACE_SIDE_STYLE('',(#2645));
#2592=SURFACE_SIDE_STYLE('',(#2646));
#2593=SURFACE_SIDE_STYLE('',(#2647));
#2594=SURFACE_SIDE_STYLE('',(#2648));
#2595=SURFACE_SIDE_STYLE('',(#2649));
#2596=SURFACE_SIDE_STYLE('',(#2650));
#2597=SURFACE_SIDE_STYLE('',(#2651));
#2598=SURFACE_SIDE_STYLE('',(#2652));
#2599=SURFACE_SIDE_STYLE('',(#2653));
#2600=SURFACE_SIDE_STYLE('',(#2654));
#2601=SURFACE_SIDE_STYLE('',(#2655));
#2602=SURFACE_SIDE_STYLE('',(#2656));
#2603=SURFACE_SIDE_STYLE('',(#2657));
#2604=SURFACE_SIDE_STYLE('',(#2658));
#2605=SURFACE_SIDE_STYLE('',(#2659));
#2606=SURFACE_SIDE_STYLE('',(#2660));
#2607=SURFACE_SIDE_STYLE('',(#2661));
#2608=SURFACE_SIDE_STYLE('',(#2662));
#2609=SURFACE_SIDE_STYLE('',(#2663));
#2610=SURFACE_SIDE_STYLE('',(#2664));
#2611=SURFACE_SIDE_STYLE('',(#2665));
#2612=SURFACE_SIDE_STYLE('',(#2666));
#2613=SURFACE_SIDE_STYLE('',(#2667));
#2614=SURFACE_SIDE_STYLE('',(#2668));
#2615=SURFACE_SIDE_STYLE('',(#2669));
#2616=SURFACE_SIDE_STYLE('',(#2670));
#2617=SURFACE_SIDE_STYLE('',(#2671));
#2618=SURFACE_SIDE_STYLE('',(#2672));
#2619=SURFACE_SIDE_STYLE('',(#2673));
#2620=SURFACE_SIDE_STYLE('',(#2674));
#2621=SURFACE_STYLE_FILL_AREA(#2675);
#2622=SURFACE_STYLE_FILL_AREA(#2676);
#2623=SURFACE_STYLE_FILL_AREA(#2677);
#2624=SURFACE_STYLE_FILL_AREA(#2678);
#2625=SURFACE_STYLE_FILL_AREA(#2679);
#2626=SURFACE_STYLE_FILL_AREA(#2680);
#2627=SURFACE_STYLE_FILL_AREA(#2681);
#2628=SURFACE_STYLE_FILL_AREA(#2682);
#2629=SURFACE_STYLE_FILL_AREA(#2683);
#2630=SURFACE_STYLE_FILL_AREA(#2684);
#2631=SURFACE_STYLE_FILL_AREA(#2685);
#2632=SURFACE_STYLE_FILL_AREA(#2686);
#2633=SURFACE_STYLE_FILL_AREA(#2687);
#2634=SURFACE_STYLE_FILL_AREA(#2688);
#2635=SURFACE_STYLE_FILL_AREA(#2689);
#2636=SURFACE_STYLE_FILL_AREA(#2690);
#2637=SURFACE_STYLE_FILL_AREA(#2691);
#2638=SURFACE_STYLE_FILL_AREA(#2692);
#2639=SURFACE_STYLE_FILL_AREA(#2693);
#2640=SURFACE_STYLE_FILL_AREA(#2694);
#2641=SURFACE_STYLE_FILL_AREA(#2695);
#2642=SURFACE_STYLE_FILL_AREA(#2696);
#2643=SURFACE_STYLE_FILL_AREA(#2697);
#2644=SURFACE_STYLE_FILL_AREA(#2698);
#2645=SURFACE_STYLE_FILL_AREA(#2699);
#2646=SURFACE_STYLE_FILL_AREA(#2700);
#2647=SURFACE_STYLE_FILL_AREA(#2701);
#2648=SURFACE_STYLE_FILL_AREA(#2702);
#2649=SURFACE_STYLE_FILL_AREA(#2703);
#2650=SURFACE_STYLE_FILL_AREA(#2704);
#2651=SURFACE_STYLE_FILL_AREA(#2705);
#2652=SURFACE_STYLE_FILL_AREA(#2706);
#2653=SURFACE_STYLE_FILL_AREA(#2707);
#2654=SURFACE_STYLE_FILL_AREA(#2708);
#2655=SURFACE_STYLE_FILL_AREA(#2709);
#2656=SURFACE_STYLE_FILL_AREA(#2710);
#2657=SURFACE_STYLE_FILL_AREA(#2711);
#2658=SURFACE_STYLE_FILL_AREA(#2712);
#2659=SURFACE_STYLE_FILL_AREA(#2713);
#2660=SURFACE_STYLE_FILL_AREA(#2714);
#2661=SURFACE_STYLE_FILL_AREA(#2715);
#2662=SURFACE_STYLE_FILL_AREA(#2716);
#2663=SURFACE_STYLE_FILL_AREA(#2717);
#2664=SURFACE_STYLE_FILL_AREA(#2718);
#2665=SURFACE_STYLE_FILL_AREA(#2719);
#2666=SURFACE_STYLE_FILL_AREA(#2720);
#2667=SURFACE_STYLE_FILL_AREA(#2721);
#2668=SURFACE_STYLE_FILL_AREA(#2722);
#2669=SURFACE_STYLE_FILL_AREA(#2723);
#2670=SURFACE_STYLE_FILL_AREA(#2724);
#2671=SURFACE_STYLE_FILL_AREA(#2725);
#2672=SURFACE_STYLE_FILL_AREA(#2726);
#2673=SURFACE_STYLE_FILL_AREA(#2727);
#2674=SURFACE_STYLE_FILL_AREA(#2728);
#2675=FILL_AREA_STYLE('',(#2729));
#2676=FILL_AREA_STYLE('',(#2730));
#2677=FILL_AREA_STYLE('',(#2731));
#2678=FILL_AREA_STYLE('',(#2732));
#2679=FILL_AREA_STYLE('',(#2733));
#2680=FILL_AREA_STYLE('',(#2734));
#2681=FILL_AREA_STYLE('',(#2735));
#2682=FILL_AREA_STYLE('',(#2736));
#2683=FILL_AREA_STYLE('',(#2737));
#2684=FILL_AREA_STYLE('',(#2738));
#2685=FILL_AREA_STYLE('',(#2739));
#2686=FILL_AREA_STYLE('',(#2740));
#2687=FILL_AREA_STYLE('',(#2741));
#2688=FILL_AREA_STYLE('',(#2742));
#2689=FILL_AREA_STYLE('',(#2743));
#2690=FILL_AREA_STYLE('',(#2744));
#2691=FILL_AREA_STYLE('',(#2745));
#2692=FILL_AREA_STYLE('',(#2746));
#2693=FILL_AREA_STYLE('',(#2747));
#2694=FILL_AREA_STYLE('',(#2748));
#2695=FILL_AREA_STYLE('',(#2749));
#2696=FILL_AREA_STYLE('',(#2750));
#2697=FILL_AREA_STYLE('',(#2751));
#2698=FILL_AREA_STYLE('',(#2752));
#2699=FILL_AREA_STYLE('',(#2753));
#2700=FILL_AREA_STYLE('',(#2754));
#2701=FILL_AREA_STYLE('',(#2755));
#2702=FILL_AREA_STYLE('',(#2756));
#2703=FILL_AREA_STYLE('',(#2757));
#2704=FILL_AREA_STYLE('',(#2758));
#2705=FILL_AREA_STYLE('',(#2759));
#2706=FILL_AREA_STYLE('',(#2760));
#2707=FILL_AREA_STYLE('',(#2761));
#2708=FILL_AREA_STYLE('',(#2762));
#2709=FILL_AREA_STYLE('',(#2763));
#2710=FILL_AREA_STYLE('',(#2764));
#2711=FILL_AREA_STYLE('',(#2765));
#2712=FILL_AREA_STYLE('',(#2766));
#2713=FILL_AREA_STYLE('',(#2767));
#2714=FILL_AREA_STYLE('',(#2768));
#2715=FILL_AREA_STYLE('',(#2769));
#2716=FILL_AREA_STYLE('',(#2770));
#2717=FILL_AREA_STYLE('',(#2771));
#2718=FILL_AREA_STYLE('',(#2772));
#2719=FILL_AREA_STYLE('',(#2773));
#2720=FILL_AREA_STYLE('',(#2774));
#2721=FILL_AREA_STYLE('',(#2775));
#2722=FILL_AREA_STYLE('',(#2776));
#2723=FILL_AREA_STYLE('',(#2777));
#2724=FILL_AREA_STYLE('',(#2778));
#2725=FILL_AREA_STYLE('',(#2779));
#2726=FILL_AREA_STYLE('',(#2780));
#2727=FILL_AREA_STYLE('',(#2781));
#2728=FILL_AREA_STYLE('',(#2782));
#2729=FILL_AREA_STYLE_COLOUR('',#2783);
#2730=FILL_AREA_STYLE_COLOUR('',#101);
#2731=FILL_AREA_STYLE_COLOUR('',#101);
#2732=FILL_AREA_STYLE_COLOUR('',#101);
#2733=FILL_AREA_STYLE_COLOUR('',#101);
#2734=FILL_AREA_STYLE_COLOUR('',#101);
#2735=FILL_AREA_STYLE_COLOUR('',#102);
#2736=FILL_AREA_STYLE_COLOUR('',#102);
#2737=FILL_AREA_STYLE_COLOUR('',#102);
#2738=FILL_AREA_STYLE_COLOUR('',#102);
#2739=FILL_AREA_STYLE_COLOUR('',#102);
#2740=FILL_AREA_STYLE_COLOUR('',#102);
#2741=FILL_AREA_STYLE_COLOUR('',#102);
#2742=FILL_AREA_STYLE_COLOUR('',#102);
#2743=FILL_AREA_STYLE_COLOUR('',#102);
#2744=FILL_AREA_STYLE_COLOUR('',#102);
#2745=FILL_AREA_STYLE_COLOUR('',#102);
#2746=FILL_AREA_STYLE_COLOUR('',#102);
#2747=FILL_AREA_STYLE_COLOUR('',#102);
#2748=FILL_AREA_STYLE_COLOUR('',#102);
#2749=FILL_AREA_STYLE_COLOUR('',#101);
#2750=FILL_AREA_STYLE_COLOUR('',#2784);
#2751=FILL_AREA_STYLE_COLOUR('',#2784);
#2752=FILL_AREA_STYLE_COLOUR('',#2784);
#2753=FILL_AREA_STYLE_COLOUR('',#2784);
#2754=FILL_AREA_STYLE_COLOUR('',#2784);
#2755=FILL_AREA_STYLE_COLOUR('',#2784);
#2756=FILL_AREA_STYLE_COLOUR('',#2784);
#2757=FILL_AREA_STYLE_COLOUR('',#2784);
#2758=FILL_AREA_STYLE_COLOUR('',#2784);
#2759=FILL_AREA_STYLE_COLOUR('',#2784);
#2760=FILL_AREA_STYLE_COLOUR('',#2784);
#2761=FILL_AREA_STYLE_COLOUR('',#2784);
#2762=FILL_AREA_STYLE_COLOUR('',#2784);
#2763=FILL_AREA_STYLE_COLOUR('',#2784);
#2764=FILL_AREA_STYLE_COLOUR('',#2784);
#2765=FILL_AREA_STYLE_COLOUR('',#2784);
#2766=FILL_AREA_STYLE_COLOUR('',#2784);
#2767=FILL_AREA_STYLE_COLOUR('',#2784);
#2768=FILL_AREA_STYLE_COLOUR('',#2784);
#2769=FILL_AREA_STYLE_COLOUR('',#2784);
#2770=FILL_AREA_STYLE_COLOUR('',#2784);
#2771=FILL_AREA_STYLE_COLOUR('',#2784);
#2772=FILL_AREA_STYLE_COLOUR('',#2784);
#2773=FILL_AREA_STYLE_COLOUR('',#2784);
#2774=FILL_AREA_STYLE_COLOUR('',#2784);
#2775=FILL_AREA_STYLE_COLOUR('',#2784);
#2776=FILL_AREA_STYLE_COLOUR('',#2784);
#2777=FILL_AREA_STYLE_COLOUR('',#2784);
#2778=FILL_AREA_STYLE_COLOUR('',#2784);
#2779=FILL_AREA_STYLE_COLOUR('',#2784);
#2780=FILL_AREA_STYLE_COLOUR('',#2784);
#2781=FILL_AREA_STYLE_COLOUR('',#2784);
#2782=FILL_AREA_STYLE_COLOUR('',#2784);
#2783=COLOUR_RGB('',0.250980392156863,0.250980392156863,0.250980392156863);
#2784=COLOUR_RGB('',1.,0.949019607843137,0.909803921568627);
#2785=MANIFOLD_SOLID_BREP('Part 1',#2457);
#2786=SHAPE_DEFINITION_REPRESENTATION(#4945,#2787);
#2787=SHAPE_REPRESENTATION('Part 1',(#2788),#4940);
#2788=AXIS2_PLACEMENT_3D('',#3525,#2941,#2942);
#2789=AXIS2_PLACEMENT_3D('',#3526,#2943,#2944);
#2790=AXIS2_PLACEMENT_3D('',#3535,#2949,#2950);
#2791=AXIS2_PLACEMENT_3D('',#3544,#2955,#2956);
#2792=AXIS2_PLACEMENT_3D('',#3553,#2961,#2962);
#2793=AXIS2_PLACEMENT_3D('',#3562,#2967,#2968);
#2794=AXIS2_PLACEMENT_3D('',#3571,#2973,#2974);
#2795=AXIS2_PLACEMENT_3D('',#3580,#2979,#2980);
#2796=AXIS2_PLACEMENT_3D('',#3589,#2985,#2986);
#2797=AXIS2_PLACEMENT_3D('',#3617,#3004,#3005);
#2798=AXIS2_PLACEMENT_3D('',#3645,#3023,#3024);
#2799=AXIS2_PLACEMENT_3D('',#3654,#3029,#3030);
#2800=AXIS2_PLACEMENT_3D('',#3663,#3035,#3036);
#2801=AXIS2_PLACEMENT_3D('',#3672,#3041,#3042);
#2802=AXIS2_PLACEMENT_3D('',#3681,#3047,#3048);
#2803=AXIS2_PLACEMENT_3D('',#3690,#3053,#3054);
#2804=AXIS2_PLACEMENT_3D('',#3699,#3059,#3060);
#2805=AXIS2_PLACEMENT_3D('',#3700,#3061,#3062);
#2806=AXIS2_PLACEMENT_3D('',#3705,#3064,#3065);
#2807=AXIS2_PLACEMENT_3D('',#3709,#3067,#3068);
#2808=AXIS2_PLACEMENT_3D('',#3712,#3070,#3071);
#2809=AXIS2_PLACEMENT_3D('',#3713,#3072,#3073);
#2810=AXIS2_PLACEMENT_3D('',#3718,#3075,#3076);
#2811=AXIS2_PLACEMENT_3D('',#3722,#3078,#3079);
#2812=AXIS2_PLACEMENT_3D('',#3726,#3081,#3082);
#2813=AXIS2_PLACEMENT_3D('',#3729,#3084,#3085);
#2814=AXIS2_PLACEMENT_3D('',#3732,#3087,#3088);
#2815=AXIS2_PLACEMENT_3D('',#3736,#3090,#3091);
#2816=AXIS2_PLACEMENT_3D('',#3740,#3093,#3094);
#2817=AXIS2_PLACEMENT_3D('',#3744,#3096,#3097);
#2818=AXIS2_PLACEMENT_3D('',#3746,#3098,#3099);
#2819=AXIS2_PLACEMENT_3D('',#3782,#3119,#3120);
#2820=AXIS2_PLACEMENT_3D('',#3785,#3122,#3123);
#2821=AXIS2_PLACEMENT_3D('',#3787,#3124,#3125);
#2822=AXIS2_PLACEMENT_3D('',#3791,#3127,#3128);
#2823=AXIS2_PLACEMENT_3D('',#3795,#3130,#3131);
#2824=AXIS2_PLACEMENT_3D('',#3799,#3133,#3134);
#2825=AXIS2_PLACEMENT_3D('',#3807,#3140,#3141);
#2826=AXIS2_PLACEMENT_3D('',#3809,#3142,#3143);
#2827=AXIS2_PLACEMENT_3D('',#3812,#3145,#3146);
#2828=AXIS2_PLACEMENT_3D('',#3816,#3149,#3150);
#2829=AXIS2_PLACEMENT_3D('',#3817,#3151,#3152);
#2830=AXIS2_PLACEMENT_3D('',#3822,#3154,#3155);
#2831=AXIS2_PLACEMENT_3D('',#3879,#3157,#3158);
#2832=AXIS2_PLACEMENT_3D('',#3880,#3159,#3160);
#2833=AXIS2_PLACEMENT_3D('',#3882,#3161,#3162);
#2834=AXIS2_PLACEMENT_3D('',#3883,#3163,#3164);
#2835=AXIS2_PLACEMENT_3D('',#3885,#3165,#3166);
#2836=AXIS2_PLACEMENT_3D('',#3887,#3167,#3168);
#2837=AXIS2_PLACEMENT_3D('',#3888,#3169,#3170);
#2838=AXIS2_PLACEMENT_3D('',#3890,#3171,#3172);
#2839=AXIS2_PLACEMENT_3D('',#3891,#3173,#3174);
#2840=AXIS2_PLACEMENT_3D('',#3918,#3175,#3176);
#2841=AXIS2_PLACEMENT_3D('',#3952,#3177,#3178);
#2842=AXIS2_PLACEMENT_3D('',#3968,#3179,#3180);
#2843=AXIS2_PLACEMENT_3D('',#3972,#3183,#3184);
#2844=AXIS2_PLACEMENT_3D('',#3976,#3187,#3188);
#2845=AXIS2_PLACEMENT_3D('',#3978,#3190,#3191);
#2846=AXIS2_PLACEMENT_3D('',#4640,#3201,#3202);
#2847=AXIS2_PLACEMENT_3D('',#4641,#3203,#3204);
#2848=AXIS2_PLACEMENT_3D('',#4642,#3205,#3206);
#2849=AXIS2_PLACEMENT_3D('',#4645,#3209,#3210);
#2850=AXIS2_PLACEMENT_3D('',#4648,#3213,#3214);
#2851=AXIS2_PLACEMENT_3D('',#4651,#3217,#3218);
#2852=AXIS2_PLACEMENT_3D('',#4652,#3219,#3220);
#2853=AXIS2_PLACEMENT_3D('',#4653,#3221,#3222);
#2854=AXIS2_PLACEMENT_3D('',#4654,#3223,#3224);
#2855=AXIS2_PLACEMENT_3D('',#4655,#3225,#3226);
#2856=AXIS2_PLACEMENT_3D('',#4661,#3230,#3231);
#2857=AXIS2_PLACEMENT_3D('',#4665,#3233,#3234);
#2858=AXIS2_PLACEMENT_3D('',#4669,#3236,#3237);
#2859=AXIS2_PLACEMENT_3D('',#4677,#3242,#3243);
#2860=AXIS2_PLACEMENT_3D('',#4681,#3246,#3247);
#2861=AXIS2_PLACEMENT_3D('',#4685,#3249,#3250);
#2862=AXIS2_PLACEMENT_3D('',#4689,#3252,#3253);
#2863=AXIS2_PLACEMENT_3D('',#4695,#3257,#3258);
#2864=AXIS2_PLACEMENT_3D('',#4698,#3261,#3262);
#2865=AXIS2_PLACEMENT_3D('',#4704,#3266,#3267);
#2866=AXIS2_PLACEMENT_3D('',#4708,#3269,#3270);
#2867=AXIS2_PLACEMENT_3D('',#4712,#3272,#3273);
#2868=AXIS2_PLACEMENT_3D('',#4720,#3278,#3279);
#2869=AXIS2_PLACEMENT_3D('',#4724,#3282,#3283);
#2870=AXIS2_PLACEMENT_3D('',#4728,#3285,#3286);
#2871=AXIS2_PLACEMENT_3D('',#4732,#3288,#3289);
#2872=AXIS2_PLACEMENT_3D('',#4738,#3293,#3294);
#2873=AXIS2_PLACEMENT_3D('',#4741,#3297,#3298);
#2874=AXIS2_PLACEMENT_3D('',#4747,#3302,#3303);
#2875=AXIS2_PLACEMENT_3D('',#4751,#3305,#3306);
#2876=AXIS2_PLACEMENT_3D('',#4755,#3308,#3309);
#2877=AXIS2_PLACEMENT_3D('',#4763,#3314,#3315);
#2878=AXIS2_PLACEMENT_3D('',#4767,#3318,#3319);
#2879=AXIS2_PLACEMENT_3D('',#4771,#3321,#3322);
#2880=AXIS2_PLACEMENT_3D('',#4775,#3324,#3325);
#2881=AXIS2_PLACEMENT_3D('',#4781,#3329,#3330);
#2882=AXIS2_PLACEMENT_3D('',#4784,#3333,#3334);
#2883=AXIS2_PLACEMENT_3D('',#4787,#3337,#3338);
#2884=AXIS2_PLACEMENT_3D('',#4789,#3340,#3341);
#2885=AXIS2_PLACEMENT_3D('',#4791,#3343,#3344);
#2886=AXIS2_PLACEMENT_3D('',#4792,#3345,#3346);
#2887=AXIS2_PLACEMENT_3D('',#4795,#3349,#3350);
#2888=AXIS2_PLACEMENT_3D('',#4797,#3352,#3353);
#2889=AXIS2_PLACEMENT_3D('',#4799,#3355,#3356);
#2890=AXIS2_PLACEMENT_3D('',#4800,#3357,#3358);
#2891=AXIS2_PLACEMENT_3D('',#4803,#3361,#3362);
#2892=AXIS2_PLACEMENT_3D('',#4805,#3364,#3365);
#2893=AXIS2_PLACEMENT_3D('',#4807,#3367,#3368);
#2894=AXIS2_PLACEMENT_3D('',#4808,#3369,#3370);
#2895=AXIS2_PLACEMENT_3D('',#4809,#3371,#3372);
#2896=AXIS2_PLACEMENT_3D('',#4810,#3373,#3374);
#2897=AXIS2_PLACEMENT_3D('',#4811,#3375,#3376);
#2898=AXIS2_PLACEMENT_3D('',#4812,#3377,#3378);
#2899=AXIS2_PLACEMENT_3D('',#4813,#3379,#3380);
#2900=AXIS2_PLACEMENT_3D('',#4814,#3381,#3382);
#2901=AXIS2_PLACEMENT_3D('',#4817,#3385,#3386);
#2902=AXIS2_PLACEMENT_3D('',#4819,#3388,#3389);
#2903=AXIS2_PLACEMENT_3D('',#4823,#3392,#3393);
#2904=AXIS2_PLACEMENT_3D('',#4827,#3396,#3397);
#2905=AXIS2_PLACEMENT_3D('',#4830,#3400,#3401);
#2906=AXIS2_PLACEMENT_3D('',#4836,#3405,#3406);
#2907=AXIS2_PLACEMENT_3D('',#4838,#3408,#3409);
#2908=AXIS2_PLACEMENT_3D('',#4840,#3411,#3412);
#2909=AXIS2_PLACEMENT_3D('',#4846,#3416,#3417);
#2910=AXIS2_PLACEMENT_3D('',#4849,#3420,#3421);
#2911=AXIS2_PLACEMENT_3D('',#4855,#3425,#3426);
#2912=AXIS2_PLACEMENT_3D('',#4861,#3430,#3431);
#2913=AXIS2_PLACEMENT_3D('',#4880,#3444,#3445);
#2914=AXIS2_PLACEMENT_3D('',#4899,#3458,#3459);
#2915=AXIS2_PLACEMENT_3D('',#4901,#3461,#3462);
#2916=AXIS2_PLACEMENT_3D('',#4902,#3463,#3464);
#2917=AXIS2_PLACEMENT_3D('',#4904,#3466,#3467);
#2918=AXIS2_PLACEMENT_3D('',#4905,#3468,#3469);
#2919=AXIS2_PLACEMENT_3D('',#4907,#3471,#3472);
#2920=AXIS2_PLACEMENT_3D('',#4908,#3473,#3474);
#2921=AXIS2_PLACEMENT_3D('',#4910,#3476,#3477);
#2922=AXIS2_PLACEMENT_3D('',#4911,#3478,#3479);
#2923=AXIS2_PLACEMENT_3D('',#4913,#3481,#3482);
#2924=AXIS2_PLACEMENT_3D('',#4914,#3483,#3484);
#2925=AXIS2_PLACEMENT_3D('',#4916,#3486,#3487);
#2926=AXIS2_PLACEMENT_3D('',#4917,#3488,#3489);
#2927=AXIS2_PLACEMENT_3D('',#4919,#3491,#3492);
#2928=AXIS2_PLACEMENT_3D('',#4920,#3493,#3494);
#2929=AXIS2_PLACEMENT_3D('',#4921,#3495,#3496);
#2930=AXIS2_PLACEMENT_3D('',#4923,#3498,#3499);
#2931=AXIS2_PLACEMENT_3D('',#4924,#3500,#3501);
#2932=AXIS2_PLACEMENT_3D('',#4926,#3503,#3504);
#2933=AXIS2_PLACEMENT_3D('',#4927,#3505,#3506);
#2934=AXIS2_PLACEMENT_3D('',#4929,#3508,#3509);
#2935=AXIS2_PLACEMENT_3D('',#4930,#3510,#3511);
#2936=AXIS2_PLACEMENT_3D('',#4932,#3513,#3514);
#2937=AXIS2_PLACEMENT_3D('',#4933,#3515,#3516);
#2938=AXIS2_PLACEMENT_3D('',#4935,#3518,#3519);
#2939=AXIS2_PLACEMENT_3D('',#4936,#3520,#3521);
#2940=AXIS2_PLACEMENT_3D('',#4938,#3523,#3524);
#2941=DIRECTION('',(0.,0.,1.));
#2942=DIRECTION('',(1.,0.,0.));
#2943=DIRECTION('',(0.,-0.925601028254882,0.378500642659302));
#2944=DIRECTION('',(0.,-0.378500642659302,-0.925601028254882));
#2945=DIRECTION('',(0.,0.378500642659302,0.925601028254882));
#2946=DIRECTION('',(1.,0.,0.));
#2947=DIRECTION('',(0.,0.378500642659302,0.925601028254882));
#2948=DIRECTION('',(-1.,0.,0.));
#2949=DIRECTION('',(0.,-0.925601028254882,0.378500642659302));
#2950=DIRECTION('',(0.,-0.378500642659302,-0.925601028254882));
#2951=DIRECTION('',(0.,0.378500642659302,0.925601028254882));
#2952=DIRECTION('',(1.,0.,0.));
#2953=DIRECTION('',(0.,0.378500642659302,0.925601028254882));
#2954=DIRECTION('',(1.,0.,0.));
#2955=DIRECTION('',(0.,-0.925601028254882,0.378500642659302));
#2956=DIRECTION('',(0.,-0.378500642659302,-0.925601028254882));
#2957=DIRECTION('',(0.,0.378500642659302,0.925601028254882));
#2958=DIRECTION('',(1.,0.,0.));
#2959=DIRECTION('',(0.,0.378500642659302,0.925601028254882));
#2960=DIRECTION('',(1.,0.,0.));
#2961=DIRECTION('',(0.,-0.925601028254882,0.378500642659302));
#2962=DIRECTION('',(0.,-0.378500642659302,-0.925601028254882));
#2963=DIRECTION('',(0.,0.378500642659302,0.925601028254882));
#2964=DIRECTION('',(1.,0.,0.));
#2965=DIRECTION('',(0.,0.378500642659302,0.925601028254882));
#2966=DIRECTION('',(1.,0.,0.));
#2967=DIRECTION('',(0.,-0.925601028254882,0.378500642659302));
#2968=DIRECTION('',(0.,-0.378500642659302,-0.925601028254882));
#2969=DIRECTION('',(0.,0.378500642659302,0.925601028254882));
#2970=DIRECTION('',(1.,0.,0.));
#2971=DIRECTION('',(0.,0.378500642659302,0.925601028254882));
#2972=DIRECTION('',(1.,0.,0.));
#2973=DIRECTION('',(0.,-0.925601028254882,0.378500642659302));
#2974=DIRECTION('',(0.,-0.378500642659302,-0.925601028254882));
#2975=DIRECTION('',(0.,0.378500642659302,0.925601028254882));
#2976=DIRECTION('',(1.,0.,0.));
#2977=DIRECTION('',(0.,0.378500642659302,0.925601028254882));
#2978=DIRECTION('',(1.,0.,0.));
#2979=DIRECTION('',(0.,-0.925601028254882,0.378500642659302));
#2980=DIRECTION('',(0.,-0.378500642659302,-0.925601028254882));
#2981=DIRECTION('',(0.,0.378500642659302,0.925601028254882));
#2982=DIRECTION('',(1.,0.,0.));
#2983=DIRECTION('',(0.,0.378500642659302,0.925601028254882));
#2984=DIRECTION('',(-1.,0.,0.));
#2985=DIRECTION('',(1.,0.,0.));
#2986=DIRECTION('',(0.,0.,-1.));
#2987=DIRECTION('',(0.,5.78241158658936E-15,-1.));
#2988=DIRECTION('',(0.,-1.,4.41892092370044E-16));
#2989=DIRECTION('',(0.,0.,-1.));
#2990=DIRECTION('',(0.,-1.,0.));
#2991=DIRECTION('',(0.,0.,-1.));
#2992=DIRECTION('',(0.,-1.,3.5351367389604E-15));
#2993=DIRECTION('',(0.,0.,-1.));
#2994=DIRECTION('',(0.,-1.,1.7675683694802E-15));
#2995=DIRECTION('',(0.,0.,-1.));
#2996=DIRECTION('',(0.,-1.,-1.7675683694802E-15));
#2997=DIRECTION('',(0.,-5.78241158658936E-15,-1.));
#2998=DIRECTION('',(0.,-1.,0.));
#2999=DIRECTION('',(0.,-0.283346141017402,0.9590177080589));
#3000=DIRECTION('',(0.,0.,-1.));
#3001=DIRECTION('',(0.,0.283346141017402,-0.9590177080589));
#3002=DIRECTION('',(0.,-0.378500642659302,-0.925601028254882));
#3003=DIRECTION('',(0.,1.,0.));
#3004=DIRECTION('',(1.,0.,0.));
#3005=DIRECTION('',(0.,0.,-1.));
#3006=DIRECTION('',(0.,5.78241158658936E-15,-1.));
#3007=DIRECTION('',(0.,1.,0.));
#3008=DIRECTION('',(0.,-0.378500642659302,-0.925601028254882));
#3009=DIRECTION('',(0.,0.283346141017402,-0.9590177080589));
#3010=DIRECTION('',(0.,0.,-1.));
#3011=DIRECTION('',(0.,-0.283346141017402,0.9590177080589));
#3012=DIRECTION('',(0.,-1.,0.));
#3013=DIRECTION('',(0.,-5.78241158658936E-15,-1.));
#3014=DIRECTION('',(0.,-1.,-1.7675683694802E-15));
#3015=DIRECTION('',(0.,0.,-1.));
#3016=DIRECTION('',(0.,-1.,1.7675683694802E-15));
#3017=DIRECTION('',(0.,0.,-1.));
#3018=DIRECTION('',(0.,-1.,3.5351367389604E-15));
#3019=DIRECTION('',(0.,0.,-1.));
#3020=DIRECTION('',(0.,-1.,0.));
#3021=DIRECTION('',(0.,0.,-1.));
#3022=DIRECTION('',(0.,-1.,4.41892092370044E-16));
#3023=DIRECTION('',(0.,-0.925601028254882,-0.378500642659302));
#3024=DIRECTION('',(0.,0.378500642659302,-0.925601028254882));
#3025=DIRECTION('',(0.,-0.378500642659302,0.925601028254882));
#3026=DIRECTION('',(1.,0.,0.));
#3027=DIRECTION('',(0.,-0.378500642659302,0.925601028254882));
#3028=DIRECTION('',(-1.,0.,0.));
#3029=DIRECTION('',(0.,-0.925601028254882,-0.378500642659302));
#3030=DIRECTION('',(0.,0.378500642659302,-0.925601028254882));
#3031=DIRECTION('',(0.,-0.378500642659302,0.925601028254882));
#3032=DIRECTION('',(1.,0.,0.));
#3033=DIRECTION('',(0.,-0.378500642659302,0.925601028254882));
#3034=DIRECTION('',(1.,0.,0.));
#3035=DIRECTION('',(0.,-0.925601028254882,-0.378500642659302));
#3036=DIRECTION('',(0.,0.378500642659302,-0.925601028254882));
#3037=DIRECTION('',(0.,-0.378500642659302,0.925601028254882));
#3038=DIRECTION('',(1.,0.,0.));
#3039=DIRECTION('',(0.,-0.378500642659302,0.925601028254882));
#3040=DIRECTION('',(1.,0.,0.));
#3041=DIRECTION('',(0.,-0.925601028254882,-0.378500642659302));
#3042=DIRECTION('',(0.,0.378500642659302,-0.925601028254882));
#3043=DIRECTION('',(0.,-0.378500642659302,0.925601028254882));
#3044=DIRECTION('',(1.,0.,0.));
#3045=DIRECTION('',(0.,-0.378500642659302,0.925601028254882));
#3046=DIRECTION('',(1.,0.,0.));
#3047=DIRECTION('',(0.,-0.925601028254882,-0.378500642659302));
#3048=DIRECTION('',(0.,0.378500642659302,-0.925601028254882));
#3049=DIRECTION('',(0.,-0.378500642659302,0.925601028254882));
#3050=DIRECTION('',(1.,0.,0.));
#3051=DIRECTION('',(0.,-0.378500642659302,0.925601028254882));
#3052=DIRECTION('',(1.,0.,0.));
#3053=DIRECTION('',(0.,-0.925601028254882,-0.378500642659302));
#3054=DIRECTION('',(0.,0.378500642659302,-0.925601028254882));
#3055=DIRECTION('',(0.,-0.378500642659302,0.925601028254882));
#3056=DIRECTION('',(1.,0.,0.));
#3057=DIRECTION('',(0.,-0.378500642659302,0.925601028254882));
#3058=DIRECTION('',(1.,0.,0.));
#3059=DIRECTION('',(0.,0.,1.));
#3060=DIRECTION('',(1.,0.,0.));
#3061=DIRECTION('',(0.,0.,-1.));
#3062=DIRECTION('',(-1.,0.,0.));
#3063=DIRECTION('',(0.,0.,1.));
#3064=DIRECTION('',(0.,0.,-1.));
#3065=DIRECTION('',(-1.,0.,0.));
#3066=DIRECTION('',(0.,0.,1.));
#3067=DIRECTION('',(0.,0.,-1.));
#3068=DIRECTION('',(-1.,0.,0.));
#3069=DIRECTION('',(0.,0.,1.));
#3070=DIRECTION('',(0.,0.,1.));
#3071=DIRECTION('',(1.,0.,0.));
#3072=DIRECTION('',(0.,0.,-1.));
#3073=DIRECTION('',(-1.,0.,0.));
#3074=DIRECTION('',(0.,0.,1.));
#3075=DIRECTION('',(0.,0.,-1.));
#3076=DIRECTION('',(-1.,0.,0.));
#3077=DIRECTION('',(0.,0.,1.));
#3078=DIRECTION('',(0.,0.,-1.));
#3079=DIRECTION('',(-1.,0.,0.));
#3080=DIRECTION('',(0.,0.,1.));
#3081=DIRECTION('',(0.,0.,-1.));
#3082=DIRECTION('',(-1.,0.,0.));
#3083=DIRECTION('',(0.,0.,1.));
#3084=DIRECTION('',(0.,0.,-1.));
#3085=DIRECTION('',(-1.,0.,0.));
#3086=DIRECTION('',(0.,-1.,0.));
#3087=DIRECTION('',(0.,0.,-1.));
#3088=DIRECTION('',(-1.,0.,0.));
#3089=DIRECTION('',(1.,1.15389131625553E-15,0.));
#3090=DIRECTION('',(0.,0.,-1.));
#3091=DIRECTION('',(-1.,0.,0.));
#3092=DIRECTION('',(8.67361737988404E-16,-1.,0.));
#3093=DIRECTION('',(0.,0.,-1.));
#3094=DIRECTION('',(-1.,0.,0.));
#3095=DIRECTION('',(-1.,-1.15389131625553E-15,0.));
#3096=DIRECTION('',(0.,0.,-1.));
#3097=DIRECTION('',(-1.,0.,0.));
#3098=DIRECTION('',(0.,0.,-1.));
#3099=DIRECTION('',(-1.,0.,0.));
#3100=DIRECTION('',(1.,0.,0.));
#3101=DIRECTION('',(-1.,0.,0.));
#3102=DIRECTION('',(1.,0.,0.));
#3103=DIRECTION('',(0.,1.,0.));
#3104=DIRECTION('',(-1.,0.,0.));
#3105=DIRECTION('',(-1.,0.,0.));
#3106=DIRECTION('',(-1.,0.,0.));
#3107=DIRECTION('',(5.42101086242752E-16,-1.,0.));
#3108=DIRECTION('',(1.,-1.30104260698261E-16,0.));
#3109=DIRECTION('',(0.,1.,0.));
#3110=DIRECTION('',(-1.,1.19262238973405E-16,0.));
#3111=DIRECTION('',(-1.,1.73472347597681E-16,0.));
#3112=DIRECTION('',(0.,-1.,0.));
#3113=DIRECTION('',(1.,0.,0.));
#3114=DIRECTION('',(0.,1.,0.));
#3115=DIRECTION('',(1.,0.,0.));
#3116=DIRECTION('',(0.,1.,0.));
#3117=DIRECTION('',(-1.,0.,0.));
#3118=DIRECTION('',(0.,-1.,0.));
#3119=DIRECTION('',(0.,0.,1.));
#3120=DIRECTION('',(1.,0.,0.));
#3121=DIRECTION('',(1.,0.,0.));
#3122=DIRECTION('',(0.,0.,-1.));
#3123=DIRECTION('',(-1.,0.,0.));
#3124=DIRECTION('',(0.,0.,1.));
#3125=DIRECTION('',(1.,0.,0.));
#3126=DIRECTION('',(-1.,-1.15389131625553E-15,0.));
#3127=DIRECTION('',(0.,0.,1.));
#3128=DIRECTION('',(1.,0.,0.));
#3129=DIRECTION('',(8.67361737988404E-16,-1.,0.));
#3130=DIRECTION('',(0.,0.,1.));
#3131=DIRECTION('',(1.,0.,0.));
#3132=DIRECTION('',(1.,1.15389131625553E-15,0.));
#3133=DIRECTION('',(0.,0.,1.));
#3134=DIRECTION('',(1.,0.,0.));
#3135=DIRECTION('',(-1.,0.,0.));
#3136=DIRECTION('',(0.,-1.,0.));
#3137=DIRECTION('',(0.,-1.,0.));
#3138=DIRECTION('',(-1.,0.,0.));
#3139=DIRECTION('',(1.,0.,0.));
#3140=DIRECTION('',(0.,0.,1.));
#3141=DIRECTION('',(1.,0.,0.));
#3142=DIRECTION('',(0.,0.,1.));
#3143=DIRECTION('',(1.,0.,0.));
#3144=DIRECTION('',(0.,0.,1.));
#3145=DIRECTION('',(0.,0.,-1.));
#3146=DIRECTION('',(-1.,0.,0.));
#3147=DIRECTION('',(0.,0.,1.));
#3148=DIRECTION('',(0.,0.,1.));
#3149=DIRECTION('',(1.,0.,0.));
#3150=DIRECTION('',(0.,0.,-1.));
#3151=DIRECTION('',(1.,0.,0.));
#3152=DIRECTION('',(0.,0.,-1.));
#3153=DIRECTION('',(1.,0.,0.));
#3154=DIRECTION('',(-1.,0.,0.));
#3155=DIRECTION('',(0.,0.,1.));
#3156=DIRECTION('',(1.,0.,0.));
#3157=DIRECTION('',(0.,0.,-1.));
#3158=DIRECTION('',(-1.,0.,0.));
#3159=DIRECTION('',(0.,0.,1.));
#3160=DIRECTION('',(1.,0.,0.));
#3161=DIRECTION('',(0.,0.,1.));
#3162=DIRECTION('',(1.,0.,0.));
#3163=DIRECTION('',(0.,0.,1.));
#3164=DIRECTION('',(1.,0.,0.));
#3165=DIRECTION('',(0.,0.,1.));
#3166=DIRECTION('',(1.,0.,0.));
#3167=DIRECTION('',(0.,0.,1.));
#3168=DIRECTION('',(1.,0.,0.));
#3169=DIRECTION('',(0.,0.,1.));
#3170=DIRECTION('',(1.,0.,0.));
#3171=DIRECTION('',(0.,0.,-1.));
#3172=DIRECTION('',(-1.,0.,0.));
#3173=DIRECTION('',(0.,0.,-1.));
#3174=DIRECTION('',(1.,0.,0.));
#3175=DIRECTION('',(0.500449568188659,0.862060658220584,0.0800103196349));
#3176=DIRECTION('',(-0.864833283223028,0.502059152122215,0.));
#3177=DIRECTION('',(0.500449568188426,-0.862060658220726,-0.0800103196348312));
#3178=DIRECTION('',(0.864833283223166,0.502059152121978,0.));
#3179=DIRECTION('',(1.,0.,0.));
#3180=DIRECTION('',(0.,0.,-1.));
#3181=DIRECTION('',(0.,1.,0.));
#3182=DIRECTION('',(0.,0.,1.));
#3183=DIRECTION('',(0.,-1.,0.));
#3184=DIRECTION('',(0.,0.,-1.));
#3185=DIRECTION('',(1.,0.,0.));
#3186=DIRECTION('',(0.,0.,1.));
#3187=DIRECTION('',(-1.,0.,0.));
#3188=DIRECTION('',(0.,0.,1.));
#3189=DIRECTION('',(0.,-1.,0.));
#3190=DIRECTION('',(0.,0.,-1.));
#3191=DIRECTION('',(-1.,0.,0.));
#3192=DIRECTION('',(0.,0.,1.));
#3193=DIRECTION('',(0.,0.,1.));
#3194=DIRECTION('',(0.,0.,1.));
#3195=DIRECTION('',(0.,0.,1.));
#3196=DIRECTION('',(0.,0.,1.));
#3197=DIRECTION('',(0.,0.,1.));
#3198=DIRECTION('',(0.,0.,1.));
#3199=DIRECTION('',(0.,0.,1.));
#3200=DIRECTION('',(0.,0.,1.));
#3201=DIRECTION('',(3.14602649201438E-15,1.86216912970142E-13,1.));
#3202=DIRECTION('',(0.,-1.,1.86216912970142E-13));
#3203=DIRECTION('',(1.,0.,0.));
#3204=DIRECTION('',(0.,0.,-1.));
#3205=DIRECTION('',(-1.,-8.67361737988403E-16,0.));
#3206=DIRECTION('',(8.67361737988404E-16,-1.,0.));
#3207=DIRECTION('',(0.,0.,1.));
#3208=DIRECTION('',(0.,0.,1.));
#3209=DIRECTION('',(-1.15389131625553E-15,1.,0.));
#3210=DIRECTION('',(-1.,-1.15389131625553E-15,0.));
#3211=DIRECTION('',(0.,0.,-1.));
#3212=DIRECTION('',(0.,0.,1.));
#3213=DIRECTION('',(1.15389131625553E-15,-1.,0.));
#3214=DIRECTION('',(1.,1.15389131625553E-15,0.));
#3215=DIRECTION('',(0.,0.,-1.));
#3216=DIRECTION('',(0.,0.,1.));
#3217=DIRECTION('',(0.,0.,1.));
#3218=DIRECTION('',(1.,0.,0.));
#3219=DIRECTION('',(0.,0.,1.));
#3220=DIRECTION('',(1.,0.,0.));
#3221=DIRECTION('',(0.,0.,1.));
#3222=DIRECTION('',(1.,0.,0.));
#3223=DIRECTION('',(0.,0.,1.));
#3224=DIRECTION('',(1.,0.,0.));
#3225=DIRECTION('',(-1.,-5.42101086242752E-16,0.));
#3226=DIRECTION('',(5.42101086242752E-16,-1.,0.));
#3227=DIRECTION('',(0.,0.,1.));
#3228=DIRECTION('',(-5.42101086242752E-16,1.,0.));
#3229=DIRECTION('',(0.,0.,1.));
#3230=DIRECTION('',(1.19262238973405E-16,1.,0.));
#3231=DIRECTION('',(-1.,1.19262238973405E-16,0.));
#3232=DIRECTION('',(0.,0.,-1.));
#3233=DIRECTION('',(1.19262238973405E-16,1.,0.));
#3234=DIRECTION('',(-1.,1.19262238973405E-16,0.));
#3235=DIRECTION('',(0.,0.,1.));
#3236=DIRECTION('',(1.19262238973405E-16,1.,0.));
#3237=DIRECTION('',(-1.,1.19262238973405E-16,0.));
#3238=DIRECTION('',(-1.,1.19262238973405E-16,0.));
#3239=DIRECTION('',(0.70710678118655,-8.43311379175858E-17,0.707106781186545));
#3240=DIRECTION('',(0.,0.,1.));
#3241=DIRECTION('',(0.707106781186548,-8.43311379175856E-17,-0.707106781186548));
#3242=DIRECTION('',(1.,0.,0.));
#3243=DIRECTION('',(0.,0.,-1.));
#3244=DIRECTION('',(0.,0.,1.));
#3245=DIRECTION('',(0.,-1.,0.));
#3246=DIRECTION('',(-1.30104260698261E-16,-1.,0.));
#3247=DIRECTION('',(1.,-1.30104260698261E-16,0.));
#3248=DIRECTION('',(0.,0.,-1.));
#3249=DIRECTION('',(-1.30104260698261E-16,-1.,0.));
#3250=DIRECTION('',(1.,-1.30104260698261E-16,0.));
#3251=DIRECTION('',(0.,0.,1.));
#3252=DIRECTION('',(-1.30104260698261E-16,-1.,0.));
#3253=DIRECTION('',(1.,-1.30104260698261E-16,0.));
#3254=DIRECTION('',(-0.70710678118655,9.19976050010027E-17,-0.707106781186545));
#3255=DIRECTION('',(1.,-1.30104260698261E-16,0.));
#3256=DIRECTION('',(-0.707106781186548,9.19976050010025E-17,0.707106781186548));
#3257=DIRECTION('',(0.,0.,-1.));
#3258=DIRECTION('',(-1.,0.,0.));
#3259=DIRECTION('',(5.42101086242752E-16,-1.,0.));
#3260=DIRECTION('',(0.,1.,0.));
#3261=DIRECTION('',(-1.,0.,0.));
#3262=DIRECTION('',(0.,0.,1.));
#3263=DIRECTION('',(0.,0.,1.));
#3264=DIRECTION('',(0.,1.,0.));
#3265=DIRECTION('',(0.,0.,1.));
#3266=DIRECTION('',(1.73472347597681E-16,1.,0.));
#3267=DIRECTION('',(-1.,1.73472347597681E-16,0.));
#3268=DIRECTION('',(0.,0.,1.));
#3269=DIRECTION('',(-2.16840434497101E-16,-1.,0.));
#3270=DIRECTION('',(1.,-2.16840434497101E-16,0.));
#3271=DIRECTION('',(0.,0.,-1.));
#3272=DIRECTION('',(-2.16840434497101E-16,-1.,0.));
#3273=DIRECTION('',(1.,-2.16840434497101E-16,0.));
#3274=DIRECTION('',(-1.,1.73472347597681E-16,0.));
#3275=DIRECTION('',(0.70710678118655,-1.2266347333467E-16,0.707106781186545));
#3276=DIRECTION('',(0.,0.,1.));
#3277=DIRECTION('',(0.707106781186548,-1.2266347333467E-16,-0.707106781186548));
#3278=DIRECTION('',(1.,0.,0.));
#3279=DIRECTION('',(0.,0.,-1.));
#3280=DIRECTION('',(0.,0.,1.));
#3281=DIRECTION('',(0.,-1.,0.));
#3282=DIRECTION('',(0.,-1.,0.));
#3283=DIRECTION('',(0.,0.,-1.));
#3284=DIRECTION('',(0.,0.,-1.));
#3285=DIRECTION('',(0.,-1.,0.));
#3286=DIRECTION('',(0.,0.,-1.));
#3287=DIRECTION('',(0.,0.,1.));
#3288=DIRECTION('',(0.,-1.,0.));
#3289=DIRECTION('',(0.,0.,-1.));
#3290=DIRECTION('',(-0.70710678118655,0.,-0.707106781186545));
#3291=DIRECTION('',(1.,0.,0.));
#3292=DIRECTION('',(-0.707106781186548,0.,0.707106781186548));
#3293=DIRECTION('',(0.,0.,-1.));
#3294=DIRECTION('',(-1.,0.,0.));
#3295=DIRECTION('',(0.,-1.,0.));
#3296=DIRECTION('',(0.,1.,0.));
#3297=DIRECTION('',(1.,0.,0.));
#3298=DIRECTION('',(0.,0.,-1.));
#3299=DIRECTION('',(0.,0.,1.));
#3300=DIRECTION('',(0.,-1.,0.));
#3301=DIRECTION('',(0.,0.,1.));
#3302=DIRECTION('',(0.,-1.,0.));
#3303=DIRECTION('',(0.,0.,-1.));
#3304=DIRECTION('',(0.,0.,-1.));
#3305=DIRECTION('',(0.,-1.,0.));
#3306=DIRECTION('',(0.,0.,-1.));
#3307=DIRECTION('',(0.,0.,1.));
#3308=DIRECTION('',(0.,-1.,0.));
#3309=DIRECTION('',(0.,0.,-1.));
#3310=DIRECTION('',(0.,0.,1.));
#3311=DIRECTION('',(-0.707106781186548,0.,-0.707106781186548));
#3312=DIRECTION('',(1.,0.,0.));
#3313=DIRECTION('',(-0.70710678118655,0.,0.707106781186545));
#3314=DIRECTION('',(-1.,0.,0.));
#3315=DIRECTION('',(0.,0.,1.));
#3316=DIRECTION('',(0.,0.,1.));
#3317=DIRECTION('',(0.,1.,0.));
#3318=DIRECTION('',(0.,1.,0.));
#3319=DIRECTION('',(0.,0.,1.));
#3320=DIRECTION('',(0.,0.,-1.));
#3321=DIRECTION('',(0.,1.,0.));
#3322=DIRECTION('',(0.,0.,1.));
#3323=DIRECTION('',(0.,0.,1.));
#3324=DIRECTION('',(0.,1.,0.));
#3325=DIRECTION('',(0.,0.,1.));
#3326=DIRECTION('',(-1.,0.,0.));
#3327=DIRECTION('',(0.707106781186548,0.,0.707106781186548));
#3328=DIRECTION('',(0.70710678118655,0.,-0.707106781186545));
#3329=DIRECTION('',(0.,0.,-1.));
#3330=DIRECTION('',(-1.,0.,0.));
#3331=DIRECTION('',(0.,-1.,0.));
#3332=DIRECTION('',(0.,1.,0.));
#3333=DIRECTION('',(1.,-2.16840434497101E-16,0.));
#3334=DIRECTION('',(2.16840434497101E-16,1.,0.));
#3335=DIRECTION('',(-2.16840434497101E-16,-1.,0.));
#3336=DIRECTION('',(-2.16840434497101E-16,-1.,0.));
#3337=DIRECTION('',(-2.16840434497101E-16,-1.,0.));
#3338=DIRECTION('',(1.,-2.16840434497101E-16,0.));
#3339=DIRECTION('',(-2.16840434497101E-16,-1.,0.));
#3340=DIRECTION('',(-1.,2.16840434497101E-16,0.));
#3341=DIRECTION('',(-2.16840434497101E-16,-1.,0.));
#3342=DIRECTION('',(-2.16840434497101E-16,-1.,0.));
#3343=DIRECTION('',(-2.16840434497101E-16,-1.,0.));
#3344=DIRECTION('',(1.,-2.16840434497101E-16,0.));
#3345=DIRECTION('',(1.,-2.16840434497101E-16,0.));
#3346=DIRECTION('',(2.16840434497101E-16,1.,0.));
#3347=DIRECTION('',(-2.16840434497101E-16,-1.,0.));
#3348=DIRECTION('',(-2.16840434497101E-16,-1.,0.));
#3349=DIRECTION('',(-2.16840434497101E-16,-1.,0.));
#3350=DIRECTION('',(1.,-2.16840434497101E-16,0.));
#3351=DIRECTION('',(-2.16840434497101E-16,-1.,0.));
#3352=DIRECTION('',(-1.,2.16840434497101E-16,0.));
#3353=DIRECTION('',(-2.16840434497101E-16,-1.,0.));
#3354=DIRECTION('',(-2.16840434497101E-16,-1.,0.));
#3355=DIRECTION('',(-2.16840434497101E-16,-1.,0.));
#3356=DIRECTION('',(1.,-2.16840434497101E-16,0.));
#3357=DIRECTION('',(-2.16840434497101E-16,-1.,0.));
#3358=DIRECTION('',(1.,-2.16840434497101E-16,0.));
#3359=DIRECTION('',(-2.16840434497101E-16,-1.,0.));
#3360=DIRECTION('',(-2.16840434497101E-16,-1.,0.));
#3361=DIRECTION('',(-1.,2.16840434497101E-16,0.));
#3362=DIRECTION('',(-2.16840434497101E-16,-1.,0.));
#3363=DIRECTION('',(-2.16840434497101E-16,-1.,0.));
#3364=DIRECTION('',(-2.16840434497101E-16,-1.,0.));
#3365=DIRECTION('',(1.,-2.16840434497101E-16,0.));
#3366=DIRECTION('',(-2.16840434497101E-16,-1.,0.));
#3367=DIRECTION('',(1.,-2.16840434497101E-16,0.));
#3368=DIRECTION('',(2.16840434497101E-16,1.,0.));
#3369=DIRECTION('',(0.707106781186547,0.,-0.707106781186547));
#3370=DIRECTION('',(0.,1.,0.));
#3371=DIRECTION('',(-0.707106781186545,0.,-0.70710678118655));
#3372=DIRECTION('',(0.,-1.,0.));
#3373=DIRECTION('',(0.707106781186545,0.,-0.70710678118655));
#3374=DIRECTION('',(0.,1.,0.));
#3375=DIRECTION('',(0.707106781186545,3.83323354170842E-16,-0.70710678118655));
#3376=DIRECTION('',(-5.42101086242752E-16,1.,0.));
#3377=DIRECTION('',(-0.707106781186547,0.,-0.707106781186547));
#3378=DIRECTION('',(0.,-1.,0.));
#3379=DIRECTION('',(-0.707106781186547,0.,-0.707106781186547));
#3380=DIRECTION('',(0.,-1.,0.));
#3381=DIRECTION('',(0.,1.,0.));
#3382=DIRECTION('',(0.,0.,1.));
#3383=DIRECTION('',(-1.,0.,0.));
#3384=DIRECTION('',(1.,0.,0.));
#3385=DIRECTION('',(0.,0.,-1.));
#3386=DIRECTION('',(-1.,0.,0.));
#3387=DIRECTION('',(1.,0.,0.));
#3388=DIRECTION('',(1.,0.,0.));
#3389=DIRECTION('',(0.,0.,-1.));
#3390=DIRECTION('',(0.,0.,-1.));
#3391=DIRECTION('',(0.,-1.,0.));
#3392=DIRECTION('',(-1.,0.,0.));
#3393=DIRECTION('',(0.,0.,1.));
#3394=DIRECTION('',(0.,1.,0.));
#3395=DIRECTION('',(0.,0.,-1.));
#3396=DIRECTION('',(0.,0.,-1.));
#3397=DIRECTION('',(-1.,0.,0.));
#3398=DIRECTION('',(-1.,0.,0.));
#3399=DIRECTION('',(-1.,0.,0.));
#3400=DIRECTION('',(0.,-1.,0.));
#3401=DIRECTION('',(0.,0.,-1.));
#3402=DIRECTION('',(0.,0.,-1.));
#3403=DIRECTION('',(-1.,0.,0.));
#3404=DIRECTION('',(0.,0.,-1.));
#3405=DIRECTION('',(0.,-1.,0.));
#3406=DIRECTION('',(0.,0.,-1.));
#3407=DIRECTION('',(-1.,0.,0.));
#3408=DIRECTION('',(0.,1.,0.));
#3409=DIRECTION('',(0.,0.,1.));
#3410=DIRECTION('',(-1.,0.,0.));
#3411=DIRECTION('',(0.,0.925601028254882,0.378500642659302));
#3412=DIRECTION('',(0.,-0.378500642659302,0.925601028254882));
#3413=DIRECTION('',(0.,0.378500642659302,-0.925601028254882));
#3414=DIRECTION('',(-1.,0.,0.));
#3415=DIRECTION('',(0.,0.378500642659302,-0.925601028254882));
#3416=DIRECTION('',(0.,0.9590177080589,-0.283346141017402));
#3417=DIRECTION('',(0.,0.283346141017402,0.9590177080589));
#3418=DIRECTION('',(0.,-0.283346141017402,-0.9590177080589));
#3419=DIRECTION('',(0.,-0.283346141017402,-0.9590177080589));
#3420=DIRECTION('',(0.,-0.9590177080589,0.283346141017402));
#3421=DIRECTION('',(0.,-0.283346141017402,-0.9590177080589));
#3422=DIRECTION('',(0.,0.283346141017402,0.9590177080589));
#3423=DIRECTION('',(-1.,0.,0.));
#3424=DIRECTION('',(0.,0.283346141017402,0.9590177080589));
#3425=DIRECTION('',(0.,-0.925601028254882,-0.378500642659302));
#3426=DIRECTION('',(0.,0.378500642659302,-0.925601028254882));
#3427=DIRECTION('',(0.,-0.378500642659302,0.925601028254882));
#3428=DIRECTION('',(1.,0.,0.));
#3429=DIRECTION('',(0.,-0.378500642659302,0.925601028254882));
#3430=DIRECTION('',(1.,0.,0.));
#3431=DIRECTION('',(0.,0.,-1.));
#3432=DIRECTION('',(0.,-5.78241158658936E-15,-1.));
#3433=DIRECTION('',(0.,1.,0.));
#3434=DIRECTION('',(0.,5.78241158658936E-15,-1.));
#3435=DIRECTION('',(0.,1.,-1.7675683694802E-15));
#3436=DIRECTION('',(0.,0.,-1.));
#3437=DIRECTION('',(0.,1.,1.7675683694802E-15));
#3438=DIRECTION('',(0.,0.,-1.));
#3439=DIRECTION('',(0.,1.,3.5351367389604E-15));
#3440=DIRECTION('',(0.,0.,-1.));
#3441=DIRECTION('',(0.,1.,0.));
#3442=DIRECTION('',(0.,0.,-1.));
#3443=DIRECTION('',(0.,1.,4.41892092370044E-16));
#3444=DIRECTION('',(1.,0.,0.));
#3445=DIRECTION('',(0.,0.,-1.));
#3446=DIRECTION('',(0.,-5.78241158658936E-15,-1.));
#3447=DIRECTION('',(0.,1.,4.41892092370044E-16));
#3448=DIRECTION('',(0.,0.,-1.));
#3449=DIRECTION('',(0.,1.,0.));
#3450=DIRECTION('',(0.,0.,-1.));
#3451=DIRECTION('',(0.,1.,3.5351367389604E-15));
#3452=DIRECTION('',(0.,0.,-1.));
#3453=DIRECTION('',(0.,1.,1.7675683694802E-15));
#3454=DIRECTION('',(0.,0.,-1.));
#3455=DIRECTION('',(0.,1.,-1.7675683694802E-15));
#3456=DIRECTION('',(0.,5.78241158658936E-15,-1.));
#3457=DIRECTION('',(0.,1.,0.));
#3458=DIRECTION('',(0.,-1.,-5.78241158658936E-15));
#3459=DIRECTION('',(0.,5.78241158658936E-15,-1.));
#3460=DIRECTION('',(1.,0.,0.));
#3461=DIRECTION('',(0.,0.,-1.));
#3462=DIRECTION('',(-1.,0.,0.));
#3463=DIRECTION('',(0.,-1.7675683694802E-15,-1.));
#3464=DIRECTION('',(0.,1.,-1.7675683694802E-15));
#3465=DIRECTION('',(1.,0.,0.));
#3466=DIRECTION('',(0.,-1.,0.));
#3467=DIRECTION('',(0.,0.,-1.));
#3468=DIRECTION('',(0.,1.7675683694802E-15,-1.));
#3469=DIRECTION('',(0.,1.,1.7675683694802E-15));
#3470=DIRECTION('',(1.,0.,0.));
#3471=DIRECTION('',(0.,-1.,0.));
#3472=DIRECTION('',(0.,0.,-1.));
#3473=DIRECTION('',(0.,3.5351367389604E-15,-1.));
#3474=DIRECTION('',(0.,1.,3.5351367389604E-15));
#3475=DIRECTION('',(1.,0.,0.));
#3476=DIRECTION('',(0.,-1.,0.));
#3477=DIRECTION('',(0.,0.,-1.));
#3478=DIRECTION('',(0.,0.,-1.));
#3479=DIRECTION('',(-1.,0.,0.));
#3480=DIRECTION('',(1.,0.,0.));
#3481=DIRECTION('',(0.,-1.,0.));
#3482=DIRECTION('',(0.,0.,-1.));
#3483=DIRECTION('',(0.,-1.,5.78241158658936E-15));
#3484=DIRECTION('',(0.,-5.78241158658936E-15,-1.));
#3485=DIRECTION('',(1.,0.,0.));
#3486=DIRECTION('',(0.,4.41892092370044E-16,-1.));
#3487=DIRECTION('',(0.,1.,4.41892092370044E-16));
#3488=DIRECTION('',(0.,0.925601028254882,-0.378500642659302));
#3489=DIRECTION('',(0.,0.378500642659302,0.925601028254882));
#3490=DIRECTION('',(-1.,0.,0.));
#3491=DIRECTION('',(0.,-0.9590177080589,-0.283346141017402));
#3492=DIRECTION('',(0.,0.283346141017402,-0.9590177080589));
#3493=DIRECTION('',(0.,0.9590177080589,0.283346141017402));
#3494=DIRECTION('',(0.,-0.283346141017402,0.9590177080589));
#3495=DIRECTION('',(0.,-1.,5.78241158658936E-15));
#3496=DIRECTION('',(0.,-5.78241158658936E-15,-1.));
#3497=DIRECTION('',(1.,0.,0.));
#3498=DIRECTION('',(0.,0.,1.));
#3499=DIRECTION('',(1.,0.,0.));
#3500=DIRECTION('',(0.,-1.,0.));
#3501=DIRECTION('',(0.,0.,-1.));
#3502=DIRECTION('',(1.,0.,0.));
#3503=DIRECTION('',(0.,-1.7675683694802E-15,1.));
#3504=DIRECTION('',(0.,-1.,-1.7675683694802E-15));
#3505=DIRECTION('',(0.,-1.,0.));
#3506=DIRECTION('',(0.,0.,-1.));
#3507=DIRECTION('',(1.,0.,0.));
#3508=DIRECTION('',(0.,1.7675683694802E-15,1.));
#3509=DIRECTION('',(0.,-1.,1.7675683694802E-15));
#3510=DIRECTION('',(0.,-1.,0.));
#3511=DIRECTION('',(0.,0.,-1.));
#3512=DIRECTION('',(1.,0.,0.));
#3513=DIRECTION('',(0.,3.5351367389604E-15,1.));
#3514=DIRECTION('',(0.,-1.,3.5351367389604E-15));
#3515=DIRECTION('',(0.,-1.,0.));
#3516=DIRECTION('',(0.,0.,-1.));
#3517=DIRECTION('',(1.,0.,0.));
#3518=DIRECTION('',(0.,0.,1.));
#3519=DIRECTION('',(1.,0.,0.));
#3520=DIRECTION('',(0.,-1.,-5.78241158658936E-15));
#3521=DIRECTION('',(0.,5.78241158658936E-15,-1.));
#3522=DIRECTION('',(1.,0.,0.));
#3523=DIRECTION('',(0.,4.41892092370044E-16,1.));
#3524=DIRECTION('',(0.,-1.,4.41892092370044E-16));
#3525=CARTESIAN_POINT('',(0.,0.,0.));
#3526=CARTESIAN_POINT('',(0.002,-0.00986430327493079,0.));
#3527=CARTESIAN_POINT('',(-0.002,-0.00986430327493079,0.));
#3528=CARTESIAN_POINT('',(-0.002,-0.00992564190212088,-0.00015));
#3529=CARTESIAN_POINT('',(-0.002,-0.00986430327493079,0.));
#3530=CARTESIAN_POINT('',(-0.002,-0.00992564190212088,-0.00015));
#3531=CARTESIAN_POINT('',(0.002,-0.00992564190212088,-0.00015));
#3532=CARTESIAN_POINT('',(0.002,-0.00986430327493079,0.));
#3533=CARTESIAN_POINT('',(0.002,-0.00986430327493079,0.));
#3534=CARTESIAN_POINT('',(0.002,-0.00986430327493079,0.));
#3535=CARTESIAN_POINT('',(0.002,-0.00986430327493079,0.));
#3536=CARTESIAN_POINT('',(0.002,-0.00986430327493079,0.));
#3537=CARTESIAN_POINT('',(0.002,-0.0101791748945066,-0.00077));
#3538=CARTESIAN_POINT('',(0.002,-0.0101709964108813,-0.00075));
#3539=CARTESIAN_POINT('',(-0.002,-0.0101709964108813,-0.00075));
#3540=CARTESIAN_POINT('',(-0.002,-0.0101709964108813,-0.00075));
#3541=CARTESIAN_POINT('',(-0.002,-0.00986430327493079,0.));
#3542=CARTESIAN_POINT('',(-0.002,-0.0101791748945066,-0.00077));
#3543=CARTESIAN_POINT('',(-0.002,-0.0101791748945066,-0.00077));
#3544=CARTESIAN_POINT('',(0.002,-0.00986430327493079,0.));
#3545=CARTESIAN_POINT('',(0.002,-0.00986430327493079,0.));
#3546=CARTESIAN_POINT('',(0.002,-0.0104327078868923,-0.00139));
#3547=CARTESIAN_POINT('',(0.002,-0.010424529403267,-0.00137));
#3548=CARTESIAN_POINT('',(-0.002,-0.010424529403267,-0.00137));
#3549=CARTESIAN_POINT('',(-0.002,-0.010424529403267,-0.00137));
#3550=CARTESIAN_POINT('',(-0.002,-0.00986430327493079,0.));
#3551=CARTESIAN_POINT('',(-0.002,-0.0104327078868923,-0.00139));
#3552=CARTESIAN_POINT('',(-0.002,-0.0104327078868923,-0.00139));
#3553=CARTESIAN_POINT('',(0.002,-0.00986430327493079,0.));
#3554=CARTESIAN_POINT('',(0.002,-0.00986430327493079,0.));
#3555=CARTESIAN_POINT('',(0.002,-0.0106862408792781,-0.00201));
#3556=CARTESIAN_POINT('',(0.002,-0.0106780623956527,-0.00199));
#3557=CARTESIAN_POINT('',(-0.002,-0.0106780623956527,-0.00199));
#3558=CARTESIAN_POINT('',(-0.002,-0.0106780623956527,-0.00199));
#3559=CARTESIAN_POINT('',(-0.002,-0.00986430327493079,0.));
#3560=CARTESIAN_POINT('',(-0.002,-0.0106862408792781,-0.00201));
#3561=CARTESIAN_POINT('',(-0.002,-0.0106862408792781,-0.00201));
#3562=CARTESIAN_POINT('',(0.002,-0.00986430327493079,0.));
#3563=CARTESIAN_POINT('',(0.002,-0.00986430327493079,0.));
#3564=CARTESIAN_POINT('',(0.002,-0.0109397738716638,-0.00263));
#3565=CARTESIAN_POINT('',(0.002,-0.0109315953880384,-0.00261));
#3566=CARTESIAN_POINT('',(-0.002,-0.0109315953880384,-0.00261));
#3567=CARTESIAN_POINT('',(-0.002,-0.0109315953880384,-0.00261));
#3568=CARTESIAN_POINT('',(-0.002,-0.00986430327493079,0.));
#3569=CARTESIAN_POINT('',(-0.002,-0.0109397738716638,-0.00263));
#3570=CARTESIAN_POINT('',(-0.002,-0.0109397738716638,-0.00263));
#3571=CARTESIAN_POINT('',(0.002,-0.00986430327493079,0.));
#3572=CARTESIAN_POINT('',(0.002,-0.00986430327493079,0.));
#3573=CARTESIAN_POINT('',(0.002,-0.0111933068640495,-0.00325));
#3574=CARTESIAN_POINT('',(0.002,-0.0111851283804242,-0.00323));
#3575=CARTESIAN_POINT('',(-0.002,-0.0111851283804242,-0.00323));
#3576=CARTESIAN_POINT('',(-0.002,-0.0111851283804242,-0.00323));
#3577=CARTESIAN_POINT('',(-0.002,-0.00986430327493079,0.));
#3578=CARTESIAN_POINT('',(-0.002,-0.0111933068640495,-0.00325));
#3579=CARTESIAN_POINT('',(-0.002,-0.0111933068640495,-0.00325));
#3580=CARTESIAN_POINT('',(0.002,-0.00986430327493079,0.));
#3581=CARTESIAN_POINT('',(0.002,-0.00986430327493079,0.));
#3582=CARTESIAN_POINT('',(0.002,-0.0115,-0.004));
#3583=CARTESIAN_POINT('',(0.002,-0.0114386613728099,-0.00385));
#3584=CARTESIAN_POINT('',(-0.002,-0.0114386613728099,-0.00385));
#3585=CARTESIAN_POINT('',(-0.002,-0.0114386613728099,-0.00385));
#3586=CARTESIAN_POINT('',(-0.002,-0.00986430327493079,0.));
#3587=CARTESIAN_POINT('',(-0.002,-0.0115,-0.004));
#3588=CARTESIAN_POINT('',(0.002,-0.0115,-0.004));
#3589=CARTESIAN_POINT('',(0.002,0.,0.));
#3590=CARTESIAN_POINT('',(0.002,-0.00992564190212088,-0.00075));
#3591=CARTESIAN_POINT('',(0.002,-0.00992564190212088,-0.00075));
#3592=CARTESIAN_POINT('',(0.002,-0.0101709964108813,-0.00075));
#3593=CARTESIAN_POINT('',(0.002,-0.0101791748945066,-0.00077));
#3594=CARTESIAN_POINT('',(0.002,-0.0101791748945066,-0.00137));
#3595=CARTESIAN_POINT('',(0.002,-0.0101791748945066,-0.00137));
#3596=CARTESIAN_POINT('',(0.002,-0.0104327078868923,-0.00139));
#3597=CARTESIAN_POINT('',(0.002,-0.0104327078868923,-0.00199));
#3598=CARTESIAN_POINT('',(0.002,-0.0104327078868923,-0.00199));
#3599=CARTESIAN_POINT('',(0.002,-0.0106862408792781,-0.00201));
#3600=CARTESIAN_POINT('',(0.002,-0.0106862408792781,-0.00261));
#3601=CARTESIAN_POINT('',(0.002,-0.0106862408792781,-0.00261));
#3602=CARTESIAN_POINT('',(0.002,-0.0109397738716638,-0.00263));
#3603=CARTESIAN_POINT('',(0.002,-0.0109397738716638,-0.00323));
#3604=CARTESIAN_POINT('',(0.002,-0.0109397738716638,-0.00323));
#3605=CARTESIAN_POINT('',(0.002,-0.0111933068640495,-0.00325));
#3606=CARTESIAN_POINT('',(0.002,-0.0111933068640495,-0.00385));
#3607=CARTESIAN_POINT('',(0.002,-0.0111933068640495,-0.00385));
#3608=CARTESIAN_POINT('',(0.002,-0.0115,-0.004));
#3609=CARTESIAN_POINT('',(0.002,-0.00825,-0.015));
#3610=CARTESIAN_POINT('',(0.002,-0.00825,-0.0121765982161343));
#3611=CARTESIAN_POINT('',(0.002,-0.00825,-0.0121765982161343));
#3612=CARTESIAN_POINT('',(0.002,-0.0106531806684397,-0.00404275595372301));
#3613=CARTESIAN_POINT('',(0.002,-0.0106531806684397,-0.00404275595372301));
#3614=CARTESIAN_POINT('',(0.002,-0.009,0.));
#3615=CARTESIAN_POINT('',(0.002,-0.009,0.));
#3616=CARTESIAN_POINT('',(0.002,-0.009,0.));
#3617=CARTESIAN_POINT('',(-0.002,0.,0.));
#3618=CARTESIAN_POINT('',(-0.002,-0.00992564190212088,-0.00075));
#3619=CARTESIAN_POINT('',(-0.002,-0.00992564190212088,-0.00075));
#3620=CARTESIAN_POINT('',(-0.002,-0.009,0.));
#3621=CARTESIAN_POINT('',(-0.002,-0.009,0.));
#3622=CARTESIAN_POINT('',(-0.002,-0.009,0.));
#3623=CARTESIAN_POINT('',(-0.002,-0.0106531806684397,-0.00404275595372301));
#3624=CARTESIAN_POINT('',(-0.002,-0.0106531806684397,-0.00404275595372301));
#3625=CARTESIAN_POINT('',(-0.002,-0.00825,-0.0121765982161343));
#3626=CARTESIAN_POINT('',(-0.002,-0.00825,-0.0121765982161343));
#3627=CARTESIAN_POINT('',(-0.002,-0.00825,-0.015));
#3628=CARTESIAN_POINT('',(-0.002,-0.0115,-0.004));
#3629=CARTESIAN_POINT('',(-0.002,-0.0111933068640495,-0.00385));
#3630=CARTESIAN_POINT('',(-0.002,-0.0111933068640495,-0.00385));
#3631=CARTESIAN_POINT('',(-0.002,-0.0111933068640495,-0.00325));
#3632=CARTESIAN_POINT('',(-0.002,-0.0109397738716638,-0.00323));
#3633=CARTESIAN_POINT('',(-0.002,-0.0109397738716638,-0.00323));
#3634=CARTESIAN_POINT('',(-0.002,-0.0109397738716638,-0.00263));
#3635=CARTESIAN_POINT('',(-0.002,-0.0106862408792781,-0.00261));
#3636=CARTESIAN_POINT('',(-0.002,-0.0106862408792781,-0.00261));
#3637=CARTESIAN_POINT('',(-0.002,-0.0106862408792781,-0.00201));
#3638=CARTESIAN_POINT('',(-0.002,-0.0104327078868923,-0.00199));
#3639=CARTESIAN_POINT('',(-0.002,-0.0104327078868923,-0.00199));
#3640=CARTESIAN_POINT('',(-0.002,-0.0104327078868923,-0.00139));
#3641=CARTESIAN_POINT('',(-0.002,-0.0101791748945066,-0.00137));
#3642=CARTESIAN_POINT('',(-0.002,-0.0101791748945066,-0.00137));
#3643=CARTESIAN_POINT('',(-0.002,-0.0101791748945066,-0.00077));
#3644=CARTESIAN_POINT('',(-0.002,-0.0101709964108813,-0.00075));
#3645=CARTESIAN_POINT('',(0.002,0.00986430327493079,0.));
#3646=CARTESIAN_POINT('',(0.002,0.00986430327493079,0.));
#3647=CARTESIAN_POINT('',(0.002,0.00992564190212088,-0.00015));
#3648=CARTESIAN_POINT('',(0.002,0.00986430327493079,0.));
#3649=CARTESIAN_POINT('',(-0.002,0.00992564190212088,-0.00015));
#3650=CARTESIAN_POINT('',(-0.002,0.00992564190212088,-0.00015));
#3651=CARTESIAN_POINT('',(-0.002,0.00986430327493079,0.));
#3652=CARTESIAN_POINT('',(-0.002,0.00986430327493079,0.));
#3653=CARTESIAN_POINT('',(0.002,0.00986430327493079,0.));
#3654=CARTESIAN_POINT('',(0.002,0.00986430327493079,0.));
#3655=CARTESIAN_POINT('',(-0.002,0.00986430327493079,0.));
#3656=CARTESIAN_POINT('',(-0.002,0.0104327078868923,-0.00139));
#3657=CARTESIAN_POINT('',(-0.002,0.010424529403267,-0.00137));
#3658=CARTESIAN_POINT('',(-0.002,0.010424529403267,-0.00137));
#3659=CARTESIAN_POINT('',(0.002,0.010424529403267,-0.00137));
#3660=CARTESIAN_POINT('',(0.002,0.00986430327493079,0.));
#3661=CARTESIAN_POINT('',(0.002,0.0104327078868923,-0.00139));
#3662=CARTESIAN_POINT('',(-0.002,0.0104327078868923,-0.00139));
#3663=CARTESIAN_POINT('',(0.002,0.00986430327493079,0.));
#3664=CARTESIAN_POINT('',(-0.002,0.00986430327493079,0.));
#3665=CARTESIAN_POINT('',(-0.002,0.0106862408792781,-0.00201));
#3666=CARTESIAN_POINT('',(-0.002,0.0106780623956527,-0.00199));
#3667=CARTESIAN_POINT('',(-0.002,0.0106780623956527,-0.00199));
#3668=CARTESIAN_POINT('',(0.002,0.0106780623956527,-0.00199));
#3669=CARTESIAN_POINT('',(0.002,0.00986430327493079,0.));
#3670=CARTESIAN_POINT('',(0.002,0.0106862408792781,-0.00201));
#3671=CARTESIAN_POINT('',(-0.002,0.0106862408792781,-0.00201));
#3672=CARTESIAN_POINT('',(0.002,0.00986430327493079,0.));
#3673=CARTESIAN_POINT('',(-0.002,0.00986430327493079,0.));
#3674=CARTESIAN_POINT('',(-0.002,0.0109397738716638,-0.00263));
#3675=CARTESIAN_POINT('',(-0.002,0.0109315953880384,-0.00261));
#3676=CARTESIAN_POINT('',(-0.002,0.0109315953880384,-0.00261));
#3677=CARTESIAN_POINT('',(0.002,0.0109315953880384,-0.00261));
#3678=CARTESIAN_POINT('',(0.002,0.00986430327493079,0.));
#3679=CARTESIAN_POINT('',(0.002,0.0109397738716638,-0.00263));
#3680=CARTESIAN_POINT('',(-0.002,0.0109397738716638,-0.00263));
#3681=CARTESIAN_POINT('',(0.002,0.00986430327493079,0.));
#3682=CARTESIAN_POINT('',(-0.002,0.00986430327493079,0.));
#3683=CARTESIAN_POINT('',(-0.002,0.0111933068640495,-0.00325));
#3684=CARTESIAN_POINT('',(-0.002,0.0111851283804242,-0.00323));
#3685=CARTESIAN_POINT('',(-0.002,0.0111851283804242,-0.00323));
#3686=CARTESIAN_POINT('',(0.002,0.0111851283804242,-0.00323));
#3687=CARTESIAN_POINT('',(0.002,0.00986430327493079,0.));
#3688=CARTESIAN_POINT('',(0.002,0.0111933068640495,-0.00325));
#3689=CARTESIAN_POINT('',(-0.002,0.0111933068640495,-0.00325));
#3690=CARTESIAN_POINT('',(0.002,0.00986430327493079,0.));
#3691=CARTESIAN_POINT('',(-0.002,0.00986430327493079,0.));
#3692=CARTESIAN_POINT('',(-0.002,0.0101791748945066,-0.00077));
#3693=CARTESIAN_POINT('',(-0.002,0.0101709964108813,-0.00075));
#3694=CARTESIAN_POINT('',(-0.002,0.0101709964108813,-0.00075));
#3695=CARTESIAN_POINT('',(0.002,0.0101709964108813,-0.00075));
#3696=CARTESIAN_POINT('',(0.002,0.00986430327493079,0.));
#3697=CARTESIAN_POINT('',(0.002,0.0101791748945066,-0.00077));
#3698=CARTESIAN_POINT('',(-0.002,0.0101791748945066,-0.00077));
#3699=CARTESIAN_POINT('',(0.,0.,-0.015));
#3700=CARTESIAN_POINT('',(0.,0.,-0.0052));
#3701=CARTESIAN_POINT('',(0.00361801050302511,0.009,-0.0052));
#3702=CARTESIAN_POINT('',(0.00508475507852178,0.00826046401792581,-0.0052));
#3703=CARTESIAN_POINT('',(0.00361801050302511,0.009,-0.015));
#3704=CARTESIAN_POINT('',(0.00361801050302511,0.009,0.));
#3705=CARTESIAN_POINT('',(0.,0.,0.));
#3706=CARTESIAN_POINT('',(0.00963870156651713,0.00108877551020408,0.));
#3707=CARTESIAN_POINT('',(0.00963870156651713,0.00108877551020408,-0.015));
#3708=CARTESIAN_POINT('',(0.00963870156651713,0.00108877551020408,-0.015));
#3709=CARTESIAN_POINT('',(0.,0.,-0.015));
#3710=CARTESIAN_POINT('',(0.00508475507852178,0.00826046401792581,-0.015));
#3711=CARTESIAN_POINT('',(0.00508475507852178,0.00826046401792581,-0.015));
#3712=CARTESIAN_POINT('',(0.,0.,-0.015));
#3713=CARTESIAN_POINT('',(0.,0.,0.));
#3714=CARTESIAN_POINT('',(-0.00361801050302511,-0.009,0.));
#3715=CARTESIAN_POINT('',(-0.00361801050302511,0.009,0.));
#3716=CARTESIAN_POINT('',(-0.00361801050302511,0.009,-0.015));
#3717=CARTESIAN_POINT('',(-0.00361801050302511,0.009,-0.0052));
#3718=CARTESIAN_POINT('',(0.,0.,-0.0052));
#3719=CARTESIAN_POINT('',(-0.00505789926553846,0.0082769351223545,-0.0052));
#3720=CARTESIAN_POINT('',(-0.00505789926553846,0.0082769351223545,-0.015));
#3721=CARTESIAN_POINT('',(-0.00505789926553846,0.0082769351223545,-0.015));
#3722=CARTESIAN_POINT('',(0.,0.,-0.015));
#3723=CARTESIAN_POINT('',(-0.00510171539778534,-0.00825,-0.015));
#3724=CARTESIAN_POINT('',(-0.00510171539778533,-0.00825,-0.015));
#3725=CARTESIAN_POINT('',(-0.00510171539778534,-0.00825,-0.0052));
#3726=CARTESIAN_POINT('',(0.,0.,-0.0052));
#3727=CARTESIAN_POINT('',(-0.00361801050302511,-0.009,-0.0052));
#3728=CARTESIAN_POINT('',(-0.00361801050302511,-0.009,-0.015));
#3729=CARTESIAN_POINT('',(0.,0.,-0.015));
#3730=CARTESIAN_POINT('',(0.00508475507852178,0.0129937804281796,-0.015));
#3731=CARTESIAN_POINT('',(0.00508475507852178,0.00825,-0.015));
#3732=CARTESIAN_POINT('',(0.0097380696239039,0.0011,-0.015));
#3733=CARTESIAN_POINT('',(0.0097380696239039,0.001,-0.015));
#3734=CARTESIAN_POINT('',(0.00964831591522583,0.001,-0.015));
#3735=CARTESIAN_POINT('',(0.0103,0.001,-0.015));
#3736=CARTESIAN_POINT('',(0.0103,0.0009,-0.015));
#3737=CARTESIAN_POINT('',(0.0104,0.0009,-0.015));
#3738=CARTESIAN_POINT('',(0.0104,-0.001,-0.015));
#3739=CARTESIAN_POINT('',(0.0104,-0.0009,-0.015));
#3740=CARTESIAN_POINT('',(0.0103,-0.0009,-0.015));
#3741=CARTESIAN_POINT('',(0.0103,-0.001,-0.015));
#3742=CARTESIAN_POINT('',(0.00964831591522583,-0.001,-0.015));
#3743=CARTESIAN_POINT('',(0.0097380696239039,-0.001,-0.015));
#3744=CARTESIAN_POINT('',(0.0097380696239039,-0.0011,-0.015));
#3745=CARTESIAN_POINT('',(0.00963870156651713,-0.00108877551020408,-0.015));
#3746=CARTESIAN_POINT('',(0.,0.,-0.015));
#3747=CARTESIAN_POINT('',(0.00510171539778534,-0.00825,-0.015));
#3748=CARTESIAN_POINT('',(0.00549941114681406,-0.00825,-0.015));
#3749=CARTESIAN_POINT('',(0.002,-0.00825,-0.015));
#3750=CARTESIAN_POINT('',(0.00549941114681406,-0.00825,-0.015));
#3751=CARTESIAN_POINT('',(-0.00505789926553846,0.0129937804281796,-0.015));
#3752=CARTESIAN_POINT('',(-0.00505789926553846,0.00825,-0.015));
#3753=CARTESIAN_POINT('',(0.00508475507852178,0.00825,-0.015));
#3754=CARTESIAN_POINT('',(-0.002,0.00825,-0.015));
#3755=CARTESIAN_POINT('',(0.002,0.00825,-0.015));
#3756=CARTESIAN_POINT('',(0.002,0.00825,-0.015));
#3757=CARTESIAN_POINT('',(0.00508475507852178,0.00825,-0.015));
#3758=CARTESIAN_POINT('',(0.0025,-0.0004,-0.015));
#3759=CARTESIAN_POINT('',(0.0025,0.0004,-0.015));
#3760=CARTESIAN_POINT('',(0.0025,-0.0004,-0.015));
#3761=CARTESIAN_POINT('',(-0.0025,0.0004,-0.015));
#3762=CARTESIAN_POINT('',(-0.0025,0.0004,-0.015));
#3763=CARTESIAN_POINT('',(-0.0025,-0.0004,-0.015));
#3764=CARTESIAN_POINT('',(-0.0025,-0.0004,-0.015));
#3765=CARTESIAN_POINT('',(-0.0025,-0.0004,-0.015));
#3766=CARTESIAN_POINT('',(-0.0025,-0.0069,-0.015));
#3767=CARTESIAN_POINT('',(0.0025,-0.0069,-0.015));
#3768=CARTESIAN_POINT('',(-0.0025,-0.0069,-0.015));
#3769=CARTESIAN_POINT('',(0.0025,-0.0069,-0.015));
#3770=CARTESIAN_POINT('',(0.0025,-0.0061,-0.015));
#3771=CARTESIAN_POINT('',(-0.0025,-0.0061,-0.015));
#3772=CARTESIAN_POINT('',(-0.0025,-0.0061,-0.015));
#3773=CARTESIAN_POINT('',(-0.0025,-0.0069,-0.015));
#3774=CARTESIAN_POINT('',(0.0025,0.0069,-0.015));
#3775=CARTESIAN_POINT('',(-0.0025,0.0069,-0.015));
#3776=CARTESIAN_POINT('',(0.0025,0.0069,-0.015));
#3777=CARTESIAN_POINT('',(-0.0025,0.0069,-0.015));
#3778=CARTESIAN_POINT('',(-0.0025,0.0061,-0.015));
#3779=CARTESIAN_POINT('',(0.0025,0.0061,-0.015));
#3780=CARTESIAN_POINT('',(0.0025,0.0061,-0.015));
#3781=CARTESIAN_POINT('',(0.0025,0.0069,-0.015));
#3782=CARTESIAN_POINT('',(0.,0.,0.));
#3783=CARTESIAN_POINT('',(0.00552202476877081,-0.009,0.));
#3784=CARTESIAN_POINT('',(0.00361801050302511,-0.009,0.));
#3785=CARTESIAN_POINT('',(0.,0.,0.));
#3786=CARTESIAN_POINT('',(0.00963870156651713,-0.00108877551020408,0.));
#3787=CARTESIAN_POINT('',(0.0097380696239039,-0.0011,0.));
#3788=CARTESIAN_POINT('',(0.0097380696239039,-0.001,0.));
#3789=CARTESIAN_POINT('',(0.00964831591522583,-0.001,0.));
#3790=CARTESIAN_POINT('',(0.0103,-0.001,0.));
#3791=CARTESIAN_POINT('',(0.0103,-0.0009,0.));
#3792=CARTESIAN_POINT('',(0.0104,-0.0009,0.));
#3793=CARTESIAN_POINT('',(0.0104,-0.001,0.));
#3794=CARTESIAN_POINT('',(0.0104,0.0009,0.));
#3795=CARTESIAN_POINT('',(0.0103,0.0009,0.));
#3796=CARTESIAN_POINT('',(0.0103,0.001,0.));
#3797=CARTESIAN_POINT('',(0.00964831591522583,0.001,0.));
#3798=CARTESIAN_POINT('',(0.0097380696239039,0.001,0.));
#3799=CARTESIAN_POINT('',(0.0097380696239039,0.0011,0.));
#3800=CARTESIAN_POINT('',(0.00464912738264209,0.009,0.));
#3801=CARTESIAN_POINT('',(0.002,0.009,0.));
#3802=CARTESIAN_POINT('',(0.002,0.009,0.));
#3803=CARTESIAN_POINT('',(-0.002,0.009,0.));
#3804=CARTESIAN_POINT('',(-0.002,0.009,0.));
#3805=CARTESIAN_POINT('',(0.00464912738264209,0.009,0.));
#3806=CARTESIAN_POINT('',(0.00552202476877081,-0.009,0.));
#3807=CARTESIAN_POINT('',(0.,0.,0.));
#3808=CARTESIAN_POINT('',(0.0115,0.,0.));
#3809=CARTESIAN_POINT('',(0.,0.,-0.015));
#3810=CARTESIAN_POINT('',(0.00361801050302511,-0.009,-0.015));
#3811=CARTESIAN_POINT('',(0.00361801050302511,-0.009,-0.0052));
#3812=CARTESIAN_POINT('',(0.,0.,-0.0052));
#3813=CARTESIAN_POINT('',(0.00510171539778534,-0.00825,-0.0052));
#3814=CARTESIAN_POINT('',(0.00510171539778533,-0.00825,-0.015));
#3815=CARTESIAN_POINT('',(0.00963870156651713,-0.00108877551020408,-0.015));
#3816=CARTESIAN_POINT('',(-0.0115,-0.0087,0.0478256294209158));
#3817=CARTESIAN_POINT('',(-0.000333333333333335,-0.0087,0.0478256294209158));
#3818=CARTESIAN_POINT('',(-0.000333333333333334,0.006,0.00442173199426639));
#3819=CARTESIAN_POINT('',(-0.000333333333333335,0.0021377413003993,0.0033));
#3820=CARTESIAN_POINT('',(-0.0115,0.006,0.00442173199426639));
#3821=CARTESIAN_POINT('',(0.000384615384615384,0.006,0.00442173199426639));
#3822=CARTESIAN_POINT('',(0.000384615384615384,-0.0087,0.0478256294209158));
#3823=CARTESIAN_POINT('',(0.000384615384615384,0.0021377413003993,0.0033));
#3824=CARTESIAN_POINT('',(-0.0115,0.0021377413003993,0.0033));
#3825=CARTESIAN_POINT('',(-0.00715366489664158,-0.00446499357681581,0.00219611011138667));
#3826=CARTESIAN_POINT('',(-0.00642302311477475,-0.00571539121266575,0.00208005712420885));
#3827=CARTESIAN_POINT('',(-0.00436131283313072,-0.00789346608657411,0.00198888691318232));
#3828=CARTESIAN_POINT('',(-0.00145274454494132,-0.00869357265559889,0.002));
#3829=CARTESIAN_POINT('',(0.,-0.0087,0.002));
#3830=CARTESIAN_POINT('',(-0.00715366489664158,-0.00446499357681581,0.00219611011138667));
#3831=CARTESIAN_POINT('',(0.,-0.0087,0.002));
#3832=CARTESIAN_POINT('',(0.00715366489664155,-0.00446499357681585,0.00219611011138667));
#3833=CARTESIAN_POINT('',(0.00642302311477472,-0.00571539121266576,0.00208005712420886));
#3834=CARTESIAN_POINT('',(0.00436131283313074,-0.00789346608657123,0.00198888691318233));
#3835=CARTESIAN_POINT('',(0.00145274454494133,-0.0086935726556046,0.002));
#3836=CARTESIAN_POINT('',(0.,-0.0087,0.002));
#3837=CARTESIAN_POINT('',(0.00715366489664155,-0.00446499357681585,0.00219611011138667));
#3838=CARTESIAN_POINT('',(0.00715366489664155,-0.00446499357681585,0.00219611011138667));
#3839=CARTESIAN_POINT('',(0.00787199015104074,-0.00323567406325463,0.00231020677764259));
#3840=CARTESIAN_POINT('',(0.00859380553703961,-0.000413806209729485,0.00268338778727561));
#3841=CARTESIAN_POINT('',(0.00734880073349868,0.00367446123588818,0.00364858500566704));
#3842=CARTESIAN_POINT('',(0.00422778669597196,0.00660370397434262,0.00461424254299684));
#3843=CARTESIAN_POINT('',(1.14606677812115E-6,0.00768781235213433,0.00503347466595959));
#3844=CARTESIAN_POINT('',(-0.00424093719689402,0.00659542350669269,0.00461160540021436));
#3845=CARTESIAN_POINT('',(-0.00734493216718804,0.00368216106516545,0.00365033099944863));
#3846=CARTESIAN_POINT('',(-0.00859535626090157,-0.000435083546452558,0.00267938329090991));
#3847=CARTESIAN_POINT('',(-0.00787182053106655,-0.00323596434560635,0.00231017983570581));
#3848=CARTESIAN_POINT('',(-0.00715366489664158,-0.00446499357681581,0.00219611011138666));
#3849=CARTESIAN_POINT('',(-0.00138461538461538,-0.00500160256410257,0.00214948501019248));
#3850=CARTESIAN_POINT('',(-0.00138188269000352,-0.00546748511749177,0.00211176249961036));
#3851=CARTESIAN_POINT('',(-0.00134620743970514,-0.00618490195983186,0.00206544123151502));
#3852=CARTESIAN_POINT('',(-0.00075242662102658,-0.00696340204523033,0.00203230715990999));
#3853=CARTESIAN_POINT('',(-0.000283786973152053,-0.00709856838109787,0.00202799034881625));
#3854=CARTESIAN_POINT('',(-4.727564102564E-5,-0.00710256410256411,0.00202785097723267));
#3855=CARTESIAN_POINT('',(-0.00138461538461538,-0.00500160256410257,0.00214948501019248));
#3856=CARTESIAN_POINT('',(-4.727564102564E-5,-0.00710256410256411,0.00202785097723267));
#3857=CARTESIAN_POINT('',(-4.727564102564E-5,-0.0028974358974359,0.00236885257016737));
#3858=CARTESIAN_POINT('',(-0.000283975853212832,-0.00290140906751263,0.00236834539443566));
#3859=CARTESIAN_POINT('',(-0.000751930502315849,-0.00303990641697379,0.00235027938057684));
#3860=CARTESIAN_POINT('',(-0.0012019311627179,-0.00361647131444666,0.00228120948070805));
#3861=CARTESIAN_POINT('',(-0.00136599331230353,-0.00430327418090395,0.00220961533407722));
#3862=CARTESIAN_POINT('',(-0.00138324925616987,-0.00476796843330946,0.00216840236588024));
#3863=CARTESIAN_POINT('',(-0.00138461538461538,-0.00500160256410257,0.00214948501019248));
#3864=CARTESIAN_POINT('',(-4.727564102564E-5,-0.0028974358974359,0.00236885257016737));
#3865=CARTESIAN_POINT('',(0.00133333333333333,-0.00500160256410257,0.00214948501019248));
#3866=CARTESIAN_POINT('',(0.00133051378889551,-0.00476656705256064,0.00216851583568018));
#3867=CARTESIAN_POINT('',(0.00131232489066936,-0.00429967526112002,0.00220995231039794));
#3868=CARTESIAN_POINT('',(0.00111898043003836,-0.00361250611242573,0.00228165875868467));
#3869=CARTESIAN_POINT('',(0.000665398178693946,-0.00303827725586566,0.0023504914642752));
#3870=CARTESIAN_POINT('',(0.000191308976725243,-0.00290161707927849,0.00236831884170384));
#3871=CARTESIAN_POINT('',(-4.727564102564E-5,-0.0028974358974359,0.00236885257016738));
#3872=CARTESIAN_POINT('',(0.00133333333333333,-0.00500160256410257,0.00214948501019248));
#3873=CARTESIAN_POINT('',(-4.727564102564E-5,-0.00710256410256411,0.00202785097723267));
#3874=CARTESIAN_POINT('',(0.000189598629212753,-0.00709911592683758,0.00202797125030864));
#3875=CARTESIAN_POINT('',(0.00065919391321454,-0.00696357193071208,0.00203232572383048));
#3876=CARTESIAN_POINT('',(0.00127454735466531,-0.00619671652919613,0.00206484596678209));
#3877=CARTESIAN_POINT('',(0.00132761514204716,-0.00547131896061138,0.00211145207333104));
#3878=CARTESIAN_POINT('',(0.00133333333333333,-0.00500160256410257,0.00214948501019248));
#3879=CARTESIAN_POINT('',(0.,0.,0.002));
#3880=CARTESIAN_POINT('',(0.,0.,0.000999999999999989));
#3881=CARTESIAN_POINT('',(0.0115,0.,0.000999999999999989));
#3882=CARTESIAN_POINT('',(0.,0.,0.002));
#3883=CARTESIAN_POINT('',(0.,0.,0.002));
#3884=CARTESIAN_POINT('',(0.00739322913320188,-0.00458586556540584,0.002));
#3885=CARTESIAN_POINT('',(0.,0.,0.002));
#3886=CARTESIAN_POINT('',(-0.0073932291332019,-0.0045858655654058,0.002));
#3887=CARTESIAN_POINT('',(0.,0.,0.002));
#3888=CARTESIAN_POINT('',(0.,0.,0.002));
#3889=CARTESIAN_POINT('',(0.0105,0.,0.002));
#3890=CARTESIAN_POINT('',(0.,0.,0.002));
#3891=CARTESIAN_POINT('',(0.,0.,0.002));
#3892=CARTESIAN_POINT('',(-0.0073932291332019,-0.0045858655654058,0.002));
#3893=CARTESIAN_POINT('',(-0.0081368437828904,-0.00330772252191183,0.0021148504549575));
#3894=CARTESIAN_POINT('',(-0.00888821115617741,-0.000398679634368892,0.00248609811912792));
#3895=CARTESIAN_POINT('',(-0.00761214230106855,0.00388985386767868,0.00346217199904842));
#3896=CARTESIAN_POINT('',(-0.00440459504460267,0.00694419124188954,0.00443091072240578));
#3897=CARTESIAN_POINT('',(1.25792199570736E-6,0.00809356141662273,0.0048561395312083));
#3898=CARTESIAN_POINT('',(0.00439097298043008,0.00695284044108287,0.00443356057044758));
#3899=CARTESIAN_POINT('',(0.00761620317544296,0.00388181449821626,0.00346040329225335));
#3900=CARTESIAN_POINT('',(0.00888665687715138,-0.000376910281173799,0.00249006104893832));
#3901=CARTESIAN_POINT('',(0.00813699797956382,-0.00330745748489899,0.00211487427046208));
#3902=CARTESIAN_POINT('',(0.00739322913320187,-0.00458586556540584,0.002));
#3903=CARTESIAN_POINT('',(0.00715366489664276,-0.00446499357681379,0.00219611011138686));
#3904=CARTESIAN_POINT('',(0.00732646927073127,-0.00456445441944798,0.00218687886561032));
#3905=CARTESIAN_POINT('',(0.00739322913320318,-0.00458586556540374,0.002));
#3906=CARTESIAN_POINT('',(0.00642710776146932,-0.00570840088935809,0.0020807059161434));
#3907=CARTESIAN_POINT('',(0.00660669321730175,-0.00564181797362782,0.00208929076267819));
#3908=CARTESIAN_POINT('',(0.00660520936831051,-0.00585629327457061,0.00199999999953926));
#3909=CARTESIAN_POINT('',(0.00436371561968705,-0.00789039838049501,0.00198872837574243));
#3910=CARTESIAN_POINT('',(0.00438362598264231,-0.00794334620346082,0.00198472944007697));
#3911=CARTESIAN_POINT('',(0.0043640279308564,-0.0079602176848022,0.00200000000023036));
#3912=CARTESIAN_POINT('',(0.00146581243776435,-0.00869351484214201,0.002));
#3913=CARTESIAN_POINT('',(0.00146581245049782,-0.00869675742115426,0.00200000000000013));
#3914=CARTESIAN_POINT('',(0.0014658124571324,-0.00870000000016782,0.00200000000000001));
#3915=CARTESIAN_POINT('',(0.,-0.0087,0.002));
#3916=CARTESIAN_POINT('',(-7.9908203644365E-19,-0.0087,0.002));
#3917=CARTESIAN_POINT('',(-1.5981640728873E-18,-0.0087,0.002));
#3918=CARTESIAN_POINT('',(0.00715366489663885,-0.00443726887465226,0.00189739395700258));
#3919=CARTESIAN_POINT('',(-0.00715366489664158,-0.00446499357681581,0.00219611011138666));
#3920=CARTESIAN_POINT('',(-0.00732646927072993,-0.00456445441944996,0.00218687886561014));
#3921=CARTESIAN_POINT('',(-0.0073932291332019,-0.0045858655654058,0.002));
#3922=CARTESIAN_POINT('',(-0.00787109217260018,-0.00323721082856255,0.00231006414605126));
#3923=CARTESIAN_POINT('',(-0.00806212331948197,-0.00330507400015921,0.00230106616003369));
#3924=CARTESIAN_POINT('',(-0.00813586990645313,-0.00330939644431754,0.0021147000411572));
#3925=CARTESIAN_POINT('',(-0.0085931705709457,-0.000444111419044868,0.00267817357120659));
#3926=CARTESIAN_POINT('',(-0.0088112921966526,-0.000394123430350113,0.00268306913867177));
#3927=CARTESIAN_POINT('',(-0.00888696292082066,-0.000405144343066685,0.00248521931466975));
#3928=CARTESIAN_POINT('',(-0.00735459194750755,0.00366500612995282,0.00364547749108579));
#3929=CARTESIAN_POINT('',(-0.0075195927116592,0.00387327186443517,0.00370059882947959));
#3930=CARTESIAN_POINT('',(-0.007618557099533,0.00387757513856825,0.0034588557428752));
#3931=CARTESIAN_POINT('',(-0.00425680983525333,0.00658884077216095,0.00460901757926606));
#3932=CARTESIAN_POINT('',(-0.00431792394504323,0.00687490662339962,0.00470944408746334));
#3933=CARTESIAN_POINT('',(-0.00441790365668423,0.00693820867572028,0.00442870369914498));
#3934=CARTESIAN_POINT('',(1.11059270501171E-6,0.00769110576043913,0.00503476819110358));
#3935=CARTESIAN_POINT('',(1.57101099721276E-6,0.00798916508936846,0.00514956230703185));
#3936=CARTESIAN_POINT('',(1.14423161611505E-6,0.0080965500183366,0.00485724151074514));
#3937=CARTESIAN_POINT('',(0.00424366570701398,0.00659711305269735,0.00461165625479984));
#3938=CARTESIAN_POINT('',(0.00430409753122571,0.00688394247964201,0.00471234237212479));
#3939=CARTESIAN_POINT('',(0.00440429481096389,0.00694686852600541,0.00443135964894073));
#3940=CARTESIAN_POINT('',(0.00735837239948438,0.00365751366183622,0.0036437814028914));
#3941=CARTESIAN_POINT('',(0.00752312061088071,0.00386535622404824,0.00369883510605735));
#3942=CARTESIAN_POINT('',(0.00762245879846469,0.00386976188167424,0.00345714855103567));
#3943=CARTESIAN_POINT('',(0.00859167756759041,-0.000423195867818118,0.00268210387440066));
#3944=CARTESIAN_POINT('',(0.00881010106871548,-0.000372936045520569,0.00268702633329016));
#3945=CARTESIAN_POINT('',(0.00888546445145209,-0.000383367728906436,0.00248917534822436));
#3946=CARTESIAN_POINT('',(0.00787124934928211,-0.00323694184517295,0.00231008911117034));
#3947=CARTESIAN_POINT('',(0.00806228449522209,-0.00330479808422404,0.00230109117687237));
#3948=CARTESIAN_POINT('',(0.00813603260558435,-0.00330911679378995,0.00211472516881766));
#3949=CARTESIAN_POINT('',(0.00715366489664156,-0.00446499357681585,0.00219611011138666));
#3950=CARTESIAN_POINT('',(0.00732646927072991,-0.00456445441945,0.00218687886561014));
#3951=CARTESIAN_POINT('',(0.00739322913320188,-0.00458586556540584,0.002));
#3952=CARTESIAN_POINT('',(-0.00715366489664158,-0.00443726887465656,0.00189739395700231));
#3953=CARTESIAN_POINT('',(-0.00739322913320321,-0.00458586556540369,0.002));
#3954=CARTESIAN_POINT('',(-0.00732646927073129,-0.00456445441944793,0.00218687886561032));
#3955=CARTESIAN_POINT('',(-0.00715366489664279,-0.00446499357681375,0.00219611011138685));
#3956=CARTESIAN_POINT('',(-0.00660520936831318,-0.00585629327456583,0.00199999999954007));
#3957=CARTESIAN_POINT('',(-0.00660669321730175,-0.00564181797362712,0.0020892907626796));
#3958=CARTESIAN_POINT('',(-0.00642710776146937,-0.00570840088936003,0.00208070591614321));
#3959=CARTESIAN_POINT('',(-0.00436402793085515,-0.00796021768480456,0.00200000000022997));
#3960=CARTESIAN_POINT('',(-0.00438362598264207,-0.007943346203463,0.00198472944007681));
#3961=CARTESIAN_POINT('',(-0.00436371561968519,-0.00789039838049655,0.00198872837574253));
#3962=CARTESIAN_POINT('',(-0.00146581245713234,-0.00870000000016782,0.00199999999999999));
#3963=CARTESIAN_POINT('',(-0.00146581245049966,-0.00869675742114917,0.00199999999999917));
#3964=CARTESIAN_POINT('',(-0.00146581243776811,-0.00869351484213693,0.002));
#3965=CARTESIAN_POINT('',(-1.5981640728873E-18,-0.0087,0.002));
#3966=CARTESIAN_POINT('',(-7.9908203644365E-19,-0.0087,0.002));
#3967=CARTESIAN_POINT('',(0.,-0.0087,0.002));
#3968=CARTESIAN_POINT('',(-0.000333333333333334,0.002,0.0033));
#3969=CARTESIAN_POINT('',(-0.000333333333333334,0.002,0.0033));
#3970=CARTESIAN_POINT('',(-0.000333333333333334,0.006,0.0033));
#3971=CARTESIAN_POINT('',(-0.000333333333333334,0.006,0.0033));
#3972=CARTESIAN_POINT('',(-0.000333333333333334,0.006,0.0033));
#3973=CARTESIAN_POINT('',(-0.000333333333333334,0.006,0.0033));
#3974=CARTESIAN_POINT('',(0.000384615384615384,0.006,0.0033));
#3975=CARTESIAN_POINT('',(0.000384615384615384,0.006,0.0033));
#3976=CARTESIAN_POINT('',(0.000384615384615384,0.006,0.0033));
#3977=CARTESIAN_POINT('',(0.000384615384615384,0.006,0.0033));
#3978=CARTESIAN_POINT('',(0.,0.,0.0033));
#3979=CARTESIAN_POINT('',(-4.727564102564E-5,-0.00710256410256411,0.002));
#3980=CARTESIAN_POINT('',(-4.727564102564E-5,-0.00710256410256411,0.00215038192025363));
#3981=CARTESIAN_POINT('',(-7.88231998659311E-5,-0.0071020311248969,0.002));
#3982=CARTESIAN_POINT('',(-7.88231998659311E-5,-0.0071020311248969,0.00215038192025363));
#3983=CARTESIAN_POINT('',(-0.000141028828169372,-0.00710098019696842,0.002));
#3984=CARTESIAN_POINT('',(-0.000141028828169372,-0.00710098019696842,0.00215038192025363));
#3985=CARTESIAN_POINT('',(-0.000233203028671602,-0.00709010736098192,0.002));
#3986=CARTESIAN_POINT('',(-0.000233203028671602,-0.00709010736098192,0.00215038192025363));
#3987=CARTESIAN_POINT('',(-0.000322668678317255,-0.00707262678588209,0.002));
#3988=CARTESIAN_POINT('',(-0.000322668678317255,-0.00707262678588209,0.00215038192025363));
#3989=CARTESIAN_POINT('',(-0.000409867254360233,-0.00704815066692084,0.002));
#3990=CARTESIAN_POINT('',(-0.000409867254360233,-0.00704815066692084,0.00215038192025363));
#3991=CARTESIAN_POINT('',(-0.000495246128741588,-0.00701819085398891,0.002));
#3992=CARTESIAN_POINT('',(-0.000495246128741588,-0.00701819085398891,0.00215038192025363));
#3993=CARTESIAN_POINT('',(-0.000577641884919641,-0.00697915807272836,0.002));
#3994=CARTESIAN_POINT('',(-0.000577641884919641,-0.00697915807272836,0.00215038192025363));
#3995=CARTESIAN_POINT('',(-0.000657970666280411,-0.0069342048510644,0.002));
#3996=CARTESIAN_POINT('',(-0.000657970666280411,-0.0069342048510644,0.00215038192025363));
#3997=CARTESIAN_POINT('',(-0.000736018158872504,-0.00688301008370637,0.002));
#3998=CARTESIAN_POINT('',(-0.000736018158872504,-0.00688301008370637,0.00215038192025363));
#3999=CARTESIAN_POINT('',(-0.000810317771489454,-0.00682435673155963,0.002));
#4000=CARTESIAN_POINT('',(-0.000810317771489454,-0.00682435673155963,0.00215038192025363));
#4001=CARTESIAN_POINT('',(-0.000881287606133839,-0.00675948325877507,0.002));
#4002=CARTESIAN_POINT('',(-0.000881287606133839,-0.00675948325877507,0.00215038192025363));
#4003=CARTESIAN_POINT('',(-0.000947144770816092,-0.00668677078872088,0.002));
#4004=CARTESIAN_POINT('',(-0.000947144770816092,-0.00668677078872088,0.00215038192025363));
#4005=CARTESIAN_POINT('',(-0.00100844088009304,-0.00660736744802635,0.002));
#4006=CARTESIAN_POINT('',(-0.00100844088009304,-0.00660736744802635,0.00215038192025363));
#4007=CARTESIAN_POINT('',(-0.00106669698088817,-0.0065220037425032,0.002));
#4008=CARTESIAN_POINT('',(-0.00106669698088817,-0.0065220037425032,0.00215038192025363));
#4009=CARTESIAN_POINT('',(-0.00112028483611017,-0.00642951417330844,0.002));
#4010=CARTESIAN_POINT('',(-0.00112028483611017,-0.00642951417330844,0.00215038192025363));
#4011=CARTESIAN_POINT('',(-0.00116985152647366,-0.00633026547560603,0.002));
#4012=CARTESIAN_POINT('',(-0.00116985152647366,-0.00633026547560603,0.00215038192025363));
#4013=CARTESIAN_POINT('',(-0.00121515837295198,-0.00622361643483449,0.002));
#4014=CARTESIAN_POINT('',(-0.00121515837295198,-0.00622361643483449,0.00215038192025363));
#4015=CARTESIAN_POINT('',(-0.00125532827411188,-0.00610801080299473,0.002));
#4016=CARTESIAN_POINT('',(-0.00125532827411188,-0.00610801080299473,0.00215038192025363));
#4017=CARTESIAN_POINT('',(-0.00129081136909865,-0.00598212602756331,0.002));
#4018=CARTESIAN_POINT('',(-0.00129081136909865,-0.00598212602756331,0.00215038192025363));
#4019=CARTESIAN_POINT('',(-0.00131882754906444,-0.00584485101486155,0.002));
#4020=CARTESIAN_POINT('',(-0.00131882754906444,-0.00584485101486155,0.00215038192025363));
#4021=CARTESIAN_POINT('',(-0.00134280806944487,-0.00569728830959826,0.002));
#4022=CARTESIAN_POINT('',(-0.00134280806944487,-0.00569728830959826,0.00215038192025363));
#4023=CARTESIAN_POINT('',(-0.00136215022149458,-0.00553880381772872,0.002));
#4024=CARTESIAN_POINT('',(-0.00136215022149458,-0.00553880381772872,0.00215038192025363));
#4025=CARTESIAN_POINT('',(-0.00137535516471558,-0.00536931149980084,0.002));
#4026=CARTESIAN_POINT('',(-0.00137535516471558,-0.00536931149980084,0.00215038192025363));
#4027=CARTESIAN_POINT('',(-0.00138351666761359,-0.00518891697531382,0.002));
#4028=CARTESIAN_POINT('',(-0.00138351666761359,-0.00518891697531382,0.00215038192025363));
#4029=CARTESIAN_POINT('',(-0.00138424246237944,-0.00506518009038055,0.002));
#4030=CARTESIAN_POINT('',(-0.00138424246237944,-0.00506518009038055,0.00215038192025363));
#4031=CARTESIAN_POINT('',(-0.00138461538461538,-0.00500160256410257,0.002));
#4032=CARTESIAN_POINT('',(-0.00138461538461538,-0.00500160256410257,0.00215038192025363));
#4033=CARTESIAN_POINT('',(-4.727564102564E-5,-0.00710256410256411,0.002));
#4034=CARTESIAN_POINT('',(-4.727564102564E-5,-0.00710256410256411,0.002));
#4035=CARTESIAN_POINT('',(-4.727564102564E-5,-0.00710256410256411,0.002));
#4036=CARTESIAN_POINT('',(-7.88231998659311E-5,-0.0071020311248969,0.002));
#4037=CARTESIAN_POINT('',(-0.000141028828169372,-0.00710098019696842,0.002));
#4038=CARTESIAN_POINT('',(-0.000233203028671602,-0.00709010736098192,0.002));
#4039=CARTESIAN_POINT('',(-0.000322668678317255,-0.00707262678588209,0.002));
#4040=CARTESIAN_POINT('',(-0.000409867254360233,-0.00704815066692084,0.002));
#4041=CARTESIAN_POINT('',(-0.000495246128741588,-0.00701819085398891,0.002));
#4042=CARTESIAN_POINT('',(-0.000577641884919641,-0.00697915807272836,0.002));
#4043=CARTESIAN_POINT('',(-0.000657970666280411,-0.0069342048510644,0.002));
#4044=CARTESIAN_POINT('',(-0.000736018158872504,-0.00688301008370637,0.002));
#4045=CARTESIAN_POINT('',(-0.000810317771489454,-0.00682435673155963,0.002));
#4046=CARTESIAN_POINT('',(-0.000881287606133839,-0.00675948325877507,0.002));
#4047=CARTESIAN_POINT('',(-0.000947144770816092,-0.00668677078872088,0.002));
#4048=CARTESIAN_POINT('',(-0.00100844088009304,-0.00660736744802635,0.002));
#4049=CARTESIAN_POINT('',(-0.00106669698088817,-0.0065220037425032,0.002));
#4050=CARTESIAN_POINT('',(-0.00112028483611017,-0.00642951417330844,0.002));
#4051=CARTESIAN_POINT('',(-0.00116985152647366,-0.00633026547560603,0.002));
#4052=CARTESIAN_POINT('',(-0.00121515837295198,-0.00622361643483449,0.002));
#4053=CARTESIAN_POINT('',(-0.00125532827411188,-0.00610801080299473,0.002));
#4054=CARTESIAN_POINT('',(-0.00129081136909865,-0.00598212602756331,0.002));
#4055=CARTESIAN_POINT('',(-0.00131882754906444,-0.00584485101486155,0.002));
#4056=CARTESIAN_POINT('',(-0.00134280806944487,-0.00569728830959826,0.002));
#4057=CARTESIAN_POINT('',(-0.00136215022149458,-0.00553880381772872,0.002));
#4058=CARTESIAN_POINT('',(-0.00137535516471558,-0.00536931149980084,0.002));
#4059=CARTESIAN_POINT('',(-0.00138351666761359,-0.00518891697531382,0.002));
#4060=CARTESIAN_POINT('',(-0.00138424246237944,-0.00506518009038055,0.002));
#4061=CARTESIAN_POINT('',(-0.00138461538461538,-0.00500160256410257,0.002));
#4062=CARTESIAN_POINT('',(-0.00138461538461538,-0.00500160256410257,0.002));
#4063=CARTESIAN_POINT('',(-0.00138461538461538,-0.00500160256410257,0.002));
#4064=CARTESIAN_POINT('',(-0.00138461538461538,-0.00500160256410257,0.002));
#4065=CARTESIAN_POINT('',(-0.00138461538461538,-0.00500160256410257,0.00237106568558837));
#4066=CARTESIAN_POINT('',(-0.00138424050672114,-0.00493749126383485,0.002));
#4067=CARTESIAN_POINT('',(-0.00138424050672114,-0.00493749126383485,0.00237106568558837));
#4068=CARTESIAN_POINT('',(-0.00138351230100817,-0.00481295413898061,0.002));
#4069=CARTESIAN_POINT('',(-0.00138351230100817,-0.00481295413898061,0.00237106568558837));
#4070=CARTESIAN_POINT('',(-0.00137541124850275,-0.00463148597661855,0.002));
#4071=CARTESIAN_POINT('',(-0.00137541124850275,-0.00463148597661855,0.00237106568558837));
#4072=CARTESIAN_POINT('',(-0.00136195371443056,-0.00446124564633835,0.002));
#4073=CARTESIAN_POINT('',(-0.00136195371443056,-0.00446124564633835,0.00237106568558837));
#4074=CARTESIAN_POINT('',(-0.00134351100260167,-0.00430222499943729,0.002));
#4075=CARTESIAN_POINT('',(-0.00134351100260167,-0.00430222499943729,0.00237106568558837));
#4076=CARTESIAN_POINT('',(-0.00132106759663185,-0.00415438298284562,0.002));
#4077=CARTESIAN_POINT('',(-0.00132106759663185,-0.00415438298284562,0.00237106568558837));
#4078=CARTESIAN_POINT('',(-0.00129110704051606,-0.00401811468897556,0.002));
#4079=CARTESIAN_POINT('',(-0.00129110704051606,-0.00401811468897556,0.00237106568558837));
#4080=CARTESIAN_POINT('',(-0.00125703526609896,-0.00389278942427492,0.002));
#4081=CARTESIAN_POINT('',(-0.00125703526609896,-0.00389278942427492,0.00237106568558837));
#4082=CARTESIAN_POINT('',(-0.00121754675660124,-0.0037779985117309,0.002));
#4083=CARTESIAN_POINT('',(-0.00121754675660124,-0.0037779985117309,0.00237106568558837));
#4084=CARTESIAN_POINT('',(-0.00117298928343742,-0.00367219542256271,0.002));
#4085=CARTESIAN_POINT('',(-0.00117298928343742,-0.00367219542256271,0.00237106568558837));
#4086=CARTESIAN_POINT('',(-0.00112449298546934,-0.00357342376394127,0.002));
#4087=CARTESIAN_POINT('',(-0.00112449298546934,-0.00357342376394127,0.00237106568558837));
#4088=CARTESIAN_POINT('',(-0.00107013322041383,-0.00348183298412438,0.002));
#4089=CARTESIAN_POINT('',(-0.00107013322041383,-0.00348183298412438,0.00237106568558837));
#4090=CARTESIAN_POINT('',(-0.00101301674849714,-0.00339596122364445,0.002));
#4091=CARTESIAN_POINT('',(-0.00101301674849714,-0.00339596122364445,0.00237106568558837));
#4092=CARTESIAN_POINT('',(-0.000950831523779633,-0.00331721414388177,0.002));
#4093=CARTESIAN_POINT('',(-0.000950831523779633,-0.00331721414388177,0.00237106568558837));
#4094=CARTESIAN_POINT('',(-0.000885347191817066,-0.00324447967243203,0.002));
#4095=CARTESIAN_POINT('',(-0.000885347191817066,-0.00324447967243203,0.00237106568558837));
#4096=CARTESIAN_POINT('',(-0.000814007904654634,-0.0031794388147591,0.002));
#4097=CARTESIAN_POINT('',(-0.000814007904654634,-0.0031794388147591,0.00237106568558837));
#4098=CARTESIAN_POINT('',(-0.000739238752342125,-0.00312018589774759,0.002));
#4099=CARTESIAN_POINT('',(-0.000739238752342125,-0.00312018589774759,0.00237106568558837));
#4100=CARTESIAN_POINT('',(-0.000660362793037303,-0.00306824364440823,0.002));
#4101=CARTESIAN_POINT('',(-0.000660362793037303,-0.00306824364440823,0.00237106568558837));
#4102=CARTESIAN_POINT('',(-0.000579628317445071,-0.00302249194313307,0.002));
#4103=CARTESIAN_POINT('',(-0.000579628317445071,-0.00302249194313307,0.00237106568558837));
#4104=CARTESIAN_POINT('',(-0.000496479625038286,-0.00298340638055295,0.002));
#4105=CARTESIAN_POINT('',(-0.000496479625038286,-0.00298340638055295,0.00237106568558837));
#4106=CARTESIAN_POINT('',(-0.000410689701726365,-0.00295267445385633,0.002));
#4107=CARTESIAN_POINT('',(-0.000410689701726365,-0.00295267445385633,0.00237106568558837));
#4108=CARTESIAN_POINT('',(-0.000323029635566724,-0.00292729062897334,0.002));
#4109=CARTESIAN_POINT('',(-0.000323029635566724,-0.00292729062897334,0.00237106568558837));
#4110=CARTESIAN_POINT('',(-0.000233192987919536,-0.00290993183166298,0.002));
#4111=CARTESIAN_POINT('',(-0.000233192987919536,-0.00290993183166298,0.00237106568558837));
#4112=CARTESIAN_POINT('',(-0.000141031429135165,-0.00289900965053225,0.002));
#4113=CARTESIAN_POINT('',(-0.000141031429135165,-0.00289900965053225,0.00237106568558837));
#4114=CARTESIAN_POINT('',(-7.88240750801386E-5,-0.00289796545882917,0.002));
#4115=CARTESIAN_POINT('',(-7.88240750801386E-5,-0.00289796545882917,0.00237106568558837));
#4116=CARTESIAN_POINT('',(-4.727564102564E-5,-0.0028974358974359,0.002));
#4117=CARTESIAN_POINT('',(-4.727564102564E-5,-0.0028974358974359,0.00237106568558837));
#4118=CARTESIAN_POINT('',(-0.00138461538461538,-0.00500160256410257,0.002));
#4119=CARTESIAN_POINT('',(-0.00138424050672114,-0.00493749126383485,0.002));
#4120=CARTESIAN_POINT('',(-0.00138351230100817,-0.00481295413898061,0.002));
#4121=CARTESIAN_POINT('',(-0.00137541124850275,-0.00463148597661855,0.002));
#4122=CARTESIAN_POINT('',(-0.00136195371443056,-0.00446124564633835,0.002));
#4123=CARTESIAN_POINT('',(-0.00134351100260167,-0.00430222499943729,0.002));
#4124=CARTESIAN_POINT('',(-0.00132106759663185,-0.00415438298284562,0.002));
#4125=CARTESIAN_POINT('',(-0.00129110704051606,-0.00401811468897556,0.002));
#4126=CARTESIAN_POINT('',(-0.00125703526609896,-0.00389278942427492,0.002));
#4127=CARTESIAN_POINT('',(-0.00121754675660124,-0.0037779985117309,0.002));
#4128=CARTESIAN_POINT('',(-0.00117298928343742,-0.00367219542256271,0.002));
#4129=CARTESIAN_POINT('',(-0.00112449298546934,-0.00357342376394127,0.002));
#4130=CARTESIAN_POINT('',(-0.00107013322041383,-0.00348183298412438,0.002));
#4131=CARTESIAN_POINT('',(-0.00101301674849714,-0.00339596122364445,0.002));
#4132=CARTESIAN_POINT('',(-0.000950831523779633,-0.00331721414388177,0.002));
#4133=CARTESIAN_POINT('',(-0.000885347191817066,-0.00324447967243203,0.002));
#4134=CARTESIAN_POINT('',(-0.000814007904654634,-0.0031794388147591,0.002));
#4135=CARTESIAN_POINT('',(-0.000739238752342125,-0.00312018589774759,0.002));
#4136=CARTESIAN_POINT('',(-0.000660362793037303,-0.00306824364440823,0.002));
#4137=CARTESIAN_POINT('',(-0.000579628317445071,-0.00302249194313307,0.002));
#4138=CARTESIAN_POINT('',(-0.000496479625038286,-0.00298340638055295,0.002));
#4139=CARTESIAN_POINT('',(-0.000410689701726365,-0.00295267445385633,0.002));
#4140=CARTESIAN_POINT('',(-0.000323029635566724,-0.00292729062897334,0.002));
#4141=CARTESIAN_POINT('',(-0.000233192987919536,-0.00290993183166298,0.002));
#4142=CARTESIAN_POINT('',(-0.000141031429135165,-0.00289900965053225,0.002));
#4143=CARTESIAN_POINT('',(-7.88240750801386E-5,-0.00289796545882917,0.002));
#4144=CARTESIAN_POINT('',(-4.727564102564E-5,-0.0028974358974359,0.002));
#4145=CARTESIAN_POINT('',(-4.727564102564E-5,-0.0028974358974359,0.002));
#4146=CARTESIAN_POINT('',(-4.727564102564E-5,-0.0028974358974359,0.002));
#4147=CARTESIAN_POINT('',(-4.727564102564E-5,-0.0028974358974359,0.002));
#4148=CARTESIAN_POINT('',(-4.727564102564E-5,-0.0028974358974359,0.00237106568558838));
#4149=CARTESIAN_POINT('',(-1.54636656149645E-5,-0.0028979934004938,0.002));
#4150=CARTESIAN_POINT('',(-1.54636656149645E-5,-0.0028979934004938,0.00237106568558838));
#4151=CARTESIAN_POINT('',(4.78003445515314E-5,-0.00289910209867012,0.002));
#4152=CARTESIAN_POINT('',(4.78003445515314E-5,-0.00289910209867012,0.00237106568558838));
#4153=CARTESIAN_POINT('',(0.000141332201975437,-0.00290975803299538,0.002));
#4154=CARTESIAN_POINT('',(0.000141332201975437,-0.00290975803299538,0.00237106568558838));
#4155=CARTESIAN_POINT('',(0.000232703266792121,-0.00292743931653474,0.002));
#4156=CARTESIAN_POINT('',(0.000232703266792121,-0.00292743931653474,0.00237106568558838));
#4157=CARTESIAN_POINT('',(0.000321523996738957,-0.00295249185891492,0.002));
#4158=CARTESIAN_POINT('',(0.000321523996738957,-0.00295249185891492,0.00237106568558838));
#4159=CARTESIAN_POINT('',(0.000408523981273557,-0.00298357263223998,0.002));
#4160=CARTESIAN_POINT('',(0.000408523981273557,-0.00298357263223998,0.00237106568558838));
#4161=CARTESIAN_POINT('',(0.000493022732868586,-0.0030225293375076,0.002));
#4162=CARTESIAN_POINT('',(0.000493022732868586,-0.0030225293375076,0.00237106568558838));
#4163=CARTESIAN_POINT('',(0.00057554511188807,-0.00306787661447271,0.002));
#4164=CARTESIAN_POINT('',(0.00057554511188807,-0.00306787661447271,0.00237106568558838));
#4165=CARTESIAN_POINT('',(0.000654779726196527,-0.00312116104568028,0.002));
#4166=CARTESIAN_POINT('',(0.000654779726196527,-0.00312116104568028,0.00237106568558838));
#4167=CARTESIAN_POINT('',(0.000731596429449187,-0.00318056936133372,0.002));
#4168=CARTESIAN_POINT('',(0.000731596429449187,-0.00318056936133372,0.00237106568558838));
#4169=CARTESIAN_POINT('',(0.000804108387131586,-0.00324772669710897,0.002));
#4170=CARTESIAN_POINT('',(0.000804108387131586,-0.00324772669710897,0.00237106568558838));
#4171=CARTESIAN_POINT('',(0.000872322199585823,-0.00332195494770172,0.002));
#4172=CARTESIAN_POINT('',(0.000872322199585823,-0.00332195494770172,0.00237106568558838));
#4173=CARTESIAN_POINT('',(0.000937093977170089,-0.0034024599350007,0.002));
#4174=CARTESIAN_POINT('',(0.000937093977170089,-0.0034024599350007,0.00237106568558838));
#4175=CARTESIAN_POINT('',(0.000996586088254944,-0.00349078574623908,0.002));
#4176=CARTESIAN_POINT('',(0.000996586088254944,-0.00349078574623908,0.00237106568558838));
#4177=CARTESIAN_POINT('',(0.00105324143938115,-0.00358539615745524,0.002));
#4178=CARTESIAN_POINT('',(0.00105324143938115,-0.00358539615745524,0.00237106568558838));
#4179=CARTESIAN_POINT('',(0.00110395233755448,-0.0036879457172196,0.002));
#4180=CARTESIAN_POINT('',(0.00110395233755448,-0.0036879457172196,0.00237106568558838));
#4181=CARTESIAN_POINT('',(0.00115279196633002,-0.00379672339475222,0.002));
#4182=CARTESIAN_POINT('',(0.00115279196633002,-0.00379672339475222,0.00237106568558838));
#4183=CARTESIAN_POINT('',(0.00119494852260344,-0.00391473900481698,0.002));
#4184=CARTESIAN_POINT('',(0.00119494852260344,-0.00391473900481698,0.00237106568558838));
#4185=CARTESIAN_POINT('',(0.00123296708862894,-0.00404132730255194,0.002));
#4186=CARTESIAN_POINT('',(0.00123296708862894,-0.00404132730255194,0.00237106568558838));
#4187=CARTESIAN_POINT('',(0.00126368590985744,-0.00417798351609862,0.002));
#4188=CARTESIAN_POINT('',(0.00126368590985744,-0.00417798351609862,0.00237106568558838));
#4189=CARTESIAN_POINT('',(0.00128927364967245,-0.00432399065357874,0.002));
#4190=CARTESIAN_POINT('',(0.00128927364967245,-0.00432399065357874,0.00237106568558838));
#4191=CARTESIAN_POINT('',(0.001309096387896,-0.00447988492013893,0.002));
#4192=CARTESIAN_POINT('',(0.001309096387896,-0.00447988492013893,0.00237106568558838));
#4193=CARTESIAN_POINT('',(0.00132353369312864,-0.00464533213786665,0.002));
#4194=CARTESIAN_POINT('',(0.00132353369312864,-0.00464533213786665,0.00237106568558838));
#4195=CARTESIAN_POINT('',(0.00133116007603302,-0.00482044115574181,0.002));
#4196=CARTESIAN_POINT('',(0.00133116007603302,-0.00482044115574181,0.00237106568558838));
#4197=CARTESIAN_POINT('',(0.0013325963059835,-0.00494016441194428,0.002));
#4198=CARTESIAN_POINT('',(0.0013325963059835,-0.00494016441194428,0.00237106568558838));
#4199=CARTESIAN_POINT('',(0.00133333333333333,-0.00500160256410257,0.002));
#4200=CARTESIAN_POINT('',(0.00133333333333333,-0.00500160256410257,0.00237106568558838));
#4201=CARTESIAN_POINT('',(-4.727564102564E-5,-0.0028974358974359,0.002));
#4202=CARTESIAN_POINT('',(-1.54636656149645E-5,-0.0028979934004938,0.002));
#4203=CARTESIAN_POINT('',(4.78003445515314E-5,-0.00289910209867012,0.002));
#4204=CARTESIAN_POINT('',(0.000141332201975437,-0.00290975803299538,0.002));
#4205=CARTESIAN_POINT('',(0.000232703266792121,-0.00292743931653474,0.002));
#4206=CARTESIAN_POINT('',(0.000321523996738957,-0.00295249185891492,0.002));
#4207=CARTESIAN_POINT('',(0.000408523981273557,-0.00298357263223998,0.002));
#4208=CARTESIAN_POINT('',(0.000493022732868586,-0.0030225293375076,0.002));
#4209=CARTESIAN_POINT('',(0.00057554511188807,-0.00306787661447271,0.002));
#4210=CARTESIAN_POINT('',(0.000654779726196527,-0.00312116104568028,0.002));
#4211=CARTESIAN_POINT('',(0.000731596429449187,-0.00318056936133372,0.002));
#4212=CARTESIAN_POINT('',(0.000804108387131586,-0.00324772669710897,0.002));
#4213=CARTESIAN_POINT('',(0.000872322199585823,-0.00332195494770172,0.002));
#4214=CARTESIAN_POINT('',(0.000937093977170089,-0.0034024599350007,0.002));
#4215=CARTESIAN_POINT('',(0.000996586088254944,-0.00349078574623908,0.002));
#4216=CARTESIAN_POINT('',(0.00105324143938115,-0.00358539615745524,0.002));
#4217=CARTESIAN_POINT('',(0.00110395233755448,-0.0036879457172196,0.002));
#4218=CARTESIAN_POINT('',(0.00115279196633002,-0.00379672339475222,0.002));
#4219=CARTESIAN_POINT('',(0.00119494852260344,-0.00391473900481698,0.002));
#4220=CARTESIAN_POINT('',(0.00123296708862894,-0.00404132730255194,0.002));
#4221=CARTESIAN_POINT('',(0.00126368590985744,-0.00417798351609862,0.002));
#4222=CARTESIAN_POINT('',(0.00128927364967245,-0.00432399065357874,0.002));
#4223=CARTESIAN_POINT('',(0.001309096387896,-0.00447988492013893,0.002));
#4224=CARTESIAN_POINT('',(0.00132353369312864,-0.00464533213786665,0.002));
#4225=CARTESIAN_POINT('',(0.00133116007603302,-0.00482044115574181,0.002));
#4226=CARTESIAN_POINT('',(0.0013325963059835,-0.00494016441194428,0.002));
#4227=CARTESIAN_POINT('',(0.00133333333333333,-0.00500160256410257,0.002));
#4228=CARTESIAN_POINT('',(0.00133333333333333,-0.00500160256410257,0.002));
#4229=CARTESIAN_POINT('',(0.00133333333333333,-0.00500160256410257,0.002));
#4230=CARTESIAN_POINT('',(0.00133333333333333,-0.00500160256410257,0.002));
#4231=CARTESIAN_POINT('',(0.00133333333333333,-0.00500160256410257,0.00215038192025363));
#4232=CARTESIAN_POINT('',(0.00133258866528314,-0.00506277274460646,0.002));
#4233=CARTESIAN_POINT('',(0.00133258866528314,-0.00506277274460646,0.00215038192025363));
#4234=CARTESIAN_POINT('',(0.00133113770995571,-0.00518196034673083,0.002));
#4235=CARTESIAN_POINT('',(0.00133113770995571,-0.00518196034673083,0.00215038192025363));
#4236=CARTESIAN_POINT('',(0.00132361918793546,-0.00535628146138202,0.002));
#4237=CARTESIAN_POINT('',(0.00132361918793546,-0.00535628146138202,0.00215038192025363));
#4238=CARTESIAN_POINT('',(0.0013088093237312,-0.00552085065372323,0.002));
#4239=CARTESIAN_POINT('',(0.0013088093237312,-0.00552085065372323,0.00215038192025363));
#4240=CARTESIAN_POINT('',(0.00129028362280689,-0.00567606261081891,0.002));
#4241=CARTESIAN_POINT('',(0.00129028362280689,-0.00567606261081891,0.00215038192025363));
#4242=CARTESIAN_POINT('',(0.00126462537940869,-0.00582127131805658,0.002));
#4243=CARTESIAN_POINT('',(0.00126462537940869,-0.00582127131805658,0.00215038192025363));
#4244=CARTESIAN_POINT('',(0.00123307661797865,-0.00595697925916276,0.002));
#4245=CARTESIAN_POINT('',(0.00123307661797865,-0.00595697925916276,0.00215038192025363));
#4246=CARTESIAN_POINT('',(0.00119804767761092,-0.00608377248392325,0.002));
#4247=CARTESIAN_POINT('',(0.00119804767761092,-0.00608377248392325,0.00215038192025363));
#4248=CARTESIAN_POINT('',(0.001154807912914,-0.00620061226862034,0.002));
#4249=CARTESIAN_POINT('',(0.001154807912914,-0.00620061226862034,0.00215038192025363));
#4250=CARTESIAN_POINT('',(0.00110748138680288,-0.00630912852332296,0.002));
#4251=CARTESIAN_POINT('',(0.00110748138680288,-0.00630912852332296,0.00215038192025363));
#4252=CARTESIAN_POINT('',(0.00105598973403102,-0.00641046240712832,0.002));
#4253=CARTESIAN_POINT('',(0.00105598973403102,-0.00641046240712832,0.00215038192025363));
#4254=CARTESIAN_POINT('',(0.00100082421850453,-0.0065055095987622,0.002));
#4255=CARTESIAN_POINT('',(0.00100082421850453,-0.0065055095987622,0.00215038192025363));
#4256=CARTESIAN_POINT('',(0.000940722795643924,-0.00659350930954066,0.002));
#4257=CARTESIAN_POINT('',(0.000940722795643924,-0.00659350930954066,0.00215038192025363));
#4258=CARTESIAN_POINT('',(0.000876661751990865,-0.00667508491762395,0.002));
#4259=CARTESIAN_POINT('',(0.000876661751990865,-0.00667508491762395,0.00215038192025363));
#4260=CARTESIAN_POINT('',(0.000807269993370304,-0.00674879648636855,0.002));
#4261=CARTESIAN_POINT('',(0.000807269993370304,-0.00674879648636855,0.00215038192025363));
#4262=CARTESIAN_POINT('',(0.000734503610396609,-0.00681642011146929,0.002));
#4263=CARTESIAN_POINT('',(0.000734503610396609,-0.00681642011146929,0.00215038192025363));
#4264=CARTESIAN_POINT('',(0.000657460849443524,-0.00687659339999747,0.002));
#4265=CARTESIAN_POINT('',(0.000657460849443524,-0.00687659339999747,0.00215038192025363));
#4266=CARTESIAN_POINT('',(0.000576990505178205,-0.00692926174815331,0.002));
#4267=CARTESIAN_POINT('',(0.000576990505178205,-0.00692926174815331,0.00215038192025363));
#4268=CARTESIAN_POINT('',(0.000494751560121187,-0.00697636329145367,0.002));
#4269=CARTESIAN_POINT('',(0.000494751560121187,-0.00697636329145367,0.00215038192025363));
#4270=CARTESIAN_POINT('',(0.000409284836295721,-0.00701434351436779,0.002));
#4271=CARTESIAN_POINT('',(0.000409284836295721,-0.00701434351436779,0.00215038192025363));
#4272=CARTESIAN_POINT('',(0.000322527176033427,-0.00704695498977093,0.002));
#4273=CARTESIAN_POINT('',(0.000322527176033427,-0.00704695498977093,0.00215038192025363));
#4274=CARTESIAN_POINT('',(0.000233237614759194,-0.00707186979192653,0.002));
#4275=CARTESIAN_POINT('',(0.000233237614759194,-0.00707186979192653,0.00215038192025363));
#4276=CARTESIAN_POINT('',(0.000141527453971259,-0.00708909705537864,0.002));
#4277=CARTESIAN_POINT('',(0.000141527453971259,-0.00708909705537864,0.00215038192025363));
#4278=CARTESIAN_POINT('',(4.78631843384725E-5,-0.00710117916789838,0.002));
#4279=CARTESIAN_POINT('',(4.78631843384725E-5,-0.00710117916789838,0.00215038192025363));
#4280=CARTESIAN_POINT('',(-1.54528900401056E-5,-0.00710210085918445,0.002));
#4281=CARTESIAN_POINT('',(-1.54528900401056E-5,-0.00710210085918445,0.00215038192025363));
#4282=CARTESIAN_POINT('',(-4.727564102564E-5,-0.00710256410256411,0.002));
#4283=CARTESIAN_POINT('',(-4.727564102564E-5,-0.00710256410256411,0.00215038192025363));
#4284=CARTESIAN_POINT('',(0.00133333333333333,-0.00500160256410257,0.002));
#4285=CARTESIAN_POINT('',(0.00133258866528314,-0.00506277274460646,0.002));
#4286=CARTESIAN_POINT('',(0.00133113770995571,-0.00518196034673083,0.002));
#4287=CARTESIAN_POINT('',(0.00132361918793546,-0.00535628146138202,0.002));
#4288=CARTESIAN_POINT('',(0.0013088093237312,-0.00552085065372323,0.002));
#4289=CARTESIAN_POINT('',(0.00129028362280689,-0.00567606261081891,0.002));
#4290=CARTESIAN_POINT('',(0.00126462537940869,-0.00582127131805658,0.002));
#4291=CARTESIAN_POINT('',(0.00123307661797865,-0.00595697925916276,0.002));
#4292=CARTESIAN_POINT('',(0.00119804767761092,-0.00608377248392325,0.002));
#4293=CARTESIAN_POINT('',(0.001154807912914,-0.00620061226862034,0.002));
#4294=CARTESIAN_POINT('',(0.00110748138680288,-0.00630912852332296,0.002));
#4295=CARTESIAN_POINT('',(0.00105598973403102,-0.00641046240712832,0.002));
#4296=CARTESIAN_POINT('',(0.00100082421850453,-0.0065055095987622,0.002));
#4297=CARTESIAN_POINT('',(0.000940722795643924,-0.00659350930954066,0.002));
#4298=CARTESIAN_POINT('',(0.000876661751990865,-0.00667508491762395,0.002));
#4299=CARTESIAN_POINT('',(0.000807269993370304,-0.00674879648636855,0.002));
#4300=CARTESIAN_POINT('',(0.000734503610396609,-0.00681642011146929,0.002));
#4301=CARTESIAN_POINT('',(0.000657460849443524,-0.00687659339999747,0.002));
#4302=CARTESIAN_POINT('',(0.000576990505178205,-0.00692926174815331,0.002));
#4303=CARTESIAN_POINT('',(0.000494751560121187,-0.00697636329145367,0.002));
#4304=CARTESIAN_POINT('',(0.000409284836295721,-0.00701434351436779,0.002));
#4305=CARTESIAN_POINT('',(0.000322527176033427,-0.00704695498977093,0.002));
#4306=CARTESIAN_POINT('',(0.000233237614759194,-0.00707186979192653,0.002));
#4307=CARTESIAN_POINT('',(0.000141527453971259,-0.00708909705537864,0.002));
#4308=CARTESIAN_POINT('',(4.78631843384725E-5,-0.00710117916789838,0.002));
#4309=CARTESIAN_POINT('',(-1.54528900401056E-5,-0.00710210085918445,0.002));
#4310=CARTESIAN_POINT('',(-4.727564102564E-5,-0.00710256410256411,0.002));
#4311=CARTESIAN_POINT('',(-3.52564102564094E-5,-0.00330769230769231,0.002));
#4312=CARTESIAN_POINT('',(-3.52564102564094E-5,-0.00330769230769231,0.00232027281909914));
#4313=CARTESIAN_POINT('',(-7.94970869270454E-5,-0.00331001396100346,0.002));
#4314=CARTESIAN_POINT('',(-7.94970869270454E-5,-0.00331001396100346,0.00232027281909914));
#4315=CARTESIAN_POINT('',(-0.000168059036190025,-0.00331466149712228,0.002));
#4316=CARTESIAN_POINT('',(-0.000168059036190025,-0.00331466149712228,0.00232027281909914));
#4317=CARTESIAN_POINT('',(-0.000298856698734896,-0.00334745378694124,0.002));
#4318=CARTESIAN_POINT('',(-0.000298856698734896,-0.00334745378694124,0.00232027281909914));
#4319=CARTESIAN_POINT('',(-0.000424233100611804,-0.00340461146229851,0.002));
#4320=CARTESIAN_POINT('',(-0.000424233100611804,-0.00340461146229851,0.00232027281909914));
#4321=CARTESIAN_POINT('',(-0.00052393935738764,-0.00346741417368699,0.002));
#4322=CARTESIAN_POINT('',(-0.00052393935738764,-0.00346741417368699,0.00232027281909914));
#4323=CARTESIAN_POINT('',(-0.00060035511339632,-0.00352722938676317,0.002));
#4324=CARTESIAN_POINT('',(-0.00060035511339632,-0.00352722938676317,0.00232027281909914));
#4325=CARTESIAN_POINT('',(-0.000654163905826893,-0.00357909961997284,0.002));
#4326=CARTESIAN_POINT('',(-0.000654163905826893,-0.00357909961997284,0.00232027281909914));
#4327=CARTESIAN_POINT('',(-0.000704616674075691,-0.00363583819639014,0.002));
#4328=CARTESIAN_POINT('',(-0.000704616674075691,-0.00363583819639014,0.00232027281909914));
#4329=CARTESIAN_POINT('',(-0.000751094045661575,-0.00369801181336197,0.002));
#4330=CARTESIAN_POINT('',(-0.000751094045661575,-0.00369801181336197,0.00232027281909914));
#4331=CARTESIAN_POINT('',(-0.000794624655024159,-0.0037648293760124,0.002));
#4332=CARTESIAN_POINT('',(-0.000794624655024159,-0.0037648293760124,0.00232027281909914));
#4333=CARTESIAN_POINT('',(-0.000834602955110679,-0.00383681653569841,0.002));
#4334=CARTESIAN_POINT('',(-0.000834602955110679,-0.00383681653569841,0.00232027281909914));
#4335=CARTESIAN_POINT('',(-0.000870622760454733,-0.00391433809481316,0.002));
#4336=CARTESIAN_POINT('',(-0.000870622760454733,-0.00391433809481316,0.00232027281909914));
#4337=CARTESIAN_POINT('',(-0.000903862230374925,-0.00399732830672065,0.002));
#4338=CARTESIAN_POINT('',(-0.000903862230374925,-0.00399732830672065,0.00232027281909914));
#4339=CARTESIAN_POINT('',(-0.000933088273833465,-0.00408827795750414,0.002));
#4340=CARTESIAN_POINT('',(-0.000933088273833465,-0.00408827795750414,0.00232027281909914));
#4341=CARTESIAN_POINT('',(-0.000957195660382022,-0.00418858537875381,0.002));
#4342=CARTESIAN_POINT('',(-0.000957195660382022,-0.00418858537875381,0.00232027281909914));
#4343=CARTESIAN_POINT('',(-0.00097946657823333,-0.00429882754079859,0.002));
#4344=CARTESIAN_POINT('',(-0.00097946657823333,-0.00429882754079859,0.00232027281909914));
#4345=CARTESIAN_POINT('',(-0.000995232599833969,-0.00441964983559309,0.002));
#4346=CARTESIAN_POINT('',(-0.000995232599833969,-0.00441964983559309,0.00232027281909914));
#4347=CARTESIAN_POINT('',(-0.0010092483207045,-0.00455025801087221,0.002));
#4348=CARTESIAN_POINT('',(-0.0010092483207045,-0.00455025801087221,0.00232027281909914));
#4349=CARTESIAN_POINT('',(-0.00101825557550708,-0.00469114637456288,0.002));
#4350=CARTESIAN_POINT('',(-0.00101825557550708,-0.00469114637456288,0.00232027281909914));
#4351=CARTESIAN_POINT('',(-0.00102526272690048,-0.00484207709502272,0.002));
#4352=CARTESIAN_POINT('',(-0.00102526272690048,-0.00484207709502272,0.00232027281909914));
#4353=CARTESIAN_POINT('',(-0.00102551240045792,-0.00494630470474003,0.002));
#4354=CARTESIAN_POINT('',(-0.00102551240045792,-0.00494630470474003,0.00232027281909914));
#4355=CARTESIAN_POINT('',(-0.00102564102564102,-0.005,0.002));
#4356=CARTESIAN_POINT('',(-0.00102564102564102,-0.005,0.00232027281909914));
#4357=CARTESIAN_POINT('',(-0.00102564102564102,-0.005,0.00214961479810634));
#4358=CARTESIAN_POINT('',(-0.0010252006085596,-0.00481614544948079,0.00216450799407667));
#4359=CARTESIAN_POINT('',(-0.00101214848272692,-0.00444904775038902,0.00219648376260465));
#4360=CARTESIAN_POINT('',(-0.00090952293256033,-0.00390668445198625,0.00225033065154308));
#4361=CARTESIAN_POINT('',(-0.000578896598843611,-0.00343466525564879,0.00230306928869843));
#4362=CARTESIAN_POINT('',(-0.000218452215812137,-0.00331730602024295,0.00231722348240212));
#4363=CARTESIAN_POINT('',(-3.52564102564094E-5,-0.00330769230769231,0.0023183626432397));
#4364=CARTESIAN_POINT('',(-0.00102564102564102,-0.005,0.00214961479810634));
#4365=CARTESIAN_POINT('',(-3.52564102564094E-5,-0.00330769230769231,0.0023183626432397));
#4366=CARTESIAN_POINT('',(-3.52564102564094E-5,-0.00330769230769231,0.002));
#4367=CARTESIAN_POINT('',(-3.52564102564094E-5,-0.00330769230769231,0.002));
#4368=CARTESIAN_POINT('',(-3.52564102564094E-5,-0.00330769230769231,0.002));
#4369=CARTESIAN_POINT('',(-7.94970869270454E-5,-0.00331001396100346,0.002));
#4370=CARTESIAN_POINT('',(-0.000168059036190025,-0.00331466149712228,0.002));
#4371=CARTESIAN_POINT('',(-0.000298856698734896,-0.00334745378694124,0.002));
#4372=CARTESIAN_POINT('',(-0.000424233100611804,-0.00340461146229851,0.002));
#4373=CARTESIAN_POINT('',(-0.00052393935738764,-0.00346741417368699,0.002));
#4374=CARTESIAN_POINT('',(-0.00060035511339632,-0.00352722938676317,0.002));
#4375=CARTESIAN_POINT('',(-0.000654163905826893,-0.00357909961997284,0.002));
#4376=CARTESIAN_POINT('',(-0.000704616674075691,-0.00363583819639014,0.002));
#4377=CARTESIAN_POINT('',(-0.000751094045661575,-0.00369801181336197,0.002));
#4378=CARTESIAN_POINT('',(-0.000794624655024159,-0.0037648293760124,0.002));
#4379=CARTESIAN_POINT('',(-0.000834602955110679,-0.00383681653569841,0.002));
#4380=CARTESIAN_POINT('',(-0.000870622760454733,-0.00391433809481316,0.002));
#4381=CARTESIAN_POINT('',(-0.000903862230374925,-0.00399732830672065,0.002));
#4382=CARTESIAN_POINT('',(-0.000933088273833465,-0.00408827795750414,0.002));
#4383=CARTESIAN_POINT('',(-0.000957195660382022,-0.00418858537875381,0.002));
#4384=CARTESIAN_POINT('',(-0.00097946657823333,-0.00429882754079859,0.002));
#4385=CARTESIAN_POINT('',(-0.000995232599833969,-0.00441964983559309,0.002));
#4386=CARTESIAN_POINT('',(-0.0010092483207045,-0.00455025801087221,0.002));
#4387=CARTESIAN_POINT('',(-0.00101825557550708,-0.00469114637456288,0.002));
#4388=CARTESIAN_POINT('',(-0.00102526272690048,-0.00484207709502272,0.002));
#4389=CARTESIAN_POINT('',(-0.00102551240045792,-0.00494630470474003,0.002));
#4390=CARTESIAN_POINT('',(-0.00102564102564102,-0.005,0.002));
#4391=CARTESIAN_POINT('',(-0.00102564102564102,-0.005,0.002));
#4392=CARTESIAN_POINT('',(-0.00102564102564102,-0.005,0.002));
#4393=CARTESIAN_POINT('',(0.000974358974358975,-0.005,0.002));
#4394=CARTESIAN_POINT('',(0.000974358974358975,-0.005,0.00232027281909914));
#4395=CARTESIAN_POINT('',(0.000973730186664192,-0.0049519227742651,0.002));
#4396=CARTESIAN_POINT('',(0.000973730186664192,-0.0049519227742651,0.00232027281909914));
#4397=CARTESIAN_POINT('',(0.000972500143515003,-0.0048578734430873,0.002));
#4398=CARTESIAN_POINT('',(0.000972500143515003,-0.0048578734430873,0.00232027281909914));
#4399=CARTESIAN_POINT('',(0.000967798443285138,-0.00472013837947343,0.002));
#4400=CARTESIAN_POINT('',(0.000967798443285138,-0.00472013837947343,0.00232027281909914));
#4401=CARTESIAN_POINT('',(0.000955657215294282,-0.00458931808129155,0.002));
#4402=CARTESIAN_POINT('',(0.000955657215294282,-0.00458931808129155,0.00232027281909914));
#4403=CARTESIAN_POINT('',(0.000942172508020566,-0.00446484896967519,0.002));
#4404=CARTESIAN_POINT('',(0.000942172508020566,-0.00446484896967519,0.00232027281909914));
#4405=CARTESIAN_POINT('',(0.0009222899696296,-0.00434742005229863,0.002));
#4406=CARTESIAN_POINT('',(0.0009222899696296,-0.00434742005229863,0.00232027281909914));
#4407=CARTESIAN_POINT('',(0.000900852476052121,-0.00423604827486284,0.002));
#4408=CARTESIAN_POINT('',(0.000900852476052121,-0.00423604827486284,0.00232027281909914));
#4409=CARTESIAN_POINT('',(0.000872051090577577,-0.00413211338935501,0.002));
#4410=CARTESIAN_POINT('',(0.000872051090577577,-0.00413211338935501,0.00232027281909914));
#4411=CARTESIAN_POINT('',(0.000841285633464451,-0.00403398815311317,0.002));
#4412=CARTESIAN_POINT('',(0.000841285633464451,-0.00403398815311317,0.00232027281909914));
#4413=CARTESIAN_POINT('',(0.0008060737528571,-0.00394278740511227,0.002));
#4414=CARTESIAN_POINT('',(0.0008060737528571,-0.00394278740511227,0.00232027281909914));
#4415=CARTESIAN_POINT('',(0.000767312913705593,-0.00385808593498431,0.002));
#4416=CARTESIAN_POINT('',(0.000767312913705593,-0.00385808593498431,0.00232027281909914));
#4417=CARTESIAN_POINT('',(0.000725916617969568,-0.00377947482097654,0.002));
#4418=CARTESIAN_POINT('',(0.000725916617969568,-0.00377947482097654,0.00232027281909914));
#4419=CARTESIAN_POINT('',(0.000680954057444696,-0.0037071697448891,0.002));
#4420=CARTESIAN_POINT('',(0.000680954057444696,-0.0037071697448891,0.00232027281909914));
#4421=CARTESIAN_POINT('',(0.000632958991084384,-0.00364084683870494,0.002));
#4422=CARTESIAN_POINT('',(0.000632958991084384,-0.00364084683870494,0.00232027281909914));
#4423=CARTESIAN_POINT('',(0.000580664649144308,-0.00358183587349685,0.002));
#4424=CARTESIAN_POINT('',(0.000580664649144308,-0.00358183587349685,0.00232027281909914));
#4425=CARTESIAN_POINT('',(0.00052614536593191,-0.00352830790994423,0.002));
#4426=CARTESIAN_POINT('',(0.00052614536593191,-0.00352830790994423,0.00232027281909914));
#4427=CARTESIAN_POINT('',(0.000449782867847736,-0.00346720783094811,0.002));
#4428=CARTESIAN_POINT('',(0.000449782867847736,-0.00346720783094811,0.00232027281909914));
#4429=CARTESIAN_POINT('',(0.000349812250933,-0.00340490875039593,0.002));
#4430=CARTESIAN_POINT('',(0.000349812250933,-0.00340490875039593,0.00232027281909914));
#4431=CARTESIAN_POINT('',(0.000225417225398787,-0.00334757645341269,0.002));
#4432=CARTESIAN_POINT('',(0.000225417225398787,-0.00334757645341269,0.00232027281909914));
#4433=CARTESIAN_POINT('',(9.59650605403449E-5,-0.00331465269041737,0.002));
#4434=CARTESIAN_POINT('',(9.59650605403449E-5,-0.00331465269041737,0.00232027281909914));
#4435=CARTESIAN_POINT('',(8.45254157802243E-6,-0.00331001076237378,0.002));
#4436=CARTESIAN_POINT('',(8.45254157802243E-6,-0.00331001076237378,0.00232027281909914));
#4437=CARTESIAN_POINT('',(-3.52564102564094E-5,-0.00330769230769231,0.002));
#4438=CARTESIAN_POINT('',(-3.52564102564094E-5,-0.00330769230769231,0.00232027281909914));
#4439=CARTESIAN_POINT('',(-3.52564102564094E-5,-0.00330769230769231,0.0023183626432397));
#4440=CARTESIAN_POINT('',(0.000148362792684755,-0.00331743202422176,0.00231720855177077));
#4441=CARTESIAN_POINT('',(0.000512809998097798,-0.00343821605692881,0.00230263707495131));
#4442=CARTESIAN_POINT('',(0.000933914195837996,-0.00407581120483425,0.00223152995863631));
#4443=CARTESIAN_POINT('',(0.000969564873927617,-0.00463344217683246,0.00217930793041921));
#4444=CARTESIAN_POINT('',(0.000974358974358975,-0.005,0.00214961479810634));
#4445=CARTESIAN_POINT('',(0.000974358974358975,-0.005,0.00214961479810634));
#4446=CARTESIAN_POINT('',(0.000974358974358975,-0.005,0.002));
#4447=CARTESIAN_POINT('',(0.000974358974358975,-0.005,0.002));
#4448=CARTESIAN_POINT('',(0.000974358974358975,-0.005,0.002));
#4449=CARTESIAN_POINT('',(0.000973730186664192,-0.0049519227742651,0.002));
#4450=CARTESIAN_POINT('',(0.000972500143515003,-0.0048578734430873,0.002));
#4451=CARTESIAN_POINT('',(0.000967798443285138,-0.00472013837947343,0.002));
#4452=CARTESIAN_POINT('',(0.000955657215294282,-0.00458931808129155,0.002));
#4453=CARTESIAN_POINT('',(0.000942172508020566,-0.00446484896967519,0.002));
#4454=CARTESIAN_POINT('',(0.0009222899696296,-0.00434742005229863,0.002));
#4455=CARTESIAN_POINT('',(0.000900852476052121,-0.00423604827486284,0.002));
#4456=CARTESIAN_POINT('',(0.000872051090577577,-0.00413211338935501,0.002));
#4457=CARTESIAN_POINT('',(0.000841285633464451,-0.00403398815311317,0.002));
#4458=CARTESIAN_POINT('',(0.0008060737528571,-0.00394278740511227,0.002));
#4459=CARTESIAN_POINT('',(0.000767312913705593,-0.00385808593498431,0.002));
#4460=CARTESIAN_POINT('',(0.000725916617969568,-0.00377947482097654,0.002));
#4461=CARTESIAN_POINT('',(0.000680954057444696,-0.0037071697448891,0.002));
#4462=CARTESIAN_POINT('',(0.000632958991084384,-0.00364084683870494,0.002));
#4463=CARTESIAN_POINT('',(0.000580664649144308,-0.00358183587349685,0.002));
#4464=CARTESIAN_POINT('',(0.00052614536593191,-0.00352830790994423,0.002));
#4465=CARTESIAN_POINT('',(0.000449782867847736,-0.00346720783094811,0.002));
#4466=CARTESIAN_POINT('',(0.000349812250933,-0.00340490875039593,0.002));
#4467=CARTESIAN_POINT('',(0.000225417225398787,-0.00334757645341269,0.002));
#4468=CARTESIAN_POINT('',(9.59650605403449E-5,-0.00331465269041737,0.002));
#4469=CARTESIAN_POINT('',(8.45254157802243E-6,-0.00331001076237378,0.002));
#4470=CARTESIAN_POINT('',(-3.52564102564094E-5,-0.00330769230769231,0.002));
#4471=CARTESIAN_POINT('',(0.000822916666666668,-0.00600560897435898,0.002));
#4472=CARTESIAN_POINT('',(0.000822916666666668,-0.00600560897435898,0.00215051248689498));
#4473=CARTESIAN_POINT('',(0.000834975829859542,-0.00596991784354032,0.002));
#4474=CARTESIAN_POINT('',(0.000834975829859542,-0.00596991784354032,0.00215051248689498));
#4475=CARTESIAN_POINT('',(0.000859461102810925,-0.00589744954154779,0.002));
#4476=CARTESIAN_POINT('',(0.000859461102810925,-0.00589744954154779,0.00215051248689498));
#4477=CARTESIAN_POINT('',(0.000891017416263199,-0.00578503393917008,0.002));
#4478=CARTESIAN_POINT('',(0.000891017416263199,-0.00578503393917008,0.00215051248689498));
#4479=CARTESIAN_POINT('',(0.000915869301067425,-0.00566708792324102,0.002));
#4480=CARTESIAN_POINT('',(0.000915869301067425,-0.00566708792324102,0.00215051248689498));
#4481=CARTESIAN_POINT('',(0.000938227433352485,-0.00554431636127708,0.002));
#4482=CARTESIAN_POINT('',(0.000938227433352485,-0.00554431636127708,0.00215051248689498));
#4483=CARTESIAN_POINT('',(0.000953488068663747,-0.00541581384583596,0.002));
#4484=CARTESIAN_POINT('',(0.000953488068663747,-0.00541581384583596,0.00215051248689498));
#4485=CARTESIAN_POINT('',(0.000965771283844596,-0.00528197797850367,0.002));
#4486=CARTESIAN_POINT('',(0.000965771283844596,-0.00528197797850367,0.00215051248689498));
#4487=CARTESIAN_POINT('',(0.000973006354632319,-0.00514270785023459,0.002));
#4488=CARTESIAN_POINT('',(0.000973006354632319,-0.00514270785023459,0.00215051248689498));
#4489=CARTESIAN_POINT('',(0.000973903212999555,-0.0050480850031543,0.002));
#4490=CARTESIAN_POINT('',(0.000973903212999555,-0.0050480850031543,0.00215051248689498));
#4491=CARTESIAN_POINT('',(0.000974358974358975,-0.005,0.002));
#4492=CARTESIAN_POINT('',(0.000974358974358975,-0.005,0.00215051248689498));
#4493=CARTESIAN_POINT('',(0.000974358974358975,-0.005,0.00214961479810634));
#4494=CARTESIAN_POINT('',(0.000971131728850957,-0.00534048983579971,0.00212203331134874));
#4495=CARTESIAN_POINT('',(0.000932002951102485,-0.00568274968586199,0.00209829501259375));
#4496=CARTESIAN_POINT('',(0.000822916666666668,-0.00600560897435898,0.00207927908753893));
#4497=CARTESIAN_POINT('',(0.000822916666666668,-0.00600560897435898,0.00207927908753894));
#4498=CARTESIAN_POINT('',(0.000822916666666668,-0.00600560897435898,0.002));
#4499=CARTESIAN_POINT('',(0.000822916666666668,-0.00600560897435898,0.002));
#4500=CARTESIAN_POINT('',(0.000822916666666668,-0.00600560897435898,0.002));
#4501=CARTESIAN_POINT('',(0.000834975829859542,-0.00596991784354032,0.002));
#4502=CARTESIAN_POINT('',(0.000859461102810925,-0.00589744954154779,0.002));
#4503=CARTESIAN_POINT('',(0.000891017416263199,-0.00578503393917008,0.002));
#4504=CARTESIAN_POINT('',(0.000915869301067425,-0.00566708792324102,0.002));
#4505=CARTESIAN_POINT('',(0.000938227433352485,-0.00554431636127708,0.002));
#4506=CARTESIAN_POINT('',(0.000953488068663747,-0.00541581384583596,0.002));
#4507=CARTESIAN_POINT('',(0.000965771283844596,-0.00528197797850367,0.002));
#4508=CARTESIAN_POINT('',(0.000973006354632319,-0.00514270785023459,0.002));
#4509=CARTESIAN_POINT('',(0.000973903212999555,-0.0050480850031543,0.002));
#4510=CARTESIAN_POINT('',(0.000974358974358975,-0.005,0.002));
#4511=CARTESIAN_POINT('',(-3.52564102564094E-5,-0.0066923076923077,0.002));
#4512=CARTESIAN_POINT('',(-3.52564102564094E-5,-0.0066923076923077,0.00207975476206417));
#4513=CARTESIAN_POINT('',(9.03807163587116E-6,-0.0066904816570945,0.002));
#4514=CARTESIAN_POINT('',(9.03807163587116E-6,-0.0066904816570945,0.00207975476206417));
#4515=CARTESIAN_POINT('',(9.75355838469632E-5,-0.0066868333567493,0.002));
#4516=CARTESIAN_POINT('',(9.75355838469632E-5,-0.0066868333567493,0.00207975476206417));
#4517=CARTESIAN_POINT('',(0.00022683134972621,-0.00665163479975018,0.002));
#4518=CARTESIAN_POINT('',(0.00022683134972621,-0.00665163479975018,0.00207975476206417));
#4519=CARTESIAN_POINT('',(0.000352351658391653,-0.00659852675464884,0.002));
#4520=CARTESIAN_POINT('',(0.000352351658391653,-0.00659852675464884,0.00207975476206417));
#4521=CARTESIAN_POINT('',(0.000450719590138949,-0.00653572960559825,0.002));
#4522=CARTESIAN_POINT('',(0.000450719590138949,-0.00653572960559825,0.00207975476206417));
#4523=CARTESIAN_POINT('',(0.000525556782712021,-0.00647592580051108,0.002));
#4524=CARTESIAN_POINT('',(0.000525556782712021,-0.00647592580051108,0.00207975476206417));
#4525=CARTESIAN_POINT('',(0.000579176199975921,-0.00642493763101061,0.002));
#4526=CARTESIAN_POINT('',(0.000579176199975921,-0.00642493763101061,0.00207975476206417));
#4527=CARTESIAN_POINT('',(0.000628389969613923,-0.00636784521123185,0.002));
#4528=CARTESIAN_POINT('',(0.000628389969613923,-0.00636784521123185,0.00207975476206417));
#4529=CARTESIAN_POINT('',(0.00067506662659062,-0.00630624601590052,0.002));
#4530=CARTESIAN_POINT('',(0.00067506662659062,-0.00630624601590052,0.00207975476206417));
#4531=CARTESIAN_POINT('',(0.000717876998790492,-0.00623896317684477,0.002));
#4532=CARTESIAN_POINT('',(0.000717876998790492,-0.00623896317684477,0.00207975476206417));
#4533=CARTESIAN_POINT('',(0.000756806299013585,-0.00616632023368361,0.002));
#4534=CARTESIAN_POINT('',(0.000756806299013585,-0.00616632023368361,0.00207975476206417));
#4535=CARTESIAN_POINT('',(0.000792330124779483,-0.00608811545892682,0.002));
#4536=CARTESIAN_POINT('',(0.000792330124779483,-0.00608811545892682,0.00207975476206417));
#4537=CARTESIAN_POINT('',(0.000812569034436921,-0.00603352147136587,0.002));
#4538=CARTESIAN_POINT('',(0.000812569034436921,-0.00603352147136587,0.00207975476206417));
#4539=CARTESIAN_POINT('',(0.000822916666666668,-0.00600560897435898,0.002));
#4540=CARTESIAN_POINT('',(0.000822916666666668,-0.00600560897435898,0.00207975476206417));
#4541=CARTESIAN_POINT('',(0.000822916666666668,-0.00600560897435898,0.00207927908753894));
#4542=CARTESIAN_POINT('',(0.000754678032277133,-0.00618968110176573,0.00206843751691));
#4543=CARTESIAN_POINT('',(0.000553896349465594,-0.00654513970668615,0.00205014464224008));
#4544=CARTESIAN_POINT('',(0.000161957524851882,-0.00668417756921659,0.00204435772629515));
#4545=CARTESIAN_POINT('',(-3.52564102564094E-5,-0.0066923076923077,0.00204400119057937));
#4546=CARTESIAN_POINT('',(-3.52564102564094E-5,-0.0066923076923077,0.00204400119057937));
#4547=CARTESIAN_POINT('',(-3.52564102564094E-5,-0.0066923076923077,0.002));
#4548=CARTESIAN_POINT('',(-3.52564102564094E-5,-0.0066923076923077,0.002));
#4549=CARTESIAN_POINT('',(-3.52564102564094E-5,-0.0066923076923077,0.002));
#4550=CARTESIAN_POINT('',(9.03807163587116E-6,-0.0066904816570945,0.002));
#4551=CARTESIAN_POINT('',(9.75355838469632E-5,-0.0066868333567493,0.002));
#4552=CARTESIAN_POINT('',(0.00022683134972621,-0.00665163479975018,0.002));
#4553=CARTESIAN_POINT('',(0.000352351658391653,-0.00659852675464884,0.002));
#4554=CARTESIAN_POINT('',(0.000450719590138949,-0.00653572960559825,0.002));
#4555=CARTESIAN_POINT('',(0.000525556782712021,-0.00647592580051108,0.002));
#4556=CARTESIAN_POINT('',(0.000579176199975921,-0.00642493763101061,0.002));
#4557=CARTESIAN_POINT('',(0.000628389969613923,-0.00636784521123185,0.002));
#4558=CARTESIAN_POINT('',(0.00067506662659062,-0.00630624601590052,0.002));
#4559=CARTESIAN_POINT('',(0.000717876998790492,-0.00623896317684477,0.002));
#4560=CARTESIAN_POINT('',(0.000756806299013585,-0.00616632023368361,0.002));
#4561=CARTESIAN_POINT('',(0.000792330124779483,-0.00608811545892682,0.002));
#4562=CARTESIAN_POINT('',(0.000812569034436921,-0.00603352147136587,0.002));
#4563=CARTESIAN_POINT('',(0.000822916666666668,-0.00600560897435898,0.002));
#4564=CARTESIAN_POINT('',(-0.00102564102564102,-0.005,0.002));
#4565=CARTESIAN_POINT('',(-0.00102564102564102,-0.005,0.00215051248689498));
#4566=CARTESIAN_POINT('',(-0.00102550451470672,-0.00505342708434726,0.002));
#4567=CARTESIAN_POINT('',(-0.00102550451470672,-0.00505342708434726,0.00215051248689498));
#4568=CARTESIAN_POINT('',(-0.00102523957378854,-0.00515711856411773,0.002));
#4569=CARTESIAN_POINT('',(-0.00102523957378854,-0.00515711856411773,0.00215051248689498));
#4570=CARTESIAN_POINT('',(-0.00101831820170029,-0.00530779657666167,0.002));
#4571=CARTESIAN_POINT('',(-0.00101831820170029,-0.00530779657666167,0.00215051248689498));
#4572=CARTESIAN_POINT('',(-0.00100888936512946,-0.00544833409530984,0.002));
#4573=CARTESIAN_POINT('',(-0.00100888936512946,-0.00544833409530984,0.00215051248689498));
#4574=CARTESIAN_POINT('',(-0.000996727882632149,-0.00557890956555571,0.002));
#4575=CARTESIAN_POINT('',(-0.000996727882632149,-0.00557890956555571,0.00215051248689498));
#4576=CARTESIAN_POINT('',(-0.00097866737003098,-0.00569908100842406,0.002));
#4577=CARTESIAN_POINT('',(-0.00097866737003098,-0.00569908100842406,0.00215051248689498));
#4578=CARTESIAN_POINT('',(-0.000958431041096486,-0.00580967493192707,0.002));
#4579=CARTESIAN_POINT('',(-0.000958431041096486,-0.00580967493192707,0.00215051248689498));
#4580=CARTESIAN_POINT('',(-0.000933804652960237,-0.00591010606005713,0.002));
#4581=CARTESIAN_POINT('',(-0.000933804652960237,-0.00591010606005713,0.00215051248689498));
#4582=CARTESIAN_POINT('',(-0.000904667489683659,-0.00600106355800517,0.002));
#4583=CARTESIAN_POINT('',(-0.000904667489683659,-0.00600106355800517,0.00215051248689498));
#4584=CARTESIAN_POINT('',(-0.000871479950376848,-0.006084091064857,0.002));
#4585=CARTESIAN_POINT('',(-0.000871479950376848,-0.006084091064857,0.00215051248689498));
#4586=CARTESIAN_POINT('',(-0.000835244677611061,-0.0061613495964311,0.002));
#4587=CARTESIAN_POINT('',(-0.000835244677611061,-0.0061613495964311,0.00215051248689498));
#4588=CARTESIAN_POINT('',(-0.000796318137148302,-0.00623375180950056,0.002));
#4589=CARTESIAN_POINT('',(-0.000796318137148302,-0.00623375180950056,0.00215051248689498));
#4590=CARTESIAN_POINT('',(-0.000752753393659182,-0.00630064736192813,0.002));
#4591=CARTESIAN_POINT('',(-0.000752753393659182,-0.00630064736192813,0.00215051248689498));
#4592=CARTESIAN_POINT('',(-0.000705307607111754,-0.00636225440658283,0.002));
#4593=CARTESIAN_POINT('',(-0.000705307607111754,-0.00636225440658283,0.00215051248689498));
#4594=CARTESIAN_POINT('',(-0.000655052453811754,-0.00641966335780831,0.002));
#4595=CARTESIAN_POINT('',(-0.000655052453811754,-0.00641966335780831,0.00215051248689498));
#4596=CARTESIAN_POINT('',(-0.000600112357535051,-0.00647085990790613,0.002));
#4597=CARTESIAN_POINT('',(-0.000600112357535051,-0.00647085990790613,0.00215051248689498));
#4598=CARTESIAN_POINT('',(-0.000524108080342811,-0.00653226202793982,0.002));
#4599=CARTESIAN_POINT('',(-0.000524108080342811,-0.00653226202793982,0.00215051248689498));
#4600=CARTESIAN_POINT('',(-0.000423769252426185,-0.00659571246648793,0.002));
#4601=CARTESIAN_POINT('',(-0.000423769252426185,-0.00659571246648793,0.00215051248689498));
#4602=CARTESIAN_POINT('',(-0.000297345875019208,-0.00665096514058122,0.002));
#4603=CARTESIAN_POINT('',(-0.000297345875019208,-0.00665096514058122,0.00215051248689498));
#4604=CARTESIAN_POINT('',(-0.000167439073897491,-0.00668568794793244,0.002));
#4605=CARTESIAN_POINT('',(-0.000167439073897491,-0.00668568794793244,0.00215051248689498));
#4606=CARTESIAN_POINT('',(-7.92662166552846E-5,-0.006690103669024,0.002));
#4607=CARTESIAN_POINT('',(-7.92662166552846E-5,-0.006690103669024,0.00215051248689498));
#4608=CARTESIAN_POINT('',(-3.52564102564094E-5,-0.0066923076923077,0.002));
#4609=CARTESIAN_POINT('',(-3.52564102564094E-5,-0.0066923076923077,0.00215051248689498));
#4610=CARTESIAN_POINT('',(-3.52564102564094E-5,-0.0066923076923077,0.00204400119057937));
#4611=CARTESIAN_POINT('',(-0.000219130189945126,-0.00668309924253579,0.002044405014875));
#4612=CARTESIAN_POINT('',(-0.000581241123552425,-0.00656203343473386,0.00204947837929688));
#4613=CARTESIAN_POINT('',(-0.000910035416280835,-0.00609191831807331,0.00207324481219565));
#4614=CARTESIAN_POINT('',(-0.00101340440898419,-0.00554837962440482,0.00210740151875602));
#4615=CARTESIAN_POINT('',(-0.00102517303694471,-0.00518315947861207,0.00213477790665552));
#4616=CARTESIAN_POINT('',(-0.00102564102564102,-0.005,0.00214961479810634));
#4617=CARTESIAN_POINT('',(-0.00102564102564102,-0.005,0.002));
#4618=CARTESIAN_POINT('',(-0.00102550451470672,-0.00505342708434726,0.002));
#4619=CARTESIAN_POINT('',(-0.00102523957378854,-0.00515711856411773,0.002));
#4620=CARTESIAN_POINT('',(-0.00101831820170029,-0.00530779657666167,0.002));
#4621=CARTESIAN_POINT('',(-0.00100888936512946,-0.00544833409530984,0.002));
#4622=CARTESIAN_POINT('',(-0.000996727882632149,-0.00557890956555571,0.002));
#4623=CARTESIAN_POINT('',(-0.00097866737003098,-0.00569908100842406,0.002));
#4624=CARTESIAN_POINT('',(-0.000958431041096486,-0.00580967493192707,0.002));
#4625=CARTESIAN_POINT('',(-0.000933804652960237,-0.00591010606005713,0.002));
#4626=CARTESIAN_POINT('',(-0.000904667489683659,-0.00600106355800517,0.002));
#4627=CARTESIAN_POINT('',(-0.000871479950376848,-0.006084091064857,0.002));
#4628=CARTESIAN_POINT('',(-0.000835244677611061,-0.0061613495964311,0.002));
#4629=CARTESIAN_POINT('',(-0.000796318137148302,-0.00623375180950056,0.002));
#4630=CARTESIAN_POINT('',(-0.000752753393659182,-0.00630064736192813,0.002));
#4631=CARTESIAN_POINT('',(-0.000705307607111754,-0.00636225440658283,0.002));
#4632=CARTESIAN_POINT('',(-0.000655052453811754,-0.00641966335780831,0.002));
#4633=CARTESIAN_POINT('',(-0.000600112357535051,-0.00647085990790613,0.002));
#4634=CARTESIAN_POINT('',(-0.000524108080342811,-0.00653226202793982,0.002));
#4635=CARTESIAN_POINT('',(-0.000423769252426185,-0.00659571246648793,0.002));
#4636=CARTESIAN_POINT('',(-0.000297345875019208,-0.00665096514058122,0.002));
#4637=CARTESIAN_POINT('',(-0.000167439073897491,-0.00668568794793244,0.002));
#4638=CARTESIAN_POINT('',(-7.92662166552846E-5,-0.006690103669024,0.002));
#4639=CARTESIAN_POINT('',(-3.52564102564094E-5,-0.0066923076923077,0.002));
#4640=CARTESIAN_POINT('',(-0.00114973809732378,-0.00636981155675065,0.002));
#4641=CARTESIAN_POINT('',(-0.0115,-0.0087,0.0478256294209158));
#4642=CARTESIAN_POINT('',(0.0104,-0.001,-0.017136592839851));
#4643=CARTESIAN_POINT('',(0.0104,-0.0009,-0.017136592839851));
#4644=CARTESIAN_POINT('',(0.0104,0.0009,-0.017136592839851));
#4645=CARTESIAN_POINT('',(0.00964831591522583,-0.001,-0.017136592839851));
#4646=CARTESIAN_POINT('',(0.0097380696239039,-0.001,-0.015));
#4647=CARTESIAN_POINT('',(0.0103,-0.001,-0.017136592839851));
#4648=CARTESIAN_POINT('',(0.00964831591522583,0.001,-0.017136592839851));
#4649=CARTESIAN_POINT('',(0.0097380696239039,0.001,0.));
#4650=CARTESIAN_POINT('',(0.0103,0.001,-0.017136592839851));
#4651=CARTESIAN_POINT('',(0.0097380696239039,-0.0011,-0.015));
#4652=CARTESIAN_POINT('',(0.0097380696239039,0.0011,-0.015));
#4653=CARTESIAN_POINT('',(0.0103,-0.0009,-0.017136592839851));
#4654=CARTESIAN_POINT('',(0.0103,0.0009,-0.017136592839851));
#4655=CARTESIAN_POINT('',(0.0025,-0.0004,-0.0235));
#4656=CARTESIAN_POINT('',(0.0025,-0.0004,-0.0235));
#4657=CARTESIAN_POINT('',(0.0025,-0.0004,-0.023));
#4658=CARTESIAN_POINT('',(0.0025,0.0004,-0.023));
#4659=CARTESIAN_POINT('',(0.0025,0.0004,-0.023));
#4660=CARTESIAN_POINT('',(0.0025,0.0004,-0.0235));
#4661=CARTESIAN_POINT('',(-0.0025,-0.0004,-0.0235));
#4662=CARTESIAN_POINT('',(0.0005,-0.0004,-0.0235));
#4663=CARTESIAN_POINT('',(0.0005,-0.0004,-0.0207));
#4664=CARTESIAN_POINT('',(0.0005,-0.0004,-0.022));
#4665=CARTESIAN_POINT('',(2.43035523765259E-19,-0.0004,-0.022));
#4666=CARTESIAN_POINT('',(-0.0005,-0.0004,-0.022));
#4667=CARTESIAN_POINT('',(-0.0005,-0.0004,-0.0235));
#4668=CARTESIAN_POINT('',(-0.0005,-0.0004,-0.0207));
#4669=CARTESIAN_POINT('',(2.12503625807159E-19,-0.0004,-0.0207));
#4670=CARTESIAN_POINT('',(-0.0025,-0.0004,-0.0235));
#4671=CARTESIAN_POINT('',(0.002,-0.0004,-0.0235));
#4672=CARTESIAN_POINT('',(-0.002,-0.0004,-0.0235));
#4673=CARTESIAN_POINT('',(0.002,-0.0004,-0.0235));
#4674=CARTESIAN_POINT('',(-0.0025,-0.0004,-0.0235));
#4675=CARTESIAN_POINT('',(-0.0025,-0.0004,-0.023));
#4676=CARTESIAN_POINT('',(-0.002,-0.0004,-0.0235));
#4677=CARTESIAN_POINT('',(-0.0025,-0.0004,-0.0235));
#4678=CARTESIAN_POINT('',(-0.0025,0.0004,-0.0235));
#4679=CARTESIAN_POINT('',(-0.0025,0.0004,-0.023));
#4680=CARTESIAN_POINT('',(-0.0025,-0.0004,-0.023));
#4681=CARTESIAN_POINT('',(-0.0025,0.0004,-0.0235));
#4682=CARTESIAN_POINT('',(-0.0005,0.0004,-0.0235));
#4683=CARTESIAN_POINT('',(-0.0005,0.000400000000000005,-0.0207));
#4684=CARTESIAN_POINT('',(-0.0005,0.0004,-0.022));
#4685=CARTESIAN_POINT('',(4.16507871362939E-19,0.0004,-0.022));
#4686=CARTESIAN_POINT('',(0.0005,0.0004,-0.022));
#4687=CARTESIAN_POINT('',(0.0005,0.0004,-0.0235));
#4688=CARTESIAN_POINT('',(0.0005,0.0004,-0.0207));
#4689=CARTESIAN_POINT('',(3.85975973404839E-19,0.0004,-0.0207));
#4690=CARTESIAN_POINT('',(0.002,0.0004,-0.0235));
#4691=CARTESIAN_POINT('',(0.002,0.0004,-0.0235));
#4692=CARTESIAN_POINT('',(-0.0025,0.0004,-0.0235));
#4693=CARTESIAN_POINT('',(-0.002,0.0004,-0.0235));
#4694=CARTESIAN_POINT('',(-0.002,0.0004,-0.0235));
#4695=CARTESIAN_POINT('',(0.,0.,-0.0235));
#4696=CARTESIAN_POINT('',(0.002,-0.0004,-0.0235));
#4697=CARTESIAN_POINT('',(-0.002,0.0004,-0.0235));
#4698=CARTESIAN_POINT('',(0.0025,-0.0069,-0.0235));
#4699=CARTESIAN_POINT('',(0.0025,-0.0069,-0.0235));
#4700=CARTESIAN_POINT('',(0.0025,-0.0069,-0.023));
#4701=CARTESIAN_POINT('',(0.0025,-0.0061,-0.023));
#4702=CARTESIAN_POINT('',(0.0025,-0.0061,-0.023));
#4703=CARTESIAN_POINT('',(0.0025,-0.0061,-0.0235));
#4704=CARTESIAN_POINT('',(-0.0025,-0.0069,-0.0235));
#4705=CARTESIAN_POINT('',(0.0005,-0.0069,-0.022));
#4706=CARTESIAN_POINT('',(0.0005,-0.0069,-0.022));
#4707=CARTESIAN_POINT('',(0.0005,-0.0069,-0.0207));
#4708=CARTESIAN_POINT('',(-1.1664273004659E-18,-0.0069,-0.022));
#4709=CARTESIAN_POINT('',(-0.0005,-0.0069,-0.022));
#4710=CARTESIAN_POINT('',(-0.0005,-0.0069,-0.022));
#4711=CARTESIAN_POINT('',(-0.0005,-0.0069,-0.0207));
#4712=CARTESIAN_POINT('',(-1.196959198424E-18,-0.0069,-0.0207));
#4713=CARTESIAN_POINT('',(-0.0025,-0.0069,-0.0235));
#4714=CARTESIAN_POINT('',(0.002,-0.0069,-0.0235));
#4715=CARTESIAN_POINT('',(-0.002,-0.0069,-0.0235));
#4716=CARTESIAN_POINT('',(0.002,-0.0069,-0.0235));
#4717=CARTESIAN_POINT('',(-0.0025,-0.0069,-0.0235));
#4718=CARTESIAN_POINT('',(-0.0025,-0.0069,-0.023));
#4719=CARTESIAN_POINT('',(-0.002,-0.0069,-0.0235));
#4720=CARTESIAN_POINT('',(-0.0025,-0.0069,-0.0235));
#4721=CARTESIAN_POINT('',(-0.0025,-0.0061,-0.0235));
#4722=CARTESIAN_POINT('',(-0.0025,-0.0061,-0.023));
#4723=CARTESIAN_POINT('',(-0.0025,-0.0069,-0.023));
#4724=CARTESIAN_POINT('',(-0.0025,-0.0061,-0.0235));
#4725=CARTESIAN_POINT('',(-0.0005,-0.0061,-0.0235));
#4726=CARTESIAN_POINT('',(-0.0005,-0.0061,-0.0207));
#4727=CARTESIAN_POINT('',(-0.0005,-0.0061,-0.022));
#4728=CARTESIAN_POINT('',(-9.92954952868217E-19,-0.0061,-0.022));
#4729=CARTESIAN_POINT('',(0.0005,-0.0061,-0.022));
#4730=CARTESIAN_POINT('',(0.0005,-0.0061,-0.0235));
#4731=CARTESIAN_POINT('',(0.0005,-0.0061,-0.0207));
#4732=CARTESIAN_POINT('',(-1.02348685082632E-18,-0.0061,-0.0207));
#4733=CARTESIAN_POINT('',(0.002,-0.0061,-0.0235));
#4734=CARTESIAN_POINT('',(0.002,-0.0061,-0.0235));
#4735=CARTESIAN_POINT('',(-0.0025,-0.0061,-0.0235));
#4736=CARTESIAN_POINT('',(-0.002,-0.0061,-0.0235));
#4737=CARTESIAN_POINT('',(-0.002,-0.0061,-0.0235));
#4738=CARTESIAN_POINT('',(0.,0.,-0.0235));
#4739=CARTESIAN_POINT('',(0.002,-0.0069,-0.0235));
#4740=CARTESIAN_POINT('',(-0.002,-0.0061,-0.0235));
#4741=CARTESIAN_POINT('',(-0.0025,0.0069,-0.0235));
#4742=CARTESIAN_POINT('',(-0.0025,0.0069,-0.0235));
#4743=CARTESIAN_POINT('',(-0.0025,0.0069,-0.023));
#4744=CARTESIAN_POINT('',(-0.0025,0.0061,-0.023));
#4745=CARTESIAN_POINT('',(-0.0025,0.0061,-0.023));
#4746=CARTESIAN_POINT('',(-0.0025,0.0061,-0.0235));
#4747=CARTESIAN_POINT('',(0.0025,0.0069,-0.0235));
#4748=CARTESIAN_POINT('',(-0.0005,0.0069,-0.0235));
#4749=CARTESIAN_POINT('',(-0.0005,0.0069,-0.0207));
#4750=CARTESIAN_POINT('',(-0.0005,0.0069,-0.022));
#4751=CARTESIAN_POINT('',(1.82597069559409E-18,0.0069,-0.022));
#4752=CARTESIAN_POINT('',(0.0005,0.0069,-0.022));
#4753=CARTESIAN_POINT('',(0.0005,0.0069,-0.0235));
#4754=CARTESIAN_POINT('',(0.0005,0.0069,-0.0207));
#4755=CARTESIAN_POINT('',(1.79543879763599E-18,0.0069,-0.0207));
#4756=CARTESIAN_POINT('',(0.0025,0.0069,-0.0235));
#4757=CARTESIAN_POINT('',(0.0025,0.0069,-0.023));
#4758=CARTESIAN_POINT('',(0.002,0.0069,-0.0235));
#4759=CARTESIAN_POINT('',(0.002,0.0069,-0.0235));
#4760=CARTESIAN_POINT('',(0.0025,0.0069,-0.0235));
#4761=CARTESIAN_POINT('',(-0.002,0.0069,-0.0235));
#4762=CARTESIAN_POINT('',(-0.002,0.0069,-0.0235));
#4763=CARTESIAN_POINT('',(0.0025,0.0069,-0.0235));
#4764=CARTESIAN_POINT('',(0.0025,0.0061,-0.0235));
#4765=CARTESIAN_POINT('',(0.0025,0.0061,-0.023));
#4766=CARTESIAN_POINT('',(0.0025,0.0069,-0.023));
#4767=CARTESIAN_POINT('',(0.0025,0.0061,-0.0235));
#4768=CARTESIAN_POINT('',(0.0005,0.0061,-0.0235));
#4769=CARTESIAN_POINT('',(0.0005,0.0061,-0.0207));
#4770=CARTESIAN_POINT('',(0.0005,0.0061,-0.022));
#4771=CARTESIAN_POINT('',(1.65249834799641E-18,0.0061,-0.022));
#4772=CARTESIAN_POINT('',(-0.0005,0.0061,-0.022));
#4773=CARTESIAN_POINT('',(-0.0005,0.0061,-0.0235));
#4774=CARTESIAN_POINT('',(-0.0005,0.0061,-0.0207));
#4775=CARTESIAN_POINT('',(1.62196645003831E-18,0.0061,-0.0207));
#4776=CARTESIAN_POINT('',(0.0025,0.0061,-0.0235));
#4777=CARTESIAN_POINT('',(0.002,0.0061,-0.0235));
#4778=CARTESIAN_POINT('',(-0.002,0.0061,-0.0235));
#4779=CARTESIAN_POINT('',(0.002,0.0061,-0.0235));
#4780=CARTESIAN_POINT('',(-0.002,0.0061,-0.0235));
#4781=CARTESIAN_POINT('',(0.,0.,-0.0235));
#4782=CARTESIAN_POINT('',(0.002,0.0061,-0.0235));
#4783=CARTESIAN_POINT('',(-0.002,0.0069,-0.0235));
#4784=CARTESIAN_POINT('',(0.0005,0.0115,-0.022));
#4785=CARTESIAN_POINT('',(0.0005,0.0115,-0.022));
#4786=CARTESIAN_POINT('',(0.0005,0.0115,-0.0207));
#4787=CARTESIAN_POINT('',(2.79290479632266E-18,0.0115,-0.0207));
#4788=CARTESIAN_POINT('',(-0.0005,0.0115,-0.0207));
#4789=CARTESIAN_POINT('',(-0.0005,0.0115,-0.022));
#4790=CARTESIAN_POINT('',(-0.0005,0.0115,-0.022));
#4791=CARTESIAN_POINT('',(2.82343669428076E-18,0.0115,-0.022));
#4792=CARTESIAN_POINT('',(0.0005,0.0115,-0.022));
#4793=CARTESIAN_POINT('',(0.0005,0.0115,-0.022));
#4794=CARTESIAN_POINT('',(0.0005,0.0115,-0.0207));
#4795=CARTESIAN_POINT('',(2.79290479632266E-18,0.0115,-0.0207));
#4796=CARTESIAN_POINT('',(-0.0005,0.0115,-0.0207));
#4797=CARTESIAN_POINT('',(-0.0005,0.0115,-0.022));
#4798=CARTESIAN_POINT('',(-0.0005,0.0115,-0.022));
#4799=CARTESIAN_POINT('',(2.82343669428076E-18,0.0115,-0.022));
#4800=CARTESIAN_POINT('',(2.82343669428076E-18,0.0115,-0.022));
#4801=CARTESIAN_POINT('',(0.0005,0.0115,-0.022));
#4802=CARTESIAN_POINT('',(-0.0005,0.0115,-0.022));
#4803=CARTESIAN_POINT('',(-0.0005,0.0115,-0.022));
#4804=CARTESIAN_POINT('',(-0.0005,0.0115,-0.0207));
#4805=CARTESIAN_POINT('',(2.79290479632266E-18,0.0115,-0.0207));
#4806=CARTESIAN_POINT('',(0.0005,0.0115,-0.0207));
#4807=CARTESIAN_POINT('',(0.0005,0.0115,-0.022));
#4808=CARTESIAN_POINT('',(0.002,0.,-0.0235));
#4809=CARTESIAN_POINT('',(-0.002,0.,-0.0235));
#4810=CARTESIAN_POINT('',(0.002,0.,-0.0235));
#4811=CARTESIAN_POINT('',(0.002,1.0842021724855E-18,-0.0235));
#4812=CARTESIAN_POINT('',(-0.002,0.,-0.0235));
#4813=CARTESIAN_POINT('',(-0.002,0.,-0.0235));
#4814=CARTESIAN_POINT('',(0.00549941114681406,-0.00825,-0.0052));
#4815=CARTESIAN_POINT('',(0.002,-0.00825,-0.0121765982161343));
#4816=CARTESIAN_POINT('',(0.00549941114681406,-0.00825,-0.0052));
#4817=CARTESIAN_POINT('',(0.,0.,-0.0052));
#4818=CARTESIAN_POINT('',(0.,-0.009,-0.0052));
#4819=CARTESIAN_POINT('',(0.00508475507852178,0.0129937804281796,-0.0052));
#4820=CARTESIAN_POINT('',(0.00508475507852178,0.00825,-0.0052));
#4821=CARTESIAN_POINT('',(0.00508475507852178,0.00825,-0.0052));
#4822=CARTESIAN_POINT('',(0.00508475507852178,0.0129937804281796,-0.0052));
#4823=CARTESIAN_POINT('',(-0.00505789926553846,0.0129937804281796,-0.0052));
#4824=CARTESIAN_POINT('',(-0.00505789926553846,0.0129937804281796,-0.0052));
#4825=CARTESIAN_POINT('',(-0.00505789926553846,0.00825,-0.0052));
#4826=CARTESIAN_POINT('',(-0.00505789926553846,0.00825,-0.0052));
#4827=CARTESIAN_POINT('',(0.,0.,-0.0052));
#4828=CARTESIAN_POINT('',(0.,0.009,-0.0052));
#4829=CARTESIAN_POINT('',(0.00508475507852178,0.00825,-0.0052));
#4830=CARTESIAN_POINT('',(0.00508475507852178,0.00825,-0.0052));
#4831=CARTESIAN_POINT('',(0.002,0.00825,-0.0121765982161343));
#4832=CARTESIAN_POINT('',(0.002,0.00825,-0.0121765982161343));
#4833=CARTESIAN_POINT('',(0.002,0.00825,-0.0121765982161343));
#4834=CARTESIAN_POINT('',(-0.002,0.00825,-0.0121765982161343));
#4835=CARTESIAN_POINT('',(-0.002,0.00825,-0.0121765982161343));
#4836=CARTESIAN_POINT('',(0.00464912738264209,0.009,0.0108753679913207));
#4837=CARTESIAN_POINT('',(0.002,0.009,0.));
#4838=CARTESIAN_POINT('',(0.00552202476877081,-0.009,0.0108753679913207));
#4839=CARTESIAN_POINT('',(0.002,-0.009,0.));
#4840=CARTESIAN_POINT('',(0.002,0.009,0.));
#4841=CARTESIAN_POINT('',(-0.002,0.009,0.));
#4842=CARTESIAN_POINT('',(-0.002,0.0106531806684397,-0.00404275595372301));
#4843=CARTESIAN_POINT('',(0.002,0.0106531806684397,-0.00404275595372301));
#4844=CARTESIAN_POINT('',(0.002,0.0106531806684397,-0.00404275595372301));
#4845=CARTESIAN_POINT('',(0.002,0.009,0.));
#4846=CARTESIAN_POINT('',(0.002,0.0106531806684397,-0.00404275595372301));
#4847=CARTESIAN_POINT('',(-0.002,0.0106531806684397,-0.00404275595372301));
#4848=CARTESIAN_POINT('',(0.002,0.0106531806684397,-0.00404275595372301));
#4849=CARTESIAN_POINT('',(0.002,0.0115,-0.004));
#4850=CARTESIAN_POINT('',(-0.002,0.0115,-0.004));
#4851=CARTESIAN_POINT('',(-0.002,0.0115,-0.004));
#4852=CARTESIAN_POINT('',(0.002,0.0115,-0.004));
#4853=CARTESIAN_POINT('',(0.002,0.0115,-0.004));
#4854=CARTESIAN_POINT('',(0.002,0.0115,-0.004));
#4855=CARTESIAN_POINT('',(0.002,0.00986430327493079,0.));
#4856=CARTESIAN_POINT('',(-0.002,0.00986430327493079,0.));
#4857=CARTESIAN_POINT('',(-0.002,0.0114386613728099,-0.00385));
#4858=CARTESIAN_POINT('',(-0.002,0.0114386613728099,-0.00385));
#4859=CARTESIAN_POINT('',(0.002,0.0114386613728099,-0.00385));
#4860=CARTESIAN_POINT('',(0.002,0.00986430327493079,0.));
#4861=CARTESIAN_POINT('',(0.002,0.,0.));
#4862=CARTESIAN_POINT('',(0.002,0.00992564190212088,-0.00075));
#4863=CARTESIAN_POINT('',(0.002,0.00992564190212088,-0.00075));
#4864=CARTESIAN_POINT('',(0.002,0.0111933068640495,-0.00385));
#4865=CARTESIAN_POINT('',(0.002,0.0111933068640495,-0.00385));
#4866=CARTESIAN_POINT('',(0.002,0.0111933068640495,-0.00325));
#4867=CARTESIAN_POINT('',(0.002,0.0109397738716638,-0.00323));
#4868=CARTESIAN_POINT('',(0.002,0.0109397738716638,-0.00323));
#4869=CARTESIAN_POINT('',(0.002,0.0109397738716638,-0.00263));
#4870=CARTESIAN_POINT('',(0.002,0.0106862408792781,-0.00261));
#4871=CARTESIAN_POINT('',(0.002,0.0106862408792781,-0.00261));
#4872=CARTESIAN_POINT('',(0.002,0.0106862408792781,-0.00201));
#4873=CARTESIAN_POINT('',(0.002,0.0104327078868923,-0.00199));
#4874=CARTESIAN_POINT('',(0.002,0.0104327078868923,-0.00199));
#4875=CARTESIAN_POINT('',(0.002,0.0104327078868923,-0.00139));
#4876=CARTESIAN_POINT('',(0.002,0.0101791748945066,-0.00137));
#4877=CARTESIAN_POINT('',(0.002,0.0101791748945066,-0.00137));
#4878=CARTESIAN_POINT('',(0.002,0.0101791748945066,-0.00077));
#4879=CARTESIAN_POINT('',(0.002,0.0101709964108813,-0.00075));
#4880=CARTESIAN_POINT('',(-0.002,0.,0.));
#4881=CARTESIAN_POINT('',(-0.002,0.00992564190212088,-0.00075));
#4882=CARTESIAN_POINT('',(-0.002,0.00992564190212088,-0.00075));
#4883=CARTESIAN_POINT('',(-0.002,0.0101709964108813,-0.00075));
#4884=CARTESIAN_POINT('',(-0.002,0.0101791748945066,-0.00077));
#4885=CARTESIAN_POINT('',(-0.002,0.0101791748945066,-0.00137));
#4886=CARTESIAN_POINT('',(-0.002,0.0101791748945066,-0.00137));
#4887=CARTESIAN_POINT('',(-0.002,0.0104327078868923,-0.00139));
#4888=CARTESIAN_POINT('',(-0.002,0.0104327078868923,-0.00199));
#4889=CARTESIAN_POINT('',(-0.002,0.0104327078868923,-0.00199));
#4890=CARTESIAN_POINT('',(-0.002,0.0106862408792781,-0.00201));
#4891=CARTESIAN_POINT('',(-0.002,0.0106862408792781,-0.00261));
#4892=CARTESIAN_POINT('',(-0.002,0.0106862408792781,-0.00261));
#4893=CARTESIAN_POINT('',(-0.002,0.0109397738716638,-0.00263));
#4894=CARTESIAN_POINT('',(-0.002,0.0109397738716638,-0.00323));
#4895=CARTESIAN_POINT('',(-0.002,0.0109397738716638,-0.00323));
#4896=CARTESIAN_POINT('',(-0.002,0.0111933068640495,-0.00325));
#4897=CARTESIAN_POINT('',(-0.002,0.0111933068640495,-0.00385));
#4898=CARTESIAN_POINT('',(-0.002,0.0111933068640495,-0.00385));
#4899=CARTESIAN_POINT('',(-0.002,0.0111933068640495,-0.00325));
#4900=CARTESIAN_POINT('',(-0.002,0.0111933068640495,-0.00385));
#4901=CARTESIAN_POINT('',(-0.002,0.0111933068640495,-0.00385));
#4902=CARTESIAN_POINT('',(-0.002,0.0109397738716638,-0.00323));
#4903=CARTESIAN_POINT('',(-0.002,0.0109397738716638,-0.00323));
#4904=CARTESIAN_POINT('',(-0.002,0.0109397738716638,-0.00263));
#4905=CARTESIAN_POINT('',(-0.002,0.0106862408792781,-0.00261));
#4906=CARTESIAN_POINT('',(-0.002,0.0106862408792781,-0.00261));
#4907=CARTESIAN_POINT('',(-0.002,0.0106862408792781,-0.00201));
#4908=CARTESIAN_POINT('',(-0.002,0.0104327078868923,-0.00199));
#4909=CARTESIAN_POINT('',(-0.002,0.0104327078868923,-0.00199));
#4910=CARTESIAN_POINT('',(-0.002,0.0104327078868923,-0.00139));
#4911=CARTESIAN_POINT('',(-0.002,0.0101791748945066,-0.00137));
#4912=CARTESIAN_POINT('',(-0.002,0.0101791748945066,-0.00137));
#4913=CARTESIAN_POINT('',(-0.002,0.0101791748945066,-0.00077));
#4914=CARTESIAN_POINT('',(-0.002,0.00992564190212088,-0.00075));
#4915=CARTESIAN_POINT('',(-0.002,0.00992564190212088,-0.00075));
#4916=CARTESIAN_POINT('',(-0.002,0.0101709964108813,-0.00075));
#4917=CARTESIAN_POINT('',(0.002,-0.009,0.));
#4918=CARTESIAN_POINT('',(0.002,-0.0106531806684397,-0.00404275595372301));
#4919=CARTESIAN_POINT('',(0.002,-0.0115,-0.004));
#4920=CARTESIAN_POINT('',(0.002,-0.0106531806684397,-0.00404275595372301));
#4921=CARTESIAN_POINT('',(-0.002,-0.0111933068640495,-0.00325));
#4922=CARTESIAN_POINT('',(-0.002,-0.0111933068640495,-0.00385));
#4923=CARTESIAN_POINT('',(-0.002,-0.0111933068640495,-0.00385));
#4924=CARTESIAN_POINT('',(-0.002,-0.0109397738716638,-0.00263));
#4925=CARTESIAN_POINT('',(-0.002,-0.0109397738716638,-0.00323));
#4926=CARTESIAN_POINT('',(-0.002,-0.0109397738716638,-0.00323));
#4927=CARTESIAN_POINT('',(-0.002,-0.0106862408792781,-0.00201));
#4928=CARTESIAN_POINT('',(-0.002,-0.0106862408792781,-0.00261));
#4929=CARTESIAN_POINT('',(-0.002,-0.0106862408792781,-0.00261));
#4930=CARTESIAN_POINT('',(-0.002,-0.0104327078868923,-0.00139));
#4931=CARTESIAN_POINT('',(-0.002,-0.0104327078868923,-0.00199));
#4932=CARTESIAN_POINT('',(-0.002,-0.0104327078868923,-0.00199));
#4933=CARTESIAN_POINT('',(-0.002,-0.0101791748945066,-0.00077));
#4934=CARTESIAN_POINT('',(-0.002,-0.0101791748945066,-0.00137));
#4935=CARTESIAN_POINT('',(-0.002,-0.0101791748945066,-0.00137));
#4936=CARTESIAN_POINT('',(-0.002,-0.00992564190212088,-0.00075));
#4937=CARTESIAN_POINT('',(-0.002,-0.00992564190212088,-0.00075));
#4938=CARTESIAN_POINT('',(-0.002,-0.0101709964108813,-0.00075));
#4939=MECHANICAL_DESIGN_GEOMETRIC_PRESENTATION_REPRESENTATION('',(#2458,
#48,#49,#50,#51,#52,#53,#54,#55,#56,#57,#58,#59,#60,#61,#62,#63,#64,#65,
#66,#67,#68,#69,#70,#71,#72,#73,#74,#75,#76,#77,#78,#79,#80,#81,#82,#83,
#84,#85,#86,#87,#88,#89,#90,#91,#92,#93,#94,#95,#96,#97,#98,#99,#100),#4940);
#4940=(
GEOMETRIC_REPRESENTATION_CONTEXT(3)
GLOBAL_UNCERTAINTY_ASSIGNED_CONTEXT((#4941))
GLOBAL_UNIT_ASSIGNED_CONTEXT((#4944,#4943,#4942))
REPRESENTATION_CONTEXT('Part 1','TOP_LEVEL_ASSEMBLY_PART')
);
#4941=UNCERTAINTY_MEASURE_WITH_UNIT(LENGTH_MEASURE(2.E-5),#4944,
'DISTANCE_ACCURACY_VALUE','Maximum Tolerance applied to model');
#4942=(
NAMED_UNIT(*)
SI_UNIT($,.STERADIAN.)
SOLID_ANGLE_UNIT()
);
#4943=(
NAMED_UNIT(*)
PLANE_ANGLE_UNIT()
SI_UNIT($,.RADIAN.)
);
#4944=(
LENGTH_UNIT()
NAMED_UNIT(*)
SI_UNIT($,.METRE.)
);
#4945=PRODUCT_DEFINITION_SHAPE('','',#4946);
#4946=PRODUCT_DEFINITION('','',#4948,#4947);
#4947=PRODUCT_DEFINITION_CONTEXT('',#4954,'design');
#4948=PRODUCT_DEFINITION_FORMATION_WITH_SPECIFIED_SOURCE('','',#4950,
 .NOT_KNOWN.);
#4949=PRODUCT_RELATED_PRODUCT_CATEGORY('','',(#4950));
#4950=PRODUCT('Part 1','Part 1','Part 1',(#4952));
#4951=PRODUCT_CATEGORY('','');
#4952=PRODUCT_CONTEXT('',#4954,'mechanical');
#4953=APPLICATION_PROTOCOL_DEFINITION('international standard',
'ap242_managed_model_based_3d_engineering',2020,#4954);
#4954=APPLICATION_CONTEXT('managed model based 3d engineering');
ENDSEC;
END-ISO-10303-21;
